event_month,weekday,event_hour,county,vehicle_group,age_group,gender,accident_class,injury_count,specimen_type,positive_substance,test_offset_days,recidivism_count,sanction_lag,sanction
3,週二,18,新竹市,小客車,40-49歲,男,A2,1,尿液,嗎啡,0,1,31~60,吊銷3年
11,週四,9,臺東縣,機車,40-49歲,男,A2,1,尿液,愷他命,3,0,31~60,吊扣3年
8,週二,1,雲林縣,小客車,19歲以下,女,A2,1,尿液,甲基安非他命,1,1,31~60,吊銷3年
10,週二,18,臺南市,機車,40-49歲,男,A2,2,尿液,安非他命,2,0,61~120,吊扣2年
6,週日,16,桃園市,小客車,50-59歲,男,A2,1,尿液,甲基安非他命,0,0,31~60,吊扣3年
7,週一,15,宜蘭縣,機車,40-49歲,男,A2,1,血液,嗎啡,0,0,121~500,吊扣2年
7,週五,12,桃園市,貨車,50-59歲,男,A2,2,尿液,愷他命,0,1,31~60,吊銷3年
4,週四,23,高雄市,小客車,50-59歲,男,A2,1,尿液,愷他命,0,1,61~120,吊銷3年
7,週五,23,新北市,機車,30-39歲,男,A2,2,尿液,甲基安非他命,0,1,31~60,吊銷3年
8,週六,19,新竹市,小客車,20-29歲,男,A2,1,尿液,愷他命,1,2,31~60,吊銷3年
11,週一,9,南投縣,機車,50-59歲,男,A2,1,尿液,安非他命,3,2,31~60,吊銷3年
1,週三,8,臺中市,機車,50-59歲,男,A2,1,尿液,安非他命,1,1,121~500,吊銷3年
2,週日,23,新北市,小客車,50-59歲,男,A2,1,尿液,安非他命,1,1,121~500,吊銷3年
7,週三,17,臺北市,小客車,40-49歲,男,A2,1,尿液,嗎啡,0,0,0~30,吊扣4年
2,週日,16,臺中市,小客車,60歲以上,男,A2,1,尿液,甲基安非他命,2,1,31~60,吊銷3年
7,週五,22,嘉義縣,小客車,50-59歲,男,A2,1,血液,愷他命,3,3,31~60,吊銷3年
12,週日,18,屏東縣,機車,20-29歲,男,A2,1,尿液,愷他命,1,0,121~500,吊扣3年
8,週六,9,新北市,小客車,50-59歲,女,A2,1,尿液,甲基安非他命,0,0,0~30,吊扣2年
7,週五,18,新北市,機車,40-49歲,男,A2,1,尿液,愷他命,1,0,31~60,吊扣4年
10,週二,8,臺中市,小客車,50-59歲,男,A2,1,尿液,甲基安非他命,0,0,31~60,吊扣3年
4,週日,12,苗栗縣,小客車,30-39歲,男,A2,1,尿液,甲基安非他命,0,2,121~500,吊銷3年
3,週五,11,臺東縣,貨車,19歲以下,男,A2,2,尿液,安非他命,2,3,0~30,吊銷3年
4,週五,7,苗栗縣,機車,40-49歲,男,A2,2,尿液,MDMA,2,0,31~60,吊扣2年
5,週五,16,桃園市,小客車,60歲以上,男,A2,1,尿液,安非他命,2,3,0~30,吊銷3年
5,週三,19,臺中市,小客車,40-49歲,女,A2,1,尿液,愷他命,1,0,31~60,吊扣3年
10,週五,21,臺南市,機車,60歲以上,男,A2,2,尿液,愷他命,3,1,31~60,吊銷3年
10,週日,13,桃園市,貨車,20-29歲,男,A2,1,尿液,安非他命,0,2,0~30,吊銷3年
3,週一,15,高雄市,機車,30-39歲,男,A2,3,尿液,甲基安非他命,1,1,31~60,吊銷3年
4,週日,13,臺中市,小客車,40-49歲,男,A2,2,尿液,甲基安非他命,2,2,31~60,吊銷3年
9,週三,17,臺南市,小客車,30-39歲,男,A2,1,尿液,安非他命,0,1,31~60,吊銷3年
10,週二,19,臺南市,機車,50-59歲,男,A2,1,尿液,安非他命,2,0,121~500,吊扣2年
12,週五,20,臺北市,小客車,19歲以下,男,A2,1,尿液,愷他命,0,0,0~30,吊扣3年
1,週二,7,新竹市,小客車,50-59歲,男,A2,1,尿液,MDMA,1,1,31~60,吊銷3年
11,週三,18,桃園市,小客車,40-49歲,女,A2,1,血液,甲基安非他命,2,0,31~60,吊扣2年
3,週五,18,花蓮縣,小客車,20-29歲,男,A2,1,尿液,安非他命,0,4,0~30,吊銷3年
10,週四,2,彰化縣,貨車,30-39歲,女,A2,2,血液,安非他命,1,1,31~60,吊銷3年
8,週五,16,苗栗縣,機車,40-49歲,男,A2,1,尿液,安非他命,2,0,0~30,吊扣4年
12,週四,4,新北市,小客車,19歲以下,男,A2,1,尿液,安非他命,1,1,61~120,吊銷3年
9,週四,17,高雄市,小客車,40-49歲,男,A2,1,尿液,安非他命,1,1,31~60,吊銷3年
12,週五,0,宜蘭縣,小客車,40-49歲,男,A2,1,尿液,甲基安非他命,3,0,121~500,吊扣4年
11,週五,23,臺中市,小客車,40-49歲,男,A2,1,尿液,安非他命,3,0,31~60,吊扣3年
3,週一,17,臺中市,機車,40-49歲,男,A2,1,血液,甲基安非他命,1,0,31~60,吊扣3年
10,週五,10,雲林縣,機車,40-49歲,男,A2,1,尿液,嗎啡,2,1,31~60,吊銷3年
4,週六,8,新北市,小客車,50-59歲,男,A2,1,尿液,甲基安非他命,0,1,31~60,吊銷3年
2,週一,13,臺中市,小客車,60歲以上,男,A2,1,尿液,愷他命,1,2,121~500,吊銷3年
5,週一,13,高雄市,小客車,40-49歲,女,A2,1,尿液,安非他命,1,2,61~120,吊銷3年
4,週二,18,苗栗縣,機車,30-39歲,男,A2,1,尿液,嗎啡,3,1,31~60,吊銷3年
12,週四,17,花蓮縣,機車,50-59歲,男,A2,1,血液,愷他命,0,1,0~30,吊銷3年
11,週六,1,桃園市,機車,30-39歲,女,A2,1,血液,安非他命,1,0,121~500,吊扣4年
5,週日,20,臺北市,小客車,40-49歲,男,A2,3,尿液,甲基安非他命,1,1,121~500,吊銷3年
6,週二,0,高雄市,機車,50-59歲,男,A2,1,尿液,愷他命,0,2,121~500,吊銷3年
1,週日,11,嘉義縣,機車,30-39歲,男,A2,1,尿液,安非他命,2,3,0~30,吊銷3年
9,週二,17,臺中市,貨車,40-49歲,男,A2,1,尿液,甲基安非他命,0,1,61~120,吊銷3年
6,週日,13,臺南市,小客車,40-49歲,男,A2,2,尿液,嗎啡,0,0,61~120,吊扣4年
3,週二,17,雲林縣,機車,40-49歲,男,A2,3,尿液,安非他命,2,0,31~60,吊扣4年
10,週五,16,新北市,小客車,60歲以上,男,A2,1,尿液,安非他命,3,2,31~60,吊銷3年
10,週五,22,新北市,小客車,60歲以上,男,A2,1,尿液,嗎啡,1,3,31~60,吊銷3年
4,週四,0,桃園市,機車,40-49歲,男,A2,2,尿液,甲基安非他命,0,1,31~60,吊銷3年
5,週六,9,新北市,小客車,20-29歲,男,A2,1,尿液,甲基安非他命,2,1,0~30,吊銷3年
3,週二,9,臺北市,小客車,60歲以上,男,A2,1,尿液,愷他命,2,3,0~30,吊銷3年
9,週六,18,桃園市,機車,40-49歲,男,A2,2,血液,安非他命,3,2,121~500,吊銷3年
10,週三,17,臺南市,機車,20-29歲,女,A2,1,尿液,甲基安非他命,3,1,31~60,吊銷3年
4,週一,7,彰化縣,機車,50-59歲,男,A2,1,尿液,甲基安非他命,1,2,31~60,吊銷3年
10,週四,17,新北市,機車,50-59歲,男,A2,1,尿液,甲基安非他命,1,0,31~60,吊扣2年
3,週二,21,嘉義市,小客車,60歲以上,男,A2,1,尿液,愷他命,1,0,0~30,吊扣4年
10,週六,14,南投縣,小客車,19歲以下,女,A2,1,尿液,安非他命,1,1,31~60,吊銷3年
10,週五,14,嘉義縣,貨車,50-59歲,男,A2,2,血液,安非他命,1,1,121~500,吊銷3年
10,週一,9,高雄市,小客車,40-49歲,女,A2,2,尿液,甲基安非他命,3,0,121~500,吊扣2年
10,週二,15,基隆市,機車,40-49歲,男,A2,2,尿液,安非他命,0,1,31~60,吊銷3年
8,週三,17,嘉義縣,機車,40-49歲,男,A2,1,尿液,安非他命,1,1,31~60,吊銷3年
10,週五,19,雲林縣,機車,50-59歲,男,A2,1,尿液,甲基安非他命,2,2,0~30,吊銷3年
2,週三,15,屏東縣,貨車,40-49歲,男,A2,1,尿液,嗎啡,2,1,31~60,吊銷3年
5,週三,22,新北市,機車,60歲以上,男,A2,2,尿液,安非他命,2,4,0~30,吊銷3年
1,週五,16,臺南市,小客車,30-39歲,男,A2,1,尿液,安非他命,0,2,0~30,吊銷3年
10,週五,8,臺北市,小客車,20-29歲,男,A2,1,尿液,嗎啡,2,1,31~60,吊銷3年
8,週二,18,新北市,小客車,50-59歲,男,A2,1,尿液,安非他命,1,1,0~30,吊銷3年
10,週日,13,臺北市,機車,40-49歲,男,A2,1,血液,甲基安非他命,1,0,0~30,吊扣4年
1,週六,22,臺北市,機車,50-59歲,男,A2,1,尿液,嗎啡,2,1,0~30,吊銷3年
10,週三,16,嘉義縣,貨車,50-59歲,男,A2,1,尿液,安非他命,3,1,31~60,吊銷3年
12,週五,8,高雄市,小客車,20-29歲,男,A2,1,尿液,甲基安非他命,0,1,121~500,吊銷3年
4,週五,15,新北市,機車,40-49歲,男,A2,2,血液,嗎啡,0,0,0~30,吊扣3年
6,週四,21,新北市,機車,30-39歲,女,A2,1,血液,嗎啡,2,2,31~60,吊銷3年
10,週四,20,臺中市,機車,40-49歲,女,A2,2,尿液,愷他命,3,4,31~60,吊銷3年
9,週六,15,嘉義縣,機車,50-59歲,男,A2,1,血液,甲基安非他命,1,2,31~60,吊銷3年
3,週一,14,新竹縣,貨車,50-59歲,男,A2,2,尿液,嗎啡,2,1,121~500,吊銷3年
9,週二,8,高雄市,機車,50-59歲,男,A2,2,尿液,甲基安非他命,0,2,31~60,吊銷3年
10,週六,19,高雄市,機車,50-59歲,男,A2,1,尿液,安非他命,3,0,31~60,吊扣2年
9,週三,22,新北市,小客車,30-39歲,男,A2,1,尿液,甲基安非他命,3,0,121~500,吊扣4年
11,週六,12,臺中市,小客車,30-39歲,男,A2,1,血液,甲基安非他命,0,0,0~30,吊扣2年
4,週日,10,嘉義市,小客車,50-59歲,女,A2,1,尿液,嗎啡,2,1,31~60,吊銷3年
7,週四,12,新竹市,小客車,40-49歲,男,A2,1,尿液,安非他命,1,1,0~30,吊銷3年
8,週一,7,臺北市,小客車,40-49歲,男,A2,1,尿液,甲基安非他命,3,2,61~120,吊銷3年
6,週二,7,臺中市,機車,40-49歲,男,A2,1,尿液,嗎啡,0,0,0~30,吊扣3年
5,週四,21,宜蘭縣,小客車,40-49歲,男,A2,1,尿液,嗎啡,0,0,31~60,吊扣2年
1,週二,7,臺中市,機車,60歲以上,男,A2,2,尿液,安非他命,1,0,31~60,吊扣2年
11,週四,16,高雄市,貨車,40-49歲,男,A2,1,尿液,安非他命,0,2,31~60,吊銷3年
9,週二,17,臺中市,小客車,30-39歲,男,A2,3,尿液,愷他命,1,1,31~60,吊銷3年
9,週一,8,臺南市,小客車,40-49歲,女,A2,1,尿液,愷他命,1,0,31~60,吊扣4年
10,週二,20,臺北市,小客車,50-59歲,男,A2,3,尿液,甲基安非他命,3,1,31~60,吊銷3年
8,週五,19,新北市,小客車,60歲以上,男,A2,1,尿液,愷他命,1,1,0~30,吊銷3年
9,週二,19,臺北市,小客車,50-59歲,男,A2,1,尿液,安非他命,3,2,121~500,吊銷3年
7,週六,12,臺南市,機車,40-49歲,男,A2,2,尿液,安非他命,0,0,31~60,吊扣2年
6,週一,13,彰化縣,小客車,30-39歲,男,A2,1,血液,安非他命,0,0,31~60,吊扣4年
6,週日,10,新北市,小客車,40-49歲,男,A2,1,尿液,嗎啡,1,1,31~60,吊銷3年
8,週六,12,雲林縣,貨車,40-49歲,男,A2,1,尿液,安非他命,1,0,31~60,吊扣4年
1,週三,20,臺中市,小客車,30-39歲,男,A2,1,尿液,安非他命,0,1,0~30,吊銷3年
6,週一,23,苗栗縣,機車,20-29歲,男,A2,1,尿液,嗎啡,2,1,0~30,吊銷3年
5,週二,19,桃園市,機車,40-49歲,男,A2,2,尿液,甲基安非他命,1,1,31~60,吊銷3年
6,週五,18,桃園市,小客車,60歲以上,男,A2,1,尿液,安非他命,1,1,61~120,吊銷3年
3,週四,14,新北市,小客車,20-29歲,男,A2,1,尿液,愷他命,0,3,0~30,吊銷3年
11,週三,17,桃園市,小客車,40-49歲,男,A2,1,尿液,安非他命,0,0,121~500,吊扣4年
7,週六,7,新北市,大客車,50-59歲,女,A2,2,尿液,甲基安非他命,3,2,0~30,吊銷3年
5,週二,7,新竹市,機車,50-59歲,男,A2,1,血液,安非他命,2,1,31~60,吊銷3年
1,週四,5,桃園市,機車,60歲以上,男,A2,2,尿液,嗎啡,1,1,31~60,吊銷3年
3,週五,5,基隆市,機車,50-59歲,男,A2,1,尿液,安非他命,2,1,31~60,吊銷3年
4,週三,12,臺東縣,機車,20-29歲,男,A2,1,尿液,愷他命,2,2,31~60,吊銷3年
7,週二,13,新竹市,小客車,50-59歲,男,A2,1,尿液,愷他命,3,1,0~30,吊銷3年
4,週二,10,屏東縣,貨車,40-49歲,男,A2,1,尿液,愷他命,1,4,0~30,吊銷3年
1,週二,7,嘉義市,機車,30-39歲,男,A2,3,尿液,甲基安非他命,1,0,31~60,吊扣3年
2,週日,15,臺中市,機車,60歲以上,男,A1,0,尿液,安非他命,3,1,31~60,吊銷終身
3,週一,8,桃園市,小客車,20-29歲,男,A2,1,尿液,安非他命,0,1,0~30,吊銷3年
3,週二,7,臺南市,小客車,40-49歲,男,A2,1,尿液,嗎啡,0,0,0~30,吊扣3年
10,週六,12,雲林縣,小客車,30-39歲,男,A2,1,尿液,甲基安非他命,2,1,61~120,吊銷3年
11,週日,20,臺北市,機車,50-59歲,女,A2,2,尿液,甲基安非他命,1,1,31~60,吊銷3年
6,週四,0,高雄市,機車,50-59歲,男,A1,0,尿液,甲基安非他命,3,2,31~60,吊銷終身
9,週四,17,彰化縣,小客車,50-59歲,男,A2,1,尿液,愷他命,3,1,31~60,吊銷3年
11,週五,22,嘉義縣,小客車,30-39歲,男,A2,1,尿液,安非他命,1,0,31~60,吊扣4年
7,週六,12,高雄市,小客車,50-59歲,男,A2,1,尿液,安非他命,0,0,31~60,吊扣4年
11,週二,8,桃園市,機車,40-49歲,男,A2,1,尿液,甲基安非他命,3,0,31~60,吊扣3年
2,週一,0,臺北市,小客車,40-49歲,男,A2,1,尿液,愷他命,1,0,31~60,吊扣4年
9,週三,13,嘉義縣,機車,20-29歲,男,A2,2,尿液,甲基安非他命,3,0,31~60,吊扣4年
1,週三,11,臺中市,機車,60歲以上,男,A2,1,尿液,甲基安非他命,1,1,31~60,吊銷3年
1,週四,17,彰化縣,小客車,40-49歲,男,A2,1,尿液,甲基安非他命,0,1,31~60,吊銷3年
6,週二,15,臺東縣,小客車,60歲以上,男,A2,1,尿液,甲基安非他命,1,1,31~60,吊銷3年
7,週日,23,新北市,小客車,40-49歲,男,A2,1,尿液,甲基安非他命,3,2,0~30,吊銷3年
11,週六,23,臺北市,機車,50-59歲,男,A2,2,尿液,安非他命,0,0,61~120,吊扣4年
11,週三,12,臺中市,小客車,30-39歲,男,A2,1,尿液,嗎啡,3,0,31~60,吊扣3年
8,週四,13,雲林縣,貨車,40-49歲,男,A2,1,尿液,甲基安非他命,2,1,0~30,吊銷3年
9,週五,7,新北市,機車,60歲以上,男,A2,2,尿液,甲基安非他命,1,0,0~30,吊扣4年
4,週四,14,新竹市,小客車,30-39歲,男,A2,1,尿液,愷他命,0,2,31~60,吊銷3年
2,週四,6,臺北市,機車,40-49歲,男,A2,2,尿液,安非他命,0,2,31~60,吊銷3年
5,週三,2,嘉義縣,機車,40-49歲,男,A2,1,尿液,安非他命,3,0,0~30,吊扣2年
10,週四,16,基隆市,機車,40-49歲,男,A2,1,尿液,安非他命,3,0,31~60,吊扣3年
8,週日,22,新北市,機車,40-49歲,男,A2,4,尿液,甲基安非他命,0,0,0~30,吊扣3年
11,週三,22,新北市,機車,50-59歲,男,A2,3,尿液,愷他命,0,0,0~30,吊扣2年
9,週二,12,臺中市,小客車,50-59歲,男,A2,1,尿液,安非他命,2,1,31~60,吊銷3年
2,週日,0,臺北市,機車,40-49歲,男,A2,2,尿液,安非他命,1,1,31~60,吊銷3年
2,週三,20,新北市,小客車,50-59歲,男,A2,2,尿液,甲基安非他命,2,3,121~500,吊銷3年
10,週日,9,臺南市,機車,50-59歲,女,A2,4,尿液,安非他命,3,0,0~30,吊扣4年
7,週五,11,臺中市,機車,20-29歲,男,A2,2,尿液,嗎啡,2,2,31~60,吊銷3年
8,週四,14,臺中市,小客車,20-29歲,男,A2,1,血液,安非他命,1,1,31~60,吊銷3年
5,週六,13,嘉義縣,小客車,50-59歲,男,A2,3,尿液,嗎啡,0,0,31~60,吊扣3年
10,週六,21,新北市,機車,40-49歲,男,A2,1,尿液,愷他命,1,1,31~60,吊銷3年
4,週六,16,新北市,小客車,20-29歲,女,A2,1,尿液,甲基安非他命,1,0,31~60,吊扣2年
8,週六,21,臺東縣,機車,40-49歲,男,A2,2,尿液,愷他命,3,1,121~500,吊銷3年
10,週五,14,雲林縣,機車,40-49歲,男,A2,1,尿液,甲基安非他命,0,0,121~500,吊扣2年
1,週一,10,桃園市,機車,50-59歲,男,A2,1,尿液,安非他命,0,0,0~30,吊扣2年
9,週二,19,新北市,機車,40-49歲,男,A2,2,尿液,安非他命,3,2,121~500,吊銷3年
6,週一,18,桃園市,小客車,60歲以上,男,A2,1,尿液,安非他命,1,1,0~30,吊銷3年
5,週五,7,臺南市,小客車,40-49歲,女,A2,1,尿液,安非他命,1,0,31~60,吊扣2年
10,週五,21,彰化縣,小客車,40-49歲,女,A2,1,尿液,安非他命,3,1,31~60,吊銷3年
8,週一,6,桃園市,機車,40-49歲,男,A2,3,尿液,安非他命,3,1,31~60,吊銷3年
5,週四,18,臺中市,機車,30-39歲,男,A2,2,尿液,甲基安非他命,2,0,31~60,吊扣2年
7,週四,16,臺中市,貨車,50-59歲,男,A2,1,尿液,嗎啡,3,3,31~60,吊銷3年
10,週四,7,高雄市,機車,50-59歲,男,A2,2,血液,甲基安非他命,1,4,0~30,吊銷3年
4,週五,20,雲林縣,小客車,60歲以上,男,A2,1,尿液,甲基安非他命,1,0,121~500,吊扣3年
7,週二,23,桃園市,機車,30-39歲,男,A2,1,尿液,嗎啡,3,2,31~60,吊銷3年
5,週五,15,高雄市,機車,50-59歲,男,A2,3,尿液,愷他命,2,0,31~60,吊扣3年
10,週五,10,臺中市,機車,50-59歲,男,A2,1,尿液,安非他命,0,1,0~30,吊銷3年
10,週一,12,高雄市,小客車,40-49歲,男,A2,1,血液,甲基安非他命,0,2,31~60,吊銷3年
10,週三,18,雲林縣,機車,30-39歲,男,A2,1,尿液,安非他命,3,0,121~500,吊扣4年
2,週一,18,臺北市,小客車,30-39歲,男,A2,1,尿液,甲基安非他命,2,1,31~60,吊銷3年
3,週一,18,臺南市,機車,40-49歲,男,A2,1,尿液,甲基安非他命,3,1,0~30,吊銷3年
4,週二,22,新竹市,小客車,40-49歲,男,A2,2,血液,甲基安非他命,0,3,31~60,吊銷3年
10,週一,11,基隆市,小客車,50-59歲,男,A2,1,尿液,安非他命,0,0,0~30,吊扣4年
7,週一,21,金門縣,機車,40-49歲,女,A2,2,尿液,甲基安非他命,0,0,31~60,吊扣4年
7,週二,8,花蓮縣,機車,30-39歲,男,A2,2,尿液,愷他命,1,0,121~500,吊扣3年
6,週五,16,桃園市,機車,60歲以上,女,A2,1,尿液,安非他命,0,2,0~30,吊銷3年
8,週六,17,桃園市,機車,30-39歲,男,A2,2,尿液,安非他命,0,1,0~30,吊銷3年
6,週四,1,苗栗縣,小客車,40-49歲,男,A2,1,尿液,安非他命,3,1,31~60,吊銷3年
12,週六,23,臺北市,機車,60歲以上,男,A2,1,尿液,嗎啡,2,0,31~60,吊扣3年
5,週一,13,高雄市,機車,50-59歲,男,A2,1,尿液,甲基安非他命,1,0,0~30,吊扣4年
6,週一,8,臺中市,機車,19歲以下,男,A2,1,尿液,愷他命,3,0,61~120,吊扣2年
9,週日,9,臺北市,機車,40-49歲,男,A2,1,尿液,甲基安非他命,3,1,31~60,吊銷3年
3,週五,11,臺北市,機車,50-59歲,男,A2,1,尿液,甲基安非他命,3,1,31~60,吊銷3年
8,週六,19,臺中市,機車,50-59歲,男,A2,2,尿液,甲基安非他命,3,1,31~60,吊銷3年
5,週五,20,高雄市,小客車,30-39歲,男,A2,1,尿液,愷他命,3,3,31~60,吊銷3年
7,週一,23,嘉義市,小客車,30-39歲,男,A2,1,尿液,甲基安非他命,2,2,31~60,吊銷3年
10,週四,11,桃園市,小客車,30-39歲,男,A2,1,尿液,安非他命,1,0,121~500,吊扣4年
12,週一,13,臺中市,機車,40-49歲,男,A2,1,尿液,甲基安非他命,1,1,31~60,吊銷3年
10,週五,17,臺中市,小客車,50-59歲,男,A2,2,尿液,愷他命,3,0,61~120,吊扣2年
5,週一,11,新北市,機車,20-29歲,女,A2,1,尿液,愷他命,1,1,31~60,吊銷3年
12,週三,7,桃園市,機車,40-49歲,女,A2,1,尿液,甲基安非他命,3,0,31~60,吊扣3年
7,週一,16,臺北市,機車,50-59歲,女,A2,2,血液,安非他命,2,0,0~30,吊扣4年
11,週五,23,高雄市,小客車,40-49歲,男,A2,2,血液,甲基安非他命,2,1,0~30,吊銷3年
5,週三,17,臺中市,貨車,60歲以上,男,A2,1,血液,甲基安非他命,3,0,31~60,吊扣3年
5,週四,16,臺南市,小客車,50-59歲,男,A2,2,尿液,安非他命,0,1,31~60,吊銷3年
3,週四,6,臺北市,機車,40-49歲,男,A2,2,尿液,甲基安非他命,1,0,31~60,吊扣4年
6,週六,22,桃園市,小客車,30-39歲,男,A2,1,尿液,安非他命,0,1,0~30,吊銷3年
4,週四,14,高雄市,小客車,60歲以上,男,A2,1,血液,甲基安非他命,1,0,31~60,吊扣4年
10,週二,14,花蓮縣,小客車,40-49歲,男,A2,1,尿液,甲基安非他命,3,1,31~60,吊銷3年
12,週一,8,屏東縣,機車,60歲以上,男,A2,1,尿液,甲基安非他命,2,0,0~30,吊扣4年
2,週四,15,臺南市,小客車,40-49歲,女,A2,1,尿液,愷他命,0,1,0~30,吊銷3年
1,週五,8,新北市,小客車,30-39歲,男,A2,1,尿液,甲基安非他命,2,0,0~30,吊扣2年
11,週二,19,臺中市,機車,50-59歲,男,A2,2,尿液,安非他命,0,0,31~60,吊扣4年
10,週二,21,臺北市,小客車,40-49歲,男,A2,1,尿液,甲基安非他命,1,0,0~30,吊扣4年
8,週六,17,臺中市,機車,50-59歲,男,A2,2,尿液,甲基安非他命,0,1,0~30,吊銷3年
5,週三,7,基隆市,小客車,30-39歲,男,A2,1,尿液,安非他命,3,0,31~60,吊扣4年
10,週五,15,臺中市,小客車,40-49歲,男,A2,1,尿液,安非他命,0,1,31~60,吊銷3年
2,週二,7,宜蘭縣,小客車,50-59歲,男,A2,1,尿液,甲基安非他命,1,1,31~60,吊銷3年
8,週五,11,高雄市,機車,50-59歲,男,A2,2,尿液,甲基安非他命,2,3,31~60,吊銷3年
4,週一,10,新北市,機車,40-49歲,男,A2,1,尿液,愷他命,3,1,0~30,吊銷3年
1,週二,17,臺中市,機車,50-59歲,女,A2,1,尿液,安非他命,2,1,121~500,吊銷3年
5,週五,16,桃園市,小客車,40-49歲,男,A2,2,血液,安非他命,2,0,31~60,吊扣2年
11,週四,14,新北市,大客車,60歲以上,男,A2,1,尿液,嗎啡,1,1,0~30,吊銷3年
7,週三,9,高雄市,機車,30-39歲,男,A2,2,尿液,甲基安非他命,0,0,61~120,吊扣2年
9,週二,8,高雄市,機車,50-59歲,男,A2,1,尿液,安非他命,0,1,31~60,吊銷3年
5,週一,7,桃園市,機車,30-39歲,男,A2,1,血液,安非他命,3,4,31~60,吊銷3年
12,週四,18,桃園市,機車,60歲以上,男,A2,1,尿液,嗎啡,1,4,31~60,吊銷3年
4,週四,23,新北市,小客車,50-59歲,男,A2,2,尿液,嗎啡,0,0,0~30,吊扣3年
3,週六,11,桃園市,小客車,20-29歲,男,A2,1,血液,愷他命,0,1,31~60,吊銷3年
7,週一,8,新竹市,機車,40-49歲,男,A2,1,尿液,安非他命,2,0,121~500,吊扣4年
4,週六,9,桃園市,機車,50-59歲,男,A2,2,尿液,甲基安非他命,1,1,0~30,吊銷3年
4,週二,18,臺北市,小客車,20-29歲,男,A2,1,尿液,甲基安非他命,2,1,121~500,吊銷3年
4,週日,19,臺北市,機車,20-29歲,男,A2,2,尿液,安非他命,3,0,31~60,吊扣2年
4,週二,19,臺中市,機車,50-59歲,男,A2,1,尿液,安非他命,1,1,31~60,吊銷3年
11,週三,12,新北市,小客車,50-59歲,男,A2,1,血液,甲基安非他命,0,0,31~60,吊扣3年
3,週四,20,新北市,小客車,40-49歲,女,A2,1,尿液,甲基安非他命,2,2,61~120,吊銷3年
4,週五,13,新北市,機車,40-49歲,男,A2,1,尿液,安非他命,2,2,31~60,吊銷3年
8,週日,19,高雄市,機車,30-39歲,男,A2,1,尿液,安非他命,1,2,121~500,吊銷3年
10,週日,1,高雄市,小客車,40-49歲,男,A2,2,尿液,安非他命,1,1,31~60,吊銷3年
4,週五,23,臺南市,機車,30-39歲,男,A2,1,尿液,安非他命,0,0,0~30,吊扣2年
10,週六,2,新北市,機車,40-49歲,男,A2,1,血液,甲基安非他命,1,1,0~30,吊銷3年
4,週二,19,新北市,小客車,40-49歲,男,A2,1,尿液,安非他命,2,1,0~30,吊銷3年
7,週四,19,臺南市,機車,40-49歲,男,A2,2,尿液,嗎啡,2,0,61~120,吊扣4年
9,週三,18,雲林縣,機車,40-49歲,男,A2,2,尿液,安非他命,0,2,0~30,吊銷3年
7,週五,17,苗栗縣,機車,50-59歲,女,A2,1,尿液,安非他命,2,1,121~500,吊銷3年
10,週一,8,屏東縣,貨車,30-39歲,男,A2,1,尿液,安非他命,1,4,121~500,吊銷3年
10,週日,8,新北市,小客車,40-49歲,男,A2,1,尿液,安非他命,1,1,31~60,吊銷3年
7,週六,12,基隆市,機車,50-59歲,男,A2,1,尿液,安非他命,2,0,31~60,吊扣3年
1,週五,21,宜蘭縣,小客車,30-39歲,男,A2,1,尿液,安非他命,3,1,0~30,吊銷3年
2,週四,7,嘉義市,機車,60歲以上,女,A2,2,尿液,安非他命,2,0,0~30,吊扣4年
12,週六,5,屏東縣,貨車,50-59歲,男,A2,1,尿液,愷他命,2,0,0~30,吊扣2年
4,週六,18,桃園市,機車,30-39歲,女,A2,2,尿液,愷他命,2,0,0~30,吊扣3年
8,週二,4,宜蘭縣,機車,50-59歲,男,A2,3,尿液,甲基安非他命,3,1,0~30,吊銷3年
10,週四,17,臺北市,機車,60歲以上,男,A2,2,血液,嗎啡,2,1,31~60,吊銷3年
4,週日,12,基隆市,小客車,19歲以下,男,A2,1,尿液,甲基安非他命,1,1,121~500,吊銷3年
2,週二,7,南投縣,機車,50-59歲,女,A2,1,血液,安非他命,0,1,61~120,吊銷3年
11,週二,17,高雄市,機車,30-39歲,男,A2,2,尿液,甲基安非他命,0,0,31~60,吊扣2年
5,週五,17,新北市,機車,20-29歲,男,A2,1,尿液,嗎啡,0,0,121~500,吊扣4年
10,週日,18,新北市,小客車,50-59歲,男,A2,1,尿液,甲基安非他命,2,0,121~500,吊扣2年
5,週四,9,臺南市,機車,60歲以上,女,A2,3,尿液,甲基安非他命,0,1,31~60,吊銷3年
8,週六,14,高雄市,小客車,50-59歲,男,A2,1,尿液,甲基安非他命,3,1,0~30,吊銷3年
2,週三,23,雲林縣,小客車,30-39歲,男,A2,1,尿液,甲基安非他命,3,0,31~60,吊扣2年
8,週二,17,新北市,機車,40-49歲,男,A2,1,尿液,甲基安非他命,1,1,0~30,吊銷3年
4,週五,17,高雄市,小客車,20-29歲,男,A2,1,尿液,甲基安非他命,0,0,0~30,吊扣3年
2,週六,17,宜蘭縣,小客車,20-29歲,男,A2,1,尿液,安非他命,1,1,0~30,吊銷3年
11,週五,20,新北市,小客車,30-39歲,女,A2,1,尿液,嗎啡,3,1,0~30,吊銷3年
9,週日,16,新北市,機車,50-59歲,男,A2,1,尿液,甲基安非他命,2,1,121~500,吊銷3年
11,週四,7,臺中市,小客車,30-39歲,男,A2,1,尿液,甲基安非他命,3,0,0~30,吊扣4年
3,週四,17,臺中市,小客車,50-59歲,男,A2,1,尿液,甲基安非他命,2,1,0~30,吊銷3年
9,週五,14,臺南市,機車,60歲以上,男,A2,1,尿液,甲基安非他命,2,1,31~60,吊銷3年
9,週四,18,屏東縣,小客車,40-49歲,男,A2,1,尿液,甲基安非他命,2,2,31~60,吊銷3年
10,週日,5,臺中市,小客車,30-39歲,男,A2,1,尿液,安非他命,1,0,31~60,吊扣4年
1,週三,16,新北市,機車,50-59歲,男,A2,1,血液,愷他命,0,2,31~60,吊銷3年
3,週四,10,臺北市,機車,40-49歲,男,A2,1,尿液,甲基安非他命,3,2,0~30,吊銷3年
8,週六,6,高雄市,機車,30-39歲,女,A2,1,尿液,嗎啡,2,0,31~60,吊扣3年
6,週六,11,臺北市,機車,30-39歲,男,A2,2,尿液,安非他命,3,0,31~60,吊扣2年
4,週五,4,新北市,機車,40-49歲,男,A2,2,尿液,安非他命,3,1,121~500,吊銷3年
10,週五,23,新北市,小客車,40-49歲,男,A2,1,尿液,甲基安非他命,1,1,0~30,吊銷3年
8,週日,10,新北市,機車,30-39歲,男,A2,2,尿液,愷他命,3,0,0~30,吊扣3年
9,週三,7,新北市,小客車,40-49歲,女,A2,1,尿液,甲基安非他命,0,0,31~60,吊扣2年
10,週四,7,宜蘭縣,機車,30-39歲,男,A2,2,尿液,嗎啡,1,1,31~60,吊銷3年
2,週日,2,彰化縣,小客車,30-39歲,男,A2,3,尿液,甲基安非他命,3,1,0~30,吊銷3年
7,週二,12,新竹縣,機車,40-49歲,男,A2,2,尿液,安非他命,0,0,31~60,吊扣2年
2,週四,13,高雄市,貨車,40-49歲,男,A2,2,尿液,安非他命,2,0,121~500,吊扣3年
7,週六,20,臺北市,小客車,50-59歲,男,A2,1,尿液,甲基安非他命,1,0,31~60,吊扣2年
6,週二,18,彰化縣,小客車,60歲以上,男,A2,2,尿液,安非他命,3,0,31~60,吊扣3年
7,週日,22,新北市,小客車,40-49歲,女,A2,1,血液,安非他命,1,1,31~60,吊銷3年
11,週日,13,桃園市,小客車,20-29歲,男,A2,2,尿液,安非他命,2,0,31~60,吊扣2年
5,週五,17,雲林縣,貨車,50-59歲,男,A2,4,尿液,甲基安非他命,3,0,61~120,吊扣3年
8,週六,11,南投縣,小客車,40-49歲,男,A2,1,尿液,安非他命,3,1,31~60,吊銷3年
7,週五,17,高雄市,機車,50-59歲,男,A2,1,尿液,甲基安非他命,0,0,0~30,吊扣2年
1,週五,8,臺中市,大客車,20-29歲,男,A2,1,尿液,嗎啡,3,0,61~120,吊扣2年
11,週一,17,彰化縣,小客車,40-49歲,男,A2,1,尿液,愷他命,2,0,31~60,吊扣4年
8,週六,18,新北市,小客車,60歲以上,男,A2,1,尿液,甲基安非他命,1,0,0~30,吊扣2年
7,週日,19,臺南市,機車,60歲以上,男,A2,1,尿液,安非他命,2,1,31~60,吊銷3年
10,週一,19,臺北市,機車,20-29歲,男,A2,1,尿液,甲基安非他命,1,0,121~500,吊扣2年
10,週四,10,新北市,小客車,40-49歲,男,A2,1,尿液,甲基安非他命,0,0,121~500,吊扣4年
11,週日,18,新竹市,機車,20-29歲,女,A2,2,尿液,愷他命,0,0,31~60,吊扣4年
7,週二,8,花蓮縣,機車,40-49歲,女,A2,1,尿液,嗎啡,0,0,0~30,吊扣4年
12,週二,10,高雄市,貨車,40-49歲,女,A2,1,尿液,嗎啡,1,2,121~500,吊銷3年
8,週一,13,臺中市,貨車,50-59歲,男,A2,1,尿液,甲基安非他命,1,0,0~30,吊扣3年
11,週日,17,臺中市,機車,30-39歲,男,A2,1,尿液,安非他命,0,0,0~30,吊扣3年
6,週日,10,新竹市,機車,40-49歲,女,A2,1,尿液,愷他命,2,2,121~500,吊銷3年
5,週三,8,臺南市,機車,30-39歲,男,A2,2,尿液,安非他命,0,1,31~60,吊銷3年
9,週五,23,新北市,機車,30-39歲,男,A2,1,血液,甲基安非他命,0,0,0~30,吊扣4年
4,週一,18,新竹縣,機車,40-49歲,男,A2,2,尿液,甲基安非他命,2,2,31~60,吊銷3年
11,週五,8,臺北市,機車,30-39歲,女,A2,2,尿液,甲基安非他命,2,2,0~30,吊銷3年
10,週二,11,臺北市,貨車,40-49歲,男,A2,1,尿液,甲基安非他命,2,2,0~30,吊銷3年
11,週五,15,宜蘭縣,小客車,20-29歲,男,A2,4,尿液,甲基安非他命,0,0,31~60,吊扣4年
3,週四,15,彰化縣,機車,50-59歲,女,A2,1,尿液,甲基安非他命,3,0,0~30,吊扣4年
10,週一,19,高雄市,小客車,30-39歲,男,A2,1,尿液,安非他命,2,1,61~120,吊銷3年
4,週日,8,彰化縣,機車,40-49歲,男,A2,1,血液,嗎啡,0,2,0~30,吊銷3年
2,週五,0,臺中市,小客車,60歲以上,女,A2,1,尿液,安非他命,0,2,31~60,吊銷3年
3,週二,22,新北市,機車,40-49歲,男,A2,1,尿液,安非他命,0,1,0~30,吊銷3年
11,週四,6,苗栗縣,機車,40-49歲,男,A2,2,尿液,安非他命,1,1,0~30,吊銷3年
4,週四,0,桃園市,貨車,20-29歲,男,A2,2,血液,嗎啡,2,0,31~60,吊扣4年
10,週四,0,新北市,機車,40-49歲,男,A2,2,尿液,安非他命,3,2,0~30,吊銷3年
8,週一,21,新北市,機車,50-59歲,男,A2,1,尿液,嗎啡,0,4,0~30,吊銷3年
4,週三,18,新竹縣,貨車,50-59歲,男,A2,1,尿液,甲基安非他命,0,2,61~120,吊銷3年
7,週日,14,桃園市,機車,30-39歲,男,A2,1,血液,安非他命,1,2,0~30,吊銷3年
5,週四,8,新竹市,機車,40-49歲,男,A2,1,血液,甲基安非他命,2,1,0~30,吊銷3年
10,週四,18,臺北市,機車,40-49歲,女,A2,2,尿液,嗎啡,1,0,31~60,吊扣3年
9,週一,19,高雄市,機車,30-39歲,女,A2,2,尿液,愷他命,3,0,31~60,吊扣3年
4,週五,9,苗栗縣,小客車,50-59歲,女,A2,1,尿液,愷他命,0,0,121~500,吊扣4年
3,週六,7,臺中市,機車,30-39歲,男,A2,1,血液,嗎啡,2,0,31~60,吊扣3年
7,週日,10,臺中市,小客車,60歲以上,男,A2,1,尿液,嗎啡,0,3,0~30,吊銷3年
10,週三,7,彰化縣,小客車,50-59歲,女,A2,1,尿液,甲基安非他命,0,4,31~60,吊銷3年
3,週五,14,臺南市,貨車,30-39歲,男,A2,1,尿液,安非他命,2,0,0~30,吊扣2年
5,週日,0,臺中市,小客車,50-59歲,男,A2,1,尿液,安非他命,2,1,31~60,吊銷3年
6,週六,18,臺中市,機車,40-49歲,男,A2,1,血液,愷他命,1,0,31~60,吊扣4年
6,週日,17,臺北市,小客車,20-29歲,男,A2,2,血液,嗎啡,0,2,31~60,吊銷3年
7,週三,21,新北市,小客車,60歲以上,男,A2,1,尿液,安非他命,2,0,0~30,吊扣3年
7,週四,17,臺北市,機車,40-49歲,女,A2,1,尿液,甲基安非他命,2,3,31~60,吊銷3年
7,週三,7,新北市,小客車,50-59歲,男,A2,1,尿液,嗎啡,2,1,121~500,吊銷3年
2,週一,17,彰化縣,機車,50-59歲,女,A2,2,尿液,愷他命,0,1,31~60,吊銷3年
5,週四,7,雲林縣,小客車,50-59歲,男,A2,3,尿液,愷他命,2,1,31~60,吊銷3年
5,週二,8,新北市,機車,30-39歲,男,A2,1,尿液,甲基安非他命,2,3,0~30,吊銷3年
9,週一,11,新北市,小客車,20-29歲,女,A2,1,尿液,甲基安非他命,3,1,0~30,吊銷3年
11,週六,11,新北市,機車,20-29歲,男,A2,2,尿液,甲基安非他命,1,0,0~30,吊扣3年
4,週四,23,桃園市,機車,20-29歲,女,A2,1,尿液,愷他命,2,0,0~30,吊扣4年
9,週二,8,高雄市,機車,60歲以上,男,A2,1,尿液,甲基安非他命,3,1,31~60,吊銷3年
10,週四,18,宜蘭縣,機車,40-49歲,男,A2,2,尿液,愷他命,3,0,31~60,吊扣4年
1,週六,18,桃園市,機車,40-49歲,男,A2,2,尿液,愷他命,0,0,61~120,吊扣2年
4,週四,19,屏東縣,小客車,30-39歲,男,A2,1,尿液,嗎啡,2,2,0~30,吊銷3年
9,週四,8,基隆市,小客車,50-59歲,男,A2,1,尿液,愷他命,2,1,31~60,吊銷3年
10,週三,18,新北市,機車,40-49歲,男,A2,1,血液,安非他命,0,1,31~60,吊銷3年
12,週一,11,新竹縣,機車,60歲以上,男,A2,2,尿液,安非他命,0,0,0~30,吊扣4年
1,週六,20,高雄市,小客車,19歲以下,男,A2,1,血液,安非他命,1,0,31~60,吊扣2年
2,週二,15,桃園市,機車,40-49歲,男,A2,1,尿液,甲基安非他命,1,1,0~30,吊銷3年
1,週二,9,桃園市,機車,30-39歲,男,A2,1,尿液,甲基安非他命,1,1,0~30,吊銷3年
7,週四,19,臺北市,小客車,40-49歲,男,A2,1,尿液,安非他命,2,3,0~30,吊銷3年
9,週六,16,臺中市,小客車,40-49歲,男,A2,1,尿液,甲基安非他命,1,2,31~60,吊銷3年
11,週六,13,臺中市,小客車,40-49歲,男,A2,2,血液,安非他命,0,0,31~60,吊扣3年
1,週三,1,臺南市,機車,50-59歲,男,A2,1,尿液,嗎啡,0,1,0~30,吊銷3年
8,週五,19,高雄市,機車,40-49歲,男,A2,1,尿液,嗎啡,1,0,31~60,吊扣2年
11,週四,18,臺南市,機車,40-49歲,男,A2,1,尿液,安非他命,3,1,61~120,吊銷3年
7,週五,2,新北市,小客車,40-49歲,男,A2,1,尿液,嗎啡,1,1,0~30,吊銷3年
9,週六,19,嘉義縣,機車,40-49歲,女,A2,1,尿液,嗎啡,2,1,31~60,吊銷3年
11,週二,19,高雄市,小客車,20-29歲,男,A2,1,尿液,安非他命,3,0,31~60,吊扣3年
12,週二,7,臺中市,機車,60歲以上,男,A2,1,尿液,安非他命,2,1,121~500,吊銷3年
4,週日,21,新北市,機車,40-49歲,男,A2,1,尿液,安非他命,2,0,121~500,吊扣2年
2,週一,17,臺中市,小客車,40-49歲,男,A2,1,尿液,甲基安非他命,2,1,121~500,吊銷3年
7,週一,4,臺中市,機車,20-29歲,男,A2,1,尿液,愷他命,3,3,61~120,吊銷3年
2,週五,16,宜蘭縣,大客車,50-59歲,男,A2,4,尿液,嗎啡,0,0,0~30,吊扣2年
3,週一,11,臺北市,貨車,60歲以上,男,A2,1,尿液,嗎啡,3,0,31~60,吊扣3年
2,週六,2,新北市,小客車,50-59歲,男,A2,1,尿液,安非他命,3,0,0~30,吊扣4年
2,週三,0,新北市,小客車,40-49歲,女,A2,1,尿液,愷他命,2,1,0~30,吊銷3年
10,週六,22,臺中市,小客車,20-29歲,女,A2,1,尿液,嗎啡,1,0,61~120,吊扣4年
4,週二,14,新北市,機車,20-29歲,男,A2,4,尿液,甲基安非他命,3,0,31~60,吊扣4年
7,週三,10,新北市,小客車,50-59歲,男,A2,1,尿液,安非他命,1,2,121~500,吊銷3年
8,週六,10,宜蘭縣,機車,40-49歲,男,A2,2,尿液,安非他命,0,1,121~500,吊銷3年
4,週六,10,臺北市,機車,50-59歲,男,A2,1,尿液,甲基安非他命,1,1,31~60,吊銷3年
8,週六,16,新北市,小客車,40-49歲,男,A2,1,尿液,甲基安非他命,2,1,31~60,吊銷3年
4,週四,18,嘉義市,小客車,50-59歲,男,A2,1,血液,安非他命,0,0,121~500,吊扣3年
6,週一,14,高雄市,小客車,50-59歲,男,A2,1,尿液,甲基安非他命,0,3,31~60,吊銷3年
8,週五,12,宜蘭縣,貨車,30-39歲,男,A2,1,尿液,安非他命,0,1,121~500,吊銷3年
12,週一,19,高雄市,機車,40-49歲,男,A2,2,尿液,甲基安非他命,0,1,0~30,吊銷3年
7,週三,21,新北市,機車,50-59歲,男,A2,2,尿液,愷他命,0,0,0~30,吊扣3年
3,週五,18,桃園市,機車,40-49歲,男,A2,1,尿液,嗎啡,0,0,31~60,吊扣2年
8,週三,10,新北市,小客車,20-29歲,男,A2,1,尿液,安非他命,2,2,61~120,吊銷3年
4,週日,15,臺東縣,小客車,19歲以下,男,A2,1,尿液,甲基安非他命,1,1,31~60,吊銷3年
10,週二,19,臺南市,機車,30-39歲,男,A2,1,尿液,嗎啡,2,2,0~30,吊銷3年
5,週六,6,臺北市,機車,50-59歲,男,A2,2,尿液,甲基安非他命,2,0,31~60,吊扣2年
7,週六,11,臺南市,小客車,40-49歲,女,A2,3,尿液,安非他命,3,2,31~60,吊銷3年
6,週五,7,新竹縣,機車,30-39歲,男,A2,1,尿液,甲基安非他命,3,0,31~60,吊扣3年
9,週一,11,臺中市,小客車,60歲以上,男,A2,1,尿液,安非他命,3,1,0~30,吊銷3年
11,週日,13,臺北市,小客車,50-59歲,男,A2,1,尿液,安非他命,1,1,121~500,吊銷3年
2,週三,19,雲林縣,機車,60歲以上,男,A2,1,血液,甲基安非他命,0,2,121~500,吊銷3年
10,週四,6,臺南市,大客車,50-59歲,男,A2,1,尿液,安非他命,1,1,0~30,吊銷3年
12,週四,8,嘉義縣,貨車,20-29歲,男,A2,1,尿液,甲基安非他命,2,1,0~30,吊銷3年
8,週日,15,彰化縣,貨車,40-49歲,男,A2,1,尿液,甲基安非他命,1,1,0~30,吊銷3年
3,週一,19,臺中市,小客車,60歲以上,女,A2,1,尿液,甲基安非他命,2,4,31~60,吊銷3年
11,週六,6,高雄市,機車,40-49歲,男,A2,1,尿液,安非他命,0,3,31~60,吊銷3年
12,週一,9,新北市,小客車,30-39歲,男,A2,1,尿液,甲基安非他命,0,0,121~500,吊扣4年
10,週六,4,臺北市,小客車,60歲以上,女,A2,1,尿液,甲基安非他命,1,1,121~500,吊銷3年
3,週日,11,基隆市,機車,50-59歲,男,A2,1,尿液,安非他命,1,1,61~120,吊銷3年
10,週三,20,苗栗縣,小客車,40-49歲,男,A2,1,尿液,安非他命,1,0,31~60,吊扣3年
4,週五,17,新北市,機車,40-49歲,男,A2,1,尿液,甲基安非他命,1,0,0~30,吊扣4年
7,週六,15,新北市,機車,40-49歲,男,A2,1,尿液,嗎啡,0,1,0~30,吊銷3年
9,週二,9,臺中市,機車,30-39歲,男,A2,1,尿液,甲基安非他命,0,0,0~30,吊扣4年
2,週六,5,彰化縣,小客車,50-59歲,男,A2,1,尿液,甲基安非他命,0,0,0~30,吊扣3年
4,週六,3,臺南市,小客車,40-49歲,男,A2,1,血液,安非他命,3,1,31~60,吊銷3年
7,週三,13,臺北市,小客車,50-59歲,男,A2,1,尿液,安非他命,2,4,31~60,吊銷3年
5,週日,4,高雄市,機車,19歲以下,女,A2,3,尿液,安非他命,0,1,31~60,吊銷3年
10,週四,14,臺北市,機車,40-49歲,男,A2,1,血液,甲基安非他命,3,0,0~30,吊扣2年
5,週四,10,臺南市,機車,40-49歲,男,A2,1,尿液,安非他命,2,1,0~30,吊銷3年
3,週五,8,臺北市,小客車,30-39歲,男,A2,1,尿液,嗎啡,0,3,0~30,吊銷3年
7,週二,12,彰化縣,機車,50-59歲,男,A2,1,尿液,安非他命,3,2,31~60,吊銷3年
8,週二,17,高雄市,小客車,40-49歲,男,A2,1,尿液,甲基安非他命,3,0,0~30,吊扣2年
11,週四,17,桃園市,機車,40-49歲,女,A2,1,尿液,嗎啡,1,1,0~30,吊銷3年
6,週一,9,高雄市,機車,50-59歲,男,A2,2,尿液,甲基安非他命,2,1,31~60,吊銷3年
7,週日,16,屏東縣,小客車,50-59歲,男,A2,2,尿液,安非他命,1,1,0~30,吊銷3年
8,週六,10,新北市,大客車,50-59歲,男,A2,1,尿液,安非他命,0,1,31~60,吊銷3年
12,週一,8,新北市,機車,40-49歲,男,A2,2,尿液,安非他命,1,0,31~60,吊扣4年
5,週一,9,新北市,機車,50-59歲,男,A2,2,尿液,甲基安非他命,2,2,0~30,吊銷3年
7,週日,16,基隆市,小客車,40-49歲,男,A2,1,尿液,甲基安非他命,1,3,0~30,吊銷3年
1,週六,11,臺南市,小客車,20-29歲,男,A2,1,尿液,甲基安非他命,0,0,0~30,吊扣4年
12,週四,18,臺北市,機車,19歲以下,男,A2,1,尿液,愷他命,0,0,0~30,吊扣4年
4,週二,8,基隆市,小客車,50-59歲,男,A2,2,尿液,安非他命,2,1,31~60,吊銷3年
10,週二,19,高雄市,機車,30-39歲,男,A2,4,尿液,甲基安非他命,0,1,31~60,吊銷3年
9,週一,8,臺南市,機車,40-49歲,男,A2,2,尿液,甲基安非他命,3,1,0~30,吊銷3年
1,週日,10,臺南市,小客車,50-59歲,男,A2,1,尿液,安非他命,3,2,0~30,吊銷3年
5,週五,15,新竹市,機車,40-49歲,男,A2,3,尿液,安非他命,0,0,0~30,吊扣3年
4,週三,7,新北市,機車,30-39歲,女,A2,1,血液,愷他命,2,2,31~60,吊銷3年
3,週二,17,桃園市,機車,40-49歲,女,A2,1,尿液,甲基安非他命,0,1,0~30,吊銷3年
8,週六,13,新北市,小客車,50-59歲,男,A2,2,尿液,愷他命,2,1,31~60,吊銷3年
4,週一,17,高雄市,機車,40-49歲,男,A2,2,尿液,甲基安非他命,1,0,31~60,吊扣4年
10,週三,14,桃園市,機車,60歲以上,男,A2,2,尿液,甲基安非他命,3,0,31~60,吊扣4年
10,週六,9,南投縣,機車,40-49歲,男,A2,1,尿液,愷他命,3,0,121~500,吊扣2年
7,週五,16,高雄市,小客車,50-59歲,男,A2,1,尿液,甲基安非他命,1,1,121~500,吊銷3年
4,週三,4,高雄市,小客車,40-49歲,女,A2,1,尿液,甲基安非他命,1,0,31~60,吊扣3年
5,週一,16,臺中市,小客車,50-59歲,男,A2,1,尿液,甲基安非他命,0,0,0~30,吊扣2年
11,週日,19,基隆市,小客車,50-59歲,男,A2,3,尿液,安非他命,2,1,0~30,吊銷3年
9,週二,19,桃園市,小客車,30-39歲,男,A2,1,尿液,安非他命,2,0,31~60,吊扣3年
2,週一,11,臺中市,小客車,60歲以上,男,A2,1,尿液,甲基安非他命,2,1,0~30,吊銷3年
11,週一,10,桃園市,機車,19歲以下,男,A2,1,尿液,安非他命,2,0,31~60,吊扣2年
5,週一,10,臺北市,機車,40-49歲,男,A2,1,尿液,安非他命,3,0,0~30,吊扣3年
4,週日,19,臺中市,大客車,30-39歲,女,A2,1,尿液,甲基安非他命,1,1,0~30,吊銷3年
3,週五,17,新竹市,機車,40-49歲,男,A2,2,血液,甲基安非他命,3,1,61~120,吊銷3年
10,週一,20,新北市,機車,40-49歲,男,A2,1,尿液,安非他命,2,2,61~120,吊銷3年
9,週日,19,桃園市,機車,50-59歲,男,A2,2,尿液,愷他命,2,0,121~500,吊扣3年
4,週六,18,桃園市,小客車,40-49歲,男,A2,1,尿液,愷他命,1,2,0~30,吊銷3年
5,週一,15,苗栗縣,小客車,40-49歲,男,A2,1,尿液,甲基安非他命,2,1,121~500,吊銷3年
2,週四,20,臺北市,大客車,20-29歲,男,A2,1,尿液,嗎啡,1,1,31~60,吊銷3年
4,週一,21,高雄市,機車,50-59歲,男,A2,2,尿液,甲基安非他命,3,2,0~30,吊銷3年
2,週五,22,新北市,機車,40-49歲,男,A2,2,尿液,安非他命,0,1,31~60,吊銷3年
4,週六,18,臺中市,小客車,30-39歲,男,A2,2,血液,嗎啡,3,0,31~60,吊扣2年
2,週一,13,新北市,機車,40-49歲,男,A2,1,尿液,安非他命,0,2,61~120,吊銷3年
4,週二,17,基隆市,機車,20-29歲,男,A2,1,血液,甲基安非他命,2,1,31~60,吊銷3年
5,週一,22,桃園市,貨車,40-49歲,男,A2,2,尿液,甲基安非他命,2,1,31~60,吊銷3年
5,週四,10,臺北市,機車,40-49歲,男,A2,1,尿液,安非他命,2,0,0~30,吊扣4年
10,週三,4,臺北市,機車,20-29歲,女,A2,2,尿液,愷他命,3,1,0~30,吊銷3年
8,週日,18,臺南市,機車,40-49歲,男,A2,2,尿液,安非他命,2,1,31~60,吊銷3年
1,週五,7,臺南市,機車,30-39歲,女,A2,1,尿液,甲基安非他命,2,1,0~30,吊銷3年
10,週日,7,高雄市,機車,30-39歲,男,A2,1,尿液,嗎啡,1,1,0~30,吊銷3年
4,週四,9,新北市,大客車,30-39歲,男,A2,1,尿液,安非他命,2,1,31~60,吊銷3年
9,週三,10,高雄市,小客車,50-59歲,男,A2,1,尿液,甲基安非他命,0,2,0~30,吊銷3年
12,週三,15,臺中市,小客車,30-39歲,女,A2,1,尿液,甲基安非他命,2,1,31~60,吊銷3年
4,週四,14,新北市,小客車,40-49歲,男,A2,1,尿液,愷他命,0,0,0~30,吊扣2年
2,週日,5,高雄市,小客車,30-39歲,女,A2,1,尿液,甲基安非他命,2,0,0~30,吊扣3年
8,週四,19,臺南市,小客車,50-59歲,男,A2,1,尿液,安非他命,2,1,0~30,吊銷3年
11,週二,23,高雄市,小客車,40-49歲,男,A2,2,尿液,愷他命,2,3,0~30,吊銷3年
6,週三,19,南投縣,貨車,40-49歲,男,A2,1,尿液,甲基安非他命,3,0,31~60,吊扣2年
7,週六,1,新北市,機車,40-49歲,男,A2,1,尿液,安非他命,0,0,31~60,吊扣4年
6,週一,14,臺北市,大客車,50-59歲,男,A2,1,尿液,安非他命,2,1,61~120,吊銷3年
4,週二,9,臺中市,機車,50-59歲,女,A2,1,尿液,甲基安非他命,1,2,0~30,吊銷3年
5,週一,14,臺南市,機車,40-49歲,男,A2,2,尿液,甲基安非他命,1,0,31~60,吊扣4年
3,週四,10,高雄市,貨車,40-49歲,男,A2,2,尿液,安非他命,2,0,121~500,吊扣2年
8,週四,7,臺中市,機車,40-49歲,男,A2,3,尿液,愷他命,2,0,61~120,吊扣4年
11,週日,16,新北市,小客車,30-39歲,男,A2,1,尿液,愷他命,0,0,31~60,吊扣4年
2,週四,9,雲林縣,機車,50-59歲,男,A2,2,尿液,愷他命,1,2,121~500,吊銷3年
7,週日,19,臺南市,小客車,50-59歲,男,A2,1,尿液,甲基安非他命,0,0,31~60,吊扣2年
8,週三,18,臺南市,小客車,40-49歲,男,A2,1,尿液,甲基安非他命,2,1,121~500,吊銷3年
7,週一,17,新北市,機車,30-39歲,男,A2,1,尿液,安非他命,1,1,31~60,吊銷3年
10,週三,7,臺中市,機車,30-39歲,女,A2,1,血液,嗎啡,2,4,31~60,吊銷3年
6,週六,9,臺中市,貨車,40-49歲,女,A2,1,尿液,嗎啡,2,2,121~500,吊銷3年
5,週二,12,新竹市,小客車,40-49歲,男,A2,1,尿液,嗎啡,2,2,61~120,吊銷3年
3,週二,7,新北市,小客車,50-59歲,男,A2,1,尿液,甲基安非他命,1,0,31~60,吊扣4年
7,週六,22,彰化縣,機車,40-49歲,女,A2,1,尿液,安非他命,2,1,121~500,吊銷3年
10,週日,14,雲林縣,小客車,50-59歲,男,A2,1,尿液,甲基安非他命,0,0,31~60,吊扣3年
10,週六,23,臺北市,小客車,50-59歲,男,A2,1,血液,安非他命,0,1,31~60,吊銷3年
9,週一,15,新竹縣,大客車,40-49歲,男,A2,1,血液,甲基安非他命,1,0,31~60,吊扣2年
4,週一,17,臺中市,機車,30-39歲,男,A2,1,尿液,甲基安非他命,0,4,31~60,吊銷3年
7,週二,16,臺中市,機車,60歲以上,男,A2,1,尿液,甲基安非他命,1,0,0~30,吊扣3年
6,週五,12,雲林縣,機車,40-49歲,男,A2,2,尿液,愷他命,2,1,121~500,吊銷3年
4,週四,21,新北市,機車,30-39歲,男,A2,1,尿液,安非他命,3,0,31~60,吊扣4年
10,週五,19,臺北市,機車,30-39歲,男,A2,2,尿液,安非他命,3,0,0~30,吊扣4年
5,週五,20,臺中市,小客車,40-49歲,女,A2,1,血液,安非他命,0,1,31~60,吊銷3年
1,週三,19,高雄市,小客車,60歲以上,男,A2,1,血液,安非他命,3,0,121~500,吊扣4年
5,週三,12,高雄市,機車,40-49歲,男,A2,1,尿液,安非他命,0,1,121~500,吊銷3年
5,週四,16,高雄市,小客車,30-39歲,女,A2,1,尿液,甲基安非他命,3,1,31~60,吊銷3年
7,週五,7,高雄市,小客車,30-39歲,男,A2,1,尿液,甲基安非他命,0,1,0~30,吊銷3年
5,週三,17,雲林縣,小客車,60歲以上,男,A2,1,尿液,安非他命,1,3,31~60,吊銷3年
9,週四,13,高雄市,機車,50-59歲,女,A2,1,尿液,甲基安非他命,3,1,31~60,吊銷3年
6,週五,10,屏東縣,機車,60歲以上,男,A2,1,尿液,甲基安非他命,0,0,31~60,吊扣4年
4,週四,10,新北市,小客車,50-59歲,男,A2,1,尿液,甲基安非他命,0,0,0~30,吊扣4年
9,週五,17,苗栗縣,機車,50-59歲,女,A2,1,尿液,安非他命,3,4,61~120,吊銷3年
6,週四,0,臺中市,貨車,40-49歲,男,A2,1,尿液,愷他命,0,0,121~500,吊扣3年
1,週三,5,嘉義市,機車,50-59歲,女,A2,1,尿液,安非他命,1,4,0~30,吊銷3年
2,週四,19,臺北市,小客車,40-49歲,男,A2,1,尿液,愷他命,0,0,31~60,吊扣3年
7,週六,16,嘉義市,小客車,30-39歲,男,A2,1,尿液,甲基安非他命,0,2,0~30,吊銷3年
7,週六,15,新北市,機車,60歲以上,男,A2,3,尿液,安非他命,1,1,121~500,吊銷3年
8,週日,13,臺南市,小客車,20-29歲,男,A2,1,尿液,愷他命,3,1,31~60,吊銷3年
4,週一,7,臺南市,機車,60歲以上,男,A2,1,尿液,安非他命,3,1,0~30,吊銷3年
12,週五,14,新北市,機車,60歲以上,男,A2,2,尿液,愷他命,1,2,31~60,吊銷3年
3,週一,6,臺南市,貨車,50-59歲,女,A2,1,尿液,安非他命,3,2,31~60,吊銷3年
8,週三,12,臺中市,貨車,60歲以上,男,A2,1,尿液,甲基安非他命,0,2,121~500,吊銷3年
1,週三,19,新竹縣,機車,40-49歲,男,A2,1,尿液,安非他命,1,1,61~120,吊銷3年
11,週六,4,新北市,機車,40-49歲,男,A2,1,尿液,嗎啡,1,0,121~500,吊扣4年
12,週五,14,臺北市,機車,40-49歲,男,A2,1,尿液,安非他命,0,2,31~60,吊銷3年
11,週四,14,臺北市,小客車,40-49歲,男,A2,1,尿液,甲基安非他命,2,1,31~60,吊銷3年
7,週六,11,新北市,大客車,30-39歲,男,A2,1,尿液,甲基安非他命,2,3,0~30,吊銷3年
9,週一,9,高雄市,機車,30-39歲,男,A2,1,血液,愷他命,3,0,31~60,吊扣2年
1,週三,7,嘉義市,機車,40-49歲,女,A2,1,尿液,嗎啡,1,1,31~60,吊銷3年
10,週一,20,彰化縣,貨車,50-59歲,男,A2,1,尿液,安非他命,1,2,31~60,吊銷3年
1,週六,0,新竹縣,機車,19歲以下,男,A2,1,血液,安非他命,3,1,0~30,吊銷3年
3,週六,11,臺南市,小客車,40-49歲,男,A2,1,尿液,安非他命,2,2,121~500,吊銷3年
1,週六,6,基隆市,小客車,30-39歲,男,A2,1,尿液,愷他命,1,0,31~60,吊扣3年
7,週一,6,基隆市,小客車,60歲以上,男,A2,1,尿液,甲基安非他命,3,4,61~120,吊銷3年
2,週四,16,新北市,機車,30-39歲,女,A2,1,尿液,安非他命,0,0,121~500,吊扣2年
7,週二,23,臺中市,機車,40-49歲,男,A2,1,尿液,安非他命,1,1,31~60,吊銷3年
6,週六,9,高雄市,機車,50-59歲,男,A2,2,尿液,愷他命,0,2,0~30,吊銷3年
10,週四,9,臺北市,小客車,50-59歲,男,A2,3,尿液,嗎啡,2,0,31~60,吊扣4年
4,週四,17,臺北市,機車,50-59歲,男,A2,1,尿液,甲基安非他命,2,0,0~30,吊扣3年
8,週三,5,新北市,機車,50-59歲,男,A2,2,血液,安非他命,1,1,61~120,吊銷3年
9,週五,15,臺北市,小客車,40-49歲,男,A2,1,尿液,安非他命,2,2,31~60,吊銷3年
5,週二,7,高雄市,小客車,40-49歲,男,A2,1,尿液,安非他命,3,0,121~500,吊扣3年
11,週二,17,新北市,機車,30-39歲,男,A2,2,尿液,愷他命,2,0,61~120,吊扣3年
7,週一,9,新北市,小客車,40-49歲,男,A2,1,尿液,愷他命,3,0,31~60,吊扣4年
7,週二,0,高雄市,機車,50-59歲,男,A2,1,尿液,嗎啡,2,1,121~500,吊銷3年
2,週二,5,新北市,大客車,60歲以上,男,A2,1,尿液,嗎啡,2,0,31~60,吊扣3年
7,週一,10,高雄市,小客車,30-39歲,男,A2,2,尿液,安非他命,2,0,0~30,吊扣4年
9,週二,17,桃園市,機車,30-39歲,男,A2,1,尿液,甲基安非他命,3,2,31~60,吊銷3年
6,週一,14,臺北市,小客車,40-49歲,男,A2,1,尿液,甲基安非他命,0,1,31~60,吊銷3年
7,週二,20,雲林縣,機車,40-49歲,男,A2,1,尿液,安非他命,1,2,31~60,吊銷3年
7,週二,16,桃園市,機車,40-49歲,男,A2,1,尿液,安非他命,3,1,61~120,吊銷3年
3,週六,2,新北市,機車,40-49歲,男,A2,2,尿液,甲基安非他命,0,0,0~30,吊扣2年
1,週三,16,桃園市,小客車,40-49歲,男,A2,1,尿液,安非他命,0,1,31~60,吊銷3年
7,週三,20,臺北市,小客車,40-49歲,男,A2,3,尿液,甲基安非他命,1,1,0~30,吊銷3年
11,週一,12,臺中市,機車,40-49歲,男,A2,2,尿液,安非他命,2,0,0~30,吊扣2年
2,週日,19,南投縣,小客車,40-49歲,男,A2,1,尿液,甲基安非他命,1,4,31~60,吊銷3年
10,週日,9,臺中市,機車,40-49歲,男,A2,2,尿液,甲基安非他命,2,0,31~60,吊扣4年
8,週一,17,高雄市,機車,40-49歲,女,A2,1,尿液,甲基安非他命,1,1,31~60,吊銷3年
10,週五,23,臺北市,大客車,30-39歲,男,A2,1,尿液,愷他命,1,0,61~120,吊扣3年
9,週六,11,彰化縣,小客車,40-49歲,女,A2,1,尿液,甲基安非他命,2,0,31~60,吊扣3年
6,週二,18,新北市,小客車,50-59歲,女,A2,1,尿液,安非他命,3,2,0~30,吊銷3年
3,週六,13,高雄市,小客車,40-49歲,男,A2,1,尿液,安非他命,0,0,0~30,吊扣2年
2,週六,15,宜蘭縣,小客車,50-59歲,男,A2,2,尿液,愷他命,2,0,0~30,吊扣2年
12,週五,8,新北市,小客車,50-59歲,男,A2,1,血液,甲基安非他命,1,1,31~60,吊銷3年
6,週日,4,花蓮縣,小客車,30-39歲,男,A2,1,尿液,安非他命,2,0,31~60,吊扣4年
7,週一,18,高雄市,機車,40-49歲,女,A2,1,尿液,甲基安非他命,2,0,31~60,吊扣3年
3,週五,22,臺中市,小客車,40-49歲,男,A2,1,尿液,甲基安非他命,1,0,0~30,吊扣2年
5,週一,19,臺北市,小客車,60歲以上,男,A2,1,尿液,甲基安非他命,1,1,31~60,吊銷3年
4,週日,13,新北市,小客車,40-49歲,女,A2,1,尿液,安非他命,2,0,31~60,吊扣2年
12,週五,7,彰化縣,小客車,40-49歲,男,A2,1,尿液,嗎啡,0,0,31~60,吊扣3年
4,週二,13,雲林縣,小客車,50-59歲,男,A2,1,尿液,甲基安非他命,2,0,31~60,吊扣4年
10,週四,15,臺北市,機車,40-49歲,男,A2,1,尿液,嗎啡,3,0,31~60,吊扣3年
2,週三,22,臺北市,機車,40-49歲,男,A2,2,尿液,甲基安非他命,2,1,31~60,吊銷3年
7,週四,7,宜蘭縣,機車,30-39歲,男,A2,2,尿液,甲基安非他命,2,1,0~30,吊銷3年
1,週三,19,嘉義縣,小客車,30-39歲,男,A2,1,尿液,甲基安非他命,0,1,0~30,吊銷3年
10,週五,11,臺中市,機車,50-59歲,男,A2,1,尿液,安非他命,3,2,0~30,吊銷3年
5,週六,22,新北市,機車,30-39歲,女,A2,1,血液,甲基安非他命,3,0,121~500,吊扣2年
2,週二,23,臺北市,小客車,50-59歲,男,A2,1,尿液,愷他命,1,0,61~120,吊扣2年
8,週四,19,新北市,小客車,60歲以上,男,A2,1,尿液,安非他命,1,2,0~30,吊銷3年
11,週六,13,新北市,機車,50-59歲,女,A2,1,尿液,甲基安非他命,1,0,61~120,吊扣2年
1,週日,21,高雄市,小客車,20-29歲,男,A2,1,尿液,甲基安非他命,2,1,31~60,吊銷3年
7,週四,7,彰化縣,小客車,40-49歲,男,A2,1,尿液,甲基安非他命,0,1,31~60,吊銷3年
7,週二,13,新北市,機車,40-49歲,男,A2,1,尿液,甲基安非他命,1,0,61~120,吊扣4年
5,週四,14,新北市,小客車,40-49歲,男,A2,1,尿液,愷他命,2,0,0~30,吊扣3年
5,週五,7,桃園市,小客車,40-49歲,女,A2,1,尿液,安非他命,3,4,0~30,吊銷3年
1,週六,18,新北市,小客車,30-39歲,男,A2,1,尿液,安非他命,3,1,31~60,吊銷3年
5,週六,2,臺南市,小客車,50-59歲,女,A2,2,尿液,甲基安非他命,1,1,31~60,吊銷3年
1,週一,7,桃園市,機車,50-59歲,男,A2,1,尿液,安非他命,0,1,121~500,吊銷3年
6,週一,9,嘉義市,小客車,30-39歲,男,A2,1,血液,安非他命,0,0,0~30,吊扣3年
7,週一,7,桃園市,機車,50-59歲,男,A2,1,尿液,愷他命,0,1,0~30,吊銷3年
7,週五,23,新北市,機車,20-29歲,男,A2,1,尿液,安非他命,2,1,31~60,吊銷3年
2,週二,19,臺南市,小客車,50-59歲,男,A2,1,尿液,嗎啡,3,3,31~60,吊銷3年
8,週三,19,新北市,機車,30-39歲,男,A2,2,尿液,嗎啡,0,4,0~30,吊銷3年
10,週三,15,新北市,小客車,50-59歲,男,A2,1,尿液,安非他命,0,0,31~60,吊扣2年
3,週五,19,雲林縣,機車,20-29歲,男,A2,3,血液,安非他命,0,0,0~30,吊扣4年
10,週日,23,屏東縣,機車,40-49歲,男,A2,1,尿液,甲基安非他命,0,0,31~60,吊扣4年
8,週五,15,桃園市,機車,40-49歲,男,A2,2,尿液,嗎啡,3,0,31~60,吊扣3年
10,週六,12,嘉義縣,貨車,20-29歲,男,A2,1,尿液,甲基安非他命,0,2,31~60,吊銷3年
7,週五,18,雲林縣,小客車,20-29歲,女,A2,1,尿液,嗎啡,3,1,31~60,吊銷3年
11,週四,16,高雄市,機車,40-49歲,男,A2,1,尿液,甲基安非他命,1,0,31~60,吊扣2年
11,週四,7,臺中市,小客車,40-49歲,男,A2,1,尿液,安非他命,1,0,0~30,吊扣3年
4,週五,15,高雄市,機車,40-49歲,男,A2,1,尿液,安非他命,3,0,31~60,吊扣4年
8,週五,21,屏東縣,機車,30-39歲,男,A2,2,尿液,甲基安非他命,3,0,31~60,吊扣3年
3,週一,8,臺北市,小客車,50-59歲,女,A2,2,尿液,甲基安非他命,0,1,0~30,吊銷3年
4,週二,9,高雄市,機車,40-49歲,男,A2,2,尿液,愷他命,1,0,31~60,吊扣3年
8,週一,5,臺南市,小客車,40-49歲,男,A2,1,尿液,安非他命,2,1,31~60,吊銷3年
7,週六,23,臺北市,機車,40-49歲,男,A2,3,尿液,安非他命,3,1,31~60,吊銷3年
4,週一,18,屏東縣,小客車,20-29歲,男,A2,2,尿液,嗎啡,3,0,0~30,吊扣3年
10,週日,0,高雄市,機車,30-39歲,男,A2,2,血液,愷他命,2,1,31~60,吊銷3年
3,週三,12,新北市,機車,40-49歲,男,A2,2,尿液,甲基安非他命,3,1,0~30,吊銷3年
7,週四,17,臺中市,機車,20-29歲,男,A2,1,尿液,安非他命,2,0,31~60,吊扣4年
4,週五,1,臺南市,機車,40-49歲,男,A2,1,尿液,甲基安非他命,3,2,31~60,吊銷3年
1,週四,18,桃園市,小客車,40-49歲,男,A2,1,尿液,安非他命,2,0,31~60,吊扣3年
4,週五,13,新北市,小客車,20-29歲,女,A2,1,尿液,安非他命,0,0,0~30,吊扣2年
9,週四,8,臺南市,機車,40-49歲,女,A2,1,尿液,安非他命,0,4,0~30,吊銷3年
4,週六,13,臺南市,機車,20-29歲,男,A2,2,尿液,甲基安非他命,3,2,61~120,吊銷3年
10,週二,6,臺中市,機車,19歲以下,男,A2,2,尿液,愷他命,3,1,31~60,吊銷3年
2,週日,16,新竹縣,小客車,30-39歲,男,A2,1,尿液,甲基安非他命,1,1,31~60,吊銷3年
2,週三,17,高雄市,機車,40-49歲,男,A2,1,尿液,愷他命,1,0,0~30,吊扣3年
3,週五,13,臺北市,貨車,40-49歲,男,A2,1,尿液,甲基安非他命,3,3,0~30,吊銷3年
10,週一,20,基隆市,貨車,40-49歲,男,A2,1,尿液,甲基安非他命,2,4,31~60,吊銷3年
11,週五,2,嘉義縣,小客車,50-59歲,男,A2,1,尿液,愷他命,3,0,31~60,吊扣2年
3,週三,6,彰化縣,小客車,40-49歲,男,A2,1,尿液,嗎啡,0,0,121~500,吊扣3年
3,週三,14,新北市,機車,50-59歲,男,A2,1,尿液,甲基安非他命,0,0,0~30,吊扣2年
11,週日,15,新北市,小客車,50-59歲,男,A2,1,尿液,安非他命,2,0,121~500,吊扣3年
4,週三,18,彰化縣,小客車,30-39歲,男,A2,1,尿液,甲基安非他命,2,4,0~30,吊銷3年
1,週五,13,臺南市,小客車,40-49歲,男,A2,1,尿液,嗎啡,0,2,121~500,吊銷3年
2,週五,18,臺中市,小客車,30-39歲,男,A2,1,尿液,甲基安非他命,0,0,0~30,吊扣4年
7,週五,10,新北市,大客車,40-49歲,男,A2,1,尿液,甲基安非他命,3,0,0~30,吊扣2年
5,週二,10,苗栗縣,機車,20-29歲,女,A2,1,尿液,甲基安非他命,1,3,31~60,吊銷3年
4,週一,22,基隆市,機車,30-39歲,男,A2,1,尿液,愷他命,3,0,121~500,吊扣2年
1,週三,22,臺南市,機車,50-59歲,男,A2,1,尿液,甲基安非他命,1,2,31~60,吊銷3年
12,週六,11,臺中市,機車,60歲以上,男,A2,2,尿液,安非他命,3,0,0~30,吊扣2年
6,週五,9,新竹縣,機車,40-49歲,男,A2,2,尿液,安非他命,2,2,61~120,吊銷3年
3,週日,21,高雄市,小客車,20-29歲,男,A2,3,尿液,愷他命,3,1,0~30,吊銷3年
2,週四,9,臺北市,小客車,50-59歲,男,A2,1,尿液,愷他命,1,0,0~30,吊扣4年
1,週三,9,臺中市,機車,50-59歲,男,A2,1,尿液,安非他命,2,4,31~60,吊銷3年
9,週一,9,雲林縣,機車,50-59歲,男,A2,2,尿液,嗎啡,2,2,0~30,吊銷3年
6,週四,8,彰化縣,機車,40-49歲,男,A2,1,尿液,安非他命,1,1,31~60,吊銷3年
1,週三,20,高雄市,機車,50-59歲,男,A2,2,尿液,安非他命,2,0,31~60,吊扣4年
9,週一,21,彰化縣,機車,50-59歲,男,A2,1,尿液,愷他命,1,0,0~30,吊扣4年
4,週六,14,桃園市,小客車,50-59歲,女,A2,2,尿液,愷他命,1,0,31~60,吊扣4年
10,週四,0,臺中市,小客車,60歲以上,男,A2,1,尿液,安非他命,1,1,0~30,吊銷3年
5,週六,7,桃園市,小客車,50-59歲,男,A2,1,尿液,安非他命,2,2,61~120,吊銷3年
10,週四,22,高雄市,小客車,40-49歲,男,A2,1,尿液,安非他命,1,1,121~500,吊銷3年
5,週四,15,花蓮縣,小客車,30-39歲,女,A2,1,尿液,安非他命,2,0,0~30,吊扣3年
7,週日,18,臺中市,機車,40-49歲,男,A2,1,尿液,愷他命,1,0,31~60,吊扣4年
8,週六,17,新北市,小客車,50-59歲,女,A2,1,尿液,嗎啡,0,1,31~60,吊銷3年
10,週六,22,桃園市,機車,40-49歲,女,A2,1,尿液,安非他命,2,0,31~60,吊扣2年
5,週一,1,嘉義縣,小客車,50-59歲,男,A2,1,尿液,嗎啡,2,0,0~30,吊扣4年
12,週四,4,高雄市,機車,20-29歲,男,A2,1,血液,愷他命,3,0,31~60,吊扣4年
10,週三,8,新北市,小客車,30-39歲,男,A2,1,尿液,甲基安非他命,2,4,0~30,吊銷3年
7,週六,20,臺南市,小客車,50-59歲,男,A2,1,血液,愷他命,0,1,0~30,吊銷3年
10,週六,12,屏東縣,機車,50-59歲,男,A2,2,尿液,安非他命,2,0,31~60,吊扣3年
9,週二,20,臺南市,小客車,50-59歲,男,A2,1,尿液,甲基安非他命,0,1,31~60,吊銷3年
1,週一,18,臺中市,小客車,60歲以上,男,A2,1,尿液,甲基安非他命,3,0,31~60,吊扣3年
10,週二,17,高雄市,小客車,40-49歲,男,A2,1,尿液,甲基安非他命,1,1,31~60,吊銷3年
8,週六,17,臺北市,小客車,40-49歲,男,A2,1,尿液,安非他命,2,1,61~120,吊銷3年
4,週三,20,臺北市,機車,50-59歲,男,A2,2,尿液,嗎啡,1,0,0~30,吊扣2年
10,週三,4,彰化縣,機車,20-29歲,男,A2,1,尿液,安非他命,2,0,31~60,吊扣2年
9,週五,19,苗栗縣,小客車,40-49歲,男,A2,1,血液,甲基安非他命,3,0,121~500,吊扣3年
10,週五,11,新北市,機車,30-39歲,女,A2,3,尿液,安非他命,0,1,31~60,吊銷3年
10,週一,11,彰化縣,小客車,60歲以上,男,A2,1,尿液,嗎啡,1,2,0~30,吊銷3年
7,週六,17,高雄市,小客車,40-49歲,男,A2,1,尿液,安非他命,0,1,31~60,吊銷3年
12,週六,12,苗栗縣,小客車,40-49歲,男,A2,1,尿液,甲基安非他命,2,0,31~60,吊扣2年
1,週六,23,桃園市,小客車,40-49歲,男,A2,1,尿液,嗎啡,2,0,31~60,吊扣4年
12,週二,8,彰化縣,貨車,50-59歲,男,A2,1,尿液,甲基安非他命,3,1,31~60,吊銷3年
11,週四,12,臺中市,貨車,40-49歲,男,A2,1,血液,嗎啡,2,0,31~60,吊扣4年
11,週二,7,臺中市,機車,40-49歲,男,A2,1,尿液,安非他命,3,0,0~30,吊扣2年
11,週日,10,新北市,機車,60歲以上,男,A2,1,血液,愷他命,2,1,31~60,吊銷3年
6,週一,23,基隆市,機車,40-49歲,男,A2,1,尿液,愷他命,3,2,31~60,吊銷3年
11,週六,8,臺中市,小客車,30-39歲,男,A2,1,血液,甲基安非他命,1,2,0~30,吊銷3年
12,週日,6,新北市,機車,40-49歲,男,A2,1,尿液,甲基安非他命,0,1,31~60,吊銷3年
1,週四,8,新竹市,機車,50-59歲,女,A2,1,尿液,愷他命,1,2,0~30,吊銷3年
11,週日,15,桃園市,小客車,60歲以上,男,A2,1,尿液,安非他命,1,1,31~60,吊銷3年
9,週二,19,臺北市,小客車,50-59歲,男,A2,1,尿液,嗎啡,1,1,121~500,吊銷3年
10,週六,18,臺北市,小客車,40-49歲,男,A2,1,尿液,愷他命,1,1,0~30,吊銷3年
2,週一,0,彰化縣,小客車,50-59歲,女,A2,1,血液,甲基安非他命,0,0,0~30,吊扣4年
6,週日,11,新北市,小客車,30-39歲,男,A2,1,尿液,甲基安非他命,0,1,31~60,吊銷3年
4,週四,7,雲林縣,小客車,20-29歲,男,A2,1,尿液,嗎啡,3,1,0~30,吊銷3年
10,週一,19,高雄市,小客車,50-59歲,男,A2,1,尿液,安非他命,0,0,31~60,吊扣2年
7,週六,7,臺南市,機車,40-49歲,男,A2,2,血液,安非他命,1,0,121~500,吊扣2年
1,週三,3,桃園市,小客車,19歲以下,男,A2,1,尿液,甲基安非他命,0,0,31~60,吊扣4年
4,週四,8,基隆市,貨車,40-49歲,男,A2,1,尿液,安非他命,1,0,61~120,吊扣4年
5,週六,17,高雄市,貨車,40-49歲,男,A2,1,尿液,安非他命,3,0,0~30,吊扣4年
8,週四,21,新北市,機車,30-39歲,男,A2,3,尿液,安非他命,1,2,0~30,吊銷3年
4,週日,13,桃園市,機車,60歲以上,男,A2,2,尿液,甲基安非他命,1,0,0~30,吊扣2年
5,週日,10,桃園市,機車,50-59歲,男,A2,1,尿液,甲基安非他命,0,1,61~120,吊銷3年
10,週日,6,新北市,機車,60歲以上,女,A2,2,血液,安非他命,1,2,31~60,吊銷3年
4,週五,20,高雄市,小客車,20-29歲,男,A2,1,尿液,甲基安非他命,3,0,31~60,吊扣3年
8,週日,18,雲林縣,機車,19歲以下,男,A2,2,尿液,愷他命,0,0,0~30,吊扣3年
6,週一,11,高雄市,小客車,50-59歲,男,A2,1,尿液,甲基安非他命,3,1,0~30,吊銷3年
1,週六,14,桃園市,機車,50-59歲,女,A2,1,尿液,愷他命,1,1,61~120,吊銷3年
4,週三,20,苗栗縣,機車,30-39歲,男,A2,3,尿液,安非他命,2,1,0~30,吊銷3年
1,週二,19,臺南市,小客車,40-49歲,男,A2,1,尿液,愷他命,0,0,0~30,吊扣4年
8,週六,12,新竹市,機車,50-59歲,男,A2,1,尿液,愷他命,3,1,31~60,吊銷3年
7,週二,2,桃園市,機車,50-59歲,男,A2,1,尿液,甲基安非他命,0,0,0~30,吊扣3年
12,週六,8,臺中市,小客車,40-49歲,男,A2,2,血液,安非他命,1,0,0~30,吊扣3年
10,週二,22,臺中市,機車,60歲以上,男,A2,1,尿液,愷他命,1,4,31~60,吊銷3年
2,週三,11,高雄市,小客車,30-39歲,男,A2,1,尿液,甲基安非他命,3,3,31~60,吊銷3年
11,週六,20,高雄市,機車,20-29歲,男,A2,1,血液,嗎啡,3,1,61~120,吊銷3年
9,週五,19,高雄市,機車,50-59歲,男,A2,1,尿液,愷他命,2,3,0~30,吊銷3年
1,週日,12,臺南市,機車,40-49歲,女,A2,1,尿液,甲基安非他命,2,0,0~30,吊扣3年
11,週六,11,臺中市,機車,40-49歲,男,A2,3,尿液,安非他命,1,1,31~60,吊銷3年
8,週日,19,苗栗縣,小客車,50-59歲,男,A2,1,血液,安非他命,1,0,31~60,吊扣3年
8,週五,11,彰化縣,貨車,50-59歲,男,A2,1,尿液,甲基安非他命,2,0,0~30,吊扣4年
7,週二,7,嘉義市,機車,30-39歲,男,A2,2,尿液,愷他命,3,3,61~120,吊銷3年
6,週二,6,桃園市,機車,40-49歲,男,A2,3,尿液,愷他命,1,0,0~30,吊扣4年
1,週三,13,高雄市,小客車,30-39歲,男,A2,1,尿液,愷他命,1,2,0~30,吊銷3年
11,週日,11,高雄市,小客車,40-49歲,男,A2,1,尿液,愷他命,3,2,0~30,吊銷3年
12,週一,7,高雄市,機車,60歲以上,男,A2,2,尿液,甲基安非他命,0,1,31~60,吊銷3年
8,週六,18,基隆市,機車,50-59歲,男,A2,1,尿液,愷他命,1,0,0~30,吊扣2年
7,週三,10,彰化縣,小客車,40-49歲,男,A2,1,尿液,甲基安非他命,1,0,0~30,吊扣4年
11,週一,19,桃園市,機車,50-59歲,男,A2,1,尿液,愷他命,3,1,0~30,吊銷3年
6,週三,19,新北市,小客車,40-49歲,男,A2,1,尿液,甲基安非他命,2,1,31~60,吊銷3年
10,週日,18,高雄市,機車,20-29歲,男,A2,1,尿液,安非他命,2,0,0~30,吊扣4年
12,週六,8,彰化縣,貨車,40-49歲,男,A2,1,尿液,安非他命,1,1,31~60,吊銷3年
5,週三,17,基隆市,機車,50-59歲,男,A2,2,尿液,甲基安非他命,0,0,31~60,吊扣2年
5,週五,10,雲林縣,機車,50-59歲,男,A2,1,尿液,安非他命,2,0,31~60,吊扣3年
6,週五,20,臺中市,小客車,50-59歲,男,A2,1,尿液,甲基安非他命,1,1,31~60,吊銷3年
3,週六,16,臺中市,機車,40-49歲,男,A2,2,尿液,甲基安非他命,3,0,31~60,吊扣4年
3,週三,7,新北市,小客車,60歲以上,男,A2,1,尿液,甲基安非他命,3,1,0~30,吊銷3年
2,週一,10,臺南市,貨車,40-49歲,男,A2,1,尿液,甲基安非他命,1,0,31~60,吊扣2年
10,週日,11,新北市,小客車,40-49歲,男,A2,2,尿液,安非他命,2,1,31~60,吊銷3年
5,週二,19,臺東縣,機車,40-49歲,男,A2,1,尿液,甲基安非他命,0,1,31~60,吊銷3年
5,週六,22,高雄市,機車,40-49歲,男,A2,2,尿液,嗎啡,1,0,121~500,吊扣2年
5,週六,13,臺南市,機車,40-49歲,男,A2,1,尿液,安非他命,0,0,121~500,吊扣4年
3,週三,18,高雄市,機車,50-59歲,男,A2,3,血液,甲基安非他命,0,2,0~30,吊銷3年
1,週五,22,高雄市,貨車,50-59歲,男,A2,2,尿液,甲基安非他命,3,1,121~500,吊銷3年
4,週五,20,臺中市,小客車,20-29歲,男,A2,2,血液,甲基安非他命,3,1,31~60,吊銷3年
2,週一,19,桃園市,小客車,30-39歲,男,A2,1,尿液,安非他命,0,1,0~30,吊銷3年
4,週日,9,新北市,機車,50-59歲,男,A2,3,尿液,甲基安非他命,0,1,0~30,吊銷3年
8,週日,11,臺中市,機車,40-49歲,男,A2,1,尿液,愷他命,0,0,31~60,吊扣2年
5,週三,17,嘉義市,機車,50-59歲,女,A2,2,尿液,甲基安非他命,1,0,0~30,吊扣2年
10,週一,6,雲林縣,機車,20-29歲,男,A2,1,尿液,愷他命,3,3,31~60,吊銷3年
7,週三,9,屏東縣,機車,40-49歲,男,A2,1,尿液,安非他命,3,1,0~30,吊銷3年
10,週六,10,高雄市,機車,40-49歲,男,A2,2,尿液,愷他命,0,1,0~30,吊銷3年
6,週日,10,新北市,小客車,60歲以上,男,A2,1,尿液,甲基安非他命,1,1,0~30,吊銷3年
9,週一,15,花蓮縣,機車,50-59歲,男,A2,1,尿液,安非他命,3,1,0~30,吊銷3年
3,週六,11,桃園市,小客車,60歲以上,男,A2,2,尿液,甲基安非他命,0,4,31~60,吊銷3年
6,週日,18,嘉義縣,機車,20-29歲,男,A2,1,尿液,安非他命,0,1,0~30,吊銷3年
1,週四,7,雲林縣,機車,30-39歲,男,A2,1,尿液,甲基安非他命,0,3,121~500,吊銷3年
10,週四,15,新北市,機車,40-49歲,女,A2,2,尿液,安非他命,1,0,0~30,吊扣3年
7,週三,8,高雄市,小客車,50-59歲,男,A2,1,尿液,安非他命,0,0,0~30,吊扣3年
8,週二,0,臺南市,機車,20-29歲,男,A2,1,尿液,甲基安非他命,2,0,121~500,吊扣3年
4,週二,7,雲林縣,機車,50-59歲,男,A2,1,尿液,愷他命,1,0,0~30,吊扣3年
6,週三,22,臺中市,機車,40-49歲,男,A2,1,血液,愷他命,2,0,121~500,吊扣2年
10,週六,0,新北市,小客車,60歲以上,男,A2,1,尿液,安非他命,0,0,31~60,吊扣4年
10,週日,2,臺北市,小客車,40-49歲,男,A2,1,尿液,愷他命,0,0,0~30,吊扣3年
2,週二,22,新北市,機車,30-39歲,男,A2,1,尿液,甲基安非他命,1,1,31~60,吊銷3年
12,週二,22,基隆市,機車,50-59歲,女,A2,1,血液,安非他命,2,0,31~60,吊扣3年
3,週日,23,彰化縣,機車,40-49歲,女,A2,1,尿液,甲基安非他命,1,1,121~500,吊銷3年
9,週二,20,臺中市,小客車,30-39歲,女,A2,1,尿液,安非他命,0,1,0~30,吊銷3年
3,週日,19,新竹縣,小客車,20-29歲,男,A2,1,尿液,安非他命,1,1,31~60,吊銷3年
2,週日,21,新北市,小客車,20-29歲,男,A2,1,尿液,甲基安非他命,1,1,31~60,吊銷3年
5,週二,16,新北市,小客車,60歲以上,男,A2,2,血液,愷他命,1,0,31~60,吊扣4年
4,週二,10,嘉義市,機車,30-39歲,女,A2,1,尿液,安非他命,3,0,0~30,吊扣3年
6,週一,7,新北市,機車,30-39歲,男,A2,1,尿液,愷他命,0,1,31~60,吊銷3年
10,週六,11,臺南市,貨車,50-59歲,男,A2,1,尿液,安非他命,2,0,31~60,吊扣2年
5,週日,8,高雄市,機車,40-49歲,男,A2,1,尿液,甲基安非他命,0,0,31~60,吊扣3年
2,週五,22,臺中市,小客車,50-59歲,男,A2,1,血液,甲基安非他命,0,1,31~60,吊銷3年
4,週五,11,桃園市,機車,40-49歲,女,A2,1,尿液,甲基安非他命,1,2,0~30,吊銷3年
10,週三,10,桃園市,機車,50-59歲,男,A2,2,尿液,甲基安非他命,3,0,31~60,吊扣4年
11,週六,8,花蓮縣,小客車,20-29歲,男,A2,1,尿液,安非他命,3,2,31~60,吊銷3年
4,週五,20,新北市,小客車,50-59歲,女,A2,1,尿液,安非他命,1,0,121~500,吊扣4年
8,週六,22,臺中市,機車,40-49歲,男,A2,1,尿液,安非他命,3,1,121~500,吊銷3年
1,週三,21,高雄市,小客車,60歲以上,男,A2,1,尿液,安非他命,0,1,0~30,吊銷3年
10,週一,13,彰化縣,小客車,40-49歲,男,A2,4,尿液,安非他命,0,1,31~60,吊銷3年
11,週四,10,新北市,機車,50-59歲,女,A2,1,尿液,安非他命,2,1,31~60,吊銷3年
10,週三,4,高雄市,機車,40-49歲,女,A2,2,尿液,安非他命,3,1,0~30,吊銷3年
4,週五,15,臺中市,小客車,40-49歲,男,A2,1,尿液,安非他命,2,2,31~60,吊銷3年
1,週二,8,臺北市,機車,60歲以上,男,A2,3,血液,愷他命,3,1,31~60,吊銷3年
2,週三,17,高雄市,機車,40-49歲,男,A2,1,尿液,安非他命,2,1,121~500,吊銷3年
9,週一,8,桃園市,機車,50-59歲,女,A2,2,尿液,愷他命,1,1,31~60,吊銷3年
8,週二,6,桃園市,機車,50-59歲,男,A2,2,尿液,愷他命,0,1,31~60,吊銷3年
7,週三,7,臺北市,小客車,40-49歲,女,A2,1,尿液,甲基安非他命,3,0,61~120,吊扣2年
8,週三,16,屏東縣,機車,30-39歲,女,A2,1,尿液,安非他命,1,2,121~500,吊銷3年
1,週三,16,高雄市,機車,40-49歲,男,A2,1,尿液,甲基安非他命,1,0,61~120,吊扣4年
3,週日,21,桃園市,小客車,50-59歲,男,A2,1,尿液,愷他命,2,4,0~30,吊銷3年
10,週四,19,新北市,機車,40-49歲,男,A2,1,尿液,嗎啡,2,1,0~30,吊銷3年
1,週日,18,嘉義市,小客車,50-59歲,男,A2,1,尿液,安非他命,3,1,0~30,吊銷3年
7,週四,12,彰化縣,小客車,20-29歲,男,A2,2,血液,愷他命,2,0,0~30,吊扣3年
8,週四,5,高雄市,小客車,40-49歲,男,A2,1,尿液,安非他命,1,1,31~60,吊銷3年
7,週一,18,臺北市,機車,50-59歲,男,A2,2,尿液,安非他命,2,1,31~60,吊銷3年
11,週四,8,高雄市,小客車,50-59歲,男,A2,1,尿液,安非他命,0,0,121~500,吊扣2年
7,週五,14,臺北市,小客車,40-49歲,男,A2,1,血液,甲基安非他命,0,1,31~60,吊銷3年
10,週三,0,南投縣,機車,40-49歲,男,A2,1,尿液,嗎啡,3,2,0~30,吊銷3年
2,週一,12,新北市,機車,30-39歲,男,A2,2,尿液,嗎啡,1,1,31~60,吊銷3年
11,週六,18,新竹縣,機車,20-29歲,男,A2,2,尿液,愷他命,0,1,31~60,吊銷3年
4,週一,18,新北市,小客車,50-59歲,男,A2,1,尿液,安非他命,0,2,61~120,吊銷3年
1,週三,19,新北市,小客車,30-39歲,男,A2,1,尿液,安非他命,0,2,31~60,吊銷3年
5,週六,13,新北市,機車,60歲以上,男,A2,1,尿液,甲基安非他命,3,1,31~60,吊銷3年
5,週六,10,臺中市,機車,50-59歲,男,A2,2,尿液,甲基安非他命,0,0,0~30,吊扣2年
5,週六,2,基隆市,大客車,50-59歲,男,A2,2,尿液,愷他命,0,1,31~60,吊銷3年
5,週五,6,桃園市,小客車,20-29歲,男,A2,1,尿液,嗎啡,2,1,31~60,吊銷3年
6,週日,15,高雄市,小客車,40-49歲,女,A2,1,尿液,甲基安非他命,1,1,0~30,吊銷3年
9,週三,7,高雄市,機車,50-59歲,男,A2,2,尿液,甲基安非他命,1,3,61~120,吊銷3年
11,週六,10,臺南市,機車,50-59歲,男,A2,3,尿液,安非他命,1,1,31~60,吊銷3年
1,週五,7,臺中市,機車,50-59歲,男,A2,2,尿液,愷他命,3,1,121~500,吊銷3年
6,週五,18,臺中市,機車,20-29歲,女,A2,1,尿液,嗎啡,2,1,31~60,吊銷3年
8,週五,10,高雄市,小客車,40-49歲,男,A2,1,尿液,安非他命,2,4,31~60,吊銷3年
12,週三,0,臺北市,小客車,50-59歲,男,A2,1,血液,安非他命,2,1,121~500,吊銷3年
3,週五,8,臺北市,大客車,20-29歲,男,A2,1,血液,甲基安非他命,1,4,31~60,吊銷3年
10,週四,19,彰化縣,小客車,50-59歲,男,A2,1,尿液,安非他命,0,1,31~60,吊銷3年
5,週日,5,桃園市,機車,60歲以上,男,A2,1,尿液,愷他命,2,3,31~60,吊銷3年
4,週日,12,桃園市,機車,40-49歲,女,A2,1,尿液,安非他命,0,2,0~30,吊銷3年
4,週一,12,基隆市,小客車,40-49歲,女,A2,1,尿液,甲基安非他命,2,1,31~60,吊銷3年
10,週一,4,桃園市,貨車,19歲以下,男,A2,1,尿液,安非他命,3,1,121~500,吊銷3年
5,週一,14,臺中市,貨車,40-49歲,男,A2,1,尿液,甲基安非他命,2,2,31~60,吊銷3年
9,週日,10,桃園市,小客車,20-29歲,男,A2,1,尿液,甲基安非他命,3,2,0~30,吊銷3年
6,週一,14,彰化縣,貨車,20-29歲,男,A2,1,尿液,安非他命,3,2,0~30,吊銷3年
10,週三,12,臺南市,機車,50-59歲,男,A2,1,尿液,愷他命,2,2,31~60,吊銷3年
7,週六,23,新北市,小客車,50-59歲,男,A2,1,尿液,安非他命,2,2,31~60,吊銷3年
5,週五,7,臺南市,機車,50-59歲,男,A2,3,尿液,甲基安非他命,0,4,31~60,吊銷3年
1,週三,1,臺中市,機車,60歲以上,男,A2,1,尿液,甲基安非他命,2,1,121~500,吊銷3年
4,週日,13,高雄市,機車,40-49歲,男,A2,1,尿液,嗎啡,1,3,31~60,吊銷3年
12,週日,21,臺中市,機車,30-39歲,男,A2,1,尿液,嗎啡,0,0,121~500,吊扣4年
6,週二,16,臺南市,機車,50-59歲,男,A2,1,尿液,安非他命,3,1,31~60,吊銷3年
5,週一,18,南投縣,機車,30-39歲,男,A2,2,尿液,甲基安非他命,1,0,0~30,吊扣3年
11,週日,15,彰化縣,機車,50-59歲,男,A2,1,尿液,安非他命,2,1,31~60,吊銷3年
11,週六,22,新北市,機車,60歲以上,男,A2,2,尿液,甲基安非他命,2,0,0~30,吊扣4年
7,週三,11,彰化縣,機車,20-29歲,男,A2,2,尿液,安非他命,2,0,121~500,吊扣3年
10,週二,6,桃園市,機車,40-49歲,男,A2,1,尿液,嗎啡,2,1,0~30,吊銷3年
7,週六,23,新北市,機車,30-39歲,女,A2,2,尿液,甲基安非他命,3,0,31~60,吊扣4年
11,週四,17,桃園市,小客車,30-39歲,男,A2,1,尿液,甲基安非他命,3,1,31~60,吊銷3年
10,週日,12,桃園市,機車,60歲以上,男,A2,1,尿液,安非他命,0,2,0~30,吊銷3年
9,週五,10,新北市,小客車,30-39歲,男,A2,1,尿液,甲基安非他命,0,1,121~500,吊銷3年
9,週二,15,新北市,小客車,40-49歲,男,A2,1,尿液,甲基安非他命,0,0,31~60,吊扣4年
10,週一,21,臺北市,大客車,30-39歲,男,A2,1,尿液,安非他命,2,1,31~60,吊銷3年
2,週二,9,彰化縣,貨車,40-49歲,男,A2,1,尿液,安非他命,1,1,31~60,吊銷3年
7,週三,16,宜蘭縣,貨車,50-59歲,女,A2,1,尿液,嗎啡,0,1,61~120,吊銷3年
1,週三,13,彰化縣,機車,50-59歲,男,A2,1,尿液,安非他命,0,2,0~30,吊銷3年
12,週一,22,新北市,小客車,60歲以上,男,A2,1,尿液,愷他命,3,0,0~30,吊扣2年
6,週二,13,桃園市,小客車,40-49歲,男,A2,1,尿液,安非他命,2,0,0~30,吊扣4年
7,週二,8,新北市,機車,60歲以上,男,A2,3,尿液,愷他命,2,1,0~30,吊銷3年
4,週四,17,屏東縣,小客車,60歲以上,男,A2,4,尿液,甲基安非他命,0,1,31~60,吊銷3年
6,週二,18,桃園市,機車,19歲以下,男,A2,1,尿液,愷他命,3,0,31~60,吊扣4年
7,週四,19,新北市,機車,40-49歲,女,A2,2,尿液,安非他命,0,1,31~60,吊銷3年
4,週二,18,高雄市,機車,40-49歲,男,A2,1,尿液,甲基安非他命,3,0,0~30,吊扣3年
8,週日,8,新北市,大客車,40-49歲,男,A2,1,尿液,嗎啡,0,0,0~30,吊扣3年
3,週日,9,桃園市,小客車,50-59歲,男,A2,2,血液,嗎啡,3,0,31~60,吊扣4年
5,週四,8,臺南市,小客車,50-59歲,女,A2,1,尿液,甲基安非他命,2,0,31~60,吊扣4年
9,週日,20,新北市,小客車,40-49歲,男,A2,1,尿液,安非他命,3,2,31~60,吊銷3年
6,週五,6,高雄市,小客車,40-49歲,女,A2,1,尿液,愷他命,2,1,0~30,吊銷3年
1,週二,7,苗栗縣,小客車,40-49歲,男,A2,1,血液,嗎啡,3,0,0~30,吊扣2年
8,週二,18,桃園市,機車,60歲以上,男,A2,1,尿液,嗎啡,0,0,31~60,吊扣4年
9,週六,13,臺南市,機車,50-59歲,男,A2,2,尿液,甲基安非他命,1,0,0~30,吊扣4年
3,週五,18,新北市,機車,50-59歲,男,A2,1,尿液,愷他命,0,0,0~30,吊扣2年
2,週三,21,桃園市,機車,50-59歲,男,A2,1,血液,甲基安非他命,2,4,31~60,吊銷3年
6,週二,14,臺北市,機車,60歲以上,男,A2,1,尿液,安非他命,1,1,121~500,吊銷3年
2,週日,10,彰化縣,機車,30-39歲,女,A2,1,尿液,甲基安非他命,0,0,0~30,吊扣2年
9,週三,21,新北市,小客車,50-59歲,男,A2,1,尿液,安非他命,0,1,0~30,吊銷3年
3,週四,19,臺中市,小客車,40-49歲,男,A2,1,尿液,甲基安非他命,3,3,61~120,吊銷3年
4,週四,17,新北市,小客車,40-49歲,男,A2,1,尿液,愷他命,3,2,31~60,吊銷3年
6,週二,6,高雄市,機車,19歲以下,女,A2,3,尿液,甲基安非他命,1,0,31~60,吊扣2年
8,週三,17,臺南市,機車,30-39歲,女,A2,2,尿液,甲基安非他命,3,1,31~60,吊銷3年
10,週四,22,桃園市,機車,50-59歲,男,A2,3,尿液,安非他命,0,1,0~30,吊銷3年
2,週三,20,臺南市,機車,40-49歲,男,A2,2,尿液,甲基安非他命,3,0,0~30,吊扣2年
4,週一,10,新北市,小客車,50-59歲,男,A2,2,尿液,安非他命,3,1,0~30,吊銷3年
4,週三,3,臺南市,機車,30-39歲,女,A2,1,尿液,安非他命,0,1,31~60,吊銷3年
6,週一,16,新竹縣,貨車,40-49歲,男,A2,1,尿液,甲基安非他命,1,1,31~60,吊銷3年
10,週二,18,臺北市,小客車,19歲以下,男,A2,1,尿液,安非他命,2,1,0~30,吊銷3年
4,週日,16,宜蘭縣,機車,60歲以上,男,A2,1,尿液,愷他命,0,4,31~60,吊銷3年
4,週二,10,臺南市,貨車,30-39歲,男,A2,1,尿液,安非他命,3,1,0~30,吊銷3年
10,週日,15,桃園市,小客車,60歲以上,男,A2,3,尿液,甲基安非他命,1,0,61~120,吊扣4年
2,週五,20,桃園市,機車,30-39歲,男,A2,1,尿液,甲基安非他命,1,1,31~60,吊銷3年
8,週日,1,新竹縣,機車,50-59歲,女,A2,1,尿液,嗎啡,3,1,0~30,吊銷3年
8,週三,11,新北市,小客車,20-29歲,男,A2,1,尿液,嗎啡,0,2,31~60,吊銷3年
9,週六,0,新北市,機車,30-39歲,男,A2,1,尿液,愷他命,0,0,0~30,吊扣2年
8,週五,10,屏東縣,機車,50-59歲,男,A2,2,尿液,甲基安非他命,1,1,31~60,吊銷3年
1,週五,6,新北市,機車,50-59歲,男,A2,1,尿液,甲基安非他命,1,1,31~60,吊銷3年
8,週五,18,桃園市,機車,30-39歲,男,A2,2,尿液,愷他命,3,1,61~120,吊銷3年
12,週三,8,新北市,大客車,30-39歲,男,A2,1,尿液,甲基安非他命,0,0,31~60,吊扣4年
11,週六,8,桃園市,小客車,40-49歲,男,A2,1,尿液,安非他命,1,0,0~30,吊扣2年
5,週日,18,南投縣,小客車,30-39歲,男,A2,1,血液,甲基安非他命,1,0,61~120,吊扣3年
7,週四,21,臺南市,機車,50-59歲,女,A2,2,尿液,愷他命,0,3,61~120,吊銷3年
9,週四,8,嘉義市,機車,40-49歲,男,A2,1,尿液,安非他命,0,1,31~60,吊銷3年
10,週日,17,新北市,小客車,50-59歲,男,A2,3,尿液,愷他命,3,0,0~30,吊扣4年
4,週二,20,臺中市,機車,40-49歲,女,A2,1,尿液,嗎啡,3,0,0~30,吊扣3年
7,週六,9,臺中市,機車,50-59歲,男,A2,1,尿液,嗎啡,0,3,31~60,吊銷3年
12,週五,18,宜蘭縣,小客車,40-49歲,男,A2,1,尿液,甲基安非他命,1,1,121~500,吊銷3年
5,週一,14,臺中市,機車,50-59歲,男,A2,1,尿液,愷他命,3,0,0~30,吊扣2年
1,週二,13,新北市,機車,60歲以上,男,A2,1,尿液,甲基安非他命,3,0,31~60,吊扣3年
3,週一,18,桃園市,小客車,20-29歲,男,A2,1,尿液,愷他命,1,0,31~60,吊扣3年
6,週六,18,彰化縣,貨車,30-39歲,男,A2,1,尿液,愷他命,0,0,0~30,吊扣3年
7,週日,14,嘉義市,機車,40-49歲,男,A2,2,尿液,愷他命,3,3,0~30,吊銷3年
7,週五,8,臺中市,機車,40-49歲,男,A2,1,尿液,安非他命,2,0,0~30,吊扣3年
9,週五,21,新竹市,小客車,50-59歲,女,A2,1,尿液,安非他命,1,2,31~60,吊銷3年
9,週日,10,苗栗縣,小客車,30-39歲,男,A2,1,血液,安非他命,1,1,121~500,吊銷3年
3,週六,9,臺北市,小客車,19歲以下,男,A2,1,尿液,甲基安非他命,0,0,0~30,吊扣3年
3,週六,16,臺南市,機車,40-49歲,女,A2,3,尿液,甲基安非他命,3,2,0~30,吊銷3年
10,週六,0,臺北市,機車,40-49歲,男,A2,1,尿液,甲基安非他命,2,1,61~120,吊銷3年
9,週一,18,新竹市,小客車,40-49歲,男,A2,1,尿液,安非他命,0,0,121~500,吊扣4年
7,週二,16,桃園市,小客車,60歲以上,男,A2,1,血液,嗎啡,1,2,121~500,吊銷3年
4,週三,7,臺北市,機車,50-59歲,男,A2,2,尿液,愷他命,3,4,61~120,吊銷3年
8,週一,20,新北市,小客車,40-49歲,男,A2,1,尿液,安非他命,3,2,31~60,吊銷3年
8,週一,16,高雄市,機車,40-49歲,女,A2,2,尿液,安非他命,0,0,0~30,吊扣4年
2,週五,18,新北市,小客車,30-39歲,男,A2,2,尿液,愷他命,1,1,121~500,吊銷3年
4,週三,1,臺東縣,機車,40-49歲,男,A2,1,尿液,愷他命,3,1,0~30,吊銷3年
10,週一,10,高雄市,小客車,30-39歲,男,A2,1,血液,嗎啡,2,2,121~500,吊銷3年
5,週六,3,桃園市,機車,20-29歲,男,A2,2,尿液,甲基安非他命,1,0,121~500,吊扣4年
7,週六,9,嘉義縣,機車,40-49歲,女,A2,1,尿液,甲基安非他命,2,0,31~60,吊扣4年
5,週四,21,臺北市,機車,60歲以上,男,A2,1,尿液,嗎啡,2,0,31~60,吊扣2年
7,週二,9,桃園市,小客車,40-49歲,女,A2,1,尿液,安非他命,1,0,31~60,吊扣2年
9,週一,11,臺中市,機車,50-59歲,女,A2,1,尿液,愷他命,2,1,31~60,吊銷3年
9,週二,17,嘉義市,小客車,30-39歲,男,A2,1,尿液,愷他命,2,0,0~30,吊扣3年
11,週五,12,臺南市,小客車,30-39歲,女,A2,1,尿液,嗎啡,1,2,31~60,吊銷3年
10,週二,18,桃園市,小客車,30-39歲,男,A2,1,血液,甲基安非他命,3,0,31~60,吊扣2年
5,週日,12,桃園市,小客車,19歲以下,男,A2,2,尿液,安非他命,0,0,31~60,吊扣3年
4,週六,9,南投縣,小客車,50-59歲,男,A2,1,尿液,愷他命,1,0,31~60,吊扣4年
10,週六,15,高雄市,機車,50-59歲,男,A2,2,尿液,甲基安非他命,2,1,0~30,吊銷3年
8,週三,16,臺北市,機車,30-39歲,男,A2,1,尿液,愷他命,1,0,31~60,吊扣4年
11,週六,15,高雄市,機車,40-49歲,男,A2,1,血液,甲基安非他命,1,0,31~60,吊扣3年
4,週三,13,臺中市,機車,50-59歲,男,A2,1,尿液,安非他命,0,2,31~60,吊銷3年
10,週三,16,新北市,大客車,60歲以上,男,A2,1,尿液,安非他命,2,4,31~60,吊銷3年
2,週一,18,新北市,大客車,50-59歲,男,A2,2,尿液,嗎啡,1,1,0~30,吊銷3年
7,週日,7,高雄市,機車,40-49歲,男,A2,2,尿液,甲基安非他命,2,2,31~60,吊銷3年
11,週四,14,臺南市,機車,40-49歲,男,A2,1,尿液,甲基安非他命,2,0,31~60,吊扣2年
2,週日,5,新北市,小客車,60歲以上,男,A2,1,尿液,甲基安非他命,0,0,31~60,吊扣3年
3,週五,8,基隆市,機車,50-59歲,男,A2,2,尿液,安非他命,2,0,0~30,吊扣4年
9,週二,18,嘉義市,機車,60歲以上,男,A2,2,尿液,甲基安非他命,2,1,31~60,吊銷3年
4,週六,11,基隆市,機車,50-59歲,男,A2,3,尿液,甲基安非他命,2,0,31~60,吊扣2年
9,週二,10,臺中市,小客車,40-49歲,男,A2,1,血液,愷他命,2,1,0~30,吊銷3年
4,週日,15,新北市,小客車,50-59歲,男,A2,1,尿液,愷他命,3,1,0~30,吊銷3年
1,週二,9,臺北市,小客車,50-59歲,女,A2,1,尿液,安非他命,3,2,31~60,吊銷3年
7,週五,20,臺北市,小客車,40-49歲,女,A2,1,尿液,安非他命,2,1,0~30,吊銷3年
10,週五,21,桃園市,機車,40-49歲,男,A2,1,尿液,甲基安非他命,3,1,31~60,吊銷3年
7,週二,16,桃園市,小客車,40-49歲,男,A2,1,尿液,甲基安非他命,0,1,31~60,吊銷3年
2,週六,23,臺南市,小客車,40-49歲,男,A2,1,尿液,甲基安非他命,2,2,0~30,吊銷3年
8,週三,0,臺中市,貨車,50-59歲,男,A2,1,尿液,甲基安非他命,0,0,121~500,吊扣2年
4,週一,19,新北市,機車,40-49歲,男,A2,2,尿液,甲基安非他命,0,2,31~60,吊銷3年
8,週三,18,高雄市,機車,20-29歲,男,A2,2,尿液,甲基安非他命,1,2,31~60,吊銷3年
2,週六,2,彰化縣,機車,60歲以上,男,A2,1,尿液,安非他命,3,0,121~500,吊扣3年
10,週一,10,臺北市,機車,30-39歲,男,A2,1,尿液,安非他命,2,1,31~60,吊銷3年
11,週四,12,新北市,小客車,40-49歲,男,A2,1,尿液,嗎啡,3,1,121~500,吊銷3年
6,週三,13,花蓮縣,貨車,40-49歲,男,A2,1,尿液,甲基安非他命,1,1,121~500,吊銷3年
8,週三,17,新北市,機車,40-49歲,男,A2,2,尿液,安非他命,3,0,121~500,吊扣2年
8,週日,5,桃園市,小客車,60歲以上,男,A2,2,尿液,愷他命,0,0,31~60,吊扣3年
4,週二,9,新竹縣,小客車,40-49歲,男,A2,2,尿液,甲基安非他命,3,1,31~60,吊銷3年
12,週二,8,新北市,小客車,60歲以上,男,A2,1,尿液,愷他命,0,1,31~60,吊銷3年
9,週二,4,宜蘭縣,貨車,50-59歲,男,A2,1,尿液,甲基安非他命,3,0,0~30,吊扣2年
4,週五,5,臺中市,機車,40-49歲,男,A2,1,血液,安非他命,1,0,0~30,吊扣3年
2,週三,18,新北市,機車,50-59歲,男,A2,2,尿液,安非他命,1,0,0~30,吊扣2年
5,週二,15,臺中市,小客車,50-59歲,女,A2,1,血液,安非他命,0,1,31~60,吊銷3年
6,週一,23,桃園市,機車,40-49歲,男,A2,2,尿液,安非他命,2,0,0~30,吊扣4年
6,週六,14,臺中市,機車,30-39歲,男,A2,3,血液,甲基安非他命,0,2,31~60,吊銷3年
5,週四,0,新竹市,小客車,50-59歲,男,A2,1,尿液,甲基安非他命,3,0,0~30,吊扣3年
1,週日,18,高雄市,小客車,60歲以上,男,A2,1,尿液,安非他命,0,1,31~60,吊銷3年
1,週五,6,臺北市,小客車,60歲以上,男,A2,1,尿液,安非他命,0,1,31~60,吊銷3年
2,週五,18,基隆市,小客車,20-29歲,男,A2,1,尿液,嗎啡,2,1,31~60,吊銷3年
4,週二,17,新竹縣,機車,40-49歲,男,A2,2,尿液,甲基安非他命,0,1,0~30,吊銷3年
5,週六,9,臺南市,機車,40-49歲,男,A2,3,血液,甲基安非他命,2,0,31~60,吊扣3年
11,週一,6,新北市,小客車,40-49歲,男,A2,1,尿液,安非他命,0,0,31~60,吊扣3年
10,週三,3,臺中市,小客車,40-49歲,男,A2,1,尿液,安非他命,2,0,31~60,吊扣2年
1,週二,18,彰化縣,小客車,40-49歲,男,A2,1,尿液,安非他命,0,0,31~60,吊扣4年
10,週五,10,高雄市,機車,30-39歲,男,A2,1,尿液,安非他命,2,1,0~30,吊銷3年
8,週三,11,南投縣,小客車,30-39歲,男,A2,2,尿液,愷他命,2,1,61~120,吊銷3年
3,週一,9,屏東縣,貨車,60歲以上,男,A2,1,尿液,愷他命,3,1,0~30,吊銷3年
8,週五,8,新北市,機車,40-49歲,男,A2,2,尿液,安非他命,1,2,61~120,吊銷3年
3,週三,19,桃園市,機車,60歲以上,女,A2,1,尿液,甲基安非他命,1,0,0~30,吊扣4年
3,週日,14,新北市,小客車,19歲以下,男,A2,1,尿液,甲基安非他命,3,1,31~60,吊銷3年
2,週一,11,彰化縣,貨車,50-59歲,男,A2,1,尿液,甲基安非他命,1,0,0~30,吊扣3年
10,週三,18,新竹市,機車,60歲以上,男,A2,2,血液,甲基安非他命,3,0,31~60,吊扣3年
10,週六,0,屏東縣,小客車,40-49歲,男,A2,4,尿液,甲基安非他命,3,0,0~30,吊扣3年
4,週五,13,新北市,機車,30-39歲,男,A2,1,尿液,安非他命,3,1,0~30,吊銷3年
4,週六,17,南投縣,機車,20-29歲,男,A2,1,尿液,安非他命,2,1,0~30,吊銷3年
5,週日,0,臺北市,小客車,30-39歲,女,A2,1,尿液,甲基安非他命,2,2,31~60,吊銷3年
2,週一,7,高雄市,機車,40-49歲,男,A2,2,尿液,安非他命,1,0,31~60,吊扣4年
10,週四,8,臺南市,機車,60歲以上,男,A2,1,尿液,甲基安非他命,0,0,0~30,吊扣3年
6,週二,19,臺中市,機車,60歲以上,男,A2,1,血液,甲基安非他命,2,0,121~500,吊扣4年
7,週三,0,高雄市,機車,30-39歲,女,A1,0,尿液,嗎啡,3,1,31~60,吊銷終身
7,週二,17,新竹市,機車,30-39歲,女,A2,1,尿液,愷他命,3,1,0~30,吊銷3年
10,週四,8,新北市,小客車,30-39歲,男,A2,1,尿液,甲基安非他命,2,2,31~60,吊銷3年
2,週五,19,宜蘭縣,機車,40-49歲,男,A2,2,尿液,安非他命,1,0,31~60,吊扣3年
7,週二,22,臺中市,小客車,40-49歲,男,A2,1,尿液,安非他命,1,3,31~60,吊銷3年
6,週日,16,新北市,小客車,40-49歲,男,A2,2,尿液,安非他命,1,1,31~60,吊銷3年
9,週五,11,臺中市,機車,19歲以下,女,A2,2,血液,愷他命,3,1,0~30,吊銷3年
10,週四,9,臺中市,小客車,20-29歲,男,A2,1,尿液,愷他命,0,1,121~500,吊銷3年
6,週三,0,高雄市,小客車,40-49歲,男,A2,1,血液,安非他命,3,0,61~120,吊扣4年
10,週五,7,雲林縣,機車,20-29歲,男,A2,1,尿液,安非他命,0,1,31~60,吊銷3年
2,週三,15,桃園市,機車,40-49歲,男,A2,2,尿液,甲基安非他命,3,0,0~30,吊扣2年
2,週日,11,新北市,機車,40-49歲,男,A2,2,尿液,甲基安非他命,0,2,31~60,吊銷3年
5,週三,21,雲林縣,小客車,40-49歲,男,A2,1,尿液,甲基安非他命,1,1,31~60,吊銷3年
2,週日,20,彰化縣,小客車,40-49歲,男,A2,1,血液,安非他命,2,1,121~500,吊銷3年
1,週三,15,臺南市,小客車,30-39歲,男,A2,1,尿液,甲基安非他命,3,1,31~60,吊銷3年
3,週五,11,桃園市,機車,50-59歲,男,A2,1,尿液,甲基安非他命,0,0,31~60,吊扣4年
11,週日,11,桃園市,機車,60歲以上,男,A2,1,尿液,嗎啡,3,1,31~60,吊銷3年
11,週一,18,桃園市,機車,40-49歲,男,A2,1,尿液,甲基安非他命,0,1,0~30,吊銷3年
10,週二,5,高雄市,機車,50-59歲,男,A2,2,尿液,嗎啡,1,3,31~60,吊銷3年
9,週三,7,高雄市,機車,40-49歲,男,A2,2,尿液,安非他命,3,1,0~30,吊銷3年
4,週三,12,新北市,小客車,40-49歲,女,A2,1,尿液,愷他命,1,4,0~30,吊銷3年
9,週一,17,南投縣,小客車,50-59歲,男,A2,1,尿液,安非他命,0,4,31~60,吊銷3年
7,週二,8,新北市,小客車,40-49歲,男,A2,1,尿液,嗎啡,0,1,0~30,吊銷3年
12,週二,13,臺中市,機車,40-49歲,男,A2,1,尿液,愷他命,1,1,0~30,吊銷3年
9,週二,15,臺中市,貨車,50-59歲,男,A2,1,尿液,安非他命,1,0,61~120,吊扣3年
11,週六,10,新竹縣,貨車,50-59歲,男,A2,2,尿液,安非他命,1,0,61~120,吊扣3年
9,週二,14,屏東縣,貨車,40-49歲,女,A2,1,尿液,甲基安非他命,1,1,0~30,吊銷3年
12,週一,4,臺南市,機車,30-39歲,男,A2,1,尿液,安非他命,3,0,31~60,吊扣4年
7,週三,14,苗栗縣,貨車,40-49歲,男,A2,2,尿液,甲基安非他命,3,1,0~30,吊銷3年
5,週日,0,新北市,機車,30-39歲,男,A2,1,血液,愷他命,1,2,31~60,吊銷3年
4,週六,19,基隆市,機車,50-59歲,男,A2,2,尿液,愷他命,0,2,31~60,吊銷3年
10,週三,19,新北市,小客車,40-49歲,男,A2,1,尿液,安非他命,2,0,31~60,吊扣4年
9,週六,12,新北市,大客車,50-59歲,男,A2,1,尿液,甲基安非他命,3,0,0~30,吊扣2年
1,週六,3,桃園市,機車,40-49歲,男,A2,2,尿液,安非他命,0,2,31~60,吊銷3年
1,週三,18,臺南市,機車,40-49歲,男,A2,1,尿液,安非他命,2,0,0~30,吊扣4年
9,週日,13,桃園市,小客車,40-49歲,男,A2,1,尿液,甲基安非他命,0,0,0~30,吊扣2年
6,週三,7,基隆市,貨車,20-29歲,女,A2,2,尿液,安非他命,0,0,0~30,吊扣4年
12,週五,19,新北市,機車,50-59歲,男,A2,2,尿液,安非他命,1,2,31~60,吊銷3年
4,週二,15,嘉義市,小客車,40-49歲,男,A2,1,尿液,甲基安非他命,3,0,31~60,吊扣4年
4,週五,9,臺中市,機車,40-49歲,女,A2,1,尿液,安非他命,2,1,31~60,吊銷3年
10,週六,12,臺中市,小客車,30-39歲,女,A2,1,尿液,安非他命,2,2,0~30,吊銷3年
11,週六,11,新北市,大客車,40-49歲,男,A2,1,尿液,甲基安非他命,2,1,0~30,吊銷3年
8,週四,5,宜蘭縣,機車,19歲以下,男,A2,1,尿液,甲基安非他命,1,1,0~30,吊銷3年
4,週一,10,基隆市,小客車,40-49歲,男,A2,2,尿液,甲基安非他命,0,0,61~120,吊扣3年
7,週二,9,桃園市,機車,20-29歲,男,A2,1,尿液,安非他命,2,0,0~30,吊扣3年
2,週二,10,新北市,機車,30-39歲,女,A2,1,尿液,嗎啡,0,2,121~500,吊銷3年
1,週五,23,嘉義市,機車,20-29歲,女,A2,1,尿液,愷他命,3,0,0~30,吊扣2年
5,週三,17,臺南市,小客車,40-49歲,男,A2,1,尿液,嗎啡,1,1,31~60,吊銷3年
7,週二,22,新北市,小客車,30-39歲,男,A2,1,尿液,安非他命,1,2,31~60,吊銷3年
2,週一,13,新竹市,機車,40-49歲,男,A2,1,尿液,安非他命,2,3,0~30,吊銷3年
10,週六,10,新北市,機車,50-59歲,男,A2,3,血液,甲基安非他命,1,0,0~30,吊扣2年
4,週二,19,桃園市,機車,50-59歲,男,A2,1,尿液,甲基安非他命,0,0,0~30,吊扣3年
7,週五,18,高雄市,機車,40-49歲,女,A2,3,血液,甲基安非他命,1,1,0~30,吊銷3年
7,週六,7,雲林縣,小客車,40-49歲,女,A1,1,尿液,嗎啡,0,0,0~30,吊銷終身
4,週六,16,臺北市,貨車,30-39歲,女,A2,1,尿液,安非他命,3,1,0~30,吊銷3年
11,週六,14,高雄市,貨車,30-39歲,男,A2,2,尿液,愷他命,3,1,31~60,吊銷3年
11,週二,14,新北市,貨車,50-59歲,男,A2,1,尿液,甲基安非他命,0,1,31~60,吊銷3年
6,週日,23,新北市,機車,50-59歲,女,A2,4,尿液,安非他命,3,1,0~30,吊銷3年
4,週四,13,臺南市,機車,30-39歲,男,A2,1,尿液,安非他命,0,3,31~60,吊銷3年
7,週五,13,嘉義市,機車,40-49歲,男,A2,1,尿液,安非他命,1,0,31~60,吊扣3年
5,週四,20,桃園市,小客車,40-49歲,女,A2,1,尿液,安非他命,1,0,31~60,吊扣4年
3,週一,16,臺中市,小客車,40-49歲,男,A2,1,尿液,嗎啡,2,1,121~500,吊銷3年
6,週五,7,苗栗縣,機車,40-49歲,男,A2,1,尿液,甲基安非他命,3,1,0~30,吊銷3年
1,週六,9,高雄市,貨車,60歲以上,男,A2,1,尿液,安非他命,3,1,121~500,吊銷3年
9,週二,0,嘉義市,機車,20-29歲,男,A2,1,尿液,愷他命,2,0,31~60,吊扣3年
9,週日,19,高雄市,小客車,40-49歲,男,A2,2,血液,甲基安非他命,0,0,0~30,吊扣2年
12,週六,13,彰化縣,機車,20-29歲,男,A2,2,尿液,安非他命,1,1,31~60,吊銷3年
3,週日,13,臺中市,小客車,30-39歲,男,A2,2,尿液,甲基安非他命,0,2,0~30,吊銷3年
5,週四,21,桃園市,小客車,40-49歲,男,A2,1,尿液,愷他命,2,3,31~60,吊銷3年
9,週日,20,屏東縣,小客車,60歲以上,男,A2,1,尿液,安非他命,1,1,31~60,吊銷3年
5,週三,16,新北市,機車,30-39歲,男,A2,1,尿液,安非他命,0,0,31~60,吊扣2年
3,週五,8,臺南市,機車,50-59歲,男,A2,1,尿液,甲基安非他命,0,1,31~60,吊銷3年
10,週一,14,新北市,小客車,20-29歲,男,A2,1,尿液,愷他命,0,0,31~60,吊扣3年
5,週二,8,新北市,小客車,50-59歲,男,A2,1,尿液,甲基安非他命,1,1,61~120,吊銷3年
4,週一,19,基隆市,機車,40-49歲,男,A2,2,尿液,甲基安非他命,1,1,0~30,吊銷3年
6,週六,1,高雄市,小客車,40-49歲,男,A2,1,尿液,甲基安非他命,1,0,0~30,吊扣2年
4,週五,16,新北市,小客車,40-49歲,女,A2,1,尿液,安非他命,1,1,0~30,吊銷3年
2,週一,4,新竹市,貨車,20-29歲,男,A2,1,尿液,安非他命,3,0,31~60,吊扣2年
7,週五,11,新北市,小客車,40-49歲,女,A2,1,尿液,甲基安非他命,2,0,0~30,吊扣4年
1,週五,0,嘉義市,小客車,50-59歲,女,A2,1,尿液,愷他命,3,1,31~60,吊銷3年
4,週三,19,新北市,機車,50-59歲,男,A2,2,血液,甲基安非他命,1,1,31~60,吊銷3年
8,週四,17,苗栗縣,機車,40-49歲,男,A2,1,尿液,愷他命,3,0,0~30,吊扣3年
3,週四,18,臺北市,大客車,30-39歲,男,A2,1,尿液,安非他命,1,1,0~30,吊銷3年
10,週五,15,嘉義市,機車,60歲以上,男,A2,3,尿液,甲基安非他命,0,1,0~30,吊銷3年
9,週六,7,桃園市,機車,30-39歲,男,A2,2,尿液,愷他命,3,1,121~500,吊銷3年
1,週日,20,臺中市,小客車,30-39歲,男,A2,1,尿液,安非他命,2,0,61~120,吊扣3年
6,週一,12,高雄市,機車,30-39歲,女,A2,2,尿液,安非他命,0,1,0~30,吊銷3年
9,週一,22,花蓮縣,小客車,60歲以上,男,A2,1,血液,安非他命,0,1,0~30,吊銷3年
1,週二,8,臺中市,機車,30-39歲,男,A2,1,尿液,愷他命,2,0,0~30,吊扣3年
7,週四,19,桃園市,機車,50-59歲,女,A2,1,尿液,嗎啡,2,0,31~60,吊扣4年
7,週日,19,臺北市,機車,50-59歲,男,A2,1,尿液,甲基安非他命,3,3,31~60,吊銷3年
10,週三,11,新北市,機車,19歲以下,男,A2,1,尿液,甲基安非他命,3,2,121~500,吊銷3年
7,週六,18,彰化縣,機車,40-49歲,男,A2,1,尿液,安非他命,1,3,0~30,吊銷3年
8,週六,11,新北市,機車,19歲以下,男,A2,1,尿液,甲基安非他命,0,2,0~30,吊銷3年
12,週日,11,臺北市,小客車,50-59歲,男,A2,1,尿液,甲基安非他命,1,1,0~30,吊銷3年
4,週四,22,宜蘭縣,機車,50-59歲,男,A2,3,血液,甲基安非他命,0,0,31~60,吊扣2年
1,週五,17,臺中市,機車,30-39歲,男,A2,1,尿液,甲基安非他命,1,1,0~30,吊銷3年
7,週日,3,桃園市,小客車,20-29歲,男,A2,1,尿液,愷他命,3,1,121~500,吊銷3年
9,週二,14,新北市,小客車,60歲以上,男,A2,1,尿液,甲基安非他命,2,1,0~30,吊銷3年
10,週二,21,臺北市,機車,60歲以上,男,A2,2,尿液,甲基安非他命,1,0,0~30,吊扣2年
8,週五,15,桃園市,機車,30-39歲,男,A2,1,血液,安非他命,0,2,0~30,吊銷3年
5,週三,5,新北市,機車,60歲以上,男,A2,1,尿液,甲基安非他命,2,0,31~60,吊扣2年
10,週四,1,宜蘭縣,機車,50-59歲,男,A2,1,尿液,安非他命,0,2,31~60,吊銷3年
8,週三,12,臺中市,機車,60歲以上,女,A2,1,尿液,愷他命,1,1,0~30,吊銷3年
2,週二,22,桃園市,機車,40-49歲,男,A2,2,尿液,甲基安非他命,2,2,31~60,吊銷3年
11,週三,22,高雄市,小客車,50-59歲,男,A2,2,尿液,甲基安非他命,3,0,121~500,吊扣4年
7,週四,20,臺中市,機車,40-49歲,男,A2,1,尿液,愷他命,3,1,0~30,吊銷3年
11,週三,6,桃園市,機車,50-59歲,女,A2,1,尿液,甲基安非他命,2,1,0~30,吊銷3年
8,週四,20,高雄市,小客車,40-49歲,男,A2,1,尿液,甲基安非他命,2,1,0~30,吊銷3年
5,週六,7,臺南市,小客車,40-49歲,男,A2,1,尿液,安非他命,1,1,31~60,吊銷3年
2,週六,15,臺北市,機車,60歲以上,男,A2,1,尿液,愷他命,3,0,0~30,吊扣2年
4,週三,21,桃園市,小客車,30-39歲,男,A2,1,尿液,愷他命,3,1,0~30,吊銷3年
7,週日,14,雲林縣,機車,40-49歲,男,A2,3,血液,嗎啡,1,0,61~120,吊扣4年
7,週日,11,高雄市,小客車,40-49歲,男,A2,1,尿液,安非他命,2,1,31~60,吊銷3年
10,週二,20,宜蘭縣,機車,60歲以上,男,A2,1,尿液,安非他命,0,0,0~30,吊扣2年
6,週四,23,臺中市,機車,60歲以上,男,A2,1,尿液,安非他命,0,1,31~60,吊銷3年
10,週二,20,臺中市,機車,50-59歲,男,A2,2,尿液,愷他命,0,2,31~60,吊銷3年
10,週五,14,臺北市,機車,50-59歲,男,A2,3,尿液,甲基安非他命,2,0,31~60,吊扣4年
7,週日,15,嘉義縣,小客車,19歲以下,男,A2,1,尿液,安非他命,3,2,0~30,吊銷3年
8,週三,22,花蓮縣,小客車,20-29歲,男,A2,1,尿液,愷他命,2,1,31~60,吊銷3年
2,週二,19,南投縣,小客車,50-59歲,男,A2,1,尿液,安非他命,1,4,31~60,吊銷3年
7,週日,21,基隆市,小客車,30-39歲,男,A2,1,尿液,甲基安非他命,3,0,0~30,吊扣2年
8,週六,13,花蓮縣,小客車,40-49歲,男,A2,1,尿液,甲基安非他命,1,0,31~60,吊扣2年
4,週三,11,新北市,機車,40-49歲,男,A2,1,尿液,愷他命,0,2,61~120,吊銷3年
7,週五,7,新竹縣,小客車,40-49歲,男,A2,1,尿液,甲基安非他命,2,1,31~60,吊銷3年
11,週三,14,高雄市,機車,50-59歲,男,A2,1,尿液,安非他命,3,1,0~30,吊銷3年
2,週一,13,臺中市,機車,30-39歲,男,A2,1,尿液,愷他命,3,1,0~30,吊銷3年
12,週二,18,桃園市,機車,19歲以下,男,A2,2,尿液,甲基安非他命,1,1,31~60,吊銷3年
8,週四,19,桃園市,小客車,40-49歲,男,A2,1,尿液,甲基安非他命,0,1,121~500,吊銷3年
5,週日,4,新北市,小客車,40-49歲,男,A2,1,尿液,愷他命,2,2,0~30,吊銷3年
8,週六,14,屏東縣,小客車,20-29歲,男,A2,1,尿液,嗎啡,2,4,31~60,吊銷3年
11,週二,23,苗栗縣,小客車,50-59歲,男,A2,1,尿液,安非他命,1,0,61~120,吊扣4年
4,週三,7,臺北市,機車,40-49歲,女,A2,2,尿液,甲基安非他命,0,1,31~60,吊銷3年
2,週二,18,新竹市,機車,20-29歲,男,A2,1,尿液,安非他命,0,1,0~30,吊銷3年
8,週日,10,臺南市,小客車,60歲以上,男,A2,2,尿液,安非他命,0,1,0~30,吊銷3年
10,週二,22,臺南市,機車,60歲以上,男,A2,1,尿液,愷他命,2,0,31~60,吊扣3年
5,週五,14,臺北市,貨車,20-29歲,男,A2,1,尿液,甲基安非他命,3,0,0~30,吊扣4年
6,週二,8,彰化縣,小客車,30-39歲,男,A2,1,尿液,安非他命,0,0,61~120,吊扣3年
11,週五,0,高雄市,貨車,50-59歲,男,A2,2,尿液,嗎啡,2,3,31~60,吊銷3年
6,週一,15,臺南市,貨車,50-59歲,女,A2,1,尿液,甲基安非他命,0,0,121~500,吊扣4年
4,週三,19,彰化縣,小客車,60歲以上,男,A2,1,尿液,甲基安非他命,0,3,31~60,吊銷3年
10,週一,1,南投縣,貨車,30-39歲,男,A2,1,尿液,安非他命,2,2,31~60,吊銷3年
1,週一,18,高雄市,機車,30-39歲,女,A2,1,尿液,安非他命,3,1,61~120,吊銷3年
7,週日,7,桃園市,機車,20-29歲,男,A2,1,尿液,嗎啡,3,0,31~60,吊扣4年
3,週一,9,臺南市,機車,40-49歲,男,A2,2,尿液,安非他命,1,0,121~500,吊扣2年
11,週三,5,屏東縣,機車,40-49歲,男,A2,2,尿液,愷他命,2,3,61~120,吊銷3年
1,週二,7,高雄市,小客車,40-49歲,男,A2,1,尿液,安非他命,2,0,31~60,吊扣4年
7,週日,10,宜蘭縣,機車,40-49歲,男,A2,1,血液,甲基安非他命,2,1,0~30,吊銷3年
11,週二,18,桃園市,貨車,50-59歲,男,A2,1,血液,甲基安非他命,3,0,61~120,吊扣3年
4,週一,18,高雄市,機車,60歲以上,男,A2,1,尿液,安非他命,3,1,0~30,吊銷3年
9,週四,7,臺中市,機車,30-39歲,男,A2,1,尿液,嗎啡,3,0,61~120,吊扣4年
2,週二,19,臺北市,小客車,50-59歲,男,A2,1,尿液,甲基安非他命,1,0,31~60,吊扣4年
2,週五,19,屏東縣,小客車,40-49歲,男,A2,1,尿液,愷他命,3,0,31~60,吊扣2年
7,週四,11,彰化縣,小客車,40-49歲,男,A2,1,尿液,安非他命,1,2,0~30,吊銷3年
2,週四,11,臺南市,機車,40-49歲,男,A2,1,尿液,安非他命,2,1,31~60,吊銷3年
10,週三,17,臺南市,機車,40-49歲,男,A2,1,尿液,甲基安非他命,0,0,31~60,吊扣4年
11,週日,10,高雄市,小客車,50-59歲,男,A2,2,尿液,甲基安非他命,2,2,31~60,吊銷3年
11,週二,7,雲林縣,機車,60歲以上,男,A2,1,血液,甲基安非他命,2,2,31~60,吊銷3年
4,週一,18,新北市,機車,40-49歲,女,A2,2,尿液,甲基安非他命,1,1,31~60,吊銷3年
4,週四,13,高雄市,貨車,40-49歲,男,A2,1,尿液,安非他命,2,1,121~500,吊銷3年
1,週日,20,新竹縣,小客車,20-29歲,女,A2,1,尿液,安非他命,3,3,121~500,吊銷3年
11,週四,10,臺南市,機車,50-59歲,女,A2,1,尿液,安非他命,3,1,0~30,吊銷3年
7,週三,9,新北市,小客車,20-29歲,男,A2,1,尿液,嗎啡,3,1,0~30,吊銷3年
3,週一,7,臺南市,小客車,40-49歲,男,A2,1,尿液,安非他命,3,1,31~60,吊銷3年
6,週四,13,新北市,機車,30-39歲,男,A2,1,尿液,安非他命,2,0,0~30,吊扣3年
1,週三,9,桃園市,機車,50-59歲,男,A2,2,尿液,安非他命,3,1,121~500,吊銷3年
5,週四,20,彰化縣,機車,50-59歲,男,A2,3,尿液,安非他命,2,1,31~60,吊銷3年
7,週一,8,新北市,小客車,30-39歲,男,A2,1,尿液,安非他命,3,1,0~30,吊銷3年
12,週四,0,屏東縣,機車,40-49歲,男,A2,1,尿液,甲基安非他命,1,2,31~60,吊銷3年
2,週五,18,臺中市,小客車,20-29歲,男,A2,1,尿液,愷他命,2,2,31~60,吊銷3年
2,週二,22,新北市,小客車,60歲以上,男,A2,2,血液,甲基安非他命,0,0,31~60,吊扣2年
6,週一,7,臺中市,小客車,50-59歲,男,A2,1,尿液,甲基安非他命,2,1,0~30,吊銷3年
10,週三,6,桃園市,小客車,40-49歲,男,A2,2,尿液,甲基安非他命,3,0,31~60,吊扣3年
4,週五,16,苗栗縣,小客車,60歲以上,女,A2,1,尿液,甲基安非他命,1,1,0~30,吊銷3年
1,週日,10,臺南市,機車,40-49歲,男,A2,2,尿液,甲基安非他命,0,0,0~30,吊扣4年
3,週日,15,臺中市,機車,40-49歲,男,A2,2,尿液,甲基安非他命,0,0,31~60,吊扣2年
8,週五,8,宜蘭縣,機車,40-49歲,男,A2,1,尿液,安非他命,2,1,31~60,吊銷3年
12,週日,22,新北市,機車,60歲以上,男,A2,1,尿液,安非他命,1,0,31~60,吊扣2年
12,週一,22,新北市,小客車,50-59歲,男,A2,2,尿液,嗎啡,3,0,0~30,吊扣3年
10,週日,10,嘉義市,機車,60歲以上,男,A2,1,尿液,安非他命,2,2,31~60,吊銷3年
7,週六,4,桃園市,小客車,50-59歲,男,A2,1,尿液,嗎啡,0,0,31~60,吊扣4年
2,週五,9,嘉義市,機車,50-59歲,男,A2,1,尿液,安非他命,1,0,31~60,吊扣3年
3,週一,8,新北市,機車,50-59歲,男,A2,2,尿液,安非他命,3,1,0~30,吊銷3年
10,週二,1,屏東縣,機車,60歲以上,男,A2,1,尿液,安非他命,2,0,31~60,吊扣3年
10,週五,22,桃園市,機車,40-49歲,男,A2,2,尿液,甲基安非他命,1,2,31~60,吊銷3年
3,週四,7,彰化縣,小客車,40-49歲,男,A2,1,尿液,安非他命,2,0,121~500,吊扣2年
7,週六,22,屏東縣,機車,40-49歲,男,A2,1,尿液,安非他命,2,1,61~120,吊銷3年
1,週日,1,新北市,小客車,50-59歲,男,A2,1,尿液,愷他命,0,0,31~60,吊扣2年
2,週一,19,臺北市,機車,30-39歲,男,A2,2,尿液,嗎啡,0,3,121~500,吊銷3年
3,週日,16,基隆市,機車,40-49歲,男,A2,2,尿液,安非他命,0,0,31~60,吊扣4年
7,週二,9,臺中市,小客車,40-49歲,女,A2,1,尿液,甲基安非他命,1,0,0~30,吊扣4年
3,週六,19,屏東縣,機車,20-29歲,男,A2,2,尿液,甲基安非他命,3,0,121~500,吊扣2年
10,週六,11,新北市,小客車,30-39歲,男,A2,1,尿液,安非他命,1,0,31~60,吊扣4年
9,週一,6,新北市,小客車,20-29歲,男,A2,1,尿液,安非他命,0,1,31~60,吊銷3年
3,週日,20,新北市,小客車,50-59歲,女,A2,1,尿液,嗎啡,0,0,31~60,吊扣3年
10,週五,22,新北市,機車,19歲以下,男,A2,2,尿液,安非他命,0,1,31~60,吊銷3年
4,週五,6,臺東縣,小客車,40-49歲,男,A2,1,尿液,嗎啡,0,2,31~60,吊銷3年
5,週五,8,桃園市,大客車,40-49歲,男,A2,1,尿液,安非他命,2,0,31~60,吊扣3年
3,週四,12,臺中市,小客車,50-59歲,男,A2,1,尿液,嗎啡,1,1,61~120,吊銷3年
10,週五,13,南投縣,小客車,60歲以上,男,A1,0,尿液,甲基安非他命,0,0,31~60,吊銷終身
4,週日,11,新北市,小客車,40-49歲,男,A2,1,尿液,安非他命,3,0,31~60,吊扣2年
3,週五,8,基隆市,小客車,40-49歲,男,A2,1,尿液,甲基安非他命,1,0,121~500,吊扣4年
1,週六,18,臺北市,小客車,20-29歲,男,A2,1,尿液,甲基安非他命,0,1,0~30,吊銷3年
9,週五,8,新竹縣,小客車,50-59歲,男,A2,1,尿液,甲基安非他命,3,0,31~60,吊扣4年
6,週五,10,雲林縣,小客車,40-49歲,男,A2,1,尿液,安非他命,3,1,121~500,吊銷3年
2,週五,9,桃園市,小客車,50-59歲,男,A2,1,尿液,安非他命,1,2,0~30,吊銷3年
2,週一,20,新北市,機車,40-49歲,女,A2,2,尿液,安非他命,1,0,0~30,吊扣3年
2,週四,17,苗栗縣,機車,30-39歲,男,A2,2,尿液,MDMA,3,0,0~30,吊扣2年
4,週二,1,南投縣,小客車,40-49歲,男,A2,2,尿液,愷他命,1,2,0~30,吊銷3年
3,週一,10,高雄市,小客車,50-59歲,男,A2,1,尿液,安非他命,1,1,121~500,吊銷3年
10,週四,11,臺北市,小客車,30-39歲,男,A2,1,尿液,安非他命,1,1,31~60,吊銷3年
7,週三,21,臺中市,機車,50-59歲,男,A2,1,尿液,安非他命,3,0,0~30,吊扣3年
6,週二,4,新北市,機車,30-39歲,男,A2,2,尿液,甲基安非他命,2,1,0~30,吊銷3年
4,週六,6,新北市,機車,60歲以上,男,A2,1,尿液,甲基安非他命,0,0,31~60,吊扣2年
6,週四,20,臺中市,機車,50-59歲,男,A2,2,尿液,安非他命,2,2,0~30,吊銷3年
9,週三,7,苗栗縣,貨車,40-49歲,女,A2,2,尿液,安非他命,0,1,0~30,吊銷3年
8,週二,16,桃園市,小客車,50-59歲,男,A2,1,尿液,甲基安非他命,2,4,31~60,吊銷3年
10,週三,13,臺南市,貨車,40-49歲,男,A2,1,尿液,安非他命,1,1,31~60,吊銷3年
2,週日,15,新北市,機車,40-49歲,男,A2,1,尿液,甲基安非他命,3,1,0~30,吊銷3年
11,週六,9,臺中市,機車,40-49歲,男,A2,2,尿液,甲基安非他命,0,2,31~60,吊銷3年
9,週五,9,屏東縣,機車,50-59歲,女,A2,2,尿液,愷他命,0,0,0~30,吊扣3年
8,週二,7,臺北市,機車,40-49歲,男,A2,1,尿液,甲基安非他命,2,3,31~60,吊銷3年
5,週二,17,新北市,小客車,50-59歲,女,A2,2,尿液,安非他命,3,4,31~60,吊銷3年
10,週六,10,高雄市,貨車,60歲以上,男,A2,1,尿液,安非他命,0,1,121~500,吊銷3年
10,週六,22,桃園市,小客車,40-49歲,男,A2,1,尿液,愷他命,0,2,121~500,吊銷3年
4,週五,16,臺北市,小客車,50-59歲,男,A2,1,尿液,安非他命,1,0,0~30,吊扣3年
4,週四,16,嘉義市,小客車,40-49歲,男,A2,1,尿液,安非他命,1,2,31~60,吊銷3年
4,週二,0,新北市,機車,50-59歲,男,A2,1,尿液,甲基安非他命,3,1,31~60,吊銷3年
3,週六,10,南投縣,小客車,20-29歲,男,A2,2,尿液,安非他命,0,1,31~60,吊銷3年
10,週二,9,臺北市,小客車,30-39歲,男,A2,1,尿液,嗎啡,0,2,31~60,吊銷3年
2,週五,1,高雄市,小客車,20-29歲,女,A2,1,尿液,安非他命,1,0,0~30,吊扣4年
12,週六,10,臺東縣,機車,40-49歲,男,A2,1,尿液,安非他命,0,2,31~60,吊銷3年
3,週二,20,桃園市,機車,60歲以上,男,A2,2,尿液,安非他命,2,2,0~30,吊銷3年
11,週四,20,新北市,機車,50-59歲,男,A2,3,尿液,甲基安非他命,3,0,121~500,吊扣3年
6,週六,22,臺北市,小客車,30-39歲,男,A2,1,尿液,安非他命,3,3,121~500,吊銷3年
4,週二,10,花蓮縣,機車,60歲以上,男,A2,1,尿液,甲基安非他命,3,1,0~30,吊銷3年
4,週六,11,基隆市,機車,40-49歲,男,A2,2,尿液,甲基安非他命,2,2,31~60,吊銷3年
9,週一,7,新北市,小客車,20-29歲,男,A2,1,尿液,愷他命,1,4,0~30,吊銷3年
12,週四,18,臺南市,小客車,40-49歲,男,A2,1,尿液,愷他命,2,0,31~60,吊扣2年
4,週四,19,臺中市,機車,40-49歲,男,A2,1,尿液,安非他命,1,1,0~30,吊銷3年
6,週日,12,臺南市,小客車,30-39歲,男,A2,1,尿液,甲基安非他命,1,0,0~30,吊扣3年
9,週一,19,苗栗縣,小客車,40-49歲,男,A2,1,尿液,嗎啡,1,1,0~30,吊銷3年
2,週一,11,新北市,小客車,40-49歲,男,A2,1,尿液,甲基安非他命,1,1,0~30,吊銷3年
10,週四,20,新北市,機車,50-59歲,男,A2,2,尿液,愷他命,2,3,0~30,吊銷3年
1,週四,11,高雄市,機車,40-49歲,女,A2,1,尿液,愷他命,0,3,31~60,吊銷3年
2,週六,7,臺南市,機車,20-29歲,男,A2,1,尿液,甲基安非他命,3,1,0~30,吊銷3年
6,週四,3,苗栗縣,貨車,40-49歲,女,A2,3,尿液,愷他命,3,4,31~60,吊銷3年
1,週六,1,新北市,小客車,40-49歲,女,A2,1,尿液,甲基安非他命,1,0,61~120,吊扣3年
4,週一,7,新北市,機車,40-49歲,男,A2,1,尿液,甲基安非他命,0,0,31~60,吊扣2年
3,週二,19,宜蘭縣,小客車,60歲以上,男,A2,1,尿液,甲基安非他命,0,2,121~500,吊銷3年
8,週二,17,臺南市,機車,40-49歲,男,A2,1,尿液,愷他命,0,0,31~60,吊扣3年
7,週一,7,臺北市,機車,50-59歲,男,A2,2,尿液,甲基安非他命,2,0,0~30,吊扣3年
5,週二,0,高雄市,機車,40-49歲,男,A2,1,尿液,甲基安非他命,0,1,31~60,吊銷3年
10,週五,18,臺中市,機車,40-49歲,男,A2,1,尿液,甲基安非他命,3,2,0~30,吊銷3年
10,週一,18,雲林縣,小客車,50-59歲,男,A2,1,尿液,嗎啡,3,0,31~60,吊扣2年
12,週五,18,桃園市,機車,50-59歲,男,A2,1,尿液,安非他命,3,0,31~60,吊扣4年
4,週五,15,屏東縣,機車,50-59歲,男,A2,1,尿液,甲基安非他命,0,1,121~500,吊銷3年
7,週六,6,南投縣,機車,60歲以上,男,A2,2,尿液,甲基安非他命,3,2,0~30,吊銷3年
4,週四,22,嘉義市,小客車,50-59歲,男,A2,1,尿液,甲基安非他命,3,2,0~30,吊銷3年
5,週六,14,高雄市,小客車,60歲以上,男,A2,1,尿液,安非他命,2,4,61~120,吊銷3年
9,週五,7,臺中市,機車,40-49歲,男,A2,2,尿液,愷他命,1,1,31~60,吊銷3年
8,週三,10,新北市,小客車,40-49歲,男,A2,1,尿液,愷他命,3,3,31~60,吊銷3年
2,週四,14,桃園市,機車,40-49歲,男,A2,1,尿液,甲基安非他命,2,1,0~30,吊銷3年
10,週日,20,彰化縣,機車,50-59歲,男,A2,1,尿液,安非他命,2,0,31~60,吊扣2年
3,週日,16,新北市,小客車,50-59歲,男,A2,1,尿液,愷他命,3,1,31~60,吊銷3年
10,週四,16,基隆市,小客車,50-59歲,男,A2,1,血液,安非他命,0,0,31~60,吊扣3年
11,週四,1,苗栗縣,小客車,40-49歲,男,A2,1,尿液,安非他命,2,1,31~60,吊銷3年
9,週五,2,新北市,小客車,40-49歲,男,A2,2,尿液,愷他命,2,1,31~60,吊銷3年
8,週日,8,嘉義市,小客車,40-49歲,女,A2,1,尿液,甲基安非他命,0,1,31~60,吊銷3年
5,週二,20,花蓮縣,機車,20-29歲,男,A2,1,尿液,甲基安非他命,1,2,121~500,吊銷3年
1,週三,8,高雄市,機車,50-59歲,男,A2,1,尿液,甲基安非他命,0,1,31~60,吊銷3年
1,週四,9,南投縣,機車,60歲以上,女,A2,1,尿液,安非他命,1,1,0~30,吊銷3年
12,週二,11,臺中市,小客車,30-39歲,男,A2,1,尿液,安非他命,1,0,31~60,吊扣3年
5,週五,19,新竹市,機車,20-29歲,男,A2,2,尿液,甲基安非他命,3,1,31~60,吊銷3年
6,週六,12,新北市,機車,40-49歲,女,A2,1,尿液,嗎啡,3,1,31~60,吊銷3年
8,週日,14,臺中市,大客車,30-39歲,男,A2,1,血液,愷他命,1,3,0~30,吊銷3年
5,週六,17,臺東縣,貨車,40-49歲,男,A2,1,血液,安非他命,3,1,0~30,吊銷3年
8,週二,8,臺中市,小客車,40-49歲,男,A2,1,尿液,愷他命,1,2,0~30,吊銷3年
1,週三,10,臺南市,貨車,40-49歲,男,A2,1,尿液,愷他命,2,1,121~500,吊銷3年
11,週二,23,桃園市,機車,40-49歲,男,A2,2,尿液,愷他命,2,0,31~60,吊扣4年
8,週日,20,嘉義市,機車,40-49歲,男,A2,1,尿液,愷他命,0,1,31~60,吊銷3年
5,週一,10,新竹市,機車,30-39歲,男,A2,1,尿液,甲基安非他命,1,0,121~500,吊扣2年
3,週日,14,苗栗縣,機車,40-49歲,男,A2,1,尿液,愷他命,3,1,31~60,吊銷3年
10,週六,22,桃園市,小客車,20-29歲,男,A2,1,尿液,安非他命,3,0,31~60,吊扣2年
5,週六,22,新北市,小客車,60歲以上,男,A2,1,尿液,安非他命,1,2,31~60,吊銷3年
1,週六,23,臺北市,小客車,19歲以下,男,A2,2,尿液,甲基安非他命,0,1,31~60,吊銷3年
7,週二,15,桃園市,機車,50-59歲,男,A2,2,尿液,安非他命,2,1,31~60,吊銷3年
7,週一,14,臺南市,機車,50-59歲,男,A2,1,尿液,甲基安非他命,0,0,0~30,吊扣2年
3,週二,7,臺南市,機車,20-29歲,男,A2,1,尿液,甲基安非他命,3,0,0~30,吊扣4年
5,週四,12,臺北市,小客車,20-29歲,男,A2,1,尿液,安非他命,0,1,0~30,吊銷3年
4,週一,19,高雄市,小客車,40-49歲,男,A2,1,尿液,嗎啡,3,1,31~60,吊銷3年
10,週五,7,彰化縣,小客車,40-49歲,男,A2,1,尿液,甲基安非他命,0,0,0~30,吊扣4年
3,週四,7,新北市,機車,30-39歲,男,A2,4,尿液,安非他命,3,1,31~60,吊銷3年
12,週一,18,新竹市,機車,50-59歲,男,A2,2,尿液,甲基安非他命,1,1,31~60,吊銷3年
10,週四,20,桃園市,小客車,40-49歲,男,A2,4,尿液,甲基安非他命,1,0,31~60,吊扣2年
5,週四,15,高雄市,機車,60歲以上,男,A2,2,尿液,甲基安非他命,1,0,0~30,吊扣4年
2,週五,7,新竹縣,小客車,30-39歲,男,A2,1,尿液,愷他命,1,1,121~500,吊銷3年
2,週二,6,新北市,小客車,50-59歲,男,A2,1,尿液,安非他命,1,1,31~60,吊銷3年
4,週五,15,宜蘭縣,貨車,30-39歲,女,A2,1,尿液,安非他命,2,1,0~30,吊銷3年
12,週一,14,雲林縣,小客車,40-49歲,男,A2,1,尿液,嗎啡,3,1,31~60,吊銷3年
10,週五,16,臺北市,小客車,30-39歲,男,A2,2,尿液,甲基安非他命,1,0,121~500,吊扣2年
2,週四,22,新竹市,小客車,20-29歲,男,A2,2,尿液,甲基安非他命,1,0,121~500,吊扣2年
7,週二,1,雲林縣,小客車,40-49歲,男,A2,1,尿液,甲基安非他命,1,0,121~500,吊扣4年
2,週六,22,屏東縣,小客車,40-49歲,男,A2,2,血液,安非他命,2,1,0~30,吊銷3年
10,週五,18,嘉義縣,機車,40-49歲,男,A2,1,尿液,愷他命,1,0,0~30,吊扣3年
4,週二,9,南投縣,機車,19歲以下,男,A2,1,尿液,安非他命,0,0,31~60,吊扣4年
7,週四,21,臺南市,機車,40-49歲,男,A2,4,尿液,安非他命,3,2,121~500,吊銷3年
9,週一,22,新北市,機車,20-29歲,男,A2,1,尿液,安非他命,1,1,31~60,吊銷3年
10,週五,19,基隆市,貨車,20-29歲,男,A2,1,尿液,甲基安非他命,0,1,31~60,吊銷3年
2,週三,14,臺中市,小客車,40-49歲,男,A2,1,尿液,嗎啡,1,0,0~30,吊扣3年
12,週一,8,宜蘭縣,機車,40-49歲,男,A2,1,尿液,甲基安非他命,2,0,31~60,吊扣4年
11,週六,15,新北市,小客車,60歲以上,男,A2,1,尿液,嗎啡,2,0,31~60,吊扣2年
4,週二,16,高雄市,機車,40-49歲,男,A2,2,尿液,愷他命,3,3,31~60,吊銷3年
7,週二,14,新竹縣,小客車,50-59歲,男,A2,1,尿液,安非他命,1,1,31~60,吊銷3年
5,週一,17,高雄市,貨車,50-59歲,男,A2,1,尿液,甲基安非他命,2,0,31~60,吊扣4年
10,週六,9,雲林縣,機車,20-29歲,女,A2,2,尿液,安非他命,1,4,0~30,吊銷3年
6,週一,8,南投縣,機車,40-49歲,男,A2,2,尿液,甲基安非他命,1,2,31~60,吊銷3年
3,週日,9,新北市,機車,50-59歲,男,A2,2,尿液,安非他命,2,1,121~500,吊銷3年
4,週六,1,臺東縣,機車,60歲以上,男,A1,0,血液,安非他命,1,1,0~30,吊銷終身
9,週六,7,南投縣,機車,40-49歲,女,A2,1,尿液,甲基安非他命,0,0,31~60,吊扣3年
2,週日,17,高雄市,小客車,40-49歲,男,A2,3,尿液,甲基安非他命,0,0,0~30,吊扣2年
7,週五,8,苗栗縣,機車,30-39歲,女,A2,1,尿液,甲基安非他命,1,1,31~60,吊銷3年
10,週四,12,新北市,小客車,50-59歲,男,A2,2,尿液,安非他命,2,0,31~60,吊扣3年
3,週四,22,新北市,小客車,50-59歲,男,A2,1,血液,安非他命,3,1,0~30,吊銷3年
12,週五,22,臺南市,機車,50-59歲,男,A2,1,尿液,安非他命,0,0,31~60,吊扣4年
8,週二,8,高雄市,機車,30-39歲,男,A2,1,尿液,甲基安非他命,0,0,31~60,吊扣2年
11,週五,17,臺北市,機車,50-59歲,男,A2,2,尿液,愷他命,3,1,0~30,吊銷3年
9,週五,15,新竹縣,機車,60歲以上,男,A2,2,血液,嗎啡,0,2,0~30,吊銷3年
11,週三,17,桃園市,機車,50-59歲,男,A2,1,尿液,安非他命,2,2,0~30,吊銷3年
2,週四,22,新北市,小客車,40-49歲,女,A2,1,尿液,安非他命,1,2,31~60,吊銷3年
5,週五,19,新北市,機車,40-49歲,男,A2,1,尿液,愷他命,2,1,0~30,吊銷3年
4,週三,7,宜蘭縣,小客車,50-59歲,男,A2,1,血液,嗎啡,0,0,31~60,吊扣4年
7,週日,20,臺中市,機車,40-49歲,男,A2,1,尿液,安非他命,2,0,0~30,吊扣3年
4,週一,17,苗栗縣,小客車,30-39歲,男,A2,1,尿液,安非他命,3,2,31~60,吊銷3年
10,週三,7,新北市,機車,50-59歲,男,A2,2,尿液,甲基安非他命,1,1,31~60,吊銷3年
1,週三,17,臺南市,小客車,30-39歲,男,A2,2,尿液,安非他命,3,0,0~30,吊扣4年
7,週二,8,宜蘭縣,小客車,40-49歲,女,A2,1,尿液,甲基安非他命,2,1,31~60,吊銷3年
12,週五,10,臺南市,機車,50-59歲,男,A2,2,血液,愷他命,1,1,31~60,吊銷3年
6,週一,7,桃園市,小客車,40-49歲,男,A2,2,尿液,愷他命,0,0,31~60,吊扣3年
1,週四,20,臺南市,機車,50-59歲,男,A2,1,尿液,愷他命,3,1,31~60,吊銷3年
2,週六,16,雲林縣,貨車,50-59歲,男,A2,1,尿液,愷他命,3,0,0~30,吊扣2年
7,週日,18,臺北市,小客車,40-49歲,男,A2,1,尿液,甲基安非他命,2,2,0~30,吊銷3年
12,週一,19,桃園市,機車,50-59歲,女,A2,1,尿液,甲基安非他命,1,0,0~30,吊扣4年
4,週一,15,嘉義市,機車,40-49歲,男,A2,1,尿液,安非他命,1,0,31~60,吊扣3年
9,週二,23,新北市,機車,30-39歲,女,A2,2,尿液,安非他命,3,2,31~60,吊銷3年
3,週四,17,臺南市,機車,40-49歲,男,A2,1,尿液,安非他命,1,3,0~30,吊銷3年
10,週四,11,臺中市,小客車,40-49歲,女,A2,1,尿液,愷他命,0,2,0~30,吊銷3年
5,週三,20,新竹縣,小客車,40-49歲,男,A2,1,尿液,愷他命,2,0,31~60,吊扣4年
10,週五,19,嘉義市,小客車,20-29歲,男,A2,1,尿液,甲基安非他命,1,0,31~60,吊扣2年
4,週三,17,臺中市,機車,50-59歲,男,A2,3,尿液,安非他命,2,1,31~60,吊銷3年
11,週三,22,屏東縣,機車,40-49歲,女,A2,1,尿液,甲基安非他命,0,0,31~60,吊扣4年
7,週五,23,桃園市,機車,40-49歲,男,A2,1,血液,甲基安非他命,2,1,61~120,吊銷3年
10,週四,13,雲林縣,機車,40-49歲,男,A2,3,尿液,安非他命,3,0,31~60,吊扣4年
10,週二,8,臺北市,小客車,40-49歲,男,A2,1,尿液,安非他命,2,0,31~60,吊扣4年
11,週五,10,新北市,大客車,40-49歲,女,A2,2,血液,安非他命,1,0,61~120,吊扣3年
5,週日,14,宜蘭縣,小客車,50-59歲,男,A2,1,尿液,安非他命,0,0,0~30,吊扣3年
5,週五,6,基隆市,機車,40-49歲,男,A2,2,尿液,甲基安非他命,1,1,121~500,吊銷3年
1,週一,15,新竹市,小客車,50-59歲,男,A2,1,尿液,嗎啡,3,0,0~30,吊扣3年
2,週三,17,臺南市,貨車,30-39歲,女,A2,1,尿液,愷他命,2,1,0~30,吊銷3年
4,週四,22,臺中市,機車,30-39歲,男,A2,2,尿液,安非他命,2,0,31~60,吊扣4年
11,週六,18,臺南市,小客車,30-39歲,男,A2,1,尿液,安非他命,2,0,0~30,吊扣4年
4,週四,10,臺中市,貨車,40-49歲,男,A2,1,尿液,甲基安非他命,0,0,0~30,吊扣3年
8,週六,21,臺中市,機車,20-29歲,男,A2,1,尿液,嗎啡,3,0,61~120,吊扣2年
4,週一,15,新北市,小客車,50-59歲,男,A2,1,尿液,嗎啡,0,1,31~60,吊銷3年
8,週五,13,雲林縣,機車,30-39歲,男,A2,1,尿液,甲基安非他命,0,0,31~60,吊扣4年
6,週四,8,新北市,機車,20-29歲,女,A2,1,尿液,愷他命,1,1,31~60,吊銷3年
2,週一,8,新北市,小客車,40-49歲,女,A2,1,尿液,愷他命,3,2,31~60,吊銷3年
2,週二,0,臺南市,小客車,40-49歲,男,A2,1,尿液,愷他命,3,0,0~30,吊扣2年
7,週二,4,新竹市,機車,30-39歲,女,A2,1,尿液,嗎啡,3,1,0~30,吊銷3年
4,週三,7,臺南市,機車,40-49歲,女,A2,2,尿液,甲基安非他命,2,0,31~60,吊扣2年
10,週日,11,臺南市,機車,40-49歲,男,A2,1,尿液,愷他命,2,0,0~30,吊扣3年
10,週一,20,新北市,小客車,60歲以上,男,A2,2,尿液,愷他命,1,3,0~30,吊銷3年
12,週五,18,桃園市,機車,19歲以下,男,A2,1,尿液,安非他命,0,0,31~60,吊扣4年
10,週三,11,彰化縣,小客車,30-39歲,男,A2,1,尿液,安非他命,1,0,0~30,吊扣2年
8,週四,8,新北市,小客車,40-49歲,男,A2,1,尿液,安非他命,1,1,31~60,吊銷3年
7,週四,9,臺北市,小客車,40-49歲,男,A2,1,尿液,甲基安非他命,2,2,0~30,吊銷3年
10,週三,9,臺南市,小客車,50-59歲,男,A2,1,尿液,甲基安非他命,0,1,0~30,吊銷3年
11,週四,9,臺中市,機車,40-49歲,男,A2,1,血液,愷他命,3,0,121~500,吊扣4年
10,週三,11,雲林縣,機車,20-29歲,男,A2,2,尿液,安非他命,0,1,31~60,吊銷3年
3,週一,12,新北市,機車,50-59歲,男,A2,1,尿液,嗎啡,0,1,0~30,吊銷3年
5,週六,19,新北市,大客車,60歲以上,男,A2,1,血液,愷他命,2,0,121~500,吊扣4年
10,週一,7,新北市,機車,40-49歲,男,A2,1,尿液,安非他命,1,1,121~500,吊銷3年
5,週一,9,新北市,機車,60歲以上,男,A2,1,尿液,安非他命,0,1,31~60,吊銷3年
2,週六,9,臺北市,機車,30-39歲,男,A2,2,尿液,愷他命,1,0,61~120,吊扣4年
8,週一,12,新北市,小客車,40-49歲,女,A2,1,尿液,愷他命,2,1,0~30,吊銷3年
2,週四,3,彰化縣,小客車,30-39歲,男,A2,1,尿液,愷他命,0,0,31~60,吊扣3年
2,週一,16,高雄市,小客車,50-59歲,男,A2,1,尿液,愷他命,0,0,0~30,吊扣3年
3,週四,9,新北市,小客車,50-59歲,男,A2,1,尿液,安非他命,3,0,31~60,吊扣3年
11,週日,8,臺東縣,機車,40-49歲,女,A2,1,尿液,安非他命,0,0,31~60,吊扣3年
1,週三,9,高雄市,機車,50-59歲,男,A2,1,尿液,安非他命,1,1,61~120,吊銷3年
2,週三,9,高雄市,機車,30-39歲,男,A2,1,尿液,愷他命,0,1,0~30,吊銷3年
9,週二,18,新北市,機車,50-59歲,男,A2,2,尿液,安非他命,3,1,31~60,吊銷3年
8,週一,10,花蓮縣,機車,60歲以上,男,A2,2,尿液,甲基安非他命,1,0,31~60,吊扣2年
2,週六,15,宜蘭縣,小客車,50-59歲,男,A2,1,尿液,安非他命,0,1,121~500,吊銷3年
7,週三,0,高雄市,機車,40-49歲,男,A2,1,尿液,甲基安非他命,3,1,0~30,吊銷3年
10,週一,14,臺中市,小客車,50-59歲,男,A2,1,尿液,愷他命,3,1,0~30,吊銷3年
1,週日,16,臺中市,機車,50-59歲,男,A2,1,尿液,甲基安非他命,1,1,31~60,吊銷3年
11,週五,23,臺中市,小客車,50-59歲,男,A2,2,尿液,安非他命,3,3,31~60,吊銷3年
1,週二,7,彰化縣,機車,50-59歲,男,A2,4,尿液,安非他命,2,0,0~30,吊扣4年
10,週五,12,臺南市,機車,20-29歲,男,A2,1,尿液,甲基安非他命,2,0,0~30,吊扣2年
7,週日,15,宜蘭縣,小客車,50-59歲,男,A2,1,尿液,愷他命,0,2,121~500,吊銷3年
1,週三,5,臺南市,小客車,60歲以上,男,A1,0,尿液,愷他命,1,1,31~60,吊銷終身
11,週一,9,雲林縣,機車,40-49歲,男,A2,1,尿液,安非他命,1,0,31~60,吊扣4年
1,週六,23,桃園市,小客車,30-39歲,女,A2,1,尿液,安非他命,1,1,121~500,吊銷3年
7,週六,19,屏東縣,小客車,40-49歲,男,A2,1,尿液,安非他命,3,1,31~60,吊銷3年
11,週四,9,高雄市,小客車,60歲以上,男,A2,1,尿液,甲基安非他命,3,0,121~500,吊扣3年
4,週三,23,新北市,機車,40-49歲,男,A2,2,尿液,嗎啡,3,2,31~60,吊銷3年
7,週二,18,臺中市,貨車,50-59歲,男,A2,1,尿液,愷他命,2,1,0~30,吊銷3年
7,週一,17,新北市,機車,40-49歲,男,A2,2,尿液,甲基安非他命,3,1,31~60,吊銷3年
5,週三,17,臺南市,機車,50-59歲,男,A2,2,尿液,甲基安非他命,0,0,31~60,吊扣3年
5,週日,14,新北市,機車,40-49歲,男,A2,2,尿液,甲基安非他命,1,2,31~60,吊銷3年
8,週四,13,臺南市,貨車,40-49歲,女,A2,1,尿液,甲基安非他命,1,1,31~60,吊銷3年
1,週三,22,新北市,機車,40-49歲,女,A2,1,尿液,甲基安非他命,0,0,0~30,吊扣4年
11,週一,17,桃園市,機車,40-49歲,男,A2,2,尿液,甲基安非他命,2,2,0~30,吊銷3年
8,週日,14,臺北市,小客車,40-49歲,男,A2,1,尿液,甲基安非他命,2,0,0~30,吊扣3年
5,週一,8,新北市,小客車,40-49歲,男,A2,1,尿液,安非他命,1,1,31~60,吊銷3年
1,週二,0,屏東縣,機車,50-59歲,男,A2,1,尿液,愷他命,3,0,0~30,吊扣3年
4,週六,18,基隆市,小客車,40-49歲,男,A2,1,尿液,安非他命,0,1,0~30,吊銷3年
5,週二,9,桃園市,機車,50-59歲,男,A2,2,尿液,甲基安非他命,3,1,0~30,吊銷3年
1,週日,4,新北市,小客車,30-39歲,男,A2,1,尿液,愷他命,0,1,0~30,吊銷3年
12,週六,18,嘉義縣,貨車,50-59歲,男,A2,2,尿液,甲基安非他命,2,1,31~60,吊銷3年
8,週六,22,臺中市,機車,40-49歲,男,A2,1,尿液,甲基安非他命,1,2,31~60,吊銷3年
8,週六,20,新北市,小客車,30-39歲,男,A2,1,尿液,甲基安非他命,2,0,31~60,吊扣3年
5,週六,19,高雄市,機車,30-39歲,男,A2,1,血液,安非他命,0,2,61~120,吊銷3年
8,週六,19,新竹縣,小客車,30-39歲,男,A2,1,尿液,安非他命,2,0,31~60,吊扣3年
4,週五,19,臺中市,小客車,50-59歲,男,A2,1,血液,安非他命,2,0,0~30,吊扣3年
1,週四,20,基隆市,機車,50-59歲,男,A2,2,尿液,愷他命,2,1,0~30,吊銷3年
2,週一,21,臺北市,小客車,20-29歲,男,A2,1,尿液,甲基安非他命,1,2,31~60,吊銷3年
4,週五,9,宜蘭縣,機車,50-59歲,男,A2,1,尿液,安非他命,2,1,31~60,吊銷3年
12,週四,6,桃園市,貨車,40-49歲,女,A2,1,尿液,甲基安非他命,1,0,31~60,吊扣2年
7,週日,18,新北市,機車,50-59歲,男,A2,2,尿液,安非他命,1,1,31~60,吊銷3年
6,週日,20,臺南市,機車,40-49歲,男,A2,1,尿液,嗎啡,1,1,0~30,吊銷3年
8,週二,16,臺中市,機車,30-39歲,男,A2,2,尿液,甲基安非他命,2,0,0~30,吊扣4年
10,週六,4,彰化縣,機車,40-49歲,男,A2,2,尿液,安非他命,0,2,31~60,吊銷3年
9,週六,2,高雄市,機車,50-59歲,女,A2,1,尿液,甲基安非他命,1,0,31~60,吊扣4年
5,週四,17,臺中市,機車,60歲以上,男,A2,2,尿液,愷他命,1,0,0~30,吊扣3年
7,週五,16,高雄市,機車,50-59歲,女,A2,1,尿液,嗎啡,0,1,121~500,吊銷3年
6,週二,23,高雄市,機車,50-59歲,男,A2,1,尿液,嗎啡,0,0,31~60,吊扣4年
10,週一,2,新北市,小客車,40-49歲,男,A2,1,尿液,嗎啡,1,1,31~60,吊銷3年
5,週五,11,苗栗縣,貨車,40-49歲,女,A2,1,尿液,嗎啡,1,0,31~60,吊扣2年
4,週五,4,臺南市,機車,30-39歲,女,A2,2,尿液,甲基安非他命,0,0,0~30,吊扣3年
11,週一,18,臺南市,機車,60歲以上,男,A2,1,尿液,甲基安非他命,1,0,31~60,吊扣2年
6,週日,18,桃園市,機車,40-49歲,男,A2,1,尿液,甲基安非他命,0,2,121~500,吊銷3年
9,週六,10,新北市,機車,40-49歲,男,A2,1,尿液,安非他命,1,0,61~120,吊扣4年
5,週一,2,桃園市,小客車,40-49歲,男,A2,2,尿液,安非他命,1,0,0~30,吊扣4年
10,週六,15,宜蘭縣,機車,60歲以上,男,A2,1,尿液,安非他命,2,1,31~60,吊銷3年
4,週三,22,雲林縣,貨車,20-29歲,男,A2,1,血液,愷他命,0,0,0~30,吊扣4年
8,週一,21,新北市,機車,40-49歲,男,A2,3,尿液,愷他命,1,4,31~60,吊銷3年
11,週二,9,屏東縣,小客車,20-29歲,男,A2,1,尿液,甲基安非他命,2,1,31~60,吊銷3年
12,週四,11,桃園市,機車,40-49歲,男,A2,1,尿液,安非他命,0,1,31~60,吊銷3年
7,週日,10,苗栗縣,機車,30-39歲,男,A2,1,尿液,甲基安非他命,3,0,0~30,吊扣4年
3,週六,16,彰化縣,機車,40-49歲,男,A2,2,尿液,嗎啡,2,0,31~60,吊扣2年
4,週三,18,屏東縣,機車,20-29歲,男,A2,1,血液,安非他命,2,0,31~60,吊扣3年
8,週日,18,彰化縣,小客車,60歲以上,男,A2,1,尿液,愷他命,1,2,0~30,吊銷3年
7,週三,7,新北市,機車,30-39歲,男,A2,2,尿液,愷他命,0,1,0~30,吊銷3年
10,週一,9,臺南市,機車,19歲以下,男,A2,1,尿液,安非他命,3,0,31~60,吊扣2年
4,週六,23,新北市,機車,50-59歲,男,A2,1,尿液,安非他命,1,1,31~60,吊銷3年
8,週一,18,臺南市,小客車,50-59歲,男,A2,1,尿液,甲基安非他命,0,2,31~60,吊銷3年
6,週三,16,桃園市,貨車,30-39歲,男,A2,1,尿液,甲基安非他命,2,0,0~30,吊扣2年
6,週一,18,臺中市,小客車,20-29歲,男,A2,1,尿液,安非他命,2,1,31~60,吊銷3年
5,週日,7,嘉義縣,小客車,40-49歲,男,A2,1,尿液,愷他命,2,1,31~60,吊銷3年
7,週四,18,彰化縣,機車,60歲以上,男,A2,1,血液,安非他命,2,0,31~60,吊扣2年
7,週六,5,花蓮縣,貨車,30-39歲,男,A2,1,尿液,嗎啡,2,1,61~120,吊銷3年
10,週一,12,桃園市,貨車,60歲以上,男,A2,1,尿液,愷他命,1,1,31~60,吊銷3年
11,週一,17,高雄市,機車,50-59歲,男,A2,2,尿液,安非他命,2,0,31~60,吊扣3年
10,週日,21,臺中市,小客車,40-49歲,女,A2,1,尿液,愷他命,0,1,31~60,吊銷3年
10,週三,10,花蓮縣,機車,20-29歲,男,A2,1,尿液,甲基安非他命,3,1,121~500,吊銷3年
9,週一,9,臺中市,機車,50-59歲,女,A2,1,尿液,安非他命,1,2,0~30,吊銷3年
10,週六,13,雲林縣,小客車,19歲以下,男,A2,1,尿液,安非他命,2,0,31~60,吊扣3年
3,週四,11,彰化縣,機車,50-59歲,男,A2,2,尿液,安非他命,3,1,0~30,吊銷3年
2,週五,18,臺南市,小客車,40-49歲,男,A2,1,尿液,甲基安非他命,0,1,0~30,吊銷3年
4,週日,8,基隆市,機車,20-29歲,男,A2,1,尿液,安非他命,2,2,31~60,吊銷3年
1,週二,12,臺北市,機車,50-59歲,男,A2,1,尿液,安非他命,3,2,0~30,吊銷3年
4,週二,16,臺中市,小客車,40-49歲,男,A2,2,尿液,甲基安非他命,0,0,31~60,吊扣2年
8,週二,17,新北市,機車,30-39歲,女,A2,2,尿液,嗎啡,3,0,31~60,吊扣2年
1,週三,23,新北市,小客車,30-39歲,男,A2,1,尿液,愷他命,0,0,31~60,吊扣2年
4,週日,18,嘉義市,小客車,30-39歲,男,A2,1,尿液,安非他命,1,0,31~60,吊扣4年
11,週三,18,新北市,小客車,30-39歲,男,A2,1,血液,甲基安非他命,0,1,121~500,吊銷3年
9,週一,16,臺北市,機車,19歲以下,男,A2,1,尿液,甲基安非他命,3,0,121~500,吊扣4年
7,週二,18,臺中市,機車,50-59歲,男,A2,2,尿液,愷他命,0,1,31~60,吊銷3年
2,週一,12,宜蘭縣,小客車,30-39歲,男,A2,1,尿液,安非他命,3,0,31~60,吊扣2年
8,週五,7,臺南市,小客車,40-49歲,女,A2,1,尿液,甲基安非他命,2,0,0~30,吊扣4年
5,週一,0,新北市,小客車,40-49歲,男,A2,2,血液,嗎啡,1,1,31~60,吊銷3年
4,週一,9,南投縣,機車,50-59歲,男,A2,1,尿液,安非他命,0,0,31~60,吊扣3年
10,週二,7,高雄市,機車,19歲以下,男,A2,2,尿液,安非他命,3,0,0~30,吊扣4年
5,週五,23,南投縣,小客車,40-49歲,男,A2,1,尿液,安非他命,1,0,31~60,吊扣3年
3,週四,18,臺南市,機車,30-39歲,男,A2,1,尿液,安非他命,0,0,121~500,吊扣3年
7,週一,16,高雄市,機車,40-49歲,男,A2,2,尿液,甲基安非他命,2,1,0~30,吊銷3年
10,週三,20,臺北市,小客車,40-49歲,男,A2,2,尿液,愷他命,3,0,31~60,吊扣3年
10,週五,16,雲林縣,小客車,50-59歲,男,A2,1,尿液,甲基安非他命,2,1,31~60,吊銷3年
11,週三,20,臺北市,機車,50-59歲,男,A2,1,尿液,甲基安非他命,3,0,31~60,吊扣3年
10,週五,16,桃園市,機車,30-39歲,男,A2,1,尿液,安非他命,1,3,31~60,吊銷3年
5,週三,16,高雄市,機車,50-59歲,男,A2,2,尿液,甲基安非他命,1,1,0~30,吊銷3年
7,週二,22,臺中市,機車,30-39歲,男,A2,1,尿液,嗎啡,3,1,0~30,吊銷3年
9,週五,19,宜蘭縣,機車,30-39歲,女,A2,2,尿液,安非他命,2,4,0~30,吊銷3年
10,週五,0,花蓮縣,機車,60歲以上,男,A2,1,尿液,甲基安非他命,2,1,31~60,吊銷3年
9,週一,14,臺北市,機車,30-39歲,男,A2,1,尿液,甲基安非他命,0,0,0~30,吊扣3年
2,週五,20,臺南市,機車,40-49歲,男,A2,1,尿液,甲基安非他命,1,1,31~60,吊銷3年
5,週二,9,高雄市,機車,60歲以上,女,A2,1,尿液,愷他命,0,2,31~60,吊銷3年
10,週六,18,高雄市,機車,60歲以上,男,A2,2,尿液,安非他命,3,1,61~120,吊銷3年
11,週日,0,基隆市,機車,50-59歲,男,A2,2,尿液,安非他命,2,4,0~30,吊銷3年
4,週一,8,臺北市,機車,40-49歲,男,A2,2,尿液,甲基安非他命,2,0,31~60,吊扣4年
10,週四,10,高雄市,機車,40-49歲,女,A2,2,尿液,安非他命,3,1,61~120,吊銷3年
5,週一,8,新北市,機車,50-59歲,男,A2,2,尿液,安非他命,0,0,0~30,吊扣2年
11,週二,16,臺東縣,小客車,40-49歲,女,A2,1,尿液,安非他命,2,0,0~30,吊扣4年
7,週二,12,臺南市,機車,60歲以上,女,A2,2,尿液,安非他命,1,0,61~120,吊扣4年
9,週一,7,嘉義市,機車,60歲以上,男,A2,1,尿液,安非他命,2,2,0~30,吊銷3年
7,週日,18,新竹市,貨車,50-59歲,男,A2,1,尿液,甲基安非他命,0,2,61~120,吊銷3年
11,週三,13,宜蘭縣,小客車,19歲以下,男,A2,1,尿液,安非他命,1,0,31~60,吊扣2年
3,週一,8,新北市,小客車,40-49歲,男,A2,1,尿液,甲基安非他命,1,0,0~30,吊扣2年
5,週一,10,臺中市,貨車,40-49歲,男,A2,1,尿液,安非他命,2,1,61~120,吊銷3年
8,週二,16,臺中市,貨車,30-39歲,男,A2,1,尿液,安非他命,3,1,0~30,吊銷3年
10,週五,20,新北市,小客車,40-49歲,男,A2,1,尿液,甲基安非他命,3,1,0~30,吊銷3年
9,週六,18,屏東縣,機車,60歲以上,男,A2,1,尿液,愷他命,1,0,0~30,吊扣4年
2,週日,8,高雄市,機車,60歲以上,男,A2,1,尿液,安非他命,0,1,31~60,吊銷3年
1,週日,13,高雄市,機車,30-39歲,男,A2,2,尿液,嗎啡,2,0,61~120,吊扣3年
4,週六,20,臺北市,小客車,50-59歲,女,A2,1,尿液,安非他命,3,0,31~60,吊扣2年
4,週三,0,基隆市,機車,30-39歲,男,A1,2,尿液,嗎啡,0,2,31~60,吊銷終身
7,週三,10,桃園市,小客車,40-49歲,男,A2,1,尿液,甲基安非他命,1,0,0~30,吊扣2年
9,週日,18,臺北市,機車,20-29歲,男,A2,1,尿液,甲基安非他命,3,2,31~60,吊銷3年
10,週五,21,花蓮縣,機車,30-39歲,男,A2,2,尿液,愷他命,0,1,31~60,吊銷3年
8,週五,22,桃園市,小客車,40-49歲,男,A2,1,尿液,嗎啡,1,1,121~500,吊銷3年
2,週六,12,新北市,機車,30-39歲,男,A2,3,尿液,安非他命,0,1,0~30,吊銷3年
12,週日,8,新北市,機車,40-49歲,男,A2,1,尿液,愷他命,2,0,121~500,吊扣2年
2,週二,7,臺中市,機車,60歲以上,男,A2,3,尿液,安非他命,1,2,61~120,吊銷3年
1,週一,7,臺北市,小客車,30-39歲,男,A2,1,尿液,安非他命,1,0,31~60,吊扣2年
12,週五,9,苗栗縣,小客車,50-59歲,男,A2,1,尿液,甲基安非他命,0,1,31~60,吊銷3年
4,週三,8,基隆市,小客車,40-49歲,男,A2,1,血液,甲基安非他命,2,0,31~60,吊扣3年
11,週二,3,桃園市,貨車,50-59歲,男,A2,4,尿液,甲基安非他命,0,0,121~500,吊扣4年
12,週六,2,桃園市,機車,50-59歲,女,A2,1,尿液,愷他命,3,1,31~60,吊銷3年
7,週四,16,桃園市,貨車,40-49歲,女,A2,2,尿液,安非他命,3,1,121~500,吊銷3年
7,週四,6,新北市,小客車,30-39歲,男,A2,1,尿液,安非他命,1,1,31~60,吊銷3年
3,週五,12,新北市,機車,30-39歲,男,A2,2,尿液,甲基安非他命,0,0,31~60,吊扣3年
4,週六,18,彰化縣,小客車,20-29歲,女,A2,1,尿液,安非他命,3,0,31~60,吊扣4年
11,週三,20,嘉義縣,小客車,50-59歲,男,A2,1,尿液,安非他命,0,2,31~60,吊銷3年
10,週一,19,臺南市,小客車,50-59歲,男,A2,2,尿液,愷他命,0,0,31~60,吊扣2年
10,週三,11,桃園市,貨車,40-49歲,男,A2,1,血液,甲基安非他命,2,1,31~60,吊銷3年
6,週一,6,高雄市,機車,40-49歲,女,A2,1,尿液,甲基安非他命,3,2,121~500,吊銷3年
3,週一,18,新北市,小客車,40-49歲,男,A2,2,尿液,愷他命,0,1,31~60,吊銷3年
9,週日,0,高雄市,小客車,20-29歲,男,A2,1,血液,甲基安非他命,2,0,0~30,吊扣2年
2,週一,7,屏東縣,機車,40-49歲,女,A2,1,尿液,甲基安非他命,1,4,31~60,吊銷3年
5,週四,10,臺中市,貨車,50-59歲,男,A2,1,尿液,安非他命,1,3,0~30,吊銷3年
1,週四,18,新北市,機車,20-29歲,男,A2,1,尿液,甲基安非他命,0,3,31~60,吊銷3年
3,週日,5,高雄市,機車,30-39歲,男,A2,2,尿液,安非他命,1,0,31~60,吊扣2年
7,週三,21,彰化縣,小客車,20-29歲,男,A2,1,尿液,安非他命,2,2,121~500,吊銷3年
7,週一,18,屏東縣,機車,40-49歲,男,A2,2,尿液,愷他命,3,0,0~30,吊扣2年
2,週五,22,基隆市,小客車,40-49歲,女,A2,1,尿液,愷他命,0,1,31~60,吊銷3年
10,週日,18,新北市,機車,50-59歲,女,A2,1,尿液,甲基安非他命,3,2,0~30,吊銷3年
4,週二,11,雲林縣,機車,40-49歲,男,A2,3,尿液,甲基安非他命,2,2,31~60,吊銷3年
1,週三,19,新北市,小客車,30-39歲,男,A2,1,血液,安非他命,0,0,31~60,吊扣3年
1,週三,18,高雄市,機車,20-29歲,男,A2,1,尿液,甲基安非他命,1,1,61~120,吊銷3年
11,週日,23,桃園市,小客車,30-39歲,男,A2,2,尿液,甲基安非他命,3,2,0~30,吊銷3年
1,週五,10,高雄市,機車,40-49歲,男,A2,1,尿液,甲基安非他命,0,0,31~60,吊扣2年
4,週一,15,臺北市,貨車,20-29歲,男,A2,1,尿液,安非他命,0,1,61~120,吊銷3年
3,週五,10,新北市,機車,40-49歲,男,A2,1,尿液,安非他命,1,1,0~30,吊銷3年
7,週日,23,基隆市,機車,40-49歲,男,A2,2,尿液,安非他命,3,0,31~60,吊扣2年
7,週五,8,嘉義縣,小客車,19歲以下,男,A2,1,尿液,甲基安非他命,3,0,0~30,吊扣3年
8,週五,12,澎湖縣,機車,30-39歲,男,A2,1,血液,愷他命,2,0,31~60,吊扣2年
4,週一,8,桃園市,機車,40-49歲,男,A2,1,尿液,安非他命,3,0,0~30,吊扣4年
12,週四,18,高雄市,小客車,20-29歲,男,A2,1,尿液,愷他命,1,0,61~120,吊扣3年
4,週五,20,臺北市,貨車,30-39歲,女,A2,1,尿液,愷他命,1,0,31~60,吊扣2年
10,週一,19,臺中市,小客車,30-39歲,男,A2,1,尿液,甲基安非他命,3,1,31~60,吊銷3年
2,週二,21,新北市,小客車,40-49歲,男,A2,1,尿液,愷他命,3,1,31~60,吊銷3年
7,週六,19,臺中市,機車,40-49歲,男,A2,2,尿液,安非他命,2,1,31~60,吊銷3年
5,週二,2,高雄市,機車,60歲以上,男,A2,1,尿液,安非他命,1,1,31~60,吊銷3年
2,週五,15,臺中市,機車,50-59歲,男,A2,2,血液,愷他命,2,2,121~500,吊銷3年
1,週五,9,臺中市,小客車,30-39歲,女,A2,1,尿液,甲基安非他命,1,3,31~60,吊銷3年
1,週四,6,屏東縣,機車,30-39歲,男,A2,1,血液,安非他命,0,1,31~60,吊銷3年
5,週四,18,新北市,小客車,40-49歲,男,A2,1,尿液,愷他命,0,1,0~30,吊銷3年
7,週五,10,新北市,機車,20-29歲,男,A2,1,尿液,甲基安非他命,2,0,31~60,吊扣4年
3,週一,16,屏東縣,機車,40-49歲,女,A2,1,尿液,甲基安非他命,0,1,31~60,吊銷3年
2,週二,10,新北市,機車,50-59歲,女,A2,1,尿液,安非他命,2,2,31~60,吊銷3年
11,週三,15,新北市,小客車,50-59歲,女,A2,1,尿液,甲基安非他命,1,1,0~30,吊銷3年
11,週日,11,臺中市,小客車,50-59歲,女,A2,1,尿液,安非他命,2,3,31~60,吊銷3年
10,週日,19,新北市,小客車,60歲以上,男,A2,1,尿液,甲基安非他命,0,1,31~60,吊銷3年
2,週六,12,桃園市,小客車,60歲以上,男,A2,1,尿液,甲基安非他命,2,1,121~500,吊銷3年
5,週六,15,宜蘭縣,小客車,60歲以上,男,A2,1,尿液,安非他命,1,0,0~30,吊扣3年
5,週三,10,高雄市,機車,30-39歲,男,A2,1,尿液,甲基安非他命,2,0,61~120,吊扣3年
10,週四,8,新北市,機車,20-29歲,男,A2,1,尿液,安非他命,1,3,31~60,吊銷3年
4,週日,13,臺北市,大客車,50-59歲,女,A2,4,尿液,甲基安非他命,0,1,0~30,吊銷3年
9,週日,20,高雄市,機車,30-39歲,男,A2,1,尿液,嗎啡,2,0,121~500,吊扣4年
2,週四,22,彰化縣,機車,60歲以上,男,A2,2,尿液,甲基安非他命,2,0,31~60,吊扣2年
11,週六,14,基隆市,小客車,20-29歲,男,A2,2,尿液,安非他命,3,2,31~60,吊銷3年
1,週四,6,臺東縣,小客車,40-49歲,女,A2,1,血液,甲基安非他命,0,2,0~30,吊銷3年
5,週二,20,新北市,大客車,30-39歲,男,A2,1,尿液,嗎啡,3,3,31~60,吊銷3年
9,週六,22,新北市,機車,40-49歲,女,A2,2,尿液,甲基安非他命,3,1,31~60,吊銷3年
6,週六,0,臺中市,小客車,20-29歲,男,A2,1,血液,甲基安非他命,2,1,0~30,吊銷3年
10,週四,12,澎湖縣,機車,50-59歲,男,A2,1,尿液,愷他命,0,0,31~60,吊扣2年
4,週六,12,新北市,小客車,30-39歲,男,A2,1,尿液,愷他命,3,0,121~500,吊扣3年
5,週一,16,新竹縣,機車,50-59歲,男,A2,2,尿液,安非他命,3,0,61~120,吊扣2年
10,週四,9,臺北市,貨車,50-59歲,男,A2,1,尿液,甲基安非他命,1,1,0~30,吊銷3年
10,週六,10,新竹市,機車,60歲以上,男,A2,1,尿液,甲基安非他命,1,0,31~60,吊扣2年
4,週四,8,彰化縣,機車,60歲以上,女,A2,2,尿液,甲基安非他命,2,0,31~60,吊扣3年
8,週四,11,臺北市,貨車,40-49歲,男,A2,1,尿液,嗎啡,2,3,121~500,吊銷3年
2,週六,16,苗栗縣,機車,40-49歲,男,A2,1,尿液,安非他命,2,1,31~60,吊銷3年
9,週二,12,雲林縣,貨車,50-59歲,男,A2,1,尿液,安非他命,3,0,0~30,吊扣4年
7,週三,12,彰化縣,機車,40-49歲,男,A2,1,尿液,甲基安非他命,0,2,31~60,吊銷3年
4,週二,4,桃園市,貨車,40-49歲,女,A2,1,尿液,安非他命,3,1,31~60,吊銷3年
1,週五,22,臺中市,機車,30-39歲,男,A2,4,尿液,甲基安非他命,3,1,31~60,吊銷3年
11,週一,20,臺南市,小客車,60歲以上,男,A2,1,尿液,安非他命,2,1,31~60,吊銷3年
2,週一,8,臺南市,小客車,30-39歲,男,A2,1,尿液,嗎啡,0,1,61~120,吊銷3年
5,週日,19,彰化縣,小客車,40-49歲,男,A2,1,尿液,愷他命,2,0,31~60,吊扣3年
1,週六,7,桃園市,小客車,40-49歲,男,A2,1,尿液,甲基安非他命,0,1,31~60,吊銷3年
6,週五,8,臺北市,機車,40-49歲,男,A2,1,尿液,甲基安非他命,2,1,0~30,吊銷3年
3,週三,8,臺中市,機車,30-39歲,男,A2,1,尿液,安非他命,0,1,0~30,吊銷3年
4,週三,7,雲林縣,小客車,20-29歲,女,A2,1,尿液,甲基安非他命,3,0,0~30,吊扣3年
5,週二,12,臺中市,機車,40-49歲,男,A2,2,尿液,安非他命,3,4,0~30,吊銷3年
12,週三,21,桃園市,小客車,50-59歲,男,A2,1,尿液,愷他命,0,1,0~30,吊銷3年
12,週三,5,基隆市,機車,30-39歲,男,A2,1,尿液,安非他命,0,2,121~500,吊銷3年
3,週六,15,臺中市,小客車,20-29歲,男,A2,1,尿液,安非他命,0,0,31~60,吊扣3年
4,週六,19,嘉義市,機車,40-49歲,男,A2,1,尿液,安非他命,0,1,0~30,吊銷3年
10,週四,7,彰化縣,小客車,30-39歲,男,A2,1,尿液,愷他命,0,1,0~30,吊銷3年
10,週日,11,高雄市,機車,40-49歲,男,A2,2,尿液,安非他命,2,0,31~60,吊扣4年
11,週五,7,臺中市,小客車,40-49歲,男,A2,1,尿液,安非他命,1,0,31~60,吊扣3年
2,週三,15,臺北市,小客車,40-49歲,男,A2,1,尿液,甲基安非他命,0,0,0~30,吊扣4年
1,週日,13,新竹市,小客車,19歲以下,女,A2,1,尿液,安非他命,2,0,0~30,吊扣2年
11,週二,8,新北市,貨車,40-49歲,女,A2,3,尿液,安非他命,2,0,121~500,吊扣4年
8,週二,19,高雄市,機車,40-49歲,男,A2,1,尿液,甲基安非他命,1,0,0~30,吊扣3年
4,週日,21,嘉義縣,小客車,50-59歲,男,A2,1,尿液,愷他命,0,0,0~30,吊扣4年
11,週日,16,高雄市,小客車,40-49歲,男,A2,1,尿液,安非他命,2,0,0~30,吊扣2年
1,週三,10,桃園市,機車,40-49歲,女,A2,1,尿液,MDMA,1,2,121~500,吊銷3年
11,週一,5,基隆市,機車,40-49歲,男,A2,1,尿液,安非他命,2,1,31~60,吊銷3年
7,週二,3,高雄市,貨車,50-59歲,女,A2,1,尿液,甲基安非他命,1,1,0~30,吊銷3年
12,週六,19,高雄市,小客車,40-49歲,男,A2,1,血液,甲基安非他命,1,4,0~30,吊銷3年
10,週五,7,新竹縣,小客車,40-49歲,女,A2,1,尿液,安非他命,2,1,0~30,吊銷3年
9,週四,22,桃園市,機車,50-59歲,男,A2,2,尿液,甲基安非他命,2,1,31~60,吊銷3年
10,週三,21,基隆市,小客車,20-29歲,男,A2,2,尿液,甲基安非他命,0,0,31~60,吊扣4年
8,週五,20,新北市,小客車,60歲以上,男,A2,1,尿液,甲基安非他命,2,2,0~30,吊銷3年
10,週日,9,臺南市,機車,20-29歲,男,A2,1,尿液,安非他命,2,0,31~60,吊扣2年
1,週日,21,彰化縣,小客車,40-49歲,男,A2,1,尿液,安非他命,1,0,0~30,吊扣4年
8,週六,9,高雄市,小客車,30-39歲,女,A2,1,尿液,安非他命,3,2,0~30,吊銷3年
4,週二,19,臺中市,機車,50-59歲,男,A2,3,尿液,愷他命,1,3,61~120,吊銷3年
4,週一,17,彰化縣,機車,30-39歲,男,A2,1,尿液,甲基安非他命,3,3,31~60,吊銷3年
2,週四,7,雲林縣,機車,50-59歲,女,A2,2,尿液,安非他命,3,0,121~500,吊扣3年
8,週六,12,新竹縣,小客車,40-49歲,男,A2,1,血液,甲基安非他命,3,1,121~500,吊銷3年
6,週五,18,新竹縣,機車,50-59歲,男,A2,1,尿液,甲基安非他命,3,1,31~60,吊銷3年
4,週四,19,臺中市,機車,40-49歲,男,A2,1,尿液,安非他命,1,0,121~500,吊扣4年
12,週三,8,新北市,機車,50-59歲,女,A2,2,尿液,甲基安非他命,3,0,31~60,吊扣2年
10,週五,16,桃園市,機車,40-49歲,男,A2,2,尿液,甲基安非他命,3,0,0~30,吊扣3年
7,週日,21,新北市,小客車,50-59歲,男,A2,1,尿液,甲基安非他命,2,0,121~500,吊扣2年
4,週日,11,嘉義市,小客車,40-49歲,女,A2,2,尿液,愷他命,3,0,31~60,吊扣2年
10,週一,12,臺南市,機車,40-49歲,女,A2,1,尿液,愷他命,0,1,0~30,吊銷3年
9,週二,9,彰化縣,機車,40-49歲,男,A2,1,尿液,安非他命,0,2,31~60,吊銷3年
4,週三,16,新北市,小客車,30-39歲,女,A2,1,尿液,嗎啡,1,1,0~30,吊銷3年
9,週五,17,臺北市,機車,60歲以上,男,A2,1,尿液,安非他命,2,1,31~60,吊銷3年
7,週六,20,新北市,機車,50-59歲,男,A2,1,尿液,愷他命,1,3,121~500,吊銷3年
2,週六,14,雲林縣,機車,40-49歲,男,A2,2,尿液,嗎啡,0,0,31~60,吊扣3年
10,週五,0,臺中市,機車,20-29歲,女,A2,3,尿液,安非他命,1,1,121~500,吊銷3年
7,週日,12,臺北市,機車,30-39歲,男,A2,2,尿液,甲基安非他命,3,1,0~30,吊銷3年
5,週三,22,新北市,機車,40-49歲,男,A2,2,尿液,安非他命,2,0,0~30,吊扣4年
2,週三,22,桃園市,小客車,30-39歲,男,A2,1,尿液,甲基安非他命,3,0,0~30,吊扣3年
5,週五,8,臺中市,小客車,40-49歲,男,A2,1,尿液,甲基安非他命,3,1,31~60,吊銷3年
10,週三,18,基隆市,小客車,50-59歲,男,A2,1,尿液,安非他命,2,1,31~60,吊銷3年
4,週二,8,新北市,機車,40-49歲,男,A2,1,尿液,安非他命,0,2,31~60,吊銷3年
10,週六,18,臺東縣,小客車,30-39歲,男,A2,1,尿液,愷他命,3,1,31~60,吊銷3年
6,週四,4,高雄市,機車,30-39歲,男,A2,1,尿液,甲基安非他命,3,0,0~30,吊扣2年
11,週三,17,桃園市,機車,40-49歲,男,A2,1,尿液,安非他命,3,0,31~60,吊扣4年
8,週六,19,屏東縣,機車,40-49歲,女,A2,2,血液,安非他命,0,1,31~60,吊銷3年
7,週四,5,新北市,機車,50-59歲,男,A2,1,尿液,嗎啡,1,0,121~500,吊扣2年
4,週三,16,新北市,機車,40-49歲,男,A2,1,尿液,甲基安非他命,1,0,0~30,吊扣2年
8,週一,20,臺中市,貨車,30-39歲,男,A2,1,尿液,嗎啡,1,4,0~30,吊銷3年
5,週二,15,桃園市,小客車,60歲以上,男,A2,2,尿液,甲基安非他命,3,0,0~30,吊扣2年
11,週六,14,苗栗縣,小客車,50-59歲,男,A2,1,尿液,嗎啡,2,1,31~60,吊銷3年
11,週五,17,臺南市,機車,50-59歲,男,A2,1,尿液,安非他命,3,0,0~30,吊扣4年
11,週六,8,屏東縣,機車,50-59歲,男,A2,2,尿液,愷他命,2,2,0~30,吊銷3年
2,週二,18,嘉義市,小客車,50-59歲,男,A2,1,尿液,甲基安非他命,2,2,0~30,吊銷3年
8,週四,14,臺中市,機車,50-59歲,男,A2,1,尿液,安非他命,3,1,0~30,吊銷3年
9,週六,14,桃園市,貨車,40-49歲,男,A2,1,尿液,愷他命,0,4,31~60,吊銷3年
8,週六,18,嘉義縣,小客車,19歲以下,男,A2,2,尿液,愷他命,3,0,121~500,吊扣4年
12,週一,21,新北市,機車,40-49歲,男,A2,2,尿液,安非他命,2,0,61~120,吊扣3年
5,週三,8,臺北市,機車,40-49歲,男,A2,1,尿液,甲基安非他命,3,0,31~60,吊扣4年
8,週五,17,嘉義縣,小客車,40-49歲,男,A2,1,尿液,安非他命,0,1,31~60,吊銷3年
1,週五,22,桃園市,機車,40-49歲,男,A2,2,尿液,安非他命,0,1,0~30,吊銷3年
8,週一,16,新竹縣,小客車,20-29歲,男,A2,1,尿液,甲基安非他命,1,1,0~30,吊銷3年
6,週四,5,高雄市,機車,30-39歲,男,A2,2,尿液,甲基安非他命,2,1,31~60,吊銷3年
11,週六,17,桃園市,小客車,20-29歲,男,A2,3,尿液,安非他命,2,2,31~60,吊銷3年
12,週五,11,高雄市,小客車,50-59歲,男,A2,1,尿液,甲基安非他命,1,1,0~30,吊銷3年
12,週五,19,高雄市,小客車,50-59歲,男,A2,1,血液,安非他命,2,0,31~60,吊扣4年
3,週一,18,臺中市,機車,40-49歲,女,A2,1,血液,甲基安非他命,3,1,31~60,吊銷3年
1,週六,15,臺北市,機車,40-49歲,男,A2,2,尿液,甲基安非他命,0,0,0~30,吊扣3年
8,週四,9,桃園市,機車,40-49歲,男,A2,2,尿液,甲基安非他命,2,0,61~120,吊扣2年
9,週三,22,桃園市,小客車,30-39歲,男,A2,1,尿液,愷他命,3,1,0~30,吊銷3年
7,週二,17,新北市,機車,30-39歲,男,A2,2,尿液,愷他命,0,0,31~60,吊扣4年
1,週一,3,新北市,機車,40-49歲,男,A2,2,尿液,愷他命,1,1,31~60,吊銷3年
10,週一,11,桃園市,機車,50-59歲,男,A2,1,尿液,安非他命,3,0,31~60,吊扣3年
9,週三,12,臺南市,機車,30-39歲,男,A2,2,尿液,安非他命,1,1,31~60,吊銷3年
5,週五,20,新北市,小客車,40-49歲,女,A2,1,尿液,安非他命,0,1,31~60,吊銷3年
2,週一,17,桃園市,小客車,40-49歲,男,A2,1,尿液,甲基安非他命,3,2,31~60,吊銷3年
11,週三,7,高雄市,機車,20-29歲,男,A2,2,尿液,甲基安非他命,0,0,31~60,吊扣3年
12,週二,8,新竹縣,小客車,40-49歲,男,A2,1,尿液,安非他命,2,3,0~30,吊銷3年
9,週六,17,臺南市,機車,50-59歲,男,A2,2,尿液,安非他命,3,1,0~30,吊銷3年
4,週四,18,臺中市,機車,60歲以上,男,A2,1,尿液,甲基安非他命,3,1,31~60,吊銷3年
7,週三,18,宜蘭縣,小客車,50-59歲,男,A2,1,尿液,安非他命,1,3,0~30,吊銷3年
10,週二,8,基隆市,機車,40-49歲,男,A2,3,尿液,安非他命,1,0,121~500,吊扣2年
11,週二,13,新北市,小客車,40-49歲,男,A2,1,尿液,甲基安非他命,2,3,61~120,吊銷3年
10,週四,19,臺北市,機車,40-49歲,男,A2,1,尿液,安非他命,3,1,31~60,吊銷3年
12,週日,18,臺南市,小客車,40-49歲,男,A2,1,尿液,嗎啡,0,0,0~30,吊扣3年
4,週六,19,宜蘭縣,機車,50-59歲,男,A2,1,尿液,安非他命,3,0,61~120,吊扣3年
11,週日,0,雲林縣,小客車,40-49歲,男,A2,2,尿液,甲基安非他命,1,1,31~60,吊銷3年
10,週六,11,臺南市,機車,19歲以下,男,A2,2,尿液,甲基安非他命,0,4,0~30,吊銷3年
4,週二,9,臺南市,小客車,50-59歲,男,A2,1,尿液,安非他命,1,1,31~60,吊銷3年
3,週三,19,臺中市,小客車,40-49歲,男,A2,1,血液,甲基安非他命,3,0,0~30,吊扣2年
7,週二,19,桃園市,機車,40-49歲,男,A2,1,尿液,安非他命,2,0,0~30,吊扣3年
8,週五,22,新竹縣,機車,30-39歲,女,A2,3,尿液,安非他命,2,0,31~60,吊扣2年
9,週一,16,臺北市,小客車,40-49歲,男,A2,1,尿液,安非他命,3,0,31~60,吊扣3年
5,週四,8,雲林縣,小客車,40-49歲,男,A2,1,尿液,安非他命,1,1,61~120,吊銷3年
2,週一,18,新北市,機車,30-39歲,男,A2,1,尿液,嗎啡,3,0,31~60,吊扣2年
8,週四,22,新北市,小客車,50-59歲,女,A2,1,尿液,安非他命,0,0,0~30,吊扣4年
9,週日,0,臺南市,小客車,50-59歲,男,A2,2,尿液,安非他命,0,1,61~120,吊銷3年
6,週五,14,臺南市,貨車,40-49歲,女,A2,2,尿液,嗎啡,3,0,31~60,吊扣2年
10,週五,21,宜蘭縣,機車,50-59歲,男,A2,1,尿液,愷他命,2,1,31~60,吊銷3年
4,週三,21,臺南市,小客車,40-49歲,男,A2,2,尿液,甲基安非他命,2,0,31~60,吊扣3年
10,週二,18,臺南市,小客車,40-49歲,男,A2,1,血液,甲基安非他命,3,3,121~500,吊銷3年
6,週一,2,高雄市,小客車,50-59歲,男,A2,1,尿液,愷他命,2,0,31~60,吊扣4年
9,週三,11,臺中市,機車,40-49歲,男,A2,1,尿液,甲基安非他命,0,1,0~30,吊銷3年
10,週一,17,新北市,機車,50-59歲,男,A2,1,尿液,甲基安非他命,2,1,31~60,吊銷3年
10,週日,14,高雄市,機車,50-59歲,男,A2,1,尿液,安非他命,3,1,31~60,吊銷3年
10,週六,18,彰化縣,小客車,60歲以上,男,A2,1,尿液,安非他命,2,1,31~60,吊銷3年
10,週二,6,高雄市,機車,50-59歲,男,A2,2,尿液,安非他命,3,0,0~30,吊扣3年
4,週二,10,雲林縣,小客車,30-39歲,男,A2,1,血液,嗎啡,2,0,31~60,吊扣2年
12,週一,7,臺南市,機車,19歲以下,男,A2,1,尿液,甲基安非他命,2,0,31~60,吊扣2年
10,週六,21,臺中市,機車,60歲以上,男,A2,1,尿液,愷他命,1,1,0~30,吊銷3年
2,週三,14,臺南市,機車,50-59歲,男,A2,1,尿液,甲基安非他命,2,0,31~60,吊扣4年
11,週日,15,嘉義市,機車,20-29歲,男,A2,1,尿液,安非他命,3,1,31~60,吊銷3年
4,週日,8,新北市,小客車,50-59歲,女,A2,1,尿液,甲基安非他命,1,2,61~120,吊銷3年
3,週二,19,臺南市,機車,50-59歲,男,A2,1,尿液,安非他命,2,0,0~30,吊扣4年
1,週三,17,臺南市,機車,40-49歲,男,A2,2,尿液,嗎啡,3,0,31~60,吊扣2年
6,週二,12,雲林縣,小客車,40-49歲,男,A2,1,尿液,安非他命,3,0,0~30,吊扣2年
10,週二,22,桃園市,機車,30-39歲,男,A2,1,尿液,愷他命,0,2,31~60,吊銷3年
5,週五,8,基隆市,機車,50-59歲,男,A1,1,尿液,甲基安非他命,2,0,31~60,吊銷終身
9,週二,10,基隆市,貨車,20-29歲,男,A2,1,尿液,安非他命,1,0,31~60,吊扣3年
3,週五,19,臺北市,小客車,50-59歲,男,A2,1,尿液,安非他命,1,0,31~60,吊扣4年
1,週六,7,高雄市,機車,30-39歲,男,A2,1,尿液,安非他命,2,2,31~60,吊銷3年
7,週四,22,苗栗縣,小客車,50-59歲,女,A1,1,尿液,甲基安非他命,1,0,0~30,吊銷終身
9,週二,22,基隆市,機車,40-49歲,女,A2,1,尿液,甲基安非他命,1,0,0~30,吊扣2年
6,週二,17,苗栗縣,機車,40-49歲,男,A2,1,尿液,愷他命,1,0,0~30,吊扣3年
6,週一,8,高雄市,小客車,60歲以上,男,A2,1,尿液,嗎啡,2,0,31~60,吊扣2年
8,週日,19,嘉義縣,小客車,20-29歲,男,A2,1,尿液,甲基安非他命,2,0,31~60,吊扣2年
5,週日,11,新北市,機車,60歲以上,男,A2,1,尿液,嗎啡,1,1,0~30,吊銷3年
6,週一,14,臺中市,機車,50-59歲,男,A2,1,尿液,愷他命,1,0,31~60,吊扣3年
10,週二,15,南投縣,小客車,30-39歲,男,A2,1,尿液,愷他命,1,1,31~60,吊銷3年
9,週二,21,桃園市,貨車,50-59歲,男,A2,1,尿液,甲基安非他命,3,0,61~120,吊扣4年
3,週一,21,桃園市,小客車,60歲以上,女,A2,1,尿液,甲基安非他命,0,0,31~60,吊扣3年
3,週四,18,屏東縣,機車,50-59歲,男,A2,1,尿液,安非他命,1,2,0~30,吊銷3年
3,週二,7,新竹市,小客車,50-59歲,女,A2,1,尿液,甲基安非他命,3,1,61~120,吊銷3年
4,週二,9,新北市,小客車,40-49歲,男,A2,1,血液,甲基安非他命,3,1,121~500,吊銷3年
2,週五,12,臺北市,機車,60歲以上,男,A2,1,尿液,愷他命,2,0,0~30,吊扣3年
4,週六,10,臺北市,機車,20-29歲,女,A2,1,尿液,甲基安非他命,0,0,121~500,吊扣3年
3,週四,19,彰化縣,小客車,50-59歲,女,A2,2,尿液,安非他命,2,0,31~60,吊扣2年
8,週三,0,彰化縣,貨車,30-39歲,男,A2,1,尿液,安非他命,3,1,121~500,吊銷3年
1,週一,0,高雄市,機車,50-59歲,男,A2,1,尿液,甲基安非他命,1,0,0~30,吊扣2年
2,週四,7,新北市,小客車,30-39歲,男,A2,1,尿液,甲基安非他命,3,1,121~500,吊銷3年
7,週三,15,桃園市,機車,50-59歲,男,A2,1,尿液,甲基安非他命,3,1,0~30,吊銷3年
7,週四,15,高雄市,貨車,50-59歲,女,A2,1,尿液,安非他命,1,3,0~30,吊銷3年
5,週五,22,臺中市,機車,30-39歲,男,A2,1,尿液,安非他命,2,1,0~30,吊銷3年
10,週三,7,高雄市,貨車,30-39歲,女,A2,1,尿液,安非他命,0,0,0~30,吊扣2年
10,週三,7,桃園市,機車,50-59歲,男,A2,1,尿液,甲基安非他命,1,0,61~120,吊扣2年
4,週四,7,嘉義縣,機車,40-49歲,男,A2,1,尿液,甲基安非他命,2,0,121~500,吊扣3年
11,週六,1,新竹縣,小客車,40-49歲,男,A2,1,尿液,甲基安非他命,1,0,0~30,吊扣4年
2,週五,18,新北市,機車,60歲以上,男,A2,2,尿液,安非他命,1,1,31~60,吊銷3年
2,週二,13,桃園市,小客車,40-49歲,男,A2,1,尿液,MDMA,2,1,31~60,吊銷3年
1,週一,20,臺中市,小客車,30-39歲,男,A2,1,尿液,安非他命,1,0,0~30,吊扣4年
2,週五,11,桃園市,機車,50-59歲,男,A2,2,血液,甲基安非他命,3,1,121~500,吊銷3年
4,週三,7,臺南市,小客車,30-39歲,男,A2,1,尿液,安非他命,2,0,0~30,吊扣4年
7,週二,12,臺北市,機車,30-39歲,女,A2,2,尿液,嗎啡,3,1,31~60,吊銷3年
7,週三,19,臺中市,機車,50-59歲,男,A2,1,尿液,安非他命,1,2,31~60,吊銷3年
5,週日,0,臺北市,小客車,30-39歲,男,A2,1,尿液,安非他命,3,1,31~60,吊銷3年
7,週六,9,臺北市,機車,40-49歲,男,A2,2,尿液,安非他命,2,0,121~500,吊扣4年
8,週六,10,屏東縣,機車,40-49歲,男,A2,2,尿液,甲基安非他命,0,0,0~30,吊扣4年
1,週三,10,桃園市,小客車,40-49歲,男,A2,1,尿液,嗎啡,0,1,0~30,吊銷3年
4,週三,15,新北市,機車,60歲以上,女,A2,1,尿液,安非他命,3,1,31~60,吊銷3年
9,週五,19,桃園市,小客車,20-29歲,男,A2,1,尿液,甲基安非他命,3,0,31~60,吊扣3年
8,週三,4,臺中市,機車,30-39歲,男,A2,1,尿液,安非他命,2,2,121~500,吊銷3年
1,週五,15,嘉義縣,機車,50-59歲,男,A2,1,尿液,甲基安非他命,0,0,31~60,吊扣3年
5,週六,18,新北市,機車,40-49歲,男,A2,4,血液,甲基安非他命,1,0,31~60,吊扣2年
1,週日,15,臺中市,小客車,50-59歲,男,A2,2,尿液,安非他命,2,0,0~30,吊扣2年
1,週四,17,桃園市,小客車,30-39歲,男,A2,2,尿液,甲基安非他命,2,0,31~60,吊扣2年
5,週三,6,新北市,機車,60歲以上,男,A2,2,尿液,安非他命,2,1,31~60,吊銷3年
3,週日,11,基隆市,機車,40-49歲,男,A2,1,尿液,甲基安非他命,1,1,31~60,吊銷3年
7,週三,7,新北市,機車,40-49歲,女,A2,2,尿液,安非他命,1,0,121~500,吊扣4年
3,週六,20,桃園市,小客車,60歲以上,女,A2,1,尿液,安非他命,0,1,31~60,吊銷3年
3,週五,18,嘉義市,機車,19歲以下,男,A2,2,尿液,嗎啡,3,2,0~30,吊銷3年
12,週五,15,高雄市,機車,30-39歲,男,A2,1,尿液,甲基安非他命,2,1,121~500,吊銷3年
10,週日,17,新北市,小客車,40-49歲,女,A2,1,尿液,甲基安非他命,2,0,0~30,吊扣3年
2,週六,1,新北市,機車,60歲以上,男,A2,2,尿液,甲基安非他命,0,0,0~30,吊扣2年
8,週五,15,雲林縣,機車,50-59歲,男,A2,1,尿液,甲基安非他命,2,0,31~60,吊扣3年
3,週二,13,高雄市,小客車,30-39歲,女,A2,1,尿液,安非他命,2,2,31~60,吊銷3年
9,週一,18,臺南市,小客車,50-59歲,男,A2,1,尿液,愷他命,3,0,0~30,吊扣2年
6,週五,10,澎湖縣,機車,40-49歲,男,A2,1,尿液,安非他命,2,2,31~60,吊銷3年
11,週六,10,桃園市,機車,20-29歲,男,A2,1,尿液,愷他命,3,1,61~120,吊銷3年
5,週四,19,桃園市,貨車,40-49歲,男,A2,1,尿液,安非他命,0,1,0~30,吊銷3年
10,週六,16,臺南市,小客車,30-39歲,男,A2,1,尿液,安非他命,0,2,0~30,吊銷3年
9,週一,15,新北市,小客車,40-49歲,男,A2,1,尿液,安非他命,0,0,31~60,吊扣2年
9,週二,8,臺北市,機車,40-49歲,女,A2,1,尿液,甲基安非他命,1,1,61~120,吊銷3年
1,週六,12,高雄市,貨車,30-39歲,女,A2,1,血液,安非他命,0,0,0~30,吊扣2年
2,週日,15,屏東縣,機車,40-49歲,男,A2,2,尿液,嗎啡,1,0,121~500,吊扣3年
11,週一,8,苗栗縣,機車,40-49歲,男,A2,1,尿液,嗎啡,3,2,0~30,吊銷3年
4,週五,9,新北市,小客車,50-59歲,男,A2,1,血液,甲基安非他命,2,0,31~60,吊扣2年
4,週五,22,新北市,小客車,20-29歲,男,A2,1,尿液,甲基安非他命,3,0,121~500,吊扣3年
8,週二,5,基隆市,小客車,50-59歲,男,A2,1,尿液,甲基安非他命,0,1,0~30,吊銷3年
5,週四,5,新北市,小客車,19歲以下,男,A2,1,尿液,甲基安非他命,0,3,31~60,吊銷3年
8,週五,12,臺中市,小客車,30-39歲,男,A2,1,尿液,安非他命,0,0,0~30,吊扣3年
5,週六,10,高雄市,機車,20-29歲,女,A2,1,尿液,安非他命,2,0,0~30,吊扣2年
3,週日,18,新北市,機車,50-59歲,男,A2,2,尿液,甲基安非他命,1,4,0~30,吊銷3年
7,週四,9,新北市,大客車,50-59歲,男,A2,1,尿液,甲基安非他命,3,1,31~60,吊銷3年
8,週五,9,臺南市,貨車,40-49歲,男,A2,1,尿液,甲基安非他命,0,0,31~60,吊扣3年
9,週六,18,新北市,小客車,40-49歲,男,A2,1,尿液,愷他命,0,2,31~60,吊銷3年
7,週三,10,臺中市,小客車,60歲以上,女,A2,1,血液,安非他命,3,1,31~60,吊銷3年
10,週日,19,臺中市,小客車,50-59歲,男,A2,1,尿液,安非他命,1,0,0~30,吊扣4年
12,週五,13,嘉義縣,機車,50-59歲,男,A2,2,尿液,愷他命,1,0,0~30,吊扣2年
8,週一,17,新北市,機車,40-49歲,男,A2,1,尿液,甲基安非他命,3,1,121~500,吊銷3年
1,週日,18,高雄市,機車,30-39歲,男,A2,1,尿液,安非他命,0,1,0~30,吊銷3年
2,週一,8,新北市,小客車,60歲以上,男,A2,1,尿液,甲基安非他命,1,0,0~30,吊扣2年
8,週六,18,宜蘭縣,機車,40-49歲,男,A2,1,尿液,嗎啡,3,0,0~30,吊扣4年
5,週六,15,臺南市,機車,50-59歲,男,A2,1,尿液,甲基安非他命,0,1,31~60,吊銷3年
4,週三,19,新竹縣,機車,50-59歲,男,A2,1,尿液,愷他命,2,0,0~30,吊扣2年
9,週三,18,嘉義市,機車,50-59歲,男,A2,2,尿液,安非他命,0,2,31~60,吊銷3年
9,週五,21,臺北市,機車,50-59歲,男,A2,2,尿液,甲基安非他命,1,2,31~60,吊銷3年
5,週五,22,新北市,小客車,20-29歲,男,A2,1,尿液,甲基安非他命,0,1,0~30,吊銷3年
10,週二,9,新北市,小客車,40-49歲,男,A2,1,尿液,安非他命,3,3,31~60,吊銷3年
7,週六,18,臺北市,機車,60歲以上,男,A2,1,尿液,嗎啡,2,1,0~30,吊銷3年
12,週四,7,桃園市,機車,30-39歲,女,A2,4,血液,甲基安非他命,0,3,0~30,吊銷3年
10,週五,18,新北市,機車,40-49歲,男,A2,1,尿液,甲基安非他命,2,0,0~30,吊扣2年
5,週三,21,新竹市,機車,20-29歲,男,A2,1,尿液,安非他命,0,0,0~30,吊扣2年
5,週六,19,高雄市,機車,40-49歲,女,A2,3,血液,嗎啡,0,0,31~60,吊扣4年
1,週一,12,基隆市,機車,40-49歲,男,A2,1,尿液,愷他命,3,0,31~60,吊扣2年
12,週五,17,南投縣,貨車,40-49歲,男,A2,1,尿液,甲基安非他命,2,0,31~60,吊扣3年
1,週四,12,彰化縣,機車,50-59歲,男,A2,1,尿液,安非他命,3,1,0~30,吊銷3年
1,週六,7,新北市,機車,40-49歲,男,A2,1,尿液,甲基安非他命,2,2,0~30,吊銷3年
6,週三,17,宜蘭縣,小客車,40-49歲,男,A2,1,尿液,安非他命,1,0,31~60,吊扣4年
1,週一,9,桃園市,機車,40-49歲,女,A2,2,尿液,愷他命,3,0,0~30,吊扣4年
11,週一,12,南投縣,機車,19歲以下,男,A2,1,尿液,甲基安非他命,0,1,0~30,吊銷3年
3,週三,15,彰化縣,貨車,40-49歲,男,A2,1,尿液,安非他命,2,0,31~60,吊扣4年
6,週一,14,臺南市,小客車,30-39歲,男,A2,3,尿液,安非他命,1,1,31~60,吊銷3年
9,週一,9,彰化縣,機車,30-39歲,男,A2,1,血液,甲基安非他命,2,1,0~30,吊銷3年
2,週四,18,嘉義市,機車,50-59歲,男,A2,1,尿液,愷他命,3,1,0~30,吊銷3年
8,週六,9,桃園市,小客車,30-39歲,女,A2,1,尿液,安非他命,2,0,0~30,吊扣3年
11,週三,13,彰化縣,小客車,60歲以上,男,A2,1,血液,嗎啡,1,1,0~30,吊銷3年
9,週日,14,臺南市,小客車,50-59歲,男,A2,1,尿液,愷他命,0,1,61~120,吊銷3年
10,週日,17,高雄市,機車,50-59歲,男,A2,2,尿液,甲基安非他命,2,2,31~60,吊銷3年
7,週三,18,臺南市,機車,19歲以下,男,A2,1,尿液,甲基安非他命,2,1,61~120,吊銷3年
8,週三,17,臺中市,機車,30-39歲,男,A2,1,尿液,甲基安非他命,1,1,0~30,吊銷3年
3,週日,18,臺中市,小客車,30-39歲,男,A2,1,尿液,甲基安非他命,2,0,0~30,吊扣3年
4,週二,21,新竹縣,小客車,40-49歲,男,A2,1,尿液,嗎啡,3,1,0~30,吊銷3年
4,週四,9,屏東縣,貨車,20-29歲,男,A2,2,尿液,愷他命,1,4,31~60,吊銷3年
11,週三,13,高雄市,機車,50-59歲,男,A2,1,血液,甲基安非他命,0,2,0~30,吊銷3年
5,週五,9,臺中市,機車,30-39歲,男,A2,1,尿液,甲基安非他命,2,0,0~30,吊扣3年
11,週六,8,新北市,小客車,50-59歲,男,A2,1,尿液,甲基安非他命,2,2,121~500,吊銷3年
4,週五,20,嘉義縣,貨車,50-59歲,男,A2,2,尿液,甲基安非他命,0,1,31~60,吊銷3年
6,週四,6,新北市,機車,40-49歲,男,A2,1,尿液,安非他命,0,0,121~500,吊扣4年
6,週一,15,新北市,機車,60歲以上,男,A2,2,尿液,安非他命,0,1,31~60,吊銷3年
1,週四,20,新北市,機車,60歲以上,男,A2,1,尿液,甲基安非他命,2,0,0~30,吊扣4年
2,週四,21,臺中市,小客車,30-39歲,男,A2,1,血液,愷他命,1,1,31~60,吊銷3年
4,週六,8,新北市,機車,40-49歲,男,A2,2,尿液,安非他命,3,2,31~60,吊銷3年
3,週日,18,新北市,小客車,19歲以下,男,A2,1,尿液,安非他命,2,2,61~120,吊銷3年
10,週五,14,新北市,小客車,30-39歲,男,A2,1,血液,嗎啡,1,2,0~30,吊銷3年
8,週四,21,高雄市,機車,30-39歲,男,A2,2,尿液,甲基安非他命,3,0,31~60,吊扣4年
1,週六,9,桃園市,貨車,50-59歲,男,A2,1,尿液,嗎啡,2,0,31~60,吊扣4年
11,週五,7,苗栗縣,小客車,50-59歲,男,A2,1,血液,安非他命,3,1,31~60,吊銷3年
2,週日,3,新北市,小客車,50-59歲,男,A2,1,尿液,嗎啡,3,0,31~60,吊扣4年
5,週二,16,臺中市,小客車,40-49歲,男,A2,1,尿液,愷他命,3,4,121~500,吊銷3年
2,週日,21,高雄市,小客車,40-49歲,男,A2,1,血液,安非他命,2,1,0~30,吊銷3年
7,週六,22,新北市,小客車,40-49歲,男,A2,1,尿液,安非他命,1,1,31~60,吊銷3年
2,週六,12,新北市,小客車,40-49歲,男,A2,1,尿液,安非他命,0,0,0~30,吊扣4年
5,週日,5,屏東縣,小客車,40-49歲,男,A2,1,尿液,甲基安非他命,2,1,0~30,吊銷3年
8,週一,0,新北市,機車,60歲以上,男,A2,1,尿液,甲基安非他命,0,2,31~60,吊銷3年
3,週一,4,臺北市,機車,40-49歲,男,A2,1,尿液,安非他命,0,0,121~500,吊扣2年
10,週三,7,高雄市,機車,40-49歲,男,A2,1,尿液,甲基安非他命,0,1,31~60,吊銷3年
3,週一,8,桃園市,貨車,30-39歲,男,A2,1,尿液,甲基安非他命,0,4,61~120,吊銷3年
4,週一,19,苗栗縣,機車,30-39歲,男,A2,1,尿液,愷他命,2,0,31~60,吊扣4年
7,週二,17,高雄市,機車,50-59歲,男,A2,2,尿液,甲基安非他命,0,1,121~500,吊銷3年
10,週三,4,高雄市,貨車,30-39歲,男,A2,1,尿液,愷他命,2,0,31~60,吊扣4年
3,週一,9,新北市,機車,50-59歲,女,A2,1,尿液,安非他命,0,0,0~30,吊扣4年
5,週三,6,臺中市,小客車,40-49歲,男,A2,1,尿液,甲基安非他命,0,0,0~30,吊扣4年
7,週五,15,新北市,小客車,60歲以上,男,A2,1,尿液,愷他命,3,1,0~30,吊銷3年
4,週六,16,新北市,小客車,40-49歲,男,A2,1,尿液,甲基安非他命,1,1,0~30,吊銷3年
8,週日,9,臺中市,機車,60歲以上,男,A2,2,尿液,安非他命,2,2,31~60,吊銷3年
10,週五,14,新竹市,小客車,50-59歲,男,A2,1,尿液,愷他命,3,1,31~60,吊銷3年
3,週五,15,桃園市,機車,50-59歲,男,A2,1,尿液,甲基安非他命,1,1,31~60,吊銷3年
4,週二,18,新北市,小客車,19歲以下,男,A2,1,尿液,愷他命,2,1,121~500,吊銷3年
11,週日,20,新北市,小客車,50-59歲,女,A2,1,尿液,甲基安非他命,1,0,0~30,吊扣3年
8,週四,8,桃園市,機車,60歲以上,男,A2,1,尿液,甲基安非他命,3,1,121~500,吊銷3年
2,週日,23,臺北市,小客車,40-49歲,男,A2,1,尿液,嗎啡,3,2,31~60,吊銷3年
5,週五,17,臺南市,小客車,40-49歲,女,A2,1,尿液,安非他命,0,2,0~30,吊銷3年
3,週三,19,臺中市,機車,40-49歲,男,A2,2,尿液,安非他命,2,1,121~500,吊銷3年
8,週六,18,臺中市,機車,30-39歲,女,A2,1,血液,嗎啡,3,0,31~60,吊扣2年
3,週六,11,臺北市,小客車,30-39歲,男,A2,1,尿液,甲基安非他命,0,3,31~60,吊銷3年
8,週一,17,臺北市,小客車,30-39歲,男,A2,1,尿液,安非他命,3,0,31~60,吊扣2年
11,週一,12,臺南市,貨車,30-39歲,男,A2,1,尿液,安非他命,2,1,31~60,吊銷3年
10,週三,22,高雄市,機車,30-39歲,男,A2,1,尿液,愷他命,2,0,0~30,吊扣2年
11,週四,0,臺中市,小客車,40-49歲,男,A2,2,尿液,安非他命,3,4,31~60,吊銷3年
10,週一,12,臺北市,貨車,30-39歲,男,A2,2,尿液,愷他命,3,0,121~500,吊扣3年
5,週五,16,桃園市,機車,20-29歲,女,A2,1,尿液,愷他命,0,1,31~60,吊銷3年
2,週日,15,高雄市,機車,30-39歲,男,A2,1,尿液,甲基安非他命,1,1,31~60,吊銷3年
11,週四,2,彰化縣,貨車,40-49歲,男,A2,1,尿液,安非他命,2,0,31~60,吊扣2年
7,週一,15,臺北市,小客車,40-49歲,男,A2,1,尿液,甲基安非他命,3,1,0~30,吊銷3年
4,週二,18,臺中市,機車,40-49歲,男,A2,2,尿液,愷他命,2,0,31~60,吊扣4年
7,週四,11,桃園市,小客車,40-49歲,男,A2,1,尿液,甲基安非他命,0,0,31~60,吊扣2年
3,週六,13,嘉義縣,機車,40-49歲,男,A2,1,尿液,愷他命,0,0,121~500,吊扣4年
1,週六,0,新北市,小客車,50-59歲,男,A2,1,尿液,安非他命,1,2,61~120,吊銷3年
4,週一,1,新北市,機車,40-49歲,男,A2,3,尿液,甲基安非他命,2,1,31~60,吊銷3年
3,週三,15,桃園市,小客車,20-29歲,男,A2,2,尿液,愷他命,2,2,0~30,吊銷3年
10,週三,9,彰化縣,機車,40-49歲,男,A2,1,尿液,愷他命,2,3,0~30,吊銷3年
10,週四,7,臺中市,機車,20-29歲,男,A2,1,尿液,甲基安非他命,1,2,31~60,吊銷3年
9,週二,6,屏東縣,小客車,60歲以上,男,A2,1,尿液,甲基安非他命,1,2,0~30,吊銷3年
1,週五,17,新北市,小客車,50-59歲,男,A2,1,尿液,甲基安非他命,0,1,121~500,吊銷3年
6,週二,9,臺中市,小客車,30-39歲,男,A2,1,尿液,愷他命,0,0,0~30,吊扣2年
4,週五,17,新北市,小客車,20-29歲,男,A2,1,尿液,甲基安非他命,2,1,31~60,吊銷3年
3,週一,18,臺南市,機車,50-59歲,男,A2,2,尿液,安非他命,3,2,31~60,吊銷3年
7,週四,12,新北市,機車,30-39歲,男,A2,1,尿液,安非他命,0,0,31~60,吊扣3年
2,週二,17,臺中市,小客車,60歲以上,男,A2,1,尿液,嗎啡,3,0,31~60,吊扣3年
5,週一,6,嘉義縣,小客車,50-59歲,男,A2,1,尿液,甲基安非他命,0,1,31~60,吊銷3年
4,週日,22,高雄市,小客車,50-59歲,男,A2,1,血液,安非他命,1,0,31~60,吊扣2年
2,週四,19,高雄市,機車,50-59歲,男,A2,1,尿液,甲基安非他命,1,1,0~30,吊銷3年
12,週三,20,臺北市,機車,40-49歲,男,A2,1,尿液,安非他命,0,0,31~60,吊扣4年
11,週六,22,宜蘭縣,小客車,40-49歲,男,A2,1,尿液,愷他命,2,1,0~30,吊銷3年
11,週二,0,新北市,機車,40-49歲,男,A2,1,尿液,愷他命,2,0,31~60,吊扣3年
4,週六,22,臺北市,大客車,60歲以上,男,A2,1,尿液,安非他命,3,0,61~120,吊扣2年
4,週四,7,嘉義縣,小客車,60歲以上,男,A2,1,尿液,安非他命,1,4,31~60,吊銷3年
10,週二,9,彰化縣,小客車,30-39歲,男,A2,1,尿液,甲基安非他命,3,2,0~30,吊銷3年
4,週三,17,臺中市,小客車,40-49歲,男,A2,1,血液,嗎啡,1,0,31~60,吊扣3年
3,週四,14,嘉義市,小客車,30-39歲,男,A2,1,尿液,安非他命,0,1,31~60,吊銷3年
7,週四,18,臺南市,小客車,50-59歲,男,A2,1,尿液,安非他命,3,1,31~60,吊銷3年
10,週三,9,新北市,小客車,20-29歲,男,A2,1,尿液,甲基安非他命,3,0,121~500,吊扣3年
4,週三,0,臺北市,小客車,50-59歲,男,A2,1,尿液,甲基安非他命,2,2,0~30,吊銷3年
11,週六,16,臺中市,小客車,40-49歲,男,A2,1,尿液,甲基安非他命,2,2,0~30,吊銷3年
11,週三,18,基隆市,機車,30-39歲,男,A2,1,尿液,安非他命,3,2,0~30,吊銷3年
3,週五,18,臺北市,小客車,60歲以上,男,A2,1,尿液,甲基安非他命,3,1,31~60,吊銷3年
5,週日,1,屏東縣,小客車,40-49歲,男,A2,1,血液,安非他命,0,0,31~60,吊扣2年
11,週日,16,宜蘭縣,小客車,30-39歲,男,A2,2,尿液,嗎啡,0,0,0~30,吊扣2年
3,週日,23,高雄市,機車,30-39歲,男,A2,1,尿液,甲基安非他命,0,0,0~30,吊扣2年
9,週五,7,新北市,小客車,40-49歲,男,A2,1,尿液,甲基安非他命,3,2,31~60,吊銷3年
3,週日,12,宜蘭縣,機車,60歲以上,男,A2,1,尿液,安非他命,1,2,31~60,吊銷3年
12,週三,19,新北市,小客車,30-39歲,男,A2,1,尿液,安非他命,1,0,61~120,吊扣2年
11,週六,9,彰化縣,機車,19歲以下,男,A2,1,血液,安非他命,2,0,0~30,吊扣3年
10,週二,6,臺中市,機車,50-59歲,男,A2,1,尿液,甲基安非他命,3,1,0~30,吊銷3年
10,週一,8,臺北市,小客車,40-49歲,女,A2,1,尿液,甲基安非他命,1,0,0~30,吊扣4年
5,週一,7,臺南市,機車,40-49歲,男,A2,1,尿液,嗎啡,3,0,121~500,吊扣2年
11,週四,19,臺中市,機車,19歲以下,男,A2,1,血液,甲基安非他命,0,1,31~60,吊銷3年
9,週三,15,新北市,大客車,40-49歲,男,A2,1,尿液,安非他命,3,0,31~60,吊扣4年
2,週日,14,臺南市,貨車,30-39歲,男,A2,1,尿液,安非他命,0,1,61~120,吊銷3年
7,週六,9,南投縣,小客車,50-59歲,男,A2,1,尿液,安非他命,2,1,0~30,吊銷3年
10,週三,10,彰化縣,貨車,50-59歲,男,A2,1,尿液,安非他命,3,0,0~30,吊扣4年
4,週四,10,高雄市,機車,20-29歲,男,A2,1,尿液,甲基安非他命,3,4,31~60,吊銷3年
4,週三,20,臺中市,小客車,50-59歲,男,A2,1,尿液,愷他命,1,2,121~500,吊銷3年
4,週日,19,桃園市,機車,20-29歲,女,A2,2,尿液,甲基安非他命,0,0,31~60,吊扣2年
12,週一,17,彰化縣,機車,50-59歲,男,A2,2,尿液,安非他命,3,2,31~60,吊銷3年
5,週二,17,桃園市,機車,20-29歲,男,A2,1,尿液,愷他命,1,1,0~30,吊銷3年
1,週六,9,臺中市,小客車,30-39歲,男,A2,1,尿液,愷他命,3,3,121~500,吊銷3年
2,週日,2,高雄市,機車,50-59歲,男,A2,1,尿液,甲基安非他命,0,0,0~30,吊扣2年
5,週五,16,臺南市,機車,50-59歲,男,A2,1,尿液,安非他命,3,1,0~30,吊銷3年
3,週二,17,臺中市,機車,50-59歲,男,A2,4,血液,愷他命,2,2,121~500,吊銷3年
10,週三,16,高雄市,小客車,19歲以下,男,A2,1,尿液,嗎啡,1,3,0~30,吊銷3年
6,週三,7,彰化縣,貨車,40-49歲,男,A2,1,尿液,安非他命,0,0,0~30,吊扣2年
7,週日,13,臺北市,機車,30-39歲,男,A2,1,尿液,甲基安非他命,3,1,31~60,吊銷3年
8,週六,22,臺中市,小客車,30-39歲,男,A2,1,尿液,甲基安非他命,0,4,31~60,吊銷3年
5,週六,11,彰化縣,機車,30-39歲,男,A2,2,尿液,安非他命,2,0,61~120,吊扣4年
10,週三,10,臺北市,小客車,30-39歲,男,A2,1,尿液,安非他命,2,0,61~120,吊扣4年
5,週日,13,臺中市,機車,30-39歲,女,A2,1,尿液,安非他命,2,1,31~60,吊銷3年
10,週五,21,新北市,機車,40-49歲,男,A2,3,尿液,嗎啡,2,1,31~60,吊銷3年
8,週日,7,臺中市,小客車,60歲以上,男,A2,1,尿液,甲基安非他命,3,0,0~30,吊扣2年
4,週三,3,臺中市,小客車,40-49歲,男,A2,1,尿液,甲基安非他命,2,1,0~30,吊銷3年
11,週一,7,桃園市,小客車,50-59歲,男,A2,1,尿液,嗎啡,0,1,31~60,吊銷3年
5,週二,19,彰化縣,機車,30-39歲,男,A2,3,尿液,安非他命,1,1,0~30,吊銷3年
8,週日,8,臺南市,小客車,50-59歲,男,A2,1,尿液,安非他命,0,0,0~30,吊扣2年
8,週一,13,花蓮縣,機車,19歲以下,男,A2,2,尿液,愷他命,1,1,31~60,吊銷3年
11,週五,17,苗栗縣,小客車,40-49歲,男,A2,1,尿液,安非他命,3,0,31~60,吊扣3年
11,週五,7,新北市,小客車,40-49歲,男,A2,1,尿液,甲基安非他命,3,0,31~60,吊扣4年
10,週五,12,嘉義縣,小客車,20-29歲,男,A2,1,尿液,甲基安非他命,2,1,31~60,吊銷3年
7,週四,17,臺南市,小客車,50-59歲,男,A2,1,尿液,甲基安非他命,2,0,31~60,吊扣3年
7,週日,14,臺北市,機車,20-29歲,女,A2,2,血液,甲基安非他命,2,0,31~60,吊扣2年
2,週三,18,基隆市,小客車,50-59歲,男,A2,1,尿液,MDMA,0,1,0~30,吊銷3年
4,週日,22,臺南市,機車,20-29歲,男,A2,2,尿液,安非他命,0,0,31~60,吊扣4年
8,週六,9,桃園市,機車,50-59歲,男,A2,2,尿液,安非他命,0,4,31~60,吊銷3年
4,週三,10,新竹縣,小客車,50-59歲,女,A2,1,尿液,嗎啡,2,2,61~120,吊銷3年
8,週五,6,臺南市,機車,20-29歲,男,A2,1,尿液,甲基安非他命,0,1,121~500,吊銷3年
1,週一,6,高雄市,機車,60歲以上,女,A2,1,尿液,甲基安非他命,1,0,31~60,吊扣3年
8,週六,21,新北市,機車,30-39歲,男,A2,1,尿液,甲基安非他命,3,0,0~30,吊扣4年
1,週一,13,新北市,機車,60歲以上,男,A2,1,尿液,甲基安非他命,2,0,31~60,吊扣3年
1,週日,13,新北市,機車,30-39歲,男,A2,3,血液,甲基安非他命,1,2,0~30,吊銷3年
6,週五,18,彰化縣,機車,30-39歲,男,A2,3,尿液,甲基安非他命,1,0,0~30,吊扣3年
3,週三,0,雲林縣,機車,30-39歲,女,A2,1,尿液,甲基安非他命,1,0,121~500,吊扣3年
2,週三,17,臺中市,小客車,40-49歲,男,A2,1,尿液,甲基安非他命,2,0,0~30,吊扣4年
6,週一,20,桃園市,小客車,50-59歲,女,A2,1,尿液,愷他命,3,2,61~120,吊銷3年
9,週四,18,雲林縣,小客車,30-39歲,男,A2,1,尿液,安非他命,0,0,0~30,吊扣3年
5,週三,18,新北市,小客車,40-49歲,男,A2,1,尿液,愷他命,2,1,0~30,吊銷3年
10,週二,14,宜蘭縣,貨車,40-49歲,男,A2,1,尿液,安非他命,3,0,0~30,吊扣4年
4,週五,7,彰化縣,機車,30-39歲,男,A2,1,尿液,愷他命,0,1,121~500,吊銷3年
8,週五,19,臺南市,機車,19歲以下,男,A2,2,尿液,安非他命,3,1,31~60,吊銷3年
8,週六,18,雲林縣,小客車,50-59歲,男,A2,1,尿液,安非他命,3,0,31~60,吊扣3年
5,週四,10,臺北市,機車,40-49歲,男,A2,2,尿液,安非他命,3,1,31~60,吊銷3年
12,週三,23,桃園市,機車,50-59歲,男,A2,1,尿液,愷他命,1,3,0~30,吊銷3年
9,週六,11,屏東縣,機車,40-49歲,女,A2,1,尿液,甲基安非他命,1,0,31~60,吊扣3年
6,週一,14,高雄市,小客車,30-39歲,女,A2,1,血液,安非他命,0,1,31~60,吊銷3年
4,週二,7,嘉義縣,機車,40-49歲,男,A2,1,尿液,甲基安非他命,2,0,0~30,吊扣3年
3,週六,18,新北市,小客車,40-49歲,男,A2,1,尿液,嗎啡,1,4,31~60,吊銷3年
8,週一,12,桃園市,機車,50-59歲,女,A2,1,尿液,愷他命,3,0,61~120,吊扣3年
1,週四,18,新北市,機車,20-29歲,女,A2,2,尿液,安非他命,1,0,61~120,吊扣4年
6,週二,12,嘉義縣,貨車,40-49歲,男,A2,1,尿液,嗎啡,3,1,0~30,吊銷3年
9,週四,18,基隆市,機車,60歲以上,女,A2,2,尿液,安非他命,0,1,31~60,吊銷3年
4,週五,19,桃園市,機車,40-49歲,男,A2,1,尿液,嗎啡,1,3,31~60,吊銷3年
6,週日,16,新竹市,小客車,20-29歲,男,A2,1,尿液,安非他命,3,0,0~30,吊扣3年
1,週二,18,雲林縣,小客車,40-49歲,男,A2,1,尿液,甲基安非他命,0,1,0~30,吊銷3年
5,週日,16,高雄市,機車,60歲以上,男,A2,1,尿液,嗎啡,1,1,31~60,吊銷3年
12,週六,1,高雄市,機車,20-29歲,男,A1,0,尿液,甲基安非他命,2,1,61~120,吊銷終身
9,週三,11,嘉義市,機車,40-49歲,女,A2,1,尿液,甲基安非他命,2,1,31~60,吊銷3年
3,週一,22,雲林縣,機車,20-29歲,男,A2,1,血液,甲基安非他命,1,1,31~60,吊銷3年
1,週一,18,新北市,小客車,50-59歲,男,A2,1,尿液,安非他命,2,0,0~30,吊扣3年
2,週三,20,新北市,機車,50-59歲,女,A2,1,尿液,愷他命,3,0,0~30,吊扣4年
10,週四,8,桃園市,小客車,20-29歲,男,A2,1,尿液,安非他命,3,1,31~60,吊銷3年
10,週四,4,桃園市,小客車,40-49歲,女,A2,1,尿液,安非他命,3,1,61~120,吊銷3年
4,週六,4,臺北市,小客車,50-59歲,男,A2,1,血液,安非他命,0,2,0~30,吊銷3年
7,週一,7,高雄市,機車,30-39歲,男,A2,2,尿液,安非他命,3,0,0~30,吊扣4年
7,週四,19,新北市,機車,60歲以上,女,A2,1,尿液,安非他命,2,2,0~30,吊銷3年
12,週一,12,嘉義市,機車,30-39歲,男,A2,1,尿液,嗎啡,1,1,0~30,吊銷3年
9,週一,14,高雄市,機車,50-59歲,男,A2,2,尿液,安非他命,1,0,61~120,吊扣4年
10,週三,21,臺北市,機車,50-59歲,男,A2,2,尿液,嗎啡,3,1,0~30,吊銷3年
3,週日,11,臺南市,機車,19歲以下,男,A2,3,尿液,甲基安非他命,3,0,31~60,吊扣4年
1,週五,22,臺南市,機車,40-49歲,男,A2,2,血液,愷他命,0,0,31~60,吊扣2年
10,週三,9,臺東縣,機車,50-59歲,男,A2,1,尿液,安非他命,1,3,31~60,吊銷3年
2,週六,23,新北市,機車,40-49歲,男,A2,1,尿液,安非他命,2,2,121~500,吊銷3年
3,週五,19,臺中市,小客車,40-49歲,男,A2,1,尿液,安非他命,3,1,121~500,吊銷3年
1,週三,17,南投縣,機車,50-59歲,女,A2,1,尿液,甲基安非他命,1,0,61~120,吊扣4年
3,週六,10,花蓮縣,小客車,30-39歲,女,A2,1,血液,甲基安非他命,3,0,0~30,吊扣3年
1,週一,9,桃園市,機車,30-39歲,男,A2,2,尿液,甲基安非他命,2,0,31~60,吊扣4年
1,週五,0,臺中市,小客車,50-59歲,男,A2,1,尿液,甲基安非他命,1,2,31~60,吊銷3年
4,週二,21,臺東縣,小客車,40-49歲,男,A2,1,尿液,嗎啡,2,0,31~60,吊扣2年
5,週五,19,臺南市,貨車,60歲以上,男,A2,1,尿液,安非他命,1,1,31~60,吊銷3年
5,週三,11,新竹縣,機車,30-39歲,男,A2,3,尿液,嗎啡,1,2,31~60,吊銷3年
10,週四,7,臺中市,機車,50-59歲,男,A2,1,尿液,甲基安非他命,1,1,121~500,吊銷3年
8,週日,2,高雄市,機車,40-49歲,女,A2,1,尿液,甲基安非他命,2,0,31~60,吊扣3年
8,週二,11,高雄市,貨車,20-29歲,女,A2,1,尿液,安非他命,1,1,0~30,吊銷3年
8,週四,7,桃園市,小客車,40-49歲,男,A2,1,尿液,愷他命,1,1,31~60,吊銷3年
8,週六,18,基隆市,小客車,19歲以下,男,A2,2,尿液,嗎啡,3,0,0~30,吊扣2年
10,週三,9,高雄市,機車,50-59歲,男,A2,1,尿液,愷他命,2,1,31~60,吊銷3年
6,週六,1,臺北市,機車,40-49歲,男,A2,1,尿液,安非他命,3,0,0~30,吊扣3年
4,週日,11,臺南市,小客車,50-59歲,男,A2,1,尿液,愷他命,2,0,31~60,吊扣2年
8,週五,20,臺中市,小客車,50-59歲,女,A2,1,血液,愷他命,2,0,31~60,吊扣4年
1,週一,9,臺北市,小客車,30-39歲,男,A2,1,尿液,甲基安非他命,1,1,0~30,吊銷3年
10,週三,19,嘉義縣,小客車,40-49歲,女,A2,2,尿液,安非他命,0,1,121~500,吊銷3年
6,週二,6,新北市,機車,40-49歲,男,A2,2,尿液,嗎啡,1,0,31~60,吊扣4年
6,週一,21,臺北市,小客車,30-39歲,男,A2,1,血液,安非他命,3,2,31~60,吊銷3年
6,週六,14,新北市,小客車,20-29歲,男,A2,1,尿液,甲基安非他命,2,0,0~30,吊扣2年
6,週日,12,高雄市,機車,50-59歲,男,A2,3,血液,安非他命,0,0,0~30,吊扣2年
7,週六,21,屏東縣,機車,40-49歲,男,A2,1,尿液,甲基安非他命,0,2,0~30,吊銷3年
11,週六,20,臺南市,機車,30-39歲,男,A2,3,血液,愷他命,1,0,0~30,吊扣2年
3,週二,17,桃園市,機車,60歲以上,男,A2,1,尿液,愷他命,2,1,31~60,吊銷3年
5,週四,7,桃園市,機車,30-39歲,男,A2,2,血液,安非他命,2,1,61~120,吊銷3年
6,週三,15,桃園市,小客車,30-39歲,男,A2,2,尿液,安非他命,0,0,31~60,吊扣4年
7,週四,13,南投縣,機車,30-39歲,男,A2,1,尿液,甲基安非他命,2,1,31~60,吊銷3年
1,週四,14,臺中市,小客車,30-39歲,男,A2,1,血液,甲基安非他命,3,2,31~60,吊銷3年
3,週一,14,桃園市,機車,40-49歲,女,A2,1,血液,甲基安非他命,1,2,0~30,吊銷3年
10,週三,8,臺北市,小客車,40-49歲,男,A2,1,尿液,安非他命,0,0,31~60,吊扣2年
1,週一,9,桃園市,小客車,60歲以上,男,A2,1,尿液,安非他命,0,1,31~60,吊銷3年
10,週六,16,屏東縣,機車,60歲以上,男,A2,2,尿液,甲基安非他命,1,1,0~30,吊銷3年
7,週六,1,基隆市,小客車,50-59歲,男,A2,1,血液,愷他命,3,2,0~30,吊銷3年
8,週四,18,臺中市,小客車,50-59歲,男,A2,1,尿液,安非他命,1,2,0~30,吊銷3年
2,週三,7,臺中市,貨車,40-49歲,男,A2,1,尿液,愷他命,2,0,31~60,吊扣3年
5,週二,11,新北市,機車,30-39歲,男,A2,2,尿液,甲基安非他命,1,1,31~60,吊銷3年
8,週二,17,臺北市,機車,40-49歲,男,A2,1,尿液,嗎啡,2,1,0~30,吊銷3年
10,週四,17,高雄市,機車,40-49歲,女,A2,1,血液,甲基安非他命,2,1,0~30,吊銷3年
7,週三,21,新北市,小客車,50-59歲,男,A2,1,尿液,甲基安非他命,2,2,31~60,吊銷3年
3,週日,10,彰化縣,小客車,60歲以上,男,A2,1,尿液,甲基安非他命,2,0,31~60,吊扣4年
9,週三,8,嘉義市,機車,40-49歲,男,A2,1,尿液,安非他命,2,1,31~60,吊銷3年
12,週四,19,桃園市,機車,50-59歲,男,A2,1,尿液,安非他命,2,0,31~60,吊扣4年
5,週四,20,桃園市,小客車,30-39歲,男,A2,1,尿液,甲基安非他命,1,1,0~30,吊銷3年
7,週三,8,臺北市,機車,60歲以上,男,A2,1,尿液,安非他命,1,0,31~60,吊扣2年
7,週五,19,高雄市,機車,30-39歲,男,A2,1,尿液,安非他命,2,0,0~30,吊扣3年
3,週二,15,嘉義縣,機車,50-59歲,男,A2,1,尿液,安非他命,2,0,0~30,吊扣2年
1,週日,10,桃園市,機車,40-49歲,男,A2,1,尿液,安非他命,2,1,0~30,吊銷3年
10,週四,15,臺北市,機車,50-59歲,女,A2,1,尿液,安非他命,2,0,0~30,吊扣4年
10,週日,14,臺中市,小客車,50-59歲,男,A2,2,尿液,甲基安非他命,1,0,31~60,吊扣4年
10,週三,9,新北市,小客車,30-39歲,女,A2,1,尿液,安非他命,0,1,121~500,吊銷3年
9,週四,18,新北市,機車,50-59歲,男,A2,1,尿液,甲基安非他命,3,0,0~30,吊扣2年
9,週日,9,臺北市,機車,30-39歲,男,A2,2,尿液,安非他命,2,0,31~60,吊扣3年
7,週二,4,苗栗縣,貨車,50-59歲,男,A2,2,尿液,安非他命,1,0,0~30,吊扣4年
2,週日,17,臺南市,機車,50-59歲,男,A2,2,血液,甲基安非他命,1,1,0~30,吊銷3年
12,週四,17,新竹縣,小客車,20-29歲,男,A2,1,尿液,安非他命,1,0,121~500,吊扣4年
5,週一,12,桃園市,機車,20-29歲,男,A2,1,尿液,安非他命,1,0,31~60,吊扣3年
7,週三,20,臺北市,大客車,20-29歲,男,A2,1,尿液,愷他命,3,0,31~60,吊扣2年
5,週五,19,臺南市,機車,40-49歲,男,A2,1,尿液,安非他命,2,3,31~60,吊銷3年
12,週一,18,桃園市,機車,60歲以上,男,A2,2,尿液,甲基安非他命,1,0,31~60,吊扣3年
12,週日,22,新北市,機車,60歲以上,男,A2,2,血液,安非他命,1,2,31~60,吊銷3年
9,週三,0,新北市,機車,40-49歲,女,A2,2,尿液,嗎啡,2,2,0~30,吊銷3年
8,週三,8,宜蘭縣,小客車,40-49歲,男,A2,1,尿液,甲基安非他命,3,2,121~500,吊銷3年
2,週五,6,苗栗縣,小客車,20-29歲,男,A2,1,尿液,甲基安非他命,0,0,31~60,吊扣4年
8,週五,7,新北市,小客車,20-29歲,男,A2,1,尿液,嗎啡,0,0,31~60,吊扣4年
2,週四,8,臺北市,小客車,50-59歲,女,A2,1,尿液,安非他命,2,1,0~30,吊銷3年
2,週五,13,臺北市,機車,40-49歲,男,A2,1,尿液,甲基安非他命,2,1,61~120,吊銷3年
1,週五,7,新北市,機車,40-49歲,男,A2,3,尿液,甲基安非他命,2,1,31~60,吊銷3年
5,週六,1,花蓮縣,小客車,60歲以上,男,A2,1,尿液,安非他命,1,1,61~120,吊銷3年
7,週二,18,臺中市,小客車,20-29歲,男,A2,1,尿液,嗎啡,3,0,0~30,吊扣3年
4,週四,18,嘉義市,機車,40-49歲,女,A2,1,尿液,甲基安非他命,2,1,0~30,吊銷3年
1,週三,17,新北市,機車,30-39歲,男,A2,2,尿液,安非他命,3,0,31~60,吊扣4年
5,週日,5,基隆市,機車,60歲以上,男,A1,1,尿液,甲基安非他命,2,0,31~60,吊銷終身
8,週日,13,臺北市,機車,40-49歲,男,A2,2,尿液,甲基安非他命,2,0,31~60,吊扣4年
1,週六,10,臺北市,機車,40-49歲,男,A2,2,尿液,甲基安非他命,0,1,31~60,吊銷3年
10,週二,14,臺北市,大客車,40-49歲,男,A2,1,尿液,嗎啡,0,1,121~500,吊銷3年
9,週六,18,臺北市,機車,40-49歲,女,A2,1,尿液,甲基安非他命,2,0,121~500,吊扣2年
4,週日,16,臺南市,小客車,50-59歲,男,A2,1,尿液,嗎啡,3,3,0~30,吊銷3年
11,週日,11,苗栗縣,小客車,40-49歲,男,A2,2,尿液,甲基安非他命,3,1,0~30,吊銷3年
11,週一,11,高雄市,貨車,30-39歲,男,A2,1,尿液,嗎啡,2,0,31~60,吊扣3年
12,週六,7,嘉義縣,小客車,30-39歲,男,A2,1,尿液,安非他命,2,1,31~60,吊銷3年
4,週日,4,彰化縣,貨車,50-59歲,男,A2,4,尿液,甲基安非他命,0,0,31~60,吊扣4年
12,週四,8,臺北市,機車,40-49歲,男,A2,1,尿液,甲基安非他命,0,0,31~60,吊扣3年
4,週三,20,桃園市,機車,50-59歲,男,A2,2,尿液,甲基安非他命,1,1,0~30,吊銷3年
11,週二,17,雲林縣,機車,50-59歲,女,A2,1,尿液,甲基安非他命,1,0,31~60,吊扣3年
10,週二,12,屏東縣,機車,40-49歲,男,A2,1,尿液,安非他命,0,0,31~60,吊扣3年
10,週四,7,臺北市,小客車,20-29歲,男,A2,2,血液,甲基安非他命,3,0,61~120,吊扣2年
10,週三,17,新北市,小客車,20-29歲,男,A2,1,尿液,甲基安非他命,1,0,0~30,吊扣2年
5,週六,20,新北市,機車,40-49歲,男,A2,1,尿液,安非他命,1,2,31~60,吊銷3年
11,週六,14,桃園市,機車,20-29歲,男,A2,1,尿液,愷他命,3,1,31~60,吊銷3年
4,週二,7,臺北市,機車,20-29歲,男,A2,1,尿液,安非他命,2,2,31~60,吊銷3年
7,週二,22,臺中市,小客車,60歲以上,男,A2,1,血液,嗎啡,2,0,31~60,吊扣4年
6,週日,8,彰化縣,機車,30-39歲,男,A2,2,血液,安非他命,3,1,31~60,吊銷3年
1,週三,22,新北市,小客車,30-39歲,男,A2,1,尿液,安非他命,2,0,31~60,吊扣4年
10,週六,8,花蓮縣,小客車,40-49歲,男,A2,1,尿液,嗎啡,0,2,31~60,吊銷3年
3,週五,23,臺南市,小客車,50-59歲,男,A2,2,尿液,安非他命,1,0,0~30,吊扣4年
1,週四,0,臺中市,機車,40-49歲,男,A2,1,尿液,安非他命,0,2,31~60,吊銷3年
3,週五,6,新竹縣,小客車,20-29歲,男,A2,1,尿液,愷他命,1,1,121~500,吊銷3年
5,週一,14,彰化縣,貨車,40-49歲,女,A2,2,血液,愷他命,3,4,31~60,吊銷3年
11,週一,22,臺中市,小客車,40-49歲,男,A2,1,尿液,愷他命,1,0,31~60,吊扣4年
4,週三,21,新竹縣,機車,40-49歲,男,A2,1,尿液,甲基安非他命,0,1,0~30,吊銷3年
3,週日,19,新北市,機車,50-59歲,男,A2,1,血液,安非他命,2,1,31~60,吊銷3年
12,週六,17,嘉義市,小客車,40-49歲,男,A2,1,尿液,甲基安非他命,2,0,121~500,吊扣4年
3,週五,9,新北市,小客車,40-49歲,女,A2,1,血液,嗎啡,2,1,31~60,吊銷3年
4,週五,19,臺中市,機車,40-49歲,女,A2,2,尿液,甲基安非他命,0,0,0~30,吊扣3年
12,週二,19,彰化縣,貨車,40-49歲,男,A2,2,尿液,安非他命,2,3,31~60,吊銷3年
9,週一,12,高雄市,小客車,30-39歲,男,A2,1,尿液,甲基安非他命,0,1,31~60,吊銷3年
10,週五,7,基隆市,小客車,50-59歲,男,A2,1,尿液,愷他命,0,1,31~60,吊銷3年
10,週三,13,高雄市,貨車,50-59歲,男,A2,4,尿液,甲基安非他命,0,1,0~30,吊銷3年
1,週三,9,桃園市,小客車,40-49歲,女,A2,1,尿液,甲基安非他命,1,1,31~60,吊銷3年
4,週三,16,臺北市,機車,30-39歲,女,A2,2,尿液,甲基安非他命,1,1,31~60,吊銷3年
7,週六,15,新竹市,機車,30-39歲,女,A2,3,血液,愷他命,0,0,0~30,吊扣4年
11,週日,12,臺北市,機車,40-49歲,男,A2,2,尿液,嗎啡,1,1,0~30,吊銷3年
7,週二,19,雲林縣,機車,40-49歲,女,A2,1,尿液,甲基安非他命,0,2,0~30,吊銷3年
3,週一,18,嘉義縣,機車,30-39歲,男,A2,1,血液,甲基安非他命,1,1,31~60,吊銷3年
7,週四,7,臺南市,機車,40-49歲,女,A2,1,尿液,甲基安非他命,0,1,31~60,吊銷3年
5,週一,18,花蓮縣,機車,40-49歲,女,A2,1,尿液,甲基安非他命,3,0,121~500,吊扣3年
1,週五,16,高雄市,小客車,30-39歲,男,A2,1,尿液,嗎啡,2,0,0~30,吊扣3年
10,週五,8,新北市,機車,40-49歲,女,A2,1,尿液,愷他命,2,3,0~30,吊銷3年
7,週四,20,高雄市,機車,20-29歲,男,A2,1,尿液,嗎啡,3,1,0~30,吊銷3年
2,週二,12,南投縣,機車,30-39歲,男,A2,1,尿液,安非他命,1,1,31~60,吊銷3年
4,週五,17,臺中市,小客車,50-59歲,男,A2,1,尿液,嗎啡,2,0,31~60,吊扣4年
9,週日,22,桃園市,小客車,60歲以上,男,A2,1,尿液,甲基安非他命,0,1,0~30,吊銷3年
4,週五,18,高雄市,機車,50-59歲,男,A2,1,尿液,愷他命,1,0,31~60,吊扣4年
12,週日,23,雲林縣,貨車,20-29歲,男,A2,1,尿液,甲基安非他命,2,2,31~60,吊銷3年
2,週日,17,彰化縣,機車,30-39歲,男,A2,2,尿液,甲基安非他命,0,0,0~30,吊扣3年
11,週五,9,臺中市,機車,40-49歲,男,A2,2,血液,安非他命,3,3,0~30,吊銷3年
11,週二,18,臺中市,機車,50-59歲,男,A2,1,血液,甲基安非他命,3,2,31~60,吊銷3年
9,週一,22,高雄市,機車,40-49歲,女,A2,1,尿液,安非他命,2,1,0~30,吊銷3年
7,週六,18,臺北市,小客車,40-49歲,男,A2,1,尿液,安非他命,2,0,31~60,吊扣2年
7,週六,11,臺中市,貨車,19歲以下,男,A2,2,血液,甲基安非他命,2,0,31~60,吊扣4年
2,週四,9,新北市,機車,40-49歲,男,A2,1,尿液,愷他命,0,1,0~30,吊銷3年
4,週日,13,新北市,小客車,19歲以下,男,A2,1,尿液,甲基安非他命,2,0,0~30,吊扣2年
10,週日,3,基隆市,機車,50-59歲,男,A2,1,尿液,嗎啡,1,1,31~60,吊銷3年
2,週一,7,桃園市,機車,30-39歲,男,A2,1,尿液,愷他命,0,0,0~30,吊扣3年
3,週六,7,桃園市,小客車,30-39歲,男,A2,1,尿液,安非他命,1,1,61~120,吊銷3年
5,週四,14,臺中市,機車,50-59歲,男,A2,1,尿液,安非他命,1,0,0~30,吊扣3年
1,週五,9,臺中市,小客車,40-49歲,男,A2,1,尿液,安非他命,3,0,121~500,吊扣2年
3,週四,7,臺中市,機車,50-59歲,女,A2,1,尿液,安非他命,1,1,31~60,吊銷3年
7,週日,13,新北市,機車,40-49歲,男,A2,2,尿液,安非他命,0,0,31~60,吊扣4年
4,週二,18,新北市,機車,40-49歲,女,A2,1,尿液,安非他命,1,0,0~30,吊扣4年
5,週一,19,臺南市,小客車,50-59歲,男,A2,1,尿液,安非他命,2,3,0~30,吊銷3年
4,週三,15,臺北市,小客車,60歲以上,男,A2,1,尿液,嗎啡,1,2,0~30,吊銷3年
5,週四,8,宜蘭縣,機車,50-59歲,男,A2,1,尿液,安非他命,2,1,0~30,吊銷3年
7,週二,3,宜蘭縣,機車,60歲以上,男,A2,1,尿液,安非他命,2,0,0~30,吊扣2年
1,週三,22,新北市,小客車,40-49歲,女,A2,1,尿液,甲基安非他命,0,0,31~60,吊扣3年
2,週一,1,新北市,機車,40-49歲,男,A2,1,尿液,安非他命,0,1,0~30,吊銷3年
12,週五,15,臺南市,小客車,40-49歲,男,A2,2,尿液,愷他命,1,1,31~60,吊銷3年
8,週五,17,高雄市,小客車,40-49歲,男,A2,1,血液,安非他命,1,2,0~30,吊銷3年
1,週二,7,新北市,大客車,40-49歲,男,A2,1,尿液,愷他命,2,0,31~60,吊扣3年
1,週日,8,屏東縣,機車,50-59歲,男,A2,3,尿液,甲基安非他命,1,1,0~30,吊銷3年
7,週三,20,新竹縣,小客車,30-39歲,男,A2,1,尿液,甲基安非他命,2,1,0~30,吊銷3年
6,週日,13,高雄市,機車,40-49歲,男,A2,4,尿液,甲基安非他命,0,0,0~30,吊扣4年
3,週一,12,嘉義縣,小客車,40-49歲,男,A2,1,尿液,甲基安非他命,0,0,0~30,吊扣3年
10,週五,18,新北市,機車,30-39歲,男,A2,1,尿液,安非他命,2,0,31~60,吊扣4年
12,週三,16,新北市,小客車,40-49歲,女,A2,1,尿液,安非他命,0,2,31~60,吊銷3年
1,週五,22,臺北市,機車,40-49歲,男,A2,1,尿液,嗎啡,1,0,31~60,吊扣2年
2,週四,21,新北市,機車,30-39歲,男,A2,2,尿液,愷他命,2,0,121~500,吊扣3年
9,週一,17,嘉義縣,小客車,60歲以上,男,A2,1,尿液,甲基安非他命,0,1,31~60,吊銷3年
12,週一,13,臺北市,小客車,20-29歲,男,A2,3,尿液,甲基安非他命,1,4,0~30,吊銷3年
12,週二,12,嘉義市,機車,50-59歲,男,A2,2,尿液,安非他命,0,0,61~120,吊扣2年
1,週四,11,新北市,小客車,40-49歲,女,A2,2,尿液,嗎啡,3,3,31~60,吊銷3年
8,週四,19,新北市,小客車,20-29歲,男,A2,1,尿液,安非他命,3,0,31~60,吊扣2年
4,週六,1,新北市,小客車,40-49歲,男,A2,1,尿液,甲基安非他命,3,0,31~60,吊扣4年
5,週四,11,嘉義市,小客車,50-59歲,男,A2,1,尿液,愷他命,3,0,0~30,吊扣4年
3,週三,19,新北市,機車,40-49歲,男,A2,2,尿液,嗎啡,1,0,31~60,吊扣3年
7,週二,14,彰化縣,機車,40-49歲,男,A2,1,尿液,安非他命,1,1,31~60,吊銷3年
8,週五,5,雲林縣,小客車,40-49歲,男,A2,1,尿液,甲基安非他命,3,1,0~30,吊銷3年
11,週四,11,宜蘭縣,貨車,60歲以上,男,A2,1,尿液,甲基安非他命,3,1,31~60,吊銷3年
1,週三,0,臺南市,機車,40-49歲,男,A2,1,尿液,甲基安非他命,0,1,121~500,吊銷3年
4,週五,23,新北市,機車,30-39歲,男,A2,1,尿液,嗎啡,0,0,31~60,吊扣4年
2,週五,10,高雄市,機車,30-39歲,男,A2,1,尿液,安非他命,3,2,0~30,吊銷3年
3,週五,19,桃園市,機車,60歲以上,男,A2,2,尿液,甲基安非他命,3,0,121~500,吊扣2年
12,週五,20,臺中市,小客車,30-39歲,男,A2,1,尿液,安非他命,2,1,0~30,吊銷3年
9,週五,16,新竹縣,機車,30-39歲,女,A2,1,尿液,愷他命,1,0,121~500,吊扣3年
7,週三,17,新北市,小客車,50-59歲,女,A2,1,尿液,安非他命,0,0,0~30,吊扣4年
3,週日,9,高雄市,小客車,50-59歲,女,A2,1,尿液,安非他命,2,1,31~60,吊銷3年
7,週日,0,新北市,機車,50-59歲,男,A2,2,尿液,愷他命,0,1,121~500,吊銷3年
9,週三,18,臺中市,小客車,50-59歲,男,A2,1,尿液,甲基安非他命,1,1,0~30,吊銷3年
1,週三,18,臺中市,小客車,40-49歲,男,A2,2,尿液,安非他命,2,3,31~60,吊銷3年
4,週二,16,苗栗縣,小客車,20-29歲,男,A2,1,尿液,嗎啡,2,1,31~60,吊銷3年
4,週五,20,新竹市,小客車,40-49歲,男,A2,1,尿液,甲基安非他命,3,1,31~60,吊銷3年
2,週二,21,新竹縣,小客車,50-59歲,男,A2,1,尿液,甲基安非他命,1,1,0~30,吊銷3年
4,週四,17,高雄市,機車,40-49歲,男,A2,1,尿液,甲基安非他命,1,4,0~30,吊銷3年
11,週六,8,臺中市,貨車,40-49歲,男,A2,1,尿液,嗎啡,0,0,31~60,吊扣2年
10,週五,19,桃園市,小客車,50-59歲,男,A2,1,尿液,甲基安非他命,0,0,121~500,吊扣2年
5,週二,5,彰化縣,小客車,50-59歲,男,A2,1,尿液,安非他命,3,0,31~60,吊扣2年
1,週日,6,嘉義市,貨車,60歲以上,男,A2,1,尿液,愷他命,2,2,0~30,吊銷3年
5,週日,9,臺中市,小客車,40-49歲,男,A2,1,尿液,嗎啡,1,3,31~60,吊銷3年
7,週二,19,新北市,貨車,60歲以上,男,A2,1,尿液,甲基安非他命,3,0,0~30,吊扣4年
9,週二,5,桃園市,小客車,50-59歲,男,A2,1,尿液,甲基安非他命,1,2,121~500,吊銷3年
4,週四,16,臺北市,機車,40-49歲,女,A2,2,尿液,安非他命,1,1,61~120,吊銷3年
4,週一,19,臺中市,小客車,30-39歲,女,A2,1,尿液,安非他命,2,0,121~500,吊扣2年
10,週日,0,屏東縣,小客車,50-59歲,男,A2,1,尿液,嗎啡,1,0,31~60,吊扣3年
6,週一,22,臺中市,機車,30-39歲,男,A2,1,尿液,安非他命,2,0,31~60,吊扣3年
2,週三,8,臺南市,貨車,50-59歲,男,A2,1,尿液,甲基安非他命,0,1,121~500,吊銷3年
4,週六,16,臺南市,小客車,50-59歲,女,A2,1,尿液,嗎啡,3,1,121~500,吊銷3年
7,週四,11,新北市,小客車,40-49歲,男,A2,2,尿液,甲基安非他命,2,0,31~60,吊扣4年
11,週四,12,新北市,小客車,40-49歲,男,A2,1,尿液,愷他命,2,1,31~60,吊銷3年
4,週四,11,嘉義市,機車,30-39歲,男,A2,2,尿液,安非他命,1,0,121~500,吊扣3年
1,週一,12,高雄市,小客車,40-49歲,男,A2,1,尿液,愷他命,0,2,0~30,吊銷3年
2,週五,16,新北市,機車,40-49歲,男,A2,2,尿液,安非他命,0,1,0~30,吊銷3年
1,週六,10,臺中市,機車,50-59歲,男,A2,3,尿液,甲基安非他命,1,0,31~60,吊扣4年
8,週六,16,桃園市,小客車,30-39歲,男,A2,1,尿液,甲基安非他命,3,1,31~60,吊銷3年
4,週三,21,屏東縣,小客車,50-59歲,男,A2,1,尿液,甲基安非他命,1,1,31~60,吊銷3年
7,週日,15,屏東縣,機車,60歲以上,女,A2,1,尿液,愷他命,1,0,31~60,吊扣3年
3,週一,20,苗栗縣,小客車,50-59歲,男,A2,1,尿液,愷他命,2,0,31~60,吊扣2年
11,週三,22,雲林縣,小客車,50-59歲,男,A2,1,尿液,安非他命,0,0,31~60,吊扣4年
7,週四,21,新竹縣,小客車,40-49歲,男,A2,1,尿液,愷他命,2,0,31~60,吊扣2年
11,週二,8,臺北市,機車,40-49歲,女,A2,1,尿液,愷他命,0,1,31~60,吊銷3年
1,週日,5,新北市,小客車,19歲以下,男,A2,1,血液,甲基安非他命,3,0,0~30,吊扣4年
7,週一,16,新北市,小客車,30-39歲,男,A2,1,尿液,嗎啡,0,3,31~60,吊銷3年
4,週日,14,雲林縣,小客車,30-39歲,女,A2,2,尿液,嗎啡,3,1,31~60,吊銷3年
7,週六,15,高雄市,機車,30-39歲,男,A2,1,尿液,甲基安非他命,1,1,31~60,吊銷3年
9,週一,16,彰化縣,機車,40-49歲,男,A2,1,尿液,安非他命,3,1,0~30,吊銷3年
7,週六,20,臺中市,機車,50-59歲,男,A2,1,尿液,愷他命,0,2,31~60,吊銷3年
9,週日,10,新北市,小客車,20-29歲,男,A2,1,尿液,嗎啡,3,0,31~60,吊扣3年
4,週四,22,新北市,小客車,40-49歲,男,A2,1,尿液,甲基安非他命,2,2,121~500,吊銷3年
4,週二,15,桃園市,機車,40-49歲,女,A2,1,血液,安非他命,3,1,31~60,吊銷3年
1,週五,17,臺南市,小客車,50-59歲,女,A2,1,尿液,愷他命,3,1,0~30,吊銷3年
2,週二,5,桃園市,小客車,40-49歲,男,A2,4,尿液,愷他命,3,1,0~30,吊銷3年
8,週二,17,臺南市,小客車,20-29歲,女,A2,1,尿液,愷他命,1,1,31~60,吊銷3年
4,週三,16,彰化縣,機車,30-39歲,男,A2,2,尿液,嗎啡,1,0,31~60,吊扣4年
4,週五,9,高雄市,貨車,40-49歲,男,A2,1,血液,嗎啡,3,0,31~60,吊扣3年
4,週五,11,臺南市,小客車,50-59歲,男,A2,1,尿液,安非他命,1,1,121~500,吊銷3年
7,週五,10,花蓮縣,小客車,30-39歲,女,A2,1,尿液,安非他命,1,1,31~60,吊銷3年
4,週四,23,高雄市,機車,30-39歲,女,A2,1,尿液,安非他命,1,0,121~500,吊扣2年
12,週三,9,臺北市,機車,40-49歲,男,A2,1,尿液,甲基安非他命,1,1,31~60,吊銷3年
2,週三,13,南投縣,機車,30-39歲,男,A2,1,尿液,愷他命,2,3,61~120,吊銷3年
8,週日,12,宜蘭縣,小客車,20-29歲,男,A2,1,尿液,安非他命,3,1,61~120,吊銷3年
4,週一,8,新北市,機車,20-29歲,男,A2,1,尿液,嗎啡,3,1,31~60,吊銷3年
11,週二,19,新北市,機車,19歲以下,男,A2,1,尿液,安非他命,2,1,0~30,吊銷3年
8,週五,13,新竹市,小客車,60歲以上,男,A2,1,尿液,甲基安非他命,1,0,31~60,吊扣2年
3,週五,8,桃園市,機車,40-49歲,男,A2,1,尿液,甲基安非他命,1,0,31~60,吊扣2年
3,週日,14,新北市,機車,50-59歲,男,A2,1,尿液,甲基安非他命,0,2,0~30,吊銷3年
8,週四,22,彰化縣,小客車,19歲以下,男,A2,1,尿液,愷他命,3,0,31~60,吊扣3年
11,週六,14,屏東縣,小客車,30-39歲,男,A2,1,尿液,安非他命,3,0,31~60,吊扣3年
9,週三,19,高雄市,機車,50-59歲,男,A2,2,尿液,嗎啡,2,0,0~30,吊扣4年
7,週四,18,新北市,小客車,50-59歲,男,A2,2,尿液,甲基安非他命,1,0,121~500,吊扣2年
9,週一,14,花蓮縣,貨車,30-39歲,女,A2,2,尿液,愷他命,1,1,61~120,吊銷3年
5,週一,18,臺北市,小客車,40-49歲,男,A2,1,尿液,愷他命,1,1,0~30,吊銷3年
11,週一,18,新北市,小客車,40-49歲,男,A2,1,尿液,安非他命,1,0,31~60,吊扣4年
4,週六,14,臺南市,機車,20-29歲,男,A2,1,血液,甲基安非他命,3,1,31~60,吊銷3年
5,週一,21,桃園市,機車,40-49歲,男,A2,1,尿液,安非他命,1,0,31~60,吊扣4年
1,週一,8,新北市,小客車,20-29歲,男,A2,1,尿液,安非他命,0,0,0~30,吊扣4年
2,週五,1,新北市,小客車,20-29歲,男,A2,1,尿液,甲基安非他命,2,1,31~60,吊銷3年
3,週三,20,臺中市,小客車,40-49歲,男,A2,2,尿液,安非他命,2,0,0~30,吊扣3年
10,週三,17,臺北市,小客車,20-29歲,男,A2,1,尿液,甲基安非他命,1,4,121~500,吊銷3年
5,週三,21,臺北市,小客車,40-49歲,男,A2,1,尿液,安非他命,2,1,31~60,吊銷3年
3,週五,19,新北市,機車,30-39歲,男,A2,1,尿液,安非他命,3,0,61~120,吊扣2年
4,週三,15,新竹市,機車,50-59歲,男,A2,1,尿液,愷他命,0,0,0~30,吊扣4年
10,週日,17,新北市,機車,19歲以下,男,A2,1,尿液,甲基安非他命,2,4,31~60,吊銷3年
3,週一,16,高雄市,機車,40-49歲,男,A2,1,尿液,甲基安非他命,0,0,0~30,吊扣4年
7,週三,22,桃園市,小客車,30-39歲,男,A2,1,尿液,嗎啡,2,0,0~30,吊扣4年
3,週三,6,桃園市,小客車,20-29歲,男,A2,2,尿液,甲基安非他命,2,1,0~30,吊銷3年
4,週三,14,新北市,大客車,60歲以上,女,A2,1,血液,嗎啡,2,1,0~30,吊銷3年
8,週三,23,臺南市,小客車,20-29歲,男,A2,2,尿液,甲基安非他命,3,1,121~500,吊銷3年
10,週六,5,臺中市,機車,20-29歲,女,A2,1,尿液,安非他命,3,0,31~60,吊扣3年
12,週四,11,宜蘭縣,貨車,40-49歲,男,A2,1,尿液,甲基安非他命,1,2,31~60,吊銷3年
9,週二,13,臺中市,機車,60歲以上,男,A2,1,尿液,甲基安非他命,2,0,61~120,吊扣2年
7,週二,2,屏東縣,機車,50-59歲,女,A2,1,尿液,嗎啡,1,0,121~500,吊扣2年
1,週六,18,臺中市,小客車,19歲以下,男,A2,1,尿液,甲基安非他命,0,1,31~60,吊銷3年
10,週日,0,臺南市,小客車,50-59歲,男,A2,1,尿液,甲基安非他命,0,0,0~30,吊扣3年
7,週五,13,彰化縣,小客車,50-59歲,男,A2,2,尿液,甲基安非他命,1,1,0~30,吊銷3年
4,週五,17,高雄市,機車,50-59歲,男,A2,1,尿液,安非他命,1,1,0~30,吊銷3年
12,週一,16,新北市,機車,50-59歲,男,A2,1,尿液,愷他命,2,0,61~120,吊扣4年
10,週三,18,桃園市,機車,40-49歲,男,A2,1,尿液,愷他命,3,0,31~60,吊扣2年
10,週二,7,花蓮縣,機車,50-59歲,男,A2,3,尿液,愷他命,2,0,31~60,吊扣2年
7,週一,8,臺中市,機車,50-59歲,男,A2,2,尿液,愷他命,2,0,31~60,吊扣3年
9,週二,9,南投縣,機車,30-39歲,男,A2,1,血液,甲基安非他命,3,1,31~60,吊銷3年
7,週四,18,高雄市,小客車,50-59歲,女,A2,1,尿液,安非他命,0,4,0~30,吊銷3年
10,週五,0,臺中市,機車,50-59歲,男,A2,1,尿液,嗎啡,2,2,121~500,吊銷3年
3,週六,22,屏東縣,機車,40-49歲,男,A2,2,尿液,甲基安非他命,1,1,0~30,吊銷3年
10,週五,18,基隆市,機車,40-49歲,男,A2,2,尿液,安非他命,3,1,31~60,吊銷3年
9,週一,13,臺中市,小客車,30-39歲,女,A2,3,尿液,安非他命,3,3,31~60,吊銷3年
10,週四,18,桃園市,機車,30-39歲,男,A2,2,尿液,嗎啡,3,1,61~120,吊銷3年
6,週三,9,臺南市,小客車,50-59歲,男,A2,1,尿液,安非他命,2,0,0~30,吊扣2年
7,週六,20,新北市,大客車,20-29歲,男,A2,1,尿液,甲基安非他命,0,0,121~500,吊扣3年
12,週六,9,臺南市,小客車,50-59歲,男,A2,1,尿液,甲基安非他命,2,1,31~60,吊銷3年
7,週二,12,南投縣,小客車,50-59歲,男,A2,1,尿液,嗎啡,0,1,31~60,吊銷3年
12,週二,18,臺南市,機車,40-49歲,男,A2,1,尿液,安非他命,3,2,0~30,吊銷3年
5,週五,22,新北市,小客車,40-49歲,男,A2,1,尿液,安非他命,1,0,31~60,吊扣2年
8,週二,6,嘉義市,機車,40-49歲,男,A2,1,血液,嗎啡,0,0,31~60,吊扣4年
2,週四,19,臺中市,小客車,60歲以上,男,A2,1,尿液,安非他命,1,0,31~60,吊扣3年
8,週四,15,新北市,機車,30-39歲,男,A2,1,尿液,安非他命,2,1,0~30,吊銷3年
1,週一,7,雲林縣,小客車,30-39歲,男,A2,1,尿液,安非他命,1,1,31~60,吊銷3年
10,週四,17,新竹市,機車,30-39歲,男,A2,2,尿液,愷他命,0,0,31~60,吊扣3年
7,週三,12,臺南市,小客車,50-59歲,男,A2,1,尿液,安非他命,3,0,121~500,吊扣3年
3,週一,10,雲林縣,小客車,30-39歲,女,A2,1,血液,安非他命,2,1,121~500,吊銷3年
7,週四,16,高雄市,機車,50-59歲,男,A2,1,尿液,安非他命,3,0,0~30,吊扣4年
8,週一,8,臺北市,小客車,50-59歲,男,A2,1,尿液,安非他命,2,1,0~30,吊銷3年
10,週三,3,高雄市,機車,40-49歲,男,A2,1,尿液,安非他命,2,0,0~30,吊扣2年
4,週六,3,臺南市,小客車,40-49歲,男,A2,1,血液,甲基安非他命,3,1,121~500,吊銷3年
4,週二,21,臺北市,小客車,20-29歲,男,A2,2,尿液,甲基安非他命,0,1,121~500,吊銷3年
12,週五,10,高雄市,機車,40-49歲,男,A2,2,尿液,MDMA,1,3,0~30,吊銷3年
10,週一,8,臺南市,機車,20-29歲,男,A2,2,尿液,甲基安非他命,2,1,61~120,吊銷3年
3,週一,18,桃園市,機車,50-59歲,男,A2,1,尿液,愷他命,1,1,121~500,吊銷3年
12,週六,15,雲林縣,小客車,40-49歲,男,A2,1,尿液,嗎啡,3,1,31~60,吊銷3年
11,週日,2,臺北市,小客車,40-49歲,男,A2,2,尿液,安非他命,0,2,31~60,吊銷3年
4,週六,17,新北市,機車,40-49歲,女,A2,2,血液,嗎啡,0,0,121~500,吊扣3年
1,週三,21,南投縣,小客車,30-39歲,女,A2,2,尿液,甲基安非他命,2,1,0~30,吊銷3年
5,週六,22,彰化縣,機車,30-39歲,女,A2,1,尿液,嗎啡,0,0,121~500,吊扣3年
9,週三,14,臺中市,機車,40-49歲,男,A2,1,尿液,甲基安非他命,2,0,31~60,吊扣4年
10,週五,21,桃園市,小客車,40-49歲,男,A2,1,尿液,嗎啡,3,2,61~120,吊銷3年
5,週六,4,新北市,小客車,50-59歲,男,A2,1,尿液,愷他命,0,1,31~60,吊銷3年
7,週五,14,桃園市,機車,50-59歲,男,A2,1,尿液,安非他命,1,2,0~30,吊銷3年
2,週一,19,苗栗縣,機車,50-59歲,男,A2,2,尿液,安非他命,2,0,31~60,吊扣4年
3,週三,0,臺北市,機車,20-29歲,男,A2,1,血液,愷他命,3,0,0~30,吊扣3年
9,週一,14,臺南市,機車,40-49歲,男,A2,1,尿液,甲基安非他命,2,0,31~60,吊扣2年
9,週四,17,嘉義市,機車,40-49歲,男,A2,1,尿液,嗎啡,2,2,121~500,吊銷3年
10,週四,8,桃園市,小客車,40-49歲,女,A2,1,尿液,愷他命,0,0,31~60,吊扣3年
10,週日,17,高雄市,機車,30-39歲,男,A2,1,尿液,嗎啡,0,1,31~60,吊銷3年
4,週二,16,桃園市,貨車,50-59歲,男,A2,1,尿液,愷他命,2,0,0~30,吊扣4年
11,週六,16,南投縣,貨車,30-39歲,男,A2,1,尿液,甲基安非他命,2,1,31~60,吊銷3年
3,週日,21,苗栗縣,機車,30-39歲,男,A2,1,尿液,甲基安非他命,1,1,0~30,吊銷3年
9,週四,15,基隆市,小客車,30-39歲,男,A2,1,尿液,愷他命,0,0,0~30,吊扣3年
2,週日,13,新北市,機車,40-49歲,男,A2,1,尿液,甲基安非他命,1,2,0~30,吊銷3年
8,週日,20,高雄市,小客車,40-49歲,女,A2,3,尿液,愷他命,2,1,0~30,吊銷3年
10,週三,10,基隆市,小客車,40-49歲,男,A2,1,尿液,嗎啡,0,0,31~60,吊扣2年
10,週六,22,高雄市,小客車,50-59歲,男,A2,1,尿液,嗎啡,1,0,0~30,吊扣4年
1,週二,7,臺中市,機車,60歲以上,女,A2,1,尿液,安非他命,1,1,0~30,吊銷3年
11,週三,0,桃園市,機車,50-59歲,男,A2,1,尿液,甲基安非他命,0,0,31~60,吊扣2年
11,週四,18,新北市,小客車,50-59歲,男,A2,1,血液,愷他命,2,1,121~500,吊銷3年
8,週六,1,新北市,小客車,40-49歲,男,A2,1,尿液,安非他命,0,1,31~60,吊銷3年
4,週日,20,雲林縣,小客車,20-29歲,男,A2,2,尿液,安非他命,3,2,121~500,吊銷3年
4,週二,20,桃園市,機車,40-49歲,男,A2,3,尿液,安非他命,0,2,121~500,吊銷3年
6,週一,16,臺中市,機車,50-59歲,男,A2,1,尿液,愷他命,1,1,0~30,吊銷3年
9,週二,13,嘉義縣,機車,60歲以上,男,A2,1,血液,甲基安非他命,3,0,31~60,吊扣3年
5,週四,18,新北市,小客車,40-49歲,男,A2,1,尿液,甲基安非他命,0,0,0~30,吊扣3年
5,週一,22,苗栗縣,小客車,30-39歲,男,A2,1,尿液,安非他命,3,0,121~500,吊扣3年
10,週六,13,嘉義縣,機車,30-39歲,女,A2,1,尿液,安非他命,3,3,0~30,吊銷3年
4,週六,22,彰化縣,機車,30-39歲,男,A2,1,尿液,愷他命,0,2,0~30,吊銷3年
10,週二,9,桃園市,機車,50-59歲,女,A2,1,尿液,安非他命,3,0,31~60,吊扣4年
5,週日,17,高雄市,機車,60歲以上,男,A2,2,尿液,嗎啡,2,2,0~30,吊銷3年
9,週四,9,臺南市,小客車,50-59歲,男,A2,4,尿液,甲基安非他命,3,3,31~60,吊銷3年
7,週五,9,桃園市,機車,20-29歲,男,A2,1,尿液,甲基安非他命,0,1,31~60,吊銷3年
5,週二,20,臺南市,貨車,40-49歲,女,A2,1,尿液,嗎啡,1,0,31~60,吊扣4年
1,週日,22,臺中市,貨車,40-49歲,男,A2,1,尿液,嗎啡,1,0,31~60,吊扣4年
7,週日,15,臺北市,機車,50-59歲,男,A2,2,尿液,甲基安非他命,2,1,121~500,吊銷3年
3,週日,18,臺中市,機車,60歲以上,女,A2,1,尿液,安非他命,2,2,0~30,吊銷3年
6,週一,17,宜蘭縣,小客車,60歲以上,男,A2,1,尿液,甲基安非他命,3,1,31~60,吊銷3年
4,週日,16,桃園市,機車,40-49歲,男,A2,1,尿液,甲基安非他命,2,0,31~60,吊扣3年
5,週一,7,桃園市,機車,40-49歲,男,A2,1,尿液,嗎啡,1,0,31~60,吊扣4年
11,週二,12,臺中市,機車,19歲以下,男,A2,2,尿液,安非他命,2,1,121~500,吊銷3年
7,週日,0,新北市,機車,20-29歲,女,A2,1,尿液,甲基安非他命,2,1,31~60,吊銷3年
9,週一,17,苗栗縣,機車,50-59歲,男,A2,1,尿液,甲基安非他命,1,0,0~30,吊扣2年
10,週五,18,臺中市,機車,40-49歲,男,A2,2,尿液,甲基安非他命,1,0,0~30,吊扣2年
3,週六,9,桃園市,小客車,30-39歲,男,A2,1,尿液,安非他命,2,2,31~60,吊銷3年
3,週三,19,新北市,機車,40-49歲,男,A2,1,尿液,嗎啡,2,2,0~30,吊銷3年
9,週六,11,臺北市,小客車,50-59歲,男,A2,1,尿液,安非他命,2,0,31~60,吊扣3年
10,週日,18,新北市,小客車,40-49歲,男,A2,1,尿液,愷他命,1,0,31~60,吊扣3年
5,週一,8,臺中市,機車,50-59歲,男,A2,1,血液,愷他命,2,2,0~30,吊銷3年
11,週四,19,臺北市,小客車,40-49歲,男,A2,1,血液,甲基安非他命,0,1,31~60,吊銷3年
1,週二,11,宜蘭縣,機車,40-49歲,女,A2,1,尿液,安非他命,2,2,121~500,吊銷3年
7,週三,18,新北市,機車,30-39歲,男,A2,1,尿液,甲基安非他命,1,0,0~30,吊扣4年
12,週三,18,高雄市,貨車,50-59歲,男,A2,1,尿液,甲基安非他命,1,0,31~60,吊扣3年
7,週一,14,新北市,小客車,30-39歲,女,A2,1,血液,嗎啡,0,1,31~60,吊銷3年
12,週三,14,彰化縣,機車,50-59歲,男,A2,1,尿液,甲基安非他命,2,0,61~120,吊扣4年
7,週六,11,臺南市,機車,50-59歲,男,A2,2,血液,甲基安非他命,2,1,61~120,吊銷3年
12,週二,21,臺北市,小客車,50-59歲,男,A2,1,血液,愷他命,3,0,31~60,吊扣4年
11,週二,22,新竹市,小客車,40-49歲,女,A2,1,尿液,愷他命,1,0,61~120,吊扣4年
7,週二,12,新北市,機車,40-49歲,男,A2,1,尿液,安非他命,3,0,0~30,吊扣4年
5,週日,11,屏東縣,機車,30-39歲,男,A2,2,血液,愷他命,1,1,31~60,吊銷3年
3,週二,20,新北市,小客車,40-49歲,男,A2,1,尿液,安非他命,2,0,0~30,吊扣3年
9,週二,7,屏東縣,小客車,30-39歲,男,A2,1,尿液,嗎啡,0,0,0~30,吊扣4年
1,週一,17,臺中市,小客車,20-29歲,男,A2,1,尿液,甲基安非他命,1,3,121~500,吊銷3年
4,週一,14,臺中市,機車,30-39歲,男,A2,2,尿液,愷他命,0,0,121~500,吊扣4年
4,週六,18,臺南市,小客車,40-49歲,男,A2,1,尿液,安非他命,0,1,31~60,吊銷3年
9,週二,8,花蓮縣,小客車,50-59歲,男,A2,1,尿液,甲基安非他命,2,1,0~30,吊銷3年
11,週一,17,桃園市,機車,40-49歲,男,A2,1,尿液,甲基安非他命,2,0,0~30,吊扣2年
2,週六,19,桃園市,小客車,50-59歲,男,A2,1,尿液,安非他命,1,1,0~30,吊銷3年
1,週一,7,臺北市,小客車,30-39歲,男,A2,1,尿液,甲基安非他命,2,1,61~120,吊銷3年
1,週四,10,新北市,機車,20-29歲,女,A2,2,尿液,甲基安非他命,3,0,31~60,吊扣3年
2,週六,22,新竹縣,機車,50-59歲,男,A2,1,尿液,安非他命,1,4,0~30,吊銷3年
10,週日,18,雲林縣,機車,60歲以上,男,A2,2,尿液,愷他命,3,0,0~30,吊扣3年
12,週四,21,花蓮縣,機車,40-49歲,女,A2,1,尿液,甲基安非他命,0,1,0~30,吊銷3年
5,週六,11,新北市,小客車,20-29歲,男,A2,1,尿液,甲基安非他命,1,0,0~30,吊扣4年
5,週六,9,彰化縣,小客車,20-29歲,男,A2,1,尿液,嗎啡,1,0,31~60,吊扣3年
7,週五,18,臺北市,小客車,40-49歲,男,A2,1,尿液,甲基安非他命,2,1,0~30,吊銷3年
2,週四,21,高雄市,小客車,20-29歲,男,A2,1,尿液,安非他命,1,2,31~60,吊銷3年
10,週六,17,基隆市,小客車,40-49歲,男,A2,1,尿液,愷他命,1,1,31~60,吊銷3年
10,週三,19,新竹縣,小客車,30-39歲,男,A2,1,尿液,甲基安非他命,0,1,31~60,吊銷3年
4,週一,13,高雄市,小客車,60歲以上,男,A2,1,尿液,甲基安非他命,0,1,31~60,吊銷3年
10,週五,18,臺南市,機車,30-39歲,男,A2,1,尿液,安非他命,0,0,0~30,吊扣3年
5,週日,17,高雄市,小客車,30-39歲,男,A2,1,尿液,甲基安非他命,0,0,0~30,吊扣4年
10,週五,15,金門縣,機車,40-49歲,男,A2,2,尿液,嗎啡,1,2,31~60,吊銷3年
8,週三,15,新北市,小客車,20-29歲,女,A2,2,尿液,安非他命,2,2,31~60,吊銷3年
9,週五,11,新竹縣,小客車,30-39歲,女,A2,1,尿液,愷他命,2,1,31~60,吊銷3年
9,週日,7,臺中市,貨車,50-59歲,男,A2,1,尿液,甲基安非他命,1,1,0~30,吊銷3年
8,週四,16,新北市,機車,40-49歲,男,A2,1,尿液,愷他命,3,2,0~30,吊銷3年
9,週六,13,新北市,小客車,50-59歲,男,A2,1,尿液,安非他命,3,0,31~60,吊扣4年
4,週四,22,南投縣,小客車,50-59歲,男,A2,1,尿液,安非他命,0,2,0~30,吊銷3年
8,週四,14,臺南市,機車,40-49歲,女,A2,2,尿液,安非他命,2,1,121~500,吊銷3年
4,週二,7,苗栗縣,小客車,40-49歲,男,A2,1,尿液,安非他命,0,2,31~60,吊銷3年
4,週二,8,臺中市,機車,40-49歲,女,A2,2,尿液,甲基安非他命,0,0,121~500,吊扣4年
11,週日,18,彰化縣,小客車,40-49歲,男,A2,1,血液,甲基安非他命,3,2,0~30,吊銷3年
5,週三,21,新北市,小客車,40-49歲,男,A2,1,血液,甲基安非他命,2,1,0~30,吊銷3年
5,週四,19,臺北市,小客車,50-59歲,男,A2,1,尿液,安非他命,1,0,31~60,吊扣3年
9,週四,1,雲林縣,小客車,50-59歲,男,A2,1,尿液,安非他命,1,0,31~60,吊扣3年
12,週日,0,臺北市,機車,40-49歲,男,A2,1,血液,甲基安非他命,2,1,121~500,吊銷3年
5,週三,1,臺中市,貨車,30-39歲,男,A2,1,尿液,安非他命,2,4,0~30,吊銷3年
9,週四,12,高雄市,小客車,20-29歲,男,A2,1,尿液,甲基安非他命,0,0,0~30,吊扣2年
11,週五,10,新北市,小客車,40-49歲,男,A2,1,尿液,安非他命,3,1,0~30,吊銷3年
11,週三,17,新北市,機車,50-59歲,男,A2,1,尿液,安非他命,1,0,0~30,吊扣3年
1,週五,19,臺中市,小客車,40-49歲,男,A2,2,尿液,甲基安非他命,3,1,0~30,吊銷3年
3,週六,7,高雄市,機車,50-59歲,男,A2,2,尿液,嗎啡,3,3,31~60,吊銷3年
4,週四,4,新北市,機車,30-39歲,男,A2,2,血液,愷他命,2,0,31~60,吊扣3年
7,週四,13,桃園市,小客車,20-29歲,男,A2,1,尿液,甲基安非他命,1,2,31~60,吊銷3年
10,週六,23,嘉義縣,小客車,40-49歲,男,A2,2,尿液,甲基安非他命,1,2,0~30,吊銷3年
6,週五,12,新北市,機車,40-49歲,男,A2,1,尿液,甲基安非他命,2,1,0~30,吊銷3年
10,週五,16,新北市,機車,20-29歲,男,A2,1,尿液,愷他命,2,3,31~60,吊銷3年
11,週日,17,新竹縣,機車,40-49歲,男,A2,1,尿液,甲基安非他命,1,2,0~30,吊銷3年
8,週六,13,桃園市,小客車,40-49歲,男,A2,2,尿液,愷他命,0,0,31~60,吊扣4年
7,週五,23,桃園市,小客車,30-39歲,男,A2,1,尿液,安非他命,2,2,31~60,吊銷3年
2,週日,5,新北市,小客車,19歲以下,男,A2,1,尿液,嗎啡,2,0,31~60,吊扣2年
8,週二,16,雲林縣,機車,40-49歲,男,A2,2,尿液,甲基安非他命,0,1,0~30,吊銷3年
2,週一,8,新竹縣,機車,60歲以上,男,A2,1,尿液,安非他命,0,1,0~30,吊銷3年
12,週六,17,臺北市,小客車,40-49歲,男,A2,1,血液,愷他命,2,1,0~30,吊銷3年
2,週六,7,南投縣,小客車,20-29歲,男,A2,1,尿液,愷他命,2,0,121~500,吊扣2年
11,週日,10,臺中市,機車,30-39歲,男,A2,1,尿液,安非他命,0,0,0~30,吊扣4年
4,週五,7,彰化縣,貨車,50-59歲,男,A2,1,尿液,甲基安非他命,3,0,121~500,吊扣3年
4,週日,21,桃園市,機車,20-29歲,男,A2,1,尿液,甲基安非他命,2,4,31~60,吊銷3年
4,週五,0,高雄市,小客車,40-49歲,男,A2,1,尿液,甲基安非他命,3,0,31~60,吊扣4年
5,週四,6,新北市,小客車,40-49歲,男,A2,1,尿液,安非他命,2,1,31~60,吊銷3年
6,週二,10,南投縣,小客車,30-39歲,女,A2,1,尿液,甲基安非他命,1,2,0~30,吊銷3年
1,週一,9,臺北市,小客車,40-49歲,男,A2,2,尿液,甲基安非他命,3,0,0~30,吊扣2年
1,週五,18,桃園市,機車,60歲以上,男,A2,1,血液,嗎啡,3,1,31~60,吊銷3年
10,週六,17,金門縣,機車,30-39歲,女,A2,1,尿液,甲基安非他命,3,0,121~500,吊扣3年
8,週五,17,基隆市,小客車,30-39歲,男,A2,1,尿液,嗎啡,0,2,0~30,吊銷3年
11,週三,16,新竹市,小客車,19歲以下,男,A2,1,尿液,安非他命,0,2,0~30,吊銷3年
8,週日,20,新竹縣,小客車,50-59歲,男,A2,1,血液,甲基安非他命,3,0,121~500,吊扣4年
3,週四,21,桃園市,小客車,20-29歲,女,A2,1,尿液,甲基安非他命,3,2,0~30,吊銷3年
7,週四,6,新北市,小客車,40-49歲,男,A2,1,尿液,甲基安非他命,1,0,121~500,吊扣4年
8,週三,16,臺北市,機車,40-49歲,男,A2,1,尿液,甲基安非他命,1,1,31~60,吊銷3年
3,週五,8,新北市,小客車,20-29歲,男,A2,1,尿液,甲基安非他命,3,0,0~30,吊扣2年
10,週三,15,臺中市,小客車,30-39歲,男,A2,1,尿液,甲基安非他命,1,0,31~60,吊扣3年
1,週五,2,嘉義縣,小客車,20-29歲,男,A2,1,尿液,愷他命,0,0,61~120,吊扣2年
9,週二,8,桃園市,機車,50-59歲,男,A2,2,血液,甲基安非他命,2,2,121~500,吊銷3年
10,週六,18,臺北市,機車,60歲以上,女,A2,1,尿液,甲基安非他命,1,1,121~500,吊銷3年
8,週日,10,新北市,機車,40-49歲,男,A2,1,尿液,愷他命,0,2,31~60,吊銷3年
5,週日,11,桃園市,小客車,50-59歲,男,A2,1,尿液,嗎啡,2,0,31~60,吊扣4年
4,週三,20,屏東縣,小客車,50-59歲,男,A2,1,尿液,愷他命,2,1,31~60,吊銷3年
7,週四,20,桃園市,小客車,40-49歲,女,A2,1,尿液,愷他命,2,2,31~60,吊銷3年
3,週一,14,臺北市,機車,50-59歲,男,A2,1,尿液,甲基安非他命,2,1,0~30,吊銷3年
6,週一,7,臺中市,小客車,40-49歲,男,A2,1,尿液,甲基安非他命,2,0,31~60,吊扣4年
6,週六,15,新北市,小客車,40-49歲,男,A2,2,血液,甲基安非他命,1,1,0~30,吊銷3年
2,週二,17,臺北市,機車,40-49歲,男,A2,2,尿液,愷他命,2,1,121~500,吊銷3年
4,週日,0,高雄市,小客車,30-39歲,女,A2,1,血液,安非他命,0,1,31~60,吊銷3年
7,週日,22,桃園市,機車,50-59歲,男,A2,2,血液,嗎啡,1,4,31~60,吊銷3年
2,週五,14,新北市,機車,30-39歲,男,A2,1,尿液,愷他命,2,1,31~60,吊銷3年
12,週二,21,新北市,機車,60歲以上,男,A2,1,尿液,甲基安非他命,2,2,0~30,吊銷3年
5,週一,20,臺北市,機車,30-39歲,女,A2,2,尿液,安非他命,3,1,31~60,吊銷3年
11,週三,22,高雄市,機車,40-49歲,男,A2,1,尿液,甲基安非他命,2,2,61~120,吊銷3年
3,週三,23,新北市,機車,30-39歲,女,A2,1,尿液,安非他命,3,2,31~60,吊銷3年
3,週日,2,高雄市,小客車,40-49歲,男,A2,2,尿液,愷他命,3,1,31~60,吊銷3年
4,週一,7,雲林縣,小客車,20-29歲,男,A2,1,尿液,甲基安非他命,2,1,61~120,吊銷3年
1,週四,19,嘉義市,大客車,50-59歲,男,A2,1,尿液,愷他命,1,0,31~60,吊扣3年
9,週一,14,基隆市,小客車,19歲以下,男,A2,1,尿液,甲基安非他命,1,1,0~30,吊銷3年
3,週日,4,苗栗縣,小客車,40-49歲,男,A2,1,尿液,安非他命,0,0,31~60,吊扣4年
6,週日,17,新竹市,小客車,50-59歲,女,A2,3,尿液,甲基安非他命,2,0,31~60,吊扣3年
8,週三,15,新竹市,機車,40-49歲,男,A2,2,尿液,安非他命,1,0,31~60,吊扣4年
8,週一,17,高雄市,小客車,40-49歲,男,A2,1,尿液,愷他命,3,1,0~30,吊銷3年
7,週六,9,屏東縣,機車,20-29歲,男,A2,3,尿液,安非他命,2,1,31~60,吊銷3年
3,週三,21,新北市,小客車,50-59歲,男,A2,1,尿液,愷他命,1,4,0~30,吊銷3年
7,週六,18,彰化縣,機車,40-49歲,男,A2,2,尿液,甲基安非他命,1,1,121~500,吊銷3年
3,週五,9,臺北市,機車,40-49歲,男,A2,1,血液,安非他命,3,1,31~60,吊銷3年
8,週四,19,新竹縣,小客車,40-49歲,男,A2,1,尿液,甲基安非他命,2,0,0~30,吊扣2年
9,週四,15,高雄市,機車,30-39歲,男,A2,2,尿液,安非他命,2,0,0~30,吊扣3年
1,週五,8,彰化縣,機車,19歲以下,男,A2,1,尿液,愷他命,2,0,0~30,吊扣2年
5,週三,9,桃園市,小客車,50-59歲,男,A2,1,尿液,安非他命,0,1,31~60,吊銷3年
10,週三,1,嘉義市,機車,19歲以下,男,A2,1,尿液,甲基安非他命,2,0,31~60,吊扣4年
8,週一,9,新北市,小客車,30-39歲,男,A2,1,尿液,安非他命,3,1,0~30,吊銷3年
9,週二,15,臺中市,貨車,50-59歲,男,A2,1,尿液,安非他命,3,1,121~500,吊銷3年
10,週三,22,桃園市,小客車,50-59歲,男,A2,1,血液,安非他命,2,2,0~30,吊銷3年
4,週六,22,臺南市,機車,30-39歲,男,A2,1,尿液,甲基安非他命,1,1,0~30,吊銷3年
9,週五,19,高雄市,機車,30-39歲,男,A2,3,尿液,安非他命,1,1,0~30,吊銷3年
4,週一,8,新北市,機車,40-49歲,男,A2,2,尿液,愷他命,0,2,0~30,吊銷3年
1,週四,16,基隆市,小客車,40-49歲,女,A2,1,尿液,安非他命,1,0,0~30,吊扣4年
7,週五,0,新北市,小客車,50-59歲,男,A2,1,血液,嗎啡,1,2,31~60,吊銷3年
5,週三,15,新北市,機車,40-49歲,男,A2,1,尿液,甲基安非他命,3,1,31~60,吊銷3年
1,週日,18,彰化縣,機車,50-59歲,男,A2,1,尿液,嗎啡,2,1,0~30,吊銷3年
8,週日,8,花蓮縣,機車,50-59歲,男,A2,1,尿液,甲基安非他命,2,0,61~120,吊扣2年
10,週五,19,苗栗縣,小客車,40-49歲,男,A2,1,血液,安非他命,2,2,31~60,吊銷3年
11,週日,2,桃園市,機車,50-59歲,男,A2,2,尿液,甲基安非他命,2,1,0~30,吊銷3年
9,週二,17,臺南市,小客車,40-49歲,男,A2,1,尿液,嗎啡,3,0,31~60,吊扣2年
7,週五,9,新北市,小客車,60歲以上,男,A2,1,尿液,愷他命,3,0,31~60,吊扣2年
8,週二,18,高雄市,小客車,50-59歲,男,A2,1,尿液,安非他命,1,1,0~30,吊銷3年
4,週三,6,臺北市,機車,40-49歲,女,A2,2,尿液,愷他命,3,2,121~500,吊銷3年
8,週五,18,桃園市,機車,50-59歲,男,A2,1,尿液,愷他命,1,1,121~500,吊銷3年
9,週一,7,臺南市,機車,20-29歲,男,A2,2,血液,甲基安非他命,2,2,31~60,吊銷3年
3,週六,9,臺中市,小客車,60歲以上,男,A2,2,尿液,安非他命,1,0,0~30,吊扣2年
10,週二,19,雲林縣,機車,40-49歲,女,A2,1,尿液,愷他命,0,1,31~60,吊銷3年
11,週四,17,嘉義縣,機車,40-49歲,女,A2,1,尿液,安非他命,1,2,0~30,吊銷3年
3,週一,16,彰化縣,小客車,50-59歲,女,A2,1,尿液,愷他命,0,1,31~60,吊銷3年
1,週三,5,高雄市,小客車,50-59歲,男,A2,1,尿液,甲基安非他命,2,1,31~60,吊銷3年
9,週四,7,臺北市,小客車,40-49歲,男,A2,1,尿液,甲基安非他命,1,1,31~60,吊銷3年
2,週二,23,桃園市,小客車,40-49歲,女,A2,1,尿液,愷他命,2,0,0~30,吊扣4年
10,週三,20,臺北市,機車,40-49歲,男,A2,2,尿液,甲基安非他命,3,0,0~30,吊扣3年
9,週一,10,高雄市,機車,40-49歲,男,A2,2,血液,安非他命,2,1,121~500,吊銷3年
10,週三,15,新竹市,小客車,50-59歲,男,A2,1,血液,甲基安非他命,1,0,31~60,吊扣3年
6,週五,21,金門縣,機車,40-49歲,男,A2,3,尿液,愷他命,1,0,61~120,吊扣4年
10,週六,12,屏東縣,小客車,50-59歲,男,A2,1,尿液,安非他命,1,2,31~60,吊銷3年
3,週日,12,臺北市,小客車,20-29歲,男,A2,1,尿液,甲基安非他命,1,1,31~60,吊銷3年
4,週日,19,桃園市,小客車,40-49歲,女,A2,1,尿液,安非他命,2,2,0~30,吊銷3年
6,週一,19,新北市,機車,50-59歲,男,A2,1,尿液,安非他命,0,1,31~60,吊銷3年
2,週一,10,臺北市,小客車,50-59歲,男,A2,1,尿液,安非他命,2,1,31~60,吊銷3年
1,週三,11,基隆市,小客車,40-49歲,女,A2,1,血液,愷他命,0,1,31~60,吊銷3年
10,週一,12,苗栗縣,機車,50-59歲,男,A2,2,尿液,安非他命,0,0,0~30,吊扣3年
4,週五,16,臺北市,小客車,60歲以上,男,A2,1,尿液,愷他命,2,1,31~60,吊銷3年
10,週日,7,桃園市,小客車,30-39歲,男,A2,1,尿液,愷他命,1,1,61~120,吊銷3年
9,週五,18,臺中市,小客車,60歲以上,男,A2,1,尿液,安非他命,0,1,0~30,吊銷3年
5,週四,10,新北市,機車,50-59歲,女,A2,1,尿液,安非他命,3,4,0~30,吊銷3年
7,週六,21,新北市,機車,50-59歲,男,A2,3,尿液,安非他命,2,2,31~60,吊銷3年
8,週日,3,新北市,機車,40-49歲,男,A2,1,尿液,甲基安非他命,2,1,0~30,吊銷3年
7,週六,17,臺南市,小客車,40-49歲,男,A2,1,尿液,安非他命,2,0,31~60,吊扣3年
5,週四,16,雲林縣,小客車,40-49歲,男,A2,1,尿液,甲基安非他命,1,3,31~60,吊銷3年
12,週四,23,新北市,小客車,50-59歲,男,A2,1,尿液,安非他命,0,0,0~30,吊扣4年
5,週一,20,臺南市,機車,50-59歲,男,A2,2,血液,甲基安非他命,0,1,31~60,吊銷3年
10,週五,6,新北市,機車,30-39歲,男,A2,1,尿液,甲基安非他命,3,1,61~120,吊銷3年
7,週二,18,新竹市,機車,30-39歲,男,A2,2,尿液,愷他命,2,0,31~60,吊扣3年
11,週一,4,臺北市,小客車,50-59歲,男,A2,1,尿液,愷他命,3,1,31~60,吊銷3年
7,週四,11,臺中市,機車,50-59歲,女,A2,1,尿液,甲基安非他命,1,1,0~30,吊銷3年
10,週日,0,新北市,小客車,30-39歲,男,A2,1,尿液,愷他命,0,1,31~60,吊銷3年
2,週一,1,臺中市,機車,40-49歲,男,A2,1,尿液,甲基安非他命,1,2,121~500,吊銷3年
5,週六,8,新北市,小客車,30-39歲,女,A2,2,尿液,愷他命,1,0,31~60,吊扣2年
1,週三,2,苗栗縣,小客車,40-49歲,男,A2,1,尿液,甲基安非他命,2,0,31~60,吊扣2年
4,週五,16,宜蘭縣,機車,40-49歲,男,A2,1,尿液,甲基安非他命,0,2,121~500,吊銷3年
1,週三,10,桃園市,貨車,60歲以上,男,A2,1,尿液,安非他命,2,4,61~120,吊銷3年
10,週三,18,高雄市,機車,60歲以上,男,A2,2,尿液,甲基安非他命,1,1,61~120,吊銷3年
8,週六,22,桃園市,小客車,40-49歲,男,A2,1,尿液,安非他命,1,0,31~60,吊扣3年
2,週四,8,苗栗縣,小客車,40-49歲,男,A2,1,尿液,甲基安非他命,2,3,31~60,吊銷3年
1,週二,7,臺南市,小客車,30-39歲,男,A2,1,尿液,安非他命,3,0,61~120,吊扣2年
10,週六,9,臺北市,貨車,20-29歲,男,A2,1,尿液,甲基安非他命,1,0,31~60,吊扣3年
10,週六,19,臺南市,小客車,40-49歲,男,A2,1,尿液,愷他命,0,0,31~60,吊扣4年
8,週二,19,臺北市,機車,40-49歲,男,A2,2,血液,甲基安非他命,0,0,121~500,吊扣4年
8,週二,20,基隆市,小客車,30-39歲,男,A2,1,尿液,甲基安非他命,0,1,31~60,吊銷3年
10,週六,12,新北市,機車,19歲以下,男,A2,1,尿液,甲基安非他命,3,4,31~60,吊銷3年
5,週二,22,新北市,機車,20-29歲,男,A2,2,尿液,安非他命,1,0,31~60,吊扣4年
9,週三,7,彰化縣,機車,30-39歲,女,A2,2,尿液,愷他命,0,2,31~60,吊銷3年
4,週六,13,臺南市,機車,20-29歲,女,A2,1,尿液,嗎啡,0,2,0~30,吊銷3年
5,週一,11,臺中市,機車,30-39歲,男,A2,1,尿液,甲基安非他命,2,1,31~60,吊銷3年
7,週五,6,高雄市,小客車,30-39歲,女,A2,1,尿液,甲基安非他命,2,2,31~60,吊銷3年
6,週日,10,高雄市,小客車,40-49歲,男,A2,1,尿液,安非他命,0,2,0~30,吊銷3年
11,週六,7,苗栗縣,小客車,30-39歲,男,A2,1,尿液,安非他命,3,0,0~30,吊扣4年
5,週六,7,彰化縣,機車,19歲以下,男,A2,1,血液,安非他命,3,1,0~30,吊銷3年
1,週三,3,桃園市,機車,30-39歲,男,A2,1,尿液,愷他命,1,1,31~60,吊銷3年
3,週六,9,臺北市,機車,40-49歲,男,A2,3,尿液,甲基安非他命,0,0,31~60,吊扣2年
8,週六,4,高雄市,機車,30-39歲,女,A2,1,尿液,甲基安非他命,2,0,31~60,吊扣4年
9,週三,10,新北市,小客車,50-59歲,男,A2,1,血液,安非他命,3,0,31~60,吊扣2年
1,週三,15,高雄市,機車,40-49歲,男,A2,1,血液,愷他命,1,0,0~30,吊扣4年
11,週五,17,新北市,機車,50-59歲,男,A2,1,尿液,安非他命,2,3,0~30,吊銷3年
11,週三,11,雲林縣,小客車,20-29歲,男,A2,1,尿液,甲基安非他命,2,0,31~60,吊扣4年
3,週一,8,新北市,小客車,30-39歲,女,A2,2,尿液,愷他命,1,0,0~30,吊扣2年
5,週六,10,新竹縣,機車,50-59歲,男,A2,1,尿液,嗎啡,2,0,0~30,吊扣4年
4,週一,7,臺南市,機車,50-59歲,男,A2,2,尿液,愷他命,2,4,31~60,吊銷3年
5,週四,10,屏東縣,小客車,20-29歲,男,A2,1,血液,安非他命,1,0,0~30,吊扣4年
2,週六,22,臺中市,機車,19歲以下,女,A2,1,尿液,安非他命,1,0,31~60,吊扣4年
9,週二,18,臺北市,小客車,40-49歲,男,A2,1,尿液,安非他命,1,2,31~60,吊銷3年
8,週六,12,新北市,機車,40-49歲,男,A2,3,尿液,愷他命,0,0,0~30,吊扣2年
5,週三,19,臺北市,機車,30-39歲,男,A2,2,尿液,愷他命,3,2,0~30,吊銷3年
11,週一,16,高雄市,機車,50-59歲,女,A2,2,尿液,安非他命,2,1,31~60,吊銷3年
4,週三,12,臺南市,機車,40-49歲,男,A2,1,尿液,愷他命,3,1,31~60,吊銷3年
7,週一,8,高雄市,機車,50-59歲,女,A2,2,尿液,甲基安非他命,2,3,31~60,吊銷3年
11,週六,17,新北市,機車,30-39歲,男,A2,3,尿液,愷他命,3,0,121~500,吊扣4年
4,週五,17,新北市,小客車,40-49歲,男,A2,1,尿液,甲基安非他命,2,0,31~60,吊扣4年
4,週五,11,雲林縣,小客車,50-59歲,男,A2,2,尿液,甲基安非他命,3,2,31~60,吊銷3年
11,週一,21,臺南市,機車,40-49歲,男,A2,2,尿液,愷他命,2,1,121~500,吊銷3年
5,週日,10,臺中市,機車,60歲以上,男,A2,1,尿液,愷他命,2,3,0~30,吊銷3年
5,週二,7,高雄市,機車,40-49歲,女,A2,1,尿液,安非他命,2,1,0~30,吊銷3年
11,週四,16,新北市,小客車,40-49歲,男,A2,1,尿液,MDMA,0,0,61~120,吊扣2年
3,週六,21,新北市,小客車,40-49歲,女,A2,1,血液,愷他命,3,0,121~500,吊扣2年
7,週日,4,臺南市,機車,50-59歲,男,A2,1,尿液,甲基安非他命,3,1,31~60,吊銷3年
11,週一,16,嘉義市,小客車,40-49歲,男,A2,2,血液,嗎啡,0,0,0~30,吊扣3年
11,週四,20,臺南市,機車,50-59歲,男,A2,1,血液,安非他命,1,2,31~60,吊銷3年
8,週五,15,新北市,機車,30-39歲,男,A2,2,尿液,甲基安非他命,3,2,0~30,吊銷3年
11,週一,10,新北市,機車,40-49歲,女,A2,2,尿液,甲基安非他命,0,1,31~60,吊銷3年
4,週三,10,桃園市,小客車,30-39歲,男,A2,1,尿液,嗎啡,0,1,31~60,吊銷3年
10,週四,7,臺中市,機車,60歲以上,男,A2,3,尿液,安非他命,0,0,0~30,吊扣2年
7,週六,22,桃園市,小客車,50-59歲,男,A2,2,尿液,甲基安非他命,0,0,31~60,吊扣2年
10,週四,20,桃園市,小客車,40-49歲,男,A2,1,尿液,甲基安非他命,3,0,0~30,吊扣4年
11,週二,20,新北市,小客車,50-59歲,男,A2,1,尿液,安非他命,2,1,31~60,吊銷3年
4,週日,20,新北市,小客車,50-59歲,男,A2,1,尿液,甲基安非他命,1,0,0~30,吊扣2年
10,週日,1,桃園市,機車,40-49歲,男,A2,3,尿液,安非他命,3,1,31~60,吊銷3年
7,週五,11,嘉義市,小客車,50-59歲,男,A2,1,尿液,甲基安非他命,1,1,0~30,吊銷3年
12,週二,15,雲林縣,貨車,60歲以上,男,A2,1,尿液,甲基安非他命,0,0,61~120,吊扣4年
11,週六,17,雲林縣,機車,40-49歲,男,A2,2,尿液,嗎啡,2,1,121~500,吊銷3年
7,週四,7,高雄市,機車,50-59歲,男,A2,1,尿液,愷他命,1,1,31~60,吊銷3年
6,週一,16,新北市,機車,60歲以上,男,A2,1,尿液,甲基安非他命,2,1,121~500,吊銷3年
3,週日,13,新北市,小客車,40-49歲,男,A2,1,尿液,愷他命,2,1,31~60,吊銷3年
9,週六,3,新北市,小客車,40-49歲,女,A2,1,尿液,安非他命,3,0,31~60,吊扣4年
1,週三,20,彰化縣,小客車,50-59歲,男,A2,2,尿液,甲基安非他命,2,0,121~500,吊扣4年
4,週六,14,高雄市,小客車,50-59歲,男,A2,1,尿液,安非他命,3,1,121~500,吊銷3年
10,週五,22,臺北市,小客車,40-49歲,男,A2,1,尿液,愷他命,2,2,0~30,吊銷3年
2,週日,21,臺北市,機車,20-29歲,男,A2,1,尿液,甲基安非他命,3,0,31~60,吊扣3年
5,週五,10,臺中市,機車,20-29歲,男,A2,1,尿液,愷他命,3,0,31~60,吊扣4年
3,週一,11,嘉義市,機車,40-49歲,男,A2,2,尿液,安非他命,1,2,0~30,吊銷3年
5,週四,13,新竹縣,機車,50-59歲,男,A2,1,尿液,嗎啡,0,0,31~60,吊扣3年
7,週六,6,桃園市,小客車,50-59歲,男,A2,1,尿液,愷他命,3,2,31~60,吊銷3年
10,週日,20,新北市,機車,40-49歲,男,A2,1,尿液,甲基安非他命,2,2,121~500,吊銷3年
4,週一,19,新北市,機車,50-59歲,男,A2,1,尿液,甲基安非他命,1,1,0~30,吊銷3年
6,週一,23,臺南市,小客車,19歲以下,男,A2,1,尿液,甲基安非他命,3,1,31~60,吊銷3年
10,週二,14,臺北市,機車,50-59歲,男,A2,2,血液,安非他命,3,3,0~30,吊銷3年
4,週六,7,新竹縣,機車,40-49歲,男,A2,3,尿液,嗎啡,2,4,0~30,吊銷3年
8,週一,14,新北市,小客車,40-49歲,男,A2,1,尿液,愷他命,2,1,31~60,吊銷3年
8,週一,19,新北市,機車,40-49歲,男,A2,2,尿液,甲基安非他命,0,0,0~30,吊扣2年
11,週四,7,桃園市,機車,50-59歲,男,A2,2,尿液,安非他命,2,4,31~60,吊銷3年
7,週五,0,臺中市,機車,40-49歲,女,A2,2,尿液,安非他命,0,1,121~500,吊銷3年
3,週六,5,苗栗縣,小客車,40-49歲,女,A2,1,尿液,甲基安非他命,2,0,61~120,吊扣2年
11,週六,12,新竹縣,機車,50-59歲,男,A2,2,尿液,安非他命,1,2,31~60,吊銷3年
11,週一,19,臺中市,機車,60歲以上,男,A2,2,尿液,安非他命,1,2,121~500,吊銷3年
1,週日,11,新北市,小客車,40-49歲,男,A2,1,尿液,安非他命,2,1,0~30,吊銷3年
1,週五,9,新北市,機車,40-49歲,男,A2,3,尿液,安非他命,1,2,0~30,吊銷3年
10,週一,18,新北市,小客車,40-49歲,男,A2,1,尿液,甲基安非他命,0,0,31~60,吊扣2年
3,週三,9,苗栗縣,貨車,30-39歲,男,A2,1,血液,甲基安非他命,1,1,0~30,吊銷3年
4,週五,14,基隆市,機車,60歲以上,男,A2,1,尿液,甲基安非他命,0,4,61~120,吊銷3年
4,週四,17,桃園市,小客車,40-49歲,男,A2,1,尿液,安非他命,1,1,31~60,吊銷3年
7,週六,19,臺東縣,小客車,50-59歲,男,A2,1,尿液,愷他命,0,2,0~30,吊銷3年
6,週五,16,新北市,小客車,50-59歲,男,A2,1,尿液,甲基安非他命,1,0,31~60,吊扣3年
4,週五,19,臺中市,小客車,60歲以上,男,A2,1,尿液,安非他命,1,4,31~60,吊銷3年
7,週六,2,臺中市,小客車,40-49歲,男,A2,1,血液,嗎啡,2,1,121~500,吊銷3年
4,週二,7,新北市,機車,30-39歲,男,A2,1,尿液,嗎啡,2,1,0~30,吊銷3年
6,週二,7,高雄市,貨車,50-59歲,女,A2,1,尿液,甲基安非他命,0,2,31~60,吊銷3年
9,週三,22,新北市,機車,50-59歲,男,A2,2,血液,甲基安非他命,1,0,0~30,吊扣4年
8,週日,7,臺東縣,小客車,20-29歲,男,A2,1,血液,嗎啡,2,1,61~120,吊銷3年
4,週三,2,新北市,機車,40-49歲,男,A2,1,尿液,甲基安非他命,2,0,0~30,吊扣2年
11,週五,18,桃園市,機車,30-39歲,男,A2,1,尿液,安非他命,3,4,121~500,吊銷3年
1,週四,20,花蓮縣,小客車,40-49歲,男,A2,2,尿液,甲基安非他命,2,1,31~60,吊銷3年
4,週三,5,臺南市,機車,40-49歲,男,A2,2,尿液,甲基安非他命,3,1,31~60,吊銷3年
2,週五,17,臺中市,機車,50-59歲,男,A2,1,尿液,甲基安非他命,2,1,121~500,吊銷3年
12,週日,12,新北市,小客車,50-59歲,男,A2,1,尿液,安非他命,2,0,31~60,吊扣2年
9,週一,7,宜蘭縣,小客車,30-39歲,男,A2,1,尿液,安非他命,1,2,121~500,吊銷3年
10,週四,12,新北市,機車,30-39歲,男,A2,1,尿液,甲基安非他命,1,1,31~60,吊銷3年
8,週六,8,嘉義縣,機車,40-49歲,男,A2,1,尿液,甲基安非他命,0,0,0~30,吊扣4年
12,週一,8,高雄市,機車,30-39歲,女,A2,2,尿液,嗎啡,1,0,31~60,吊扣3年
1,週六,15,新北市,小客車,19歲以下,女,A2,1,尿液,安非他命,0,4,31~60,吊銷3年
5,週三,18,臺南市,貨車,20-29歲,男,A2,1,尿液,甲基安非他命,1,0,61~120,吊扣2年
1,週二,21,臺南市,機車,50-59歲,男,A2,1,尿液,甲基安非他命,2,2,31~60,吊銷3年
3,週一,12,苗栗縣,小客車,40-49歲,女,A2,1,尿液,愷他命,1,0,0~30,吊扣4年
12,週三,14,臺中市,小客車,40-49歲,女,A2,1,尿液,安非他命,1,0,0~30,吊扣4年
7,週一,15,南投縣,機車,20-29歲,男,A2,2,尿液,安非他命,3,2,31~60,吊銷3年
4,週五,10,臺中市,小客車,50-59歲,男,A2,1,血液,甲基安非他命,0,1,0~30,吊銷3年
4,週六,11,嘉義市,機車,20-29歲,男,A2,2,尿液,甲基安非他命,0,1,31~60,吊銷3年
1,週一,19,臺南市,小客車,30-39歲,男,A2,1,尿液,甲基安非他命,3,0,31~60,吊扣3年
12,週二,19,臺北市,小客車,50-59歲,男,A2,1,尿液,愷他命,3,1,0~30,吊銷3年
4,週日,17,雲林縣,小客車,40-49歲,男,A2,1,尿液,愷他命,3,1,31~60,吊銷3年
8,週四,19,臺南市,小客車,50-59歲,男,A2,1,尿液,甲基安非他命,2,1,31~60,吊銷3年
12,週一,17,南投縣,機車,40-49歲,男,A2,1,尿液,安非他命,2,3,31~60,吊銷3年
11,週四,19,新北市,小客車,40-49歲,男,A2,1,尿液,安非他命,2,0,121~500,吊扣3年
9,週日,19,臺中市,機車,50-59歲,男,A2,1,尿液,安非他命,3,1,0~30,吊銷3年
9,週一,17,彰化縣,小客車,40-49歲,男,A2,1,尿液,嗎啡,3,1,31~60,吊銷3年
10,週五,17,新竹縣,機車,40-49歲,女,A2,2,尿液,安非他命,3,0,0~30,吊扣3年
4,週一,9,臺東縣,機車,30-39歲,男,A2,1,尿液,甲基安非他命,1,1,0~30,吊銷3年
11,週一,18,苗栗縣,機車,40-49歲,男,A2,2,尿液,甲基安非他命,1,2,31~60,吊銷3年
7,週六,11,宜蘭縣,小客車,19歲以下,男,A2,1,尿液,甲基安非他命,3,1,31~60,吊銷3年
9,週二,23,彰化縣,小客車,50-59歲,男,A2,1,尿液,嗎啡,2,0,121~500,吊扣3年
4,週四,22,南投縣,機車,40-49歲,男,A2,2,尿液,甲基安非他命,0,1,31~60,吊銷3年
8,週一,12,臺中市,貨車,40-49歲,男,A2,1,尿液,甲基安非他命,0,0,121~500,吊扣3年
1,週六,20,新竹縣,機車,40-49歲,女,A1,0,尿液,安非他命,2,1,0~30,吊銷終身
5,週六,13,新竹縣,小客車,60歲以上,男,A2,1,尿液,嗎啡,1,2,0~30,吊銷3年
6,週四,18,彰化縣,機車,30-39歲,男,A2,1,尿液,甲基安非他命,0,0,31~60,吊扣2年
3,週日,22,桃園市,機車,30-39歲,男,A2,1,尿液,愷他命,3,0,121~500,吊扣3年
1,週四,2,臺中市,機車,30-39歲,男,A2,1,尿液,愷他命,0,0,0~30,吊扣3年
1,週三,17,新竹縣,小客車,40-49歲,男,A2,1,尿液,安非他命,1,0,31~60,吊扣4年
12,週二,17,臺南市,機車,40-49歲,男,A2,1,尿液,甲基安非他命,2,0,31~60,吊扣2年
8,週一,7,高雄市,小客車,40-49歲,男,A2,1,尿液,甲基安非他命,3,0,0~30,吊扣2年
7,週三,18,臺中市,小客車,30-39歲,男,A2,1,尿液,安非他命,2,2,31~60,吊銷3年
9,週三,1,臺中市,小客車,40-49歲,女,A2,1,尿液,愷他命,2,1,121~500,吊銷3年
8,週日,20,南投縣,機車,19歲以下,男,A2,1,尿液,甲基安非他命,0,0,0~30,吊扣2年
10,週六,11,嘉義縣,小客車,50-59歲,男,A2,1,尿液,安非他命,2,1,31~60,吊銷3年
7,週六,22,高雄市,小客車,50-59歲,男,A2,2,尿液,甲基安非他命,1,2,31~60,吊銷3年
1,週三,7,新北市,大客車,50-59歲,男,A2,1,尿液,嗎啡,0,2,31~60,吊銷3年
1,週六,20,臺北市,小客車,40-49歲,男,A2,2,尿液,甲基安非他命,2,0,31~60,吊扣3年
7,週四,7,桃園市,貨車,50-59歲,男,A2,1,尿液,甲基安非他命,1,1,0~30,吊銷3年
1,週二,19,臺南市,小客車,30-39歲,男,A2,1,尿液,安非他命,2,2,0~30,吊銷3年
11,週日,10,屏東縣,機車,30-39歲,女,A2,2,尿液,MDMA,1,2,31~60,吊銷3年
12,週日,19,苗栗縣,小客車,20-29歲,男,A2,1,尿液,安非他命,0,2,31~60,吊銷3年
8,週二,13,臺北市,機車,40-49歲,男,A2,1,尿液,愷他命,0,1,121~500,吊銷3年
9,週一,21,新北市,小客車,30-39歲,男,A2,1,尿液,甲基安非他命,0,0,0~30,吊扣2年
8,週二,0,桃園市,機車,50-59歲,男,A2,1,尿液,安非他命,1,3,121~500,吊銷3年
12,週五,19,宜蘭縣,機車,60歲以上,男,A2,2,尿液,愷他命,3,0,31~60,吊扣2年
10,週六,18,桃園市,小客車,60歲以上,男,A2,2,尿液,甲基安非他命,3,1,0~30,吊銷3年
7,週二,17,嘉義市,小客車,30-39歲,男,A2,1,血液,安非他命,0,1,31~60,吊銷3年
3,週一,15,臺中市,小客車,19歲以下,男,A2,1,尿液,甲基安非他命,2,0,61~120,吊扣3年
10,週三,22,新北市,機車,50-59歲,男,A2,2,尿液,安非他命,0,3,31~60,吊銷3年
6,週五,7,嘉義市,小客車,40-49歲,男,A2,1,尿液,愷他命,1,4,31~60,吊銷3年
3,週五,9,新北市,小客車,40-49歲,女,A2,1,尿液,甲基安非他命,0,0,31~60,吊扣2年
11,週五,15,南投縣,小客車,20-29歲,男,A2,1,血液,愷他命,0,0,121~500,吊扣3年
12,週六,9,新北市,機車,50-59歲,男,A2,2,尿液,安非他命,0,2,31~60,吊銷3年
4,週二,12,臺中市,小客車,50-59歲,男,A2,1,尿液,甲基安非他命,0,1,31~60,吊銷3年
2,週日,12,彰化縣,小客車,50-59歲,女,A2,2,尿液,安非他命,2,1,121~500,吊銷3年
4,週二,20,新北市,機車,19歲以下,男,A2,3,尿液,甲基安非他命,1,1,31~60,吊銷3年
5,週六,12,臺北市,小客車,40-49歲,男,A2,1,尿液,甲基安非他命,0,0,31~60,吊扣3年
4,週五,15,臺中市,機車,50-59歲,男,A2,1,尿液,安非他命,0,0,0~30,吊扣3年
8,週一,22,桃園市,小客車,50-59歲,男,A2,2,尿液,安非他命,2,1,0~30,吊銷3年
2,週六,23,高雄市,小客車,60歲以上,男,A2,2,尿液,嗎啡,1,0,0~30,吊扣3年
8,週日,5,新北市,機車,50-59歲,男,A2,1,血液,愷他命,3,1,31~60,吊銷3年
4,週一,18,高雄市,機車,20-29歲,男,A2,2,尿液,安非他命,0,1,31~60,吊銷3年
4,週五,19,臺南市,機車,60歲以上,男,A2,2,尿液,安非他命,0,0,0~30,吊扣4年
2,週一,16,臺中市,機車,40-49歲,男,A2,1,尿液,愷他命,0,2,0~30,吊銷3年
12,週日,20,臺中市,機車,40-49歲,男,A2,1,尿液,安非他命,0,2,61~120,吊銷3年
3,週日,11,臺南市,機車,30-39歲,女,A2,2,尿液,安非他命,3,1,0~30,吊銷3年
2,週一,14,嘉義縣,小客車,50-59歲,男,A2,1,尿液,安非他命,3,0,0~30,吊扣2年
5,週四,16,新北市,機車,50-59歲,男,A2,1,尿液,安非他命,0,1,0~30,吊銷3年
8,週六,21,桃園市,機車,40-49歲,男,A2,2,尿液,愷他命,3,1,31~60,吊銷3年
8,週四,1,嘉義市,機車,40-49歲,男,A2,1,尿液,甲基安非他命,3,0,0~30,吊扣3年
11,週三,0,桃園市,小客車,50-59歲,男,A2,1,尿液,甲基安非他命,3,4,0~30,吊銷3年
9,週二,16,彰化縣,機車,50-59歲,男,A2,1,尿液,愷他命,0,1,0~30,吊銷3年
8,週一,11,新北市,機車,40-49歲,女,A2,1,尿液,甲基安非他命,3,0,0~30,吊扣4年
8,週日,13,臺北市,小客車,40-49歲,男,A2,1,尿液,安非他命,0,2,61~120,吊銷3年
9,週四,1,臺中市,小客車,40-49歲,男,A2,1,尿液,甲基安非他命,3,1,31~60,吊銷3年
2,週六,23,臺南市,小客車,40-49歲,男,A2,1,尿液,安非他命,3,3,31~60,吊銷3年
7,週四,8,臺南市,機車,60歲以上,男,A2,1,尿液,安非他命,2,0,31~60,吊扣4年
7,週三,21,新竹市,小客車,40-49歲,男,A2,1,尿液,安非他命,2,1,61~120,吊銷3年
7,週四,21,新北市,機車,60歲以上,男,A2,3,尿液,嗎啡,0,2,31~60,吊銷3年
5,週六,14,臺中市,小客車,40-49歲,男,A2,1,尿液,安非他命,3,1,31~60,吊銷3年
7,週二,9,臺北市,機車,60歲以上,男,A2,2,尿液,愷他命,0,1,0~30,吊銷3年
5,週四,16,新北市,機車,30-39歲,男,A2,1,尿液,甲基安非他命,2,0,0~30,吊扣3年
8,週五,14,臺北市,小客車,50-59歲,女,A2,1,尿液,安非他命,3,0,31~60,吊扣4年
7,週六,11,高雄市,小客車,50-59歲,男,A2,1,尿液,甲基安非他命,1,1,31~60,吊銷3年
12,週五,16,彰化縣,機車,50-59歲,男,A2,3,血液,愷他命,2,3,31~60,吊銷3年
7,週四,6,基隆市,小客車,40-49歲,女,A2,1,尿液,甲基安非他命,0,1,121~500,吊銷3年
9,週一,2,臺北市,機車,40-49歲,男,A2,2,血液,安非他命,1,2,61~120,吊銷3年
5,週四,23,高雄市,小客車,30-39歲,男,A2,1,尿液,嗎啡,1,2,121~500,吊銷3年
4,週五,8,臺北市,小客車,50-59歲,男,A2,1,尿液,甲基安非他命,3,1,121~500,吊銷3年
9,週二,21,雲林縣,小客車,40-49歲,男,A2,1,尿液,愷他命,2,0,121~500,吊扣3年
1,週四,7,宜蘭縣,小客車,40-49歲,男,A2,1,尿液,安非他命,1,1,31~60,吊銷3年
3,週三,14,臺南市,小客車,30-39歲,男,A2,1,尿液,安非他命,1,1,31~60,吊銷3年
2,週六,19,高雄市,機車,50-59歲,男,A2,2,尿液,安非他命,3,0,31~60,吊扣4年
3,週四,6,宜蘭縣,機車,40-49歲,男,A2,1,尿液,愷他命,2,2,31~60,吊銷3年
7,週四,15,臺南市,小客車,20-29歲,男,A2,1,尿液,安非他命,3,2,31~60,吊銷3年
5,週三,5,臺中市,機車,40-49歲,女,A2,2,尿液,甲基安非他命,3,2,31~60,吊銷3年
1,週五,13,臺中市,機車,50-59歲,男,A2,1,尿液,安非他命,0,1,31~60,吊銷3年
4,週日,16,高雄市,機車,50-59歲,男,A2,3,尿液,甲基安非他命,3,2,31~60,吊銷3年
10,週三,20,新北市,機車,40-49歲,女,A2,1,尿液,安非他命,1,1,31~60,吊銷3年
8,週日,0,臺中市,小客車,30-39歲,男,A2,1,尿液,安非他命,3,1,0~30,吊銷3年
8,週一,14,嘉義市,機車,40-49歲,男,A2,1,尿液,甲基安非他命,0,1,121~500,吊銷3年
7,週日,19,新北市,機車,50-59歲,男,A2,1,尿液,愷他命,3,0,0~30,吊扣4年
8,週一,10,臺南市,貨車,30-39歲,男,A2,1,血液,甲基安非他命,0,0,0~30,吊扣3年
1,週三,19,臺南市,貨車,40-49歲,男,A2,1,血液,安非他命,0,2,31~60,吊銷3年
5,週日,20,雲林縣,小客車,40-49歲,男,A2,1,尿液,安非他命,3,1,31~60,吊銷3年
9,週四,18,桃園市,機車,40-49歲,女,A2,2,尿液,安非他命,0,1,121~500,吊銷3年
11,週二,15,臺北市,小客車,40-49歲,男,A2,1,尿液,安非他命,2,0,0~30,吊扣4年
1,週四,10,臺中市,小客車,60歲以上,男,A2,1,尿液,安非他命,0,0,31~60,吊扣4年
7,週六,16,雲林縣,機車,40-49歲,男,A2,1,尿液,嗎啡,0,0,31~60,吊扣4年
11,週四,6,新北市,大客車,40-49歲,男,A2,1,尿液,甲基安非他命,1,1,31~60,吊銷3年
2,週三,19,桃園市,小客車,60歲以上,男,A2,1,血液,安非他命,0,0,121~500,吊扣2年
1,週三,10,苗栗縣,機車,40-49歲,男,A2,1,尿液,嗎啡,3,1,0~30,吊銷3年
6,週五,17,臺中市,機車,30-39歲,男,A2,3,尿液,甲基安非他命,0,0,0~30,吊扣3年
6,週一,10,宜蘭縣,小客車,30-39歲,男,A2,1,尿液,甲基安非他命,0,0,0~30,吊扣4年
4,週三,16,嘉義市,小客車,40-49歲,男,A2,2,尿液,甲基安非他命,3,0,31~60,吊扣3年
8,週四,18,臺北市,機車,30-39歲,男,A2,1,尿液,安非他命,3,0,0~30,吊扣2年
4,週二,8,臺北市,小客車,30-39歲,男,A2,1,尿液,甲基安非他命,1,0,121~500,吊扣4年
7,週一,5,嘉義市,機車,50-59歲,男,A2,1,尿液,安非他命,3,3,0~30,吊銷3年
7,週三,18,臺中市,小客車,40-49歲,男,A2,1,尿液,甲基安非他命,1,1,31~60,吊銷3年
9,週一,17,臺北市,機車,40-49歲,男,A2,1,尿液,愷他命,1,0,31~60,吊扣2年
5,週五,13,桃園市,小客車,40-49歲,男,A2,1,尿液,愷他命,0,1,0~30,吊銷3年
10,週六,20,新北市,小客車,30-39歲,男,A2,1,尿液,安非他命,1,1,0~30,吊銷3年
5,週五,13,高雄市,小客車,40-49歲,男,A2,1,尿液,嗎啡,1,0,31~60,吊扣3年
12,週六,14,嘉義市,小客車,40-49歲,男,A2,1,尿液,甲基安非他命,2,1,121~500,吊銷3年
2,週五,18,高雄市,機車,40-49歲,女,A2,2,尿液,安非他命,2,0,0~30,吊扣2年
12,週三,18,臺南市,機車,40-49歲,男,A2,2,血液,甲基安非他命,1,1,31~60,吊銷3年
6,週三,2,桃園市,小客車,20-29歲,男,A2,1,尿液,嗎啡,0,1,31~60,吊銷3年
2,週四,20,臺北市,機車,40-49歲,男,A2,1,尿液,安非他命,3,1,121~500,吊銷3年
9,週日,19,臺北市,小客車,30-39歲,女,A2,1,尿液,甲基安非他命,1,3,31~60,吊銷3年
2,週四,19,臺南市,小客車,30-39歲,男,A2,1,尿液,甲基安非他命,1,1,31~60,吊銷3年
4,週三,10,宜蘭縣,貨車,60歲以上,男,A2,1,尿液,甲基安非他命,1,1,61~120,吊銷3年
4,週四,21,高雄市,小客車,50-59歲,男,A2,2,尿液,甲基安非他命,0,3,31~60,吊銷3年
4,週五,8,彰化縣,機車,50-59歲,男,A2,1,尿液,安非他命,2,0,31~60,吊扣2年
8,週六,8,臺北市,機車,50-59歲,男,A2,2,尿液,安非他命,1,0,61~120,吊扣3年
2,週五,4,臺中市,小客車,40-49歲,男,A2,1,尿液,甲基安非他命,3,1,31~60,吊銷3年
7,週一,13,臺北市,貨車,60歲以上,女,A2,1,尿液,甲基安非他命,3,0,0~30,吊扣3年
4,週五,23,臺中市,機車,60歲以上,男,A2,1,尿液,安非他命,1,2,31~60,吊銷3年
1,週日,15,苗栗縣,小客車,40-49歲,男,A1,0,尿液,安非他命,1,1,31~60,吊銷終身
1,週五,7,臺南市,機車,40-49歲,男,A2,2,尿液,甲基安非他命,0,2,61~120,吊銷3年
11,週二,7,新北市,機車,40-49歲,男,A2,2,血液,安非他命,1,0,31~60,吊扣2年
11,週一,21,高雄市,小客車,40-49歲,男,A2,1,血液,安非他命,3,2,0~30,吊銷3年
10,週三,0,嘉義縣,小客車,19歲以下,女,A2,1,血液,嗎啡,1,0,31~60,吊扣2年
9,週三,16,臺中市,機車,40-49歲,男,A2,1,尿液,安非他命,0,2,121~500,吊銷3年
4,週四,8,新竹縣,機車,60歲以上,男,A2,1,尿液,甲基安非他命,3,1,31~60,吊銷3年
10,週三,21,澎湖縣,機車,40-49歲,男,A2,4,尿液,愷他命,3,1,121~500,吊銷3年
7,週二,17,臺北市,小客車,40-49歲,女,A2,1,尿液,安非他命,2,1,0~30,吊銷3年
7,週一,12,雲林縣,機車,30-39歲,女,A2,2,尿液,安非他命,3,2,0~30,吊銷3年
3,週二,22,臺北市,機車,20-29歲,女,A2,2,尿液,甲基安非他命,2,0,31~60,吊扣4年
4,週五,10,雲林縣,小客車,40-49歲,男,A2,1,尿液,嗎啡,3,1,0~30,吊銷3年
9,週一,17,臺北市,機車,40-49歲,男,A2,1,尿液,甲基安非他命,2,1,0~30,吊銷3年
11,週日,17,桃園市,小客車,40-49歲,男,A2,1,血液,安非他命,1,1,0~30,吊銷3年
6,週日,20,雲林縣,小客車,40-49歲,男,A2,1,尿液,愷他命,0,1,0~30,吊銷3年
8,週日,23,高雄市,機車,30-39歲,男,A2,2,尿液,嗎啡,2,1,31~60,吊銷3年
7,週四,16,苗栗縣,小客車,40-49歲,男,A2,2,尿液,甲基安非他命,1,0,31~60,吊扣3年
7,週四,11,雲林縣,小客車,50-59歲,男,A2,1,尿液,嗎啡,3,1,0~30,吊銷3年
4,週日,14,屏東縣,機車,40-49歲,女,A2,3,尿液,甲基安非他命,0,0,0~30,吊扣3年
5,週日,21,南投縣,機車,50-59歲,男,A2,1,尿液,甲基安非他命,1,1,121~500,吊銷3年
7,週六,20,桃園市,機車,40-49歲,男,A2,2,尿液,甲基安非他命,1,2,31~60,吊銷3年
11,週五,10,基隆市,機車,40-49歲,男,A2,1,尿液,甲基安非他命,2,2,0~30,吊銷3年
12,週一,21,宜蘭縣,機車,40-49歲,男,A2,1,尿液,安非他命,3,1,0~30,吊銷3年
1,週三,16,臺北市,貨車,40-49歲,男,A2,1,尿液,甲基安非他命,0,0,31~60,吊扣3年
2,週六,21,屏東縣,小客車,40-49歲,男,A2,1,尿液,愷他命,2,0,31~60,吊扣2年
3,週日,1,臺南市,機車,60歲以上,男,A2,1,尿液,甲基安非他命,1,3,0~30,吊銷3年
4,週三,18,臺南市,機車,50-59歲,女,A2,1,尿液,甲基安非他命,2,0,61~120,吊扣2年
4,週一,1,桃園市,機車,40-49歲,女,A2,1,尿液,安非他命,3,1,121~500,吊銷3年
10,週四,23,屏東縣,機車,60歲以上,男,A2,1,尿液,安非他命,3,0,31~60,吊扣3年
3,週日,15,臺南市,小客車,40-49歲,女,A2,1,尿液,安非他命,3,0,31~60,吊扣4年
7,週三,13,彰化縣,機車,30-39歲,男,A2,1,尿液,安非他命,3,0,0~30,吊扣2年
1,週日,12,彰化縣,機車,20-29歲,女,A2,1,尿液,MDMA,0,1,0~30,吊銷3年
9,週四,14,臺南市,機車,50-59歲,男,A2,1,尿液,愷他命,3,2,121~500,吊銷3年
7,週四,19,高雄市,小客車,30-39歲,男,A2,2,尿液,甲基安非他命,0,1,0~30,吊銷3年
11,週一,23,彰化縣,小客車,40-49歲,女,A2,1,尿液,愷他命,3,0,31~60,吊扣3年
9,週一,8,臺中市,機車,40-49歲,女,A2,1,尿液,甲基安非他命,2,3,31~60,吊銷3年
10,週三,11,苗栗縣,機車,60歲以上,男,A2,1,尿液,嗎啡,3,0,31~60,吊扣2年
10,週六,16,屏東縣,小客車,20-29歲,男,A2,1,尿液,安非他命,2,0,31~60,吊扣4年
9,週四,18,新北市,機車,50-59歲,男,A2,1,尿液,甲基安非他命,0,2,121~500,吊銷3年
3,週四,0,高雄市,小客車,19歲以下,男,A2,1,尿液,安非他命,3,2,61~120,吊銷3年
2,週二,13,彰化縣,機車,40-49歲,男,A2,2,尿液,嗎啡,0,1,0~30,吊銷3年
8,週一,16,新北市,小客車,40-49歲,女,A2,1,尿液,安非他命,0,2,0~30,吊銷3年
11,週四,14,基隆市,小客車,50-59歲,男,A2,1,尿液,安非他命,3,0,0~30,吊扣4年
10,週日,6,新北市,機車,40-49歲,男,A2,1,尿液,安非他命,3,1,31~60,吊銷3年
6,週二,19,臺中市,小客車,50-59歲,男,A2,1,血液,安非他命,0,0,0~30,吊扣2年
7,週二,11,臺北市,小客車,40-49歲,男,A2,1,尿液,安非他命,3,1,31~60,吊銷3年
3,週三,14,基隆市,小客車,40-49歲,男,A2,1,尿液,安非他命,1,1,31~60,吊銷3年
3,週四,7,臺中市,機車,40-49歲,男,A2,1,尿液,安非他命,1,1,0~30,吊銷3年
10,週三,14,新北市,小客車,40-49歲,男,A2,1,尿液,嗎啡,3,1,0~30,吊銷3年
3,週三,21,桃園市,小客車,50-59歲,男,A2,1,血液,嗎啡,2,0,0~30,吊扣3年
4,週六,17,高雄市,機車,50-59歲,男,A2,2,尿液,嗎啡,0,1,31~60,吊銷3年
2,週日,7,臺中市,機車,40-49歲,女,A2,1,血液,甲基安非他命,0,0,0~30,吊扣3年
12,週一,18,基隆市,機車,50-59歲,男,A2,1,尿液,安非他命,2,1,31~60,吊銷3年
5,週六,16,高雄市,機車,40-49歲,男,A2,1,尿液,甲基安非他命,0,2,0~30,吊銷3年
8,週六,13,臺南市,小客車,40-49歲,男,A2,1,尿液,嗎啡,1,0,0~30,吊扣2年
3,週五,17,臺中市,機車,50-59歲,女,A2,1,尿液,甲基安非他命,3,1,31~60,吊銷3年
8,週五,8,新竹縣,小客車,20-29歲,女,A2,1,血液,甲基安非他命,3,1,121~500,吊銷3年
3,週日,10,新北市,機車,40-49歲,男,A2,2,尿液,甲基安非他命,3,0,0~30,吊扣3年
8,週日,11,基隆市,機車,40-49歲,女,A2,1,尿液,嗎啡,0,4,121~500,吊銷3年
10,週日,12,臺南市,小客車,50-59歲,男,A2,1,尿液,嗎啡,0,1,121~500,吊銷3年
8,週一,7,苗栗縣,小客車,40-49歲,男,A2,1,尿液,甲基安非他命,1,1,0~30,吊銷3年
1,週二,15,臺中市,貨車,40-49歲,男,A2,1,尿液,愷他命,0,1,61~120,吊銷3年
4,週日,20,臺中市,小客車,50-59歲,女,A2,1,尿液,愷他命,3,0,31~60,吊扣2年
10,週日,13,桃園市,機車,30-39歲,男,A2,2,尿液,甲基安非他命,0,0,31~60,吊扣3年
4,週三,22,屏東縣,小客車,30-39歲,男,A2,1,尿液,甲基安非他命,2,0,0~30,吊扣4年
4,週日,14,臺中市,機車,40-49歲,女,A2,2,尿液,安非他命,1,1,31~60,吊銷3年
7,週日,13,新北市,機車,60歲以上,男,A2,1,尿液,甲基安非他命,2,0,0~30,吊扣3年
3,週一,7,嘉義市,機車,30-39歲,女,A2,1,血液,愷他命,2,2,31~60,吊銷3年
9,週日,22,臺東縣,機車,40-49歲,女,A2,1,尿液,安非他命,3,0,61~120,吊扣3年
2,週日,10,高雄市,小客車,20-29歲,男,A2,1,尿液,甲基安非他命,1,1,0~30,吊銷3年
5,週日,19,彰化縣,貨車,30-39歲,女,A2,1,尿液,嗎啡,2,3,0~30,吊銷3年
3,週四,12,新北市,小客車,40-49歲,男,A2,1,血液,愷他命,1,2,0~30,吊銷3年
10,週日,11,臺北市,小客車,20-29歲,女,A2,1,尿液,愷他命,1,0,31~60,吊扣2年
3,週日,0,新北市,機車,40-49歲,男,A2,1,尿液,甲基安非他命,2,4,31~60,吊銷3年
8,週六,15,臺南市,機車,30-39歲,男,A2,2,尿液,安非他命,0,1,0~30,吊銷3年
3,週四,19,臺中市,小客車,40-49歲,男,A2,1,尿液,安非他命,3,1,31~60,吊銷3年
9,週一,2,基隆市,機車,40-49歲,男,A2,2,尿液,甲基安非他命,1,0,61~120,吊扣4年
1,週四,19,新北市,機車,40-49歲,男,A2,1,尿液,嗎啡,0,0,31~60,吊扣4年
6,週六,17,桃園市,小客車,30-39歲,男,A2,1,血液,嗎啡,0,0,31~60,吊扣2年
4,週四,14,新北市,小客車,50-59歲,女,A2,1,血液,安非他命,1,0,121~500,吊扣4年
1,週一,22,桃園市,小客車,40-49歲,女,A2,1,尿液,安非他命,1,3,0~30,吊銷3年
7,週日,18,南投縣,機車,60歲以上,男,A2,2,尿液,安非他命,2,0,31~60,吊扣2年
10,週一,18,雲林縣,小客車,40-49歲,男,A2,1,尿液,安非他命,1,1,31~60,吊銷3年
10,週日,2,桃園市,小客車,30-39歲,男,A2,1,尿液,安非他命,2,3,121~500,吊銷3年
8,週三,11,基隆市,貨車,30-39歲,男,A2,1,尿液,甲基安非他命,2,1,0~30,吊銷3年
5,週四,17,宜蘭縣,小客車,30-39歲,男,A2,2,尿液,安非他命,1,0,31~60,吊扣2年
2,週日,20,新北市,機車,40-49歲,男,A2,1,尿液,安非他命,2,2,31~60,吊銷3年
10,週日,22,高雄市,機車,40-49歲,男,A2,3,血液,甲基安非他命,0,0,31~60,吊扣4年
6,週日,15,基隆市,機車,50-59歲,男,A2,2,尿液,安非他命,3,0,31~60,吊扣4年
1,週六,5,新北市,機車,50-59歲,男,A2,1,血液,愷他命,2,0,31~60,吊扣3年
10,週四,15,臺中市,小客車,30-39歲,男,A2,1,尿液,安非他命,0,2,0~30,吊銷3年
3,週二,14,新北市,機車,50-59歲,男,A2,1,尿液,愷他命,3,1,121~500,吊銷3年
7,週四,10,新北市,大客車,40-49歲,男,A2,2,尿液,愷他命,3,1,31~60,吊銷3年
8,週六,23,新北市,機車,30-39歲,男,A2,2,血液,安非他命,3,1,0~30,吊銷3年
10,週五,10,苗栗縣,小客車,40-49歲,女,A2,1,血液,愷他命,2,0,31~60,吊扣4年
6,週日,11,屏東縣,機車,30-39歲,男,A2,1,尿液,甲基安非他命,3,1,31~60,吊銷3年
12,週日,17,新北市,小客車,40-49歲,男,A2,1,尿液,安非他命,0,1,121~500,吊銷3年
2,週五,19,新北市,小客車,40-49歲,男,A2,1,尿液,甲基安非他命,3,0,0~30,吊扣2年
4,週四,4,桃園市,小客車,30-39歲,男,A2,1,尿液,安非他命,1,1,0~30,吊銷3年
12,週一,18,臺北市,小客車,20-29歲,男,A2,1,血液,安非他命,1,1,0~30,吊銷3年
10,週四,9,桃園市,機車,30-39歲,男,A2,1,尿液,愷他命,0,1,31~60,吊銷3年
1,週六,17,臺中市,小客車,40-49歲,男,A2,1,尿液,甲基安非他命,2,0,0~30,吊扣4年
4,週二,19,臺中市,小客車,40-49歲,男,A2,2,尿液,嗎啡,3,0,0~30,吊扣3年
5,週一,18,高雄市,機車,50-59歲,女,A2,2,尿液,愷他命,0,1,31~60,吊銷3年
2,週日,14,臺北市,小客車,50-59歲,男,A2,2,尿液,甲基安非他命,0,2,31~60,吊銷3年
8,週一,8,桃園市,機車,30-39歲,男,A2,3,尿液,甲基安非他命,2,1,61~120,吊銷3年
10,週一,18,臺南市,機車,50-59歲,男,A2,1,尿液,甲基安非他命,0,0,0~30,吊扣4年
1,週五,14,花蓮縣,小客車,50-59歲,男,A2,2,血液,嗎啡,3,2,0~30,吊銷3年
10,週六,22,嘉義縣,機車,30-39歲,女,A2,1,尿液,甲基安非他命,3,1,31~60,吊銷3年
3,週六,1,南投縣,貨車,60歲以上,男,A2,1,尿液,安非他命,2,0,0~30,吊扣4年
11,週日,7,高雄市,機車,40-49歲,女,A2,1,尿液,安非他命,1,1,31~60,吊銷3年
4,週三,8,新北市,小客車,50-59歲,女,A2,1,尿液,安非他命,1,3,31~60,吊銷3年
7,週四,19,彰化縣,小客車,20-29歲,男,A2,2,尿液,甲基安非他命,1,2,31~60,吊銷3年
9,週二,2,新北市,小客車,30-39歲,男,A2,1,尿液,愷他命,2,1,0~30,吊銷3年
12,週五,23,基隆市,機車,40-49歲,男,A2,1,尿液,安非他命,3,1,121~500,吊銷3年
7,週五,14,高雄市,小客車,40-49歲,男,A2,2,尿液,甲基安非他命,3,1,0~30,吊銷3年
11,週四,7,新北市,小客車,20-29歲,男,A2,1,尿液,安非他命,3,1,0~30,吊銷3年
11,週四,20,新北市,大客車,40-49歲,男,A2,1,尿液,安非他命,3,0,0~30,吊扣3年
12,週五,7,花蓮縣,小客車,40-49歲,男,A2,1,血液,嗎啡,3,2,0~30,吊銷3年
12,週六,12,高雄市,小客車,30-39歲,女,A2,1,血液,安非他命,1,3,31~60,吊銷3年
12,週五,20,高雄市,小客車,50-59歲,男,A2,1,尿液,愷他命,1,0,61~120,吊扣3年
4,週三,7,臺南市,小客車,40-49歲,男,A2,1,尿液,安非他命,1,0,31~60,吊扣3年
10,週六,19,新北市,機車,50-59歲,女,A2,4,尿液,嗎啡,2,0,31~60,吊扣4年
1,週日,10,臺南市,小客車,40-49歲,男,A2,1,血液,甲基安非他命,3,1,31~60,吊銷3年
3,週日,18,臺南市,小客車,19歲以下,男,A2,1,尿液,愷他命,3,0,121~500,吊扣3年
4,週日,16,新北市,機車,50-59歲,男,A2,1,尿液,愷他命,0,1,121~500,吊銷3年
7,週五,5,高雄市,機車,40-49歲,男,A2,3,血液,安非他命,3,1,31~60,吊銷3年
8,週六,19,臺中市,小客車,40-49歲,男,A2,1,尿液,甲基安非他命,1,0,31~60,吊扣3年
6,週四,19,屏東縣,貨車,50-59歲,男,A2,1,尿液,甲基安非他命,0,1,31~60,吊銷3年
7,週四,8,臺南市,小客車,40-49歲,女,A2,1,尿液,愷他命,1,1,31~60,吊銷3年
7,週一,14,臺中市,機車,40-49歲,男,A2,2,尿液,甲基安非他命,0,0,0~30,吊扣2年
5,週三,18,臺南市,機車,60歲以上,男,A2,1,尿液,甲基安非他命,2,1,31~60,吊銷3年
10,週一,13,彰化縣,機車,40-49歲,男,A2,1,血液,安非他命,0,0,61~120,吊扣3年
10,週四,13,臺北市,小客車,40-49歲,男,A2,1,尿液,愷他命,3,2,31~60,吊銷3年
7,週六,9,桃園市,小客車,60歲以上,男,A2,1,尿液,甲基安非他命,2,1,0~30,吊銷3年
4,週六,9,新竹市,機車,30-39歲,男,A2,1,尿液,愷他命,1,1,0~30,吊銷3年
5,週四,14,臺中市,機車,20-29歲,男,A2,1,尿液,嗎啡,0,3,121~500,吊銷3年
5,週三,17,雲林縣,機車,30-39歲,男,A2,1,尿液,甲基安非他命,1,0,31~60,吊扣3年
9,週五,19,新竹縣,機車,40-49歲,男,A2,1,尿液,甲基安非他命,1,2,121~500,吊銷3年
4,週二,15,高雄市,小客車,50-59歲,男,A2,1,血液,嗎啡,3,0,0~30,吊扣2年
3,週二,18,新北市,大客車,50-59歲,男,A2,1,尿液,甲基安非他命,0,1,31~60,吊銷3年
4,週二,18,臺中市,小客車,40-49歲,男,A2,1,尿液,甲基安非他命,3,2,31~60,吊銷3年
10,週六,5,桃園市,機車,50-59歲,女,A2,2,尿液,甲基安非他命,0,2,31~60,吊銷3年
2,週日,18,南投縣,機車,50-59歲,女,A2,1,尿液,甲基安非他命,0,0,31~60,吊扣3年
11,週六,23,高雄市,機車,40-49歲,男,A2,2,血液,安非他命,3,0,31~60,吊扣3年
10,週五,7,桃園市,小客車,50-59歲,男,A2,2,尿液,甲基安非他命,1,1,121~500,吊銷3年
9,週二,20,桃園市,小客車,50-59歲,男,A2,1,尿液,甲基安非他命,0,0,0~30,吊扣4年
5,週一,18,新北市,小客車,60歲以上,男,A2,1,尿液,安非他命,3,1,31~60,吊銷3年
12,週五,7,桃園市,機車,30-39歲,男,A2,2,尿液,安非他命,0,0,31~60,吊扣3年
9,週二,16,臺中市,小客車,60歲以上,男,A2,1,尿液,嗎啡,0,1,31~60,吊銷3年
1,週三,8,高雄市,貨車,30-39歲,男,A2,1,尿液,嗎啡,2,1,31~60,吊銷3年
10,週二,11,高雄市,小客車,40-49歲,女,A2,1,尿液,安非他命,2,0,61~120,吊扣3年
9,週三,14,新竹市,小客車,40-49歲,男,A2,2,尿液,愷他命,2,3,31~60,吊銷3年
4,週二,8,臺中市,機車,30-39歲,男,A2,1,尿液,安非他命,2,1,121~500,吊銷3年
9,週三,18,桃園市,小客車,40-49歲,男,A2,1,尿液,安非他命,1,0,61~120,吊扣4年
5,週三,19,臺中市,機車,20-29歲,男,A2,1,尿液,甲基安非他命,1,0,121~500,吊扣2年
6,週日,9,彰化縣,小客車,30-39歲,男,A2,1,尿液,安非他命,0,1,31~60,吊銷3年
8,週二,7,臺北市,小客車,40-49歲,男,A2,1,尿液,愷他命,2,1,61~120,吊銷3年
8,週六,7,臺北市,小客車,50-59歲,男,A2,1,尿液,安非他命,0,1,61~120,吊銷3年
3,週六,22,新北市,小客車,30-39歲,男,A2,1,尿液,愷他命,2,0,31~60,吊扣2年
10,週四,11,嘉義市,機車,50-59歲,男,A2,1,尿液,甲基安非他命,3,2,31~60,吊銷3年
4,週二,19,臺北市,小客車,20-29歲,男,A2,1,尿液,嗎啡,3,0,31~60,吊扣3年
1,週一,14,高雄市,貨車,50-59歲,男,A2,1,尿液,安非他命,2,0,31~60,吊扣4年
1,週四,10,南投縣,機車,40-49歲,男,A2,1,尿液,安非他命,2,0,31~60,吊扣3年
2,週五,11,南投縣,機車,50-59歲,男,A2,1,尿液,安非他命,3,1,31~60,吊銷3年
7,週四,23,新北市,機車,40-49歲,男,A2,1,尿液,安非他命,3,1,61~120,吊銷3年
7,週三,21,新北市,小客車,60歲以上,男,A2,1,尿液,嗎啡,2,1,31~60,吊銷3年
10,週一,22,臺中市,機車,30-39歲,男,A2,2,尿液,愷他命,0,0,61~120,吊扣4年
2,週五,16,桃園市,機車,30-39歲,男,A2,1,尿液,甲基安非他命,3,0,31~60,吊扣3年
2,週五,11,臺北市,機車,50-59歲,女,A2,1,尿液,愷他命,2,0,31~60,吊扣3年
1,週四,17,彰化縣,機車,30-39歲,女,A2,3,血液,嗎啡,2,0,31~60,吊扣3年
3,週四,8,高雄市,機車,40-49歲,男,A2,1,尿液,安非他命,0,1,0~30,吊銷3年
8,週一,15,新北市,小客車,50-59歲,男,A2,2,尿液,安非他命,2,0,121~500,吊扣4年
9,週日,0,臺北市,小客車,40-49歲,男,A2,2,尿液,愷他命,3,1,0~30,吊銷3年
5,週三,10,新北市,機車,40-49歲,女,A2,1,血液,安非他命,0,0,121~500,吊扣4年
8,週二,0,新北市,機車,50-59歲,男,A2,1,尿液,愷他命,3,0,31~60,吊扣3年
7,週一,21,臺北市,機車,50-59歲,男,A2,1,尿液,甲基安非他命,0,1,0~30,吊銷3年
10,週四,21,新北市,機車,30-39歲,男,A2,1,尿液,安非他命,3,1,61~120,吊銷3年
2,週五,17,臺南市,小客車,50-59歲,男,A2,1,尿液,安非他命,2,0,61~120,吊扣3年
7,週五,7,臺北市,小客車,40-49歲,男,A2,3,尿液,安非他命,2,2,31~60,吊銷3年
7,週四,10,臺北市,小客車,50-59歲,男,A2,1,尿液,嗎啡,1,2,0~30,吊銷3年
5,週一,8,臺北市,機車,20-29歲,男,A2,1,尿液,愷他命,1,1,0~30,吊銷3年
6,週二,15,高雄市,機車,50-59歲,男,A2,2,血液,甲基安非他命,3,1,0~30,吊銷3年
5,週四,20,臺北市,小客車,20-29歲,女,A2,1,尿液,愷他命,2,2,0~30,吊銷3年
2,週一,18,宜蘭縣,小客車,20-29歲,男,A2,1,尿液,安非他命,1,1,0~30,吊銷3年
12,週一,7,臺南市,機車,40-49歲,男,A2,2,尿液,愷他命,0,1,31~60,吊銷3年
7,週六,22,新北市,機車,40-49歲,男,A2,1,尿液,安非他命,2,2,0~30,吊銷3年
4,週二,13,新北市,機車,40-49歲,女,A2,1,血液,甲基安非他命,3,2,0~30,吊銷3年
2,週四,12,新北市,機車,19歲以下,女,A2,2,尿液,安非他命,1,0,121~500,吊扣2年
6,週日,9,高雄市,機車,50-59歲,男,A2,3,尿液,甲基安非他命,2,0,31~60,吊扣2年
8,週一,21,桃園市,機車,40-49歲,男,A2,2,尿液,愷他命,3,4,31~60,吊銷3年
3,週五,9,新北市,機車,40-49歲,男,A2,3,尿液,安非他命,2,1,31~60,吊銷3年
10,週六,11,臺北市,機車,50-59歲,男,A2,1,尿液,安非他命,1,1,31~60,吊銷3年
8,週一,15,桃園市,小客車,40-49歲,男,A2,1,尿液,甲基安非他命,3,2,0~30,吊銷3年
2,週五,8,臺南市,小客車,50-59歲,男,A2,1,尿液,甲基安非他命,0,0,31~60,吊扣2年
6,週二,7,高雄市,小客車,50-59歲,女,A2,1,尿液,甲基安非他命,2,1,121~500,吊銷3年
4,週二,14,宜蘭縣,小客車,20-29歲,男,A2,1,尿液,愷他命,0,1,61~120,吊銷3年
12,週日,18,雲林縣,小客車,20-29歲,男,A2,2,尿液,安非他命,1,0,31~60,吊扣3年
4,週四,19,新北市,小客車,40-49歲,男,A2,1,尿液,愷他命,3,4,121~500,吊銷3年
2,週六,22,新北市,小客車,20-29歲,男,A2,1,尿液,安非他命,1,1,121~500,吊銷3年
5,週日,21,臺北市,小客車,20-29歲,男,A2,1,尿液,愷他命,2,1,121~500,吊銷3年
10,週五,14,宜蘭縣,機車,50-59歲,男,A2,2,尿液,安非他命,1,0,31~60,吊扣3年
4,週一,7,臺南市,小客車,30-39歲,男,A2,1,尿液,甲基安非他命,1,1,31~60,吊銷3年
4,週三,17,臺中市,小客車,50-59歲,男,A2,1,尿液,嗎啡,2,2,31~60,吊銷3年
6,週三,15,新北市,小客車,40-49歲,男,A2,2,尿液,甲基安非他命,3,0,0~30,吊扣3年
6,週日,17,桃園市,小客車,40-49歲,男,A2,1,尿液,甲基安非他命,2,0,0~30,吊扣3年
11,週六,18,臺南市,機車,50-59歲,男,A2,1,尿液,愷他命,0,1,121~500,吊銷3年
7,週四,10,臺南市,機車,50-59歲,男,A2,2,尿液,安非他命,0,1,121~500,吊銷3年
10,週日,22,雲林縣,小客車,20-29歲,女,A2,1,尿液,安非他命,0,1,31~60,吊銷3年
6,週二,15,高雄市,貨車,30-39歲,男,A2,1,尿液,愷他命,3,0,61~120,吊扣4年
3,週六,11,臺南市,機車,40-49歲,女,A2,3,尿液,安非他命,0,0,31~60,吊扣4年
7,週三,13,新北市,機車,40-49歲,男,A2,1,尿液,安非他命,0,0,121~500,吊扣3年
1,週日,6,新北市,機車,30-39歲,女,A2,1,尿液,安非他命,2,2,0~30,吊銷3年
12,週一,11,桃園市,貨車,20-29歲,男,A2,1,血液,嗎啡,1,4,0~30,吊銷3年
1,週四,17,彰化縣,貨車,40-49歲,女,A2,1,尿液,愷他命,3,0,31~60,吊扣4年
9,週二,17,雲林縣,貨車,40-49歲,男,A2,1,尿液,甲基安非他命,0,0,31~60,吊扣3年
9,週六,20,臺北市,機車,30-39歲,男,A2,1,尿液,甲基安非他命,1,0,0~30,吊扣3年
7,週一,10,臺北市,小客車,20-29歲,男,A2,1,尿液,安非他命,0,1,0~30,吊銷3年
7,週六,18,臺中市,機車,30-39歲,男,A2,1,尿液,愷他命,3,1,31~60,吊銷3年
7,週三,6,高雄市,小客車,50-59歲,男,A2,1,尿液,甲基安非他命,1,0,0~30,吊扣3年
3,週日,15,基隆市,機車,40-49歲,男,A2,2,尿液,嗎啡,3,0,121~500,吊扣4年
7,週日,19,高雄市,小客車,50-59歲,男,A2,1,尿液,愷他命,0,0,0~30,吊扣4年
1,週二,14,桃園市,貨車,40-49歲,男,A2,1,尿液,安非他命,3,0,121~500,吊扣4年
7,週三,14,臺東縣,機車,30-39歲,男,A2,1,尿液,甲基安非他命,3,2,121~500,吊銷3年
11,週二,8,臺北市,機車,20-29歲,男,A2,3,尿液,甲基安非他命,0,0,0~30,吊扣2年
10,週一,12,新北市,小客車,40-49歲,男,A2,1,尿液,嗎啡,2,1,0~30,吊銷3年
6,週六,18,宜蘭縣,小客車,40-49歲,男,A2,2,尿液,甲基安非他命,1,1,0~30,吊銷3年
9,週四,11,基隆市,機車,50-59歲,男,A2,1,尿液,愷他命,1,1,0~30,吊銷3年
11,週一,18,嘉義市,小客車,50-59歲,男,A2,1,尿液,安非他命,3,1,31~60,吊銷3年
4,週五,22,臺中市,機車,50-59歲,男,A2,1,尿液,安非他命,1,1,0~30,吊銷3年
12,週二,12,臺中市,機車,40-49歲,男,A2,2,尿液,甲基安非他命,0,2,31~60,吊銷3年
12,週五,18,基隆市,小客車,40-49歲,男,A2,1,尿液,甲基安非他命,3,1,0~30,吊銷3年
7,週三,19,新北市,機車,30-39歲,男,A2,3,尿液,甲基安非他命,3,1,61~120,吊銷3年
10,週日,20,桃園市,小客車,30-39歲,男,A2,1,尿液,愷他命,2,0,121~500,吊扣4年
6,週日,11,臺南市,機車,30-39歲,男,A2,1,尿液,甲基安非他命,0,1,121~500,吊銷3年
2,週一,7,高雄市,小客車,50-59歲,男,A2,1,尿液,愷他命,2,1,31~60,吊銷3年
8,週六,20,基隆市,機車,60歲以上,男,A2,2,尿液,安非他命,3,0,31~60,吊扣2年
7,週五,11,屏東縣,小客車,40-49歲,男,A2,1,尿液,甲基安非他命,2,2,31~60,吊銷3年
9,週二,7,新北市,小客車,40-49歲,男,A2,1,尿液,安非他命,3,1,121~500,吊銷3年
9,週六,12,桃園市,機車,40-49歲,男,A2,2,尿液,甲基安非他命,3,1,31~60,吊銷3年
5,週日,7,宜蘭縣,小客車,40-49歲,女,A2,1,尿液,嗎啡,3,0,121~500,吊扣4年
1,週二,18,臺北市,機車,50-59歲,男,A2,2,尿液,甲基安非他命,2,0,0~30,吊扣3年
1,週四,14,臺南市,機車,19歲以下,男,A2,1,尿液,安非他命,3,2,31~60,吊銷3年
2,週六,11,臺中市,機車,40-49歲,男,A2,1,尿液,安非他命,2,0,0~30,吊扣4年
6,週四,16,苗栗縣,機車,40-49歲,男,A2,1,尿液,安非他命,3,0,0~30,吊扣4年
5,週六,0,高雄市,小客車,60歲以上,男,A2,2,尿液,甲基安非他命,2,2,0~30,吊銷3年
7,週日,22,新北市,小客車,30-39歲,男,A2,1,尿液,安非他命,1,3,31~60,吊銷3年
4,週三,18,高雄市,小客車,20-29歲,男,A2,1,尿液,甲基安非他命,0,1,0~30,吊銷3年
5,週日,16,雲林縣,小客車,40-49歲,男,A2,1,尿液,安非他命,1,1,121~500,吊銷3年
10,週三,17,新北市,小客車,30-39歲,男,A2,4,尿液,安非他命,2,2,0~30,吊銷3年
8,週四,7,桃園市,機車,40-49歲,男,A2,2,尿液,愷他命,0,0,31~60,吊扣4年
2,週六,8,臺中市,機車,40-49歲,女,A2,1,尿液,安非他命,2,1,0~30,吊銷3年
2,週二,19,花蓮縣,機車,40-49歲,男,A2,2,尿液,嗎啡,0,1,31~60,吊銷3年
11,週一,19,新北市,機車,40-49歲,男,A2,2,尿液,安非他命,0,0,121~500,吊扣2年
9,週四,7,臺北市,小客車,19歲以下,男,A2,1,尿液,安非他命,0,1,31~60,吊銷3年
10,週六,16,桃園市,貨車,20-29歲,女,A2,2,尿液,安非他命,3,1,31~60,吊銷3年
9,週日,15,屏東縣,小客車,50-59歲,男,A2,1,尿液,安非他命,0,0,0~30,吊扣3年
11,週一,18,花蓮縣,機車,30-39歲,女,A2,1,尿液,安非他命,1,2,31~60,吊銷3年
8,週六,16,新北市,小客車,20-29歲,男,A2,1,尿液,安非他命,1,0,0~30,吊扣3年
11,週五,17,桃園市,機車,50-59歲,女,A2,2,尿液,安非他命,1,1,121~500,吊銷3年
1,週一,13,臺中市,機車,30-39歲,男,A2,2,尿液,安非他命,0,1,61~120,吊銷3年
2,週一,15,新北市,小客車,50-59歲,男,A2,1,尿液,安非他命,0,1,121~500,吊銷3年
11,週日,15,雲林縣,小客車,40-49歲,女,A2,1,尿液,甲基安非他命,1,1,31~60,吊銷3年
8,週二,1,基隆市,小客車,50-59歲,男,A2,1,尿液,安非他命,2,0,31~60,吊扣2年
12,週三,22,臺中市,小客車,30-39歲,男,A2,1,尿液,愷他命,0,1,0~30,吊銷3年
10,週二,8,嘉義縣,小客車,40-49歲,男,A2,1,尿液,安非他命,3,2,0~30,吊銷3年
12,週二,19,嘉義市,機車,60歲以上,男,A2,1,尿液,嗎啡,1,0,31~60,吊扣2年
4,週五,8,高雄市,機車,40-49歲,男,A2,1,尿液,安非他命,1,2,31~60,吊銷3年
7,週日,10,臺南市,機車,50-59歲,男,A2,2,尿液,甲基安非他命,1,2,31~60,吊銷3年
11,週一,22,臺南市,小客車,20-29歲,男,A2,1,尿液,甲基安非他命,2,0,0~30,吊扣2年
3,週二,12,高雄市,機車,40-49歲,男,A2,2,尿液,甲基安非他命,0,0,61~120,吊扣2年
5,週六,21,臺南市,機車,19歲以下,男,A2,2,尿液,安非他命,1,4,0~30,吊銷3年
5,週日,12,臺北市,小客車,40-49歲,男,A2,2,尿液,安非他命,3,1,121~500,吊銷3年
5,週四,20,新北市,機車,60歲以上,男,A2,1,尿液,嗎啡,3,1,31~60,吊銷3年
11,週四,11,桃園市,貨車,40-49歲,男,A2,1,尿液,甲基安非他命,0,0,31~60,吊扣3年
8,週一,11,桃園市,貨車,50-59歲,男,A2,1,血液,甲基安非他命,1,1,121~500,吊銷3年
1,週二,12,嘉義市,小客車,50-59歲,男,A2,1,尿液,安非他命,1,0,0~30,吊扣3年
6,週日,13,金門縣,小客車,40-49歲,男,A2,1,尿液,安非他命,2,0,61~120,吊扣2年
3,週一,16,臺中市,機車,40-49歲,女,A2,2,尿液,甲基安非他命,0,1,0~30,吊銷3年
3,週三,17,臺中市,機車,30-39歲,男,A2,2,尿液,嗎啡,3,0,31~60,吊扣2年
9,週日,16,南投縣,小客車,50-59歲,女,A2,2,尿液,甲基安非他命,3,0,121~500,吊扣4年
2,週四,11,宜蘭縣,貨車,40-49歲,女,A2,2,尿液,安非他命,0,0,31~60,吊扣4年
10,週三,7,桃園市,機車,40-49歲,男,A2,1,尿液,安非他命,0,1,0~30,吊銷3年
12,週日,23,新北市,小客車,30-39歲,男,A2,1,尿液,安非他命,3,0,121~500,吊扣3年
10,週三,16,臺中市,小客車,20-29歲,男,A2,2,尿液,安非他命,1,0,0~30,吊扣4年
5,週二,19,新北市,機車,50-59歲,男,A2,2,尿液,甲基安非他命,2,1,0~30,吊銷3年
10,週一,10,臺北市,機車,50-59歲,男,A2,1,尿液,愷他命,3,0,121~500,吊扣3年
10,週六,12,新竹縣,機車,60歲以上,男,A2,1,尿液,安非他命,0,0,0~30,吊扣4年
4,週六,20,新北市,小客車,40-49歲,男,A2,1,尿液,甲基安非他命,3,0,0~30,吊扣3年
3,週六,15,臺北市,機車,50-59歲,男,A2,2,尿液,甲基安非他命,1,1,0~30,吊銷3年
8,週三,19,新北市,機車,50-59歲,男,A2,1,尿液,安非他命,3,1,31~60,吊銷3年
10,週一,17,高雄市,機車,40-49歲,男,A2,1,尿液,愷他命,2,0,31~60,吊扣2年
4,週日,0,臺北市,小客車,40-49歲,男,A2,1,尿液,安非他命,0,0,61~120,吊扣4年
9,週五,7,桃園市,小客車,50-59歲,男,A2,2,尿液,安非他命,2,2,121~500,吊銷3年
8,週三,8,桃園市,機車,60歲以上,女,A2,1,尿液,甲基安非他命,2,0,31~60,吊扣3年
1,週六,17,苗栗縣,小客車,40-49歲,男,A2,1,尿液,安非他命,3,1,121~500,吊銷3年
8,週六,9,臺南市,小客車,40-49歲,男,A2,1,尿液,甲基安非他命,0,0,31~60,吊扣3年
4,週四,0,臺北市,機車,60歲以上,男,A2,1,尿液,愷他命,1,2,121~500,吊銷3年
7,週二,20,桃園市,小客車,40-49歲,女,A2,1,尿液,甲基安非他命,0,3,0~30,吊銷3年
5,週一,19,新竹縣,小客車,50-59歲,女,A2,1,尿液,安非他命,2,2,0~30,吊銷3年
7,週一,17,新北市,機車,50-59歲,男,A2,3,尿液,甲基安非他命,0,0,31~60,吊扣2年
11,週日,18,臺中市,機車,40-49歲,男,A2,2,尿液,甲基安非他命,2,1,121~500,吊銷3年
12,週六,4,臺北市,小客車,30-39歲,女,A2,1,尿液,甲基安非他命,3,4,0~30,吊銷3年
3,週日,19,新北市,小客車,50-59歲,男,A2,1,尿液,安非他命,3,0,31~60,吊扣4年
8,週日,18,新北市,機車,40-49歲,男,A2,1,尿液,愷他命,1,2,61~120,吊銷3年
4,週六,18,臺北市,小客車,30-39歲,男,A2,1,尿液,安非他命,0,0,121~500,吊扣3年
3,週日,1,新北市,機車,50-59歲,男,A2,1,尿液,甲基安非他命,2,0,31~60,吊扣4年
2,週日,10,桃園市,大客車,20-29歲,男,A2,1,尿液,甲基安非他命,0,1,31~60,吊銷3年
4,週六,22,新北市,小客車,30-39歲,女,A2,1,尿液,愷他命,1,0,61~120,吊扣3年
7,週六,8,新北市,機車,50-59歲,男,A2,1,尿液,甲基安非他命,1,2,31~60,吊銷3年
3,週一,23,高雄市,機車,40-49歲,男,A2,1,血液,愷他命,3,1,61~120,吊銷3年
11,週三,17,宜蘭縣,小客車,40-49歲,女,A2,2,尿液,愷他命,1,0,0~30,吊扣4年
3,週三,19,臺中市,小客車,50-59歲,男,A2,1,尿液,安非他命,2,2,31~60,吊銷3年
10,週二,17,臺中市,機車,50-59歲,男,A2,1,血液,愷他命,2,0,31~60,吊扣4年
2,週四,18,基隆市,小客車,50-59歲,男,A2,1,尿液,安非他命,0,2,0~30,吊銷3年
9,週四,17,桃園市,機車,40-49歲,男,A2,2,尿液,安非他命,0,2,0~30,吊銷3年
6,週三,19,高雄市,小客車,40-49歲,男,A2,1,血液,安非他命,0,1,121~500,吊銷3年
1,週四,13,南投縣,機車,40-49歲,男,A2,1,尿液,安非他命,0,0,31~60,吊扣4年
5,週六,10,臺中市,貨車,40-49歲,男,A2,2,尿液,甲基安非他命,1,1,31~60,吊銷3年
10,週五,20,嘉義市,機車,40-49歲,男,A2,1,尿液,甲基安非他命,1,1,121~500,吊銷3年
1,週一,6,彰化縣,小客車,40-49歲,女,A2,1,尿液,安非他命,0,0,31~60,吊扣3年
4,週五,10,新北市,機車,40-49歲,男,A2,2,尿液,甲基安非他命,3,1,0~30,吊銷3年
12,週四,16,雲林縣,小客車,40-49歲,男,A2,1,血液,安非他命,3,0,0~30,吊扣3年
10,週一,6,新北市,機車,50-59歲,男,A2,1,血液,安非他命,2,1,121~500,吊銷3年
7,週二,10,彰化縣,機車,50-59歲,女,A2,1,尿液,甲基安非他命,0,3,0~30,吊銷3年
2,週一,21,臺北市,機車,40-49歲,男,A2,1,尿液,安非他命,0,2,0~30,吊銷3年
10,週六,15,新北市,小客車,20-29歲,女,A2,1,尿液,安非他命,0,0,0~30,吊扣4年
1,週三,22,臺北市,機車,19歲以下,男,A2,2,尿液,甲基安非他命,0,1,0~30,吊銷3年
11,週六,12,臺南市,機車,50-59歲,男,A2,3,血液,嗎啡,3,1,31~60,吊銷3年
8,週六,11,新北市,小客車,50-59歲,女,A2,1,尿液,甲基安非他命,2,1,31~60,吊銷3年
11,週五,11,嘉義縣,機車,40-49歲,男,A1,0,尿液,甲基安非他命,0,1,0~30,吊銷終身
8,週五,18,嘉義市,機車,30-39歲,男,A2,1,尿液,安非他命,0,0,121~500,吊扣2年
4,週四,22,臺南市,機車,30-39歲,男,A2,1,尿液,甲基安非他命,2,1,0~30,吊銷3年
9,週日,18,臺中市,機車,30-39歲,女,A2,1,尿液,甲基安非他命,1,0,31~60,吊扣4年
6,週三,17,臺中市,機車,20-29歲,男,A2,1,尿液,嗎啡,2,1,121~500,吊銷3年
9,週六,12,臺北市,機車,40-49歲,男,A2,2,尿液,安非他命,1,2,31~60,吊銷3年
11,週一,13,基隆市,機車,40-49歲,男,A2,1,尿液,愷他命,2,3,31~60,吊銷3年
2,週五,18,臺中市,小客車,40-49歲,男,A2,1,尿液,安非他命,1,2,0~30,吊銷3年
5,週四,19,臺中市,小客車,40-49歲,男,A2,1,血液,甲基安非他命,1,1,0~30,吊銷3年
10,週一,11,桃園市,小客車,20-29歲,男,A2,1,尿液,甲基安非他命,1,0,0~30,吊扣2年
9,週四,10,高雄市,小客車,30-39歲,女,A2,1,尿液,安非他命,3,1,31~60,吊銷3年
9,週一,19,花蓮縣,機車,60歲以上,女,A2,1,尿液,甲基安非他命,3,2,31~60,吊銷3年
9,週三,17,高雄市,貨車,30-39歲,女,A2,1,尿液,愷他命,1,3,31~60,吊銷3年
1,週三,16,桃園市,機車,40-49歲,男,A2,1,尿液,安非他命,1,0,31~60,吊扣2年
3,週四,16,彰化縣,機車,40-49歲,女,A2,1,尿液,甲基安非他命,1,0,0~30,吊扣4年
6,週三,13,基隆市,機車,60歲以上,男,A2,1,尿液,甲基安非他命,0,0,121~500,吊扣4年
1,週日,7,高雄市,機車,40-49歲,女,A2,2,尿液,嗎啡,0,1,31~60,吊銷3年
6,週一,13,宜蘭縣,機車,20-29歲,男,A2,2,尿液,愷他命,0,2,0~30,吊銷3年
1,週三,18,彰化縣,貨車,20-29歲,女,A2,2,尿液,安非他命,3,0,0~30,吊扣4年
10,週四,11,屏東縣,機車,50-59歲,男,A2,1,尿液,嗎啡,1,0,31~60,吊扣2年
4,週六,15,臺南市,機車,40-49歲,男,A2,1,尿液,嗎啡,0,1,61~120,吊銷3年
11,週二,16,臺中市,小客車,40-49歲,男,A2,1,尿液,安非他命,0,0,31~60,吊扣3年
11,週二,18,南投縣,小客車,30-39歲,男,A2,1,血液,甲基安非他命,1,2,31~60,吊銷3年
9,週四,11,新竹市,機車,40-49歲,女,A2,1,尿液,愷他命,2,2,31~60,吊銷3年
11,週三,12,桃園市,機車,50-59歲,男,A2,1,尿液,甲基安非他命,1,0,61~120,吊扣4年
8,週一,23,新北市,小客車,50-59歲,男,A2,1,尿液,安非他命,1,1,121~500,吊銷3年
4,週二,21,苗栗縣,小客車,50-59歲,男,A2,1,尿液,安非他命,0,0,31~60,吊扣3年
12,週六,9,高雄市,機車,20-29歲,男,A2,2,尿液,安非他命,2,0,31~60,吊扣2年
5,週四,1,臺南市,小客車,40-49歲,男,A2,1,尿液,安非他命,2,1,31~60,吊銷3年
11,週三,17,臺北市,小客車,30-39歲,男,A2,1,尿液,嗎啡,2,2,0~30,吊銷3年
1,週五,11,新北市,小客車,40-49歲,男,A2,1,尿液,愷他命,0,1,31~60,吊銷3年
12,週一,17,新北市,小客車,40-49歲,男,A2,1,尿液,嗎啡,2,1,121~500,吊銷3年
2,週六,18,花蓮縣,機車,40-49歲,男,A2,1,尿液,安非他命,3,1,31~60,吊銷3年
2,週一,9,雲林縣,貨車,40-49歲,女,A2,1,尿液,安非他命,3,1,121~500,吊銷3年
12,週一,9,基隆市,小客車,30-39歲,男,A2,1,尿液,愷他命,1,1,31~60,吊銷3年
8,週二,11,嘉義市,小客車,40-49歲,男,A2,1,尿液,安非他命,0,1,31~60,吊銷3年
7,週五,8,臺北市,大客車,50-59歲,男,A2,1,尿液,甲基安非他命,1,1,31~60,吊銷3年
7,週六,11,桃園市,小客車,50-59歲,男,A2,1,尿液,甲基安非他命,2,3,31~60,吊銷3年
3,週六,13,臺中市,小客車,60歲以上,男,A2,1,尿液,甲基安非他命,2,0,31~60,吊扣4年
2,週五,16,高雄市,小客車,40-49歲,男,A2,1,尿液,嗎啡,3,0,31~60,吊扣3年
7,週六,16,新北市,機車,30-39歲,男,A2,3,尿液,甲基安非他命,3,1,31~60,吊銷3年
7,週四,12,臺中市,機車,20-29歲,男,A2,2,尿液,嗎啡,0,0,0~30,吊扣4年
5,週四,10,臺北市,機車,40-49歲,男,A2,1,尿液,安非他命,0,2,121~500,吊銷3年
2,週五,21,新北市,機車,40-49歲,女,A2,1,尿液,愷他命,3,0,31~60,吊扣4年
3,週三,17,高雄市,機車,50-59歲,男,A2,1,尿液,安非他命,3,1,0~30,吊銷3年
9,週一,12,彰化縣,貨車,50-59歲,男,A2,1,尿液,安非他命,3,3,31~60,吊銷3年
5,週日,17,嘉義縣,小客車,50-59歲,男,A2,2,血液,甲基安非他命,3,1,121~500,吊銷3年
12,週五,11,桃園市,機車,50-59歲,男,A2,1,尿液,甲基安非他命,2,0,31~60,吊扣3年
11,週四,23,臺北市,小客車,60歲以上,男,A2,1,尿液,愷他命,2,0,0~30,吊扣4年
3,週五,6,雲林縣,小客車,30-39歲,男,A2,2,尿液,愷他命,3,0,0~30,吊扣4年
10,週二,7,新北市,機車,40-49歲,男,A2,1,尿液,嗎啡,3,1,31~60,吊銷3年
2,週二,21,新北市,小客車,30-39歲,男,A2,1,尿液,甲基安非他命,2,1,31~60,吊銷3年
8,週四,0,臺北市,小客車,50-59歲,男,A2,1,尿液,安非他命,1,0,31~60,吊扣4年
9,週五,15,臺中市,小客車,40-49歲,男,A2,1,尿液,安非他命,1,2,61~120,吊銷3年
11,週日,3,彰化縣,小客車,20-29歲,男,A2,3,尿液,愷他命,3,0,121~500,吊扣4年
4,週六,18,臺中市,小客車,50-59歲,男,A2,1,尿液,安非他命,1,3,0~30,吊銷3年
8,週四,18,花蓮縣,小客車,40-49歲,男,A2,1,尿液,安非他命,3,0,61~120,吊扣2年
4,週一,8,嘉義縣,小客車,50-59歲,男,A2,1,尿液,安非他命,1,1,121~500,吊銷3年
9,週日,19,高雄市,機車,60歲以上,男,A2,1,尿液,安非他命,3,1,31~60,吊銷3年
5,週日,17,嘉義市,貨車,30-39歲,女,A2,1,尿液,愷他命,2,1,31~60,吊銷3年
10,週三,22,新北市,機車,30-39歲,男,A2,2,尿液,甲基安非他命,3,0,31~60,吊扣3年
9,週日,10,高雄市,機車,40-49歲,女,A2,1,尿液,安非他命,1,0,31~60,吊扣3年
2,週四,6,苗栗縣,機車,20-29歲,男,A2,2,尿液,愷他命,0,0,31~60,吊扣2年
6,週三,12,臺北市,機車,50-59歲,女,A2,1,尿液,安非他命,2,0,31~60,吊扣4年
8,週二,11,桃園市,機車,40-49歲,男,A2,1,尿液,甲基安非他命,1,0,0~30,吊扣4年
4,週五,19,新北市,機車,20-29歲,男,A2,1,尿液,甲基安非他命,1,2,31~60,吊銷3年
9,週四,7,新竹縣,小客車,30-39歲,男,A2,1,尿液,安非他命,3,1,31~60,吊銷3年
4,週三,18,桃園市,機車,40-49歲,男,A2,2,尿液,安非他命,1,1,31~60,吊銷3年
2,週一,7,臺中市,機車,30-39歲,男,A2,2,尿液,安非他命,0,2,0~30,吊銷3年
2,週六,10,新北市,小客車,50-59歲,男,A2,1,尿液,甲基安非他命,3,3,61~120,吊銷3年
4,週日,20,新北市,小客車,40-49歲,男,A2,1,血液,安非他命,2,2,31~60,吊銷3年
1,週日,19,新竹市,小客車,50-59歲,男,A2,1,尿液,安非他命,3,1,31~60,吊銷3年
3,週三,10,臺南市,小客車,30-39歲,女,A2,1,血液,愷他命,0,2,0~30,吊銷3年
7,週五,19,臺北市,小客車,40-49歲,女,A2,1,血液,甲基安非他命,1,1,0~30,吊銷3年
11,週五,10,新北市,小客車,50-59歲,男,A2,1,尿液,甲基安非他命,1,0,0~30,吊扣2年
7,週四,19,新北市,小客車,30-39歲,女,A2,1,尿液,愷他命,2,0,31~60,吊扣3年
4,週日,20,臺中市,機車,20-29歲,男,A2,2,尿液,甲基安非他命,1,2,61~120,吊銷3年
10,週三,13,桃園市,機車,60歲以上,女,A2,1,尿液,嗎啡,1,0,31~60,吊扣3年
6,週一,15,臺東縣,機車,50-59歲,女,A2,2,尿液,甲基安非他命,1,0,0~30,吊扣2年
4,週一,10,基隆市,大客車,50-59歲,男,A2,4,尿液,安非他命,1,0,0~30,吊扣3年
8,週六,2,臺北市,小客車,60歲以上,男,A2,4,尿液,甲基安非他命,3,0,0~30,吊扣3年
4,週三,7,彰化縣,機車,40-49歲,男,A2,3,尿液,安非他命,3,1,0~30,吊銷3年
5,週二,15,臺北市,小客車,30-39歲,男,A2,1,尿液,安非他命,2,1,0~30,吊銷3年
11,週四,22,彰化縣,貨車,20-29歲,男,A2,1,尿液,甲基安非他命,3,0,0~30,吊扣2年
6,週二,10,臺北市,機車,40-49歲,男,A2,1,尿液,甲基安非他命,0,2,0~30,吊銷3年
6,週二,17,臺北市,小客車,50-59歲,男,A2,2,尿液,嗎啡,3,0,31~60,吊扣4年
2,週日,19,臺中市,機車,50-59歲,男,A2,1,尿液,安非他命,1,1,31~60,吊銷3年
2,週六,9,臺南市,小客車,60歲以上,男,A2,1,尿液,嗎啡,0,2,31~60,吊銷3年
9,週日,11,新竹縣,小客車,50-59歲,男,A2,1,尿液,甲基安非他命,3,1,0~30,吊銷3年
11,週三,15,臺北市,小客車,50-59歲,男,A2,1,尿液,甲基安非他命,2,2,0~30,吊銷3年
1,週日,16,臺南市,小客車,19歲以下,男,A2,3,尿液,安非他命,2,2,121~500,吊銷3年
3,週二,18,新北市,機車,40-49歲,男,A2,1,尿液,安非他命,0,0,31~60,吊扣2年
11,週六,13,臺中市,小客車,50-59歲,男,A2,1,尿液,愷他命,1,0,0~30,吊扣3年
9,週四,0,新北市,機車,30-39歲,男,A2,2,尿液,安非他命,1,1,31~60,吊銷3年
2,週二,16,臺中市,機車,50-59歲,男,A2,1,尿液,愷他命,1,1,31~60,吊銷3年
10,週四,10,新北市,小客車,40-49歲,男,A2,1,血液,安非他命,0,1,0~30,吊銷3年
4,週四,15,新北市,機車,30-39歲,男,A2,1,尿液,安非他命,1,1,31~60,吊銷3年
5,週一,15,新北市,小客車,40-49歲,男,A2,1,血液,安非他命,2,1,31~60,吊銷3年
1,週日,6,臺中市,機車,40-49歲,男,A2,1,尿液,甲基安非他命,1,0,31~60,吊扣3年
8,週三,10,新北市,機車,40-49歲,女,A2,2,血液,甲基安非他命,0,0,121~500,吊扣2年
3,週五,7,臺中市,機車,30-39歲,男,A2,1,尿液,愷他命,3,0,61~120,吊扣2年
4,週日,8,南投縣,機車,40-49歲,男,A2,2,血液,甲基安非他命,3,0,61~120,吊扣2年
7,週日,14,新北市,大客車,40-49歲,男,A2,1,尿液,嗎啡,3,0,31~60,吊扣2年
5,週二,11,新北市,機車,50-59歲,男,A2,2,尿液,愷他命,2,0,31~60,吊扣3年
10,週三,10,新北市,小客車,50-59歲,男,A2,1,尿液,甲基安非他命,2,0,31~60,吊扣2年
1,週六,21,苗栗縣,機車,50-59歲,男,A2,1,尿液,愷他命,3,0,61~120,吊扣2年
8,週一,12,新北市,小客車,40-49歲,男,A2,1,尿液,甲基安非他命,2,1,31~60,吊銷3年
4,週二,15,桃園市,機車,50-59歲,男,A2,1,尿液,甲基安非他命,3,0,31~60,吊扣3年
4,週日,10,雲林縣,機車,30-39歲,男,A2,1,尿液,甲基安非他命,3,2,0~30,吊銷3年
5,週一,15,臺北市,機車,60歲以上,男,A2,2,尿液,安非他命,0,1,0~30,吊銷3年
7,週六,17,臺中市,機車,40-49歲,男,A2,1,尿液,安非他命,3,1,121~500,吊銷3年
5,週日,0,彰化縣,機車,60歲以上,女,A2,1,尿液,安非他命,3,4,0~30,吊銷3年
4,週六,23,高雄市,機車,30-39歲,男,A2,1,尿液,嗎啡,0,0,31~60,吊扣2年
4,週四,16,新北市,小客車,40-49歲,男,A2,1,血液,安非他命,1,1,31~60,吊銷3年
8,週一,1,高雄市,機車,40-49歲,男,A2,1,尿液,安非他命,1,0,0~30,吊扣3年
8,週二,22,臺北市,機車,40-49歲,男,A2,2,尿液,安非他命,1,0,0~30,吊扣4年
3,週二,17,新北市,機車,40-49歲,男,A2,1,尿液,安非他命,1,0,31~60,吊扣2年
4,週四,14,屏東縣,機車,50-59歲,男,A2,1,尿液,愷他命,1,1,121~500,吊銷3年
6,週三,8,嘉義縣,小客車,30-39歲,男,A2,1,尿液,甲基安非他命,3,0,0~30,吊扣4年
2,週五,23,桃園市,機車,30-39歲,男,A2,1,尿液,愷他命,3,1,0~30,吊銷3年
5,週一,10,新北市,機車,40-49歲,男,A2,1,尿液,嗎啡,1,3,31~60,吊銷3年
4,週二,14,苗栗縣,貨車,60歲以上,男,A2,1,尿液,安非他命,3,0,0~30,吊扣4年
3,週一,7,新竹市,機車,30-39歲,女,A2,1,尿液,甲基安非他命,3,0,61~120,吊扣3年
10,週日,18,臺北市,小客車,40-49歲,男,A2,2,血液,甲基安非他命,1,1,0~30,吊銷3年
12,週一,14,新北市,機車,50-59歲,女,A2,1,尿液,安非他命,0,1,31~60,吊銷3年
8,週日,18,嘉義縣,機車,40-49歲,女,A2,3,血液,甲基安非他命,3,0,31~60,吊扣2年
11,週五,17,臺中市,小客車,50-59歲,女,A2,1,尿液,安非他命,1,2,31~60,吊銷3年
7,週四,11,新北市,機車,50-59歲,女,A2,3,尿液,愷他命,0,1,31~60,吊銷3年
10,週四,18,雲林縣,貨車,20-29歲,男,A2,1,尿液,甲基安非他命,2,2,121~500,吊銷3年
11,週五,19,高雄市,機車,50-59歲,男,A2,2,尿液,愷他命,1,0,121~500,吊扣2年
7,週六,13,彰化縣,小客車,50-59歲,女,A2,1,尿液,安非他命,1,2,31~60,吊銷3年
2,週六,22,新北市,小客車,30-39歲,女,A2,1,尿液,甲基安非他命,0,0,31~60,吊扣2年
7,週四,17,嘉義縣,小客車,40-49歲,男,A2,1,尿液,安非他命,2,1,121~500,吊銷3年
8,週三,19,臺北市,貨車,50-59歲,男,A2,3,尿液,安非他命,2,1,31~60,吊銷3年
3,週三,22,雲林縣,小客車,30-39歲,女,A2,2,尿液,安非他命,1,0,31~60,吊扣4年
8,週六,13,臺南市,小客車,40-49歲,男,A2,3,尿液,愷他命,0,2,31~60,吊銷3年
4,週二,7,雲林縣,小客車,50-59歲,男,A2,2,血液,安非他命,2,1,0~30,吊銷3年
1,週六,20,臺北市,機車,30-39歲,男,A2,1,尿液,甲基安非他命,3,0,0~30,吊扣4年
8,週日,20,新竹市,小客車,50-59歲,男,A2,1,血液,愷他命,0,2,31~60,吊銷3年
6,週五,14,新北市,小客車,30-39歲,男,A2,1,尿液,安非他命,1,2,31~60,吊銷3年
3,週一,22,桃園市,小客車,50-59歲,男,A2,1,尿液,甲基安非他命,2,1,31~60,吊銷3年
11,週五,15,桃園市,機車,40-49歲,男,A2,1,尿液,甲基安非他命,2,0,31~60,吊扣4年
2,週四,23,臺南市,小客車,30-39歲,男,A2,1,尿液,甲基安非他命,3,1,31~60,吊銷3年
1,週五,18,新北市,小客車,20-29歲,男,A2,1,尿液,安非他命,2,1,31~60,吊銷3年
8,週日,19,新竹縣,機車,40-49歲,男,A2,1,尿液,甲基安非他命,0,1,121~500,吊銷3年
10,週四,10,新竹市,機車,50-59歲,男,A2,1,尿液,甲基安非他命,3,1,31~60,吊銷3年
10,週三,16,新北市,機車,20-29歲,男,A2,2,尿液,甲基安非他命,3,2,31~60,吊銷3年
10,週五,17,新竹縣,機車,20-29歲,男,A2,1,尿液,安非他命,1,1,31~60,吊銷3年
1,週二,8,新北市,機車,30-39歲,男,A2,1,尿液,安非他命,0,1,0~30,吊銷3年
4,週二,23,新北市,機車,50-59歲,男,A2,1,尿液,甲基安非他命,2,2,121~500,吊銷3年
7,週三,3,屏東縣,機車,19歲以下,男,A2,1,尿液,安非他命,2,0,31~60,吊扣2年
7,週一,16,雲林縣,小客車,40-49歲,男,A2,3,尿液,嗎啡,3,1,31~60,吊銷3年
3,週一,7,桃園市,小客車,20-29歲,男,A2,1,尿液,嗎啡,3,1,31~60,吊銷3年
5,週五,17,基隆市,機車,20-29歲,男,A2,1,尿液,愷他命,0,0,121~500,吊扣2年
11,週日,18,高雄市,小客車,40-49歲,男,A2,1,尿液,甲基安非他命,2,1,121~500,吊銷3年
9,週六,17,嘉義市,小客車,40-49歲,男,A2,1,尿液,安非他命,1,0,31~60,吊扣3年
10,週一,14,嘉義市,機車,50-59歲,男,A2,2,尿液,愷他命,0,1,0~30,吊銷3年
9,週二,11,臺南市,機車,20-29歲,女,A2,1,血液,甲基安非他命,1,1,31~60,吊銷3年
7,週三,9,臺中市,機車,19歲以下,男,A2,1,尿液,愷他命,0,1,31~60,吊銷3年
7,週二,15,桃園市,小客車,40-49歲,男,A2,1,尿液,甲基安非他命,0,1,31~60,吊銷3年
6,週日,18,臺南市,機車,40-49歲,男,A2,1,尿液,安非他命,3,1,0~30,吊銷3年
7,週六,10,新北市,機車,40-49歲,男,A2,1,尿液,安非他命,2,0,0~30,吊扣2年
6,週二,23,新北市,機車,50-59歲,男,A2,2,尿液,愷他命,2,2,0~30,吊銷3年
8,週六,19,臺中市,機車,40-49歲,男,A2,1,尿液,安非他命,2,0,0~30,吊扣4年
2,週四,9,嘉義縣,機車,50-59歲,女,A2,2,尿液,甲基安非他命,3,1,0~30,吊銷3年
3,週二,8,新北市,機車,40-49歲,男,A2,1,尿液,安非他命,1,0,31~60,吊扣3年
2,週六,14,嘉義市,機車,50-59歲,男,A2,1,尿液,甲基安非他命,2,0,31~60,吊扣4年
10,週五,23,桃園市,小客車,20-29歲,男,A2,1,尿液,MDMA,3,0,121~500,吊扣4年
5,週二,18,屏東縣,小客車,60歲以上,女,A2,1,尿液,甲基安非他命,1,1,0~30,吊銷3年
9,週六,2,高雄市,機車,40-49歲,男,A2,1,血液,安非他命,1,0,0~30,吊扣3年
2,週五,22,高雄市,機車,40-49歲,男,A2,1,尿液,甲基安非他命,1,2,31~60,吊銷3年
2,週四,16,宜蘭縣,小客車,30-39歲,男,A2,1,尿液,甲基安非他命,2,3,121~500,吊銷3年
5,週二,7,桃園市,機車,50-59歲,男,A2,1,尿液,安非他命,3,0,0~30,吊扣4年
10,週五,23,新北市,小客車,40-49歲,男,A2,1,尿液,安非他命,2,1,31~60,吊銷3年
4,週六,21,花蓮縣,機車,40-49歲,女,A2,3,尿液,甲基安非他命,3,1,0~30,吊銷3年
7,週六,14,新北市,機車,50-59歲,男,A2,1,尿液,愷他命,3,2,61~120,吊銷3年
7,週一,8,桃園市,機車,60歲以上,男,A2,1,尿液,愷他命,1,4,121~500,吊銷3年
4,週五,7,新北市,機車,50-59歲,男,A2,1,尿液,安非他命,3,1,61~120,吊銷3年
4,週六,20,臺北市,機車,40-49歲,男,A2,1,尿液,安非他命,2,1,31~60,吊銷3年
2,週四,19,宜蘭縣,貨車,50-59歲,男,A2,1,尿液,安非他命,2,0,0~30,吊扣4年
8,週五,15,臺南市,小客車,50-59歲,男,A2,1,尿液,甲基安非他命,1,0,31~60,吊扣3年
9,週六,19,雲林縣,機車,19歲以下,男,A2,1,尿液,甲基安非他命,0,0,31~60,吊扣3年
1,週六,7,彰化縣,機車,20-29歲,男,A2,1,血液,甲基安非他命,2,0,31~60,吊扣2年
4,週六,4,屏東縣,貨車,50-59歲,女,A2,1,尿液,甲基安非他命,1,0,121~500,吊扣2年
1,週六,11,嘉義縣,機車,20-29歲,男,A2,1,尿液,甲基安非他命,3,0,0~30,吊扣2年
10,週五,22,臺南市,機車,20-29歲,男,A2,3,尿液,愷他命,2,0,31~60,吊扣2年
6,週六,19,雲林縣,小客車,40-49歲,女,A2,3,尿液,愷他命,2,1,0~30,吊銷3年
7,週二,11,新北市,小客車,20-29歲,男,A2,3,尿液,愷他命,2,1,0~30,吊銷3年
12,週四,7,高雄市,機車,40-49歲,男,A2,1,尿液,安非他命,3,2,121~500,吊銷3年
10,週三,11,新竹縣,小客車,40-49歲,男,A2,1,尿液,甲基安非他命,1,2,0~30,吊銷3年
10,週三,16,彰化縣,貨車,50-59歲,男,A2,1,尿液,甲基安非他命,2,4,0~30,吊銷3年
1,週日,3,新北市,機車,30-39歲,男,A2,1,尿液,甲基安非他命,3,1,0~30,吊銷3年
5,週五,10,新竹市,機車,19歲以下,男,A2,1,尿液,甲基安非他命,3,2,31~60,吊銷3年
11,週四,0,臺中市,機車,50-59歲,男,A2,1,尿液,甲基安非他命,1,2,31~60,吊銷3年
11,週日,21,桃園市,機車,30-39歲,男,A2,1,尿液,安非他命,0,1,31~60,吊銷3年
9,週日,19,臺中市,機車,40-49歲,男,A2,1,尿液,嗎啡,3,0,0~30,吊扣3年
12,週六,2,臺北市,機車,30-39歲,男,A2,1,尿液,甲基安非他命,0,1,0~30,吊銷3年
1,週五,13,臺中市,小客車,20-29歲,男,A2,2,尿液,安非他命,2,2,0~30,吊銷3年
5,週日,10,桃園市,機車,40-49歲,男,A2,1,尿液,嗎啡,1,0,0~30,吊扣3年
8,週日,18,臺中市,機車,50-59歲,男,A2,1,尿液,安非他命,1,3,121~500,吊銷3年
10,週三,7,臺中市,機車,50-59歲,男,A2,1,尿液,甲基安非他命,0,2,31~60,吊銷3年
7,週五,3,新北市,小客車,50-59歲,男,A2,3,尿液,安非他命,2,0,0~30,吊扣2年
4,週五,15,彰化縣,小客車,40-49歲,男,A2,1,尿液,安非他命,2,1,121~500,吊銷3年
5,週六,17,高雄市,小客車,40-49歲,男,A2,4,尿液,甲基安非他命,1,1,121~500,吊銷3年
5,週一,10,彰化縣,小客車,50-59歲,男,A2,1,尿液,安非他命,1,1,0~30,吊銷3年
3,週二,16,彰化縣,小客車,50-59歲,男,A2,1,血液,甲基安非他命,2,3,0~30,吊銷3年
11,週日,20,新北市,機車,40-49歲,男,A2,3,尿液,安非他命,3,1,121~500,吊銷3年
11,週四,20,臺南市,機車,30-39歲,男,A2,1,尿液,甲基安非他命,1,1,0~30,吊銷3年
3,週日,10,臺北市,小客車,40-49歲,男,A2,2,尿液,愷他命,3,0,61~120,吊扣2年
7,週二,9,新北市,小客車,60歲以上,女,A2,3,尿液,甲基安非他命,2,2,0~30,吊銷3年
4,週五,20,臺南市,機車,50-59歲,男,A2,1,尿液,安非他命,1,0,31~60,吊扣2年
7,週三,16,高雄市,小客車,60歲以上,男,A2,1,尿液,甲基安非他命,1,0,31~60,吊扣3年
3,週二,7,桃園市,機車,50-59歲,男,A2,1,尿液,嗎啡,2,4,0~30,吊銷3年
7,週一,9,桃園市,小客車,50-59歲,女,A2,1,尿液,甲基安非他命,0,0,31~60,吊扣3年
5,週三,17,臺中市,小客車,40-49歲,男,A2,1,尿液,安非他命,0,0,61~120,吊扣4年
8,週五,12,高雄市,貨車,20-29歲,男,A2,1,尿液,甲基安非他命,0,0,31~60,吊扣2年
3,週六,5,臺中市,機車,40-49歲,男,A2,1,尿液,甲基安非他命,3,4,31~60,吊銷3年
2,週五,7,臺中市,機車,30-39歲,男,A2,1,尿液,安非他命,2,2,61~120,吊銷3年
5,週四,16,桃園市,機車,50-59歲,男,A2,1,尿液,甲基安非他命,1,1,61~120,吊銷3年
4,週一,8,臺中市,機車,50-59歲,男,A2,1,尿液,甲基安非他命,0,0,31~60,吊扣3年
8,週一,17,臺中市,機車,50-59歲,男,A2,1,尿液,愷他命,1,0,0~30,吊扣3年
1,週一,12,高雄市,機車,50-59歲,男,A2,1,尿液,甲基安非他命,1,4,0~30,吊銷3年
7,週二,9,嘉義市,機車,50-59歲,男,A2,2,血液,甲基安非他命,3,0,121~500,吊扣4年
12,週四,23,臺中市,機車,40-49歲,男,A2,1,尿液,安非他命,3,1,31~60,吊銷3年
2,週四,12,高雄市,貨車,50-59歲,女,A2,1,尿液,甲基安非他命,3,0,0~30,吊扣3年
7,週六,11,新北市,小客車,19歲以下,男,A2,2,血液,安非他命,2,1,31~60,吊銷3年
11,週六,19,基隆市,小客車,50-59歲,男,A2,1,尿液,安非他命,3,0,31~60,吊扣3年
10,週三,7,臺南市,小客車,30-39歲,女,A2,1,尿液,甲基安非他命,1,1,121~500,吊銷3年
9,週二,15,臺中市,小客車,50-59歲,男,A2,1,尿液,安非他命,3,1,0~30,吊銷3年
6,週六,20,桃園市,小客車,40-49歲,女,A2,1,尿液,愷他命,0,0,31~60,吊扣3年
7,週四,22,新北市,機車,40-49歲,男,A2,1,尿液,安非他命,2,0,31~60,吊扣3年
2,週五,22,新北市,機車,40-49歲,男,A2,2,尿液,甲基安非他命,2,1,0~30,吊銷3年
9,週四,19,高雄市,機車,50-59歲,女,A2,1,血液,愷他命,3,2,0~30,吊銷3年
12,週一,15,高雄市,機車,30-39歲,男,A2,3,尿液,安非他命,3,0,121~500,吊扣2年
7,週二,18,新北市,小客車,40-49歲,男,A2,1,尿液,安非他命,3,1,0~30,吊銷3年
2,週四,8,臺北市,機車,50-59歲,男,A2,1,尿液,甲基安非他命,0,0,0~30,吊扣2年
7,週二,6,新北市,小客車,40-49歲,男,A2,1,尿液,愷他命,3,1,61~120,吊銷3年
10,週一,11,基隆市,機車,50-59歲,男,A2,2,尿液,甲基安非他命,2,1,61~120,吊銷3年
5,週一,18,臺中市,機車,60歲以上,男,A2,1,尿液,愷他命,3,0,31~60,吊扣4年
6,週二,18,新竹縣,小客車,50-59歲,男,A2,1,尿液,安非他命,0,1,0~30,吊銷3年
11,週日,17,臺北市,機車,40-49歲,男,A2,2,尿液,甲基安非他命,2,0,0~30,吊扣2年
4,週二,14,臺中市,機車,50-59歲,男,A2,1,尿液,安非他命,1,1,31~60,吊銷3年
12,週日,10,新北市,小客車,40-49歲,男,A2,1,尿液,甲基安非他命,3,0,31~60,吊扣2年
5,週三,5,新北市,機車,20-29歲,男,A2,1,尿液,甲基安非他命,2,2,31~60,吊銷3年
8,週二,7,臺南市,機車,60歲以上,男,A2,2,尿液,愷他命,1,1,0~30,吊銷3年
1,週日,19,新北市,小客車,50-59歲,男,A2,1,尿液,嗎啡,1,1,0~30,吊銷3年
11,週四,18,臺南市,機車,40-49歲,男,A2,1,血液,愷他命,0,1,0~30,吊銷3年
3,週一,8,臺中市,小客車,40-49歲,女,A2,1,尿液,甲基安非他命,1,2,31~60,吊銷3年
6,週一,15,桃園市,小客車,50-59歲,男,A2,1,尿液,嗎啡,2,2,0~30,吊銷3年
6,週日,13,臺中市,小客車,40-49歲,男,A2,1,尿液,甲基安非他命,1,1,0~30,吊銷3年
5,週四,8,臺南市,機車,50-59歲,男,A2,1,尿液,甲基安非他命,0,1,31~60,吊銷3年
8,週五,9,臺北市,機車,40-49歲,男,A2,2,尿液,愷他命,0,0,31~60,吊扣2年
10,週五,7,臺中市,小客車,50-59歲,男,A2,1,尿液,愷他命,1,2,31~60,吊銷3年
5,週五,13,桃園市,小客車,20-29歲,男,A2,1,尿液,安非他命,0,1,61~120,吊銷3年
8,週二,13,桃園市,貨車,40-49歲,男,A2,1,尿液,甲基安非他命,0,2,61~120,吊銷3年
4,週日,16,嘉義市,機車,50-59歲,男,A2,2,尿液,甲基安非他命,2,1,31~60,吊銷3年
7,週四,18,臺北市,機車,40-49歲,男,A2,1,尿液,愷他命,1,1,31~60,吊銷3年
4,週三,6,屏東縣,小客車,40-49歲,男,A2,1,尿液,甲基安非他命,1,1,0~30,吊銷3年
12,週五,7,新竹市,機車,40-49歲,女,A2,1,尿液,嗎啡,2,2,0~30,吊銷3年
8,週三,13,臺北市,小客車,20-29歲,男,A2,1,尿液,甲基安非他命,2,3,61~120,吊銷3年
1,週三,17,高雄市,小客車,40-49歲,男,A2,1,尿液,嗎啡,3,1,121~500,吊銷3年
11,週三,22,基隆市,小客車,40-49歲,女,A2,1,尿液,甲基安非他命,0,0,31~60,吊扣3年
7,週四,19,新北市,小客車,40-49歲,男,A2,1,尿液,嗎啡,1,2,0~30,吊銷3年
3,週二,7,新北市,機車,30-39歲,男,A2,3,尿液,愷他命,0,1,31~60,吊銷3年
3,週四,19,宜蘭縣,機車,40-49歲,男,A2,2,尿液,嗎啡,3,1,31~60,吊銷3年
7,週五,11,臺北市,小客車,40-49歲,男,A2,1,尿液,安非他命,0,1,61~120,吊銷3年
9,週五,7,臺中市,小客車,60歲以上,男,A2,1,尿液,甲基安非他命,3,2,31~60,吊銷3年
11,週四,6,新北市,小客車,50-59歲,男,A2,1,尿液,愷他命,1,2,31~60,吊銷3年
10,週二,10,臺中市,機車,30-39歲,男,A2,2,尿液,嗎啡,0,1,31~60,吊銷3年
9,週一,17,臺中市,機車,50-59歲,男,A2,1,血液,安非他命,1,0,0~30,吊扣2年
8,週日,14,臺北市,機車,30-39歲,女,A2,1,尿液,甲基安非他命,1,0,61~120,吊扣2年
11,週六,8,南投縣,機車,30-39歲,女,A2,1,尿液,甲基安非他命,3,0,31~60,吊扣2年
7,週三,22,花蓮縣,小客車,30-39歲,男,A2,1,尿液,愷他命,3,3,31~60,吊銷3年
10,週二,6,臺北市,小客車,30-39歲,男,A2,1,尿液,安非他命,0,0,31~60,吊扣3年
2,週二,12,臺南市,機車,30-39歲,女,A2,3,尿液,甲基安非他命,1,4,0~30,吊銷3年
6,週一,12,彰化縣,機車,20-29歲,男,A2,1,尿液,安非他命,2,0,0~30,吊扣3年
10,週日,23,高雄市,機車,40-49歲,男,A2,1,尿液,安非他命,0,1,0~30,吊銷3年
5,週四,9,臺北市,貨車,30-39歲,男,A2,1,尿液,甲基安非他命,0,1,0~30,吊銷3年
9,週一,22,臺南市,小客車,40-49歲,女,A2,1,尿液,安非他命,1,2,0~30,吊銷3年
10,週日,14,彰化縣,小客車,50-59歲,男,A2,2,尿液,安非他命,1,1,0~30,吊銷3年
4,週一,0,臺北市,小客車,50-59歲,男,A2,2,尿液,甲基安非他命,2,1,0~30,吊銷3年
7,週四,0,臺中市,機車,40-49歲,男,A2,2,尿液,安非他命,0,0,61~120,吊扣2年
7,週五,23,臺中市,機車,30-39歲,男,A2,1,尿液,安非他命,3,1,31~60,吊銷3年
10,週日,10,屏東縣,機車,40-49歲,男,A2,1,尿液,安非他命,1,1,121~500,吊銷3年
7,週一,17,花蓮縣,小客車,19歲以下,男,A2,1,尿液,安非他命,1,1,121~500,吊銷3年
4,週一,16,新北市,機車,20-29歲,女,A2,1,血液,安非他命,3,1,61~120,吊銷3年
10,週日,18,高雄市,小客車,30-39歲,男,A2,2,尿液,嗎啡,1,1,31~60,吊銷3年
7,週三,7,屏東縣,小客車,40-49歲,男,A2,2,尿液,甲基安非他命,2,0,31~60,吊扣3年
11,週三,8,基隆市,貨車,50-59歲,男,A2,1,尿液,甲基安非他命,0,1,0~30,吊銷3年
8,週日,18,新北市,小客車,60歲以上,男,A2,1,尿液,愷他命,1,4,0~30,吊銷3年
12,週二,7,臺中市,小客車,30-39歲,男,A2,1,尿液,安非他命,0,3,0~30,吊銷3年
10,週一,17,臺中市,貨車,40-49歲,男,A2,1,尿液,甲基安非他命,1,0,31~60,吊扣2年
7,週二,17,桃園市,機車,50-59歲,男,A2,1,尿液,愷他命,0,0,121~500,吊扣2年
12,週六,13,彰化縣,小客車,50-59歲,男,A2,1,血液,愷他命,2,0,0~30,吊扣3年
3,週日,17,嘉義市,小客車,50-59歲,男,A2,3,尿液,甲基安非他命,3,1,31~60,吊銷3年
4,週六,21,新北市,機車,50-59歲,男,A2,2,尿液,安非他命,3,1,0~30,吊銷3年
4,週四,14,臺中市,小客車,40-49歲,男,A2,1,尿液,甲基安非他命,1,1,0~30,吊銷3年
4,週一,9,高雄市,機車,40-49歲,男,A2,2,尿液,安非他命,1,1,31~60,吊銷3年
6,週四,7,高雄市,機車,30-39歲,男,A2,2,尿液,安非他命,2,1,31~60,吊銷3年
4,週二,17,高雄市,小客車,40-49歲,男,A2,1,尿液,嗎啡,0,0,0~30,吊扣3年
5,週五,7,臺南市,小客車,50-59歲,男,A2,1,尿液,安非他命,2,0,0~30,吊扣3年
6,週五,9,高雄市,機車,40-49歲,男,A2,1,尿液,甲基安非他命,2,1,31~60,吊銷3年
7,週二,17,彰化縣,機車,40-49歲,男,A2,1,尿液,安非他命,0,1,0~30,吊銷3年
4,週日,0,基隆市,機車,50-59歲,男,A2,1,尿液,安非他命,1,0,31~60,吊扣3年
4,週五,7,新北市,機車,30-39歲,男,A2,1,尿液,安非他命,2,0,31~60,吊扣3年
1,週五,22,臺北市,小客車,40-49歲,女,A2,1,尿液,嗎啡,0,0,0~30,吊扣3年
3,週三,21,新竹市,機車,20-29歲,男,A2,1,尿液,愷他命,1,0,0~30,吊扣4年
9,週一,8,臺中市,機車,60歲以上,男,A2,1,尿液,甲基安非他命,0,1,61~120,吊銷3年
7,週五,18,臺中市,小客車,50-59歲,男,A2,1,尿液,安非他命,1,0,31~60,吊扣4年
9,週一,16,新北市,小客車,20-29歲,男,A2,1,尿液,安非他命,0,1,0~30,吊銷3年
6,週五,9,屏東縣,機車,30-39歲,女,A2,2,尿液,愷他命,3,0,0~30,吊扣4年
9,週三,9,臺中市,小客車,20-29歲,男,A2,1,尿液,安非他命,2,2,121~500,吊銷3年
2,週一,17,臺南市,機車,30-39歲,男,A2,1,尿液,甲基安非他命,3,1,0~30,吊銷3年
4,週六,13,臺北市,小客車,40-49歲,男,A2,1,尿液,甲基安非他命,1,1,121~500,吊銷3年
6,週一,15,高雄市,機車,40-49歲,男,A2,1,血液,嗎啡,3,4,121~500,吊銷3年
4,週四,19,新北市,機車,40-49歲,男,A2,1,尿液,甲基安非他命,3,1,121~500,吊銷3年
12,週六,18,高雄市,小客車,50-59歲,男,A2,1,尿液,愷他命,1,1,0~30,吊銷3年
5,週一,8,高雄市,機車,30-39歲,男,A2,2,尿液,甲基安非他命,1,0,31~60,吊扣2年
4,週一,19,高雄市,小客車,30-39歲,男,A2,1,尿液,安非他命,3,1,31~60,吊銷3年
10,週六,19,桃園市,機車,40-49歲,女,A2,1,尿液,嗎啡,2,1,121~500,吊銷3年
4,週五,15,新北市,小客車,30-39歲,男,A2,1,尿液,嗎啡,1,0,31~60,吊扣4年
7,週一,8,臺南市,機車,40-49歲,女,A2,1,尿液,甲基安非他命,3,2,31~60,吊銷3年
7,週六,22,嘉義市,機車,50-59歲,男,A2,1,尿液,安非他命,2,1,31~60,吊銷3年
6,週一,20,臺中市,機車,30-39歲,男,A2,1,尿液,嗎啡,3,4,31~60,吊銷3年
7,週五,13,臺中市,機車,30-39歲,男,A2,1,尿液,安非他命,0,1,0~30,吊銷3年
8,週二,9,新北市,機車,40-49歲,男,A2,3,血液,安非他命,0,1,0~30,吊銷3年
5,週四,18,高雄市,小客車,50-59歲,男,A2,1,血液,愷他命,0,0,0~30,吊扣3年
4,週日,12,桃園市,小客車,60歲以上,女,A2,1,尿液,安非他命,0,0,31~60,吊扣2年
1,週五,19,高雄市,機車,50-59歲,女,A2,1,尿液,甲基安非他命,0,1,31~60,吊銷3年
4,週四,6,南投縣,機車,30-39歲,男,A2,1,尿液,甲基安非他命,2,2,121~500,吊銷3年
4,週六,3,嘉義縣,機車,20-29歲,男,A2,1,尿液,嗎啡,2,1,121~500,吊銷3年
12,週日,10,新北市,機車,60歲以上,男,A2,3,尿液,安非他命,2,1,0~30,吊銷3年
1,週一,18,新北市,機車,50-59歲,男,A2,2,尿液,安非他命,1,1,0~30,吊銷3年
3,週六,22,臺南市,小客車,40-49歲,男,A2,1,尿液,甲基安非他命,1,1,31~60,吊銷3年
8,週一,17,臺中市,小客車,60歲以上,男,A2,1,尿液,愷他命,0,1,0~30,吊銷3年
10,週二,10,臺南市,貨車,30-39歲,女,A2,2,尿液,安非他命,3,0,0~30,吊扣4年
10,週日,12,宜蘭縣,小客車,30-39歲,男,A2,1,尿液,甲基安非他命,0,1,0~30,吊銷3年
10,週六,20,臺北市,小客車,40-49歲,男,A2,1,尿液,愷他命,0,0,31~60,吊扣2年
10,週四,17,臺中市,小客車,40-49歲,男,A2,1,尿液,甲基安非他命,2,0,31~60,吊扣3年
3,週日,17,臺中市,小客車,50-59歲,男,A2,1,尿液,安非他命,3,1,0~30,吊銷3年
11,週三,7,新北市,機車,50-59歲,男,A2,1,尿液,愷他命,2,0,0~30,吊扣2年
1,週二,10,花蓮縣,機車,30-39歲,男,A2,1,尿液,愷他命,2,1,0~30,吊銷3年
1,週一,15,新北市,機車,20-29歲,男,A2,1,尿液,甲基安非他命,1,0,0~30,吊扣2年
5,週六,19,桃園市,小客車,60歲以上,女,A2,1,尿液,甲基安非他命,0,1,0~30,吊銷3年
7,週六,15,臺中市,機車,30-39歲,男,A2,1,尿液,安非他命,3,1,121~500,吊銷3年
10,週二,13,新竹市,機車,40-49歲,女,A2,1,尿液,嗎啡,0,0,31~60,吊扣4年
4,週日,23,臺中市,小客車,30-39歲,男,A2,1,尿液,甲基安非他命,0,2,0~30,吊銷3年
8,週日,11,臺南市,機車,40-49歲,男,A2,1,尿液,甲基安非他命,0,1,0~30,吊銷3年
5,週日,0,彰化縣,機車,60歲以上,男,A2,1,尿液,甲基安非他命,0,0,31~60,吊扣3年
4,週一,20,臺中市,機車,30-39歲,男,A2,1,尿液,安非他命,2,3,0~30,吊銷3年
1,週一,8,新北市,小客車,40-49歲,男,A2,2,尿液,安非他命,1,2,31~60,吊銷3年
3,週六,7,高雄市,貨車,30-39歲,男,A2,2,尿液,安非他命,1,1,31~60,吊銷3年
2,週五,18,臺南市,小客車,50-59歲,男,A2,1,尿液,愷他命,1,4,31~60,吊銷3年
4,週二,17,新北市,小客車,40-49歲,男,A2,1,尿液,愷他命,3,0,121~500,吊扣2年
6,週日,11,臺北市,小客車,50-59歲,男,A2,4,尿液,嗎啡,0,2,31~60,吊銷3年
11,週五,20,臺中市,小客車,19歲以下,男,A2,1,尿液,愷他命,2,1,31~60,吊銷3年
9,週一,12,宜蘭縣,小客車,50-59歲,男,A2,1,尿液,甲基安非他命,2,1,61~120,吊銷3年
7,週五,18,臺中市,機車,30-39歲,男,A2,1,血液,甲基安非他命,0,0,31~60,吊扣2年
4,週一,16,新北市,小客車,20-29歲,男,A2,1,尿液,愷他命,1,1,31~60,吊銷3年
3,週六,12,臺北市,貨車,40-49歲,女,A2,2,尿液,愷他命,1,0,31~60,吊扣3年
6,週五,5,高雄市,機車,50-59歲,女,A2,1,尿液,安非他命,2,0,121~500,吊扣2年
1,週一,17,宜蘭縣,機車,20-29歲,男,A2,1,尿液,甲基安非他命,1,3,31~60,吊銷3年
11,週一,10,桃園市,貨車,40-49歲,男,A2,1,尿液,甲基安非他命,3,2,31~60,吊銷3年
1,週六,9,臺南市,小客車,40-49歲,男,A2,1,尿液,嗎啡,2,1,31~60,吊銷3年
2,週日,0,屏東縣,機車,50-59歲,男,A2,1,尿液,甲基安非他命,3,0,31~60,吊扣2年
7,週二,15,雲林縣,小客車,30-39歲,男,A2,1,尿液,安非他命,2,1,121~500,吊銷3年
11,週日,17,基隆市,小客車,50-59歲,男,A2,1,尿液,甲基安非他命,1,1,31~60,吊銷3年
3,週二,17,臺北市,機車,20-29歲,男,A2,1,尿液,甲基安非他命,1,2,0~30,吊銷3年
12,週六,15,新北市,小客車,50-59歲,男,A2,1,尿液,愷他命,1,0,31~60,吊扣2年
11,週六,16,新北市,小客車,40-49歲,男,A2,1,尿液,甲基安非他命,1,0,121~500,吊扣2年
1,週四,20,臺中市,機車,30-39歲,男,A2,2,尿液,安非他命,1,1,31~60,吊銷3年
11,週三,18,南投縣,小客車,60歲以上,男,A2,1,尿液,甲基安非他命,0,0,0~30,吊扣4年
4,週一,22,臺中市,機車,50-59歲,男,A2,1,尿液,安非他命,0,1,121~500,吊銷3年
10,週五,7,臺南市,小客車,30-39歲,男,A2,1,尿液,愷他命,1,0,0~30,吊扣2年
4,週四,7,高雄市,小客車,20-29歲,男,A2,2,尿液,愷他命,1,1,31~60,吊銷3年
2,週三,19,基隆市,機車,50-59歲,男,A2,2,尿液,甲基安非他命,3,1,31~60,吊銷3年
10,週一,17,嘉義市,小客車,50-59歲,男,A2,1,尿液,安非他命,1,2,31~60,吊銷3年
12,週日,12,苗栗縣,機車,40-49歲,男,A2,1,尿液,愷他命,0,0,0~30,吊扣4年
2,週一,17,屏東縣,機車,50-59歲,男,A2,2,血液,愷他命,1,0,31~60,吊扣3年
10,週二,3,臺北市,小客車,60歲以上,男,A2,1,尿液,甲基安非他命,0,1,31~60,吊銷3年
3,週一,21,臺中市,小客車,30-39歲,男,A2,2,尿液,甲基安非他命,0,1,31~60,吊銷3年
3,週日,12,臺中市,小客車,40-49歲,男,A2,1,尿液,安非他命,1,1,31~60,吊銷3年
11,週一,13,臺南市,機車,50-59歲,男,A2,1,尿液,安非他命,2,2,61~120,吊銷3年
5,週一,18,臺南市,機車,40-49歲,男,A2,2,血液,安非他命,3,2,31~60,吊銷3年
4,週二,17,臺北市,機車,20-29歲,男,A2,2,尿液,嗎啡,1,0,31~60,吊扣3年
5,週二,8,新北市,機車,20-29歲,男,A2,1,尿液,安非他命,2,0,0~30,吊扣4年
7,週四,14,臺中市,小客車,30-39歲,女,A2,1,尿液,甲基安非他命,0,2,31~60,吊銷3年
4,週日,0,桃園市,機車,50-59歲,男,A2,2,尿液,安非他命,2,0,31~60,吊扣4年
11,週二,18,桃園市,小客車,40-49歲,男,A2,1,尿液,甲基安非他命,3,1,121~500,吊銷3年
2,週六,17,彰化縣,小客車,50-59歲,男,A2,1,尿液,甲基安非他命,1,1,31~60,吊銷3年
10,週五,7,臺中市,機車,40-49歲,男,A2,1,尿液,甲基安非他命,2,1,0~30,吊銷3年
8,週一,7,新北市,機車,20-29歲,男,A2,1,尿液,甲基安非他命,2,2,31~60,吊銷3年
6,週二,12,新北市,小客車,50-59歲,男,A2,1,血液,愷他命,2,1,31~60,吊銷3年
3,週三,8,南投縣,機車,50-59歲,男,A2,1,尿液,愷他命,0,1,0~30,吊銷3年
1,週日,23,臺北市,機車,40-49歲,男,A2,1,尿液,愷他命,1,0,61~120,吊扣2年
2,週一,7,新北市,小客車,40-49歲,男,A2,1,尿液,愷他命,2,0,31~60,吊扣4年
4,週五,22,高雄市,小客車,60歲以上,男,A2,1,尿液,愷他命,2,2,121~500,吊銷3年
10,週一,20,臺北市,機車,20-29歲,男,A2,3,血液,安非他命,0,1,31~60,吊銷3年
5,週日,14,臺北市,大客車,30-39歲,男,A2,1,尿液,嗎啡,2,3,121~500,吊銷3年
10,週六,7,新北市,機車,50-59歲,女,A2,2,尿液,甲基安非他命,3,0,0~30,吊扣2年
10,週三,19,臺中市,機車,60歲以上,女,A2,2,尿液,甲基安非他命,1,2,0~30,吊銷3年
12,週二,13,臺南市,小客車,40-49歲,男,A2,1,尿液,嗎啡,0,2,31~60,吊銷3年
12,週四,18,雲林縣,小客車,50-59歲,男,A2,1,尿液,甲基安非他命,0,1,31~60,吊銷3年
10,週一,23,新竹縣,機車,40-49歲,男,A2,1,尿液,愷他命,1,2,31~60,吊銷3年
4,週日,0,高雄市,機車,60歲以上,男,A2,1,尿液,嗎啡,0,0,0~30,吊扣3年
6,週日,7,高雄市,機車,40-49歲,男,A2,1,尿液,甲基安非他命,1,0,31~60,吊扣2年
3,週五,9,新北市,小客車,50-59歲,男,A2,1,尿液,安非他命,2,2,0~30,吊銷3年
4,週日,20,臺北市,小客車,30-39歲,男,A2,1,尿液,愷他命,0,0,0~30,吊扣4年
10,週五,9,臺北市,機車,40-49歲,男,A2,1,尿液,愷他命,1,1,121~500,吊銷3年
9,週一,7,雲林縣,小客車,40-49歲,男,A2,1,尿液,甲基安非他命,2,0,121~500,吊扣2年
8,週三,8,臺北市,機車,30-39歲,男,A2,3,尿液,嗎啡,1,1,0~30,吊銷3年
8,週六,18,臺中市,小客車,40-49歲,男,A2,1,尿液,安非他命,3,1,121~500,吊銷3年
11,週三,11,高雄市,小客車,40-49歲,男,A2,1,尿液,嗎啡,3,1,0~30,吊銷3年
7,週三,17,桃園市,小客車,40-49歲,男,A2,1,尿液,甲基安非他命,3,0,0~30,吊扣3年
7,週日,10,臺中市,小客車,40-49歲,男,A2,1,尿液,愷他命,2,2,31~60,吊銷3年
9,週五,14,臺北市,機車,30-39歲,男,A2,1,尿液,安非他命,1,0,31~60,吊扣4年
7,週一,19,臺北市,機車,40-49歲,男,A2,1,尿液,甲基安非他命,3,4,0~30,吊銷3年
11,週二,17,臺北市,小客車,20-29歲,男,A2,1,尿液,嗎啡,1,1,31~60,吊銷3年
8,週六,16,臺南市,機車,20-29歲,男,A2,1,尿液,愷他命,0,0,0~30,吊扣2年
12,週一,3,嘉義市,小客車,40-49歲,男,A2,2,尿液,甲基安非他命,1,1,31~60,吊銷3年
3,週日,12,臺南市,小客車,50-59歲,男,A2,1,血液,愷他命,2,2,0~30,吊銷3年
11,週日,18,高雄市,小客車,50-59歲,男,A2,2,尿液,甲基安非他命,3,4,0~30,吊銷3年
11,週六,21,新北市,機車,40-49歲,男,A2,1,尿液,安非他命,1,0,0~30,吊扣2年
4,週五,4,屏東縣,機車,40-49歲,女,A1,0,尿液,嗎啡,0,0,0~30,吊銷終身
11,週一,18,新竹縣,小客車,19歲以下,男,A2,1,尿液,嗎啡,3,1,0~30,吊銷3年
4,週一,7,彰化縣,機車,30-39歲,女,A2,1,尿液,愷他命,2,1,121~500,吊銷3年
10,週日,21,桃園市,機車,20-29歲,男,A2,1,尿液,甲基安非他命,0,0,31~60,吊扣4年
3,週日,10,彰化縣,機車,30-39歲,男,A2,1,尿液,愷他命,0,3,121~500,吊銷3年
10,週六,17,臺中市,小客車,40-49歲,男,A2,1,血液,安非他命,0,1,121~500,吊銷3年
8,週五,11,臺北市,機車,50-59歲,男,A2,3,尿液,愷他命,0,3,31~60,吊銷3年
1,週二,9,金門縣,機車,40-49歲,男,A2,1,尿液,甲基安非他命,1,1,61~120,吊銷3年
1,週一,18,新北市,機車,40-49歲,男,A2,1,尿液,嗎啡,1,1,0~30,吊銷3年
5,週六,0,臺中市,機車,50-59歲,男,A2,2,尿液,甲基安非他命,2,0,0~30,吊扣2年
4,週日,13,高雄市,機車,40-49歲,男,A2,1,尿液,愷他命,3,0,0~30,吊扣4年
10,週四,9,新北市,小客車,19歲以下,男,A2,1,血液,安非他命,3,2,0~30,吊銷3年
10,週二,17,臺南市,機車,40-49歲,男,A2,3,尿液,MDMA,2,0,31~60,吊扣3年
1,週一,7,桃園市,機車,19歲以下,男,A2,1,血液,安非他命,2,2,0~30,吊銷3年
7,週一,8,臺北市,小客車,40-49歲,女,A2,1,尿液,愷他命,2,0,0~30,吊扣2年
7,週三,19,臺中市,機車,60歲以上,男,A2,1,尿液,甲基安非他命,2,0,31~60,吊扣3年
7,週二,8,花蓮縣,機車,40-49歲,男,A2,1,尿液,安非他命,0,1,121~500,吊銷3年
7,週一,17,臺北市,機車,30-39歲,男,A2,2,尿液,愷他命,0,3,0~30,吊銷3年
10,週四,19,臺中市,機車,40-49歲,男,A2,1,尿液,甲基安非他命,3,0,0~30,吊扣4年
3,週一,18,桃園市,機車,40-49歲,男,A2,1,尿液,甲基安非他命,3,2,61~120,吊銷3年
10,週二,5,新北市,小客車,30-39歲,男,A2,1,尿液,嗎啡,2,1,121~500,吊銷3年
10,週二,17,新竹市,機車,50-59歲,男,A2,2,尿液,嗎啡,2,1,31~60,吊銷3年
7,週一,16,桃園市,機車,40-49歲,男,A2,1,血液,甲基安非他命,1,0,0~30,吊扣3年
4,週四,0,彰化縣,機車,50-59歲,男,A2,2,尿液,安非他命,2,2,31~60,吊銷3年
7,週六,11,臺中市,機車,20-29歲,女,A2,2,尿液,甲基安非他命,0,1,31~60,吊銷3年
4,週日,19,雲林縣,機車,40-49歲,男,A2,1,尿液,安非他命,0,3,31~60,吊銷3年
12,週六,17,高雄市,機車,40-49歲,女,A2,1,尿液,安非他命,0,0,121~500,吊扣4年
7,週一,22,臺北市,小客車,40-49歲,男,A2,1,尿液,嗎啡,3,1,31~60,吊銷3年
12,週六,0,彰化縣,貨車,30-39歲,男,A2,1,尿液,安非他命,2,0,121~500,吊扣2年
5,週二,8,桃園市,機車,50-59歲,男,A2,1,尿液,嗎啡,1,0,31~60,吊扣4年
7,週六,14,宜蘭縣,小客車,60歲以上,女,A2,2,尿液,甲基安非他命,2,1,0~30,吊銷3年
12,週四,8,臺南市,小客車,60歲以上,男,A2,1,尿液,甲基安非他命,0,0,31~60,吊扣4年
10,週一,18,臺北市,機車,50-59歲,男,A2,2,尿液,甲基安非他命,1,1,31~60,吊銷3年
7,週五,10,臺南市,小客車,60歲以上,女,A2,1,尿液,安非他命,1,2,0~30,吊銷3年
1,週三,18,臺北市,小客車,40-49歲,男,A2,1,尿液,甲基安非他命,3,1,31~60,吊銷3年
8,週五,0,彰化縣,機車,20-29歲,男,A2,1,尿液,愷他命,3,1,31~60,吊銷3年
3,週三,8,臺北市,機車,30-39歲,男,A2,1,尿液,甲基安非他命,3,0,0~30,吊扣3年
6,週二,8,桃園市,小客車,40-49歲,男,A2,1,尿液,甲基安非他命,0,4,0~30,吊銷3年
1,週三,1,新北市,小客車,30-39歲,男,A2,1,尿液,甲基安非他命,1,1,31~60,吊銷3年
6,週五,4,雲林縣,機車,50-59歲,男,A2,1,血液,甲基安非他命,3,0,31~60,吊扣3年
11,週二,16,桃園市,小客車,40-49歲,男,A2,1,血液,甲基安非他命,1,1,31~60,吊銷3年
10,週五,13,雲林縣,小客車,20-29歲,男,A2,2,尿液,甲基安非他命,3,0,31~60,吊扣4年
8,週二,21,新竹縣,機車,40-49歲,男,A2,2,尿液,安非他命,0,0,0~30,吊扣3年
11,週六,10,苗栗縣,機車,50-59歲,男,A2,2,尿液,安非他命,1,0,31~60,吊扣3年
5,週三,3,嘉義市,機車,40-49歲,女,A2,1,尿液,嗎啡,3,1,0~30,吊銷3年
5,週五,8,臺南市,小客車,30-39歲,男,A2,1,尿液,甲基安非他命,3,0,0~30,吊扣2年
7,週四,21,新北市,小客車,40-49歲,女,A2,1,尿液,愷他命,1,0,31~60,吊扣2年
5,週三,17,臺中市,機車,50-59歲,男,A2,2,尿液,愷他命,3,0,31~60,吊扣3年
8,週一,16,新北市,機車,50-59歲,女,A2,1,尿液,甲基安非他命,1,2,121~500,吊銷3年
11,週五,21,苗栗縣,機車,50-59歲,男,A2,2,尿液,安非他命,3,1,31~60,吊銷3年
10,週三,17,高雄市,機車,50-59歲,男,A2,1,尿液,安非他命,0,0,31~60,吊扣2年
3,週四,7,屏東縣,貨車,30-39歲,女,A2,1,尿液,甲基安非他命,2,1,31~60,吊銷3年
10,週二,8,新北市,小客車,40-49歲,男,A2,1,尿液,安非他命,3,0,31~60,吊扣3年
1,週三,21,桃園市,機車,50-59歲,男,A2,1,尿液,甲基安非他命,1,0,121~500,吊扣3年
11,週二,8,新北市,機車,40-49歲,女,A2,1,尿液,嗎啡,0,0,0~30,吊扣3年
9,週四,6,桃園市,機車,50-59歲,男,A2,3,尿液,甲基安非他命,3,1,31~60,吊銷3年
10,週四,0,花蓮縣,小客車,40-49歲,女,A2,1,尿液,安非他命,3,0,121~500,吊扣2年
10,週一,8,宜蘭縣,小客車,40-49歲,男,A2,1,尿液,安非他命,0,0,31~60,吊扣2年
4,週一,21,嘉義縣,機車,40-49歲,男,A2,3,尿液,嗎啡,2,2,31~60,吊銷3年
6,週日,13,新北市,機車,40-49歲,男,A2,1,尿液,安非他命,2,3,31~60,吊銷3年
4,週五,16,臺南市,貨車,60歲以上,男,A2,1,尿液,安非他命,2,1,31~60,吊銷3年
9,週一,20,臺中市,機車,30-39歲,男,A2,1,尿液,甲基安非他命,0,0,0~30,吊扣3年
10,週三,16,花蓮縣,機車,40-49歲,男,A2,1,尿液,甲基安非他命,0,1,0~30,吊銷3年
12,週日,5,桃園市,小客車,40-49歲,男,A2,1,尿液,愷他命,3,0,31~60,吊扣4年
7,週三,18,高雄市,機車,40-49歲,男,A2,2,尿液,安非他命,1,1,61~120,吊銷3年
10,週五,0,新北市,機車,40-49歲,女,A2,2,尿液,安非他命,2,0,0~30,吊扣2年
12,週二,6,基隆市,小客車,40-49歲,男,A2,1,尿液,愷他命,1,1,31~60,吊銷3年
8,週五,16,基隆市,機車,30-39歲,女,A2,1,尿液,甲基安非他命,0,0,0~30,吊扣4年
5,週六,2,高雄市,機車,40-49歲,男,A2,1,尿液,愷他命,3,1,31~60,吊銷3年
9,週五,20,新北市,機車,40-49歲,男,A2,2,尿液,愷他命,2,0,31~60,吊扣2年
4,週六,19,桃園市,機車,50-59歲,男,A2,2,尿液,安非他命,2,0,0~30,吊扣3年
2,週日,14,臺中市,機車,40-49歲,男,A2,1,尿液,安非他命,3,0,61~120,吊扣3年
7,週二,9,新北市,機車,50-59歲,男,A2,1,尿液,甲基安非他命,2,0,0~30,吊扣4年
6,週日,19,苗栗縣,小客車,19歲以下,男,A2,4,尿液,甲基安非他命,0,0,121~500,吊扣4年
7,週一,7,嘉義市,機車,40-49歲,男,A2,1,尿液,嗎啡,2,1,0~30,吊銷3年
4,週日,11,雲林縣,機車,30-39歲,男,A2,2,尿液,甲基安非他命,0,0,31~60,吊扣4年
8,週六,19,臺南市,機車,40-49歲,男,A2,1,尿液,甲基安非他命,2,0,31~60,吊扣2年
5,週日,9,臺中市,機車,40-49歲,男,A2,1,尿液,安非他命,2,0,61~120,吊扣3年
3,週日,12,臺北市,機車,40-49歲,男,A2,1,尿液,愷他命,0,3,121~500,吊銷3年
11,週二,22,臺北市,機車,40-49歲,男,A2,1,尿液,甲基安非他命,3,1,31~60,吊銷3年
9,週日,19,南投縣,機車,30-39歲,男,A2,1,尿液,嗎啡,0,0,31~60,吊扣3年
5,週日,17,臺北市,小客車,40-49歲,男,A2,1,尿液,安非他命,2,2,31~60,吊銷3年
8,週五,8,臺南市,小客車,50-59歲,男,A2,1,尿液,愷他命,2,0,121~500,吊扣4年
4,週二,11,新北市,機車,50-59歲,男,A2,1,尿液,嗎啡,1,1,0~30,吊銷3年
5,週二,14,高雄市,機車,40-49歲,女,A2,1,尿液,安非他命,1,0,0~30,吊扣2年
4,週三,7,臺南市,機車,40-49歲,女,A2,2,尿液,安非他命,1,2,31~60,吊銷3年
5,週三,9,苗栗縣,機車,50-59歲,男,A2,1,尿液,安非他命,0,4,31~60,吊銷3年
10,週日,17,屏東縣,小客車,40-49歲,男,A2,1,尿液,安非他命,3,1,31~60,吊銷3年
11,週六,10,高雄市,機車,60歲以上,男,A2,1,尿液,安非他命,2,1,31~60,吊銷3年
11,週六,12,桃園市,機車,50-59歲,男,A2,2,尿液,甲基安非他命,1,1,121~500,吊銷3年
4,週日,10,彰化縣,小客車,30-39歲,男,A2,1,尿液,愷他命,2,1,0~30,吊銷3年
7,週四,20,臺北市,小客車,40-49歲,男,A2,1,尿液,安非他命,2,0,31~60,吊扣3年
11,週日,11,高雄市,小客車,50-59歲,男,A2,1,尿液,嗎啡,1,1,31~60,吊銷3年
10,週二,19,臺中市,機車,40-49歲,女,A2,2,尿液,嗎啡,1,0,31~60,吊扣4年
1,週三,18,基隆市,小客車,50-59歲,男,A2,1,尿液,甲基安非他命,2,1,61~120,吊銷3年
1,週一,22,新北市,小客車,30-39歲,女,A2,2,血液,甲基安非他命,1,0,0~30,吊扣4年
6,週六,18,基隆市,小客車,40-49歲,女,A2,1,尿液,安非他命,0,1,31~60,吊銷3年
10,週六,0,臺中市,機車,60歲以上,男,A2,1,尿液,安非他命,3,1,0~30,吊銷3年
8,週二,18,新北市,小客車,19歲以下,女,A2,2,尿液,安非他命,2,1,31~60,吊銷3年
7,週六,7,桃園市,機車,30-39歲,男,A2,2,血液,甲基安非他命,0,2,61~120,吊銷3年
5,週六,19,臺南市,機車,60歲以上,男,A2,1,尿液,嗎啡,1,3,0~30,吊銷3年
10,週日,10,臺中市,機車,50-59歲,男,A2,2,尿液,愷他命,0,1,31~60,吊銷3年
6,週一,7,嘉義市,機車,60歲以上,男,A2,3,尿液,安非他命,2,1,121~500,吊銷3年
12,週三,5,新北市,機車,50-59歲,女,A2,1,尿液,安非他命,3,0,31~60,吊扣3年
4,週日,14,臺南市,小客車,50-59歲,男,A2,1,尿液,安非他命,1,4,31~60,吊銷3年
11,週二,22,高雄市,機車,40-49歲,男,A2,2,尿液,嗎啡,0,0,31~60,吊扣2年
9,週五,18,臺中市,小客車,20-29歲,男,A2,2,尿液,安非他命,1,1,121~500,吊銷3年
9,週二,16,彰化縣,貨車,40-49歲,男,A2,1,尿液,嗎啡,1,0,61~120,吊扣2年
5,週一,12,桃園市,小客車,40-49歲,男,A2,1,尿液,甲基安非他命,2,1,31~60,吊銷3年
3,週日,12,臺南市,機車,40-49歲,男,A2,2,尿液,安非他命,3,0,31~60,吊扣3年
4,週六,18,高雄市,貨車,30-39歲,男,A1,0,尿液,甲基安非他命,3,1,31~60,吊銷終身
1,週一,7,新北市,機車,60歲以上,男,A2,1,尿液,愷他命,3,1,0~30,吊銷3年
11,週三,7,高雄市,小客車,40-49歲,男,A2,1,血液,安非他命,1,0,31~60,吊扣4年
10,週二,7,嘉義市,機車,40-49歲,男,A2,1,尿液,安非他命,3,2,0~30,吊銷3年
7,週四,12,嘉義縣,貨車,40-49歲,男,A2,1,血液,甲基安非他命,2,1,0~30,吊銷3年
4,週一,22,臺中市,小客車,50-59歲,男,A2,1,血液,愷他命,2,0,31~60,吊扣2年
4,週二,15,臺中市,小客車,40-49歲,男,A2,1,尿液,愷他命,1,2,0~30,吊銷3年
4,週四,16,屏東縣,小客車,40-49歲,女,A2,2,尿液,安非他命,1,3,121~500,吊銷3年
9,週四,19,新竹市,機車,50-59歲,男,A2,2,尿液,愷他命,2,1,121~500,吊銷3年
8,週三,15,臺中市,機車,50-59歲,女,A2,1,尿液,甲基安非他命,0,1,0~30,吊銷3年
3,週五,7,臺中市,機車,40-49歲,男,A2,1,尿液,嗎啡,2,2,31~60,吊銷3年
10,週一,1,臺中市,機車,40-49歲,男,A2,2,尿液,安非他命,3,0,121~500,吊扣3年
10,週六,17,新北市,小客車,20-29歲,男,A2,2,尿液,安非他命,3,1,31~60,吊銷3年
7,週四,18,臺中市,機車,30-39歲,男,A2,1,尿液,安非他命,0,1,31~60,吊銷3年
1,週日,15,臺南市,小客車,20-29歲,男,A2,2,尿液,嗎啡,3,1,31~60,吊銷3年
11,週一,21,臺北市,小客車,20-29歲,男,A2,1,尿液,甲基安非他命,1,1,31~60,吊銷3年
1,週一,16,臺中市,機車,30-39歲,男,A2,1,血液,安非他命,2,1,31~60,吊銷3年
10,週三,12,桃園市,機車,60歲以上,男,A2,2,尿液,嗎啡,2,0,31~60,吊扣2年
8,週五,14,臺中市,機車,50-59歲,男,A2,2,尿液,安非他命,3,0,31~60,吊扣3年
6,週三,5,高雄市,機車,40-49歲,男,A2,1,尿液,安非他命,1,2,31~60,吊銷3年
12,週五,20,新北市,機車,30-39歲,男,A2,2,尿液,嗎啡,1,0,31~60,吊扣3年
1,週五,12,高雄市,機車,40-49歲,男,A2,1,尿液,安非他命,0,3,0~30,吊銷3年
7,週六,23,宜蘭縣,小客車,40-49歲,男,A2,1,尿液,嗎啡,1,1,0~30,吊銷3年
2,週五,17,嘉義市,機車,20-29歲,男,A2,1,尿液,甲基安非他命,3,2,31~60,吊銷3年
11,週六,2,新北市,小客車,20-29歲,男,A2,1,尿液,甲基安非他命,1,4,31~60,吊銷3年
8,週日,13,桃園市,小客車,40-49歲,男,A2,2,尿液,安非他命,3,2,31~60,吊銷3年
1,週一,10,新北市,機車,60歲以上,男,A2,2,尿液,甲基安非他命,0,0,0~30,吊扣3年
12,週四,8,新北市,小客車,50-59歲,男,A2,1,血液,嗎啡,2,0,31~60,吊扣3年
5,週六,22,桃園市,小客車,20-29歲,男,A2,1,尿液,甲基安非他命,2,0,61~120,吊扣4年
1,週三,22,臺北市,機車,50-59歲,男,A2,1,尿液,安非他命,2,2,31~60,吊銷3年
2,週日,2,臺北市,機車,20-29歲,男,A2,2,尿液,甲基安非他命,0,2,121~500,吊銷3年
8,週五,7,新北市,小客車,20-29歲,男,A2,1,尿液,安非他命,2,2,31~60,吊銷3年
12,週三,17,新北市,機車,30-39歲,男,A2,1,尿液,嗎啡,0,1,0~30,吊銷3年
7,週三,15,臺東縣,貨車,20-29歲,男,A2,1,尿液,愷他命,1,1,121~500,吊銷3年
4,週日,19,新北市,小客車,40-49歲,男,A2,1,尿液,甲基安非他命,1,0,31~60,吊扣2年
8,週二,7,新北市,機車,40-49歲,男,A2,2,尿液,甲基安非他命,0,0,0~30,吊扣4年
8,週二,9,臺北市,小客車,50-59歲,女,A2,1,尿液,安非他命,2,3,31~60,吊銷3年
9,週三,0,高雄市,小客車,60歲以上,男,A2,1,尿液,甲基安非他命,2,0,31~60,吊扣3年
1,週三,12,花蓮縣,機車,40-49歲,男,A2,1,尿液,甲基安非他命,2,0,0~30,吊扣4年
11,週六,12,桃園市,小客車,40-49歲,男,A2,1,尿液,愷他命,1,0,31~60,吊扣3年
8,週二,7,臺中市,機車,20-29歲,男,A2,2,尿液,嗎啡,2,0,31~60,吊扣2年
9,週三,10,新北市,大客車,40-49歲,男,A2,2,尿液,甲基安非他命,3,0,121~500,吊扣3年
1,週三,11,臺南市,機車,40-49歲,女,A2,2,尿液,甲基安非他命,0,1,31~60,吊銷3年
4,週二,7,臺中市,機車,30-39歲,男,A2,1,尿液,甲基安非他命,3,1,31~60,吊銷3年
12,週三,17,屏東縣,貨車,50-59歲,男,A2,1,血液,安非他命,1,2,0~30,吊銷3年
5,週六,19,屏東縣,小客車,30-39歲,男,A2,1,尿液,愷他命,1,1,31~60,吊銷3年
5,週二,22,臺中市,機車,50-59歲,女,A2,3,尿液,安非他命,0,2,0~30,吊銷3年
8,週六,12,臺北市,機車,50-59歲,女,A2,1,尿液,安非他命,1,1,121~500,吊銷3年
9,週一,18,彰化縣,小客車,50-59歲,男,A2,1,尿液,甲基安非他命,3,1,31~60,吊銷3年
8,週三,16,高雄市,機車,30-39歲,女,A2,1,尿液,安非他命,3,1,31~60,吊銷3年
4,週四,6,新北市,小客車,19歲以下,男,A2,1,尿液,愷他命,1,0,31~60,吊扣2年
9,週四,19,桃園市,機車,40-49歲,男,A2,1,尿液,愷他命,1,1,31~60,吊銷3年
5,週日,14,臺南市,小客車,40-49歲,男,A2,1,尿液,甲基安非他命,2,1,0~30,吊銷3年
2,週一,19,臺中市,貨車,50-59歲,男,A2,2,尿液,甲基安非他命,2,1,0~30,吊銷3年
7,週三,14,桃園市,機車,50-59歲,男,A2,1,尿液,甲基安非他命,0,4,31~60,吊銷3年
4,週五,8,臺南市,機車,30-39歲,男,A2,1,尿液,甲基安非他命,3,0,31~60,吊扣4年
3,週二,19,新北市,機車,40-49歲,男,A2,1,血液,愷他命,3,0,31~60,吊扣4年
10,週五,4,臺南市,小客車,40-49歲,男,A2,1,尿液,嗎啡,0,0,121~500,吊扣4年
3,週一,13,新竹市,貨車,40-49歲,女,A2,1,尿液,安非他命,2,1,31~60,吊銷3年
10,週四,0,雲林縣,機車,40-49歲,男,A2,1,尿液,安非他命,2,0,61~120,吊扣4年
7,週六,16,高雄市,機車,50-59歲,男,A2,1,尿液,安非他命,3,1,31~60,吊銷3年
2,週日,14,桃園市,小客車,60歲以上,男,A2,1,尿液,安非他命,1,0,121~500,吊扣2年
1,週二,17,臺中市,機車,50-59歲,女,A2,2,尿液,嗎啡,3,1,0~30,吊銷3年
7,週二,13,嘉義市,小客車,40-49歲,男,A2,1,血液,安非他命,2,0,0~30,吊扣2年
8,週三,19,臺南市,機車,60歲以上,男,A2,2,尿液,安非他命,3,1,121~500,吊銷3年
5,週一,21,嘉義縣,小客車,50-59歲,男,A2,1,尿液,安非他命,3,1,31~60,吊銷3年
10,週四,10,高雄市,機車,60歲以上,男,A2,1,尿液,甲基安非他命,0,2,0~30,吊銷3年
10,週五,11,臺中市,機車,50-59歲,男,A2,1,尿液,愷他命,1,2,31~60,吊銷3年
5,週四,12,新竹縣,小客車,40-49歲,男,A2,1,尿液,甲基安非他命,1,1,0~30,吊銷3年
7,週四,11,新竹縣,小客車,50-59歲,男,A2,2,尿液,甲基安非他命,0,1,0~30,吊銷3年
7,週五,18,雲林縣,小客車,50-59歲,男,A2,1,尿液,安非他命,1,3,121~500,吊銷3年
10,週二,4,臺中市,機車,40-49歲,男,A2,1,尿液,安非他命,1,2,31~60,吊銷3年
1,週二,1,新北市,小客車,20-29歲,男,A2,1,尿液,安非他命,2,1,31~60,吊銷3年
2,週一,12,桃園市,小客車,20-29歲,男,A2,1,尿液,安非他命,2,0,0~30,吊扣3年
6,週五,21,臺中市,小客車,30-39歲,男,A2,1,尿液,愷他命,1,1,31~60,吊銷3年
8,週三,15,宜蘭縣,貨車,30-39歲,男,A2,1,尿液,嗎啡,3,2,31~60,吊銷3年
2,週一,8,臺北市,小客車,40-49歲,男,A2,1,尿液,甲基安非他命,0,0,0~30,吊扣2年
7,週日,19,嘉義市,機車,60歲以上,女,A2,1,尿液,安非他命,2,1,31~60,吊銷3年
8,週日,4,臺北市,小客車,50-59歲,男,A2,1,尿液,甲基安非他命,0,0,0~30,吊扣3年
7,週二,13,花蓮縣,小客車,30-39歲,男,A2,1,尿液,甲基安非他命,0,1,31~60,吊銷3年
2,週日,21,新北市,小客車,40-49歲,男,A2,1,尿液,安非他命,1,0,61~120,吊扣3年
9,週五,7,高雄市,機車,40-49歲,男,A2,2,尿液,愷他命,0,1,0~30,吊銷3年
11,週三,11,臺北市,小客車,30-39歲,男,A2,2,尿液,安非他命,1,0,31~60,吊扣4年
4,週六,22,高雄市,機車,50-59歲,男,A2,2,尿液,甲基安非他命,0,2,0~30,吊銷3年
8,週六,18,臺中市,機車,40-49歲,男,A2,1,尿液,嗎啡,1,1,31~60,吊銷3年
3,週五,3,新北市,小客車,30-39歲,男,A2,1,尿液,甲基安非他命,2,2,31~60,吊銷3年
9,週一,12,高雄市,貨車,30-39歲,男,A2,1,尿液,安非他命,2,3,0~30,吊銷3年
2,週一,21,高雄市,機車,50-59歲,男,A2,2,尿液,甲基安非他命,3,2,0~30,吊銷3年
4,週三,10,臺中市,小客車,30-39歲,男,A2,1,尿液,愷他命,0,0,31~60,吊扣3年
11,週二,4,臺中市,機車,50-59歲,男,A2,1,尿液,安非他命,0,0,0~30,吊扣4年
8,週日,10,新北市,小客車,40-49歲,男,A2,1,尿液,安非他命,2,1,121~500,吊銷3年
7,週二,17,臺北市,小客車,40-49歲,女,A2,2,尿液,安非他命,0,0,121~500,吊扣2年
1,週一,12,臺北市,小客車,40-49歲,男,A2,1,尿液,愷他命,2,2,0~30,吊銷3年
12,週二,16,臺南市,小客車,60歲以上,女,A2,1,尿液,安非他命,1,0,31~60,吊扣3年
4,週四,17,雲林縣,小客車,40-49歲,男,A2,2,尿液,甲基安非他命,0,0,61~120,吊扣3年
6,週日,5,澎湖縣,機車,40-49歲,男,A2,1,尿液,甲基安非他命,1,0,0~30,吊扣2年
10,週六,15,臺南市,機車,50-59歲,男,A2,1,尿液,安非他命,0,0,31~60,吊扣4年
1,週四,11,屏東縣,機車,40-49歲,男,A2,2,尿液,愷他命,2,0,31~60,吊扣4年
11,週五,18,臺中市,小客車,50-59歲,女,A2,1,尿液,甲基安非他命,3,0,31~60,吊扣2年
2,週一,15,嘉義市,機車,50-59歲,男,A2,2,尿液,安非他命,0,4,31~60,吊銷3年
10,週一,18,臺中市,小客車,40-49歲,男,A2,1,尿液,安非他命,2,1,31~60,吊銷3年
6,週五,10,臺中市,小客車,50-59歲,男,A2,1,尿液,愷他命,3,1,31~60,吊銷3年
5,週二,13,桃園市,機車,60歲以上,男,A2,1,尿液,安非他命,0,2,0~30,吊銷3年
7,週二,8,南投縣,機車,50-59歲,女,A2,1,尿液,安非他命,2,1,0~30,吊銷3年
2,週六,6,彰化縣,機車,40-49歲,男,A2,2,尿液,愷他命,3,1,31~60,吊銷3年
11,週六,3,臺南市,小客車,19歲以下,男,A2,1,血液,甲基安非他命,2,1,0~30,吊銷3年
1,週五,18,彰化縣,小客車,50-59歲,男,A2,1,尿液,安非他命,0,1,0~30,吊銷3年
1,週四,21,新竹縣,小客車,60歲以上,男,A2,2,尿液,甲基安非他命,1,0,0~30,吊扣2年
9,週一,22,臺中市,小客車,40-49歲,男,A2,1,尿液,安非他命,3,2,31~60,吊銷3年
6,週二,18,桃園市,機車,50-59歲,男,A2,1,尿液,甲基安非他命,2,2,121~500,吊銷3年
11,週五,22,高雄市,小客車,50-59歲,男,A2,1,尿液,愷他命,3,1,31~60,吊銷3年
10,週四,21,新竹縣,小客車,40-49歲,男,A2,1,尿液,安非他命,0,1,31~60,吊銷3年
11,週六,17,高雄市,機車,60歲以上,男,A2,2,尿液,安非他命,1,0,31~60,吊扣2年
12,週六,9,桃園市,小客車,40-49歲,男,A2,2,血液,安非他命,0,2,31~60,吊銷3年
7,週六,7,新北市,小客車,20-29歲,女,A2,1,尿液,愷他命,0,1,61~120,吊銷3年
10,週二,6,花蓮縣,機車,40-49歲,男,A2,1,尿液,安非他命,3,0,0~30,吊扣3年
10,週六,23,新北市,小客車,30-39歲,男,A2,1,尿液,安非他命,2,1,31~60,吊銷3年
7,週日,19,臺中市,小客車,30-39歲,男,A2,1,尿液,愷他命,0,2,0~30,吊銷3年
11,週日,11,新北市,機車,30-39歲,男,A2,3,尿液,愷他命,0,0,31~60,吊扣2年
6,週三,17,雲林縣,貨車,40-49歲,男,A2,1,尿液,安非他命,3,0,31~60,吊扣4年
4,週五,17,雲林縣,小客車,50-59歲,男,A2,1,尿液,甲基安非他命,3,0,31~60,吊扣4年
1,週六,5,屏東縣,機車,20-29歲,男,A2,1,尿液,甲基安非他命,0,0,31~60,吊扣2年
5,週三,7,臺中市,貨車,20-29歲,男,A2,1,尿液,甲基安非他命,1,1,0~30,吊銷3年
11,週六,18,臺中市,小客車,60歲以上,男,A2,1,血液,安非他命,3,1,31~60,吊銷3年
6,週日,23,臺北市,機車,50-59歲,男,A2,3,血液,嗎啡,2,0,0~30,吊扣4年
9,週六,1,臺中市,小客車,40-49歲,男,A2,1,尿液,安非他命,2,1,0~30,吊銷3年
10,週五,0,雲林縣,小客車,19歲以下,女,A2,1,尿液,安非他命,3,3,61~120,吊銷3年
9,週二,9,臺南市,機車,40-49歲,女,A2,2,尿液,甲基安非他命,1,4,31~60,吊銷3年
1,週一,20,基隆市,小客車,40-49歲,男,A2,1,尿液,愷他命,0,0,121~500,吊扣4年
10,週三,19,雲林縣,機車,40-49歲,男,A2,1,血液,甲基安非他命,2,1,0~30,吊銷3年
1,週二,0,嘉義市,機車,50-59歲,男,A2,1,尿液,安非他命,1,0,61~120,吊扣2年
6,週二,12,臺南市,機車,50-59歲,男,A2,1,尿液,甲基安非他命,0,0,31~60,吊扣4年
1,週五,9,臺中市,機車,40-49歲,女,A2,1,血液,甲基安非他命,2,3,61~120,吊銷3年
4,週五,2,新北市,小客車,60歲以上,男,A2,1,尿液,愷他命,0,0,0~30,吊扣2年
3,週二,10,臺北市,貨車,50-59歲,男,A2,1,尿液,甲基安非他命,2,0,0~30,吊扣3年
12,週六,17,高雄市,小客車,20-29歲,男,A2,1,尿液,甲基安非他命,0,0,61~120,吊扣3年
9,週四,19,臺中市,小客車,40-49歲,男,A2,2,尿液,安非他命,2,2,31~60,吊銷3年
6,週一,8,桃園市,機車,19歲以下,男,A2,1,尿液,嗎啡,1,1,0~30,吊銷3年
7,週四,5,臺南市,機車,50-59歲,男,A2,1,尿液,安非他命,1,3,0~30,吊銷3年
3,週一,10,臺中市,小客車,40-49歲,男,A2,2,尿液,安非他命,1,1,121~500,吊銷3年
4,週四,8,臺南市,機車,30-39歲,男,A2,1,血液,安非他命,0,1,31~60,吊銷3年
6,週六,21,新北市,小客車,40-49歲,男,A2,1,尿液,甲基安非他命,2,0,31~60,吊扣2年
12,週六,22,臺中市,機車,30-39歲,男,A2,1,尿液,安非他命,3,0,121~500,吊扣4年
2,週日,0,高雄市,小客車,60歲以上,男,A2,1,尿液,甲基安非他命,1,0,31~60,吊扣3年
12,週日,1,高雄市,小客車,60歲以上,男,A2,1,尿液,安非他命,0,3,121~500,吊銷3年
7,週二,23,嘉義縣,小客車,50-59歲,男,A2,1,尿液,甲基安非他命,3,1,0~30,吊銷3年
11,週三,18,新北市,小客車,50-59歲,男,A2,1,尿液,嗎啡,0,0,0~30,吊扣2年
5,週三,15,嘉義市,機車,40-49歲,男,A2,1,尿液,愷他命,1,2,0~30,吊銷3年
5,週三,23,屏東縣,小客車,30-39歲,男,A2,1,尿液,安非他命,0,2,31~60,吊銷3年
1,週二,14,桃園市,機車,50-59歲,男,A2,1,尿液,甲基安非他命,1,1,61~120,吊銷3年
7,週二,12,臺北市,機車,60歲以上,男,A2,1,尿液,愷他命,2,0,31~60,吊扣4年
7,週日,16,南投縣,機車,40-49歲,女,A2,2,尿液,安非他命,0,1,31~60,吊銷3年
10,週三,20,桃園市,小客車,30-39歲,男,A2,1,尿液,甲基安非他命,0,0,31~60,吊扣4年
3,週三,7,臺北市,小客車,50-59歲,男,A2,1,尿液,甲基安非他命,0,1,31~60,吊銷3年
3,週二,22,高雄市,大客車,30-39歲,男,A2,1,尿液,甲基安非他命,3,2,121~500,吊銷3年
3,週二,23,臺中市,小客車,20-29歲,男,A2,1,尿液,嗎啡,2,0,0~30,吊扣4年
4,週日,16,雲林縣,小客車,50-59歲,男,A2,1,尿液,甲基安非他命,0,0,31~60,吊扣2年
7,週四,7,臺中市,小客車,60歲以上,男,A2,1,尿液,甲基安非他命,0,0,31~60,吊扣2年
12,週六,12,南投縣,機車,20-29歲,男,A2,1,血液,安非他命,3,0,31~60,吊扣2年
2,週一,16,花蓮縣,貨車,19歲以下,女,A2,1,尿液,甲基安非他命,0,1,31~60,吊銷3年
4,週六,17,桃園市,小客車,40-49歲,男,A2,1,尿液,安非他命,3,3,0~30,吊銷3年
3,週六,18,臺中市,小客車,20-29歲,男,A2,1,尿液,甲基安非他命,0,4,31~60,吊銷3年
2,週四,17,臺中市,小客車,30-39歲,男,A2,1,尿液,甲基安非他命,1,3,0~30,吊銷3年
4,週五,9,新竹縣,小客車,40-49歲,男,A2,1,尿液,嗎啡,3,1,0~30,吊銷3年
4,週四,0,新北市,小客車,40-49歲,女,A2,1,尿液,愷他命,1,1,0~30,吊銷3年
10,週四,15,臺南市,機車,40-49歲,男,A2,1,尿液,安非他命,3,1,0~30,吊銷3年
7,週二,17,臺中市,貨車,60歲以上,男,A2,1,尿液,安非他命,1,1,61~120,吊銷3年
2,週五,17,臺北市,機車,30-39歲,男,A2,1,尿液,愷他命,1,0,121~500,吊扣3年
9,週二,16,新北市,小客車,50-59歲,男,A2,1,尿液,甲基安非他命,1,0,31~60,吊扣2年
6,週二,10,高雄市,小客車,60歲以上,男,A2,1,尿液,甲基安非他命,2,1,121~500,吊銷3年
7,週日,5,臺北市,機車,60歲以上,男,A2,1,尿液,甲基安非他命,0,0,31~60,吊扣4年
10,週一,10,新北市,機車,40-49歲,男,A2,1,尿液,愷他命,0,1,31~60,吊銷3年
4,週六,13,屏東縣,小客車,40-49歲,男,A2,1,尿液,愷他命,1,0,0~30,吊扣4年
8,週日,23,雲林縣,小客車,50-59歲,男,A2,3,血液,嗎啡,2,1,31~60,吊銷3年
5,週日,21,臺中市,機車,40-49歲,男,A2,1,尿液,安非他命,2,2,31~60,吊銷3年
10,週五,18,苗栗縣,小客車,20-29歲,男,A2,1,尿液,安非他命,0,0,0~30,吊扣3年
12,週二,15,新北市,小客車,19歲以下,男,A2,1,尿液,甲基安非他命,2,1,31~60,吊銷3年
8,週日,9,澎湖縣,貨車,20-29歲,男,A2,1,尿液,安非他命,2,0,31~60,吊扣3年
5,週六,12,臺南市,小客車,40-49歲,女,A2,1,尿液,甲基安非他命,2,2,121~500,吊銷3年
2,週一,4,新北市,機車,20-29歲,男,A2,1,血液,甲基安非他命,2,0,0~30,吊扣4年
11,週三,21,臺南市,機車,60歲以上,男,A2,1,尿液,嗎啡,2,1,31~60,吊銷3年
3,週三,12,臺北市,機車,20-29歲,男,A2,1,尿液,甲基安非他命,2,1,121~500,吊銷3年
8,週六,16,臺中市,機車,40-49歲,男,A2,1,尿液,甲基安非他命,2,0,31~60,吊扣4年
2,週日,18,苗栗縣,小客車,50-59歲,男,A2,1,尿液,安非他命,1,0,31~60,吊扣4年
10,週二,10,雲林縣,小客車,50-59歲,男,A2,1,尿液,甲基安非他命,3,2,31~60,吊銷3年
4,週四,18,臺中市,機車,50-59歲,男,A2,3,尿液,安非他命,1,0,0~30,吊扣2年
10,週日,20,嘉義市,小客車,50-59歲,男,A2,2,尿液,甲基安非他命,0,2,0~30,吊銷3年
5,週三,7,臺中市,小客車,30-39歲,男,A2,1,尿液,安非他命,1,0,31~60,吊扣3年
12,週四,16,臺南市,貨車,50-59歲,男,A2,1,血液,愷他命,0,1,31~60,吊銷3年
4,週六,9,臺中市,貨車,60歲以上,男,A2,1,尿液,嗎啡,0,0,0~30,吊扣3年
12,週二,6,臺北市,機車,60歲以上,男,A2,1,尿液,愷他命,2,0,31~60,吊扣4年
5,週五,0,桃園市,小客車,50-59歲,男,A2,2,尿液,安非他命,1,3,0~30,吊銷3年
7,週三,17,臺中市,小客車,60歲以上,男,A2,2,尿液,愷他命,2,0,31~60,吊扣3年
12,週四,7,臺南市,機車,30-39歲,女,A2,1,尿液,愷他命,1,2,121~500,吊銷3年
4,週一,7,臺中市,機車,40-49歲,男,A2,1,尿液,安非他命,0,0,31~60,吊扣4年
10,週五,18,桃園市,小客車,40-49歲,男,A2,2,血液,甲基安非他命,2,0,31~60,吊扣2年
2,週三,7,新北市,機車,50-59歲,男,A2,2,尿液,愷他命,0,0,0~30,吊扣2年
8,週六,11,高雄市,小客車,40-49歲,男,A2,1,尿液,安非他命,0,0,61~120,吊扣3年
5,週四,1,新竹縣,小客車,50-59歲,男,A2,1,尿液,愷他命,1,1,0~30,吊銷3年
7,週三,17,臺南市,機車,40-49歲,男,A2,1,尿液,甲基安非他命,0,1,121~500,吊銷3年
4,週二,16,臺南市,小客車,60歲以上,男,A2,1,尿液,安非他命,1,1,31~60,吊銷3年
10,週三,11,新北市,機車,40-49歲,女,A2,1,尿液,甲基安非他命,2,1,31~60,吊銷3年
8,週六,17,臺南市,機車,30-39歲,男,A2,2,尿液,安非他命,2,1,31~60,吊銷3年
2,週日,20,高雄市,小客車,40-49歲,男,A2,2,尿液,安非他命,0,0,31~60,吊扣2年
8,週一,20,臺中市,機車,50-59歲,男,A2,1,尿液,愷他命,1,3,0~30,吊銷3年
10,週一,20,臺南市,機車,30-39歲,男,A2,2,尿液,安非他命,3,2,31~60,吊銷3年
7,週日,18,新北市,小客車,50-59歲,男,A2,1,尿液,安非他命,2,3,0~30,吊銷3年
7,週六,12,南投縣,貨車,19歲以下,女,A2,1,血液,甲基安非他命,0,1,121~500,吊銷3年
10,週五,13,新北市,機車,30-39歲,男,A2,2,尿液,安非他命,2,1,31~60,吊銷3年
12,週二,20,臺南市,小客車,40-49歲,男,A2,1,血液,愷他命,1,0,0~30,吊扣3年
12,週一,23,宜蘭縣,小客車,30-39歲,男,A2,1,尿液,安非他命,0,2,0~30,吊銷3年
10,週三,20,臺中市,機車,30-39歲,男,A2,1,尿液,安非他命,2,2,31~60,吊銷3年
7,週三,18,桃園市,貨車,30-39歲,男,A2,1,尿液,嗎啡,0,1,31~60,吊銷3年
11,週五,17,嘉義縣,機車,30-39歲,男,A2,2,尿液,甲基安非他命,1,1,31~60,吊銷3年
7,週日,1,臺北市,機車,50-59歲,男,A2,1,尿液,甲基安非他命,2,3,31~60,吊銷3年
12,週三,14,臺南市,小客車,30-39歲,男,A2,1,尿液,愷他命,1,2,0~30,吊銷3年
2,週四,17,桃園市,小客車,40-49歲,男,A2,3,尿液,甲基安非他命,0,0,61~120,吊扣2年
9,週六,1,臺中市,機車,30-39歲,男,A2,1,尿液,甲基安非他命,3,2,31~60,吊銷3年
11,週五,14,臺中市,機車,40-49歲,男,A2,2,尿液,愷他命,2,0,61~120,吊扣3年
6,週日,17,新北市,機車,50-59歲,男,A2,1,尿液,甲基安非他命,0,1,0~30,吊銷3年
2,週六,17,高雄市,小客車,40-49歲,男,A2,1,尿液,甲基安非他命,3,0,0~30,吊扣3年
7,週六,10,嘉義市,小客車,40-49歲,男,A2,1,尿液,安非他命,2,2,0~30,吊銷3年
7,週四,23,臺中市,小客車,50-59歲,男,A2,1,尿液,安非他命,2,0,0~30,吊扣3年
3,週三,11,新北市,機車,40-49歲,男,A2,1,尿液,嗎啡,2,0,121~500,吊扣4年
5,週四,22,嘉義縣,小客車,40-49歲,男,A2,2,尿液,甲基安非他命,0,0,0~30,吊扣2年
1,週日,8,彰化縣,機車,60歲以上,男,A2,1,尿液,甲基安非他命,0,2,121~500,吊銷3年
7,週六,20,臺中市,小客車,40-49歲,男,A2,1,尿液,安非他命,0,0,0~30,吊扣2年
11,週三,9,苗栗縣,小客車,20-29歲,男,A2,1,尿液,安非他命,1,0,31~60,吊扣4年
5,週日,13,新北市,小客車,50-59歲,男,A2,1,尿液,嗎啡,3,0,0~30,吊扣2年
10,週一,18,臺南市,小客車,40-49歲,女,A2,1,尿液,嗎啡,1,2,31~60,吊銷3年
6,週三,18,臺南市,小客車,40-49歲,男,A2,1,血液,安非他命,2,2,0~30,吊銷3年
4,週三,11,新北市,機車,50-59歲,男,A2,1,尿液,安非他命,0,1,31~60,吊銷3年
11,週六,10,宜蘭縣,機車,40-49歲,男,A2,1,尿液,甲基安非他命,1,0,61~120,吊扣4年
4,週五,7,南投縣,機車,40-49歲,男,A2,2,尿液,嗎啡,2,2,31~60,吊銷3年
6,週三,8,新竹縣,小客車,19歲以下,男,A2,1,尿液,甲基安非他命,2,1,31~60,吊銷3年
12,週六,19,臺南市,小客車,30-39歲,男,A2,2,尿液,甲基安非他命,0,0,0~30,吊扣3年
3,週五,12,臺中市,機車,60歲以上,男,A2,1,尿液,甲基安非他命,1,0,0~30,吊扣4年
6,週四,18,宜蘭縣,小客車,40-49歲,男,A2,2,尿液,安非他命,1,1,31~60,吊銷3年
6,週一,7,臺南市,機車,60歲以上,男,A2,1,尿液,嗎啡,0,2,0~30,吊銷3年
2,週二,8,臺北市,機車,40-49歲,女,A2,2,尿液,嗎啡,2,2,0~30,吊銷3年
11,週日,14,高雄市,小客車,40-49歲,男,A2,1,血液,甲基安非他命,3,2,0~30,吊銷3年
7,週四,18,新北市,機車,40-49歲,男,A2,3,尿液,愷他命,0,1,31~60,吊銷3年
9,週二,14,雲林縣,小客車,40-49歲,男,A2,2,尿液,甲基安非他命,0,1,31~60,吊銷3年
7,週四,21,苗栗縣,機車,50-59歲,男,A2,2,尿液,甲基安非他命,1,0,121~500,吊扣4年
4,週日,12,臺北市,小客車,60歲以上,男,A2,1,尿液,愷他命,3,1,31~60,吊銷3年
4,週三,18,屏東縣,機車,50-59歲,男,A2,1,血液,安非他命,0,0,0~30,吊扣3年
4,週六,16,南投縣,機車,40-49歲,男,A2,1,尿液,安非他命,0,0,31~60,吊扣3年
11,週六,20,新北市,機車,40-49歲,男,A2,1,尿液,甲基安非他命,1,0,0~30,吊扣3年
11,週三,21,新北市,小客車,40-49歲,男,A2,1,尿液,安非他命,0,0,61~120,吊扣2年
4,週一,17,臺中市,小客車,50-59歲,女,A2,1,尿液,安非他命,2,0,0~30,吊扣2年
4,週日,11,臺北市,貨車,40-49歲,男,A2,1,尿液,安非他命,3,4,31~60,吊銷3年
7,週一,0,花蓮縣,貨車,50-59歲,男,A2,1,尿液,甲基安非他命,0,1,0~30,吊銷3年
2,週二,8,苗栗縣,機車,50-59歲,男,A2,2,尿液,嗎啡,1,0,0~30,吊扣3年
11,週日,1,桃園市,機車,60歲以上,男,A2,2,尿液,安非他命,0,1,31~60,吊銷3年
10,週日,1,新北市,小客車,60歲以上,男,A2,1,尿液,安非他命,2,1,31~60,吊銷3年
10,週二,20,花蓮縣,小客車,50-59歲,女,A2,1,尿液,安非他命,2,1,31~60,吊銷3年
7,週五,19,臺中市,機車,50-59歲,男,A2,2,尿液,甲基安非他命,1,2,0~30,吊銷3年
2,週日,3,臺北市,機車,30-39歲,男,A2,2,尿液,安非他命,3,1,31~60,吊銷3年
2,週六,15,新北市,小客車,30-39歲,男,A2,1,尿液,嗎啡,3,0,31~60,吊扣2年
4,週一,17,雲林縣,小客車,40-49歲,男,A2,1,尿液,安非他命,3,0,31~60,吊扣4年
10,週日,14,高雄市,小客車,20-29歲,男,A2,2,血液,甲基安非他命,1,1,0~30,吊銷3年
10,週一,19,雲林縣,機車,50-59歲,男,A2,2,尿液,愷他命,3,2,61~120,吊銷3年
9,週二,12,嘉義市,機車,30-39歲,男,A2,1,尿液,甲基安非他命,3,1,0~30,吊銷3年
4,週一,17,臺東縣,機車,50-59歲,男,A2,1,尿液,安非他命,3,0,31~60,吊扣4年
2,週三,21,臺中市,小客車,40-49歲,女,A2,1,尿液,嗎啡,3,1,61~120,吊銷3年
12,週一,0,新北市,機車,40-49歲,男,A2,1,尿液,嗎啡,2,0,0~30,吊扣4年
4,週五,18,新北市,機車,50-59歲,男,A2,1,尿液,安非他命,1,0,61~120,吊扣4年
4,週一,18,新竹市,機車,40-49歲,男,A2,3,尿液,安非他命,0,1,0~30,吊銷3年
3,週四,16,臺中市,機車,40-49歲,男,A2,1,尿液,安非他命,2,1,0~30,吊銷3年
12,週三,13,臺北市,小客車,50-59歲,男,A2,1,尿液,安非他命,3,1,31~60,吊銷3年
7,週二,9,高雄市,機車,40-49歲,男,A2,2,尿液,愷他命,2,1,0~30,吊銷3年
10,週六,15,臺北市,機車,40-49歲,女,A2,1,尿液,安非他命,1,1,31~60,吊銷3年
10,週一,19,桃園市,小客車,50-59歲,男,A2,1,尿液,安非他命,2,0,31~60,吊扣4年
4,週五,22,新北市,小客車,30-39歲,男,A2,1,血液,安非他命,1,0,31~60,吊扣4年
12,週三,8,新竹縣,小客車,60歲以上,女,A2,1,尿液,甲基安非他命,0,3,0~30,吊銷3年
9,週二,7,臺南市,機車,19歲以下,男,A2,2,尿液,安非他命,3,3,31~60,吊銷3年
5,週一,17,臺北市,機車,40-49歲,男,A2,1,尿液,嗎啡,3,2,121~500,吊銷3年
7,週一,11,桃園市,小客車,40-49歲,男,A2,1,尿液,安非他命,0,1,0~30,吊銷3年
2,週日,20,桃園市,機車,20-29歲,男,A2,1,尿液,甲基安非他命,2,2,31~60,吊銷3年
11,週三,9,彰化縣,機車,30-39歲,男,A2,1,尿液,甲基安非他命,3,0,31~60,吊扣3年
7,週五,19,桃園市,機車,50-59歲,男,A2,2,尿液,嗎啡,2,1,31~60,吊銷3年
11,週二,7,嘉義市,機車,50-59歲,女,A2,2,尿液,甲基安非他命,0,4,31~60,吊銷3年
5,週四,23,桃園市,小客車,60歲以上,男,A2,1,尿液,嗎啡,0,0,0~30,吊扣2年
6,週日,5,臺中市,小客車,30-39歲,男,A2,1,尿液,嗎啡,0,1,31~60,吊銷3年
7,週二,18,臺中市,機車,30-39歲,男,A2,2,尿液,甲基安非他命,0,2,0~30,吊銷3年
11,週五,21,桃園市,小客車,30-39歲,男,A2,1,尿液,愷他命,0,2,31~60,吊銷3年
10,週四,8,新竹縣,機車,30-39歲,男,A2,1,尿液,安非他命,3,2,121~500,吊銷3年
9,週一,8,新北市,機車,50-59歲,男,A2,2,尿液,甲基安非他命,3,3,0~30,吊銷3年
12,週日,10,臺北市,小客車,30-39歲,男,A2,1,尿液,愷他命,1,3,0~30,吊銷3年
10,週六,3,桃園市,小客車,50-59歲,男,A2,1,尿液,甲基安非他命,3,3,31~60,吊銷3年
10,週四,17,高雄市,機車,30-39歲,男,A2,1,血液,甲基安非他命,0,1,31~60,吊銷3年
7,週四,8,臺南市,小客車,20-29歲,男,A2,1,尿液,愷他命,1,2,61~120,吊銷3年
11,週四,20,新北市,大客車,20-29歲,男,A2,2,尿液,安非他命,2,2,31~60,吊銷3年
7,週日,21,嘉義市,小客車,40-49歲,男,A2,1,尿液,安非他命,1,1,0~30,吊銷3年
3,週三,2,雲林縣,貨車,50-59歲,男,A2,1,尿液,甲基安非他命,3,0,0~30,吊扣4年
12,週一,14,嘉義市,小客車,40-49歲,男,A2,1,尿液,安非他命,0,0,61~120,吊扣3年
9,週一,8,嘉義市,機車,30-39歲,男,A2,1,尿液,安非他命,0,3,121~500,吊銷3年
4,週三,8,新北市,機車,50-59歲,女,A2,2,尿液,安非他命,3,0,31~60,吊扣4年
11,週六,2,南投縣,機車,50-59歲,男,A2,1,尿液,嗎啡,0,3,61~120,吊銷3年
12,週五,8,臺南市,小客車,40-49歲,男,A2,1,尿液,甲基安非他命,3,1,31~60,吊銷3年
10,週四,19,新北市,機車,40-49歲,女,A2,2,尿液,甲基安非他命,1,2,0~30,吊銷3年
1,週三,0,新北市,小客車,20-29歲,男,A2,1,尿液,愷他命,1,1,121~500,吊銷3年
5,週一,18,基隆市,機車,40-49歲,男,A2,1,尿液,甲基安非他命,2,0,61~120,吊扣2年
9,週四,21,雲林縣,小客車,50-59歲,女,A2,1,血液,甲基安非他命,2,0,31~60,吊扣4年
12,週二,9,高雄市,機車,50-59歲,男,A2,2,尿液,安非他命,0,1,121~500,吊銷3年
2,週六,5,新北市,大客車,60歲以上,男,A2,1,尿液,甲基安非他命,1,1,0~30,吊銷3年
7,週三,7,臺中市,小客車,50-59歲,男,A2,1,尿液,安非他命,0,0,0~30,吊扣3年
9,週六,8,嘉義縣,小客車,40-49歲,男,A2,1,尿液,安非他命,1,0,31~60,吊扣3年
10,週一,11,臺北市,小客車,60歲以上,男,A2,1,血液,安非他命,1,2,0~30,吊銷3年
2,週三,22,高雄市,小客車,40-49歲,男,A2,1,尿液,愷他命,2,3,31~60,吊銷3年
1,週五,9,臺中市,小客車,50-59歲,男,A2,1,血液,甲基安非他命,1,0,0~30,吊扣2年
4,週四,3,臺南市,小客車,60歲以上,男,A2,1,尿液,甲基安非他命,0,1,31~60,吊銷3年
4,週二,23,雲林縣,機車,50-59歲,男,A2,1,血液,愷他命,3,1,31~60,吊銷3年
1,週日,6,桃園市,機車,30-39歲,男,A2,2,尿液,愷他命,2,2,121~500,吊銷3年
10,週六,9,雲林縣,小客車,20-29歲,男,A2,1,尿液,甲基安非他命,3,2,0~30,吊銷3年
1,週五,0,新北市,機車,30-39歲,男,A2,1,尿液,甲基安非他命,3,0,31~60,吊扣4年
8,週四,22,高雄市,小客車,50-59歲,男,A2,1,尿液,安非他命,0,0,31~60,吊扣4年
2,週日,6,彰化縣,小客車,20-29歲,男,A2,1,尿液,安非他命,2,0,0~30,吊扣2年
2,週六,23,基隆市,機車,40-49歲,男,A2,2,尿液,嗎啡,2,3,31~60,吊銷3年
4,週三,13,嘉義市,小客車,50-59歲,男,A2,1,尿液,安非他命,1,0,0~30,吊扣4年
10,週三,9,臺中市,機車,50-59歲,男,A2,1,尿液,安非他命,2,0,121~500,吊扣4年
11,週六,8,臺北市,貨車,60歲以上,男,A2,1,尿液,安非他命,3,0,31~60,吊扣3年
5,週三,16,高雄市,機車,40-49歲,女,A2,1,尿液,嗎啡,2,1,121~500,吊銷3年
5,週三,16,臺中市,小客車,40-49歲,女,A2,1,尿液,安非他命,2,0,0~30,吊扣4年
1,週日,16,高雄市,機車,50-59歲,男,A2,2,尿液,安非他命,0,3,0~30,吊銷3年
10,週一,8,新北市,機車,30-39歲,男,A2,2,尿液,嗎啡,1,0,31~60,吊扣4年
2,週二,13,臺南市,機車,50-59歲,男,A2,2,尿液,愷他命,2,1,31~60,吊銷3年
7,週日,1,屏東縣,機車,60歲以上,男,A2,1,尿液,愷他命,1,1,31~60,吊銷3年
11,週五,18,臺中市,機車,50-59歲,女,A2,1,血液,安非他命,1,2,0~30,吊銷3年
3,週日,15,彰化縣,小客車,40-49歲,男,A2,1,尿液,安非他命,1,0,61~120,吊扣3年
7,週一,12,臺中市,機車,60歲以上,男,A2,1,尿液,安非他命,0,1,31~60,吊銷3年
1,週一,19,新北市,小客車,50-59歲,男,A2,1,尿液,甲基安非他命,0,2,61~120,吊銷3年
4,週二,7,桃園市,機車,40-49歲,男,A2,1,尿液,愷他命,2,3,0~30,吊銷3年
11,週日,3,花蓮縣,小客車,40-49歲,男,A2,2,尿液,安非他命,0,0,0~30,吊扣2年
5,週日,21,臺中市,機車,40-49歲,男,A2,1,尿液,愷他命,3,1,61~120,吊銷3年
8,週五,9,新北市,小客車,60歲以上,男,A2,2,尿液,甲基安非他命,1,3,0~30,吊銷3年
11,週五,13,花蓮縣,小客車,20-29歲,女,A2,1,尿液,甲基安非他命,1,1,31~60,吊銷3年
5,週日,0,屏東縣,機車,30-39歲,男,A2,1,尿液,甲基安非他命,0,2,0~30,吊銷3年
3,週五,21,基隆市,小客車,20-29歲,男,A2,1,尿液,愷他命,3,0,61~120,吊扣2年
3,週一,23,嘉義市,機車,60歲以上,男,A2,1,血液,安非他命,1,1,121~500,吊銷3年
8,週三,18,雲林縣,貨車,50-59歲,男,A2,1,尿液,安非他命,1,0,0~30,吊扣2年
6,週五,17,臺南市,貨車,60歲以上,男,A2,2,尿液,安非他命,0,2,0~30,吊銷3年
5,週五,14,臺北市,小客車,50-59歲,男,A2,2,尿液,愷他命,1,1,31~60,吊銷3年
7,週五,10,臺中市,機車,40-49歲,男,A2,1,尿液,甲基安非他命,3,0,0~30,吊扣2年
4,週四,9,新北市,大客車,40-49歲,男,A2,2,尿液,甲基安非他命,0,1,0~30,吊銷3年
4,週五,19,金門縣,小客車,40-49歲,男,A2,1,尿液,愷他命,0,0,31~60,吊扣4年
2,週日,21,高雄市,機車,60歲以上,男,A2,1,尿液,安非他命,0,1,61~120,吊銷3年
2,週六,11,臺南市,機車,40-49歲,男,A2,1,尿液,嗎啡,3,1,31~60,吊銷3年
3,週五,13,高雄市,小客車,40-49歲,男,A2,1,尿液,安非他命,1,1,31~60,吊銷3年
8,週三,11,臺中市,機車,60歲以上,女,A2,2,尿液,愷他命,1,2,31~60,吊銷3年
4,週五,16,臺南市,小客車,60歲以上,男,A2,1,尿液,甲基安非他命,0,2,0~30,吊銷3年
11,週三,19,臺中市,機車,20-29歲,男,A2,2,尿液,甲基安非他命,1,1,31~60,吊銷3年
4,週五,8,新竹市,機車,40-49歲,男,A2,2,尿液,安非他命,1,1,31~60,吊銷3年
2,週三,13,南投縣,機車,40-49歲,女,A2,2,尿液,愷他命,3,1,61~120,吊銷3年
11,週五,21,新北市,小客車,40-49歲,男,A2,1,尿液,愷他命,0,0,0~30,吊扣2年
8,週日,13,新北市,機車,50-59歲,男,A2,2,血液,愷他命,1,0,31~60,吊扣4年
7,週一,8,臺中市,小客車,19歲以下,男,A2,1,尿液,愷他命,1,0,31~60,吊扣4年
3,週二,15,高雄市,機車,40-49歲,男,A2,2,尿液,愷他命,0,0,61~120,吊扣2年
3,週一,15,臺北市,小客車,40-49歲,男,A2,1,血液,愷他命,2,0,31~60,吊扣4年
8,週日,19,臺北市,小客車,50-59歲,男,A2,2,血液,甲基安非他命,2,1,31~60,吊銷3年
4,週日,13,臺北市,小客車,20-29歲,男,A2,2,尿液,甲基安非他命,1,1,0~30,吊銷3年
10,週三,12,臺中市,機車,50-59歲,男,A2,1,尿液,甲基安非他命,0,3,31~60,吊銷3年
1,週五,12,臺南市,機車,40-49歲,男,A2,2,尿液,安非他命,3,1,31~60,吊銷3年
4,週日,18,花蓮縣,機車,40-49歲,男,A2,1,尿液,甲基安非他命,0,1,0~30,吊銷3年
11,週六,9,屏東縣,機車,40-49歲,男,A2,1,尿液,安非他命,0,0,61~120,吊扣3年
4,週四,17,嘉義縣,機車,50-59歲,男,A2,2,血液,甲基安非他命,3,2,31~60,吊銷3年
8,週六,16,臺東縣,機車,20-29歲,男,A2,2,尿液,嗎啡,3,1,31~60,吊銷3年
6,週四,16,桃園市,機車,20-29歲,男,A2,1,尿液,安非他命,1,2,121~500,吊銷3年
2,週四,5,新北市,機車,30-39歲,男,A2,1,尿液,甲基安非他命,3,0,31~60,吊扣2年
6,週日,18,新竹縣,小客車,50-59歲,男,A2,1,尿液,甲基安非他命,0,0,0~30,吊扣2年
4,週二,21,彰化縣,機車,60歲以上,男,A2,1,尿液,甲基安非他命,3,1,121~500,吊銷3年
5,週四,15,臺北市,貨車,40-49歲,女,A2,1,尿液,愷他命,0,0,31~60,吊扣2年
6,週二,8,桃園市,機車,50-59歲,男,A2,1,血液,愷他命,1,1,31~60,吊銷3年
2,週日,17,新北市,機車,60歲以上,男,A2,2,尿液,安非他命,3,0,31~60,吊扣3年
5,週日,22,新北市,小客車,50-59歲,男,A2,1,血液,甲基安非他命,0,4,0~30,吊銷3年
11,週二,18,新北市,機車,40-49歲,男,A2,2,尿液,安非他命,1,1,31~60,吊銷3年
5,週日,17,新北市,小客車,30-39歲,男,A2,1,尿液,甲基安非他命,3,0,31~60,吊扣3年
7,週四,20,新北市,小客車,50-59歲,男,A2,1,尿液,甲基安非他命,1,1,61~120,吊銷3年
3,週三,7,新北市,機車,50-59歲,男,A2,1,尿液,嗎啡,3,0,0~30,吊扣3年
11,週六,22,高雄市,機車,19歲以下,男,A2,2,尿液,甲基安非他命,0,0,0~30,吊扣3年
4,週一,23,彰化縣,機車,60歲以上,男,A2,1,尿液,安非他命,1,3,0~30,吊銷3年
1,週六,6,南投縣,小客車,40-49歲,男,A2,1,尿液,嗎啡,3,2,121~500,吊銷3年
4,週二,8,臺南市,機車,30-39歲,男,A2,1,尿液,嗎啡,1,0,61~120,吊扣4年
7,週三,7,臺北市,機車,60歲以上,女,A2,1,尿液,甲基安非他命,2,2,61~120,吊銷3年
3,週六,5,臺北市,小客車,40-49歲,男,A2,1,尿液,甲基安非他命,3,1,61~120,吊銷3年
5,週五,1,桃園市,機車,40-49歲,男,A2,1,尿液,安非他命,3,0,31~60,吊扣4年
1,週五,9,雲林縣,小客車,50-59歲,男,A2,1,尿液,安非他命,0,3,31~60,吊銷3年
2,週六,10,臺北市,機車,30-39歲,男,A2,1,尿液,甲基安非他命,1,2,0~30,吊銷3年
5,週四,23,基隆市,小客車,40-49歲,男,A2,1,尿液,嗎啡,2,0,0~30,吊扣2年
10,週三,11,高雄市,機車,30-39歲,女,A2,1,尿液,嗎啡,2,1,121~500,吊銷3年
11,週三,16,臺中市,機車,30-39歲,男,A2,1,尿液,嗎啡,2,1,0~30,吊銷3年
11,週二,17,新北市,機車,50-59歲,男,A2,1,尿液,愷他命,2,0,31~60,吊扣3年
2,週五,6,新北市,機車,50-59歲,男,A2,1,尿液,安非他命,3,0,0~30,吊扣4年
5,週五,17,高雄市,機車,60歲以上,男,A2,1,尿液,甲基安非他命,0,1,31~60,吊銷3年
7,週二,0,高雄市,小客車,40-49歲,男,A2,1,尿液,愷他命,3,0,31~60,吊扣2年
11,週三,21,臺南市,小客車,40-49歲,女,A2,1,尿液,愷他命,3,0,61~120,吊扣3年
9,週日,2,基隆市,機車,50-59歲,女,A2,1,尿液,安非他命,3,0,31~60,吊扣4年
10,週四,14,高雄市,小客車,50-59歲,男,A2,1,尿液,甲基安非他命,1,1,0~30,吊銷3年
11,週三,8,新北市,小客車,50-59歲,男,A2,1,血液,嗎啡,0,0,61~120,吊扣4年
8,週三,17,臺中市,機車,30-39歲,男,A2,1,尿液,甲基安非他命,2,1,31~60,吊銷3年
4,週六,15,臺北市,小客車,40-49歲,男,A2,1,尿液,愷他命,3,1,31~60,吊銷3年
4,週日,15,新北市,機車,50-59歲,男,A2,1,尿液,嗎啡,3,1,0~30,吊銷3年
10,週日,11,雲林縣,貨車,40-49歲,男,A2,1,尿液,甲基安非他命,2,0,31~60,吊扣4年
6,週四,12,新北市,小客車,40-49歲,女,A2,1,尿液,安非他命,2,0,0~30,吊扣2年
8,週日,13,臺中市,小客車,50-59歲,男,A2,1,血液,MDMA,0,1,61~120,吊銷3年
11,週六,20,新北市,小客車,30-39歲,男,A2,1,尿液,安非他命,0,1,0~30,吊銷3年
9,週三,10,桃園市,小客車,19歲以下,男,A2,2,尿液,安非他命,0,0,0~30,吊扣3年
8,週二,11,臺中市,小客車,50-59歲,女,A2,1,尿液,甲基安非他命,2,0,31~60,吊扣2年
6,週一,19,雲林縣,小客車,40-49歲,男,A2,1,尿液,愷他命,1,0,31~60,吊扣3年
11,週一,10,花蓮縣,機車,50-59歲,男,A2,2,尿液,愷他命,0,0,0~30,吊扣4年
9,週二,12,臺南市,機車,40-49歲,男,A2,1,尿液,愷他命,3,1,31~60,吊銷3年
3,週六,18,高雄市,機車,50-59歲,男,A2,1,尿液,安非他命,2,0,121~500,吊扣3年
10,週日,22,苗栗縣,機車,30-39歲,女,A2,3,尿液,安非他命,3,2,121~500,吊銷3年
10,週五,11,桃園市,小客車,20-29歲,男,A2,1,尿液,甲基安非他命,0,0,0~30,吊扣2年
8,週五,16,高雄市,小客車,50-59歲,男,A2,1,尿液,嗎啡,1,0,31~60,吊扣2年
4,週三,23,新北市,機車,40-49歲,男,A2,2,尿液,嗎啡,0,2,31~60,吊銷3年
4,週一,17,花蓮縣,機車,40-49歲,男,A2,1,尿液,愷他命,3,0,121~500,吊扣3年
7,週二,17,彰化縣,小客車,20-29歲,男,A2,1,尿液,甲基安非他命,0,1,0~30,吊銷3年
9,週三,9,基隆市,機車,30-39歲,男,A2,1,尿液,MDMA,1,1,61~120,吊銷3年
7,週二,12,臺中市,機車,40-49歲,男,A2,1,尿液,安非他命,3,1,31~60,吊銷3年
2,週五,10,宜蘭縣,小客車,50-59歲,男,A2,2,尿液,安非他命,3,1,31~60,吊銷3年
11,週四,23,新北市,小客車,60歲以上,男,A2,1,尿液,甲基安非他命,3,0,0~30,吊扣4年
2,週三,18,新北市,機車,30-39歲,女,A2,3,尿液,愷他命,1,1,0~30,吊銷3年
6,週四,1,高雄市,機車,50-59歲,男,A2,1,血液,甲基安非他命,1,0,31~60,吊扣3年
11,週五,18,桃園市,小客車,50-59歲,男,A2,1,尿液,安非他命,2,0,0~30,吊扣3年
8,週六,16,新北市,小客車,20-29歲,男,A2,1,尿液,嗎啡,0,1,0~30,吊銷3年
4,週五,8,新北市,小客車,40-49歲,男,A2,1,尿液,甲基安非他命,0,2,0~30,吊銷3年
8,週三,13,高雄市,小客車,30-39歲,男,A2,1,尿液,安非他命,0,4,121~500,吊銷3年
5,週五,6,臺中市,機車,50-59歲,男,A2,1,尿液,甲基安非他命,1,1,0~30,吊銷3年
4,週三,7,高雄市,機車,50-59歲,男,A2,2,血液,安非他命,1,2,31~60,吊銷3年
2,週四,8,新北市,機車,60歲以上,男,A2,1,尿液,安非他命,1,0,121~500,吊扣3年
1,週三,6,新北市,機車,40-49歲,男,A2,1,尿液,甲基安非他命,2,0,31~60,吊扣4年
7,週四,8,臺東縣,機車,60歲以上,男,A2,1,尿液,愷他命,1,1,0~30,吊銷3年
4,週一,17,宜蘭縣,機車,60歲以上,男,A2,2,尿液,安非他命,1,1,0~30,吊銷3年
9,週六,2,臺中市,小客車,40-49歲,女,A2,1,尿液,安非他命,2,0,31~60,吊扣3年
6,週六,8,新竹縣,機車,30-39歲,男,A2,1,血液,嗎啡,1,0,31~60,吊扣4年
6,週六,4,雲林縣,小客車,40-49歲,男,A2,2,血液,嗎啡,0,0,0~30,吊扣3年
4,週一,20,桃園市,機車,30-39歲,男,A2,3,尿液,甲基安非他命,1,1,31~60,吊銷3年
7,週一,8,嘉義縣,小客車,40-49歲,男,A2,1,尿液,甲基安非他命,0,1,121~500,吊銷3年
10,週日,21,高雄市,小客車,60歲以上,女,A2,1,尿液,安非他命,3,1,31~60,吊銷3年
1,週三,15,高雄市,小客車,30-39歲,男,A2,2,血液,甲基安非他命,0,1,31~60,吊銷3年
12,週六,17,高雄市,小客車,40-49歲,男,A2,1,血液,甲基安非他命,2,0,31~60,吊扣3年
11,週日,12,桃園市,小客車,19歲以下,男,A2,1,尿液,愷他命,1,0,0~30,吊扣3年
5,週二,12,高雄市,小客車,50-59歲,男,A2,1,尿液,愷他命,3,1,0~30,吊銷3年
5,週三,7,新北市,機車,20-29歲,男,A2,1,尿液,甲基安非他命,0,2,31~60,吊銷3年
10,週三,0,臺北市,小客車,40-49歲,男,A2,1,尿液,安非他命,0,1,0~30,吊銷3年
3,週三,23,新北市,小客車,20-29歲,男,A2,1,血液,嗎啡,0,0,0~30,吊扣4年
9,週六,23,桃園市,小客車,50-59歲,男,A2,1,尿液,甲基安非他命,3,1,31~60,吊銷3年
10,週二,10,宜蘭縣,小客車,40-49歲,男,A2,1,尿液,嗎啡,0,0,121~500,吊扣2年
7,週四,8,臺中市,機車,40-49歲,男,A2,1,尿液,安非他命,1,1,0~30,吊銷3年
8,週三,9,高雄市,機車,30-39歲,女,A2,1,尿液,愷他命,3,1,61~120,吊銷3年
7,週二,14,高雄市,小客車,30-39歲,男,A2,1,尿液,甲基安非他命,2,1,121~500,吊銷3年
11,週六,8,高雄市,機車,30-39歲,男,A2,1,尿液,安非他命,2,0,0~30,吊扣3年
2,週五,22,高雄市,機車,30-39歲,男,A2,1,尿液,安非他命,0,1,31~60,吊銷3年
3,週一,16,臺南市,貨車,30-39歲,男,A2,1,尿液,安非他命,0,0,31~60,吊扣4年
8,週二,7,臺中市,機車,50-59歲,男,A2,2,尿液,安非他命,2,0,121~500,吊扣2年
9,週二,16,臺南市,小客車,20-29歲,男,A2,1,尿液,甲基安非他命,1,0,0~30,吊扣3年
8,週三,12,彰化縣,小客車,60歲以上,女,A2,1,尿液,甲基安非他命,0,0,31~60,吊扣3年
3,週五,10,雲林縣,小客車,50-59歲,男,A2,2,尿液,嗎啡,3,0,31~60,吊扣2年
4,週三,7,臺中市,貨車,60歲以上,男,A2,1,血液,安非他命,0,2,31~60,吊銷3年
7,週四,13,臺南市,機車,30-39歲,男,A2,2,血液,愷他命,3,2,31~60,吊銷3年
7,週四,19,新北市,機車,50-59歲,男,A2,1,尿液,愷他命,0,0,31~60,吊扣2年
5,週六,12,臺北市,小客車,30-39歲,男,A2,2,血液,安非他命,1,0,31~60,吊扣2年
4,週四,20,新北市,小客車,50-59歲,男,A2,2,尿液,甲基安非他命,1,0,31~60,吊扣4年
3,週一,11,桃園市,機車,19歲以下,男,A2,2,尿液,甲基安非他命,2,0,121~500,吊扣3年
4,週五,14,臺北市,小客車,30-39歲,女,A2,1,尿液,甲基安非他命,1,1,31~60,吊銷3年
7,週一,7,高雄市,小客車,20-29歲,男,A2,1,尿液,安非他命,3,1,61~120,吊銷3年
8,週一,18,臺中市,小客車,50-59歲,男,A2,1,尿液,甲基安非他命,0,1,0~30,吊銷3年
4,週六,16,屏東縣,機車,20-29歲,男,A2,1,尿液,安非他命,0,2,31~60,吊銷3年
10,週一,9,臺北市,小客車,40-49歲,男,A2,1,尿液,甲基安非他命,3,0,121~500,吊扣2年
10,週六,7,臺南市,貨車,40-49歲,男,A2,1,血液,甲基安非他命,3,2,31~60,吊銷3年
5,週日,22,臺北市,小客車,40-49歲,男,A2,1,尿液,安非他命,3,0,31~60,吊扣3年
2,週一,12,臺北市,機車,50-59歲,男,A2,2,血液,甲基安非他命,0,0,121~500,吊扣3年
3,週二,22,新北市,小客車,40-49歲,男,A2,1,尿液,愷他命,1,3,31~60,吊銷3年
11,週三,21,高雄市,機車,19歲以下,男,A2,1,尿液,甲基安非他命,0,1,31~60,吊銷3年
11,週六,0,臺北市,機車,40-49歲,男,A2,3,尿液,安非他命,2,2,121~500,吊銷3年
5,週六,11,高雄市,小客車,19歲以下,男,A2,1,尿液,甲基安非他命,1,1,121~500,吊銷3年
8,週三,22,新竹市,機車,30-39歲,女,A2,1,尿液,甲基安非他命,1,1,121~500,吊銷3年
4,週二,14,南投縣,機車,40-49歲,男,A2,1,血液,甲基安非他命,3,0,0~30,吊扣3年
8,週日,1,新北市,機車,60歲以上,男,A2,1,尿液,安非他命,0,3,31~60,吊銷3年
12,週二,14,新北市,機車,40-49歲,男,A2,1,尿液,安非他命,3,1,31~60,吊銷3年
7,週四,21,苗栗縣,機車,50-59歲,男,A2,1,尿液,愷他命,2,1,0~30,吊銷3年
10,週五,7,臺南市,小客車,30-39歲,男,A2,2,尿液,甲基安非他命,0,1,61~120,吊銷3年
7,週一,2,彰化縣,機車,60歲以上,男,A2,1,尿液,愷他命,2,0,0~30,吊扣3年
6,週三,21,高雄市,機車,40-49歲,男,A2,1,尿液,愷他命,0,4,0~30,吊銷3年
11,週一,8,新北市,小客車,40-49歲,男,A2,1,尿液,安非他命,3,2,31~60,吊銷3年
7,週一,11,臺北市,貨車,50-59歲,男,A2,1,血液,甲基安非他命,3,0,31~60,吊扣3年
4,週三,0,新北市,小客車,40-49歲,女,A2,1,尿液,甲基安非他命,1,2,0~30,吊銷3年
10,週五,6,臺北市,小客車,30-39歲,男,A2,1,尿液,安非他命,2,1,0~30,吊銷3年
1,週二,21,臺中市,機車,20-29歲,男,A2,1,尿液,嗎啡,2,0,31~60,吊扣3年
7,週日,13,新北市,小客車,60歲以上,男,A1,1,尿液,甲基安非他命,0,2,31~60,吊銷終身
3,週三,8,臺北市,小客車,30-39歲,男,A2,1,尿液,安非他命,2,2,0~30,吊銷3年
7,週二,18,高雄市,機車,40-49歲,女,A2,2,尿液,嗎啡,0,0,0~30,吊扣2年
2,週四,8,新竹縣,小客車,50-59歲,男,A2,1,血液,甲基安非他命,3,1,61~120,吊銷3年
2,週日,19,花蓮縣,機車,50-59歲,男,A2,2,尿液,甲基安非他命,2,2,0~30,吊銷3年
10,週三,22,新北市,小客車,40-49歲,男,A2,1,尿液,甲基安非他命,3,1,31~60,吊銷3年
10,週四,15,基隆市,小客車,50-59歲,男,A2,1,尿液,甲基安非他命,0,0,0~30,吊扣2年
3,週一,17,臺中市,小客車,50-59歲,男,A2,1,尿液,嗎啡,0,1,31~60,吊銷3年
12,週五,23,臺中市,機車,60歲以上,女,A2,1,尿液,嗎啡,0,1,0~30,吊銷3年
4,週一,12,高雄市,機車,40-49歲,男,A2,1,尿液,安非他命,3,1,31~60,吊銷3年
6,週四,10,新北市,機車,60歲以上,男,A2,1,尿液,安非他命,0,1,0~30,吊銷3年
3,週五,1,新北市,小客車,30-39歲,男,A1,0,尿液,甲基安非他命,0,1,61~120,吊銷終身
2,週一,14,新北市,大客車,40-49歲,男,A2,1,尿液,愷他命,2,1,121~500,吊銷3年
10,週五,9,高雄市,小客車,50-59歲,男,A2,1,尿液,安非他命,2,1,31~60,吊銷3年
1,週四,8,花蓮縣,小客車,30-39歲,男,A2,1,尿液,嗎啡,1,1,121~500,吊銷3年
1,週五,10,桃園市,機車,30-39歲,男,A2,1,尿液,安非他命,0,0,31~60,吊扣3年
4,週三,9,雲林縣,機車,40-49歲,男,A2,2,尿液,甲基安非他命,0,1,0~30,吊銷3年
9,週四,19,新竹縣,小客車,40-49歲,男,A2,1,尿液,甲基安非他命,3,0,31~60,吊扣2年
12,週一,18,屏東縣,小客車,40-49歲,男,A2,1,尿液,安非他命,1,0,0~30,吊扣2年
6,週一,19,臺中市,機車,30-39歲,男,A2,1,尿液,愷他命,2,0,0~30,吊扣3年
1,週一,13,臺南市,機車,50-59歲,女,A2,2,血液,安非他命,0,0,0~30,吊扣3年
7,週四,11,臺南市,小客車,50-59歲,男,A2,1,尿液,甲基安非他命,3,0,0~30,吊扣2年
9,週四,7,新北市,小客車,40-49歲,男,A2,2,尿液,甲基安非他命,3,0,0~30,吊扣2年
8,週二,8,新北市,大客車,40-49歲,男,A2,1,尿液,甲基安非他命,1,2,31~60,吊銷3年
9,週一,10,彰化縣,貨車,40-49歲,男,A2,1,尿液,甲基安非他命,3,2,31~60,吊銷3年
3,週六,13,彰化縣,貨車,40-49歲,男,A2,1,尿液,甲基安非他命,0,2,31~60,吊銷3年
10,週一,17,臺南市,小客車,20-29歲,男,A2,1,尿液,安非他命,3,0,0~30,吊扣2年
11,週日,15,臺北市,機車,40-49歲,男,A2,1,尿液,愷他命,1,1,121~500,吊銷3年
9,週三,19,新北市,機車,60歲以上,男,A2,1,尿液,嗎啡,1,0,0~30,吊扣2年
4,週日,17,臺中市,機車,60歲以上,男,A2,1,尿液,愷他命,2,0,0~30,吊扣4年
7,週三,18,臺中市,機車,20-29歲,男,A2,2,尿液,安非他命,0,0,31~60,吊扣2年
3,週六,9,臺中市,小客車,40-49歲,男,A2,1,血液,嗎啡,3,1,0~30,吊銷3年
5,週六,17,臺中市,小客車,50-59歲,男,A2,1,尿液,安非他命,3,0,121~500,吊扣3年
3,週五,17,高雄市,機車,60歲以上,男,A2,1,尿液,嗎啡,1,1,31~60,吊銷3年
10,週三,13,新北市,機車,40-49歲,男,A2,1,尿液,安非他命,3,0,31~60,吊扣4年
9,週三,7,宜蘭縣,機車,40-49歲,男,A2,2,尿液,安非他命,1,1,0~30,吊銷3年
1,週二,12,高雄市,機車,50-59歲,男,A2,2,尿液,安非他命,0,1,31~60,吊銷3年
4,週四,17,雲林縣,機車,40-49歲,男,A2,1,尿液,安非他命,3,0,31~60,吊扣3年
11,週日,21,臺中市,小客車,60歲以上,男,A2,1,尿液,安非他命,1,2,31~60,吊銷3年
3,週二,17,臺中市,大客車,60歲以上,女,A2,1,尿液,甲基安非他命,0,0,31~60,吊扣3年
3,週日,22,新北市,小客車,19歲以下,男,A2,1,尿液,甲基安非他命,1,4,31~60,吊銷3年
2,週六,15,臺中市,小客車,60歲以上,男,A2,1,尿液,甲基安非他命,1,0,0~30,吊扣3年
9,週五,12,臺北市,機車,60歲以上,男,A2,2,尿液,愷他命,3,4,0~30,吊銷3年
11,週日,16,臺中市,小客車,40-49歲,男,A2,1,尿液,嗎啡,0,0,0~30,吊扣3年
12,週三,23,臺中市,小客車,40-49歲,男,A2,1,尿液,愷他命,1,1,31~60,吊銷3年
7,週五,13,嘉義市,小客車,40-49歲,男,A2,1,尿液,安非他命,3,0,121~500,吊扣3年
1,週一,4,新竹市,機車,30-39歲,男,A1,1,尿液,甲基安非他命,1,4,31~60,吊銷終身
9,週五,18,澎湖縣,機車,40-49歲,男,A2,2,血液,甲基安非他命,3,1,121~500,吊銷3年
8,週五,16,臺北市,小客車,30-39歲,女,A2,1,尿液,愷他命,3,1,31~60,吊銷3年
6,週二,11,桃園市,機車,20-29歲,女,A2,1,尿液,甲基安非他命,3,0,0~30,吊扣3年
10,週二,19,新北市,機車,40-49歲,男,A2,1,尿液,甲基安非他命,0,0,31~60,吊扣3年
6,週四,22,桃園市,機車,60歲以上,男,A2,1,尿液,甲基安非他命,0,0,31~60,吊扣2年
8,週四,17,新北市,小客車,50-59歲,男,A2,1,血液,甲基安非他命,1,2,61~120,吊銷3年
5,週六,13,臺南市,機車,60歲以上,男,A2,1,尿液,愷他命,3,1,121~500,吊銷3年
4,週五,17,高雄市,機車,50-59歲,男,A2,1,尿液,甲基安非他命,2,2,121~500,吊銷3年
5,週一,18,新北市,機車,60歲以上,男,A2,1,尿液,甲基安非他命,1,2,0~30,吊銷3年
2,週日,23,雲林縣,貨車,30-39歲,男,A2,1,尿液,MDMA,3,3,0~30,吊銷3年
10,週四,1,桃園市,機車,30-39歲,女,A2,1,尿液,嗎啡,1,1,0~30,吊銷3年
10,週三,19,嘉義縣,貨車,50-59歲,男,A2,1,血液,甲基安非他命,3,0,0~30,吊扣3年
3,週六,8,新北市,大客車,40-49歲,男,A2,1,尿液,安非他命,1,1,0~30,吊銷3年
10,週四,7,高雄市,小客車,40-49歲,男,A2,1,尿液,安非他命,0,0,0~30,吊扣2年
10,週四,17,新北市,小客車,40-49歲,男,A2,1,血液,愷他命,3,0,31~60,吊扣4年
8,週六,13,新北市,機車,30-39歲,男,A2,1,尿液,安非他命,0,0,0~30,吊扣4年
11,週五,18,新竹市,機車,40-49歲,男,A2,1,尿液,安非他命,2,0,31~60,吊扣2年
8,週五,18,臺北市,機車,50-59歲,男,A2,1,尿液,甲基安非他命,0,2,0~30,吊銷3年
7,週四,22,臺北市,機車,30-39歲,男,A2,1,尿液,甲基安非他命,1,1,31~60,吊銷3年
8,週五,21,桃園市,機車,40-49歲,男,A2,2,尿液,嗎啡,1,2,31~60,吊銷3年
12,週三,6,新北市,機車,50-59歲,男,A2,1,尿液,嗎啡,0,0,31~60,吊扣3年
11,週五,22,高雄市,機車,40-49歲,男,A2,1,尿液,安非他命,0,1,0~30,吊銷3年
3,週一,23,新北市,小客車,30-39歲,男,A2,1,血液,嗎啡,0,0,0~30,吊扣2年
11,週三,6,屏東縣,機車,20-29歲,男,A2,1,尿液,愷他命,0,0,0~30,吊扣4年
4,週六,18,新北市,小客車,60歲以上,男,A2,1,尿液,安非他命,2,3,31~60,吊銷3年
11,週六,8,南投縣,機車,40-49歲,女,A2,1,尿液,甲基安非他命,3,1,31~60,吊銷3年
3,週二,7,新竹縣,小客車,30-39歲,男,A2,2,尿液,愷他命,3,1,31~60,吊銷3年
3,週二,5,嘉義市,貨車,50-59歲,男,A2,1,尿液,甲基安非他命,0,0,31~60,吊扣2年
11,週日,12,高雄市,小客車,40-49歲,男,A2,1,尿液,安非他命,3,1,31~60,吊銷3年
5,週四,20,高雄市,貨車,40-49歲,女,A2,1,尿液,甲基安非他命,1,0,0~30,吊扣2年
9,週二,11,桃園市,小客車,50-59歲,男,A2,1,尿液,愷他命,2,1,31~60,吊銷3年
8,週日,1,臺北市,機車,30-39歲,男,A2,2,尿液,愷他命,3,1,31~60,吊銷3年
11,週六,3,臺北市,小客車,50-59歲,男,A2,2,血液,安非他命,0,2,121~500,吊銷3年
11,週日,12,新竹縣,小客車,50-59歲,男,A2,1,尿液,嗎啡,0,0,31~60,吊扣3年
4,週三,12,臺南市,小客車,40-49歲,男,A2,1,尿液,愷他命,1,2,121~500,吊銷3年
10,週四,18,雲林縣,小客車,50-59歲,男,A2,2,尿液,甲基安非他命,1,1,31~60,吊銷3年
3,週五,20,屏東縣,小客車,30-39歲,男,A2,1,尿液,甲基安非他命,2,0,0~30,吊扣2年
10,週日,22,臺中市,小客車,20-29歲,男,A2,3,尿液,甲基安非他命,0,1,31~60,吊銷3年
12,週日,10,高雄市,小客車,40-49歲,男,A2,1,尿液,安非他命,0,4,31~60,吊銷3年
4,週五,16,臺中市,小客車,20-29歲,女,A2,1,尿液,甲基安非他命,3,0,0~30,吊扣2年
10,週三,6,新北市,小客車,50-59歲,男,A2,1,尿液,甲基安非他命,0,2,31~60,吊銷3年
8,週一,20,臺北市,機車,40-49歲,男,A2,2,尿液,安非他命,1,2,31~60,吊銷3年
4,週一,17,屏東縣,機車,30-39歲,女,A1,0,尿液,甲基安非他命,0,1,31~60,吊銷終身
7,週三,22,高雄市,機車,20-29歲,男,A2,1,尿液,愷他命,2,0,121~500,吊扣2年
7,週四,23,苗栗縣,小客車,20-29歲,女,A2,1,尿液,嗎啡,1,0,0~30,吊扣3年
11,週六,17,高雄市,小客車,40-49歲,男,A2,1,尿液,甲基安非他命,3,1,0~30,吊銷3年
1,週三,13,高雄市,機車,30-39歲,男,A2,1,尿液,安非他命,2,1,31~60,吊銷3年
4,週六,20,嘉義市,小客車,50-59歲,男,A2,2,尿液,甲基安非他命,0,1,61~120,吊銷3年
9,週三,15,高雄市,小客車,60歲以上,男,A2,2,尿液,安非他命,2,2,0~30,吊銷3年
4,週五,22,雲林縣,機車,40-49歲,女,A2,1,尿液,安非他命,0,3,0~30,吊銷3年
11,週一,20,嘉義縣,小客車,30-39歲,男,A2,1,尿液,甲基安非他命,3,0,121~500,吊扣3年
10,週六,9,嘉義市,小客車,30-39歲,男,A2,1,血液,愷他命,2,0,121~500,吊扣2年
11,週二,15,高雄市,機車,30-39歲,男,A2,1,血液,嗎啡,1,0,31~60,吊扣3年
4,週一,21,桃園市,小客車,30-39歲,男,A2,1,尿液,甲基安非他命,3,1,121~500,吊銷3年
11,週日,5,彰化縣,小客車,50-59歲,男,A2,2,尿液,嗎啡,0,0,61~120,吊扣2年
4,週二,10,宜蘭縣,小客車,50-59歲,男,A2,1,尿液,安非他命,3,2,121~500,吊銷3年
10,週日,19,彰化縣,小客車,50-59歲,男,A2,3,尿液,愷他命,3,1,31~60,吊銷3年
1,週五,21,彰化縣,小客車,40-49歲,女,A2,1,血液,嗎啡,0,3,0~30,吊銷3年
5,週五,19,桃園市,機車,40-49歲,男,A2,3,尿液,安非他命,1,0,31~60,吊扣4年
8,週一,18,新北市,大客車,40-49歲,男,A2,1,尿液,安非他命,0,1,0~30,吊銷3年
4,週六,13,花蓮縣,機車,50-59歲,男,A2,3,尿液,安非他命,0,4,0~30,吊銷3年
2,週五,17,臺北市,小客車,40-49歲,男,A2,1,血液,愷他命,3,2,0~30,吊銷3年
6,週二,19,臺南市,機車,50-59歲,男,A2,1,尿液,甲基安非他命,3,1,0~30,吊銷3年
8,週五,11,臺北市,小客車,40-49歲,女,A2,1,尿液,安非他命,0,1,31~60,吊銷3年
10,週一,11,新北市,機車,40-49歲,男,A1,0,尿液,安非他命,1,1,121~500,吊銷終身
7,週六,8,桃園市,機車,20-29歲,男,A2,2,尿液,甲基安非他命,3,2,0~30,吊銷3年
5,週一,17,新北市,大客車,50-59歲,男,A2,1,尿液,安非他命,2,1,121~500,吊銷3年
9,週三,20,新北市,小客車,40-49歲,男,A2,2,尿液,安非他命,1,0,121~500,吊扣3年
11,週日,1,臺北市,小客車,40-49歲,男,A2,1,尿液,安非他命,1,0,0~30,吊扣2年
2,週六,9,新北市,小客車,40-49歲,女,A2,2,尿液,愷他命,1,0,0~30,吊扣2年
7,週三,16,臺北市,機車,50-59歲,男,A2,1,尿液,嗎啡,2,2,0~30,吊銷3年
6,週二,16,臺南市,機車,50-59歲,男,A2,1,血液,嗎啡,1,4,31~60,吊銷3年
10,週三,19,臺北市,機車,30-39歲,男,A2,2,尿液,甲基安非他命,0,1,121~500,吊銷3年
7,週三,22,臺中市,機車,50-59歲,男,A2,1,尿液,甲基安非他命,2,2,31~60,吊銷3年
7,週三,18,高雄市,小客車,30-39歲,男,A2,1,尿液,安非他命,3,1,0~30,吊銷3年
7,週二,8,新北市,小客車,60歲以上,男,A2,1,尿液,甲基安非他命,3,1,31~60,吊銷3年
2,週五,14,新竹縣,機車,40-49歲,男,A2,3,尿液,愷他命,1,0,31~60,吊扣4年
8,週日,19,彰化縣,機車,20-29歲,男,A2,1,尿液,安非他命,2,1,31~60,吊銷3年
7,週二,8,桃園市,機車,20-29歲,女,A2,2,尿液,安非他命,3,1,31~60,吊銷3年
12,週三,19,桃園市,機車,20-29歲,女,A2,1,尿液,安非他命,3,1,31~60,吊銷3年
3,週四,10,臺中市,小客車,40-49歲,男,A2,1,尿液,甲基安非他命,1,0,31~60,吊扣3年
2,週二,18,新北市,機車,30-39歲,男,A2,1,尿液,甲基安非他命,3,0,31~60,吊扣3年
3,週五,8,嘉義市,機車,60歲以上,男,A2,2,尿液,愷他命,3,0,31~60,吊扣3年
1,週一,21,臺北市,機車,50-59歲,男,A2,2,尿液,安非他命,3,0,0~30,吊扣2年
6,週一,14,南投縣,機車,40-49歲,男,A2,1,尿液,甲基安非他命,2,2,121~500,吊銷3年
11,週六,8,桃園市,機車,50-59歲,女,A2,1,血液,安非他命,3,0,0~30,吊扣4年
1,週四,6,基隆市,小客車,60歲以上,男,A2,1,尿液,愷他命,3,3,0~30,吊銷3年
7,週一,7,彰化縣,小客車,40-49歲,男,A2,1,尿液,甲基安非他命,1,0,121~500,吊扣2年
9,週六,17,臺中市,機車,50-59歲,男,A2,2,血液,嗎啡,0,1,121~500,吊銷3年
12,週六,11,桃園市,機車,40-49歲,男,A2,2,尿液,安非他命,3,0,31~60,吊扣3年
10,週四,20,新北市,機車,30-39歲,男,A2,1,尿液,安非他命,0,0,121~500,吊扣2年
3,週四,15,臺北市,小客車,19歲以下,男,A2,1,尿液,甲基安非他命,3,1,31~60,吊銷3年
1,週一,13,臺南市,機車,30-39歲,男,A2,2,尿液,安非他命,3,1,121~500,吊銷3年
3,週一,16,南投縣,小客車,20-29歲,男,A2,1,尿液,安非他命,2,0,0~30,吊扣2年
6,週一,18,彰化縣,機車,40-49歲,男,A2,1,尿液,安非他命,1,1,0~30,吊銷3年
8,週五,20,雲林縣,小客車,20-29歲,男,A2,1,尿液,安非他命,1,0,121~500,吊扣4年
6,週四,0,基隆市,小客車,20-29歲,男,A2,2,血液,甲基安非他命,3,1,31~60,吊銷3年
12,週六,19,新北市,小客車,30-39歲,男,A2,1,尿液,愷他命,3,2,0~30,吊銷3年
7,週五,12,苗栗縣,小客車,30-39歲,男,A2,1,血液,甲基安非他命,0,1,31~60,吊銷3年
7,週二,7,新北市,機車,40-49歲,男,A2,1,血液,安非他命,3,1,61~120,吊銷3年
5,週六,21,新北市,小客車,30-39歲,男,A2,1,血液,愷他命,3,1,0~30,吊銷3年
11,週二,18,新北市,機車,50-59歲,男,A2,2,尿液,甲基安非他命,0,0,31~60,吊扣3年
3,週五,8,桃園市,機車,60歲以上,男,A2,1,尿液,愷他命,0,2,0~30,吊銷3年
1,週二,14,新北市,小客車,40-49歲,男,A2,1,尿液,甲基安非他命,1,1,31~60,吊銷3年
7,週二,4,高雄市,機車,30-39歲,男,A2,1,尿液,愷他命,2,0,121~500,吊扣2年
5,週日,14,臺北市,小客車,40-49歲,男,A2,1,尿液,嗎啡,1,0,31~60,吊扣3年
9,週四,14,臺北市,小客車,50-59歲,男,A2,1,尿液,愷他命,2,0,0~30,吊扣2年
4,週四,14,苗栗縣,小客車,20-29歲,男,A2,2,尿液,愷他命,3,1,31~60,吊銷3年
4,週日,1,南投縣,小客車,20-29歲,男,A2,2,尿液,甲基安非他命,1,0,0~30,吊扣2年
4,週四,11,臺北市,機車,30-39歲,男,A2,1,尿液,愷他命,2,0,31~60,吊扣3年
2,週二,19,屏東縣,小客車,50-59歲,男,A2,1,尿液,甲基安非他命,2,2,31~60,吊銷3年
3,週三,18,臺北市,小客車,30-39歲,男,A2,1,尿液,甲基安非他命,1,1,31~60,吊銷3年
4,週六,11,嘉義市,小客車,30-39歲,男,A2,1,尿液,安非他命,0,0,31~60,吊扣3年
3,週二,18,桃園市,貨車,40-49歲,男,A2,1,尿液,甲基安非他命,0,0,61~120,吊扣2年
3,週一,17,屏東縣,貨車,50-59歲,男,A2,1,尿液,安非他命,2,3,61~120,吊銷3年
10,週一,7,高雄市,機車,50-59歲,男,A2,1,尿液,愷他命,2,1,31~60,吊銷3年
5,週四,21,臺中市,小客車,40-49歲,男,A2,1,尿液,安非他命,3,0,61~120,吊扣2年
8,週六,19,臺中市,機車,30-39歲,男,A2,2,尿液,安非他命,1,1,31~60,吊銷3年
7,週五,13,嘉義縣,機車,40-49歲,男,A2,1,尿液,嗎啡,2,1,31~60,吊銷3年
5,週三,8,新北市,機車,50-59歲,男,A2,1,尿液,愷他命,2,1,31~60,吊銷3年
10,週三,5,桃園市,小客車,40-49歲,男,A2,1,尿液,嗎啡,3,1,31~60,吊銷3年
2,週六,8,高雄市,小客車,30-39歲,男,A2,1,尿液,愷他命,3,0,121~500,吊扣2年
10,週日,11,新北市,機車,60歲以上,女,A2,1,尿液,愷他命,3,0,31~60,吊扣2年
11,週四,19,臺中市,小客車,50-59歲,男,A2,1,尿液,安非他命,1,1,0~30,吊銷3年
4,週二,17,雲林縣,機車,40-49歲,男,A2,1,尿液,甲基安非他命,0,1,31~60,吊銷3年
12,週四,13,高雄市,小客車,60歲以上,男,A2,1,尿液,嗎啡,2,1,31~60,吊銷3年
11,週五,12,臺東縣,小客車,50-59歲,女,A2,3,尿液,安非他命,0,1,0~30,吊銷3年
7,週五,23,新北市,機車,20-29歲,男,A2,1,尿液,安非他命,0,0,31~60,吊扣3年
11,週一,22,臺中市,機車,30-39歲,男,A2,2,尿液,安非他命,2,1,0~30,吊銷3年
7,週五,18,臺中市,機車,40-49歲,男,A2,1,尿液,甲基安非他命,1,1,121~500,吊銷3年
12,週一,10,彰化縣,貨車,40-49歲,男,A2,1,尿液,嗎啡,2,0,0~30,吊扣4年
6,週四,8,宜蘭縣,小客車,20-29歲,男,A2,1,尿液,安非他命,3,0,0~30,吊扣4年
11,週二,18,臺南市,小客車,40-49歲,女,A2,2,尿液,甲基安非他命,2,1,121~500,吊銷3年
12,週五,17,新北市,機車,40-49歲,男,A2,1,尿液,MDMA,1,1,31~60,吊銷3年
6,週三,11,苗栗縣,機車,50-59歲,男,A2,1,尿液,甲基安非他命,0,1,31~60,吊銷3年
5,週四,22,臺中市,小客車,40-49歲,男,A2,1,尿液,嗎啡,1,2,0~30,吊銷3年
7,週五,4,桃園市,機車,50-59歲,男,A2,1,尿液,安非他命,0,0,31~60,吊扣2年
1,週日,17,宜蘭縣,小客車,40-49歲,男,A2,1,尿液,嗎啡,3,1,0~30,吊銷3年
7,週四,8,臺北市,機車,30-39歲,男,A2,1,尿液,甲基安非他命,2,1,31~60,吊銷3年
10,週二,14,臺北市,小客車,40-49歲,男,A2,1,尿液,甲基安非他命,2,1,31~60,吊銷3年
11,週二,22,彰化縣,機車,20-29歲,男,A2,1,尿液,愷他命,3,1,0~30,吊銷3年
2,週四,17,臺南市,機車,40-49歲,女,A2,1,尿液,愷他命,2,2,31~60,吊銷3年
11,週五,17,彰化縣,小客車,30-39歲,女,A2,1,尿液,安非他命,0,2,0~30,吊銷3年
8,週日,0,桃園市,機車,50-59歲,男,A2,2,尿液,甲基安非他命,1,1,31~60,吊銷3年
8,週四,10,嘉義縣,貨車,40-49歲,女,A2,1,尿液,甲基安非他命,3,2,0~30,吊銷3年
6,週日,15,新北市,小客車,20-29歲,男,A2,1,尿液,嗎啡,1,0,31~60,吊扣4年
1,週日,13,高雄市,貨車,50-59歲,男,A2,1,血液,甲基安非他命,1,0,31~60,吊扣3年
5,週六,23,臺中市,機車,40-49歲,男,A2,3,尿液,愷他命,3,2,31~60,吊銷3年
11,週六,11,臺南市,機車,60歲以上,男,A2,2,尿液,甲基安非他命,3,1,31~60,吊銷3年
3,週一,11,新北市,小客車,30-39歲,男,A2,1,尿液,愷他命,2,0,0~30,吊扣3年
4,週五,15,苗栗縣,機車,30-39歲,男,A2,1,尿液,嗎啡,2,4,31~60,吊銷3年
4,週日,4,臺南市,小客車,40-49歲,男,A1,0,尿液,安非他命,0,1,31~60,吊銷終身
4,週五,3,高雄市,貨車,60歲以上,男,A2,3,尿液,甲基安非他命,1,0,31~60,吊扣4年
11,週二,6,臺北市,小客車,40-49歲,男,A2,4,尿液,甲基安非他命,2,1,121~500,吊銷3年
11,週六,1,新北市,小客車,50-59歲,男,A2,1,尿液,安非他命,0,1,61~120,吊銷3年
7,週二,7,新北市,機車,30-39歲,男,A2,1,尿液,愷他命,0,0,31~60,吊扣3年
7,週日,8,屏東縣,機車,30-39歲,男,A2,1,尿液,安非他命,2,0,31~60,吊扣3年
4,週六,11,桃園市,機車,40-49歲,女,A2,3,尿液,愷他命,1,0,0~30,吊扣3年
6,週一,11,嘉義市,機車,50-59歲,男,A2,2,尿液,安非他命,0,1,121~500,吊銷3年
1,週日,9,臺中市,機車,30-39歲,男,A2,1,尿液,愷他命,0,1,61~120,吊銷3年
7,週三,2,嘉義縣,小客車,30-39歲,男,A2,1,尿液,甲基安非他命,1,0,31~60,吊扣4年
4,週六,11,臺南市,機車,40-49歲,男,A2,2,尿液,甲基安非他命,0,0,0~30,吊扣2年
10,週三,5,臺南市,小客車,40-49歲,男,A1,0,尿液,嗎啡,2,2,0~30,吊銷終身
3,週一,7,新竹縣,機車,30-39歲,女,A2,1,血液,甲基安非他命,2,0,31~60,吊扣2年
7,週二,10,桃園市,機車,50-59歲,男,A2,1,尿液,安非他命,1,1,31~60,吊銷3年
5,週三,9,臺中市,機車,40-49歲,男,A2,1,尿液,嗎啡,0,0,0~30,吊扣4年
1,週五,23,桃園市,機車,40-49歲,女,A2,1,尿液,甲基安非他命,2,0,31~60,吊扣3年
3,週四,5,嘉義市,機車,50-59歲,男,A2,1,尿液,甲基安非他命,3,0,0~30,吊扣3年
3,週日,19,臺北市,小客車,30-39歲,男,A2,1,尿液,甲基安非他命,3,1,31~60,吊銷3年
5,週六,21,彰化縣,小客車,40-49歲,男,A2,1,尿液,愷他命,0,0,0~30,吊扣3年
2,週一,16,屏東縣,貨車,40-49歲,男,A2,1,尿液,嗎啡,1,0,31~60,吊扣3年
11,週一,7,雲林縣,小客車,50-59歲,男,A2,1,血液,愷他命,3,0,61~120,吊扣2年
4,週三,19,桃園市,小客車,19歲以下,男,A2,3,尿液,安非他命,2,0,31~60,吊扣2年
5,週二,22,高雄市,小客車,19歲以下,男,A2,1,尿液,安非他命,3,0,31~60,吊扣4年
5,週二,19,新北市,機車,50-59歲,男,A2,2,尿液,嗎啡,1,2,61~120,吊銷3年
11,週日,22,雲林縣,小客車,40-49歲,女,A2,1,尿液,嗎啡,0,1,0~30,吊銷3年
10,週四,23,臺中市,小客車,60歲以上,男,A2,1,尿液,愷他命,2,0,121~500,吊扣4年
1,週日,15,新北市,大客車,40-49歲,男,A2,1,尿液,甲基安非他命,0,0,0~30,吊扣3年
8,週一,11,臺北市,貨車,30-39歲,女,A2,1,尿液,甲基安非他命,1,3,0~30,吊銷3年
1,週三,15,臺北市,小客車,60歲以上,男,A2,1,尿液,安非他命,0,0,61~120,吊扣4年
7,週二,8,臺南市,機車,30-39歲,男,A2,1,尿液,安非他命,1,1,0~30,吊銷3年
9,週二,8,南投縣,貨車,30-39歲,男,A2,2,尿液,安非他命,0,1,121~500,吊銷3年
7,週四,7,新北市,小客車,40-49歲,男,A2,1,尿液,安非他命,0,1,31~60,吊銷3年
12,週五,8,高雄市,機車,40-49歲,男,A2,1,血液,甲基安非他命,3,0,31~60,吊扣2年
10,週一,12,嘉義市,機車,40-49歲,女,A2,1,尿液,安非他命,3,0,0~30,吊扣2年
7,週五,7,高雄市,機車,30-39歲,男,A2,3,尿液,嗎啡,0,0,31~60,吊扣3年
2,週日,8,新北市,機車,40-49歲,女,A2,2,尿液,安非他命,2,0,31~60,吊扣2年
10,週五,15,苗栗縣,小客車,40-49歲,男,A2,1,尿液,甲基安非他命,0,2,61~120,吊銷3年
7,週一,12,屏東縣,機車,30-39歲,女,A2,2,血液,甲基安非他命,2,0,0~30,吊扣2年
10,週五,7,桃園市,小客車,20-29歲,男,A2,1,血液,嗎啡,0,0,31~60,吊扣3年
6,週六,11,臺北市,小客車,50-59歲,男,A1,0,尿液,愷他命,1,3,31~60,吊銷終身
7,週四,20,彰化縣,機車,20-29歲,女,A2,1,尿液,嗎啡,2,0,31~60,吊扣3年
1,週五,15,臺南市,小客車,40-49歲,男,A2,1,尿液,安非他命,3,1,0~30,吊銷3年
4,週六,1,嘉義市,機車,40-49歲,男,A2,2,尿液,甲基安非他命,3,2,0~30,吊銷3年
11,週二,20,新北市,機車,40-49歲,男,A2,2,尿液,甲基安非他命,2,3,0~30,吊銷3年
6,週五,16,新北市,機車,30-39歲,男,A2,1,血液,愷他命,0,1,0~30,吊銷3年
4,週三,14,嘉義市,小客車,40-49歲,男,A2,1,尿液,甲基安非他命,2,0,61~120,吊扣3年
5,週三,22,嘉義縣,小客車,40-49歲,男,A2,1,尿液,嗎啡,0,1,61~120,吊銷3年
12,週五,23,新北市,小客車,40-49歲,男,A2,1,尿液,愷他命,2,1,31~60,吊銷3年
11,週四,16,桃園市,小客車,50-59歲,男,A2,1,尿液,安非他命,0,1,0~30,吊銷3年
12,週日,9,高雄市,小客車,50-59歲,男,A2,1,尿液,甲基安非他命,2,1,0~30,吊銷3年
12,週六,15,新北市,機車,50-59歲,男,A2,1,尿液,安非他命,0,0,0~30,吊扣3年
12,週四,17,高雄市,小客車,50-59歲,男,A2,1,尿液,嗎啡,0,1,0~30,吊銷3年
12,週五,14,桃園市,機車,50-59歲,男,A2,2,尿液,愷他命,0,0,31~60,吊扣2年
4,週五,17,臺北市,機車,30-39歲,女,A2,1,尿液,甲基安非他命,2,0,61~120,吊扣3年
2,週五,18,臺中市,機車,20-29歲,男,A2,3,尿液,甲基安非他命,3,1,0~30,吊銷3年
6,週四,19,臺北市,小客車,20-29歲,男,A2,2,尿液,安非他命,3,1,31~60,吊銷3年
7,週一,20,臺中市,機車,20-29歲,男,A2,1,尿液,甲基安非他命,3,1,0~30,吊銷3年
11,週二,18,臺中市,小客車,50-59歲,男,A2,1,尿液,安非他命,2,1,0~30,吊銷3年
5,週五,20,新北市,機車,60歲以上,男,A2,3,尿液,愷他命,0,0,31~60,吊扣2年
10,週四,7,桃園市,機車,40-49歲,男,A2,1,尿液,安非他命,0,2,121~500,吊銷3年
2,週六,16,南投縣,大客車,40-49歲,男,A2,1,尿液,愷他命,0,0,0~30,吊扣2年
11,週六,17,桃園市,小客車,40-49歲,女,A2,1,尿液,甲基安非他命,1,1,31~60,吊銷3年
1,週四,18,臺北市,小客車,50-59歲,女,A2,1,尿液,安非他命,2,0,0~30,吊扣3年
10,週六,9,桃園市,機車,40-49歲,男,A2,1,尿液,MDMA,1,2,31~60,吊銷3年
10,週日,18,新北市,小客車,30-39歲,男,A2,1,尿液,甲基安非他命,1,0,31~60,吊扣3年
7,週五,8,新北市,小客車,40-49歲,女,A2,1,尿液,安非他命,3,1,121~500,吊銷3年
11,週三,18,高雄市,機車,30-39歲,男,A2,1,尿液,甲基安非他命,1,0,0~30,吊扣2年
1,週三,1,屏東縣,小客車,50-59歲,男,A2,2,尿液,MDMA,3,0,31~60,吊扣2年
2,週日,16,臺南市,小客車,30-39歲,女,A2,1,尿液,安非他命,1,0,0~30,吊扣3年
3,週四,17,桃園市,機車,40-49歲,男,A2,1,尿液,愷他命,1,1,31~60,吊銷3年
2,週三,7,臺北市,機車,20-29歲,男,A2,1,尿液,嗎啡,3,0,31~60,吊扣2年
10,週五,22,臺南市,機車,40-49歲,男,A2,2,血液,安非他命,0,2,31~60,吊銷3年
9,週三,7,雲林縣,小客車,60歲以上,男,A2,2,尿液,安非他命,1,2,0~30,吊銷3年
2,週日,8,臺南市,小客車,40-49歲,男,A2,1,尿液,嗎啡,0,0,0~30,吊扣2年
4,週五,20,桃園市,小客車,50-59歲,男,A2,1,尿液,安非他命,1,1,31~60,吊銷3年
3,週日,16,桃園市,小客車,40-49歲,男,A2,1,尿液,安非他命,3,0,31~60,吊扣3年
1,週二,4,苗栗縣,機車,30-39歲,女,A2,1,尿液,愷他命,0,0,31~60,吊扣2年
10,週四,20,臺北市,小客車,60歲以上,男,A2,1,尿液,甲基安非他命,1,1,31~60,吊銷3年
7,週六,20,臺中市,小客車,40-49歲,男,A2,1,尿液,安非他命,2,0,0~30,吊扣3年
7,週二,22,桃園市,機車,50-59歲,男,A2,1,尿液,安非他命,1,1,0~30,吊銷3年
11,週五,18,高雄市,機車,50-59歲,女,A2,1,尿液,安非他命,1,1,31~60,吊銷3年
11,週三,21,臺南市,小客車,40-49歲,女,A2,1,尿液,甲基安非他命,1,1,31~60,吊銷3年
12,週六,9,臺中市,貨車,50-59歲,男,A2,1,尿液,嗎啡,2,2,0~30,吊銷3年
5,週三,14,新北市,機車,30-39歲,男,A2,3,尿液,甲基安非他命,1,0,31~60,吊扣4年
1,週五,11,高雄市,小客車,30-39歲,男,A2,1,尿液,安非他命,1,4,0~30,吊銷3年
10,週四,11,臺北市,小客車,40-49歲,男,A2,1,尿液,安非他命,3,1,31~60,吊銷3年
2,週六,20,新北市,機車,30-39歲,男,A2,1,尿液,安非他命,3,0,31~60,吊扣2年
4,週二,14,臺南市,貨車,30-39歲,男,A2,1,尿液,安非他命,0,1,0~30,吊銷3年
2,週五,20,高雄市,機車,20-29歲,男,A2,1,尿液,愷他命,2,0,31~60,吊扣2年
3,週一,8,彰化縣,機車,30-39歲,男,A2,1,尿液,安非他命,1,2,61~120,吊銷3年
10,週五,18,臺北市,小客車,40-49歲,男,A2,1,尿液,愷他命,0,1,31~60,吊銷3年
11,週日,9,臺中市,小客車,40-49歲,男,A2,1,尿液,甲基安非他命,1,0,121~500,吊扣4年
10,週一,0,基隆市,小客車,50-59歲,女,A2,1,尿液,甲基安非他命,3,1,121~500,吊銷3年
8,週五,17,新北市,機車,50-59歲,男,A2,1,尿液,安非他命,3,4,0~30,吊銷3年
12,週六,8,臺北市,小客車,30-39歲,男,A2,1,尿液,安非他命,0,2,0~30,吊銷3年
8,週五,19,臺南市,機車,30-39歲,男,A2,1,血液,安非他命,0,0,31~60,吊扣4年
10,週四,12,臺北市,貨車,30-39歲,男,A2,1,尿液,甲基安非他命,3,0,61~120,吊扣4年
4,週日,8,新北市,機車,40-49歲,女,A2,1,尿液,安非他命,2,1,31~60,吊銷3年
10,週四,11,臺南市,機車,40-49歲,男,A2,1,尿液,甲基安非他命,2,2,61~120,吊銷3年
4,週日,18,高雄市,機車,20-29歲,男,A2,4,尿液,嗎啡,0,0,31~60,吊扣4年
6,週日,18,彰化縣,小客車,50-59歲,男,A2,1,尿液,甲基安非他命,1,1,0~30,吊銷3年
1,週一,18,新北市,機車,50-59歲,男,A2,1,尿液,甲基安非他命,0,2,31~60,吊銷3年
9,週六,17,桃園市,機車,30-39歲,男,A2,1,尿液,安非他命,0,4,61~120,吊銷3年
7,週二,11,高雄市,小客車,20-29歲,男,A2,1,尿液,安非他命,3,4,121~500,吊銷3年
11,週五,14,高雄市,機車,40-49歲,男,A2,2,尿液,甲基安非他命,1,0,31~60,吊扣4年
5,週日,10,臺北市,小客車,50-59歲,男,A2,1,尿液,安非他命,0,3,0~30,吊銷3年
4,週六,5,彰化縣,機車,30-39歲,男,A2,1,尿液,甲基安非他命,1,1,0~30,吊銷3年
7,週一,9,臺中市,小客車,50-59歲,男,A2,1,血液,甲基安非他命,0,1,121~500,吊銷3年
5,週五,11,屏東縣,貨車,20-29歲,男,A2,1,尿液,甲基安非他命,2,2,0~30,吊銷3年
9,週一,11,新北市,機車,30-39歲,男,A2,2,尿液,愷他命,1,0,0~30,吊扣3年
10,週六,10,高雄市,小客車,20-29歲,男,A2,2,尿液,安非他命,3,0,0~30,吊扣2年
11,週一,19,桃園市,機車,40-49歲,女,A2,1,尿液,安非他命,1,0,121~500,吊扣3年
9,週日,16,高雄市,小客車,40-49歲,女,A2,1,尿液,愷他命,1,0,0~30,吊扣3年
8,週日,18,彰化縣,小客車,50-59歲,男,A2,1,尿液,嗎啡,2,0,31~60,吊扣2年
5,週五,18,高雄市,機車,30-39歲,女,A2,2,尿液,愷他命,2,1,31~60,吊銷3年
3,週日,21,新北市,機車,50-59歲,男,A2,1,尿液,愷他命,2,0,0~30,吊扣4年
4,週三,10,臺南市,機車,20-29歲,女,A2,2,尿液,安非他命,2,2,0~30,吊銷3年
6,週日,16,臺南市,小客車,40-49歲,女,A2,1,尿液,愷他命,3,1,0~30,吊銷3年
7,週一,14,新北市,機車,40-49歲,男,A2,1,尿液,甲基安非他命,3,1,31~60,吊銷3年
10,週四,8,基隆市,小客車,20-29歲,男,A2,1,尿液,甲基安非他命,0,0,31~60,吊扣2年
7,週四,19,新北市,小客車,50-59歲,男,A2,1,尿液,安非他命,1,0,31~60,吊扣3年
5,週日,8,臺中市,機車,40-49歲,男,A1,1,尿液,安非他命,1,0,31~60,吊銷終身
4,週一,18,臺中市,機車,50-59歲,男,A2,1,尿液,甲基安非他命,2,1,31~60,吊銷3年
7,週四,14,高雄市,小客車,50-59歲,男,A2,1,尿液,安非他命,2,3,31~60,吊銷3年
5,週二,22,桃園市,貨車,30-39歲,男,A2,1,尿液,嗎啡,0,0,121~500,吊扣3年
11,週日,14,南投縣,小客車,20-29歲,男,A2,1,血液,甲基安非他命,3,1,61~120,吊銷3年
7,週四,16,高雄市,機車,60歲以上,男,A2,1,尿液,甲基安非他命,0,1,31~60,吊銷3年
11,週五,18,嘉義縣,機車,30-39歲,女,A2,1,尿液,安非他命,0,0,0~30,吊扣3年
12,週三,18,臺中市,機車,60歲以上,男,A2,2,尿液,甲基安非他命,2,1,0~30,吊銷3年
5,週四,19,臺中市,機車,60歲以上,男,A2,1,尿液,甲基安非他命,2,0,0~30,吊扣2年
10,週三,18,高雄市,小客車,30-39歲,男,A2,1,尿液,愷他命,2,1,0~30,吊銷3年
1,週三,8,桃園市,機車,40-49歲,男,A2,3,尿液,甲基安非他命,0,1,0~30,吊銷3年
4,週四,10,臺北市,機車,30-39歲,男,A2,1,尿液,安非他命,2,2,0~30,吊銷3年
6,週四,18,臺南市,小客車,30-39歲,男,A2,1,尿液,甲基安非他命,1,3,61~120,吊銷3年
7,週二,19,桃園市,貨車,40-49歲,男,A1,0,尿液,嗎啡,3,3,121~500,吊銷終身
3,週一,8,新北市,大客車,30-39歲,男,A2,1,尿液,安非他命,2,1,0~30,吊銷3年
10,週日,16,臺北市,小客車,30-39歲,男,A2,1,尿液,愷他命,0,3,0~30,吊銷3年
10,週三,18,彰化縣,小客車,40-49歲,男,A2,1,尿液,嗎啡,0,1,0~30,吊銷3年
3,週三,13,臺中市,貨車,40-49歲,男,A2,1,尿液,甲基安非他命,3,2,31~60,吊銷3年
11,週五,5,彰化縣,貨車,50-59歲,男,A2,1,尿液,安非他命,3,1,61~120,吊銷3年
4,週四,8,新竹縣,機車,19歲以下,男,A2,2,血液,愷他命,3,1,31~60,吊銷3年
7,週二,7,臺中市,機車,40-49歲,女,A2,2,尿液,甲基安非他命,2,1,31~60,吊銷3年
9,週二,17,高雄市,機車,40-49歲,男,A2,1,尿液,甲基安非他命,3,1,0~30,吊銷3年
7,週三,16,臺中市,機車,40-49歲,男,A2,1,尿液,安非他命,2,0,0~30,吊扣3年
7,週五,18,新竹市,小客車,40-49歲,男,A2,1,尿液,甲基安非他命,2,0,31~60,吊扣4年
5,週六,15,新北市,小客車,30-39歲,男,A2,1,尿液,甲基安非他命,3,0,121~500,吊扣4年
4,週一,0,桃園市,機車,50-59歲,男,A2,1,尿液,安非他命,1,1,121~500,吊銷3年
1,週三,7,新北市,小客車,40-49歲,男,A2,1,血液,安非他命,0,0,31~60,吊扣2年
5,週三,15,苗栗縣,機車,40-49歲,男,A2,1,尿液,甲基安非他命,0,2,0~30,吊銷3年
7,週三,13,新北市,小客車,30-39歲,男,A2,1,尿液,安非他命,0,1,31~60,吊銷3年
10,週四,12,嘉義市,小客車,40-49歲,男,A2,2,尿液,甲基安非他命,0,0,0~30,吊扣2年
5,週二,10,宜蘭縣,機車,40-49歲,男,A2,2,尿液,安非他命,1,0,0~30,吊扣3年
1,週五,7,高雄市,機車,40-49歲,女,A2,2,尿液,嗎啡,3,1,31~60,吊銷3年
10,週五,14,彰化縣,機車,40-49歲,男,A2,1,尿液,甲基安非他命,2,0,31~60,吊扣4年
3,週日,3,基隆市,小客車,40-49歲,男,A2,1,尿液,甲基安非他命,3,0,0~30,吊扣4年
10,週四,18,新北市,小客車,40-49歲,男,A2,1,尿液,嗎啡,2,1,61~120,吊銷3年
2,週六,18,新北市,小客車,40-49歲,男,A2,1,尿液,愷他命,0,1,31~60,吊銷3年
10,週日,13,桃園市,機車,20-29歲,女,A2,2,尿液,安非他命,3,0,31~60,吊扣4年
5,週六,19,苗栗縣,小客車,50-59歲,男,A2,1,尿液,甲基安非他命,2,1,31~60,吊銷3年
9,週日,8,臺北市,小客車,20-29歲,男,A2,1,尿液,安非他命,2,2,31~60,吊銷3年
12,週四,0,新竹市,機車,20-29歲,男,A2,1,尿液,安非他命,3,0,61~120,吊扣3年
6,週日,11,桃園市,小客車,20-29歲,男,A2,1,尿液,愷他命,2,1,0~30,吊銷3年
2,週四,7,桃園市,機車,40-49歲,男,A2,2,尿液,安非他命,0,0,0~30,吊扣4年
7,週日,2,桃園市,小客車,40-49歲,女,A2,1,尿液,安非他命,0,1,31~60,吊銷3年
4,週四,9,宜蘭縣,貨車,40-49歲,男,A2,1,血液,甲基安非他命,3,2,0~30,吊銷3年
4,週三,8,新北市,小客車,40-49歲,男,A2,1,尿液,甲基安非他命,2,1,121~500,吊銷3年
10,週五,22,雲林縣,機車,40-49歲,男,A2,1,尿液,安非他命,2,1,31~60,吊銷3年
1,週四,17,彰化縣,小客車,50-59歲,男,A2,1,尿液,甲基安非他命,1,2,0~30,吊銷3年
9,週一,20,臺南市,小客車,50-59歲,女,A2,1,尿液,安非他命,3,1,0~30,吊銷3年
1,週六,8,新竹市,機車,40-49歲,男,A2,1,尿液,甲基安非他命,0,2,31~60,吊銷3年
12,週四,23,高雄市,小客車,50-59歲,男,A2,1,尿液,安非他命,0,2,31~60,吊銷3年
2,週一,11,臺中市,機車,40-49歲,男,A2,1,尿液,安非他命,3,1,31~60,吊銷3年
4,週六,12,臺北市,機車,40-49歲,男,A2,1,尿液,安非他命,1,1,31~60,吊銷3年
11,週一,22,南投縣,機車,50-59歲,男,A2,1,尿液,甲基安非他命,1,1,121~500,吊銷3年
9,週一,18,新北市,機車,50-59歲,男,A2,1,血液,甲基安非他命,0,3,61~120,吊銷3年
7,週三,18,臺中市,小客車,20-29歲,男,A2,1,尿液,甲基安非他命,0,0,121~500,吊扣3年
11,週一,7,臺中市,機車,30-39歲,男,A2,2,尿液,嗎啡,2,0,31~60,吊扣3年
3,週一,16,桃園市,小客車,40-49歲,男,A2,1,尿液,甲基安非他命,0,1,0~30,吊銷3年
4,週三,4,桃園市,機車,19歲以下,男,A2,1,尿液,甲基安非他命,1,3,121~500,吊銷3年
8,週六,21,桃園市,貨車,50-59歲,男,A2,1,尿液,安非他命,1,0,31~60,吊扣4年
5,週四,18,臺中市,小客車,50-59歲,男,A2,1,尿液,嗎啡,3,0,0~30,吊扣3年
9,週一,7,新竹市,小客車,40-49歲,男,A2,1,血液,甲基安非他命,2,2,0~30,吊銷3年
8,週一,23,臺北市,小客車,40-49歲,男,A2,1,尿液,安非他命,3,1,31~60,吊銷3年
6,週二,17,屏東縣,機車,60歲以上,男,A2,1,尿液,嗎啡,2,3,31~60,吊銷3年
4,週六,18,臺南市,小客車,50-59歲,男,A2,2,尿液,愷他命,1,3,31~60,吊銷3年
5,週日,16,臺中市,機車,30-39歲,男,A2,2,血液,甲基安非他命,3,0,0~30,吊扣3年
11,週二,23,新北市,小客車,50-59歲,男,A2,1,尿液,愷他命,1,0,0~30,吊扣4年
10,週三,2,新北市,貨車,40-49歲,男,A2,1,尿液,甲基安非他命,1,0,0~30,吊扣3年
4,週二,19,苗栗縣,小客車,20-29歲,男,A2,1,尿液,嗎啡,1,1,121~500,吊銷3年
3,週日,15,高雄市,機車,20-29歲,男,A2,1,血液,愷他命,3,1,0~30,吊銷3年
4,週日,19,桃園市,小客車,50-59歲,男,A2,1,尿液,甲基安非他命,2,2,121~500,吊銷3年
6,週四,13,新北市,小客車,40-49歲,男,A2,1,血液,安非他命,2,0,61~120,吊扣4年
7,週二,17,高雄市,小客車,50-59歲,男,A2,1,尿液,甲基安非他命,2,2,0~30,吊銷3年
8,週四,17,高雄市,機車,50-59歲,男,A2,1,尿液,嗎啡,0,0,31~60,吊扣3年
4,週五,19,基隆市,機車,40-49歲,男,A2,1,尿液,愷他命,3,0,0~30,吊扣2年
12,週日,6,新北市,小客車,50-59歲,男,A2,1,尿液,安非他命,2,0,31~60,吊扣2年
10,週四,18,臺北市,小客車,40-49歲,男,A2,1,尿液,愷他命,1,1,31~60,吊銷3年
7,週三,10,臺中市,貨車,50-59歲,男,A2,1,血液,甲基安非他命,1,0,31~60,吊扣4年
10,週三,8,臺中市,機車,40-49歲,男,A2,1,尿液,愷他命,1,1,31~60,吊銷3年
9,週日,8,新北市,機車,50-59歲,女,A2,1,尿液,安非他命,1,2,31~60,吊銷3年
5,週三,9,臺北市,小客車,30-39歲,男,A2,1,尿液,安非他命,0,0,31~60,吊扣4年
5,週二,6,澎湖縣,機車,40-49歲,男,A1,1,尿液,嗎啡,0,0,31~60,吊銷終身
6,週一,18,臺南市,機車,60歲以上,女,A2,1,尿液,愷他命,3,0,31~60,吊扣4年
12,週五,19,新北市,機車,60歲以上,男,A2,1,尿液,甲基安非他命,2,0,31~60,吊扣2年
12,週二,9,臺南市,小客車,20-29歲,男,A2,1,尿液,甲基安非他命,1,0,31~60,吊扣3年
11,週六,8,臺中市,小客車,50-59歲,男,A2,1,尿液,安非他命,3,3,121~500,吊銷3年
3,週一,17,臺南市,小客車,60歲以上,男,A2,1,尿液,安非他命,2,3,31~60,吊銷3年
11,週四,0,嘉義市,機車,40-49歲,男,A2,1,尿液,甲基安非他命,0,0,0~30,吊扣4年
4,週六,19,桃園市,小客車,50-59歲,男,A2,1,尿液,嗎啡,2,0,61~120,吊扣4年
5,週六,20,臺中市,小客車,50-59歲,男,A2,1,尿液,安非他命,3,2,0~30,吊銷3年
9,週六,7,高雄市,小客車,40-49歲,男,A2,1,尿液,甲基安非他命,1,0,121~500,吊扣4年
7,週五,14,臺北市,機車,40-49歲,女,A2,2,尿液,甲基安非他命,2,0,0~30,吊扣4年
2,週六,10,新北市,小客車,40-49歲,男,A2,3,尿液,甲基安非他命,2,0,0~30,吊扣2年
10,週日,0,臺中市,機車,40-49歲,男,A2,1,血液,甲基安非他命,3,0,121~500,吊扣2年
1,週六,18,桃園市,機車,40-49歲,男,A2,2,尿液,安非他命,2,0,31~60,吊扣3年
3,週六,12,新北市,機車,19歲以下,男,A2,2,尿液,安非他命,3,2,31~60,吊銷3年
5,週日,22,新竹縣,貨車,40-49歲,女,A2,1,尿液,嗎啡,1,4,0~30,吊銷3年
11,週六,5,新北市,機車,40-49歲,女,A2,1,尿液,安非他命,1,0,121~500,吊扣2年
7,週一,19,臺北市,大客車,50-59歲,男,A2,1,尿液,安非他命,2,2,0~30,吊銷3年
1,週一,8,高雄市,小客車,40-49歲,男,A2,1,尿液,甲基安非他命,2,1,31~60,吊銷3年
9,週一,15,臺北市,小客車,20-29歲,男,A2,1,尿液,甲基安非他命,2,0,61~120,吊扣2年
12,週日,22,高雄市,機車,40-49歲,男,A2,2,尿液,嗎啡,1,1,0~30,吊銷3年
3,週三,19,高雄市,機車,40-49歲,男,A2,2,尿液,愷他命,2,0,0~30,吊扣4年
7,週一,22,臺中市,小客車,50-59歲,男,A2,2,尿液,甲基安非他命,2,2,31~60,吊銷3年
5,週三,8,臺中市,機車,50-59歲,女,A2,2,尿液,愷他命,1,1,31~60,吊銷3年
3,週日,20,臺北市,小客車,20-29歲,女,A2,1,尿液,愷他命,2,0,0~30,吊扣3年
1,週三,23,嘉義縣,小客車,40-49歲,男,A2,1,尿液,甲基安非他命,1,1,31~60,吊銷3年
10,週日,23,高雄市,小客車,20-29歲,男,A2,1,尿液,安非他命,3,1,0~30,吊銷3年
10,週二,19,高雄市,機車,40-49歲,男,A2,2,尿液,安非他命,3,1,31~60,吊銷3年
7,週三,22,臺中市,機車,50-59歲,男,A2,1,血液,安非他命,0,0,0~30,吊扣4年
4,週三,21,桃園市,機車,30-39歲,男,A2,1,尿液,安非他命,2,0,31~60,吊扣3年
9,週日,15,臺中市,機車,50-59歲,男,A2,1,尿液,愷他命,1,3,31~60,吊銷3年
3,週三,8,新北市,機車,40-49歲,男,A2,1,尿液,嗎啡,2,1,0~30,吊銷3年
7,週一,10,嘉義市,小客車,60歲以上,男,A2,1,尿液,甲基安非他命,1,1,0~30,吊銷3年
4,週三,10,高雄市,機車,40-49歲,男,A2,2,尿液,愷他命,0,0,0~30,吊扣4年
11,週一,22,新北市,小客車,40-49歲,男,A2,1,血液,甲基安非他命,1,0,31~60,吊扣4年
1,週日,15,新北市,小客車,40-49歲,男,A2,1,尿液,安非他命,3,0,0~30,吊扣3年
3,週三,15,雲林縣,機車,40-49歲,男,A2,2,尿液,安非他命,1,0,31~60,吊扣4年
10,週日,19,高雄市,小客車,40-49歲,女,A2,1,尿液,安非他命,3,2,0~30,吊銷3年
7,週一,20,臺南市,機車,50-59歲,男,A2,1,尿液,愷他命,3,1,0~30,吊銷3年
3,週三,7,臺南市,機車,50-59歲,男,A2,1,尿液,安非他命,0,2,31~60,吊銷3年
6,週日,8,高雄市,大客車,40-49歲,男,A2,1,尿液,甲基安非他命,0,1,31~60,吊銷3年
6,週二,15,屏東縣,貨車,40-49歲,男,A2,1,血液,安非他命,1,0,31~60,吊扣3年
6,週一,22,金門縣,機車,20-29歲,女,A2,1,尿液,安非他命,2,0,121~500,吊扣2年
7,週一,11,臺南市,機車,60歲以上,男,A2,1,尿液,甲基安非他命,3,0,0~30,吊扣2年
5,週四,18,臺中市,小客車,40-49歲,男,A2,1,血液,甲基安非他命,1,0,31~60,吊扣2年
8,週一,7,新竹市,小客車,30-39歲,男,A2,1,尿液,嗎啡,3,0,31~60,吊扣4年
1,週三,22,桃園市,機車,40-49歲,男,A2,1,尿液,甲基安非他命,2,1,121~500,吊銷3年
11,週二,16,南投縣,機車,60歲以上,男,A2,1,血液,愷他命,2,0,121~500,吊扣2年
2,週一,18,臺北市,小客車,50-59歲,男,A2,1,尿液,甲基安非他命,1,4,31~60,吊銷3年
7,週五,14,高雄市,小客車,40-49歲,男,A2,1,尿液,甲基安非他命,3,1,31~60,吊銷3年
2,週一,15,新北市,小客車,40-49歲,男,A2,1,尿液,安非他命,1,1,31~60,吊銷3年
3,週日,17,桃園市,小客車,40-49歲,女,A2,1,血液,甲基安非他命,2,3,0~30,吊銷3年
1,週三,10,屏東縣,機車,40-49歲,男,A2,1,尿液,甲基安非他命,0,3,31~60,吊銷3年
6,週五,8,臺北市,機車,50-59歲,男,A2,1,尿液,嗎啡,1,4,31~60,吊銷3年
5,週三,18,臺南市,機車,40-49歲,男,A2,1,尿液,甲基安非他命,1,2,31~60,吊銷3年
2,週六,16,新北市,機車,19歲以下,女,A2,1,血液,甲基安非他命,3,1,121~500,吊銷3年
10,週一,7,臺中市,貨車,50-59歲,男,A2,1,尿液,愷他命,3,4,31~60,吊銷3年
11,週三,9,新北市,機車,50-59歲,男,A2,1,尿液,甲基安非他命,3,1,0~30,吊銷3年
3,週五,22,新北市,機車,40-49歲,女,A2,1,尿液,甲基安非他命,0,0,0~30,吊扣4年
5,週五,11,臺南市,小客車,20-29歲,男,A2,1,尿液,甲基安非他命,3,1,31~60,吊銷3年
2,週四,18,雲林縣,機車,40-49歲,男,A2,1,尿液,愷他命,0,1,31~60,吊銷3年
11,週五,17,臺南市,貨車,30-39歲,女,A2,1,尿液,嗎啡,0,1,31~60,吊銷3年
5,週五,23,臺南市,機車,60歲以上,男,A2,1,尿液,愷他命,0,1,31~60,吊銷3年
2,週三,9,臺南市,機車,20-29歲,男,A2,2,尿液,嗎啡,0,0,31~60,吊扣4年
11,週一,7,臺中市,機車,30-39歲,男,A2,1,尿液,安非他命,2,0,121~500,吊扣3年
7,週五,0,新北市,機車,20-29歲,男,A2,1,尿液,愷他命,0,2,0~30,吊銷3年
11,週一,20,新竹市,機車,50-59歲,男,A2,2,尿液,安非他命,2,0,0~30,吊扣4年
10,週三,10,臺中市,貨車,50-59歲,男,A2,1,尿液,嗎啡,3,4,31~60,吊銷3年
8,週五,19,新北市,機車,20-29歲,女,A2,1,尿液,安非他命,3,0,31~60,吊扣3年
11,週五,2,屏東縣,小客車,60歲以上,男,A2,1,尿液,安非他命,0,1,31~60,吊銷3年
4,週四,16,宜蘭縣,小客車,30-39歲,男,A2,3,血液,安非他命,0,0,121~500,吊扣2年
6,週二,18,臺中市,小客車,20-29歲,男,A2,1,尿液,安非他命,2,1,121~500,吊銷3年
6,週六,10,臺北市,機車,50-59歲,女,A2,2,血液,甲基安非他命,3,2,31~60,吊銷3年
8,週六,14,臺中市,機車,40-49歲,男,A2,1,尿液,愷他命,3,3,121~500,吊銷3年
10,週六,17,新北市,機車,50-59歲,男,A2,1,尿液,甲基安非他命,2,1,31~60,吊銷3年
6,週日,0,臺中市,機車,60歲以上,男,A2,1,尿液,甲基安非他命,0,0,31~60,吊扣4年
3,週一,9,新北市,機車,60歲以上,男,A2,1,尿液,甲基安非他命,2,2,0~30,吊銷3年
10,週二,18,桃園市,機車,40-49歲,男,A2,1,血液,愷他命,0,1,0~30,吊銷3年
3,週四,12,臺北市,機車,50-59歲,男,A2,2,尿液,甲基安非他命,1,3,31~60,吊銷3年
10,週三,10,新北市,機車,30-39歲,女,A2,1,血液,甲基安非他命,2,0,0~30,吊扣3年
5,週六,23,彰化縣,小客車,40-49歲,男,A2,1,尿液,安非他命,0,3,121~500,吊銷3年
2,週二,11,彰化縣,機車,40-49歲,男,A2,1,尿液,安非他命,0,1,61~120,吊銷3年
5,週三,23,新北市,機車,60歲以上,男,A2,2,尿液,甲基安非他命,2,0,31~60,吊扣2年
11,週一,18,臺中市,小客車,50-59歲,女,A2,1,尿液,甲基安非他命,2,0,0~30,吊扣4年
6,週二,12,桃園市,機車,40-49歲,男,A2,1,尿液,安非他命,1,1,31~60,吊銷3年
3,週四,10,基隆市,小客車,30-39歲,男,A2,2,尿液,甲基安非他命,0,0,0~30,吊扣2年
11,週六,20,高雄市,機車,40-49歲,男,A2,2,尿液,嗎啡,1,0,31~60,吊扣3年
11,週一,8,新北市,機車,30-39歲,男,A2,1,尿液,甲基安非他命,2,1,61~120,吊銷3年
4,週二,17,臺中市,機車,30-39歲,男,A2,2,尿液,MDMA,2,0,31~60,吊扣3年
6,週一,17,高雄市,機車,50-59歲,女,A2,1,尿液,甲基安非他命,0,1,121~500,吊銷3年
2,週一,0,臺南市,小客車,50-59歲,女,A2,1,尿液,安非他命,3,2,0~30,吊銷3年
8,週四,9,嘉義縣,機車,30-39歲,男,A2,1,尿液,甲基安非他命,3,0,0~30,吊扣2年
2,週一,19,彰化縣,小客車,40-49歲,男,A2,1,尿液,安非他命,3,0,0~30,吊扣3年
1,週二,17,高雄市,小客車,60歲以上,男,A2,1,尿液,甲基安非他命,2,1,0~30,吊銷3年
12,週一,12,嘉義縣,機車,40-49歲,女,A2,1,血液,安非他命,1,0,31~60,吊扣3年
7,週二,3,臺北市,小客車,40-49歲,男,A2,2,尿液,愷他命,2,0,0~30,吊扣4年
6,週二,19,高雄市,小客車,50-59歲,男,A2,1,尿液,甲基安非他命,3,2,31~60,吊銷3年
7,週日,17,臺北市,小客車,20-29歲,男,A2,1,尿液,安非他命,1,2,121~500,吊銷3年
5,週二,16,新北市,小客車,30-39歲,男,A2,1,尿液,愷他命,0,0,31~60,吊扣4年
5,週四,11,桃園市,小客車,30-39歲,男,A2,1,尿液,安非他命,0,0,121~500,吊扣2年
6,週五,9,臺北市,小客車,30-39歲,男,A2,2,尿液,愷他命,0,0,121~500,吊扣2年
5,週三,20,屏東縣,機車,50-59歲,男,A2,1,尿液,甲基安非他命,1,1,61~120,吊銷3年
2,週二,6,雲林縣,小客車,60歲以上,男,A2,2,尿液,甲基安非他命,1,0,31~60,吊扣3年
5,週三,19,新北市,機車,50-59歲,男,A2,1,尿液,愷他命,2,0,0~30,吊扣4年
12,週一,7,宜蘭縣,機車,40-49歲,男,A2,1,尿液,安非他命,1,1,31~60,吊銷3年
10,週四,0,高雄市,小客車,50-59歲,男,A2,1,尿液,愷他命,1,0,0~30,吊扣4年
5,週一,10,臺北市,小客車,50-59歲,女,A2,1,尿液,甲基安非他命,1,0,0~30,吊扣3年
5,週六,12,臺北市,機車,40-49歲,男,A2,2,尿液,嗎啡,3,0,0~30,吊扣4年
9,週六,0,基隆市,小客車,40-49歲,男,A2,1,血液,安非他命,2,1,121~500,吊銷3年
7,週日,18,新北市,機車,30-39歲,女,A2,2,血液,甲基安非他命,0,0,61~120,吊扣2年
11,週一,8,宜蘭縣,小客車,30-39歲,男,A2,1,尿液,甲基安非他命,3,2,31~60,吊銷3年
9,週二,9,高雄市,機車,50-59歲,男,A2,2,尿液,愷他命,3,0,0~30,吊扣2年
3,週一,7,高雄市,貨車,40-49歲,男,A2,1,尿液,愷他命,1,2,31~60,吊銷3年
9,週日,13,臺中市,小客車,20-29歲,男,A2,1,尿液,甲基安非他命,2,1,31~60,吊銷3年
2,週日,22,臺北市,機車,40-49歲,男,A2,2,尿液,安非他命,0,0,0~30,吊扣2年
1,週日,14,桃園市,機車,50-59歲,男,A2,4,尿液,安非他命,0,0,0~30,吊扣4年
4,週日,9,高雄市,小客車,30-39歲,男,A2,1,尿液,安非他命,2,1,0~30,吊銷3年
9,週三,8,高雄市,機車,20-29歲,男,A2,1,尿液,甲基安非他命,3,1,31~60,吊銷3年
1,週一,16,新竹縣,機車,30-39歲,男,A2,1,尿液,甲基安非他命,0,0,31~60,吊扣3年
1,週五,21,新北市,機車,30-39歲,女,A2,2,血液,愷他命,2,0,31~60,吊扣4年
7,週日,3,臺北市,小客車,50-59歲,男,A2,1,尿液,愷他命,2,1,0~30,吊銷3年
4,週六,17,新北市,機車,30-39歲,男,A2,1,尿液,甲基安非他命,0,1,31~60,吊銷3年
10,週六,10,臺北市,小客車,60歲以上,女,A2,1,尿液,甲基安非他命,1,0,121~500,吊扣3年
10,週五,8,高雄市,小客車,50-59歲,男,A2,1,尿液,安非他命,2,0,31~60,吊扣4年
7,週日,9,臺北市,機車,20-29歲,男,A2,1,尿液,安非他命,1,2,31~60,吊銷3年
5,週四,17,臺南市,小客車,50-59歲,女,A2,1,血液,愷他命,1,1,0~30,吊銷3年
3,週五,20,臺南市,機車,50-59歲,男,A2,1,尿液,嗎啡,2,0,31~60,吊扣3年
7,週四,17,新竹縣,機車,30-39歲,男,A2,2,尿液,安非他命,2,2,31~60,吊銷3年
1,週五,18,新北市,大客車,30-39歲,女,A2,1,尿液,嗎啡,2,0,0~30,吊扣2年
7,週四,2,臺南市,小客車,40-49歲,女,A2,1,尿液,安非他命,2,0,31~60,吊扣2年
8,週日,15,新北市,機車,40-49歲,女,A2,1,尿液,甲基安非他命,2,2,0~30,吊銷3年
10,週一,19,新竹市,機車,30-39歲,女,A2,1,尿液,愷他命,3,0,31~60,吊扣3年
7,週二,17,新北市,小客車,50-59歲,男,A2,2,尿液,愷他命,3,0,31~60,吊扣2年
8,週三,18,臺北市,小客車,40-49歲,男,A2,1,尿液,安非他命,2,1,0~30,吊銷3年
3,週六,20,新北市,機車,40-49歲,男,A2,1,尿液,甲基安非他命,2,0,0~30,吊扣4年
3,週日,1,宜蘭縣,貨車,40-49歲,男,A2,2,尿液,甲基安非他命,3,0,31~60,吊扣4年
5,週日,14,新北市,機車,60歲以上,男,A2,2,尿液,安非他命,0,1,0~30,吊銷3年
10,週五,11,臺南市,小客車,40-49歲,男,A2,1,尿液,安非他命,1,0,61~120,吊扣2年
9,週五,10,嘉義縣,小客車,30-39歲,男,A2,1,尿液,嗎啡,2,2,121~500,吊銷3年
5,週二,18,高雄市,小客車,40-49歲,男,A2,1,尿液,甲基安非他命,0,1,0~30,吊銷3年
6,週日,8,臺中市,機車,50-59歲,男,A2,1,血液,甲基安非他命,0,1,61~120,吊銷3年
10,週日,18,彰化縣,機車,40-49歲,女,A2,1,尿液,嗎啡,2,0,0~30,吊扣3年
7,週三,17,臺北市,大客車,50-59歲,男,A2,1,尿液,安非他命,3,0,31~60,吊扣3年
3,週一,11,新竹縣,貨車,40-49歲,男,A2,1,尿液,安非他命,0,0,0~30,吊扣4年
10,週四,15,臺東縣,機車,40-49歲,男,A1,0,血液,安非他命,2,1,0~30,吊銷終身
7,週二,9,高雄市,小客車,50-59歲,男,A2,1,尿液,安非他命,2,1,31~60,吊銷3年
6,週五,12,桃園市,小客車,19歲以下,男,A2,1,尿液,安非他命,1,1,31~60,吊銷3年
8,週一,7,嘉義縣,小客車,40-49歲,男,A2,1,尿液,愷他命,0,0,31~60,吊扣2年
8,週四,9,高雄市,小客車,40-49歲,男,A2,1,尿液,愷他命,3,1,0~30,吊銷3年
8,週一,7,嘉義縣,小客車,50-59歲,男,A2,1,尿液,安非他命,0,1,31~60,吊銷3年
10,週六,19,臺中市,小客車,40-49歲,男,A2,2,尿液,甲基安非他命,2,0,31~60,吊扣2年
7,週一,9,彰化縣,貨車,60歲以上,男,A2,1,尿液,安非他命,3,0,121~500,吊扣2年
8,週二,17,桃園市,機車,30-39歲,男,A2,2,尿液,甲基安非他命,3,2,0~30,吊銷3年
12,週三,19,臺北市,大客車,20-29歲,男,A2,1,尿液,安非他命,0,2,31~60,吊銷3年
9,週三,15,臺中市,機車,50-59歲,男,A2,2,尿液,安非他命,2,0,0~30,吊扣4年
4,週日,0,新北市,小客車,30-39歲,男,A2,1,尿液,安非他命,3,0,0~30,吊扣2年
8,週六,11,基隆市,小客車,40-49歲,男,A2,1,尿液,愷他命,1,1,0~30,吊銷3年
7,週五,19,彰化縣,機車,60歲以上,男,A2,2,尿液,安非他命,2,0,31~60,吊扣2年
7,週二,17,新北市,機車,40-49歲,男,A2,1,尿液,安非他命,2,0,0~30,吊扣3年
3,週六,8,臺中市,小客車,50-59歲,男,A2,1,尿液,甲基安非他命,0,2,31~60,吊銷3年
8,週五,22,臺中市,機車,40-49歲,男,A2,2,血液,甲基安非他命,2,0,61~120,吊扣3年
4,週三,13,臺中市,機車,20-29歲,女,A2,1,尿液,嗎啡,1,0,0~30,吊扣3年
10,週二,18,臺南市,機車,50-59歲,男,A2,1,尿液,安非他命,3,0,0~30,吊扣4年
5,週一,10,新北市,小客車,40-49歲,男,A2,1,尿液,愷他命,0,0,0~30,吊扣2年
6,週三,22,南投縣,機車,50-59歲,男,A2,1,尿液,安非他命,3,2,31~60,吊銷3年
10,週二,19,臺中市,小客車,40-49歲,男,A2,2,尿液,甲基安非他命,0,1,31~60,吊銷3年
7,週三,15,臺北市,小客車,40-49歲,男,A2,1,尿液,愷他命,1,0,121~500,吊扣4年
5,週一,8,臺北市,小客車,20-29歲,男,A2,1,尿液,安非他命,1,1,31~60,吊銷3年
10,週二,0,臺北市,機車,50-59歲,男,A2,1,尿液,安非他命,0,1,0~30,吊銷3年
11,週日,19,臺南市,小客車,30-39歲,男,A2,1,尿液,安非他命,0,0,31~60,吊扣2年
3,週三,18,桃園市,機車,60歲以上,男,A2,1,尿液,甲基安非他命,2,2,31~60,吊銷3年
5,週四,1,臺南市,小客車,50-59歲,男,A2,1,尿液,安非他命,1,4,31~60,吊銷3年
11,週二,8,臺北市,機車,40-49歲,男,A2,1,尿液,嗎啡,2,0,31~60,吊扣2年
5,週日,12,澎湖縣,機車,60歲以上,男,A2,2,尿液,嗎啡,3,0,121~500,吊扣2年
6,週日,18,高雄市,機車,30-39歲,男,A2,1,尿液,嗎啡,2,1,31~60,吊銷3年
10,週二,9,金門縣,機車,50-59歲,男,A2,2,尿液,安非他命,1,1,31~60,吊銷3年
5,週三,10,臺中市,機車,60歲以上,女,A2,1,血液,安非他命,2,2,61~120,吊銷3年
12,週五,17,臺北市,小客車,40-49歲,男,A2,1,尿液,甲基安非他命,3,2,61~120,吊銷3年
5,週一,9,臺北市,大客車,50-59歲,男,A2,1,尿液,愷他命,3,1,31~60,吊銷3年
8,週一,18,桃園市,機車,50-59歲,男,A2,2,尿液,安非他命,3,0,0~30,吊扣2年
8,週日,9,宜蘭縣,機車,40-49歲,男,A2,2,尿液,愷他命,2,1,31~60,吊銷3年
6,週四,10,臺南市,貨車,50-59歲,男,A2,1,尿液,甲基安非他命,2,2,31~60,吊銷3年
9,週二,15,基隆市,機車,60歲以上,男,A2,1,尿液,甲基安非他命,1,0,31~60,吊扣3年
6,週六,8,桃園市,小客車,50-59歲,男,A2,1,尿液,愷他命,0,1,31~60,吊銷3年
1,週五,12,臺北市,機車,50-59歲,女,A2,2,尿液,愷他命,0,3,0~30,吊銷3年
3,週五,17,新北市,機車,50-59歲,男,A2,1,尿液,安非他命,0,0,31~60,吊扣2年
3,週一,16,新北市,機車,60歲以上,男,A2,1,尿液,愷他命,1,0,0~30,吊扣3年
9,週五,14,新北市,小客車,50-59歲,男,A2,1,尿液,甲基安非他命,3,1,61~120,吊銷3年
5,週一,23,南投縣,機車,30-39歲,男,A2,1,尿液,甲基安非他命,2,1,0~30,吊銷3年
4,週六,2,南投縣,小客車,60歲以上,男,A2,2,尿液,愷他命,0,0,0~30,吊扣4年
7,週日,11,新北市,機車,50-59歲,男,A2,2,尿液,甲基安非他命,1,1,0~30,吊銷3年
6,週三,7,桃園市,小客車,40-49歲,男,A1,1,血液,安非他命,1,1,0~30,吊銷終身
7,週五,9,臺南市,小客車,40-49歲,男,A2,1,尿液,愷他命,0,2,121~500,吊銷3年
12,週六,20,臺南市,小客車,40-49歲,男,A2,1,血液,甲基安非他命,2,4,0~30,吊銷3年
11,週二,19,桃園市,小客車,40-49歲,男,A2,2,尿液,嗎啡,2,3,31~60,吊銷3年
11,週六,19,嘉義市,機車,40-49歲,男,A2,2,血液,甲基安非他命,3,3,31~60,吊銷3年
11,週二,8,新北市,機車,30-39歲,男,A2,1,尿液,愷他命,1,1,61~120,吊銷3年
5,週四,12,臺中市,機車,50-59歲,男,A2,2,尿液,甲基安非他命,1,0,0~30,吊扣2年
10,週一,17,新北市,小客車,50-59歲,男,A2,1,尿液,甲基安非他命,0,1,31~60,吊銷3年
10,週六,13,桃園市,機車,40-49歲,女,A2,1,尿液,甲基安非他命,3,0,0~30,吊扣2年
11,週六,13,屏東縣,小客車,40-49歲,女,A2,1,血液,甲基安非他命,2,1,121~500,吊銷3年
7,週三,22,臺中市,機車,50-59歲,男,A2,1,尿液,愷他命,3,0,31~60,吊扣2年
10,週二,8,桃園市,小客車,50-59歲,男,A2,1,尿液,安非他命,0,0,0~30,吊扣3年
4,週六,12,桃園市,小客車,50-59歲,男,A2,1,尿液,甲基安非他命,1,0,31~60,吊扣3年
3,週二,22,臺北市,機車,40-49歲,男,A2,1,尿液,嗎啡,0,1,0~30,吊銷3年
9,週一,0,臺南市,小客車,30-39歲,女,A2,2,血液,甲基安非他命,0,0,0~30,吊扣3年
5,週六,8,臺中市,機車,50-59歲,女,A2,1,尿液,甲基安非他命,3,0,0~30,吊扣2年
1,週日,22,新北市,機車,40-49歲,男,A2,2,尿液,安非他命,1,0,31~60,吊扣2年
9,週一,8,桃園市,小客車,40-49歲,男,A2,1,尿液,安非他命,0,2,31~60,吊銷3年
4,週六,8,高雄市,小客車,50-59歲,男,A2,1,尿液,甲基安非他命,3,0,121~500,吊扣2年
7,週三,12,屏東縣,小客車,50-59歲,男,A2,1,尿液,安非他命,0,0,31~60,吊扣4年
3,週一,10,臺南市,小客車,30-39歲,男,A2,1,尿液,嗎啡,3,1,0~30,吊銷3年
5,週五,19,屏東縣,機車,30-39歲,男,A2,2,尿液,安非他命,3,1,121~500,吊銷3年
7,週五,15,南投縣,小客車,40-49歲,男,A2,1,尿液,甲基安非他命,1,1,0~30,吊銷3年
3,週四,17,新北市,機車,50-59歲,男,A2,1,尿液,甲基安非他命,0,1,31~60,吊銷3年
10,週一,15,臺北市,小客車,50-59歲,男,A2,1,尿液,愷他命,0,1,31~60,吊銷3年
12,週一,19,嘉義縣,小客車,40-49歲,男,A2,1,尿液,安非他命,2,0,31~60,吊扣4年
3,週三,17,新北市,大客車,30-39歲,男,A2,2,血液,安非他命,3,1,31~60,吊銷3年
6,週四,7,彰化縣,貨車,40-49歲,男,A1,0,尿液,安非他命,3,2,31~60,吊銷終身
10,週六,16,高雄市,小客車,30-39歲,男,A2,1,尿液,甲基安非他命,3,1,31~60,吊銷3年
1,週五,19,臺北市,小客車,40-49歲,女,A2,1,尿液,安非他命,1,1,0~30,吊銷3年
10,週日,7,臺中市,小客車,60歲以上,男,A2,1,尿液,嗎啡,1,0,0~30,吊扣2年
10,週四,10,宜蘭縣,小客車,40-49歲,男,A2,1,尿液,甲基安非他命,2,0,31~60,吊扣3年
1,週三,2,新竹縣,機車,50-59歲,男,A1,0,尿液,嗎啡,0,0,31~60,吊銷終身
3,週日,21,臺南市,機車,60歲以上,男,A2,1,尿液,甲基安非他命,0,2,31~60,吊銷3年
7,週二,15,桃園市,機車,20-29歲,男,A2,1,尿液,安非他命,2,1,0~30,吊銷3年
10,週六,9,新北市,小客車,30-39歲,男,A2,1,尿液,愷他命,3,1,31~60,吊銷3年
3,週四,6,新北市,機車,40-49歲,男,A2,1,尿液,甲基安非他命,3,2,0~30,吊銷3年
12,週四,17,新北市,機車,40-49歲,男,A2,4,尿液,甲基安非他命,2,0,0~30,吊扣3年
11,週五,13,新北市,小客車,30-39歲,男,A2,2,血液,甲基安非他命,3,0,0~30,吊扣4年
4,週三,22,臺北市,機車,30-39歲,男,A2,1,尿液,嗎啡,0,1,31~60,吊銷3年
5,週六,16,屏東縣,小客車,40-49歲,男,A2,1,尿液,甲基安非他命,1,0,0~30,吊扣4年
3,週六,5,臺中市,小客車,40-49歲,女,A2,1,尿液,甲基安非他命,2,1,61~120,吊銷3年
2,週四,18,屏東縣,機車,40-49歲,女,A2,1,尿液,安非他命,0,2,0~30,吊銷3年
4,週六,21,彰化縣,機車,40-49歲,男,A2,1,尿液,安非他命,1,2,0~30,吊銷3年
8,週一,16,新竹縣,機車,30-39歲,女,A2,1,尿液,愷他命,0,0,61~120,吊扣4年
5,週一,12,高雄市,機車,30-39歲,男,A2,1,尿液,嗎啡,2,0,31~60,吊扣2年
7,週六,16,屏東縣,貨車,50-59歲,男,A2,1,尿液,甲基安非他命,3,0,31~60,吊扣4年
8,週日,13,高雄市,小客車,50-59歲,女,A2,1,尿液,愷他命,0,1,31~60,吊銷3年
5,週六,19,臺北市,小客車,20-29歲,男,A2,1,尿液,嗎啡,1,0,31~60,吊扣2年
11,週日,16,基隆市,小客車,40-49歲,男,A2,1,尿液,甲基安非他命,2,1,121~500,吊銷3年
7,週六,18,新北市,機車,40-49歲,男,A2,1,尿液,愷他命,0,0,31~60,吊扣4年
11,週二,3,臺南市,小客車,50-59歲,男,A2,1,血液,安非他命,0,0,121~500,吊扣3年
11,週五,8,臺中市,小客車,30-39歲,男,A2,1,尿液,愷他命,3,1,31~60,吊銷3年
7,週五,14,南投縣,小客車,19歲以下,男,A2,1,尿液,安非他命,0,0,31~60,吊扣4年
11,週一,17,桃園市,機車,60歲以上,男,A2,1,尿液,甲基安非他命,2,0,31~60,吊扣4年
11,週五,11,新北市,機車,20-29歲,男,A2,2,尿液,嗎啡,1,2,61~120,吊銷3年
10,週五,9,南投縣,機車,40-49歲,男,A2,2,血液,愷他命,1,1,31~60,吊銷3年
6,週二,17,桃園市,機車,50-59歲,男,A2,2,尿液,愷他命,1,1,0~30,吊銷3年
8,週六,13,臺中市,機車,60歲以上,男,A2,3,尿液,安非他命,2,0,31~60,吊扣4年
7,週四,18,臺南市,小客車,30-39歲,女,A2,1,尿液,嗎啡,0,1,0~30,吊銷3年
3,週四,17,臺中市,小客車,30-39歲,男,A2,1,尿液,甲基安非他命,1,1,31~60,吊銷3年
5,週一,11,臺南市,機車,40-49歲,男,A2,2,血液,愷他命,1,0,31~60,吊扣2年
4,週一,14,彰化縣,貨車,50-59歲,男,A2,1,尿液,甲基安非他命,2,0,31~60,吊扣3年
7,週四,11,高雄市,機車,40-49歲,男,A2,1,尿液,安非他命,2,2,31~60,吊銷3年
11,週三,12,臺中市,小客車,50-59歲,男,A2,1,尿液,安非他命,1,1,31~60,吊銷3年
3,週六,11,新北市,機車,40-49歲,男,A2,2,尿液,甲基安非他命,1,0,31~60,吊扣3年
4,週三,22,基隆市,小客車,40-49歲,女,A2,1,尿液,甲基安非他命,1,1,0~30,吊銷3年
2,週四,18,高雄市,機車,30-39歲,男,A2,1,尿液,甲基安非他命,3,1,31~60,吊銷3年
2,週六,11,臺北市,機車,30-39歲,男,A2,1,尿液,甲基安非他命,0,1,0~30,吊銷3年
11,週五,14,嘉義市,機車,19歲以下,男,A2,1,尿液,甲基安非他命,1,2,31~60,吊銷3年
5,週一,18,臺中市,小客車,40-49歲,男,A2,1,尿液,安非他命,2,1,0~30,吊銷3年
7,週一,13,桃園市,貨車,40-49歲,男,A2,1,尿液,愷他命,0,1,0~30,吊銷3年
5,週六,11,臺南市,小客車,40-49歲,男,A2,1,尿液,愷他命,1,1,61~120,吊銷3年
1,週五,21,彰化縣,機車,50-59歲,男,A2,1,尿液,嗎啡,2,1,0~30,吊銷3年
4,週六,14,嘉義縣,小客車,40-49歲,男,A2,1,尿液,愷他命,1,0,121~500,吊扣2年
4,週四,18,臺北市,小客車,50-59歲,男,A2,1,尿液,安非他命,0,0,31~60,吊扣3年
7,週四,11,宜蘭縣,小客車,60歲以上,男,A2,2,尿液,甲基安非他命,0,1,0~30,吊銷3年
1,週日,13,新竹市,小客車,40-49歲,男,A2,1,尿液,安非他命,3,0,61~120,吊扣3年
5,週四,8,南投縣,機車,50-59歲,男,A2,2,尿液,甲基安非他命,3,1,0~30,吊銷3年
4,週二,16,臺北市,機車,50-59歲,男,A2,2,尿液,安非他命,2,0,0~30,吊扣2年
12,週三,20,嘉義縣,機車,40-49歲,男,A2,1,血液,甲基安非他命,0,3,121~500,吊銷3年
9,週四,23,宜蘭縣,小客車,40-49歲,男,A2,2,尿液,甲基安非他命,1,0,31~60,吊扣3年
2,週日,12,新北市,機車,20-29歲,女,A2,3,尿液,安非他命,0,1,31~60,吊銷3年
7,週五,11,臺南市,機車,40-49歲,男,A2,1,尿液,安非他命,2,0,31~60,吊扣3年
9,週二,18,新北市,機車,40-49歲,男,A2,2,尿液,愷他命,2,1,0~30,吊銷3年
4,週六,14,臺北市,貨車,50-59歲,男,A2,2,尿液,愷他命,2,0,61~120,吊扣4年
4,週五,15,新北市,機車,20-29歲,男,A2,1,尿液,安非他命,3,0,121~500,吊扣2年
8,週六,16,臺南市,小客車,40-49歲,女,A2,1,血液,愷他命,3,0,0~30,吊扣4年
10,週六,20,基隆市,小客車,50-59歲,男,A2,1,尿液,安非他命,1,1,31~60,吊銷3年
11,週六,11,嘉義縣,小客車,50-59歲,男,A2,4,尿液,安非他命,0,0,31~60,吊扣2年
2,週四,20,嘉義縣,小客車,30-39歲,男,A2,1,尿液,甲基安非他命,3,0,31~60,吊扣2年
4,週五,17,桃園市,機車,40-49歲,女,A2,1,尿液,嗎啡,2,1,121~500,吊銷3年
5,週六,9,高雄市,機車,40-49歲,男,A2,1,尿液,嗎啡,1,1,121~500,吊銷3年
11,週五,15,新北市,小客車,40-49歲,女,A2,1,血液,甲基安非他命,3,0,31~60,吊扣3年
7,週一,20,高雄市,小客車,50-59歲,男,A2,1,尿液,甲基安非他命,0,0,0~30,吊扣3年
3,週一,12,新北市,小客車,50-59歲,男,A2,1,尿液,甲基安非他命,2,1,0~30,吊銷3年
10,週一,18,臺南市,小客車,20-29歲,男,A2,1,尿液,安非他命,2,1,31~60,吊銷3年
5,週一,14,雲林縣,貨車,20-29歲,女,A2,2,尿液,愷他命,2,0,0~30,吊扣2年
7,週二,4,臺中市,貨車,40-49歲,男,A2,1,尿液,甲基安非他命,3,1,0~30,吊銷3年
8,週二,8,新北市,機車,50-59歲,男,A2,1,尿液,愷他命,2,1,0~30,吊銷3年
6,週六,20,臺南市,機車,30-39歲,男,A2,1,尿液,安非他命,3,2,61~120,吊銷3年
8,週五,17,新北市,小客車,40-49歲,男,A2,2,尿液,甲基安非他命,1,0,0~30,吊扣2年
9,週五,16,新北市,機車,40-49歲,女,A2,1,尿液,安非他命,0,0,31~60,吊扣3年
2,週六,18,臺南市,小客車,40-49歲,男,A2,2,尿液,安非他命,1,1,31~60,吊銷3年
9,週二,9,彰化縣,機車,50-59歲,男,A2,2,尿液,嗎啡,0,1,121~500,吊銷3年
8,週六,6,臺中市,機車,60歲以上,女,A2,2,尿液,安非他命,0,2,0~30,吊銷3年
9,週四,7,高雄市,機車,40-49歲,男,A2,1,尿液,甲基安非他命,2,3,0~30,吊銷3年
8,週三,11,新竹縣,機車,50-59歲,男,A2,1,尿液,安非他命,2,2,121~500,吊銷3年
2,週三,6,新北市,小客車,40-49歲,男,A2,1,尿液,嗎啡,3,1,0~30,吊銷3年
3,週二,13,雲林縣,貨車,40-49歲,男,A2,1,尿液,甲基安非他命,2,2,0~30,吊銷3年
9,週一,14,高雄市,機車,40-49歲,男,A2,1,尿液,嗎啡,1,2,31~60,吊銷3年
3,週二,21,桃園市,機車,50-59歲,男,A2,1,血液,嗎啡,2,0,0~30,吊扣4年
10,週三,20,新北市,機車,40-49歲,男,A2,2,尿液,安非他命,2,0,0~30,吊扣4年
4,週六,5,臺中市,機車,40-49歲,男,A2,2,尿液,甲基安非他命,1,1,121~500,吊銷3年
3,週五,18,臺東縣,機車,50-59歲,男,A2,1,尿液,甲基安非他命,3,3,31~60,吊銷3年
2,週五,19,臺北市,小客車,40-49歲,男,A2,1,尿液,甲基安非他命,3,1,0~30,吊銷3年
8,週五,8,臺北市,小客車,50-59歲,男,A2,2,血液,嗎啡,0,0,31~60,吊扣2年
7,週四,9,臺北市,小客車,40-49歲,男,A2,1,尿液,愷他命,1,2,0~30,吊銷3年
6,週六,7,新北市,大客車,30-39歲,男,A2,1,尿液,愷他命,0,1,0~30,吊銷3年
4,週三,1,臺中市,機車,20-29歲,男,A2,1,尿液,愷他命,3,3,61~120,吊銷3年
3,週日,11,臺北市,機車,60歲以上,男,A2,1,尿液,安非他命,3,0,31~60,吊扣3年
1,週一,18,高雄市,小客車,50-59歲,男,A2,2,尿液,甲基安非他命,3,1,0~30,吊銷3年
7,週二,22,臺東縣,小客車,19歲以下,男,A2,1,尿液,甲基安非他命,3,1,31~60,吊銷3年
9,週二,10,臺中市,小客車,40-49歲,男,A2,1,尿液,安非他命,2,1,0~30,吊銷3年
6,週六,0,臺北市,小客車,30-39歲,男,A2,1,尿液,嗎啡,1,4,0~30,吊銷3年
8,週五,22,新竹縣,機車,20-29歲,女,A2,1,尿液,嗎啡,1,1,31~60,吊銷3年
8,週六,10,南投縣,小客車,50-59歲,女,A2,1,尿液,甲基安非他命,0,1,31~60,吊銷3年
4,週五,14,宜蘭縣,小客車,60歲以上,男,A2,2,尿液,安非他命,0,1,31~60,吊銷3年
11,週六,11,高雄市,機車,30-39歲,男,A2,1,尿液,嗎啡,3,1,31~60,吊銷3年
8,週一,21,新北市,機車,40-49歲,女,A2,1,尿液,MDMA,0,1,31~60,吊銷3年
7,週五,9,臺北市,機車,30-39歲,男,A2,3,尿液,甲基安非他命,1,1,0~30,吊銷3年
7,週三,7,嘉義縣,小客車,60歲以上,男,A2,1,尿液,安非他命,2,3,121~500,吊銷3年
10,週二,23,臺中市,機車,60歲以上,男,A2,1,尿液,甲基安非他命,0,1,0~30,吊銷3年
4,週二,17,臺北市,機車,40-49歲,男,A2,1,尿液,甲基安非他命,2,1,31~60,吊銷3年
5,週二,17,臺中市,小客車,20-29歲,女,A2,1,尿液,安非他命,3,0,0~30,吊扣3年
4,週一,14,臺東縣,機車,50-59歲,男,A2,1,尿液,甲基安非他命,3,1,121~500,吊銷3年
7,週六,22,臺北市,機車,40-49歲,男,A2,1,尿液,甲基安非他命,1,1,0~30,吊銷3年
7,週六,11,宜蘭縣,小客車,30-39歲,男,A2,1,尿液,安非他命,2,3,61~120,吊銷3年
11,週五,12,新北市,機車,50-59歲,女,A2,1,尿液,甲基安非他命,1,0,0~30,吊扣3年
1,週二,18,臺南市,機車,40-49歲,男,A2,1,尿液,愷他命,3,0,31~60,吊扣2年
7,週日,5,高雄市,貨車,50-59歲,男,A2,1,尿液,甲基安非他命,3,0,121~500,吊扣4年
12,週日,23,臺北市,機車,40-49歲,男,A2,2,血液,安非他命,1,2,31~60,吊銷3年
8,週五,14,臺北市,機車,40-49歲,男,A2,1,尿液,愷他命,1,0,31~60,吊扣4年
7,週二,15,新北市,小客車,40-49歲,男,A2,1,血液,嗎啡,3,1,31~60,吊銷3年
10,週一,7,新北市,小客車,40-49歲,男,A2,1,尿液,安非他命,2,0,31~60,吊扣4年
1,週五,8,臺南市,小客車,20-29歲,男,A2,1,尿液,甲基安非他命,1,1,0~30,吊銷3年
7,週二,17,屏東縣,機車,50-59歲,男,A2,1,尿液,甲基安非他命,1,1,121~500,吊銷3年
5,週四,7,新北市,機車,50-59歲,女,A2,2,尿液,愷他命,0,2,121~500,吊銷3年
1,週四,22,臺北市,小客車,40-49歲,男,A2,2,尿液,甲基安非他命,3,2,0~30,吊銷3年
10,週五,17,桃園市,機車,40-49歲,男,A2,2,尿液,愷他命,3,0,31~60,吊扣2年
1,週五,16,新竹市,機車,60歲以上,男,A2,1,尿液,甲基安非他命,1,1,0~30,吊銷3年
2,週四,23,新北市,大客車,40-49歲,男,A2,1,尿液,甲基安非他命,0,0,0~30,吊扣4年
5,週二,14,臺北市,貨車,50-59歲,女,A2,1,尿液,愷他命,1,0,0~30,吊扣3年
1,週三,12,高雄市,小客車,40-49歲,男,A2,1,血液,甲基安非他命,0,1,31~60,吊銷3年
10,週五,18,臺北市,機車,50-59歲,男,A2,1,尿液,甲基安非他命,3,0,31~60,吊扣3年
3,週一,1,高雄市,機車,60歲以上,女,A2,2,尿液,安非他命,0,1,31~60,吊銷3年
5,週一,20,臺北市,小客車,40-49歲,男,A2,1,尿液,嗎啡,2,3,0~30,吊銷3年
11,週日,12,苗栗縣,機車,30-39歲,女,A2,1,尿液,甲基安非他命,2,2,31~60,吊銷3年
5,週三,23,彰化縣,機車,50-59歲,男,A2,1,尿液,甲基安非他命,3,0,0~30,吊扣4年
11,週日,11,彰化縣,小客車,50-59歲,男,A2,1,尿液,愷他命,3,1,61~120,吊銷3年
6,週六,8,新竹縣,小客車,30-39歲,男,A2,1,尿液,嗎啡,2,3,31~60,吊銷3年
8,週六,13,彰化縣,機車,40-49歲,男,A2,1,尿液,安非他命,3,0,61~120,吊扣4年
10,週六,14,臺北市,機車,40-49歲,男,A2,1,尿液,愷他命,0,2,121~500,吊銷3年
4,週二,22,新北市,機車,40-49歲,男,A2,1,血液,甲基安非他命,0,0,61~120,吊扣2年
4,週二,13,嘉義市,小客車,50-59歲,男,A2,1,尿液,甲基安非他命,3,0,0~30,吊扣4年
9,週日,16,雲林縣,小客車,60歲以上,男,A2,1,血液,甲基安非他命,2,1,0~30,吊銷3年
3,週五,17,臺北市,小客車,30-39歲,男,A2,2,尿液,安非他命,2,2,31~60,吊銷3年
3,週六,13,新北市,機車,40-49歲,男,A2,1,尿液,安非他命,1,3,31~60,吊銷3年
9,週二,3,高雄市,機車,50-59歲,男,A2,2,尿液,愷他命,0,0,31~60,吊扣2年
2,週五,16,桃園市,貨車,40-49歲,男,A2,2,尿液,安非他命,1,2,61~120,吊銷3年
9,週二,16,臺南市,機車,30-39歲,男,A2,1,尿液,安非他命,1,0,31~60,吊扣2年
12,週三,7,臺北市,機車,20-29歲,男,A2,1,尿液,甲基安非他命,0,1,31~60,吊銷3年
7,週五,23,新北市,機車,40-49歲,男,A2,2,尿液,安非他命,2,0,61~120,吊扣4年
9,週三,20,桃園市,小客車,30-39歲,女,A2,1,尿液,安非他命,2,0,0~30,吊扣4年
11,週二,13,基隆市,機車,40-49歲,女,A2,1,尿液,安非他命,2,1,31~60,吊銷3年
4,週六,6,臺中市,機車,50-59歲,男,A2,2,血液,安非他命,1,1,31~60,吊銷3年
10,週一,20,新竹市,小客車,30-39歲,男,A2,1,尿液,愷他命,2,0,0~30,吊扣2年
7,週二,21,臺南市,機車,30-39歲,男,A2,1,尿液,嗎啡,3,0,31~60,吊扣4年
7,週三,22,新北市,機車,20-29歲,男,A2,1,尿液,甲基安非他命,0,3,0~30,吊銷3年
8,週五,8,新北市,機車,50-59歲,女,A2,1,尿液,安非他命,3,0,31~60,吊扣2年
6,週六,23,新北市,小客車,40-49歲,男,A2,1,尿液,安非他命,0,4,31~60,吊銷3年
5,週二,19,屏東縣,機車,40-49歲,男,A2,2,尿液,甲基安非他命,2,0,31~60,吊扣4年
2,週五,19,新北市,機車,40-49歲,男,A2,2,尿液,安非他命,3,0,0~30,吊扣2年
12,週日,15,苗栗縣,小客車,60歲以上,女,A2,1,尿液,甲基安非他命,2,1,0~30,吊銷3年
7,週二,13,桃園市,小客車,50-59歲,女,A2,1,血液,安非他命,3,2,0~30,吊銷3年
11,週日,19,屏東縣,小客車,50-59歲,男,A2,1,尿液,甲基安非他命,0,0,0~30,吊扣3年
9,週六,7,臺北市,小客車,60歲以上,男,A2,1,尿液,甲基安非他命,2,0,0~30,吊扣4年
2,週五,19,新北市,小客車,40-49歲,男,A2,1,尿液,甲基安非他命,1,4,0~30,吊銷3年
5,週日,9,高雄市,小客車,50-59歲,男,A2,1,血液,甲基安非他命,2,1,31~60,吊銷3年
1,週三,0,臺中市,小客車,40-49歲,男,A2,2,尿液,嗎啡,0,1,0~30,吊銷3年
10,週一,18,桃園市,機車,50-59歲,男,A2,1,尿液,安非他命,0,0,31~60,吊扣4年
1,週三,23,新北市,機車,30-39歲,男,A2,1,血液,愷他命,1,2,0~30,吊銷3年
8,週二,2,臺南市,小客車,20-29歲,男,A2,2,尿液,安非他命,2,0,0~30,吊扣4年
2,週二,7,臺南市,小客車,40-49歲,男,A2,1,尿液,愷他命,1,1,121~500,吊銷3年
7,週四,8,桃園市,小客車,60歲以上,男,A2,1,尿液,安非他命,2,2,31~60,吊銷3年
7,週五,13,新北市,小客車,40-49歲,男,A2,1,尿液,安非他命,1,0,0~30,吊扣3年
12,週日,23,高雄市,小客車,40-49歲,男,A2,1,尿液,愷他命,3,0,31~60,吊扣2年
7,週三,18,桃園市,小客車,50-59歲,男,A2,1,尿液,甲基安非他命,2,1,0~30,吊銷3年
6,週二,20,新竹縣,機車,40-49歲,男,A2,2,尿液,安非他命,2,1,0~30,吊銷3年
2,週六,17,高雄市,小客車,30-39歲,男,A2,1,尿液,愷他命,0,1,31~60,吊銷3年
1,週四,17,新北市,機車,40-49歲,男,A2,1,尿液,甲基安非他命,1,1,61~120,吊銷3年
7,週三,0,臺中市,機車,40-49歲,女,A2,1,尿液,安非他命,0,1,0~30,吊銷3年
11,週三,17,新北市,機車,50-59歲,男,A2,1,尿液,安非他命,0,2,0~30,吊銷3年
11,週四,9,苗栗縣,小客車,50-59歲,男,A1,0,尿液,安非他命,2,1,31~60,吊銷終身
3,週三,18,臺中市,機車,40-49歲,男,A2,2,尿液,甲基安非他命,3,1,0~30,吊銷3年
1,週一,12,臺南市,機車,50-59歲,男,A2,2,尿液,安非他命,2,3,31~60,吊銷3年
7,週二,7,臺中市,小客車,50-59歲,男,A2,1,血液,甲基安非他命,0,0,0~30,吊扣3年
7,週三,20,宜蘭縣,小客車,40-49歲,女,A2,1,尿液,甲基安非他命,2,0,121~500,吊扣3年
9,週日,18,臺中市,機車,60歲以上,男,A2,1,尿液,甲基安非他命,1,2,0~30,吊銷3年
5,週四,15,新北市,小客車,20-29歲,男,A2,1,尿液,甲基安非他命,2,1,31~60,吊銷3年
5,週四,9,雲林縣,小客車,30-39歲,男,A2,1,尿液,甲基安非他命,0,0,0~30,吊扣2年
5,週四,12,臺南市,機車,30-39歲,男,A2,2,尿液,甲基安非他命,0,1,31~60,吊銷3年
1,週五,20,新竹市,小客車,50-59歲,男,A2,1,尿液,愷他命,0,1,0~30,吊銷3年
9,週一,8,臺南市,機車,30-39歲,女,A2,1,尿液,愷他命,3,0,61~120,吊扣4年
7,週五,13,臺北市,小客車,50-59歲,男,A2,1,尿液,安非他命,0,0,121~500,吊扣3年
1,週六,7,新北市,機車,50-59歲,男,A2,1,尿液,安非他命,3,1,0~30,吊銷3年
11,週六,13,桃園市,機車,19歲以下,男,A2,2,尿液,甲基安非他命,2,0,121~500,吊扣2年
7,週三,20,桃園市,機車,20-29歲,男,A2,1,尿液,安非他命,3,1,31~60,吊銷3年
9,週四,18,臺北市,小客車,60歲以上,男,A2,1,尿液,愷他命,1,0,0~30,吊扣2年
7,週四,19,屏東縣,小客車,50-59歲,男,A2,1,尿液,愷他命,1,0,31~60,吊扣3年
12,週三,15,臺中市,機車,30-39歲,男,A2,2,尿液,嗎啡,0,1,61~120,吊銷3年
10,週二,10,臺南市,機車,30-39歲,男,A2,2,尿液,嗎啡,1,0,121~500,吊扣4年
7,週一,7,臺北市,小客車,40-49歲,女,A2,1,血液,安非他命,2,1,31~60,吊銷3年
8,週六,9,臺中市,機車,40-49歲,男,A2,2,尿液,甲基安非他命,0,0,0~30,吊扣2年
10,週六,17,新北市,小客車,50-59歲,男,A2,1,尿液,甲基安非他命,0,0,0~30,吊扣2年
11,週五,21,臺南市,小客車,19歲以下,男,A2,2,尿液,嗎啡,2,0,31~60,吊扣4年
11,週日,18,新北市,機車,50-59歲,男,A2,1,尿液,安非他命,3,0,31~60,吊扣3年
10,週五,10,新北市,小客車,40-49歲,男,A2,1,尿液,MDMA,0,1,31~60,吊銷3年
1,週四,13,高雄市,小客車,40-49歲,男,A2,1,尿液,嗎啡,3,4,0~30,吊銷3年
5,週六,8,高雄市,小客車,50-59歲,男,A2,1,血液,安非他命,1,1,121~500,吊銷3年
10,週五,8,臺北市,小客車,40-49歲,男,A2,1,尿液,安非他命,0,1,31~60,吊銷3年
6,週日,11,新北市,機車,20-29歲,男,A2,1,尿液,安非他命,3,0,31~60,吊扣3年
7,週一,7,臺北市,機車,30-39歲,男,A2,2,尿液,安非他命,3,4,121~500,吊銷3年
5,週一,2,臺北市,小客車,50-59歲,女,A2,1,尿液,安非他命,1,0,61~120,吊扣3年
9,週日,14,雲林縣,機車,50-59歲,男,A2,1,尿液,甲基安非他命,3,2,0~30,吊銷3年
4,週二,18,新北市,小客車,50-59歲,女,A2,1,尿液,安非他命,3,4,121~500,吊銷3年
10,週三,8,臺北市,機車,20-29歲,女,A2,1,尿液,甲基安非他命,0,4,0~30,吊銷3年
9,週一,4,新北市,機車,40-49歲,女,A2,1,尿液,甲基安非他命,3,1,31~60,吊銷3年
1,週三,4,桃園市,貨車,50-59歲,男,A2,2,尿液,愷他命,3,1,0~30,吊銷3年
7,週四,5,臺中市,機車,30-39歲,男,A2,1,尿液,安非他命,2,1,121~500,吊銷3年
2,週三,1,屏東縣,貨車,50-59歲,男,A2,2,尿液,甲基安非他命,3,0,31~60,吊扣3年
9,週三,15,新北市,小客車,30-39歲,男,A2,1,尿液,安非他命,1,0,0~30,吊扣4年
5,週六,16,屏東縣,機車,50-59歲,女,A2,1,尿液,甲基安非他命,0,4,121~500,吊銷3年
1,週五,21,臺北市,機車,50-59歲,男,A2,1,血液,甲基安非他命,1,1,61~120,吊銷3年
7,週二,6,臺北市,貨車,20-29歲,男,A2,1,尿液,安非他命,2,0,0~30,吊扣3年
7,週六,7,嘉義縣,小客車,40-49歲,男,A2,1,尿液,愷他命,1,2,0~30,吊銷3年
5,週日,7,新北市,小客車,50-59歲,男,A2,1,尿液,甲基安非他命,2,1,61~120,吊銷3年
7,週三,7,雲林縣,小客車,40-49歲,男,A2,1,尿液,安非他命,0,0,0~30,吊扣3年
12,週三,16,桃園市,機車,20-29歲,男,A2,1,尿液,愷他命,3,2,31~60,吊銷3年
5,週一,18,新北市,機車,40-49歲,男,A2,2,尿液,安非他命,2,2,0~30,吊銷3年
6,週二,18,臺北市,機車,40-49歲,女,A2,1,血液,甲基安非他命,0,2,121~500,吊銷3年
11,週日,17,嘉義縣,機車,40-49歲,男,A2,2,血液,愷他命,1,0,0~30,吊扣3年
5,週一,3,臺中市,機車,40-49歲,男,A2,2,尿液,安非他命,2,0,31~60,吊扣4年
8,週二,20,桃園市,機車,50-59歲,男,A2,1,尿液,甲基安非他命,0,0,0~30,吊扣3年
11,週四,9,基隆市,機車,30-39歲,女,A2,2,尿液,安非他命,2,0,121~500,吊扣4年
8,週五,7,桃園市,小客車,50-59歲,男,A2,1,尿液,安非他命,3,1,31~60,吊銷3年
8,週六,19,臺中市,機車,30-39歲,男,A2,1,血液,甲基安非他命,1,0,31~60,吊扣3年
8,週五,6,嘉義縣,機車,20-29歲,男,A2,1,尿液,愷他命,3,1,121~500,吊銷3年
11,週五,23,臺南市,機車,40-49歲,男,A2,2,尿液,安非他命,1,1,31~60,吊銷3年
5,週六,11,新北市,小客車,20-29歲,男,A2,1,尿液,安非他命,3,0,31~60,吊扣2年
2,週五,1,臺北市,小客車,40-49歲,男,A2,1,尿液,甲基安非他命,1,0,31~60,吊扣4年
12,週二,17,桃園市,機車,40-49歲,男,A2,2,血液,安非他命,3,0,31~60,吊扣2年
12,週六,17,高雄市,小客車,40-49歲,男,A2,1,尿液,甲基安非他命,0,0,31~60,吊扣3年
10,週三,18,新北市,機車,20-29歲,女,A2,1,尿液,安非他命,2,2,31~60,吊銷3年
11,週五,17,新北市,機車,20-29歲,男,A2,2,尿液,愷他命,2,1,31~60,吊銷3年
12,週五,10,屏東縣,小客車,60歲以上,男,A2,1,血液,安非他命,3,2,31~60,吊銷3年
3,週四,18,臺東縣,貨車,50-59歲,男,A2,1,尿液,愷他命,1,1,31~60,吊銷3年
4,週三,16,基隆市,機車,60歲以上,男,A2,1,血液,安非他命,0,2,0~30,吊銷3年
2,週五,14,臺南市,小客車,30-39歲,男,A2,1,尿液,愷他命,1,2,31~60,吊銷3年
1,週一,13,桃園市,機車,40-49歲,男,A2,1,尿液,甲基安非他命,0,0,31~60,吊扣4年
8,週六,7,臺北市,機車,40-49歲,男,A2,1,尿液,愷他命,3,1,121~500,吊銷3年
9,週五,17,屏東縣,機車,20-29歲,男,A2,1,尿液,甲基安非他命,1,1,31~60,吊銷3年
10,週五,17,桃園市,小客車,50-59歲,男,A2,1,血液,甲基安非他命,0,1,0~30,吊銷3年
9,週日,9,高雄市,機車,30-39歲,男,A2,1,尿液,甲基安非他命,0,1,0~30,吊銷3年
5,週日,14,新北市,機車,50-59歲,男,A2,2,尿液,甲基安非他命,0,1,31~60,吊銷3年
5,週六,10,嘉義市,小客車,30-39歲,男,A2,1,尿液,愷他命,2,2,61~120,吊銷3年
10,週三,17,臺北市,機車,20-29歲,男,A2,1,尿液,愷他命,3,1,31~60,吊銷3年
3,週五,20,臺北市,機車,30-39歲,男,A2,1,尿液,安非他命,0,1,31~60,吊銷3年
6,週一,18,臺中市,機車,40-49歲,男,A2,1,尿液,甲基安非他命,0,1,31~60,吊銷3年
11,週五,19,新北市,機車,50-59歲,男,A2,1,尿液,甲基安非他命,1,4,31~60,吊銷3年
4,週三,18,臺中市,機車,40-49歲,男,A2,1,尿液,甲基安非他命,3,1,31~60,吊銷3年
12,週四,7,高雄市,小客車,30-39歲,男,A2,1,尿液,愷他命,2,0,31~60,吊扣3年
5,週三,15,基隆市,機車,60歲以上,男,A2,1,尿液,安非他命,2,1,31~60,吊銷3年
9,週三,16,高雄市,機車,40-49歲,女,A2,1,尿液,安非他命,1,1,0~30,吊銷3年
9,週三,10,高雄市,貨車,40-49歲,男,A2,2,尿液,甲基安非他命,1,1,0~30,吊銷3年
8,週六,21,彰化縣,小客車,30-39歲,男,A2,1,尿液,甲基安非他命,1,0,31~60,吊扣3年
10,週三,20,新北市,機車,50-59歲,男,A2,1,尿液,愷他命,0,1,31~60,吊銷3年
8,週六,0,基隆市,機車,50-59歲,男,A2,1,尿液,安非他命,2,0,0~30,吊扣4年
3,週一,16,基隆市,機車,30-39歲,男,A2,1,尿液,嗎啡,1,0,0~30,吊扣4年
5,週一,8,桃園市,機車,40-49歲,女,A2,2,尿液,甲基安非他命,3,1,31~60,吊銷3年
1,週五,16,桃園市,機車,40-49歲,男,A2,2,尿液,安非他命,1,0,61~120,吊扣3年
1,週六,20,臺南市,小客車,20-29歲,女,A2,1,血液,愷他命,3,1,31~60,吊銷3年
1,週一,22,嘉義縣,機車,50-59歲,男,A2,1,尿液,安非他命,3,1,0~30,吊銷3年
11,週日,9,雲林縣,小客車,40-49歲,男,A2,1,尿液,甲基安非他命,3,0,31~60,吊扣3年
11,週日,18,高雄市,機車,30-39歲,男,A2,2,尿液,安非他命,3,1,0~30,吊銷3年
3,週二,7,宜蘭縣,機車,30-39歲,男,A1,1,尿液,甲基安非他命,0,0,121~500,吊銷終身
12,週三,12,雲林縣,機車,30-39歲,女,A2,1,尿液,愷他命,0,1,121~500,吊銷3年
7,週二,19,桃園市,小客車,40-49歲,男,A2,1,尿液,甲基安非他命,2,0,31~60,吊扣4年
8,週五,7,臺中市,機車,40-49歲,男,A2,1,尿液,甲基安非他命,1,1,31~60,吊銷3年
1,週六,21,臺中市,機車,60歲以上,男,A2,1,尿液,安非他命,1,1,61~120,吊銷3年
9,週四,15,高雄市,機車,30-39歲,男,A2,3,尿液,安非他命,3,0,0~30,吊扣3年
5,週五,8,新北市,機車,50-59歲,男,A2,2,尿液,甲基安非他命,3,1,31~60,吊銷3年
3,週二,22,新北市,貨車,40-49歲,男,A2,1,尿液,嗎啡,3,1,0~30,吊銷3年
5,週四,8,苗栗縣,小客車,30-39歲,男,A2,1,尿液,甲基安非他命,2,3,0~30,吊銷3年
5,週日,5,高雄市,小客車,50-59歲,男,A2,1,尿液,愷他命,0,0,31~60,吊扣3年
9,週六,8,新北市,機車,19歲以下,男,A2,2,尿液,愷他命,3,1,0~30,吊銷3年
11,週六,14,基隆市,機車,40-49歲,男,A2,1,尿液,甲基安非他命,0,1,0~30,吊銷3年
10,週四,7,彰化縣,機車,40-49歲,男,A2,2,尿液,甲基安非他命,1,0,0~30,吊扣2年
7,週三,22,臺北市,小客車,19歲以下,男,A2,1,尿液,嗎啡,0,0,31~60,吊扣4年
1,週一,7,桃園市,小客車,50-59歲,男,A2,1,尿液,安非他命,2,1,31~60,吊銷3年
7,週三,17,基隆市,小客車,50-59歲,男,A2,1,尿液,愷他命,3,1,31~60,吊銷3年
8,週五,19,新北市,機車,40-49歲,男,A2,2,尿液,安非他命,0,2,0~30,吊銷3年
4,週三,16,宜蘭縣,機車,30-39歲,男,A2,3,尿液,愷他命,3,1,31~60,吊銷3年
3,週五,5,臺南市,小客車,60歲以上,男,A2,1,尿液,安非他命,2,0,121~500,吊扣3年
5,週四,15,臺南市,機車,60歲以上,男,A2,2,尿液,甲基安非他命,2,0,31~60,吊扣3年
10,週六,7,新北市,小客車,30-39歲,男,A2,1,尿液,甲基安非他命,0,0,31~60,吊扣3年
5,週三,6,桃園市,小客車,40-49歲,男,A2,1,尿液,甲基安非他命,1,1,121~500,吊銷3年
9,週五,16,臺南市,機車,50-59歲,女,A2,1,尿液,甲基安非他命,3,2,0~30,吊銷3年
11,週日,12,新北市,小客車,40-49歲,男,A2,1,尿液,愷他命,0,0,31~60,吊扣4年
7,週三,18,彰化縣,小客車,40-49歲,男,A2,1,尿液,甲基安非他命,1,0,0~30,吊扣3年
10,週四,7,彰化縣,小客車,60歲以上,男,A2,1,尿液,嗎啡,2,0,31~60,吊扣3年
4,週三,11,新竹縣,機車,50-59歲,男,A2,1,尿液,安非他命,2,0,31~60,吊扣2年
5,週六,3,臺東縣,小客車,20-29歲,男,A2,2,尿液,愷他命,3,1,0~30,吊銷3年
7,週一,11,高雄市,機車,30-39歲,男,A2,1,尿液,安非他命,1,1,31~60,吊銷3年
10,週四,11,基隆市,小客車,50-59歲,男,A2,1,尿液,安非他命,3,1,61~120,吊銷3年
4,週一,20,雲林縣,小客車,40-49歲,男,A2,1,尿液,甲基安非他命,0,0,31~60,吊扣2年
7,週一,15,新北市,機車,40-49歲,男,A2,2,尿液,甲基安非他命,1,1,0~30,吊銷3年
1,週四,10,彰化縣,機車,40-49歲,男,A2,1,尿液,甲基安非他命,1,0,31~60,吊扣3年
10,週三,9,新竹市,機車,60歲以上,男,A2,1,尿液,甲基安非他命,1,1,31~60,吊銷3年
1,週五,5,宜蘭縣,機車,50-59歲,女,A2,1,尿液,嗎啡,0,0,31~60,吊扣4年
2,週四,8,屏東縣,機車,40-49歲,男,A2,2,尿液,安非他命,1,0,0~30,吊扣3年
3,週日,14,南投縣,機車,40-49歲,男,A2,1,血液,安非他命,2,0,31~60,吊扣4年
8,週六,22,新竹縣,機車,30-39歲,女,A2,2,尿液,安非他命,1,2,0~30,吊銷3年
10,週六,12,臺南市,小客車,50-59歲,男,A2,1,血液,安非他命,0,0,0~30,吊扣4年
1,週三,2,桃園市,機車,40-49歲,女,A2,1,血液,安非他命,3,2,31~60,吊銷3年
8,週日,11,新北市,機車,50-59歲,男,A2,1,尿液,安非他命,1,1,0~30,吊銷3年
3,週日,9,桃園市,小客車,30-39歲,男,A2,1,尿液,安非他命,0,1,31~60,吊銷3年
7,週五,1,新北市,小客車,19歲以下,男,A2,1,尿液,安非他命,3,0,31~60,吊扣2年
11,週六,10,臺中市,機車,20-29歲,男,A2,2,尿液,安非他命,0,0,31~60,吊扣4年
9,週日,22,新北市,機車,50-59歲,男,A2,1,尿液,甲基安非他命,0,2,61~120,吊銷3年
7,週四,16,臺中市,小客車,40-49歲,男,A2,1,尿液,安非他命,0,0,0~30,吊扣2年
7,週六,14,基隆市,小客車,50-59歲,女,A2,1,尿液,甲基安非他命,3,1,31~60,吊銷3年
11,週日,0,彰化縣,機車,50-59歲,男,A2,1,尿液,安非他命,1,1,31~60,吊銷3年
5,週二,11,高雄市,小客車,40-49歲,男,A2,1,尿液,甲基安非他命,3,1,61~120,吊銷3年
5,週六,20,高雄市,機車,30-39歲,男,A2,2,尿液,甲基安非他命,3,1,31~60,吊銷3年
6,週四,8,高雄市,機車,20-29歲,男,A2,2,尿液,嗎啡,0,0,121~500,吊扣3年
10,週四,7,新北市,機車,60歲以上,男,A2,1,尿液,甲基安非他命,3,1,31~60,吊銷3年
2,週四,7,臺中市,機車,30-39歲,男,A2,2,尿液,甲基安非他命,1,1,31~60,吊銷3年
7,週二,9,臺中市,小客車,40-49歲,男,A2,1,尿液,安非他命,3,1,0~30,吊銷3年
4,週二,17,新北市,機車,50-59歲,男,A2,1,血液,愷他命,2,0,121~500,吊扣2年
10,週五,14,臺南市,貨車,20-29歲,男,A2,2,尿液,安非他命,2,0,0~30,吊扣4年
10,週日,11,臺東縣,小客車,30-39歲,男,A2,2,尿液,安非他命,2,0,31~60,吊扣4年
8,週六,11,彰化縣,小客車,60歲以上,男,A2,1,尿液,嗎啡,0,0,121~500,吊扣2年
4,週四,17,新北市,小客車,40-49歲,女,A2,1,尿液,安非他命,2,1,0~30,吊銷3年
5,週二,22,新北市,機車,40-49歲,男,A2,1,尿液,安非他命,1,1,121~500,吊銷3年
4,週三,8,臺南市,機車,30-39歲,男,A2,1,尿液,安非他命,3,0,0~30,吊扣3年
1,週日,17,新北市,機車,50-59歲,男,A2,2,尿液,愷他命,0,3,31~60,吊銷3年
2,週四,6,新竹市,機車,40-49歲,女,A2,1,尿液,甲基安非他命,1,0,31~60,吊扣4年
5,週一,21,高雄市,機車,40-49歲,男,A2,1,尿液,嗎啡,2,2,0~30,吊銷3年
4,週一,18,臺中市,小客車,30-39歲,男,A2,2,尿液,甲基安非他命,1,1,0~30,吊銷3年
7,週二,19,花蓮縣,機車,50-59歲,男,A2,1,血液,愷他命,3,0,0~30,吊扣4年
5,週四,15,基隆市,機車,50-59歲,男,A2,2,尿液,甲基安非他命,0,3,0~30,吊銷3年
3,週四,8,新北市,小客車,30-39歲,男,A2,2,尿液,甲基安非他命,0,1,0~30,吊銷3年
5,週四,18,臺南市,機車,40-49歲,女,A2,2,尿液,安非他命,3,1,31~60,吊銷3年
1,週一,22,高雄市,機車,50-59歲,男,A2,1,尿液,甲基安非他命,1,2,0~30,吊銷3年
1,週二,16,基隆市,機車,30-39歲,男,A2,1,尿液,安非他命,0,2,31~60,吊銷3年
3,週二,15,臺中市,機車,60歲以上,男,A2,2,尿液,愷他命,0,2,61~120,吊銷3年
8,週一,7,花蓮縣,小客車,50-59歲,男,A2,1,尿液,甲基安非他命,2,1,0~30,吊銷3年
10,週日,20,金門縣,貨車,40-49歲,男,A2,2,尿液,甲基安非他命,3,0,31~60,吊扣3年
5,週五,16,新竹縣,機車,40-49歲,男,A2,1,尿液,安非他命,2,0,0~30,吊扣3年
12,週四,13,臺北市,小客車,30-39歲,男,A2,1,尿液,安非他命,2,1,31~60,吊銷3年
3,週三,16,臺中市,小客車,40-49歲,男,A2,1,尿液,安非他命,0,2,31~60,吊銷3年
12,週日,9,新竹縣,小客車,50-59歲,男,A2,1,尿液,安非他命,3,1,31~60,吊銷3年
10,週四,5,新竹縣,小客車,40-49歲,男,A2,3,尿液,甲基安非他命,0,1,31~60,吊銷3年
9,週一,20,新竹縣,小客車,40-49歲,男,A2,2,血液,安非他命,3,0,31~60,吊扣3年
9,週四,9,新竹市,小客車,40-49歲,男,A2,1,尿液,安非他命,0,0,31~60,吊扣4年
9,週日,23,高雄市,小客車,19歲以下,男,A2,1,尿液,嗎啡,3,0,61~120,吊扣3年
10,週二,14,花蓮縣,貨車,50-59歲,男,A2,1,尿液,安非他命,1,1,0~30,吊銷3年
7,週六,13,彰化縣,小客車,40-49歲,男,A2,1,尿液,甲基安非他命,2,1,31~60,吊銷3年
1,週四,8,新北市,小客車,60歲以上,男,A2,1,尿液,安非他命,3,3,31~60,吊銷3年
2,週五,0,臺中市,小客車,40-49歲,男,A2,1,尿液,嗎啡,1,1,31~60,吊銷3年
11,週日,18,新竹縣,機車,40-49歲,男,A2,1,血液,安非他命,0,0,31~60,吊扣2年
5,週六,11,新北市,機車,30-39歲,女,A2,3,尿液,安非他命,1,1,31~60,吊銷3年
1,週三,13,苗栗縣,小客車,40-49歲,男,A2,1,血液,甲基安非他命,1,1,0~30,吊銷3年
10,週二,14,嘉義縣,小客車,40-49歲,女,A2,1,尿液,甲基安非他命,2,0,0~30,吊扣3年
7,週二,12,新北市,機車,40-49歲,男,A2,1,尿液,甲基安非他命,3,1,31~60,吊銷3年
6,週日,15,新北市,機車,50-59歲,男,A2,3,尿液,愷他命,2,1,31~60,吊銷3年
11,週六,20,臺南市,小客車,40-49歲,男,A2,1,尿液,安非他命,3,1,121~500,吊銷3年
1,週二,15,彰化縣,機車,40-49歲,女,A2,1,尿液,甲基安非他命,2,1,0~30,吊銷3年
2,週三,5,桃園市,小客車,50-59歲,男,A2,1,尿液,安非他命,1,2,121~500,吊銷3年
2,週日,3,臺北市,機車,30-39歲,男,A2,1,血液,甲基安非他命,2,1,0~30,吊銷3年
11,週二,17,彰化縣,小客車,19歲以下,男,A2,1,血液,安非他命,1,0,121~500,吊扣4年
9,週一,0,高雄市,小客車,50-59歲,男,A2,1,尿液,安非他命,2,1,31~60,吊銷3年
9,週二,17,新北市,機車,50-59歲,男,A2,2,尿液,甲基安非他命,2,2,31~60,吊銷3年
7,週三,15,桃園市,小客車,50-59歲,男,A2,1,尿液,安非他命,2,1,31~60,吊銷3年
12,週一,17,雲林縣,小客車,40-49歲,男,A2,1,尿液,安非他命,3,0,31~60,吊扣3年
10,週五,19,臺北市,大客車,50-59歲,男,A2,4,尿液,甲基安非他命,3,1,0~30,吊銷3年
6,週六,23,基隆市,機車,30-39歲,男,A2,1,尿液,嗎啡,2,0,31~60,吊扣2年
10,週三,15,臺南市,小客車,50-59歲,男,A2,1,尿液,安非他命,0,1,31~60,吊銷3年
1,週六,18,桃園市,小客車,19歲以下,男,A2,2,尿液,甲基安非他命,1,1,31~60,吊銷3年
6,週六,0,新北市,小客車,50-59歲,男,A2,1,血液,安非他命,0,0,121~500,吊扣3年
4,週三,14,屏東縣,小客車,50-59歲,男,A2,1,尿液,甲基安非他命,3,1,31~60,吊銷3年
2,週二,8,高雄市,小客車,50-59歲,男,A2,3,尿液,甲基安非他命,0,0,31~60,吊扣2年
7,週日,21,桃園市,機車,30-39歲,男,A2,1,血液,愷他命,0,2,61~120,吊銷3年
7,週日,10,新北市,機車,30-39歲,男,A2,2,尿液,安非他命,3,2,121~500,吊銷3年
4,週五,5,臺南市,機車,40-49歲,男,A1,0,血液,愷他命,2,0,31~60,吊銷終身
1,週六,16,高雄市,小客車,30-39歲,男,A2,1,尿液,安非他命,1,2,0~30,吊銷3年
2,週六,16,臺中市,機車,30-39歲,男,A2,2,血液,甲基安非他命,3,2,121~500,吊銷3年
1,週三,10,新北市,大客車,50-59歲,男,A2,1,尿液,安非他命,0,2,61~120,吊銷3年
2,週三,7,基隆市,機車,50-59歲,男,A2,1,尿液,安非他命,2,0,121~500,吊扣4年
12,週四,9,雲林縣,小客車,50-59歲,男,A2,1,尿液,甲基安非他命,0,1,0~30,吊銷3年
1,週三,16,新北市,小客車,40-49歲,女,A2,1,尿液,愷他命,0,0,0~30,吊扣2年
1,週六,14,新北市,機車,40-49歲,男,A2,1,尿液,安非他命,3,2,31~60,吊銷3年
3,週四,0,雲林縣,機車,60歲以上,女,A2,1,尿液,嗎啡,1,0,0~30,吊扣2年
10,週三,15,桃園市,機車,60歲以上,男,A2,2,尿液,安非他命,2,2,0~30,吊銷3年
10,週日,14,屏東縣,小客車,50-59歲,男,A2,1,尿液,甲基安非他命,3,0,121~500,吊扣4年
8,週三,14,臺中市,機車,60歲以上,男,A2,1,尿液,安非他命,3,1,31~60,吊銷3年
2,週三,22,臺中市,機車,20-29歲,男,A2,1,血液,甲基安非他命,3,1,31~60,吊銷3年
10,週三,18,新北市,機車,40-49歲,男,A2,2,尿液,甲基安非他命,3,1,0~30,吊銷3年
5,週六,13,彰化縣,貨車,50-59歲,男,A2,1,尿液,安非他命,0,1,31~60,吊銷3年
1,週五,9,基隆市,貨車,40-49歲,男,A2,1,尿液,安非他命,0,1,0~30,吊銷3年
3,週五,18,新北市,機車,50-59歲,男,A2,1,尿液,甲基安非他命,3,0,61~120,吊扣2年
11,週一,23,桃園市,機車,40-49歲,男,A2,2,尿液,甲基安非他命,0,0,31~60,吊扣3年
7,週四,17,屏東縣,機車,50-59歲,男,A2,1,尿液,甲基安非他命,3,2,121~500,吊銷3年
10,週六,14,高雄市,機車,50-59歲,男,A2,2,尿液,安非他命,3,0,0~30,吊扣3年
6,週一,1,臺南市,小客車,50-59歲,男,A2,1,尿液,甲基安非他命,3,0,61~120,吊扣3年
7,週三,22,臺中市,小客車,50-59歲,男,A2,1,尿液,愷他命,3,1,31~60,吊銷3年
6,週一,17,臺南市,機車,30-39歲,男,A2,1,血液,甲基安非他命,3,2,31~60,吊銷3年
9,週日,2,臺中市,小客車,30-39歲,男,A2,1,尿液,安非他命,2,0,31~60,吊扣4年
3,週五,21,桃園市,小客車,40-49歲,男,A2,2,尿液,嗎啡,1,0,0~30,吊扣3年
10,週日,4,新北市,小客車,40-49歲,男,A2,1,尿液,安非他命,2,2,31~60,吊銷3年
7,週五,6,新北市,機車,30-39歲,男,A2,1,尿液,安非他命,2,2,61~120,吊銷3年
12,週日,11,桃園市,小客車,50-59歲,女,A2,1,血液,安非他命,3,1,0~30,吊銷3年
4,週一,17,臺中市,機車,19歲以下,男,A2,2,尿液,甲基安非他命,1,0,0~30,吊扣4年
4,週三,21,花蓮縣,小客車,40-49歲,女,A2,1,尿液,甲基安非他命,3,3,61~120,吊銷3年
7,週四,23,屏東縣,機車,40-49歲,男,A2,1,尿液,甲基安非他命,2,2,31~60,吊銷3年
1,週六,23,新北市,小客車,30-39歲,男,A2,1,尿液,嗎啡,1,1,121~500,吊銷3年
5,週一,8,新北市,機車,50-59歲,男,A2,3,尿液,甲基安非他命,2,1,0~30,吊銷3年
3,週四,9,新竹市,機車,30-39歲,男,A2,1,尿液,安非他命,0,3,31~60,吊銷3年
2,週三,7,臺中市,機車,50-59歲,男,A2,2,尿液,嗎啡,0,0,31~60,吊扣4年
9,週一,8,臺北市,小客車,50-59歲,男,A2,2,尿液,甲基安非他命,3,2,0~30,吊銷3年
7,週三,19,桃園市,小客車,20-29歲,男,A2,1,尿液,安非他命,2,1,0~30,吊銷3年
2,週二,17,臺南市,小客車,50-59歲,女,A2,1,尿液,安非他命,0,2,0~30,吊銷3年
1,週三,7,臺北市,機車,20-29歲,男,A2,2,尿液,甲基安非他命,2,0,0~30,吊扣3年
11,週二,19,臺南市,小客車,40-49歲,男,A2,1,尿液,安非他命,2,1,31~60,吊銷3年
1,週二,8,臺南市,機車,60歲以上,男,A2,1,尿液,安非他命,0,0,31~60,吊扣2年
4,週四,6,臺中市,小客車,40-49歲,男,A2,1,尿液,愷他命,2,1,0~30,吊銷3年
11,週三,2,臺北市,機車,50-59歲,男,A2,2,尿液,甲基安非他命,2,1,0~30,吊銷3年
9,週三,12,新北市,機車,50-59歲,男,A2,1,尿液,安非他命,2,0,31~60,吊扣3年
8,週四,7,新北市,小客車,40-49歲,男,A2,1,尿液,安非他命,3,0,31~60,吊扣2年
5,週五,18,新北市,機車,40-49歲,男,A2,1,尿液,愷他命,0,2,0~30,吊銷3年
10,週二,22,臺北市,貨車,30-39歲,男,A2,1,尿液,嗎啡,2,0,31~60,吊扣4年
4,週日,11,桃園市,貨車,30-39歲,男,A2,1,尿液,甲基安非他命,1,0,0~30,吊扣3年
11,週六,20,桃園市,小客車,30-39歲,女,A2,1,尿液,愷他命,1,1,0~30,吊銷3年
4,週四,7,新竹縣,機車,30-39歲,男,A2,1,尿液,甲基安非他命,1,1,31~60,吊銷3年
10,週三,12,彰化縣,機車,50-59歲,男,A2,2,尿液,安非他命,1,1,121~500,吊銷3年
8,週六,18,嘉義市,小客車,30-39歲,男,A2,1,尿液,愷他命,0,1,0~30,吊銷3年
1,週六,12,屏東縣,小客車,40-49歲,男,A2,1,尿液,甲基安非他命,2,0,0~30,吊扣4年
7,週二,8,新北市,小客車,40-49歲,男,A2,1,尿液,安非他命,2,0,0~30,吊扣2年
5,週日,7,臺中市,機車,30-39歲,男,A2,1,尿液,甲基安非他命,0,2,31~60,吊銷3年
9,週五,19,臺中市,機車,40-49歲,男,A2,3,尿液,嗎啡,1,2,121~500,吊銷3年
10,週一,7,高雄市,機車,20-29歲,男,A2,2,尿液,甲基安非他命,3,0,0~30,吊扣3年
8,週二,11,臺中市,機車,40-49歲,男,A2,2,尿液,甲基安非他命,3,0,31~60,吊扣3年
7,週二,23,桃園市,機車,19歲以下,男,A2,1,尿液,甲基安非他命,0,0,0~30,吊扣3年
5,週二,4,宜蘭縣,小客車,50-59歲,男,A2,2,尿液,安非他命,1,1,31~60,吊銷3年
7,週三,19,桃園市,機車,20-29歲,男,A2,1,尿液,甲基安非他命,2,0,0~30,吊扣4年
4,週二,21,苗栗縣,機車,40-49歲,男,A2,1,尿液,甲基安非他命,3,1,0~30,吊銷3年
4,週二,0,澎湖縣,小客車,20-29歲,男,A2,4,尿液,甲基安非他命,1,0,121~500,吊扣2年
10,週日,10,新北市,機車,40-49歲,女,A2,1,尿液,甲基安非他命,3,1,31~60,吊銷3年
7,週五,21,桃園市,機車,60歲以上,男,A2,1,尿液,安非他命,3,3,31~60,吊銷3年
2,週五,7,澎湖縣,小客車,30-39歲,女,A2,1,尿液,甲基安非他命,0,1,31~60,吊銷3年
5,週四,7,基隆市,小客車,50-59歲,男,A2,1,尿液,甲基安非他命,2,1,31~60,吊銷3年
4,週六,9,臺北市,機車,40-49歲,女,A2,1,尿液,安非他命,0,2,31~60,吊銷3年
7,週二,13,臺北市,機車,60歲以上,女,A2,2,尿液,安非他命,0,0,31~60,吊扣4年
4,週一,11,桃園市,小客車,40-49歲,男,A2,1,尿液,愷他命,1,0,0~30,吊扣2年
10,週四,8,新北市,大客車,40-49歲,女,A2,1,尿液,安非他命,2,0,0~30,吊扣2年
12,週六,22,新北市,機車,50-59歲,女,A2,1,尿液,安非他命,2,1,0~30,吊銷3年
2,週二,9,高雄市,機車,30-39歲,男,A2,1,尿液,安非他命,2,2,0~30,吊銷3年
5,週三,19,桃園市,機車,60歲以上,男,A2,2,尿液,甲基安非他命,2,2,31~60,吊銷3年
10,週六,7,屏東縣,機車,19歲以下,男,A2,1,尿液,甲基安非他命,1,0,121~500,吊扣4年
6,週四,19,新北市,小客車,40-49歲,女,A2,1,尿液,甲基安非他命,2,0,31~60,吊扣2年
6,週一,16,高雄市,小客車,50-59歲,男,A2,1,尿液,安非他命,0,0,121~500,吊扣2年
8,週三,7,雲林縣,小客車,40-49歲,男,A2,2,尿液,甲基安非他命,1,1,0~30,吊銷3年
8,週六,22,臺中市,小客車,50-59歲,男,A2,1,血液,安非他命,0,1,0~30,吊銷3年
5,週日,11,新北市,機車,40-49歲,男,A2,1,尿液,安非他命,0,0,0~30,吊扣2年
11,週二,11,高雄市,機車,40-49歲,男,A2,2,尿液,甲基安非他命,1,0,0~30,吊扣2年
4,週一,19,基隆市,機車,40-49歲,男,A2,2,尿液,愷他命,2,0,61~120,吊扣4年
11,週四,18,臺中市,小客車,40-49歲,男,A2,1,尿液,嗎啡,2,0,31~60,吊扣3年
12,週四,10,新北市,機車,30-39歲,女,A2,1,血液,嗎啡,3,1,121~500,吊銷3年
9,週四,7,臺中市,大客車,40-49歲,女,A2,1,尿液,甲基安非他命,3,1,61~120,吊銷3年
9,週日,10,臺北市,機車,60歲以上,男,A2,1,尿液,甲基安非他命,0,0,121~500,吊扣4年
10,週五,8,花蓮縣,小客車,40-49歲,男,A2,2,尿液,嗎啡,1,2,0~30,吊銷3年
7,週二,11,雲林縣,小客車,40-49歲,男,A2,1,尿液,愷他命,1,0,0~30,吊扣4年
11,週五,14,南投縣,小客車,40-49歲,男,A2,1,血液,安非他命,1,1,0~30,吊銷3年
4,週四,12,基隆市,小客車,30-39歲,女,A2,1,尿液,安非他命,0,1,0~30,吊銷3年
8,週五,19,臺東縣,貨車,30-39歲,女,A2,1,尿液,安非他命,2,1,121~500,吊銷3年
1,週五,9,宜蘭縣,機車,40-49歲,男,A2,1,尿液,甲基安非他命,2,1,31~60,吊銷3年
4,週五,7,高雄市,貨車,50-59歲,男,A2,1,尿液,甲基安非他命,3,0,31~60,吊扣2年
11,週二,7,桃園市,機車,30-39歲,男,A2,3,尿液,嗎啡,0,0,31~60,吊扣3年
11,週一,7,高雄市,機車,20-29歲,男,A2,1,尿液,安非他命,1,0,31~60,吊扣3年
3,週三,17,高雄市,貨車,60歲以上,男,A2,1,尿液,安非他命,1,0,31~60,吊扣4年
12,週六,18,新北市,機車,60歲以上,男,A2,3,尿液,嗎啡,0,0,31~60,吊扣3年
1,週一,8,桃園市,機車,50-59歲,男,A2,1,尿液,安非他命,1,1,121~500,吊銷3年
12,週二,11,嘉義市,貨車,40-49歲,男,A2,1,尿液,安非他命,0,0,31~60,吊扣4年
11,週日,18,新北市,小客車,40-49歲,男,A2,1,尿液,嗎啡,2,0,0~30,吊扣3年
4,週一,18,桃園市,機車,50-59歲,男,A2,1,尿液,甲基安非他命,1,3,31~60,吊銷3年
8,週四,8,高雄市,機車,20-29歲,男,A2,2,尿液,安非他命,2,2,0~30,吊銷3年
3,週六,12,臺中市,小客車,40-49歲,男,A2,1,尿液,安非他命,3,2,31~60,吊銷3年
5,週五,0,臺北市,小客車,40-49歲,女,A2,2,尿液,甲基安非他命,2,0,121~500,吊扣4年
7,週日,9,花蓮縣,小客車,40-49歲,男,A2,1,尿液,愷他命,1,0,61~120,吊扣2年
4,週五,7,新北市,機車,20-29歲,男,A2,3,尿液,嗎啡,2,0,31~60,吊扣4年
6,週四,12,臺南市,機車,50-59歲,男,A2,1,血液,甲基安非他命,1,0,31~60,吊扣4年
10,週五,7,彰化縣,機車,40-49歲,男,A2,1,尿液,安非他命,1,0,0~30,吊扣4年
10,週四,20,新竹市,機車,40-49歲,男,A2,2,尿液,安非他命,1,0,0~30,吊扣2年
1,週四,11,南投縣,機車,50-59歲,女,A2,2,尿液,嗎啡,0,0,31~60,吊扣3年
1,週六,5,臺中市,小客車,30-39歲,男,A2,1,尿液,甲基安非他命,2,2,31~60,吊銷3年
9,週二,13,彰化縣,機車,40-49歲,男,A2,3,尿液,安非他命,0,1,31~60,吊銷3年
1,週五,10,臺北市,小客車,60歲以上,男,A2,1,尿液,安非他命,2,0,0~30,吊扣4年
5,週五,0,嘉義縣,機車,40-49歲,女,A2,1,尿液,安非他命,1,0,121~500,吊扣4年
6,週四,10,臺北市,機車,50-59歲,男,A2,3,尿液,甲基安非他命,2,1,31~60,吊銷3年
7,週二,14,桃園市,小客車,50-59歲,男,A2,1,尿液,安非他命,0,0,0~30,吊扣4年
2,週四,17,臺北市,機車,30-39歲,女,A2,1,尿液,甲基安非他命,2,1,31~60,吊銷3年
7,週一,23,臺南市,小客車,30-39歲,男,A2,1,尿液,愷他命,2,0,31~60,吊扣4年
10,週一,17,高雄市,機車,40-49歲,男,A2,1,尿液,安非他命,3,0,31~60,吊扣3年
3,週一,6,臺北市,機車,40-49歲,男,A2,1,尿液,甲基安非他命,2,0,0~30,吊扣4年
12,週二,9,屏東縣,機車,20-29歲,女,A2,1,尿液,愷他命,3,1,61~120,吊銷3年
8,週四,1,高雄市,機車,40-49歲,男,A2,2,尿液,安非他命,0,1,31~60,吊銷3年
7,週五,8,臺中市,貨車,60歲以上,女,A2,1,尿液,安非他命,0,1,31~60,吊銷3年
11,週四,0,臺中市,小客車,30-39歲,男,A2,1,尿液,愷他命,2,0,31~60,吊扣4年
2,週六,23,新竹縣,小客車,30-39歲,女,A2,1,尿液,安非他命,2,0,31~60,吊扣2年
12,週二,22,高雄市,小客車,50-59歲,女,A2,1,尿液,愷他命,3,0,31~60,吊扣2年
6,週三,7,高雄市,小客車,20-29歲,男,A2,1,血液,甲基安非他命,1,2,0~30,吊銷3年
11,週六,14,新北市,小客車,40-49歲,男,A2,2,尿液,安非他命,3,0,0~30,吊扣4年
9,週日,18,臺南市,小客車,40-49歲,男,A2,1,血液,甲基安非他命,1,0,121~500,吊扣2年
7,週五,8,彰化縣,機車,60歲以上,女,A2,1,尿液,安非他命,3,0,61~120,吊扣3年
5,週四,8,桃園市,小客車,50-59歲,男,A2,1,尿液,愷他命,3,0,0~30,吊扣4年
6,週一,12,雲林縣,機車,30-39歲,男,A2,2,尿液,甲基安非他命,3,0,31~60,吊扣4年
4,週日,8,高雄市,貨車,40-49歲,男,A2,1,尿液,甲基安非他命,2,2,31~60,吊銷3年
7,週一,14,彰化縣,機車,50-59歲,男,A2,1,血液,嗎啡,3,1,0~30,吊銷3年
7,週日,13,臺北市,機車,40-49歲,男,A2,2,尿液,安非他命,3,1,0~30,吊銷3年
12,週二,19,高雄市,機車,30-39歲,女,A2,2,尿液,甲基安非他命,1,1,0~30,吊銷3年
9,週日,18,臺北市,小客車,50-59歲,男,A2,1,尿液,嗎啡,3,0,0~30,吊扣2年
7,週一,15,嘉義市,小客車,40-49歲,男,A2,1,尿液,安非他命,0,0,31~60,吊扣3年
5,週三,1,雲林縣,機車,50-59歲,男,A2,1,尿液,甲基安非他命,1,0,0~30,吊扣4年
9,週日,15,高雄市,機車,40-49歲,女,A2,1,尿液,甲基安非他命,2,2,0~30,吊銷3年
5,週日,14,新北市,小客車,60歲以上,男,A2,1,尿液,甲基安非他命,3,1,0~30,吊銷3年
1,週六,17,桃園市,機車,30-39歲,男,A2,1,尿液,安非他命,1,1,31~60,吊銷3年
11,週六,14,桃園市,機車,60歲以上,男,A2,1,尿液,安非他命,1,0,0~30,吊扣3年
12,週二,20,彰化縣,小客車,60歲以上,男,A2,1,尿液,甲基安非他命,2,1,0~30,吊銷3年
12,週三,22,臺北市,小客車,60歲以上,男,A2,1,尿液,安非他命,0,1,0~30,吊銷3年
5,週三,16,嘉義市,機車,40-49歲,男,A2,3,尿液,愷他命,1,0,31~60,吊扣4年
12,週四,0,南投縣,小客車,19歲以下,男,A2,2,尿液,愷他命,0,1,31~60,吊銷3年
4,週二,9,新北市,機車,20-29歲,男,A2,2,尿液,安非他命,3,0,0~30,吊扣2年
9,週日,13,高雄市,小客車,50-59歲,男,A2,1,尿液,嗎啡,1,0,0~30,吊扣2年
8,週六,3,臺中市,小客車,40-49歲,女,A2,2,尿液,安非他命,2,4,31~60,吊銷3年
10,週六,6,雲林縣,機車,40-49歲,女,A2,1,血液,安非他命,1,1,0~30,吊銷3年
10,週三,1,彰化縣,機車,30-39歲,男,A2,1,血液,甲基安非他命,2,2,31~60,吊銷3年
7,週六,22,彰化縣,機車,40-49歲,男,A2,1,尿液,安非他命,2,1,61~120,吊銷3年
5,週日,18,嘉義縣,機車,40-49歲,男,A2,1,尿液,甲基安非他命,2,2,0~30,吊銷3年
8,週六,15,新北市,機車,50-59歲,男,A2,1,血液,安非他命,3,0,121~500,吊扣4年
6,週六,17,臺中市,小客車,40-49歲,男,A2,1,尿液,甲基安非他命,3,0,121~500,吊扣4年
8,週日,11,臺北市,小客車,30-39歲,男,A2,1,血液,安非他命,1,1,31~60,吊銷3年
7,週四,7,基隆市,機車,50-59歲,男,A2,1,尿液,甲基安非他命,2,2,31~60,吊銷3年
8,週四,18,臺中市,機車,40-49歲,男,A2,1,尿液,甲基安非他命,2,0,31~60,吊扣2年
11,週五,16,高雄市,機車,50-59歲,男,A2,1,尿液,愷他命,3,1,0~30,吊銷3年
7,週三,15,南投縣,小客車,20-29歲,女,A2,1,尿液,愷他命,2,1,121~500,吊銷3年
7,週三,17,新北市,機車,40-49歲,男,A2,1,尿液,愷他命,2,1,0~30,吊銷3年
4,週日,22,高雄市,小客車,50-59歲,男,A2,1,尿液,甲基安非他命,2,1,121~500,吊銷3年
10,週五,21,臺中市,小客車,50-59歲,男,A2,1,尿液,甲基安非他命,2,0,31~60,吊扣2年
1,週四,21,新北市,小客車,40-49歲,男,A2,1,尿液,愷他命,0,0,0~30,吊扣3年
7,週三,17,臺北市,機車,40-49歲,男,A2,2,尿液,安非他命,0,1,0~30,吊銷3年
9,週一,10,高雄市,機車,20-29歲,男,A2,1,尿液,安非他命,3,3,31~60,吊銷3年
7,週日,11,臺北市,機車,19歲以下,男,A2,1,尿液,甲基安非他命,3,1,0~30,吊銷3年
11,週三,15,臺北市,機車,30-39歲,女,A2,1,尿液,嗎啡,3,1,31~60,吊銷3年
1,週日,8,新北市,機車,40-49歲,男,A2,1,尿液,安非他命,2,2,31~60,吊銷3年
5,週日,22,新北市,機車,40-49歲,男,A2,1,尿液,甲基安非他命,3,0,31~60,吊扣4年
3,週一,11,臺南市,小客車,50-59歲,女,A2,2,尿液,愷他命,3,1,31~60,吊銷3年
4,週三,18,臺中市,機車,40-49歲,男,A2,1,尿液,嗎啡,1,1,31~60,吊銷3年
4,週五,19,高雄市,小客車,60歲以上,女,A2,1,尿液,愷他命,2,1,0~30,吊銷3年
4,週五,0,新竹縣,小客車,50-59歲,男,A2,1,尿液,愷他命,3,0,31~60,吊扣4年
2,週四,8,新北市,機車,50-59歲,女,A2,3,尿液,甲基安非他命,1,1,0~30,吊銷3年
10,週日,10,高雄市,小客車,30-39歲,男,A2,1,尿液,愷他命,3,2,31~60,吊銷3年
8,週二,6,臺南市,機車,50-59歲,男,A2,1,尿液,嗎啡,0,0,31~60,吊扣2年
1,週五,17,新北市,小客車,20-29歲,男,A2,1,尿液,安非他命,0,0,0~30,吊扣4年
9,週五,18,臺南市,機車,60歲以上,男,A2,1,尿液,愷他命,2,0,31~60,吊扣3年
8,週六,1,臺北市,小客車,30-39歲,男,A2,1,尿液,甲基安非他命,1,0,31~60,吊扣2年
4,週四,6,雲林縣,小客車,30-39歲,男,A2,2,尿液,愷他命,3,0,31~60,吊扣2年
7,週日,17,雲林縣,小客車,20-29歲,男,A2,1,尿液,愷他命,0,0,0~30,吊扣3年
4,週一,12,臺中市,小客車,40-49歲,男,A2,1,血液,安非他命,1,1,0~30,吊銷3年
5,週日,3,臺中市,小客車,50-59歲,男,A2,1,尿液,甲基安非他命,2,0,121~500,吊扣2年
9,週五,17,彰化縣,機車,30-39歲,男,A2,1,尿液,甲基安非他命,1,1,31~60,吊銷3年
1,週五,10,桃園市,小客車,30-39歲,男,A2,1,尿液,安非他命,2,1,0~30,吊銷3年
1,週日,20,臺南市,小客車,50-59歲,女,A2,1,尿液,愷他命,1,1,0~30,吊銷3年
7,週六,7,基隆市,小客車,40-49歲,男,A2,1,尿液,甲基安非他命,3,0,31~60,吊扣4年
2,週四,20,高雄市,機車,40-49歲,男,A2,1,尿液,嗎啡,2,1,31~60,吊銷3年
6,週四,20,臺北市,小客車,50-59歲,男,A2,1,尿液,愷他命,2,1,31~60,吊銷3年
9,週五,13,臺北市,機車,50-59歲,男,A2,1,尿液,甲基安非他命,0,2,121~500,吊銷3年
5,週四,3,新北市,機車,19歲以下,女,A2,1,尿液,安非他命,3,0,0~30,吊扣3年
3,週一,7,新北市,機車,40-49歲,男,A2,2,尿液,安非他命,1,1,31~60,吊銷3年
11,週五,20,桃園市,機車,50-59歲,男,A2,2,血液,安非他命,2,1,0~30,吊銷3年
11,週六,10,桃園市,機車,40-49歲,女,A2,1,尿液,愷他命,1,2,31~60,吊銷3年
4,週六,14,雲林縣,機車,60歲以上,男,A2,1,尿液,安非他命,3,2,0~30,吊銷3年
8,週六,13,南投縣,小客車,40-49歲,男,A2,1,尿液,甲基安非他命,2,2,61~120,吊銷3年
1,週六,6,苗栗縣,機車,30-39歲,男,A2,1,尿液,甲基安非他命,0,3,31~60,吊銷3年
10,週日,10,高雄市,小客車,60歲以上,女,A2,1,尿液,愷他命,0,0,0~30,吊扣3年
5,週五,12,臺中市,機車,30-39歲,男,A2,2,尿液,愷他命,0,0,121~500,吊扣3年
2,週日,20,基隆市,小客車,50-59歲,男,A2,1,血液,嗎啡,0,1,31~60,吊銷3年
4,週四,7,新北市,機車,50-59歲,男,A2,2,尿液,甲基安非他命,2,1,61~120,吊銷3年
10,週日,18,臺中市,小客車,50-59歲,男,A2,1,尿液,甲基安非他命,3,2,121~500,吊銷3年
2,週二,22,臺北市,機車,20-29歲,女,A2,2,尿液,甲基安非他命,2,3,31~60,吊銷3年
1,週日,13,臺南市,機車,40-49歲,男,A2,1,尿液,甲基安非他命,0,0,31~60,吊扣3年
3,週六,1,臺中市,小客車,40-49歲,女,A2,1,尿液,愷他命,1,2,0~30,吊銷3年
6,週五,16,新竹縣,小客車,40-49歲,男,A2,1,尿液,安非他命,0,0,31~60,吊扣3年
11,週六,20,高雄市,小客車,19歲以下,男,A2,1,尿液,嗎啡,3,2,0~30,吊銷3年
2,週日,2,屏東縣,機車,40-49歲,男,A2,1,尿液,安非他命,0,2,31~60,吊銷3年
3,週六,8,雲林縣,小客車,40-49歲,男,A2,1,尿液,甲基安非他命,0,1,0~30,吊銷3年
10,週一,23,桃園市,機車,40-49歲,男,A2,2,尿液,嗎啡,2,1,121~500,吊銷3年
4,週日,19,新北市,機車,40-49歲,男,A2,2,尿液,愷他命,3,0,31~60,吊扣3年
4,週四,9,桃園市,小客車,30-39歲,男,A2,1,血液,愷他命,0,0,31~60,吊扣4年
10,週日,18,桃園市,小客車,30-39歲,男,A2,2,尿液,安非他命,2,3,31~60,吊銷3年
1,週四,17,苗栗縣,小客車,30-39歲,男,A2,1,尿液,甲基安非他命,2,0,31~60,吊扣2年
10,週五,17,雲林縣,機車,40-49歲,男,A2,1,尿液,愷他命,1,0,31~60,吊扣3年
10,週六,9,苗栗縣,小客車,20-29歲,女,A2,1,尿液,甲基安非他命,2,1,121~500,吊銷3年
12,週五,18,臺中市,貨車,50-59歲,女,A2,1,尿液,愷他命,1,3,0~30,吊銷3年
6,週五,17,臺南市,小客車,50-59歲,男,A2,1,尿液,甲基安非他命,0,0,31~60,吊扣3年
8,週二,7,嘉義縣,小客車,40-49歲,男,A2,1,血液,甲基安非他命,0,3,31~60,吊銷3年
10,週二,7,臺中市,小客車,40-49歲,男,A2,1,尿液,甲基安非他命,2,4,0~30,吊銷3年
3,週三,9,新北市,小客車,50-59歲,男,A2,1,尿液,甲基安非他命,2,2,0~30,吊銷3年
12,週四,17,臺北市,大客車,40-49歲,男,A2,1,尿液,嗎啡,3,0,31~60,吊扣2年
10,週五,9,高雄市,小客車,50-59歲,男,A2,1,尿液,甲基安非他命,2,1,31~60,吊銷3年
9,週日,10,新北市,小客車,40-49歲,男,A2,2,尿液,嗎啡,1,1,0~30,吊銷3年
5,週五,7,新北市,機車,50-59歲,男,A2,1,尿液,嗎啡,0,2,61~120,吊銷3年
6,週四,15,臺中市,機車,30-39歲,男,A2,3,尿液,甲基安非他命,1,0,0~30,吊扣4年
4,週一,16,宜蘭縣,機車,60歲以上,男,A2,2,尿液,甲基安非他命,3,0,0~30,吊扣3年
5,週三,18,桃園市,小客車,30-39歲,女,A2,1,尿液,安非他命,0,2,31~60,吊銷3年
6,週一,16,新北市,機車,50-59歲,男,A2,1,血液,安非他命,3,1,121~500,吊銷3年
1,週五,7,新北市,機車,40-49歲,男,A2,1,血液,嗎啡,0,1,0~30,吊銷3年
9,週三,23,彰化縣,小客車,50-59歲,男,A1,1,尿液,愷他命,0,1,31~60,吊銷終身
7,週三,11,新北市,小客車,40-49歲,男,A2,1,尿液,甲基安非他命,0,0,0~30,吊扣2年
12,週四,19,新北市,小客車,40-49歲,男,A2,1,尿液,甲基安非他命,2,0,121~500,吊扣2年
3,週四,2,高雄市,小客車,30-39歲,女,A2,1,尿液,甲基安非他命,3,0,0~30,吊扣3年
4,週二,17,臺北市,機車,50-59歲,男,A2,1,尿液,嗎啡,1,0,31~60,吊扣3年
5,週六,18,新北市,機車,60歲以上,男,A2,1,尿液,甲基安非他命,1,1,31~60,吊銷3年
6,週五,17,臺北市,小客車,50-59歲,男,A2,1,尿液,愷他命,1,0,0~30,吊扣3年
10,週五,3,南投縣,機車,50-59歲,男,A2,1,尿液,安非他命,3,0,31~60,吊扣3年
2,週二,18,臺北市,小客車,40-49歲,男,A2,1,尿液,安非他命,1,1,31~60,吊銷3年
10,週四,13,臺中市,機車,40-49歲,男,A2,1,尿液,甲基安非他命,3,1,0~30,吊銷3年
4,週六,13,南投縣,小客車,40-49歲,男,A2,1,尿液,嗎啡,3,2,31~60,吊銷3年
5,週四,15,臺北市,小客車,50-59歲,男,A2,1,尿液,安非他命,2,1,31~60,吊銷3年
4,週四,16,臺南市,小客車,40-49歲,男,A2,1,尿液,安非他命,2,0,0~30,吊扣3年
10,週六,15,高雄市,機車,40-49歲,女,A2,1,尿液,甲基安非他命,0,0,61~120,吊扣2年
4,週一,18,臺北市,機車,20-29歲,女,A2,1,尿液,安非他命,2,0,121~500,吊扣3年
4,週二,21,臺北市,機車,20-29歲,男,A2,2,尿液,安非他命,1,1,121~500,吊銷3年
8,週五,20,新竹縣,機車,50-59歲,男,A2,2,尿液,愷他命,1,1,121~500,吊銷3年
1,週日,17,臺中市,機車,50-59歲,女,A2,1,尿液,安非他命,3,0,31~60,吊扣2年
7,週二,16,嘉義縣,機車,50-59歲,男,A2,1,尿液,愷他命,3,2,121~500,吊銷3年
10,週四,17,臺南市,機車,50-59歲,男,A2,2,尿液,甲基安非他命,3,1,31~60,吊銷3年
9,週日,13,新北市,機車,60歲以上,男,A2,1,尿液,安非他命,2,0,121~500,吊扣4年
10,週二,17,新北市,小客車,40-49歲,女,A2,3,尿液,愷他命,0,2,0~30,吊銷3年
8,週三,8,桃園市,機車,40-49歲,男,A2,2,尿液,嗎啡,0,0,0~30,吊扣3年
6,週日,21,臺南市,小客車,50-59歲,男,A2,4,血液,甲基安非他命,1,0,31~60,吊扣3年
11,週二,17,彰化縣,小客車,60歲以上,女,A2,1,尿液,甲基安非他命,2,0,31~60,吊扣4年
5,週二,11,屏東縣,貨車,30-39歲,男,A2,1,尿液,安非他命,2,3,31~60,吊銷3年
10,週六,12,桃園市,機車,50-59歲,男,A2,2,尿液,愷他命,0,0,121~500,吊扣2年
1,週二,20,新竹縣,小客車,50-59歲,男,A2,1,尿液,安非他命,2,2,0~30,吊銷3年
8,週日,15,臺南市,小客車,20-29歲,男,A2,2,尿液,安非他命,3,1,31~60,吊銷3年
5,週四,18,宜蘭縣,小客車,50-59歲,男,A2,1,尿液,嗎啡,3,2,31~60,吊銷3年
4,週二,15,臺南市,機車,30-39歲,男,A2,1,血液,愷他命,1,0,31~60,吊扣4年
10,週四,7,新北市,小客車,40-49歲,男,A2,1,血液,安非他命,1,0,0~30,吊扣2年
11,週二,12,新北市,小客車,50-59歲,男,A2,1,尿液,甲基安非他命,1,1,0~30,吊銷3年
7,週五,17,臺北市,小客車,20-29歲,男,A2,1,尿液,安非他命,0,0,31~60,吊扣2年
10,週四,14,桃園市,機車,40-49歲,男,A2,3,尿液,安非他命,1,2,121~500,吊銷3年
12,週三,17,高雄市,機車,50-59歲,男,A2,2,血液,甲基安非他命,0,2,61~120,吊銷3年
11,週六,8,基隆市,機車,40-49歲,男,A2,2,尿液,甲基安非他命,3,0,61~120,吊扣2年
7,週二,19,臺中市,小客車,30-39歲,男,A2,1,血液,嗎啡,2,0,31~60,吊扣3年
10,週五,20,臺中市,小客車,30-39歲,男,A2,1,尿液,甲基安非他命,0,0,0~30,吊扣2年
8,週六,1,高雄市,小客車,50-59歲,男,A2,1,尿液,愷他命,1,0,121~500,吊扣2年
2,週一,19,臺北市,機車,50-59歲,男,A2,2,尿液,安非他命,3,1,31~60,吊銷3年
4,週三,6,臺北市,機車,50-59歲,男,A2,1,尿液,愷他命,2,2,0~30,吊銷3年
10,週四,19,新北市,小客車,50-59歲,男,A2,1,尿液,嗎啡,3,2,121~500,吊銷3年
4,週三,22,彰化縣,貨車,40-49歲,男,A2,1,尿液,甲基安非他命,2,1,31~60,吊銷3年
1,週三,10,臺南市,機車,40-49歲,男,A2,1,尿液,愷他命,3,2,121~500,吊銷3年
8,週日,9,臺中市,機車,30-39歲,女,A2,1,尿液,甲基安非他命,2,4,0~30,吊銷3年
10,週六,21,臺中市,貨車,50-59歲,男,A2,1,尿液,安非他命,0,3,31~60,吊銷3年
10,週四,19,新北市,機車,40-49歲,男,A2,4,血液,甲基安非他命,0,0,121~500,吊扣3年
4,週一,12,金門縣,機車,40-49歲,男,A2,1,尿液,愷他命,3,2,31~60,吊銷3年
7,週三,13,嘉義市,小客車,60歲以上,男,A2,1,尿液,甲基安非他命,2,0,31~60,吊扣2年
5,週日,2,桃園市,小客車,19歲以下,男,A2,1,尿液,嗎啡,3,2,0~30,吊銷3年
5,週日,13,新北市,機車,40-49歲,男,A2,1,尿液,愷他命,2,0,0~30,吊扣4年
5,週四,16,彰化縣,貨車,30-39歲,女,A2,1,尿液,甲基安非他命,3,3,121~500,吊銷3年
12,週五,9,雲林縣,機車,40-49歲,男,A2,1,尿液,甲基安非他命,0,1,121~500,吊銷3年
4,週三,12,花蓮縣,小客車,50-59歲,男,A2,1,尿液,安非他命,0,0,121~500,吊扣2年
1,週六,7,高雄市,機車,30-39歲,男,A2,2,血液,甲基安非他命,2,0,31~60,吊扣4年
2,週四,20,高雄市,小客車,20-29歲,男,A2,2,尿液,甲基安非他命,2,0,31~60,吊扣2年
4,週日,8,桃園市,機車,50-59歲,男,A2,2,尿液,甲基安非他命,3,0,0~30,吊扣3年
11,週一,18,新北市,機車,40-49歲,男,A2,1,血液,愷他命,2,3,61~120,吊銷3年
1,週五,11,嘉義縣,機車,20-29歲,女,A2,2,尿液,安非他命,3,1,0~30,吊銷3年
8,週二,18,高雄市,機車,40-49歲,男,A2,2,血液,安非他命,2,0,121~500,吊扣2年
1,週日,14,宜蘭縣,機車,50-59歲,男,A2,1,尿液,嗎啡,3,1,121~500,吊銷3年
2,週三,16,臺南市,小客車,50-59歲,男,A2,1,尿液,愷他命,3,2,31~60,吊銷3年
6,週日,18,新北市,機車,50-59歲,男,A2,2,尿液,安非他命,0,1,0~30,吊銷3年
2,週二,8,新北市,大客車,40-49歲,女,A2,1,尿液,甲基安非他命,2,1,0~30,吊銷3年
8,週六,0,新北市,小客車,30-39歲,男,A2,1,尿液,甲基安非他命,0,0,61~120,吊扣2年
5,週四,7,臺北市,機車,50-59歲,男,A2,2,尿液,安非他命,0,1,0~30,吊銷3年
11,週三,22,桃園市,小客車,60歲以上,男,A2,1,血液,愷他命,2,4,0~30,吊銷3年
8,週一,10,臺南市,小客車,40-49歲,男,A2,1,尿液,安非他命,2,1,0~30,吊銷3年
8,週五,11,臺北市,貨車,30-39歲,男,A2,1,尿液,安非他命,2,1,0~30,吊銷3年
3,週一,13,臺南市,貨車,60歲以上,男,A2,1,尿液,愷他命,3,2,0~30,吊銷3年
1,週二,9,屏東縣,機車,40-49歲,男,A2,1,尿液,甲基安非他命,3,0,0~30,吊扣2年
12,週一,19,高雄市,小客車,20-29歲,男,A2,2,尿液,安非他命,3,0,121~500,吊扣4年
11,週六,17,雲林縣,機車,50-59歲,男,A2,1,血液,甲基安非他命,2,1,121~500,吊銷3年
4,週四,8,嘉義市,機車,40-49歲,男,A2,1,尿液,愷他命,1,0,31~60,吊扣4年
6,週六,16,苗栗縣,小客車,50-59歲,男,A2,1,血液,嗎啡,2,0,31~60,吊扣3年
2,週日,0,臺南市,小客車,40-49歲,男,A2,1,血液,安非他命,3,3,31~60,吊銷3年
4,週一,7,桃園市,小客車,40-49歲,男,A2,1,尿液,愷他命,1,0,31~60,吊扣3年
10,週六,9,南投縣,機車,50-59歲,男,A2,1,血液,愷他命,2,0,31~60,吊扣2年
9,週二,19,屏東縣,機車,40-49歲,男,A2,1,尿液,甲基安非他命,1,1,0~30,吊銷3年
7,週四,19,臺中市,機車,20-29歲,男,A2,1,尿液,安非他命,1,1,31~60,吊銷3年
2,週日,23,高雄市,機車,50-59歲,女,A2,1,尿液,安非他命,1,2,31~60,吊銷3年
5,週一,7,雲林縣,小客車,40-49歲,男,A2,1,尿液,安非他命,0,1,31~60,吊銷3年
8,週六,17,臺中市,小客車,50-59歲,男,A2,1,尿液,嗎啡,0,1,121~500,吊銷3年
12,週三,17,嘉義縣,小客車,50-59歲,男,A2,1,尿液,甲基安非他命,0,0,0~30,吊扣4年
11,週五,15,嘉義縣,機車,50-59歲,男,A2,1,尿液,安非他命,1,1,31~60,吊銷3年
11,週五,7,彰化縣,機車,30-39歲,男,A2,2,尿液,安非他命,1,0,31~60,吊扣2年
7,週三,7,花蓮縣,機車,60歲以上,男,A2,1,尿液,愷他命,2,2,31~60,吊銷3年
8,週三,12,基隆市,機車,50-59歲,男,A2,2,血液,愷他命,1,1,0~30,吊銷3年
4,週一,1,高雄市,小客車,50-59歲,男,A2,2,尿液,甲基安非他命,1,2,31~60,吊銷3年
2,週六,19,苗栗縣,小客車,40-49歲,女,A2,1,尿液,甲基安非他命,3,0,0~30,吊扣3年
4,週一,12,臺中市,機車,30-39歲,男,A2,1,尿液,安非他命,3,0,31~60,吊扣3年
4,週一,15,新北市,機車,40-49歲,男,A2,1,尿液,安非他命,3,1,0~30,吊銷3年
10,週四,7,桃園市,小客車,50-59歲,男,A2,1,尿液,嗎啡,0,2,61~120,吊銷3年
5,週一,14,嘉義市,小客車,40-49歲,男,A2,1,尿液,嗎啡,1,2,121~500,吊銷3年
11,週五,13,高雄市,小客車,40-49歲,男,A2,1,尿液,安非他命,0,1,0~30,吊銷3年
8,週五,9,臺中市,小客車,40-49歲,女,A2,1,尿液,安非他命,1,2,61~120,吊銷3年
1,週五,18,臺中市,機車,40-49歲,男,A2,1,血液,安非他命,3,4,31~60,吊銷3年
5,週五,19,桃園市,小客車,40-49歲,男,A2,1,尿液,甲基安非他命,0,0,31~60,吊扣3年
10,週二,11,嘉義市,小客車,50-59歲,男,A2,1,尿液,甲基安非他命,3,2,0~30,吊銷3年
11,週二,11,臺北市,小客車,40-49歲,男,A2,1,尿液,嗎啡,1,0,0~30,吊扣2年
4,週六,17,新北市,機車,40-49歲,女,A2,2,尿液,安非他命,3,1,0~30,吊銷3年
11,週日,11,雲林縣,機車,60歲以上,男,A2,2,尿液,愷他命,3,2,121~500,吊銷3年
5,週二,8,新竹市,機車,30-39歲,女,A2,2,尿液,安非他命,3,4,121~500,吊銷3年
7,週六,14,臺中市,機車,40-49歲,男,A2,3,尿液,安非他命,1,1,31~60,吊銷3年
7,週一,14,臺北市,小客車,20-29歲,男,A2,2,尿液,甲基安非他命,0,0,0~30,吊扣2年
7,週日,11,雲林縣,貨車,40-49歲,男,A2,1,尿液,愷他命,1,0,121~500,吊扣2年
8,週四,3,臺北市,貨車,40-49歲,男,A2,1,尿液,甲基安非他命,1,0,61~120,吊扣2年
11,週六,18,高雄市,小客車,20-29歲,男,A2,1,尿液,甲基安非他命,3,1,0~30,吊銷3年
9,週一,14,高雄市,小客車,50-59歲,男,A2,1,尿液,甲基安非他命,2,1,31~60,吊銷3年
10,週二,9,臺中市,機車,40-49歲,男,A2,1,尿液,安非他命,0,4,0~30,吊銷3年
6,週五,11,臺北市,機車,40-49歲,男,A2,2,尿液,安非他命,2,2,31~60,吊銷3年
4,週日,14,臺北市,小客車,40-49歲,男,A2,1,尿液,甲基安非他命,0,0,0~30,吊扣4年
10,週三,18,高雄市,機車,30-39歲,男,A2,1,血液,安非他命,0,0,31~60,吊扣3年
8,週二,13,臺中市,機車,40-49歲,女,A2,1,尿液,愷他命,3,1,61~120,吊銷3年
2,週六,5,嘉義市,機車,50-59歲,男,A2,1,尿液,甲基安非他命,2,1,31~60,吊銷3年
7,週三,19,桃園市,機車,50-59歲,男,A2,2,尿液,嗎啡,1,2,0~30,吊銷3年
4,週四,19,雲林縣,機車,60歲以上,男,A2,2,尿液,愷他命,3,0,31~60,吊扣2年
6,週四,20,高雄市,小客車,40-49歲,男,A2,1,尿液,愷他命,0,0,0~30,吊扣3年
9,週二,14,臺中市,機車,40-49歲,男,A2,2,血液,甲基安非他命,3,1,0~30,吊銷3年
8,週五,8,高雄市,小客車,20-29歲,女,A2,1,尿液,愷他命,0,0,61~120,吊扣3年
5,週五,16,基隆市,機車,50-59歲,女,A2,1,尿液,甲基安非他命,3,0,61~120,吊扣3年
1,週四,7,桃園市,小客車,40-49歲,男,A2,1,尿液,安非他命,2,0,31~60,吊扣4年
7,週六,14,新北市,小客車,40-49歲,男,A2,1,尿液,甲基安非他命,0,1,31~60,吊銷3年
11,週六,23,臺南市,機車,40-49歲,男,A2,1,尿液,安非他命,2,0,0~30,吊扣4年
2,週三,16,苗栗縣,機車,40-49歲,男,A2,1,尿液,安非他命,2,0,31~60,吊扣3年
3,週六,20,嘉義縣,小客車,40-49歲,女,A2,1,尿液,嗎啡,2,1,31~60,吊銷3年
3,週二,19,新北市,小客車,20-29歲,男,A2,1,尿液,愷他命,1,2,0~30,吊銷3年
6,週二,12,臺東縣,小客車,40-49歲,男,A2,1,尿液,MDMA,0,1,31~60,吊銷3年
6,週五,9,臺北市,機車,30-39歲,女,A2,1,尿液,甲基安非他命,0,0,0~30,吊扣4年
4,週一,13,臺北市,貨車,30-39歲,女,A2,1,血液,甲基安非他命,0,0,31~60,吊扣2年
12,週日,14,新北市,機車,30-39歲,男,A2,1,尿液,安非他命,2,3,121~500,吊銷3年
2,週日,0,新北市,機車,50-59歲,女,A2,1,尿液,安非他命,3,3,31~60,吊銷3年
3,週三,8,桃園市,貨車,50-59歲,男,A2,1,尿液,安非他命,2,1,0~30,吊銷3年
6,週一,23,新北市,小客車,40-49歲,男,A2,1,尿液,安非他命,2,3,0~30,吊銷3年
4,週一,17,臺北市,機車,50-59歲,男,A2,2,尿液,甲基安非他命,2,1,0~30,吊銷3年
9,週五,15,新北市,小客車,40-49歲,男,A2,1,尿液,安非他命,0,0,0~30,吊扣3年
4,週一,19,臺北市,小客車,50-59歲,男,A2,1,尿液,甲基安非他命,1,1,0~30,吊銷3年
10,週三,11,臺東縣,小客車,50-59歲,女,A2,1,尿液,安非他命,0,1,31~60,吊銷3年
5,週二,10,臺南市,小客車,40-49歲,女,A2,1,尿液,安非他命,3,0,121~500,吊扣3年
1,週日,13,桃園市,小客車,50-59歲,男,A2,1,尿液,甲基安非他命,2,1,0~30,吊銷3年
9,週一,16,臺北市,小客車,50-59歲,男,A2,1,尿液,嗎啡,3,2,0~30,吊銷3年
9,週四,14,臺中市,機車,30-39歲,男,A2,2,尿液,甲基安非他命,1,1,0~30,吊銷3年
7,週五,12,屏東縣,小客車,50-59歲,男,A2,1,尿液,甲基安非他命,0,1,121~500,吊銷3年
3,週一,15,花蓮縣,貨車,20-29歲,男,A2,1,尿液,甲基安非他命,1,2,0~30,吊銷3年
11,週日,22,屏東縣,小客車,30-39歲,男,A2,1,血液,MDMA,3,0,121~500,吊扣3年
11,週日,7,新北市,機車,60歲以上,男,A2,1,尿液,甲基安非他命,1,1,31~60,吊銷3年
1,週四,9,臺東縣,機車,40-49歲,男,A2,1,尿液,安非他命,3,0,0~30,吊扣4年
6,週六,15,高雄市,小客車,40-49歲,男,A2,1,血液,甲基安非他命,3,1,0~30,吊銷3年
4,週三,12,雲林縣,機車,40-49歲,男,A2,1,尿液,甲基安非他命,3,0,31~60,吊扣2年
7,週五,17,新北市,機車,60歲以上,男,A2,2,尿液,安非他命,2,0,0~30,吊扣4年
9,週三,17,桃園市,機車,40-49歲,男,A2,1,尿液,嗎啡,2,1,31~60,吊銷3年
10,週三,20,桃園市,機車,40-49歲,男,A2,2,尿液,安非他命,0,0,0~30,吊扣4年
3,週四,12,新竹縣,小客車,50-59歲,男,A2,1,尿液,甲基安非他命,1,2,61~120,吊銷3年
2,週一,12,新北市,小客車,40-49歲,女,A2,1,血液,甲基安非他命,3,0,31~60,吊扣2年
3,週四,20,桃園市,小客車,40-49歲,女,A2,2,血液,甲基安非他命,1,2,0~30,吊銷3年
6,週六,12,臺南市,小客車,30-39歲,男,A2,1,血液,嗎啡,1,0,0~30,吊扣3年
7,週四,9,高雄市,機車,60歲以上,男,A2,1,尿液,安非他命,3,2,0~30,吊銷3年
11,週日,5,高雄市,小客車,40-49歲,男,A2,2,尿液,嗎啡,0,0,61~120,吊扣4年
11,週六,8,桃園市,機車,40-49歲,男,A2,1,尿液,甲基安非他命,2,0,31~60,吊扣4年
1,週日,12,桃園市,小客車,30-39歲,男,A2,2,血液,甲基安非他命,3,0,0~30,吊扣3年
8,週六,23,桃園市,機車,50-59歲,男,A2,1,尿液,安非他命,0,1,31~60,吊銷3年
5,週四,8,臺北市,小客車,30-39歲,男,A2,1,尿液,甲基安非他命,2,3,0~30,吊銷3年
9,週四,12,高雄市,機車,50-59歲,男,A2,1,尿液,甲基安非他命,2,1,61~120,吊銷3年
1,週三,7,臺中市,小客車,60歲以上,男,A2,2,尿液,愷他命,3,0,31~60,吊扣3年
7,週三,15,臺北市,小客車,30-39歲,男,A2,1,尿液,安非他命,1,1,31~60,吊銷3年
11,週五,20,臺中市,小客車,30-39歲,男,A2,1,尿液,愷他命,2,1,0~30,吊銷3年
4,週日,17,臺南市,機車,20-29歲,男,A2,3,尿液,愷他命,0,2,0~30,吊銷3年
1,週五,3,花蓮縣,機車,20-29歲,男,A2,1,尿液,甲基安非他命,0,1,31~60,吊銷3年
1,週三,11,臺南市,小客車,40-49歲,女,A2,1,尿液,安非他命,3,1,0~30,吊銷3年
1,週四,17,桃園市,小客車,50-59歲,男,A2,1,尿液,安非他命,3,0,0~30,吊扣2年
2,週六,23,新北市,小客車,40-49歲,男,A2,1,尿液,甲基安非他命,0,1,0~30,吊銷3年
4,週三,18,彰化縣,貨車,40-49歲,男,A2,2,尿液,甲基安非他命,3,0,61~120,吊扣2年
8,週二,10,嘉義市,小客車,40-49歲,女,A2,2,尿液,愷他命,3,0,0~30,吊扣2年
7,週五,8,高雄市,小客車,30-39歲,男,A2,1,尿液,甲基安非他命,2,0,31~60,吊扣3年
1,週一,12,臺中市,機車,50-59歲,男,A2,3,尿液,甲基安非他命,2,3,31~60,吊銷3年
5,週五,15,高雄市,小客車,60歲以上,男,A2,1,血液,嗎啡,1,1,61~120,吊銷3年
4,週一,15,桃園市,小客車,20-29歲,女,A2,1,尿液,嗎啡,3,1,31~60,吊銷3年
8,週三,13,臺北市,小客車,60歲以上,男,A2,1,尿液,安非他命,2,1,121~500,吊銷3年
1,週五,21,桃園市,小客車,50-59歲,男,A2,1,尿液,安非他命,2,0,31~60,吊扣3年
5,週日,1,苗栗縣,貨車,20-29歲,男,A2,2,尿液,嗎啡,2,1,0~30,吊銷3年
6,週三,22,桃園市,小客車,60歲以上,男,A2,1,尿液,愷他命,2,2,31~60,吊銷3年
4,週三,17,桃園市,小客車,60歲以上,男,A2,1,尿液,甲基安非他命,1,0,31~60,吊扣2年
3,週三,12,新北市,小客車,50-59歲,男,A2,1,血液,安非他命,2,0,31~60,吊扣3年
3,週三,13,臺中市,小客車,50-59歲,男,A2,1,尿液,甲基安非他命,3,0,31~60,吊扣4年
10,週一,7,臺北市,小客車,30-39歲,男,A2,1,尿液,愷他命,3,0,31~60,吊扣4年
1,週四,16,臺北市,小客車,60歲以上,男,A2,1,尿液,安非他命,1,3,61~120,吊銷3年
7,週二,18,臺南市,小客車,40-49歲,男,A2,1,尿液,嗎啡,3,0,121~500,吊扣2年
7,週四,8,高雄市,小客車,50-59歲,男,A2,1,尿液,甲基安非他命,3,0,0~30,吊扣3年
1,週五,8,新北市,機車,20-29歲,男,A2,1,尿液,愷他命,0,1,31~60,吊銷3年
3,週四,1,基隆市,小客車,60歲以上,男,A2,1,尿液,嗎啡,0,3,0~30,吊銷3年
1,週日,18,高雄市,小客車,40-49歲,女,A2,1,尿液,愷他命,3,1,0~30,吊銷3年
8,週一,8,高雄市,機車,50-59歲,男,A2,2,尿液,安非他命,1,1,0~30,吊銷3年
5,週一,8,新竹市,機車,40-49歲,男,A2,1,尿液,愷他命,0,0,31~60,吊扣3年
4,週四,16,苗栗縣,小客車,50-59歲,男,A2,2,尿液,安非他命,3,1,31~60,吊銷3年
3,週日,8,屏東縣,機車,50-59歲,男,A2,2,尿液,甲基安非他命,2,1,0~30,吊銷3年
10,週日,3,苗栗縣,小客車,50-59歲,男,A2,1,尿液,甲基安非他命,2,1,31~60,吊銷3年
8,週六,23,新竹縣,機車,40-49歲,男,A2,1,尿液,愷他命,2,0,121~500,吊扣3年
7,週一,18,苗栗縣,小客車,50-59歲,男,A2,1,血液,甲基安非他命,2,1,121~500,吊銷3年
4,週日,20,新北市,機車,20-29歲,男,A2,1,尿液,甲基安非他命,3,4,31~60,吊銷3年
1,週五,23,臺南市,機車,60歲以上,男,A2,1,尿液,安非他命,0,4,61~120,吊銷3年
8,週三,8,高雄市,機車,50-59歲,男,A2,1,尿液,安非他命,1,0,31~60,吊扣2年
11,週二,23,彰化縣,小客車,40-49歲,男,A2,1,尿液,嗎啡,0,0,31~60,吊扣2年
2,週二,18,臺南市,機車,30-39歲,男,A2,4,尿液,安非他命,1,1,0~30,吊銷3年
6,週日,16,臺北市,機車,40-49歲,男,A2,1,尿液,甲基安非他命,3,2,61~120,吊銷3年
4,週三,15,臺南市,小客車,50-59歲,男,A2,1,尿液,安非他命,1,2,121~500,吊銷3年
3,週一,7,苗栗縣,貨車,30-39歲,男,A2,1,尿液,甲基安非他命,2,3,31~60,吊銷3年
1,週日,16,基隆市,機車,50-59歲,男,A2,1,尿液,愷他命,1,0,0~30,吊扣4年
7,週三,18,臺北市,小客車,20-29歲,男,A2,1,尿液,安非他命,1,0,0~30,吊扣4年
8,週四,20,南投縣,小客車,50-59歲,女,A2,1,血液,甲基安非他命,0,1,31~60,吊銷3年
2,週一,18,新北市,機車,40-49歲,男,A2,1,尿液,安非他命,3,0,0~30,吊扣3年
3,週六,18,雲林縣,貨車,30-39歲,男,A2,1,尿液,甲基安非他命,0,0,31~60,吊扣4年
5,週六,10,臺南市,小客車,20-29歲,男,A2,1,尿液,安非他命,2,1,0~30,吊銷3年
9,週日,4,南投縣,機車,50-59歲,男,A1,0,尿液,甲基安非他命,0,1,0~30,吊銷終身
5,週三,8,新北市,機車,30-39歲,男,A2,2,尿液,甲基安非他命,0,0,31~60,吊扣2年
3,週一,20,臺北市,小客車,50-59歲,男,A2,1,血液,甲基安非他命,2,0,31~60,吊扣2年
9,週五,18,高雄市,機車,40-49歲,男,A2,1,尿液,嗎啡,2,1,0~30,吊銷3年
2,週四,18,新北市,小客車,40-49歲,男,A2,1,尿液,甲基安非他命,3,0,31~60,吊扣4年
10,週六,17,新北市,機車,40-49歲,男,A2,2,血液,愷他命,3,1,31~60,吊銷3年
2,週三,21,臺中市,機車,40-49歲,男,A2,1,血液,甲基安非他命,2,0,31~60,吊扣4年
3,週六,17,桃園市,小客車,40-49歲,女,A2,1,尿液,愷他命,0,1,31~60,吊銷3年
7,週六,18,臺中市,機車,40-49歲,男,A2,2,尿液,愷他命,3,2,0~30,吊銷3年
4,週一,8,臺南市,機車,20-29歲,男,A2,1,尿液,愷他命,3,1,31~60,吊銷3年
8,週日,17,高雄市,小客車,20-29歲,男,A2,1,尿液,甲基安非他命,3,1,0~30,吊銷3年
6,週四,11,桃園市,小客車,40-49歲,男,A2,1,尿液,甲基安非他命,3,3,0~30,吊銷3年
11,週六,11,桃園市,小客車,30-39歲,男,A2,1,尿液,甲基安非他命,0,1,121~500,吊銷3年
10,週日,12,基隆市,大客車,20-29歲,男,A2,2,尿液,甲基安非他命,2,1,0~30,吊銷3年
6,週日,15,臺南市,機車,50-59歲,男,A2,1,血液,嗎啡,2,0,31~60,吊扣2年
8,週日,9,新竹縣,貨車,60歲以上,男,A2,1,尿液,甲基安非他命,0,1,121~500,吊銷3年
11,週日,6,新北市,機車,40-49歲,女,A2,1,尿液,愷他命,0,4,31~60,吊銷3年
3,週日,17,臺南市,小客車,40-49歲,男,A2,1,尿液,甲基安非他命,2,1,31~60,吊銷3年
9,週二,19,高雄市,貨車,40-49歲,女,A2,1,尿液,安非他命,3,2,0~30,吊銷3年
10,週五,8,臺中市,小客車,50-59歲,男,A2,2,尿液,甲基安非他命,0,1,0~30,吊銷3年
1,週一,12,高雄市,機車,60歲以上,女,A2,3,尿液,安非他命,0,0,121~500,吊扣4年
11,週二,19,高雄市,貨車,40-49歲,男,A2,1,尿液,愷他命,0,2,31~60,吊銷3年
6,週一,16,臺中市,機車,50-59歲,男,A2,1,尿液,愷他命,1,2,0~30,吊銷3年
1,週一,19,新北市,小客車,40-49歲,男,A2,1,尿液,甲基安非他命,1,0,0~30,吊扣4年
6,週四,12,桃園市,小客車,50-59歲,男,A2,1,血液,甲基安非他命,1,4,0~30,吊銷3年
1,週六,14,臺北市,小客車,40-49歲,女,A2,2,尿液,甲基安非他命,0,0,0~30,吊扣2年
11,週一,8,嘉義縣,機車,40-49歲,男,A2,1,血液,甲基安非他命,2,0,31~60,吊扣4年
8,週四,7,新北市,機車,30-39歲,男,A2,1,尿液,甲基安非他命,2,0,0~30,吊扣2年
12,週五,5,臺中市,機車,60歲以上,男,A2,2,尿液,安非他命,3,2,0~30,吊銷3年
8,週日,3,臺北市,小客車,50-59歲,女,A2,2,尿液,甲基安非他命,3,1,31~60,吊銷3年
8,週四,12,基隆市,小客車,50-59歲,男,A2,1,尿液,嗎啡,3,0,31~60,吊扣3年
10,週日,15,嘉義縣,小客車,60歲以上,男,A2,2,尿液,甲基安非他命,1,4,121~500,吊銷3年
4,週日,0,臺中市,機車,50-59歲,男,A2,1,尿液,甲基安非他命,0,3,31~60,吊銷3年
11,週五,21,桃園市,機車,30-39歲,男,A2,1,尿液,安非他命,0,2,0~30,吊銷3年
9,週三,21,花蓮縣,小客車,30-39歲,男,A2,1,尿液,安非他命,1,1,121~500,吊銷3年
8,週二,13,桃園市,小客車,19歲以下,男,A2,1,尿液,安非他命,2,0,0~30,吊扣2年
12,週六,20,新北市,機車,20-29歲,男,A2,1,尿液,安非他命,2,0,31~60,吊扣3年
12,週三,2,桃園市,小客車,40-49歲,女,A2,1,尿液,安非他命,3,0,0~30,吊扣4年
5,週一,15,新北市,小客車,50-59歲,男,A2,1,尿液,嗎啡,3,1,0~30,吊銷3年
3,週四,17,新北市,機車,40-49歲,女,A2,1,尿液,愷他命,2,0,0~30,吊扣3年
4,週一,18,基隆市,大客車,50-59歲,男,A2,1,尿液,愷他命,1,2,0~30,吊銷3年
10,週二,12,花蓮縣,機車,30-39歲,男,A2,1,血液,安非他命,0,1,31~60,吊銷3年
11,週五,18,新竹市,小客車,50-59歲,男,A2,1,尿液,安非他命,2,0,0~30,吊扣4年
1,週四,14,嘉義縣,機車,40-49歲,男,A2,2,尿液,甲基安非他命,0,4,0~30,吊銷3年
8,週三,13,臺東縣,小客車,40-49歲,男,A2,1,尿液,嗎啡,0,0,31~60,吊扣2年
7,週二,8,新北市,小客車,30-39歲,男,A2,1,尿液,愷他命,1,2,31~60,吊銷3年
4,週五,15,高雄市,小客車,40-49歲,女,A2,1,尿液,安非他命,2,1,31~60,吊銷3年
3,週日,21,新北市,小客車,60歲以上,男,A2,2,血液,嗎啡,0,0,121~500,吊扣2年
1,週六,12,臺北市,機車,30-39歲,男,A2,2,尿液,安非他命,3,0,31~60,吊扣4年
1,週四,10,桃園市,機車,50-59歲,男,A2,1,尿液,安非他命,2,1,0~30,吊銷3年
4,週六,6,桃園市,小客車,30-39歲,男,A2,1,尿液,甲基安非他命,0,0,61~120,吊扣3年
6,週一,16,高雄市,機車,30-39歲,男,A2,2,血液,甲基安非他命,3,2,0~30,吊銷3年
6,週四,8,新北市,機車,30-39歲,女,A2,1,尿液,安非他命,3,0,0~30,吊扣3年
3,週一,7,雲林縣,機車,30-39歲,男,A2,1,尿液,嗎啡,1,4,0~30,吊銷3年
8,週二,12,臺中市,機車,50-59歲,男,A2,2,尿液,甲基安非他命,3,1,31~60,吊銷3年
5,週日,9,臺南市,機車,60歲以上,男,A2,2,尿液,安非他命,0,3,0~30,吊銷3年
3,週日,11,臺中市,小客車,60歲以上,男,A2,1,尿液,甲基安非他命,3,2,31~60,吊銷3年
4,週日,11,雲林縣,小客車,30-39歲,男,A2,1,尿液,愷他命,1,1,0~30,吊銷3年
3,週一,15,新北市,小客車,50-59歲,女,A2,1,尿液,甲基安非他命,3,0,121~500,吊扣3年
4,週一,13,新北市,機車,40-49歲,女,A2,1,尿液,愷他命,3,0,31~60,吊扣4年
6,週四,21,高雄市,大客車,30-39歲,男,A2,2,尿液,安非他命,0,0,0~30,吊扣3年
11,週日,4,新北市,機車,50-59歲,男,A2,1,尿液,安非他命,1,0,31~60,吊扣4年
10,週四,11,臺中市,小客車,40-49歲,男,A2,1,尿液,嗎啡,0,2,31~60,吊銷3年
10,週三,7,高雄市,機車,60歲以上,男,A2,1,尿液,嗎啡,2,1,0~30,吊銷3年
11,週三,10,高雄市,機車,30-39歲,男,A2,2,尿液,安非他命,0,1,31~60,吊銷3年
1,週二,22,高雄市,小客車,20-29歲,男,A2,1,尿液,愷他命,1,0,31~60,吊扣4年
4,週二,18,嘉義縣,機車,20-29歲,男,A2,2,尿液,愷他命,3,2,0~30,吊銷3年
7,週四,13,彰化縣,機車,40-49歲,女,A1,0,尿液,安非他命,0,1,31~60,吊銷終身
10,週五,1,臺北市,小客車,40-49歲,男,A2,1,尿液,安非他命,0,0,31~60,吊扣2年
3,週二,16,臺中市,機車,50-59歲,男,A2,1,尿液,安非他命,1,1,0~30,吊銷3年
8,週日,19,雲林縣,小客車,40-49歲,男,A2,2,尿液,甲基安非他命,0,0,0~30,吊扣4年
1,週六,21,臺南市,機車,30-39歲,男,A2,2,尿液,安非他命,0,1,31~60,吊銷3年
8,週一,12,桃園市,小客車,40-49歲,女,A2,1,尿液,嗎啡,3,0,0~30,吊扣4年
10,週三,23,桃園市,小客車,50-59歲,男,A2,1,尿液,安非他命,3,1,121~500,吊銷3年
4,週日,16,宜蘭縣,機車,40-49歲,男,A2,1,尿液,愷他命,2,1,31~60,吊銷3年
7,週一,18,新北市,機車,50-59歲,女,A2,1,尿液,甲基安非他命,3,1,0~30,吊銷3年
6,週五,15,高雄市,小客車,19歲以下,男,A2,1,尿液,安非他命,1,2,0~30,吊銷3年
7,週日,10,彰化縣,小客車,50-59歲,男,A2,1,尿液,安非他命,3,4,31~60,吊銷3年
10,週六,11,彰化縣,機車,40-49歲,男,A2,1,尿液,安非他命,0,1,0~30,吊銷3年
1,週五,20,新北市,小客車,50-59歲,男,A2,1,尿液,安非他命,1,0,31~60,吊扣4年
3,週日,4,臺南市,機車,50-59歲,男,A2,1,尿液,甲基安非他命,2,1,121~500,吊銷3年
11,週五,7,臺中市,機車,40-49歲,男,A2,2,尿液,嗎啡,0,0,0~30,吊扣3年
4,週六,11,澎湖縣,機車,40-49歲,女,A2,1,尿液,甲基安非他命,1,0,0~30,吊扣2年
1,週一,21,屏東縣,小客車,30-39歲,男,A2,1,尿液,安非他命,3,0,31~60,吊扣2年
2,週二,9,臺南市,機車,50-59歲,女,A2,1,尿液,安非他命,1,1,31~60,吊銷3年
10,週二,18,南投縣,貨車,60歲以上,男,A2,1,尿液,愷他命,0,0,31~60,吊扣4年
1,週四,13,新北市,小客車,60歲以上,男,A2,1,尿液,甲基安非他命,3,0,31~60,吊扣4年
4,週二,9,高雄市,機車,20-29歲,男,A2,1,尿液,甲基安非他命,2,4,31~60,吊銷3年
11,週三,13,臺南市,小客車,40-49歲,男,A2,2,尿液,甲基安非他命,1,3,61~120,吊銷3年
7,週六,8,臺北市,機車,40-49歲,男,A2,1,尿液,愷他命,1,1,0~30,吊銷3年
10,週六,22,臺中市,小客車,20-29歲,男,A2,4,尿液,甲基安非他命,3,3,0~30,吊銷3年
11,週四,17,臺中市,小客車,50-59歲,男,A2,1,尿液,甲基安非他命,1,2,31~60,吊銷3年
5,週五,15,臺北市,機車,20-29歲,男,A2,1,尿液,愷他命,0,4,121~500,吊銷3年
2,週二,7,臺南市,小客車,30-39歲,男,A2,1,尿液,甲基安非他命,3,0,31~60,吊扣4年
10,週四,17,南投縣,小客車,50-59歲,男,A2,1,尿液,愷他命,1,1,0~30,吊銷3年
7,週六,16,臺南市,小客車,50-59歲,男,A2,1,尿液,安非他命,0,2,0~30,吊銷3年
6,週四,18,新竹市,小客車,40-49歲,男,A2,1,尿液,安非他命,0,2,31~60,吊銷3年
1,週三,12,臺南市,機車,50-59歲,男,A2,1,血液,甲基安非他命,1,3,31~60,吊銷3年
8,週三,8,新北市,機車,60歲以上,男,A2,1,血液,安非他命,2,1,0~30,吊銷3年
10,週二,8,臺北市,小客車,40-49歲,男,A2,1,尿液,愷他命,3,1,0~30,吊銷3年
11,週六,0,臺南市,小客車,30-39歲,男,A2,1,尿液,嗎啡,2,2,31~60,吊銷3年
7,週一,18,臺北市,機車,50-59歲,男,A2,3,尿液,甲基安非他命,2,0,31~60,吊扣3年
2,週一,19,臺中市,機車,40-49歲,男,A2,2,血液,甲基安非他命,3,1,0~30,吊銷3年
4,週一,16,嘉義市,機車,20-29歲,男,A2,1,尿液,安非他命,0,2,31~60,吊銷3年
11,週二,13,新北市,小客車,40-49歲,男,A2,1,尿液,愷他命,3,1,61~120,吊銷3年
11,週四,19,臺北市,機車,19歲以下,男,A2,1,尿液,安非他命,1,1,31~60,吊銷3年
8,週日,15,臺東縣,貨車,20-29歲,男,A2,1,尿液,安非他命,1,1,31~60,吊銷3年
10,週二,16,臺南市,機車,60歲以上,男,A2,1,尿液,甲基安非他命,2,2,0~30,吊銷3年
2,週三,11,臺中市,小客車,60歲以上,男,A2,1,尿液,安非他命,2,0,31~60,吊扣3年
7,週五,1,高雄市,小客車,30-39歲,男,A2,1,尿液,甲基安非他命,3,1,0~30,吊銷3年
4,週四,15,雲林縣,小客車,50-59歲,男,A2,1,尿液,安非他命,0,3,61~120,吊銷3年
4,週一,21,臺北市,大客車,50-59歲,男,A2,1,尿液,甲基安非他命,2,3,0~30,吊銷3年
3,週五,7,桃園市,小客車,50-59歲,女,A2,1,尿液,安非他命,3,0,0~30,吊扣4年
9,週五,17,臺中市,機車,40-49歲,男,A2,1,尿液,愷他命,2,0,31~60,吊扣4年
10,週二,19,新北市,機車,50-59歲,男,A2,2,尿液,甲基安非他命,0,2,0~30,吊銷3年
10,週六,21,臺中市,小客車,40-49歲,男,A2,3,尿液,愷他命,0,1,0~30,吊銷3年
5,週六,17,新北市,小客車,19歲以下,男,A2,1,尿液,安非他命,1,1,0~30,吊銷3年
3,週一,11,彰化縣,小客車,40-49歲,男,A2,1,尿液,甲基安非他命,0,0,0~30,吊扣2年
6,週一,21,新竹縣,小客車,30-39歲,男,A2,1,尿液,安非他命,3,0,0~30,吊扣4年
1,週日,2,南投縣,機車,20-29歲,男,A2,1,尿液,甲基安非他命,0,1,121~500,吊銷3年
4,週二,7,臺中市,機車,40-49歲,男,A2,4,尿液,甲基安非他命,3,0,31~60,吊扣3年
10,週六,20,屏東縣,機車,19歲以下,男,A1,0,尿液,安非他命,1,0,0~30,吊銷終身
4,週六,8,嘉義市,機車,30-39歲,男,A2,1,尿液,甲基安非他命,3,2,31~60,吊銷3年
4,週四,7,屏東縣,機車,40-49歲,男,A2,2,尿液,愷他命,3,0,0~30,吊扣3年
4,週三,19,嘉義市,機車,40-49歲,男,A2,2,尿液,甲基安非他命,0,0,31~60,吊扣4年
10,週四,5,新北市,小客車,30-39歲,女,A2,1,尿液,甲基安非他命,0,2,31~60,吊銷3年
4,週五,6,新北市,機車,30-39歲,男,A2,1,尿液,愷他命,0,1,31~60,吊銷3年
1,週四,22,新北市,小客車,40-49歲,男,A2,1,尿液,甲基安非他命,1,2,31~60,吊銷3年
6,週日,9,臺北市,小客車,20-29歲,女,A2,1,尿液,安非他命,1,1,31~60,吊銷3年
2,週六,17,新北市,小客車,40-49歲,女,A2,1,尿液,嗎啡,3,2,0~30,吊銷3年
2,週六,13,高雄市,機車,60歲以上,男,A2,3,血液,安非他命,3,0,121~500,吊扣3年
7,週一,17,屏東縣,機車,50-59歲,女,A2,1,血液,甲基安非他命,2,2,0~30,吊銷3年
3,週一,5,臺南市,小客車,50-59歲,男,A2,1,尿液,甲基安非他命,3,1,0~30,吊銷3年
7,週三,17,雲林縣,小客車,30-39歲,男,A2,1,尿液,甲基安非他命,0,2,0~30,吊銷3年
2,週三,10,新北市,小客車,40-49歲,男,A2,3,尿液,愷他命,1,4,121~500,吊銷3年
9,週四,21,臺中市,小客車,30-39歲,男,A2,1,尿液,甲基安非他命,3,1,0~30,吊銷3年
5,週二,7,高雄市,機車,50-59歲,男,A2,2,尿液,甲基安非他命,3,1,31~60,吊銷3年
10,週五,21,新北市,機車,40-49歲,男,A2,2,尿液,甲基安非他命,2,4,0~30,吊銷3年
2,週三,18,南投縣,小客車,30-39歲,男,A2,1,尿液,安非他命,1,1,0~30,吊銷3年
9,週一,17,臺中市,機車,60歲以上,男,A2,1,尿液,甲基安非他命,2,0,31~60,吊扣2年
5,週六,9,新北市,機車,40-49歲,女,A2,2,尿液,甲基安非他命,0,0,0~30,吊扣3年
1,週二,2,新北市,機車,19歲以下,男,A2,2,尿液,愷他命,1,0,31~60,吊扣4年
7,週三,23,新北市,機車,40-49歲,男,A2,1,尿液,安非他命,3,3,0~30,吊銷3年
3,週二,17,雲林縣,機車,50-59歲,男,A2,1,尿液,甲基安非他命,1,3,31~60,吊銷3年
4,週五,15,嘉義縣,機車,50-59歲,女,A2,1,尿液,甲基安非他命,3,0,61~120,吊扣4年
7,週日,23,臺中市,小客車,40-49歲,男,A2,1,尿液,甲基安非他命,1,1,31~60,吊銷3年
10,週五,11,新北市,機車,50-59歲,男,A2,1,尿液,安非他命,2,0,0~30,吊扣3年
5,週二,20,臺中市,大客車,40-49歲,女,A2,2,尿液,安非他命,1,3,121~500,吊銷3年
7,週四,18,宜蘭縣,小客車,50-59歲,男,A2,1,尿液,安非他命,2,2,61~120,吊銷3年
6,週五,17,桃園市,小客車,60歲以上,女,A2,1,血液,嗎啡,0,0,31~60,吊扣4年
3,週四,4,臺中市,小客車,20-29歲,男,A2,1,尿液,安非他命,3,0,61~120,吊扣4年
10,週日,20,新北市,機車,40-49歲,男,A2,1,尿液,安非他命,1,1,61~120,吊銷3年
8,週日,16,高雄市,機車,40-49歲,男,A2,1,血液,安非他命,0,3,0~30,吊銷3年
11,週二,18,臺南市,小客車,30-39歲,男,A2,1,尿液,愷他命,1,0,31~60,吊扣4年
11,週三,18,嘉義市,機車,40-49歲,女,A2,1,尿液,安非他命,2,0,31~60,吊扣4年
7,週日,18,南投縣,機車,50-59歲,男,A2,1,尿液,安非他命,2,0,31~60,吊扣2年
11,週一,18,新北市,小客車,40-49歲,男,A2,1,尿液,嗎啡,3,1,0~30,吊銷3年
4,週日,19,臺南市,機車,40-49歲,男,A2,1,尿液,愷他命,2,0,31~60,吊扣3年
4,週三,16,臺南市,機車,40-49歲,男,A2,2,尿液,愷他命,0,1,31~60,吊銷3年
10,週一,19,宜蘭縣,機車,30-39歲,男,A2,1,血液,甲基安非他命,3,0,0~30,吊扣2年
12,週四,1,新北市,小客車,20-29歲,男,A2,1,尿液,安非他命,1,1,31~60,吊銷3年
11,週日,23,臺中市,小客車,40-49歲,男,A2,2,尿液,安非他命,2,1,61~120,吊銷3年
6,週二,17,嘉義市,貨車,50-59歲,男,A2,1,尿液,甲基安非他命,0,0,0~30,吊扣2年
9,週五,17,屏東縣,小客車,40-49歲,男,A2,1,尿液,安非他命,2,1,31~60,吊銷3年
10,週一,12,桃園市,機車,40-49歲,女,A2,2,尿液,甲基安非他命,2,0,31~60,吊扣4年
4,週六,14,臺北市,貨車,60歲以上,男,A2,1,血液,甲基安非他命,1,2,31~60,吊銷3年
7,週二,19,基隆市,小客車,40-49歲,男,A2,1,尿液,安非他命,0,0,121~500,吊扣4年
9,週日,10,嘉義縣,機車,30-39歲,女,A2,1,尿液,甲基安非他命,3,1,121~500,吊銷3年
8,週三,17,臺北市,小客車,40-49歲,男,A2,1,尿液,愷他命,1,2,31~60,吊銷3年
8,週六,16,高雄市,機車,60歲以上,男,A2,2,尿液,甲基安非他命,2,0,31~60,吊扣4年
10,週三,20,新北市,機車,50-59歲,男,A2,2,尿液,安非他命,3,0,31~60,吊扣2年
7,週一,20,嘉義市,小客車,50-59歲,男,A2,1,尿液,甲基安非他命,1,0,121~500,吊扣3年
4,週四,11,嘉義市,機車,50-59歲,男,A2,1,尿液,甲基安非他命,3,2,31~60,吊銷3年
5,週四,18,臺南市,貨車,19歲以下,男,A2,1,血液,愷他命,2,1,31~60,吊銷3年
2,週五,11,桃園市,機車,40-49歲,男,A2,2,尿液,愷他命,2,2,31~60,吊銷3年
10,週四,18,新北市,機車,40-49歲,男,A2,1,尿液,安非他命,3,0,31~60,吊扣4年
11,週一,14,新北市,小客車,50-59歲,男,A2,1,尿液,安非他命,1,0,31~60,吊扣2年
3,週六,17,新北市,小客車,50-59歲,男,A2,1,尿液,甲基安非他命,3,0,31~60,吊扣3年
5,週一,13,宜蘭縣,小客車,30-39歲,男,A2,1,尿液,甲基安非他命,3,1,31~60,吊銷3年
5,週三,16,新北市,小客車,30-39歲,男,A2,2,尿液,愷他命,1,0,31~60,吊扣3年
7,週五,12,臺北市,大客車,40-49歲,男,A2,1,尿液,安非他命,2,0,0~30,吊扣4年
7,週一,19,臺中市,小客車,40-49歲,男,A2,2,尿液,安非他命,0,0,31~60,吊扣4年
5,週日,21,臺北市,小客車,50-59歲,男,A2,1,尿液,安非他命,2,1,0~30,吊銷3年
4,週六,9,桃園市,貨車,40-49歲,男,A2,1,尿液,甲基安非他命,0,2,31~60,吊銷3年
7,週二,18,高雄市,小客車,50-59歲,男,A2,1,尿液,愷他命,2,1,31~60,吊銷3年
2,週日,12,臺中市,小客車,50-59歲,男,A2,2,尿液,嗎啡,3,0,121~500,吊扣4年
5,週五,2,宜蘭縣,機車,50-59歲,女,A2,1,尿液,安非他命,3,0,31~60,吊扣4年
10,週五,11,彰化縣,小客車,50-59歲,女,A2,2,尿液,安非他命,0,1,31~60,吊銷3年
8,週四,14,高雄市,小客車,40-49歲,男,A2,1,血液,愷他命,3,1,31~60,吊銷3年
4,週四,16,花蓮縣,機車,50-59歲,男,A2,2,尿液,甲基安非他命,3,1,61~120,吊銷3年
1,週日,9,高雄市,機車,40-49歲,女,A2,2,尿液,愷他命,3,1,31~60,吊銷3年
8,週一,15,桃園市,機車,50-59歲,男,A2,2,尿液,安非他命,1,1,31~60,吊銷3年
10,週日,11,臺北市,機車,40-49歲,女,A2,1,尿液,甲基安非他命,0,0,61~120,吊扣3年
3,週一,8,新北市,機車,30-39歲,男,A2,1,尿液,安非他命,0,0,31~60,吊扣4年
10,週三,7,高雄市,小客車,50-59歲,男,A2,2,血液,安非他命,2,0,121~500,吊扣4年
3,週四,14,臺中市,機車,30-39歲,男,A2,1,尿液,愷他命,0,0,0~30,吊扣2年
2,週四,17,高雄市,小客車,30-39歲,男,A2,1,尿液,愷他命,2,0,31~60,吊扣4年
3,週二,21,彰化縣,小客車,40-49歲,男,A2,1,尿液,安非他命,3,2,61~120,吊銷3年
8,週三,10,桃園市,小客車,30-39歲,男,A2,1,尿液,安非他命,0,1,0~30,吊銷3年
10,週三,18,新竹市,機車,30-39歲,男,A2,2,尿液,甲基安非他命,3,0,121~500,吊扣2年
5,週六,23,高雄市,小客車,20-29歲,男,A2,1,尿液,安非他命,0,0,0~30,吊扣4年
5,週五,7,新北市,機車,40-49歲,男,A2,1,尿液,安非他命,0,4,31~60,吊銷3年
1,週三,12,臺北市,小客車,50-59歲,男,A2,1,血液,甲基安非他命,3,1,31~60,吊銷3年
4,週四,5,臺北市,機車,40-49歲,男,A2,1,血液,甲基安非他命,2,1,0~30,吊銷3年
6,週二,20,臺中市,機車,50-59歲,男,A2,1,尿液,甲基安非他命,2,0,0~30,吊扣4年
7,週一,22,彰化縣,小客車,30-39歲,男,A2,1,尿液,甲基安非他命,1,1,0~30,吊銷3年
10,週三,17,臺南市,小客車,50-59歲,男,A2,1,尿液,安非他命,1,0,61~120,吊扣4年
4,週一,12,臺北市,機車,20-29歲,女,A2,1,尿液,甲基安非他命,0,0,31~60,吊扣2年
8,週五,20,新竹市,小客車,40-49歲,男,A2,1,尿液,嗎啡,1,1,31~60,吊銷3年
12,週一,13,桃園市,貨車,50-59歲,男,A2,1,尿液,嗎啡,0,0,0~30,吊扣2年
5,週日,17,新竹縣,小客車,50-59歲,男,A2,1,尿液,甲基安非他命,2,0,0~30,吊扣4年
5,週三,7,臺北市,機車,40-49歲,男,A2,1,尿液,甲基安非他命,0,1,0~30,吊銷3年
10,週三,8,高雄市,機車,19歲以下,女,A2,1,尿液,愷他命,0,4,0~30,吊銷3年
10,週四,22,臺北市,小客車,30-39歲,男,A2,2,尿液,甲基安非他命,1,0,31~60,吊扣2年
10,週三,8,新北市,機車,19歲以下,男,A2,2,尿液,安非他命,3,4,0~30,吊銷3年
10,週六,10,雲林縣,小客車,50-59歲,男,A2,2,尿液,愷他命,3,0,0~30,吊扣2年
12,週四,9,屏東縣,機車,40-49歲,男,A2,1,尿液,安非他命,0,1,0~30,吊銷3年
4,週二,7,屏東縣,機車,40-49歲,男,A2,2,尿液,安非他命,1,0,0~30,吊扣4年
10,週一,18,桃園市,機車,60歲以上,女,A2,2,血液,嗎啡,2,2,31~60,吊銷3年
1,週日,8,臺北市,小客車,40-49歲,男,A2,1,尿液,愷他命,0,0,0~30,吊扣4年
1,週五,18,臺中市,小客車,20-29歲,男,A2,2,尿液,安非他命,0,0,31~60,吊扣4年
5,週二,10,基隆市,小客車,60歲以上,男,A2,1,尿液,安非他命,1,0,31~60,吊扣2年
5,週四,10,臺南市,小客車,40-49歲,男,A2,1,尿液,甲基安非他命,3,0,121~500,吊扣4年
1,週五,11,桃園市,機車,50-59歲,男,A2,1,尿液,甲基安非他命,2,1,121~500,吊銷3年
3,週六,13,新北市,機車,30-39歲,男,A2,1,尿液,甲基安非他命,2,1,31~60,吊銷3年
7,週日,10,高雄市,機車,50-59歲,男,A2,1,尿液,甲基安非他命,1,1,0~30,吊銷3年
3,週二,8,高雄市,小客車,40-49歲,男,A2,1,尿液,安非他命,2,4,31~60,吊銷3年
4,週五,2,新北市,機車,20-29歲,女,A2,1,尿液,愷他命,3,1,31~60,吊銷3年
11,週五,4,臺北市,機車,60歲以上,男,A2,2,尿液,甲基安非他命,2,1,31~60,吊銷3年
9,週日,20,新北市,小客車,50-59歲,男,A2,1,尿液,甲基安非他命,1,4,121~500,吊銷3年
11,週日,12,彰化縣,小客車,40-49歲,男,A2,1,尿液,愷他命,1,3,31~60,吊銷3年
12,週一,15,臺中市,機車,30-39歲,男,A2,1,尿液,甲基安非他命,2,0,0~30,吊扣3年
10,週二,7,基隆市,機車,40-49歲,女,A2,2,尿液,安非他命,3,0,0~30,吊扣3年
6,週六,16,臺中市,小客車,50-59歲,男,A2,2,尿液,嗎啡,2,0,0~30,吊扣3年
4,週六,11,臺南市,機車,20-29歲,男,A2,1,尿液,甲基安非他命,1,1,31~60,吊銷3年
8,週日,15,新北市,機車,50-59歲,男,A2,2,尿液,安非他命,2,2,61~120,吊銷3年
8,週一,18,臺南市,小客車,40-49歲,男,A2,1,尿液,安非他命,2,1,61~120,吊銷3年
6,週三,0,臺中市,小客車,40-49歲,男,A2,4,尿液,甲基安非他命,1,0,31~60,吊扣3年
10,週六,19,臺南市,小客車,30-39歲,男,A2,1,尿液,甲基安非他命,2,1,31~60,吊銷3年
10,週五,12,桃園市,小客車,50-59歲,女,A2,1,尿液,安非他命,2,1,31~60,吊銷3年
7,週五,19,屏東縣,機車,40-49歲,男,A2,1,尿液,愷他命,1,0,121~500,吊扣4年
2,週五,19,臺北市,小客車,40-49歲,男,A2,1,尿液,甲基安非他命,3,0,0~30,吊扣2年
3,週五,4,新北市,機車,20-29歲,男,A2,1,血液,甲基安非他命,0,2,61~120,吊銷3年
11,週一,21,新北市,機車,20-29歲,男,A2,1,血液,甲基安非他命,0,4,31~60,吊銷3年
9,週五,19,桃園市,機車,30-39歲,男,A2,2,尿液,甲基安非他命,3,0,31~60,吊扣4年
4,週二,8,新北市,小客車,20-29歲,男,A2,3,尿液,安非他命,0,2,31~60,吊銷3年
3,週六,16,新北市,機車,50-59歲,男,A2,1,尿液,甲基安非他命,0,2,0~30,吊銷3年
8,週二,11,臺南市,小客車,40-49歲,女,A2,1,尿液,愷他命,0,0,121~500,吊扣4年
8,週五,14,高雄市,機車,30-39歲,男,A2,1,尿液,嗎啡,3,1,0~30,吊銷3年
4,週三,15,屏東縣,小客車,20-29歲,男,A2,2,尿液,安非他命,0,3,31~60,吊銷3年
10,週日,15,臺中市,小客車,40-49歲,男,A2,1,尿液,甲基安非他命,0,0,121~500,吊扣4年
7,週三,4,臺中市,貨車,30-39歲,女,A2,1,血液,安非他命,0,1,0~30,吊銷3年
1,週三,17,臺中市,小客車,40-49歲,女,A2,1,尿液,甲基安非他命,1,2,121~500,吊銷3年
12,週六,23,高雄市,機車,40-49歲,男,A2,1,尿液,甲基安非他命,2,1,0~30,吊銷3年
6,週三,16,高雄市,小客車,20-29歲,男,A2,1,尿液,甲基安非他命,0,0,31~60,吊扣2年
1,週四,3,雲林縣,貨車,40-49歲,男,A2,2,血液,安非他命,1,3,0~30,吊銷3年
6,週三,8,新竹縣,小客車,60歲以上,男,A2,1,尿液,安非他命,3,0,31~60,吊扣4年
5,週一,12,新竹縣,小客車,40-49歲,男,A2,1,尿液,安非他命,2,0,31~60,吊扣2年
4,週四,5,臺南市,機車,50-59歲,女,A2,1,尿液,甲基安非他命,3,0,31~60,吊扣2年
4,週五,19,雲林縣,機車,40-49歲,女,A2,2,尿液,安非他命,1,1,121~500,吊銷3年
7,週四,9,基隆市,機車,40-49歲,男,A2,2,尿液,安非他命,2,4,31~60,吊銷3年
10,週六,0,新北市,小客車,40-49歲,男,A2,1,尿液,安非他命,2,1,61~120,吊銷3年
11,週四,18,桃園市,機車,19歲以下,男,A2,1,血液,嗎啡,3,3,31~60,吊銷3年
5,週六,16,高雄市,機車,60歲以上,男,A2,1,血液,安非他命,3,3,121~500,吊銷3年
10,週三,11,新北市,機車,30-39歲,男,A2,2,尿液,甲基安非他命,1,3,121~500,吊銷3年
3,週一,9,屏東縣,小客車,60歲以上,男,A2,1,尿液,甲基安非他命,3,1,31~60,吊銷3年
10,週日,11,新北市,機車,50-59歲,男,A2,1,尿液,甲基安非他命,3,1,31~60,吊銷3年
4,週四,22,臺北市,小客車,19歲以下,男,A2,1,尿液,安非他命,3,0,31~60,吊扣2年
11,週四,7,臺中市,機車,40-49歲,男,A2,2,尿液,甲基安非他命,0,0,0~30,吊扣4年
11,週二,7,桃園市,貨車,20-29歲,男,A2,1,尿液,嗎啡,0,1,61~120,吊銷3年
5,週三,7,高雄市,貨車,50-59歲,男,A2,2,尿液,甲基安非他命,3,3,61~120,吊銷3年
5,週六,20,桃園市,機車,50-59歲,男,A2,1,尿液,安非他命,1,1,0~30,吊銷3年
1,週一,9,臺中市,機車,60歲以上,男,A2,2,尿液,嗎啡,0,0,31~60,吊扣4年
11,週二,19,臺北市,貨車,50-59歲,男,A2,1,尿液,甲基安非他命,3,0,0~30,吊扣3年
8,週五,7,臺北市,機車,50-59歲,男,A2,2,尿液,愷他命,0,1,31~60,吊銷3年
7,週五,14,彰化縣,小客車,50-59歲,男,A2,4,尿液,安非他命,0,0,121~500,吊扣4年
5,週二,10,新竹縣,機車,40-49歲,男,A2,1,尿液,甲基安非他命,1,2,31~60,吊銷3年
3,週三,18,新北市,機車,40-49歲,男,A2,1,血液,甲基安非他命,2,3,31~60,吊銷3年
10,週日,0,新北市,機車,40-49歲,男,A2,1,尿液,安非他命,2,1,31~60,吊銷3年
6,週三,14,臺北市,機車,50-59歲,男,A2,1,尿液,安非他命,3,1,0~30,吊銷3年
11,週四,18,臺南市,機車,40-49歲,男,A2,1,尿液,嗎啡,0,0,31~60,吊扣3年
3,週二,12,嘉義市,機車,30-39歲,男,A2,2,尿液,甲基安非他命,2,0,31~60,吊扣2年
10,週五,14,臺中市,機車,50-59歲,男,A2,1,尿液,安非他命,0,4,0~30,吊銷3年
7,週一,20,新北市,機車,50-59歲,男,A2,3,尿液,嗎啡,2,1,31~60,吊銷3年
2,週三,12,新北市,機車,20-29歲,男,A2,1,尿液,愷他命,2,1,0~30,吊銷3年
5,週四,14,臺南市,大客車,40-49歲,男,A2,1,尿液,愷他命,3,2,31~60,吊銷3年
2,週六,9,新北市,小客車,40-49歲,男,A2,1,尿液,嗎啡,1,0,0~30,吊扣4年
9,週二,0,基隆市,貨車,40-49歲,男,A2,1,尿液,安非他命,2,1,31~60,吊銷3年
8,週日,21,臺南市,機車,20-29歲,男,A2,2,尿液,安非他命,1,2,31~60,吊銷3年
10,週六,18,臺北市,小客車,40-49歲,女,A2,1,血液,甲基安非他命,3,1,31~60,吊銷3年
10,週五,17,新北市,機車,40-49歲,男,A2,3,尿液,甲基安非他命,0,1,61~120,吊銷3年
4,週一,10,彰化縣,貨車,50-59歲,男,A2,1,尿液,甲基安非他命,0,1,31~60,吊銷3年
9,週一,17,嘉義縣,小客車,60歲以上,男,A2,1,尿液,安非他命,3,1,0~30,吊銷3年
7,週五,19,臺北市,小客車,30-39歲,男,A2,1,尿液,安非他命,1,1,31~60,吊銷3年
6,週一,16,高雄市,小客車,20-29歲,男,A2,1,尿液,安非他命,2,0,0~30,吊扣4年
11,週三,10,基隆市,小客車,30-39歲,男,A2,1,尿液,甲基安非他命,0,1,31~60,吊銷3年
6,週一,18,新竹市,機車,40-49歲,男,A2,1,尿液,安非他命,3,2,0~30,吊銷3年
12,週四,17,苗栗縣,小客車,30-39歲,女,A2,1,尿液,甲基安非他命,2,0,31~60,吊扣4年
5,週日,0,新竹縣,小客車,40-49歲,女,A2,1,尿液,安非他命,0,2,0~30,吊銷3年
12,週一,16,宜蘭縣,小客車,20-29歲,男,A2,1,尿液,甲基安非他命,3,2,0~30,吊銷3年
3,週二,6,臺中市,機車,20-29歲,男,A2,1,尿液,甲基安非他命,2,0,0~30,吊扣2年
9,週三,13,臺北市,機車,30-39歲,男,A2,1,尿液,愷他命,2,0,31~60,吊扣4年
4,週三,10,高雄市,機車,40-49歲,男,A2,1,尿液,安非他命,0,2,31~60,吊銷3年
4,週五,11,臺中市,機車,40-49歲,男,A2,3,尿液,甲基安非他命,3,0,31~60,吊扣2年
4,週三,22,臺北市,機車,30-39歲,男,A2,2,尿液,愷他命,2,1,31~60,吊銷3年
7,週二,17,新北市,機車,40-49歲,男,A2,2,血液,安非他命,2,1,0~30,吊銷3年
9,週五,19,臺中市,機車,50-59歲,男,A2,1,尿液,愷他命,2,0,31~60,吊扣3年
4,週六,20,彰化縣,機車,40-49歲,男,A2,2,尿液,甲基安非他命,3,0,31~60,吊扣4年
11,週四,6,臺南市,機車,20-29歲,男,A2,2,尿液,甲基安非他命,2,0,31~60,吊扣3年
3,週二,7,嘉義市,小客車,30-39歲,女,A2,1,血液,甲基安非他命,3,1,31~60,吊銷3年
7,週日,22,臺南市,機車,20-29歲,女,A2,3,尿液,安非他命,1,1,0~30,吊銷3年
7,週四,20,宜蘭縣,機車,50-59歲,男,A2,1,尿液,安非他命,2,2,121~500,吊銷3年
1,週一,7,新北市,小客車,30-39歲,男,A2,1,尿液,愷他命,0,0,61~120,吊扣4年
7,週日,15,新北市,機車,20-29歲,男,A2,1,血液,甲基安非他命,0,4,31~60,吊銷3年
6,週一,8,高雄市,小客車,30-39歲,女,A2,1,尿液,甲基安非他命,3,0,31~60,吊扣2年
11,週四,15,高雄市,機車,20-29歲,男,A2,1,尿液,安非他命,0,0,61~120,吊扣4年
12,週一,17,臺北市,小客車,40-49歲,男,A2,1,尿液,安非他命,2,1,31~60,吊銷3年
3,週一,7,桃園市,小客車,30-39歲,男,A2,1,尿液,愷他命,2,0,31~60,吊扣4年
12,週日,10,彰化縣,小客車,50-59歲,女,A2,1,尿液,安非他命,0,1,31~60,吊銷3年
3,週二,7,南投縣,小客車,40-49歲,男,A2,1,尿液,安非他命,1,3,31~60,吊銷3年
7,週五,18,彰化縣,貨車,40-49歲,男,A2,1,尿液,嗎啡,0,1,0~30,吊銷3年
4,週二,10,嘉義縣,貨車,40-49歲,男,A2,1,尿液,甲基安非他命,1,0,0~30,吊扣3年
11,週四,10,新竹市,機車,30-39歲,男,A2,2,尿液,安非他命,2,0,31~60,吊扣3年
11,週五,21,桃園市,小客車,50-59歲,男,A2,2,尿液,安非他命,0,0,0~30,吊扣3年
4,週一,19,彰化縣,機車,30-39歲,男,A2,3,尿液,甲基安非他命,3,1,31~60,吊銷3年
8,週二,18,桃園市,小客車,30-39歲,女,A2,1,尿液,甲基安非他命,0,0,121~500,吊扣4年
10,週二,20,桃園市,機車,40-49歲,男,A2,1,尿液,安非他命,3,0,31~60,吊扣2年
8,週四,11,臺南市,小客車,19歲以下,男,A2,1,尿液,愷他命,0,2,121~500,吊銷3年
11,週二,8,臺南市,機車,50-59歲,男,A2,1,尿液,安非他命,2,2,0~30,吊銷3年
10,週四,17,高雄市,小客車,50-59歲,男,A1,1,血液,甲基安非他命,1,3,0~30,吊銷終身
4,週五,8,臺南市,機車,40-49歲,男,A2,1,尿液,愷他命,0,1,121~500,吊銷3年
5,週四,21,嘉義縣,機車,40-49歲,男,A2,3,尿液,愷他命,1,1,0~30,吊銷3年
11,週日,1,桃園市,小客車,20-29歲,女,A2,1,尿液,愷他命,3,0,0~30,吊扣2年
7,週一,10,臺南市,機車,30-39歲,男,A2,1,尿液,甲基安非他命,1,1,31~60,吊銷3年
12,週五,18,臺北市,機車,40-49歲,男,A2,2,尿液,安非他命,3,1,0~30,吊銷3年
7,週三,18,臺北市,小客車,60歲以上,男,A2,1,尿液,安非他命,0,2,0~30,吊銷3年
8,週六,21,高雄市,機車,40-49歲,男,A2,1,尿液,甲基安非他命,3,1,61~120,吊銷3年
1,週三,19,基隆市,小客車,50-59歲,男,A2,1,尿液,愷他命,1,0,31~60,吊扣2年
9,週日,20,宜蘭縣,小客車,50-59歲,女,A2,2,尿液,安非他命,3,0,31~60,吊扣3年
11,週一,23,臺中市,小客車,40-49歲,男,A2,1,尿液,安非他命,3,4,0~30,吊銷3年
1,週三,18,新北市,小客車,30-39歲,男,A2,1,尿液,嗎啡,2,4,0~30,吊銷3年
4,週三,11,臺中市,機車,40-49歲,男,A2,1,尿液,安非他命,3,3,0~30,吊銷3年
4,週四,21,基隆市,小客車,40-49歲,女,A2,1,尿液,愷他命,1,0,0~30,吊扣4年
4,週一,6,桃園市,小客車,19歲以下,男,A2,1,尿液,甲基安非他命,2,2,61~120,吊銷3年
