test_date,specimen_type,test_result,positive_substance,drug_class,age_group,gender,severity_score
2025-08-29,血液,陰性,未檢出,二級,40-49歲,男,2.0
2025-01-03,尿液,陽性,未檢出,無,19歲以下,男,0.0
2025-01-10,尿液,陽性,未檢出,無,30-39歲,男,0.0
2025-10-10,尿液,陽性,未檢出,無,40-49歲,女,0.0
2025-09-15,尿液,陰性,未檢出,無,50-59歲,男,0.0
2025-09-18,尿液,陰性,甲基安非他命,無,50-59歲,男,0.0
2025-12-17,尿液,陽性,未檢出,二級,40-49歲,男,2.0
2025-10-15,尿液,陰性,未檢出,二級,50-59歲,男,2.0
2025-01-19,尿液,陰性,愷他命,二級,60歲以上,男,2.0
2025-09-15,尿液,陽性,愷他命,無,60歲以上,男,0.0
2025-04-13,尿液,陰性,甲基安非他命,無,30-39歲,女,0.0
2025-09-01,尿液,陰性,未檢出,無,20-29歲,男,0.0
2025-12-17,尿液,陰性,未檢出,無,30-39歲,男,0.0
2025-09-23,尿液,陰性,未檢出,無,50-59歲,男,0.0
2025-04-13,尿液,陽性,未檢出,無,40-49歲,男,0.0
2025-04-23,尿液,陽性,安非他命,無,20-29歲,男,0.0
2025-06-29,尿液,陰性,未檢出,無,40-49歲,男,0.0
2025-05-05,尿液,陰性,安非他命,無,50-59歲,男,0.0
2025-07-23,尿液,陰性,未檢出,無,50-59歲,男,0.0
2025-09-06,尿液,陽性,安非他命,無,40-49歲,男,0.0
2025-03-04,尿液,陰性,未檢出,無,40-49歲,女,0.0
2025-05-30,尿液,陰性,未檢出,無,50-59歲,男,0.0
2025-11-04,尿液,陰性,未檢出,無,50-59歲,男,0.0
2025-08-18,尿液,陰性,甲基安非他命,無,30-39歲,女,0.0
2025-06-15,尿液,陰性,未檢出,二級,30-39歲,女,2.0
2025-07-09,尿液,陰性,未檢出,三級,60歲以上,男,1.0
2025-10-25,尿液,陰性,未檢出,無,30-39歲,男,0.0
2025-04-03,尿液,陰性,未檢出,無,30-39歲,男,0.0
2025-11-01,尿液,陰性,未檢出,無,40-49歲,男,0.0
2025-05-05,尿液,陽性,未檢出,無,30-39歲,男,0.0
2025-02-05,尿液,陽性,安非他命,三級,20-29歲,男,1.0
2025-05-06,尿液,陰性,甲基安非他命,二級,60歲以上,男,2.0
2025-04-13,尿液,陽性,安非他命,三級,40-49歲,男,1.0
2025-09-06,尿液,陰性,未檢出,無,60歲以上,男,0.0
2025-07-22,尿液,陰性,甲基安非他命,無,60歲以上,男,0.0
2025-10-27,血液,陰性,未檢出,二級,50-59歲,男,2.0
2025-08-22,尿液,陰性,未檢出,無,30-39歲,男,0.0
2025-03-08,尿液,陽性,未檢出,無,40-49歲,男,0.0
2025-04-21,尿液,陰性,未檢出,無,30-39歲,男,0.0
2025-06-23,尿液,陰性,未檢出,無,40-49歲,男,0.0
2025-09-18,尿液,陽性,安非他命,無,40-49歲,男,0.0
2025-12-20,尿液,陰性,未檢出,無,40-49歲,女,0.0
2025-08-02,尿液,陽性,甲基安非他命,一級,60歲以上,男,3.0
2025-11-18,尿液,陰性,未檢出,無,40-49歲,男,0.0
2025-07-29,血液,陰性,未檢出,無,40-49歲,女,0.0
2025-08-10,尿液,陽性,未檢出,無,40-49歲,女,0.0
2025-02-13,尿液,陰性,未檢出,三級,60歲以上,男,1.0
2025-05-02,尿液,陰性,未檢出,二級,40-49歲,男,2.0
2025-03-28,尿液,陽性,未檢出,無,40-49歲,男,0.0
2025-08-12,尿液,陰性,未檢出,無,50-59歲,男,0.0
2025-08-20,尿液,陰性,未檢出,無,40-49歲,男,0.0
2025-06-19,血液,陽性,未檢出,二級,30-39歲,男,2.0
2025-12-09,尿液,陰性,未檢出,無,40-49歲,男,0.0
2025-09-07,尿液,陰性,未檢出,二級,40-49歲,女,2.0
2025-05-20,血液,陰性,甲基安非他命,三級,40-49歲,男,1.0
2025-02-28,血液,陰性,未檢出,二級,40-49歲,男,2.0
2025-04-17,尿液,陽性,安非他命,無,50-59歲,男,0.0
2025-09-03,尿液,陰性,未檢出,二級,50-59歲,男,2.0
2025-03-22,尿液,陰性,甲基安非他命,無,50-59歲,男,0.0
2025-04-06,血液,陽性,未檢出,無,30-39歲,女,0.0
2025-03-21,尿液,陰性,甲基安非他命,無,50-59歲,女,0.0
2025-08-01,尿液,陽性,未檢出,無,50-59歲,男,0.0
2025-05-19,尿液,陽性,甲基安非他命,二級,40-49歲,男,2.0
2025-06-11,尿液,陰性,未檢出,無,50-59歲,男,0.0
2025-04-15,尿液,陰性,未檢出,無,50-59歲,男,0.0
2025-05-06,尿液,陰性,未檢出,無,40-49歲,女,0.0
2025-01-02,尿液,陰性,未檢出,無,40-49歲,男,0.0
2025-02-07,尿液,陰性,未檢出,無,50-59歲,男,0.0
2025-08-02,尿液,陰性,未檢出,無,50-59歲,男,0.0
2025-02-18,尿液,陰性,未檢出,無,50-59歲,男,0.0
2025-02-23,尿液,陰性,未檢出,無,50-59歲,男,0.0
2025-01-01,尿液,陰性,未檢出,無,40-49歲,男,0.0
2025-12-20,尿液,陰性,未檢出,無,40-49歲,男,0.0
2025-06-26,尿液,陰性,未檢出,無,30-39歲,男,0.0
2025-05-23,尿液,陰性,未檢出,無,40-49歲,女,0.0
2025-10-13,尿液,陰性,未檢出,無,50-59歲,男,0.0
2025-06-11,尿液,陰性,未檢出,無,50-59歲,男,0.0
2025-01-06,尿液,陰性,未檢出,無,50-59歲,男,0.0
2025-10-12,尿液,陰性,未檢出,無,30-39歲,男,0.0
2025-02-16,尿液,陰性,未檢出,無,50-59歲,女,0.0
2025-05-05,尿液,陰性,甲基安非他命,無,30-39歲,男,0.0
2025-05-25,尿液,陰性,未檢出,三級,50-59歲,男,1.0
2025-10-29,尿液,陰性,未檢出,無,40-49歲,男,0.0
2025-01-09,尿液,陰性,未檢出,無,60歲以上,男,0.0
2025-09-26,尿液,陽性,未檢出,無,50-59歲,男,0.0
2025-08-17,尿液,陰性,未檢出,無,50-59歲,男,0.0
2025-10-21,尿液,陰性,未檢出,無,40-49歲,男,0.0
2025-12-27,尿液,陽性,未檢出,二級,40-49歲,男,2.0
2025-06-16,尿液,陰性,未檢出,無,40-49歲,女,0.0
2025-05-06,尿液,陰性,未檢出,無,40-49歲,女,0.0
2025-05-23,尿液,陰性,未檢出,無,40-49歲,男,0.0
2025-09-01,尿液,陰性,未檢出,無,20-29歲,男,0.0
2025-08-20,尿液,陰性,未檢出,無,60歲以上,男,0.0
2025-10-13,血液,陰性,未檢出,二級,50-59歲,男,2.0
2025-07-08,尿液,陰性,未檢出,無,50-59歲,女,0.0
2025-02-04,尿液,陰性,未檢出,無,60歲以上,男,0.0
2025-08-05,尿液,陰性,未檢出,無,30-39歲,男,0.0
2025-08-09,尿液,陰性,未檢出,無,50-59歲,男,0.0
2025-07-25,尿液,陽性,甲基安非他命,二級,40-49歲,男,2.0
2025-07-13,尿液,陽性,甲基安非他命,無,40-49歲,男,0.0
2025-04-01,尿液,陰性,安非他命,無,60歲以上,男,0.0
2025-09-05,尿液,陰性,未檢出,二級,60歲以上,男,2.0
2025-01-10,尿液,陽性,未檢出,無,40-49歲,男,0.0
2025-01-01,尿液,陰性,安非他命,無,40-49歲,男,0.0
2025-10-15,尿液,陰性,未檢出,無,50-59歲,男,0.0
2025-08-20,血液,陰性,未檢出,無,30-39歲,男,0.0
2025-12-09,尿液,陽性,未檢出,無,40-49歲,男,0.0
2025-06-05,尿液,陰性,未檢出,無,50-59歲,男,0.0
2025-04-17,尿液,陽性,嗎啡,二級,60歲以上,女,2.0
2025-06-29,尿液,陽性,安非他命,二級,50-59歲,男,2.0
2025-10-15,尿液,陽性,未檢出,無,50-59歲,男,0.0
2025-11-10,尿液,陰性,未檢出,無,20-29歲,男,0.0
2025-10-10,尿液,陰性,未檢出,無,50-59歲,男,0.0
2025-03-06,尿液,陰性,未檢出,無,60歲以上,男,0.0
2025-07-19,尿液,陰性,未檢出,無,50-59歲,男,0.0
2025-06-01,尿液,陰性,未檢出,無,50-59歲,男,0.0
2025-04-24,血液,陰性,未檢出,無,30-39歲,男,0.0
2025-01-19,尿液,陰性,未檢出,無,40-49歲,男,0.0
2025-02-10,尿液,陰性,安非他命,無,50-59歲,男,0.0
2025-07-05,血液,陰性,未檢出,無,40-49歲,女,0.0
2025-03-23,尿液,陰性,未檢出,無,60歲以上,男,0.0
2025-04-13,尿液,陰性,未檢出,無,50-59歲,男,0.0
2025-09-07,尿液,陰性,未檢出,無,60歲以上,男,0.0
2025-04-10,尿液,陰性,未檢出,無,40-49歲,女,0.0
2025-07-06,尿液,陰性,未檢出,無,40-49歲,男,0.0
2025-06-13,尿液,陰性,未檢出,無,40-49歲,男,0.0
2025-06-06,尿液,陽性,未檢出,二級,40-49歲,男,2.0
2025-10-10,尿液,陰性,未檢出,無,50-59歲,男,0.0
2025-04-27,尿液,陰性,未檢出,無,50-59歲,男,0.0
2025-03-07,尿液,陰性,未檢出,無,20-29歲,女,0.0
2025-01-20,尿液,陰性,未檢出,無,30-39歲,男,0.0
2025-03-21,尿液,陰性,未檢出,無,40-49歲,男,0.0
2025-11-30,尿液,陽性,愷他命,二級,20-29歲,女,2.0
2025-02-04,血液,陰性,未檢出,無,40-49歲,男,0.0
2025-07-24,尿液,陽性,未檢出,二級,50-59歲,男,2.0
2025-07-11,尿液,陽性,未檢出,無,60歲以上,男,0.0
2025-02-15,尿液,陰性,甲基安非他命,無,40-49歲,男,0.0
2025-03-18,尿液,陰性,未檢出,無,19歲以下,男,0.0
2025-04-06,尿液,陰性,未檢出,無,30-39歲,男,0.0
2025-05-18,血液,陰性,未檢出,無,50-59歲,男,0.0
2025-07-26,尿液,陽性,愷他命,二級,60歲以上,男,2.0
2025-05-08,尿液,陽性,甲基安非他命,無,50-59歲,男,0.0
2025-08-23,尿液,陰性,未檢出,無,40-49歲,男,0.0
2025-09-02,血液,陰性,未檢出,無,20-29歲,男,0.0
2025-03-13,尿液,陽性,未檢出,無,40-49歲,男,0.0
2025-01-01,尿液,陰性,未檢出,無,20-29歲,男,0.0
2025-11-24,尿液,陽性,甲基安非他命,一級,50-59歲,女,3.0
2025-02-22,尿液,陰性,甲基安非他命,無,40-49歲,男,0.0
2025-02-15,尿液,陰性,未檢出,無,30-39歲,男,0.0
2025-07-10,尿液,陽性,安非他命,二級,40-49歲,男,2.0
2025-02-15,尿液,陰性,未檢出,無,50-59歲,男,0.0
2025-09-29,尿液,陰性,未檢出,無,40-49歲,男,0.0
2025-03-05,尿液,陰性,未檢出,無,30-39歲,男,0.0
2025-07-06,尿液,陰性,未檢出,無,50-59歲,男,0.0
2025-10-15,尿液,陰性,未檢出,無,40-49歲,男,0.0
2025-01-01,尿液,陰性,安非他命,無,50-59歲,男,0.0
2025-12-18,血液,陰性,未檢出,無,50-59歲,男,0.0
2025-08-06,尿液,陰性,未檢出,二級,30-39歲,男,2.0
2025-05-21,尿液,陽性,未檢出,二級,40-49歲,男,2.0
2025-06-01,尿液,陰性,未檢出,二級,40-49歲,女,2.0
2025-10-18,尿液,陰性,未檢出,無,50-59歲,男,0.0
2025-04-17,尿液,陰性,未檢出,無,50-59歲,男,0.0
2025-04-02,尿液,陰性,未檢出,二級,40-49歲,男,2.0
2025-09-26,尿液,陽性,安非他命,無,30-39歲,男,0.0
2025-05-18,尿液,陰性,未檢出,無,40-49歲,男,0.0
2025-12-02,尿液,陰性,甲基安非他命,無,40-49歲,男,0.0
2025-04-14,血液,陰性,未檢出,無,30-39歲,男,0.0
2025-05-13,尿液,陽性,甲基安非他命,無,30-39歲,男,0.0
2025-10-04,尿液,陽性,未檢出,無,50-59歲,男,0.0
2025-04-19,尿液,陽性,甲基安非他命,二級,50-59歲,男,2.0
2025-06-17,尿液,陰性,未檢出,二級,30-39歲,男,2.0
2025-07-11,尿液,陰性,未檢出,無,40-49歲,男,0.0
2025-01-17,尿液,陰性,未檢出,無,40-49歲,男,0.0
2025-09-10,尿液,陰性,未檢出,無,50-59歲,男,0.0
2025-09-07,尿液,陰性,未檢出,無,50-59歲,男,0.0
2025-10-14,尿液,陰性,未檢出,無,40-49歲,男,0.0
2025-12-19,尿液,陰性,未檢出,無,20-29歲,男,0.0
2025-03-26,尿液,陽性,未檢出,無,30-39歲,男,0.0
2025-09-26,尿液,陰性,未檢出,無,60歲以上,男,0.0
2025-11-26,尿液,陰性,未檢出,無,40-49歲,男,0.0
2025-09-23,尿液,陽性,未檢出,二級,30-39歲,男,2.0
2025-05-14,尿液,陰性,愷他命,無,50-59歲,女,0.0
2025-09-10,尿液,陽性,未檢出,無,40-49歲,男,0.0
2025-08-14,尿液,陰性,未檢出,無,40-49歲,男,0.0
2025-01-08,尿液,陽性,未檢出,二級,50-59歲,男,2.0
2025-04-22,尿液,陰性,未檢出,無,60歲以上,女,0.0
2025-01-23,尿液,陰性,未檢出,無,19歲以下,男,0.0
2025-10-02,尿液,陰性,未檢出,無,50-59歲,女,0.0
2025-04-11,尿液,陰性,未檢出,無,30-39歲,女,0.0
2025-07-07,尿液,陰性,未檢出,無,40-49歲,男,0.0
2025-10-26,尿液,陰性,未檢出,無,50-59歲,男,0.0
2025-05-13,尿液,陰性,未檢出,無,30-39歲,男,0.0
2025-07-12,尿液,陽性,未檢出,二級,40-49歲,女,2.0
2025-12-31,尿液,陰性,未檢出,無,30-39歲,男,0.0
2025-10-07,尿液,陰性,甲基安非他命,二級,20-29歲,男,2.0
2025-11-23,尿液,陰性,未檢出,無,50-59歲,男,0.0
2025-04-18,尿液,陰性,安非他命,無,50-59歲,女,0.0
2025-07-20,尿液,陰性,未檢出,二級,40-49歲,男,2.0
2025-12-27,尿液,陽性,未檢出,無,40-49歲,男,0.0
2025-12-14,尿液,陽性,嗎啡,三級,30-39歲,男,1.0
2025-06-13,尿液,陰性,未檢出,無,30-39歲,男,0.0
2025-10-07,血液,陰性,未檢出,無,50-59歲,男,0.0
2025-02-07,尿液,陰性,未檢出,無,50-59歲,男,0.0
2025-08-21,尿液,陰性,未檢出,無,20-29歲,男,0.0
2025-02-08,尿液,陰性,未檢出,無,40-49歲,男,0.0
2025-05-31,尿液,陰性,未檢出,無,20-29歲,男,0.0
2025-03-29,尿液,陰性,未檢出,無,50-59歲,男,0.0
2025-09-02,尿液,陰性,愷他命,無,50-59歲,女,0.0
2025-08-14,尿液,陽性,甲基安非他命,無,60歲以上,男,0.0
2025-08-12,尿液,陰性,未檢出,無,40-49歲,女,0.0
2025-04-14,尿液,陰性,未檢出,無,50-59歲,男,0.0
2025-09-04,尿液,陰性,未檢出,無,40-49歲,男,0.0
2025-10-22,尿液,陽性,未檢出,無,40-49歲,男,0.0
2025-07-03,尿液,陰性,未檢出,無,60歲以上,女,0.0
2025-08-06,尿液,陰性,甲基安非他命,無,40-49歲,男,0.0
2025-01-09,尿液,陽性,嗎啡,無,19歲以下,女,0.0
2025-12-21,尿液,陰性,未檢出,無,30-39歲,男,0.0
2025-07-18,尿液,陰性,未檢出,無,60歲以上,男,0.0
2025-02-27,尿液,陽性,愷他命,三級,50-59歲,男,1.0
2025-11-05,尿液,陰性,未檢出,無,19歲以下,女,0.0
2025-05-28,尿液,陰性,未檢出,二級,20-29歲,男,2.0
2025-02-18,尿液,陽性,未檢出,二級,50-59歲,女,2.0
2025-06-15,尿液,陰性,未檢出,無,40-49歲,男,0.0
2025-11-03,尿液,陽性,安非他命,無,50-59歲,男,0.0
2025-07-19,尿液,陽性,甲基安非他命,二級,40-49歲,女,2.0
2025-08-14,尿液,陽性,未檢出,無,50-59歲,男,0.0
2025-10-16,尿液,陽性,未檢出,無,60歲以上,男,0.0
2025-03-01,尿液,陽性,未檢出,無,20-29歲,男,0.0
2025-04-05,尿液,陰性,未檢出,無,50-59歲,女,0.0
2025-02-23,尿液,陰性,未檢出,無,50-59歲,女,0.0
2025-09-07,尿液,陰性,未檢出,無,30-39歲,男,0.0
2025-12-30,尿液,陰性,未檢出,無,40-49歲,男,0.0
2025-04-27,尿液,陰性,未檢出,無,40-49歲,男,0.0
2025-04-07,血液,陰性,未檢出,無,30-39歲,男,0.0
2025-09-02,尿液,陰性,未檢出,無,50-59歲,男,0.0
2025-03-29,尿液,陰性,未檢出,無,40-49歲,男,0.0
2025-07-27,血液,陽性,甲基安非他命,無,19歲以下,男,0.0
2025-07-20,尿液,陰性,未檢出,無,50-59歲,男,0.0
2025-10-29,尿液,陰性,未檢出,無,50-59歲,男,0.0
2025-07-17,尿液,陰性,未檢出,無,50-59歲,男,0.0
2025-09-06,尿液,陰性,未檢出,無,50-59歲,男,0.0
2025-08-14,尿液,陰性,未檢出,無,50-59歲,男,0.0
2025-03-01,尿液,陽性,未檢出,無,50-59歲,男,0.0
2025-02-20,尿液,陰性,安非他命,無,40-49歲,男,0.0
2025-02-24,血液,陰性,未檢出,無,30-39歲,男,0.0
2025-08-10,尿液,陰性,未檢出,無,40-49歲,男,0.0
2025-05-11,尿液,陰性,未檢出,無,50-59歲,男,0.0
2025-07-12,尿液,陰性,未檢出,無,40-49歲,男,0.0
2025-09-10,尿液,陰性,未檢出,無,30-39歲,男,0.0
2025-09-07,尿液,陰性,未檢出,無,20-29歲,男,0.0
2025-07-21,尿液,陰性,未檢出,無,50-59歲,男,0.0
2025-06-11,尿液,陽性,安非他命,無,30-39歲,男,0.0
2025-12-07,尿液,陰性,未檢出,無,60歲以上,男,0.0
2025-07-30,尿液,陰性,未檢出,無,50-59歲,男,0.0
2025-08-23,尿液,陽性,愷他命,二級,40-49歲,男,2.0
2025-01-15,尿液,陰性,未檢出,無,40-49歲,男,0.0
2025-10-07,尿液,陰性,未檢出,無,60歲以上,男,0.0
2025-12-22,尿液,陰性,安非他命,無,30-39歲,男,0.0
2025-02-23,尿液,陰性,未檢出,無,50-59歲,男,0.0
2025-01-18,尿液,陰性,未檢出,無,50-59歲,男,0.0
2025-02-12,尿液,陰性,未檢出,無,40-49歲,男,0.0
2025-03-10,尿液,陽性,嗎啡,無,30-39歲,女,0.0
2025-03-08,尿液,陰性,未檢出,二級,50-59歲,男,2.0
2025-10-02,尿液,陰性,甲基安非他命,無,50-59歲,男,0.0
2025-02-23,血液,陽性,未檢出,無,20-29歲,女,0.0
2025-10-20,尿液,陰性,未檢出,無,30-39歲,男,0.0
2025-03-25,尿液,陰性,安非他命,無,40-49歲,男,0.0
2025-02-18,尿液,陰性,未檢出,無,20-29歲,男,0.0
2025-11-22,尿液,陰性,未檢出,無,50-59歲,男,0.0
2025-05-22,尿液,陰性,未檢出,無,40-49歲,男,0.0
2025-12-29,尿液,陰性,未檢出,無,60歲以上,男,0.0
2025-10-05,尿液,陽性,甲基安非他命,二級,60歲以上,男,2.0
2025-12-15,尿液,陰性,未檢出,二級,30-39歲,男,2.0
2025-11-01,尿液,陰性,未檢出,無,30-39歲,男,0.0
2025-05-16,尿液,陽性,愷他命,二級,40-49歲,男,2.0
2025-08-26,尿液,陽性,未檢出,無,50-59歲,男,0.0
2025-10-12,尿液,陰性,未檢出,二級,50-59歲,男,2.0
2025-06-25,尿液,陰性,甲基安非他命,無,60歲以上,女,0.0
2025-12-30,尿液,陰性,未檢出,無,40-49歲,男,0.0
2025-11-06,尿液,陰性,未檢出,無,20-29歲,男,0.0
2025-05-23,血液,陰性,未檢出,二級,30-39歲,男,2.0
2025-04-24,尿液,陰性,未檢出,無,40-49歲,男,0.0
2025-10-15,血液,陰性,愷他命,無,40-49歲,男,0.0
2025-08-18,尿液,陰性,未檢出,無,50-59歲,男,0.0
2025-02-09,尿液,陰性,未檢出,無,40-49歲,男,0.0
2025-06-28,尿液,陰性,未檢出,無,50-59歲,男,0.0
2025-10-25,尿液,陽性,甲基安非他命,無,50-59歲,男,0.0
2025-02-05,尿液,陰性,安非他命,無,19歲以下,男,0.0
2025-05-14,尿液,陰性,未檢出,無,50-59歲,女,0.0
2025-06-16,尿液,陰性,未檢出,無,40-49歲,女,0.0
2025-10-05,尿液,陰性,安非他命,無,40-49歲,女,0.0
2025-04-16,尿液,陰性,未檢出,無,30-39歲,男,0.0
2025-05-01,尿液,陰性,未檢出,無,30-39歲,男,0.0
2025-05-06,尿液,陰性,未檢出,無,40-49歲,男,0.0
2025-02-09,尿液,陽性,甲基安非他命,二級,40-49歲,男,2.0
2025-06-08,尿液,陰性,未檢出,無,50-59歲,男,0.0
2025-08-28,血液,陰性,未檢出,無,50-59歲,男,0.0
2025-12-15,尿液,陽性,嗎啡,一級,40-49歲,女,3.0
2025-01-25,尿液,陽性,未檢出,無,50-59歲,女,0.0
2025-03-04,尿液,陰性,未檢出,無,50-59歲,男,0.0
2025-11-02,尿液,陰性,愷他命,無,50-59歲,男,0.0
2025-03-23,尿液,陽性,未檢出,二級,30-39歲,女,2.0
2025-05-25,尿液,陽性,未檢出,無,50-59歲,男,0.0
2025-09-27,尿液,陽性,未檢出,無,40-49歲,男,0.0
2025-03-22,尿液,陰性,未檢出,無,50-59歲,女,0.0
2025-08-19,尿液,陰性,安非他命,無,50-59歲,男,0.0
2025-04-19,尿液,陰性,未檢出,無,40-49歲,男,0.0
2025-07-11,尿液,陰性,未檢出,無,19歲以下,男,0.0
2025-02-08,尿液,陽性,甲基安非他命,三級,30-39歲,男,1.0
2025-05-15,尿液,陰性,未檢出,無,40-49歲,男,0.0
2025-12-27,尿液,陰性,未檢出,無,60歲以上,男,0.0
2025-03-31,尿液,陰性,未檢出,二級,19歲以下,男,2.0
2025-02-21,尿液,陰性,未檢出,無,40-49歲,男,0.0
2025-06-28,尿液,陰性,未檢出,無,50-59歲,男,0.0
2025-03-07,尿液,陰性,未檢出,無,40-49歲,女,0.0
2025-12-26,尿液,陰性,未檢出,二級,40-49歲,女,2.0
2025-05-06,尿液,陰性,未檢出,無,40-49歲,男,0.0
2025-05-09,尿液,陰性,未檢出,無,40-49歲,男,0.0
2025-09-26,尿液,陰性,未檢出,無,40-49歲,女,0.0
2025-01-24,尿液,陰性,未檢出,無,40-49歲,男,0.0
2025-01-21,尿液,陰性,未檢出,無,50-59歲,女,0.0
2025-06-28,尿液,陰性,未檢出,無,50-59歲,男,0.0
2025-09-01,尿液,陰性,未檢出,無,50-59歲,男,0.0
2025-09-07,尿液,陰性,未檢出,無,60歲以上,男,0.0
2025-02-13,尿液,陰性,未檢出,無,60歲以上,男,0.0
2025-09-02,尿液,陰性,未檢出,無,30-39歲,男,0.0
2025-07-09,尿液,陰性,安非他命,無,40-49歲,男,0.0
2025-03-13,尿液,陰性,未檢出,無,50-59歲,男,0.0
2025-12-08,尿液,陰性,未檢出,無,40-49歲,男,0.0
2025-12-17,尿液,陽性,甲基安非他命,無,60歲以上,男,0.0
2025-09-03,尿液,陰性,安非他命,二級,40-49歲,男,2.0
2025-03-01,尿液,陰性,未檢出,無,20-29歲,女,0.0
2025-07-09,尿液,陰性,未檢出,無,40-49歲,男,0.0
2025-04-14,尿液,陰性,未檢出,無,50-59歲,男,0.0
2025-10-13,尿液,陰性,未檢出,無,20-29歲,男,0.0
2025-09-22,血液,陰性,未檢出,無,50-59歲,女,0.0
2025-10-13,尿液,陰性,未檢出,無,40-49歲,女,0.0
2025-04-07,尿液,陰性,未檢出,無,40-49歲,男,0.0
2025-02-27,尿液,陰性,未檢出,無,30-39歲,男,0.0
2025-06-15,尿液,陰性,未檢出,無,50-59歲,男,0.0
2025-03-27,尿液,陽性,未檢出,無,50-59歲,男,0.0
2025-12-10,尿液,陰性,未檢出,無,50-59歲,男,0.0
2025-08-30,尿液,陰性,未檢出,無,40-49歲,男,0.0
2025-09-30,尿液,陽性,未檢出,無,40-49歲,女,0.0
2025-01-18,尿液,陰性,未檢出,無,30-39歲,男,0.0
2025-12-31,血液,陰性,未檢出,無,50-59歲,男,0.0
2025-10-25,尿液,陰性,未檢出,二級,30-39歲,男,2.0
2025-02-23,尿液,陰性,未檢出,無,50-59歲,男,0.0
2025-08-20,尿液,陰性,未檢出,無,20-29歲,男,0.0
2025-04-10,血液,陽性,未檢出,無,40-49歲,男,0.0
2025-07-18,尿液,陰性,安非他命,無,40-49歲,男,0.0
2025-06-11,尿液,陰性,未檢出,二級,40-49歲,女,2.0
2025-07-23,尿液,陰性,未檢出,二級,30-39歲,男,2.0
2025-04-05,尿液,陰性,未檢出,無,40-49歲,男,0.0
2025-05-24,尿液,陰性,未檢出,二級,60歲以上,男,2.0
2025-06-02,尿液,陽性,未檢出,無,40-49歲,女,0.0
2025-04-21,尿液,陽性,愷他命,無,30-39歲,男,0.0
2025-01-17,尿液,陽性,甲基安非他命,二級,50-59歲,女,2.0
2025-12-10,尿液,陰性,未檢出,二級,40-49歲,女,2.0
2025-08-22,尿液,陰性,未檢出,無,50-59歲,男,0.0
2025-01-20,尿液,陽性,未檢出,無,19歲以下,男,0.0
2025-11-12,血液,陰性,未檢出,無,30-39歲,男,0.0
2025-09-19,尿液,陽性,未檢出,無,40-49歲,男,0.0
2025-10-24,尿液,陰性,未檢出,無,50-59歲,男,0.0
2025-10-21,尿液,陰性,未檢出,無,40-49歲,男,0.0
2025-10-24,尿液,陽性,甲基安非他命,無,40-49歲,男,0.0
2025-06-25,尿液,陰性,未檢出,無,40-49歲,女,0.0
2025-09-20,血液,陰性,未檢出,無,40-49歲,男,0.0
2025-09-16,尿液,陰性,未檢出,無,30-39歲,男,0.0
2025-09-05,尿液,陽性,安非他命,無,50-59歲,男,0.0
2025-04-14,尿液,陰性,未檢出,無,40-49歲,男,0.0
2025-09-02,尿液,陰性,安非他命,無,30-39歲,男,0.0
2025-11-06,尿液,陰性,未檢出,無,40-49歲,男,0.0
2025-12-17,血液,陽性,安非他命,無,20-29歲,男,0.0
2025-05-25,尿液,陰性,未檢出,無,40-49歲,女,0.0
2025-11-07,尿液,陰性,未檢出,無,40-49歲,男,0.0
2025-03-04,尿液,陰性,未檢出,無,40-49歲,男,0.0
2025-05-06,尿液,陰性,未檢出,無,50-59歲,男,0.0
2025-12-24,尿液,陰性,未檢出,無,60歲以上,女,0.0
2025-04-17,血液,陰性,未檢出,無,60歲以上,男,0.0
2025-04-14,尿液,陰性,未檢出,無,40-49歲,男,0.0
2025-06-24,尿液,陰性,未檢出,無,40-49歲,男,0.0
2025-01-21,尿液,陰性,未檢出,無,60歲以上,男,0.0
2025-07-12,尿液,陰性,未檢出,無,50-59歲,女,0.0
2025-12-04,尿液,陰性,未檢出,無,20-29歲,男,0.0
2025-07-31,尿液,陰性,未檢出,無,40-49歲,男,0.0
2025-08-06,尿液,陰性,未檢出,無,40-49歲,男,0.0
2025-07-13,尿液,陽性,愷他命,二級,30-39歲,男,2.0
2025-01-20,尿液,陽性,嗎啡,三級,30-39歲,男,1.0
2025-04-11,尿液,陰性,未檢出,無,40-49歲,男,0.0
2025-11-29,尿液,陰性,未檢出,無,30-39歲,女,0.0
2025-08-16,尿液,陰性,未檢出,無,40-49歲,男,0.0
2025-11-25,尿液,陰性,未檢出,無,30-39歲,男,0.0
2025-04-18,尿液,陽性,未檢出,無,19歲以下,男,0.0
2025-06-30,血液,陰性,未檢出,無,50-59歲,男,0.0
2025-11-16,尿液,陽性,未檢出,無,40-49歲,男,0.0
2025-09-02,尿液,陽性,未檢出,無,50-59歲,男,0.0
2025-11-16,尿液,陰性,未檢出,無,50-59歲,男,0.0
2025-10-19,尿液,陽性,安非他命,二級,50-59歲,男,2.0
2025-09-11,尿液,陰性,甲基安非他命,一級,20-29歲,男,3.0
2025-07-06,尿液,陰性,未檢出,無,40-49歲,男,0.0
2025-07-18,尿液,陰性,未檢出,無,50-59歲,男,0.0
2025-09-16,尿液,陰性,未檢出,無,50-59歲,女,0.0
2025-03-12,尿液,陰性,甲基安非他命,無,50-59歲,男,0.0
2025-09-04,尿液,陰性,安非他命,無,40-49歲,男,0.0
2025-10-23,尿液,陽性,未檢出,無,40-49歲,女,0.0
2025-08-06,尿液,陰性,未檢出,二級,40-49歲,男,2.0
2025-01-27,尿液,陰性,未檢出,無,30-39歲,男,0.0
2025-04-25,尿液,陰性,未檢出,無,60歲以上,男,0.0
2025-12-24,尿液,陰性,未檢出,無,40-49歲,男,0.0
2025-04-10,尿液,陰性,未檢出,無,40-49歲,男,0.0
2025-09-19,尿液,陰性,未檢出,無,50-59歲,女,0.0
2025-12-06,尿液,陰性,未檢出,無,30-39歲,男,0.0
2025-07-20,血液,陰性,未檢出,無,50-59歲,男,0.0
2025-01-02,尿液,陰性,未檢出,無,50-59歲,男,0.0
2025-02-23,尿液,陰性,未檢出,無,30-39歲,女,0.0
2025-06-24,尿液,陰性,未檢出,無,30-39歲,女,0.0
2025-05-20,尿液,陰性,未檢出,無,40-49歲,男,0.0
2025-08-17,尿液,陰性,未檢出,無,50-59歲,男,0.0
2025-08-24,尿液,陰性,未檢出,無,40-49歲,男,0.0
2025-01-21,尿液,陰性,未檢出,無,40-49歲,男,0.0
2025-06-14,尿液,陰性,愷他命,無,60歲以上,男,0.0
2025-04-21,尿液,陽性,未檢出,無,40-49歲,男,0.0
2025-11-26,尿液,陰性,未檢出,無,50-59歲,男,0.0
2025-09-22,尿液,陰性,未檢出,無,50-59歲,男,0.0
2025-08-21,尿液,陽性,甲基安非他命,二級,40-49歲,男,2.0
2025-12-08,尿液,陰性,未檢出,無,30-39歲,男,0.0
2025-07-02,尿液,陽性,未檢出,二級,50-59歲,男,2.0
2025-11-10,尿液,陰性,甲基安非他命,無,40-49歲,男,0.0
2025-08-14,尿液,陰性,未檢出,無,40-49歲,男,0.0
2025-09-24,尿液,陽性,未檢出,無,40-49歲,男,0.0
2025-11-13,尿液,陰性,未檢出,無,40-49歲,男,0.0
2025-08-28,尿液,陰性,未檢出,無,50-59歲,男,0.0
2025-04-17,尿液,陰性,未檢出,無,40-49歲,男,0.0
2025-09-22,尿液,陰性,未檢出,無,30-39歲,男,0.0
2025-12-27,尿液,陰性,未檢出,無,40-49歲,男,0.0
2025-02-24,尿液,陰性,未檢出,無,20-29歲,男,0.0
2025-09-10,血液,陰性,安非他命,無,40-49歲,男,0.0
2025-09-08,尿液,陰性,未檢出,無,30-39歲,男,0.0
2025-05-25,尿液,陰性,安非他命,無,50-59歲,女,0.0
2025-01-20,尿液,陰性,未檢出,無,40-49歲,男,0.0
2025-10-09,尿液,陰性,未檢出,三級,40-49歲,男,1.0
2025-12-19,尿液,陽性,未檢出,無,40-49歲,女,0.0
2025-08-25,尿液,陰性,未檢出,無,50-59歲,男,0.0
2025-08-30,尿液,陰性,未檢出,二級,50-59歲,男,2.0
2025-06-09,尿液,陰性,未檢出,無,19歲以下,男,0.0
2025-12-18,尿液,陰性,未檢出,二級,50-59歲,男,2.0
2025-03-18,尿液,陰性,未檢出,無,40-49歲,女,0.0
2025-03-05,尿液,陰性,未檢出,無,50-59歲,男,0.0
2025-02-04,尿液,陰性,未檢出,無,30-39歲,女,0.0
2025-01-24,尿液,陰性,未檢出,無,60歲以上,男,0.0
2025-09-15,尿液,陰性,未檢出,無,50-59歲,男,0.0
2025-02-23,尿液,陰性,安非他命,二級,20-29歲,男,2.0
2025-03-08,尿液,陰性,未檢出,無,60歲以上,女,0.0
2025-02-22,尿液,陰性,甲基安非他命,無,40-49歲,男,0.0
2025-10-26,尿液,陰性,未檢出,無,40-49歲,男,0.0
2025-10-25,尿液,陽性,愷他命,無,30-39歲,男,0.0
2025-10-22,尿液,陰性,未檢出,無,50-59歲,女,0.0
2025-04-05,尿液,陽性,安非他命,無,40-49歲,男,0.0
2025-03-10,尿液,陰性,甲基安非他命,無,60歲以上,女,0.0
2025-07-18,尿液,陰性,未檢出,無,30-39歲,女,0.0
2025-07-12,尿液,陰性,未檢出,無,30-39歲,男,0.0
2025-06-11,尿液,陰性,未檢出,無,40-49歲,男,0.0
2025-02-10,尿液,陰性,未檢出,無,30-39歲,女,0.0
2025-07-22,尿液,陰性,未檢出,三級,40-49歲,男,1.0
2025-06-23,血液,陽性,嗎啡,二級,30-39歲,女,2.0
2025-01-01,尿液,陰性,未檢出,二級,40-49歲,男,2.0
2025-10-07,尿液,陽性,愷他命,無,50-59歲,男,0.0
2025-10-10,尿液,陽性,嗎啡,二級,30-39歲,男,2.0
2025-02-12,尿液,陰性,未檢出,無,30-39歲,女,0.0
2025-10-04,尿液,陰性,未檢出,無,50-59歲,女,0.0
2025-04-16,尿液,陰性,未檢出,無,30-39歲,女,0.0
2025-11-05,尿液,陰性,安非他命,無,30-39歲,男,0.0
2025-07-03,尿液,陰性,安非他命,三級,60歲以上,男,1.0
2025-11-10,尿液,陰性,未檢出,二級,30-39歲,女,2.0
2025-06-02,尿液,陽性,愷他命,無,40-49歲,男,0.0
2025-07-13,尿液,陰性,未檢出,無,30-39歲,男,0.0
2025-11-24,尿液,陰性,甲基安非他命,二級,40-49歲,男,2.0
2025-01-06,尿液,陰性,未檢出,無,50-59歲,男,0.0
2025-10-27,尿液,陽性,嗎啡,二級,19歲以下,男,2.0
2025-03-19,尿液,陰性,未檢出,無,50-59歲,女,0.0
2025-04-26,尿液,陰性,未檢出,無,40-49歲,女,0.0
2025-10-15,尿液,陽性,未檢出,無,50-59歲,男,0.0
2025-04-25,尿液,陰性,未檢出,二級,40-49歲,男,2.0
2025-09-11,尿液,陰性,未檢出,無,50-59歲,男,0.0
2025-10-28,尿液,陰性,未檢出,無,50-59歲,女,0.0
2025-08-02,尿液,陰性,未檢出,無,50-59歲,男,0.0
2025-11-25,尿液,陰性,未檢出,無,30-39歲,男,0.0
2025-08-25,尿液,陰性,未檢出,無,40-49歲,男,0.0
2025-04-18,尿液,陰性,未檢出,無,50-59歲,男,0.0
2025-04-14,尿液,陰性,未檢出,無,40-49歲,男,0.0
2025-01-26,尿液,陰性,未檢出,無,50-59歲,男,0.0
2025-04-07,尿液,陰性,未檢出,二級,50-59歲,男,2.0
2025-02-03,尿液,陽性,甲基安非他命,二級,40-49歲,男,2.0
2025-02-23,尿液,陽性,未檢出,二級,30-39歲,女,2.0
2025-08-22,尿液,陰性,未檢出,無,50-59歲,男,0.0
2025-07-21,血液,陰性,甲基安非他命,無,40-49歲,男,0.0
2025-10-10,尿液,陰性,未檢出,無,50-59歲,女,0.0
2025-09-01,尿液,陰性,未檢出,無,50-59歲,男,0.0
2025-04-01,尿液,陰性,未檢出,無,50-59歲,男,0.0
2025-09-26,尿液,陰性,未檢出,無,50-59歲,男,0.0
2025-09-19,尿液,陰性,未檢出,無,50-59歲,男,0.0
2025-05-23,尿液,陽性,嗎啡,無,20-29歲,男,0.0
2025-10-08,尿液,陰性,安非他命,無,40-49歲,男,0.0
2025-06-22,血液,陽性,未檢出,無,30-39歲,男,0.0
2025-03-21,尿液,陽性,安非他命,無,40-49歲,女,0.0
2025-08-31,尿液,陰性,未檢出,無,50-59歲,女,0.0
2025-09-14,血液,陰性,未檢出,無,40-49歲,男,0.0
2025-08-14,尿液,陰性,愷他命,二級,50-59歲,女,2.0
2025-05-19,尿液,陰性,未檢出,二級,40-49歲,男,2.0
2025-08-09,尿液,陽性,未檢出,無,40-49歲,男,0.0
2025-04-11,尿液,陰性,未檢出,無,60歲以上,女,0.0
2025-05-20,尿液,陰性,未檢出,無,40-49歲,女,0.0
2025-05-01,尿液,陰性,未檢出,無,60歲以上,男,0.0
2025-12-19,尿液,陰性,未檢出,無,30-39歲,男,0.0
2025-04-15,尿液,陽性,愷他命,無,40-49歲,男,0.0
2025-02-08,尿液,陰性,未檢出,無,40-49歲,男,0.0
2025-09-05,尿液,陰性,未檢出,無,50-59歲,女,0.0
2025-11-12,尿液,陽性,甲基安非他命,無,50-59歲,男,0.0
2025-01-16,尿液,陰性,未檢出,無,19歲以下,男,0.0
2025-08-01,尿液,陰性,嗎啡,三級,20-29歲,女,1.0
2025-10-13,尿液,陽性,嗎啡,二級,40-49歲,男,2.0
2025-01-15,尿液,陰性,未檢出,無,40-49歲,男,0.0
2025-08-10,尿液,陰性,未檢出,無,40-49歲,男,0.0
2025-12-16,尿液,陰性,甲基安非他命,二級,30-39歲,男,2.0
2025-07-07,尿液,陰性,未檢出,二級,30-39歲,女,2.0
2025-02-26,血液,陰性,未檢出,無,30-39歲,男,0.0
2025-07-15,尿液,陰性,未檢出,無,40-49歲,男,0.0
2025-07-10,尿液,陰性,安非他命,無,19歲以下,男,0.0
2025-03-09,尿液,陽性,甲基安非他命,無,50-59歲,男,0.0
2025-09-14,尿液,陰性,未檢出,無,50-59歲,男,0.0
2025-07-16,尿液,陰性,未檢出,無,40-49歲,男,0.0
2025-02-07,尿液,陰性,未檢出,無,20-29歲,男,0.0
2025-08-04,尿液,陰性,未檢出,無,60歲以上,男,0.0
2025-05-20,尿液,陰性,未檢出,無,30-39歲,男,0.0
2025-12-16,尿液,陰性,未檢出,無,40-49歲,男,0.0
2025-06-15,尿液,陰性,未檢出,無,40-49歲,男,0.0
2025-02-12,尿液,陽性,未檢出,無,50-59歲,男,0.0
2025-08-01,尿液,陰性,未檢出,無,20-29歲,男,0.0
2025-02-11,尿液,陰性,安非他命,無,50-59歲,男,0.0
2025-02-07,尿液,陰性,未檢出,無,50-59歲,女,0.0
2025-12-22,尿液,陽性,未檢出,無,19歲以下,男,0.0
2025-10-10,尿液,陽性,甲基安非他命,無,40-49歲,男,0.0
2025-08-28,尿液,陽性,未檢出,無,30-39歲,男,0.0
2025-05-09,尿液,陰性,未檢出,無,40-49歲,男,0.0
2025-09-05,尿液,陰性,未檢出,無,40-49歲,男,0.0
2025-01-05,血液,陰性,未檢出,無,30-39歲,男,0.0
2025-08-09,尿液,陰性,未檢出,無,40-49歲,女,0.0
2025-04-12,尿液,陰性,未檢出,無,60歲以上,男,0.0
2025-01-13,尿液,陰性,未檢出,無,30-39歲,男,0.0
2025-03-03,尿液,陰性,安非他命,一級,20-29歲,男,3.0
2025-01-17,尿液,陰性,未檢出,無,30-39歲,男,0.0
2025-02-20,尿液,陰性,未檢出,二級,50-59歲,女,2.0
2025-06-02,尿液,陽性,愷他命,二級,40-49歲,男,2.0
2025-04-20,尿液,陰性,未檢出,無,40-49歲,男,0.0
2025-08-05,尿液,陰性,未檢出,二級,50-59歲,男,2.0
2025-04-10,尿液,陰性,未檢出,無,30-39歲,男,0.0
2025-12-23,尿液,陰性,未檢出,無,20-29歲,男,0.0
2025-10-10,尿液,陰性,未檢出,無,40-49歲,男,0.0
2025-05-08,尿液,陽性,安非他命,一級,19歲以下,男,3.0
2025-03-11,尿液,陰性,安非他命,無,30-39歲,男,0.0
2025-10-25,尿液,陰性,未檢出,無,50-59歲,男,0.0
2025-03-12,尿液,陰性,未檢出,無,40-49歲,男,0.0
2025-12-26,尿液,陽性,未檢出,二級,50-59歲,女,2.0
2025-12-18,尿液,陰性,愷他命,二級,50-59歲,男,2.0
2025-09-10,尿液,陰性,未檢出,二級,40-49歲,男,2.0
2025-09-22,尿液,陰性,未檢出,無,30-39歲,男,0.0
2025-06-07,血液,陽性,未檢出,無,40-49歲,男,0.0
2025-03-05,尿液,陽性,甲基安非他命,無,20-29歲,女,0.0
2025-03-29,尿液,陰性,未檢出,無,50-59歲,男,0.0
2025-12-02,尿液,陰性,未檢出,二級,50-59歲,男,2.0
2025-10-06,尿液,陰性,未檢出,無,40-49歲,女,0.0
2025-10-08,尿液,陰性,未檢出,無,40-49歲,男,0.0
2025-09-02,尿液,陰性,未檢出,無,40-49歲,男,0.0
2025-06-28,尿液,陰性,未檢出,二級,50-59歲,男,2.0
2025-07-24,尿液,陰性,甲基安非他命,三級,50-59歲,男,1.0
2025-02-12,尿液,陽性,愷他命,三級,40-49歲,男,1.0
2025-07-31,尿液,陽性,愷他命,三級,30-39歲,男,1.0
2025-09-01,尿液,陰性,甲基安非他命,無,20-29歲,男,0.0
2025-11-20,尿液,陽性,愷他命,二級,40-49歲,男,2.0
2025-11-12,尿液,陰性,未檢出,無,20-29歲,男,0.0
2025-09-28,尿液,陰性,未檢出,無,50-59歲,女,0.0
2025-09-26,尿液,陽性,未檢出,無,50-59歲,男,0.0
2025-11-01,尿液,陰性,愷他命,二級,40-49歲,男,2.0
2025-07-03,尿液,陰性,未檢出,無,30-39歲,男,0.0
2025-03-02,尿液,陽性,未檢出,一級,30-39歲,男,3.0
2025-05-25,尿液,陰性,未檢出,無,40-49歲,男,0.0
2025-02-11,尿液,陽性,未檢出,二級,40-49歲,男,2.0
2025-03-19,尿液,陽性,甲基安非他命,三級,50-59歲,男,1.0
2025-09-01,尿液,陽性,未檢出,無,20-29歲,男,0.0
2025-06-22,尿液,陰性,愷他命,無,50-59歲,男,0.0
2025-05-24,尿液,陰性,未檢出,無,50-59歲,女,0.0
2025-12-17,尿液,陰性,未檢出,無,30-39歲,男,0.0
2025-01-28,尿液,陰性,甲基安非他命,二級,30-39歲,男,2.0
2025-07-04,尿液,陽性,未檢出,無,40-49歲,男,0.0
2025-01-13,尿液,陰性,未檢出,無,40-49歲,男,0.0
2025-05-05,尿液,陰性,未檢出,無,60歲以上,男,0.0
2025-03-09,尿液,陰性,安非他命,無,40-49歲,男,0.0
2025-11-20,尿液,陰性,未檢出,二級,50-59歲,男,2.0
2025-01-16,尿液,陰性,未檢出,無,50-59歲,男,0.0
2025-09-04,尿液,陰性,未檢出,二級,40-49歲,男,2.0
2025-04-12,尿液,陰性,未檢出,無,50-59歲,男,0.0
2025-02-28,血液,陰性,未檢出,二級,20-29歲,男,2.0
2025-04-25,尿液,陰性,未檢出,無,50-59歲,女,0.0
2025-03-17,尿液,陰性,未檢出,無,60歲以上,男,0.0
2025-09-13,血液,陽性,未檢出,無,50-59歲,男,0.0
2025-10-06,尿液,陰性,未檢出,無,40-49歲,男,0.0
2025-07-10,尿液,陽性,未檢出,二級,50-59歲,男,2.0
2025-07-11,尿液,陽性,未檢出,無,60歲以上,女,0.0
2025-03-08,尿液,陽性,未檢出,無,30-39歲,男,0.0
2025-04-12,尿液,陰性,未檢出,無,40-49歲,男,0.0
2025-01-01,尿液,陽性,未檢出,無,50-59歲,男,0.0
2025-03-06,尿液,陽性,未檢出,無,50-59歲,男,0.0
2025-11-27,尿液,陰性,未檢出,無,30-39歲,男,0.0
2025-08-29,尿液,陰性,未檢出,二級,50-59歲,女,2.0
2025-07-24,尿液,陰性,未檢出,無,50-59歲,男,0.0
2025-04-29,血液,陰性,未檢出,一級,50-59歲,女,3.0
2025-02-07,尿液,陰性,未檢出,無,40-49歲,男,0.0
2025-08-10,尿液,陰性,未檢出,無,60歲以上,男,0.0
2025-06-18,尿液,陽性,愷他命,二級,40-49歲,女,2.0
2025-03-12,尿液,陰性,未檢出,無,30-39歲,男,0.0
2025-12-18,尿液,陰性,未檢出,無,50-59歲,男,0.0
2025-04-05,尿液,陰性,未檢出,無,50-59歲,男,0.0
2025-11-09,尿液,陰性,未檢出,無,40-49歲,男,0.0
2025-12-24,尿液,陰性,未檢出,無,40-49歲,男,0.0
2025-03-14,尿液,陰性,未檢出,無,60歲以上,男,0.0
2025-11-16,血液,陰性,未檢出,無,30-39歲,男,0.0
2025-08-14,尿液,陽性,嗎啡,三級,30-39歲,男,1.0
2025-03-10,尿液,陰性,未檢出,無,30-39歲,女,0.0
2025-07-05,尿液,陽性,未檢出,二級,40-49歲,男,2.0
2025-06-04,尿液,陰性,未檢出,二級,30-39歲,男,2.0
2025-07-18,尿液,陰性,未檢出,無,50-59歲,男,0.0
2025-05-03,尿液,陰性,愷他命,二級,50-59歲,男,2.0
2025-05-02,尿液,陰性,未檢出,二級,40-49歲,男,2.0
2025-04-10,尿液,陰性,未檢出,無,40-49歲,男,0.0
2025-10-14,尿液,陽性,未檢出,無,20-29歲,男,0.0
2025-08-15,尿液,陰性,未檢出,無,20-29歲,男,0.0
2025-01-05,尿液,陰性,未檢出,無,50-59歲,男,0.0
2025-08-21,尿液,陰性,未檢出,無,40-49歲,男,0.0
2025-09-14,尿液,陰性,未檢出,無,40-49歲,男,0.0
2025-05-06,尿液,陰性,未檢出,無,60歲以上,男,0.0
2025-06-27,尿液,陰性,未檢出,無,40-49歲,男,0.0
2025-01-15,血液,陽性,甲基安非他命,二級,50-59歲,男,2.0
2025-03-13,血液,陽性,甲基安非他命,一級,20-29歲,男,3.0
2025-03-30,尿液,陰性,未檢出,無,20-29歲,男,0.0
2025-02-19,尿液,陰性,未檢出,無,19歲以下,男,0.0
2025-06-08,尿液,陰性,未檢出,無,40-49歲,女,0.0
2025-01-06,尿液,陰性,甲基安非他命,無,40-49歲,女,0.0
2025-05-26,尿液,陰性,未檢出,無,40-49歲,男,0.0
2025-12-13,血液,陰性,未檢出,無,50-59歲,男,0.0
2025-02-15,尿液,陰性,未檢出,無,40-49歲,男,0.0
2025-10-25,尿液,陰性,未檢出,二級,40-49歲,男,2.0
2025-11-25,血液,陰性,甲基安非他命,二級,40-49歲,男,2.0
2025-10-19,尿液,陰性,未檢出,無,60歲以上,男,0.0
2025-11-05,尿液,陰性,未檢出,無,50-59歲,女,0.0
2025-10-15,血液,陰性,未檢出,無,20-29歲,男,0.0
2025-04-11,尿液,陰性,未檢出,無,50-59歲,男,0.0
2025-08-28,尿液,陰性,未檢出,無,50-59歲,男,0.0
2025-03-26,血液,陽性,甲基安非他命,無,30-39歲,男,0.0
2025-04-01,尿液,陰性,未檢出,無,50-59歲,男,0.0
2025-12-29,尿液,陽性,未檢出,無,30-39歲,女,0.0
2025-01-28,尿液,陽性,未檢出,無,19歲以下,男,0.0
2025-12-24,尿液,陽性,未檢出,無,40-49歲,男,0.0
2025-08-14,尿液,陽性,未檢出,無,40-49歲,男,0.0
2025-09-21,尿液,陰性,未檢出,無,40-49歲,男,0.0
2025-03-07,尿液,陰性,未檢出,無,40-49歲,男,0.0
2025-09-26,血液,陰性,未檢出,二級,40-49歲,女,2.0
2025-09-05,尿液,陰性,未檢出,無,60歲以上,男,0.0
2025-03-20,尿液,陽性,安非他命,無,40-49歲,男,0.0
2025-07-27,血液,陰性,甲基安非他命,二級,30-39歲,男,2.0
2025-04-29,尿液,陽性,未檢出,無,60歲以上,男,0.0
2025-08-26,尿液,陰性,未檢出,無,50-59歲,男,0.0
2025-07-25,尿液,陽性,未檢出,三級,40-49歲,男,1.0
2025-07-26,血液,陽性,未檢出,三級,40-49歲,男,1.0
2025-11-22,尿液,陰性,未檢出,無,30-39歲,男,0.0
2025-10-02,尿液,陰性,未檢出,無,40-49歲,男,0.0
2025-04-28,尿液,陰性,未檢出,無,40-49歲,男,0.0
2025-06-14,尿液,陰性,未檢出,無,50-59歲,男,0.0
2025-09-18,尿液,陰性,未檢出,無,19歲以下,男,0.0
2025-03-28,尿液,陰性,安非他命,二級,50-59歲,女,2.0
2025-10-17,尿液,陰性,甲基安非他命,無,40-49歲,男,0.0
2025-06-29,尿液,陽性,未檢出,無,50-59歲,男,0.0
2025-11-25,尿液,陰性,未檢出,無,30-39歲,男,0.0
2025-09-26,尿液,陰性,未檢出,無,60歲以上,男,0.0
2025-04-18,尿液,陰性,未檢出,無,30-39歲,男,0.0
2025-06-27,尿液,陽性,未檢出,無,40-49歲,男,0.0
2025-07-01,尿液,陰性,未檢出,無,40-49歲,男,0.0
2025-09-22,尿液,陰性,未檢出,無,40-49歲,男,0.0
2025-03-13,尿液,陰性,未檢出,無,20-29歲,女,0.0
2025-12-22,尿液,陰性,未檢出,無,30-39歲,男,0.0
2025-08-18,尿液,陰性,未檢出,無,50-59歲,男,0.0
2025-02-22,尿液,陰性,未檢出,二級,40-49歲,男,2.0
2025-10-03,尿液,陽性,甲基安非他命,無,20-29歲,男,0.0
2025-04-13,尿液,陰性,未檢出,無,40-49歲,男,0.0
2025-03-08,尿液,陰性,未檢出,無,60歲以上,男,0.0
2025-05-24,尿液,陰性,未檢出,無,50-59歲,男,0.0
2025-06-07,尿液,陽性,甲基安非他命,二級,50-59歲,男,2.0
2025-09-05,尿液,陰性,未檢出,無,50-59歲,男,0.0
2025-11-23,尿液,陰性,安非他命,無,20-29歲,女,0.0
2025-10-27,尿液,陰性,未檢出,無,40-49歲,男,0.0
2025-01-30,尿液,陰性,愷他命,無,40-49歲,女,0.0
2025-12-31,尿液,陰性,未檢出,無,40-49歲,男,0.0
2025-11-04,尿液,陰性,未檢出,無,50-59歲,男,0.0
2025-11-20,尿液,陰性,甲基安非他命,二級,40-49歲,男,2.0
2025-07-19,尿液,陰性,嗎啡,二級,50-59歲,女,2.0
2025-04-23,尿液,陰性,未檢出,無,30-39歲,男,0.0
2025-06-11,尿液,陰性,未檢出,無,20-29歲,女,0.0
2025-12-18,尿液,陽性,愷他命,三級,50-59歲,男,1.0
2025-05-13,尿液,陰性,愷他命,一級,60歲以上,男,3.0
2025-06-16,尿液,陰性,未檢出,無,50-59歲,男,0.0
2025-07-13,尿液,陰性,未檢出,無,30-39歲,男,0.0
2025-07-12,尿液,陰性,安非他命,無,30-39歲,男,0.0
2025-07-12,尿液,陽性,甲基安非他命,無,60歲以上,男,0.0
2025-12-30,尿液,陽性,未檢出,二級,40-49歲,男,2.0
2025-06-20,尿液,陰性,未檢出,無,30-39歲,男,0.0
2025-09-25,尿液,陰性,未檢出,無,50-59歲,男,0.0
2025-07-30,尿液,陽性,未檢出,二級,30-39歲,女,2.0
2025-08-30,尿液,陰性,未檢出,二級,30-39歲,男,2.0
2025-08-15,血液,陰性,未檢出,無,60歲以上,男,0.0
2025-03-10,尿液,陰性,未檢出,無,50-59歲,女,0.0
2025-07-07,尿液,陰性,未檢出,無,50-59歲,男,0.0
2025-04-15,尿液,陰性,安非他命,無,40-49歲,男,0.0
2025-09-27,尿液,陰性,未檢出,無,30-39歲,男,0.0
2025-09-07,尿液,陽性,未檢出,三級,60歲以上,男,1.0
2025-12-04,尿液,陰性,未檢出,無,40-49歲,男,0.0
2025-05-28,尿液,陽性,未檢出,三級,40-49歲,男,1.0
2025-05-20,尿液,陽性,未檢出,無,30-39歲,男,0.0
2025-08-12,尿液,陰性,未檢出,無,30-39歲,男,0.0
2025-06-05,尿液,陰性,未檢出,無,40-49歲,男,0.0
2025-12-21,尿液,陰性,未檢出,無,40-49歲,男,0.0
2025-02-20,尿液,陰性,未檢出,無,40-49歲,女,0.0
2025-04-12,尿液,陽性,甲基安非他命,無,60歲以上,女,0.0
2025-07-10,尿液,陽性,安非他命,無,50-59歲,男,0.0
2025-09-07,尿液,陰性,未檢出,無,60歲以上,男,0.0
2025-05-26,尿液,陽性,未檢出,二級,40-49歲,男,2.0
2025-10-04,尿液,陰性,未檢出,無,20-29歲,女,0.0
2025-06-02,尿液,陰性,未檢出,無,20-29歲,男,0.0
2025-07-30,血液,陰性,未檢出,二級,20-29歲,男,2.0
2025-10-18,尿液,陰性,未檢出,無,50-59歲,男,0.0
2025-01-13,尿液,陰性,未檢出,無,40-49歲,男,0.0
2025-08-25,尿液,陰性,未檢出,無,40-49歲,男,0.0
2025-08-04,尿液,陰性,未檢出,無,50-59歲,男,0.0
2025-09-24,尿液,陰性,未檢出,三級,20-29歲,男,1.0
2025-09-05,尿液,陰性,未檢出,無,40-49歲,男,0.0
2025-12-24,尿液,陰性,安非他命,無,30-39歲,男,0.0
2025-10-09,尿液,陰性,甲基安非他命,二級,40-49歲,男,2.0
2025-12-27,尿液,陰性,安非他命,無,30-39歲,男,0.0
2025-05-26,尿液,陰性,未檢出,無,40-49歲,男,0.0
2025-07-01,尿液,陰性,未檢出,無,40-49歲,男,0.0
2025-03-08,尿液,陰性,未檢出,無,50-59歲,男,0.0
2025-12-03,尿液,陰性,安非他命,無,50-59歲,男,0.0
2025-10-21,尿液,陰性,未檢出,無,50-59歲,男,0.0
2025-07-30,尿液,陰性,未檢出,無,60歲以上,女,0.0
2025-12-30,尿液,陰性,未檢出,無,40-49歲,男,0.0
2025-03-04,尿液,陽性,未檢出,無,50-59歲,男,0.0
2025-07-03,尿液,陰性,未檢出,無,19歲以下,男,0.0
2025-07-08,尿液,陽性,愷他命,無,40-49歲,男,0.0
2025-02-25,尿液,陰性,愷他命,無,20-29歲,男,0.0
2025-09-16,尿液,陰性,未檢出,無,50-59歲,男,0.0
2025-08-06,尿液,陰性,未檢出,無,40-49歲,男,0.0
2025-08-26,尿液,陰性,未檢出,無,50-59歲,男,0.0
2025-11-19,尿液,陰性,未檢出,無,20-29歲,男,0.0
2025-07-25,尿液,陰性,未檢出,無,50-59歲,女,0.0
2025-10-13,尿液,陰性,未檢出,無,30-39歲,女,0.0
2025-07-12,尿液,陰性,未檢出,無,50-59歲,男,0.0
2025-03-08,尿液,陰性,安非他命,無,30-39歲,男,0.0
2025-02-07,尿液,陽性,未檢出,三級,40-49歲,男,1.0
2025-03-14,尿液,陰性,未檢出,無,40-49歲,男,0.0
2025-01-27,尿液,陽性,甲基安非他命,二級,50-59歲,女,2.0
2025-10-27,尿液,陰性,未檢出,無,40-49歲,男,0.0
2025-12-24,尿液,陽性,愷他命,一級,50-59歲,男,3.0
2025-08-28,尿液,陰性,未檢出,二級,40-49歲,男,2.0
2025-09-15,尿液,陰性,未檢出,二級,50-59歲,男,2.0
2025-12-29,尿液,陰性,安非他命,無,50-59歲,男,0.0
2025-08-22,尿液,陰性,未檢出,無,40-49歲,男,0.0
2025-12-02,尿液,陰性,未檢出,無,19歲以下,男,0.0
2025-06-22,尿液,陰性,未檢出,無,40-49歲,男,0.0
2025-05-28,尿液,陰性,未檢出,無,40-49歲,男,0.0
2025-06-04,尿液,陰性,未檢出,二級,30-39歲,男,2.0
2025-02-20,尿液,陰性,未檢出,無,60歲以上,男,0.0
2025-04-17,血液,陰性,安非他命,無,40-49歲,男,0.0
2025-02-05,尿液,陰性,未檢出,無,50-59歲,男,0.0
2025-11-19,尿液,陰性,未檢出,二級,40-49歲,男,2.0
2025-01-18,尿液,陰性,未檢出,無,50-59歲,男,0.0
2025-04-03,尿液,陽性,未檢出,無,20-29歲,男,0.0
2025-04-27,尿液,陰性,安非他命,二級,50-59歲,男,2.0
2025-08-30,尿液,陰性,甲基安非他命,無,40-49歲,男,0.0
2025-12-04,尿液,陰性,未檢出,無,50-59歲,女,0.0
2025-11-06,尿液,陰性,未檢出,無,20-29歲,男,0.0
2025-05-19,尿液,陽性,未檢出,無,50-59歲,男,0.0
2025-10-27,尿液,陰性,愷他命,三級,30-39歲,女,1.0
2025-09-20,尿液,陰性,安非他命,無,30-39歲,男,0.0
2025-09-03,尿液,陰性,未檢出,無,40-49歲,男,0.0
2025-06-09,尿液,陽性,愷他命,二級,20-29歲,男,2.0
2025-04-01,尿液,陰性,未檢出,無,50-59歲,男,0.0
2025-06-29,尿液,陰性,未檢出,無,20-29歲,男,0.0
2025-08-30,尿液,陰性,未檢出,無,40-49歲,男,0.0
2025-03-18,尿液,陰性,未檢出,無,50-59歲,男,0.0
2025-01-16,尿液,陰性,安非他命,無,30-39歲,男,0.0
2025-03-13,尿液,陰性,未檢出,無,30-39歲,男,0.0
2025-03-14,尿液,陰性,未檢出,三級,40-49歲,男,1.0
2025-09-11,尿液,陰性,未檢出,無,30-39歲,男,0.0
2025-06-25,尿液,陽性,未檢出,無,60歲以上,男,0.0
2025-02-04,尿液,陽性,甲基安非他命,二級,40-49歲,男,2.0
2025-07-17,尿液,陰性,未檢出,無,30-39歲,男,0.0
2025-01-16,尿液,陰性,安非他命,無,50-59歲,男,0.0
2025-06-11,尿液,陰性,未檢出,無,50-59歲,男,0.0
2025-11-12,尿液,陰性,未檢出,無,20-29歲,男,0.0
2025-02-15,尿液,陰性,安非他命,無,20-29歲,男,0.0
2025-07-09,尿液,陰性,未檢出,無,50-59歲,男,0.0
2025-02-04,尿液,陽性,嗎啡,無,20-29歲,男,0.0
2025-08-28,尿液,陽性,甲基安非他命,無,20-29歲,男,0.0
2025-02-27,尿液,陰性,未檢出,無,40-49歲,男,0.0
2025-02-05,尿液,陰性,安非他命,無,40-49歲,女,0.0
2025-04-28,血液,陰性,未檢出,無,50-59歲,男,0.0
2025-07-25,尿液,陰性,未檢出,無,30-39歲,男,0.0
2025-06-18,尿液,陽性,未檢出,二級,50-59歲,男,2.0
2025-06-28,尿液,陰性,未檢出,無,40-49歲,男,0.0
2025-06-07,尿液,陰性,未檢出,無,19歲以下,男,0.0
2025-07-23,尿液,陰性,未檢出,無,30-39歲,男,0.0
2025-07-30,尿液,陰性,未檢出,無,60歲以上,男,0.0
2025-09-16,尿液,陰性,未檢出,無,40-49歲,男,0.0
2025-12-24,尿液,陽性,未檢出,無,20-29歲,男,0.0
2025-07-01,尿液,陰性,未檢出,二級,50-59歲,女,2.0
2025-01-18,血液,陰性,愷他命,三級,20-29歲,男,1.0
2025-12-22,尿液,陰性,未檢出,無,20-29歲,男,0.0
2025-02-19,尿液,陽性,甲基安非他命,無,50-59歲,男,0.0
2025-01-20,尿液,陰性,未檢出,無,60歲以上,男,0.0
2025-10-23,尿液,陽性,未檢出,二級,30-39歲,男,2.0
2025-09-12,尿液,陰性,未檢出,無,40-49歲,男,0.0
2025-07-09,尿液,陰性,未檢出,無,30-39歲,男,0.0
2025-09-25,尿液,陰性,未檢出,無,50-59歲,男,0.0
2025-07-05,尿液,陰性,未檢出,無,40-49歲,男,0.0
2025-02-07,尿液,陰性,未檢出,無,50-59歲,男,0.0
2025-11-03,尿液,陽性,未檢出,二級,40-49歲,男,2.0
2025-07-18,血液,陰性,甲基安非他命,無,20-29歲,男,0.0
2025-01-13,尿液,陰性,未檢出,無,50-59歲,女,0.0
2025-04-24,尿液,陰性,甲基安非他命,無,60歲以上,男,0.0
2025-07-09,尿液,陽性,愷他命,二級,40-49歲,男,2.0
2025-01-19,尿液,陰性,未檢出,無,40-49歲,男,0.0
2025-08-08,尿液,陽性,未檢出,無,19歲以下,男,0.0
2025-04-25,尿液,陰性,未檢出,無,40-49歲,男,0.0
2025-06-15,尿液,陽性,甲基安非他命,二級,40-49歲,男,2.0
2025-10-22,尿液,陰性,安非他命,二級,20-29歲,男,2.0
2025-05-21,尿液,陰性,未檢出,二級,50-59歲,男,2.0
2025-10-22,尿液,陽性,未檢出,無,40-49歲,男,0.0
2025-10-06,尿液,陽性,甲基安非他命,二級,60歲以上,男,2.0
2025-03-25,尿液,陰性,未檢出,無,50-59歲,男,0.0
2025-06-12,尿液,陰性,安非他命,無,50-59歲,男,0.0
2025-03-02,尿液,陰性,未檢出,無,40-49歲,女,0.0
2025-03-04,尿液,陽性,未檢出,無,40-49歲,男,0.0
2025-11-24,尿液,陰性,甲基安非他命,無,19歲以下,男,0.0
2025-11-18,尿液,陰性,未檢出,無,30-39歲,男,0.0
2025-11-24,血液,陰性,未檢出,無,50-59歲,男,0.0
2025-05-17,尿液,陽性,安非他命,二級,60歲以上,男,2.0
2025-06-28,尿液,陰性,未檢出,無,40-49歲,男,0.0
2025-05-06,尿液,陰性,未檢出,無,40-49歲,男,0.0
2025-04-18,尿液,陰性,未檢出,無,40-49歲,男,0.0
2025-08-03,尿液,陰性,未檢出,無,40-49歲,男,0.0
2025-09-10,尿液,陰性,未檢出,二級,40-49歲,男,2.0
2025-03-08,尿液,陰性,甲基安非他命,二級,50-59歲,男,2.0
2025-07-18,血液,陰性,安非他命,二級,60歲以上,男,2.0
2025-10-06,尿液,陰性,未檢出,二級,40-49歲,女,2.0
2025-01-17,尿液,陰性,未檢出,無,30-39歲,男,0.0
2025-06-24,尿液,陽性,未檢出,無,40-49歲,男,0.0
2025-02-13,尿液,陰性,未檢出,無,40-49歲,男,0.0
2025-06-06,尿液,陰性,未檢出,無,50-59歲,男,0.0
2025-04-18,血液,陰性,未檢出,無,60歲以上,男,0.0
2025-09-29,尿液,陰性,未檢出,無,50-59歲,男,0.0
2025-07-16,血液,陰性,安非他命,無,40-49歲,男,0.0
2025-01-15,尿液,陰性,未檢出,無,40-49歲,男,0.0
2025-02-22,尿液,陰性,未檢出,無,30-39歲,男,0.0
2025-05-18,尿液,陰性,未檢出,無,30-39歲,男,0.0
2025-01-04,尿液,陰性,未檢出,三級,50-59歲,男,1.0
2025-06-04,尿液,陰性,安非他命,無,20-29歲,男,0.0
2025-08-19,血液,陰性,未檢出,無,50-59歲,男,0.0
2025-07-31,尿液,陰性,未檢出,二級,40-49歲,男,2.0
2025-05-15,尿液,陰性,未檢出,無,40-49歲,男,0.0
2025-08-05,尿液,陰性,未檢出,無,20-29歲,男,0.0
2025-06-06,尿液,陰性,安非他命,二級,50-59歲,女,2.0
2025-09-10,尿液,陽性,甲基安非他命,三級,20-29歲,男,1.0
2025-06-20,尿液,陰性,未檢出,無,40-49歲,女,0.0
2025-03-06,尿液,陰性,未檢出,無,60歲以上,女,0.0
2025-08-17,尿液,陰性,未檢出,無,20-29歲,女,0.0
2025-08-08,尿液,陽性,愷他命,無,30-39歲,男,0.0
2025-08-23,尿液,陰性,未檢出,無,50-59歲,女,0.0
2025-04-06,尿液,陽性,安非他命,二級,40-49歲,男,2.0
2025-02-23,尿液,陰性,未檢出,無,50-59歲,男,0.0
2025-12-19,尿液,陰性,未檢出,二級,50-59歲,男,2.0
2025-09-25,尿液,陽性,嗎啡,三級,30-39歲,男,1.0
2025-12-02,尿液,陰性,未檢出,無,50-59歲,女,0.0
2025-04-16,尿液,陰性,未檢出,無,50-59歲,男,0.0
2025-10-21,尿液,陽性,甲基安非他命,無,50-59歲,男,0.0
2025-09-13,尿液,陰性,未檢出,無,50-59歲,女,0.0
2025-10-29,血液,陰性,未檢出,無,40-49歲,男,0.0
2025-02-28,尿液,陰性,未檢出,無,50-59歲,男,0.0
2025-02-18,尿液,陰性,安非他命,無,30-39歲,女,0.0
2025-02-20,尿液,陽性,安非他命,無,40-49歲,男,0.0
2025-03-04,血液,陰性,未檢出,無,50-59歲,女,0.0
2025-11-30,尿液,陰性,未檢出,無,40-49歲,男,0.0
2025-07-10,尿液,陰性,未檢出,二級,30-39歲,男,2.0
2025-10-19,尿液,陽性,未檢出,二級,50-59歲,男,2.0
2025-04-08,尿液,陰性,未檢出,無,60歲以上,女,0.0
2025-12-12,尿液,陰性,未檢出,無,60歲以上,男,0.0
2025-06-14,尿液,陰性,未檢出,一級,30-39歲,男,3.0
2025-07-27,尿液,陽性,未檢出,二級,50-59歲,男,2.0
2025-03-08,尿液,陰性,未檢出,無,40-49歲,女,0.0
2025-12-09,尿液,陰性,安非他命,二級,50-59歲,男,2.0
2025-05-17,尿液,陽性,愷他命,無,50-59歲,女,0.0
2025-08-11,尿液,陰性,未檢出,無,40-49歲,男,0.0
2025-09-29,尿液,陰性,未檢出,二級,40-49歲,男,2.0
2025-07-22,血液,陽性,嗎啡,三級,50-59歲,女,1.0
2025-10-06,血液,陰性,未檢出,無,40-49歲,男,0.0
2025-12-09,尿液,陽性,甲基安非他命,一級,40-49歲,女,3.0
2025-03-19,血液,陰性,未檢出,無,40-49歲,男,0.0
2025-10-26,尿液,陰性,未檢出,無,50-59歲,男,0.0
2025-11-05,尿液,陰性,未檢出,無,30-39歲,男,0.0
2025-11-26,尿液,陰性,未檢出,無,50-59歲,男,0.0
2025-02-24,尿液,陰性,未檢出,無,19歲以下,男,0.0
2025-09-05,尿液,陰性,未檢出,無,50-59歲,男,0.0
2025-02-27,尿液,陰性,未檢出,二級,50-59歲,男,2.0
2025-03-18,尿液,陰性,未檢出,無,40-49歲,男,0.0
2025-10-18,尿液,陰性,未檢出,無,40-49歲,男,0.0
2025-09-08,尿液,陰性,未檢出,無,60歲以上,女,0.0
2025-06-22,尿液,陽性,未檢出,二級,30-39歲,男,2.0
2025-10-29,尿液,陰性,未檢出,無,50-59歲,男,0.0
2025-06-07,尿液,陽性,安非他命,二級,30-39歲,女,2.0
2025-07-10,尿液,陰性,未檢出,三級,20-29歲,女,1.0
2025-05-09,尿液,陰性,未檢出,無,30-39歲,男,0.0
2025-01-27,尿液,陰性,未檢出,無,40-49歲,男,0.0
2025-09-20,尿液,陰性,未檢出,無,40-49歲,男,0.0
2025-07-31,尿液,陰性,未檢出,無,40-49歲,男,0.0
2025-04-09,血液,陰性,未檢出,無,40-49歲,男,0.0
2025-08-21,尿液,陰性,未檢出,無,20-29歲,男,0.0
2025-09-13,尿液,陰性,未檢出,無,50-59歲,男,0.0
2025-09-15,尿液,陰性,未檢出,無,50-59歲,男,0.0
2025-03-20,尿液,陰性,未檢出,無,50-59歲,男,0.0
2025-04-19,尿液,陰性,未檢出,二級,19歲以下,男,2.0
2025-01-18,尿液,陰性,未檢出,無,40-49歲,男,0.0
2025-07-01,尿液,陰性,未檢出,無,19歲以下,女,0.0
2025-03-06,尿液,陽性,未檢出,二級,60歲以上,男,2.0
2025-11-04,尿液,陰性,未檢出,無,50-59歲,女,0.0
2025-08-02,尿液,陽性,未檢出,無,50-59歲,男,0.0
2025-03-11,血液,陰性,未檢出,無,50-59歲,男,0.0
2025-10-25,尿液,陽性,安非他命,三級,30-39歲,男,1.0
2025-04-09,尿液,陰性,未檢出,無,30-39歲,男,0.0
2025-04-03,尿液,陽性,未檢出,無,40-49歲,男,0.0
2025-02-10,尿液,陽性,未檢出,無,20-29歲,男,0.0
2025-07-03,尿液,陰性,未檢出,二級,40-49歲,男,2.0
2025-01-23,尿液,陰性,未檢出,無,40-49歲,男,0.0
2025-04-22,尿液,陽性,安非他命,無,20-29歲,男,0.0
2025-10-04,血液,陽性,安非他命,一級,40-49歲,男,3.0
2025-04-24,血液,陰性,未檢出,無,50-59歲,男,0.0
2025-06-24,尿液,陽性,未檢出,二級,30-39歲,男,2.0
2025-06-06,尿液,陰性,未檢出,二級,40-49歲,女,2.0
2025-01-24,尿液,陰性,未檢出,無,60歲以上,男,0.0
2025-08-31,尿液,陰性,未檢出,無,50-59歲,男,0.0
2025-05-01,尿液,陰性,未檢出,無,19歲以下,男,0.0
2025-04-27,尿液,陽性,未檢出,無,60歲以上,男,0.0
2025-11-14,尿液,陰性,未檢出,二級,50-59歲,男,2.0
2025-04-21,尿液,陰性,未檢出,無,19歲以下,男,0.0
2025-05-09,尿液,陰性,未檢出,無,40-49歲,男,0.0
2025-12-12,尿液,陰性,未檢出,無,20-29歲,男,0.0
2025-08-02,尿液,陰性,未檢出,無,50-59歲,男,0.0
2025-05-05,尿液,陰性,未檢出,無,50-59歲,男,0.0
2025-05-02,尿液,陽性,未檢出,二級,60歲以上,男,2.0
2025-05-14,血液,陽性,未檢出,無,40-49歲,女,0.0
2025-04-20,尿液,陰性,未檢出,無,50-59歲,男,0.0
2025-11-10,尿液,陰性,未檢出,二級,60歲以上,男,2.0
2025-03-17,尿液,陽性,未檢出,二級,50-59歲,女,2.0
2025-05-19,尿液,陰性,未檢出,無,30-39歲,男,0.0
2025-03-27,尿液,陰性,未檢出,二級,50-59歲,男,2.0
2025-10-13,尿液,陰性,甲基安非他命,二級,30-39歲,男,2.0
2025-10-10,尿液,陰性,未檢出,無,40-49歲,男,0.0
2025-06-27,尿液,陰性,未檢出,無,50-59歲,男,0.0
2025-04-18,尿液,陰性,未檢出,無,30-39歲,男,0.0
2025-08-26,尿液,陰性,未檢出,無,50-59歲,男,0.0
2025-10-12,血液,陰性,未檢出,二級,50-59歲,男,2.0
2025-01-02,血液,陰性,未檢出,無,19歲以下,女,0.0
2025-01-07,尿液,陽性,未檢出,二級,30-39歲,男,2.0
2025-07-05,尿液,陰性,未檢出,無,40-49歲,男,0.0
2025-04-28,血液,陰性,未檢出,二級,30-39歲,男,2.0
2025-10-02,尿液,陰性,未檢出,無,50-59歲,男,0.0
2025-12-29,尿液,陰性,愷他命,無,30-39歲,男,0.0
2025-10-10,尿液,陰性,未檢出,無,30-39歲,女,0.0
2025-08-09,尿液,陰性,未檢出,無,20-29歲,女,0.0
2025-04-19,尿液,陰性,安非他命,二級,30-39歲,男,2.0
2025-10-17,尿液,陰性,未檢出,無,40-49歲,男,0.0
2025-09-14,尿液,陰性,未檢出,無,50-59歲,男,0.0
2025-10-31,尿液,陰性,未檢出,無,50-59歲,男,0.0
2025-06-06,血液,陰性,未檢出,無,30-39歲,男,0.0
2025-02-26,尿液,陽性,安非他命,二級,50-59歲,男,2.0
2025-03-15,尿液,陽性,未檢出,二級,30-39歲,男,2.0
2025-05-17,尿液,陰性,未檢出,無,60歲以上,男,0.0
2025-01-20,尿液,陰性,未檢出,無,50-59歲,女,0.0
2025-03-13,尿液,陰性,未檢出,無,40-49歲,男,0.0
2025-10-31,尿液,陰性,未檢出,無,40-49歲,男,0.0
2025-05-25,尿液,陰性,未檢出,無,40-49歲,男,0.0
2025-01-02,尿液,陰性,未檢出,無,30-39歲,男,0.0
2025-09-30,尿液,陰性,未檢出,無,50-59歲,男,0.0
2025-06-04,尿液,陰性,甲基安非他命,無,50-59歲,男,0.0
2025-08-05,尿液,陽性,安非他命,二級,40-49歲,男,2.0
2025-09-29,尿液,陰性,未檢出,無,40-49歲,女,0.0
2025-10-02,血液,陰性,未檢出,無,19歲以下,男,0.0
2025-04-17,尿液,陰性,未檢出,二級,40-49歲,男,2.0
2025-09-18,尿液,陰性,未檢出,無,50-59歲,男,0.0
2025-06-29,尿液,陰性,未檢出,無,60歲以上,男,0.0
2025-11-27,尿液,陰性,未檢出,無,40-49歲,男,0.0
2025-11-13,尿液,陰性,未檢出,無,40-49歲,男,0.0
2025-02-08,尿液,陰性,未檢出,無,50-59歲,男,0.0
2025-11-13,尿液,陽性,未檢出,無,60歲以上,男,0.0
2025-06-07,尿液,陰性,未檢出,無,50-59歲,男,0.0
2025-01-31,尿液,陰性,嗎啡,二級,50-59歲,男,2.0
2025-01-20,尿液,陰性,未檢出,無,20-29歲,男,0.0
2025-09-27,尿液,陽性,未檢出,無,30-39歲,男,0.0
2025-12-23,尿液,陰性,未檢出,無,30-39歲,男,0.0
2025-10-10,血液,陰性,未檢出,無,60歲以上,女,0.0
2025-02-18,尿液,陰性,未檢出,無,40-49歲,女,0.0
2025-08-31,尿液,陰性,甲基安非他命,二級,50-59歲,男,2.0
2025-08-19,尿液,陽性,未檢出,無,50-59歲,男,0.0
2025-11-25,尿液,陰性,未檢出,無,30-39歲,男,0.0
2025-05-28,尿液,陽性,未檢出,無,30-39歲,男,0.0
2025-10-13,尿液,陽性,嗎啡,二級,30-39歲,男,2.0
2025-12-21,尿液,陽性,未檢出,無,30-39歲,男,0.0
2025-03-11,血液,陰性,未檢出,無,50-59歲,男,0.0
2025-07-08,尿液,陰性,未檢出,二級,40-49歲,男,2.0
2025-03-24,血液,陰性,未檢出,無,40-49歲,男,0.0
2025-05-18,尿液,陽性,愷他命,二級,40-49歲,男,2.0
2025-11-11,尿液,陰性,安非他命,無,50-59歲,男,0.0
2025-09-17,尿液,陰性,未檢出,無,30-39歲,男,0.0
2025-03-07,尿液,陰性,未檢出,三級,30-39歲,男,1.0
2025-10-14,尿液,陽性,甲基安非他命,二級,60歲以上,男,2.0
2025-01-17,尿液,陰性,未檢出,無,40-49歲,男,0.0
2025-04-17,尿液,陰性,愷他命,無,20-29歲,男,0.0
2025-09-19,尿液,陽性,嗎啡,無,20-29歲,女,0.0
2025-06-06,尿液,陰性,未檢出,無,60歲以上,男,0.0
2025-06-05,血液,陽性,安非他命,二級,40-49歲,男,2.0
2025-06-22,尿液,陽性,未檢出,無,40-49歲,男,0.0
2025-01-18,尿液,陰性,未檢出,無,60歲以上,女,0.0
2025-06-02,尿液,陽性,安非他命,無,40-49歲,男,0.0
2025-08-27,尿液,陰性,未檢出,無,40-49歲,男,0.0
2025-03-14,尿液,陽性,未檢出,無,60歲以上,男,0.0
2025-11-04,尿液,陰性,未檢出,二級,20-29歲,男,2.0
2025-07-28,尿液,陰性,嗎啡,一級,40-49歲,男,3.0
2025-11-08,尿液,陰性,未檢出,二級,30-39歲,男,2.0
2025-05-02,尿液,陰性,未檢出,無,30-39歲,男,0.0
2025-07-24,尿液,陽性,嗎啡,無,50-59歲,男,0.0
2025-02-20,血液,陽性,未檢出,一級,19歲以下,男,3.0
2025-04-18,尿液,陰性,未檢出,無,40-49歲,男,0.0
2025-02-10,尿液,陰性,未檢出,無,30-39歲,男,0.0
2025-12-13,尿液,陰性,未檢出,無,50-59歲,男,0.0
2025-07-10,尿液,陰性,未檢出,無,60歲以上,男,0.0
2025-06-24,尿液,陰性,甲基安非他命,二級,30-39歲,男,2.0
2025-12-17,尿液,陰性,甲基安非他命,二級,40-49歲,男,2.0
2025-04-06,尿液,陰性,安非他命,無,60歲以上,男,0.0
2025-06-12,尿液,陰性,未檢出,無,40-49歲,男,0.0
2025-03-06,尿液,陰性,未檢出,無,40-49歲,男,0.0
2025-11-30,尿液,陽性,未檢出,無,30-39歲,男,0.0
2025-03-05,尿液,陽性,安非他命,三級,50-59歲,男,1.0
2025-05-12,尿液,陰性,未檢出,無,40-49歲,男,0.0
2025-02-19,尿液,陰性,未檢出,無,40-49歲,男,0.0
2025-06-03,尿液,陰性,未檢出,無,50-59歲,男,0.0
2025-11-25,尿液,陰性,未檢出,無,30-39歲,男,0.0
2025-02-10,尿液,陰性,未檢出,無,40-49歲,男,0.0
2025-06-04,尿液,陰性,未檢出,無,50-59歲,男,0.0
2025-04-25,尿液,陽性,甲基安非他命,一級,50-59歲,女,3.0
2025-10-26,尿液,陰性,未檢出,無,60歲以上,男,0.0
2025-03-23,尿液,陰性,未檢出,無,40-49歲,男,0.0
2025-10-26,尿液,陰性,未檢出,無,40-49歲,女,0.0
2025-11-02,尿液,陰性,未檢出,無,50-59歲,男,0.0
2025-12-03,尿液,陰性,未檢出,無,50-59歲,男,0.0
2025-09-10,尿液,陽性,未檢出,無,50-59歲,男,0.0
2025-08-24,尿液,陰性,未檢出,無,40-49歲,男,0.0
2025-05-28,尿液,陰性,未檢出,二級,50-59歲,男,2.0
2025-10-04,尿液,陽性,嗎啡,三級,30-39歲,男,1.0
2025-03-15,尿液,陰性,未檢出,無,40-49歲,男,0.0
2025-04-28,尿液,陰性,未檢出,二級,40-49歲,男,2.0
2025-09-28,尿液,陰性,未檢出,無,60歲以上,男,0.0
2025-07-05,尿液,陽性,未檢出,無,50-59歲,男,0.0
2025-04-04,尿液,陰性,未檢出,無,40-49歲,女,0.0
2025-10-12,尿液,陰性,未檢出,無,30-39歲,女,0.0
2025-08-03,血液,陰性,未檢出,無,60歲以上,男,0.0
2025-04-12,尿液,陰性,未檢出,無,30-39歲,男,0.0
2025-06-19,尿液,陰性,嗎啡,無,40-49歲,女,0.0
2025-01-18,尿液,陽性,甲基安非他命,無,30-39歲,男,0.0
2025-05-07,血液,陽性,未檢出,無,30-39歲,女,0.0
2025-05-27,血液,陰性,未檢出,二級,30-39歲,男,2.0
2025-06-23,尿液,陰性,未檢出,無,60歲以上,女,0.0
2025-11-05,尿液,陰性,未檢出,無,20-29歲,男,0.0
2025-02-13,尿液,陽性,安非他命,二級,30-39歲,男,2.0
2025-12-10,尿液,陰性,未檢出,無,30-39歲,男,0.0
2025-03-15,尿液,陰性,甲基安非他命,無,40-49歲,男,0.0
2025-01-06,尿液,陰性,未檢出,無,50-59歲,男,0.0
2025-10-19,尿液,陰性,未檢出,無,60歲以上,男,0.0
2025-05-12,尿液,陰性,未檢出,無,30-39歲,男,0.0
2025-12-23,尿液,陰性,未檢出,無,40-49歲,男,0.0
2025-01-04,尿液,陰性,未檢出,無,50-59歲,男,0.0
2025-02-04,尿液,陰性,安非他命,二級,60歲以上,女,2.0
2025-06-03,尿液,陰性,未檢出,無,30-39歲,男,0.0
2025-03-25,尿液,陰性,未檢出,無,60歲以上,男,0.0
2025-01-01,尿液,陽性,嗎啡,二級,50-59歲,男,2.0
2025-04-29,尿液,陽性,嗎啡,一級,40-49歲,男,3.0
2025-07-17,尿液,陰性,甲基安非他命,二級,40-49歲,男,2.0
2025-01-06,尿液,陰性,未檢出,無,20-29歲,男,0.0
2025-04-11,尿液,陰性,未檢出,二級,50-59歲,男,2.0
2025-10-14,尿液,陰性,未檢出,無,60歲以上,女,0.0
2025-05-01,血液,陰性,未檢出,無,30-39歲,男,0.0
2025-12-31,尿液,陰性,未檢出,無,20-29歲,男,0.0
2025-02-19,血液,陰性,未檢出,無,40-49歲,男,0.0
2025-06-10,尿液,陰性,未檢出,二級,30-39歲,女,2.0
2025-09-14,尿液,陰性,安非他命,無,50-59歲,男,0.0
2025-03-09,尿液,陰性,未檢出,無,40-49歲,男,0.0
2025-06-19,尿液,陰性,安非他命,無,50-59歲,男,0.0
2025-04-13,尿液,陰性,安非他命,無,40-49歲,男,0.0
2025-01-06,尿液,陰性,未檢出,無,50-59歲,男,0.0
2025-06-27,尿液,陰性,嗎啡,二級,40-49歲,男,2.0
2025-08-22,尿液,陰性,未檢出,無,20-29歲,女,0.0
2025-10-08,尿液,陽性,未檢出,無,30-39歲,男,0.0
2025-11-01,血液,陰性,未檢出,無,40-49歲,男,0.0
2025-03-01,尿液,陰性,甲基安非他命,無,60歲以上,男,0.0
2025-01-06,尿液,陰性,未檢出,無,40-49歲,男,0.0
2025-06-04,尿液,陰性,未檢出,無,40-49歲,男,0.0
2025-06-06,尿液,陽性,未檢出,二級,40-49歲,男,2.0
2025-06-03,血液,陽性,未檢出,二級,19歲以下,女,2.0
2025-06-03,尿液,陰性,甲基安非他命,無,50-59歲,女,0.0
2025-09-13,尿液,陰性,甲基安非他命,無,50-59歲,男,0.0
2025-05-23,尿液,陰性,甲基安非他命,無,40-49歲,女,0.0
2025-09-27,尿液,陽性,甲基安非他命,無,30-39歲,男,0.0
2025-02-01,尿液,陰性,未檢出,無,30-39歲,男,0.0
2025-12-15,尿液,陰性,未檢出,無,50-59歲,男,0.0
2025-12-08,尿液,陰性,未檢出,無,50-59歲,男,0.0
2025-10-25,尿液,陰性,安非他命,無,50-59歲,男,0.0
2025-12-21,尿液,陰性,安非他命,二級,40-49歲,男,2.0
2025-03-18,尿液,陰性,未檢出,無,50-59歲,男,0.0
2025-09-11,尿液,陽性,未檢出,二級,30-39歲,男,2.0
2025-05-27,尿液,陰性,未檢出,無,40-49歲,男,0.0
2025-07-22,尿液,陰性,未檢出,無,50-59歲,女,0.0
2025-07-29,血液,陰性,未檢出,無,50-59歲,男,0.0
2025-01-04,尿液,陽性,未檢出,無,30-39歲,女,0.0
2025-02-16,尿液,陰性,未檢出,無,40-49歲,女,0.0
2025-03-02,尿液,陽性,未檢出,無,40-49歲,男,0.0
2025-04-29,尿液,陰性,未檢出,無,50-59歲,男,0.0
2025-10-13,尿液,陰性,未檢出,一級,40-49歲,男,3.0
2025-03-26,尿液,陰性,未檢出,無,40-49歲,女,0.0
2025-02-07,尿液,陽性,安非他命,二級,40-49歲,男,2.0
2025-06-08,尿液,陰性,甲基安非他命,三級,20-29歲,男,1.0
2025-08-02,尿液,陰性,未檢出,無,50-59歲,男,0.0
2025-02-20,尿液,陰性,未檢出,無,50-59歲,男,0.0
2025-12-11,尿液,陽性,未檢出,無,30-39歲,男,0.0
2025-08-24,尿液,陰性,未檢出,無,40-49歲,女,0.0
2025-07-25,尿液,陽性,未檢出,無,19歲以下,男,0.0
2025-07-24,尿液,陰性,未檢出,無,20-29歲,男,0.0
2025-08-13,尿液,陰性,甲基安非他命,無,40-49歲,男,0.0
2025-05-30,血液,陰性,未檢出,無,50-59歲,男,0.0
2025-05-22,尿液,陰性,未檢出,無,40-49歲,男,0.0
2025-12-25,尿液,陽性,安非他命,無,40-49歲,男,0.0
2025-07-08,尿液,陰性,未檢出,無,50-59歲,男,0.0
2025-07-22,尿液,陽性,未檢出,一級,50-59歲,男,3.0
2025-09-19,尿液,陰性,未檢出,無,50-59歲,女,0.0
2025-02-09,尿液,陰性,未檢出,無,50-59歲,男,0.0
2025-06-14,尿液,陰性,未檢出,二級,50-59歲,男,2.0
2025-06-29,尿液,陽性,未檢出,無,60歲以上,男,0.0
2025-07-30,尿液,陽性,未檢出,無,20-29歲,男,0.0
2025-05-13,尿液,陰性,未檢出,無,20-29歲,男,0.0
2025-03-26,尿液,陰性,未檢出,無,40-49歲,男,0.0
2025-07-31,尿液,陰性,未檢出,無,50-59歲,男,0.0
2025-07-24,尿液,陽性,甲基安非他命,無,60歲以上,男,0.0
2025-05-14,尿液,陰性,未檢出,無,50-59歲,男,0.0
2025-01-05,尿液,陽性,安非他命,無,30-39歲,男,0.0
2025-12-27,尿液,陰性,未檢出,二級,50-59歲,女,2.0
2025-08-08,尿液,陰性,未檢出,無,40-49歲,男,0.0
2025-02-16,尿液,陽性,未檢出,無,50-59歲,男,0.0
2025-11-20,尿液,陽性,愷他命,二級,40-49歲,男,2.0
2025-02-03,尿液,陰性,未檢出,無,60歲以上,男,0.0
2025-04-03,尿液,陽性,未檢出,二級,50-59歲,男,2.0
2025-12-31,尿液,陰性,未檢出,二級,60歲以上,男,2.0
2025-01-11,尿液,陰性,未檢出,無,30-39歲,男,0.0
2025-12-10,血液,陽性,甲基安非他命,二級,50-59歲,男,2.0
2025-11-28,尿液,陰性,未檢出,無,40-49歲,男,0.0
2025-12-14,血液,陽性,安非他命,二級,40-49歲,男,2.0
2025-10-22,尿液,陰性,未檢出,無,50-59歲,男,0.0
2025-06-06,尿液,陰性,未檢出,二級,50-59歲,男,2.0
2025-07-22,尿液,陰性,甲基安非他命,二級,50-59歲,男,2.0
2025-04-02,尿液,陰性,未檢出,無,40-49歲,女,0.0
2025-02-18,尿液,陰性,未檢出,無,30-39歲,女,0.0
2025-05-03,尿液,陰性,未檢出,無,40-49歲,女,0.0
2025-07-19,尿液,陽性,安非他命,無,30-39歲,男,0.0
2025-08-22,血液,陽性,甲基安非他命,二級,50-59歲,男,2.0
2025-11-22,尿液,陰性,未檢出,無,50-59歲,男,0.0
2025-05-08,尿液,陽性,甲基安非他命,無,30-39歲,男,0.0
2025-10-04,血液,陰性,未檢出,無,50-59歲,女,0.0
2025-03-08,尿液,陰性,未檢出,無,40-49歲,男,0.0
2025-02-04,尿液,陰性,未檢出,無,40-49歲,男,0.0
2025-09-22,血液,陰性,未檢出,無,30-39歲,男,0.0
2025-05-11,血液,陰性,未檢出,無,20-29歲,男,0.0
2025-04-25,尿液,陰性,未檢出,無,40-49歲,男,0.0
2025-11-23,尿液,陰性,未檢出,無,30-39歲,男,0.0
2025-10-18,尿液,陰性,甲基安非他命,二級,30-39歲,女,2.0
2025-12-12,尿液,陰性,未檢出,無,40-49歲,女,0.0
2025-02-13,尿液,陽性,安非他命,無,40-49歲,男,0.0
2025-03-28,血液,陰性,未檢出,無,50-59歲,男,0.0
2025-04-04,尿液,陽性,安非他命,二級,40-49歲,男,2.0
2025-03-27,尿液,陰性,甲基安非他命,無,19歲以下,男,0.0
2025-06-09,尿液,陰性,未檢出,無,60歲以上,男,0.0
2025-02-23,尿液,陽性,嗎啡,三級,40-49歲,男,1.0
2025-07-05,尿液,陰性,未檢出,無,40-49歲,女,0.0
2025-07-06,尿液,陽性,安非他命,三級,60歲以上,女,1.0
2025-04-27,尿液,陰性,未檢出,無,19歲以下,女,0.0
2025-06-07,尿液,陽性,甲基安非他命,無,40-49歲,男,0.0
2025-08-23,尿液,陰性,未檢出,無,40-49歲,男,0.0
2025-10-06,尿液,陽性,甲基安非他命,一級,50-59歲,男,3.0
2025-03-06,尿液,陽性,甲基安非他命,無,40-49歲,男,0.0
2025-05-20,尿液,陽性,未檢出,一級,20-29歲,男,3.0
2025-03-05,尿液,陰性,甲基安非他命,無,60歲以上,男,0.0
2025-10-05,尿液,陰性,未檢出,無,20-29歲,男,0.0
2025-10-21,血液,陰性,未檢出,無,40-49歲,男,0.0
2025-11-13,血液,陽性,未檢出,三級,40-49歲,男,1.0
2025-05-07,尿液,陽性,安非他命,無,40-49歲,男,0.0
2025-06-20,尿液,陰性,未檢出,無,19歲以下,男,0.0
2025-04-19,血液,陽性,愷他命,二級,40-49歲,男,2.0
2025-12-13,尿液,陽性,安非他命,三級,40-49歲,男,1.0
2025-11-27,尿液,陽性,甲基安非他命,二級,30-39歲,女,2.0
2025-11-10,尿液,陽性,未檢出,無,40-49歲,男,0.0
2025-08-08,尿液,陰性,未檢出,無,20-29歲,男,0.0
2025-09-03,尿液,陽性,愷他命,無,20-29歲,男,0.0
2025-12-23,尿液,陰性,未檢出,無,40-49歲,男,0.0
2025-06-14,尿液,陰性,未檢出,無,20-29歲,男,0.0
2025-05-18,血液,陰性,未檢出,無,60歲以上,男,0.0
2025-10-08,尿液,陰性,未檢出,無,50-59歲,男,0.0
2025-03-16,尿液,陰性,未檢出,無,40-49歲,男,0.0
2025-11-10,尿液,陰性,未檢出,無,30-39歲,男,0.0
2025-06-07,尿液,陰性,未檢出,無,50-59歲,女,0.0
2025-06-25,尿液,陰性,未檢出,無,30-39歲,男,0.0
2025-04-09,尿液,陽性,未檢出,無,50-59歲,男,0.0
2025-06-02,尿液,陽性,未檢出,無,20-29歲,男,0.0
2025-12-03,尿液,陰性,甲基安非他命,無,40-49歲,男,0.0
2025-08-21,血液,陽性,未檢出,無,60歲以上,男,0.0
2025-03-22,尿液,陰性,未檢出,無,50-59歲,男,0.0
2025-10-19,尿液,陰性,未檢出,無,60歲以上,男,0.0
2025-08-20,尿液,陽性,未檢出,二級,50-59歲,男,2.0
2025-07-20,尿液,陽性,未檢出,二級,19歲以下,男,2.0
2025-04-16,血液,陰性,未檢出,無,50-59歲,男,0.0
2025-07-15,尿液,陽性,未檢出,無,20-29歲,男,0.0
2025-12-07,尿液,陰性,未檢出,無,20-29歲,男,0.0
2025-01-25,尿液,陽性,未檢出,二級,40-49歲,男,2.0
2025-09-14,尿液,陰性,未檢出,無,50-59歲,男,0.0
2025-07-24,尿液,陰性,未檢出,無,40-49歲,女,0.0
2025-12-12,血液,陰性,安非他命,無,40-49歲,男,0.0
2025-04-26,尿液,陰性,甲基安非他命,二級,19歲以下,男,2.0
2025-08-26,血液,陽性,未檢出,三級,60歲以上,女,1.0
2025-01-09,尿液,陰性,未檢出,無,40-49歲,女,0.0
2025-07-09,尿液,陽性,未檢出,無,40-49歲,男,0.0
2025-06-30,尿液,陽性,未檢出,無,50-59歲,男,0.0
2025-02-11,尿液,陰性,未檢出,一級,40-49歲,女,3.0
2025-08-23,血液,陽性,未檢出,三級,60歲以上,男,1.0
2025-08-05,尿液,陰性,安非他命,無,50-59歲,男,0.0
2025-03-13,血液,陰性,未檢出,無,40-49歲,男,0.0
2025-06-14,尿液,陽性,未檢出,無,40-49歲,男,0.0
2025-04-27,血液,陰性,未檢出,無,60歲以上,男,0.0
2025-09-20,尿液,陰性,未檢出,無,40-49歲,男,0.0
2025-02-09,血液,陰性,未檢出,二級,50-59歲,男,2.0
2025-03-29,血液,陽性,未檢出,無,50-59歲,男,0.0
2025-08-01,尿液,陽性,嗎啡,二級,40-49歲,男,2.0
2025-02-21,血液,陰性,未檢出,無,30-39歲,男,0.0
2025-04-24,尿液,陰性,未檢出,無,30-39歲,女,0.0
2025-08-15,尿液,陰性,未檢出,無,20-29歲,女,0.0
2025-06-17,尿液,陽性,未檢出,一級,20-29歲,女,3.0
2025-08-04,尿液,陽性,未檢出,無,50-59歲,女,0.0
2025-10-18,尿液,陰性,未檢出,無,40-49歲,男,0.0
2025-01-12,尿液,陰性,未檢出,無,60歲以上,男,0.0
2025-07-30,尿液,陽性,未檢出,無,40-49歲,女,0.0
2025-01-13,尿液,陰性,甲基安非他命,二級,40-49歲,男,2.0
2025-07-08,尿液,陰性,未檢出,無,20-29歲,男,0.0
2025-10-14,尿液,陰性,未檢出,無,20-29歲,男,0.0
2025-09-05,尿液,陰性,未檢出,無,40-49歲,男,0.0
2025-11-20,尿液,陰性,未檢出,無,30-39歲,男,0.0
2025-01-22,尿液,陰性,未檢出,無,30-39歲,女,0.0
2025-02-28,尿液,陰性,未檢出,無,30-39歲,男,0.0
2025-10-26,血液,陰性,安非他命,無,30-39歲,男,0.0
2025-04-15,尿液,陰性,未檢出,無,40-49歲,男,0.0
2025-05-05,尿液,陰性,安非他命,無,20-29歲,男,0.0
2025-03-06,血液,陰性,未檢出,無,40-49歲,女,0.0
2025-11-29,尿液,陰性,未檢出,無,40-49歲,男,0.0
2025-10-17,尿液,陰性,未檢出,無,20-29歲,男,0.0
2025-08-05,尿液,陰性,未檢出,無,60歲以上,男,0.0
2025-03-03,尿液,陰性,未檢出,無,30-39歲,男,0.0
2025-02-23,尿液,陽性,未檢出,無,50-59歲,男,0.0
2025-05-10,尿液,陰性,未檢出,無,40-49歲,男,0.0
2025-07-06,尿液,陰性,未檢出,無,40-49歲,男,0.0
2025-02-24,尿液,陽性,愷他命,無,40-49歲,男,0.0
2025-04-09,尿液,陰性,愷他命,無,30-39歲,男,0.0
2025-02-21,尿液,陽性,愷他命,無,50-59歲,男,0.0
2025-04-25,血液,陰性,未檢出,無,30-39歲,男,0.0
2025-07-23,尿液,陽性,未檢出,無,50-59歲,女,0.0
2025-12-06,尿液,陰性,安非他命,無,40-49歲,女,0.0
2025-03-14,尿液,陽性,安非他命,無,40-49歲,男,0.0
2025-01-14,尿液,陽性,安非他命,無,30-39歲,男,0.0
2025-08-20,尿液,陰性,未檢出,無,40-49歲,男,0.0
2025-07-05,尿液,陰性,未檢出,無,40-49歲,男,0.0
2025-12-29,尿液,陰性,未檢出,無,60歲以上,男,0.0
2025-03-26,尿液,陽性,甲基安非他命,二級,60歲以上,男,2.0
2025-02-27,尿液,陽性,未檢出,無,30-39歲,男,0.0
2025-06-04,尿液,陰性,未檢出,無,40-49歲,女,0.0
2025-03-27,尿液,陽性,安非他命,二級,30-39歲,男,2.0
2025-08-25,尿液,陰性,未檢出,無,30-39歲,男,0.0
2025-10-27,尿液,陰性,未檢出,無,50-59歲,男,0.0
2025-01-01,血液,陰性,未檢出,無,60歲以上,男,0.0
2025-01-09,尿液,陰性,未檢出,無,30-39歲,男,0.0
2025-12-23,尿液,陰性,未檢出,無,40-49歲,女,0.0
2025-01-25,尿液,陰性,未檢出,無,40-49歲,男,0.0
2025-12-17,尿液,陰性,未檢出,無,40-49歲,男,0.0
2025-06-11,尿液,陰性,未檢出,無,60歲以上,男,0.0
2025-05-16,尿液,陰性,未檢出,二級,40-49歲,男,2.0
2025-04-02,尿液,陰性,未檢出,無,50-59歲,男,0.0
2025-06-13,尿液,陰性,未檢出,無,40-49歲,男,0.0
2025-02-05,尿液,陰性,未檢出,無,50-59歲,男,0.0
2025-02-07,尿液,陰性,甲基安非他命,三級,50-59歲,男,1.0
2025-12-31,尿液,陰性,未檢出,無,50-59歲,男,0.0
2025-09-19,尿液,陰性,未檢出,無,50-59歲,男,0.0
2025-07-06,血液,陰性,未檢出,無,40-49歲,男,0.0
2025-09-12,尿液,陰性,未檢出,無,30-39歲,男,0.0
2025-10-02,尿液,陰性,甲基安非他命,二級,50-59歲,男,2.0
2025-04-25,尿液,陰性,安非他命,無,50-59歲,男,0.0
2025-08-10,尿液,陰性,甲基安非他命,二級,40-49歲,男,2.0
2025-09-14,尿液,陽性,愷他命,三級,30-39歲,男,1.0
2025-03-30,尿液,陰性,未檢出,一級,30-39歲,男,3.0
2025-09-11,尿液,陰性,未檢出,無,30-39歲,男,0.0
2025-11-04,尿液,陽性,未檢出,一級,50-59歲,男,3.0
2025-07-03,尿液,陰性,安非他命,無,50-59歲,男,0.0
2025-06-24,血液,陰性,未檢出,無,40-49歲,男,0.0
2025-08-27,尿液,陰性,未檢出,二級,40-49歲,男,2.0
2025-12-10,尿液,陰性,未檢出,二級,20-29歲,男,2.0
2025-12-29,尿液,陰性,未檢出,無,40-49歲,男,0.0
2025-07-04,尿液,陰性,未檢出,無,20-29歲,男,0.0
2025-12-06,血液,陰性,未檢出,無,50-59歲,男,0.0
2025-07-01,尿液,陽性,未檢出,無,50-59歲,男,0.0
2025-01-26,尿液,陰性,未檢出,無,50-59歲,男,0.0
2025-07-18,尿液,陰性,未檢出,無,30-39歲,男,0.0
2025-01-12,尿液,陰性,未檢出,無,40-49歲,男,0.0
2025-01-15,尿液,陰性,未檢出,無,50-59歲,男,0.0
2025-11-17,尿液,陰性,未檢出,無,40-49歲,男,0.0
2025-07-07,尿液,陰性,未檢出,無,40-49歲,男,0.0
2025-06-20,尿液,陰性,未檢出,無,40-49歲,男,0.0
2025-04-22,尿液,陽性,未檢出,無,30-39歲,男,0.0
2025-10-16,尿液,陰性,未檢出,無,30-39歲,男,0.0
2025-09-02,血液,陰性,未檢出,無,50-59歲,男,0.0
2025-12-27,尿液,陰性,未檢出,無,40-49歲,男,0.0
2025-08-25,尿液,陰性,未檢出,無,30-39歲,男,0.0
2025-09-19,尿液,陰性,未檢出,無,60歲以上,男,0.0
2025-04-17,尿液,陰性,未檢出,無,40-49歲,男,0.0
2025-06-04,尿液,陽性,未檢出,無,40-49歲,男,0.0
2025-11-27,尿液,陰性,未檢出,無,50-59歲,男,0.0
2025-08-31,尿液,陽性,甲基安非他命,無,30-39歲,男,0.0
2025-02-03,尿液,陰性,未檢出,無,50-59歲,男,0.0
2025-10-25,尿液,陰性,未檢出,無,60歲以上,男,0.0
2025-09-21,尿液,陰性,未檢出,無,30-39歲,男,0.0
2025-03-19,尿液,陰性,未檢出,二級,40-49歲,男,2.0
2025-05-04,尿液,陰性,未檢出,無,30-39歲,男,0.0
2025-07-05,尿液,陰性,未檢出,無,50-59歲,男,0.0
2025-04-21,尿液,陰性,未檢出,無,40-49歲,男,0.0
2025-05-22,尿液,陰性,未檢出,無,50-59歲,男,0.0
2025-07-15,尿液,陰性,未檢出,無,40-49歲,男,0.0
2025-05-08,尿液,陰性,未檢出,無,50-59歲,男,0.0
2025-08-31,尿液,陰性,安非他命,無,40-49歲,男,0.0
2025-01-28,尿液,陰性,未檢出,二級,30-39歲,男,2.0
2025-01-18,尿液,陰性,未檢出,無,40-49歲,男,0.0
2025-04-21,尿液,陽性,未檢出,二級,30-39歲,女,2.0
2025-06-12,尿液,陰性,未檢出,無,50-59歲,男,0.0
2025-04-03,尿液,陰性,未檢出,無,60歲以上,男,0.0
2025-03-15,尿液,陰性,未檢出,二級,50-59歲,男,2.0
2025-11-19,尿液,陰性,未檢出,無,20-29歲,男,0.0
2025-08-21,尿液,陰性,安非他命,二級,40-49歲,男,2.0
2025-09-02,尿液,陰性,未檢出,無,30-39歲,男,0.0
2025-11-25,尿液,陰性,未檢出,無,40-49歲,男,0.0
2025-04-26,尿液,陽性,嗎啡,一級,20-29歲,女,3.0
2025-06-12,尿液,陰性,未檢出,無,40-49歲,男,0.0
2025-06-02,尿液,陰性,未檢出,二級,30-39歲,男,2.0
2025-02-23,尿液,陰性,安非他命,無,30-39歲,女,0.0
2025-08-01,尿液,陽性,未檢出,無,40-49歲,男,0.0
2025-01-02,尿液,陰性,甲基安非他命,二級,50-59歲,男,2.0
2025-07-15,尿液,陰性,未檢出,無,40-49歲,男,0.0
2025-03-31,尿液,陰性,未檢出,無,50-59歲,女,0.0
2025-11-10,尿液,陽性,未檢出,無,30-39歲,男,0.0
2025-09-20,尿液,陰性,未檢出,無,19歲以下,女,0.0
2025-08-03,尿液,陽性,未檢出,無,50-59歲,男,0.0
2025-04-11,尿液,陰性,未檢出,無,60歲以上,女,0.0
2025-12-17,尿液,陰性,未檢出,無,40-49歲,男,0.0
2025-07-22,尿液,陰性,未檢出,無,19歲以下,男,0.0
2025-05-14,尿液,陰性,安非他命,二級,60歲以上,男,2.0
2025-04-25,尿液,陰性,未檢出,無,40-49歲,男,0.0
2025-07-25,尿液,陰性,未檢出,無,40-49歲,男,0.0
2025-12-08,血液,陽性,甲基安非他命,二級,50-59歲,男,2.0
2025-01-15,尿液,陽性,未檢出,二級,50-59歲,男,2.0
2025-06-11,尿液,陰性,未檢出,無,30-39歲,男,0.0
2025-06-25,血液,陽性,未檢出,無,30-39歲,男,0.0
2025-04-09,尿液,陰性,未檢出,無,40-49歲,男,0.0
2025-10-22,尿液,陰性,未檢出,無,30-39歲,男,0.0
2025-12-31,尿液,陰性,未檢出,無,30-39歲,女,0.0
2025-06-08,尿液,陰性,甲基安非他命,無,40-49歲,女,0.0
2025-11-24,尿液,陰性,未檢出,無,40-49歲,男,0.0
2025-10-28,尿液,陰性,未檢出,無,20-29歲,男,0.0
2025-12-30,尿液,陰性,未檢出,無,40-49歲,男,0.0
2025-12-31,尿液,陰性,未檢出,無,40-49歲,女,0.0
2025-12-03,尿液,陰性,安非他命,二級,40-49歲,男,2.0
2025-07-02,尿液,陽性,甲基安非他命,三級,60歲以上,女,1.0
2025-08-16,尿液,陽性,安非他命,無,30-39歲,男,0.0
2025-02-24,尿液,陰性,未檢出,無,50-59歲,男,0.0
2025-09-06,尿液,陰性,未檢出,無,30-39歲,男,0.0
2025-10-12,尿液,陰性,未檢出,無,30-39歲,男,0.0
2025-06-02,尿液,陰性,未檢出,無,40-49歲,男,0.0
2025-05-16,尿液,陰性,未檢出,無,40-49歲,男,0.0
2025-08-20,尿液,陽性,甲基安非他命,無,50-59歲,男,0.0
2025-02-25,血液,陰性,未檢出,無,60歲以上,男,0.0
2025-11-02,尿液,陰性,未檢出,無,40-49歲,男,0.0
2025-04-11,尿液,陰性,未檢出,無,40-49歲,男,0.0
2025-07-07,血液,陰性,安非他命,二級,30-39歲,男,2.0
2025-12-17,尿液,陽性,未檢出,無,30-39歲,男,0.0
2025-03-07,尿液,陰性,愷他命,一級,40-49歲,男,3.0
2025-07-15,尿液,陰性,未檢出,無,50-59歲,男,0.0
2025-02-08,尿液,陽性,未檢出,無,60歲以上,男,0.0
2025-12-31,尿液,陽性,安非他命,二級,50-59歲,男,2.0
2025-12-17,尿液,陰性,未檢出,無,30-39歲,男,0.0
2025-07-24,尿液,陰性,愷他命,無,50-59歲,男,0.0
2025-11-14,尿液,陰性,甲基安非他命,一級,60歲以上,男,3.0
2025-03-15,尿液,陰性,未檢出,無,19歲以下,男,0.0
2025-01-16,尿液,陰性,甲基安非他命,二級,40-49歲,男,2.0
2025-08-27,尿液,陰性,未檢出,無,40-49歲,男,0.0
2025-10-27,血液,陰性,未檢出,無,20-29歲,男,0.0
2025-08-11,尿液,陰性,甲基安非他命,二級,50-59歲,女,2.0
2025-06-08,血液,陽性,安非他命,三級,50-59歲,女,1.0
2025-07-22,尿液,陰性,未檢出,無,50-59歲,男,0.0
2025-02-15,尿液,陽性,甲基安非他命,無,60歲以上,女,0.0
2025-04-21,尿液,陰性,未檢出,無,30-39歲,男,0.0
2025-06-28,尿液,陰性,未檢出,無,40-49歲,女,0.0
2025-01-18,尿液,陽性,安非他命,無,40-49歲,男,0.0
2025-03-20,尿液,陰性,未檢出,無,30-39歲,男,0.0
2025-10-18,尿液,陰性,安非他命,無,50-59歲,男,0.0
2025-02-07,尿液,陽性,安非他命,一級,50-59歲,男,3.0
2025-05-20,尿液,陰性,未檢出,無,40-49歲,男,0.0
2025-07-12,尿液,陰性,未檢出,無,40-49歲,男,0.0
2025-06-26,尿液,陽性,未檢出,無,50-59歲,男,0.0
2025-09-10,尿液,陰性,甲基安非他命,無,40-49歲,男,0.0
2025-12-28,尿液,陰性,未檢出,無,40-49歲,男,0.0
2025-10-08,尿液,陽性,未檢出,無,40-49歲,男,0.0
2025-04-08,尿液,陰性,未檢出,無,50-59歲,男,0.0
2025-08-13,尿液,陰性,未檢出,無,50-59歲,女,0.0
2025-11-20,尿液,陰性,未檢出,無,20-29歲,女,0.0
2025-04-26,尿液,陽性,安非他命,無,19歲以下,男,0.0
2025-03-16,尿液,陽性,愷他命,二級,40-49歲,男,2.0
2025-11-16,尿液,陽性,未檢出,無,40-49歲,男,0.0
2025-02-25,尿液,陰性,未檢出,無,40-49歲,男,0.0
2025-10-24,尿液,陰性,未檢出,無,50-59歲,男,0.0
2025-10-13,尿液,陰性,未檢出,無,40-49歲,男,0.0
2025-12-23,尿液,陽性,嗎啡,三級,40-49歲,男,1.0
2025-06-29,尿液,陰性,未檢出,無,40-49歲,男,0.0
2025-07-03,尿液,陰性,未檢出,無,50-59歲,男,0.0
2025-02-24,尿液,陽性,未檢出,二級,20-29歲,男,2.0
2025-07-02,尿液,陰性,未檢出,無,40-49歲,男,0.0
2025-06-18,尿液,陰性,未檢出,無,40-49歲,男,0.0
2025-10-21,尿液,陽性,安非他命,無,60歲以上,男,0.0
2025-10-01,尿液,陰性,未檢出,無,40-49歲,女,0.0
2025-05-21,血液,陽性,未檢出,無,40-49歲,女,0.0
2025-05-10,尿液,陰性,未檢出,二級,60歲以上,男,2.0
2025-08-23,尿液,陰性,未檢出,無,60歲以上,男,0.0
2025-12-26,尿液,陰性,未檢出,無,60歲以上,男,0.0
2025-01-23,尿液,陽性,未檢出,二級,20-29歲,男,2.0
2025-08-02,尿液,陰性,未檢出,無,40-49歲,男,0.0
2025-10-10,尿液,陰性,未檢出,無,50-59歲,男,0.0
2025-05-13,尿液,陰性,未檢出,無,50-59歲,男,0.0
2025-03-15,尿液,陽性,愷他命,無,50-59歲,男,0.0
2025-05-05,尿液,陰性,未檢出,無,50-59歲,男,0.0
2025-10-10,尿液,陰性,未檢出,無,50-59歲,男,0.0
2025-05-05,尿液,陰性,未檢出,無,30-39歲,男,0.0
2025-05-04,尿液,陰性,未檢出,無,30-39歲,男,0.0
2025-03-05,尿液,陰性,未檢出,無,40-49歲,男,0.0
2025-06-13,尿液,陰性,未檢出,無,60歲以上,男,0.0
2025-05-23,尿液,陰性,未檢出,無,50-59歲,男,0.0
2025-11-06,血液,陰性,未檢出,無,30-39歲,男,0.0
2025-01-23,尿液,陽性,未檢出,無,30-39歲,男,0.0
2025-11-16,尿液,陰性,未檢出,無,30-39歲,男,0.0
2025-04-17,尿液,陰性,未檢出,無,50-59歲,男,0.0
2025-07-07,尿液,陰性,未檢出,無,40-49歲,男,0.0
2025-05-30,尿液,陽性,未檢出,無,60歲以上,男,0.0
2025-02-01,尿液,陰性,未檢出,無,40-49歲,男,0.0
2025-10-31,尿液,陰性,安非他命,二級,20-29歲,男,2.0
2025-05-18,尿液,陽性,未檢出,無,40-49歲,男,0.0
2025-11-03,尿液,陰性,安非他命,無,60歲以上,男,0.0
2025-11-09,尿液,陽性,未檢出,無,30-39歲,男,0.0
2025-04-07,尿液,陰性,未檢出,無,19歲以下,男,0.0
2025-04-08,尿液,陰性,未檢出,無,40-49歲,男,0.0
2025-08-11,血液,陰性,未檢出,無,40-49歲,男,0.0
2025-07-29,尿液,陰性,安非他命,無,30-39歲,男,0.0
2025-02-20,尿液,陰性,未檢出,無,50-59歲,男,0.0
2025-05-14,尿液,陽性,愷他命,三級,60歲以上,男,1.0
2025-04-04,尿液,陰性,未檢出,無,50-59歲,男,0.0
2025-05-06,尿液,陰性,未檢出,無,60歲以上,男,0.0
2025-03-03,尿液,陰性,未檢出,無,60歲以上,女,0.0
2025-11-13,尿液,陽性,愷他命,二級,40-49歲,男,2.0
2025-01-31,尿液,陰性,未檢出,無,19歲以下,男,0.0
2025-07-31,尿液,陰性,未檢出,無,30-39歲,男,0.0
2025-10-04,血液,陽性,未檢出,無,50-59歲,男,0.0
2025-11-11,尿液,陰性,未檢出,無,40-49歲,男,0.0
2025-04-30,尿液,陰性,未檢出,無,40-49歲,男,0.0
2025-03-20,尿液,陰性,愷他命,三級,60歲以上,男,1.0
2025-02-04,血液,陽性,未檢出,無,50-59歲,女,0.0
2025-06-12,尿液,陰性,未檢出,無,60歲以上,男,0.0
2025-03-15,尿液,陰性,安非他命,無,40-49歲,男,0.0
2025-11-23,尿液,陰性,未檢出,無,20-29歲,男,0.0
2025-10-18,血液,陰性,未檢出,無,40-49歲,男,0.0
2025-01-12,尿液,陰性,未檢出,無,30-39歲,男,0.0
2025-04-12,尿液,陰性,安非他命,無,50-59歲,男,0.0
2025-10-12,尿液,陰性,安非他命,無,19歲以下,男,0.0
2025-03-24,尿液,陰性,未檢出,二級,40-49歲,女,2.0
2025-09-07,血液,陰性,甲基安非他命,無,50-59歲,男,0.0
2025-02-17,尿液,陰性,未檢出,無,20-29歲,男,0.0
2025-02-11,尿液,陰性,愷他命,二級,30-39歲,男,2.0
2025-07-20,尿液,陰性,未檢出,二級,30-39歲,女,2.0
2025-03-25,尿液,陰性,未檢出,無,50-59歲,女,0.0
2025-03-29,尿液,陰性,未檢出,無,50-59歲,男,0.0
2025-12-03,尿液,陽性,安非他命,無,40-49歲,女,0.0
2025-08-05,尿液,陰性,未檢出,二級,50-59歲,男,2.0
2025-11-05,尿液,陰性,未檢出,無,40-49歲,男,0.0
2025-08-13,尿液,陰性,未檢出,無,30-39歲,男,0.0
2025-09-19,血液,陰性,未檢出,無,40-49歲,男,0.0
2025-03-14,血液,陰性,未檢出,無,60歲以上,男,0.0
2025-03-04,尿液,陰性,未檢出,無,40-49歲,男,0.0
2025-05-12,尿液,陰性,未檢出,無,40-49歲,男,0.0
2025-12-09,血液,陰性,未檢出,無,40-49歲,男,0.0
2025-10-22,尿液,陽性,未檢出,二級,50-59歲,女,2.0
2025-11-23,尿液,陰性,未檢出,無,30-39歲,男,0.0
2025-01-27,尿液,陰性,甲基安非他命,無,20-29歲,男,0.0
2025-08-23,尿液,陰性,未檢出,無,50-59歲,女,0.0
2025-03-11,尿液,陰性,未檢出,無,30-39歲,男,0.0
2025-09-17,尿液,陰性,未檢出,二級,50-59歲,男,2.0
2025-10-28,尿液,陽性,甲基安非他命,無,30-39歲,男,0.0
2025-09-30,血液,陽性,安非他命,二級,30-39歲,男,2.0
2025-12-19,尿液,陽性,甲基安非他命,無,60歲以上,男,0.0
2025-04-15,尿液,陰性,未檢出,無,20-29歲,男,0.0
2025-03-12,尿液,陰性,未檢出,無,30-39歲,男,0.0
2025-09-18,尿液,陰性,未檢出,二級,30-39歲,男,2.0
2025-12-23,尿液,陰性,未檢出,無,40-49歲,男,0.0
2025-05-22,尿液,陰性,未檢出,無,30-39歲,女,0.0
2025-01-25,尿液,陰性,未檢出,無,40-49歲,女,0.0
2025-11-08,尿液,陰性,未檢出,無,19歲以下,男,0.0
2025-08-08,尿液,陰性,未檢出,無,50-59歲,男,0.0
2025-09-17,尿液,陽性,甲基安非他命,二級,30-39歲,女,2.0
2025-11-01,尿液,陰性,安非他命,無,40-49歲,男,0.0
2025-08-29,血液,陰性,未檢出,無,40-49歲,男,0.0
2025-09-03,血液,陰性,未檢出,無,40-49歲,男,0.0
2025-04-18,尿液,陰性,未檢出,無,40-49歲,男,0.0
2025-10-11,尿液,陰性,未檢出,無,50-59歲,男,0.0
2025-03-31,尿液,陰性,未檢出,無,30-39歲,女,0.0
2025-06-11,尿液,陰性,未檢出,無,50-59歲,男,0.0
2025-08-10,尿液,陽性,未檢出,無,40-49歲,男,0.0
2025-03-07,尿液,陰性,甲基安非他命,無,50-59歲,男,0.0
2025-01-19,尿液,陰性,未檢出,無,30-39歲,男,0.0
2025-02-25,尿液,陽性,嗎啡,一級,40-49歲,男,3.0
2025-07-16,尿液,陰性,未檢出,無,40-49歲,男,0.0
2025-09-10,尿液,陽性,甲基安非他命,二級,40-49歲,男,2.0
2025-02-27,尿液,陰性,未檢出,無,40-49歲,男,0.0
2025-05-08,尿液,陽性,未檢出,三級,60歲以上,男,1.0
2025-12-08,尿液,陰性,未檢出,無,60歲以上,男,0.0
2025-11-18,尿液,陽性,安非他命,二級,40-49歲,男,2.0
2025-02-26,尿液,陽性,未檢出,二級,30-39歲,女,2.0
2025-07-29,尿液,陰性,未檢出,無,50-59歲,男,0.0
2025-01-19,尿液,陰性,安非他命,二級,40-49歲,女,2.0
2025-04-11,尿液,陰性,愷他命,無,50-59歲,女,0.0
2025-01-27,尿液,陰性,安非他命,無,60歲以上,男,0.0
2025-06-17,尿液,陰性,未檢出,無,19歲以下,男,0.0
2025-11-28,尿液,陰性,未檢出,無,40-49歲,男,0.0
2025-02-26,尿液,陰性,未檢出,二級,30-39歲,男,2.0
2025-04-21,血液,陽性,未檢出,無,60歲以上,男,0.0
2025-04-01,尿液,陰性,甲基安非他命,二級,40-49歲,男,2.0
2025-06-01,尿液,陰性,未檢出,無,30-39歲,男,0.0
2025-04-26,血液,陰性,未檢出,無,40-49歲,男,0.0
2025-05-03,尿液,陰性,未檢出,無,30-39歲,男,0.0
2025-01-15,尿液,陰性,嗎啡,三級,50-59歲,女,1.0
2025-09-23,尿液,陰性,未檢出,無,40-49歲,男,0.0
2025-09-23,尿液,陰性,甲基安非他命,無,50-59歲,男,0.0
2025-04-26,血液,陽性,嗎啡,一級,20-29歲,男,3.0
2025-12-03,尿液,陰性,未檢出,無,40-49歲,男,0.0
2025-12-16,尿液,陰性,未檢出,無,40-49歲,男,0.0
2025-10-23,血液,陰性,未檢出,二級,20-29歲,男,2.0
2025-04-16,尿液,陰性,未檢出,無,50-59歲,女,0.0
2025-07-05,尿液,陰性,未檢出,無,50-59歲,男,0.0
2025-03-02,尿液,陰性,安非他命,無,50-59歲,男,0.0
2025-12-14,尿液,陽性,甲基安非他命,二級,30-39歲,男,2.0
2025-08-13,尿液,陰性,未檢出,無,50-59歲,男,0.0
2025-10-14,尿液,陽性,甲基安非他命,無,40-49歲,男,0.0
2025-08-12,尿液,陰性,未檢出,無,30-39歲,男,0.0
2025-09-19,尿液,陰性,未檢出,無,50-59歲,男,0.0
2025-08-15,血液,陰性,未檢出,無,30-39歲,男,0.0
2025-03-29,尿液,陰性,未檢出,無,30-39歲,男,0.0
2025-06-04,尿液,陽性,未檢出,無,50-59歲,男,0.0
2025-06-11,尿液,陽性,未檢出,無,40-49歲,女,0.0
2025-11-18,尿液,陰性,未檢出,無,40-49歲,男,0.0
2025-10-27,尿液,陰性,未檢出,無,60歲以上,女,0.0
2025-05-06,尿液,陰性,未檢出,無,50-59歲,男,0.0
2025-01-28,尿液,陽性,未檢出,無,30-39歲,男,0.0
2025-06-21,尿液,陽性,安非他命,無,40-49歲,男,0.0
2025-10-23,尿液,陰性,未檢出,無,50-59歲,女,0.0
2025-10-12,尿液,陰性,未檢出,無,50-59歲,男,0.0
2025-04-20,尿液,陰性,未檢出,一級,40-49歲,男,3.0
2025-03-22,尿液,陽性,安非他命,無,19歲以下,男,0.0
2025-10-03,尿液,陽性,安非他命,一級,50-59歲,男,3.0
2025-06-11,尿液,陽性,安非他命,無,60歲以上,男,0.0
2025-04-06,尿液,陰性,未檢出,無,60歲以上,男,0.0
2025-09-01,尿液,陰性,安非他命,無,40-49歲,女,0.0
2025-08-11,尿液,陰性,未檢出,無,40-49歲,男,0.0
2025-07-05,血液,陰性,未檢出,無,30-39歲,男,0.0
2025-03-13,尿液,陽性,未檢出,二級,50-59歲,女,2.0
2025-12-13,尿液,陰性,未檢出,無,60歲以上,男,0.0
2025-02-26,血液,陽性,未檢出,無,20-29歲,女,0.0
2025-06-11,尿液,陽性,甲基安非他命,二級,40-49歲,男,2.0
2025-05-28,尿液,陽性,安非他命,二級,40-49歲,女,2.0
2025-09-07,尿液,陰性,未檢出,無,30-39歲,男,0.0
2025-04-29,尿液,陰性,未檢出,無,40-49歲,男,0.0
2025-01-02,尿液,陽性,甲基安非他命,無,20-29歲,男,0.0
2025-08-10,尿液,陰性,愷他命,一級,50-59歲,男,3.0
2025-08-17,尿液,陰性,未檢出,無,30-39歲,男,0.0
2025-05-28,尿液,陰性,甲基安非他命,二級,50-59歲,男,2.0
2025-03-08,尿液,陰性,未檢出,二級,20-29歲,女,2.0
2025-05-25,尿液,陽性,未檢出,二級,20-29歲,男,2.0
2025-01-03,尿液,陽性,甲基安非他命,無,40-49歲,男,0.0
2025-12-23,尿液,陽性,未檢出,無,50-59歲,男,0.0
2025-10-31,尿液,陰性,未檢出,二級,20-29歲,男,2.0
2025-08-20,尿液,陰性,未檢出,無,19歲以下,男,0.0
2025-05-07,尿液,陰性,安非他命,無,20-29歲,男,0.0
2025-08-10,尿液,陰性,未檢出,無,50-59歲,男,0.0
2025-06-18,尿液,陽性,愷他命,三級,20-29歲,男,1.0
2025-01-02,血液,陰性,未檢出,無,40-49歲,男,0.0
2025-10-13,尿液,陰性,未檢出,無,40-49歲,男,0.0
2025-02-07,尿液,陰性,未檢出,無,50-59歲,女,0.0
2025-02-07,尿液,陽性,未檢出,無,50-59歲,男,0.0
2025-06-20,尿液,陰性,未檢出,無,60歲以上,男,0.0
2025-09-24,尿液,陰性,未檢出,無,50-59歲,男,0.0
2025-08-13,尿液,陰性,未檢出,無,50-59歲,男,0.0
2025-06-25,尿液,陰性,未檢出,無,40-49歲,男,0.0
2025-12-23,尿液,陰性,未檢出,無,19歲以下,男,0.0
2025-04-22,血液,陰性,未檢出,無,40-49歲,男,0.0
2025-01-19,尿液,陰性,未檢出,無,60歲以上,男,0.0
2025-04-11,尿液,陰性,未檢出,無,60歲以上,男,0.0
2025-05-22,尿液,陰性,未檢出,無,50-59歲,男,0.0
2025-08-06,尿液,陰性,未檢出,二級,60歲以上,男,2.0
2025-10-02,尿液,陰性,未檢出,無,30-39歲,男,0.0
2025-09-23,尿液,陰性,安非他命,無,40-49歲,女,0.0
2025-02-16,尿液,陰性,甲基安非他命,二級,40-49歲,男,2.0
2025-09-15,尿液,陰性,未檢出,無,60歲以上,男,0.0
2025-12-31,尿液,陰性,甲基安非他命,無,19歲以下,男,0.0
2025-04-19,尿液,陰性,安非他命,無,40-49歲,男,0.0
2025-11-14,尿液,陰性,未檢出,無,40-49歲,男,0.0
2025-07-18,尿液,陰性,未檢出,無,30-39歲,男,0.0
2025-08-12,尿液,陽性,安非他命,二級,30-39歲,男,2.0
2025-06-24,尿液,陰性,未檢出,二級,50-59歲,男,2.0
2025-12-08,尿液,陰性,愷他命,三級,20-29歲,女,1.0
2025-11-03,尿液,陰性,未檢出,二級,40-49歲,女,2.0
2025-04-08,尿液,陽性,安非他命,無,50-59歲,男,0.0
2025-11-24,尿液,陰性,未檢出,無,20-29歲,女,0.0
2025-05-26,尿液,陰性,未檢出,無,50-59歲,男,0.0
2025-08-30,尿液,陰性,安非他命,二級,30-39歲,男,2.0
2025-08-05,尿液,陰性,安非他命,二級,40-49歲,男,2.0
2025-11-24,尿液,陽性,未檢出,二級,30-39歲,男,2.0
2025-01-05,尿液,陰性,未檢出,無,30-39歲,男,0.0
2025-02-10,尿液,陽性,愷他命,二級,40-49歲,男,2.0
2025-03-25,尿液,陰性,安非他命,無,40-49歲,男,0.0
2025-04-21,尿液,陽性,未檢出,無,60歲以上,男,0.0
2025-06-21,尿液,陰性,愷他命,無,40-49歲,男,0.0
2025-11-04,尿液,陰性,未檢出,無,40-49歲,男,0.0
2025-08-12,尿液,陰性,未檢出,無,30-39歲,女,0.0
2025-06-18,尿液,陽性,嗎啡,二級,50-59歲,男,2.0
2025-11-09,尿液,陰性,未檢出,一級,40-49歲,男,3.0
2025-11-23,尿液,陰性,未檢出,無,40-49歲,男,0.0
2025-10-18,血液,陰性,未檢出,二級,40-49歲,男,2.0
2025-04-27,尿液,陰性,未檢出,無,60歲以上,女,0.0
2025-10-25,尿液,陰性,甲基安非他命,二級,19歲以下,男,2.0
2025-03-21,尿液,陰性,未檢出,無,40-49歲,男,0.0
2025-05-04,尿液,陰性,未檢出,無,60歲以上,女,0.0
2025-12-09,尿液,陽性,未檢出,無,40-49歲,男,0.0
2025-10-17,尿液,陰性,未檢出,無,40-49歲,女,0.0
2025-06-13,尿液,陰性,嗎啡,無,40-49歲,男,0.0
2025-02-27,尿液,陰性,未檢出,無,30-39歲,男,0.0
2025-06-07,尿液,陰性,未檢出,無,40-49歲,女,0.0
2025-07-07,血液,陰性,未檢出,無,40-49歲,男,0.0
2025-09-03,尿液,陽性,未檢出,無,40-49歲,男,0.0
2025-10-31,尿液,陽性,愷他命,無,20-29歲,男,0.0
2025-03-23,尿液,陰性,未檢出,無,60歲以上,男,0.0
2025-01-24,尿液,陰性,愷他命,無,50-59歲,男,0.0
2025-12-29,尿液,陽性,未檢出,二級,30-39歲,男,2.0
2025-12-12,尿液,陰性,未檢出,二級,60歲以上,男,2.0
2025-05-18,血液,陰性,安非他命,二級,40-49歲,男,2.0
2025-11-24,尿液,陽性,未檢出,二級,30-39歲,女,2.0
2025-11-10,尿液,陰性,未檢出,二級,50-59歲,男,2.0
2025-08-07,尿液,陰性,未檢出,無,30-39歲,男,0.0
2025-10-02,尿液,陽性,未檢出,無,30-39歲,男,0.0
2025-01-11,尿液,陰性,未檢出,無,30-39歲,男,0.0
2025-11-25,尿液,陰性,未檢出,二級,30-39歲,男,2.0
2025-09-03,血液,陰性,未檢出,二級,40-49歲,男,2.0
2025-09-02,尿液,陽性,未檢出,無,40-49歲,男,0.0
2025-05-09,尿液,陰性,未檢出,無,50-59歲,男,0.0
2025-05-25,尿液,陽性,甲基安非他命,無,50-59歲,男,0.0
2025-02-10,尿液,陰性,未檢出,無,60歲以上,男,0.0
2025-09-26,尿液,陰性,未檢出,無,40-49歲,男,0.0
2025-07-19,尿液,陰性,未檢出,無,20-29歲,男,0.0
2025-10-15,尿液,陰性,甲基安非他命,無,40-49歲,男,0.0
2025-01-29,尿液,陰性,未檢出,無,60歲以上,男,0.0
2025-11-01,尿液,陰性,未檢出,無,30-39歲,女,0.0
2025-07-31,尿液,陽性,未檢出,無,60歲以上,男,0.0
2025-09-07,尿液,陰性,安非他命,無,60歲以上,男,0.0
2025-10-07,血液,陰性,未檢出,三級,50-59歲,男,1.0
2025-05-14,尿液,陰性,未檢出,無,30-39歲,女,0.0
2025-09-14,尿液,陰性,甲基安非他命,無,40-49歲,男,0.0
2025-09-09,尿液,陽性,未檢出,無,40-49歲,男,0.0
2025-06-25,尿液,陰性,安非他命,無,40-49歲,男,0.0
2025-06-09,尿液,陰性,愷他命,無,20-29歲,男,0.0
2025-03-20,尿液,陽性,甲基安非他命,無,50-59歲,女,0.0
2025-06-10,尿液,陰性,未檢出,無,20-29歲,男,0.0
2025-08-18,尿液,陰性,安非他命,無,60歲以上,男,0.0
2025-06-22,尿液,陰性,未檢出,無,60歲以上,男,0.0
2025-10-10,尿液,陰性,未檢出,無,20-29歲,男,0.0
2025-05-18,尿液,陰性,未檢出,無,20-29歲,男,0.0
2025-07-25,尿液,陽性,甲基安非他命,二級,30-39歲,女,2.0
2025-03-16,尿液,陽性,甲基安非他命,二級,40-49歲,男,2.0
2025-09-26,尿液,陰性,未檢出,無,50-59歲,男,0.0
2025-12-11,尿液,陰性,未檢出,無,40-49歲,女,0.0
2025-02-20,尿液,陽性,甲基安非他命,無,40-49歲,男,0.0
2025-09-21,尿液,陽性,嗎啡,無,40-49歲,男,0.0
2025-05-05,尿液,陰性,未檢出,無,50-59歲,男,0.0
2025-04-03,尿液,陽性,未檢出,二級,40-49歲,男,2.0
2025-07-12,尿液,陽性,未檢出,無,60歲以上,男,0.0
2025-07-30,尿液,陰性,安非他命,無,40-49歲,男,0.0
2025-05-09,尿液,陰性,未檢出,無,60歲以上,男,0.0
2025-04-07,尿液,陽性,嗎啡,三級,20-29歲,男,1.0
2025-04-26,尿液,陰性,未檢出,無,40-49歲,男,0.0
2025-07-12,尿液,陽性,甲基安非他命,二級,60歲以上,女,2.0
2025-10-10,尿液,陰性,未檢出,無,30-39歲,男,0.0
2025-11-20,尿液,陰性,未檢出,無,40-49歲,男,0.0
2025-08-31,尿液,陽性,愷他命,無,60歲以上,男,0.0
2025-08-10,尿液,陰性,甲基安非他命,二級,40-49歲,男,2.0
2025-11-23,尿液,陰性,未檢出,無,40-49歲,男,0.0
2025-08-14,尿液,陰性,未檢出,無,50-59歲,女,0.0
2025-11-27,尿液,陰性,愷他命,無,50-59歲,男,0.0
2025-06-20,尿液,陰性,未檢出,無,50-59歲,女,0.0
2025-02-07,尿液,陰性,甲基安非他命,無,50-59歲,男,0.0
2025-01-08,尿液,陰性,未檢出,無,30-39歲,男,0.0
2025-05-19,尿液,陰性,未檢出,無,40-49歲,男,0.0
2025-08-14,血液,陽性,未檢出,無,60歲以上,男,0.0
2025-06-06,尿液,陰性,安非他命,無,50-59歲,男,0.0
2025-02-06,尿液,陽性,愷他命,二級,30-39歲,男,2.0
2025-07-02,尿液,陽性,甲基安非他命,二級,50-59歲,女,2.0
2025-03-06,尿液,陰性,未檢出,無,40-49歲,女,0.0
2025-12-03,尿液,陽性,未檢出,無,50-59歲,男,0.0
2025-12-14,尿液,陰性,未檢出,無,20-29歲,女,0.0
2025-10-25,尿液,陽性,安非他命,二級,20-29歲,男,2.0
2025-08-05,尿液,陰性,甲基安非他命,無,50-59歲,男,0.0
2025-12-13,尿液,陰性,未檢出,無,20-29歲,男,0.0
2025-09-18,尿液,陽性,甲基安非他命,二級,40-49歲,男,2.0
2025-05-23,尿液,陰性,未檢出,無,50-59歲,男,0.0
2025-01-09,尿液,陽性,愷他命,二級,40-49歲,女,2.0
2025-07-05,尿液,陰性,未檢出,無,50-59歲,女,0.0
2025-11-29,尿液,陰性,未檢出,無,30-39歲,男,0.0
2025-10-15,尿液,陽性,安非他命,三級,30-39歲,男,1.0
2025-12-29,血液,陰性,未檢出,二級,40-49歲,男,2.0
2025-08-03,尿液,陰性,甲基安非他命,三級,40-49歲,男,1.0
2025-11-01,尿液,陰性,未檢出,二級,40-49歲,男,2.0
2025-05-22,尿液,陰性,未檢出,無,40-49歲,女,0.0
2025-05-11,尿液,陰性,未檢出,無,50-59歲,男,0.0
2025-01-21,尿液,陽性,甲基安非他命,三級,30-39歲,女,1.0
2025-10-07,尿液,陰性,未檢出,二級,50-59歲,男,2.0
2025-11-12,尿液,陰性,未檢出,無,40-49歲,男,0.0
2025-11-23,尿液,陰性,未檢出,無,30-39歲,女,0.0
2025-10-15,尿液,陰性,未檢出,無,40-49歲,男,0.0
2025-08-20,尿液,陰性,未檢出,無,40-49歲,男,0.0
2025-03-08,尿液,陰性,未檢出,無,50-59歲,男,0.0
2025-10-13,尿液,陰性,未檢出,無,20-29歲,男,0.0
2025-10-16,尿液,陰性,未檢出,無,40-49歲,男,0.0
2025-07-30,尿液,陰性,未檢出,無,40-49歲,男,0.0
2025-03-08,尿液,陰性,未檢出,無,30-39歲,男,0.0
2025-09-27,尿液,陰性,未檢出,二級,20-29歲,男,2.0
2025-10-15,尿液,陰性,未檢出,無,40-49歲,男,0.0
2025-11-05,尿液,陰性,甲基安非他命,無,40-49歲,男,0.0
2025-10-04,尿液,陰性,未檢出,無,20-29歲,男,0.0
2025-12-12,尿液,陰性,未檢出,無,50-59歲,男,0.0
2025-04-17,尿液,陰性,未檢出,無,40-49歲,男,0.0
2025-02-10,尿液,陽性,未檢出,二級,60歲以上,男,2.0
2025-05-31,尿液,陰性,未檢出,無,50-59歲,男,0.0
2025-07-05,尿液,陰性,未檢出,無,40-49歲,男,0.0
2025-10-07,尿液,陰性,未檢出,無,19歲以下,男,0.0
2025-12-13,尿液,陰性,未檢出,無,40-49歲,男,0.0
2025-03-28,尿液,陰性,未檢出,無,40-49歲,男,0.0
2025-07-12,尿液,陰性,未檢出,無,40-49歲,女,0.0
2025-12-22,尿液,陰性,未檢出,無,30-39歲,男,0.0
2025-08-16,血液,陰性,未檢出,二級,40-49歲,女,2.0
2025-10-30,尿液,陽性,未檢出,無,20-29歲,男,0.0
2025-11-06,尿液,陰性,未檢出,無,40-49歲,男,0.0
2025-05-29,尿液,陰性,未檢出,無,40-49歲,女,0.0
2025-09-18,尿液,陽性,甲基安非他命,三級,50-59歲,男,1.0
2025-05-05,尿液,陰性,未檢出,無,50-59歲,男,0.0
2025-06-20,尿液,陽性,未檢出,二級,50-59歲,女,2.0
2025-04-29,尿液,陰性,未檢出,無,50-59歲,男,0.0
2025-07-18,尿液,陰性,愷他命,無,50-59歲,男,0.0
2025-05-09,尿液,陽性,甲基安非他命,無,40-49歲,男,0.0
2025-06-04,尿液,陰性,未檢出,無,40-49歲,男,0.0
2025-01-24,尿液,陰性,未檢出,無,40-49歲,男,0.0
2025-08-07,尿液,陽性,未檢出,無,19歲以下,男,0.0
2025-07-04,尿液,陰性,未檢出,無,40-49歲,男,0.0
2025-01-10,尿液,陰性,甲基安非他命,無,40-49歲,男,0.0
2025-04-21,尿液,陽性,未檢出,無,50-59歲,男,0.0
2025-12-06,尿液,陰性,未檢出,無,40-49歲,男,0.0
2025-01-23,尿液,陰性,未檢出,無,60歲以上,女,0.0
2025-06-17,尿液,陽性,安非他命,無,60歲以上,男,0.0
2025-03-03,尿液,陰性,未檢出,無,30-39歲,男,0.0
2025-12-01,尿液,陰性,未檢出,無,40-49歲,男,0.0
2025-05-29,尿液,陰性,未檢出,無,40-49歲,男,0.0
2025-01-04,尿液,陰性,未檢出,無,30-39歲,男,0.0
2025-01-30,尿液,陰性,未檢出,無,40-49歲,男,0.0
2025-11-04,尿液,陰性,未檢出,無,40-49歲,女,0.0
2025-09-26,尿液,陽性,嗎啡,一級,50-59歲,男,3.0
2025-03-15,尿液,陰性,未檢出,無,60歲以上,女,0.0
2025-06-16,尿液,陽性,愷他命,二級,20-29歲,男,2.0
2025-06-25,尿液,陰性,甲基安非他命,無,40-49歲,男,0.0
2025-03-06,尿液,陰性,未檢出,無,40-49歲,男,0.0
2025-02-07,尿液,陰性,未檢出,無,40-49歲,男,0.0
2025-08-09,尿液,陽性,未檢出,一級,50-59歲,男,3.0
2025-05-12,血液,陰性,未檢出,無,40-49歲,男,0.0
2025-09-20,尿液,陰性,未檢出,無,50-59歲,女,0.0
2025-06-28,血液,陰性,未檢出,無,50-59歲,男,0.0
2025-11-06,尿液,陰性,未檢出,二級,50-59歲,男,2.0
2025-10-26,尿液,陰性,未檢出,無,40-49歲,女,0.0
2025-11-22,尿液,陽性,甲基安非他命,無,40-49歲,男,0.0
2025-01-05,尿液,陰性,未檢出,無,50-59歲,男,0.0
2025-10-13,尿液,陰性,未檢出,無,40-49歲,男,0.0
2025-10-19,尿液,陰性,未檢出,二級,40-49歲,男,2.0
2025-10-20,尿液,陰性,未檢出,二級,50-59歲,男,2.0
2025-04-02,尿液,陽性,未檢出,二級,40-49歲,男,2.0
2025-09-22,尿液,陰性,未檢出,無,40-49歲,男,0.0
2025-04-17,血液,陰性,未檢出,無,50-59歲,男,0.0
2025-08-07,尿液,陽性,安非他命,無,60歲以上,男,0.0
2025-03-18,尿液,陽性,未檢出,無,40-49歲,男,0.0
2025-11-25,尿液,陰性,未檢出,無,40-49歲,女,0.0
2025-05-11,尿液,陰性,未檢出,無,50-59歲,女,0.0
2025-06-22,尿液,陽性,愷他命,二級,20-29歲,男,2.0
2025-08-06,尿液,陰性,未檢出,無,40-49歲,男,0.0
2025-06-12,尿液,陰性,未檢出,無,20-29歲,男,0.0
2025-07-30,尿液,陰性,未檢出,無,19歲以下,男,0.0
2025-04-16,尿液,陰性,未檢出,無,50-59歲,男,0.0
2025-04-04,尿液,陰性,未檢出,二級,20-29歲,男,2.0
2025-11-20,尿液,陰性,未檢出,無,50-59歲,女,0.0
2025-11-28,尿液,陰性,未檢出,二級,20-29歲,男,2.0
2025-09-07,尿液,陰性,未檢出,無,30-39歲,男,0.0
2025-03-11,尿液,陰性,未檢出,二級,40-49歲,男,2.0
2025-05-05,尿液,陰性,愷他命,無,40-49歲,女,0.0
2025-03-04,尿液,陰性,甲基安非他命,無,20-29歲,男,0.0
2025-12-13,尿液,陽性,未檢出,二級,40-49歲,男,2.0
2025-04-12,血液,陰性,未檢出,二級,60歲以上,男,2.0
2025-08-28,尿液,陽性,甲基安非他命,二級,50-59歲,男,2.0
2025-09-12,尿液,陽性,甲基安非他命,三級,50-59歲,男,1.0
2025-03-22,尿液,陽性,甲基安非他命,無,40-49歲,女,0.0
2025-03-10,尿液,陰性,未檢出,二級,60歲以上,男,2.0
2025-10-20,尿液,陰性,未檢出,二級,30-39歲,男,2.0
2025-04-25,尿液,陰性,未檢出,無,40-49歲,男,0.0
2025-09-13,尿液,陽性,未檢出,二級,30-39歲,男,2.0
2025-01-23,血液,陰性,未檢出,無,19歲以下,女,0.0
2025-09-10,血液,陰性,未檢出,無,40-49歲,男,0.0
2025-05-06,尿液,陽性,未檢出,二級,40-49歲,男,2.0
2025-01-19,尿液,陰性,未檢出,無,30-39歲,男,0.0
2025-04-09,尿液,陰性,未檢出,二級,50-59歲,男,2.0
2025-12-12,尿液,陰性,安非他命,一級,20-29歲,男,3.0
2025-11-09,尿液,陰性,甲基安非他命,無,40-49歲,男,0.0
2025-06-18,尿液,陰性,愷他命,一級,50-59歲,男,3.0
2025-03-31,尿液,陰性,未檢出,無,50-59歲,男,0.0
2025-12-11,尿液,陰性,未檢出,無,40-49歲,男,0.0
2025-07-08,尿液,陰性,未檢出,無,50-59歲,女,0.0
2025-02-10,尿液,陽性,甲基安非他命,一級,50-59歲,男,3.0
2025-05-05,尿液,陰性,甲基安非他命,無,60歲以上,女,0.0
2025-08-28,尿液,陽性,未檢出,三級,50-59歲,男,1.0
2025-09-07,尿液,陽性,安非他命,無,40-49歲,男,0.0
2025-03-20,尿液,陰性,未檢出,二級,50-59歲,男,2.0
2025-03-05,尿液,陽性,未檢出,無,30-39歲,女,0.0
2025-10-30,尿液,陽性,甲基安非他命,無,60歲以上,男,0.0
2025-12-04,尿液,陰性,未檢出,二級,60歲以上,男,2.0
2025-05-26,血液,陰性,未檢出,無,30-39歲,男,0.0
2025-12-17,尿液,陰性,未檢出,無,50-59歲,女,0.0
2025-08-09,尿液,陰性,未檢出,無,30-39歲,男,0.0
2025-03-18,尿液,陰性,未檢出,一級,30-39歲,男,3.0
2025-08-08,尿液,陰性,未檢出,無,20-29歲,男,0.0
2025-05-19,尿液,陽性,安非他命,二級,50-59歲,男,2.0
2025-03-29,尿液,陰性,未檢出,無,40-49歲,女,0.0
2025-06-08,尿液,陰性,未檢出,無,50-59歲,男,0.0
2025-06-17,尿液,陽性,甲基安非他命,三級,60歲以上,男,1.0
2025-04-30,尿液,陰性,未檢出,無,60歲以上,男,0.0
2025-07-23,尿液,陰性,愷他命,二級,60歲以上,男,2.0
2025-04-19,尿液,陰性,未檢出,無,20-29歲,男,0.0
2025-09-22,尿液,陽性,未檢出,無,50-59歲,男,0.0
2025-07-01,尿液,陰性,未檢出,無,19歲以下,男,0.0
2025-06-07,血液,陰性,愷他命,二級,40-49歲,男,2.0
2025-08-09,尿液,陰性,未檢出,無,60歲以上,男,0.0
2025-04-30,尿液,陽性,未檢出,無,40-49歲,男,0.0
2025-12-06,尿液,陰性,甲基安非他命,無,40-49歲,男,0.0
2025-09-05,尿液,陰性,未檢出,無,40-49歲,男,0.0
2025-08-18,尿液,陰性,未檢出,無,40-49歲,男,0.0
2025-08-27,血液,陰性,未檢出,無,30-39歲,男,0.0
2025-10-20,尿液,陰性,安非他命,一級,20-29歲,男,3.0
2025-02-19,尿液,陰性,未檢出,無,40-49歲,女,0.0
2025-07-24,尿液,陰性,未檢出,二級,60歲以上,男,2.0
2025-06-02,尿液,陰性,未檢出,無,60歲以上,男,0.0
2025-09-18,尿液,陰性,安非他命,無,60歲以上,女,0.0
2025-05-18,尿液,陽性,甲基安非他命,三級,40-49歲,男,1.0
2025-01-30,尿液,陽性,未檢出,二級,40-49歲,男,2.0
2025-12-16,尿液,陰性,未檢出,無,30-39歲,男,0.0
2025-01-18,尿液,陰性,未檢出,無,40-49歲,男,0.0
2025-03-23,尿液,陰性,未檢出,無,20-29歲,男,0.0
2025-04-25,尿液,陰性,未檢出,無,30-39歲,男,0.0
2025-12-07,尿液,陰性,未檢出,無,40-49歲,男,0.0
2025-06-04,血液,陰性,愷他命,二級,20-29歲,男,2.0
2025-04-24,尿液,陰性,未檢出,無,50-59歲,男,0.0
2025-01-07,尿液,陰性,未檢出,無,30-39歲,女,0.0
2025-05-18,尿液,陰性,未檢出,無,20-29歲,男,0.0
2025-05-17,尿液,陰性,未檢出,無,50-59歲,女,0.0
2025-04-11,尿液,陰性,未檢出,無,40-49歲,男,0.0
2025-01-31,尿液,陰性,未檢出,無,50-59歲,女,0.0
2025-10-16,尿液,陰性,未檢出,無,50-59歲,男,0.0
2025-01-03,尿液,陰性,未檢出,無,60歲以上,男,0.0
2025-12-05,尿液,陰性,未檢出,無,50-59歲,女,0.0
2025-09-04,尿液,陰性,未檢出,無,40-49歲,男,0.0
2025-02-27,尿液,陰性,未檢出,無,50-59歲,男,0.0
2025-02-07,血液,陰性,未檢出,無,40-49歲,女,0.0
2025-05-04,尿液,陰性,未檢出,無,60歲以上,男,0.0
2025-05-09,尿液,陽性,未檢出,無,60歲以上,男,0.0
2025-02-12,尿液,陰性,愷他命,二級,30-39歲,男,2.0
2025-06-22,尿液,陰性,未檢出,無,20-29歲,男,0.0
2025-05-03,尿液,陽性,未檢出,無,50-59歲,男,0.0
2025-04-27,尿液,陰性,未檢出,無,40-49歲,男,0.0
2025-11-05,血液,陰性,未檢出,無,40-49歲,男,0.0
2025-06-01,尿液,陰性,未檢出,無,40-49歲,女,0.0
2025-12-06,尿液,陰性,未檢出,無,50-59歲,男,0.0
2025-11-01,尿液,陰性,未檢出,無,40-49歲,男,0.0
2025-06-19,尿液,陽性,未檢出,無,30-39歲,男,0.0
2025-11-16,尿液,陰性,未檢出,二級,40-49歲,男,2.0
2025-01-18,尿液,陽性,未檢出,二級,50-59歲,男,2.0
2025-12-07,尿液,陽性,甲基安非他命,一級,40-49歲,男,3.0
2025-10-21,尿液,陽性,未檢出,無,50-59歲,男,0.0
2025-08-27,尿液,陽性,未檢出,二級,40-49歲,男,2.0
2025-01-01,尿液,陰性,未檢出,無,60歲以上,男,0.0
2025-04-16,尿液,陰性,未檢出,無,20-29歲,女,0.0
2025-12-26,尿液,陰性,未檢出,無,50-59歲,男,0.0
2025-12-24,尿液,陰性,未檢出,無,40-49歲,女,0.0
2025-02-12,血液,陽性,安非他命,二級,20-29歲,男,2.0
2025-04-26,尿液,陰性,未檢出,二級,40-49歲,男,2.0
2025-09-29,尿液,陰性,未檢出,無,40-49歲,男,0.0
2025-12-16,尿液,陰性,未檢出,二級,20-29歲,男,2.0
2025-01-21,尿液,陰性,未檢出,無,40-49歲,男,0.0
2025-11-04,尿液,陰性,未檢出,無,60歲以上,男,0.0
2025-01-22,尿液,陽性,甲基安非他命,二級,40-49歲,男,2.0
2025-08-16,尿液,陰性,未檢出,無,50-59歲,男,0.0
2025-03-23,尿液,陰性,未檢出,二級,20-29歲,男,2.0
2025-12-03,血液,陰性,嗎啡,無,40-49歲,男,0.0
2025-02-22,尿液,陰性,未檢出,無,30-39歲,男,0.0
2025-08-19,尿液,陽性,愷他命,三級,50-59歲,男,1.0
2025-07-13,血液,陰性,未檢出,無,50-59歲,女,0.0
2025-07-18,尿液,陰性,甲基安非他命,二級,60歲以上,男,2.0
2025-07-11,尿液,陰性,未檢出,無,30-39歲,男,0.0
2025-04-21,尿液,陰性,嗎啡,二級,40-49歲,男,2.0
2025-10-09,尿液,陰性,安非他命,無,19歲以下,男,0.0
2025-08-14,尿液,陰性,未檢出,無,30-39歲,男,0.0
2025-04-25,血液,陽性,未檢出,無,50-59歲,男,0.0
2025-09-12,尿液,陽性,愷他命,二級,40-49歲,女,2.0
2025-03-15,尿液,陰性,未檢出,三級,30-39歲,男,1.0
2025-11-24,尿液,陰性,未檢出,二級,30-39歲,男,2.0
2025-03-22,尿液,陰性,未檢出,無,50-59歲,男,0.0
2025-02-28,尿液,陰性,嗎啡,無,20-29歲,男,0.0
2025-04-12,尿液,陰性,未檢出,無,40-49歲,男,0.0
2025-06-14,尿液,陰性,未檢出,二級,40-49歲,男,2.0
2025-03-24,尿液,陰性,未檢出,無,40-49歲,男,0.0
2025-02-08,尿液,陰性,未檢出,無,19歲以下,女,0.0
2025-07-18,尿液,陰性,未檢出,無,40-49歲,男,0.0
2025-08-05,尿液,陰性,未檢出,無,30-39歲,男,0.0
2025-08-17,尿液,陰性,未檢出,無,50-59歲,男,0.0
2025-05-18,尿液,陰性,未檢出,無,30-39歲,男,0.0
2025-10-22,尿液,陽性,未檢出,一級,60歲以上,男,3.0
2025-10-24,尿液,陰性,未檢出,無,50-59歲,男,0.0
2025-01-01,尿液,陰性,安非他命,無,40-49歲,男,0.0
2025-10-04,尿液,陰性,未檢出,無,50-59歲,男,0.0
2025-07-11,尿液,陽性,甲基安非他命,無,50-59歲,男,0.0
2025-11-24,尿液,陰性,未檢出,無,60歲以上,男,0.0
2025-04-20,尿液,陰性,未檢出,無,50-59歲,男,0.0
2025-12-31,尿液,陰性,安非他命,無,50-59歲,女,0.0
2025-05-22,尿液,陰性,未檢出,無,50-59歲,男,0.0
2025-10-11,尿液,陽性,嗎啡,二級,20-29歲,男,2.0
2025-10-10,尿液,陽性,甲基安非他命,無,40-49歲,男,0.0
2025-12-08,尿液,陰性,未檢出,無,40-49歲,男,0.0
2025-02-10,尿液,陽性,安非他命,無,30-39歲,男,0.0
2025-03-25,血液,陰性,甲基安非他命,二級,40-49歲,男,2.0
2025-01-08,尿液,陰性,未檢出,無,19歲以下,男,0.0
2025-06-28,血液,陰性,未檢出,無,50-59歲,男,0.0
2025-06-09,尿液,陽性,未檢出,二級,50-59歲,男,2.0
2025-12-29,尿液,陰性,甲基安非他命,無,40-49歲,男,0.0
2025-10-01,尿液,陰性,甲基安非他命,二級,50-59歲,男,2.0
2025-03-28,尿液,陰性,未檢出,無,40-49歲,男,0.0
2025-02-08,尿液,陰性,未檢出,無,40-49歲,女,0.0
2025-02-28,尿液,陰性,未檢出,無,40-49歲,男,0.0
2025-12-20,尿液,陰性,未檢出,無,50-59歲,男,0.0
2025-04-19,尿液,陰性,未檢出,無,40-49歲,男,0.0
2025-03-14,尿液,陽性,未檢出,無,30-39歲,男,0.0
2025-06-02,尿液,陰性,未檢出,二級,40-49歲,男,2.0
2025-03-08,尿液,陽性,甲基安非他命,二級,60歲以上,男,2.0
2025-04-06,尿液,陰性,未檢出,無,20-29歲,男,0.0
2025-08-19,尿液,陰性,未檢出,無,40-49歲,女,0.0
2025-09-23,尿液,陰性,未檢出,無,30-39歲,男,0.0
2025-12-27,尿液,陰性,安非他命,無,20-29歲,男,0.0
2025-01-18,尿液,陰性,未檢出,無,20-29歲,男,0.0
2025-04-22,尿液,陰性,未檢出,無,50-59歲,男,0.0
2025-12-20,尿液,陰性,嗎啡,無,50-59歲,男,0.0
2025-10-04,血液,陰性,未檢出,無,30-39歲,男,0.0
2025-03-12,尿液,陽性,嗎啡,三級,60歲以上,男,1.0
2025-03-19,尿液,陰性,未檢出,無,40-49歲,女,0.0
2025-12-17,尿液,陰性,甲基安非他命,無,60歲以上,男,0.0
2025-02-14,尿液,陰性,未檢出,無,30-39歲,男,0.0
2025-11-04,尿液,陰性,未檢出,無,40-49歲,男,0.0
2025-12-18,尿液,陰性,未檢出,無,30-39歲,男,0.0
2025-11-05,尿液,陰性,安非他命,無,30-39歲,男,0.0
2025-05-24,尿液,陰性,未檢出,無,40-49歲,男,0.0
2025-09-24,尿液,陰性,未檢出,無,30-39歲,男,0.0
2025-03-17,尿液,陰性,未檢出,無,40-49歲,男,0.0
2025-11-05,尿液,陰性,未檢出,無,20-29歲,女,0.0
2025-10-01,尿液,陰性,未檢出,無,30-39歲,男,0.0
2025-02-26,尿液,陰性,未檢出,無,50-59歲,男,0.0
2025-02-15,尿液,陰性,未檢出,無,50-59歲,男,0.0
2025-10-13,尿液,陰性,未檢出,無,40-49歲,女,0.0
2025-07-29,尿液,陰性,未檢出,無,30-39歲,男,0.0
2025-11-02,尿液,陰性,未檢出,無,50-59歲,男,0.0
2025-01-16,尿液,陰性,未檢出,無,40-49歲,女,0.0
2025-11-22,尿液,陰性,未檢出,無,50-59歲,男,0.0
2025-11-27,尿液,陰性,安非他命,無,40-49歲,男,0.0
2025-09-01,尿液,陰性,未檢出,無,60歲以上,男,0.0
2025-04-20,尿液,陰性,未檢出,無,50-59歲,男,0.0
2025-03-07,尿液,陰性,未檢出,無,60歲以上,男,0.0
2025-07-30,尿液,陽性,未檢出,三級,60歲以上,男,1.0
2025-05-09,血液,陰性,未檢出,二級,20-29歲,男,2.0
2025-02-11,尿液,陽性,未檢出,二級,50-59歲,男,2.0
2025-12-10,尿液,陰性,未檢出,無,50-59歲,男,0.0
2025-02-16,尿液,陰性,未檢出,無,50-59歲,男,0.0
2025-11-16,血液,陰性,未檢出,無,40-49歲,男,0.0
2025-04-28,尿液,陰性,未檢出,無,30-39歲,男,0.0
2025-11-01,血液,陽性,安非他命,一級,50-59歲,男,3.0
2025-12-24,尿液,陰性,未檢出,無,40-49歲,男,0.0
2025-01-08,尿液,陰性,未檢出,無,50-59歲,男,0.0
2025-03-09,尿液,陰性,愷他命,二級,40-49歲,女,2.0
2025-06-02,尿液,陰性,未檢出,二級,30-39歲,男,2.0
2025-07-14,尿液,陰性,未檢出,無,19歲以下,男,0.0
2025-12-18,血液,陰性,未檢出,無,40-49歲,男,0.0
2025-06-17,尿液,陰性,未檢出,無,60歲以上,男,0.0
2025-04-19,尿液,陰性,愷他命,二級,40-49歲,男,2.0
2025-10-25,尿液,陰性,未檢出,無,50-59歲,女,0.0
2025-07-23,尿液,陰性,未檢出,無,40-49歲,女,0.0
2025-04-30,尿液,陰性,未檢出,無,30-39歲,女,0.0
2025-09-04,尿液,陰性,愷他命,二級,50-59歲,男,2.0
2025-08-26,尿液,陰性,未檢出,無,30-39歲,男,0.0
2025-01-04,尿液,陰性,未檢出,無,60歲以上,男,0.0
2025-02-17,尿液,陰性,未檢出,無,20-29歲,男,0.0
2025-08-28,尿液,陰性,未檢出,無,50-59歲,男,0.0
2025-03-25,尿液,陰性,未檢出,無,30-39歲,男,0.0
2025-04-08,尿液,陽性,未檢出,二級,30-39歲,男,2.0
2025-09-06,尿液,陰性,未檢出,無,30-39歲,男,0.0
2025-10-12,血液,陰性,未檢出,無,20-29歲,男,0.0
2025-02-20,尿液,陰性,安非他命,無,30-39歲,男,0.0
2025-07-12,尿液,陰性,未檢出,無,20-29歲,男,0.0
2025-07-31,尿液,陰性,未檢出,無,40-49歲,男,0.0
2025-10-30,血液,陽性,嗎啡,一級,30-39歲,男,3.0
2025-04-18,尿液,陰性,未檢出,無,50-59歲,男,0.0
2025-01-31,尿液,陰性,未檢出,無,20-29歲,男,0.0
2025-08-27,血液,陰性,未檢出,無,30-39歲,男,0.0
2025-10-23,尿液,陰性,未檢出,無,50-59歲,女,0.0
2025-08-13,尿液,陰性,未檢出,無,50-59歲,女,0.0
2025-07-01,尿液,陰性,未檢出,無,30-39歲,男,0.0
2025-03-10,尿液,陰性,未檢出,無,50-59歲,男,0.0
2025-11-09,血液,陰性,未檢出,無,40-49歲,男,0.0
2025-11-08,尿液,陽性,嗎啡,無,50-59歲,女,0.0
2025-01-30,血液,陰性,未檢出,無,19歲以下,男,0.0
2025-08-17,尿液,陰性,未檢出,無,50-59歲,男,0.0
2025-10-18,尿液,陽性,未檢出,無,50-59歲,男,0.0
2025-07-05,尿液,陰性,安非他命,無,60歲以上,女,0.0
2025-10-29,尿液,陰性,未檢出,無,50-59歲,男,0.0
2025-06-05,尿液,陰性,未檢出,無,50-59歲,男,0.0
2025-07-14,尿液,陰性,未檢出,無,19歲以下,男,0.0
2025-05-19,尿液,陽性,未檢出,二級,40-49歲,男,2.0
2025-07-02,尿液,陰性,未檢出,三級,50-59歲,女,1.0
2025-06-04,尿液,陰性,未檢出,無,30-39歲,女,0.0
2025-03-26,尿液,陰性,未檢出,無,30-39歲,女,0.0
2025-07-30,血液,陰性,安非他命,無,30-39歲,男,0.0
2025-10-07,血液,陽性,未檢出,二級,40-49歲,男,2.0
2025-09-07,尿液,陰性,未檢出,無,30-39歲,男,0.0
2025-12-27,尿液,陰性,甲基安非他命,無,50-59歲,男,0.0
2025-06-18,尿液,陰性,未檢出,無,19歲以下,男,0.0
2025-01-21,尿液,陽性,未檢出,無,30-39歲,男,0.0
2025-06-23,尿液,陽性,甲基安非他命,無,40-49歲,男,0.0
2025-03-08,尿液,陽性,未檢出,無,40-49歲,女,0.0
2025-07-09,尿液,陰性,愷他命,無,40-49歲,男,0.0
2025-06-06,尿液,陽性,未檢出,無,40-49歲,男,0.0
2025-08-14,尿液,陰性,未檢出,無,50-59歲,男,0.0
2025-06-19,尿液,陰性,嗎啡,二級,40-49歲,男,2.0
2025-08-25,尿液,陰性,甲基安非他命,無,60歲以上,男,0.0
2025-01-19,尿液,陰性,未檢出,無,30-39歲,男,0.0
2025-11-20,尿液,陰性,未檢出,無,20-29歲,男,0.0
2025-10-27,尿液,陽性,甲基安非他命,無,30-39歲,男,0.0
2025-10-08,尿液,陰性,未檢出,無,50-59歲,男,0.0
2025-10-12,尿液,陰性,甲基安非他命,無,50-59歲,女,0.0
2025-12-16,尿液,陰性,甲基安非他命,無,50-59歲,男,0.0
2025-02-20,尿液,陽性,甲基安非他命,三級,50-59歲,男,1.0
2025-06-14,尿液,陰性,未檢出,無,60歲以上,男,0.0
2025-06-29,尿液,陰性,未檢出,無,40-49歲,男,0.0
2025-08-14,尿液,陰性,未檢出,無,40-49歲,男,0.0
2025-12-03,尿液,陽性,未檢出,無,50-59歲,女,0.0
2025-10-16,尿液,陰性,未檢出,無,30-39歲,男,0.0
2025-09-12,尿液,陰性,未檢出,無,30-39歲,女,0.0
2025-05-02,尿液,陽性,未檢出,無,19歲以下,男,0.0
2025-09-10,尿液,陽性,未檢出,無,60歲以上,男,0.0
2025-10-28,尿液,陰性,未檢出,二級,50-59歲,男,2.0
2025-03-15,尿液,陰性,未檢出,無,30-39歲,男,0.0
2025-03-05,血液,陰性,安非他命,三級,40-49歲,男,1.0
2025-07-04,血液,陰性,未檢出,無,30-39歲,男,0.0
2025-10-04,尿液,陰性,甲基安非他命,三級,50-59歲,男,1.0
2025-01-22,尿液,陰性,甲基安非他命,二級,20-29歲,男,2.0
2025-01-06,尿液,陰性,未檢出,無,50-59歲,男,0.0
2025-01-15,尿液,陰性,未檢出,無,40-49歲,男,0.0
2025-02-10,尿液,陰性,未檢出,二級,50-59歲,男,2.0
2025-04-11,尿液,陽性,安非他命,二級,20-29歲,男,2.0
2025-01-01,尿液,陰性,未檢出,無,50-59歲,男,0.0
2025-01-04,尿液,陰性,未檢出,無,50-59歲,男,0.0
2025-10-02,尿液,陰性,未檢出,無,60歲以上,男,0.0
2025-06-02,尿液,陰性,未檢出,無,40-49歲,男,0.0
2025-11-27,尿液,陰性,未檢出,無,50-59歲,男,0.0
2025-03-30,尿液,陰性,未檢出,二級,30-39歲,男,2.0
2025-10-20,尿液,陰性,未檢出,無,40-49歲,男,0.0
2025-01-09,尿液,陰性,未檢出,無,40-49歲,男,0.0
2025-12-05,尿液,陽性,甲基安非他命,無,50-59歲,男,0.0
2025-08-15,尿液,陽性,未檢出,無,40-49歲,女,0.0
2025-02-07,尿液,陽性,安非他命,無,30-39歲,男,0.0
2025-02-21,尿液,陰性,未檢出,無,50-59歲,男,0.0
2025-09-14,血液,陰性,安非他命,無,30-39歲,男,0.0
2025-10-22,血液,陰性,未檢出,無,30-39歲,男,0.0
2025-10-15,尿液,陰性,愷他命,二級,40-49歲,男,2.0
2025-01-29,尿液,陰性,未檢出,無,50-59歲,男,0.0
2025-10-10,尿液,陰性,未檢出,無,30-39歲,男,0.0
2025-04-22,尿液,陰性,未檢出,無,40-49歲,男,0.0
2025-07-12,尿液,陰性,愷他命,無,40-49歲,男,0.0
2025-02-17,血液,陽性,未檢出,無,50-59歲,男,0.0
2025-11-20,尿液,陰性,未檢出,二級,40-49歲,男,2.0
2025-08-10,尿液,陰性,未檢出,無,40-49歲,男,0.0
2025-03-19,尿液,陰性,未檢出,無,19歲以下,男,0.0
2025-09-04,尿液,陰性,未檢出,無,20-29歲,男,0.0
2025-10-23,尿液,陰性,未檢出,無,20-29歲,男,0.0
2025-05-31,尿液,陰性,未檢出,無,50-59歲,男,0.0
2025-12-18,血液,陰性,未檢出,無,20-29歲,女,0.0
2025-01-13,尿液,陰性,未檢出,無,40-49歲,男,0.0
2025-01-26,尿液,陰性,未檢出,無,40-49歲,男,0.0
2025-09-04,血液,陽性,未檢出,無,19歲以下,男,0.0
2025-06-01,尿液,陽性,未檢出,二級,50-59歲,男,2.0
2025-01-13,血液,陽性,甲基安非他命,無,50-59歲,男,0.0
2025-01-15,尿液,陽性,未檢出,二級,50-59歲,男,2.0
2025-05-22,血液,陽性,未檢出,二級,30-39歲,男,2.0
2025-01-25,尿液,陰性,未檢出,無,50-59歲,男,0.0
2025-11-14,尿液,陰性,未檢出,無,40-49歲,女,0.0
2025-12-26,尿液,陰性,未檢出,無,60歲以上,男,0.0
2025-06-07,血液,陽性,未檢出,三級,30-39歲,男,1.0
2025-06-13,尿液,陽性,愷他命,三級,50-59歲,女,1.0
2025-09-22,血液,陰性,未檢出,二級,60歲以上,男,2.0
2025-07-01,尿液,陽性,嗎啡,三級,40-49歲,男,1.0
2025-04-22,尿液,陰性,未檢出,無,40-49歲,女,0.0
2025-03-18,尿液,陰性,未檢出,無,40-49歲,男,0.0
2025-11-29,尿液,陽性,未檢出,無,20-29歲,男,0.0
2025-03-26,血液,陽性,未檢出,無,40-49歲,男,0.0
2025-05-02,尿液,陽性,安非他命,無,20-29歲,男,0.0
2025-03-05,尿液,陰性,未檢出,無,20-29歲,男,0.0
2025-05-27,尿液,陰性,未檢出,無,50-59歲,男,0.0
2025-06-22,尿液,陰性,未檢出,無,30-39歲,男,0.0
2025-09-14,尿液,陰性,未檢出,無,30-39歲,男,0.0
2025-06-03,尿液,陽性,未檢出,二級,50-59歲,女,2.0
2025-07-30,尿液,陰性,未檢出,無,40-49歲,男,0.0
2025-07-04,血液,陰性,未檢出,無,40-49歲,男,0.0
2025-05-25,血液,陰性,甲基安非他命,無,19歲以下,女,0.0
2025-05-26,尿液,陰性,未檢出,無,30-39歲,女,0.0
2025-07-26,尿液,陰性,未檢出,無,30-39歲,男,0.0
2025-07-05,尿液,陰性,未檢出,無,40-49歲,男,0.0
2025-12-22,尿液,陽性,嗎啡,二級,40-49歲,男,2.0
2025-12-16,尿液,陰性,未檢出,無,30-39歲,男,0.0
2025-12-19,尿液,陰性,未檢出,無,40-49歲,女,0.0
2025-01-05,尿液,陰性,未檢出,無,40-49歲,男,0.0
2025-09-27,尿液,陰性,安非他命,無,50-59歲,男,0.0
2025-07-04,尿液,陰性,未檢出,無,20-29歲,男,0.0
2025-10-10,尿液,陰性,安非他命,二級,30-39歲,男,2.0
2025-07-18,尿液,陰性,未檢出,無,50-59歲,男,0.0
2025-09-13,尿液,陰性,未檢出,無,30-39歲,男,0.0
2025-08-21,尿液,陰性,甲基安非他命,二級,40-49歲,男,2.0
2025-02-17,尿液,陽性,未檢出,無,60歲以上,男,0.0
2025-05-09,尿液,陰性,未檢出,無,40-49歲,男,0.0
2025-04-04,尿液,陰性,未檢出,無,50-59歲,男,0.0
2025-12-21,尿液,陰性,未檢出,無,30-39歲,女,0.0
2025-07-05,尿液,陰性,未檢出,無,40-49歲,女,0.0
2025-11-04,尿液,陰性,未檢出,無,30-39歲,男,0.0
2025-12-27,尿液,陰性,未檢出,無,40-49歲,男,0.0
2025-04-09,尿液,陰性,未檢出,無,50-59歲,男,0.0
2025-12-30,尿液,陰性,未檢出,無,40-49歲,男,0.0
2025-03-28,尿液,陰性,未檢出,無,20-29歲,女,0.0
2025-07-27,尿液,陽性,愷他命,二級,60歲以上,男,2.0
2025-04-07,尿液,陽性,未檢出,無,40-49歲,男,0.0
2025-04-14,尿液,陰性,未檢出,無,50-59歲,男,0.0
2025-01-01,尿液,陰性,未檢出,無,50-59歲,男,0.0
2025-07-15,尿液,陰性,未檢出,無,40-49歲,男,0.0
2025-05-29,尿液,陰性,未檢出,無,30-39歲,男,0.0
2025-09-01,尿液,陰性,未檢出,無,50-59歲,男,0.0
2025-02-18,尿液,陰性,嗎啡,三級,40-49歲,男,1.0
2025-10-30,尿液,陰性,甲基安非他命,二級,40-49歲,男,2.0
2025-01-30,血液,陰性,未檢出,無,30-39歲,男,0.0
2025-08-07,尿液,陰性,未檢出,無,50-59歲,女,0.0
2025-05-09,尿液,陰性,愷他命,二級,40-49歲,男,2.0
2025-04-17,尿液,陽性,嗎啡,一級,50-59歲,男,3.0
2025-04-12,尿液,陰性,未檢出,無,60歲以上,男,0.0
2025-09-14,尿液,陽性,未檢出,無,60歲以上,男,0.0
2025-10-25,尿液,陰性,未檢出,無,40-49歲,男,0.0
2025-11-13,血液,陰性,安非他命,無,20-29歲,男,0.0
2025-11-24,血液,陽性,未檢出,無,30-39歲,女,0.0
2025-09-01,尿液,陰性,未檢出,二級,50-59歲,男,2.0
2025-03-03,尿液,陰性,未檢出,二級,40-49歲,男,2.0
2025-06-27,尿液,陰性,未檢出,無,40-49歲,男,0.0
2025-02-04,尿液,陰性,甲基安非他命,二級,50-59歲,女,2.0
2025-12-28,尿液,陰性,未檢出,無,30-39歲,男,0.0
2025-01-08,尿液,陰性,未檢出,二級,50-59歲,男,2.0
2025-06-18,尿液,陰性,未檢出,二級,40-49歲,女,2.0
2025-08-08,尿液,陽性,未檢出,二級,40-49歲,女,2.0
2025-06-27,尿液,陰性,未檢出,無,50-59歲,男,0.0
2025-08-28,尿液,陰性,安非他命,無,50-59歲,女,0.0
2025-01-08,血液,陰性,安非他命,二級,50-59歲,男,2.0
2025-11-06,血液,陰性,甲基安非他命,無,50-59歲,男,0.0
2025-04-05,尿液,陰性,未檢出,二級,50-59歲,男,2.0
2025-12-25,尿液,陰性,未檢出,無,20-29歲,男,0.0
2025-05-28,尿液,陰性,未檢出,無,30-39歲,男,0.0
2025-08-28,血液,陰性,未檢出,無,40-49歲,女,0.0
2025-06-30,血液,陰性,未檢出,二級,50-59歲,男,2.0
2025-06-07,尿液,陰性,未檢出,無,20-29歲,女,0.0
2025-11-09,尿液,陰性,未檢出,無,50-59歲,男,0.0
2025-05-10,尿液,陰性,未檢出,無,40-49歲,男,0.0
2025-09-21,尿液,陰性,未檢出,無,30-39歲,男,0.0
2025-11-17,尿液,陰性,未檢出,無,40-49歲,男,0.0
2025-08-21,尿液,陰性,未檢出,二級,40-49歲,男,2.0
2025-07-13,尿液,陰性,未檢出,無,50-59歲,女,0.0
2025-10-25,尿液,陰性,未檢出,無,30-39歲,男,0.0
2025-10-17,尿液,陰性,未檢出,無,50-59歲,男,0.0
2025-09-09,尿液,陰性,未檢出,無,40-49歲,女,0.0
2025-09-19,尿液,陽性,未檢出,無,60歲以上,男,0.0
2025-03-31,尿液,陰性,未檢出,無,20-29歲,男,0.0
2025-01-31,血液,陰性,未檢出,無,50-59歲,男,0.0
2025-05-20,尿液,陰性,未檢出,無,50-59歲,男,0.0
2025-01-07,尿液,陰性,甲基安非他命,無,50-59歲,男,0.0
2025-08-28,血液,陰性,未檢出,無,40-49歲,男,0.0
2025-03-01,尿液,陽性,未檢出,無,50-59歲,男,0.0
2025-10-13,尿液,陰性,未檢出,二級,19歲以下,男,2.0
2025-09-19,尿液,陽性,安非他命,無,40-49歲,男,0.0
2025-09-03,尿液,陰性,未檢出,無,30-39歲,男,0.0
2025-03-24,尿液,陰性,未檢出,無,40-49歲,男,0.0
2025-07-26,尿液,陰性,未檢出,無,50-59歲,男,0.0
2025-06-26,尿液,陰性,未檢出,無,50-59歲,男,0.0
2025-09-09,尿液,陽性,未檢出,無,50-59歲,女,0.0
2025-03-26,尿液,陰性,未檢出,無,50-59歲,男,0.0
2025-02-24,尿液,陰性,未檢出,無,20-29歲,男,0.0
2025-03-07,尿液,陽性,未檢出,三級,50-59歲,男,1.0
2025-02-25,尿液,陰性,安非他命,二級,40-49歲,男,2.0
2025-12-23,尿液,陰性,安非他命,三級,50-59歲,男,1.0
2025-11-20,尿液,陰性,甲基安非他命,無,40-49歲,男,0.0
2025-08-31,尿液,陰性,未檢出,無,60歲以上,女,0.0
2025-11-11,尿液,陽性,未檢出,無,30-39歲,男,0.0
2025-06-11,尿液,陽性,安非他命,無,40-49歲,男,0.0
2025-06-29,尿液,陰性,未檢出,無,40-49歲,男,0.0
2025-12-21,尿液,陰性,未檢出,無,50-59歲,男,0.0
2025-04-05,尿液,陰性,安非他命,二級,19歲以下,男,2.0
2025-03-31,尿液,陰性,未檢出,無,20-29歲,男,0.0
2025-05-02,尿液,陰性,安非他命,無,50-59歲,男,0.0
2025-02-27,尿液,陰性,未檢出,無,19歲以下,男,0.0
2025-09-06,尿液,陰性,未檢出,無,30-39歲,男,0.0
2025-08-25,尿液,陽性,未檢出,二級,30-39歲,男,2.0
2025-12-19,尿液,陰性,未檢出,無,40-49歲,男,0.0
2025-07-13,尿液,陰性,未檢出,無,20-29歲,男,0.0
2025-12-23,尿液,陽性,未檢出,無,40-49歲,女,0.0
2025-03-28,尿液,陰性,未檢出,無,40-49歲,男,0.0
2025-12-03,尿液,陰性,未檢出,無,40-49歲,女,0.0
2025-03-08,尿液,陰性,未檢出,無,40-49歲,男,0.0
2025-06-19,尿液,陰性,未檢出,無,40-49歲,男,0.0
2025-09-17,尿液,陰性,未檢出,二級,50-59歲,女,2.0
2025-05-23,尿液,陰性,未檢出,無,40-49歲,男,0.0
2025-09-22,尿液,陽性,未檢出,無,40-49歲,女,0.0
2025-04-27,尿液,陰性,未檢出,無,50-59歲,男,0.0
2025-07-08,尿液,陰性,未檢出,無,40-49歲,男,0.0
2025-10-22,尿液,陰性,未檢出,無,40-49歲,男,0.0
2025-02-21,尿液,陰性,未檢出,無,20-29歲,男,0.0
2025-06-02,尿液,陽性,未檢出,無,60歲以上,女,0.0
2025-04-03,尿液,陰性,未檢出,無,50-59歲,男,0.0
2025-08-17,尿液,陰性,未檢出,無,60歲以上,女,0.0
2025-02-04,尿液,陰性,未檢出,三級,40-49歲,男,1.0
2025-06-20,尿液,陰性,未檢出,無,40-49歲,男,0.0
2025-06-22,尿液,陰性,未檢出,無,40-49歲,男,0.0
2025-09-12,尿液,陽性,未檢出,二級,60歲以上,男,2.0
2025-01-30,尿液,陰性,未檢出,無,40-49歲,女,0.0
2025-08-18,尿液,陰性,未檢出,無,40-49歲,男,0.0
2025-11-21,尿液,陽性,未檢出,無,30-39歲,男,0.0
2025-06-13,尿液,陰性,甲基安非他命,無,50-59歲,女,0.0
2025-05-12,尿液,陰性,未檢出,無,40-49歲,女,0.0
2025-03-09,尿液,陰性,未檢出,二級,30-39歲,男,2.0
2025-06-04,尿液,陰性,未檢出,無,30-39歲,女,0.0
2025-08-22,尿液,陰性,安非他命,二級,50-59歲,女,2.0
2025-02-13,尿液,陰性,安非他命,無,40-49歲,女,0.0
2025-01-02,尿液,陰性,安非他命,無,30-39歲,男,0.0
2025-08-12,尿液,陰性,未檢出,無,20-29歲,男,0.0
2025-03-27,血液,陰性,未檢出,無,40-49歲,男,0.0
2025-07-05,尿液,陰性,未檢出,二級,19歲以下,男,2.0
2025-02-09,尿液,陽性,未檢出,無,30-39歲,男,0.0
2025-09-07,尿液,陰性,未檢出,無,40-49歲,女,0.0
2025-12-08,尿液,陰性,未檢出,無,50-59歲,男,0.0
2025-10-11,尿液,陽性,未檢出,無,60歲以上,男,0.0
2025-02-23,尿液,陰性,未檢出,無,20-29歲,男,0.0
2025-12-15,尿液,陽性,未檢出,無,40-49歲,男,0.0
2025-06-06,尿液,陰性,未檢出,二級,50-59歲,男,2.0
2025-02-03,尿液,陰性,未檢出,無,30-39歲,女,0.0
2025-08-24,尿液,陰性,未檢出,無,60歲以上,男,0.0
2025-12-05,尿液,陰性,未檢出,無,30-39歲,男,0.0
2025-08-09,尿液,陰性,愷他命,三級,50-59歲,男,1.0
2025-05-27,尿液,陰性,安非他命,無,30-39歲,男,0.0
2025-01-02,尿液,陰性,未檢出,無,50-59歲,男,0.0
2025-03-29,尿液,陰性,未檢出,無,40-49歲,男,0.0
2025-07-25,尿液,陰性,未檢出,無,50-59歲,男,0.0
2025-11-19,尿液,陰性,未檢出,無,40-49歲,男,0.0
2025-03-17,尿液,陽性,未檢出,無,40-49歲,男,0.0
2025-10-25,尿液,陰性,未檢出,無,40-49歲,男,0.0
2025-07-05,血液,陰性,未檢出,無,50-59歲,男,0.0
2025-12-31,尿液,陰性,未檢出,無,50-59歲,男,0.0
2025-01-13,血液,陰性,未檢出,無,40-49歲,男,0.0
2025-03-23,尿液,陰性,安非他命,無,30-39歲,男,0.0
2025-06-11,尿液,陰性,愷他命,無,30-39歲,女,0.0
2025-05-17,尿液,陰性,安非他命,無,60歲以上,女,0.0
2025-11-09,尿液,陽性,愷他命,二級,30-39歲,女,2.0
2025-07-22,尿液,陽性,甲基安非他命,二級,60歲以上,男,2.0
2025-06-09,尿液,陰性,未檢出,無,40-49歲,男,0.0
2025-02-15,尿液,陰性,未檢出,無,60歲以上,男,0.0
2025-02-03,尿液,陰性,安非他命,無,20-29歲,男,0.0
2025-10-14,尿液,陰性,未檢出,無,40-49歲,男,0.0
2025-03-25,尿液,陽性,未檢出,一級,50-59歲,男,3.0
2025-02-09,尿液,陰性,安非他命,無,40-49歲,男,0.0
2025-03-11,尿液,陰性,未檢出,無,50-59歲,女,0.0
2025-07-29,血液,陰性,甲基安非他命,無,30-39歲,男,0.0
2025-10-19,尿液,陰性,未檢出,二級,50-59歲,男,2.0
2025-09-09,尿液,陰性,愷他命,二級,40-49歲,女,2.0
2025-07-13,尿液,陰性,未檢出,無,30-39歲,男,0.0
2025-01-27,血液,陰性,未檢出,無,40-49歲,男,0.0
2025-03-27,尿液,陰性,未檢出,無,40-49歲,女,0.0
2025-07-04,尿液,陰性,未檢出,無,60歲以上,男,0.0
2025-06-27,尿液,陰性,未檢出,二級,60歲以上,男,2.0
2025-07-20,尿液,陰性,未檢出,無,60歲以上,男,0.0
2025-01-05,尿液,陰性,嗎啡,無,20-29歲,男,0.0
2025-07-13,尿液,陰性,愷他命,二級,60歲以上,男,2.0
2025-09-20,尿液,陰性,未檢出,二級,20-29歲,男,2.0
2025-03-07,尿液,陰性,安非他命,無,20-29歲,男,0.0
2025-08-16,尿液,陰性,未檢出,無,20-29歲,男,0.0
2025-08-26,尿液,陰性,未檢出,無,40-49歲,男,0.0
2025-10-27,尿液,陽性,安非他命,無,50-59歲,男,0.0
2025-06-04,血液,陰性,未檢出,無,40-49歲,男,0.0
2025-02-03,尿液,陰性,未檢出,無,30-39歲,男,0.0
2025-05-31,尿液,陰性,未檢出,無,60歲以上,男,0.0
2025-10-17,尿液,陰性,未檢出,無,40-49歲,男,0.0
2025-10-06,尿液,陽性,未檢出,無,50-59歲,男,0.0
2025-08-16,尿液,陰性,未檢出,無,40-49歲,男,0.0
2025-03-28,尿液,陽性,安非他命,無,30-39歲,女,0.0
2025-01-30,血液,陰性,未檢出,無,40-49歲,男,0.0
2025-05-10,尿液,陰性,未檢出,無,40-49歲,男,0.0
2025-01-29,尿液,陽性,甲基安非他命,二級,40-49歲,男,2.0
2025-08-10,尿液,陰性,未檢出,無,50-59歲,男,0.0
2025-01-27,血液,陰性,未檢出,無,19歲以下,男,0.0
2025-03-10,尿液,陰性,未檢出,無,40-49歲,男,0.0
2025-11-17,血液,陽性,未檢出,無,40-49歲,男,0.0
2025-01-04,尿液,陽性,甲基安非他命,無,40-49歲,男,0.0
2025-09-05,尿液,陰性,未檢出,無,40-49歲,男,0.0
2025-08-02,血液,陰性,未檢出,無,30-39歲,男,0.0
2025-02-17,尿液,陰性,未檢出,無,20-29歲,男,0.0
2025-09-16,尿液,陰性,未檢出,無,20-29歲,男,0.0
2025-05-13,尿液,陰性,未檢出,無,50-59歲,男,0.0
2025-12-29,尿液,陰性,未檢出,無,60歲以上,男,0.0
2025-12-09,尿液,陽性,未檢出,二級,50-59歲,男,2.0
2025-11-02,尿液,陰性,未檢出,三級,40-49歲,男,1.0
2025-08-11,尿液,陽性,愷他命,三級,40-49歲,男,1.0
2025-08-02,尿液,陰性,未檢出,無,30-39歲,女,0.0
2025-11-10,尿液,陰性,未檢出,二級,30-39歲,男,2.0
2025-04-04,尿液,陰性,未檢出,無,50-59歲,男,0.0
2025-10-01,尿液,陽性,未檢出,二級,40-49歲,男,2.0
2025-10-09,尿液,陰性,未檢出,無,50-59歲,女,0.0
2025-12-04,尿液,陰性,未檢出,二級,60歲以上,男,2.0
2025-06-19,尿液,陽性,安非他命,無,40-49歲,男,0.0
2025-04-07,尿液,陰性,未檢出,無,40-49歲,男,0.0
2025-01-23,血液,陰性,未檢出,無,30-39歲,男,0.0
2025-08-16,尿液,陰性,未檢出,無,30-39歲,男,0.0
2025-04-21,尿液,陰性,未檢出,無,60歲以上,男,0.0
2025-11-14,尿液,陰性,未檢出,無,50-59歲,男,0.0
2025-04-13,尿液,陰性,未檢出,無,50-59歲,男,0.0
2025-12-17,尿液,陰性,未檢出,無,20-29歲,男,0.0
2025-11-05,尿液,陰性,未檢出,無,30-39歲,男,0.0
2025-05-06,尿液,陽性,甲基安非他命,二級,40-49歲,男,2.0
2025-11-02,尿液,陰性,未檢出,無,60歲以上,男,0.0
2025-12-13,尿液,陰性,未檢出,無,50-59歲,男,0.0
2025-10-24,血液,陰性,未檢出,無,60歲以上,男,0.0
2025-07-17,尿液,陰性,未檢出,無,60歲以上,男,0.0
2025-03-01,血液,陰性,未檢出,無,50-59歲,男,0.0
2025-01-18,尿液,陰性,未檢出,無,40-49歲,男,0.0
2025-09-12,尿液,陰性,未檢出,無,20-29歲,男,0.0
2025-07-16,尿液,陰性,未檢出,無,60歲以上,女,0.0
2025-10-20,尿液,陰性,未檢出,無,20-29歲,男,0.0
2025-04-04,尿液,陰性,未檢出,無,50-59歲,男,0.0
2025-06-28,尿液,陰性,未檢出,無,20-29歲,男,0.0
2025-10-19,尿液,陰性,未檢出,無,40-49歲,女,0.0
2025-10-31,尿液,陰性,甲基安非他命,三級,60歲以上,男,1.0
2025-01-30,尿液,陽性,未檢出,二級,20-29歲,男,2.0
2025-11-03,尿液,陽性,未檢出,三級,50-59歲,男,1.0
2025-12-29,尿液,陰性,未檢出,無,30-39歲,女,0.0
2025-10-04,尿液,陽性,愷他命,二級,30-39歲,男,2.0
2025-12-23,尿液,陽性,未檢出,無,30-39歲,女,0.0
2025-06-23,尿液,陰性,未檢出,二級,30-39歲,男,2.0
2025-11-27,尿液,陰性,未檢出,無,40-49歲,男,0.0
2025-03-23,尿液,陽性,愷他命,二級,60歲以上,男,2.0
2025-07-13,血液,陰性,未檢出,無,60歲以上,男,0.0
2025-04-10,尿液,陰性,未檢出,二級,40-49歲,女,2.0
2025-10-18,尿液,陰性,未檢出,無,20-29歲,男,0.0
2025-07-16,血液,陰性,未檢出,無,40-49歲,男,0.0
2025-05-02,尿液,陽性,未檢出,無,40-49歲,男,0.0
2025-06-28,尿液,陽性,未檢出,二級,50-59歲,男,2.0
2025-05-24,尿液,陽性,未檢出,無,60歲以上,女,0.0
2025-10-15,尿液,陰性,未檢出,無,50-59歲,男,0.0
2025-01-21,尿液,陽性,安非他命,二級,30-39歲,男,2.0
2025-11-01,尿液,陰性,未檢出,無,40-49歲,男,0.0
2025-05-25,尿液,陰性,未檢出,無,60歲以上,女,0.0
2025-07-26,尿液,陰性,未檢出,無,30-39歲,男,0.0
2025-12-15,尿液,陰性,未檢出,無,50-59歲,男,0.0
2025-09-03,尿液,陰性,未檢出,無,40-49歲,女,0.0
2025-09-24,血液,陽性,甲基安非他命,二級,60歲以上,男,2.0
2025-11-24,尿液,陰性,安非他命,二級,30-39歲,女,2.0
2025-10-15,尿液,陰性,甲基安非他命,二級,50-59歲,男,2.0
2025-09-20,尿液,陰性,未檢出,無,40-49歲,男,0.0
2025-12-30,尿液,陽性,未檢出,無,40-49歲,男,0.0
2025-08-23,尿液,陰性,未檢出,無,30-39歲,男,0.0
2025-04-15,尿液,陰性,未檢出,無,20-29歲,男,0.0
2025-08-10,尿液,陰性,甲基安非他命,二級,60歲以上,女,2.0
2025-10-24,尿液,陰性,安非他命,無,19歲以下,女,0.0
2025-11-17,尿液,陰性,安非他命,無,50-59歲,男,0.0
2025-11-25,尿液,陰性,未檢出,無,30-39歲,男,0.0
2025-09-25,尿液,陽性,未檢出,無,40-49歲,男,0.0
2025-12-05,尿液,陰性,未檢出,無,60歲以上,男,0.0
2025-02-20,血液,陰性,安非他命,二級,50-59歲,男,2.0
2025-08-31,尿液,陰性,愷他命,無,40-49歲,男,0.0
2025-06-21,尿液,陽性,未檢出,無,30-39歲,男,0.0
2025-01-03,尿液,陰性,安非他命,無,60歲以上,男,0.0
2025-08-09,尿液,陰性,未檢出,無,40-49歲,女,0.0
2025-08-09,尿液,陰性,未檢出,無,60歲以上,男,0.0
2025-09-04,尿液,陰性,嗎啡,二級,40-49歲,男,2.0
2025-11-12,尿液,陰性,愷他命,無,40-49歲,男,0.0
2025-04-26,尿液,陽性,愷他命,一級,20-29歲,男,3.0
2025-04-21,尿液,陽性,甲基安非他命,無,30-39歲,男,0.0
2025-08-14,尿液,陰性,安非他命,無,40-49歲,男,0.0
2025-08-23,尿液,陰性,未檢出,無,30-39歲,男,0.0
2025-05-25,血液,陰性,未檢出,無,50-59歲,男,0.0
2025-09-05,尿液,陽性,愷他命,一級,30-39歲,男,3.0
2025-12-03,尿液,陰性,未檢出,無,60歲以上,女,0.0
2025-10-07,尿液,陰性,愷他命,無,40-49歲,男,0.0
2025-09-15,尿液,陰性,安非他命,無,40-49歲,男,0.0
2025-05-27,血液,陰性,未檢出,無,30-39歲,男,0.0
2025-05-18,尿液,陰性,未檢出,二級,50-59歲,女,2.0
2025-10-08,尿液,陰性,未檢出,無,40-49歲,男,0.0
2025-12-04,尿液,陽性,未檢出,無,30-39歲,男,0.0
2025-01-01,尿液,陰性,未檢出,無,50-59歲,男,0.0
2025-11-27,尿液,陰性,未檢出,無,50-59歲,男,0.0
2025-01-21,尿液,陽性,未檢出,無,40-49歲,男,0.0
2025-12-08,尿液,陰性,未檢出,無,40-49歲,男,0.0
2025-09-22,血液,陰性,未檢出,無,50-59歲,女,0.0
2025-01-15,尿液,陰性,未檢出,無,40-49歲,男,0.0
2025-06-30,尿液,陰性,未檢出,無,60歲以上,女,0.0
2025-07-08,尿液,陰性,未檢出,無,40-49歲,男,0.0
2025-06-04,尿液,陰性,未檢出,無,40-49歲,男,0.0
2025-11-14,尿液,陰性,未檢出,三級,30-39歲,男,1.0
2025-04-21,尿液,陽性,未檢出,三級,60歲以上,男,1.0
2025-08-27,尿液,陰性,未檢出,無,50-59歲,男,0.0
2025-04-21,尿液,陽性,未檢出,無,50-59歲,男,0.0
2025-06-26,尿液,陰性,未檢出,無,20-29歲,男,0.0
2025-01-02,尿液,陰性,未檢出,無,50-59歲,男,0.0
2025-01-30,尿液,陰性,未檢出,無,40-49歲,男,0.0
2025-07-31,血液,陰性,未檢出,一級,40-49歲,男,3.0
2025-12-25,尿液,陰性,未檢出,無,50-59歲,男,0.0
2025-02-16,尿液,陰性,未檢出,無,40-49歲,男,0.0
2025-11-15,尿液,陰性,未檢出,無,60歲以上,男,0.0
2025-09-18,尿液,陰性,未檢出,無,50-59歲,男,0.0
2025-04-24,尿液,陰性,未檢出,無,50-59歲,女,0.0
2025-04-22,尿液,陰性,未檢出,無,40-49歲,女,0.0
2025-07-03,尿液,陽性,未檢出,二級,40-49歲,男,2.0
2025-12-02,尿液,陰性,未檢出,無,40-49歲,男,0.0
2025-11-26,尿液,陽性,安非他命,一級,40-49歲,男,3.0
2025-10-29,血液,陰性,未檢出,無,60歲以上,女,0.0
2025-04-23,尿液,陰性,未檢出,無,19歲以下,女,0.0
2025-03-20,尿液,陽性,安非他命,三級,50-59歲,男,1.0
2025-05-04,尿液,陰性,未檢出,無,30-39歲,男,0.0
2025-12-12,尿液,陰性,未檢出,無,50-59歲,男,0.0
2025-10-29,尿液,陽性,未檢出,無,20-29歲,男,0.0
2025-09-07,尿液,陰性,未檢出,三級,20-29歲,女,1.0
2025-03-12,尿液,陰性,未檢出,無,60歲以上,男,0.0
2025-10-05,尿液,陰性,未檢出,二級,50-59歲,男,2.0
2025-02-14,尿液,陽性,未檢出,無,40-49歲,男,0.0
2025-06-02,尿液,陰性,未檢出,無,60歲以上,男,0.0
2025-04-22,尿液,陰性,未檢出,二級,30-39歲,男,2.0
2025-01-05,尿液,陰性,未檢出,無,50-59歲,男,0.0
2025-06-29,尿液,陰性,未檢出,無,40-49歲,男,0.0
2025-05-20,尿液,陽性,未檢出,無,50-59歲,男,0.0
2025-06-07,尿液,陰性,未檢出,無,40-49歲,男,0.0
2025-04-10,尿液,陰性,未檢出,無,40-49歲,男,0.0
2025-03-11,尿液,陰性,未檢出,無,20-29歲,女,0.0
2025-09-22,尿液,陽性,未檢出,二級,60歲以上,男,2.0
2025-05-01,尿液,陰性,未檢出,二級,30-39歲,男,2.0
2025-04-16,尿液,陰性,未檢出,無,19歲以下,男,0.0
2025-11-04,血液,陰性,未檢出,無,60歲以上,男,0.0
2025-10-27,尿液,陽性,未檢出,無,40-49歲,男,0.0
2025-05-18,尿液,陰性,未檢出,無,50-59歲,男,0.0
2025-05-11,尿液,陰性,未檢出,二級,40-49歲,男,2.0
2025-11-14,血液,陰性,未檢出,無,40-49歲,女,0.0
2025-03-23,尿液,陰性,未檢出,無,30-39歲,男,0.0
2025-10-25,尿液,陰性,未檢出,無,50-59歲,男,0.0
2025-12-09,尿液,陰性,未檢出,無,19歲以下,女,0.0
2025-09-01,尿液,陰性,未檢出,無,50-59歲,男,0.0
2025-05-29,尿液,陰性,未檢出,無,40-49歲,男,0.0
2025-12-29,尿液,陰性,未檢出,無,50-59歲,男,0.0
2025-12-16,尿液,陰性,未檢出,無,50-59歲,男,0.0
2025-06-07,尿液,陽性,未檢出,二級,20-29歲,男,2.0
2025-01-20,尿液,陽性,未檢出,二級,30-39歲,男,2.0
2025-04-16,尿液,陽性,未檢出,無,50-59歲,男,0.0
2025-11-27,尿液,陽性,未檢出,二級,50-59歲,男,2.0
2025-01-22,尿液,陰性,甲基安非他命,二級,40-49歲,男,2.0
2025-04-18,尿液,陰性,愷他命,無,50-59歲,男,0.0
2025-06-12,血液,陰性,未檢出,無,50-59歲,男,0.0
2025-10-25,尿液,陰性,未檢出,無,40-49歲,女,0.0
2025-11-03,尿液,陰性,甲基安非他命,二級,60歲以上,男,2.0
2025-11-11,尿液,陰性,愷他命,三級,50-59歲,男,1.0
2025-04-25,尿液,陰性,未檢出,無,50-59歲,男,0.0
2025-12-04,尿液,陰性,未檢出,二級,40-49歲,男,2.0
2025-06-24,尿液,陰性,安非他命,無,50-59歲,男,0.0
2025-04-02,尿液,陰性,未檢出,無,20-29歲,女,0.0
2025-03-11,尿液,陽性,未檢出,無,60歲以上,男,0.0
2025-08-18,血液,陰性,未檢出,無,50-59歲,男,0.0
2025-05-18,尿液,陰性,未檢出,無,40-49歲,男,0.0
2025-07-13,尿液,陽性,未檢出,無,30-39歲,男,0.0
2025-09-26,尿液,陰性,未檢出,無,50-59歲,男,0.0
2025-12-11,尿液,陰性,愷他命,三級,50-59歲,男,1.0
2025-09-08,尿液,陰性,未檢出,一級,40-49歲,女,3.0
2025-02-03,尿液,陽性,安非他命,二級,30-39歲,男,2.0
2025-06-23,尿液,陰性,未檢出,二級,60歲以上,男,2.0
2025-10-04,尿液,陽性,未檢出,二級,40-49歲,男,2.0
2025-01-15,尿液,陰性,未檢出,二級,40-49歲,男,2.0
2025-10-25,尿液,陰性,未檢出,無,40-49歲,男,0.0
2025-01-23,尿液,陰性,未檢出,無,50-59歲,男,0.0
2025-08-11,尿液,陰性,未檢出,無,20-29歲,男,0.0
2025-12-04,血液,陽性,安非他命,一級,50-59歲,男,3.0
2025-12-18,尿液,陰性,未檢出,無,50-59歲,男,0.0
2025-03-29,尿液,陽性,未檢出,無,30-39歲,女,0.0
2025-09-23,尿液,陰性,嗎啡,一級,19歲以下,男,3.0
2025-09-12,尿液,陽性,嗎啡,三級,40-49歲,男,1.0
2025-10-04,尿液,陽性,甲基安非他命,無,50-59歲,男,0.0
2025-12-26,血液,陽性,甲基安非他命,二級,20-29歲,男,2.0
2025-07-24,尿液,陽性,甲基安非他命,二級,60歲以上,男,2.0
2025-01-05,尿液,陰性,未檢出,無,50-59歲,男,0.0
2025-07-11,尿液,陰性,安非他命,無,40-49歲,男,0.0
2025-11-17,尿液,陽性,未檢出,無,20-29歲,男,0.0
2025-06-05,尿液,陰性,未檢出,無,50-59歲,男,0.0
2025-03-31,尿液,陽性,甲基安非他命,二級,20-29歲,女,2.0
2025-01-26,尿液,陰性,嗎啡,三級,30-39歲,男,1.0
2025-10-08,尿液,陽性,未檢出,無,40-49歲,男,0.0
2025-02-13,尿液,陰性,未檢出,二級,60歲以上,男,2.0
2025-03-22,尿液,陰性,未檢出,無,40-49歲,男,0.0
2025-11-01,尿液,陰性,未檢出,無,60歲以上,男,0.0
2025-02-21,尿液,陰性,甲基安非他命,二級,19歲以下,男,2.0
2025-08-03,尿液,陰性,安非他命,三級,60歲以上,男,1.0
2025-02-10,尿液,陰性,未檢出,無,50-59歲,男,0.0
2025-09-04,尿液,陽性,未檢出,無,50-59歲,男,0.0
2025-04-17,尿液,陰性,未檢出,無,40-49歲,男,0.0
2025-02-15,尿液,陰性,未檢出,無,40-49歲,男,0.0
2025-05-20,尿液,陽性,甲基安非他命,無,50-59歲,男,0.0
2025-06-13,尿液,陽性,安非他命,無,19歲以下,男,0.0
2025-08-18,尿液,陰性,未檢出,無,50-59歲,男,0.0
2025-02-16,尿液,陽性,愷他命,二級,30-39歲,男,2.0
2025-04-22,尿液,陰性,未檢出,無,40-49歲,男,0.0
2025-10-15,尿液,陽性,未檢出,無,50-59歲,男,0.0
2025-01-08,尿液,陰性,未檢出,二級,40-49歲,男,2.0
2025-03-14,血液,陽性,甲基安非他命,無,30-39歲,男,0.0
2025-06-11,血液,陽性,未檢出,無,50-59歲,男,0.0
2025-12-18,尿液,陰性,未檢出,無,20-29歲,男,0.0
2025-07-11,尿液,陰性,安非他命,無,20-29歲,男,0.0
2025-08-27,尿液,陽性,未檢出,二級,20-29歲,女,2.0
2025-01-16,尿液,陰性,未檢出,無,40-49歲,男,0.0
2025-12-01,尿液,陽性,甲基安非他命,二級,40-49歲,男,2.0
2025-11-21,尿液,陰性,未檢出,無,40-49歲,男,0.0
2025-12-18,尿液,陰性,未檢出,無,60歲以上,男,0.0
2025-07-25,尿液,陽性,安非他命,二級,50-59歲,男,2.0
2025-04-19,尿液,陽性,甲基安非他命,無,30-39歲,男,0.0
2025-07-04,尿液,陰性,未檢出,無,40-49歲,女,0.0
2025-03-21,尿液,陰性,未檢出,無,40-49歲,男,0.0
2025-05-11,血液,陰性,安非他命,無,20-29歲,女,0.0
2025-05-14,尿液,陰性,未檢出,無,40-49歲,男,0.0
2025-07-10,血液,陰性,未檢出,無,20-29歲,男,0.0
2025-09-19,尿液,陰性,未檢出,無,30-39歲,男,0.0
2025-01-06,尿液,陰性,未檢出,無,50-59歲,男,0.0
2025-06-23,尿液,陰性,安非他命,無,60歲以上,男,0.0
2025-06-06,尿液,陽性,未檢出,一級,40-49歲,男,3.0
2025-06-15,尿液,陰性,未檢出,無,40-49歲,男,0.0
2025-02-05,血液,陰性,未檢出,無,50-59歲,男,0.0
2025-01-04,尿液,陰性,未檢出,無,30-39歲,男,0.0
2025-04-05,尿液,陰性,安非他命,無,30-39歲,男,0.0
2025-02-22,尿液,陽性,未檢出,無,40-49歲,女,0.0
2025-06-02,尿液,陽性,嗎啡,三級,50-59歲,男,1.0
2025-07-16,尿液,陰性,未檢出,無,19歲以下,男,0.0
2025-03-01,尿液,陰性,未檢出,無,30-39歲,男,0.0
2025-12-23,尿液,陽性,愷他命,二級,50-59歲,男,2.0
2025-07-17,尿液,陽性,安非他命,無,60歲以上,女,0.0
2025-01-27,血液,陰性,未檢出,無,30-39歲,男,0.0
2025-11-11,尿液,陰性,未檢出,無,40-49歲,男,0.0
2025-08-07,血液,陰性,甲基安非他命,無,50-59歲,男,0.0
2025-06-06,尿液,陰性,未檢出,無,50-59歲,男,0.0
2025-11-15,尿液,陰性,未檢出,無,30-39歲,男,0.0
2025-10-04,尿液,陽性,未檢出,無,40-49歲,男,0.0
2025-01-29,尿液,陰性,未檢出,無,50-59歲,男,0.0
2025-02-19,尿液,陰性,未檢出,無,30-39歲,男,0.0
2025-06-22,尿液,陰性,未檢出,無,50-59歲,女,0.0
2025-12-10,尿液,陰性,未檢出,三級,30-39歲,男,1.0
2025-09-23,尿液,陽性,未檢出,無,30-39歲,女,0.0
2025-09-17,尿液,陰性,愷他命,二級,20-29歲,男,2.0
2025-06-02,尿液,陽性,嗎啡,二級,40-49歲,男,2.0
2025-10-29,尿液,陰性,未檢出,無,40-49歲,女,0.0
2025-05-31,尿液,陰性,未檢出,無,30-39歲,男,0.0
2025-11-07,尿液,陰性,未檢出,無,30-39歲,女,0.0
2025-06-15,尿液,陰性,未檢出,一級,30-39歲,男,3.0
2025-01-01,尿液,陰性,未檢出,無,20-29歲,男,0.0
2025-09-27,尿液,陰性,未檢出,無,30-39歲,男,0.0
2025-10-08,尿液,陰性,未檢出,二級,40-49歲,男,2.0
2025-05-08,血液,陰性,未檢出,無,50-59歲,男,0.0
2025-03-09,尿液,陰性,甲基安非他命,二級,50-59歲,男,2.0
2025-10-21,尿液,陰性,未檢出,無,50-59歲,男,0.0
2025-09-18,血液,陽性,未檢出,無,50-59歲,女,0.0
2025-06-08,尿液,陰性,未檢出,無,40-49歲,男,0.0
2025-06-06,尿液,陽性,甲基安非他命,無,40-49歲,男,0.0
2025-03-01,尿液,陰性,未檢出,無,40-49歲,男,0.0
2025-03-22,尿液,陰性,未檢出,無,50-59歲,男,0.0
2025-01-18,尿液,陰性,未檢出,無,40-49歲,男,0.0
2025-07-03,尿液,陽性,未檢出,無,50-59歲,男,0.0
2025-02-24,尿液,陰性,未檢出,無,40-49歲,男,0.0
2025-04-30,尿液,陰性,未檢出,無,50-59歲,男,0.0
2025-05-16,血液,陽性,未檢出,二級,20-29歲,男,2.0
2025-07-22,尿液,陽性,未檢出,無,30-39歲,男,0.0
2025-04-26,尿液,陽性,安非他命,無,40-49歲,男,0.0
2025-06-29,尿液,陰性,未檢出,無,50-59歲,男,0.0
2025-07-18,尿液,陽性,未檢出,無,40-49歲,女,0.0
2025-07-11,尿液,陰性,未檢出,無,30-39歲,男,0.0
2025-06-21,尿液,陰性,未檢出,無,30-39歲,男,0.0
2025-01-02,尿液,陰性,未檢出,無,19歲以下,男,0.0
2025-04-17,尿液,陰性,安非他命,無,20-29歲,男,0.0
2025-03-18,尿液,陰性,未檢出,無,40-49歲,男,0.0
2025-07-05,血液,陰性,未檢出,無,30-39歲,女,0.0
2025-10-10,尿液,陰性,未檢出,無,50-59歲,男,0.0
2025-05-03,尿液,陰性,未檢出,無,50-59歲,男,0.0
2025-08-11,尿液,陰性,甲基安非他命,二級,60歲以上,男,2.0
2025-09-16,尿液,陰性,未檢出,無,50-59歲,女,0.0
2025-11-06,血液,陰性,未檢出,無,40-49歲,男,0.0
2025-01-10,尿液,陽性,未檢出,二級,50-59歲,男,2.0
2025-08-14,尿液,陰性,愷他命,無,50-59歲,男,0.0
2025-05-04,尿液,陰性,未檢出,無,50-59歲,男,0.0
2025-01-20,尿液,陰性,未檢出,無,60歲以上,男,0.0
2025-04-20,尿液,陰性,未檢出,無,50-59歲,男,0.0
2025-08-23,血液,陰性,未檢出,無,30-39歲,男,0.0
2025-07-13,尿液,陰性,未檢出,無,50-59歲,女,0.0
2025-12-31,尿液,陽性,愷他命,無,60歲以上,男,0.0
2025-01-02,尿液,陰性,未檢出,無,30-39歲,男,0.0
2025-12-09,尿液,陰性,未檢出,無,60歲以上,男,0.0
2025-07-29,尿液,陽性,未檢出,二級,40-49歲,男,2.0
2025-01-20,尿液,陽性,嗎啡,二級,50-59歲,女,2.0
2025-09-04,尿液,陽性,安非他命,無,60歲以上,男,0.0
2025-09-16,尿液,陰性,未檢出,無,40-49歲,男,0.0
2025-02-25,尿液,陰性,未檢出,無,40-49歲,男,0.0
2025-12-26,尿液,陰性,未檢出,無,40-49歲,男,0.0
2025-11-05,尿液,陰性,未檢出,無,50-59歲,男,0.0
2025-01-22,尿液,陽性,嗎啡,二級,40-49歲,男,2.0
2025-07-24,尿液,陽性,愷他命,無,30-39歲,男,0.0
2025-08-13,尿液,陰性,未檢出,無,40-49歲,男,0.0
2025-07-27,尿液,陽性,嗎啡,三級,50-59歲,男,1.0
2025-05-15,尿液,陰性,安非他命,無,30-39歲,女,0.0
2025-01-20,尿液,陽性,未檢出,三級,60歲以上,男,1.0
2025-10-10,尿液,陰性,未檢出,無,50-59歲,男,0.0
2025-04-24,尿液,陰性,未檢出,無,50-59歲,男,0.0
2025-01-01,尿液,陰性,甲基安非他命,無,40-49歲,女,0.0
2025-12-22,尿液,陰性,安非他命,無,40-49歲,男,0.0
2025-07-12,尿液,陰性,未檢出,二級,40-49歲,女,2.0
2025-08-10,尿液,陽性,未檢出,無,40-49歲,男,0.0
2025-03-05,尿液,陰性,嗎啡,三級,40-49歲,男,1.0
2025-04-17,尿液,陽性,嗎啡,三級,40-49歲,男,1.0
2025-12-28,尿液,陰性,未檢出,無,50-59歲,男,0.0
2025-07-03,尿液,陰性,未檢出,無,30-39歲,男,0.0
2025-06-08,尿液,陰性,安非他命,二級,30-39歲,男,2.0
2025-02-23,尿液,陰性,未檢出,無,40-49歲,男,0.0
2025-02-20,尿液,陰性,未檢出,二級,30-39歲,男,2.0
2025-06-26,尿液,陰性,未檢出,無,40-49歲,男,0.0
2025-01-23,血液,陰性,未檢出,無,50-59歲,女,0.0
2025-12-22,尿液,陰性,未檢出,無,30-39歲,男,0.0
2025-03-02,尿液,陰性,未檢出,無,40-49歲,男,0.0
2025-12-03,尿液,陰性,未檢出,無,40-49歲,男,0.0
2025-12-15,尿液,陰性,未檢出,無,50-59歲,男,0.0
2025-04-02,尿液,陽性,未檢出,無,40-49歲,男,0.0
2025-03-18,尿液,陰性,未檢出,無,30-39歲,男,0.0
2025-02-23,尿液,陰性,未檢出,無,60歲以上,男,0.0
2025-01-16,尿液,陰性,未檢出,無,30-39歲,男,0.0
2025-10-14,尿液,陰性,未檢出,無,40-49歲,女,0.0
2025-03-05,血液,陽性,未檢出,二級,30-39歲,男,2.0
2025-10-15,尿液,陰性,未檢出,無,40-49歲,男,0.0
2025-11-20,尿液,陰性,未檢出,無,40-49歲,男,0.0
2025-02-19,尿液,陰性,未檢出,無,50-59歲,男,0.0
2025-09-07,尿液,陰性,未檢出,無,40-49歲,男,0.0
2025-07-31,血液,陽性,甲基安非他命,三級,40-49歲,女,1.0
2025-02-11,尿液,陰性,未檢出,無,50-59歲,男,0.0
2025-05-02,尿液,陰性,未檢出,無,30-39歲,男,0.0
2025-05-16,尿液,陰性,未檢出,無,40-49歲,男,0.0
2025-05-07,尿液,陽性,未檢出,無,30-39歲,男,0.0
2025-06-25,尿液,陰性,未檢出,無,30-39歲,男,0.0
2025-01-18,血液,陰性,未檢出,無,40-49歲,男,0.0
2025-03-28,尿液,陽性,安非他命,無,40-49歲,女,0.0
2025-05-25,尿液,陽性,未檢出,二級,20-29歲,男,2.0
2025-01-02,尿液,陰性,未檢出,無,50-59歲,男,0.0
2025-04-07,尿液,陽性,愷他命,二級,30-39歲,男,2.0
2025-01-22,尿液,陽性,未檢出,二級,40-49歲,男,2.0
2025-02-25,尿液,陽性,未檢出,二級,60歲以上,女,2.0
2025-08-06,尿液,陰性,未檢出,無,40-49歲,男,0.0
2025-12-30,尿液,陰性,未檢出,三級,40-49歲,男,1.0
2025-07-30,尿液,陰性,未檢出,無,40-49歲,男,0.0
2025-06-03,尿液,陰性,未檢出,無,19歲以下,男,0.0
2025-04-26,尿液,陰性,未檢出,無,30-39歲,男,0.0
2025-09-06,尿液,陰性,未檢出,無,30-39歲,男,0.0
2025-11-20,尿液,陰性,未檢出,無,50-59歲,女,0.0
2025-10-21,尿液,陽性,未檢出,二級,40-49歲,男,2.0
2025-05-05,尿液,陽性,安非他命,無,50-59歲,男,0.0
2025-04-24,尿液,陰性,未檢出,二級,50-59歲,女,2.0
2025-12-17,尿液,陽性,甲基安非他命,三級,40-49歲,男,1.0
2025-07-25,尿液,陰性,未檢出,二級,40-49歲,男,2.0
2025-04-01,尿液,陰性,未檢出,無,19歲以下,男,0.0
2025-03-25,尿液,陰性,愷他命,三級,50-59歲,男,1.0
2025-01-09,尿液,陰性,未檢出,無,50-59歲,男,0.0
2025-04-26,尿液,陰性,未檢出,無,30-39歲,男,0.0
2025-03-15,尿液,陰性,甲基安非他命,二級,50-59歲,男,2.0
2025-10-07,尿液,陽性,未檢出,無,30-39歲,男,0.0
2025-10-29,血液,陰性,愷他命,二級,50-59歲,女,2.0
2025-11-15,血液,陰性,未檢出,無,40-49歲,男,0.0
2025-11-28,尿液,陰性,未檢出,無,30-39歲,男,0.0
2025-11-07,尿液,陰性,未檢出,無,30-39歲,男,0.0
2025-12-24,血液,陽性,未檢出,二級,60歲以上,男,2.0
2025-02-25,尿液,陽性,未檢出,無,40-49歲,男,0.0
2025-03-13,尿液,陰性,未檢出,無,20-29歲,女,0.0
2025-05-01,尿液,陰性,安非他命,無,50-59歲,男,0.0
2025-11-06,尿液,陽性,嗎啡,二級,30-39歲,女,2.0
2025-03-23,血液,陽性,安非他命,無,50-59歲,男,0.0
2025-12-17,血液,陰性,甲基安非他命,無,50-59歲,男,0.0
2025-03-08,尿液,陽性,甲基安非他命,二級,40-49歲,男,2.0
2025-02-11,血液,陰性,未檢出,無,40-49歲,女,0.0
2025-05-20,尿液,陰性,未檢出,無,40-49歲,男,0.0
2025-09-07,尿液,陽性,安非他命,無,50-59歲,男,0.0
2025-02-05,尿液,陰性,未檢出,無,19歲以下,男,0.0
2025-08-06,尿液,陽性,甲基安非他命,無,40-49歲,男,0.0
2025-05-29,血液,陰性,未檢出,無,50-59歲,女,0.0
2025-09-06,血液,陰性,未檢出,無,40-49歲,男,0.0
2025-08-13,尿液,陰性,未檢出,二級,50-59歲,男,2.0
2025-04-16,尿液,陰性,未檢出,無,20-29歲,男,0.0
2025-01-17,尿液,陰性,未檢出,無,30-39歲,男,0.0
2025-05-28,尿液,陽性,愷他命,二級,40-49歲,女,2.0
2025-02-19,尿液,陰性,未檢出,無,50-59歲,男,0.0
2025-09-12,尿液,陰性,未檢出,二級,30-39歲,男,2.0
2025-12-26,尿液,陰性,甲基安非他命,二級,40-49歲,女,2.0
2025-09-12,尿液,陰性,未檢出,無,50-59歲,男,0.0
2025-03-28,尿液,陰性,未檢出,無,40-49歲,女,0.0
2025-03-07,尿液,陽性,未檢出,二級,50-59歲,男,2.0
2025-05-05,尿液,陰性,未檢出,無,50-59歲,男,0.0
2025-03-20,血液,陰性,安非他命,一級,60歲以上,男,3.0
2025-09-28,尿液,陰性,未檢出,無,30-39歲,男,0.0
2025-06-30,尿液,陰性,未檢出,無,19歲以下,男,0.0
2025-12-28,尿液,陰性,安非他命,一級,40-49歲,男,3.0
2025-09-01,尿液,陽性,愷他命,無,40-49歲,男,0.0
2025-12-07,尿液,陰性,甲基安非他命,二級,40-49歲,男,2.0
2025-05-18,尿液,陰性,未檢出,無,40-49歲,男,0.0
2025-09-01,尿液,陰性,未檢出,無,50-59歲,男,0.0
2025-12-18,尿液,陰性,未檢出,無,40-49歲,男,0.0
2025-12-13,尿液,陽性,甲基安非他命,無,30-39歲,男,0.0
2025-04-20,血液,陰性,未檢出,無,30-39歲,女,0.0
2025-05-13,尿液,陽性,未檢出,無,40-49歲,男,0.0
2025-10-20,尿液,陰性,甲基安非他命,無,60歲以上,男,0.0
2025-10-25,尿液,陰性,甲基安非他命,三級,40-49歲,男,1.0
2025-11-26,尿液,陰性,安非他命,無,20-29歲,男,0.0
2025-01-20,尿液,陰性,未檢出,無,50-59歲,男,0.0
2025-11-29,尿液,陰性,未檢出,無,40-49歲,男,0.0
2025-12-19,尿液,陰性,未檢出,無,40-49歲,女,0.0
2025-06-03,尿液,陰性,未檢出,無,50-59歲,男,0.0
2025-05-19,尿液,陰性,安非他命,無,40-49歲,男,0.0
2025-03-01,尿液,陰性,未檢出,無,60歲以上,男,0.0
2025-05-06,尿液,陽性,未檢出,無,40-49歲,男,0.0
2025-02-07,尿液,陰性,未檢出,無,20-29歲,男,0.0
2025-08-26,尿液,陰性,未檢出,無,40-49歲,男,0.0
2025-02-20,尿液,陰性,未檢出,無,40-49歲,女,0.0
2025-01-28,尿液,陰性,未檢出,二級,60歲以上,男,2.0
2025-02-07,尿液,陰性,未檢出,無,40-49歲,男,0.0
2025-05-14,尿液,陰性,未檢出,無,40-49歲,男,0.0
2025-10-30,尿液,陰性,未檢出,無,20-29歲,男,0.0
2025-11-10,尿液,陰性,未檢出,無,40-49歲,男,0.0
2025-05-28,尿液,陰性,未檢出,無,50-59歲,男,0.0
2025-10-29,尿液,陽性,甲基安非他命,二級,60歲以上,男,2.0
2025-11-10,尿液,陽性,未檢出,無,40-49歲,男,0.0
2025-07-25,血液,陽性,未檢出,無,40-49歲,男,0.0
2025-09-12,尿液,陰性,未檢出,二級,30-39歲,男,2.0
2025-07-27,尿液,陰性,安非他命,二級,50-59歲,男,2.0
2025-03-13,尿液,陰性,安非他命,無,20-29歲,男,0.0
2025-07-08,血液,陰性,甲基安非他命,無,40-49歲,男,0.0
2025-04-20,尿液,陽性,未檢出,二級,50-59歲,男,2.0
2025-05-12,尿液,陰性,未檢出,無,50-59歲,男,0.0
2025-07-06,尿液,陰性,未檢出,無,20-29歲,男,0.0
2025-09-04,尿液,陰性,愷他命,無,30-39歲,女,0.0
2025-02-07,尿液,陽性,未檢出,二級,50-59歲,男,2.0
2025-10-04,尿液,陰性,未檢出,無,40-49歲,男,0.0
2025-07-30,尿液,陰性,未檢出,無,40-49歲,男,0.0
2025-10-09,尿液,陰性,愷他命,無,30-39歲,女,0.0
2025-03-18,尿液,陽性,安非他命,二級,40-49歲,女,2.0
2025-09-10,尿液,陽性,愷他命,一級,40-49歲,女,3.0
2025-06-21,尿液,陰性,未檢出,無,40-49歲,男,0.0
2025-10-22,尿液,陰性,未檢出,無,30-39歲,男,0.0
2025-01-10,尿液,陰性,未檢出,無,60歲以上,男,0.0
2025-06-16,尿液,陰性,未檢出,無,50-59歲,男,0.0
2025-11-05,尿液,陰性,未檢出,無,50-59歲,男,0.0
2025-12-02,血液,陰性,甲基安非他命,無,50-59歲,男,0.0
2025-04-26,尿液,陰性,未檢出,無,60歲以上,男,0.0
2025-11-19,血液,陰性,未檢出,無,50-59歲,男,0.0
2025-03-15,血液,陰性,未檢出,無,50-59歲,男,0.0
2025-09-25,尿液,陰性,未檢出,無,40-49歲,男,0.0
2025-12-06,血液,陰性,未檢出,無,40-49歲,男,0.0
2025-08-27,尿液,陽性,未檢出,無,60歲以上,男,0.0
2025-10-21,尿液,陰性,未檢出,無,40-49歲,男,0.0
2025-03-08,血液,陰性,未檢出,無,50-59歲,男,0.0
2025-11-17,尿液,陰性,甲基安非他命,無,50-59歲,男,0.0
2025-02-04,尿液,陰性,甲基安非他命,無,40-49歲,男,0.0
2025-06-08,尿液,陰性,未檢出,無,40-49歲,男,0.0
2025-10-08,尿液,陰性,未檢出,無,40-49歲,男,0.0
2025-12-21,尿液,陰性,未檢出,三級,20-29歲,男,1.0
2025-01-22,尿液,陰性,未檢出,無,30-39歲,男,0.0
2025-11-07,尿液,陽性,甲基安非他命,無,50-59歲,女,0.0
2025-03-20,尿液,陽性,安非他命,二級,50-59歲,女,2.0
2025-11-04,尿液,陽性,未檢出,無,40-49歲,男,0.0
2025-01-09,尿液,陽性,愷他命,二級,60歲以上,女,2.0
2025-05-08,尿液,陰性,未檢出,無,40-49歲,男,0.0
2025-07-25,尿液,陰性,甲基安非他命,無,40-49歲,男,0.0
2025-05-22,尿液,陰性,未檢出,無,50-59歲,男,0.0
2025-06-13,尿液,陰性,未檢出,無,30-39歲,男,0.0
2025-12-28,尿液,陰性,未檢出,無,50-59歲,男,0.0
2025-08-09,尿液,陰性,愷他命,一級,40-49歲,男,3.0
2025-05-07,血液,陽性,未檢出,二級,50-59歲,男,2.0
2025-08-13,尿液,陰性,未檢出,無,40-49歲,男,0.0
2025-01-31,尿液,陽性,未檢出,二級,19歲以下,男,2.0
2025-10-15,尿液,陰性,未檢出,二級,40-49歲,男,2.0
2025-02-16,尿液,陰性,未檢出,無,40-49歲,男,0.0
2025-09-11,尿液,陰性,甲基安非他命,無,30-39歲,男,0.0
2025-12-24,尿液,陰性,愷他命,二級,40-49歲,男,2.0
2025-02-16,尿液,陰性,未檢出,無,50-59歲,男,0.0
2025-10-27,血液,陰性,未檢出,無,50-59歲,女,0.0
2025-07-02,尿液,陰性,未檢出,無,40-49歲,女,0.0
2025-09-13,尿液,陰性,未檢出,無,40-49歲,男,0.0
2025-03-06,尿液,陰性,未檢出,無,60歲以上,男,0.0
2025-12-08,尿液,陰性,未檢出,無,60歲以上,男,0.0
2025-11-09,尿液,陽性,安非他命,無,30-39歲,男,0.0
2025-02-26,尿液,陰性,未檢出,無,40-49歲,男,0.0
2025-11-05,尿液,陰性,未檢出,無,50-59歲,男,0.0
2025-02-13,尿液,陰性,未檢出,無,30-39歲,男,0.0
2025-01-03,尿液,陰性,未檢出,無,30-39歲,女,0.0
2025-06-19,尿液,陰性,未檢出,無,50-59歲,女,0.0
2025-10-13,尿液,陰性,未檢出,二級,40-49歲,女,2.0
2025-01-17,尿液,陰性,未檢出,無,40-49歲,男,0.0
2025-06-08,尿液,陰性,安非他命,二級,40-49歲,男,2.0
2025-08-14,血液,陽性,未檢出,無,30-39歲,男,0.0
2025-04-13,尿液,陰性,未檢出,無,60歲以上,男,0.0
2025-04-17,尿液,陰性,未檢出,無,30-39歲,男,0.0
2025-11-20,尿液,陰性,未檢出,無,30-39歲,女,0.0
2025-11-16,尿液,陽性,嗎啡,二級,50-59歲,男,2.0
2025-04-14,尿液,陰性,未檢出,無,20-29歲,男,0.0
2025-03-02,尿液,陰性,未檢出,無,40-49歲,男,0.0
2025-06-27,尿液,陽性,安非他命,一級,30-39歲,男,3.0
2025-03-07,尿液,陰性,未檢出,無,30-39歲,男,0.0
2025-03-26,尿液,陰性,未檢出,二級,40-49歲,男,2.0
2025-01-20,尿液,陰性,未檢出,二級,40-49歲,女,2.0
2025-08-07,尿液,陰性,未檢出,無,20-29歲,男,0.0
2025-10-16,尿液,陰性,未檢出,無,50-59歲,男,0.0
2025-08-22,血液,陰性,未檢出,無,60歲以上,男,0.0
2025-09-10,尿液,陰性,未檢出,無,40-49歲,女,0.0
2025-12-27,尿液,陰性,未檢出,無,40-49歲,女,0.0
2025-06-03,血液,陰性,未檢出,無,60歲以上,男,0.0
2025-05-18,尿液,陽性,未檢出,二級,50-59歲,男,2.0
2025-12-25,尿液,陰性,未檢出,無,20-29歲,女,0.0
2025-10-13,血液,陰性,未檢出,二級,40-49歲,女,2.0
2025-01-27,尿液,陽性,未檢出,無,40-49歲,男,0.0
2025-03-02,尿液,陰性,未檢出,無,40-49歲,男,0.0
2025-03-21,尿液,陽性,未檢出,無,40-49歲,男,0.0
2025-07-02,尿液,陰性,愷他命,無,30-39歲,男,0.0
2025-11-11,尿液,陰性,未檢出,二級,50-59歲,男,2.0
2025-07-21,尿液,陽性,嗎啡,三級,40-49歲,女,1.0
2025-11-23,尿液,陰性,未檢出,無,30-39歲,男,0.0
2025-01-04,尿液,陰性,未檢出,無,30-39歲,男,0.0
2025-10-03,尿液,陰性,未檢出,無,50-59歲,男,0.0
2025-02-12,尿液,陰性,未檢出,無,50-59歲,女,0.0
2025-09-21,尿液,陰性,未檢出,無,40-49歲,男,0.0
2025-03-15,尿液,陰性,未檢出,二級,20-29歲,男,2.0
2025-12-26,尿液,陰性,未檢出,無,50-59歲,男,0.0
2025-01-30,尿液,陰性,未檢出,無,50-59歲,男,0.0
2025-12-05,尿液,陰性,未檢出,無,50-59歲,男,0.0
2025-12-16,尿液,陰性,未檢出,無,50-59歲,男,0.0
2025-11-06,尿液,陰性,未檢出,無,30-39歲,男,0.0
2025-11-23,尿液,陰性,未檢出,無,30-39歲,男,0.0
2025-01-18,尿液,陰性,甲基安非他命,無,50-59歲,男,0.0
2025-03-04,尿液,陰性,未檢出,無,50-59歲,男,0.0
2025-01-28,尿液,陰性,未檢出,無,50-59歲,男,0.0
2025-03-05,尿液,陰性,未檢出,三級,40-49歲,男,1.0
2025-11-24,血液,陰性,未檢出,無,50-59歲,女,0.0
2025-04-17,尿液,陰性,未檢出,無,30-39歲,男,0.0
2025-05-09,尿液,陽性,嗎啡,二級,20-29歲,女,2.0
2025-08-13,血液,陰性,未檢出,無,40-49歲,男,0.0
2025-02-20,尿液,陰性,未檢出,無,30-39歲,男,0.0
2025-06-18,尿液,陰性,未檢出,無,50-59歲,男,0.0
2025-11-27,尿液,陰性,未檢出,無,60歲以上,男,0.0
2025-02-23,尿液,陽性,安非他命,無,60歲以上,男,0.0
2025-03-09,尿液,陰性,未檢出,無,40-49歲,男,0.0
2025-02-22,尿液,陰性,甲基安非他命,無,40-49歲,男,0.0
2025-01-05,尿液,陰性,未檢出,無,40-49歲,男,0.0
2025-06-06,尿液,陰性,未檢出,無,40-49歲,男,0.0
2025-02-19,尿液,陰性,安非他命,無,40-49歲,女,0.0
2025-02-05,尿液,陰性,未檢出,無,40-49歲,男,0.0
2025-05-27,尿液,陰性,未檢出,無,40-49歲,男,0.0
2025-06-27,尿液,陰性,未檢出,無,40-49歲,男,0.0
2025-05-26,尿液,陰性,未檢出,無,40-49歲,男,0.0
2025-02-18,尿液,陰性,未檢出,無,50-59歲,男,0.0
2025-07-01,尿液,陰性,未檢出,三級,40-49歲,男,1.0
2025-01-19,尿液,陰性,未檢出,無,40-49歲,男,0.0
2025-11-21,血液,陰性,未檢出,無,40-49歲,男,0.0
2025-03-25,尿液,陰性,未檢出,三級,30-39歲,男,1.0
2025-09-12,尿液,陰性,未檢出,無,40-49歲,男,0.0
2025-12-19,尿液,陽性,愷他命,無,50-59歲,男,0.0
2025-10-13,尿液,陰性,未檢出,無,40-49歲,男,0.0
2025-03-28,尿液,陰性,未檢出,無,40-49歲,女,0.0
2025-11-05,尿液,陰性,未檢出,無,40-49歲,男,0.0
2025-09-21,尿液,陰性,愷他命,無,60歲以上,男,0.0
2025-03-05,血液,陰性,甲基安非他命,二級,50-59歲,男,2.0
2025-03-13,尿液,陰性,未檢出,無,40-49歲,男,0.0
2025-08-03,尿液,陰性,未檢出,無,50-59歲,男,0.0
2025-08-14,尿液,陰性,未檢出,無,60歲以上,男,0.0
2025-11-09,尿液,陰性,未檢出,無,50-59歲,男,0.0
2025-03-14,尿液,陰性,未檢出,無,60歲以上,男,0.0
2025-12-14,尿液,陰性,安非他命,無,30-39歲,男,0.0
2025-09-27,尿液,陰性,未檢出,無,50-59歲,女,0.0
2025-03-14,尿液,陰性,甲基安非他命,無,50-59歲,男,0.0
2025-03-10,尿液,陰性,未檢出,無,50-59歲,男,0.0
2025-01-08,尿液,陰性,未檢出,無,30-39歲,男,0.0
2025-08-07,尿液,陰性,未檢出,二級,40-49歲,男,2.0
2025-02-13,尿液,陰性,未檢出,無,40-49歲,男,0.0
2025-01-31,尿液,陰性,未檢出,無,40-49歲,女,0.0
2025-08-08,尿液,陰性,未檢出,無,40-49歲,男,0.0
2025-04-13,尿液,陰性,未檢出,無,40-49歲,男,0.0
2025-07-18,尿液,陰性,未檢出,無,30-39歲,男,0.0
2025-05-13,尿液,陽性,甲基安非他命,無,30-39歲,男,0.0
2025-06-16,尿液,陰性,未檢出,無,40-49歲,男,0.0
2025-01-31,尿液,陰性,未檢出,無,40-49歲,男,0.0
2025-03-25,尿液,陰性,未檢出,無,60歲以上,女,0.0
2025-12-03,尿液,陰性,未檢出,無,40-49歲,女,0.0
2025-10-09,尿液,陰性,未檢出,無,30-39歲,男,0.0
2025-06-08,尿液,陰性,未檢出,無,60歲以上,男,0.0
2025-06-27,血液,陰性,安非他命,二級,50-59歲,男,2.0
2025-05-24,血液,陰性,未檢出,二級,50-59歲,男,2.0
2025-07-19,尿液,陰性,未檢出,無,30-39歲,女,0.0
2025-08-04,尿液,陰性,安非他命,無,40-49歲,男,0.0
2025-12-12,尿液,陰性,未檢出,無,40-49歲,男,0.0
2025-01-11,尿液,陽性,安非他命,無,50-59歲,男,0.0
2025-08-03,尿液,陽性,安非他命,二級,50-59歲,男,2.0
2025-04-30,尿液,陰性,未檢出,無,30-39歲,男,0.0
2025-03-02,尿液,陰性,未檢出,無,30-39歲,男,0.0
2025-09-26,尿液,陰性,未檢出,無,30-39歲,男,0.0
2025-01-19,尿液,陰性,未檢出,無,30-39歲,男,0.0
2025-11-24,尿液,陰性,未檢出,無,60歲以上,男,0.0
2025-04-10,尿液,陰性,未檢出,無,40-49歲,男,0.0
2025-08-20,血液,陰性,未檢出,無,30-39歲,女,0.0
2025-11-09,血液,陰性,未檢出,無,19歲以下,男,0.0
2025-03-28,尿液,陰性,嗎啡,二級,20-29歲,男,2.0
2025-05-22,尿液,陰性,未檢出,無,19歲以下,男,0.0
2025-12-24,尿液,陰性,安非他命,無,30-39歲,男,0.0
2025-11-28,尿液,陽性,未檢出,無,30-39歲,女,0.0
2025-01-29,尿液,陰性,未檢出,無,40-49歲,男,0.0
2025-12-17,尿液,陰性,未檢出,無,40-49歲,男,0.0
2025-09-24,血液,陰性,甲基安非他命,無,50-59歲,男,0.0
2025-04-06,尿液,陰性,未檢出,無,20-29歲,男,0.0
2025-08-02,尿液,陰性,未檢出,無,30-39歲,男,0.0
2025-02-07,尿液,陰性,安非他命,無,40-49歲,男,0.0
2025-09-04,血液,陰性,未檢出,無,30-39歲,男,0.0
2025-07-08,血液,陰性,未檢出,無,40-49歲,男,0.0
2025-03-01,尿液,陰性,甲基安非他命,三級,50-59歲,男,1.0
2025-10-12,尿液,陽性,未檢出,二級,20-29歲,男,2.0
2025-08-24,尿液,陰性,未檢出,無,40-49歲,男,0.0
2025-12-12,尿液,陰性,未檢出,無,50-59歲,女,0.0
2025-02-18,尿液,陽性,愷他命,二級,40-49歲,男,2.0
2025-01-06,尿液,陰性,未檢出,二級,19歲以下,男,2.0
2025-08-23,尿液,陰性,未檢出,無,30-39歲,女,0.0
2025-12-27,尿液,陰性,未檢出,無,50-59歲,男,0.0
2025-11-02,尿液,陽性,未檢出,二級,50-59歲,男,2.0
2025-11-25,尿液,陰性,安非他命,無,50-59歲,女,0.0
2025-02-07,尿液,陽性,未檢出,無,30-39歲,女,0.0
2025-02-26,血液,陰性,未檢出,無,40-49歲,男,0.0
2025-12-07,尿液,陰性,未檢出,無,40-49歲,男,0.0
2025-04-19,尿液,陽性,甲基安非他命,無,40-49歲,男,0.0
2025-11-09,尿液,陰性,未檢出,無,40-49歲,女,0.0
2025-07-30,尿液,陰性,未檢出,無,50-59歲,男,0.0
2025-08-09,血液,陰性,未檢出,二級,50-59歲,男,2.0
2025-10-23,尿液,陰性,安非他命,二級,60歲以上,男,2.0
2025-05-20,尿液,陰性,未檢出,無,40-49歲,男,0.0
2025-12-31,尿液,陰性,未檢出,無,30-39歲,男,0.0
2025-08-14,尿液,陰性,未檢出,無,20-29歲,男,0.0
2025-11-24,尿液,陽性,未檢出,二級,40-49歲,女,2.0
2025-11-10,尿液,陰性,未檢出,無,30-39歲,男,0.0
2025-05-13,尿液,陰性,愷他命,三級,20-29歲,男,1.0
2025-02-01,尿液,陰性,未檢出,無,60歲以上,男,0.0
2025-10-24,尿液,陽性,未檢出,無,50-59歲,男,0.0
2025-09-27,尿液,陰性,未檢出,無,60歲以上,男,0.0
2025-06-07,血液,陰性,未檢出,無,50-59歲,男,0.0
2025-11-14,尿液,陰性,未檢出,無,50-59歲,男,0.0
2025-06-07,尿液,陰性,未檢出,無,20-29歲,男,0.0
2025-01-02,尿液,陰性,未檢出,無,50-59歲,男,0.0
2025-11-07,尿液,陰性,未檢出,無,60歲以上,男,0.0
2025-11-11,尿液,陰性,未檢出,無,50-59歲,男,0.0
2025-10-29,尿液,陰性,未檢出,無,30-39歲,男,0.0
2025-02-24,血液,陽性,甲基安非他命,二級,19歲以下,男,2.0
2025-12-30,尿液,陰性,安非他命,無,50-59歲,男,0.0
2025-11-21,尿液,陽性,未檢出,無,50-59歲,男,0.0
2025-12-03,尿液,陰性,未檢出,無,40-49歲,男,0.0
2025-06-12,尿液,陰性,甲基安非他命,二級,50-59歲,男,2.0
2025-02-22,尿液,陰性,未檢出,無,60歲以上,男,0.0
2025-12-07,尿液,陰性,未檢出,無,40-49歲,男,0.0
2025-07-04,血液,陰性,未檢出,無,20-29歲,女,0.0
2025-11-04,血液,陰性,未檢出,無,40-49歲,男,0.0
2025-02-23,血液,陰性,未檢出,無,50-59歲,男,0.0
2025-05-10,尿液,陰性,未檢出,無,40-49歲,男,0.0
2025-10-25,尿液,陰性,愷他命,二級,60歲以上,男,2.0
2025-03-26,尿液,陰性,甲基安非他命,三級,30-39歲,男,1.0
2025-12-13,尿液,陰性,未檢出,無,30-39歲,女,0.0
2025-06-07,尿液,陽性,未檢出,二級,40-49歲,男,2.0
2025-07-05,尿液,陰性,未檢出,無,50-59歲,男,0.0
2025-10-23,尿液,陰性,未檢出,一級,40-49歲,男,3.0
2025-04-19,尿液,陰性,未檢出,無,40-49歲,男,0.0
2025-04-20,尿液,陰性,未檢出,無,20-29歲,男,0.0
2025-05-29,尿液,陰性,安非他命,無,60歲以上,男,0.0
2025-01-20,尿液,陰性,未檢出,無,50-59歲,男,0.0
2025-03-25,尿液,陰性,嗎啡,二級,30-39歲,男,2.0
2025-03-20,尿液,陰性,未檢出,無,40-49歲,男,0.0
2025-05-13,尿液,陰性,未檢出,無,40-49歲,男,0.0
2025-05-19,尿液,陰性,未檢出,無,40-49歲,男,0.0
2025-01-28,尿液,陰性,未檢出,無,50-59歲,女,0.0
2025-09-04,尿液,陰性,甲基安非他命,二級,19歲以下,女,2.0
2025-01-01,尿液,陰性,未檢出,無,60歲以上,男,0.0
2025-01-02,尿液,陽性,愷他命,二級,40-49歲,男,2.0
2025-05-25,尿液,陰性,未檢出,無,30-39歲,男,0.0
2025-08-17,尿液,陰性,未檢出,無,30-39歲,男,0.0
2025-05-25,尿液,陽性,未檢出,無,40-49歲,男,0.0
2025-06-28,尿液,陰性,未檢出,無,40-49歲,男,0.0
2025-03-26,尿液,陽性,未檢出,無,40-49歲,男,0.0
2025-11-23,尿液,陰性,未檢出,無,60歲以上,男,0.0
2025-07-22,尿液,陰性,未檢出,二級,50-59歲,女,2.0
2025-08-21,血液,陰性,未檢出,無,50-59歲,男,0.0
2025-03-21,血液,陰性,未檢出,無,50-59歲,男,0.0
2025-09-27,尿液,陰性,未檢出,二級,50-59歲,女,2.0
2025-09-13,尿液,陰性,未檢出,無,50-59歲,女,0.0
2025-06-03,尿液,陰性,未檢出,無,40-49歲,男,0.0
2025-05-19,血液,陰性,甲基安非他命,無,40-49歲,男,0.0
2025-12-03,尿液,陽性,未檢出,二級,19歲以下,男,2.0
2025-01-18,尿液,陰性,未檢出,無,50-59歲,男,0.0
2025-06-03,尿液,陰性,未檢出,無,50-59歲,男,0.0
2025-12-15,尿液,陰性,愷他命,無,50-59歲,男,0.0
2025-06-02,尿液,陰性,未檢出,無,40-49歲,男,0.0
2025-04-20,尿液,陰性,未檢出,二級,40-49歲,男,2.0
2025-05-16,尿液,陰性,未檢出,無,40-49歲,男,0.0
2025-09-20,尿液,陰性,未檢出,二級,50-59歲,男,2.0
2025-06-23,尿液,陰性,未檢出,二級,40-49歲,男,2.0
2025-05-14,尿液,陰性,未檢出,二級,50-59歲,男,2.0
2025-04-08,尿液,陰性,未檢出,無,50-59歲,男,0.0
2025-10-04,尿液,陰性,未檢出,無,40-49歲,男,0.0
2025-11-22,尿液,陰性,未檢出,無,40-49歲,男,0.0
2025-12-08,尿液,陽性,未檢出,無,50-59歲,男,0.0
2025-07-10,尿液,陰性,未檢出,無,40-49歲,女,0.0
2025-02-03,尿液,陽性,未檢出,二級,40-49歲,男,2.0
2025-08-30,尿液,陰性,未檢出,無,30-39歲,男,0.0
2025-03-29,尿液,陰性,未檢出,無,60歲以上,男,0.0
2025-06-14,尿液,陰性,未檢出,二級,20-29歲,男,2.0
2025-11-21,尿液,陰性,未檢出,無,40-49歲,男,0.0
2025-07-30,尿液,陰性,未檢出,無,40-49歲,女,0.0
2025-02-01,尿液,陽性,安非他命,無,30-39歲,男,0.0
2025-08-27,尿液,陰性,安非他命,二級,50-59歲,男,2.0
2025-10-29,尿液,陽性,未檢出,無,40-49歲,男,0.0
2025-01-30,尿液,陰性,未檢出,二級,30-39歲,男,2.0
2025-04-02,尿液,陰性,未檢出,二級,30-39歲,男,2.0
2025-03-18,尿液,陰性,未檢出,無,50-59歲,男,0.0
2025-09-11,尿液,陰性,未檢出,二級,50-59歲,女,2.0
2025-10-16,尿液,陽性,安非他命,三級,30-39歲,男,1.0
2025-02-21,尿液,陽性,未檢出,二級,60歲以上,男,2.0
2025-07-22,尿液,陰性,未檢出,二級,20-29歲,男,2.0
2025-01-18,尿液,陰性,未檢出,無,20-29歲,男,0.0
2025-05-29,尿液,陽性,甲基安非他命,二級,40-49歲,男,2.0
2025-10-26,尿液,陽性,未檢出,無,40-49歲,男,0.0
2025-03-08,尿液,陰性,未檢出,無,30-39歲,男,0.0
2025-07-12,尿液,陰性,未檢出,無,60歲以上,男,0.0
2025-08-06,尿液,陰性,未檢出,無,30-39歲,男,0.0
2025-08-07,尿液,陰性,未檢出,二級,50-59歲,男,2.0
2025-06-30,尿液,陰性,未檢出,無,40-49歲,男,0.0
2025-08-26,血液,陽性,甲基安非他命,二級,19歲以下,男,2.0
2025-05-28,尿液,陰性,未檢出,無,50-59歲,男,0.0
2025-04-25,血液,陰性,未檢出,無,40-49歲,男,0.0
2025-09-28,尿液,陰性,嗎啡,二級,40-49歲,男,2.0
2025-05-04,血液,陰性,未檢出,無,20-29歲,男,0.0
2025-10-10,尿液,陰性,未檢出,無,50-59歲,男,0.0
2025-08-04,尿液,陰性,未檢出,二級,19歲以下,男,2.0
2025-09-07,尿液,陰性,未檢出,無,19歲以下,女,0.0
2025-02-23,尿液,陰性,未檢出,無,40-49歲,男,0.0
2025-02-18,血液,陰性,未檢出,無,40-49歲,男,0.0
2025-03-01,尿液,陰性,未檢出,無,60歲以上,男,0.0
2025-05-23,尿液,陰性,未檢出,無,60歲以上,男,0.0
2025-09-02,尿液,陰性,未檢出,無,50-59歲,女,0.0
2025-07-04,血液,陰性,未檢出,無,50-59歲,男,0.0
2025-01-15,尿液,陰性,未檢出,無,60歲以上,男,0.0
2025-05-09,尿液,陰性,嗎啡,二級,40-49歲,男,2.0
2025-07-13,尿液,陰性,未檢出,無,50-59歲,男,0.0
2025-10-15,尿液,陽性,未檢出,無,50-59歲,男,0.0
2025-05-18,尿液,陰性,未檢出,二級,40-49歲,男,2.0
2025-01-29,尿液,陰性,未檢出,無,60歲以上,女,0.0
2025-01-02,尿液,陰性,未檢出,無,30-39歲,男,0.0
2025-06-27,尿液,陰性,安非他命,三級,50-59歲,男,1.0
2025-09-14,尿液,陽性,未檢出,二級,60歲以上,男,2.0
2025-05-23,尿液,陽性,甲基安非他命,無,50-59歲,男,0.0
2025-04-08,血液,陽性,未檢出,無,40-49歲,男,0.0
2025-05-25,尿液,陰性,未檢出,無,60歲以上,女,0.0
2025-01-18,尿液,陽性,安非他命,無,50-59歲,男,0.0
2025-06-04,血液,陰性,未檢出,無,50-59歲,男,0.0
2025-05-11,血液,陰性,未檢出,無,30-39歲,男,0.0
2025-10-18,尿液,陽性,安非他命,無,30-39歲,男,0.0
2025-07-09,尿液,陰性,愷他命,無,30-39歲,男,0.0
2025-08-05,尿液,陰性,未檢出,無,30-39歲,女,0.0
2025-07-08,尿液,陰性,未檢出,無,19歲以下,男,0.0
2025-05-12,尿液,陽性,甲基安非他命,無,40-49歲,女,0.0
2025-04-25,尿液,陰性,未檢出,無,40-49歲,男,0.0
2025-02-04,尿液,陰性,未檢出,無,40-49歲,男,0.0
2025-01-25,尿液,陽性,安非他命,無,50-59歲,男,0.0
2025-11-07,血液,陰性,未檢出,無,20-29歲,男,0.0
2025-12-31,尿液,陽性,未檢出,無,40-49歲,男,0.0
2025-02-25,尿液,陰性,安非他命,二級,20-29歲,男,2.0
2025-08-26,尿液,陰性,甲基安非他命,無,40-49歲,男,0.0
2025-04-09,尿液,陽性,安非他命,三級,50-59歲,男,1.0
2025-11-02,尿液,陽性,未檢出,無,40-49歲,男,0.0
2025-06-22,尿液,陰性,未檢出,無,19歲以下,男,0.0
2025-08-06,尿液,陽性,未檢出,三級,50-59歲,男,1.0
2025-05-27,尿液,陰性,未檢出,無,40-49歲,男,0.0
2025-04-02,血液,陽性,未檢出,無,40-49歲,女,0.0
2025-02-07,血液,陰性,未檢出,無,50-59歲,男,0.0
2025-09-10,尿液,陰性,未檢出,無,50-59歲,男,0.0
2025-03-08,尿液,陰性,未檢出,無,20-29歲,女,0.0
2025-08-07,尿液,陰性,未檢出,無,60歲以上,男,0.0
2025-12-02,血液,陰性,未檢出,三級,40-49歲,男,1.0
2025-01-12,尿液,陰性,未檢出,無,40-49歲,男,0.0
2025-01-20,尿液,陰性,未檢出,無,30-39歲,男,0.0
2025-01-28,尿液,陰性,未檢出,無,60歲以上,男,0.0
2025-11-03,尿液,陰性,甲基安非他命,三級,40-49歲,男,1.0
2025-05-04,血液,陰性,未檢出,無,60歲以上,男,0.0
2025-01-16,尿液,陰性,未檢出,無,60歲以上,男,0.0
2025-06-10,尿液,陰性,愷他命,一級,50-59歲,女,3.0
2025-07-08,尿液,陰性,未檢出,無,19歲以下,男,0.0
2025-08-21,尿液,陰性,安非他命,二級,30-39歲,男,2.0
2025-08-24,血液,陰性,未檢出,二級,30-39歲,女,2.0
2025-10-21,尿液,陰性,未檢出,無,50-59歲,女,0.0
2025-03-10,血液,陽性,未檢出,無,40-49歲,男,0.0
2025-01-04,尿液,陰性,安非他命,二級,50-59歲,男,2.0
2025-08-29,尿液,陰性,未檢出,無,50-59歲,男,0.0
2025-07-13,尿液,陽性,安非他命,無,50-59歲,女,0.0
2025-01-07,尿液,陰性,未檢出,無,50-59歲,男,0.0
2025-07-21,尿液,陰性,未檢出,二級,50-59歲,男,2.0
2025-06-06,尿液,陽性,嗎啡,一級,40-49歲,男,3.0
2025-03-09,尿液,陰性,未檢出,無,40-49歲,女,0.0
2025-07-30,尿液,陰性,未檢出,無,40-49歲,男,0.0
2025-10-09,尿液,陰性,未檢出,無,30-39歲,女,0.0
2025-08-07,尿液,陰性,未檢出,無,40-49歲,男,0.0
2025-07-04,尿液,陽性,未檢出,二級,50-59歲,男,2.0
2025-06-10,尿液,陰性,甲基安非他命,一級,50-59歲,男,3.0
2025-07-12,血液,陰性,未檢出,無,40-49歲,男,0.0
2025-11-16,尿液,陰性,未檢出,無,40-49歲,男,0.0
2025-12-03,尿液,陰性,未檢出,二級,50-59歲,男,2.0
2025-05-25,尿液,陰性,未檢出,無,50-59歲,男,0.0
2025-03-27,尿液,陰性,未檢出,無,50-59歲,男,0.0
2025-05-04,尿液,陰性,未檢出,無,30-39歲,女,0.0
2025-05-28,尿液,陰性,未檢出,無,40-49歲,男,0.0
2025-10-05,尿液,陰性,未檢出,無,40-49歲,女,0.0
2025-02-18,尿液,陽性,安非他命,無,19歲以下,男,0.0
2025-02-12,血液,陰性,安非他命,無,20-29歲,男,0.0
2025-05-08,尿液,陰性,未檢出,無,50-59歲,男,0.0
2025-06-27,尿液,陰性,未檢出,無,30-39歲,男,0.0
2025-06-01,尿液,陰性,未檢出,無,40-49歲,男,0.0
2025-08-02,尿液,陰性,未檢出,二級,40-49歲,男,2.0
2025-04-18,尿液,陽性,甲基安非他命,二級,60歲以上,男,2.0
2025-03-25,尿液,陽性,未檢出,二級,20-29歲,男,2.0
2025-10-20,尿液,陽性,未檢出,無,50-59歲,男,0.0
2025-07-05,尿液,陰性,安非他命,無,50-59歲,男,0.0
2025-04-17,尿液,陰性,未檢出,無,50-59歲,男,0.0
2025-12-16,尿液,陽性,未檢出,無,40-49歲,男,0.0
2025-03-03,血液,陰性,未檢出,無,50-59歲,男,0.0
2025-03-31,尿液,陰性,未檢出,無,30-39歲,男,0.0
2025-06-04,尿液,陽性,甲基安非他命,三級,50-59歲,男,1.0
2025-04-07,血液,陰性,未檢出,二級,40-49歲,女,2.0
2025-10-10,血液,陽性,愷他命,三級,30-39歲,男,1.0
2025-10-29,尿液,陰性,未檢出,無,20-29歲,男,0.0
2025-03-20,尿液,陰性,未檢出,無,40-49歲,男,0.0
2025-01-15,血液,陰性,未檢出,無,60歲以上,男,0.0
2025-10-01,血液,陰性,未檢出,無,50-59歲,男,0.0
2025-05-13,尿液,陽性,甲基安非他命,二級,50-59歲,男,2.0
2025-03-20,尿液,陽性,甲基安非他命,二級,40-49歲,男,2.0
2025-11-22,血液,陰性,未檢出,無,50-59歲,女,0.0
2025-04-30,尿液,陰性,未檢出,無,40-49歲,男,0.0
2025-11-26,尿液,陰性,未檢出,二級,40-49歲,女,2.0
2025-10-14,尿液,陰性,未檢出,無,50-59歲,男,0.0
2025-06-25,尿液,陰性,未檢出,無,40-49歲,男,0.0
2025-02-15,尿液,陰性,未檢出,無,50-59歲,男,0.0
2025-12-07,尿液,陰性,未檢出,無,40-49歲,女,0.0
2025-11-19,尿液,陰性,未檢出,無,19歲以下,男,0.0
2025-10-08,血液,陰性,未檢出,無,60歲以上,男,0.0
2025-01-19,尿液,陰性,愷他命,三級,20-29歲,男,1.0
2025-08-28,尿液,陽性,未檢出,無,40-49歲,男,0.0
2025-11-13,血液,陰性,未檢出,無,50-59歲,男,0.0
2025-05-24,尿液,陽性,安非他命,二級,30-39歲,男,2.0
2025-06-04,血液,陰性,未檢出,二級,40-49歲,男,2.0
2025-03-16,尿液,陰性,未檢出,無,50-59歲,男,0.0
2025-03-15,尿液,陰性,未檢出,無,40-49歲,男,0.0
2025-03-05,尿液,陰性,未檢出,無,50-59歲,男,0.0
2025-07-04,尿液,陰性,未檢出,無,20-29歲,男,0.0
2025-09-06,尿液,陽性,未檢出,無,30-39歲,女,0.0
2025-07-23,尿液,陰性,未檢出,二級,40-49歲,男,2.0
2025-06-20,尿液,陰性,未檢出,無,19歲以下,男,0.0
2025-10-20,尿液,陰性,未檢出,二級,40-49歲,男,2.0
2025-06-03,血液,陽性,未檢出,無,19歲以下,男,0.0
2025-04-09,尿液,陰性,未檢出,無,50-59歲,男,0.0
2025-06-11,尿液,陽性,安非他命,二級,30-39歲,男,2.0
2025-02-26,尿液,陽性,未檢出,無,50-59歲,女,0.0
2025-05-04,血液,陰性,安非他命,無,40-49歲,男,0.0
2025-07-03,尿液,陰性,未檢出,無,50-59歲,男,0.0
2025-05-02,尿液,陰性,安非他命,無,20-29歲,男,0.0
2025-07-26,尿液,陽性,甲基安非他命,二級,50-59歲,男,2.0
2025-06-24,血液,陰性,未檢出,無,19歲以下,女,0.0
2025-12-14,尿液,陰性,未檢出,無,30-39歲,男,0.0
2025-12-03,尿液,陰性,未檢出,無,30-39歲,男,0.0
2025-06-08,尿液,陽性,安非他命,無,40-49歲,女,0.0
2025-03-02,尿液,陰性,甲基安非他命,無,30-39歲,女,0.0
2025-01-07,尿液,陽性,未檢出,無,30-39歲,女,0.0
2025-01-08,尿液,陰性,未檢出,無,19歲以下,男,0.0
2025-09-26,尿液,陰性,未檢出,無,50-59歲,女,0.0
2025-11-24,尿液,陰性,未檢出,無,40-49歲,男,0.0
2025-06-08,尿液,陰性,未檢出,無,50-59歲,男,0.0
2025-05-19,血液,陰性,未檢出,無,60歲以上,男,0.0
2025-02-09,尿液,陽性,安非他命,無,40-49歲,女,0.0
2025-02-14,尿液,陽性,未檢出,無,40-49歲,男,0.0
2025-01-29,尿液,陰性,未檢出,無,50-59歲,男,0.0
2025-07-10,尿液,陰性,未檢出,無,60歲以上,男,0.0
2025-06-08,尿液,陽性,嗎啡,無,50-59歲,男,0.0
2025-10-21,血液,陰性,未檢出,無,60歲以上,男,0.0
2025-10-10,尿液,陰性,未檢出,無,50-59歲,男,0.0
2025-01-16,血液,陰性,未檢出,無,60歲以上,男,0.0
2025-04-06,尿液,陰性,甲基安非他命,無,50-59歲,男,0.0
2025-03-17,尿液,陰性,未檢出,無,40-49歲,男,0.0
2025-03-05,尿液,陰性,未檢出,無,50-59歲,女,0.0
2025-11-04,尿液,陰性,未檢出,無,50-59歲,男,0.0
2025-02-04,尿液,陰性,未檢出,無,40-49歲,男,0.0
2025-03-07,尿液,陽性,未檢出,三級,20-29歲,男,1.0
2025-12-25,尿液,陰性,未檢出,無,50-59歲,女,0.0
2025-12-20,尿液,陽性,未檢出,二級,50-59歲,女,2.0
2025-10-18,尿液,陰性,未檢出,二級,50-59歲,男,2.0
2025-04-03,尿液,陰性,未檢出,二級,40-49歲,男,2.0
2025-05-08,尿液,陰性,未檢出,二級,40-49歲,男,2.0
2025-10-02,尿液,陰性,未檢出,無,20-29歲,女,0.0
2025-11-14,尿液,陰性,未檢出,無,40-49歲,男,0.0
2025-05-23,尿液,陰性,未檢出,無,30-39歲,男,0.0
2025-03-06,尿液,陽性,未檢出,無,40-49歲,男,0.0
2025-02-21,尿液,陰性,未檢出,無,50-59歲,男,0.0
2025-05-22,尿液,陰性,安非他命,無,50-59歲,男,0.0
2025-05-14,尿液,陰性,未檢出,無,50-59歲,男,0.0
2025-11-25,尿液,陽性,未檢出,無,50-59歲,男,0.0
2025-04-14,尿液,陰性,未檢出,無,40-49歲,男,0.0
2025-10-07,尿液,陰性,未檢出,二級,50-59歲,男,2.0
2025-02-04,尿液,陰性,未檢出,無,30-39歲,男,0.0
2025-05-26,尿液,陽性,未檢出,無,19歲以下,男,0.0
2025-06-02,血液,陰性,未檢出,無,40-49歲,男,0.0
2025-10-21,尿液,陽性,未檢出,無,40-49歲,男,0.0
2025-06-24,血液,陰性,未檢出,無,30-39歲,男,0.0
2025-06-08,尿液,陰性,未檢出,二級,19歲以下,男,2.0
2025-07-09,血液,陰性,未檢出,無,20-29歲,男,0.0
2025-03-17,尿液,陰性,未檢出,無,50-59歲,男,0.0
2025-09-30,尿液,陰性,未檢出,無,40-49歲,男,0.0
2025-03-04,尿液,陰性,未檢出,無,40-49歲,男,0.0
2025-03-05,尿液,陰性,未檢出,無,60歲以上,女,0.0
2025-05-05,尿液,陰性,未檢出,無,40-49歲,男,0.0
2025-01-18,尿液,陽性,未檢出,無,40-49歲,女,0.0
2025-04-26,尿液,陰性,未檢出,無,50-59歲,女,0.0
2025-05-30,尿液,陰性,未檢出,無,30-39歲,男,0.0
2025-04-29,尿液,陽性,愷他命,二級,40-49歲,女,2.0
2025-03-04,尿液,陰性,未檢出,無,40-49歲,男,0.0
2025-05-05,尿液,陰性,未檢出,無,50-59歲,男,0.0
2025-06-27,血液,陰性,未檢出,二級,40-49歲,男,2.0
2025-05-28,尿液,陰性,未檢出,無,50-59歲,男,0.0
2025-10-21,尿液,陽性,甲基安非他命,二級,50-59歲,男,2.0
2025-07-01,血液,陽性,未檢出,三級,50-59歲,男,1.0
2025-08-11,尿液,陰性,未檢出,無,30-39歲,男,0.0
2025-11-11,尿液,陰性,安非他命,二級,40-49歲,男,2.0
2025-10-10,尿液,陽性,安非他命,無,30-39歲,男,0.0
2025-11-06,尿液,陽性,未檢出,無,50-59歲,男,0.0
2025-08-07,尿液,陰性,未檢出,無,40-49歲,男,0.0
2025-08-09,尿液,陰性,未檢出,無,40-49歲,男,0.0
2025-07-10,尿液,陰性,安非他命,無,30-39歲,女,0.0
2025-01-28,尿液,陰性,未檢出,無,20-29歲,女,0.0
2025-11-06,尿液,陽性,未檢出,二級,50-59歲,男,2.0
2025-06-21,尿液,陰性,安非他命,無,40-49歲,男,0.0
2025-02-18,尿液,陰性,未檢出,無,20-29歲,女,0.0
2025-02-28,尿液,陰性,未檢出,無,30-39歲,男,0.0
2025-01-02,血液,陽性,愷他命,三級,30-39歲,男,1.0
2025-10-04,尿液,陰性,未檢出,無,40-49歲,女,0.0
2025-04-17,尿液,陰性,未檢出,三級,60歲以上,女,1.0
2025-02-13,尿液,陰性,甲基安非他命,無,40-49歲,男,0.0
2025-09-05,尿液,陰性,未檢出,無,50-59歲,男,0.0
2025-12-09,血液,陰性,未檢出,無,20-29歲,女,0.0
2025-09-26,尿液,陰性,未檢出,無,40-49歲,男,0.0
2025-05-25,尿液,陰性,未檢出,無,40-49歲,男,0.0
2025-08-29,尿液,陰性,未檢出,三級,40-49歲,男,1.0
2025-10-25,尿液,陽性,未檢出,三級,40-49歲,男,1.0
2025-10-13,尿液,陰性,未檢出,無,50-59歲,男,0.0
2025-02-09,尿液,陰性,未檢出,無,50-59歲,男,0.0
2025-11-12,尿液,陰性,未檢出,無,50-59歲,男,0.0
2025-02-12,尿液,陰性,未檢出,無,20-29歲,男,0.0
2025-12-10,尿液,陰性,未檢出,二級,50-59歲,男,2.0
2025-04-21,尿液,陰性,未檢出,二級,40-49歲,男,2.0
2025-01-22,尿液,陰性,未檢出,無,40-49歲,男,0.0
2025-08-16,尿液,陽性,嗎啡,三級,20-29歲,男,1.0
2025-08-10,血液,陽性,未檢出,一級,40-49歲,男,3.0
2025-01-19,尿液,陰性,未檢出,無,40-49歲,男,0.0
2025-10-03,尿液,陰性,未檢出,無,40-49歲,女,0.0
2025-11-16,尿液,陰性,未檢出,無,20-29歲,男,0.0
2025-11-27,尿液,陰性,未檢出,無,30-39歲,女,0.0
2025-09-27,尿液,陰性,未檢出,無,40-49歲,男,0.0
2025-08-22,尿液,陰性,未檢出,無,50-59歲,男,0.0
2025-10-08,尿液,陽性,嗎啡,一級,60歲以上,女,3.0
2025-08-20,尿液,陰性,未檢出,無,40-49歲,男,0.0
2025-01-24,尿液,陰性,未檢出,無,40-49歲,男,0.0
2025-03-28,尿液,陰性,未檢出,無,40-49歲,男,0.0
2025-08-28,尿液,陰性,甲基安非他命,二級,20-29歲,男,2.0
2025-04-21,尿液,陰性,未檢出,無,40-49歲,男,0.0
2025-12-31,尿液,陰性,未檢出,無,40-49歲,男,0.0
2025-08-17,尿液,陰性,未檢出,無,20-29歲,男,0.0
2025-02-21,尿液,陰性,未檢出,無,40-49歲,男,0.0
2025-06-17,尿液,陰性,未檢出,無,20-29歲,男,0.0
2025-09-19,尿液,陰性,未檢出,無,60歲以上,男,0.0
2025-06-07,尿液,陰性,甲基安非他命,二級,40-49歲,男,2.0
2025-07-10,尿液,陰性,未檢出,無,40-49歲,男,0.0
2025-08-15,尿液,陰性,未檢出,無,40-49歲,女,0.0
2025-03-08,尿液,陰性,未檢出,無,30-39歲,男,0.0
2025-08-24,尿液,陽性,未檢出,無,50-59歲,男,0.0
2025-06-22,尿液,陰性,未檢出,無,50-59歲,男,0.0
2025-12-23,尿液,陰性,未檢出,無,50-59歲,男,0.0
2025-11-24,尿液,陰性,未檢出,無,20-29歲,男,0.0
2025-10-05,尿液,陽性,未檢出,無,19歲以下,男,0.0
2025-10-30,尿液,陽性,愷他命,三級,50-59歲,男,1.0
2025-09-19,尿液,陽性,甲基安非他命,無,60歲以上,女,0.0
2025-10-23,尿液,陽性,嗎啡,三級,40-49歲,男,1.0
2025-01-10,尿液,陽性,甲基安非他命,二級,40-49歲,女,2.0
2025-02-12,尿液,陰性,未檢出,無,30-39歲,男,0.0
2025-06-04,尿液,陰性,未檢出,無,40-49歲,男,0.0
2025-01-25,尿液,陰性,未檢出,無,40-49歲,男,0.0
2025-04-25,尿液,陰性,甲基安非他命,二級,60歲以上,男,2.0
2025-12-09,尿液,陰性,未檢出,無,19歲以下,男,0.0
2025-05-30,尿液,陰性,未檢出,二級,30-39歲,男,2.0
2025-06-27,尿液,陰性,未檢出,無,40-49歲,男,0.0
2025-01-26,尿液,陰性,未檢出,無,30-39歲,女,0.0
2025-09-19,尿液,陰性,未檢出,無,40-49歲,女,0.0
2025-03-09,尿液,陰性,安非他命,無,50-59歲,女,0.0
2025-12-02,尿液,陰性,未檢出,無,20-29歲,男,0.0
2025-10-12,尿液,陽性,未檢出,二級,50-59歲,男,2.0
2025-10-21,尿液,陰性,未檢出,無,60歲以上,男,0.0
2025-09-13,尿液,陰性,未檢出,二級,40-49歲,男,2.0
2025-05-19,尿液,陰性,未檢出,無,40-49歲,男,0.0
2025-05-22,尿液,陰性,未檢出,無,50-59歲,男,0.0
2025-03-26,尿液,陽性,甲基安非他命,無,30-39歲,男,0.0
2025-09-05,尿液,陰性,未檢出,無,40-49歲,男,0.0
2025-03-27,尿液,陰性,未檢出,無,40-49歲,女,0.0
2025-03-14,尿液,陽性,甲基安非他命,二級,40-49歲,女,2.0
2025-12-31,尿液,陰性,未檢出,無,40-49歲,男,0.0
2025-06-12,尿液,陰性,未檢出,無,20-29歲,男,0.0
2025-08-02,血液,陰性,未檢出,無,50-59歲,男,0.0
2025-04-20,尿液,陰性,未檢出,無,60歲以上,女,0.0
2025-12-01,尿液,陽性,甲基安非他命,二級,40-49歲,男,2.0
2025-12-07,尿液,陰性,未檢出,無,50-59歲,男,0.0
2025-01-21,尿液,陽性,甲基安非他命,二級,40-49歲,男,2.0
2025-08-16,尿液,陰性,未檢出,無,30-39歲,女,0.0
2025-03-08,尿液,陽性,甲基安非他命,三級,40-49歲,男,1.0
2025-11-23,尿液,陽性,安非他命,二級,20-29歲,男,2.0
2025-10-26,血液,陰性,甲基安非他命,無,40-49歲,男,0.0
2025-07-09,尿液,陰性,未檢出,無,40-49歲,男,0.0
2025-09-19,血液,陰性,安非他命,無,40-49歲,男,0.0
2025-09-29,尿液,陰性,未檢出,無,20-29歲,男,0.0
2025-06-04,尿液,陰性,未檢出,無,20-29歲,女,0.0
2025-11-28,血液,陰性,未檢出,無,30-39歲,女,0.0
2025-05-29,血液,陰性,未檢出,無,40-49歲,男,0.0
2025-08-28,尿液,陰性,未檢出,無,40-49歲,男,0.0
2025-05-17,尿液,陽性,未檢出,二級,60歲以上,男,2.0
2025-08-21,尿液,陰性,未檢出,無,40-49歲,女,0.0
2025-09-02,尿液,陰性,未檢出,無,20-29歲,男,0.0
2025-09-21,尿液,陽性,未檢出,二級,50-59歲,男,2.0
2025-11-02,尿液,陽性,未檢出,三級,50-59歲,男,1.0
2025-03-29,尿液,陰性,未檢出,無,30-39歲,男,0.0
2025-04-28,尿液,陰性,未檢出,無,40-49歲,男,0.0
2025-07-22,尿液,陰性,未檢出,無,20-29歲,男,0.0
2025-10-17,尿液,陽性,安非他命,二級,60歲以上,男,2.0
2025-11-04,血液,陰性,安非他命,無,30-39歲,男,0.0
2025-08-09,尿液,陰性,未檢出,無,50-59歲,男,0.0
2025-02-10,尿液,陰性,未檢出,無,40-49歲,男,0.0
2025-01-18,血液,陰性,未檢出,二級,40-49歲,男,2.0
2025-07-21,尿液,陰性,未檢出,無,40-49歲,男,0.0
2025-12-05,尿液,陽性,甲基安非他命,二級,50-59歲,男,2.0
2025-10-26,尿液,陽性,未檢出,無,40-49歲,男,0.0
2025-04-01,尿液,陽性,甲基安非他命,無,50-59歲,男,0.0
2025-11-20,尿液,陰性,未檢出,二級,60歲以上,男,2.0
2025-01-11,尿液,陰性,未檢出,無,20-29歲,男,0.0
2025-05-21,尿液,陰性,未檢出,無,30-39歲,男,0.0
2025-02-07,尿液,陰性,未檢出,無,30-39歲,男,0.0
2025-12-12,尿液,陰性,未檢出,無,40-49歲,男,0.0
2025-05-24,尿液,陰性,未檢出,二級,60歲以上,男,2.0
2025-09-24,尿液,陽性,甲基安非他命,無,20-29歲,男,0.0
2025-02-07,尿液,陰性,未檢出,無,40-49歲,男,0.0
2025-09-22,尿液,陰性,未檢出,無,40-49歲,男,0.0
2025-07-11,尿液,陰性,甲基安非他命,無,30-39歲,男,0.0
2025-11-01,尿液,陰性,未檢出,無,40-49歲,男,0.0
2025-02-15,尿液,陰性,未檢出,無,50-59歲,男,0.0
2025-05-09,尿液,陽性,安非他命,無,50-59歲,男,0.0
2025-07-22,尿液,陰性,未檢出,無,40-49歲,男,0.0
2025-11-10,尿液,陽性,愷他命,無,40-49歲,男,0.0
2025-12-05,尿液,陰性,未檢出,無,50-59歲,男,0.0
2025-05-22,尿液,陰性,未檢出,無,40-49歲,男,0.0
2025-05-10,血液,陽性,未檢出,無,50-59歲,男,0.0
2025-01-26,尿液,陰性,未檢出,無,30-39歲,男,0.0
2025-04-03,尿液,陰性,未檢出,二級,50-59歲,男,2.0
2025-03-20,血液,陰性,安非他命,無,30-39歲,男,0.0
2025-08-27,尿液,陽性,未檢出,二級,60歲以上,男,2.0
2025-08-02,血液,陽性,愷他命,無,40-49歲,男,0.0
2025-01-27,血液,陰性,未檢出,無,60歲以上,男,0.0
2025-08-17,尿液,陰性,未檢出,無,40-49歲,男,0.0
2025-12-27,尿液,陰性,未檢出,二級,30-39歲,男,2.0
2025-11-27,尿液,陰性,未檢出,無,19歲以下,男,0.0
2025-03-12,尿液,陽性,未檢出,無,30-39歲,男,0.0
2025-02-08,尿液,陽性,未檢出,無,60歲以上,男,0.0
2025-08-11,尿液,陽性,未檢出,無,50-59歲,男,0.0
2025-04-19,血液,陽性,未檢出,三級,30-39歲,男,1.0
2025-11-21,尿液,陰性,未檢出,無,50-59歲,男,0.0
2025-08-02,尿液,陰性,未檢出,二級,40-49歲,男,2.0
2025-09-06,尿液,陰性,未檢出,無,30-39歲,男,0.0
2025-05-06,血液,陰性,未檢出,二級,60歲以上,男,2.0
2025-02-07,尿液,陽性,未檢出,無,40-49歲,男,0.0
2025-12-10,尿液,陽性,愷他命,二級,40-49歲,男,2.0
2025-06-05,尿液,陰性,未檢出,無,20-29歲,男,0.0
2025-11-25,尿液,陰性,未檢出,無,40-49歲,男,0.0
2025-11-29,尿液,陰性,未檢出,無,40-49歲,男,0.0
2025-01-02,尿液,陽性,未檢出,無,30-39歲,男,0.0
2025-01-19,尿液,陰性,安非他命,二級,50-59歲,女,2.0
2025-09-11,尿液,陰性,未檢出,無,50-59歲,男,0.0
2025-06-30,尿液,陰性,未檢出,無,19歲以下,男,0.0
2025-08-08,尿液,陰性,未檢出,無,60歲以上,男,0.0
2025-05-21,尿液,陽性,未檢出,無,40-49歲,男,0.0
2025-11-27,尿液,陰性,安非他命,無,50-59歲,男,0.0
2025-07-29,尿液,陰性,未檢出,無,40-49歲,男,0.0
2025-01-28,尿液,陰性,未檢出,無,40-49歲,男,0.0
2025-09-18,尿液,陰性,甲基安非他命,三級,30-39歲,女,1.0
2025-10-20,尿液,陰性,未檢出,無,50-59歲,女,0.0
2025-08-03,血液,陰性,未檢出,無,50-59歲,男,0.0
2025-10-07,尿液,陰性,未檢出,無,60歲以上,男,0.0
2025-03-28,尿液,陽性,安非他命,二級,40-49歲,女,2.0
2025-10-26,尿液,陽性,未檢出,二級,50-59歲,男,2.0
2025-04-21,血液,陰性,未檢出,無,50-59歲,男,0.0
2025-06-03,尿液,陰性,未檢出,無,40-49歲,男,0.0
2025-01-08,尿液,陰性,未檢出,無,40-49歲,男,0.0
2025-04-08,尿液,陰性,未檢出,無,50-59歲,男,0.0
2025-07-06,尿液,陰性,安非他命,無,30-39歲,女,0.0
2025-05-13,尿液,陰性,未檢出,無,40-49歲,男,0.0
2025-07-18,血液,陰性,未檢出,無,60歲以上,男,0.0
2025-11-26,血液,陰性,安非他命,無,40-49歲,男,0.0
2025-11-04,尿液,陰性,未檢出,無,40-49歲,男,0.0
2025-08-14,血液,陰性,未檢出,無,20-29歲,男,0.0
2025-04-16,血液,陰性,未檢出,無,40-49歲,男,0.0
2025-07-13,尿液,陰性,未檢出,無,50-59歲,女,0.0
2025-12-09,尿液,陰性,未檢出,無,50-59歲,男,0.0
2025-06-01,尿液,陽性,未檢出,無,20-29歲,男,0.0
2025-04-08,血液,陰性,未檢出,無,40-49歲,男,0.0
2025-12-02,尿液,陰性,未檢出,無,50-59歲,男,0.0
2025-06-11,血液,陽性,甲基安非他命,二級,50-59歲,男,2.0
2025-02-27,尿液,陰性,未檢出,無,40-49歲,男,0.0
2025-09-02,尿液,陰性,未檢出,無,50-59歲,男,0.0
2025-01-30,尿液,陰性,安非他命,無,50-59歲,男,0.0
2025-10-12,尿液,陰性,未檢出,無,20-29歲,男,0.0
2025-07-05,尿液,陰性,未檢出,無,40-49歲,女,0.0
2025-07-21,尿液,陽性,未檢出,無,40-49歲,男,0.0
2025-05-18,尿液,陰性,甲基安非他命,無,30-39歲,男,0.0
2025-01-22,尿液,陰性,甲基安非他命,無,30-39歲,男,0.0
2025-08-02,尿液,陰性,未檢出,二級,50-59歲,男,2.0
2025-12-29,血液,陰性,未檢出,無,30-39歲,女,0.0
2025-10-27,尿液,陰性,未檢出,無,60歲以上,女,0.0
2025-07-05,尿液,陰性,未檢出,無,60歲以上,男,0.0
2025-06-21,尿液,陰性,未檢出,無,20-29歲,男,0.0
2025-08-17,尿液,陰性,未檢出,無,30-39歲,男,0.0
2025-04-26,尿液,陰性,未檢出,無,40-49歲,男,0.0
2025-02-25,尿液,陰性,甲基安非他命,無,40-49歲,男,0.0
2025-08-25,尿液,陽性,安非他命,無,50-59歲,男,0.0
2025-10-16,尿液,陰性,未檢出,無,30-39歲,男,0.0
2025-08-12,尿液,陰性,未檢出,無,60歲以上,女,0.0
2025-05-02,尿液,陰性,未檢出,無,30-39歲,男,0.0
2025-02-04,尿液,陰性,未檢出,無,50-59歲,男,0.0
2025-05-10,尿液,陰性,未檢出,無,50-59歲,男,0.0
2025-03-15,尿液,陰性,未檢出,無,30-39歲,男,0.0
2025-08-14,尿液,陰性,未檢出,無,40-49歲,男,0.0
2025-12-26,尿液,陰性,未檢出,無,60歲以上,男,0.0
2025-09-08,尿液,陰性,未檢出,無,40-49歲,男,0.0
2025-07-01,尿液,陽性,未檢出,無,40-49歲,男,0.0
2025-11-18,尿液,陰性,未檢出,無,40-49歲,男,0.0
2025-02-02,尿液,陰性,未檢出,無,50-59歲,女,0.0
2025-06-02,尿液,陽性,安非他命,無,20-29歲,男,0.0
2025-02-13,尿液,陰性,未檢出,無,20-29歲,男,0.0
2025-12-22,尿液,陽性,未檢出,二級,30-39歲,男,2.0
2025-05-06,尿液,陰性,未檢出,無,40-49歲,男,0.0
2025-11-20,尿液,陽性,愷他命,二級,40-49歲,男,2.0
2025-01-30,尿液,陰性,未檢出,無,50-59歲,男,0.0
2025-12-13,尿液,陽性,嗎啡,三級,40-49歲,男,1.0
2025-09-25,尿液,陰性,未檢出,無,40-49歲,男,0.0
2025-06-11,尿液,陰性,未檢出,無,40-49歲,男,0.0
2025-06-15,尿液,陽性,未檢出,三級,40-49歲,男,1.0
2025-10-23,尿液,陽性,未檢出,無,40-49歲,男,0.0
2025-02-20,尿液,陰性,甲基安非他命,二級,40-49歲,男,2.0
2025-07-22,血液,陽性,愷他命,無,50-59歲,男,0.0
2025-12-31,尿液,陰性,未檢出,無,40-49歲,男,0.0
2025-09-01,尿液,陰性,未檢出,無,40-49歲,男,0.0
2025-12-24,尿液,陰性,未檢出,無,30-39歲,女,0.0
2025-01-25,血液,陰性,未檢出,無,40-49歲,女,0.0
2025-09-04,尿液,陰性,未檢出,無,60歲以上,男,0.0
2025-06-11,尿液,陽性,安非他命,無,40-49歲,男,0.0
2025-02-24,尿液,陽性,未檢出,三級,30-39歲,男,1.0
2025-02-10,尿液,陰性,未檢出,無,40-49歲,男,0.0
2025-11-05,尿液,陰性,未檢出,無,20-29歲,男,0.0
2025-11-29,尿液,陰性,未檢出,無,50-59歲,男,0.0
2025-12-28,尿液,陰性,安非他命,無,40-49歲,男,0.0
2025-05-19,尿液,陰性,未檢出,無,30-39歲,男,0.0
2025-06-13,血液,陰性,安非他命,無,60歲以上,女,0.0
2025-02-20,尿液,陰性,未檢出,無,20-29歲,女,0.0
2025-12-13,尿液,陰性,未檢出,無,30-39歲,女,0.0
2025-01-18,尿液,陰性,未檢出,無,30-39歲,男,0.0
2025-08-08,尿液,陰性,甲基安非他命,二級,30-39歲,男,2.0
2025-07-01,尿液,陰性,未檢出,無,30-39歲,男,0.0
2025-03-15,尿液,陰性,未檢出,無,30-39歲,男,0.0
2025-11-10,尿液,陰性,未檢出,無,60歲以上,男,0.0
2025-11-26,尿液,陽性,未檢出,無,30-39歲,男,0.0
2025-11-09,尿液,陰性,未檢出,無,50-59歲,男,0.0
2025-02-03,尿液,陰性,未檢出,無,40-49歲,女,0.0
2025-06-28,尿液,陽性,未檢出,無,40-49歲,男,0.0
2025-02-01,尿液,陰性,未檢出,無,19歲以下,男,0.0
2025-11-04,尿液,陰性,未檢出,無,50-59歲,男,0.0
2025-05-20,尿液,陰性,未檢出,無,40-49歲,男,0.0
2025-07-20,尿液,陰性,未檢出,二級,40-49歲,男,2.0
2025-12-24,尿液,陽性,未檢出,二級,40-49歲,男,2.0
2025-09-22,尿液,陰性,未檢出,無,40-49歲,女,0.0
2025-06-07,尿液,陰性,未檢出,無,30-39歲,男,0.0
2025-01-29,尿液,陰性,未檢出,二級,50-59歲,男,2.0
2025-09-20,尿液,陰性,未檢出,無,60歲以上,女,0.0
2025-07-15,尿液,陽性,愷他命,無,50-59歲,男,0.0
2025-10-24,尿液,陰性,未檢出,無,30-39歲,男,0.0
2025-09-06,尿液,陰性,未檢出,無,40-49歲,女,0.0
2025-08-12,尿液,陰性,未檢出,無,60歲以上,男,0.0
2025-01-05,尿液,陰性,未檢出,無,40-49歲,女,0.0
2025-08-02,尿液,陰性,未檢出,無,40-49歲,男,0.0
2025-10-16,尿液,陰性,未檢出,無,40-49歲,男,0.0
2025-12-18,尿液,陰性,未檢出,無,40-49歲,男,0.0
2025-11-28,尿液,陰性,甲基安非他命,無,40-49歲,男,0.0
2025-08-16,尿液,陰性,未檢出,無,40-49歲,男,0.0
2025-06-16,尿液,陰性,未檢出,無,40-49歲,男,0.0
2025-01-28,尿液,陽性,嗎啡,無,20-29歲,男,0.0
2025-03-16,尿液,陰性,未檢出,無,50-59歲,男,0.0
2025-11-20,尿液,陰性,未檢出,無,40-49歲,男,0.0
2025-06-16,尿液,陰性,未檢出,無,50-59歲,男,0.0
2025-04-14,尿液,陰性,未檢出,無,20-29歲,男,0.0
2025-01-31,尿液,陰性,未檢出,無,50-59歲,男,0.0
2025-09-14,尿液,陰性,未檢出,無,40-49歲,男,0.0
2025-04-21,尿液,陰性,未檢出,無,40-49歲,男,0.0
2025-10-20,尿液,陰性,安非他命,無,50-59歲,男,0.0
2025-07-21,血液,陰性,安非他命,無,40-49歲,男,0.0
2025-04-07,血液,陽性,未檢出,無,40-49歲,男,0.0
2025-10-29,尿液,陽性,甲基安非他命,二級,50-59歲,男,2.0
2025-05-13,尿液,陰性,未檢出,無,60歲以上,男,0.0
2025-06-14,血液,陰性,未檢出,無,40-49歲,男,0.0
2025-10-21,尿液,陰性,未檢出,無,50-59歲,男,0.0
2025-12-05,血液,陽性,未檢出,無,50-59歲,男,0.0
2025-01-29,尿液,陰性,未檢出,二級,40-49歲,男,2.0
2025-02-05,尿液,陰性,未檢出,無,20-29歲,女,0.0
2025-04-20,尿液,陰性,未檢出,二級,50-59歲,男,2.0
2025-08-11,血液,陰性,未檢出,無,40-49歲,男,0.0
2025-12-31,尿液,陽性,甲基安非他命,二級,60歲以上,男,2.0
2025-06-08,尿液,陰性,未檢出,無,30-39歲,男,0.0
2025-06-16,尿液,陰性,未檢出,無,30-39歲,女,0.0
2025-08-02,尿液,陰性,未檢出,二級,50-59歲,男,2.0
2025-02-12,尿液,陰性,未檢出,無,40-49歲,女,0.0
2025-12-31,尿液,陰性,未檢出,三級,40-49歲,女,1.0
2025-11-04,尿液,陰性,未檢出,無,50-59歲,男,0.0
2025-05-06,尿液,陰性,未檢出,無,30-39歲,男,0.0
2025-11-24,尿液,陰性,未檢出,無,40-49歲,男,0.0
2025-10-08,尿液,陰性,未檢出,三級,19歲以下,女,1.0
2025-07-31,尿液,陰性,安非他命,無,50-59歲,男,0.0
2025-08-15,尿液,陰性,未檢出,無,20-29歲,男,0.0
2025-01-14,尿液,陰性,未檢出,二級,50-59歲,男,2.0
2025-12-20,尿液,陰性,未檢出,無,40-49歲,女,0.0
2025-08-20,尿液,陰性,未檢出,無,40-49歲,男,0.0
2025-08-06,尿液,陰性,安非他命,無,30-39歲,男,0.0
2025-06-26,尿液,陰性,未檢出,無,40-49歲,男,0.0
2025-05-05,尿液,陰性,未檢出,無,40-49歲,男,0.0
2025-05-08,尿液,陰性,未檢出,無,19歲以下,男,0.0
2025-06-06,尿液,陰性,未檢出,二級,50-59歲,男,2.0
2025-04-02,血液,陰性,未檢出,無,40-49歲,男,0.0
2025-04-19,血液,陽性,嗎啡,二級,40-49歲,男,2.0
2025-05-23,尿液,陽性,未檢出,三級,50-59歲,男,1.0
2025-05-12,尿液,陰性,未檢出,無,20-29歲,男,0.0
2025-01-23,尿液,陰性,未檢出,三級,50-59歲,男,1.0
2025-01-30,血液,陰性,未檢出,無,50-59歲,男,0.0
2025-01-19,尿液,陰性,未檢出,無,20-29歲,男,0.0
2025-01-16,尿液,陽性,嗎啡,三級,30-39歲,男,1.0
2025-08-25,尿液,陰性,未檢出,無,50-59歲,男,0.0
2025-01-07,尿液,陰性,未檢出,無,50-59歲,男,0.0
2025-08-06,尿液,陰性,未檢出,無,20-29歲,男,0.0
2025-05-05,尿液,陰性,未檢出,無,60歲以上,男,0.0
2025-04-26,尿液,陽性,未檢出,無,60歲以上,男,0.0
2025-01-25,尿液,陰性,未檢出,無,50-59歲,男,0.0
2025-12-14,尿液,陰性,未檢出,無,30-39歲,男,0.0
2025-01-04,尿液,陰性,未檢出,無,30-39歲,男,0.0
2025-11-10,尿液,陽性,安非他命,無,20-29歲,女,0.0
2025-12-06,血液,陽性,未檢出,無,20-29歲,女,0.0
2025-11-05,尿液,陰性,未檢出,無,50-59歲,男,0.0
2025-04-24,尿液,陰性,未檢出,無,40-49歲,男,0.0
2025-10-16,血液,陽性,未檢出,二級,50-59歲,男,2.0
2025-12-19,尿液,陰性,未檢出,二級,40-49歲,男,2.0
2025-04-17,血液,陰性,未檢出,無,60歲以上,男,0.0
2025-06-11,尿液,陰性,未檢出,無,20-29歲,女,0.0
2025-05-29,尿液,陰性,安非他命,二級,50-59歲,男,2.0
2025-01-24,尿液,陽性,愷他命,二級,40-49歲,男,2.0
2025-04-22,血液,陰性,未檢出,無,40-49歲,男,0.0
2025-04-14,尿液,陰性,未檢出,無,50-59歲,男,0.0
2025-06-12,尿液,陰性,未檢出,無,40-49歲,男,0.0
2025-02-07,尿液,陽性,安非他命,無,40-49歲,男,0.0
2025-11-21,尿液,陰性,嗎啡,二級,40-49歲,男,2.0
2025-08-10,尿液,陰性,未檢出,無,60歲以上,女,0.0
2025-01-08,尿液,陰性,未檢出,無,60歲以上,男,0.0
2025-11-30,尿液,陰性,未檢出,無,30-39歲,男,0.0
2025-03-09,尿液,陰性,未檢出,無,50-59歲,男,0.0
2025-04-02,尿液,陰性,未檢出,無,30-39歲,女,0.0
2025-02-24,尿液,陰性,未檢出,無,40-49歲,男,0.0
2025-09-01,尿液,陽性,未檢出,無,40-49歲,男,0.0
2025-05-03,血液,陽性,安非他命,無,50-59歲,女,0.0
2025-06-11,尿液,陰性,未檢出,二級,50-59歲,女,2.0
2025-03-26,尿液,陰性,甲基安非他命,無,50-59歲,男,0.0
2025-02-02,尿液,陰性,未檢出,無,20-29歲,女,0.0
2025-08-15,尿液,陰性,未檢出,無,40-49歲,男,0.0
2025-05-18,尿液,陽性,未檢出,無,50-59歲,男,0.0
2025-09-25,血液,陰性,未檢出,無,30-39歲,男,0.0
2025-12-12,尿液,陰性,未檢出,無,40-49歲,男,0.0
2025-07-10,尿液,陰性,未檢出,無,30-39歲,女,0.0
2025-12-22,尿液,陰性,未檢出,無,20-29歲,男,0.0
2025-05-04,尿液,陰性,未檢出,無,40-49歲,女,0.0
2025-08-05,尿液,陽性,未檢出,無,50-59歲,男,0.0
2025-06-23,血液,陰性,未檢出,無,20-29歲,男,0.0
2025-08-05,尿液,陽性,甲基安非他命,三級,40-49歲,男,1.0
2025-08-30,尿液,陰性,未檢出,無,60歲以上,男,0.0
2025-04-25,尿液,陽性,嗎啡,二級,50-59歲,女,2.0
2025-09-21,尿液,陰性,未檢出,無,60歲以上,男,0.0
2025-12-01,尿液,陰性,未檢出,無,20-29歲,男,0.0
2025-02-11,尿液,陰性,未檢出,三級,60歲以上,男,1.0
2025-04-30,尿液,陰性,甲基安非他命,無,40-49歲,女,0.0
2025-01-16,血液,陰性,未檢出,二級,30-39歲,男,2.0
2025-02-13,尿液,陰性,未檢出,無,30-39歲,男,0.0
2025-09-19,尿液,陰性,未檢出,無,60歲以上,男,0.0
2025-09-17,尿液,陰性,未檢出,無,20-29歲,男,0.0
2025-01-17,尿液,陰性,未檢出,三級,40-49歲,男,1.0
2025-12-20,尿液,陰性,甲基安非他命,無,50-59歲,男,0.0
2025-12-30,尿液,陽性,安非他命,無,50-59歲,女,0.0
2025-08-28,血液,陰性,未檢出,二級,40-49歲,女,2.0
2025-02-20,尿液,陰性,未檢出,無,40-49歲,男,0.0
2025-12-13,尿液,陰性,未檢出,無,60歲以上,女,0.0
2025-08-04,尿液,陰性,未檢出,無,40-49歲,女,0.0
2025-04-04,尿液,陰性,未檢出,無,50-59歲,男,0.0
2025-03-19,尿液,陽性,甲基安非他命,二級,30-39歲,男,2.0
2025-06-08,尿液,陰性,未檢出,無,40-49歲,男,0.0
2025-03-29,尿液,陰性,未檢出,無,50-59歲,男,0.0
2025-11-28,尿液,陽性,未檢出,無,20-29歲,女,0.0
2025-06-28,尿液,陰性,未檢出,無,40-49歲,女,0.0
2025-12-28,尿液,陰性,未檢出,無,40-49歲,男,0.0
2025-02-27,尿液,陽性,未檢出,無,50-59歲,男,0.0
2025-04-17,尿液,陰性,未檢出,無,40-49歲,男,0.0
2025-10-08,尿液,陰性,未檢出,無,50-59歲,男,0.0
2025-02-07,尿液,陰性,未檢出,無,60歲以上,男,0.0
2025-11-12,血液,陰性,安非他命,無,40-49歲,男,0.0
2025-04-09,尿液,陰性,未檢出,無,30-39歲,男,0.0
2025-06-06,尿液,陰性,未檢出,無,40-49歲,男,0.0
2025-01-18,尿液,陰性,安非他命,無,30-39歲,男,0.0
2025-01-03,尿液,陰性,未檢出,無,30-39歲,男,0.0
2025-10-16,尿液,陰性,未檢出,無,20-29歲,男,0.0
2025-08-26,尿液,陽性,未檢出,三級,40-49歲,男,1.0
2025-12-12,尿液,陰性,未檢出,無,50-59歲,女,0.0
2025-05-25,尿液,陽性,甲基安非他命,無,50-59歲,男,0.0
2025-06-04,尿液,陰性,未檢出,二級,30-39歲,男,2.0
2025-10-02,尿液,陰性,未檢出,無,50-59歲,男,0.0
2025-05-24,血液,陰性,安非他命,無,40-49歲,男,0.0
2025-02-23,血液,陰性,未檢出,無,40-49歲,男,0.0
2025-04-26,尿液,陽性,未檢出,二級,50-59歲,男,2.0
2025-07-16,尿液,陰性,未檢出,無,50-59歲,男,0.0
2025-10-02,尿液,陽性,安非他命,無,40-49歲,女,0.0
2025-03-02,尿液,陰性,未檢出,二級,40-49歲,男,2.0
2025-06-01,血液,陰性,未檢出,無,40-49歲,男,0.0
2025-05-05,尿液,陰性,未檢出,無,30-39歲,男,0.0
2025-07-22,尿液,陰性,未檢出,無,20-29歲,女,0.0
2025-07-07,尿液,陽性,未檢出,無,50-59歲,男,0.0
2025-03-17,尿液,陽性,未檢出,無,40-49歲,男,0.0
2025-11-18,尿液,陰性,安非他命,二級,20-29歲,男,2.0
2025-12-13,尿液,陰性,未檢出,無,50-59歲,男,0.0
2025-01-22,尿液,陰性,未檢出,二級,40-49歲,男,2.0
2025-03-18,尿液,陰性,未檢出,無,50-59歲,男,0.0
2025-08-22,尿液,陰性,未檢出,無,40-49歲,男,0.0
2025-12-13,尿液,陰性,未檢出,無,40-49歲,男,0.0
2025-03-23,尿液,陽性,愷他命,一級,40-49歲,男,3.0
2025-04-15,尿液,陰性,未檢出,無,40-49歲,男,0.0
2025-03-20,尿液,陰性,未檢出,無,30-39歲,男,0.0
2025-07-09,尿液,陰性,安非他命,二級,40-49歲,女,2.0
2025-07-07,尿液,陰性,未檢出,三級,20-29歲,男,1.0
2025-10-07,尿液,陽性,未檢出,無,40-49歲,女,0.0
2025-04-11,尿液,陰性,未檢出,無,50-59歲,女,0.0
2025-07-03,尿液,陰性,未檢出,無,40-49歲,男,0.0
2025-01-03,尿液,陰性,未檢出,無,19歲以下,女,0.0
2025-11-21,尿液,陰性,未檢出,無,50-59歲,男,0.0
2025-10-15,尿液,陰性,未檢出,無,30-39歲,男,0.0
2025-02-05,尿液,陰性,未檢出,無,40-49歲,女,0.0
2025-09-25,血液,陽性,未檢出,二級,40-49歲,男,2.0
2025-03-08,尿液,陰性,未檢出,無,40-49歲,男,0.0
2025-03-28,尿液,陰性,未檢出,無,20-29歲,男,0.0
2025-07-03,尿液,陰性,未檢出,無,40-49歲,男,0.0
2025-01-31,尿液,陰性,甲基安非他命,無,30-39歲,男,0.0
2025-06-24,尿液,陽性,甲基安非他命,一級,20-29歲,男,3.0
2025-12-31,尿液,陰性,未檢出,無,40-49歲,男,0.0
2025-02-27,尿液,陰性,未檢出,無,30-39歲,男,0.0
2025-09-06,尿液,陰性,未檢出,無,19歲以下,女,0.0
2025-06-02,尿液,陰性,未檢出,三級,40-49歲,男,1.0
2025-05-23,尿液,陰性,未檢出,無,50-59歲,男,0.0
2025-04-21,尿液,陰性,未檢出,無,40-49歲,男,0.0
2025-08-05,尿液,陽性,未檢出,無,40-49歲,男,0.0
2025-11-27,尿液,陰性,未檢出,無,40-49歲,男,0.0
2025-06-03,尿液,陰性,未檢出,二級,40-49歲,男,2.0
2025-08-17,血液,陰性,未檢出,無,50-59歲,男,0.0
2025-04-15,尿液,陰性,未檢出,無,40-49歲,男,0.0
2025-08-25,尿液,陰性,未檢出,無,40-49歲,女,0.0
2025-10-02,尿液,陰性,未檢出,無,50-59歲,男,0.0
2025-03-17,尿液,陰性,未檢出,二級,40-49歲,男,2.0
2025-04-13,尿液,陰性,未檢出,無,40-49歲,男,0.0
2025-02-13,尿液,陰性,未檢出,無,20-29歲,男,0.0
2025-03-15,血液,陰性,未檢出,無,20-29歲,男,0.0
2025-05-07,尿液,陽性,安非他命,無,30-39歲,男,0.0
2025-09-22,尿液,陰性,未檢出,無,50-59歲,女,0.0
2025-01-13,血液,陰性,安非他命,無,19歲以下,女,0.0
2025-06-18,血液,陰性,未檢出,二級,60歲以上,女,2.0
2025-12-31,尿液,陰性,未檢出,無,50-59歲,男,0.0
2025-09-02,尿液,陽性,甲基安非他命,無,40-49歲,男,0.0
2025-10-09,尿液,陰性,未檢出,無,50-59歲,男,0.0
2025-08-15,尿液,陰性,未檢出,無,50-59歲,男,0.0
2025-10-07,尿液,陰性,未檢出,無,40-49歲,女,0.0
2025-07-29,尿液,陰性,甲基安非他命,無,60歲以上,男,0.0
2025-03-17,尿液,陰性,安非他命,無,40-49歲,男,0.0
2025-12-06,尿液,陽性,未檢出,無,40-49歲,男,0.0
2025-11-10,尿液,陰性,安非他命,無,40-49歲,女,0.0
2025-09-02,尿液,陰性,未檢出,無,40-49歲,女,0.0
2025-08-20,尿液,陽性,未檢出,無,40-49歲,女,0.0
2025-05-21,尿液,陰性,未檢出,無,60歲以上,男,0.0
2025-12-26,尿液,陰性,未檢出,無,40-49歲,男,0.0
2025-08-04,尿液,陽性,愷他命,三級,20-29歲,男,1.0
2025-12-09,尿液,陰性,未檢出,無,40-49歲,男,0.0
2025-05-31,血液,陰性,未檢出,無,40-49歲,男,0.0
2025-12-10,尿液,陰性,未檢出,無,40-49歲,男,0.0
2025-05-06,尿液,陰性,未檢出,無,30-39歲,男,0.0
2025-10-11,尿液,陰性,甲基安非他命,無,50-59歲,女,0.0
2025-06-29,尿液,陰性,未檢出,無,40-49歲,男,0.0
2025-03-30,血液,陰性,未檢出,無,40-49歲,男,0.0
2025-01-30,尿液,陰性,未檢出,無,40-49歲,男,0.0
2025-09-05,尿液,陰性,愷他命,三級,40-49歲,男,1.0
2025-03-02,尿液,陰性,未檢出,無,50-59歲,男,0.0
2025-04-19,尿液,陰性,未檢出,無,40-49歲,男,0.0
2025-06-03,尿液,陰性,未檢出,二級,30-39歲,女,2.0
2025-11-27,尿液,陰性,未檢出,二級,50-59歲,男,2.0
2025-03-04,尿液,陰性,未檢出,無,50-59歲,女,0.0
2025-12-28,血液,陰性,未檢出,無,30-39歲,男,0.0
2025-10-20,尿液,陰性,未檢出,無,50-59歲,男,0.0
2025-08-27,尿液,陰性,未檢出,二級,40-49歲,女,2.0
2025-12-20,尿液,陰性,未檢出,無,30-39歲,男,0.0
2025-11-06,尿液,陰性,未檢出,無,40-49歲,男,0.0
2025-11-22,尿液,陰性,未檢出,無,20-29歲,男,0.0
2025-09-03,血液,陰性,安非他命,無,40-49歲,男,0.0
2025-08-25,尿液,陰性,未檢出,無,50-59歲,男,0.0
2025-05-16,尿液,陰性,未檢出,無,30-39歲,男,0.0
2025-12-29,尿液,陰性,未檢出,二級,40-49歲,男,2.0
2025-02-28,尿液,陰性,未檢出,無,40-49歲,男,0.0
2025-04-20,血液,陰性,未檢出,無,40-49歲,男,0.0
2025-03-15,尿液,陽性,安非他命,三級,50-59歲,男,1.0
2025-09-22,尿液,陰性,未檢出,無,50-59歲,女,0.0
2025-09-17,尿液,陰性,未檢出,無,19歲以下,女,0.0
2025-12-02,尿液,陰性,未檢出,二級,20-29歲,女,2.0
2025-04-10,尿液,陽性,愷他命,一級,40-49歲,男,3.0
2025-06-14,血液,陰性,未檢出,無,50-59歲,男,0.0
2025-10-10,血液,陰性,未檢出,無,40-49歲,女,0.0
2025-04-29,尿液,陰性,未檢出,無,60歲以上,男,0.0
2025-07-10,尿液,陽性,未檢出,無,40-49歲,男,0.0
2025-12-25,尿液,陰性,甲基安非他命,無,40-49歲,男,0.0
2025-07-22,尿液,陰性,未檢出,三級,50-59歲,女,1.0
2025-10-09,尿液,陽性,嗎啡,無,19歲以下,女,0.0
2025-02-02,尿液,陽性,安非他命,無,40-49歲,男,0.0
2025-05-20,尿液,陽性,未檢出,二級,19歲以下,男,2.0
2025-06-24,尿液,陰性,未檢出,無,19歲以下,男,0.0
2025-11-14,尿液,陰性,未檢出,無,40-49歲,男,0.0
2025-06-09,尿液,陽性,甲基安非他命,一級,40-49歲,男,3.0
2025-12-25,尿液,陰性,未檢出,無,40-49歲,男,0.0
2025-03-01,尿液,陰性,安非他命,無,40-49歲,女,0.0
2025-10-06,尿液,陰性,未檢出,無,50-59歲,男,0.0
2025-01-31,尿液,陰性,未檢出,無,50-59歲,男,0.0
2025-07-30,尿液,陰性,未檢出,二級,50-59歲,男,2.0
2025-02-23,尿液,陰性,未檢出,無,50-59歲,男,0.0
2025-07-10,血液,陰性,未檢出,二級,40-49歲,男,2.0
2025-10-25,尿液,陰性,未檢出,無,50-59歲,男,0.0
2025-07-18,尿液,陰性,未檢出,二級,50-59歲,男,2.0
2025-07-30,尿液,陰性,未檢出,無,50-59歲,男,0.0
2025-05-07,血液,陰性,未檢出,無,20-29歲,男,0.0
2025-01-25,尿液,陽性,甲基安非他命,無,60歲以上,男,0.0
2025-03-28,尿液,陰性,未檢出,無,30-39歲,男,0.0
2025-02-11,尿液,陰性,未檢出,無,40-49歲,女,0.0
2025-06-04,尿液,陰性,未檢出,無,60歲以上,男,0.0
2025-06-29,尿液,陰性,未檢出,無,40-49歲,男,0.0
2025-03-29,血液,陰性,未檢出,無,40-49歲,男,0.0
2025-12-22,尿液,陰性,未檢出,無,60歲以上,男,0.0
2025-09-12,尿液,陰性,未檢出,無,50-59歲,男,0.0
2025-12-05,尿液,陰性,未檢出,無,30-39歲,男,0.0
2025-10-18,尿液,陰性,安非他命,無,40-49歲,男,0.0
2025-12-30,尿液,陰性,未檢出,二級,19歲以下,男,2.0
2025-12-02,尿液,陰性,未檢出,無,50-59歲,男,0.0
2025-06-06,尿液,陰性,安非他命,無,50-59歲,男,0.0
2025-06-05,尿液,陰性,未檢出,無,30-39歲,男,0.0
2025-03-07,尿液,陰性,未檢出,無,40-49歲,男,0.0
2025-08-02,尿液,陰性,未檢出,無,50-59歲,男,0.0
2025-11-01,尿液,陽性,安非他命,二級,40-49歲,女,2.0
2025-05-13,血液,陰性,未檢出,無,50-59歲,男,0.0
2025-02-07,血液,陰性,未檢出,無,30-39歲,男,0.0
2025-04-14,尿液,陰性,愷他命,三級,40-49歲,男,1.0
2025-03-23,血液,陽性,安非他命,二級,50-59歲,男,2.0
2025-07-15,尿液,陽性,甲基安非他命,無,40-49歲,男,0.0
2025-03-02,尿液,陰性,未檢出,無,30-39歲,男,0.0
2025-03-26,血液,陽性,甲基安非他命,二級,40-49歲,男,2.0
2025-06-29,尿液,陰性,未檢出,無,40-49歲,男,0.0
2025-01-12,尿液,陰性,未檢出,無,40-49歲,男,0.0
2025-07-18,尿液,陽性,未檢出,無,50-59歲,男,0.0
2025-02-07,尿液,陰性,未檢出,無,40-49歲,女,0.0
2025-08-03,尿液,陰性,未檢出,無,30-39歲,男,0.0
2025-01-14,尿液,陽性,安非他命,二級,50-59歲,男,2.0
2025-02-02,尿液,陰性,未檢出,無,19歲以下,男,0.0
2025-04-12,血液,陰性,未檢出,無,40-49歲,男,0.0
2025-12-15,尿液,陽性,未檢出,無,30-39歲,男,0.0
2025-09-20,血液,陽性,嗎啡,三級,20-29歲,男,1.0
2025-12-02,尿液,陰性,未檢出,無,40-49歲,男,0.0
2025-10-28,尿液,陰性,愷他命,無,30-39歲,女,0.0
2025-08-01,尿液,陰性,安非他命,無,30-39歲,男,0.0
2025-12-16,尿液,陽性,甲基安非他命,二級,20-29歲,男,2.0
2025-05-12,尿液,陽性,愷他命,二級,50-59歲,男,2.0
2025-05-07,尿液,陽性,安非他命,無,40-49歲,男,0.0
2025-10-10,尿液,陰性,未檢出,無,40-49歲,男,0.0
2025-04-21,尿液,陰性,未檢出,無,40-49歲,男,0.0
2025-09-18,尿液,陰性,未檢出,無,40-49歲,男,0.0
2025-11-09,尿液,陰性,未檢出,無,40-49歲,男,0.0
2025-06-16,尿液,陰性,未檢出,無,50-59歲,男,0.0
2025-12-12,尿液,陰性,未檢出,二級,50-59歲,男,2.0
2025-08-13,尿液,陰性,未檢出,無,40-49歲,男,0.0
2025-10-13,尿液,陰性,未檢出,無,40-49歲,男,0.0
2025-11-24,尿液,陰性,未檢出,二級,30-39歲,男,2.0
2025-04-29,尿液,陰性,未檢出,無,30-39歲,男,0.0
2025-09-27,尿液,陰性,未檢出,無,40-49歲,男,0.0
2025-07-08,尿液,陽性,未檢出,一級,40-49歲,男,3.0
2025-06-07,尿液,陰性,未檢出,三級,40-49歲,男,1.0
2025-06-08,尿液,陰性,安非他命,無,40-49歲,男,0.0
2025-04-07,尿液,陰性,未檢出,無,60歲以上,男,0.0
2025-07-13,尿液,陰性,未檢出,無,20-29歲,男,0.0
2025-09-06,尿液,陰性,未檢出,無,50-59歲,男,0.0
2025-07-18,血液,陰性,愷他命,三級,50-59歲,男,1.0
2025-09-05,血液,陰性,未檢出,無,50-59歲,女,0.0
2025-07-31,尿液,陰性,未檢出,無,50-59歲,男,0.0
2025-09-26,尿液,陰性,愷他命,無,40-49歲,男,0.0
2025-03-02,血液,陰性,未檢出,無,60歲以上,男,0.0
2025-01-15,血液,陰性,未檢出,無,40-49歲,女,0.0
2025-02-25,尿液,陰性,未檢出,無,50-59歲,男,0.0
2025-07-28,尿液,陰性,未檢出,無,50-59歲,男,0.0
2025-10-21,尿液,陰性,愷他命,三級,40-49歲,男,1.0
2025-01-29,尿液,陰性,未檢出,無,30-39歲,男,0.0
2025-05-28,尿液,陰性,未檢出,無,60歲以上,男,0.0
2025-10-05,尿液,陰性,未檢出,無,40-49歲,男,0.0
2025-04-17,血液,陰性,安非他命,二級,50-59歲,男,2.0
2025-08-28,尿液,陰性,甲基安非他命,無,40-49歲,男,0.0
2025-12-07,尿液,陰性,未檢出,無,40-49歲,男,0.0
2025-07-31,尿液,陽性,未檢出,無,20-29歲,男,0.0
2025-03-19,尿液,陰性,未檢出,無,40-49歲,男,0.0
2025-08-19,尿液,陽性,安非他命,無,20-29歲,男,0.0
2025-10-01,尿液,陰性,未檢出,無,50-59歲,男,0.0
2025-09-14,尿液,陰性,未檢出,無,30-39歲,男,0.0
2025-12-03,尿液,陰性,未檢出,無,60歲以上,男,0.0
2025-08-03,尿液,陰性,未檢出,無,20-29歲,男,0.0
2025-02-20,尿液,陰性,未檢出,二級,40-49歲,男,2.0
2025-09-21,尿液,陰性,甲基安非他命,無,50-59歲,男,0.0
2025-02-27,尿液,陰性,未檢出,二級,50-59歲,男,2.0
2025-12-02,尿液,陽性,未檢出,無,20-29歲,男,0.0
2025-03-20,尿液,陰性,未檢出,無,20-29歲,男,0.0
2025-11-22,尿液,陰性,未檢出,無,30-39歲,男,0.0
2025-09-30,尿液,陰性,未檢出,無,40-49歲,男,0.0
2025-01-25,尿液,陰性,未檢出,二級,50-59歲,男,2.0
2025-05-08,尿液,陽性,未檢出,無,60歲以上,男,0.0
2025-05-03,血液,陰性,甲基安非他命,無,20-29歲,女,0.0
2025-06-04,尿液,陰性,未檢出,無,20-29歲,男,0.0
2025-08-08,尿液,陰性,未檢出,無,40-49歲,女,0.0
2025-03-12,尿液,陰性,未檢出,無,50-59歲,男,0.0
2025-09-13,血液,陰性,未檢出,無,40-49歲,男,0.0
2025-05-09,血液,陽性,安非他命,無,60歲以上,男,0.0
2025-03-30,尿液,陰性,未檢出,無,30-39歲,女,0.0
2025-06-05,尿液,陰性,未檢出,無,30-39歲,女,0.0
2025-08-27,尿液,陽性,甲基安非他命,二級,50-59歲,男,2.0
2025-08-05,尿液,陰性,未檢出,無,50-59歲,男,0.0
2025-05-27,尿液,陰性,安非他命,無,40-49歲,男,0.0
2025-11-25,尿液,陰性,甲基安非他命,二級,40-49歲,女,2.0
2025-08-28,尿液,陰性,未檢出,二級,40-49歲,男,2.0
2025-11-20,尿液,陰性,安非他命,無,50-59歲,男,0.0
2025-09-28,尿液,陰性,未檢出,無,50-59歲,男,0.0
2025-01-24,尿液,陰性,未檢出,無,50-59歲,男,0.0
2025-07-09,尿液,陰性,未檢出,無,30-39歲,男,0.0
2025-03-29,尿液,陽性,甲基安非他命,無,40-49歲,男,0.0
2025-01-15,尿液,陰性,未檢出,無,50-59歲,男,0.0
2025-05-18,尿液,陰性,未檢出,無,20-29歲,男,0.0
2025-12-02,血液,陰性,未檢出,無,20-29歲,男,0.0
2025-07-21,尿液,陰性,未檢出,無,30-39歲,男,0.0
2025-11-09,尿液,陰性,未檢出,無,30-39歲,男,0.0
2025-12-09,尿液,陰性,未檢出,無,50-59歲,男,0.0
2025-02-13,尿液,陰性,甲基安非他命,無,30-39歲,男,0.0
2025-04-28,尿液,陰性,未檢出,無,40-49歲,男,0.0
2025-08-05,尿液,陰性,未檢出,無,20-29歲,男,0.0
2025-06-03,尿液,陽性,未檢出,無,20-29歲,男,0.0
2025-03-04,尿液,陰性,未檢出,無,40-49歲,男,0.0
2025-08-26,尿液,陰性,未檢出,無,50-59歲,男,0.0
2025-03-11,血液,陰性,未檢出,無,60歲以上,男,0.0
2025-06-20,尿液,陰性,未檢出,無,50-59歲,男,0.0
2025-05-18,尿液,陰性,未檢出,無,50-59歲,男,0.0
2025-09-03,尿液,陰性,未檢出,無,30-39歲,女,0.0
2025-05-09,尿液,陰性,未檢出,無,50-59歲,男,0.0
2025-11-05,血液,陰性,未檢出,二級,40-49歲,男,2.0
2025-11-01,尿液,陰性,安非他命,無,60歲以上,男,0.0
2025-07-22,尿液,陰性,未檢出,二級,40-49歲,男,2.0
2025-01-10,尿液,陰性,未檢出,二級,40-49歲,女,2.0
2025-12-05,尿液,陰性,未檢出,無,50-59歲,男,0.0
2025-07-10,尿液,陰性,未檢出,無,60歲以上,男,0.0
2025-10-06,尿液,陰性,未檢出,無,30-39歲,男,0.0
2025-05-28,尿液,陽性,甲基安非他命,二級,40-49歲,男,2.0
2025-05-12,尿液,陰性,甲基安非他命,二級,40-49歲,女,2.0
2025-04-18,尿液,陰性,未檢出,無,50-59歲,男,0.0
2025-09-23,尿液,陰性,未檢出,無,40-49歲,男,0.0
2025-12-29,尿液,陰性,未檢出,無,50-59歲,男,0.0
2025-07-09,尿液,陽性,未檢出,無,40-49歲,男,0.0
2025-09-03,尿液,陽性,安非他命,二級,50-59歲,男,2.0
2025-03-01,尿液,陽性,未檢出,無,40-49歲,男,0.0
2025-11-28,尿液,陽性,甲基安非他命,無,50-59歲,男,0.0
2025-03-02,尿液,陽性,未檢出,二級,50-59歲,女,2.0
2025-05-20,尿液,陰性,未檢出,無,40-49歲,女,0.0
2025-04-19,尿液,陰性,未檢出,無,40-49歲,男,0.0
2025-09-05,尿液,陽性,未檢出,二級,50-59歲,男,2.0
2025-05-19,尿液,陽性,安非他命,三級,60歲以上,女,1.0
2025-06-02,尿液,陽性,甲基安非他命,二級,30-39歲,男,2.0
2025-07-08,尿液,陰性,未檢出,無,20-29歲,男,0.0
2025-05-05,尿液,陰性,未檢出,無,50-59歲,男,0.0
2025-12-17,尿液,陰性,未檢出,二級,20-29歲,男,2.0
2025-01-17,尿液,陰性,甲基安非他命,無,19歲以下,男,0.0
2025-04-24,尿液,陰性,未檢出,無,30-39歲,女,0.0
2025-08-16,尿液,陰性,未檢出,二級,40-49歲,女,2.0
2025-06-15,尿液,陰性,未檢出,無,50-59歲,男,0.0
2025-01-27,尿液,陽性,愷他命,二級,30-39歲,男,2.0
2025-07-05,尿液,陰性,未檢出,無,20-29歲,男,0.0
2025-03-16,尿液,陰性,未檢出,無,40-49歲,男,0.0
2025-10-04,尿液,陰性,未檢出,無,50-59歲,女,0.0
2025-12-03,尿液,陰性,未檢出,無,30-39歲,男,0.0
2025-08-22,尿液,陰性,未檢出,無,20-29歲,男,0.0
2025-06-24,尿液,陰性,未檢出,無,40-49歲,男,0.0
2025-07-31,尿液,陽性,未檢出,無,40-49歲,女,0.0
2025-02-26,尿液,陰性,安非他命,無,20-29歲,男,0.0
2025-11-01,尿液,陰性,安非他命,無,40-49歲,男,0.0
2025-02-17,尿液,陰性,甲基安非他命,二級,50-59歲,女,2.0
2025-05-14,尿液,陰性,安非他命,三級,30-39歲,男,1.0
2025-04-05,尿液,陰性,未檢出,無,40-49歲,男,0.0
2025-12-24,尿液,陰性,未檢出,無,40-49歲,男,0.0
2025-01-02,血液,陰性,未檢出,無,50-59歲,男,0.0
2025-05-30,尿液,陰性,未檢出,無,30-39歲,男,0.0
2025-03-05,血液,陰性,未檢出,無,50-59歲,男,0.0
2025-03-26,尿液,陰性,未檢出,無,50-59歲,女,0.0
2025-01-21,尿液,陰性,安非他命,無,50-59歲,男,0.0
2025-05-07,尿液,陰性,未檢出,二級,40-49歲,男,2.0
2025-03-09,尿液,陰性,未檢出,無,30-39歲,男,0.0
2025-05-23,尿液,陰性,未檢出,無,30-39歲,男,0.0
2025-05-10,尿液,陰性,未檢出,無,30-39歲,女,0.0
2025-11-20,血液,陰性,未檢出,無,30-39歲,男,0.0
2025-12-03,尿液,陰性,未檢出,無,30-39歲,女,0.0
2025-09-18,尿液,陰性,未檢出,無,40-49歲,男,0.0
2025-11-19,尿液,陰性,未檢出,二級,40-49歲,男,2.0
2025-02-20,尿液,陰性,未檢出,無,20-29歲,男,0.0
2025-11-26,尿液,陰性,未檢出,無,50-59歲,男,0.0
2025-05-04,尿液,陰性,未檢出,無,50-59歲,男,0.0
2025-11-13,血液,陰性,未檢出,無,50-59歲,女,0.0
2025-01-30,尿液,陰性,未檢出,無,60歲以上,男,0.0
2025-08-22,尿液,陰性,未檢出,無,40-49歲,男,0.0
2025-10-30,尿液,陰性,未檢出,無,40-49歲,男,0.0
2025-06-16,血液,陰性,未檢出,無,30-39歲,女,0.0
2025-06-05,尿液,陽性,未檢出,三級,50-59歲,男,1.0
2025-05-20,尿液,陰性,未檢出,無,40-49歲,女,0.0
2025-06-12,血液,陽性,未檢出,二級,50-59歲,男,2.0
2025-06-07,尿液,陰性,未檢出,無,50-59歲,男,0.0
2025-07-11,尿液,陽性,未檢出,無,40-49歲,男,0.0
2025-09-11,尿液,陰性,未檢出,無,50-59歲,男,0.0
2025-04-26,血液,陽性,愷他命,一級,60歲以上,男,3.0
2025-03-10,尿液,陰性,未檢出,無,60歲以上,女,0.0
2025-07-05,尿液,陽性,嗎啡,三級,50-59歲,男,1.0
2025-08-25,尿液,陰性,未檢出,無,40-49歲,男,0.0
2025-06-16,尿液,陰性,未檢出,無,50-59歲,男,0.0
2025-02-03,尿液,陰性,未檢出,無,30-39歲,男,0.0
2025-08-22,尿液,陽性,未檢出,二級,50-59歲,男,2.0
2025-04-30,尿液,陰性,未檢出,無,50-59歲,男,0.0
2025-04-03,尿液,陽性,甲基安非他命,二級,30-39歲,男,2.0
2025-04-05,尿液,陰性,未檢出,無,30-39歲,女,0.0
2025-04-02,血液,陽性,甲基安非他命,三級,40-49歲,男,1.0
2025-12-21,尿液,陰性,未檢出,無,50-59歲,男,0.0
2025-08-12,尿液,陽性,未檢出,三級,50-59歲,男,1.0
2025-05-26,尿液,陽性,未檢出,二級,50-59歲,女,2.0
2025-03-28,尿液,陰性,未檢出,無,50-59歲,女,0.0
2025-03-11,尿液,陽性,未檢出,無,40-49歲,男,0.0
2025-11-07,尿液,陰性,安非他命,二級,30-39歲,男,2.0
2025-02-18,尿液,陰性,未檢出,無,60歲以上,男,0.0
2025-06-20,尿液,陰性,未檢出,無,30-39歲,男,0.0
2025-06-05,尿液,陰性,未檢出,無,30-39歲,男,0.0
2025-07-05,尿液,陰性,未檢出,無,50-59歲,男,0.0
2025-07-31,尿液,陰性,未檢出,無,20-29歲,男,0.0
2025-11-15,尿液,陽性,甲基安非他命,二級,20-29歲,男,2.0
2025-01-22,尿液,陽性,未檢出,無,40-49歲,男,0.0
2025-04-05,尿液,陰性,未檢出,無,40-49歲,男,0.0
2025-04-22,尿液,陰性,未檢出,無,40-49歲,女,0.0
2025-07-31,尿液,陽性,未檢出,二級,40-49歲,男,2.0
2025-01-26,尿液,陰性,未檢出,無,30-39歲,女,0.0
2025-01-21,尿液,陰性,未檢出,無,20-29歲,男,0.0
2025-06-04,尿液,陰性,甲基安非他命,無,50-59歲,女,0.0
2025-06-27,尿液,陰性,未檢出,無,50-59歲,男,0.0
2025-10-04,尿液,陽性,未檢出,無,50-59歲,男,0.0
2025-01-04,尿液,陽性,未檢出,無,40-49歲,男,0.0
2025-09-19,尿液,陽性,愷他命,三級,60歲以上,男,1.0
2025-12-31,尿液,陰性,未檢出,二級,20-29歲,男,2.0
2025-04-29,尿液,陰性,甲基安非他命,無,50-59歲,男,0.0
2025-04-01,尿液,陰性,甲基安非他命,二級,50-59歲,男,2.0
2025-06-11,尿液,陰性,未檢出,無,40-49歲,男,0.0
2025-01-01,血液,陰性,未檢出,無,30-39歲,男,0.0
2025-10-14,尿液,陽性,安非他命,無,50-59歲,男,0.0
2025-06-01,尿液,陰性,未檢出,二級,20-29歲,女,2.0
2025-07-02,尿液,陰性,未檢出,無,50-59歲,男,0.0
2025-12-19,尿液,陽性,安非他命,無,30-39歲,男,0.0
2025-11-15,尿液,陽性,愷他命,無,20-29歲,女,0.0
2025-04-24,尿液,陰性,未檢出,二級,40-49歲,男,2.0
2025-12-12,尿液,陰性,未檢出,無,30-39歲,男,0.0
2025-07-17,血液,陰性,未檢出,無,50-59歲,男,0.0
2025-07-19,尿液,陰性,未檢出,二級,50-59歲,男,2.0
2025-09-03,尿液,陰性,未檢出,無,60歲以上,男,0.0
2025-10-25,血液,陰性,未檢出,無,40-49歲,男,0.0
2025-05-07,尿液,陰性,未檢出,無,30-39歲,男,0.0
2025-01-31,尿液,陰性,未檢出,無,50-59歲,女,0.0
2025-10-23,尿液,陰性,未檢出,無,40-49歲,男,0.0
2025-01-05,尿液,陰性,未檢出,無,50-59歲,男,0.0
2025-07-28,血液,陰性,未檢出,無,50-59歲,女,0.0
2025-07-30,尿液,陰性,未檢出,二級,50-59歲,女,2.0
2025-09-21,尿液,陰性,未檢出,無,50-59歲,男,0.0
2025-12-12,尿液,陰性,未檢出,無,40-49歲,男,0.0
2025-07-17,尿液,陽性,未檢出,無,40-49歲,男,0.0
2025-05-20,尿液,陰性,未檢出,無,60歲以上,男,0.0
2025-03-05,尿液,陽性,甲基安非他命,無,40-49歲,男,0.0
2025-07-19,尿液,陰性,未檢出,無,30-39歲,男,0.0
2025-11-06,血液,陰性,未檢出,無,40-49歲,男,0.0
2025-12-26,尿液,陰性,未檢出,無,20-29歲,男,0.0
2025-03-09,血液,陽性,甲基安非他命,一級,40-49歲,男,3.0
2025-10-03,尿液,陽性,未檢出,無,40-49歲,女,0.0
2025-02-13,尿液,陰性,未檢出,一級,20-29歲,女,3.0
2025-07-15,尿液,陰性,未檢出,無,30-39歲,男,0.0
2025-01-13,尿液,陰性,安非他命,二級,30-39歲,男,2.0
2025-11-21,血液,陰性,未檢出,無,50-59歲,男,0.0
2025-03-11,尿液,陰性,未檢出,無,30-39歲,男,0.0
2025-10-18,尿液,陽性,未檢出,一級,40-49歲,男,3.0
2025-10-08,尿液,陰性,未檢出,無,50-59歲,男,0.0
2025-12-13,尿液,陰性,未檢出,無,40-49歲,男,0.0
2025-10-02,尿液,陰性,愷他命,二級,40-49歲,男,2.0
2025-11-07,尿液,陽性,未檢出,無,20-29歲,女,0.0
2025-11-24,尿液,陰性,未檢出,二級,40-49歲,男,2.0
2025-12-14,尿液,陰性,未檢出,無,40-49歲,男,0.0
2025-10-21,尿液,陰性,未檢出,無,50-59歲,男,0.0
2025-03-13,尿液,陰性,未檢出,無,40-49歲,男,0.0
2025-05-23,尿液,陰性,安非他命,二級,19歲以下,男,2.0
2025-06-17,尿液,陰性,未檢出,無,50-59歲,男,0.0
2025-10-23,尿液,陰性,未檢出,無,40-49歲,女,0.0
2025-08-13,尿液,陰性,未檢出,二級,50-59歲,男,2.0
2025-02-04,血液,陰性,未檢出,無,40-49歲,女,0.0
2025-05-13,尿液,陰性,未檢出,無,20-29歲,男,0.0
2025-09-01,尿液,陰性,未檢出,無,40-49歲,女,0.0
2025-10-21,尿液,陰性,未檢出,無,30-39歲,男,0.0
2025-08-27,尿液,陰性,未檢出,無,40-49歲,女,0.0
2025-05-27,尿液,陽性,未檢出,無,40-49歲,男,0.0
2025-08-26,尿液,陽性,愷他命,三級,40-49歲,男,1.0
2025-04-06,血液,陰性,未檢出,三級,50-59歲,男,1.0
2025-04-02,尿液,陰性,未檢出,無,60歲以上,男,0.0
2025-01-23,尿液,陰性,未檢出,二級,40-49歲,男,2.0
2025-06-14,尿液,陰性,未檢出,無,60歲以上,男,0.0
2025-08-14,尿液,陰性,未檢出,無,40-49歲,男,0.0
2025-06-08,尿液,陰性,未檢出,二級,40-49歲,女,2.0
2025-06-11,尿液,陰性,未檢出,無,50-59歲,男,0.0
2025-06-13,尿液,陰性,未檢出,無,30-39歲,女,0.0
2025-03-08,血液,陰性,嗎啡,無,60歲以上,男,0.0
2025-06-18,尿液,陰性,未檢出,無,50-59歲,男,0.0
2025-05-09,尿液,陰性,未檢出,無,40-49歲,男,0.0
2025-01-07,尿液,陽性,安非他命,二級,40-49歲,女,2.0
2025-05-28,尿液,陰性,未檢出,無,30-39歲,男,0.0
2025-02-20,尿液,陰性,未檢出,無,30-39歲,男,0.0
2025-03-22,尿液,陽性,未檢出,無,50-59歲,男,0.0
2025-01-25,尿液,陰性,未檢出,無,40-49歲,男,0.0
2025-12-03,尿液,陰性,未檢出,無,50-59歲,女,0.0
2025-02-23,尿液,陰性,未檢出,無,30-39歲,男,0.0
2025-06-07,尿液,陰性,嗎啡,一級,40-49歲,男,3.0
2025-12-12,尿液,陰性,未檢出,無,50-59歲,男,0.0
2025-08-02,尿液,陰性,未檢出,三級,50-59歲,男,1.0
2025-11-02,尿液,陰性,未檢出,無,50-59歲,男,0.0
2025-05-09,血液,陰性,未檢出,二級,40-49歲,男,2.0
2025-02-19,血液,陰性,未檢出,無,40-49歲,女,0.0
2025-06-02,尿液,陰性,安非他命,無,20-29歲,女,0.0
2025-03-02,尿液,陰性,未檢出,無,40-49歲,男,0.0
2025-02-07,尿液,陰性,未檢出,無,60歲以上,男,0.0
2025-02-25,尿液,陽性,未檢出,無,60歲以上,男,0.0
2025-03-06,尿液,陽性,未檢出,無,50-59歲,男,0.0
2025-11-28,尿液,陰性,安非他命,二級,20-29歲,男,2.0
2025-05-06,尿液,陰性,未檢出,三級,50-59歲,男,1.0
2025-07-15,血液,陰性,未檢出,無,40-49歲,男,0.0
2025-01-24,尿液,陰性,未檢出,無,50-59歲,男,0.0
2025-12-12,尿液,陰性,愷他命,二級,40-49歲,男,2.0
2025-10-18,尿液,陰性,未檢出,無,40-49歲,女,0.0
2025-05-13,尿液,陰性,未檢出,無,30-39歲,男,0.0
2025-06-05,血液,陽性,甲基安非他命,二級,40-49歲,男,2.0
2025-08-23,血液,陰性,未檢出,無,50-59歲,男,0.0
2025-08-12,尿液,陰性,未檢出,無,50-59歲,男,0.0
2025-07-30,尿液,陰性,未檢出,無,30-39歲,男,0.0
2025-01-27,尿液,陰性,未檢出,無,50-59歲,女,0.0
2025-11-06,尿液,陰性,未檢出,無,40-49歲,男,0.0
2025-03-05,尿液,陰性,未檢出,無,50-59歲,男,0.0
2025-09-02,尿液,陰性,未檢出,無,30-39歲,男,0.0
2025-05-28,尿液,陽性,未檢出,二級,50-59歲,男,2.0
2025-06-19,尿液,陰性,未檢出,無,50-59歲,男,0.0
2025-11-14,尿液,陰性,未檢出,無,50-59歲,男,0.0
2025-08-09,尿液,陰性,未檢出,無,50-59歲,男,0.0
2025-09-26,尿液,陰性,未檢出,無,20-29歲,男,0.0
2025-11-24,尿液,陽性,未檢出,無,60歲以上,男,0.0
2025-03-23,尿液,陰性,未檢出,無,40-49歲,女,0.0
2025-06-08,尿液,陰性,未檢出,二級,30-39歲,男,2.0
2025-05-26,尿液,陰性,未檢出,無,60歲以上,男,0.0
2025-04-21,尿液,陰性,未檢出,無,40-49歲,男,0.0
2025-04-15,尿液,陰性,未檢出,無,40-49歲,男,0.0
2025-08-02,尿液,陽性,安非他命,無,20-29歲,男,0.0
2025-08-20,尿液,陰性,未檢出,無,30-39歲,男,0.0
2025-04-27,尿液,陰性,未檢出,二級,20-29歲,女,2.0
2025-10-04,尿液,陽性,未檢出,無,60歲以上,男,0.0
2025-01-28,尿液,陽性,甲基安非他命,無,30-39歲,女,0.0
2025-12-21,尿液,陰性,安非他命,無,40-49歲,女,0.0
2025-03-09,尿液,陽性,未檢出,二級,60歲以上,男,2.0
2025-12-07,尿液,陰性,未檢出,無,40-49歲,男,0.0
2025-03-07,尿液,陽性,未檢出,無,40-49歲,男,0.0
2025-06-25,尿液,陰性,未檢出,無,20-29歲,女,0.0
2025-07-03,尿液,陰性,未檢出,無,40-49歲,女,0.0
2025-11-06,尿液,陰性,未檢出,無,40-49歲,女,0.0
2025-09-14,尿液,陽性,未檢出,無,50-59歲,男,0.0
2025-11-20,尿液,陰性,未檢出,無,60歲以上,女,0.0
2025-07-12,尿液,陰性,甲基安非他命,二級,40-49歲,男,2.0
2025-12-22,尿液,陰性,愷他命,無,30-39歲,男,0.0
2025-07-11,尿液,陽性,未檢出,無,40-49歲,男,0.0
2025-10-22,尿液,陰性,未檢出,無,40-49歲,男,0.0
2025-02-03,尿液,陰性,未檢出,無,50-59歲,男,0.0
2025-11-20,尿液,陰性,未檢出,無,50-59歲,男,0.0
2025-10-10,尿液,陰性,未檢出,無,50-59歲,女,0.0
2025-08-07,尿液,陽性,嗎啡,二級,19歲以下,男,2.0
2025-07-17,尿液,陰性,未檢出,無,30-39歲,男,0.0
2025-12-03,尿液,陰性,甲基安非他命,二級,40-49歲,男,2.0
2025-02-25,尿液,陰性,未檢出,無,50-59歲,男,0.0
2025-03-24,尿液,陽性,未檢出,無,30-39歲,男,0.0
2025-05-22,尿液,陰性,未檢出,無,40-49歲,女,0.0
2025-08-16,尿液,陰性,未檢出,無,50-59歲,男,0.0
2025-04-20,尿液,陰性,未檢出,無,50-59歲,男,0.0
2025-04-19,尿液,陰性,未檢出,無,60歲以上,男,0.0
2025-08-28,尿液,陰性,未檢出,無,20-29歲,男,0.0
2025-03-21,尿液,陰性,未檢出,無,40-49歲,男,0.0
2025-03-06,尿液,陰性,未檢出,二級,40-49歲,男,2.0
2025-12-14,尿液,陽性,甲基安非他命,二級,60歲以上,男,2.0
2025-05-04,尿液,陽性,安非他命,二級,20-29歲,女,2.0
2025-09-18,尿液,陽性,未檢出,無,50-59歲,男,0.0
2025-05-16,尿液,陰性,未檢出,無,50-59歲,男,0.0
2025-06-29,尿液,陽性,安非他命,二級,40-49歲,男,2.0
2025-04-17,血液,陰性,未檢出,二級,50-59歲,男,2.0
2025-01-12,尿液,陽性,未檢出,二級,40-49歲,男,2.0
2025-11-16,尿液,陽性,未檢出,三級,40-49歲,女,1.0
2025-12-20,尿液,陰性,安非他命,無,40-49歲,男,0.0
2025-08-27,尿液,陰性,未檢出,無,40-49歲,男,0.0
2025-09-17,尿液,陽性,未檢出,無,40-49歲,男,0.0
2025-12-25,血液,陰性,安非他命,無,40-49歲,男,0.0
2025-04-28,尿液,陽性,未檢出,無,50-59歲,男,0.0
2025-07-14,尿液,陰性,未檢出,無,60歲以上,男,0.0
2025-06-23,血液,陰性,未檢出,無,60歲以上,男,0.0
2025-03-08,尿液,陰性,未檢出,無,40-49歲,男,0.0
2025-08-10,尿液,陰性,安非他命,二級,50-59歲,男,2.0
2025-04-06,尿液,陽性,甲基安非他命,一級,40-49歲,男,3.0
2025-12-09,尿液,陰性,未檢出,無,40-49歲,男,0.0
2025-03-11,血液,陰性,未檢出,無,50-59歲,男,0.0
2025-09-18,血液,陰性,未檢出,無,40-49歲,女,0.0
2025-01-04,尿液,陰性,未檢出,無,60歲以上,男,0.0
2025-04-16,尿液,陽性,甲基安非他命,無,40-49歲,男,0.0
2025-06-13,尿液,陰性,未檢出,無,30-39歲,男,0.0
2025-01-14,尿液,陰性,未檢出,無,40-49歲,女,0.0
2025-05-20,尿液,陰性,未檢出,無,50-59歲,男,0.0
2025-10-10,尿液,陽性,未檢出,無,60歲以上,男,0.0
2025-09-28,尿液,陰性,未檢出,無,30-39歲,女,0.0
2025-06-26,尿液,陰性,甲基安非他命,二級,40-49歲,男,2.0
2025-05-16,尿液,陽性,甲基安非他命,二級,50-59歲,女,2.0
2025-02-10,尿液,陰性,未檢出,無,20-29歲,女,0.0
2025-04-05,尿液,陰性,愷他命,無,40-49歲,男,0.0
2025-11-23,血液,陽性,嗎啡,一級,50-59歲,男,3.0
2025-10-21,尿液,陰性,甲基安非他命,無,30-39歲,男,0.0
2025-08-09,尿液,陰性,未檢出,無,40-49歲,男,0.0
2025-04-16,尿液,陰性,未檢出,二級,40-49歲,男,2.0
2025-07-31,尿液,陰性,未檢出,無,30-39歲,女,0.0
2025-07-02,尿液,陰性,未檢出,無,40-49歲,男,0.0
2025-03-10,尿液,陰性,未檢出,無,30-39歲,男,0.0
2025-09-10,尿液,陽性,未檢出,無,20-29歲,男,0.0
2025-06-11,尿液,陽性,愷他命,二級,50-59歲,男,2.0
2025-02-21,尿液,陰性,甲基安非他命,二級,40-49歲,男,2.0
2025-03-14,尿液,陰性,甲基安非他命,無,30-39歲,男,0.0
2025-05-28,尿液,陰性,未檢出,無,50-59歲,男,0.0
2025-11-20,尿液,陰性,未檢出,無,30-39歲,男,0.0
2025-09-04,血液,陰性,未檢出,無,40-49歲,男,0.0
2025-08-12,尿液,陰性,未檢出,無,20-29歲,男,0.0
2025-05-06,尿液,陰性,未檢出,無,40-49歲,男,0.0
2025-09-11,尿液,陰性,未檢出,無,40-49歲,女,0.0
2025-06-01,尿液,陰性,未檢出,無,60歲以上,女,0.0
2025-08-20,尿液,陰性,未檢出,無,40-49歲,男,0.0
2025-05-22,尿液,陰性,未檢出,無,30-39歲,男,0.0
2025-02-25,尿液,陰性,未檢出,無,40-49歲,女,0.0
2025-06-16,尿液,陰性,未檢出,無,30-39歲,男,0.0
2025-02-18,血液,陰性,未檢出,無,20-29歲,男,0.0
2025-11-05,尿液,陽性,安非他命,三級,40-49歲,男,1.0
2025-07-30,尿液,陽性,未檢出,無,30-39歲,男,0.0
2025-04-30,尿液,陰性,甲基安非他命,二級,40-49歲,女,2.0
2025-07-14,尿液,陰性,未檢出,無,50-59歲,男,0.0
2025-03-18,血液,陽性,未檢出,無,19歲以下,男,0.0
2025-04-06,尿液,陰性,甲基安非他命,二級,40-49歲,男,2.0
2025-03-23,尿液,陰性,未檢出,無,50-59歲,男,0.0
2025-10-27,尿液,陰性,未檢出,無,50-59歲,女,0.0
2025-05-24,尿液,陰性,甲基安非他命,二級,60歲以上,男,2.0
2025-07-11,尿液,陽性,未檢出,無,50-59歲,男,0.0
2025-12-19,尿液,陰性,未檢出,二級,30-39歲,女,2.0
2025-11-09,尿液,陰性,未檢出,無,50-59歲,男,0.0
2025-03-21,尿液,陰性,未檢出,二級,40-49歲,男,2.0
2025-06-05,尿液,陰性,未檢出,無,40-49歲,男,0.0
2025-05-06,尿液,陰性,甲基安非他命,無,50-59歲,男,0.0
2025-12-12,尿液,陰性,未檢出,無,40-49歲,男,0.0
2025-02-22,尿液,陰性,未檢出,無,40-49歲,男,0.0
2025-07-05,尿液,陰性,未檢出,無,40-49歲,男,0.0
2025-11-09,尿液,陽性,未檢出,無,30-39歲,女,0.0
2025-03-25,尿液,陰性,未檢出,二級,50-59歲,男,2.0
2025-01-05,尿液,陽性,愷他命,無,50-59歲,男,0.0
2025-03-21,尿液,陽性,未檢出,無,40-49歲,男,0.0
2025-12-21,尿液,陽性,未檢出,無,40-49歲,女,0.0
2025-11-20,尿液,陰性,安非他命,無,30-39歲,男,0.0
2025-05-01,尿液,陽性,未檢出,二級,30-39歲,男,2.0
2025-07-14,尿液,陽性,未檢出,無,40-49歲,男,0.0
2025-04-02,尿液,陰性,未檢出,無,40-49歲,男,0.0
2025-09-12,尿液,陰性,未檢出,無,30-39歲,男,0.0
2025-03-08,血液,陰性,未檢出,無,40-49歲,男,0.0
2025-04-22,尿液,陰性,未檢出,無,60歲以上,男,0.0
2025-11-29,血液,陰性,未檢出,無,50-59歲,男,0.0
2025-06-30,尿液,陰性,未檢出,二級,40-49歲,男,2.0
2025-12-13,尿液,陰性,未檢出,無,50-59歲,男,0.0
2025-04-07,尿液,陰性,未檢出,無,40-49歲,男,0.0
2025-06-08,尿液,陽性,愷他命,一級,40-49歲,男,3.0
2025-04-18,尿液,陰性,未檢出,無,40-49歲,男,0.0
2025-03-20,尿液,陰性,未檢出,無,40-49歲,男,0.0
2025-01-04,尿液,陰性,未檢出,無,20-29歲,男,0.0
2025-04-29,血液,陰性,未檢出,無,30-39歲,男,0.0
2025-02-11,尿液,陰性,未檢出,無,30-39歲,男,0.0
2025-03-10,血液,陽性,安非他命,二級,50-59歲,男,2.0
2025-07-07,尿液,陽性,未檢出,二級,50-59歲,男,2.0
2025-07-21,尿液,陽性,未檢出,無,40-49歲,男,0.0
2025-12-06,尿液,陽性,嗎啡,二級,60歲以上,女,2.0
2025-03-13,尿液,陰性,安非他命,無,50-59歲,女,0.0
2025-01-29,尿液,陰性,未檢出,無,50-59歲,男,0.0
2025-01-16,尿液,陰性,未檢出,無,40-49歲,男,0.0
2025-01-09,尿液,陽性,未檢出,二級,50-59歲,男,2.0
2025-08-21,尿液,陰性,未檢出,無,50-59歲,男,0.0
2025-07-26,尿液,陰性,未檢出,無,30-39歲,男,0.0
2025-05-13,尿液,陽性,嗎啡,二級,40-49歲,男,2.0
2025-07-23,尿液,陰性,未檢出,無,40-49歲,男,0.0
2025-03-31,尿液,陰性,愷他命,二級,40-49歲,男,2.0
2025-04-21,尿液,陰性,未檢出,無,40-49歲,男,0.0
2025-10-22,尿液,陰性,未檢出,無,60歲以上,男,0.0
2025-11-24,尿液,陽性,未檢出,無,40-49歲,男,0.0
2025-03-31,尿液,陰性,未檢出,無,30-39歲,女,0.0
2025-07-05,尿液,陽性,未檢出,無,30-39歲,男,0.0
2025-12-18,尿液,陰性,未檢出,三級,19歲以下,男,1.0
2025-01-15,尿液,陰性,未檢出,無,50-59歲,女,0.0
2025-03-20,尿液,陰性,未檢出,無,40-49歲,女,0.0
2025-08-13,尿液,陰性,未檢出,無,30-39歲,男,0.0
2025-06-22,尿液,陰性,甲基安非他命,無,50-59歲,男,0.0
2025-11-08,尿液,陰性,未檢出,無,40-49歲,男,0.0
2025-07-19,尿液,陰性,未檢出,無,30-39歲,男,0.0
2025-11-10,尿液,陰性,未檢出,二級,50-59歲,男,2.0
2025-12-23,尿液,陰性,未檢出,無,50-59歲,男,0.0
2025-11-09,尿液,陰性,安非他命,二級,40-49歲,男,2.0
2025-12-14,尿液,陰性,未檢出,無,50-59歲,男,0.0
2025-04-23,尿液,陰性,未檢出,無,40-49歲,男,0.0
2025-03-22,尿液,陰性,安非他命,三級,50-59歲,男,1.0
2025-07-22,尿液,陰性,未檢出,無,30-39歲,男,0.0
2025-07-10,血液,陽性,安非他命,無,50-59歲,女,0.0
2025-10-12,尿液,陽性,甲基安非他命,無,40-49歲,男,0.0
2025-01-29,尿液,陰性,未檢出,無,30-39歲,男,0.0
2025-07-02,血液,陽性,愷他命,二級,40-49歲,女,2.0
2025-01-25,尿液,陰性,未檢出,無,30-39歲,男,0.0
2025-05-19,尿液,陰性,未檢出,無,40-49歲,男,0.0
2025-05-21,尿液,陽性,未檢出,無,30-39歲,男,0.0
2025-03-21,尿液,陰性,未檢出,無,40-49歲,男,0.0
2025-06-26,尿液,陰性,未檢出,無,40-49歲,女,0.0
2025-05-10,尿液,陰性,未檢出,無,60歲以上,男,0.0
2025-04-28,尿液,陰性,未檢出,二級,50-59歲,男,2.0
2025-09-27,尿液,陰性,未檢出,無,40-49歲,男,0.0
2025-11-30,尿液,陰性,未檢出,無,50-59歲,男,0.0
2025-04-06,尿液,陰性,未檢出,無,50-59歲,女,0.0
2025-10-05,尿液,陰性,未檢出,無,50-59歲,女,0.0
2025-09-08,尿液,陰性,未檢出,無,40-49歲,男,0.0
2025-04-21,尿液,陰性,未檢出,無,20-29歲,女,0.0
2025-01-23,血液,陰性,未檢出,無,30-39歲,女,0.0
2025-09-22,尿液,陰性,未檢出,無,30-39歲,男,0.0
2025-10-31,尿液,陰性,未檢出,無,50-59歲,男,0.0
2025-04-26,尿液,陰性,未檢出,二級,40-49歲,男,2.0
2025-10-12,尿液,陽性,未檢出,無,40-49歲,女,0.0
2025-09-13,尿液,陰性,未檢出,無,30-39歲,女,0.0
2025-11-18,血液,陰性,未檢出,無,60歲以上,男,0.0
2025-05-10,尿液,陰性,安非他命,一級,50-59歲,男,3.0
2025-02-03,尿液,陰性,未檢出,無,50-59歲,男,0.0
2025-02-11,尿液,陰性,未檢出,無,60歲以上,男,0.0
2025-07-30,尿液,陰性,未檢出,二級,50-59歲,男,2.0
2025-03-24,尿液,陽性,未檢出,無,40-49歲,男,0.0
2025-05-12,尿液,陰性,未檢出,無,40-49歲,女,0.0
2025-02-08,尿液,陰性,未檢出,無,30-39歲,男,0.0
2025-12-17,尿液,陽性,甲基安非他命,二級,40-49歲,男,2.0
2025-01-25,尿液,陰性,未檢出,無,20-29歲,男,0.0
2025-08-14,尿液,陽性,甲基安非他命,無,40-49歲,女,0.0
2025-02-21,尿液,陰性,未檢出,無,40-49歲,男,0.0
2025-04-08,尿液,陰性,未檢出,無,20-29歲,男,0.0
2025-05-17,尿液,陽性,未檢出,無,50-59歲,男,0.0
2025-10-29,尿液,陰性,未檢出,二級,30-39歲,男,2.0
2025-09-08,尿液,陰性,未檢出,無,30-39歲,男,0.0
2025-07-10,尿液,陰性,未檢出,無,30-39歲,男,0.0
2025-01-10,血液,陰性,未檢出,無,40-49歲,男,0.0
2025-11-18,尿液,陰性,安非他命,無,30-39歲,男,0.0
2025-08-18,尿液,陽性,未檢出,無,20-29歲,男,0.0
2025-07-05,尿液,陽性,安非他命,二級,30-39歲,男,2.0
2025-08-24,尿液,陰性,未檢出,無,50-59歲,女,0.0
2025-09-23,尿液,陰性,未檢出,二級,50-59歲,女,2.0
2025-10-25,尿液,陰性,愷他命,無,40-49歲,女,0.0
2025-05-20,尿液,陰性,未檢出,無,50-59歲,男,0.0
2025-10-19,尿液,陰性,未檢出,無,20-29歲,男,0.0
2025-09-26,尿液,陰性,未檢出,無,40-49歲,女,0.0
2025-03-01,尿液,陰性,甲基安非他命,三級,40-49歲,男,1.0
2025-08-04,血液,陰性,未檢出,無,60歲以上,男,0.0
2025-07-24,尿液,陰性,未檢出,無,40-49歲,男,0.0
2025-01-02,血液,陰性,安非他命,無,20-29歲,女,0.0
2025-03-25,尿液,陽性,甲基安非他命,無,50-59歲,男,0.0
2025-11-15,尿液,陰性,未檢出,無,60歲以上,男,0.0
2025-07-25,尿液,陰性,未檢出,無,40-49歲,男,0.0
2025-08-12,尿液,陽性,甲基安非他命,無,60歲以上,男,0.0
2025-07-18,尿液,陰性,未檢出,無,20-29歲,女,0.0
2025-09-29,尿液,陰性,未檢出,無,30-39歲,男,0.0
2025-10-24,尿液,陽性,未檢出,無,50-59歲,男,0.0
2025-11-05,尿液,陰性,未檢出,無,40-49歲,男,0.0
2025-03-06,尿液,陰性,未檢出,無,30-39歲,男,0.0
2025-12-05,血液,陰性,甲基安非他命,二級,60歲以上,女,2.0
2025-07-07,尿液,陰性,甲基安非他命,二級,50-59歲,男,2.0
2025-10-11,尿液,陽性,未檢出,三級,40-49歲,女,1.0
2025-04-04,尿液,陰性,未檢出,無,60歲以上,男,0.0
2025-04-13,尿液,陰性,未檢出,無,50-59歲,男,0.0
2025-03-24,尿液,陰性,未檢出,無,50-59歲,男,0.0
2025-11-25,尿液,陰性,未檢出,無,50-59歲,男,0.0
2025-11-14,尿液,陰性,未檢出,無,40-49歲,男,0.0
2025-01-20,尿液,陰性,未檢出,無,30-39歲,女,0.0
2025-08-23,尿液,陰性,未檢出,無,30-39歲,男,0.0
2025-09-11,尿液,陽性,嗎啡,二級,30-39歲,男,2.0
2025-02-11,尿液,陰性,未檢出,無,30-39歲,男,0.0
2025-03-08,尿液,陰性,未檢出,無,50-59歲,男,0.0
2025-07-21,尿液,陰性,未檢出,無,20-29歲,男,0.0
2025-11-27,尿液,陰性,未檢出,無,30-39歲,男,0.0
2025-02-13,尿液,陰性,未檢出,無,60歲以上,男,0.0
2025-08-09,尿液,陰性,未檢出,無,40-49歲,男,0.0
2025-03-02,尿液,陰性,未檢出,無,40-49歲,女,0.0
2025-10-27,尿液,陰性,未檢出,無,50-59歲,男,0.0
2025-01-02,尿液,陰性,未檢出,無,40-49歲,男,0.0
2025-01-05,尿液,陰性,未檢出,無,60歲以上,男,0.0
2025-10-11,尿液,陰性,未檢出,無,50-59歲,男,0.0
2025-04-13,尿液,陰性,未檢出,無,50-59歲,男,0.0
2025-09-25,尿液,陰性,未檢出,無,40-49歲,男,0.0
2025-05-22,血液,陰性,未檢出,無,50-59歲,男,0.0
2025-09-06,尿液,陰性,未檢出,無,50-59歲,男,0.0
2025-03-31,尿液,陰性,未檢出,無,60歲以上,男,0.0
2025-08-02,血液,陰性,未檢出,無,30-39歲,男,0.0
2025-11-10,尿液,陰性,未檢出,無,30-39歲,男,0.0
2025-09-25,尿液,陰性,未檢出,無,40-49歲,男,0.0
2025-07-19,尿液,陽性,未檢出,無,40-49歲,男,0.0
2025-11-06,尿液,陽性,未檢出,無,50-59歲,女,0.0
2025-02-13,尿液,陰性,安非他命,二級,40-49歲,女,2.0
2025-06-19,尿液,陰性,未檢出,無,50-59歲,女,0.0
2025-09-02,尿液,陽性,未檢出,二級,40-49歲,女,2.0
2025-11-20,血液,陰性,未檢出,無,30-39歲,男,0.0
2025-11-27,尿液,陰性,甲基安非他命,無,20-29歲,男,0.0
2025-11-14,尿液,陰性,未檢出,二級,50-59歲,男,2.0
2025-04-17,尿液,陽性,甲基安非他命,無,60歲以上,女,0.0
2025-01-13,尿液,陰性,未檢出,無,50-59歲,男,0.0
2025-07-17,尿液,陽性,未檢出,無,40-49歲,男,0.0
2025-09-01,尿液,陰性,未檢出,無,30-39歲,男,0.0
2025-05-22,尿液,陰性,未檢出,無,60歲以上,男,0.0
2025-04-07,尿液,陽性,未檢出,三級,40-49歲,男,1.0
2025-12-10,尿液,陰性,未檢出,無,30-39歲,女,0.0
2025-12-26,尿液,陽性,安非他命,三級,20-29歲,男,1.0
2025-05-20,尿液,陰性,未檢出,無,60歲以上,男,0.0
2025-04-09,尿液,陰性,愷他命,一級,20-29歲,男,3.0
2025-10-22,血液,陰性,未檢出,無,40-49歲,男,0.0
2025-05-02,尿液,陰性,未檢出,無,30-39歲,男,0.0
2025-10-16,尿液,陽性,未檢出,無,60歲以上,男,0.0
2025-11-16,血液,陰性,未檢出,無,50-59歲,男,0.0
2025-08-21,尿液,陰性,未檢出,二級,30-39歲,男,2.0
2025-07-01,尿液,陰性,未檢出,無,40-49歲,男,0.0
2025-05-07,尿液,陰性,未檢出,無,20-29歲,男,0.0
2025-10-31,尿液,陽性,甲基安非他命,三級,60歲以上,男,1.0
2025-06-28,尿液,陰性,未檢出,無,60歲以上,男,0.0
2025-05-22,尿液,陰性,未檢出,無,50-59歲,男,0.0
2025-06-20,尿液,陰性,未檢出,無,50-59歲,女,0.0
2025-06-02,尿液,陰性,未檢出,無,40-49歲,女,0.0
2025-02-02,尿液,陰性,甲基安非他命,無,30-39歲,男,0.0
2025-10-07,尿液,陽性,未檢出,二級,30-39歲,男,2.0
2025-11-26,血液,陰性,未檢出,無,60歲以上,男,0.0
2025-06-03,尿液,陰性,未檢出,無,20-29歲,女,0.0
2025-02-18,尿液,陰性,未檢出,無,60歲以上,男,0.0
2025-11-19,尿液,陰性,未檢出,二級,40-49歲,女,2.0
2025-04-14,尿液,陰性,未檢出,無,30-39歲,男,0.0
2025-09-19,尿液,陰性,甲基安非他命,無,30-39歲,男,0.0
2025-06-19,尿液,陽性,未檢出,無,40-49歲,男,0.0
2025-01-01,血液,陰性,未檢出,無,40-49歲,男,0.0
2025-04-26,尿液,陰性,未檢出,無,19歲以下,男,0.0
2025-01-20,尿液,陽性,未檢出,二級,40-49歲,男,2.0
2025-01-28,尿液,陽性,未檢出,無,30-39歲,男,0.0
2025-03-25,血液,陰性,安非他命,二級,50-59歲,男,2.0
2025-01-07,尿液,陰性,未檢出,無,50-59歲,男,0.0
2025-06-26,尿液,陰性,未檢出,無,40-49歲,男,0.0
2025-04-14,尿液,陰性,未檢出,無,20-29歲,男,0.0
2025-06-21,尿液,陰性,未檢出,無,20-29歲,男,0.0
2025-11-26,尿液,陰性,未檢出,二級,50-59歲,男,2.0
2025-05-13,尿液,陰性,未檢出,無,50-59歲,男,0.0
2025-07-23,尿液,陰性,未檢出,無,40-49歲,男,0.0
2025-05-26,尿液,陰性,安非他命,無,40-49歲,男,0.0
2025-10-15,尿液,陽性,未檢出,無,40-49歲,女,0.0
2025-06-08,尿液,陰性,未檢出,無,50-59歲,男,0.0
2025-07-16,尿液,陰性,甲基安非他命,無,30-39歲,男,0.0
2025-08-02,尿液,陰性,未檢出,無,50-59歲,男,0.0
2025-09-29,尿液,陽性,甲基安非他命,二級,60歲以上,男,2.0
2025-12-03,尿液,陽性,未檢出,無,50-59歲,男,0.0
2025-03-01,尿液,陰性,未檢出,無,40-49歲,男,0.0
2025-10-04,尿液,陰性,未檢出,無,50-59歲,男,0.0
2025-03-23,尿液,陰性,未檢出,無,40-49歲,男,0.0
2025-10-21,尿液,陽性,愷他命,無,40-49歲,男,0.0
2025-05-01,尿液,陽性,未檢出,無,50-59歲,男,0.0
2025-04-15,尿液,陽性,嗎啡,一級,40-49歲,男,3.0
2025-04-29,尿液,陰性,未檢出,無,40-49歲,男,0.0
2025-10-04,尿液,陰性,未檢出,無,19歲以下,男,0.0
2025-04-17,尿液,陰性,未檢出,無,19歲以下,女,0.0
2025-01-27,尿液,陽性,甲基安非他命,無,40-49歲,男,0.0
2025-11-01,尿液,陰性,未檢出,無,50-59歲,男,0.0
2025-05-08,尿液,陽性,愷他命,二級,40-49歲,男,2.0
2025-07-23,血液,陰性,未檢出,二級,30-39歲,男,2.0
2025-02-23,尿液,陰性,未檢出,三級,30-39歲,女,1.0
2025-03-01,尿液,陰性,安非他命,無,50-59歲,男,0.0
2025-12-23,血液,陰性,未檢出,無,30-39歲,女,0.0
2025-08-21,尿液,陰性,未檢出,無,40-49歲,男,0.0
2025-10-17,尿液,陰性,未檢出,無,50-59歲,男,0.0
2025-07-06,尿液,陽性,未檢出,無,30-39歲,女,0.0
2025-12-23,尿液,陽性,未檢出,無,50-59歲,男,0.0
2025-09-29,尿液,陰性,未檢出,無,50-59歲,男,0.0
2025-05-18,尿液,陰性,未檢出,無,20-29歲,男,0.0
2025-06-02,尿液,陰性,未檢出,無,40-49歲,男,0.0
2025-05-17,尿液,陰性,未檢出,無,50-59歲,男,0.0
2025-03-13,尿液,陰性,未檢出,無,50-59歲,男,0.0
2025-09-09,尿液,陽性,未檢出,無,30-39歲,男,0.0
2025-01-14,尿液,陽性,嗎啡,二級,40-49歲,男,2.0
2025-06-26,血液,陰性,未檢出,無,50-59歲,女,0.0
2025-03-17,尿液,陽性,安非他命,一級,40-49歲,男,3.0
2025-07-20,尿液,陽性,甲基安非他命,無,60歲以上,男,0.0
2025-09-28,尿液,陰性,未檢出,無,30-39歲,女,0.0
2025-11-25,尿液,陰性,安非他命,無,40-49歲,男,0.0
2025-12-24,尿液,陰性,未檢出,二級,20-29歲,男,2.0
2025-12-04,尿液,陰性,未檢出,無,50-59歲,男,0.0
2025-09-20,尿液,陰性,未檢出,二級,40-49歲,女,2.0
2025-07-09,尿液,陰性,甲基安非他命,無,50-59歲,男,0.0
2025-08-27,尿液,陰性,未檢出,無,40-49歲,女,0.0
2025-10-11,尿液,陽性,嗎啡,二級,30-39歲,男,2.0
2025-03-07,尿液,陰性,未檢出,二級,50-59歲,男,2.0
2025-05-04,尿液,陰性,未檢出,無,20-29歲,男,0.0
2025-07-20,尿液,陽性,甲基安非他命,二級,40-49歲,男,2.0
2025-12-15,尿液,陽性,未檢出,二級,20-29歲,男,2.0
2025-10-04,尿液,陰性,未檢出,無,30-39歲,男,0.0
2025-10-21,尿液,陽性,未檢出,無,40-49歲,女,0.0
2025-08-11,尿液,陰性,未檢出,無,40-49歲,男,0.0
2025-12-15,尿液,陰性,未檢出,無,40-49歲,男,0.0
2025-04-21,尿液,陽性,未檢出,無,50-59歲,男,0.0
2025-07-03,尿液,陽性,安非他命,一級,40-49歲,男,3.0
2025-03-29,尿液,陰性,未檢出,無,40-49歲,女,0.0
2025-10-16,尿液,陰性,未檢出,無,40-49歲,男,0.0
2025-06-24,尿液,陰性,未檢出,三級,50-59歲,男,1.0
2025-07-12,尿液,陰性,未檢出,無,40-49歲,男,0.0
2025-03-11,尿液,陰性,愷他命,無,20-29歲,男,0.0
2025-09-04,尿液,陰性,未檢出,無,40-49歲,男,0.0
2025-05-05,尿液,陰性,未檢出,無,30-39歲,男,0.0
2025-11-10,尿液,陽性,安非他命,二級,50-59歲,男,2.0
2025-06-23,尿液,陰性,未檢出,無,50-59歲,男,0.0
2025-05-05,尿液,陽性,未檢出,無,30-39歲,女,0.0
2025-12-18,尿液,陰性,未檢出,無,60歲以上,男,0.0
2025-10-18,尿液,陰性,未檢出,無,60歲以上,男,0.0
2025-07-10,尿液,陰性,未檢出,無,20-29歲,女,0.0
2025-07-05,尿液,陽性,未檢出,二級,40-49歲,男,2.0
2025-10-15,尿液,陽性,未檢出,無,40-49歲,男,0.0
2025-09-22,尿液,陰性,未檢出,無,40-49歲,男,0.0
2025-11-21,尿液,陰性,未檢出,無,50-59歲,男,0.0
2025-12-24,尿液,陰性,未檢出,無,30-39歲,男,0.0
2025-05-03,尿液,陰性,安非他命,二級,20-29歲,女,2.0
2025-10-13,尿液,陰性,未檢出,無,40-49歲,女,0.0
2025-09-17,尿液,陽性,甲基安非他命,二級,20-29歲,男,2.0
2025-09-07,尿液,陽性,未檢出,無,50-59歲,男,0.0
2025-12-01,尿液,陰性,未檢出,無,30-39歲,男,0.0
2025-02-01,尿液,陰性,未檢出,無,50-59歲,男,0.0
2025-12-24,尿液,陽性,甲基安非他命,一級,30-39歲,男,3.0
2025-09-13,尿液,陽性,安非他命,二級,19歲以下,男,2.0
2025-08-15,尿液,陰性,未檢出,無,30-39歲,男,0.0
2025-08-21,尿液,陰性,未檢出,無,40-49歲,男,0.0
2025-09-24,尿液,陰性,未檢出,無,30-39歲,男,0.0
2025-04-07,尿液,陰性,未檢出,無,40-49歲,男,0.0
2025-07-03,尿液,陰性,未檢出,無,40-49歲,男,0.0
2025-01-09,尿液,陰性,未檢出,無,40-49歲,男,0.0
2025-06-06,血液,陰性,未檢出,無,30-39歲,男,0.0
2025-02-17,尿液,陰性,未檢出,無,60歲以上,男,0.0
2025-04-26,尿液,陰性,未檢出,無,20-29歲,男,0.0
2025-03-17,尿液,陰性,未檢出,無,50-59歲,女,0.0
2025-02-13,尿液,陰性,安非他命,無,30-39歲,男,0.0
2025-04-17,尿液,陰性,愷他命,無,30-39歲,男,0.0
2025-09-01,尿液,陰性,未檢出,二級,40-49歲,男,2.0
2025-10-09,尿液,陽性,未檢出,二級,40-49歲,男,2.0
2025-07-30,尿液,陰性,愷他命,三級,50-59歲,男,1.0
2025-12-21,尿液,陰性,未檢出,無,40-49歲,男,0.0
2025-12-28,血液,陰性,未檢出,無,60歲以上,男,0.0
2025-09-17,尿液,陰性,未檢出,無,30-39歲,男,0.0
2025-11-14,尿液,陰性,未檢出,無,50-59歲,男,0.0
2025-12-29,尿液,陰性,未檢出,無,40-49歲,男,0.0
2025-11-25,尿液,陽性,未檢出,無,50-59歲,女,0.0
2025-08-10,尿液,陰性,未檢出,無,60歲以上,男,0.0
2025-01-13,尿液,陰性,安非他命,無,50-59歲,男,0.0
2025-11-16,尿液,陰性,未檢出,無,50-59歲,男,0.0
2025-02-13,尿液,陰性,未檢出,無,40-49歲,女,0.0
2025-11-16,尿液,陰性,未檢出,無,60歲以上,男,0.0
2025-06-14,尿液,陰性,未檢出,無,50-59歲,女,0.0
2025-01-20,尿液,陰性,未檢出,無,40-49歲,男,0.0
2025-01-01,尿液,陰性,未檢出,無,19歲以下,男,0.0
2025-04-07,尿液,陽性,未檢出,無,30-39歲,男,0.0
2025-03-11,尿液,陰性,未檢出,無,60歲以上,男,0.0
2025-12-18,尿液,陰性,未檢出,無,60歲以上,男,0.0
2025-08-13,尿液,陽性,愷他命,一級,20-29歲,男,3.0
2025-03-08,尿液,陰性,安非他命,無,20-29歲,男,0.0
2025-03-09,尿液,陰性,安非他命,無,40-49歲,男,0.0
2025-05-16,尿液,陰性,未檢出,無,30-39歲,男,0.0
2025-05-10,尿液,陰性,甲基安非他命,無,50-59歲,男,0.0
2025-09-22,尿液,陰性,未檢出,無,40-49歲,男,0.0
2025-10-10,尿液,陽性,嗎啡,二級,50-59歲,男,2.0
2025-12-08,血液,陰性,未檢出,無,50-59歲,男,0.0
2025-12-09,尿液,陰性,未檢出,無,60歲以上,男,0.0
2025-10-04,尿液,陽性,未檢出,三級,19歲以下,男,1.0
2025-10-10,尿液,陰性,未檢出,無,40-49歲,男,0.0
2025-12-24,尿液,陰性,未檢出,無,30-39歲,男,0.0
2025-02-23,尿液,陰性,未檢出,無,20-29歲,男,0.0
2025-12-24,尿液,陰性,安非他命,三級,40-49歲,女,1.0
2025-02-10,尿液,陽性,甲基安非他命,二級,40-49歲,男,2.0
2025-10-10,尿液,陰性,嗎啡,二級,30-39歲,女,2.0
2025-04-19,尿液,陰性,未檢出,無,50-59歲,男,0.0
2025-11-16,尿液,陰性,未檢出,無,19歲以下,男,0.0
2025-11-14,尿液,陰性,未檢出,無,50-59歲,男,0.0
2025-08-16,尿液,陰性,未檢出,無,60歲以上,男,0.0
2025-09-12,尿液,陽性,未檢出,無,20-29歲,男,0.0
2025-03-05,尿液,陰性,未檢出,無,40-49歲,男,0.0
2025-09-16,尿液,陰性,未檢出,無,40-49歲,男,0.0
2025-05-29,尿液,陰性,安非他命,無,40-49歲,男,0.0
2025-09-19,尿液,陰性,安非他命,無,30-39歲,女,0.0
2025-06-02,尿液,陽性,未檢出,無,40-49歲,男,0.0
2025-01-14,尿液,陰性,甲基安非他命,無,50-59歲,男,0.0
2025-06-27,尿液,陰性,未檢出,無,19歲以下,男,0.0
2025-11-12,尿液,陰性,未檢出,無,40-49歲,男,0.0
2025-05-05,尿液,陰性,未檢出,無,20-29歲,女,0.0
2025-05-18,尿液,陰性,未檢出,三級,50-59歲,男,1.0
2025-05-09,尿液,陰性,未檢出,無,30-39歲,男,0.0
2025-10-10,尿液,陰性,安非他命,二級,20-29歲,男,2.0
2025-07-25,尿液,陰性,未檢出,無,40-49歲,男,0.0
2025-03-23,尿液,陰性,甲基安非他命,二級,60歲以上,男,2.0
2025-03-11,尿液,陰性,未檢出,無,40-49歲,男,0.0
2025-06-21,血液,陰性,未檢出,無,40-49歲,男,0.0
2025-12-28,血液,陽性,未檢出,無,30-39歲,男,0.0
2025-01-20,尿液,陰性,未檢出,無,30-39歲,男,0.0
2025-10-23,尿液,陰性,安非他命,無,50-59歲,男,0.0
2025-03-05,尿液,陰性,未檢出,無,30-39歲,男,0.0
2025-10-16,尿液,陰性,安非他命,無,50-59歲,男,0.0
2025-12-09,尿液,陰性,未檢出,無,40-49歲,男,0.0
2025-02-21,尿液,陽性,未檢出,無,50-59歲,男,0.0
2025-04-21,尿液,陰性,未檢出,無,50-59歲,男,0.0
2025-03-01,血液,陽性,未檢出,無,60歲以上,男,0.0
2025-07-10,尿液,陰性,未檢出,無,40-49歲,男,0.0
2025-11-24,尿液,陰性,未檢出,無,50-59歲,男,0.0
2025-03-29,尿液,陰性,未檢出,無,20-29歲,男,0.0
2025-10-19,尿液,陰性,未檢出,無,40-49歲,男,0.0
2025-02-22,尿液,陰性,未檢出,無,40-49歲,男,0.0
2025-11-26,尿液,陽性,未檢出,無,30-39歲,男,0.0
2025-05-04,尿液,陽性,安非他命,無,40-49歲,男,0.0
2025-03-13,尿液,陽性,甲基安非他命,無,60歲以上,男,0.0
2025-08-03,尿液,陰性,未檢出,無,60歲以上,男,0.0
2025-03-07,尿液,陽性,未檢出,無,40-49歲,男,0.0
2025-06-11,血液,陰性,未檢出,無,40-49歲,女,0.0
2025-03-28,尿液,陽性,未檢出,無,40-49歲,男,0.0
2025-01-02,尿液,陰性,未檢出,無,30-39歲,男,0.0
2025-07-31,尿液,陰性,未檢出,無,40-49歲,男,0.0
2025-05-12,尿液,陽性,未檢出,二級,40-49歲,女,2.0
2025-05-16,尿液,陰性,未檢出,無,40-49歲,女,0.0
2025-10-07,尿液,陰性,未檢出,無,30-39歲,男,0.0
2025-05-31,尿液,陰性,未檢出,無,40-49歲,男,0.0
2025-12-25,尿液,陰性,未檢出,二級,60歲以上,女,2.0
2025-08-10,尿液,陰性,未檢出,無,40-49歲,男,0.0
2025-09-05,尿液,陰性,安非他命,無,50-59歲,女,0.0
2025-09-28,血液,陰性,未檢出,無,30-39歲,男,0.0
2025-06-07,尿液,陰性,未檢出,無,50-59歲,男,0.0
2025-03-18,尿液,陰性,未檢出,無,50-59歲,男,0.0
2025-10-03,尿液,陽性,未檢出,無,40-49歲,男,0.0
2025-04-22,尿液,陰性,未檢出,無,60歲以上,男,0.0
2025-03-19,尿液,陰性,未檢出,無,20-29歲,男,0.0
2025-05-19,尿液,陽性,安非他命,無,40-49歲,男,0.0
2025-09-06,尿液,陽性,愷他命,三級,50-59歲,男,1.0
2025-08-16,尿液,陰性,未檢出,無,40-49歲,女,0.0
2025-04-14,尿液,陰性,未檢出,無,50-59歲,男,0.0
2025-06-23,尿液,陽性,安非他命,二級,40-49歲,男,2.0
2025-02-25,尿液,陽性,安非他命,一級,30-39歲,女,3.0
2025-01-04,血液,陽性,安非他命,三級,50-59歲,男,1.0
2025-11-01,尿液,陰性,未檢出,無,50-59歲,男,0.0
2025-04-02,血液,陰性,未檢出,無,40-49歲,男,0.0
2025-07-11,尿液,陰性,未檢出,無,20-29歲,男,0.0
2025-10-10,尿液,陰性,甲基安非他命,無,50-59歲,男,0.0
2025-07-07,尿液,陰性,未檢出,無,20-29歲,女,0.0
2025-04-05,尿液,陰性,未檢出,無,30-39歲,男,0.0
2025-12-25,尿液,陽性,甲基安非他命,二級,20-29歲,女,2.0
2025-10-24,尿液,陰性,未檢出,無,50-59歲,男,0.0
2025-11-01,尿液,陰性,未檢出,無,40-49歲,女,0.0
2025-09-23,尿液,陰性,未檢出,二級,20-29歲,男,2.0
2025-11-28,血液,陽性,未檢出,二級,60歲以上,男,2.0
2025-08-23,尿液,陰性,未檢出,無,40-49歲,男,0.0
2025-05-25,尿液,陰性,未檢出,無,60歲以上,男,0.0
2025-02-04,尿液,陽性,甲基安非他命,三級,50-59歲,女,1.0
2025-08-26,尿液,陰性,未檢出,無,50-59歲,男,0.0
2025-05-23,尿液,陰性,未檢出,無,50-59歲,男,0.0
2025-01-02,尿液,陽性,未檢出,無,50-59歲,男,0.0
2025-11-03,尿液,陰性,未檢出,無,40-49歲,男,0.0
2025-01-31,尿液,陰性,未檢出,無,40-49歲,男,0.0
2025-02-01,尿液,陰性,未檢出,二級,19歲以下,女,2.0
2025-08-17,尿液,陰性,未檢出,無,30-39歲,男,0.0
2025-05-26,尿液,陰性,未檢出,無,20-29歲,男,0.0
2025-03-13,血液,陰性,未檢出,無,60歲以上,男,0.0
2025-01-23,尿液,陰性,未檢出,無,50-59歲,男,0.0
2025-03-16,尿液,陽性,未檢出,二級,50-59歲,男,2.0
2025-12-13,尿液,陰性,未檢出,無,60歲以上,男,0.0
2025-08-14,尿液,陰性,愷他命,二級,30-39歲,男,2.0
2025-02-07,尿液,陰性,未檢出,無,40-49歲,女,0.0
2025-09-06,尿液,陰性,未檢出,無,20-29歲,男,0.0
2025-11-09,尿液,陰性,未檢出,無,50-59歲,男,0.0
2025-06-13,尿液,陽性,未檢出,無,40-49歲,男,0.0
2025-02-18,尿液,陰性,未檢出,無,40-49歲,男,0.0
2025-01-06,尿液,陽性,甲基安非他命,一級,30-39歲,男,3.0
2025-04-15,尿液,陰性,甲基安非他命,無,40-49歲,男,0.0
2025-09-04,尿液,陰性,未檢出,無,40-49歲,男,0.0
2025-02-07,血液,陽性,安非他命,無,30-39歲,女,0.0
2025-01-03,尿液,陰性,未檢出,無,30-39歲,男,0.0
2025-06-07,尿液,陰性,未檢出,二級,50-59歲,男,2.0
2025-08-10,尿液,陰性,未檢出,無,30-39歲,男,0.0
2025-10-09,尿液,陰性,嗎啡,無,40-49歲,男,0.0
2025-08-14,尿液,陰性,甲基安非他命,二級,60歲以上,男,2.0
2025-12-29,尿液,陰性,未檢出,無,50-59歲,男,0.0
2025-11-27,尿液,陰性,甲基安非他命,二級,40-49歲,女,2.0
2025-06-02,尿液,陰性,未檢出,無,40-49歲,女,0.0
2025-10-26,尿液,陰性,未檢出,無,30-39歲,男,0.0
2025-11-29,尿液,陰性,未檢出,無,40-49歲,男,0.0
2025-10-14,尿液,陽性,愷他命,一級,40-49歲,男,3.0
2025-12-29,尿液,陰性,未檢出,無,40-49歲,男,0.0
2025-03-29,尿液,陰性,安非他命,無,40-49歲,女,0.0
2025-09-08,尿液,陽性,愷他命,二級,30-39歲,男,2.0
2025-06-29,尿液,陽性,未檢出,二級,40-49歲,男,2.0
2025-09-10,尿液,陰性,未檢出,無,40-49歲,男,0.0
2025-09-07,尿液,陽性,未檢出,二級,30-39歲,男,2.0
2025-09-01,尿液,陰性,未檢出,無,50-59歲,男,0.0
2025-06-04,尿液,陰性,未檢出,無,60歲以上,男,0.0
2025-07-16,尿液,陰性,未檢出,無,50-59歲,男,0.0
2025-04-19,尿液,陽性,甲基安非他命,無,40-49歲,男,0.0
2025-08-27,尿液,陰性,未檢出,無,40-49歲,男,0.0
2025-07-18,尿液,陰性,未檢出,無,60歲以上,男,0.0
2025-03-03,尿液,陰性,未檢出,無,40-49歲,男,0.0
2025-09-13,尿液,陰性,未檢出,無,40-49歲,男,0.0
2025-07-15,尿液,陰性,未檢出,無,30-39歲,女,0.0
2025-12-17,尿液,陽性,未檢出,無,50-59歲,男,0.0
2025-12-02,尿液,陰性,未檢出,無,40-49歲,男,0.0
2025-03-29,尿液,陰性,未檢出,無,50-59歲,男,0.0
2025-06-07,尿液,陰性,未檢出,無,50-59歲,男,0.0
2025-05-27,尿液,陰性,未檢出,無,50-59歲,男,0.0
2025-11-24,尿液,陽性,安非他命,二級,40-49歲,男,2.0
2025-07-02,尿液,陰性,未檢出,無,40-49歲,男,0.0
2025-07-25,尿液,陰性,甲基安非他命,無,40-49歲,女,0.0
2025-02-13,尿液,陰性,未檢出,無,40-49歲,男,0.0
2025-07-04,尿液,陰性,未檢出,無,50-59歲,男,0.0
2025-10-14,尿液,陰性,未檢出,無,20-29歲,男,0.0
2025-01-24,尿液,陰性,甲基安非他命,無,40-49歲,男,0.0
2025-08-04,尿液,陰性,未檢出,無,40-49歲,男,0.0
2025-07-15,尿液,陰性,未檢出,無,50-59歲,女,0.0
2025-03-31,尿液,陰性,安非他命,二級,30-39歲,男,2.0
2025-08-26,尿液,陰性,甲基安非他命,一級,50-59歲,女,3.0
2025-05-11,尿液,陰性,未檢出,無,40-49歲,女,0.0
2025-03-16,尿液,陽性,未檢出,二級,40-49歲,男,2.0
2025-09-22,尿液,陽性,甲基安非他命,無,50-59歲,男,0.0
2025-04-07,血液,陰性,未檢出,無,30-39歲,男,0.0
2025-02-13,尿液,陽性,未檢出,無,60歲以上,男,0.0
2025-11-11,尿液,陰性,未檢出,無,50-59歲,男,0.0
2025-06-13,尿液,陰性,愷他命,三級,30-39歲,男,1.0
2025-01-30,尿液,陰性,未檢出,二級,40-49歲,男,2.0
2025-12-18,尿液,陰性,未檢出,無,40-49歲,男,0.0
2025-06-04,尿液,陰性,未檢出,無,60歲以上,男,0.0
2025-06-12,尿液,陽性,未檢出,無,20-29歲,男,0.0
2025-07-23,尿液,陰性,未檢出,無,50-59歲,男,0.0
2025-08-18,尿液,陰性,未檢出,無,40-49歲,男,0.0
2025-11-18,尿液,陽性,未檢出,無,50-59歲,女,0.0
2025-10-17,尿液,陰性,未檢出,無,40-49歲,男,0.0
2025-11-15,血液,陽性,未檢出,無,50-59歲,男,0.0
2025-01-20,尿液,陰性,未檢出,無,40-49歲,女,0.0
2025-12-28,尿液,陰性,甲基安非他命,無,30-39歲,男,0.0
2025-08-16,尿液,陽性,未檢出,無,50-59歲,男,0.0
2025-10-29,尿液,陰性,嗎啡,二級,50-59歲,男,2.0
2025-04-10,尿液,陽性,未檢出,二級,30-39歲,男,2.0
2025-04-03,尿液,陰性,未檢出,無,40-49歲,男,0.0
2025-12-27,尿液,陽性,甲基安非他命,一級,40-49歲,男,3.0
2025-03-19,尿液,陰性,未檢出,無,20-29歲,男,0.0
2025-07-13,尿液,陰性,安非他命,三級,40-49歲,男,1.0
2025-10-13,尿液,陽性,愷他命,無,40-49歲,男,0.0
2025-09-03,尿液,陰性,未檢出,無,30-39歲,男,0.0
2025-11-20,尿液,陰性,未檢出,無,50-59歲,男,0.0
2025-12-30,血液,陰性,安非他命,二級,19歲以下,女,2.0
2025-07-18,尿液,陰性,安非他命,無,50-59歲,男,0.0
2025-04-17,尿液,陰性,未檢出,無,50-59歲,男,0.0
2025-12-05,尿液,陽性,未檢出,無,50-59歲,男,0.0
2025-03-23,尿液,陰性,未檢出,無,50-59歲,男,0.0
2025-10-23,尿液,陽性,未檢出,三級,50-59歲,男,1.0
2025-02-09,尿液,陰性,未檢出,無,30-39歲,男,0.0
2025-05-14,尿液,陰性,未檢出,無,40-49歲,男,0.0
2025-09-22,尿液,陰性,未檢出,無,40-49歲,男,0.0
2025-11-16,尿液,陰性,未檢出,無,40-49歲,男,0.0
2025-08-05,尿液,陰性,未檢出,二級,40-49歲,男,2.0
2025-06-26,尿液,陰性,未檢出,無,50-59歲,男,0.0
2025-05-25,尿液,陽性,甲基安非他命,二級,50-59歲,男,2.0
2025-09-22,尿液,陰性,未檢出,二級,30-39歲,男,2.0
2025-05-13,尿液,陽性,未檢出,二級,50-59歲,女,2.0
2025-05-25,尿液,陽性,安非他命,二級,50-59歲,男,2.0
2025-04-07,尿液,陰性,未檢出,二級,40-49歲,男,2.0
2025-09-22,尿液,陰性,安非他命,無,50-59歲,男,0.0
2025-11-17,尿液,陽性,嗎啡,一級,30-39歲,男,3.0
2025-10-04,血液,陰性,未檢出,無,40-49歲,男,0.0
2025-10-06,血液,陰性,未檢出,無,50-59歲,男,0.0
2025-04-27,尿液,陰性,未檢出,無,20-29歲,男,0.0
2025-05-06,血液,陰性,未檢出,無,40-49歲,男,0.0
2025-07-09,血液,陽性,未檢出,無,60歲以上,男,0.0
2025-09-08,尿液,陰性,未檢出,無,30-39歲,女,0.0
2025-09-22,尿液,陰性,未檢出,無,50-59歲,男,0.0
2025-06-20,尿液,陰性,未檢出,無,50-59歲,男,0.0
2025-03-15,血液,陽性,未檢出,無,19歲以下,男,0.0
2025-01-24,尿液,陰性,未檢出,無,40-49歲,男,0.0
2025-11-07,尿液,陰性,未檢出,無,50-59歲,女,0.0
2025-09-23,尿液,陰性,未檢出,無,60歲以上,男,0.0
2025-09-14,血液,陰性,未檢出,無,40-49歲,女,0.0
2025-11-08,尿液,陰性,未檢出,無,50-59歲,男,0.0
2025-12-06,尿液,陰性,未檢出,無,20-29歲,女,0.0
2025-04-21,尿液,陽性,未檢出,無,30-39歲,男,0.0
2025-11-18,尿液,陽性,未檢出,無,50-59歲,男,0.0
2025-12-24,尿液,陰性,未檢出,無,50-59歲,男,0.0
2025-05-28,血液,陰性,安非他命,無,40-49歲,男,0.0
2025-05-20,尿液,陰性,安非他命,無,60歲以上,男,0.0
2025-06-07,尿液,陽性,安非他命,二級,60歲以上,女,2.0
2025-10-29,血液,陰性,未檢出,無,40-49歲,女,0.0
2025-10-14,尿液,陰性,未檢出,無,20-29歲,男,0.0
2025-10-15,尿液,陰性,未檢出,無,20-29歲,男,0.0
2025-12-21,尿液,陰性,未檢出,無,50-59歲,男,0.0
2025-08-28,尿液,陰性,未檢出,無,50-59歲,男,0.0
2025-11-24,血液,陰性,未檢出,無,19歲以下,男,0.0
2025-04-07,尿液,陰性,甲基安非他命,一級,40-49歲,男,3.0
2025-10-06,尿液,陽性,未檢出,三級,40-49歲,男,1.0
2025-02-13,尿液,陰性,未檢出,無,40-49歲,男,0.0
2025-06-06,尿液,陰性,未檢出,無,40-49歲,男,0.0
2025-01-23,尿液,陰性,未檢出,無,30-39歲,男,0.0
2025-05-24,尿液,陰性,未檢出,無,60歲以上,男,0.0
2025-04-13,尿液,陰性,未檢出,二級,40-49歲,男,2.0
2025-01-06,尿液,陽性,甲基安非他命,無,40-49歲,男,0.0
2025-03-04,尿液,陽性,愷他命,無,40-49歲,女,0.0
2025-01-20,尿液,陰性,未檢出,無,20-29歲,男,0.0
2025-01-13,血液,陰性,未檢出,無,20-29歲,男,0.0
2025-09-06,尿液,陰性,安非他命,無,20-29歲,男,0.0
2025-06-06,尿液,陰性,未檢出,無,40-49歲,男,0.0
2025-10-13,尿液,陰性,未檢出,無,60歲以上,女,0.0
2025-05-04,尿液,陽性,愷他命,一級,20-29歲,男,3.0
2025-11-17,尿液,陰性,未檢出,無,50-59歲,女,0.0
2025-06-07,尿液,陽性,未檢出,無,19歲以下,男,0.0
2025-05-27,尿液,陰性,未檢出,無,30-39歲,男,0.0
2025-03-08,尿液,陰性,未檢出,無,40-49歲,男,0.0
2025-10-26,尿液,陽性,安非他命,二級,40-49歲,男,2.0
2025-04-05,尿液,陰性,未檢出,二級,40-49歲,男,2.0
2025-07-09,尿液,陰性,未檢出,無,50-59歲,男,0.0
2025-10-24,尿液,陰性,未檢出,無,60歲以上,男,0.0
2025-08-12,尿液,陰性,未檢出,無,40-49歲,女,0.0
2025-08-16,尿液,陰性,未檢出,無,40-49歲,男,0.0
2025-10-09,尿液,陰性,未檢出,無,40-49歲,男,0.0
2025-01-25,尿液,陰性,未檢出,無,60歲以上,女,0.0
2025-06-18,尿液,陽性,未檢出,無,19歲以下,男,0.0
2025-03-19,尿液,陽性,未檢出,無,50-59歲,男,0.0
2025-12-01,尿液,陽性,安非他命,無,19歲以下,女,0.0
2025-10-29,尿液,陽性,未檢出,無,50-59歲,男,0.0
2025-11-15,尿液,陰性,未檢出,無,20-29歲,男,0.0
2025-08-26,尿液,陰性,安非他命,無,60歲以上,男,0.0
2025-10-16,血液,陽性,愷他命,二級,40-49歲,男,2.0
2025-02-21,尿液,陽性,未檢出,無,60歲以上,男,0.0
2025-02-07,尿液,陽性,甲基安非他命,二級,50-59歲,男,2.0
2025-04-20,血液,陰性,甲基安非他命,二級,60歲以上,男,2.0
2025-05-07,血液,陰性,未檢出,無,40-49歲,男,0.0
2025-05-05,血液,陰性,未檢出,無,40-49歲,男,0.0
2025-07-15,尿液,陰性,愷他命,無,20-29歲,女,0.0
2025-08-23,尿液,陰性,未檢出,無,40-49歲,女,0.0
2025-01-12,尿液,陰性,未檢出,無,30-39歲,男,0.0
2025-07-31,尿液,陰性,未檢出,無,30-39歲,男,0.0
2025-01-17,血液,陰性,未檢出,無,50-59歲,女,0.0
2025-11-08,尿液,陰性,未檢出,無,30-39歲,男,0.0
2025-07-22,尿液,陽性,未檢出,無,40-49歲,男,0.0
2025-08-04,尿液,陰性,未檢出,無,40-49歲,男,0.0
2025-03-15,尿液,陰性,未檢出,無,40-49歲,男,0.0
2025-06-03,血液,陰性,未檢出,無,50-59歲,女,0.0
2025-11-23,血液,陽性,未檢出,一級,30-39歲,男,3.0
2025-03-29,尿液,陽性,甲基安非他命,三級,30-39歲,男,1.0
2025-11-01,尿液,陰性,未檢出,無,40-49歲,女,0.0
2025-08-13,尿液,陰性,安非他命,無,50-59歲,女,0.0
2025-02-12,尿液,陰性,未檢出,無,40-49歲,男,0.0
2025-01-23,尿液,陰性,未檢出,無,40-49歲,女,0.0
2025-02-17,血液,陽性,未檢出,三級,50-59歲,女,1.0
2025-07-05,尿液,陰性,未檢出,二級,40-49歲,男,2.0
2025-06-29,尿液,陰性,未檢出,無,40-49歲,男,0.0
2025-07-03,血液,陰性,未檢出,無,20-29歲,男,0.0
2025-09-18,尿液,陽性,甲基安非他命,無,30-39歲,男,0.0
2025-11-09,血液,陽性,未檢出,無,40-49歲,男,0.0
2025-10-07,尿液,陽性,安非他命,二級,50-59歲,女,2.0
2025-11-17,尿液,陰性,未檢出,無,30-39歲,男,0.0
2025-03-25,尿液,陰性,未檢出,無,50-59歲,男,0.0
2025-08-03,尿液,陰性,未檢出,無,40-49歲,男,0.0
2025-08-16,尿液,陰性,未檢出,無,40-49歲,男,0.0
2025-12-04,尿液,陽性,未檢出,無,40-49歲,女,0.0
2025-11-11,尿液,陰性,未檢出,無,40-49歲,男,0.0
2025-11-10,尿液,陰性,未檢出,無,60歲以上,男,0.0
2025-11-24,尿液,陰性,未檢出,無,50-59歲,男,0.0
2025-09-10,尿液,陰性,未檢出,無,60歲以上,男,0.0
2025-07-03,血液,陰性,未檢出,無,40-49歲,男,0.0
2025-03-27,尿液,陰性,未檢出,二級,50-59歲,男,2.0
2025-03-26,尿液,陽性,未檢出,無,40-49歲,男,0.0
2025-05-13,尿液,陰性,甲基安非他命,無,50-59歲,男,0.0
2025-10-09,尿液,陽性,愷他命,一級,40-49歲,男,3.0
2025-11-25,尿液,陰性,甲基安非他命,無,50-59歲,男,0.0
2025-08-16,尿液,陰性,安非他命,二級,60歲以上,男,2.0
2025-09-02,尿液,陰性,未檢出,無,40-49歲,男,0.0
2025-03-31,血液,陰性,安非他命,二級,30-39歲,男,2.0
2025-12-17,尿液,陰性,未檢出,無,50-59歲,男,0.0
2025-06-26,尿液,陰性,未檢出,無,50-59歲,男,0.0
2025-03-03,血液,陰性,未檢出,無,30-39歲,女,0.0
2025-10-21,尿液,陰性,未檢出,無,50-59歲,男,0.0
2025-12-15,尿液,陽性,未檢出,無,30-39歲,男,0.0
2025-01-30,尿液,陰性,未檢出,無,40-49歲,女,0.0
2025-12-17,尿液,陰性,未檢出,無,50-59歲,男,0.0
2025-09-13,血液,陽性,未檢出,無,40-49歲,男,0.0
2025-04-04,尿液,陰性,未檢出,無,40-49歲,男,0.0
2025-03-15,尿液,陰性,未檢出,無,40-49歲,男,0.0
2025-01-16,尿液,陰性,未檢出,無,40-49歲,男,0.0
2025-12-12,尿液,陰性,未檢出,二級,20-29歲,女,2.0
2025-10-16,尿液,陰性,未檢出,無,30-39歲,女,0.0
2025-08-15,尿液,陰性,未檢出,無,60歲以上,男,0.0
2025-08-20,尿液,陰性,未檢出,無,30-39歲,男,0.0
2025-07-05,尿液,陰性,甲基安非他命,無,50-59歲,男,0.0
2025-10-12,尿液,陽性,未檢出,二級,40-49歲,男,2.0
2025-02-17,尿液,陰性,未檢出,無,30-39歲,男,0.0
2025-01-09,尿液,陰性,甲基安非他命,三級,40-49歲,女,1.0
2025-09-06,尿液,陰性,未檢出,二級,40-49歲,男,2.0
2025-03-14,血液,陰性,未檢出,二級,20-29歲,女,2.0
2025-06-15,尿液,陰性,未檢出,無,40-49歲,男,0.0
2025-09-15,尿液,陰性,未檢出,無,19歲以下,男,0.0
2025-08-02,尿液,陰性,甲基安非他命,無,50-59歲,女,0.0
2025-04-09,尿液,陽性,安非他命,二級,40-49歲,男,2.0
2025-11-29,尿液,陰性,未檢出,無,30-39歲,男,0.0
2025-09-17,尿液,陰性,未檢出,無,19歲以下,男,0.0
2025-06-03,尿液,陽性,未檢出,無,50-59歲,男,0.0
2025-01-21,尿液,陽性,安非他命,三級,40-49歲,男,1.0
2025-01-24,尿液,陰性,未檢出,無,40-49歲,女,0.0
2025-11-16,尿液,陰性,未檢出,無,50-59歲,男,0.0
2025-09-01,尿液,陰性,愷他命,三級,40-49歲,女,1.0
2025-07-17,尿液,陰性,未檢出,無,20-29歲,男,0.0
2025-01-06,尿液,陰性,未檢出,無,20-29歲,男,0.0
2025-07-05,尿液,陰性,未檢出,二級,50-59歲,男,2.0
2025-06-13,尿液,陰性,未檢出,無,30-39歲,女,0.0
2025-05-11,血液,陰性,安非他命,二級,40-49歲,男,2.0
2025-12-07,尿液,陰性,未檢出,無,50-59歲,男,0.0
2025-04-22,尿液,陰性,未檢出,無,60歲以上,女,0.0
2025-06-22,尿液,陰性,未檢出,無,40-49歲,男,0.0
2025-09-24,尿液,陰性,未檢出,無,40-49歲,男,0.0
2025-03-10,血液,陰性,未檢出,無,40-49歲,男,0.0
2025-05-07,尿液,陰性,安非他命,無,20-29歲,男,0.0
2025-08-09,尿液,陰性,未檢出,無,40-49歲,男,0.0
2025-09-04,尿液,陰性,未檢出,無,50-59歲,男,0.0
2025-12-14,尿液,陰性,未檢出,無,30-39歲,男,0.0
2025-01-21,尿液,陰性,未檢出,無,30-39歲,男,0.0
2025-08-28,血液,陽性,未檢出,無,40-49歲,男,0.0
2025-10-03,尿液,陰性,未檢出,無,50-59歲,男,0.0
2025-04-19,尿液,陽性,安非他命,無,40-49歲,女,0.0
2025-03-02,血液,陽性,未檢出,無,40-49歲,男,0.0
2025-06-29,尿液,陽性,甲基安非他命,無,40-49歲,男,0.0
2025-08-08,尿液,陰性,未檢出,無,40-49歲,男,0.0
2025-09-20,尿液,陰性,未檢出,無,40-49歲,女,0.0
2025-06-11,尿液,陰性,未檢出,二級,40-49歲,男,2.0
2025-03-23,尿液,陰性,未檢出,無,40-49歲,男,0.0
2025-10-23,尿液,陰性,未檢出,無,50-59歲,男,0.0
2025-07-01,尿液,陰性,未檢出,二級,30-39歲,男,2.0
2025-07-16,尿液,陰性,甲基安非他命,無,20-29歲,女,0.0
2025-05-22,尿液,陰性,甲基安非他命,二級,50-59歲,女,2.0
2025-12-09,尿液,陰性,未檢出,無,50-59歲,男,0.0
2025-06-06,尿液,陰性,未檢出,無,20-29歲,男,0.0
2025-07-20,尿液,陰性,未檢出,無,19歲以下,女,0.0
2025-09-06,尿液,陽性,未檢出,無,50-59歲,男,0.0
2025-04-04,尿液,陰性,愷他命,無,60歲以上,男,0.0
2025-08-21,尿液,陰性,甲基安非他命,無,50-59歲,男,0.0
2025-06-17,血液,陰性,甲基安非他命,二級,50-59歲,男,2.0
2025-10-04,尿液,陰性,未檢出,無,30-39歲,男,0.0
2025-04-25,尿液,陰性,未檢出,無,40-49歲,女,0.0
2025-02-22,尿液,陰性,未檢出,無,60歲以上,男,0.0
2025-04-30,尿液,陰性,未檢出,無,40-49歲,男,0.0
2025-03-10,尿液,陰性,未檢出,無,40-49歲,女,0.0
2025-04-02,尿液,陽性,未檢出,無,30-39歲,男,0.0
2025-06-18,尿液,陰性,未檢出,無,30-39歲,男,0.0
2025-04-06,尿液,陽性,未檢出,無,40-49歲,男,0.0
2025-02-22,尿液,陰性,未檢出,無,40-49歲,男,0.0
2025-04-23,尿液,陰性,未檢出,二級,20-29歲,男,2.0
2025-10-26,尿液,陽性,未檢出,二級,40-49歲,男,2.0
2025-10-20,尿液,陽性,未檢出,無,20-29歲,女,0.0
2025-11-26,尿液,陰性,未檢出,無,50-59歲,男,0.0
2025-12-14,血液,陰性,未檢出,無,40-49歲,男,0.0
2025-03-20,尿液,陰性,未檢出,無,30-39歲,男,0.0
2025-03-23,尿液,陽性,未檢出,無,40-49歲,男,0.0
2025-10-12,尿液,陽性,甲基安非他命,無,50-59歲,男,0.0
2025-11-02,尿液,陰性,未檢出,無,50-59歲,男,0.0
2025-03-05,尿液,陰性,安非他命,無,60歲以上,男,0.0
2025-02-23,尿液,陰性,未檢出,無,50-59歲,男,0.0
2025-10-31,尿液,陽性,未檢出,三級,50-59歲,男,1.0
