master_id,hashed_id,test_date,specimen_type,test_result,positive_substance,drug_class,age_group,gender,severity_score
1,aeb80268bfd919d2,2025-08-29,血液,陰性,未檢出,無,40-49歲,男,0.0
2,eb1d81d14c34c3a8,2025-01-03,尿液,陽性,甲基安非他命,二級,19歲以下,男,2.0
3,ce9a97c4dbaf56c4,2025-01-10,尿液,陽性,甲基安非他命,二級,30-39歲,男,2.0
4,febf2d51ced4bfa9,2025-10-10,尿液,陽性,嗎啡,一級,40-49歲,女,3.0
5,ae3cf4509fa1a1d2,2025-09-15,尿液,陰性,未檢出,無,50-59歲,男,0.0
6,9d75c77760eccde3,2025-09-18,尿液,陰性,未檢出,無,50-59歲,男,0.0
7,b38da3c49eea4719,2025-12-17,尿液,陽性,甲基安非他命,二級,40-49歲,男,2.0
8,411af61ed0f73c6f,2025-10-15,尿液,陰性,未檢出,無,50-59歲,男,0.0
9,658f1e3cbdf45c3a,2025-01-19,尿液,陰性,未檢出,無,60歲以上,男,0.0
10,52ec36c8616ab8d1,2025-09-15,尿液,陽性,愷他命,三級,60歲以上,男,1.0
11,4de224786ca54f95,2025-04-13,尿液,陰性,未檢出,無,30-39歲,女,0.0
12,b06b9cb2b270ffa3,2025-09-01,尿液,陰性,未檢出,無,20-29歲,男,0.0
13,6148c77870b39d85,2025-12-17,尿液,陰性,未檢出,無,30-39歲,男,0.0
14,85de9e91843a9981,2025-09-23,尿液,陰性,未檢出,無,50-59歲,男,0.0
15,8687247fc72d140b,2025-04-13,尿液,陽性,安非他命,二級,40-49歲,男,2.0
16,1af8d871dca75815,2025-04-23,尿液,陽性,安非他命,二級,20-29歲,男,2.0
17,561cdf15822f784c,2025-06-29,尿液,陰性,未檢出,無,40-49歲,男,0.0
18,514b43d840e974ce,2025-05-05,尿液,陰性,未檢出,無,50-59歲,男,0.0
19,3dada73e13eb9e24,2025-07-23,尿液,陰性,未檢出,無,50-59歲,男,0.0
20,b55b42fe3487d14a,2025-09-06,尿液,陽性,安非他命,二級,40-49歲,男,2.0
21,391dffcc176be930,2025-03-04,尿液,陰性,未檢出,無,40-49歲,女,0.0
22,d7cee909e7453ab4,2025-05-30,尿液,陰性,未檢出,無,50-59歲,男,0.0
23,93f2e15381defc1b,2025-11-04,尿液,陰性,未檢出,無,50-59歲,男,0.0
24,a2014127aa1f8531,2025-08-18,尿液,陰性,未檢出,無,30-39歲,女,0.0
25,53b440e311e1df12,2025-06-15,尿液,陰性,未檢出,無,30-39歲,女,0.0
26,b5cd03b9f6d4f543,2025-07-09,尿液,陰性,未檢出,無,60歲以上,男,0.0
27,69d57684c8f9f77f,2025-10-25,尿液,陰性,未檢出,無,30-39歲,男,0.0
28,d7667bd9c297da60,2025-04-03,尿液,陰性,未檢出,無,30-39歲,男,0.0
29,133d119a5a7c6870,2025-11-01,尿液,陰性,未檢出,無,40-49歲,男,0.0
30,2a0cfcb57229fd47,2025-05-05,尿液,陽性,愷他命,三級,30-39歲,男,1.0
31,651ff7e5d0776924,2025-02-05,尿液,陽性,安非他命,二級,20-29歲,男,2.0
32,14cea51a8bf756fd,2025-05-06,尿液,陰性,未檢出,無,60歲以上,男,0.0
33,068b9035185521c5,2025-04-13,尿液,陽性,安非他命,二級,40-49歲,男,2.0
34,44a7cd7bd105dbf1,2025-09-06,尿液,陰性,未檢出,無,60歲以上,男,0.0
35,24c47c887762b539,2025-07-22,尿液,陰性,未檢出,無,60歲以上,男,0.0
36,b20ba7650ab1b826,2025-10-27,血液,陰性,未檢出,無,50-59歲,男,0.0
37,d452dcde4a8ba349,2025-08-22,尿液,陰性,未檢出,無,30-39歲,男,0.0
38,3e6a22a632bbd3b5,2025-03-08,尿液,陽性,安非他命,二級,40-49歲,男,2.0
39,b090422ff6518d0c,2025-04-21,尿液,陰性,未檢出,無,30-39歲,男,0.0
40,a41f0e13e1b26e40,2025-06-23,尿液,陰性,未檢出,無,40-49歲,男,0.0
41,252d2af658694634,2025-09-18,尿液,陽性,安非他命,二級,40-49歲,男,2.0
42,7ac6b84f39329115,2025-12-20,尿液,陰性,未檢出,無,40-49歲,女,0.0
43,7e3bb31b76478549,2025-08-02,尿液,陽性,甲基安非他命,二級,60歲以上,男,2.0
44,523d80d0d475f30b,2025-11-18,尿液,陰性,未檢出,無,40-49歲,男,0.0
45,777d8ebb792b3481,2025-07-29,血液,陰性,未檢出,無,40-49歲,女,0.0
46,fcf909924faa1110,2025-08-10,尿液,陽性,安非他命,二級,40-49歲,女,2.0
47,540fc999357c338c,2025-02-13,尿液,陰性,未檢出,無,60歲以上,男,0.0
48,28a2aba581e70052,2025-05-02,尿液,陰性,未檢出,無,40-49歲,男,0.0
49,cf98f394132b44de,2025-03-28,尿液,陽性,甲基安非他命,二級,40-49歲,男,2.0
50,2449071ba1872eb2,2025-08-12,尿液,陰性,未檢出,無,50-59歲,男,0.0
51,59f59f68d890c115,2025-08-20,尿液,陰性,未檢出,無,40-49歲,男,0.0
52,05ba80aaec0bd5c1,2025-06-19,血液,陽性,甲基安非他命,二級,30-39歲,男,2.0
53,cea09f443c96db59,2025-12-09,尿液,陰性,未檢出,無,40-49歲,男,0.0
54,22518bfb63f94d9a,2025-09-07,尿液,陰性,未檢出,無,40-49歲,女,0.0
55,d94b801b1b88e77e,2025-05-20,血液,陰性,未檢出,無,40-49歲,男,0.0
56,624bc82c2e0dbb90,2025-02-28,血液,陰性,未檢出,無,40-49歲,男,0.0
57,2dcb8f42d4541ce1,2025-04-17,尿液,陽性,安非他命,二級,50-59歲,男,2.0
58,63fc0047f9c49f81,2025-09-03,尿液,陰性,未檢出,無,50-59歲,男,0.0
59,e971f78bbed7553a,2025-03-22,尿液,陰性,未檢出,無,50-59歲,男,0.0
60,061ec657ad35ed25,2025-04-06,血液,陽性,安非他命,二級,30-39歲,女,2.0
61,721d13df9fe34d89,2025-03-21,尿液,陰性,未檢出,無,50-59歲,女,0.0
62,a5c6fedd3d5aae6b,2025-08-01,尿液,陽性,安非他命,二級,50-59歲,男,2.0
63,396a66646b6db233,2025-05-19,尿液,陽性,甲基安非他命,二級,40-49歲,男,2.0
64,3dc57ba94b6c0dd9,2025-06-11,尿液,陰性,未檢出,無,50-59歲,男,0.0
65,553d58162618656b,2025-04-15,尿液,陰性,未檢出,無,50-59歲,男,0.0
66,e54d94cf0a588b82,2025-05-06,尿液,陰性,未檢出,無,40-49歲,女,0.0
67,48050573fa25f823,2025-01-02,尿液,陰性,未檢出,無,40-49歲,男,0.0
68,f6393e93c9de64ad,2025-02-07,尿液,陰性,未檢出,無,50-59歲,男,0.0
69,4509bd485a1923d3,2025-08-02,尿液,陰性,未檢出,無,50-59歲,男,0.0
70,70841e385e4e1cad,2025-02-18,尿液,陰性,未檢出,無,50-59歲,男,0.0
71,8b520de618d5d549,2025-02-23,尿液,陰性,未檢出,無,50-59歲,男,0.0
72,c1c778d039fb2251,2025-01-01,尿液,陰性,未檢出,無,40-49歲,男,0.0
73,adab5b5801ce825c,2025-12-20,尿液,陰性,未檢出,無,40-49歲,男,0.0
74,b67812286121932e,2025-06-26,尿液,陰性,未檢出,無,30-39歲,男,0.0
75,5d19ee810592977d,2025-05-23,尿液,陰性,未檢出,無,40-49歲,女,0.0
76,f952c701a0cf28d1,2025-10-13,尿液,陰性,未檢出,無,50-59歲,男,0.0
77,f17f6529d2aef8ff,2025-06-11,尿液,陰性,未檢出,無,50-59歲,男,0.0
78,c8e5ae9919aab33c,2025-01-06,尿液,陰性,未檢出,無,50-59歲,男,0.0
79,a56afb061316eeea,2025-10-12,尿液,陰性,未檢出,無,30-39歲,男,0.0
80,2efadb22750bfbf0,2025-02-16,尿液,陰性,未檢出,無,50-59歲,女,0.0
81,2bd7e4b84f1425d4,2025-05-05,尿液,陰性,未檢出,無,30-39歲,男,0.0
82,5ea2180ce896489b,2025-05-25,尿液,陰性,未檢出,無,50-59歲,男,0.0
83,f5dbc054847667ba,2025-10-29,尿液,陰性,未檢出,無,40-49歲,男,0.0
84,ce34a83a81a5be66,2025-01-09,尿液,陰性,未檢出,無,60歲以上,男,0.0
85,0d1c1e0c13091814,2025-09-26,尿液,陽性,安非他命,二級,50-59歲,男,2.0
86,6e86aaf7646acfdb,2025-08-17,尿液,陰性,未檢出,無,50-59歲,男,0.0
87,23d13a75988ce9bf,2025-10-21,尿液,陰性,未檢出,無,40-49歲,男,0.0
88,18af6aefddebdb4d,2025-12-27,尿液,陽性,愷他命,三級,40-49歲,男,1.0
89,9d8fa86f08ff6ec1,2025-06-16,尿液,陰性,未檢出,無,40-49歲,女,0.0
90,f106fdf9b35d274f,2025-05-06,尿液,陰性,未檢出,無,40-49歲,女,0.0
91,43bfdffe8cfa7e62,2025-05-23,尿液,陰性,未檢出,無,40-49歲,男,0.0
92,9ddf153acd5beb57,2025-09-01,尿液,陰性,未檢出,無,20-29歲,男,0.0
93,a73e8c0432abd196,2025-08-20,尿液,陰性,未檢出,無,60歲以上,男,0.0
94,981970da8ef84d48,2025-10-13,血液,陰性,未檢出,無,50-59歲,男,0.0
95,433fa9025068baff,2025-07-08,尿液,陰性,未檢出,無,50-59歲,女,0.0
96,43e02675d98e7aba,2025-02-04,尿液,陰性,未檢出,無,60歲以上,男,0.0
97,4f1835ac781ead33,2025-08-05,尿液,陰性,未檢出,無,30-39歲,男,0.0
98,31198f81786931e8,2025-08-09,尿液,陰性,未檢出,無,50-59歲,男,0.0
99,0b1c5183e9bf184a,2025-07-25,尿液,陽性,甲基安非他命,二級,40-49歲,男,2.0
100,8df90d9474da8eb3,2025-07-13,尿液,陽性,甲基安非他命,二級,40-49歲,男,2.0
101,a4ba6f11fcdf71b5,2025-04-01,尿液,陰性,未檢出,無,60歲以上,男,0.0
102,deeb5bb916acce0f,2025-09-05,尿液,陰性,未檢出,無,60歲以上,男,0.0
103,cb842065a7cf887a,2025-01-10,尿液,陽性,安非他命,二級,40-49歲,男,2.0
104,630094ef396a085b,2025-01-01,尿液,陰性,未檢出,無,40-49歲,男,0.0
105,d1ff1b629c9c008f,2025-10-15,尿液,陰性,未檢出,無,50-59歲,男,0.0
106,6bd3bbda46ac7812,2025-08-20,血液,陰性,未檢出,無,30-39歲,男,0.0
107,e5dfbdc72b61c319,2025-12-09,尿液,陽性,安非他命,二級,40-49歲,男,2.0
108,c0c003c2bdbb5381,2025-06-05,尿液,陰性,未檢出,無,50-59歲,男,0.0
109,83a5c6ee325fecb3,2025-04-17,尿液,陽性,嗎啡,一級,60歲以上,女,3.0
110,670c0ebc30b1ed97,2025-06-29,尿液,陽性,安非他命,二級,50-59歲,男,2.0
111,39eb523f88f8ea36,2025-10-15,尿液,陽性,安非他命,二級,50-59歲,男,2.0
112,03934c76f213b4d5,2025-11-10,尿液,陰性,未檢出,無,20-29歲,男,0.0
113,10d9cd13115ca965,2025-10-10,尿液,陰性,未檢出,無,50-59歲,男,0.0
114,0e3204e44d9004b5,2025-03-06,尿液,陰性,未檢出,無,60歲以上,男,0.0
115,990386c6decfd6b0,2025-07-19,尿液,陰性,未檢出,無,50-59歲,男,0.0
116,c2023c7f729857ca,2025-06-01,尿液,陰性,未檢出,無,50-59歲,男,0.0
117,8d6f66b752078c03,2025-04-24,血液,陰性,未檢出,無,30-39歲,男,0.0
118,e6a59277e534dae1,2025-01-19,尿液,陰性,未檢出,無,40-49歲,男,0.0
119,4640532ccedb315d,2025-02-10,尿液,陰性,未檢出,無,50-59歲,男,0.0
120,8fb80b4b359e5985,2025-07-05,血液,陰性,未檢出,無,40-49歲,女,0.0
121,e9761b0cd8544c92,2025-03-23,尿液,陰性,未檢出,無,60歲以上,男,0.0
122,9a0aee574c2985f0,2025-04-13,尿液,陰性,未檢出,無,50-59歲,男,0.0
123,2d0f57b21ec3baa2,2025-09-07,尿液,陰性,未檢出,無,60歲以上,男,0.0
124,f5a273f0a08bca88,2025-04-10,尿液,陰性,未檢出,無,40-49歲,女,0.0
125,21ed5ea4e4755382,2025-07-06,尿液,陰性,未檢出,無,40-49歲,男,0.0
126,8a6212f0dc8a455b,2025-06-13,尿液,陰性,未檢出,無,40-49歲,男,0.0
127,da4659dfc92d4839,2025-06-06,尿液,陽性,甲基安非他命,二級,40-49歲,男,2.0
128,e10e0a15637e7fad,2025-10-10,尿液,陰性,未檢出,無,50-59歲,男,0.0
129,a61297fb750fb8bd,2025-04-27,尿液,陰性,未檢出,無,50-59歲,男,0.0
130,7d67e4ec83c0fc53,2025-03-07,尿液,陰性,未檢出,無,20-29歲,女,0.0
131,ad8b14073077b4c5,2025-01-20,尿液,陰性,未檢出,無,30-39歲,男,0.0
132,28e13edbeac42da6,2025-03-21,尿液,陰性,未檢出,無,40-49歲,男,0.0
133,4419f66be083518e,2025-11-30,尿液,陽性,愷他命,三級,20-29歲,女,1.0
134,55b6173668b73317,2025-02-04,血液,陰性,未檢出,無,40-49歲,男,0.0
135,cca1f8e21fc92b70,2025-07-24,尿液,陽性,甲基安非他命,二級,50-59歲,男,2.0
136,8d9ad23687f3362d,2025-07-11,尿液,陽性,甲基安非他命,二級,60歲以上,男,2.0
137,61777139330ba4dc,2025-02-15,尿液,陰性,未檢出,無,40-49歲,男,0.0
138,b25833351533bc12,2025-03-18,尿液,陰性,未檢出,無,19歲以下,男,0.0
139,1fb924fafdc838f3,2025-04-06,尿液,陰性,未檢出,無,30-39歲,男,0.0
140,f122f4e50387396e,2025-05-18,血液,陰性,未檢出,無,50-59歲,男,0.0
141,a1c7af06d7892c83,2025-07-26,尿液,陽性,愷他命,三級,60歲以上,男,1.0
142,c7882d3d49a09311,2025-05-08,尿液,陽性,甲基安非他命,二級,50-59歲,男,2.0
143,347e75abf8bb269d,2025-08-23,尿液,陰性,未檢出,無,40-49歲,男,0.0
144,d0e02fab4112e358,2025-09-02,血液,陰性,未檢出,無,20-29歲,男,0.0
145,9168ce7908d5d9a6,2025-03-13,尿液,陽性,甲基安非他命,二級,40-49歲,男,2.0
146,712c55b398bead0b,2025-01-01,尿液,陰性,未檢出,無,20-29歲,男,0.0
147,458ec619c3a00a61,2025-11-24,尿液,陽性,甲基安非他命,二級,50-59歲,女,2.0
148,063df997d60dae93,2025-02-22,尿液,陰性,未檢出,無,40-49歲,男,0.0
149,07254a58873ae455,2025-02-15,尿液,陰性,未檢出,無,30-39歲,男,0.0
150,7521abdbca2f48d0,2025-07-10,尿液,陽性,安非他命,二級,40-49歲,男,2.0
151,06ce5c1ba91dcbb8,2025-02-15,尿液,陰性,未檢出,無,50-59歲,男,0.0
152,8584c4ccfaf5a6cf,2025-09-29,尿液,陰性,未檢出,無,40-49歲,男,0.0
153,51345a0388c8a90e,2025-03-05,尿液,陰性,未檢出,無,30-39歲,男,0.0
154,b0de7f8f752cbc7c,2025-07-06,尿液,陰性,未檢出,無,50-59歲,男,0.0
155,d5de613b8bdd3dd2,2025-10-15,尿液,陰性,未檢出,無,40-49歲,男,0.0
156,44a34b4d0c91a037,2025-01-01,尿液,陰性,未檢出,無,50-59歲,男,0.0
157,63ee9d0ab0b5f582,2025-12-18,血液,陰性,未檢出,無,50-59歲,男,0.0
158,ec3bc73564782d03,2025-08-06,尿液,陰性,未檢出,無,30-39歲,男,0.0
159,9c28b1a15ffa7b19,2025-05-21,尿液,陽性,愷他命,三級,40-49歲,男,1.0
160,1bb2136fadd85023,2025-06-01,尿液,陰性,未檢出,無,40-49歲,女,0.0
161,69fc137c21d04f6e,2025-10-18,尿液,陰性,未檢出,無,50-59歲,男,0.0
162,9aff66eec9a0d85c,2025-04-17,尿液,陰性,未檢出,無,50-59歲,男,0.0
163,a08d01ac9f18935a,2025-04-02,尿液,陰性,未檢出,無,40-49歲,男,0.0
164,45c93da8a90b42f5,2025-09-26,尿液,陽性,安非他命,二級,30-39歲,男,2.0
165,773f96fd27d57542,2025-05-18,尿液,陰性,未檢出,無,40-49歲,男,0.0
166,a5e8f034ce53991f,2025-12-02,尿液,陰性,未檢出,無,40-49歲,男,0.0
167,7d075b73b1ed0f17,2025-04-14,血液,陰性,未檢出,無,30-39歲,男,0.0
168,fb34d5f6c394f027,2025-05-13,尿液,陽性,甲基安非他命,二級,30-39歲,男,2.0
169,513df2e003df7e35,2025-10-04,尿液,陽性,甲基安非他命,二級,50-59歲,男,2.0
170,edf69dabf37ea82b,2025-04-19,尿液,陽性,甲基安非他命,二級,50-59歲,男,2.0
171,4ea26ab3da23b31d,2025-06-17,尿液,陰性,未檢出,無,30-39歲,男,0.0
172,2075fedd5b3434e8,2025-07-11,尿液,陰性,未檢出,無,40-49歲,男,0.0
173,5dfcc65dadd3390a,2025-01-17,尿液,陰性,未檢出,無,40-49歲,男,0.0
174,1dfb9434767803cd,2025-09-10,尿液,陰性,未檢出,無,50-59歲,男,0.0
175,cc402501e18ff4b5,2025-09-07,尿液,陰性,未檢出,無,50-59歲,男,0.0
176,eaebfbbfa9daa08b,2025-10-14,尿液,陰性,未檢出,無,40-49歲,男,0.0
177,84965a3ceb97cdc6,2025-12-19,尿液,陰性,未檢出,無,20-29歲,男,0.0
178,9f68414a7a65ea71,2025-03-26,尿液,陽性,愷他命,三級,30-39歲,男,1.0
179,cfc9495f266883f1,2025-09-26,尿液,陰性,未檢出,無,60歲以上,男,0.0
180,3f5afe4fa87562ef,2025-11-26,尿液,陰性,未檢出,無,40-49歲,男,0.0
181,384535e6a0986c35,2025-09-23,尿液,陽性,安非他命,二級,30-39歲,男,2.0
182,7c6e3d7da6b79f2b,2025-05-14,尿液,陰性,未檢出,無,50-59歲,女,0.0
183,fcc7b63bfdb70b93,2025-09-10,尿液,陽性,甲基安非他命,二級,40-49歲,男,2.0
184,5cff26bfe33daace,2025-08-14,尿液,陰性,未檢出,無,40-49歲,男,0.0
185,c6ec87169c9ad922,2025-01-08,尿液,陽性,甲基安非他命,二級,50-59歲,男,2.0
186,65c2ece8ff5ddf02,2025-04-22,尿液,陰性,未檢出,無,60歲以上,女,0.0
187,136595d91359161b,2025-01-23,尿液,陰性,未檢出,無,19歲以下,男,0.0
188,2c91c8f61468310a,2025-10-02,尿液,陰性,未檢出,無,50-59歲,女,0.0
189,8d43ebc28087809b,2025-04-11,尿液,陰性,未檢出,無,30-39歲,女,0.0
190,95f58ce919dc2e83,2025-07-07,尿液,陰性,未檢出,無,40-49歲,男,0.0
191,9edfb01c66b5de33,2025-10-26,尿液,陰性,未檢出,無,50-59歲,男,0.0
192,a87b69269858b0a8,2025-05-13,尿液,陰性,未檢出,無,30-39歲,男,0.0
193,d570b1677a53afb6,2025-07-12,尿液,陽性,安非他命,二級,40-49歲,女,2.0
194,940383bcccb5cfb4,2025-12-31,尿液,陰性,未檢出,無,30-39歲,男,0.0
195,af025fa8eefff61d,2025-10-07,尿液,陰性,未檢出,無,20-29歲,男,0.0
196,51109382ffd51e72,2025-11-23,尿液,陰性,未檢出,無,50-59歲,男,0.0
197,70470c4ed9b08a66,2025-04-18,尿液,陰性,未檢出,無,50-59歲,女,0.0
198,212a6d2c2b105147,2025-07-20,尿液,陰性,未檢出,無,40-49歲,男,0.0
199,1cd59b04d24c20ea,2025-12-27,尿液,陽性,甲基安非他命,二級,40-49歲,男,2.0
200,3a61d7ec2bf652de,2025-12-14,尿液,陽性,嗎啡,一級,30-39歲,男,3.0
201,9ba263207a302aaf,2025-06-13,尿液,陰性,未檢出,無,30-39歲,男,0.0
202,cc0e142a1a3c7856,2025-10-07,血液,陰性,未檢出,無,50-59歲,男,0.0
203,0e84508e025252c2,2025-02-07,尿液,陰性,未檢出,無,50-59歲,男,0.0
204,bf54d99f9ab20a65,2025-08-21,尿液,陰性,未檢出,無,20-29歲,男,0.0
205,8669b6ae8c8dead8,2025-02-08,尿液,陰性,未檢出,無,40-49歲,男,0.0
206,252db71ddc90a614,2025-05-31,尿液,陰性,未檢出,無,20-29歲,男,0.0
207,fc5fc6af20c9d076,2025-03-29,尿液,陰性,未檢出,無,50-59歲,男,0.0
208,58cf0bec50ad8888,2025-09-02,尿液,陰性,未檢出,無,50-59歲,女,0.0
209,5fbe2bb8782de542,2025-08-14,尿液,陽性,甲基安非他命,二級,60歲以上,男,2.0
210,d1f10730d44aa0ba,2025-08-12,尿液,陰性,未檢出,無,40-49歲,女,0.0
211,ff450e17fe524394,2025-04-14,尿液,陰性,未檢出,無,50-59歲,男,0.0
212,3471fac61da2f204,2025-09-04,尿液,陰性,未檢出,無,40-49歲,男,0.0
213,3c997d13eff59854,2025-10-22,尿液,陽性,甲基安非他命,二級,40-49歲,男,2.0
214,9776f82c631c23d7,2025-07-03,尿液,陰性,未檢出,無,60歲以上,女,0.0
215,b4e0d5d889b4241f,2025-08-06,尿液,陰性,未檢出,無,40-49歲,男,0.0
216,3d7b2472d0324a95,2025-01-09,尿液,陽性,嗎啡,一級,19歲以下,女,3.0
217,48dc3f8a075629f6,2025-12-21,尿液,陰性,未檢出,無,30-39歲,男,0.0
218,6dc53dcdb457eb63,2025-07-18,尿液,陰性,未檢出,無,60歲以上,男,0.0
219,d523a38df8afa32d,2025-02-27,尿液,陽性,愷他命,三級,50-59歲,男,1.0
220,22d709c35166ca85,2025-11-05,尿液,陰性,未檢出,無,19歲以下,女,0.0
221,4a9e8b66a07b7ace,2025-05-28,尿液,陰性,未檢出,無,20-29歲,男,0.0
222,db55a13cbf014c39,2025-02-18,尿液,陽性,安非他命,二級,50-59歲,女,2.0
223,35ee227133752dcc,2025-06-15,尿液,陰性,未檢出,無,40-49歲,男,0.0
224,86cee725735d87c8,2025-11-03,尿液,陽性,安非他命,二級,50-59歲,男,2.0
225,b03ee5ee525e7a58,2025-07-19,尿液,陽性,甲基安非他命,二級,40-49歲,女,2.0
226,b6ee89af14f279db,2025-08-14,尿液,陽性,甲基安非他命,二級,50-59歲,男,2.0
227,9f007a96054b43b9,2025-10-16,尿液,陽性,愷他命,三級,60歲以上,男,1.0
228,f0d286608d3bd089,2025-03-01,尿液,陽性,安非他命,二級,20-29歲,男,2.0
229,d7cf96540c3b7195,2025-04-05,尿液,陰性,未檢出,無,50-59歲,女,0.0
230,92a99f5bbeb0f41c,2025-02-23,尿液,陰性,未檢出,無,50-59歲,女,0.0
231,523ebc0f5e4d3c8a,2025-09-07,尿液,陰性,未檢出,無,30-39歲,男,0.0
232,53ca60c65aff61bc,2025-12-30,尿液,陰性,未檢出,無,40-49歲,男,0.0
233,ac75735264737278,2025-04-27,尿液,陰性,未檢出,無,40-49歲,男,0.0
234,b87ef31519c3181f,2025-04-07,血液,陰性,未檢出,無,30-39歲,男,0.0
235,a3c30945437a6462,2025-09-02,尿液,陰性,未檢出,無,50-59歲,男,0.0
236,b9fa9732a59cb6da,2025-03-29,尿液,陰性,未檢出,無,40-49歲,男,0.0
237,81295b6fba6f1601,2025-07-27,血液,陽性,甲基安非他命,二級,19歲以下,男,2.0
238,2fda9c19d85cfa68,2025-07-20,尿液,陰性,未檢出,無,50-59歲,男,0.0
239,5056415df0a87ce7,2025-10-29,尿液,陰性,未檢出,無,50-59歲,男,0.0
240,714bf546cac51e13,2025-07-17,尿液,陰性,未檢出,無,50-59歲,男,0.0
241,05a1bd4856738dc7,2025-09-06,尿液,陰性,未檢出,無,50-59歲,男,0.0
242,e441f701777a00bf,2025-08-14,尿液,陰性,未檢出,無,50-59歲,男,0.0
243,db47e2cd937d3fdc,2025-03-01,尿液,陽性,甲基安非他命,二級,50-59歲,男,2.0
244,de38c59cd41e15ff,2025-02-20,尿液,陰性,未檢出,無,40-49歲,男,0.0
245,97768a38faaa49c3,2025-02-24,血液,陰性,未檢出,無,30-39歲,男,0.0
246,880ce2d03de03905,2025-08-10,尿液,陰性,未檢出,無,40-49歲,男,0.0
247,489d8349f7067915,2025-05-11,尿液,陰性,未檢出,無,50-59歲,男,0.0
248,e27df3aeafe38ed5,2025-07-12,尿液,陰性,未檢出,無,40-49歲,男,0.0
249,78cf8ebed8c88011,2025-09-10,尿液,陰性,未檢出,無,30-39歲,男,0.0
250,e8d75897b2993a10,2025-09-07,尿液,陰性,未檢出,無,20-29歲,男,0.0
251,282c6415fed7bc71,2025-07-21,尿液,陰性,未檢出,無,50-59歲,男,0.0
252,5b7ac16f7e4dc943,2025-06-11,尿液,陽性,安非他命,二級,30-39歲,男,2.0
253,69509188625ad0c7,2025-12-07,尿液,陰性,未檢出,無,60歲以上,男,0.0
254,427fb3aa1a568665,2025-07-30,尿液,陰性,未檢出,無,50-59歲,男,0.0
255,8f44ec6090a2f8f1,2025-08-23,尿液,陽性,愷他命,三級,40-49歲,男,1.0
256,a8c397c1fd10aba6,2025-01-15,尿液,陰性,未檢出,無,40-49歲,男,0.0
257,1aad46c4828b4500,2025-10-07,尿液,陰性,未檢出,無,60歲以上,男,0.0
258,a9cf244971f42b59,2025-12-22,尿液,陰性,未檢出,無,30-39歲,男,0.0
259,a4958d1407bd8921,2025-02-23,尿液,陰性,未檢出,無,50-59歲,男,0.0
260,d051aabb76bb443c,2025-01-18,尿液,陰性,未檢出,無,50-59歲,男,0.0
261,726c17e71f68603d,2025-02-12,尿液,陰性,未檢出,無,40-49歲,男,0.0
262,5a10f2b97c1d6fb4,2025-03-10,尿液,陽性,嗎啡,一級,30-39歲,女,3.0
263,b69035fd681fddc5,2025-03-08,尿液,陰性,未檢出,無,50-59歲,男,0.0
264,11f654769bbec197,2025-10-02,尿液,陰性,未檢出,無,50-59歲,男,0.0
265,3dcdf6e8e220b520,2025-02-23,血液,陽性,甲基安非他命,二級,20-29歲,女,2.0
266,5adc9b8b9b58fdcd,2025-10-20,尿液,陰性,未檢出,無,30-39歲,男,0.0
267,432a77383d82f93c,2025-03-25,尿液,陰性,未檢出,無,40-49歲,男,0.0
268,dfd5cb1c31688efb,2025-02-18,尿液,陰性,未檢出,無,20-29歲,男,0.0
269,83ac5bda95d972b6,2025-11-22,尿液,陰性,未檢出,無,50-59歲,男,0.0
270,b581a7fef0e2a135,2025-05-22,尿液,陰性,未檢出,無,40-49歲,男,0.0
271,5c9c49b5d94884f6,2025-12-29,尿液,陰性,未檢出,無,60歲以上,男,0.0
272,38168384b41e7679,2025-10-05,尿液,陽性,甲基安非他命,二級,60歲以上,男,2.0
273,f94b3aec2a15255b,2025-12-15,尿液,陰性,未檢出,無,30-39歲,男,0.0
274,cfd6902ef6d74668,2025-11-01,尿液,陰性,未檢出,無,30-39歲,男,0.0
275,7906762255b4f3f1,2025-05-16,尿液,陽性,愷他命,三級,40-49歲,男,1.0
276,afbbb4f417c29542,2025-08-26,尿液,陽性,甲基安非他命,二級,50-59歲,男,2.0
277,4a51f7339865a625,2025-10-12,尿液,陰性,未檢出,無,50-59歲,男,0.0
278,6923202326f2dc25,2025-06-25,尿液,陰性,未檢出,無,60歲以上,女,0.0
279,67087e1217ec797b,2025-12-30,尿液,陰性,未檢出,無,40-49歲,男,0.0
280,2b8103fa825526e9,2025-11-06,尿液,陰性,未檢出,無,20-29歲,男,0.0
281,18cf53b3ca3b229d,2025-05-23,血液,陰性,未檢出,無,30-39歲,男,0.0
282,d199067bc361a8c8,2025-04-24,尿液,陰性,未檢出,無,40-49歲,男,0.0
283,5ca50f47e60c5a8a,2025-10-15,血液,陰性,未檢出,無,40-49歲,男,0.0
284,b7620eca3f9a827d,2025-08-18,尿液,陰性,未檢出,無,50-59歲,男,0.0
285,0362358d591ca1da,2025-02-09,尿液,陰性,未檢出,無,40-49歲,男,0.0
286,6e2b94db8427035f,2025-06-28,尿液,陰性,未檢出,無,50-59歲,男,0.0
287,037efddf96050fed,2025-10-25,尿液,陽性,甲基安非他命,二級,50-59歲,男,2.0
288,7dbe35cfb2757f3b,2025-02-05,尿液,陰性,未檢出,無,19歲以下,男,0.0
289,6b4b2db9ea9375b1,2025-05-14,尿液,陰性,未檢出,無,50-59歲,女,0.0
290,5ad6f22b2261fe9a,2025-06-16,尿液,陰性,未檢出,無,40-49歲,女,0.0
291,7055eb7c692acc38,2025-10-05,尿液,陰性,未檢出,無,40-49歲,女,0.0
292,b1649557913514b4,2025-04-16,尿液,陰性,未檢出,無,30-39歲,男,0.0
293,426f2514df36fd8e,2025-05-01,尿液,陰性,未檢出,無,30-39歲,男,0.0
294,7fc2783631b8976a,2025-05-06,尿液,陰性,未檢出,無,40-49歲,男,0.0
295,b5cccc6817ba781a,2025-02-09,尿液,陽性,甲基安非他命,二級,40-49歲,男,2.0
296,f4d9fb07484f95a7,2025-06-08,尿液,陰性,未檢出,無,50-59歲,男,0.0
297,53c110893509e2e6,2025-08-28,血液,陰性,未檢出,無,50-59歲,男,0.0
298,33b7cda663381f29,2025-12-15,尿液,陽性,嗎啡,一級,40-49歲,女,3.0
299,af4c218f014298b4,2025-01-25,尿液,陽性,嗎啡,一級,50-59歲,女,3.0
300,7d32e96e47bb6a8d,2025-03-04,尿液,陰性,未檢出,無,50-59歲,男,0.0
301,cc5d9a6e16cd1025,2025-11-02,尿液,陰性,未檢出,無,50-59歲,男,0.0
302,66a597e0bd56bd61,2025-03-23,尿液,陽性,安非他命,二級,30-39歲,女,2.0
303,9ed919179ae61512,2025-05-25,尿液,陽性,嗎啡,一級,50-59歲,男,3.0
304,a4dcce65ff3784fc,2025-09-27,尿液,陽性,甲基安非他命,二級,40-49歲,男,2.0
305,6ab5e6d43b300776,2025-03-22,尿液,陰性,未檢出,無,50-59歲,女,0.0
306,f9f688f3617c3cfa,2025-08-19,尿液,陰性,未檢出,無,50-59歲,男,0.0
307,4fdb889e25e75281,2025-04-19,尿液,陰性,未檢出,無,40-49歲,男,0.0
308,37ce06986511ed5b,2025-07-11,尿液,陰性,未檢出,無,19歲以下,男,0.0
309,604c690e296a0eea,2025-02-08,尿液,陽性,甲基安非他命,二級,30-39歲,男,2.0
310,ea54e2e5f85d4010,2025-05-15,尿液,陰性,未檢出,無,40-49歲,男,0.0
311,6caa137f904b98cf,2025-12-27,尿液,陰性,未檢出,無,60歲以上,男,0.0
312,591a4cdb893ceed4,2025-03-31,尿液,陰性,未檢出,無,19歲以下,男,0.0
313,7b34179400666167,2025-02-21,尿液,陰性,未檢出,無,40-49歲,男,0.0
314,68df219478086f28,2025-06-28,尿液,陰性,未檢出,無,50-59歲,男,0.0
315,81fbb035f779c0d8,2025-03-07,尿液,陰性,未檢出,無,40-49歲,女,0.0
316,03d9a6e69e79adde,2025-12-26,尿液,陰性,未檢出,無,40-49歲,女,0.0
317,d7057d617ad08949,2025-05-06,尿液,陰性,未檢出,無,40-49歲,男,0.0
318,8b5087bcab2ae93b,2025-05-09,尿液,陰性,未檢出,無,40-49歲,男,0.0
319,6bd498c54765adcd,2025-09-26,尿液,陰性,未檢出,無,40-49歲,女,0.0
320,e2e8263d935d6f8b,2025-01-24,尿液,陰性,未檢出,無,40-49歲,男,0.0
321,487d389106f18a53,2025-01-21,尿液,陰性,未檢出,無,50-59歲,女,0.0
322,cd33872a723eb771,2025-06-28,尿液,陰性,未檢出,無,50-59歲,男,0.0
323,c632a6d2a0b59ab0,2025-09-01,尿液,陰性,未檢出,無,50-59歲,男,0.0
324,001e3decdc6c12d1,2025-09-07,尿液,陰性,未檢出,無,60歲以上,男,0.0
325,6e49913fea687ba3,2025-02-13,尿液,陰性,未檢出,無,60歲以上,男,0.0
326,8c78d09b5bd3283c,2025-09-02,尿液,陰性,未檢出,無,30-39歲,男,0.0
327,4993bf8f7c711cca,2025-07-09,尿液,陰性,未檢出,無,40-49歲,男,0.0
328,673167e3bea1f1cc,2025-03-13,尿液,陰性,未檢出,無,50-59歲,男,0.0
329,c7ee91ddf15066cd,2025-12-08,尿液,陰性,未檢出,無,40-49歲,男,0.0
330,b30c55ffe26d05ab,2025-12-17,尿液,陽性,甲基安非他命,二級,60歲以上,男,2.0
331,178fc9359a49fb23,2025-09-03,尿液,陰性,未檢出,無,40-49歲,男,0.0
332,0f26cca99a1e8d39,2025-03-01,尿液,陰性,未檢出,無,20-29歲,女,0.0
333,bebed08b81cfcdeb,2025-07-09,尿液,陰性,未檢出,無,40-49歲,男,0.0
334,b3c95614d4fdb728,2025-04-14,尿液,陰性,未檢出,無,50-59歲,男,0.0
335,9117ca48861986ad,2025-10-13,尿液,陰性,未檢出,無,20-29歲,男,0.0
336,42a861e4bd0f009c,2025-09-22,血液,陰性,未檢出,無,50-59歲,女,0.0
337,32c82e853ee97791,2025-10-13,尿液,陰性,未檢出,無,40-49歲,女,0.0
338,2621593bc53f4194,2025-04-07,尿液,陰性,未檢出,無,40-49歲,男,0.0
339,21822ef3e4328d1a,2025-02-27,尿液,陰性,未檢出,無,30-39歲,男,0.0
340,4f11ac3cb155f07d,2025-06-15,尿液,陰性,未檢出,無,50-59歲,男,0.0
341,e31f2cd3c2f6a2a3,2025-03-27,尿液,陽性,安非他命,二級,50-59歲,男,2.0
342,954f613ee8c127a7,2025-12-10,尿液,陰性,未檢出,無,50-59歲,男,0.0
343,f4e1b20b699c3abc,2025-08-30,尿液,陰性,未檢出,無,40-49歲,男,0.0
344,bfc398c079786167,2025-09-30,尿液,陽性,甲基安非他命,二級,40-49歲,女,2.0
345,1d82c3117cdc3517,2025-01-18,尿液,陰性,未檢出,無,30-39歲,男,0.0
346,05939ad86f3e6b6f,2025-12-31,血液,陰性,未檢出,無,50-59歲,男,0.0
347,64fd37d15aad08c2,2025-10-25,尿液,陰性,未檢出,無,30-39歲,男,0.0
348,9104fb03d4f9535e,2025-02-23,尿液,陰性,未檢出,無,50-59歲,男,0.0
349,a0fdd13fb9d72727,2025-08-20,尿液,陰性,未檢出,無,20-29歲,男,0.0
350,b880ed09738007f0,2025-04-10,血液,陽性,安非他命,二級,40-49歲,男,2.0
351,2b3b639291676473,2025-07-18,尿液,陰性,未檢出,無,40-49歲,男,0.0
352,574b98f141f04d1a,2025-06-11,尿液,陰性,未檢出,無,40-49歲,女,0.0
353,67068cd32a94e33e,2025-07-23,尿液,陰性,未檢出,無,30-39歲,男,0.0
354,335418e3a7dcab64,2025-04-05,尿液,陰性,未檢出,無,40-49歲,男,0.0
355,638fa9ee0f68a10b,2025-05-24,尿液,陰性,未檢出,無,60歲以上,男,0.0
356,f28a65ce0fc8632e,2025-06-02,尿液,陽性,安非他命,二級,40-49歲,女,2.0
357,1cf077a08585a28c,2025-04-21,尿液,陽性,愷他命,三級,30-39歲,男,1.0
358,f105d84656d15162,2025-01-17,尿液,陽性,甲基安非他命,二級,50-59歲,女,2.0
359,e66ac2eb500acc91,2025-12-10,尿液,陰性,未檢出,無,40-49歲,女,0.0
360,9c753ec255b1426d,2025-08-22,尿液,陰性,未檢出,無,50-59歲,男,0.0
361,5f33432f2031246d,2025-01-20,尿液,陽性,愷他命,三級,19歲以下,男,1.0
362,281e065b39a8e36a,2025-11-12,血液,陰性,未檢出,無,30-39歲,男,0.0
363,cf46c9933ac58ded,2025-09-19,尿液,陽性,愷他命,三級,40-49歲,男,1.0
364,284e6e074694d726,2025-10-24,尿液,陰性,未檢出,無,50-59歲,男,0.0
365,55311a0159fc9b89,2025-10-21,尿液,陰性,未檢出,無,40-49歲,男,0.0
366,9f5515e91e0aa530,2025-10-24,尿液,陽性,甲基安非他命,二級,40-49歲,男,2.0
367,f89b42a45fce2a2e,2025-06-25,尿液,陰性,未檢出,無,40-49歲,女,0.0
368,17940b1e24d5c9b9,2025-09-20,血液,陰性,未檢出,無,40-49歲,男,0.0
369,1cd031c001f4d075,2025-09-16,尿液,陰性,未檢出,無,30-39歲,男,0.0
370,c4beec37be9a061d,2025-09-05,尿液,陽性,安非他命,二級,50-59歲,男,2.0
371,7ae8b2aa3a9a1aad,2025-04-14,尿液,陰性,未檢出,無,40-49歲,男,0.0
372,aedfe34d79051ce6,2025-09-02,尿液,陰性,未檢出,無,30-39歲,男,0.0
373,b11fe33b4619b51d,2025-11-06,尿液,陰性,未檢出,無,40-49歲,男,0.0
374,58ed0024feaa4757,2025-12-17,血液,陽性,安非他命,二級,20-29歲,男,2.0
375,d0957d9c27828f24,2025-05-25,尿液,陰性,未檢出,無,40-49歲,女,0.0
376,3625c5f42749a1c3,2025-11-07,尿液,陰性,未檢出,無,40-49歲,男,0.0
377,90b99e1a8eb6d70d,2025-03-04,尿液,陰性,未檢出,無,40-49歲,男,0.0
378,46f9b42edb6833b3,2025-05-06,尿液,陰性,未檢出,無,50-59歲,男,0.0
379,cd92c24f3b977d6a,2025-12-24,尿液,陰性,未檢出,無,60歲以上,女,0.0
380,27765aabcf6d0904,2025-04-17,血液,陰性,未檢出,無,60歲以上,男,0.0
381,dc8affd3ab8a9581,2025-04-14,尿液,陰性,未檢出,無,40-49歲,男,0.0
382,0749ddea891af01a,2025-06-24,尿液,陰性,未檢出,無,40-49歲,男,0.0
383,3a474f46e91d49db,2025-01-21,尿液,陰性,未檢出,無,60歲以上,男,0.0
384,5f0e35ed36d721f1,2025-07-12,尿液,陰性,未檢出,無,50-59歲,女,0.0
385,8abf2283cc90f252,2025-12-04,尿液,陰性,未檢出,無,20-29歲,男,0.0
386,7bf88e2329b7cd52,2025-07-31,尿液,陰性,未檢出,無,40-49歲,男,0.0
387,95cad781fb75fbb8,2025-08-06,尿液,陰性,未檢出,無,40-49歲,男,0.0
388,8da653238c0f8ae2,2025-07-13,尿液,陽性,愷他命,三級,30-39歲,男,1.0
389,e7ee875d88cff719,2025-01-20,尿液,陽性,嗎啡,一級,30-39歲,男,3.0
390,1e0ad43d0dd211ee,2025-04-11,尿液,陰性,未檢出,無,40-49歲,男,0.0
391,22d966cd6659ae03,2025-11-29,尿液,陰性,未檢出,無,30-39歲,女,0.0
392,61b13ea792343c3e,2025-08-16,尿液,陰性,未檢出,無,40-49歲,男,0.0
393,16f9bd3b32a216cf,2025-11-25,尿液,陰性,未檢出,無,30-39歲,男,0.0
394,8322e71232bfe189,2025-04-18,尿液,陽性,甲基安非他命,二級,19歲以下,男,2.0
395,5612aa7a19c04e80,2025-06-30,血液,陰性,未檢出,無,50-59歲,男,0.0
396,f615cd12629f5aff,2025-11-16,尿液,陽性,愷他命,三級,40-49歲,男,1.0
397,e41b978ccac9d90b,2025-09-02,尿液,陽性,安非他命,二級,50-59歲,男,2.0
398,f6879a2c99706685,2025-11-16,尿液,陰性,未檢出,無,50-59歲,男,0.0
399,cc392d6be83f0ff9,2025-10-19,尿液,陽性,安非他命,二級,50-59歲,男,2.0
400,37c415bbf69dfa06,2025-09-11,尿液,陰性,未檢出,無,20-29歲,男,0.0
401,67cbbbc1af8d0583,2025-07-06,尿液,陰性,未檢出,無,40-49歲,男,0.0
402,073d707cc7fa2c60,2025-07-18,尿液,陰性,未檢出,無,50-59歲,男,0.0
403,639a179ed2c3ecb9,2025-09-16,尿液,陰性,未檢出,無,50-59歲,女,0.0
404,eedf14233d998ef5,2025-03-12,尿液,陰性,未檢出,無,50-59歲,男,0.0
405,00f4a96d20dc1bb8,2025-09-04,尿液,陰性,未檢出,無,40-49歲,男,0.0
406,bc1f28f1211771fe,2025-10-23,尿液,陽性,甲基安非他命,二級,40-49歲,女,2.0
407,29118737850fbd94,2025-08-06,尿液,陰性,未檢出,無,40-49歲,男,0.0
408,02b5838d578f92ca,2025-01-27,尿液,陰性,未檢出,無,30-39歲,男,0.0
409,a806fd9db97593d3,2025-04-25,尿液,陰性,未檢出,無,60歲以上,男,0.0
410,398c302cc43d9f10,2025-12-24,尿液,陰性,未檢出,無,40-49歲,男,0.0
411,075453e6c9bb1a10,2025-04-10,尿液,陰性,未檢出,無,40-49歲,男,0.0
412,5e8eb9f9db6ca7cb,2025-09-19,尿液,陰性,未檢出,無,50-59歲,女,0.0
413,a7f7676f20dfafce,2025-12-06,尿液,陰性,未檢出,無,30-39歲,男,0.0
414,3c1c607c1f02a746,2025-07-20,血液,陰性,未檢出,無,50-59歲,男,0.0
415,f918e4f0620916ac,2025-01-02,尿液,陰性,未檢出,無,50-59歲,男,0.0
416,07d45599e39f76ac,2025-02-23,尿液,陰性,未檢出,無,30-39歲,女,0.0
417,0ca02b29b425cb86,2025-06-24,尿液,陰性,未檢出,無,30-39歲,女,0.0
418,f23e13531f85280a,2025-05-20,尿液,陰性,未檢出,無,40-49歲,男,0.0
419,b8e330821ecc3f90,2025-08-17,尿液,陰性,未檢出,無,50-59歲,男,0.0
420,83981a66a2a46ca0,2025-08-24,尿液,陰性,未檢出,無,40-49歲,男,0.0
421,4b82629872490045,2025-01-21,尿液,陰性,未檢出,無,40-49歲,男,0.0
422,bb36da3d71438f85,2025-06-14,尿液,陰性,未檢出,無,60歲以上,男,0.0
423,2ffe81c142f0b3ad,2025-04-21,尿液,陽性,愷他命,三級,40-49歲,男,1.0
424,5040d40dc9268684,2025-11-26,尿液,陰性,未檢出,無,50-59歲,男,0.0
425,f61583600f1dc20d,2025-09-22,尿液,陰性,未檢出,無,50-59歲,男,0.0
426,bbb48fc886b95c4c,2025-08-21,尿液,陽性,甲基安非他命,二級,40-49歲,男,2.0
427,d3e7ed6f8f7d6af1,2025-12-08,尿液,陰性,未檢出,無,30-39歲,男,0.0
428,15a338066b7bfcb4,2025-07-02,尿液,陽性,安非他命,二級,50-59歲,男,2.0
429,763569746431afaf,2025-11-10,尿液,陰性,未檢出,無,40-49歲,男,0.0
430,bdd74884ed84c392,2025-08-14,尿液,陰性,未檢出,無,40-49歲,男,0.0
431,555ebcb6050bbca3,2025-09-24,尿液,陽性,嗎啡,一級,40-49歲,男,3.0
432,61d41ab35a99021d,2025-11-13,尿液,陰性,未檢出,無,40-49歲,男,0.0
433,89283efad5f9eb7c,2025-08-28,尿液,陰性,未檢出,無,50-59歲,男,0.0
434,2bbd27ab004737df,2025-04-17,尿液,陰性,未檢出,無,40-49歲,男,0.0
435,48b0b773356aec54,2025-09-22,尿液,陰性,未檢出,無,30-39歲,男,0.0
436,2a48756e783dbf60,2025-12-27,尿液,陰性,未檢出,無,40-49歲,男,0.0
437,77c9a72124f37055,2025-02-24,尿液,陰性,未檢出,無,20-29歲,男,0.0
438,c23d0490ccb53155,2025-09-10,血液,陰性,未檢出,無,40-49歲,男,0.0
439,99c8bb9f6791abe8,2025-09-08,尿液,陰性,未檢出,無,30-39歲,男,0.0
440,b3f3318f5e2cfde0,2025-05-25,尿液,陰性,未檢出,無,50-59歲,女,0.0
441,2953f710f95b139b,2025-01-20,尿液,陰性,未檢出,無,40-49歲,男,0.0
442,53f175c7438836ce,2025-10-09,尿液,陰性,未檢出,無,40-49歲,男,0.0
443,2394f63a39986366,2025-12-19,尿液,陽性,安非他命,二級,40-49歲,女,2.0
444,fc024ae7f9573609,2025-08-25,尿液,陰性,未檢出,無,50-59歲,男,0.0
445,31b1f03cadd082ed,2025-08-30,尿液,陰性,未檢出,無,50-59歲,男,0.0
446,e12ff693e022c31a,2025-06-09,尿液,陰性,未檢出,無,19歲以下,男,0.0
447,79b67f77e0749201,2025-12-18,尿液,陰性,未檢出,無,50-59歲,男,0.0
448,bd1042546dabec30,2025-03-18,尿液,陰性,未檢出,無,40-49歲,女,0.0
449,ba342b1265346c21,2025-03-05,尿液,陰性,未檢出,無,50-59歲,男,0.0
450,d6f74fcd9de8923e,2025-02-04,尿液,陰性,未檢出,無,30-39歲,女,0.0
451,9804884354cbf9ed,2025-01-24,尿液,陰性,未檢出,無,60歲以上,男,0.0
452,4c1f34aa69b9b58b,2025-09-15,尿液,陰性,未檢出,無,50-59歲,男,0.0
453,41e2626c47e54bf1,2025-02-23,尿液,陰性,未檢出,無,20-29歲,男,0.0
454,9e84861946bd8250,2025-03-08,尿液,陰性,未檢出,無,60歲以上,女,0.0
455,f925525d6bd6ab84,2025-02-22,尿液,陰性,未檢出,無,40-49歲,男,0.0
456,91ea9e581b9c2405,2025-10-26,尿液,陰性,未檢出,無,40-49歲,男,0.0
457,fa0d8fab3556b59b,2025-10-25,尿液,陽性,愷他命,三級,30-39歲,男,1.0
458,2dc552e1a3847989,2025-10-22,尿液,陰性,未檢出,無,50-59歲,女,0.0
459,4d3ab79885bf4388,2025-04-05,尿液,陽性,安非他命,二級,40-49歲,男,2.0
460,27d1dfe05d2cd67d,2025-03-10,尿液,陰性,未檢出,無,60歲以上,女,0.0
461,778e74bf9966fbde,2025-07-18,尿液,陰性,未檢出,無,30-39歲,女,0.0
462,fbe6ecea18dce00f,2025-07-12,尿液,陰性,未檢出,無,30-39歲,男,0.0
463,385dafbc63efe625,2025-06-11,尿液,陰性,未檢出,無,40-49歲,男,0.0
464,34f741e162f2dab1,2025-02-10,尿液,陰性,未檢出,無,30-39歲,女,0.0
465,f031ea054a3c50d2,2025-07-22,尿液,陰性,未檢出,無,40-49歲,男,0.0
466,770625ce0634e25b,2025-06-23,血液,陽性,嗎啡,一級,30-39歲,女,3.0
467,05e9fb26617662c8,2025-01-01,尿液,陰性,未檢出,無,40-49歲,男,0.0
468,b4614733b081f475,2025-10-07,尿液,陽性,愷他命,三級,50-59歲,男,1.0
469,105157ffb83443c3,2025-10-10,尿液,陽性,嗎啡,一級,30-39歲,男,3.0
470,a88174d811630f86,2025-02-12,尿液,陰性,未檢出,無,30-39歲,女,0.0
471,42c094868322e669,2025-10-04,尿液,陰性,未檢出,無,50-59歲,女,0.0
472,087d1e7ea56c808c,2025-04-16,尿液,陰性,未檢出,無,30-39歲,女,0.0
473,9ef68305584a0d8a,2025-11-05,尿液,陰性,未檢出,無,30-39歲,男,0.0
474,17242302a22a662d,2025-07-03,尿液,陰性,未檢出,無,60歲以上,男,0.0
475,7a74f7bd70b98843,2025-11-10,尿液,陰性,未檢出,無,30-39歲,女,0.0
476,5157ee487f076900,2025-06-02,尿液,陽性,愷他命,三級,40-49歲,男,1.0
477,74b5449b622c7cac,2025-07-13,尿液,陰性,未檢出,無,30-39歲,男,0.0
478,db7f806ec4e03901,2025-11-24,尿液,陰性,未檢出,無,40-49歲,男,0.0
479,74f0ba8edb62b30a,2025-01-06,尿液,陰性,未檢出,無,50-59歲,男,0.0
480,97a2d292f932c547,2025-10-27,尿液,陽性,嗎啡,一級,19歲以下,男,3.0
481,324c73665ef745c2,2025-03-19,尿液,陰性,未檢出,無,50-59歲,女,0.0
482,82e35cac3344559a,2025-04-26,尿液,陰性,未檢出,無,40-49歲,女,0.0
483,fb805e086da64eac,2025-10-15,尿液,陽性,安非他命,二級,50-59歲,男,2.0
484,79dbb379a56481ba,2025-04-25,尿液,陰性,未檢出,無,40-49歲,男,0.0
485,d04bf2b0b9696b66,2025-09-11,尿液,陰性,未檢出,無,50-59歲,男,0.0
486,c07b4488b6ce39b3,2025-10-28,尿液,陰性,未檢出,無,50-59歲,女,0.0
487,90b87fae9c067f75,2025-08-02,尿液,陰性,未檢出,無,50-59歲,男,0.0
488,d16059d8e6adc51f,2025-11-25,尿液,陰性,未檢出,無,30-39歲,男,0.0
489,0a0fc8260bac9d6d,2025-08-25,尿液,陰性,未檢出,無,40-49歲,男,0.0
490,6b866e97640567d0,2025-04-18,尿液,陰性,未檢出,無,50-59歲,男,0.0
491,bff0e1248f8ddea8,2025-04-14,尿液,陰性,未檢出,無,40-49歲,男,0.0
492,43437aa064e06f61,2025-01-26,尿液,陰性,未檢出,無,50-59歲,男,0.0
493,38707571514e59b7,2025-04-07,尿液,陰性,未檢出,無,50-59歲,男,0.0
494,98818f3a795f0437,2025-02-03,尿液,陽性,甲基安非他命,二級,40-49歲,男,2.0
495,f7e01f0b3a9270f6,2025-02-23,尿液,陽性,愷他命,三級,30-39歲,女,1.0
496,007892da7b527ce8,2025-08-22,尿液,陰性,未檢出,無,50-59歲,男,0.0
497,79829ec710132a36,2025-07-21,血液,陰性,未檢出,無,40-49歲,男,0.0
498,18a6fb946dfc57fb,2025-10-10,尿液,陰性,未檢出,無,50-59歲,女,0.0
499,a35cfe5d522020d1,2025-09-01,尿液,陰性,未檢出,無,50-59歲,男,0.0
500,cc798247e842af4f,2025-04-01,尿液,陰性,未檢出,無,50-59歲,男,0.0
501,bc84e1d908b9e42f,2025-09-26,尿液,陰性,未檢出,無,50-59歲,男,0.0
502,5ec03ef41d238a1a,2025-09-19,尿液,陰性,未檢出,無,50-59歲,男,0.0
503,d92c40ae0be3a5e7,2025-05-23,尿液,陽性,嗎啡,一級,20-29歲,男,3.0
504,5bd0d885019983b4,2025-10-08,尿液,陰性,未檢出,無,40-49歲,男,0.0
505,089b92f24e417a98,2025-06-22,血液,陽性,甲基安非他命,二級,30-39歲,男,2.0
506,d34e3fbbf1c155fe,2025-03-21,尿液,陽性,安非他命,二級,40-49歲,女,2.0
507,5797171e81ebc8ef,2025-08-31,尿液,陰性,未檢出,無,50-59歲,女,0.0
508,3ec775267af6f6ff,2025-09-14,血液,陰性,未檢出,無,40-49歲,男,0.0
509,d137c3e0bdf53118,2025-08-14,尿液,陰性,未檢出,無,50-59歲,女,0.0
510,9cd18765debb25e1,2025-05-19,尿液,陰性,未檢出,無,40-49歲,男,0.0
511,b94ea329608887b9,2025-08-09,尿液,陽性,愷他命,三級,40-49歲,男,1.0
512,81c8ab9f023e90c7,2025-04-11,尿液,陰性,未檢出,無,60歲以上,女,0.0
513,8859f7c9b440efe2,2025-05-20,尿液,陰性,未檢出,無,40-49歲,女,0.0
514,2fa4952ab3df8317,2025-05-01,尿液,陰性,未檢出,無,60歲以上,男,0.0
515,a1e2def6b34263b4,2025-12-19,尿液,陰性,未檢出,無,30-39歲,男,0.0
516,e35b745a88bb70eb,2025-04-15,尿液,陽性,愷他命,三級,40-49歲,男,1.0
517,18587210f9c01f1b,2025-02-08,尿液,陰性,未檢出,無,40-49歲,男,0.0
518,1a8d7bf63aada975,2025-09-05,尿液,陰性,未檢出,無,50-59歲,女,0.0
519,dbb83d9f0a3161b6,2025-11-12,尿液,陽性,甲基安非他命,二級,50-59歲,男,2.0
520,33c367155c3d05c9,2025-01-16,尿液,陰性,未檢出,無,19歲以下,男,0.0
521,8b6b144ddeb3368c,2025-08-01,尿液,陰性,未檢出,無,20-29歲,女,0.0
522,c63014334a57277c,2025-10-13,尿液,陽性,嗎啡,一級,40-49歲,男,3.0
523,18bb481e355d01af,2025-01-15,尿液,陰性,未檢出,無,40-49歲,男,0.0
524,aba687e39761a656,2025-08-10,尿液,陰性,未檢出,無,40-49歲,男,0.0
525,1136ccaf6102ee37,2025-12-16,尿液,陰性,未檢出,無,30-39歲,男,0.0
526,3ba2bee0c0bf2cd9,2025-07-07,尿液,陰性,未檢出,無,30-39歲,女,0.0
527,f0d4c6586811c452,2025-02-26,血液,陰性,未檢出,無,30-39歲,男,0.0
528,5115b1e44d5dbcc3,2025-07-15,尿液,陰性,未檢出,無,40-49歲,男,0.0
529,1253c3c70a9ebd85,2025-07-10,尿液,陰性,未檢出,無,19歲以下,男,0.0
530,25cb605ecfc8501f,2025-03-09,尿液,陽性,甲基安非他命,二級,50-59歲,男,2.0
531,75552b9a35962f04,2025-09-14,尿液,陰性,未檢出,無,50-59歲,男,0.0
532,f4b022c30d1931e2,2025-07-16,尿液,陰性,未檢出,無,40-49歲,男,0.0
533,f264a2616ed5d6d4,2025-02-07,尿液,陰性,未檢出,無,20-29歲,男,0.0
534,61b4710b007188f0,2025-08-04,尿液,陰性,未檢出,無,60歲以上,男,0.0
535,762e0acd683dd36c,2025-05-20,尿液,陰性,未檢出,無,30-39歲,男,0.0
536,1a8846b7dd4aa0a2,2025-12-16,尿液,陰性,未檢出,無,40-49歲,男,0.0
537,d43d9e8a3f6fc334,2025-06-15,尿液,陰性,未檢出,無,40-49歲,男,0.0
538,a30327336dee578a,2025-02-12,尿液,陽性,甲基安非他命,二級,50-59歲,男,2.0
539,85b3e200d2b57a03,2025-08-01,尿液,陰性,未檢出,無,20-29歲,男,0.0
540,c879e32565d75343,2025-02-11,尿液,陰性,未檢出,無,50-59歲,男,0.0
541,99026e5bf1734857,2025-02-07,尿液,陰性,未檢出,無,50-59歲,女,0.0
542,dded7744371fdd60,2025-12-22,尿液,陽性,甲基安非他命,二級,19歲以下,男,2.0
543,dc63d721f46e78c9,2025-10-10,尿液,陽性,甲基安非他命,二級,40-49歲,男,2.0
544,0ab188059668517e,2025-08-28,尿液,陽性,安非他命,二級,30-39歲,男,2.0
545,654d80c31dd6f731,2025-05-09,尿液,陰性,未檢出,無,40-49歲,男,0.0
546,03ae4ac9cc226592,2025-09-05,尿液,陰性,未檢出,無,40-49歲,男,0.0
547,a47d2ee69b73371b,2025-01-05,血液,陰性,未檢出,無,30-39歲,男,0.0
548,2f84718def625ae0,2025-08-09,尿液,陰性,未檢出,無,40-49歲,女,0.0
549,6f24e31a72a76159,2025-04-12,尿液,陰性,未檢出,無,60歲以上,男,0.0
550,4332c6f9a03f1f62,2025-01-13,尿液,陰性,未檢出,無,30-39歲,男,0.0
551,192660eca1828aca,2025-03-03,尿液,陰性,未檢出,無,20-29歲,男,0.0
552,24d697fa991b8c05,2025-01-17,尿液,陰性,未檢出,無,30-39歲,男,0.0
553,1674483dc0d02e94,2025-02-20,尿液,陰性,未檢出,無,50-59歲,女,0.0
554,e3210631814338f2,2025-06-02,尿液,陽性,愷他命,三級,40-49歲,男,1.0
555,bed429aaabeef1eb,2025-04-20,尿液,陰性,未檢出,無,40-49歲,男,0.0
556,217ef47d8ced61bb,2025-08-05,尿液,陰性,未檢出,無,50-59歲,男,0.0
557,c966c39f46003d41,2025-04-10,尿液,陰性,未檢出,無,30-39歲,男,0.0
558,af4c3c5a98c2957f,2025-12-23,尿液,陰性,未檢出,無,20-29歲,男,0.0
559,5011afbfdbc2f113,2025-10-10,尿液,陰性,未檢出,無,40-49歲,男,0.0
560,577e6aadb23074e4,2025-05-08,尿液,陽性,安非他命,二級,19歲以下,男,2.0
561,2bf310158e1f715b,2025-03-11,尿液,陰性,未檢出,無,30-39歲,男,0.0
562,6ecd4294690be01c,2025-10-25,尿液,陰性,未檢出,無,50-59歲,男,0.0
563,b6da719a21b405f0,2025-03-12,尿液,陰性,未檢出,無,40-49歲,男,0.0
564,07c12742da80b5d9,2025-12-26,尿液,陽性,愷他命,三級,50-59歲,女,1.0
565,22704eba582257cf,2025-12-18,尿液,陰性,未檢出,無,50-59歲,男,0.0
566,2c9a516ebaa61336,2025-09-10,尿液,陰性,未檢出,無,40-49歲,男,0.0
567,32abd5bf5d53d9f1,2025-09-22,尿液,陰性,未檢出,無,30-39歲,男,0.0
568,7963b38246cf70eb,2025-06-07,血液,陽性,安非他命,二級,40-49歲,男,2.0
569,0aecf98df9b2be01,2025-03-05,尿液,陽性,甲基安非他命,二級,20-29歲,女,2.0
570,7963d7e02b73e001,2025-03-29,尿液,陰性,未檢出,無,50-59歲,男,0.0
571,49792b24ec1a19a2,2025-12-02,尿液,陰性,未檢出,無,50-59歲,男,0.0
572,2b5b4a0f93b310cd,2025-10-06,尿液,陰性,未檢出,無,40-49歲,女,0.0
573,01756d59dbe44131,2025-10-08,尿液,陰性,未檢出,無,40-49歲,男,0.0
574,cb8f9258ed7678f1,2025-09-02,尿液,陰性,未檢出,無,40-49歲,男,0.0
575,a526ff56bb7fb412,2025-06-28,尿液,陰性,未檢出,無,50-59歲,男,0.0
576,0307ecbb06770575,2025-07-24,尿液,陰性,未檢出,無,50-59歲,男,0.0
577,8a91d7e02bfc7870,2025-02-12,尿液,陽性,愷他命,三級,40-49歲,男,1.0
578,853deecb9271040f,2025-07-31,尿液,陽性,愷他命,三級,30-39歲,男,1.0
579,712cc514b0bb77f8,2025-09-01,尿液,陰性,未檢出,無,20-29歲,男,0.0
580,31b9f90eb6aab923,2025-11-20,尿液,陽性,愷他命,三級,40-49歲,男,1.0
581,3c8d555e55022b45,2025-11-12,尿液,陰性,未檢出,無,20-29歲,男,0.0
582,4d90b733a1c56bfb,2025-09-28,尿液,陰性,未檢出,無,50-59歲,女,0.0
583,5c1664d30cbe1cfd,2025-09-26,尿液,陽性,安非他命,二級,50-59歲,男,2.0
584,a6b3d09c292fa154,2025-11-01,尿液,陰性,未檢出,無,40-49歲,男,0.0
585,544c43bb18dc8366,2025-07-03,尿液,陰性,未檢出,無,30-39歲,男,0.0
586,d86efd05922ce9b0,2025-03-02,尿液,陽性,安非他命,二級,30-39歲,男,2.0
587,939f390ee058b6b3,2025-05-25,尿液,陰性,未檢出,無,40-49歲,男,0.0
588,3395569419486695,2025-02-11,尿液,陽性,安非他命,二級,40-49歲,男,2.0
589,2a5c021b0c7cf665,2025-03-19,尿液,陽性,甲基安非他命,二級,50-59歲,男,2.0
590,9302d8df63a4359d,2025-09-01,尿液,陽性,甲基安非他命,二級,20-29歲,男,2.0
591,d41aa19b0c9b4d50,2025-06-22,尿液,陰性,未檢出,無,50-59歲,男,0.0
592,eb14bee713be4ffb,2025-05-24,尿液,陰性,未檢出,無,50-59歲,女,0.0
593,c5926cd9295ed7c0,2025-12-17,尿液,陰性,未檢出,無,30-39歲,男,0.0
594,635ee42beb872d71,2025-01-28,尿液,陰性,未檢出,無,30-39歲,男,0.0
595,f8bdd36b504421a6,2025-07-04,尿液,陽性,安非他命,二級,40-49歲,男,2.0
596,057230e2c13dac3a,2025-01-13,尿液,陰性,未檢出,無,40-49歲,男,0.0
597,f22aa8bfe978015b,2025-05-05,尿液,陰性,未檢出,無,60歲以上,男,0.0
598,6d50c47c3456297d,2025-03-09,尿液,陰性,未檢出,無,40-49歲,男,0.0
599,4e55e0c3f6cff9fa,2025-11-20,尿液,陰性,未檢出,無,50-59歲,男,0.0
600,8b419f29fef1353f,2025-01-16,尿液,陰性,未檢出,無,50-59歲,男,0.0
601,e019c4b5f821d8c6,2025-09-04,尿液,陰性,未檢出,無,40-49歲,男,0.0
602,dbe52fd54dd8c636,2025-04-12,尿液,陰性,未檢出,無,50-59歲,男,0.0
603,d15f3f094183dd83,2025-02-28,血液,陰性,未檢出,無,20-29歲,男,0.0
604,b9c02b77980313e2,2025-04-25,尿液,陰性,未檢出,無,50-59歲,女,0.0
605,8ac8879fab24a077,2025-03-17,尿液,陰性,未檢出,無,60歲以上,男,0.0
606,98792769133f84fc,2025-09-13,血液,陽性,甲基安非他命,二級,50-59歲,男,2.0
607,8acebac1cb4622c7,2025-10-06,尿液,陰性,未檢出,無,40-49歲,男,0.0
608,a075f49ee2f8f442,2025-07-10,尿液,陽性,愷他命,三級,50-59歲,男,1.0
609,e8847a31cb0bd9b0,2025-07-11,尿液,陽性,安非他命,二級,60歲以上,女,2.0
610,6ed749ca9ada32c5,2025-03-08,尿液,陽性,嗎啡,一級,30-39歲,男,3.0
611,01431ea3edd3d75d,2025-04-12,尿液,陰性,未檢出,無,40-49歲,男,0.0
612,0073269905065e60,2025-01-01,尿液,陽性,甲基安非他命,二級,50-59歲,男,2.0
613,e45667bd4e45f5da,2025-03-06,尿液,陽性,甲基安非他命,二級,50-59歲,男,2.0
614,d010bdb91c3658fb,2025-11-27,尿液,陰性,未檢出,無,30-39歲,男,0.0
615,7a3d45110e221e13,2025-08-29,尿液,陰性,未檢出,無,50-59歲,女,0.0
616,17c9036bb0e2d6bb,2025-07-24,尿液,陰性,未檢出,無,50-59歲,男,0.0
617,8f3656265d9ea88a,2025-04-29,血液,陰性,未檢出,無,50-59歲,女,0.0
618,ea98f4186ac8d20d,2025-02-07,尿液,陰性,未檢出,無,40-49歲,男,0.0
619,2b64876e69f782ef,2025-08-10,尿液,陰性,未檢出,無,60歲以上,男,0.0
620,fbb59a33d441da82,2025-06-18,尿液,陽性,愷他命,三級,40-49歲,女,1.0
621,680d3797b3b7eb90,2025-03-12,尿液,陰性,未檢出,無,30-39歲,男,0.0
622,dd7925a5b7e5018e,2025-12-18,尿液,陰性,未檢出,無,50-59歲,男,0.0
623,b782a5cafa0d0e50,2025-04-05,尿液,陰性,未檢出,無,50-59歲,男,0.0
624,f1ab5e621ba551f3,2025-11-09,尿液,陰性,未檢出,無,40-49歲,男,0.0
625,0c012538ace05d5a,2025-12-24,尿液,陰性,未檢出,無,40-49歲,男,0.0
626,4345548a4cea3aeb,2025-03-14,尿液,陰性,未檢出,無,60歲以上,男,0.0
627,2dc0fb15902b864b,2025-11-16,血液,陰性,未檢出,無,30-39歲,男,0.0
628,acf720be20950d65,2025-08-14,尿液,陽性,嗎啡,一級,30-39歲,男,3.0
629,dd2c04e0e8c52f8b,2025-03-10,尿液,陰性,未檢出,無,30-39歲,女,0.0
630,bd66073c2a6b6ba8,2025-07-05,尿液,陽性,安非他命,二級,40-49歲,男,2.0
631,7a8e2a92be3258d5,2025-06-04,尿液,陰性,未檢出,無,30-39歲,男,0.0
632,2642bdda4fc549ea,2025-07-18,尿液,陰性,未檢出,無,50-59歲,男,0.0
633,9537935bae09c582,2025-05-03,尿液,陰性,未檢出,無,50-59歲,男,0.0
634,868b68da5a60cb76,2025-05-02,尿液,陰性,未檢出,無,40-49歲,男,0.0
635,db8a35b3ec77862d,2025-04-10,尿液,陰性,未檢出,無,40-49歲,男,0.0
636,a2abbb2b784a2572,2025-10-14,尿液,陽性,安非他命,二級,20-29歲,男,2.0
637,604d1bba44ef057f,2025-08-15,尿液,陰性,未檢出,無,20-29歲,男,0.0
638,97229026293e39ff,2025-01-05,尿液,陰性,未檢出,無,50-59歲,男,0.0
639,412ca8559d7032a3,2025-08-21,尿液,陰性,未檢出,無,40-49歲,男,0.0
640,521299dd182a6472,2025-09-14,尿液,陰性,未檢出,無,40-49歲,男,0.0
641,6f0e294b6fbef282,2025-05-06,尿液,陰性,未檢出,無,60歲以上,男,0.0
642,ef666e79ed07f540,2025-06-27,尿液,陰性,未檢出,無,40-49歲,男,0.0
643,e6703abef4775be2,2025-01-15,血液,陽性,甲基安非他命,二級,50-59歲,男,2.0
644,456d0a0406449b51,2025-03-13,血液,陽性,甲基安非他命,二級,20-29歲,男,2.0
645,603ecdc8df030547,2025-03-30,尿液,陰性,未檢出,無,20-29歲,男,0.0
646,4e808110ee34b55b,2025-02-19,尿液,陰性,未檢出,無,19歲以下,男,0.0
647,62c4181d82f4c598,2025-06-08,尿液,陰性,未檢出,無,40-49歲,女,0.0
648,c9d923e55be96fc0,2025-01-06,尿液,陰性,未檢出,無,40-49歲,女,0.0
649,38d30f73857a1ac8,2025-05-26,尿液,陰性,未檢出,無,40-49歲,男,0.0
650,773a533e55f784ce,2025-12-13,血液,陰性,未檢出,無,50-59歲,男,0.0
651,07c27c1cb58ba5b4,2025-02-15,尿液,陰性,未檢出,無,40-49歲,男,0.0
652,5303bd2aea5a099b,2025-10-25,尿液,陰性,未檢出,無,40-49歲,男,0.0
653,6040ef714210ab0c,2025-11-25,血液,陰性,未檢出,無,40-49歲,男,0.0
654,318c8b82d174b30d,2025-10-19,尿液,陰性,未檢出,無,60歲以上,男,0.0
655,f543cf4631296c72,2025-11-05,尿液,陰性,未檢出,無,50-59歲,女,0.0
656,ae4a22a1f03c432f,2025-10-15,血液,陰性,未檢出,無,20-29歲,男,0.0
657,aa39a3e2149d45fb,2025-04-11,尿液,陰性,未檢出,無,50-59歲,男,0.0
658,4095f700535ccb2c,2025-08-28,尿液,陰性,未檢出,無,50-59歲,男,0.0
659,fe7635405516bbb3,2025-03-26,血液,陽性,甲基安非他命,二級,30-39歲,男,2.0
660,dfefb9d2ac4693ff,2025-04-01,尿液,陰性,未檢出,無,50-59歲,男,0.0
661,4413ae62b45c2138,2025-12-29,尿液,陽性,愷他命,三級,30-39歲,女,1.0
662,8e80995ce3b93951,2025-01-28,尿液,陽性,愷他命,三級,19歲以下,男,1.0
663,9167975621833b49,2025-12-24,尿液,陽性,嗎啡,一級,40-49歲,男,3.0
664,ae47e495e709867c,2025-08-14,尿液,陽性,甲基安非他命,二級,40-49歲,男,2.0
665,1bc2474f9482917a,2025-09-21,尿液,陰性,未檢出,無,40-49歲,男,0.0
666,44020d6ed63b0a11,2025-03-07,尿液,陰性,未檢出,無,40-49歲,男,0.0
667,0a80ae04605dabad,2025-09-26,血液,陰性,未檢出,無,40-49歲,女,0.0
668,86798d1e518b7f50,2025-09-05,尿液,陰性,未檢出,無,60歲以上,男,0.0
669,40dc30236a90e60e,2025-03-20,尿液,陽性,安非他命,二級,40-49歲,男,2.0
670,1350e59c44765baf,2025-07-27,血液,陰性,未檢出,無,30-39歲,男,0.0
671,130f326746db0f16,2025-04-29,尿液,陽性,甲基安非他命,二級,60歲以上,男,2.0
672,41dcc11a2ebc2189,2025-08-26,尿液,陰性,未檢出,無,50-59歲,男,0.0
673,c285345cfab4cd37,2025-07-25,尿液,陽性,安非他命,二級,40-49歲,男,2.0
674,07494fc735ad5836,2025-07-26,血液,陽性,安非他命,二級,40-49歲,男,2.0
675,b2bc38b2230b6ff8,2025-11-22,尿液,陰性,未檢出,無,30-39歲,男,0.0
676,7d04b6ef65f18865,2025-10-02,尿液,陰性,未檢出,無,40-49歲,男,0.0
677,d57a3735dfa70a19,2025-04-28,尿液,陰性,未檢出,無,40-49歲,男,0.0
678,5bac23c524864c88,2025-06-14,尿液,陰性,未檢出,無,50-59歲,男,0.0
679,7a1b8d0fb65fc507,2025-09-18,尿液,陰性,未檢出,無,19歲以下,男,0.0
680,b459647ebad0e6a2,2025-03-28,尿液,陰性,未檢出,無,50-59歲,女,0.0
681,cb33426b537af03d,2025-10-17,尿液,陰性,未檢出,無,40-49歲,男,0.0
682,0dd4f20694b9e267,2025-06-29,尿液,陽性,甲基安非他命,二級,50-59歲,男,2.0
683,791db3e3c8abb538,2025-11-25,尿液,陰性,未檢出,無,30-39歲,男,0.0
684,60af026158e2a164,2025-09-26,尿液,陰性,未檢出,無,60歲以上,男,0.0
685,333405ebe813e076,2025-04-18,尿液,陰性,未檢出,無,30-39歲,男,0.0
686,54ea9a89e7a90cfe,2025-06-27,尿液,陽性,安非他命,二級,40-49歲,男,2.0
687,6d8545d3d46f9878,2025-07-01,尿液,陰性,未檢出,無,40-49歲,男,0.0
688,a490f71a6c62e98b,2025-09-22,尿液,陰性,未檢出,無,40-49歲,男,0.0
689,8728858d939055b7,2025-03-13,尿液,陰性,未檢出,無,20-29歲,女,0.0
690,4d2ed20f5ee3d041,2025-12-22,尿液,陰性,未檢出,無,30-39歲,男,0.0
691,02982ce1ad9bb274,2025-08-18,尿液,陰性,未檢出,無,50-59歲,男,0.0
692,a5c7a9a49186a68d,2025-02-22,尿液,陰性,未檢出,無,40-49歲,男,0.0
693,e84874e244c062d6,2025-10-03,尿液,陽性,甲基安非他命,二級,20-29歲,男,2.0
694,eb1a0db781d6bf46,2025-04-13,尿液,陰性,未檢出,無,40-49歲,男,0.0
695,ebdd32e6b2746e56,2025-03-08,尿液,陰性,未檢出,無,60歲以上,男,0.0
696,31e0c6eef9ab5523,2025-05-24,尿液,陰性,未檢出,無,50-59歲,男,0.0
697,9319250d85f44817,2025-06-07,尿液,陽性,甲基安非他命,二級,50-59歲,男,2.0
698,a81fc3fa9eb53b57,2025-09-05,尿液,陰性,未檢出,無,50-59歲,男,0.0
699,1cb9afee8829bfff,2025-11-23,尿液,陰性,未檢出,無,20-29歲,女,0.0
700,8b5d2428bdd45068,2025-10-27,尿液,陰性,未檢出,無,40-49歲,男,0.0
701,9d1f9cb6903ea855,2025-01-30,尿液,陰性,未檢出,無,40-49歲,女,0.0
702,52019df95fc6543d,2025-12-31,尿液,陰性,未檢出,無,40-49歲,男,0.0
703,6407ef450433c112,2025-11-04,尿液,陰性,未檢出,無,50-59歲,男,0.0
704,b6eb745854c361e5,2025-11-20,尿液,陰性,未檢出,無,40-49歲,男,0.0
705,5c37cbcf5a0e6f5a,2025-07-19,尿液,陰性,未檢出,無,50-59歲,女,0.0
706,107ba41d0906c896,2025-04-23,尿液,陰性,未檢出,無,30-39歲,男,0.0
707,4e36daa33d0b51dd,2025-06-11,尿液,陰性,未檢出,無,20-29歲,女,0.0
708,0dcd81be49aa9c31,2025-12-18,尿液,陽性,愷他命,三級,50-59歲,男,1.0
709,97b1871d35923e1b,2025-05-13,尿液,陰性,未檢出,無,60歲以上,男,0.0
710,ff6c606e51e1995a,2025-06-16,尿液,陰性,未檢出,無,50-59歲,男,0.0
711,eaa8ccd3b277d0b3,2025-07-13,尿液,陰性,未檢出,無,30-39歲,男,0.0
712,a2588a95ee27dcde,2025-07-12,尿液,陰性,未檢出,無,30-39歲,男,0.0
713,e14e9dcf29e6d8dd,2025-07-12,尿液,陽性,甲基安非他命,二級,60歲以上,男,2.0
714,a79947c00dc848d0,2025-12-30,尿液,陽性,甲基安非他命,二級,40-49歲,男,2.0
715,2712dcead7876001,2025-06-20,尿液,陰性,未檢出,無,30-39歲,男,0.0
716,c0682093bb406ac0,2025-09-25,尿液,陰性,未檢出,無,50-59歲,男,0.0
717,3ad8a03f2fd9ed28,2025-07-30,尿液,陽性,愷他命,三級,30-39歲,女,1.0
718,fabed514c7f42fd0,2025-08-30,尿液,陰性,未檢出,無,30-39歲,男,0.0
719,0d7574c255c749de,2025-08-15,血液,陰性,未檢出,無,60歲以上,男,0.0
720,2acf0af73acb5e2f,2025-03-10,尿液,陰性,未檢出,無,50-59歲,女,0.0
721,e16b46f42f0b1f8a,2025-07-07,尿液,陰性,未檢出,無,50-59歲,男,0.0
722,4fe6811a748313bf,2025-04-15,尿液,陰性,未檢出,無,40-49歲,男,0.0
723,5cdc4bc5a91cc6af,2025-09-27,尿液,陰性,未檢出,無,30-39歲,男,0.0
724,5b13e6f1847a3254,2025-09-07,尿液,陽性,甲基安非他命,二級,60歲以上,男,2.0
725,759149b9d76eef60,2025-12-04,尿液,陰性,未檢出,無,40-49歲,男,0.0
726,4cbf0a6f6ea36d16,2025-05-28,尿液,陽性,甲基安非他命,二級,40-49歲,男,2.0
727,5b58e4ef47765614,2025-05-20,尿液,陽性,愷他命,三級,30-39歲,男,1.0
728,1d0e4439d9b279ea,2025-08-12,尿液,陰性,未檢出,無,30-39歲,男,0.0
729,0b5fb5e181534d0a,2025-06-05,尿液,陰性,未檢出,無,40-49歲,男,0.0
730,3c459e9633747b3d,2025-12-21,尿液,陰性,未檢出,無,40-49歲,男,0.0
731,95c36108338d8bbd,2025-02-20,尿液,陰性,未檢出,無,40-49歲,女,0.0
732,460ab017ddb83ed1,2025-04-12,尿液,陽性,甲基安非他命,二級,60歲以上,女,2.0
733,754a91d994fdeffd,2025-07-10,尿液,陽性,安非他命,二級,50-59歲,男,2.0
734,764e2e8eab6983bc,2025-09-07,尿液,陰性,未檢出,無,60歲以上,男,0.0
735,0c665db2183bfe71,2025-05-26,尿液,陽性,安非他命,二級,40-49歲,男,2.0
736,d2480ee046de8b24,2025-10-04,尿液,陰性,未檢出,無,20-29歲,女,0.0
737,201208a232c29dea,2025-06-02,尿液,陰性,未檢出,無,20-29歲,男,0.0
738,e0d8e22fc7b6efd2,2025-07-30,血液,陰性,未檢出,無,20-29歲,男,0.0
739,3ea63c906863ed3e,2025-10-18,尿液,陰性,未檢出,無,50-59歲,男,0.0
740,c7646e2b6ea1ad60,2025-01-13,尿液,陰性,未檢出,無,40-49歲,男,0.0
741,388a08cf7c38acb3,2025-08-25,尿液,陰性,未檢出,無,40-49歲,男,0.0
742,21617c337f091141,2025-08-04,尿液,陰性,未檢出,無,50-59歲,男,0.0
743,e3367451632df8b6,2025-09-24,尿液,陰性,未檢出,無,20-29歲,男,0.0
744,b44b2197165a6de9,2025-09-05,尿液,陰性,未檢出,無,40-49歲,男,0.0
745,d8b1faaaa397fd5b,2025-12-24,尿液,陰性,未檢出,無,30-39歲,男,0.0
746,34e1e9bf67522d0a,2025-10-09,尿液,陰性,未檢出,無,40-49歲,男,0.0
747,874720ce906eeebd,2025-12-27,尿液,陰性,未檢出,無,30-39歲,男,0.0
748,a98e9ef7efd029d3,2025-05-26,尿液,陰性,未檢出,無,40-49歲,男,0.0
749,f870a5c6cbda7b44,2025-07-01,尿液,陰性,未檢出,無,40-49歲,男,0.0
750,a6e79fd08e9059fc,2025-03-08,尿液,陰性,未檢出,無,50-59歲,男,0.0
751,c0351e34c3d72917,2025-12-03,尿液,陰性,未檢出,無,50-59歲,男,0.0
752,ddb5f74b1c187721,2025-10-21,尿液,陰性,未檢出,無,50-59歲,男,0.0
753,6c13a2be44f9ff8a,2025-07-30,尿液,陰性,未檢出,無,60歲以上,女,0.0
754,56d3fcb5201f1ffe,2025-12-30,尿液,陰性,未檢出,無,40-49歲,男,0.0
755,186cd0d618c602c9,2025-03-04,尿液,陽性,嗎啡,一級,50-59歲,男,3.0
756,e8660061c55f496e,2025-07-03,尿液,陰性,未檢出,無,19歲以下,男,0.0
757,628f629dddb002cd,2025-07-08,尿液,陽性,愷他命,三級,40-49歲,男,1.0
758,011996d63c5ac706,2025-02-25,尿液,陰性,未檢出,無,20-29歲,男,0.0
759,3cc1bf8a6952c7c0,2025-09-16,尿液,陰性,未檢出,無,50-59歲,男,0.0
760,4ae3ca7a0e97f4f8,2025-08-06,尿液,陰性,未檢出,無,40-49歲,男,0.0
761,11dee984c2279289,2025-08-26,尿液,陰性,未檢出,無,50-59歲,男,0.0
762,2922bc83cc6879f7,2025-11-19,尿液,陰性,未檢出,無,20-29歲,男,0.0
763,93282537e1389511,2025-07-25,尿液,陰性,未檢出,無,50-59歲,女,0.0
764,b44230dd1f5b8fbc,2025-10-13,尿液,陰性,未檢出,無,30-39歲,女,0.0
765,3bf39576aadba0aa,2025-07-12,尿液,陰性,未檢出,無,50-59歲,男,0.0
766,5916518b3ea5bca7,2025-03-08,尿液,陰性,未檢出,無,30-39歲,男,0.0
767,e015b6570a5f4f3b,2025-02-07,尿液,陽性,安非他命,二級,40-49歲,男,2.0
768,2c3d4effbb49bf9c,2025-03-14,尿液,陰性,未檢出,無,40-49歲,男,0.0
769,7364a5ada2669476,2025-01-27,尿液,陽性,甲基安非他命,二級,50-59歲,女,2.0
770,29a6905cd6eb0c1e,2025-10-27,尿液,陰性,未檢出,無,40-49歲,男,0.0
771,4d7f26bb9f1b2b59,2025-12-24,尿液,陽性,愷他命,三級,50-59歲,男,1.0
772,3e569e134f0189f1,2025-08-28,尿液,陰性,未檢出,無,40-49歲,男,0.0
773,046468a2b8ef98ac,2025-09-15,尿液,陰性,未檢出,無,50-59歲,男,0.0
774,6cdc123580596b07,2025-12-29,尿液,陰性,未檢出,無,50-59歲,男,0.0
775,08f70f6468051b34,2025-08-22,尿液,陰性,未檢出,無,40-49歲,男,0.0
776,b18776c02cd826b1,2025-12-02,尿液,陰性,未檢出,無,19歲以下,男,0.0
777,a881be9c15c3dabb,2025-06-22,尿液,陰性,未檢出,無,40-49歲,男,0.0
778,4ad27dec5dfea6c8,2025-05-28,尿液,陰性,未檢出,無,40-49歲,男,0.0
779,b9e9c5eaf9e1bea9,2025-06-04,尿液,陰性,未檢出,無,30-39歲,男,0.0
780,4834655e9c00ebdf,2025-02-20,尿液,陰性,未檢出,無,60歲以上,男,0.0
781,102662e5c85c5ab3,2025-04-17,血液,陰性,未檢出,無,40-49歲,男,0.0
782,387273312cd0730e,2025-02-05,尿液,陰性,未檢出,無,50-59歲,男,0.0
783,1165e498d8dfc5e8,2025-11-19,尿液,陰性,未檢出,無,40-49歲,男,0.0
784,069ade543c58453a,2025-01-18,尿液,陰性,未檢出,無,50-59歲,男,0.0
785,a728681352968dcf,2025-04-03,尿液,陽性,安非他命,二級,20-29歲,男,2.0
786,0ec1cd8ebd1d6674,2025-04-27,尿液,陰性,未檢出,無,50-59歲,男,0.0
787,7f75403137c8a011,2025-08-30,尿液,陰性,未檢出,無,40-49歲,男,0.0
788,686d93201a2d55b0,2025-12-04,尿液,陰性,未檢出,無,50-59歲,女,0.0
789,bf35971978643ebd,2025-11-06,尿液,陰性,未檢出,無,20-29歲,男,0.0
790,892de157ed08c247,2025-05-19,尿液,陽性,甲基安非他命,二級,50-59歲,男,2.0
791,bc6a5515756137d8,2025-10-27,尿液,陰性,未檢出,無,30-39歲,女,0.0
792,73b90c893f5dab6e,2025-09-20,尿液,陰性,未檢出,無,30-39歲,男,0.0
793,843b2cc82aa06952,2025-09-03,尿液,陰性,未檢出,無,40-49歲,男,0.0
794,d4c5f01cede264bf,2025-06-09,尿液,陽性,愷他命,三級,20-29歲,男,1.0
795,e7d27ff37a149f5f,2025-04-01,尿液,陰性,未檢出,無,50-59歲,男,0.0
796,84a667039ee8e588,2025-06-29,尿液,陰性,未檢出,無,20-29歲,男,0.0
797,7006084e59e808e3,2025-08-30,尿液,陰性,未檢出,無,40-49歲,男,0.0
798,7936ffedef707878,2025-03-18,尿液,陰性,未檢出,無,50-59歲,男,0.0
799,e10ca0cd361670de,2025-01-16,尿液,陰性,未檢出,無,30-39歲,男,0.0
800,fe185c22bd1020c4,2025-03-13,尿液,陰性,未檢出,無,30-39歲,男,0.0
801,571238c9599b3183,2025-03-14,尿液,陰性,未檢出,無,40-49歲,男,0.0
802,c77d9072875dc904,2025-09-11,尿液,陰性,未檢出,無,30-39歲,男,0.0
803,bb525334749727fa,2025-06-25,尿液,陽性,安非他命,二級,60歲以上,男,2.0
804,62fdcd66c35a7009,2025-02-04,尿液,陽性,甲基安非他命,二級,40-49歲,男,2.0
805,4cc8f2567b26853f,2025-07-17,尿液,陰性,未檢出,無,30-39歲,男,0.0
806,01f4710d4d01c262,2025-01-16,尿液,陰性,未檢出,無,50-59歲,男,0.0
807,35ff279927d33043,2025-06-11,尿液,陰性,未檢出,無,50-59歲,男,0.0
808,34d6fde778d63474,2025-11-12,尿液,陰性,未檢出,無,20-29歲,男,0.0
809,d30d7af4e1dfc78e,2025-02-15,尿液,陰性,未檢出,無,20-29歲,男,0.0
810,8b7fae6109237687,2025-07-09,尿液,陰性,未檢出,無,50-59歲,男,0.0
811,19011900ce8e26a5,2025-02-04,尿液,陽性,嗎啡,一級,20-29歲,男,3.0
812,3d46ac0b3d4bcd2f,2025-08-28,尿液,陽性,甲基安非他命,二級,20-29歲,男,2.0
813,8bab4220e59898f3,2025-02-27,尿液,陰性,未檢出,無,40-49歲,男,0.0
814,465cb200edb12a26,2025-02-05,尿液,陰性,未檢出,無,40-49歲,女,0.0
815,20c103151a51453a,2025-04-28,血液,陰性,未檢出,無,50-59歲,男,0.0
816,e76fb68dfaa28aaa,2025-07-25,尿液,陰性,未檢出,無,30-39歲,男,0.0
817,f4cbb5f6b9008c1b,2025-06-18,尿液,陽性,甲基安非他命,二級,50-59歲,男,2.0
818,5e3c65d71e9b8c67,2025-06-28,尿液,陰性,未檢出,無,40-49歲,男,0.0
819,349fce9747c604fb,2025-06-07,尿液,陰性,未檢出,無,19歲以下,男,0.0
820,8dccdea9e292ccc4,2025-07-23,尿液,陰性,未檢出,無,30-39歲,男,0.0
821,4f280360bcec476b,2025-07-30,尿液,陰性,未檢出,無,60歲以上,男,0.0
822,12773457bbaa0f40,2025-09-16,尿液,陰性,未檢出,無,40-49歲,男,0.0
823,a8d34091941e97ec,2025-12-24,尿液,陽性,愷他命,三級,20-29歲,男,1.0
824,7564227da8cae004,2025-07-01,尿液,陰性,未檢出,無,50-59歲,女,0.0
825,4c2246b3d769d967,2025-01-18,血液,陰性,未檢出,無,20-29歲,男,0.0
826,ec3d545dcfb0e944,2025-12-22,尿液,陰性,未檢出,無,20-29歲,男,0.0
827,51535b92b19f598f,2025-02-19,尿液,陽性,甲基安非他命,二級,50-59歲,男,2.0
828,3cb2c233679ce251,2025-01-20,尿液,陰性,未檢出,無,60歲以上,男,0.0
829,ce5954536b0f260c,2025-10-23,尿液,陽性,愷他命,三級,30-39歲,男,1.0
830,5ec85a794fe0dfb7,2025-09-12,尿液,陰性,未檢出,無,40-49歲,男,0.0
831,195f365dda56013a,2025-07-09,尿液,陰性,未檢出,無,30-39歲,男,0.0
832,754e0a163113a0d6,2025-09-25,尿液,陰性,未檢出,無,50-59歲,男,0.0
833,1a7a709522e62e99,2025-07-05,尿液,陰性,未檢出,無,40-49歲,男,0.0
834,ce8a14033f77fd5a,2025-02-07,尿液,陰性,未檢出,無,50-59歲,男,0.0
835,ccc2f695ab9cdd4c,2025-11-03,尿液,陽性,安非他命,二級,40-49歲,男,2.0
836,23b4f32ebed704bb,2025-07-18,血液,陰性,未檢出,無,20-29歲,男,0.0
837,681e9130e0417bec,2025-01-13,尿液,陰性,未檢出,無,50-59歲,女,0.0
838,8bb34c763b711437,2025-04-24,尿液,陰性,未檢出,無,60歲以上,男,0.0
839,a2e103f6ff08dfb6,2025-07-09,尿液,陽性,愷他命,三級,40-49歲,男,1.0
840,bd5925083b00abac,2025-01-19,尿液,陰性,未檢出,無,40-49歲,男,0.0
841,98e5b4923b927cb2,2025-08-08,尿液,陽性,甲基安非他命,二級,19歲以下,男,2.0
842,e766b618ec765428,2025-04-25,尿液,陰性,未檢出,無,40-49歲,男,0.0
843,99fa097a034967dc,2025-06-15,尿液,陽性,甲基安非他命,二級,40-49歲,男,2.0
844,e58595b254621450,2025-10-22,尿液,陰性,未檢出,無,20-29歲,男,0.0
845,e7046621b34d5f6e,2025-05-21,尿液,陰性,未檢出,無,50-59歲,男,0.0
846,d324fe41858ea503,2025-10-22,尿液,陽性,安非他命,二級,40-49歲,男,2.0
847,d745cb34a8009e61,2025-10-06,尿液,陽性,甲基安非他命,二級,60歲以上,男,2.0
848,df619776c7357d56,2025-03-25,尿液,陰性,未檢出,無,50-59歲,男,0.0
849,19c04258646207e7,2025-06-12,尿液,陰性,未檢出,無,50-59歲,男,0.0
850,1cc16bdabd4f9ba6,2025-03-02,尿液,陰性,未檢出,無,40-49歲,女,0.0
851,722926b20b00f726,2025-03-04,尿液,陽性,安非他命,二級,40-49歲,男,2.0
852,a8edd4b60194f995,2025-11-24,尿液,陰性,未檢出,無,19歲以下,男,0.0
853,591725dfd6f35cd9,2025-11-18,尿液,陰性,未檢出,無,30-39歲,男,0.0
854,92893b085de2fcb4,2025-11-24,血液,陰性,未檢出,無,50-59歲,男,0.0
855,00edf57972e87940,2025-05-17,尿液,陽性,安非他命,二級,60歲以上,男,2.0
856,7f310cd410fe5499,2025-06-28,尿液,陰性,未檢出,無,40-49歲,男,0.0
857,21bc05ca6797e8b6,2025-05-06,尿液,陰性,未檢出,無,40-49歲,男,0.0
858,cab18c1befcc734a,2025-04-18,尿液,陰性,未檢出,無,40-49歲,男,0.0
859,4e3cdbfe5bd23553,2025-08-03,尿液,陰性,未檢出,無,40-49歲,男,0.0
860,3bf79571f5a9cf28,2025-09-10,尿液,陰性,未檢出,無,40-49歲,男,0.0
861,770aeae7cbefa229,2025-03-08,尿液,陰性,未檢出,無,50-59歲,男,0.0
862,1c282812521da0e0,2025-07-18,血液,陰性,未檢出,無,60歲以上,男,0.0
863,efa7601e05ce1341,2025-10-06,尿液,陰性,未檢出,無,40-49歲,女,0.0
864,27f641970992b620,2025-01-17,尿液,陰性,未檢出,無,30-39歲,男,0.0
865,588c9b3c2f458918,2025-06-24,尿液,陽性,愷他命,三級,40-49歲,男,1.0
866,3fd5732a5964c788,2025-02-13,尿液,陰性,未檢出,無,40-49歲,男,0.0
867,dad65fbab0c6dc6b,2025-06-06,尿液,陰性,未檢出,無,50-59歲,男,0.0
868,da7f8554a123e843,2025-04-18,血液,陰性,未檢出,無,60歲以上,男,0.0
869,7fdd6b86e5bd24bc,2025-09-29,尿液,陰性,未檢出,無,50-59歲,男,0.0
870,6de8540eddde12fa,2025-07-16,血液,陰性,未檢出,無,40-49歲,男,0.0
871,f689295e6fd43db9,2025-01-15,尿液,陰性,未檢出,無,40-49歲,男,0.0
872,05bc633284a12426,2025-02-22,尿液,陰性,未檢出,無,30-39歲,男,0.0
873,2b1547f178676a56,2025-05-18,尿液,陰性,未檢出,無,30-39歲,男,0.0
874,144dafaecda41bea,2025-01-04,尿液,陰性,未檢出,無,50-59歲,男,0.0
875,7c93e7a1e1e515c9,2025-06-04,尿液,陰性,未檢出,無,20-29歲,男,0.0
876,bccd80d75fd2f89a,2025-08-19,血液,陰性,未檢出,無,50-59歲,男,0.0
877,49330a12aa15d980,2025-07-31,尿液,陰性,未檢出,無,40-49歲,男,0.0
878,c15c4832e59f445d,2025-05-15,尿液,陰性,未檢出,無,40-49歲,男,0.0
879,c8342476338ce960,2025-08-05,尿液,陰性,未檢出,無,20-29歲,男,0.0
880,53147732097ed9d1,2025-06-06,尿液,陰性,未檢出,無,50-59歲,女,0.0
881,de95870c6bed8420,2025-09-10,尿液,陽性,甲基安非他命,二級,20-29歲,男,2.0
882,77e6cc16cb8b2807,2025-06-20,尿液,陰性,未檢出,無,40-49歲,女,0.0
883,32e7a62dac6e266a,2025-03-06,尿液,陰性,未檢出,無,60歲以上,女,0.0
884,ab7b74837d9f413b,2025-08-17,尿液,陰性,未檢出,無,20-29歲,女,0.0
885,7e1d3570a4258e32,2025-08-08,尿液,陽性,愷他命,三級,30-39歲,男,1.0
886,3413c0bdae2c3e4f,2025-08-23,尿液,陰性,未檢出,無,50-59歲,女,0.0
887,d0521144eca6d797,2025-04-06,尿液,陽性,安非他命,二級,40-49歲,男,2.0
888,8ab6710312c4f4e8,2025-02-23,尿液,陰性,未檢出,無,50-59歲,男,0.0
889,e549b3d7fe61c2ea,2025-12-19,尿液,陰性,未檢出,無,50-59歲,男,0.0
890,d7619a5e151e1aa1,2025-09-25,尿液,陽性,嗎啡,一級,30-39歲,男,3.0
891,9e0428474c220bf6,2025-12-02,尿液,陰性,未檢出,無,50-59歲,女,0.0
892,1efabc5ccd93e59f,2025-04-16,尿液,陰性,未檢出,無,50-59歲,男,0.0
893,0f14a9c805e0b71e,2025-10-21,尿液,陽性,甲基安非他命,二級,50-59歲,男,2.0
894,8ec2b1ab5d96326e,2025-09-13,尿液,陰性,未檢出,無,50-59歲,女,0.0
895,7025f3ff0810b04a,2025-10-29,血液,陰性,未檢出,無,40-49歲,男,0.0
896,39aed2e884bc287c,2025-02-28,尿液,陰性,未檢出,無,50-59歲,男,0.0
897,4c17445688feaa28,2025-02-18,尿液,陰性,未檢出,無,30-39歲,女,0.0
898,789a6fd3966f5747,2025-02-20,尿液,陽性,安非他命,二級,40-49歲,男,2.0
899,22a5494cfd02697c,2025-03-04,血液,陰性,未檢出,無,50-59歲,女,0.0
900,891ec67aedf23418,2025-11-30,尿液,陰性,未檢出,無,40-49歲,男,0.0
901,f5ace1889454bb97,2025-07-10,尿液,陰性,未檢出,無,30-39歲,男,0.0
902,f44b4bced9565a47,2025-10-19,尿液,陽性,安非他命,二級,50-59歲,男,2.0
903,23a6454714579bf7,2025-04-08,尿液,陰性,未檢出,無,60歲以上,女,0.0
904,17add4e52d78d365,2025-12-12,尿液,陰性,未檢出,無,60歲以上,男,0.0
905,e9db34edba54d519,2025-06-14,尿液,陰性,未檢出,無,30-39歲,男,0.0
906,c54748cb21c950a2,2025-07-27,尿液,陽性,安非他命,二級,50-59歲,男,2.0
907,02cb11ddeebde63e,2025-03-08,尿液,陰性,未檢出,無,40-49歲,女,0.0
908,eb96f8e3b0852a71,2025-12-09,尿液,陰性,未檢出,無,50-59歲,男,0.0
909,f243429058868070,2025-05-17,尿液,陽性,愷他命,三級,50-59歲,女,1.0
910,dac9b64adb32a1ed,2025-08-11,尿液,陰性,未檢出,無,40-49歲,男,0.0
911,9d717f8ca77628fe,2025-09-29,尿液,陰性,未檢出,無,40-49歲,男,0.0
912,34d7ab96c223ade7,2025-07-22,血液,陽性,嗎啡,一級,50-59歲,女,3.0
913,7f8b9cede7b244c9,2025-10-06,血液,陰性,未檢出,無,40-49歲,男,0.0
914,056d34d8fe61d1e0,2025-12-09,尿液,陽性,甲基安非他命,二級,40-49歲,女,2.0
915,2ac1e8a3ebb0ca68,2025-03-19,血液,陰性,未檢出,無,40-49歲,男,0.0
916,0798d7ba982c1522,2025-10-26,尿液,陰性,未檢出,無,50-59歲,男,0.0
917,8c2e47cf9949f64c,2025-11-05,尿液,陰性,未檢出,無,30-39歲,男,0.0
918,c558138665d16685,2025-11-26,尿液,陰性,未檢出,無,50-59歲,男,0.0
919,ab90e594523e6fa3,2025-02-24,尿液,陰性,未檢出,無,19歲以下,男,0.0
920,7163176b9f898d10,2025-09-05,尿液,陰性,未檢出,無,50-59歲,男,0.0
921,ec58e45e99103de7,2025-02-27,尿液,陰性,未檢出,無,50-59歲,男,0.0
922,97cbd8f0553a7c85,2025-03-18,尿液,陰性,未檢出,無,40-49歲,男,0.0
923,ba36f2494f1d403d,2025-10-18,尿液,陰性,未檢出,無,40-49歲,男,0.0
924,471f7d9483abd34f,2025-09-08,尿液,陰性,未檢出,無,60歲以上,女,0.0
925,13b94a3d28d76bdb,2025-06-22,尿液,陽性,安非他命,二級,30-39歲,男,2.0
926,eeb3bdf40b388a86,2025-10-29,尿液,陰性,未檢出,無,50-59歲,男,0.0
927,694e80bcd0a0725f,2025-06-07,尿液,陽性,安非他命,二級,30-39歲,女,2.0
928,a56f1afdb08b4a74,2025-07-10,尿液,陰性,未檢出,無,20-29歲,女,0.0
929,91de73889804b617,2025-05-09,尿液,陰性,未檢出,無,30-39歲,男,0.0
930,6c0dbc084f54b948,2025-01-27,尿液,陰性,未檢出,無,40-49歲,男,0.0
931,99a9fa6ebd8b8eae,2025-09-20,尿液,陰性,未檢出,無,40-49歲,男,0.0
932,4bd1c5b93741c6f7,2025-07-31,尿液,陰性,未檢出,無,40-49歲,男,0.0
933,472a8f49e0e4525c,2025-04-09,血液,陰性,未檢出,無,40-49歲,男,0.0
934,6b76e025f084e7f3,2025-08-21,尿液,陰性,未檢出,無,20-29歲,男,0.0
935,c75faa81f5ee024e,2025-09-13,尿液,陰性,未檢出,無,50-59歲,男,0.0
936,7e35994bbc0603ab,2025-09-15,尿液,陰性,未檢出,無,50-59歲,男,0.0
937,8dff05a0b16f9d01,2025-03-20,尿液,陰性,未檢出,無,50-59歲,男,0.0
938,8726a6ff0a1c9873,2025-04-19,尿液,陰性,未檢出,無,19歲以下,男,0.0
939,fbd193c107d8d667,2025-01-18,尿液,陰性,未檢出,無,40-49歲,男,0.0
940,2ec0dd44da19da69,2025-07-01,尿液,陰性,未檢出,無,19歲以下,女,0.0
941,a3a41790ab1f626e,2025-03-06,尿液,陽性,甲基安非他命,二級,60歲以上,男,2.0
942,872c6a12a18e5826,2025-11-04,尿液,陰性,未檢出,無,50-59歲,女,0.0
943,65ad9f41433023d3,2025-08-02,尿液,陽性,甲基安非他命,二級,50-59歲,男,2.0
944,c8f594a33443ab01,2025-03-11,血液,陰性,未檢出,無,50-59歲,男,0.0
945,506cb6828c335825,2025-10-25,尿液,陽性,安非他命,二級,30-39歲,男,2.0
946,03f72dc51e4bacc4,2025-04-09,尿液,陰性,未檢出,無,30-39歲,男,0.0
947,8b5b20a3a8593982,2025-04-03,尿液,陽性,安非他命,二級,40-49歲,男,2.0
948,9d3d465f46f560dc,2025-02-10,尿液,陽性,愷他命,三級,20-29歲,男,1.0
949,fe69a7641ef7f841,2025-07-03,尿液,陰性,未檢出,無,40-49歲,男,0.0
950,27dd20c43154bbb0,2025-01-23,尿液,陰性,未檢出,無,40-49歲,男,0.0
951,5c27535843fb986f,2025-04-22,尿液,陽性,安非他命,二級,20-29歲,男,2.0
952,31c3e8ed0ed9555e,2025-10-04,血液,陽性,安非他命,二級,40-49歲,男,2.0
953,3b12aa19a8adedab,2025-04-24,血液,陰性,未檢出,無,50-59歲,男,0.0
954,efcc6f755e772738,2025-06-24,尿液,陽性,安非他命,二級,30-39歲,男,2.0
955,be7fe981efb2e994,2025-06-06,尿液,陰性,未檢出,無,40-49歲,女,0.0
956,e02a5f0af093bdf7,2025-01-24,尿液,陰性,未檢出,無,60歲以上,男,0.0
957,712dd646ca03180a,2025-08-31,尿液,陰性,未檢出,無,50-59歲,男,0.0
958,e8ad7030b62e7ece,2025-05-01,尿液,陰性,未檢出,無,19歲以下,男,0.0
959,ba23dd855c5cb412,2025-04-27,尿液,陽性,安非他命,二級,60歲以上,男,2.0
960,c4166f0124d4ee16,2025-11-14,尿液,陰性,未檢出,無,50-59歲,男,0.0
961,53756a7a87609988,2025-04-21,尿液,陰性,未檢出,無,19歲以下,男,0.0
962,56f5b85194a06e01,2025-05-09,尿液,陰性,未檢出,無,40-49歲,男,0.0
963,81d418d423187881,2025-12-12,尿液,陰性,未檢出,無,20-29歲,男,0.0
964,000b218629f1e896,2025-08-02,尿液,陰性,未檢出,無,50-59歲,男,0.0
965,5ee3e0e6bfb60039,2025-05-05,尿液,陰性,未檢出,無,50-59歲,男,0.0
966,4dc3f2e20cd5954c,2025-05-02,尿液,陽性,愷他命,三級,60歲以上,男,1.0
967,419aa1afef5cc715,2025-05-14,血液,陽性,甲基安非他命,二級,40-49歲,女,2.0
968,944c4ddf7c4c9dfe,2025-04-20,尿液,陰性,未檢出,無,50-59歲,男,0.0
969,ad8e8c5fdffe0b7d,2025-11-10,尿液,陰性,未檢出,無,60歲以上,男,0.0
970,bd2c8c3dd5173fd2,2025-03-17,尿液,陽性,甲基安非他命,二級,50-59歲,女,2.0
971,3fbaa430e8d1c1c1,2025-05-19,尿液,陰性,未檢出,無,30-39歲,男,0.0
972,80d6efaa973e0e19,2025-03-27,尿液,陰性,未檢出,無,50-59歲,男,0.0
973,81510daaea9109c2,2025-10-13,尿液,陰性,未檢出,無,30-39歲,男,0.0
974,a9c12147801e6194,2025-10-10,尿液,陰性,未檢出,無,40-49歲,男,0.0
975,8335c55b1baf010b,2025-06-27,尿液,陰性,未檢出,無,50-59歲,男,0.0
976,c3b1db5d9a86d2ed,2025-04-18,尿液,陰性,未檢出,無,30-39歲,男,0.0
977,91c2df1a92e06ef1,2025-08-26,尿液,陰性,未檢出,無,50-59歲,男,0.0
978,73c86e63bf890650,2025-10-12,血液,陰性,未檢出,無,50-59歲,男,0.0
979,7d24ba772ae481cb,2025-01-02,血液,陰性,未檢出,無,19歲以下,女,0.0
980,1bc2b23415a514ae,2025-01-07,尿液,陽性,愷他命,三級,30-39歲,男,1.0
981,bcfb9d0cc01f4955,2025-07-05,尿液,陰性,未檢出,無,40-49歲,男,0.0
982,a1ecb55d26f42e6e,2025-04-28,血液,陰性,未檢出,無,30-39歲,男,0.0
983,ce897cd2b83e0fa6,2025-10-02,尿液,陰性,未檢出,無,50-59歲,男,0.0
984,d71efde5d0b8b110,2025-12-29,尿液,陰性,未檢出,無,30-39歲,男,0.0
985,d5a408c56a73a2b8,2025-10-10,尿液,陰性,未檢出,無,30-39歲,女,0.0
986,10ff4795300764f4,2025-08-09,尿液,陰性,未檢出,無,20-29歲,女,0.0
987,e2f9aa36b40188f1,2025-04-19,尿液,陰性,未檢出,無,30-39歲,男,0.0
988,666acb11a8c01cd8,2025-10-17,尿液,陰性,未檢出,無,40-49歲,男,0.0
989,2d28c920d11f5f7d,2025-09-14,尿液,陰性,未檢出,無,50-59歲,男,0.0
990,ef61f19e83bde9cc,2025-10-31,尿液,陰性,未檢出,無,50-59歲,男,0.0
991,53e6dc9160fdcfb6,2025-06-06,血液,陰性,未檢出,無,30-39歲,男,0.0
992,707154dca74437b4,2025-02-26,尿液,陽性,安非他命,二級,50-59歲,男,2.0
993,0adbf2cc6b75cc60,2025-03-15,尿液,陽性,安非他命,二級,30-39歲,男,2.0
994,5f2383f1175039ab,2025-05-17,尿液,陰性,未檢出,無,60歲以上,男,0.0
995,f21c8adf5994dd49,2025-01-20,尿液,陰性,未檢出,無,50-59歲,女,0.0
996,2e7200bf5784f8e9,2025-03-13,尿液,陰性,未檢出,無,40-49歲,男,0.0
997,59ea4180a689a3da,2025-10-31,尿液,陰性,未檢出,無,40-49歲,男,0.0
998,74222bf1a09e1fda,2025-05-25,尿液,陰性,未檢出,無,40-49歲,男,0.0
999,915c92bb587e91f1,2025-01-02,尿液,陰性,未檢出,無,30-39歲,男,0.0
1000,26c0f843f6c665b2,2025-09-30,尿液,陰性,未檢出,無,50-59歲,男,0.0
1001,d5ce514bf6d97449,2025-06-04,尿液,陰性,未檢出,無,50-59歲,男,0.0
1002,07f7b0b70002d0e9,2025-08-05,尿液,陽性,安非他命,二級,40-49歲,男,2.0
1003,2ff0f1117df91c75,2025-09-29,尿液,陰性,未檢出,無,40-49歲,女,0.0
1004,0b951437af719198,2025-10-02,血液,陰性,未檢出,無,19歲以下,男,0.0
1005,77ef255764382adb,2025-04-17,尿液,陰性,未檢出,無,40-49歲,男,0.0
1006,644cf608634cbfbb,2025-09-18,尿液,陰性,未檢出,無,50-59歲,男,0.0
1007,a66a8b616d5d868a,2025-06-29,尿液,陰性,未檢出,無,60歲以上,男,0.0
1008,e00a579fd344ed39,2025-11-27,尿液,陰性,未檢出,無,40-49歲,男,0.0
1009,781e78cb6d006e10,2025-11-13,尿液,陰性,未檢出,無,40-49歲,男,0.0
1010,c196c8822b266e31,2025-02-08,尿液,陰性,未檢出,無,50-59歲,男,0.0
1011,5ae06538791dd918,2025-11-13,尿液,陽性,安非他命,二級,60歲以上,男,2.0
1012,28b578cf51b1c8e6,2025-06-07,尿液,陰性,未檢出,無,50-59歲,男,0.0
1013,993b342531233385,2025-01-31,尿液,陰性,未檢出,無,50-59歲,男,0.0
1014,bbd1f453f6adaa76,2025-01-20,尿液,陰性,未檢出,無,20-29歲,男,0.0
1015,4ace1e48ed751cad,2025-09-27,尿液,陽性,甲基安非他命,二級,30-39歲,男,2.0
1016,991d66362c78de7a,2025-12-23,尿液,陰性,未檢出,無,30-39歲,男,0.0
1017,c3bd5c5361e74ebb,2025-10-10,血液,陰性,未檢出,無,60歲以上,女,0.0
1018,1154b4ad92b834e3,2025-02-18,尿液,陰性,未檢出,無,40-49歲,女,0.0
1019,cc407da4f869152f,2025-08-31,尿液,陰性,未檢出,無,50-59歲,男,0.0
1020,118c62202040daf9,2025-08-19,尿液,陽性,安非他命,二級,50-59歲,男,2.0
1021,f340f7409bb60318,2025-11-25,尿液,陰性,未檢出,無,30-39歲,男,0.0
1022,91a53882fc798a8c,2025-05-28,尿液,陽性,愷他命,三級,30-39歲,男,1.0
1023,c4b85111925e0747,2025-10-13,尿液,陽性,嗎啡,一級,30-39歲,男,3.0
1024,de2fcfc7eb04eac7,2025-12-21,尿液,陽性,甲基安非他命,二級,30-39歲,男,2.0
1025,61099832a49f4152,2025-03-11,血液,陰性,未檢出,無,50-59歲,男,0.0
1026,1262adfd41131738,2025-07-08,尿液,陰性,未檢出,無,40-49歲,男,0.0
1027,093852f6e04b1ff3,2025-03-24,血液,陰性,未檢出,無,40-49歲,男,0.0
1028,4a859e91fef6ebef,2025-05-18,尿液,陽性,愷他命,三級,40-49歲,男,1.0
1029,ec9d86841ee47262,2025-11-11,尿液,陰性,未檢出,無,50-59歲,男,0.0
1030,6c1e7931e4ad4fb7,2025-09-17,尿液,陰性,未檢出,無,30-39歲,男,0.0
1031,a27fc0193eba82ed,2025-03-07,尿液,陰性,未檢出,無,30-39歲,男,0.0
1032,d35483447c2fd418,2025-10-14,尿液,陽性,甲基安非他命,二級,60歲以上,男,2.0
1033,c3f8626b23423ba3,2025-01-17,尿液,陰性,未檢出,無,40-49歲,男,0.0
1034,371c46f2baf6f7d0,2025-04-17,尿液,陰性,未檢出,無,20-29歲,男,0.0
1035,62f74c851f2ac3f3,2025-09-19,尿液,陽性,嗎啡,一級,20-29歲,女,3.0
1036,c429c372fcef0752,2025-06-06,尿液,陰性,未檢出,無,60歲以上,男,0.0
1037,d33b441219715971,2025-06-05,血液,陽性,安非他命,二級,40-49歲,男,2.0
1038,bbfb473669c75529,2025-06-22,尿液,陽性,安非他命,二級,40-49歲,男,2.0
1039,5cc433faedbc2a99,2025-01-18,尿液,陰性,未檢出,無,60歲以上,女,0.0
1040,05c827495bda3589,2025-06-02,尿液,陽性,安非他命,二級,40-49歲,男,2.0
1041,a3dff444e1ba7fda,2025-08-27,尿液,陰性,未檢出,無,40-49歲,男,0.0
1042,0211217c90e4a5c3,2025-03-14,尿液,陽性,安非他命,二級,60歲以上,男,2.0
1043,d6755c7db62d37f3,2025-11-04,尿液,陰性,未檢出,無,20-29歲,男,0.0
1044,2cd46af927752da4,2025-07-28,尿液,陰性,未檢出,無,40-49歲,男,0.0
1045,c61671827cac8bf2,2025-11-08,尿液,陰性,未檢出,無,30-39歲,男,0.0
1046,2a84c2d2c6bf2c25,2025-05-02,尿液,陰性,未檢出,無,30-39歲,男,0.0
1047,a12717261d5fd52b,2025-07-24,尿液,陽性,嗎啡,一級,50-59歲,男,3.0
1048,881b611801e967db,2025-02-20,血液,陽性,甲基安非他命,二級,19歲以下,男,2.0
1049,872874fbd7d18c6e,2025-04-18,尿液,陰性,未檢出,無,40-49歲,男,0.0
1050,9d5b62dcc1f6e1dc,2025-02-10,尿液,陰性,未檢出,無,30-39歲,男,0.0
1051,99cd082773fd3186,2025-12-13,尿液,陰性,未檢出,無,50-59歲,男,0.0
1052,1428a2df7639f021,2025-07-10,尿液,陰性,未檢出,無,60歲以上,男,0.0
1053,4a1793dabab833eb,2025-06-24,尿液,陰性,未檢出,無,30-39歲,男,0.0
1054,0fb7af8e534ec4c0,2025-12-17,尿液,陰性,未檢出,無,40-49歲,男,0.0
1055,8176aa0680a50c99,2025-04-06,尿液,陰性,未檢出,無,60歲以上,男,0.0
1056,fde04ffd095b6ca6,2025-06-12,尿液,陰性,未檢出,無,40-49歲,男,0.0
1057,00a3f1118d6bfa7b,2025-03-06,尿液,陰性,未檢出,無,40-49歲,男,0.0
1058,8aca95a87ad2aa7d,2025-11-30,尿液,陽性,愷他命,三級,30-39歲,男,1.0
1059,1453afbecab48381,2025-03-05,尿液,陽性,安非他命,二級,50-59歲,男,2.0
1060,718e5bb4a6515cd9,2025-05-12,尿液,陰性,未檢出,無,40-49歲,男,0.0
1061,b9a71bba36ef9c31,2025-02-19,尿液,陰性,未檢出,無,40-49歲,男,0.0
1062,e28fa3537b8156df,2025-06-03,尿液,陰性,未檢出,無,50-59歲,男,0.0
1063,fe71348da9d9a103,2025-11-25,尿液,陰性,未檢出,無,30-39歲,男,0.0
1064,9f82500dd68ac809,2025-02-10,尿液,陰性,未檢出,無,40-49歲,男,0.0
1065,a19a8ae48dc2a9be,2025-06-04,尿液,陰性,未檢出,無,50-59歲,男,0.0
1066,e92742c6e69538da,2025-04-25,尿液,陽性,甲基安非他命,二級,50-59歲,女,2.0
1067,6001abebef633cd4,2025-10-26,尿液,陰性,未檢出,無,60歲以上,男,0.0
1068,722384f7e007d4ca,2025-03-23,尿液,陰性,未檢出,無,40-49歲,男,0.0
1069,db98c1358b9f09b8,2025-10-26,尿液,陰性,未檢出,無,40-49歲,女,0.0
1070,e20c6bc664baece2,2025-11-02,尿液,陰性,未檢出,無,50-59歲,男,0.0
1071,8515305f9e2eeeb7,2025-12-03,尿液,陰性,未檢出,無,50-59歲,男,0.0
1072,c0f1bf9a7e85b6a7,2025-09-10,尿液,陽性,安非他命,二級,50-59歲,男,2.0
1073,fcdccde4d10fa2f3,2025-08-24,尿液,陰性,未檢出,無,40-49歲,男,0.0
1074,85af3bdc3f1f34c1,2025-05-28,尿液,陰性,未檢出,無,50-59歲,男,0.0
1075,3e4d06eea27b7c41,2025-10-04,尿液,陽性,嗎啡,一級,30-39歲,男,3.0
1076,c6da2aa0c9d2fc9a,2025-03-15,尿液,陰性,未檢出,無,40-49歲,男,0.0
1077,329b1b8af8be8efe,2025-04-28,尿液,陰性,未檢出,無,40-49歲,男,0.0
1078,676c960e7be36789,2025-09-28,尿液,陰性,未檢出,無,60歲以上,男,0.0
1079,8ee64d9949a467cf,2025-07-05,尿液,陽性,安非他命,二級,50-59歲,男,2.0
1080,8dbce79dcb7fbd7f,2025-04-04,尿液,陰性,未檢出,無,40-49歲,女,0.0
1081,6363f7dee9e2f00f,2025-10-12,尿液,陰性,未檢出,無,30-39歲,女,0.0
1082,177e34c1a82259d4,2025-08-03,血液,陰性,未檢出,無,60歲以上,男,0.0
1083,280827bebfc9d23e,2025-04-12,尿液,陰性,未檢出,無,30-39歲,男,0.0
1084,65b48af188915f9a,2025-06-19,尿液,陰性,未檢出,無,40-49歲,女,0.0
1085,2efb1b6136298ec9,2025-01-18,尿液,陽性,甲基安非他命,二級,30-39歲,男,2.0
1086,a801d1185945b422,2025-05-07,血液,陽性,安非他命,二級,30-39歲,女,2.0
1087,3573c4cc67314246,2025-05-27,血液,陰性,未檢出,無,30-39歲,男,0.0
1088,470df3deb86316b9,2025-06-23,尿液,陰性,未檢出,無,60歲以上,女,0.0
1089,993ca77257fe3092,2025-11-05,尿液,陰性,未檢出,無,20-29歲,男,0.0
1090,8cef3fff90c0501d,2025-02-13,尿液,陽性,安非他命,二級,30-39歲,男,2.0
1091,b59571dbb6905c4d,2025-12-10,尿液,陰性,未檢出,無,30-39歲,男,0.0
1092,b1e20fd48a3c2c91,2025-03-15,尿液,陰性,未檢出,無,40-49歲,男,0.0
1093,9f7ed51e63f8ee4d,2025-01-06,尿液,陰性,未檢出,無,50-59歲,男,0.0
1094,eda449d071c0819f,2025-10-19,尿液,陰性,未檢出,無,60歲以上,男,0.0
1095,e8060f62588ec4cf,2025-05-12,尿液,陰性,未檢出,無,30-39歲,男,0.0
1096,1e1b21c2b10f7da3,2025-12-23,尿液,陰性,未檢出,無,40-49歲,男,0.0
1097,5df5719a6aa67019,2025-01-04,尿液,陰性,未檢出,無,50-59歲,男,0.0
1098,8e94c70c113641ad,2025-02-04,尿液,陰性,未檢出,無,60歲以上,女,0.0
1099,62274197dd296292,2025-06-03,尿液,陰性,未檢出,無,30-39歲,男,0.0
1100,36e84379894562d3,2025-03-25,尿液,陰性,未檢出,無,60歲以上,男,0.0
1101,02810bf31ede4e8b,2025-01-01,尿液,陽性,嗎啡,一級,50-59歲,男,3.0
1102,4acc4ffb8279b5ea,2025-04-29,尿液,陽性,嗎啡,一級,40-49歲,男,3.0
1103,0dad87fa145e8e6d,2025-07-17,尿液,陰性,未檢出,無,40-49歲,男,0.0
1104,c15f462c563b5e41,2025-01-06,尿液,陰性,未檢出,無,20-29歲,男,0.0
1105,5913e19e43d4c626,2025-04-11,尿液,陰性,未檢出,無,50-59歲,男,0.0
1106,54145f53f38883ff,2025-10-14,尿液,陰性,未檢出,無,60歲以上,女,0.0
1107,b9079b68e46851c6,2025-05-01,血液,陰性,未檢出,無,30-39歲,男,0.0
1108,bcafe9a9d0fffa52,2025-12-31,尿液,陰性,未檢出,無,20-29歲,男,0.0
1109,8c72f4572412952e,2025-02-19,血液,陰性,未檢出,無,40-49歲,男,0.0
1110,b3434558ad28411c,2025-06-10,尿液,陰性,未檢出,無,30-39歲,女,0.0
1111,5c5e90e0e2605e35,2025-09-14,尿液,陰性,未檢出,無,50-59歲,男,0.0
1112,9480f7871be53de3,2025-03-09,尿液,陰性,未檢出,無,40-49歲,男,0.0
1113,3e376ccc6e8fc9d6,2025-06-19,尿液,陰性,未檢出,無,50-59歲,男,0.0
1114,7afc3f886fbf34f2,2025-04-13,尿液,陰性,未檢出,無,40-49歲,男,0.0
1115,a9d0ac56da716e7c,2025-01-06,尿液,陰性,未檢出,無,50-59歲,男,0.0
1116,b883520e90c7089c,2025-06-27,尿液,陰性,未檢出,無,40-49歲,男,0.0
1117,10e81aea08614826,2025-08-22,尿液,陰性,未檢出,無,20-29歲,女,0.0
1118,71724a1f1447cb83,2025-10-08,尿液,陽性,甲基安非他命,二級,30-39歲,男,2.0
1119,84813d1a845a4853,2025-11-01,血液,陰性,未檢出,無,40-49歲,男,0.0
1120,f95a3f58b65f95d9,2025-03-01,尿液,陰性,未檢出,無,60歲以上,男,0.0
1121,5f1255ea053c98c4,2025-01-06,尿液,陰性,未檢出,無,40-49歲,男,0.0
1122,6d063a3709629847,2025-06-04,尿液,陰性,未檢出,無,40-49歲,男,0.0
1123,091bf88e2ce470b4,2025-06-06,尿液,陽性,安非他命,二級,40-49歲,男,2.0
1124,97a858d17c535be5,2025-06-03,血液,陽性,安非他命,二級,19歲以下,女,2.0
1125,fcd7f991c564d405,2025-06-03,尿液,陰性,未檢出,無,50-59歲,女,0.0
1126,08b79b295bce848d,2025-09-13,尿液,陰性,未檢出,無,50-59歲,男,0.0
1127,e0d9a76641dbad44,2025-05-23,尿液,陰性,未檢出,無,40-49歲,女,0.0
1128,f64ae2b1f03afb49,2025-09-27,尿液,陽性,甲基安非他命,二級,30-39歲,男,2.0
1129,2983458d38d28d52,2025-02-01,尿液,陰性,未檢出,無,30-39歲,男,0.0
1130,42dfde9a2bb8704b,2025-12-15,尿液,陰性,未檢出,無,50-59歲,男,0.0
1131,a9543d68c9470e37,2025-12-08,尿液,陰性,未檢出,無,50-59歲,男,0.0
1132,0fd775f74d2b5689,2025-10-25,尿液,陰性,未檢出,無,50-59歲,男,0.0
1133,f667a652d2cfa438,2025-12-21,尿液,陰性,未檢出,無,40-49歲,男,0.0
1134,bd01434d0a25f031,2025-03-18,尿液,陰性,未檢出,無,50-59歲,男,0.0
1135,5cc36e5f89871519,2025-09-11,尿液,陽性,安非他命,二級,30-39歲,男,2.0
1136,ac55f9351519aeee,2025-05-27,尿液,陰性,未檢出,無,40-49歲,男,0.0
1137,dc6d3560b6527a14,2025-07-22,尿液,陰性,未檢出,無,50-59歲,女,0.0
1138,30989b88fd99e2c8,2025-07-29,血液,陰性,未檢出,無,50-59歲,男,0.0
1139,612ad83b011ce1a5,2025-01-04,尿液,陽性,甲基安非他命,二級,30-39歲,女,2.0
1140,1d009e58fac7ce63,2025-02-16,尿液,陰性,未檢出,無,40-49歲,女,0.0
1141,8a801fde1e08c6f0,2025-03-02,尿液,陽性,甲基安非他命,二級,40-49歲,男,2.0
1142,bc958665caf6b3e4,2025-04-29,尿液,陰性,未檢出,無,50-59歲,男,0.0
1143,c5714c293f3fbd66,2025-10-13,尿液,陰性,未檢出,無,40-49歲,男,0.0
1144,14f5c43cbfe9a8ae,2025-03-26,尿液,陰性,未檢出,無,40-49歲,女,0.0
1145,113b585c1e1e66c4,2025-02-07,尿液,陽性,安非他命,二級,40-49歲,男,2.0
1146,fc413ac51717945a,2025-06-08,尿液,陰性,未檢出,無,20-29歲,男,0.0
1147,cbc7e7eab387a493,2025-08-02,尿液,陰性,未檢出,無,50-59歲,男,0.0
1148,4342c5aac0e34b8a,2025-02-20,尿液,陰性,未檢出,無,50-59歲,男,0.0
1149,a04105f0e3a71037,2025-12-11,尿液,陽性,安非他命,二級,30-39歲,男,2.0
1150,912d3b3f4208696a,2025-08-24,尿液,陰性,未檢出,無,40-49歲,女,0.0
1151,d7b66ef34e728ef7,2025-07-25,尿液,陽性,嗎啡,一級,19歲以下,男,3.0
1152,a75bfbd09b293f13,2025-07-24,尿液,陰性,未檢出,無,20-29歲,男,0.0
1153,e24e83cfb167a6e7,2025-08-13,尿液,陰性,未檢出,無,40-49歲,男,0.0
1154,86d99a5cf3df8b26,2025-05-30,血液,陰性,未檢出,無,50-59歲,男,0.0
1155,281a77449bd93f6e,2025-05-22,尿液,陰性,未檢出,無,40-49歲,男,0.0
1156,aa7fa60f3f11288a,2025-12-25,尿液,陽性,安非他命,二級,40-49歲,男,2.0
1157,c917852231e2c386,2025-07-08,尿液,陰性,未檢出,無,50-59歲,男,0.0
1158,eeba1f29e2d09c18,2025-07-22,尿液,陽性,甲基安非他命,二級,50-59歲,男,2.0
1159,63f2ccc1fc59f6a6,2025-09-19,尿液,陰性,未檢出,無,50-59歲,女,0.0
1160,241f12fa2e279d23,2025-02-09,尿液,陰性,未檢出,無,50-59歲,男,0.0
1161,ba130434a162b629,2025-06-14,尿液,陰性,未檢出,無,50-59歲,男,0.0
1162,25ad3802dae89cb7,2025-06-29,尿液,陽性,甲基安非他命,二級,60歲以上,男,2.0
1163,1eb3554c828d79ea,2025-07-30,尿液,陽性,甲基安非他命,二級,20-29歲,男,2.0
1164,08adf46fdeaebeed,2025-05-13,尿液,陰性,未檢出,無,20-29歲,男,0.0
1165,b94daf62b47b7309,2025-03-26,尿液,陰性,未檢出,無,40-49歲,男,0.0
1166,7654b7c269f48bac,2025-07-31,尿液,陰性,未檢出,無,50-59歲,男,0.0
1167,83422ec962eb8396,2025-07-24,尿液,陽性,甲基安非他命,二級,60歲以上,男,2.0
1168,5467b925d9e7a8ea,2025-05-14,尿液,陰性,未檢出,無,50-59歲,男,0.0
1169,d515ec54865ccd24,2025-01-05,尿液,陽性,安非他命,二級,30-39歲,男,2.0
1170,10a09f8a66da1ae5,2025-12-27,尿液,陰性,未檢出,無,50-59歲,女,0.0
1171,e45283f7c01cd31c,2025-08-08,尿液,陰性,未檢出,無,40-49歲,男,0.0
1172,3da645ac7451217d,2025-02-16,尿液,陽性,安非他命,二級,50-59歲,男,2.0
1173,e7fccabfd6112424,2025-11-20,尿液,陽性,愷他命,三級,40-49歲,男,1.0
1174,48b7dca813185c6e,2025-02-03,尿液,陰性,未檢出,無,60歲以上,男,0.0
1175,91222917b68f27f3,2025-04-03,尿液,陽性,甲基安非他命,二級,50-59歲,男,2.0
1176,f4dbf54595626a7d,2025-12-31,尿液,陰性,未檢出,無,60歲以上,男,0.0
1177,089ae3319743a975,2025-01-11,尿液,陰性,未檢出,無,30-39歲,男,0.0
1178,c5b50beb485ce6c3,2025-12-10,血液,陽性,甲基安非他命,二級,50-59歲,男,2.0
1179,41c2fd6695523a63,2025-11-28,尿液,陰性,未檢出,無,40-49歲,男,0.0
1180,316d12c3ccb4e007,2025-12-14,血液,陽性,安非他命,二級,40-49歲,男,2.0
1181,3570be5ae6fb86c0,2025-10-22,尿液,陰性,未檢出,無,50-59歲,男,0.0
1182,8804ccbeeb436d68,2025-06-06,尿液,陰性,未檢出,無,50-59歲,男,0.0
1183,8a8c37508d0bc3d4,2025-07-22,尿液,陰性,未檢出,無,50-59歲,男,0.0
1184,29e7fb39439a7170,2025-04-02,尿液,陰性,未檢出,無,40-49歲,女,0.0
1185,15d98feec366a744,2025-02-18,尿液,陰性,未檢出,無,30-39歲,女,0.0
1186,c47eb8e396d9209a,2025-05-03,尿液,陰性,未檢出,無,40-49歲,女,0.0
1187,f0ebb3951b9252bc,2025-07-19,尿液,陽性,安非他命,二級,30-39歲,男,2.0
1188,d6052d9f9fa6a512,2025-08-22,血液,陽性,甲基安非他命,二級,50-59歲,男,2.0
1189,6bd24c612cef1a5e,2025-11-22,尿液,陰性,未檢出,無,50-59歲,男,0.0
1190,ddbfc566750fc0f2,2025-05-08,尿液,陽性,甲基安非他命,二級,30-39歲,男,2.0
1191,ee0cdf90cf30c744,2025-10-04,血液,陰性,未檢出,無,50-59歲,女,0.0
1192,e04514359f519bb6,2025-03-08,尿液,陰性,未檢出,無,40-49歲,男,0.0
1193,a73b2ab0a3bd316c,2025-02-04,尿液,陰性,未檢出,無,40-49歲,男,0.0
1194,3db0577915ae4c37,2025-09-22,血液,陰性,未檢出,無,30-39歲,男,0.0
1195,4caddde7e7b87ef7,2025-05-11,血液,陰性,未檢出,無,20-29歲,男,0.0
1196,a2ca68e337fc5820,2025-04-25,尿液,陰性,未檢出,無,40-49歲,男,0.0
1197,d5f0a862758173e7,2025-11-23,尿液,陰性,未檢出,無,30-39歲,男,0.0
1198,a5ce0ff205e421a2,2025-10-18,尿液,陰性,未檢出,無,30-39歲,女,0.0
1199,c241f3c79b39d2bb,2025-12-12,尿液,陰性,未檢出,無,40-49歲,女,0.0
1200,66cd2948c9abd809,2025-02-13,尿液,陽性,安非他命,二級,40-49歲,男,2.0
1201,6e532b262ab5bc0e,2025-03-28,血液,陰性,未檢出,無,50-59歲,男,0.0
1202,5771e77143e47487,2025-04-04,尿液,陽性,安非他命,二級,40-49歲,男,2.0
1203,7fa4f513e4fb82b5,2025-03-27,尿液,陰性,未檢出,無,19歲以下,男,0.0
1204,350dce015eb15813,2025-06-09,尿液,陰性,未檢出,無,60歲以上,男,0.0
1205,eea6623d1819c18a,2025-02-23,尿液,陽性,嗎啡,一級,40-49歲,男,3.0
1206,db31def6b27b74f5,2025-07-05,尿液,陰性,未檢出,無,40-49歲,女,0.0
1207,66622fd91e444ecd,2025-07-06,尿液,陽性,安非他命,二級,60歲以上,女,2.0
1208,172d88c0bc4071da,2025-04-27,尿液,陰性,未檢出,無,19歲以下,女,0.0
1209,b10c76e355affdac,2025-06-07,尿液,陽性,甲基安非他命,二級,40-49歲,男,2.0
1210,c9070c3bacddbf45,2025-08-23,尿液,陰性,未檢出,無,40-49歲,男,0.0
1211,a029f01621411676,2025-10-06,尿液,陽性,甲基安非他命,二級,50-59歲,男,2.0
1212,5c7fd4afe813e0e0,2025-03-06,尿液,陽性,甲基安非他命,二級,40-49歲,男,2.0
1213,455e62563117b736,2025-05-20,尿液,陽性,愷他命,三級,20-29歲,男,1.0
1214,813e596ad310fecd,2025-03-05,尿液,陰性,未檢出,無,60歲以上,男,0.0
1215,4be03ddd180b5517,2025-10-05,尿液,陰性,未檢出,無,20-29歲,男,0.0
1216,90bc7a0641a23721,2025-10-21,血液,陰性,未檢出,無,40-49歲,男,0.0
1217,8bd0a561b826bbf2,2025-11-13,血液,陽性,甲基安非他命,二級,40-49歲,男,2.0
1218,173a91840decfd4f,2025-05-07,尿液,陽性,安非他命,二級,40-49歲,男,2.0
1219,e7e11d88fee0fa67,2025-06-20,尿液,陰性,未檢出,無,19歲以下,男,0.0
1220,044c09229b7e8076,2025-04-19,血液,陽性,愷他命,三級,40-49歲,男,1.0
1221,b53195731abb7e8d,2025-12-13,尿液,陽性,安非他命,二級,40-49歲,男,2.0
1222,834811e3bee8ee6a,2025-11-27,尿液,陽性,甲基安非他命,二級,30-39歲,女,2.0
1223,16792ec073e43955,2025-11-10,尿液,陽性,安非他命,二級,40-49歲,男,2.0
1224,1a539d640977cf64,2025-08-08,尿液,陰性,未檢出,無,20-29歲,男,0.0
1225,9e2a299255f15af8,2025-09-03,尿液,陽性,愷他命,三級,20-29歲,男,1.0
1226,f2b86dcb4a814f2e,2025-12-23,尿液,陰性,未檢出,無,40-49歲,男,0.0
1227,a4fa38b211cff093,2025-06-14,尿液,陰性,未檢出,無,20-29歲,男,0.0
1228,2e5a27a9455bb22f,2025-05-18,血液,陰性,未檢出,無,60歲以上,男,0.0
1229,b8aaec1cf774832a,2025-10-08,尿液,陰性,未檢出,無,50-59歲,男,0.0
1230,ebbba51deca8cd86,2025-03-16,尿液,陰性,未檢出,無,40-49歲,男,0.0
1231,69b82a67b60d47ff,2025-11-10,尿液,陰性,未檢出,無,30-39歲,男,0.0
1232,dd885192db864021,2025-06-07,尿液,陰性,未檢出,無,50-59歲,女,0.0
1233,2bf64c810a2c42dd,2025-06-25,尿液,陰性,未檢出,無,30-39歲,男,0.0
1234,242234385b93d886,2025-04-09,尿液,陽性,愷他命,三級,50-59歲,男,1.0
1235,44104a5e8056b35d,2025-06-02,尿液,陽性,甲基安非他命,二級,20-29歲,男,2.0
1236,876e53a19d15e6ef,2025-12-03,尿液,陰性,未檢出,無,40-49歲,男,0.0
1237,fab81da1b2fa219f,2025-08-21,血液,陽性,安非他命,二級,60歲以上,男,2.0
1238,6e355d3cd3f20e78,2025-03-22,尿液,陰性,未檢出,無,50-59歲,男,0.0
1239,c06634043f7f9158,2025-10-19,尿液,陰性,未檢出,無,60歲以上,男,0.0
1240,d1222985eea07477,2025-08-20,尿液,陽性,甲基安非他命,二級,50-59歲,男,2.0
1241,56723db9b133a520,2025-07-20,尿液,陽性,安非他命,二級,19歲以下,男,2.0
1242,923b2e97d500104f,2025-04-16,血液,陰性,未檢出,無,50-59歲,男,0.0
1243,cd940b44c44d8de5,2025-07-15,尿液,陽性,甲基安非他命,二級,20-29歲,男,2.0
1244,a6f77a616715ad9c,2025-12-07,尿液,陰性,未檢出,無,20-29歲,男,0.0
1245,a28572b709853fad,2025-01-25,尿液,陽性,安非他命,二級,40-49歲,男,2.0
1246,63023c65ae8ac026,2025-09-14,尿液,陰性,未檢出,無,50-59歲,男,0.0
1247,c4483e697a52ff77,2025-07-24,尿液,陰性,未檢出,無,40-49歲,女,0.0
1248,8c07dfef6fcd0701,2025-12-12,血液,陰性,未檢出,無,40-49歲,男,0.0
1249,26c3adc357da41ca,2025-04-26,尿液,陰性,未檢出,無,19歲以下,男,0.0
1250,4c042646de2a19ca,2025-08-26,血液,陽性,甲基安非他命,二級,60歲以上,女,2.0
1251,0e1116e70050e042,2025-01-09,尿液,陰性,未檢出,無,40-49歲,女,0.0
1252,30c614ea1ec1241d,2025-07-09,尿液,陽性,安非他命,二級,40-49歲,男,2.0
1253,d6113bddd75927c1,2025-06-30,尿液,陽性,安非他命,二級,50-59歲,男,2.0
1254,b5b0153ad146f0e0,2025-02-11,尿液,陰性,未檢出,無,40-49歲,女,0.0
1255,4674dcd388c2f641,2025-08-23,血液,陽性,愷他命,三級,60歲以上,男,1.0
1256,46219ef3005deb98,2025-08-05,尿液,陰性,未檢出,無,50-59歲,男,0.0
1257,833d82cb27030188,2025-03-13,血液,陰性,未檢出,無,40-49歲,男,0.0
1258,8255d49d9121ff6e,2025-06-14,尿液,陽性,甲基安非他命,二級,40-49歲,男,2.0
1259,35392bb4f02c99d3,2025-04-27,血液,陰性,未檢出,無,60歲以上,男,0.0
1260,7b47445aacf77d92,2025-09-20,尿液,陰性,未檢出,無,40-49歲,男,0.0
1261,a56f6a0fa09e81c0,2025-02-09,血液,陰性,未檢出,無,50-59歲,男,0.0
1262,e42b02dd9db17047,2025-03-29,血液,陽性,安非他命,二級,50-59歲,男,2.0
1263,96bf86e23b12e0c4,2025-08-01,尿液,陽性,嗎啡,一級,40-49歲,男,3.0
1264,4d9347b785e6da05,2025-02-21,血液,陰性,未檢出,無,30-39歲,男,0.0
1265,7cfd0c611d87f788,2025-04-24,尿液,陰性,未檢出,無,30-39歲,女,0.0
1266,c4485e1592f42353,2025-08-15,尿液,陰性,未檢出,無,20-29歲,女,0.0
1267,1ae6e1b1012ebc51,2025-06-17,尿液,陽性,嗎啡,一級,20-29歲,女,3.0
1268,f036fd48fcf5365b,2025-08-04,尿液,陽性,嗎啡,一級,50-59歲,女,3.0
1269,41ce44943e1ea316,2025-10-18,尿液,陰性,未檢出,無,40-49歲,男,0.0
1270,de40fb8b0654ebc2,2025-01-12,尿液,陰性,未檢出,無,60歲以上,男,0.0
1271,1b8312a3988b63a5,2025-07-30,尿液,陽性,愷他命,三級,40-49歲,女,1.0
1272,d70bc28fcda52939,2025-01-13,尿液,陰性,未檢出,無,40-49歲,男,0.0
1273,66caaf1c67a473c0,2025-07-08,尿液,陰性,未檢出,無,20-29歲,男,0.0
1274,7fe2777932040326,2025-10-14,尿液,陰性,未檢出,無,20-29歲,男,0.0
1275,614053bea84f23e3,2025-09-05,尿液,陰性,未檢出,無,40-49歲,男,0.0
1276,0a0f07a234aa04f6,2025-11-20,尿液,陰性,未檢出,無,30-39歲,男,0.0
1277,ea1d47aad221ba6c,2025-01-22,尿液,陰性,未檢出,無,30-39歲,女,0.0
1278,d5183e70a7240bdb,2025-02-28,尿液,陰性,未檢出,無,30-39歲,男,0.0
1279,8f277e12dd6c72a3,2025-10-26,血液,陰性,未檢出,無,30-39歲,男,0.0
1280,ce52a86f82b2f911,2025-04-15,尿液,陰性,未檢出,無,40-49歲,男,0.0
1281,39f2d2931e44bc00,2025-05-05,尿液,陰性,未檢出,無,20-29歲,男,0.0
1282,d8143a1db04cd379,2025-03-06,血液,陰性,未檢出,無,40-49歲,女,0.0
1283,128d0bdbb7e88a0d,2025-11-29,尿液,陰性,未檢出,無,40-49歲,男,0.0
1284,ecc571840332bbbf,2025-10-17,尿液,陰性,未檢出,無,20-29歲,男,0.0
1285,c09cdb3f6609e0cc,2025-08-05,尿液,陰性,未檢出,無,60歲以上,男,0.0
1286,cb83e6de7e71dda4,2025-03-03,尿液,陰性,未檢出,無,30-39歲,男,0.0
1287,67dd5fef021615d1,2025-02-23,尿液,陽性,安非他命,二級,50-59歲,男,2.0
1288,a3dff7cefff88548,2025-05-10,尿液,陰性,未檢出,無,40-49歲,男,0.0
1289,08050f6b9fcd93b5,2025-07-06,尿液,陰性,未檢出,無,40-49歲,男,0.0
1290,58b966e7f5461f9a,2025-02-24,尿液,陽性,愷他命,三級,40-49歲,男,1.0
1291,e61b64a59575d212,2025-04-09,尿液,陰性,未檢出,無,30-39歲,男,0.0
1292,112d35ef5bfd3f45,2025-02-21,尿液,陽性,愷他命,三級,50-59歲,男,1.0
1293,d02b7c571db11f86,2025-04-25,血液,陰性,未檢出,無,30-39歲,男,0.0
1294,07e60ad01a159865,2025-07-23,尿液,陽性,嗎啡,一級,50-59歲,女,3.0
1295,ef062648b037c392,2025-12-06,尿液,陰性,未檢出,無,40-49歲,女,0.0
1296,fee4ee827a04bdfa,2025-03-14,尿液,陽性,安非他命,二級,40-49歲,男,2.0
1297,3a73b49d0a027bb5,2025-01-14,尿液,陽性,安非他命,二級,30-39歲,男,2.0
1298,21737bbcde673cfa,2025-08-20,尿液,陰性,未檢出,無,40-49歲,男,0.0
1299,ccafbbfec03ddba9,2025-07-05,尿液,陰性,未檢出,無,40-49歲,男,0.0
1300,9323ad1eb3294e06,2025-12-29,尿液,陰性,未檢出,無,60歲以上,男,0.0
1301,008b542e8935dde2,2025-03-26,尿液,陽性,甲基安非他命,二級,60歲以上,男,2.0
1302,fa7597fafd450507,2025-02-27,尿液,陽性,甲基安非他命,二級,30-39歲,男,2.0
1303,7673892c909fc6ba,2025-06-04,尿液,陰性,未檢出,無,40-49歲,女,0.0
1304,edb8ffd02ab2c5c4,2025-03-27,尿液,陽性,安非他命,二級,30-39歲,男,2.0
1305,e507ccb6341dc4f1,2025-08-25,尿液,陰性,未檢出,無,30-39歲,男,0.0
1306,f45ee057c7b62e8f,2025-10-27,尿液,陰性,未檢出,無,50-59歲,男,0.0
1307,b738a9632ff66830,2025-01-01,血液,陰性,未檢出,無,60歲以上,男,0.0
1308,5c6a0918d540e541,2025-01-09,尿液,陰性,未檢出,無,30-39歲,男,0.0
1309,ef96243ce2ed7912,2025-12-23,尿液,陰性,未檢出,無,40-49歲,女,0.0
1310,516a154bd758b40a,2025-01-25,尿液,陰性,未檢出,無,40-49歲,男,0.0
1311,bbbbfeae7cbdb79c,2025-12-17,尿液,陰性,未檢出,無,40-49歲,男,0.0
1312,3971f25b0d39a855,2025-06-11,尿液,陰性,未檢出,無,60歲以上,男,0.0
1313,d0108e9a1b437b03,2025-05-16,尿液,陰性,未檢出,無,40-49歲,男,0.0
1314,c93394d46f2124ce,2025-04-02,尿液,陰性,未檢出,無,50-59歲,男,0.0
1315,b8371841fd850b18,2025-06-13,尿液,陰性,未檢出,無,40-49歲,男,0.0
1316,2cc28236c5081c26,2025-02-05,尿液,陰性,未檢出,無,50-59歲,男,0.0
1317,c83dc95655d8fed8,2025-02-07,尿液,陰性,未檢出,無,50-59歲,男,0.0
1318,4170521587f5f79c,2025-12-31,尿液,陰性,未檢出,無,50-59歲,男,0.0
1319,958add3962b062e1,2025-09-19,尿液,陰性,未檢出,無,50-59歲,男,0.0
1320,03101f84950366f8,2025-07-06,血液,陰性,未檢出,無,40-49歲,男,0.0
1321,e1f6dc10f1d66ecd,2025-09-12,尿液,陰性,未檢出,無,30-39歲,男,0.0
1322,4d5e9e91d65741c6,2025-10-02,尿液,陰性,未檢出,無,50-59歲,男,0.0
1323,88df4c5231ddbfb1,2025-04-25,尿液,陰性,未檢出,無,50-59歲,男,0.0
1324,cd44013f6e9c47b8,2025-08-10,尿液,陰性,未檢出,無,40-49歲,男,0.0
1325,896c7dc12a474d86,2025-09-14,尿液,陽性,愷他命,三級,30-39歲,男,1.0
1326,ff193ccc89ebe907,2025-03-30,尿液,陰性,未檢出,無,30-39歲,男,0.0
1327,3d8e7b8d0809e2b7,2025-09-11,尿液,陰性,未檢出,無,30-39歲,男,0.0
1328,fd1128c63fc516ca,2025-11-04,尿液,陽性,嗎啡,一級,50-59歲,男,3.0
1329,cd85c2fb10c82166,2025-07-03,尿液,陰性,未檢出,無,50-59歲,男,0.0
1330,c3e88af0704c8e04,2025-06-24,血液,陰性,未檢出,無,40-49歲,男,0.0
1331,4351032f4125fbf3,2025-08-27,尿液,陰性,未檢出,無,40-49歲,男,0.0
1332,de470762aee3f376,2025-12-10,尿液,陰性,未檢出,無,20-29歲,男,0.0
1333,187952b9ae3efd0d,2025-12-29,尿液,陰性,未檢出,無,40-49歲,男,0.0
1334,8989ed793ede2bf1,2025-07-04,尿液,陰性,未檢出,無,20-29歲,男,0.0
1335,f7a46c291432c584,2025-12-06,血液,陰性,未檢出,無,50-59歲,男,0.0
1336,1671ce262c3e7dda,2025-07-01,尿液,陽性,安非他命,二級,50-59歲,男,2.0
1337,51a5017e5535e1b5,2025-01-26,尿液,陰性,未檢出,無,50-59歲,男,0.0
1338,f1270d12119806e6,2025-07-18,尿液,陰性,未檢出,無,30-39歲,男,0.0
1339,b6ec3e1f54b66767,2025-01-12,尿液,陰性,未檢出,無,40-49歲,男,0.0
1340,57e6047649c2a86c,2025-01-15,尿液,陰性,未檢出,無,50-59歲,男,0.0
1341,9f069af0f47c734d,2025-11-17,尿液,陰性,未檢出,無,40-49歲,男,0.0
1342,8fdcf225abb12398,2025-07-07,尿液,陰性,未檢出,無,40-49歲,男,0.0
1343,da88c40e232baf70,2025-06-20,尿液,陰性,未檢出,無,40-49歲,男,0.0
1344,5ac20359759bd85d,2025-04-22,尿液,陽性,甲基安非他命,二級,30-39歲,男,2.0
1345,96543db2901d6689,2025-10-16,尿液,陰性,未檢出,無,30-39歲,男,0.0
1346,05df2c15c2df406d,2025-09-02,血液,陰性,未檢出,無,50-59歲,男,0.0
1347,39de73081438c04a,2025-12-27,尿液,陰性,未檢出,無,40-49歲,男,0.0
1348,b741871c7522009b,2025-08-25,尿液,陰性,未檢出,無,30-39歲,男,0.0
1349,facd4f1696dfdb98,2025-09-19,尿液,陰性,未檢出,無,60歲以上,男,0.0
1350,884553e74b5a4485,2025-04-17,尿液,陰性,未檢出,無,40-49歲,男,0.0
1351,c5d5fbf6868122ba,2025-06-04,尿液,陽性,安非他命,二級,40-49歲,男,2.0
1352,da231fb24f35f5b1,2025-11-27,尿液,陰性,未檢出,無,50-59歲,男,0.0
1353,3dceed3a33fe06cf,2025-08-31,尿液,陽性,甲基安非他命,二級,30-39歲,男,2.0
1354,10ce9f0be3e2b158,2025-02-03,尿液,陰性,未檢出,無,50-59歲,男,0.0
1355,bbbd1caf5104680b,2025-10-25,尿液,陰性,未檢出,無,60歲以上,男,0.0
1356,fcf3a120eb4a3cf1,2025-09-21,尿液,陰性,未檢出,無,30-39歲,男,0.0
1357,8cd9c88ce27eaa85,2025-03-19,尿液,陰性,未檢出,無,40-49歲,男,0.0
1358,10b830c2cba3df61,2025-05-04,尿液,陰性,未檢出,無,30-39歲,男,0.0
1359,0c948f176ec209c1,2025-07-05,尿液,陰性,未檢出,無,50-59歲,男,0.0
1360,ae6499aa1856891a,2025-04-21,尿液,陰性,未檢出,無,40-49歲,男,0.0
1361,5eacc11a53dd8f32,2025-05-22,尿液,陰性,未檢出,無,50-59歲,男,0.0
1362,bc9518a4b9031672,2025-07-15,尿液,陰性,未檢出,無,40-49歲,男,0.0
1363,3e3ac857cde93058,2025-05-08,尿液,陰性,未檢出,無,50-59歲,男,0.0
1364,3333aaae01326093,2025-08-31,尿液,陰性,未檢出,無,40-49歲,男,0.0
1365,879e007d51d61f4e,2025-01-28,尿液,陰性,未檢出,無,30-39歲,男,0.0
1366,4cfa9943d8af6e2c,2025-01-18,尿液,陰性,未檢出,無,40-49歲,男,0.0
1367,c303f0fcb833f19a,2025-04-21,尿液,陽性,愷他命,三級,30-39歲,女,1.0
1368,98893fc862a9bab7,2025-06-12,尿液,陰性,未檢出,無,50-59歲,男,0.0
1369,acca38015f62f6d5,2025-04-03,尿液,陰性,未檢出,無,60歲以上,男,0.0
1370,3347abfa732f255b,2025-03-15,尿液,陰性,未檢出,無,50-59歲,男,0.0
1371,24ccfad032214c70,2025-11-19,尿液,陰性,未檢出,無,20-29歲,男,0.0
1372,634cf1d5901bd468,2025-08-21,尿液,陰性,未檢出,無,40-49歲,男,0.0
1373,4bc9d4d6056dd9ce,2025-09-02,尿液,陰性,未檢出,無,30-39歲,男,0.0
1374,95bd139008daafc7,2025-11-25,尿液,陰性,未檢出,無,40-49歲,男,0.0
1375,4ba1ee7c3f6a7ca2,2025-04-26,尿液,陽性,嗎啡,一級,20-29歲,女,3.0
1376,22c1d70507670e85,2025-06-12,尿液,陰性,未檢出,無,40-49歲,男,0.0
1377,d49cfd193b534314,2025-06-02,尿液,陰性,未檢出,無,30-39歲,男,0.0
1378,fd9fff2a3bf1f258,2025-02-23,尿液,陰性,未檢出,無,30-39歲,女,0.0
1379,025155ff5a28ff0d,2025-08-01,尿液,陽性,甲基安非他命,二級,40-49歲,男,2.0
1380,2ba9d7c7e305c6e6,2025-01-02,尿液,陰性,未檢出,無,50-59歲,男,0.0
1381,c1ff936c111730ac,2025-07-15,尿液,陰性,未檢出,無,40-49歲,男,0.0
1382,73f6466c933d8a56,2025-03-31,尿液,陰性,未檢出,無,50-59歲,女,0.0
1383,75bca148af3b6a93,2025-11-10,尿液,陽性,甲基安非他命,二級,30-39歲,男,2.0
1384,c3c07ffbaaeedeb0,2025-09-20,尿液,陰性,未檢出,無,19歲以下,女,0.0
1385,9eb9ddd5fdc85491,2025-08-03,尿液,陽性,安非他命,二級,50-59歲,男,2.0
1386,300f17baaa79a7b6,2025-04-11,尿液,陰性,未檢出,無,60歲以上,女,0.0
1387,e49ce4c038fa93a6,2025-12-17,尿液,陰性,未檢出,無,40-49歲,男,0.0
1388,d691ab6334d4b3ee,2025-07-22,尿液,陰性,未檢出,無,19歲以下,男,0.0
1389,41a0c534d495103d,2025-05-14,尿液,陰性,未檢出,無,60歲以上,男,0.0
1390,8cca0bcaa482551c,2025-04-25,尿液,陰性,未檢出,無,40-49歲,男,0.0
1391,bc675e1036c8b51e,2025-07-25,尿液,陰性,未檢出,無,40-49歲,男,0.0
1392,f1c715bdfe92c6fd,2025-12-08,血液,陽性,甲基安非他命,二級,50-59歲,男,2.0
1393,580551435eb4ddfe,2025-01-15,尿液,陽性,安非他命,二級,50-59歲,男,2.0
1394,cc319b4dbab79565,2025-06-11,尿液,陰性,未檢出,無,30-39歲,男,0.0
1395,54d776e21a5fc865,2025-06-25,血液,陽性,愷他命,三級,30-39歲,男,1.0
1396,0ee98f3d6de350b6,2025-04-09,尿液,陰性,未檢出,無,40-49歲,男,0.0
1397,b558de5c53633210,2025-10-22,尿液,陰性,未檢出,無,30-39歲,男,0.0
1398,af81542c16602da2,2025-12-31,尿液,陰性,未檢出,無,30-39歲,女,0.0
1399,4fde5a5186623f16,2025-06-08,尿液,陰性,未檢出,無,40-49歲,女,0.0
1400,8c601b23d90841bc,2025-11-24,尿液,陰性,未檢出,無,40-49歲,男,0.0
1401,d9a974c34b4f595c,2025-10-28,尿液,陰性,未檢出,無,20-29歲,男,0.0
1402,3e1846f9c41dce64,2025-12-30,尿液,陰性,未檢出,無,40-49歲,男,0.0
1403,17a5aafad54db85c,2025-12-31,尿液,陰性,未檢出,無,40-49歲,女,0.0
1404,3f80db2df2fd7c6d,2025-12-03,尿液,陰性,未檢出,無,40-49歲,男,0.0
1405,9690e99fdc629882,2025-07-02,尿液,陽性,甲基安非他命,二級,60歲以上,女,2.0
1406,2bacfe8a9ba92154,2025-08-16,尿液,陽性,安非他命,二級,30-39歲,男,2.0
1407,32e685a32ae4d74e,2025-02-24,尿液,陰性,未檢出,無,50-59歲,男,0.0
1408,9f2161499b3e61b4,2025-09-06,尿液,陰性,未檢出,無,30-39歲,男,0.0
1409,d74a40b4502b00af,2025-10-12,尿液,陰性,未檢出,無,30-39歲,男,0.0
1410,69d6738282e8e2eb,2025-06-02,尿液,陰性,未檢出,無,40-49歲,男,0.0
1411,8cefb8c9d3874d11,2025-05-16,尿液,陰性,未檢出,無,40-49歲,男,0.0
1412,d5821e36bc7e8534,2025-08-20,尿液,陽性,甲基安非他命,二級,50-59歲,男,2.0
1413,18117b0c8f4b0ae1,2025-02-25,血液,陰性,未檢出,無,60歲以上,男,0.0
1414,cf1c9c1511a1e2fb,2025-11-02,尿液,陰性,未檢出,無,40-49歲,男,0.0
1415,7647110096124587,2025-04-11,尿液,陰性,未檢出,無,40-49歲,男,0.0
1416,474e08e77837188e,2025-07-07,血液,陰性,未檢出,無,30-39歲,男,0.0
1417,8d03d3fdd325c71a,2025-12-17,尿液,陽性,甲基安非他命,二級,30-39歲,男,2.0
1418,5c51db7fef9179ff,2025-03-07,尿液,陰性,未檢出,無,40-49歲,男,0.0
1419,072918b2adcd550e,2025-07-15,尿液,陰性,未檢出,無,50-59歲,男,0.0
1420,c969882bf6929a88,2025-02-08,尿液,陽性,甲基安非他命,二級,60歲以上,男,2.0
1421,e895ffe365015d52,2025-12-31,尿液,陽性,安非他命,二級,50-59歲,男,2.0
1422,880fb61953dbcc47,2025-12-17,尿液,陰性,未檢出,無,30-39歲,男,0.0
1423,24b382f63fe01bb1,2025-07-24,尿液,陰性,未檢出,無,50-59歲,男,0.0
1424,ab7ef5cd13f71d33,2025-11-14,尿液,陰性,未檢出,無,60歲以上,男,0.0
1425,610537edbdbe3420,2025-03-15,尿液,陰性,未檢出,無,19歲以下,男,0.0
1426,9c725ad6235482a3,2025-01-16,尿液,陰性,未檢出,無,40-49歲,男,0.0
1427,a1330ac798a37186,2025-08-27,尿液,陰性,未檢出,無,40-49歲,男,0.0
1428,a418bc647628a476,2025-10-27,血液,陰性,未檢出,無,20-29歲,男,0.0
1429,a2a6ad6499042401,2025-08-11,尿液,陰性,未檢出,無,50-59歲,女,0.0
1430,0cab72a6115cb1cd,2025-06-08,血液,陽性,安非他命,二級,50-59歲,女,2.0
1431,9d575c7976958c97,2025-07-22,尿液,陰性,未檢出,無,50-59歲,男,0.0
1432,4b2a7dc9560d0af7,2025-02-15,尿液,陽性,甲基安非他命,二級,60歲以上,女,2.0
1433,a609e7050230de7f,2025-04-21,尿液,陰性,未檢出,無,30-39歲,男,0.0
1434,f272fe73a824e68b,2025-06-28,尿液,陰性,未檢出,無,40-49歲,女,0.0
1435,98d0f784e9117277,2025-01-18,尿液,陽性,安非他命,二級,40-49歲,男,2.0
1436,5c104aca5dd51808,2025-03-20,尿液,陰性,未檢出,無,30-39歲,男,0.0
1437,e8ea928a4f2dcb92,2025-10-18,尿液,陰性,未檢出,無,50-59歲,男,0.0
1438,bccbd8fdb479529d,2025-02-07,尿液,陽性,安非他命,二級,50-59歲,男,2.0
1439,6294a55f759ce4c2,2025-05-20,尿液,陰性,未檢出,無,40-49歲,男,0.0
1440,17162c00118c4ea5,2025-07-12,尿液,陰性,未檢出,無,40-49歲,男,0.0
1441,7d286091a55393b2,2025-06-26,尿液,陽性,安非他命,二級,50-59歲,男,2.0
1442,945a19bb551e5d9e,2025-09-10,尿液,陰性,未檢出,無,40-49歲,男,0.0
1443,12577a3566b445bc,2025-12-28,尿液,陰性,未檢出,無,40-49歲,男,0.0
1444,23eeed40c1f62800,2025-10-08,尿液,陽性,安非他命,二級,40-49歲,男,2.0
1445,6a11dfa49b2b9abf,2025-04-08,尿液,陰性,未檢出,無,50-59歲,男,0.0
1446,8f5d47eeb0e59b40,2025-08-13,尿液,陰性,未檢出,無,50-59歲,女,0.0
1447,844f3b525a572f9c,2025-11-20,尿液,陰性,未檢出,無,20-29歲,女,0.0
1448,123a1cdfa5ee7ea0,2025-04-26,尿液,陽性,安非他命,二級,19歲以下,男,2.0
1449,ba1eb94d8d21d46f,2025-03-16,尿液,陽性,愷他命,三級,40-49歲,男,1.0
1450,7b5cc70e3545051f,2025-11-16,尿液,陽性,愷他命,三級,40-49歲,男,1.0
1451,217d64b9d6cc1731,2025-02-25,尿液,陰性,未檢出,無,40-49歲,男,0.0
1452,1effb7b04096fdad,2025-10-24,尿液,陰性,未檢出,無,50-59歲,男,0.0
1453,20f2232c0e1dbc16,2025-10-13,尿液,陰性,未檢出,無,40-49歲,男,0.0
1454,24bd79c71d9a1073,2025-12-23,尿液,陽性,嗎啡,一級,40-49歲,男,3.0
1455,0802cd327fdea773,2025-06-29,尿液,陰性,未檢出,無,40-49歲,男,0.0
1456,6ffb958e3b8ab73c,2025-07-03,尿液,陰性,未檢出,無,50-59歲,男,0.0
1457,8cd16d9f0784a0d8,2025-02-24,尿液,陽性,甲基安非他命,二級,20-29歲,男,2.0
1458,51b06a918782b026,2025-07-02,尿液,陰性,未檢出,無,40-49歲,男,0.0
1459,3dbaebe0a195ceef,2025-06-18,尿液,陰性,未檢出,無,40-49歲,男,0.0
1460,330e3b64239213d0,2025-10-21,尿液,陽性,安非他命,二級,60歲以上,男,2.0
1461,d99b9f016d9bebb7,2025-10-01,尿液,陰性,未檢出,無,40-49歲,女,0.0
1462,2e595ffd61f37655,2025-05-21,血液,陽性,甲基安非他命,二級,40-49歲,女,2.0
1463,15b6e32b4fbb1250,2025-05-10,尿液,陰性,未檢出,無,60歲以上,男,0.0
1464,d82ac2f2a60fb4d7,2025-08-23,尿液,陰性,未檢出,無,60歲以上,男,0.0
1465,079eb3b37c5cd115,2025-12-26,尿液,陰性,未檢出,無,60歲以上,男,0.0
1466,1fcad63f1fdfe0d6,2025-01-23,尿液,陽性,安非他命,二級,20-29歲,男,2.0
1467,739c4623f3c1c3eb,2025-08-02,尿液,陰性,未檢出,無,40-49歲,男,0.0
1468,c370836edaf414b1,2025-10-10,尿液,陰性,未檢出,無,50-59歲,男,0.0
1469,601bf053194c069b,2025-05-13,尿液,陰性,未檢出,無,50-59歲,男,0.0
1470,f0626e097f1c3168,2025-03-15,尿液,陽性,愷他命,三級,50-59歲,男,1.0
1471,add003f357c8dd6f,2025-05-05,尿液,陰性,未檢出,無,50-59歲,男,0.0
1472,2ef464ec606f6aed,2025-10-10,尿液,陰性,未檢出,無,50-59歲,男,0.0
1473,d33702fb7617618f,2025-05-05,尿液,陰性,未檢出,無,30-39歲,男,0.0
1474,93019c208b9bc0e3,2025-05-04,尿液,陰性,未檢出,無,30-39歲,男,0.0
1475,87b0a1537fcd552b,2025-03-05,尿液,陰性,未檢出,無,40-49歲,男,0.0
1476,7e2bef95eb7071a6,2025-06-13,尿液,陰性,未檢出,無,60歲以上,男,0.0
1477,1159a0d3c9c5b77c,2025-05-23,尿液,陰性,未檢出,無,50-59歲,男,0.0
1478,9abe4bcc66d60bda,2025-11-06,血液,陰性,未檢出,無,30-39歲,男,0.0
1479,39246a5a99f661c5,2025-01-23,尿液,陽性,甲基安非他命,二級,30-39歲,男,2.0
1480,20f82c74a26a82fc,2025-11-16,尿液,陰性,未檢出,無,30-39歲,男,0.0
1481,c05ed00c36b8486e,2025-04-17,尿液,陰性,未檢出,無,50-59歲,男,0.0
1482,b0200bebccbd4af0,2025-07-07,尿液,陰性,未檢出,無,40-49歲,男,0.0
1483,03c4f09a31948c9d,2025-05-30,尿液,陽性,甲基安非他命,二級,60歲以上,男,2.0
1484,669022120508dff8,2025-02-01,尿液,陰性,未檢出,無,40-49歲,男,0.0
1485,3761aa72855c9cda,2025-10-31,尿液,陰性,未檢出,無,20-29歲,男,0.0
1486,9160839176991df7,2025-05-18,尿液,陽性,安非他命,二級,40-49歲,男,2.0
1487,622a55d8b03c89e3,2025-11-03,尿液,陰性,未檢出,無,60歲以上,男,0.0
1488,c2ebecea9891c091,2025-11-09,尿液,陽性,甲基安非他命,二級,30-39歲,男,2.0
1489,06105424f33cc1bf,2025-04-07,尿液,陰性,未檢出,無,19歲以下,男,0.0
1490,3aeb9c9f2091c1b3,2025-04-08,尿液,陰性,未檢出,無,40-49歲,男,0.0
1491,1b5234303caf9ffb,2025-08-11,血液,陰性,未檢出,無,40-49歲,男,0.0
1492,59fa4969735fc880,2025-07-29,尿液,陰性,未檢出,無,30-39歲,男,0.0
1493,6ff78b141963df93,2025-02-20,尿液,陰性,未檢出,無,50-59歲,男,0.0
1494,eb5d0c749a9a10d7,2025-05-14,尿液,陽性,愷他命,三級,60歲以上,男,1.0
1495,eb8c69f523c84118,2025-04-04,尿液,陰性,未檢出,無,50-59歲,男,0.0
1496,6f0036c7aee2aa0f,2025-05-06,尿液,陰性,未檢出,無,60歲以上,男,0.0
1497,06bedb1f72b514f5,2025-03-03,尿液,陰性,未檢出,無,60歲以上,女,0.0
1498,b6e0ccf7cfc2f1c0,2025-11-13,尿液,陽性,愷他命,三級,40-49歲,男,1.0
1499,54268a97b8422d95,2025-01-31,尿液,陰性,未檢出,無,19歲以下,男,0.0
1500,bbd4aa29fdf19642,2025-07-31,尿液,陰性,未檢出,無,30-39歲,男,0.0
1501,c2da529414ad5330,2025-10-04,血液,陽性,愷他命,三級,50-59歲,男,1.0
1502,a2df408ea4c78cb4,2025-11-11,尿液,陰性,未檢出,無,40-49歲,男,0.0
1503,b461e580b17a09c4,2025-04-30,尿液,陰性,未檢出,無,40-49歲,男,0.0
1504,4cadce9f432c3a92,2025-03-20,尿液,陰性,未檢出,無,60歲以上,男,0.0
1505,261d74dd2562eae2,2025-02-04,血液,陽性,安非他命,二級,50-59歲,女,2.0
1506,c19c6a629b48be52,2025-06-12,尿液,陰性,未檢出,無,60歲以上,男,0.0
1507,fdbde668295304fd,2025-03-15,尿液,陰性,未檢出,無,40-49歲,男,0.0
1508,e67d415d39fac44f,2025-11-23,尿液,陰性,未檢出,無,20-29歲,男,0.0
1509,cdebb860b60ef160,2025-10-18,血液,陰性,未檢出,無,40-49歲,男,0.0
1510,e093364a679ae37a,2025-01-12,尿液,陰性,未檢出,無,30-39歲,男,0.0
1511,97e18d6ec3470b18,2025-04-12,尿液,陰性,未檢出,無,50-59歲,男,0.0
1512,5bd7dcf44cc0ae48,2025-10-12,尿液,陰性,未檢出,無,19歲以下,男,0.0
1513,33fa296775bff0d5,2025-03-24,尿液,陰性,未檢出,無,40-49歲,女,0.0
1514,8a6ea2e9905d9f27,2025-09-07,血液,陰性,未檢出,無,50-59歲,男,0.0
1515,a06ea4b292402763,2025-02-17,尿液,陰性,未檢出,無,20-29歲,男,0.0
1516,b6433a01dc58dbd7,2025-02-11,尿液,陰性,未檢出,無,30-39歲,男,0.0
1517,6aafaeada01b0e14,2025-07-20,尿液,陰性,未檢出,無,30-39歲,女,0.0
1518,d92d659038dd5fab,2025-03-25,尿液,陰性,未檢出,無,50-59歲,女,0.0
1519,5281e2a97c8094d6,2025-03-29,尿液,陰性,未檢出,無,50-59歲,男,0.0
1520,05d41c125f84a3f7,2025-12-03,尿液,陽性,安非他命,二級,40-49歲,女,2.0
1521,36aa9b55104a51fe,2025-08-05,尿液,陰性,未檢出,無,50-59歲,男,0.0
1522,4a201e6aa32e9938,2025-11-05,尿液,陰性,未檢出,無,40-49歲,男,0.0
1523,0a69a9fcc33160aa,2025-08-13,尿液,陰性,未檢出,無,30-39歲,男,0.0
1524,70f3be871347072c,2025-09-19,血液,陰性,未檢出,無,40-49歲,男,0.0
1525,3ae7ff94ad354d27,2025-03-14,血液,陰性,未檢出,無,60歲以上,男,0.0
1526,00f498eee0962d8a,2025-03-04,尿液,陰性,未檢出,無,40-49歲,男,0.0
1527,40632e2fa79510cb,2025-05-12,尿液,陰性,未檢出,無,40-49歲,男,0.0
1528,00979f340377d6cb,2025-12-09,血液,陰性,未檢出,無,40-49歲,男,0.0
1529,dd57467e5414a9c8,2025-10-22,尿液,陽性,甲基安非他命,二級,50-59歲,女,2.0
1530,d84b025a4dea5669,2025-11-23,尿液,陰性,未檢出,無,30-39歲,男,0.0
1531,5f58c92b1b017248,2025-01-27,尿液,陰性,未檢出,無,20-29歲,男,0.0
1532,d21d553a2065e154,2025-08-23,尿液,陰性,未檢出,無,50-59歲,女,0.0
1533,6a49d41c9ad048a2,2025-03-11,尿液,陰性,未檢出,無,30-39歲,男,0.0
1534,3aea1d63cabfeaf6,2025-09-17,尿液,陰性,未檢出,無,50-59歲,男,0.0
1535,a5ef69d1f3ecac47,2025-10-28,尿液,陽性,甲基安非他命,二級,30-39歲,男,2.0
1536,2f15f3248ccf0d96,2025-09-30,血液,陽性,安非他命,二級,30-39歲,男,2.0
1537,04ea2d370ec7e5f1,2025-12-19,尿液,陽性,甲基安非他命,二級,60歲以上,男,2.0
1538,2f4df3a8a614f9a9,2025-04-15,尿液,陰性,未檢出,無,20-29歲,男,0.0
1539,79815f0d32dcf5f7,2025-03-12,尿液,陰性,未檢出,無,30-39歲,男,0.0
1540,325a9f1dcd5177c6,2025-09-18,尿液,陰性,未檢出,無,30-39歲,男,0.0
1541,ad03a3062e00363e,2025-12-23,尿液,陰性,未檢出,無,40-49歲,男,0.0
1542,e03888befdc73905,2025-05-22,尿液,陰性,未檢出,無,30-39歲,女,0.0
1543,83c233e0fe73366f,2025-01-25,尿液,陰性,未檢出,無,40-49歲,女,0.0
1544,ef7d247f8cb3d499,2025-11-08,尿液,陰性,未檢出,無,19歲以下,男,0.0
1545,179e67ba0d06a29f,2025-08-08,尿液,陰性,未檢出,無,50-59歲,男,0.0
1546,b65f105a0150680e,2025-09-17,尿液,陽性,甲基安非他命,二級,30-39歲,女,2.0
1547,aabab2be91833e47,2025-11-01,尿液,陰性,未檢出,無,40-49歲,男,0.0
1548,753413d7b574dc9e,2025-08-29,血液,陰性,未檢出,無,40-49歲,男,0.0
1549,284c0539490424db,2025-09-03,血液,陰性,未檢出,無,40-49歲,男,0.0
1550,8d091848f44a9812,2025-04-18,尿液,陰性,未檢出,無,40-49歲,男,0.0
1551,79a5b725681920ab,2025-10-11,尿液,陰性,未檢出,無,50-59歲,男,0.0
1552,a6be0b3ffbbc76d5,2025-03-31,尿液,陰性,未檢出,無,30-39歲,女,0.0
1553,7434aa588f56fa4b,2025-06-11,尿液,陰性,未檢出,無,50-59歲,男,0.0
1554,4b7a0b2f4037b768,2025-08-10,尿液,陽性,甲基安非他命,二級,40-49歲,男,2.0
1555,a3aa43f52acd1661,2025-03-07,尿液,陰性,未檢出,無,50-59歲,男,0.0
1556,9500a17302c98e06,2025-01-19,尿液,陰性,未檢出,無,30-39歲,男,0.0
1557,712b7ddd86bd6487,2025-02-25,尿液,陽性,嗎啡,一級,40-49歲,男,3.0
1558,cb279f871a5a6c59,2025-07-16,尿液,陰性,未檢出,無,40-49歲,男,0.0
1559,9de16b68ff8ba7d8,2025-09-10,尿液,陽性,甲基安非他命,二級,40-49歲,男,2.0
1560,f9f28d1004c79507,2025-02-27,尿液,陰性,未檢出,無,40-49歲,男,0.0
1561,0098434bc8440af5,2025-05-08,尿液,陽性,甲基安非他命,二級,60歲以上,男,2.0
1562,82ee3cb38a6bb41f,2025-12-08,尿液,陰性,未檢出,無,60歲以上,男,0.0
1563,bc1826d630004dcd,2025-11-18,尿液,陽性,安非他命,二級,40-49歲,男,2.0
1564,8bab6c6c72170df9,2025-02-26,尿液,陽性,安非他命,二級,30-39歲,女,2.0
1565,968801b46f77c6be,2025-07-29,尿液,陰性,未檢出,無,50-59歲,男,0.0
1566,ebf9ef86b06e3a1b,2025-01-19,尿液,陰性,未檢出,無,40-49歲,女,0.0
1567,204b8befced46ca9,2025-04-11,尿液,陰性,未檢出,無,50-59歲,女,0.0
1568,5cfbf790d75bc288,2025-01-27,尿液,陰性,未檢出,無,60歲以上,男,0.0
1569,a84f7a3e451956f6,2025-06-17,尿液,陰性,未檢出,無,19歲以下,男,0.0
1570,d7c1e323f0eb4113,2025-11-28,尿液,陰性,未檢出,無,40-49歲,男,0.0
1571,c2f0e2293153feea,2025-02-26,尿液,陰性,未檢出,無,30-39歲,男,0.0
1572,14342df4e930a64e,2025-04-21,血液,陽性,安非他命,二級,60歲以上,男,2.0
1573,6cb21974cc74e3ab,2025-04-01,尿液,陰性,未檢出,無,40-49歲,男,0.0
1574,c96fe61f67b7e91c,2025-06-01,尿液,陰性,未檢出,無,30-39歲,男,0.0
1575,fc93d6c849d59076,2025-04-26,血液,陰性,未檢出,無,40-49歲,男,0.0
1576,235ee8d865f3a062,2025-05-03,尿液,陰性,未檢出,無,30-39歲,男,0.0
1577,737d9fbcf200ff0b,2025-01-15,尿液,陰性,未檢出,無,50-59歲,女,0.0
1578,54b046c474812422,2025-09-23,尿液,陰性,未檢出,無,40-49歲,男,0.0
1579,130cb576b2a8cb30,2025-09-23,尿液,陰性,未檢出,無,50-59歲,男,0.0
1580,71f2839d87418e86,2025-04-26,血液,陽性,嗎啡,一級,20-29歲,男,3.0
1581,2bd386be970a5817,2025-12-03,尿液,陰性,未檢出,無,40-49歲,男,0.0
1582,c54c0fa92d7333e6,2025-12-16,尿液,陰性,未檢出,無,40-49歲,男,0.0
1583,a5447435f2e152a0,2025-10-23,血液,陰性,未檢出,無,20-29歲,男,0.0
1584,b20e9df26164db61,2025-04-16,尿液,陰性,未檢出,無,50-59歲,女,0.0
1585,e18542248dd313d5,2025-07-05,尿液,陰性,未檢出,無,50-59歲,男,0.0
1586,d1c1869333bdeb4d,2025-03-02,尿液,陰性,未檢出,無,50-59歲,男,0.0
1587,fec747f470860411,2025-12-14,尿液,陽性,甲基安非他命,二級,30-39歲,男,2.0
1588,b8b5f413bf9fef34,2025-08-13,尿液,陰性,未檢出,無,50-59歲,男,0.0
1589,67084f3834d2e75e,2025-10-14,尿液,陽性,甲基安非他命,二級,40-49歲,男,2.0
1590,ba21c2443f7f731e,2025-08-12,尿液,陰性,未檢出,無,30-39歲,男,0.0
1591,85fc1991ebfd3d04,2025-09-19,尿液,陰性,未檢出,無,50-59歲,男,0.0
1592,c70d4fa92b41df3d,2025-08-15,血液,陰性,未檢出,無,30-39歲,男,0.0
1593,f3d3243349b80df1,2025-03-29,尿液,陰性,未檢出,無,30-39歲,男,0.0
1594,64f51e0b4f9641b7,2025-06-04,尿液,陽性,安非他命,二級,50-59歲,男,2.0
1595,8558d3f62e828f32,2025-06-11,尿液,陽性,安非他命,二級,40-49歲,女,2.0
1596,e7414212c028ac76,2025-11-18,尿液,陰性,未檢出,無,40-49歲,男,0.0
1597,e1b7b21614109fb5,2025-10-27,尿液,陰性,未檢出,無,60歲以上,女,0.0
1598,96d79d1c296d6779,2025-05-06,尿液,陰性,未檢出,無,50-59歲,男,0.0
1599,366752f72048e4af,2025-01-28,尿液,陽性,甲基安非他命,二級,30-39歲,男,2.0
1600,c087dba4912ffcce,2025-06-21,尿液,陽性,安非他命,二級,40-49歲,男,2.0
1601,3c5f3f21039f63da,2025-10-23,尿液,陰性,未檢出,無,50-59歲,女,0.0
1602,3cba8c19d1dccdfb,2025-10-12,尿液,陰性,未檢出,無,50-59歲,男,0.0
1603,58ff7f67d0aaacf8,2025-04-20,尿液,陰性,未檢出,無,40-49歲,男,0.0
1604,e4faa0d6c737abd9,2025-03-22,尿液,陽性,安非他命,二級,19歲以下,男,2.0
1605,3d1e988cf6cfc460,2025-10-03,尿液,陽性,安非他命,二級,50-59歲,男,2.0
1606,5e256bd0749e3355,2025-06-11,尿液,陽性,安非他命,二級,60歲以上,男,2.0
1607,d734bff56cf7662f,2025-04-06,尿液,陰性,未檢出,無,60歲以上,男,0.0
1608,ba6e8f3fc94a78da,2025-09-01,尿液,陰性,未檢出,無,40-49歲,女,0.0
1609,75a0750cebed5868,2025-08-11,尿液,陰性,未檢出,無,40-49歲,男,0.0
1610,b273512a7bcacecc,2025-07-05,血液,陰性,未檢出,無,30-39歲,男,0.0
1611,24144f4406926160,2025-03-13,尿液,陽性,嗎啡,一級,50-59歲,女,3.0
1612,67a021a5937022cf,2025-12-13,尿液,陰性,未檢出,無,60歲以上,男,0.0
1613,499b9816c53d6e7c,2025-02-26,血液,陽性,愷他命,三級,20-29歲,女,1.0
1614,9d07d5c4089ac924,2025-06-11,尿液,陽性,甲基安非他命,二級,40-49歲,男,2.0
1615,1bf5fb633df7669b,2025-05-28,尿液,陽性,安非他命,二級,40-49歲,女,2.0
1616,1241ab13e6336a9a,2025-09-07,尿液,陰性,未檢出,無,30-39歲,男,0.0
1617,bdf710f94ee76da6,2025-04-29,尿液,陰性,未檢出,無,40-49歲,男,0.0
1618,354933c111a15026,2025-01-02,尿液,陽性,甲基安非他命,二級,20-29歲,男,2.0
1619,c1c6bda59cbb5b08,2025-08-10,尿液,陰性,未檢出,無,50-59歲,男,0.0
1620,806bf51c22a8ea0f,2025-08-17,尿液,陰性,未檢出,無,30-39歲,男,0.0
1621,c2e661f19b104dc4,2025-05-28,尿液,陰性,未檢出,無,50-59歲,男,0.0
1622,34cccbed3d2f4192,2025-03-08,尿液,陰性,未檢出,無,20-29歲,女,0.0
1623,ea1564844cda2559,2025-05-25,尿液,陽性,甲基安非他命,二級,20-29歲,男,2.0
1624,24793eab66e4145b,2025-01-03,尿液,陽性,甲基安非他命,二級,40-49歲,男,2.0
1625,7249213b2e8f41a2,2025-12-23,尿液,陽性,安非他命,二級,50-59歲,男,2.0
1626,49e77396fe2df27a,2025-10-31,尿液,陰性,未檢出,無,20-29歲,男,0.0
1627,7f0b9a1ad0689990,2025-08-20,尿液,陰性,未檢出,無,19歲以下,男,0.0
1628,25c1ff82ba3da46a,2025-05-07,尿液,陰性,未檢出,無,20-29歲,男,0.0
1629,620a1e4531bb63d8,2025-08-10,尿液,陰性,未檢出,無,50-59歲,男,0.0
1630,3e7663025e83bbeb,2025-06-18,尿液,陽性,愷他命,三級,20-29歲,男,1.0
1631,70b5009c29c0525d,2025-01-02,血液,陰性,未檢出,無,40-49歲,男,0.0
1632,f2c534f89f04c123,2025-10-13,尿液,陰性,未檢出,無,40-49歲,男,0.0
1633,93590c93e5c47455,2025-02-07,尿液,陰性,未檢出,無,50-59歲,女,0.0
1634,07afdc22fec1ddba,2025-02-07,尿液,陽性,愷他命,三級,50-59歲,男,1.0
1635,fd4349d0507a4e05,2025-06-20,尿液,陰性,未檢出,無,60歲以上,男,0.0
1636,5e865d75f54c154e,2025-09-24,尿液,陰性,未檢出,無,50-59歲,男,0.0
1637,6bf68f9d81717d39,2025-08-13,尿液,陰性,未檢出,無,50-59歲,男,0.0
1638,f9ee8e82470991d9,2025-06-25,尿液,陰性,未檢出,無,40-49歲,男,0.0
1639,e80b2a89abb5e99a,2025-12-23,尿液,陰性,未檢出,無,19歲以下,男,0.0
1640,50fc45b19508833e,2025-04-22,血液,陰性,未檢出,無,40-49歲,男,0.0
1641,35d52f3e53be3194,2025-01-19,尿液,陰性,未檢出,無,60歲以上,男,0.0
1642,4f743faa3874e147,2025-04-11,尿液,陰性,未檢出,無,60歲以上,男,0.0
1643,bc4a56937559f6c7,2025-05-22,尿液,陰性,未檢出,無,50-59歲,男,0.0
1644,20c1266b5ee2aa49,2025-08-06,尿液,陰性,未檢出,無,60歲以上,男,0.0
1645,b57490d6a81530b8,2025-10-02,尿液,陰性,未檢出,無,30-39歲,男,0.0
1646,62ef53b2aaad317e,2025-09-23,尿液,陰性,未檢出,無,40-49歲,女,0.0
1647,03339f7bb0162620,2025-02-16,尿液,陰性,未檢出,無,40-49歲,男,0.0
1648,e1d1fd8f6268f3cc,2025-09-15,尿液,陰性,未檢出,無,60歲以上,男,0.0
1649,1ef8b5ca7a36f155,2025-12-31,尿液,陰性,未檢出,無,19歲以下,男,0.0
1650,11ac52e554358c28,2025-04-19,尿液,陰性,未檢出,無,40-49歲,男,0.0
1651,ab93acdeb9b90f49,2025-11-14,尿液,陰性,未檢出,無,40-49歲,男,0.0
1652,11995a01c351fddc,2025-07-18,尿液,陰性,未檢出,無,30-39歲,男,0.0
1653,92d33b3c9ca1b63c,2025-08-12,尿液,陽性,安非他命,二級,30-39歲,男,2.0
1654,15d3f3efa0445027,2025-06-24,尿液,陰性,未檢出,無,50-59歲,男,0.0
1655,c29ce314dedb4f99,2025-12-08,尿液,陰性,未檢出,無,20-29歲,女,0.0
1656,c3dd28f595ff3167,2025-11-03,尿液,陰性,未檢出,無,40-49歲,女,0.0
1657,b2e77ba3ac0bd4a9,2025-04-08,尿液,陽性,安非他命,二級,50-59歲,男,2.0
1658,75812083e6d16c28,2025-11-24,尿液,陰性,未檢出,無,20-29歲,女,0.0
1659,6fbe4a9c3ffa7e80,2025-05-26,尿液,陰性,未檢出,無,50-59歲,男,0.0
1660,d7a0cc31852affed,2025-08-30,尿液,陰性,未檢出,無,30-39歲,男,0.0
1661,e84bce62e4c6f66c,2025-08-05,尿液,陰性,未檢出,無,40-49歲,男,0.0
1662,474c8925e74ce866,2025-11-24,尿液,陽性,愷他命,三級,30-39歲,男,1.0
1663,0d21acf7653d4ecc,2025-01-05,尿液,陰性,未檢出,無,30-39歲,男,0.0
1664,fec1b5df4bd3e368,2025-02-10,尿液,陽性,愷他命,三級,40-49歲,男,1.0
1665,fea67bf8ad76bbe9,2025-03-25,尿液,陰性,未檢出,無,40-49歲,男,0.0
1666,e253ac185fb5deac,2025-04-21,尿液,陽性,甲基安非他命,二級,60歲以上,男,2.0
1667,dbfd04153d7bf81a,2025-06-21,尿液,陰性,未檢出,無,40-49歲,男,0.0
1668,9dad09f85712740a,2025-11-04,尿液,陰性,未檢出,無,40-49歲,男,0.0
1669,011da47a5bf082c0,2025-08-12,尿液,陰性,未檢出,無,30-39歲,女,0.0
1670,ff83d4b75fb08666,2025-06-18,尿液,陽性,嗎啡,一級,50-59歲,男,3.0
1671,d00ed5f2947d2060,2025-11-09,尿液,陰性,未檢出,無,40-49歲,男,0.0
1672,87aa04975af42272,2025-11-23,尿液,陰性,未檢出,無,40-49歲,男,0.0
1673,2efb167904a587b0,2025-10-18,血液,陰性,未檢出,無,40-49歲,男,0.0
1674,ddf1e87290c7fdd9,2025-04-27,尿液,陰性,未檢出,無,60歲以上,女,0.0
1675,17c4dad83e84846d,2025-10-25,尿液,陰性,未檢出,無,19歲以下,男,0.0
1676,c7dd73f18974568e,2025-03-21,尿液,陰性,未檢出,無,40-49歲,男,0.0
1677,5744b549429b73eb,2025-05-04,尿液,陰性,未檢出,無,60歲以上,女,0.0
1678,ef50a59a55340acb,2025-12-09,尿液,陽性,安非他命,二級,40-49歲,男,2.0
1679,1c108bfd8b3ab6fd,2025-10-17,尿液,陰性,未檢出,無,40-49歲,女,0.0
1680,cfe6a1ba0ba5d059,2025-06-13,尿液,陰性,未檢出,無,40-49歲,男,0.0
1681,b4338c6d7a57a8dd,2025-02-27,尿液,陰性,未檢出,無,30-39歲,男,0.0
1682,43d060c7ba8cffb8,2025-06-07,尿液,陰性,未檢出,無,40-49歲,女,0.0
1683,19731acf41b7a87a,2025-07-07,血液,陰性,未檢出,無,40-49歲,男,0.0
1684,502434f33023008b,2025-09-03,尿液,陽性,甲基安非他命,二級,40-49歲,男,2.0
1685,5aedc69f18e0eb94,2025-10-31,尿液,陽性,愷他命,三級,20-29歲,男,1.0
1686,c2cfd61a8655b44e,2025-03-23,尿液,陰性,未檢出,無,60歲以上,男,0.0
1687,45823a0f6df881c7,2025-01-24,尿液,陰性,未檢出,無,50-59歲,男,0.0
1688,fc9e14a3b71efa55,2025-12-29,尿液,陽性,安非他命,二級,30-39歲,男,2.0
1689,be9a679f77d20fce,2025-12-12,尿液,陰性,未檢出,無,60歲以上,男,0.0
1690,6b7f50bb61f8295a,2025-05-18,血液,陰性,未檢出,無,40-49歲,男,0.0
1691,cb46bbc9ffeff0ef,2025-11-24,尿液,陽性,甲基安非他命,二級,30-39歲,女,2.0
1692,ab11b1c013abbb4d,2025-11-10,尿液,陰性,未檢出,無,50-59歲,男,0.0
1693,599008c053f0e9a2,2025-08-07,尿液,陰性,未檢出,無,30-39歲,男,0.0
1694,b1e3d095cebfb47b,2025-10-02,尿液,陽性,甲基安非他命,二級,30-39歲,男,2.0
1695,f87d0cf87035038a,2025-01-11,尿液,陰性,未檢出,無,30-39歲,男,0.0
1696,ddb438a4b2fa7ac2,2025-11-25,尿液,陰性,未檢出,無,30-39歲,男,0.0
1697,4ca79d94973279ca,2025-09-03,血液,陰性,未檢出,無,40-49歲,男,0.0
1698,05270b15748b1445,2025-09-02,尿液,陽性,安非他命,二級,40-49歲,男,2.0
1699,f988acfe0b1f575c,2025-05-09,尿液,陰性,未檢出,無,50-59歲,男,0.0
1700,9475bf2ac6bf17c6,2025-05-25,尿液,陽性,甲基安非他命,二級,50-59歲,男,2.0
1701,c85307fbfe46babb,2025-02-10,尿液,陰性,未檢出,無,60歲以上,男,0.0
1702,4c4ded498f9db338,2025-09-26,尿液,陰性,未檢出,無,40-49歲,男,0.0
1703,541695c88704f404,2025-07-19,尿液,陰性,未檢出,無,20-29歲,男,0.0
1704,6e9f4777499da9c0,2025-10-15,尿液,陰性,未檢出,無,40-49歲,男,0.0
1705,13f3abd9e503aadf,2025-01-29,尿液,陰性,未檢出,無,60歲以上,男,0.0
1706,d741e49a1907506c,2025-11-01,尿液,陰性,未檢出,無,30-39歲,女,0.0
1707,67c2a5309900d252,2025-07-31,尿液,陽性,安非他命,二級,60歲以上,男,2.0
1708,2ce021033ac36915,2025-09-07,尿液,陰性,未檢出,無,60歲以上,男,0.0
1709,b94ab87821b9c039,2025-10-07,血液,陰性,未檢出,無,50-59歲,男,0.0
1710,b5068d2648a371d8,2025-05-14,尿液,陰性,未檢出,無,30-39歲,女,0.0
1711,d6de99da47ba9758,2025-09-14,尿液,陰性,未檢出,無,40-49歲,男,0.0
1712,738b11ea192ef51b,2025-09-09,尿液,陽性,甲基安非他命,二級,40-49歲,男,2.0
1713,924bf1cd96d18f41,2025-06-25,尿液,陰性,未檢出,無,40-49歲,男,0.0
1714,3ed9c04676eb1e56,2025-06-09,尿液,陰性,未檢出,無,20-29歲,男,0.0
1715,c39f65921c7ff683,2025-03-20,尿液,陽性,甲基安非他命,二級,50-59歲,女,2.0
1716,c5783ad9ed1c3889,2025-06-10,尿液,陰性,未檢出,無,20-29歲,男,0.0
1717,e0636141ac9b9f84,2025-08-18,尿液,陰性,未檢出,無,60歲以上,男,0.0
1718,637abeeac4b3c6b6,2025-06-22,尿液,陰性,未檢出,無,60歲以上,男,0.0
1719,92e2b63076821aa5,2025-10-10,尿液,陰性,未檢出,無,20-29歲,男,0.0
1720,abf38a67ff0fe39b,2025-05-18,尿液,陰性,未檢出,無,20-29歲,男,0.0
1721,85903c7ff9438be4,2025-07-25,尿液,陽性,甲基安非他命,二級,30-39歲,女,2.0
1722,8c45765f52ffa8d4,2025-03-16,尿液,陽性,甲基安非他命,二級,40-49歲,男,2.0
1723,fd339d4a91ca1deb,2025-09-26,尿液,陰性,未檢出,無,50-59歲,男,0.0
1724,a15b2e34b720ef2e,2025-12-11,尿液,陰性,未檢出,無,40-49歲,女,0.0
1725,45ce4ef8fde40460,2025-02-20,尿液,陽性,甲基安非他命,二級,40-49歲,男,2.0
1726,8264c2a95a4b6ff9,2025-09-21,尿液,陽性,嗎啡,一級,40-49歲,男,3.0
1727,40f7f1d5a260c3a2,2025-05-05,尿液,陰性,未檢出,無,50-59歲,男,0.0
1728,e60c3be601651a03,2025-04-03,尿液,陽性,安非他命,二級,40-49歲,男,2.0
1729,997d9f295c80fea6,2025-07-12,尿液,陽性,安非他命,二級,60歲以上,男,2.0
1730,32372e6b040f64cb,2025-07-30,尿液,陰性,未檢出,無,40-49歲,男,0.0
1731,b2d3c7aaa0c96ee5,2025-05-09,尿液,陰性,未檢出,無,60歲以上,男,0.0
1732,2f36a47b3505760a,2025-04-07,尿液,陽性,嗎啡,一級,20-29歲,男,3.0
1733,4c2dfa4939962873,2025-04-26,尿液,陰性,未檢出,無,40-49歲,男,0.0
1734,f573b4265a82e511,2025-07-12,尿液,陽性,甲基安非他命,二級,60歲以上,女,2.0
1735,03f24b21ff269b2b,2025-10-10,尿液,陰性,未檢出,無,30-39歲,男,0.0
1736,bce3e937cea0efc8,2025-11-20,尿液,陰性,未檢出,無,40-49歲,男,0.0
1737,36d5c92dcdc3c8b8,2025-08-31,尿液,陽性,愷他命,三級,60歲以上,男,1.0
1738,5bc7cbbd86fa881e,2025-08-10,尿液,陰性,未檢出,無,40-49歲,男,0.0
1739,a0f5f6a12a8dac1b,2025-11-23,尿液,陰性,未檢出,無,40-49歲,男,0.0
1740,3db946c6151e3a58,2025-08-14,尿液,陰性,未檢出,無,50-59歲,女,0.0
1741,a9a97a35b7704c0b,2025-11-27,尿液,陰性,未檢出,無,50-59歲,男,0.0
1742,b7e988d40800fdfa,2025-06-20,尿液,陰性,未檢出,無,50-59歲,女,0.0
1743,5d94bb2032328bf9,2025-02-07,尿液,陰性,未檢出,無,50-59歲,男,0.0
1744,f4ae5fd69ba55a05,2025-01-08,尿液,陰性,未檢出,無,30-39歲,男,0.0
1745,babefb4da72672b4,2025-05-19,尿液,陰性,未檢出,無,40-49歲,男,0.0
1746,67ca0a3a18e13caa,2025-08-14,血液,陽性,愷他命,三級,60歲以上,男,1.0
1747,6ef8de1a2c6974a6,2025-06-06,尿液,陰性,未檢出,無,50-59歲,男,0.0
1748,f263ce3dcd9f8c87,2025-02-06,尿液,陽性,愷他命,三級,30-39歲,男,1.0
1749,3eb77f0d7e1a519d,2025-07-02,尿液,陽性,甲基安非他命,二級,50-59歲,女,2.0
1750,ed1d6b75298416c3,2025-03-06,尿液,陰性,未檢出,無,40-49歲,女,0.0
1751,3a4b510086244ba1,2025-12-03,尿液,陽性,甲基安非他命,二級,50-59歲,男,2.0
1752,a0dae6d57a87f17d,2025-12-14,尿液,陰性,未檢出,無,20-29歲,女,0.0
1753,8652552fde5b3bbc,2025-10-25,尿液,陽性,安非他命,二級,20-29歲,男,2.0
1754,990bd1a404f848a6,2025-08-05,尿液,陰性,未檢出,無,50-59歲,男,0.0
1755,fd81aa937159feed,2025-12-13,尿液,陰性,未檢出,無,20-29歲,男,0.0
1756,a55285bfe7f8696a,2025-09-18,尿液,陽性,甲基安非他命,二級,40-49歲,男,2.0
1757,04c2d6e7788a2464,2025-05-23,尿液,陰性,未檢出,無,50-59歲,男,0.0
1758,b8d78e11f0806ab1,2025-01-09,尿液,陽性,愷他命,三級,40-49歲,女,1.0
1759,e92ceda7578329f5,2025-07-05,尿液,陰性,未檢出,無,50-59歲,女,0.0
1760,a9160a0d14ec317a,2025-11-29,尿液,陰性,未檢出,無,30-39歲,男,0.0
1761,592e66b7e3d63c38,2025-10-15,尿液,陽性,安非他命,二級,30-39歲,男,2.0
1762,4475ba883bc51bdf,2025-12-29,血液,陰性,未檢出,無,40-49歲,男,0.0
1763,4104aa38fc329ab6,2025-08-03,尿液,陰性,未檢出,無,40-49歲,男,0.0
1764,ea82ff65812a9dfe,2025-11-01,尿液,陰性,未檢出,無,40-49歲,男,0.0
1765,1b344ff3be957c99,2025-05-22,尿液,陰性,未檢出,無,40-49歲,女,0.0
1766,072499dc90682d88,2025-05-11,尿液,陰性,未檢出,無,50-59歲,男,0.0
1767,9a8b2802917727e5,2025-01-21,尿液,陽性,甲基安非他命,二級,30-39歲,女,2.0
1768,05d48fdd45187929,2025-10-07,尿液,陰性,未檢出,無,50-59歲,男,0.0
1769,d52e2155f0b1b2d3,2025-11-12,尿液,陰性,未檢出,無,40-49歲,男,0.0
1770,d010f8688d3dcf04,2025-11-23,尿液,陰性,未檢出,無,30-39歲,女,0.0
1771,0037fa0eb3491985,2025-10-15,尿液,陰性,未檢出,無,40-49歲,男,0.0
1772,8afb0e2b137453ab,2025-08-20,尿液,陰性,未檢出,無,40-49歲,男,0.0
1773,0521ea73e0997efb,2025-03-08,尿液,陰性,未檢出,無,50-59歲,男,0.0
1774,ac7dbd97dd0ddb90,2025-10-13,尿液,陰性,未檢出,無,20-29歲,男,0.0
1775,65f6f5b90d718c57,2025-10-16,尿液,陰性,未檢出,無,40-49歲,男,0.0
1776,82acc0049f4b076c,2025-07-30,尿液,陰性,未檢出,無,40-49歲,男,0.0
1777,ac1285d61c35b57e,2025-03-08,尿液,陰性,未檢出,無,30-39歲,男,0.0
1778,04312af8ec802801,2025-09-27,尿液,陰性,未檢出,無,20-29歲,男,0.0
1779,a39cd755cdd57ccb,2025-10-15,尿液,陰性,未檢出,無,40-49歲,男,0.0
1780,c8b73fddc80c2d75,2025-11-05,尿液,陰性,未檢出,無,40-49歲,男,0.0
1781,490d9f6661a7957b,2025-10-04,尿液,陰性,未檢出,無,20-29歲,男,0.0
1782,78de36e3f20d6f77,2025-12-12,尿液,陰性,未檢出,無,50-59歲,男,0.0
1783,a5b442eb54f1be6c,2025-04-17,尿液,陰性,未檢出,無,40-49歲,男,0.0
1784,4882b445abbe1887,2025-02-10,尿液,陽性,愷他命,三級,60歲以上,男,1.0
1785,a061022a8766e5b4,2025-05-31,尿液,陰性,未檢出,無,50-59歲,男,0.0
1786,ddb16f975d3394fc,2025-07-05,尿液,陰性,未檢出,無,40-49歲,男,0.0
1787,9b070f7f9b07f34a,2025-10-07,尿液,陰性,未檢出,無,19歲以下,男,0.0
1788,2983f79966b40670,2025-12-13,尿液,陰性,未檢出,無,40-49歲,男,0.0
1789,f10ce72081708e77,2025-03-28,尿液,陰性,未檢出,無,40-49歲,男,0.0
1790,e1aec2b5a14e9b28,2025-07-12,尿液,陰性,未檢出,無,40-49歲,女,0.0
1791,5afdc77492c52831,2025-12-22,尿液,陰性,未檢出,無,30-39歲,男,0.0
1792,9f93337a184f77c8,2025-08-16,血液,陰性,未檢出,無,40-49歲,女,0.0
1793,979ff4df771e5840,2025-10-30,尿液,陽性,甲基安非他命,二級,20-29歲,男,2.0
1794,060a43cc0bec3f9f,2025-11-06,尿液,陰性,未檢出,無,40-49歲,男,0.0
1795,078445d4327b5d7a,2025-05-29,尿液,陰性,未檢出,無,40-49歲,女,0.0
1796,e1eeece093c2318b,2025-09-18,尿液,陽性,甲基安非他命,二級,50-59歲,男,2.0
1797,c1ae5d1d5b9606f2,2025-05-05,尿液,陰性,未檢出,無,50-59歲,男,0.0
1798,ad31188cab9e6a30,2025-06-20,尿液,陽性,安非他命,二級,50-59歲,女,2.0
1799,60afa1c0754f4418,2025-04-29,尿液,陰性,未檢出,無,50-59歲,男,0.0
1800,140d5309717f38ec,2025-07-18,尿液,陰性,未檢出,無,50-59歲,男,0.0
1801,136611a71c02ba4d,2025-05-09,尿液,陽性,甲基安非他命,二級,40-49歲,男,2.0
1802,81a2239973bd657e,2025-06-04,尿液,陰性,未檢出,無,40-49歲,男,0.0
1803,b3193a27091c8b16,2025-01-24,尿液,陰性,未檢出,無,40-49歲,男,0.0
1804,a4a7059f414a6b5e,2025-08-07,尿液,陽性,愷他命,三級,19歲以下,男,1.0
1805,609984ca751b5dd2,2025-07-04,尿液,陰性,未檢出,無,40-49歲,男,0.0
1806,6ecf37b42738b499,2025-01-10,尿液,陰性,未檢出,無,40-49歲,男,0.0
1807,0a510f99199157c9,2025-04-21,尿液,陽性,甲基安非他命,二級,50-59歲,男,2.0
1808,e3343e101795dfd3,2025-12-06,尿液,陰性,未檢出,無,40-49歲,男,0.0
1809,12d22f2ee2762845,2025-01-23,尿液,陰性,未檢出,無,60歲以上,女,0.0
1810,ddf0000f7f38fe0f,2025-06-17,尿液,陽性,安非他命,二級,60歲以上,男,2.0
1811,fac054b05656695d,2025-03-03,尿液,陰性,未檢出,無,30-39歲,男,0.0
1812,0fd8d8f7927b229a,2025-12-01,尿液,陰性,未檢出,無,40-49歲,男,0.0
1813,14779b2bd6325911,2025-05-29,尿液,陰性,未檢出,無,40-49歲,男,0.0
1814,81377de037ce0dd5,2025-01-04,尿液,陰性,未檢出,無,30-39歲,男,0.0
1815,8e088e2b330aa589,2025-01-30,尿液,陰性,未檢出,無,40-49歲,男,0.0
1816,2a066db5be4ccd44,2025-11-04,尿液,陰性,未檢出,無,40-49歲,女,0.0
1817,f357f3e06d54bd44,2025-09-26,尿液,陽性,嗎啡,一級,50-59歲,男,3.0
1818,8e82cb0290333127,2025-03-15,尿液,陰性,未檢出,無,60歲以上,女,0.0
1819,5f166cb801af388e,2025-06-16,尿液,陽性,愷他命,三級,20-29歲,男,1.0
1820,8540e9329c86af75,2025-06-25,尿液,陰性,未檢出,無,40-49歲,男,0.0
1821,4bfcaf1a37346779,2025-03-06,尿液,陰性,未檢出,無,40-49歲,男,0.0
1822,8db4e06b1605aeaa,2025-02-07,尿液,陰性,未檢出,無,40-49歲,男,0.0
1823,4f02f880283f2cf4,2025-08-09,尿液,陽性,愷他命,三級,50-59歲,男,1.0
1824,aa567ba1762e651f,2025-05-12,血液,陰性,未檢出,無,40-49歲,男,0.0
1825,cd26bd850cc4344e,2025-09-20,尿液,陰性,未檢出,無,50-59歲,女,0.0
1826,7a3d00d6bf300883,2025-06-28,血液,陰性,未檢出,無,50-59歲,男,0.0
1827,f6d5f38f2d82bf1f,2025-11-06,尿液,陰性,未檢出,無,50-59歲,男,0.0
1828,d02514306fdbdf72,2025-10-26,尿液,陰性,未檢出,無,40-49歲,女,0.0
1829,12c2acff63d1c719,2025-11-22,尿液,陽性,甲基安非他命,二級,40-49歲,男,2.0
1830,f81c0e9883c01156,2025-01-05,尿液,陰性,未檢出,無,50-59歲,男,0.0
1831,3e69d0f2aa40a58c,2025-10-13,尿液,陰性,未檢出,無,40-49歲,男,0.0
1832,c6bda0c161a05e16,2025-10-19,尿液,陰性,未檢出,無,40-49歲,男,0.0
1833,48ba2ff6eb7d0000,2025-10-20,尿液,陰性,未檢出,無,50-59歲,男,0.0
1834,178918dc8dda56a1,2025-04-02,尿液,陽性,安非他命,二級,40-49歲,男,2.0
1835,4b7470509a49bf34,2025-09-22,尿液,陰性,未檢出,無,40-49歲,男,0.0
1836,0ee04d9530d5c06e,2025-04-17,血液,陰性,未檢出,無,50-59歲,男,0.0
1837,d555646d3f7ae9c0,2025-08-07,尿液,陽性,安非他命,二級,60歲以上,男,2.0
1838,5784d41a5b488167,2025-03-18,尿液,陽性,愷他命,三級,40-49歲,男,1.0
1839,536098b03519514f,2025-11-25,尿液,陰性,未檢出,無,40-49歲,女,0.0
1840,503949542aff7b36,2025-05-11,尿液,陰性,未檢出,無,50-59歲,女,0.0
1841,37f1669164f435ce,2025-06-22,尿液,陽性,愷他命,三級,20-29歲,男,1.0
1842,7d3b9f361a1d99e1,2025-08-06,尿液,陰性,未檢出,無,40-49歲,男,0.0
1843,fc1f70dee975bfb0,2025-06-12,尿液,陰性,未檢出,無,20-29歲,男,0.0
1844,d8fe7079174c7213,2025-07-30,尿液,陰性,未檢出,無,19歲以下,男,0.0
1845,f94a5c6db2d6aa19,2025-04-16,尿液,陰性,未檢出,無,50-59歲,男,0.0
1846,acc4eb4453477e11,2025-04-04,尿液,陰性,未檢出,無,20-29歲,男,0.0
1847,d80a64c9a72c2607,2025-11-20,尿液,陰性,未檢出,無,50-59歲,女,0.0
1848,d91fe5dfb9a0af1c,2025-11-28,尿液,陰性,未檢出,無,20-29歲,男,0.0
1849,2315b2f7388918b4,2025-09-07,尿液,陰性,未檢出,無,30-39歲,男,0.0
1850,77fb5421781fd800,2025-03-11,尿液,陰性,未檢出,無,40-49歲,男,0.0
1851,98999cecf76095f6,2025-05-05,尿液,陰性,未檢出,無,40-49歲,女,0.0
1852,17093c41654e3af9,2025-03-04,尿液,陰性,未檢出,無,20-29歲,男,0.0
1853,e26ac20ec55067bf,2025-12-13,尿液,陽性,安非他命,二級,40-49歲,男,2.0
1854,244a41585e386031,2025-04-12,血液,陰性,未檢出,無,60歲以上,男,0.0
1855,ea43a168dc680f2e,2025-08-28,尿液,陽性,甲基安非他命,二級,50-59歲,男,2.0
1856,3469a4d522490c01,2025-09-12,尿液,陽性,甲基安非他命,二級,50-59歲,男,2.0
1857,edca3bc9635701e9,2025-03-22,尿液,陽性,甲基安非他命,二級,40-49歲,女,2.0
1858,f8272dc35c941d76,2025-03-10,尿液,陰性,未檢出,無,60歲以上,男,0.0
1859,cefb14c736e2532b,2025-10-20,尿液,陰性,未檢出,無,30-39歲,男,0.0
1860,2a3849d4617600d0,2025-04-25,尿液,陰性,未檢出,無,40-49歲,男,0.0
1861,ca6cfa6880a3df1b,2025-09-13,尿液,陽性,愷他命,三級,30-39歲,男,1.0
1862,68895d7812cbb442,2025-01-23,血液,陰性,未檢出,無,19歲以下,女,0.0
1863,1f5531ef9cc0a725,2025-09-10,血液,陰性,未檢出,無,40-49歲,男,0.0
1864,9d5fbada8c65f916,2025-05-06,尿液,陽性,嗎啡,一級,40-49歲,男,3.0
1865,47a68d572913ff75,2025-01-19,尿液,陰性,未檢出,無,30-39歲,男,0.0
1866,992113268212292e,2025-04-09,尿液,陰性,未檢出,無,50-59歲,男,0.0
1867,b262acb7dcfc0e52,2025-12-12,尿液,陰性,未檢出,無,20-29歲,男,0.0
1868,6ae6635647cdecdf,2025-11-09,尿液,陰性,未檢出,無,40-49歲,男,0.0
1869,3701bb41393b3533,2025-06-18,尿液,陰性,未檢出,無,50-59歲,男,0.0
1870,a3020074439fd497,2025-03-31,尿液,陰性,未檢出,無,50-59歲,男,0.0
1871,b7f1c8aa0e8afc99,2025-12-11,尿液,陰性,未檢出,無,40-49歲,男,0.0
1872,9a6315e4bab7f475,2025-07-08,尿液,陰性,未檢出,無,50-59歲,女,0.0
1873,5cefe784bb5bd549,2025-02-10,尿液,陽性,甲基安非他命,二級,50-59歲,男,2.0
1874,2363ac75e9f634df,2025-05-05,尿液,陰性,未檢出,無,60歲以上,女,0.0
1875,2ebcbcc07b259232,2025-08-28,尿液,陽性,安非他命,二級,50-59歲,男,2.0
1876,331e7cb62c82ab35,2025-09-07,尿液,陽性,安非他命,二級,40-49歲,男,2.0
1877,9152825e66202343,2025-03-20,尿液,陰性,未檢出,無,50-59歲,男,0.0
1878,5ab2caf380f73c33,2025-03-05,尿液,陽性,甲基安非他命,二級,30-39歲,女,2.0
1879,863c2f6ad366bb70,2025-10-30,尿液,陽性,甲基安非他命,二級,60歲以上,男,2.0
1880,0bb57b7d4398d842,2025-12-04,尿液,陰性,未檢出,無,60歲以上,男,0.0
1881,732e1fb3d05f7bbe,2025-05-26,血液,陰性,未檢出,無,30-39歲,男,0.0
1882,be733d438e458ea1,2025-12-17,尿液,陰性,未檢出,無,50-59歲,女,0.0
1883,57d329724c7a0ad0,2025-08-09,尿液,陰性,未檢出,無,30-39歲,男,0.0
1884,f6db0d09c383a29b,2025-03-18,尿液,陰性,未檢出,無,30-39歲,男,0.0
1885,a0f9bc95b9142bd3,2025-08-08,尿液,陰性,未檢出,無,20-29歲,男,0.0
1886,9e9b456fdb589aeb,2025-05-19,尿液,陽性,安非他命,二級,50-59歲,男,2.0
1887,053a3a67f248afef,2025-03-29,尿液,陰性,未檢出,無,40-49歲,女,0.0
1888,c356777d142171f3,2025-06-08,尿液,陰性,未檢出,無,50-59歲,男,0.0
1889,3445184e7916ab95,2025-06-17,尿液,陽性,甲基安非他命,二級,60歲以上,男,2.0
1890,4e9fef70a3f13d07,2025-04-30,尿液,陰性,未檢出,無,60歲以上,男,0.0
1891,3ab3aa76d5a101c6,2025-07-23,尿液,陰性,未檢出,無,60歲以上,男,0.0
1892,508be1e083c21bdb,2025-04-19,尿液,陰性,未檢出,無,20-29歲,男,0.0
1893,77ef26f827621a97,2025-09-22,尿液,陽性,愷他命,三級,50-59歲,男,1.0
1894,a6211c18090ce87c,2025-07-01,尿液,陰性,未檢出,無,19歲以下,男,0.0
1895,9157227c90a7d8a1,2025-06-07,血液,陰性,未檢出,無,40-49歲,男,0.0
1896,6869f9960c8ea354,2025-08-09,尿液,陰性,未檢出,無,60歲以上,男,0.0
1897,4baed1bc050c3908,2025-04-30,尿液,陽性,愷他命,三級,40-49歲,男,1.0
1898,8665d9c96a0d5fea,2025-12-06,尿液,陰性,未檢出,無,40-49歲,男,0.0
1899,1b6429f638013e80,2025-09-05,尿液,陰性,未檢出,無,40-49歲,男,0.0
1900,fe065616d53547b8,2025-08-18,尿液,陰性,未檢出,無,40-49歲,男,0.0
1901,bd5f71754f29163d,2025-08-27,血液,陰性,未檢出,無,30-39歲,男,0.0
1902,a3f5d1f94d2e0ec6,2025-10-20,尿液,陰性,未檢出,無,20-29歲,男,0.0
1903,cc6c2b417d5228bf,2025-02-19,尿液,陰性,未檢出,無,40-49歲,女,0.0
1904,820c0de77e03e46f,2025-07-24,尿液,陰性,未檢出,無,60歲以上,男,0.0
1905,54e38f0439831831,2025-06-02,尿液,陰性,未檢出,無,60歲以上,男,0.0
1906,81021fdbd51fcd0d,2025-09-18,尿液,陰性,未檢出,無,60歲以上,女,0.0
1907,653d2783bd117c7a,2025-05-18,尿液,陽性,甲基安非他命,二級,40-49歲,男,2.0
1908,fad958f60b033fab,2025-01-30,尿液,陽性,愷他命,三級,40-49歲,男,1.0
1909,32847cfe70560bb5,2025-12-16,尿液,陰性,未檢出,無,30-39歲,男,0.0
1910,0f420767f15d0a4f,2025-01-18,尿液,陰性,未檢出,無,40-49歲,男,0.0
1911,851cc54f3f0c34ca,2025-03-23,尿液,陰性,未檢出,無,20-29歲,男,0.0
1912,7c6046a283ee4f6d,2025-04-25,尿液,陰性,未檢出,無,30-39歲,男,0.0
1913,4cbe9e3336d7e734,2025-12-07,尿液,陰性,未檢出,無,40-49歲,男,0.0
1914,98d9ca4ea6e16352,2025-06-04,血液,陰性,未檢出,無,20-29歲,男,0.0
1915,f253c3bdf05dfbcd,2025-04-24,尿液,陰性,未檢出,無,50-59歲,男,0.0
1916,51217db2c0a1da7c,2025-01-07,尿液,陰性,未檢出,無,30-39歲,女,0.0
1917,a20ff0010f37c0a9,2025-05-18,尿液,陰性,未檢出,無,20-29歲,男,0.0
1918,6685631fadb45511,2025-05-17,尿液,陰性,未檢出,無,50-59歲,女,0.0
1919,2f3907129d3af702,2025-04-11,尿液,陰性,未檢出,無,40-49歲,男,0.0
1920,393f483dc5f4911c,2025-01-31,尿液,陰性,未檢出,無,50-59歲,女,0.0
1921,0a16861405e8b3b9,2025-10-16,尿液,陰性,未檢出,無,50-59歲,男,0.0
1922,f13c021f02597292,2025-01-03,尿液,陰性,未檢出,無,60歲以上,男,0.0
1923,92e83c468d829ff3,2025-12-05,尿液,陰性,未檢出,無,50-59歲,女,0.0
1924,18d1f79297fc9802,2025-09-04,尿液,陰性,未檢出,無,40-49歲,男,0.0
1925,bc1bc82656616936,2025-02-27,尿液,陰性,未檢出,無,50-59歲,男,0.0
1926,bbeec15d8fd59c11,2025-02-07,血液,陰性,未檢出,無,40-49歲,女,0.0
1927,d07437da560392de,2025-05-04,尿液,陰性,未檢出,無,60歲以上,男,0.0
1928,f325446fcdb3ddc6,2025-05-09,尿液,陽性,甲基安非他命,二級,60歲以上,男,2.0
1929,30472855a51421d7,2025-02-12,尿液,陰性,未檢出,無,30-39歲,男,0.0
1930,3b19aa24d86d333d,2025-06-22,尿液,陰性,未檢出,無,20-29歲,男,0.0
1931,e3851836254601d9,2025-05-03,尿液,陽性,安非他命,二級,50-59歲,男,2.0
1932,370112d8999160ce,2025-04-27,尿液,陰性,未檢出,無,40-49歲,男,0.0
1933,20856a1140135465,2025-11-05,血液,陰性,未檢出,無,40-49歲,男,0.0
1934,4f36d158e1c77a6b,2025-06-01,尿液,陰性,未檢出,無,40-49歲,女,0.0
1935,96a95b8724da7c10,2025-12-06,尿液,陰性,未檢出,無,50-59歲,男,0.0
1936,1640f9f7d5972835,2025-11-01,尿液,陰性,未檢出,無,40-49歲,男,0.0
1937,35a1212b14d6e52b,2025-06-19,尿液,陽性,甲基安非他命,二級,30-39歲,男,2.0
1938,b3f6c8bd2e13c34d,2025-11-16,尿液,陰性,未檢出,無,40-49歲,男,0.0
1939,5c3ea79b1f51ce0c,2025-01-18,尿液,陽性,安非他命,二級,50-59歲,男,2.0
1940,5cde56b9372a9c4e,2025-12-07,尿液,陽性,甲基安非他命,二級,40-49歲,男,2.0
1941,12f0a92ce8b7ba20,2025-10-21,尿液,陽性,甲基安非他命,二級,50-59歲,男,2.0
1942,5f54e8049a682f34,2025-08-27,尿液,陽性,嗎啡,一級,40-49歲,男,3.0
1943,61e693ef1f578340,2025-01-01,尿液,陰性,未檢出,無,60歲以上,男,0.0
1944,bc59e58c2d78be19,2025-04-16,尿液,陰性,未檢出,無,20-29歲,女,0.0
1945,3ea8295878eb56ee,2025-12-26,尿液,陰性,未檢出,無,50-59歲,男,0.0
1946,9278c19f72088376,2025-12-24,尿液,陰性,未檢出,無,40-49歲,女,0.0
1947,c8d6dc6809bbe191,2025-02-12,血液,陽性,安非他命,二級,20-29歲,男,2.0
1948,16533f6f5274c337,2025-04-26,尿液,陰性,未檢出,無,40-49歲,男,0.0
1949,b496ed12738d9eae,2025-09-29,尿液,陰性,未檢出,無,40-49歲,男,0.0
1950,0323a213cf9ac074,2025-12-16,尿液,陰性,未檢出,無,20-29歲,男,0.0
1951,9e4e9064b3aa8b18,2025-01-21,尿液,陰性,未檢出,無,40-49歲,男,0.0
1952,f02b06b1cb129b8a,2025-11-04,尿液,陰性,未檢出,無,60歲以上,男,0.0
1953,5a6ef7ce82d7b42d,2025-01-22,尿液,陽性,甲基安非他命,二級,40-49歲,男,2.0
1954,47abd1b49f2948d7,2025-08-16,尿液,陰性,未檢出,無,50-59歲,男,0.0
1955,3777eacd0eb82a3b,2025-03-23,尿液,陰性,未檢出,無,20-29歲,男,0.0
1956,6d5a24a989b2012b,2025-12-03,血液,陰性,未檢出,無,40-49歲,男,0.0
1957,d7309c059f1d76d5,2025-02-22,尿液,陰性,未檢出,無,30-39歲,男,0.0
1958,efe3ec2098cd8cdc,2025-08-19,尿液,陽性,愷他命,三級,50-59歲,男,1.0
1959,6dcbeb0ea6259ab6,2025-07-13,血液,陰性,未檢出,無,50-59歲,女,0.0
1960,d8cd0661cd4a0fde,2025-07-18,尿液,陰性,未檢出,無,60歲以上,男,0.0
1961,095af5cbbc4382f2,2025-07-11,尿液,陰性,未檢出,無,30-39歲,男,0.0
1962,0247e00d6fd5737c,2025-04-21,尿液,陰性,未檢出,無,40-49歲,男,0.0
1963,2816290d70471763,2025-10-09,尿液,陰性,未檢出,無,19歲以下,男,0.0
1964,c64e0942f997315f,2025-08-14,尿液,陰性,未檢出,無,30-39歲,男,0.0
1965,2b471ee10bd4f772,2025-04-25,血液,陽性,安非他命,二級,50-59歲,男,2.0
1966,12adcc14d6d68757,2025-09-12,尿液,陽性,愷他命,三級,40-49歲,女,1.0
1967,68f89b62b03efb3b,2025-03-15,尿液,陰性,未檢出,無,30-39歲,男,0.0
1968,8a0a226d6081d2d5,2025-11-24,尿液,陰性,未檢出,無,30-39歲,男,0.0
1969,38d1d64d9571ce38,2025-03-22,尿液,陰性,未檢出,無,50-59歲,男,0.0
1970,ff6e04a9e4851ff7,2025-02-28,尿液,陰性,未檢出,無,20-29歲,男,0.0
1971,4ccf979773d9ae8e,2025-04-12,尿液,陰性,未檢出,無,40-49歲,男,0.0
1972,285b5f31b7e07c18,2025-06-14,尿液,陰性,未檢出,無,40-49歲,男,0.0
1973,d58ae827a4ef740d,2025-03-24,尿液,陰性,未檢出,無,40-49歲,男,0.0
1974,405f81c817a1e594,2025-02-08,尿液,陰性,未檢出,無,19歲以下,女,0.0
1975,d42d0f5f203aeb91,2025-07-18,尿液,陰性,未檢出,無,40-49歲,男,0.0
1976,d180c15d692cded8,2025-08-05,尿液,陰性,未檢出,無,30-39歲,男,0.0
1977,31f41ac12b4928dd,2025-08-17,尿液,陰性,未檢出,無,50-59歲,男,0.0
1978,64f251433696cd8d,2025-05-18,尿液,陰性,未檢出,無,30-39歲,男,0.0
1979,e7dec27785f25ef3,2025-10-22,尿液,陽性,甲基安非他命,二級,60歲以上,男,2.0
1980,757c8637a5fd0dc1,2025-10-24,尿液,陰性,未檢出,無,50-59歲,男,0.0
1981,94a25566b411d025,2025-01-01,尿液,陰性,未檢出,無,40-49歲,男,0.0
1982,c54327f5083ab759,2025-10-04,尿液,陰性,未檢出,無,50-59歲,男,0.0
1983,1d6da26f20634f58,2025-07-11,尿液,陽性,甲基安非他命,二級,50-59歲,男,2.0
1984,5a8e0959e0ffb173,2025-11-24,尿液,陰性,未檢出,無,60歲以上,男,0.0
1985,6371432bb6205d57,2025-04-20,尿液,陰性,未檢出,無,50-59歲,男,0.0
1986,9af8e9a33ea90ae1,2025-12-31,尿液,陰性,未檢出,無,50-59歲,女,0.0
1987,c21afa5160c2024f,2025-05-22,尿液,陰性,未檢出,無,50-59歲,男,0.0
1988,68c9ca9f8d70e9aa,2025-10-11,尿液,陽性,嗎啡,一級,20-29歲,男,3.0
1989,1ec19e29b7ce54bc,2025-10-10,尿液,陽性,甲基安非他命,二級,40-49歲,男,2.0
1990,83102586e84fb4cd,2025-12-08,尿液,陰性,未檢出,無,40-49歲,男,0.0
1991,3921c7a403b7f40a,2025-02-10,尿液,陽性,安非他命,二級,30-39歲,男,2.0
1992,fedb19f9b4320f9f,2025-03-25,血液,陰性,未檢出,無,40-49歲,男,0.0
1993,2f01dc242cc9b3bd,2025-01-08,尿液,陰性,未檢出,無,19歲以下,男,0.0
1994,c20dae0743eaa8e1,2025-06-28,血液,陰性,未檢出,無,50-59歲,男,0.0
1995,e980027e870c3ffc,2025-06-09,尿液,陽性,安非他命,二級,50-59歲,男,2.0
1996,822d2e1631d344db,2025-12-29,尿液,陰性,未檢出,無,40-49歲,男,0.0
1997,f001cda8db406212,2025-10-01,尿液,陰性,未檢出,無,50-59歲,男,0.0
1998,868e9c992edfae10,2025-03-28,尿液,陰性,未檢出,無,40-49歲,男,0.0
1999,ac099bad341060df,2025-02-08,尿液,陰性,未檢出,無,40-49歲,女,0.0
2000,f0bdd8fc293de2a1,2025-02-28,尿液,陰性,未檢出,無,40-49歲,男,0.0
2001,378f2f8cf25b5c15,2025-12-20,尿液,陰性,未檢出,無,50-59歲,男,0.0
2002,3ab9465b565796eb,2025-04-19,尿液,陰性,未檢出,無,40-49歲,男,0.0
2003,cf1bdd8e6f746d25,2025-03-14,尿液,陽性,安非他命,二級,30-39歲,男,2.0
2004,9cf15182bac508e5,2025-06-02,尿液,陰性,未檢出,無,40-49歲,男,0.0
2005,b64edf86e1287121,2025-03-08,尿液,陽性,甲基安非他命,二級,60歲以上,男,2.0
2006,a8a13fe508c5cefd,2025-04-06,尿液,陰性,未檢出,無,20-29歲,男,0.0
2007,48901240eb4c063f,2025-08-19,尿液,陰性,未檢出,無,40-49歲,女,0.0
2008,94b5822a47bddaa2,2025-09-23,尿液,陰性,未檢出,無,30-39歲,男,0.0
2009,7c7911f2a225fb53,2025-12-27,尿液,陰性,未檢出,無,20-29歲,男,0.0
2010,30b1bdad76420309,2025-01-18,尿液,陰性,未檢出,無,20-29歲,男,0.0
2011,752b8ee04c2bf2aa,2025-04-22,尿液,陰性,未檢出,無,50-59歲,男,0.0
2012,2bf0d16bf33fe7cf,2025-12-20,尿液,陰性,未檢出,無,50-59歲,男,0.0
2013,f1b9a713db0a37e3,2025-10-04,血液,陰性,未檢出,無,30-39歲,男,0.0
2014,d1095f8b37e6cb83,2025-03-12,尿液,陽性,嗎啡,一級,60歲以上,男,3.0
2015,907a6ef5b51bdcf3,2025-03-19,尿液,陰性,未檢出,無,40-49歲,女,0.0
2016,23296b41323287f4,2025-12-17,尿液,陰性,未檢出,無,60歲以上,男,0.0
2017,f3002016e294e493,2025-02-14,尿液,陰性,未檢出,無,30-39歲,男,0.0
2018,96413f0cc702113e,2025-11-04,尿液,陰性,未檢出,無,40-49歲,男,0.0
2019,8d88bcc630a663ef,2025-12-18,尿液,陰性,未檢出,無,30-39歲,男,0.0
2020,a1900ae57a310a0e,2025-11-05,尿液,陰性,未檢出,無,30-39歲,男,0.0
2021,42aa63122260e552,2025-05-24,尿液,陰性,未檢出,無,40-49歲,男,0.0
2022,d927e455820f82bb,2025-09-24,尿液,陰性,未檢出,無,30-39歲,男,0.0
2023,ea9f15d2607eec22,2025-03-17,尿液,陰性,未檢出,無,40-49歲,男,0.0
2024,10b1791c8aa36acc,2025-11-05,尿液,陰性,未檢出,無,20-29歲,女,0.0
2025,0a42a6e4a1dc2be0,2025-10-01,尿液,陰性,未檢出,無,30-39歲,男,0.0
2026,8aa1d5ace046ac08,2025-02-26,尿液,陰性,未檢出,無,50-59歲,男,0.0
2027,6107386b8523a8c5,2025-02-15,尿液,陰性,未檢出,無,50-59歲,男,0.0
2028,950d5b8187dfe465,2025-10-13,尿液,陰性,未檢出,無,40-49歲,女,0.0
2029,78868082e5dbd3d9,2025-07-29,尿液,陰性,未檢出,無,30-39歲,男,0.0
2030,fab2683dfa0eaf02,2025-11-02,尿液,陰性,未檢出,無,50-59歲,男,0.0
2031,f7b1a155cdb0d545,2025-01-16,尿液,陰性,未檢出,無,40-49歲,女,0.0
2032,360858d1173e4f6b,2025-11-22,尿液,陰性,未檢出,無,50-59歲,男,0.0
2033,fbd89e59282db8fe,2025-11-27,尿液,陰性,未檢出,無,40-49歲,男,0.0
2034,9639d3b5d8ada878,2025-09-01,尿液,陰性,未檢出,無,60歲以上,男,0.0
2035,33f8efdbef744fb4,2025-04-20,尿液,陰性,未檢出,無,50-59歲,男,0.0
2036,0196be5264a76a76,2025-03-07,尿液,陰性,未檢出,無,60歲以上,男,0.0
2037,c0f10ca2d932777c,2025-07-30,尿液,陽性,安非他命,二級,60歲以上,男,2.0
2038,6bb53ad91ab1a5b3,2025-05-09,血液,陰性,未檢出,無,20-29歲,男,0.0
2039,bb88b18cbaf5efb3,2025-02-11,尿液,陽性,愷他命,三級,50-59歲,男,1.0
2040,c8585c6010f1369f,2025-12-10,尿液,陰性,未檢出,無,50-59歲,男,0.0
2041,77dc1bb5409f3b14,2025-02-16,尿液,陰性,未檢出,無,50-59歲,男,0.0
2042,414f70bb4a9dc96f,2025-11-16,血液,陰性,未檢出,無,40-49歲,男,0.0
2043,91af48a2801bbf5a,2025-04-28,尿液,陰性,未檢出,無,30-39歲,男,0.0
2044,42c8ca42bb9f554e,2025-11-01,血液,陽性,安非他命,二級,50-59歲,男,2.0
2045,09c11b233705fb9a,2025-12-24,尿液,陰性,未檢出,無,40-49歲,男,0.0
2046,a3527a72288631cb,2025-01-08,尿液,陰性,未檢出,無,50-59歲,男,0.0
2047,51c7ef58af56a969,2025-03-09,尿液,陰性,未檢出,無,40-49歲,女,0.0
2048,1e1527cf04ad3572,2025-06-02,尿液,陰性,未檢出,無,30-39歲,男,0.0
2049,32fe701a17b852bd,2025-07-14,尿液,陰性,未檢出,無,19歲以下,男,0.0
2050,bb253e5fc73980a1,2025-12-18,血液,陰性,未檢出,無,40-49歲,男,0.0
2051,13d8b6ec76c65fe8,2025-06-17,尿液,陰性,未檢出,無,60歲以上,男,0.0
2052,3df9dfdbdfc63981,2025-04-19,尿液,陰性,未檢出,無,40-49歲,男,0.0
2053,aaf3a00b4cc9feca,2025-10-25,尿液,陰性,未檢出,無,50-59歲,女,0.0
2054,a08751156e2bc280,2025-07-23,尿液,陰性,未檢出,無,40-49歲,女,0.0
2055,e930f0b045c780f2,2025-04-30,尿液,陰性,未檢出,無,30-39歲,女,0.0
2056,dff4ae01a519d866,2025-09-04,尿液,陰性,未檢出,無,50-59歲,男,0.0
2057,f2814f48f528ae97,2025-08-26,尿液,陰性,未檢出,無,30-39歲,男,0.0
2058,a8c5b7f9f3c9e66d,2025-01-04,尿液,陰性,未檢出,無,60歲以上,男,0.0
2059,d41ebe5c78f534e3,2025-02-17,尿液,陰性,未檢出,無,20-29歲,男,0.0
2060,0d3881ff481b926a,2025-08-28,尿液,陰性,未檢出,無,50-59歲,男,0.0
2061,a16c1e8e9d6d4f3e,2025-03-25,尿液,陰性,未檢出,無,30-39歲,男,0.0
2062,2321a5a487beb6a4,2025-04-08,尿液,陽性,甲基安非他命,二級,30-39歲,男,2.0
2063,9c3c77d64a01a149,2025-09-06,尿液,陰性,未檢出,無,30-39歲,男,0.0
2064,523d3d51f1996776,2025-10-12,血液,陰性,未檢出,無,20-29歲,男,0.0
2065,2199e123f0927c8f,2025-02-20,尿液,陰性,未檢出,無,30-39歲,男,0.0
2066,c1df926fc0c6484a,2025-07-12,尿液,陰性,未檢出,無,20-29歲,男,0.0
2067,89f29414bf866bcf,2025-07-31,尿液,陰性,未檢出,無,40-49歲,男,0.0
2068,11303be6b09b9201,2025-10-30,血液,陽性,嗎啡,一級,30-39歲,男,3.0
2069,d32d606cb9fe9b18,2025-04-18,尿液,陰性,未檢出,無,50-59歲,男,0.0
2070,530019089e26f2fb,2025-01-31,尿液,陰性,未檢出,無,20-29歲,男,0.0
2071,ffc8e28339ae09dc,2025-08-27,血液,陰性,未檢出,無,30-39歲,男,0.0
2072,a4c223eba4b50eda,2025-10-23,尿液,陰性,未檢出,無,50-59歲,女,0.0
2073,e91f8799d9065978,2025-08-13,尿液,陰性,未檢出,無,50-59歲,女,0.0
2074,94ae81f39cb87a60,2025-07-01,尿液,陰性,未檢出,無,30-39歲,男,0.0
2075,2422dbf66814cf43,2025-03-10,尿液,陰性,未檢出,無,50-59歲,男,0.0
2076,8c5862945c84818b,2025-11-09,血液,陰性,未檢出,無,40-49歲,男,0.0
2077,7438926d4c6a7ddb,2025-11-08,尿液,陽性,嗎啡,一級,50-59歲,女,3.0
2078,36c7d7e5a2b99c8f,2025-01-30,血液,陰性,未檢出,無,19歲以下,男,0.0
2079,e99a12b35e5c832c,2025-08-17,尿液,陰性,未檢出,無,50-59歲,男,0.0
2080,8f387ed3494d2907,2025-10-18,尿液,陽性,愷他命,三級,50-59歲,男,1.0
2081,502ba578d3317b1b,2025-07-05,尿液,陰性,未檢出,無,60歲以上,女,0.0
2082,3f45200452bf4e87,2025-10-29,尿液,陰性,未檢出,無,50-59歲,男,0.0
2083,d033ac05e70d2826,2025-06-05,尿液,陰性,未檢出,無,50-59歲,男,0.0
2084,90ff0a1ef70f19bb,2025-07-14,尿液,陰性,未檢出,無,19歲以下,男,0.0
2085,9757ad98792542c2,2025-05-19,尿液,陽性,安非他命,二級,40-49歲,男,2.0
2086,df9b11a55272999a,2025-07-02,尿液,陰性,未檢出,無,50-59歲,女,0.0
2087,b11ceda0afba1449,2025-06-04,尿液,陰性,未檢出,無,30-39歲,女,0.0
2088,8f770679f43a4442,2025-03-26,尿液,陰性,未檢出,無,30-39歲,女,0.0
2089,838aca96ed60559a,2025-07-30,血液,陰性,未檢出,無,30-39歲,男,0.0
2090,dde0f4a9e1704dc3,2025-10-07,血液,陽性,安非他命,二級,40-49歲,男,2.0
2091,e50d43f3437e077b,2025-09-07,尿液,陰性,未檢出,無,30-39歲,男,0.0
2092,b181c02427f46bf7,2025-12-27,尿液,陰性,未檢出,無,50-59歲,男,0.0
2093,4c0cce2a88a02559,2025-06-18,尿液,陰性,未檢出,無,19歲以下,男,0.0
2094,562045e4d7caf0dd,2025-01-21,尿液,陽性,安非他命,二級,30-39歲,男,2.0
2095,3dfdfabd494883d1,2025-06-23,尿液,陽性,甲基安非他命,二級,40-49歲,男,2.0
2096,baec87c28a232c3c,2025-03-08,尿液,陽性,安非他命,二級,40-49歲,女,2.0
2097,8f06933900998d70,2025-07-09,尿液,陰性,未檢出,無,40-49歲,男,0.0
2098,4676d1cfdb814b7b,2025-06-06,尿液,陽性,甲基安非他命,二級,40-49歲,男,2.0
2099,abb94084a45ec7b2,2025-08-14,尿液,陰性,未檢出,無,50-59歲,男,0.0
2100,f245cf3eb6f7985b,2025-06-19,尿液,陰性,未檢出,無,40-49歲,男,0.0
2101,e3433030c4c43a37,2025-08-25,尿液,陰性,未檢出,無,60歲以上,男,0.0
2102,1f80444bb9268fde,2025-01-19,尿液,陰性,未檢出,無,30-39歲,男,0.0
2103,f7435ce27ce56427,2025-11-20,尿液,陰性,未檢出,無,20-29歲,男,0.0
2104,6358a72fa774524a,2025-10-27,尿液,陽性,甲基安非他命,二級,30-39歲,男,2.0
2105,13db5f2bf650346b,2025-10-08,尿液,陰性,未檢出,無,50-59歲,男,0.0
2106,9c6a70acb8f8cc3f,2025-10-12,尿液,陰性,未檢出,無,50-59歲,女,0.0
2107,fd7adf04fcdabb79,2025-12-16,尿液,陰性,未檢出,無,50-59歲,男,0.0
2108,bfb01d07a9b35086,2025-02-20,尿液,陽性,甲基安非他命,二級,50-59歲,男,2.0
2109,07e28278451c31d7,2025-06-14,尿液,陰性,未檢出,無,60歲以上,男,0.0
2110,a2c0058bad981c10,2025-06-29,尿液,陰性,未檢出,無,40-49歲,男,0.0
2111,7c9fcd5e1bd476b8,2025-08-14,尿液,陰性,未檢出,無,40-49歲,男,0.0
2112,cf512ac9d8a61d40,2025-12-03,尿液,陽性,愷他命,三級,50-59歲,女,1.0
2113,2c8fa6fa806ecb67,2025-10-16,尿液,陰性,未檢出,無,30-39歲,男,0.0
2114,1594540b47a44976,2025-09-12,尿液,陰性,未檢出,無,30-39歲,女,0.0
2115,0b7cf66149c02d95,2025-05-02,尿液,陽性,甲基安非他命,二級,19歲以下,男,2.0
2116,3a4cec5fa84cce35,2025-09-10,尿液,陽性,安非他命,二級,60歲以上,男,2.0
2117,5d9909cbd0abb180,2025-10-28,尿液,陰性,未檢出,無,50-59歲,男,0.0
2118,649280ec7bf4c36b,2025-03-15,尿液,陰性,未檢出,無,30-39歲,男,0.0
2119,3b3f39b1802595e4,2025-03-05,血液,陰性,未檢出,無,40-49歲,男,0.0
2120,c5b9b8fd045914c5,2025-07-04,血液,陰性,未檢出,無,30-39歲,男,0.0
2121,c19bbefb2002fb99,2025-10-04,尿液,陰性,未檢出,無,50-59歲,男,0.0
2122,6e1fa01789f33aef,2025-01-22,尿液,陰性,未檢出,無,20-29歲,男,0.0
2123,418411bc08bbad13,2025-01-06,尿液,陰性,未檢出,無,50-59歲,男,0.0
2124,8433ea062e034706,2025-01-15,尿液,陰性,未檢出,無,40-49歲,男,0.0
2125,df782e7d3613e601,2025-02-10,尿液,陰性,未檢出,無,50-59歲,男,0.0
2126,c8420dcc73404ed5,2025-04-11,尿液,陽性,安非他命,二級,20-29歲,男,2.0
2127,31c148dde0d6921b,2025-01-01,尿液,陰性,未檢出,無,50-59歲,男,0.0
2128,ecd0e6c128eba521,2025-01-04,尿液,陰性,未檢出,無,50-59歲,男,0.0
2129,57b015644b09d2f1,2025-10-02,尿液,陰性,未檢出,無,60歲以上,男,0.0
2130,f0196d14ea040d56,2025-06-02,尿液,陰性,未檢出,無,40-49歲,男,0.0
2131,526ff1666424b7fb,2025-11-27,尿液,陰性,未檢出,無,50-59歲,男,0.0
2132,94d6738b126fffb4,2025-03-30,尿液,陰性,未檢出,無,30-39歲,男,0.0
2133,425205f8978f6def,2025-10-20,尿液,陰性,未檢出,無,40-49歲,男,0.0
2134,b8a1a68adfc327fb,2025-01-09,尿液,陰性,未檢出,無,40-49歲,男,0.0
2135,6310567c2273dc0d,2025-12-05,尿液,陽性,甲基安非他命,二級,50-59歲,男,2.0
2136,f8b96b5380fb0b88,2025-08-15,尿液,陽性,安非他命,二級,40-49歲,女,2.0
2137,7b21d363d09b077b,2025-02-07,尿液,陽性,安非他命,二級,30-39歲,男,2.0
2138,fca59a5a785cec62,2025-02-21,尿液,陰性,未檢出,無,50-59歲,男,0.0
2139,6f477be3b9f9f0c7,2025-09-14,血液,陰性,未檢出,無,30-39歲,男,0.0
2140,7acf5c98ee18771e,2025-10-22,血液,陰性,未檢出,無,30-39歲,男,0.0
2141,0886950ca43b6bea,2025-10-15,尿液,陰性,未檢出,無,40-49歲,男,0.0
2142,ff1d46b7b112b64d,2025-01-29,尿液,陰性,未檢出,無,50-59歲,男,0.0
2143,701f59eda4fe41fe,2025-10-10,尿液,陰性,未檢出,無,30-39歲,男,0.0
2144,03945491ea584570,2025-04-22,尿液,陰性,未檢出,無,40-49歲,男,0.0
2145,fb6667f215dbc979,2025-07-12,尿液,陰性,未檢出,無,40-49歲,男,0.0
2146,9bf86a9a2af3f618,2025-02-17,血液,陽性,愷他命,三級,50-59歲,男,1.0
2147,788130e1fb19de9d,2025-11-20,尿液,陰性,未檢出,無,40-49歲,男,0.0
2148,f1812d9e08007642,2025-08-10,尿液,陰性,未檢出,無,40-49歲,男,0.0
2149,32e2755a974e686d,2025-03-19,尿液,陰性,未檢出,無,19歲以下,男,0.0
2150,3022c875d840833c,2025-09-04,尿液,陰性,未檢出,無,20-29歲,男,0.0
2151,f371647171a3e424,2025-10-23,尿液,陰性,未檢出,無,20-29歲,男,0.0
2152,f49597997341c606,2025-05-31,尿液,陰性,未檢出,無,50-59歲,男,0.0
2153,13bc785874acbfe9,2025-12-18,血液,陰性,未檢出,無,20-29歲,女,0.0
2154,3f67552e30d011bb,2025-01-13,尿液,陰性,未檢出,無,40-49歲,男,0.0
2155,b149fd6a64cd3f8d,2025-01-26,尿液,陰性,未檢出,無,40-49歲,男,0.0
2156,5e8c1dc95283dd3e,2025-09-04,血液,陽性,安非他命,二級,19歲以下,男,2.0
2157,99b47527c0a46328,2025-06-01,尿液,陽性,安非他命,二級,50-59歲,男,2.0
2158,c8296a0d0bebd1cd,2025-01-13,血液,陽性,甲基安非他命,二級,50-59歲,男,2.0
2159,c75c2d6cbd70ce64,2025-01-15,尿液,陽性,甲基安非他命,二級,50-59歲,男,2.0
2160,90d9471ff90a258b,2025-05-22,血液,陽性,安非他命,二級,30-39歲,男,2.0
2161,9dd47af4e0e0c384,2025-01-25,尿液,陰性,未檢出,無,50-59歲,男,0.0
2162,c564e93793da550b,2025-11-14,尿液,陰性,未檢出,無,40-49歲,女,0.0
2163,eee2b948c9b25ba1,2025-12-26,尿液,陰性,未檢出,無,60歲以上,男,0.0
2164,1b3e90a4198db314,2025-06-07,血液,陽性,安非他命,二級,30-39歲,男,2.0
2165,8cb4687c16b2891f,2025-06-13,尿液,陽性,愷他命,三級,50-59歲,女,1.0
2166,d4ff33afb9814ebc,2025-09-22,血液,陰性,未檢出,無,60歲以上,男,0.0
2167,eaae8967f26fa0d5,2025-07-01,尿液,陽性,嗎啡,一級,40-49歲,男,3.0
2168,7266da04b637cc45,2025-04-22,尿液,陰性,未檢出,無,40-49歲,女,0.0
2169,8fa8484804bb6e49,2025-03-18,尿液,陰性,未檢出,無,40-49歲,男,0.0
2170,dca116ac39d77d9e,2025-11-29,尿液,陽性,甲基安非他命,二級,20-29歲,男,2.0
2171,c2c9049d05af042b,2025-03-26,血液,陽性,甲基安非他命,二級,40-49歲,男,2.0
2172,c943153fc0b27e4b,2025-05-02,尿液,陽性,安非他命,二級,20-29歲,男,2.0
2173,664c93840e0776a3,2025-03-05,尿液,陰性,未檢出,無,20-29歲,男,0.0
2174,83492bc475c3eaaa,2025-05-27,尿液,陰性,未檢出,無,50-59歲,男,0.0
2175,fc45fe31eca70fbe,2025-06-22,尿液,陰性,未檢出,無,30-39歲,男,0.0
2176,18fd400eff9ab316,2025-09-14,尿液,陰性,未檢出,無,30-39歲,男,0.0
2177,0b6157fae4c6a4c7,2025-06-03,尿液,陽性,甲基安非他命,二級,50-59歲,女,2.0
2178,53988c7e6fbd144e,2025-07-30,尿液,陰性,未檢出,無,40-49歲,男,0.0
2179,60622ca985fe51c1,2025-07-04,血液,陰性,未檢出,無,40-49歲,男,0.0
2180,b8fe14c62141c5bf,2025-05-25,血液,陰性,未檢出,無,19歲以下,女,0.0
2181,15fd7070377f8c0b,2025-05-26,尿液,陰性,未檢出,無,30-39歲,女,0.0
2182,78c55b4ebc787f18,2025-07-26,尿液,陰性,未檢出,無,30-39歲,男,0.0
2183,79dd7b912b399213,2025-07-05,尿液,陰性,未檢出,無,40-49歲,男,0.0
2184,a7a097cfb25ecd96,2025-12-22,尿液,陽性,嗎啡,一級,40-49歲,男,3.0
2185,d0044da5d6fb9796,2025-12-16,尿液,陰性,未檢出,無,30-39歲,男,0.0
2186,f2f5c0978175dc36,2025-12-19,尿液,陰性,未檢出,無,40-49歲,女,0.0
2187,d4452d43ef3d85a8,2025-01-05,尿液,陰性,未檢出,無,40-49歲,男,0.0
2188,ef8a7268a12f2211,2025-09-27,尿液,陰性,未檢出,無,50-59歲,男,0.0
2189,e70ebd124d722cf7,2025-07-04,尿液,陰性,未檢出,無,20-29歲,男,0.0
2190,6df35ae9e77c38e9,2025-10-10,尿液,陰性,未檢出,無,30-39歲,男,0.0
2191,1f7b3dd8d9210c22,2025-07-18,尿液,陰性,未檢出,無,50-59歲,男,0.0
2192,2af428dfafe8053e,2025-09-13,尿液,陰性,未檢出,無,30-39歲,男,0.0
2193,979950a624b53376,2025-08-21,尿液,陰性,未檢出,無,40-49歲,男,0.0
2194,654b54e7545b9ea7,2025-02-17,尿液,陽性,愷他命,三級,60歲以上,男,1.0
2195,f3c4cd82ef085bb1,2025-05-09,尿液,陰性,未檢出,無,40-49歲,男,0.0
2196,afe9bc36ce48ea3a,2025-04-04,尿液,陰性,未檢出,無,50-59歲,男,0.0
2197,03fa340cbfcbc214,2025-12-21,尿液,陰性,未檢出,無,30-39歲,女,0.0
2198,998dfa2986a09e71,2025-07-05,尿液,陰性,未檢出,無,40-49歲,女,0.0
2199,e4786735d92d9d61,2025-11-04,尿液,陰性,未檢出,無,30-39歲,男,0.0
2200,88d1208ff6776e9e,2025-12-27,尿液,陰性,未檢出,無,40-49歲,男,0.0
2201,9233700b4516be79,2025-04-09,尿液,陰性,未檢出,無,50-59歲,男,0.0
2202,3cf0e9e0571a242b,2025-12-30,尿液,陰性,未檢出,無,40-49歲,男,0.0
2203,32b36986aa6476a8,2025-03-28,尿液,陰性,未檢出,無,20-29歲,女,0.0
2204,d5c2d57adec58e66,2025-07-27,尿液,陽性,愷他命,三級,60歲以上,男,1.0
2205,3d54330f488d051f,2025-04-07,尿液,陽性,安非他命,二級,40-49歲,男,2.0
2206,bdbacaa1e0a31a3b,2025-04-14,尿液,陰性,未檢出,無,50-59歲,男,0.0
2207,dafe37de9a9c0f44,2025-01-01,尿液,陰性,未檢出,無,50-59歲,男,0.0
2208,7d7794018be1934d,2025-07-15,尿液,陰性,未檢出,無,40-49歲,男,0.0
2209,1088a84018c0bf42,2025-05-29,尿液,陰性,未檢出,無,30-39歲,男,0.0
2210,9d1557c237f7b350,2025-09-01,尿液,陰性,未檢出,無,50-59歲,男,0.0
2211,02a2e321ac1b08bf,2025-02-18,尿液,陰性,未檢出,無,40-49歲,男,0.0
2212,784c755d972d5063,2025-10-30,尿液,陰性,未檢出,無,40-49歲,男,0.0
2213,ab46d6f8884c41de,2025-01-30,血液,陰性,未檢出,無,30-39歲,男,0.0
2214,0dec7be71ae2863c,2025-08-07,尿液,陰性,未檢出,無,50-59歲,女,0.0
2215,251517ca5211f9ea,2025-05-09,尿液,陰性,未檢出,無,40-49歲,男,0.0
2216,9868c5bc93b8ef17,2025-04-17,尿液,陽性,嗎啡,一級,50-59歲,男,3.0
2217,0e9200e9d8de03f4,2025-04-12,尿液,陰性,未檢出,無,60歲以上,男,0.0
2218,8c6a2ef53dc7a4ce,2025-09-14,尿液,陽性,愷他命,三級,60歲以上,男,1.0
2219,6af3551386b9f1fd,2025-10-25,尿液,陰性,未檢出,無,40-49歲,男,0.0
2220,c143ef267ddd7f64,2025-11-13,血液,陰性,未檢出,無,20-29歲,男,0.0
2221,ef60ac2d6063c4e4,2025-11-24,血液,陽性,甲基安非他命,二級,30-39歲,女,2.0
2222,1e0c42e83423e252,2025-09-01,尿液,陰性,未檢出,無,50-59歲,男,0.0
2223,18e1673c280d3c98,2025-03-03,尿液,陰性,未檢出,無,40-49歲,男,0.0
2224,19cdf2b901b06562,2025-06-27,尿液,陰性,未檢出,無,40-49歲,男,0.0
2225,2ad53884396711d5,2025-02-04,尿液,陰性,未檢出,無,50-59歲,女,0.0
2226,05a22dfa0a5e8a49,2025-12-28,尿液,陰性,未檢出,無,30-39歲,男,0.0
2227,ae1ab83b57c83612,2025-01-08,尿液,陰性,未檢出,無,50-59歲,男,0.0
2228,7a0a9d6177f2cfff,2025-06-18,尿液,陰性,未檢出,無,40-49歲,女,0.0
2229,984985f26c52dc85,2025-08-08,尿液,陽性,甲基安非他命,二級,40-49歲,女,2.0
2230,2d0564f85ad430ae,2025-06-27,尿液,陰性,未檢出,無,50-59歲,男,0.0
2231,3629861a4d49d7e2,2025-08-28,尿液,陰性,未檢出,無,50-59歲,女,0.0
2232,422c86b6fc98f7f7,2025-01-08,血液,陰性,未檢出,無,50-59歲,男,0.0
2233,8909e77fecaf9d14,2025-11-06,血液,陰性,未檢出,無,50-59歲,男,0.0
2234,e0288f7d176c97fb,2025-04-05,尿液,陰性,未檢出,無,50-59歲,男,0.0
2235,e941c235054e52e2,2025-12-25,尿液,陰性,未檢出,無,20-29歲,男,0.0
2236,eb3688451a002c56,2025-05-28,尿液,陰性,未檢出,無,30-39歲,男,0.0
2237,5b31155842e943db,2025-08-28,血液,陰性,未檢出,無,40-49歲,女,0.0
2238,ce173363289dd1f2,2025-06-30,血液,陰性,未檢出,無,50-59歲,男,0.0
2239,40454a12387d206a,2025-06-07,尿液,陰性,未檢出,無,20-29歲,女,0.0
2240,bdd95946b8baea54,2025-11-09,尿液,陰性,未檢出,無,50-59歲,男,0.0
2241,1956d2d3506a20a2,2025-05-10,尿液,陰性,未檢出,無,40-49歲,男,0.0
2242,6ad8fa767f890129,2025-09-21,尿液,陰性,未檢出,無,30-39歲,男,0.0
2243,42f08b71a9e2bb0d,2025-11-17,尿液,陰性,未檢出,無,40-49歲,男,0.0
2244,c3d24377a4684adb,2025-08-21,尿液,陰性,未檢出,無,40-49歲,男,0.0
2245,dde4eef70149b1c1,2025-07-13,尿液,陰性,未檢出,無,50-59歲,女,0.0
2246,896caca773c69630,2025-10-25,尿液,陰性,未檢出,無,30-39歲,男,0.0
2247,1f7bb315c352f54e,2025-10-17,尿液,陰性,未檢出,無,50-59歲,男,0.0
2248,e267bf333c329bbb,2025-09-09,尿液,陰性,未檢出,無,40-49歲,女,0.0
2249,da72db1f6fc9a0e4,2025-09-19,尿液,陽性,安非他命,二級,60歲以上,男,2.0
2250,7b25a8307989969a,2025-03-31,尿液,陰性,未檢出,無,20-29歲,男,0.0
2251,a9d64c7452681e92,2025-01-31,血液,陰性,未檢出,無,50-59歲,男,0.0
2252,c55d00856f1ea791,2025-05-20,尿液,陰性,未檢出,無,50-59歲,男,0.0
2253,68ac47300ad5829c,2025-01-07,尿液,陰性,未檢出,無,50-59歲,男,0.0
2254,ff9af2f1f28482f9,2025-08-28,血液,陰性,未檢出,無,40-49歲,男,0.0
2255,ae2940e4d441ec1a,2025-03-01,尿液,陽性,安非他命,二級,50-59歲,男,2.0
2256,cd5562ad9dca3799,2025-10-13,尿液,陰性,未檢出,無,19歲以下,男,0.0
2257,cae3de97aa7ae729,2025-09-19,尿液,陽性,安非他命,二級,40-49歲,男,2.0
2258,2eb384c5b05915f2,2025-09-03,尿液,陰性,未檢出,無,30-39歲,男,0.0
2259,8e6938122c673712,2025-03-24,尿液,陰性,未檢出,無,40-49歲,男,0.0
2260,4893b69dde2bc8e6,2025-07-26,尿液,陰性,未檢出,無,50-59歲,男,0.0
2261,bd323449b707c5ea,2025-06-26,尿液,陰性,未檢出,無,50-59歲,男,0.0
2262,d741b5e6fa47be53,2025-09-09,尿液,陽性,甲基安非他命,二級,50-59歲,女,2.0
2263,2d09cd76e3689aff,2025-03-26,尿液,陰性,未檢出,無,50-59歲,男,0.0
2264,e738e9c29b2ef038,2025-02-24,尿液,陰性,未檢出,無,20-29歲,男,0.0
2265,60d8bebd83ca6c6e,2025-03-07,尿液,陽性,愷他命,三級,50-59歲,男,1.0
2266,a29db47ba07d3551,2025-02-25,尿液,陰性,未檢出,無,40-49歲,男,0.0
2267,16a98123a0c69b31,2025-12-23,尿液,陰性,未檢出,無,50-59歲,男,0.0
2268,cd19ae20d49493fc,2025-11-20,尿液,陰性,未檢出,無,40-49歲,男,0.0
2269,8d4643cdde00bc2a,2025-08-31,尿液,陰性,未檢出,無,60歲以上,女,0.0
2270,05d95cf4fc5b6e2a,2025-11-11,尿液,陽性,甲基安非他命,二級,30-39歲,男,2.0
2271,bb689375a4b608af,2025-06-11,尿液,陽性,安非他命,二級,40-49歲,男,2.0
2272,9cb6c13030f4c195,2025-06-29,尿液,陰性,未檢出,無,40-49歲,男,0.0
2273,0c30b227e73e3487,2025-12-21,尿液,陰性,未檢出,無,50-59歲,男,0.0
2274,07eb4b19a6e6193e,2025-04-05,尿液,陰性,未檢出,無,19歲以下,男,0.0
2275,76e8140e7e27607a,2025-03-31,尿液,陰性,未檢出,無,20-29歲,男,0.0
2276,66c5d6f2572118ed,2025-05-02,尿液,陰性,未檢出,無,50-59歲,男,0.0
2277,9ecafe08189d09a2,2025-02-27,尿液,陰性,未檢出,無,19歲以下,男,0.0
2278,3bf8f56d0c6ac4ff,2025-09-06,尿液,陰性,未檢出,無,30-39歲,男,0.0
2279,33eab2e762fa0394,2025-08-25,尿液,陽性,愷他命,三級,30-39歲,男,1.0
2280,ca9d4e1c2df07db5,2025-12-19,尿液,陰性,未檢出,無,40-49歲,男,0.0
2281,fe351ddc5d874e3e,2025-07-13,尿液,陰性,未檢出,無,20-29歲,男,0.0
2282,fb87b5606dea27be,2025-12-23,尿液,陽性,甲基安非他命,二級,40-49歲,女,2.0
2283,66ec768587067105,2025-03-28,尿液,陰性,未檢出,無,40-49歲,男,0.0
2284,adb2fea688a6d9f5,2025-12-03,尿液,陰性,未檢出,無,40-49歲,女,0.0
2285,2d3ab402b49c3d57,2025-03-08,尿液,陰性,未檢出,無,40-49歲,男,0.0
2286,d932905e17aed65f,2025-06-19,尿液,陰性,未檢出,無,40-49歲,男,0.0
2287,0992f1a353a89a84,2025-09-17,尿液,陰性,未檢出,無,50-59歲,女,0.0
2288,fdf74c9c8c0e6209,2025-05-23,尿液,陰性,未檢出,無,40-49歲,男,0.0
2289,32c1944250ef09d6,2025-09-22,尿液,陽性,甲基安非他命,二級,40-49歲,女,2.0
2290,f7e7c0608763c1e8,2025-04-27,尿液,陰性,未檢出,無,50-59歲,男,0.0
2291,e089712bf2461ec5,2025-07-08,尿液,陰性,未檢出,無,40-49歲,男,0.0
2292,0274c86cae6c29e9,2025-10-22,尿液,陰性,未檢出,無,40-49歲,男,0.0
2293,1e7261b3ecf21ea6,2025-02-21,尿液,陰性,未檢出,無,20-29歲,男,0.0
2294,8d4927513a9b11d7,2025-06-02,尿液,陽性,安非他命,二級,60歲以上,女,2.0
2295,9fb08604bce48f83,2025-04-03,尿液,陰性,未檢出,無,50-59歲,男,0.0
2296,51eb25edce84ac2b,2025-08-17,尿液,陰性,未檢出,無,60歲以上,女,0.0
2297,ec123e4063fe9b4f,2025-02-04,尿液,陰性,未檢出,無,40-49歲,男,0.0
2298,c82774584bff9ab5,2025-06-20,尿液,陰性,未檢出,無,40-49歲,男,0.0
2299,9a94212f3181f2f7,2025-06-22,尿液,陰性,未檢出,無,40-49歲,男,0.0
2300,e4f9d6615cf8600b,2025-09-12,尿液,陽性,甲基安非他命,二級,60歲以上,男,2.0
2301,543a645e29551b59,2025-01-30,尿液,陰性,未檢出,無,40-49歲,女,0.0
2302,ce92306401d9346d,2025-08-18,尿液,陰性,未檢出,無,40-49歲,男,0.0
2303,dba185b4d753881f,2025-11-21,尿液,陽性,安非他命,二級,30-39歲,男,2.0
2304,50d80d28cec22ca9,2025-06-13,尿液,陰性,未檢出,無,50-59歲,女,0.0
2305,ab7c291727c3b6d6,2025-05-12,尿液,陰性,未檢出,無,40-49歲,女,0.0
2306,2d894b86d69023b6,2025-03-09,尿液,陰性,未檢出,無,30-39歲,男,0.0
2307,038dd42cf1c0ffcc,2025-06-04,尿液,陰性,未檢出,無,30-39歲,女,0.0
2308,64698df4de80f116,2025-08-22,尿液,陰性,未檢出,無,50-59歲,女,0.0
2309,57b51825cf24c261,2025-02-13,尿液,陰性,未檢出,無,40-49歲,女,0.0
2310,dba8dd61f5e9cfa9,2025-01-02,尿液,陰性,未檢出,無,30-39歲,男,0.0
2311,96631ffc8162959b,2025-08-12,尿液,陰性,未檢出,無,20-29歲,男,0.0
2312,ffb766a5b028526e,2025-03-27,血液,陰性,未檢出,無,40-49歲,男,0.0
2313,4d4a4e674afce0d1,2025-07-05,尿液,陰性,未檢出,無,19歲以下,男,0.0
2314,2bea7b1c3b9630d5,2025-02-09,尿液,陽性,甲基安非他命,二級,30-39歲,男,2.0
2315,33d6a4a7db4eda01,2025-09-07,尿液,陰性,未檢出,無,40-49歲,女,0.0
2316,61185f94e9352010,2025-12-08,尿液,陰性,未檢出,無,50-59歲,男,0.0
2317,b1d179b4a0116a9b,2025-10-11,尿液,陽性,甲基安非他命,二級,60歲以上,男,2.0
2318,3bc6a994ff85d6dd,2025-02-23,尿液,陰性,未檢出,無,20-29歲,男,0.0
2319,0e9b03de4a3d4e70,2025-12-15,尿液,陽性,愷他命,三級,40-49歲,男,1.0
2320,7784f53639074fbc,2025-06-06,尿液,陰性,未檢出,無,50-59歲,男,0.0
2321,5aa4b8f1343ca1df,2025-02-03,尿液,陰性,未檢出,無,30-39歲,女,0.0
2322,94deadbe67fb9aed,2025-08-24,尿液,陰性,未檢出,無,60歲以上,男,0.0
2323,1e9e1a7f8c41fcdf,2025-12-05,尿液,陰性,未檢出,無,30-39歲,男,0.0
2324,a5bc1c99165f65be,2025-08-09,尿液,陰性,未檢出,無,50-59歲,男,0.0
2325,f24eb190564be4bc,2025-05-27,尿液,陰性,未檢出,無,30-39歲,男,0.0
2326,fb2615bc89100aa1,2025-01-02,尿液,陰性,未檢出,無,50-59歲,男,0.0
2327,e3449120a165ea46,2025-03-29,尿液,陰性,未檢出,無,40-49歲,男,0.0
2328,03603cd90d4b329a,2025-07-25,尿液,陰性,未檢出,無,50-59歲,男,0.0
2329,ffc72ad88aefc831,2025-11-19,尿液,陰性,未檢出,無,40-49歲,男,0.0
2330,6f8dd33d3a9941af,2025-03-17,尿液,陽性,安非他命,二級,40-49歲,男,2.0
2331,6f1e6ac13cfbab83,2025-10-25,尿液,陰性,未檢出,無,40-49歲,男,0.0
2332,ffe7da07ec3f94cd,2025-07-05,血液,陰性,未檢出,無,50-59歲,男,0.0
2333,cb52940995da7ce3,2025-12-31,尿液,陰性,未檢出,無,50-59歲,男,0.0
2334,473707bc24f162c6,2025-01-13,血液,陰性,未檢出,無,40-49歲,男,0.0
2335,6b4f50ee55542c12,2025-03-23,尿液,陰性,未檢出,無,30-39歲,男,0.0
2336,6242325ae7e681b3,2025-06-11,尿液,陰性,未檢出,無,30-39歲,女,0.0
2337,23dec93cf0c16587,2025-05-17,尿液,陰性,未檢出,無,60歲以上,女,0.0
2338,45032c004d178567,2025-11-09,尿液,陽性,愷他命,三級,30-39歲,女,1.0
2339,cccdc35d02a3450e,2025-07-22,尿液,陽性,甲基安非他命,二級,60歲以上,男,2.0
2340,aa2c9e110b9b43fe,2025-06-09,尿液,陰性,未檢出,無,40-49歲,男,0.0
2341,bee6ee476863199b,2025-02-15,尿液,陰性,未檢出,無,60歲以上,男,0.0
2342,f324c5f10a527b7c,2025-02-03,尿液,陰性,未檢出,無,20-29歲,男,0.0
2343,48787a793453c98a,2025-10-14,尿液,陰性,未檢出,無,40-49歲,男,0.0
2344,546ca33119974a25,2025-03-25,尿液,陽性,甲基安非他命,二級,50-59歲,男,2.0
2345,4aff444de068dc29,2025-02-09,尿液,陰性,未檢出,無,40-49歲,男,0.0
2346,247be05f6d378fec,2025-03-11,尿液,陰性,未檢出,無,50-59歲,女,0.0
2347,596e496586d9cd9f,2025-07-29,血液,陰性,未檢出,無,30-39歲,男,0.0
2348,82a3dcf89cdd6d1b,2025-10-19,尿液,陰性,未檢出,無,50-59歲,男,0.0
2349,ed73eb755099b171,2025-09-09,尿液,陰性,未檢出,無,40-49歲,女,0.0
2350,accb8e4419c1669e,2025-07-13,尿液,陰性,未檢出,無,30-39歲,男,0.0
2351,05305883c10a0ce4,2025-01-27,血液,陰性,未檢出,無,40-49歲,男,0.0
2352,88847b4569688ce2,2025-03-27,尿液,陰性,未檢出,無,40-49歲,女,0.0
2353,b48047db1c09dd8c,2025-07-04,尿液,陰性,未檢出,無,60歲以上,男,0.0
2354,3defd042a719f778,2025-06-27,尿液,陰性,未檢出,無,60歲以上,男,0.0
2355,a797327df0341285,2025-07-20,尿液,陰性,未檢出,無,60歲以上,男,0.0
2356,48c2721e426ef7f2,2025-01-05,尿液,陰性,未檢出,無,20-29歲,男,0.0
2357,5d52740f043d9cb7,2025-07-13,尿液,陰性,未檢出,無,60歲以上,男,0.0
2358,e21500b839a58d15,2025-09-20,尿液,陰性,未檢出,無,20-29歲,男,0.0
2359,dd79f01ad8c28ec5,2025-03-07,尿液,陰性,未檢出,無,20-29歲,男,0.0
2360,e56ef2604b569eea,2025-08-16,尿液,陰性,未檢出,無,20-29歲,男,0.0
2361,1b0d2359dae94fe2,2025-08-26,尿液,陰性,未檢出,無,40-49歲,男,0.0
2362,f5e785b064c5bd93,2025-10-27,尿液,陽性,安非他命,二級,50-59歲,男,2.0
2363,593d731213e108c6,2025-06-04,血液,陰性,未檢出,無,40-49歲,男,0.0
2364,4f61d20f1a6d411f,2025-02-03,尿液,陰性,未檢出,無,30-39歲,男,0.0
2365,f676116b19a404c6,2025-05-31,尿液,陰性,未檢出,無,60歲以上,男,0.0
2366,6679707e8b33b717,2025-10-17,尿液,陰性,未檢出,無,40-49歲,男,0.0
2367,63899eaece107c6c,2025-10-06,尿液,陽性,愷他命,三級,50-59歲,男,1.0
2368,54ba883b2fc32bcd,2025-08-16,尿液,陰性,未檢出,無,40-49歲,男,0.0
2369,3af4a130c79e2091,2025-03-28,尿液,陽性,安非他命,二級,30-39歲,女,2.0
2370,257e8bd6b00a3df0,2025-01-30,血液,陰性,未檢出,無,40-49歲,男,0.0
2371,b3e023bb333dc52d,2025-05-10,尿液,陰性,未檢出,無,40-49歲,男,0.0
2372,05e62788da38e084,2025-01-29,尿液,陽性,甲基安非他命,二級,40-49歲,男,2.0
2373,84cac9d877f6567e,2025-08-10,尿液,陰性,未檢出,無,50-59歲,男,0.0
2374,67e0dd2e89648b6f,2025-01-27,血液,陰性,未檢出,無,19歲以下,男,0.0
2375,4326bf92f2f1d431,2025-03-10,尿液,陰性,未檢出,無,40-49歲,男,0.0
2376,37d92b0a817f4be6,2025-11-17,血液,陽性,嗎啡,一級,40-49歲,男,3.0
2377,c1e7831b044ca9ab,2025-01-04,尿液,陽性,甲基安非他命,二級,40-49歲,男,2.0
2378,f9eebcbe822189cf,2025-09-05,尿液,陰性,未檢出,無,40-49歲,男,0.0
2379,dcccb056af061d6b,2025-08-02,血液,陰性,未檢出,無,30-39歲,男,0.0
2380,aa364079cdd92482,2025-02-17,尿液,陰性,未檢出,無,20-29歲,男,0.0
2381,839941eb086e0811,2025-09-16,尿液,陰性,未檢出,無,20-29歲,男,0.0
2382,7853238a510c8711,2025-05-13,尿液,陰性,未檢出,無,50-59歲,男,0.0
2383,0caab07123eb9b58,2025-12-29,尿液,陰性,未檢出,無,60歲以上,男,0.0
2384,4b9f52daa9843bf6,2025-12-09,尿液,陽性,甲基安非他命,二級,50-59歲,男,2.0
2385,8dad57fa168247dc,2025-11-02,尿液,陰性,未檢出,無,40-49歲,男,0.0
2386,95b3b1d9cafcd160,2025-08-11,尿液,陽性,愷他命,三級,40-49歲,男,1.0
2387,e103a46f89f4b407,2025-08-02,尿液,陰性,未檢出,無,30-39歲,女,0.0
2388,ec940e547a2646a2,2025-11-10,尿液,陰性,未檢出,無,30-39歲,男,0.0
2389,f342c2ec29c261f0,2025-04-04,尿液,陰性,未檢出,無,50-59歲,男,0.0
2390,57ea1873ccba4724,2025-10-01,尿液,陽性,安非他命,二級,40-49歲,男,2.0
2391,1bc5c45428357b90,2025-10-09,尿液,陰性,未檢出,無,50-59歲,女,0.0
2392,b4806181825f3f73,2025-12-04,尿液,陰性,未檢出,無,60歲以上,男,0.0
2393,aadc70181fc51623,2025-06-19,尿液,陽性,安非他命,二級,40-49歲,男,2.0
2394,c0b7851330374698,2025-04-07,尿液,陰性,未檢出,無,40-49歲,男,0.0
2395,663cc82cd25fdef2,2025-01-23,血液,陰性,未檢出,無,30-39歲,男,0.0
2396,2d8daedbda4a176f,2025-08-16,尿液,陰性,未檢出,無,30-39歲,男,0.0
2397,ecca57eac6b5d070,2025-04-21,尿液,陰性,未檢出,無,60歲以上,男,0.0
2398,a394a8bab260ddf5,2025-11-14,尿液,陰性,未檢出,無,50-59歲,男,0.0
2399,6a6cd97e081e57f2,2025-04-13,尿液,陰性,未檢出,無,50-59歲,男,0.0
2400,f5e90d14f0c08f4f,2025-12-17,尿液,陰性,未檢出,無,20-29歲,男,0.0
2401,a78afafb7ee4e454,2025-11-05,尿液,陰性,未檢出,無,30-39歲,男,0.0
2402,b5d679994e80c188,2025-05-06,尿液,陽性,甲基安非他命,二級,40-49歲,男,2.0
2403,52f7c28f3cba773a,2025-11-02,尿液,陰性,未檢出,無,60歲以上,男,0.0
2404,a754214d6dcec67f,2025-12-13,尿液,陰性,未檢出,無,50-59歲,男,0.0
2405,c28cd9baa31889a3,2025-10-24,血液,陰性,未檢出,無,60歲以上,男,0.0
2406,80c55874ff50f4d9,2025-07-17,尿液,陰性,未檢出,無,60歲以上,男,0.0
2407,d648364645aa2169,2025-03-01,血液,陰性,未檢出,無,50-59歲,男,0.0
2408,59794a5544012b61,2025-01-18,尿液,陰性,未檢出,無,40-49歲,男,0.0
2409,97f37f3dfb1c3116,2025-09-12,尿液,陰性,未檢出,無,20-29歲,男,0.0
2410,735371c45260072e,2025-07-16,尿液,陰性,未檢出,無,60歲以上,女,0.0
2411,abea44e42381fc0d,2025-10-20,尿液,陰性,未檢出,無,20-29歲,男,0.0
2412,079ae078b870e856,2025-04-04,尿液,陰性,未檢出,無,50-59歲,男,0.0
2413,217ef6ceb1b0263d,2025-06-28,尿液,陰性,未檢出,無,20-29歲,男,0.0
2414,6313ae62c532ef59,2025-10-19,尿液,陰性,未檢出,無,40-49歲,女,0.0
2415,86cbd1dbeafe530c,2025-10-31,尿液,陰性,未檢出,無,60歲以上,男,0.0
2416,7d5a6d01fb85462d,2025-01-30,尿液,陽性,甲基安非他命,二級,20-29歲,男,2.0
2417,04b21921a29899fa,2025-11-03,尿液,陽性,甲基安非他命,二級,50-59歲,男,2.0
2418,b38927987830c30d,2025-12-29,尿液,陰性,未檢出,無,30-39歲,女,0.0
2419,44c1a0009004e2bb,2025-10-04,尿液,陽性,愷他命,三級,30-39歲,男,1.0
2420,13d50cb4b8914b03,2025-12-23,尿液,陽性,甲基安非他命,二級,30-39歲,女,2.0
2421,0775e25c2999aaca,2025-06-23,尿液,陰性,未檢出,無,30-39歲,男,0.0
2422,45bddb041df74500,2025-11-27,尿液,陰性,未檢出,無,40-49歲,男,0.0
2423,0b34a2c6909aa224,2025-03-23,尿液,陽性,愷他命,三級,60歲以上,男,1.0
2424,58bb0937ab8a5400,2025-07-13,血液,陰性,未檢出,無,60歲以上,男,0.0
2425,a77716a47221b6f9,2025-04-10,尿液,陰性,未檢出,無,40-49歲,女,0.0
2426,4d1f5702e4197f56,2025-10-18,尿液,陰性,未檢出,無,20-29歲,男,0.0
2427,f680d9be4bf4e8d3,2025-07-16,血液,陰性,未檢出,無,40-49歲,男,0.0
2428,6feea4013c9a4d45,2025-05-02,尿液,陽性,安非他命,二級,40-49歲,男,2.0
2429,f9d62c206f31b286,2025-06-28,尿液,陽性,甲基安非他命,二級,50-59歲,男,2.0
2430,d361a407bb611a29,2025-05-24,尿液,陽性,安非他命,二級,60歲以上,女,2.0
2431,4090bee1ab4c9fd3,2025-10-15,尿液,陰性,未檢出,無,50-59歲,男,0.0
2432,31a68f2d965deb91,2025-01-21,尿液,陽性,安非他命,二級,30-39歲,男,2.0
2433,12aaaa031a04cd5d,2025-11-01,尿液,陰性,未檢出,無,40-49歲,男,0.0
2434,c39d7d81df985834,2025-05-25,尿液,陰性,未檢出,無,60歲以上,女,0.0
2435,79584cbffd2f358a,2025-07-26,尿液,陰性,未檢出,無,30-39歲,男,0.0
2436,1c6d1c10f1233f61,2025-12-15,尿液,陰性,未檢出,無,50-59歲,男,0.0
2437,abde315bd2c2aff0,2025-09-03,尿液,陰性,未檢出,無,40-49歲,女,0.0
2438,d4ef86f112f63882,2025-09-24,血液,陽性,甲基安非他命,二級,60歲以上,男,2.0
2439,3ca5a4140f52e416,2025-11-24,尿液,陰性,未檢出,無,30-39歲,女,0.0
2440,6b4ad0562a0a2f64,2025-10-15,尿液,陰性,未檢出,無,50-59歲,男,0.0
2441,edb9360bf1d6306c,2025-09-20,尿液,陰性,未檢出,無,40-49歲,男,0.0
2442,168c587c3188b839,2025-12-30,尿液,陽性,嗎啡,一級,40-49歲,男,3.0
2443,99174b56738aea01,2025-08-23,尿液,陰性,未檢出,無,30-39歲,男,0.0
2444,21cdf760b4883101,2025-04-15,尿液,陰性,未檢出,無,20-29歲,男,0.0
2445,cea7401200ea3dd2,2025-08-10,尿液,陰性,未檢出,無,60歲以上,女,0.0
2446,66296086e7f517b4,2025-10-24,尿液,陰性,未檢出,無,19歲以下,女,0.0
2447,f610a5b99afcdcc2,2025-11-17,尿液,陰性,未檢出,無,50-59歲,男,0.0
2448,1e2433591d391b49,2025-11-25,尿液,陰性,未檢出,無,30-39歲,男,0.0
2449,d6e28a9a96c406e1,2025-09-25,尿液,陽性,安非他命,二級,40-49歲,男,2.0
2450,3fc0b3e396ddbe9d,2025-12-05,尿液,陰性,未檢出,無,60歲以上,男,0.0
2451,18387181fb396b13,2025-02-20,血液,陰性,未檢出,無,50-59歲,男,0.0
2452,4e78697bd99046f9,2025-08-31,尿液,陰性,未檢出,無,40-49歲,男,0.0
2453,0c4540f715e82ef8,2025-06-21,尿液,陽性,甲基安非他命,二級,30-39歲,男,2.0
2454,3249397cd74b604e,2025-01-03,尿液,陰性,未檢出,無,60歲以上,男,0.0
2455,24c99af4906e2589,2025-08-09,尿液,陰性,未檢出,無,40-49歲,女,0.0
2456,2fee4754042fec4a,2025-08-09,尿液,陰性,未檢出,無,60歲以上,男,0.0
2457,3cbb87d485696436,2025-09-04,尿液,陰性,未檢出,無,40-49歲,男,0.0
2458,a2a3593dc3bbeb3c,2025-11-12,尿液,陰性,未檢出,無,40-49歲,男,0.0
2459,2835d4041c93a886,2025-04-26,尿液,陽性,愷他命,三級,20-29歲,男,1.0
2460,cecea90399d90646,2025-04-21,尿液,陽性,甲基安非他命,二級,30-39歲,男,2.0
2461,36c157fd6db6dd30,2025-08-14,尿液,陰性,未檢出,無,40-49歲,男,0.0
2462,b907cd40bf2bd550,2025-08-23,尿液,陰性,未檢出,無,30-39歲,男,0.0
2463,22e056d60a6aa739,2025-05-25,血液,陰性,未檢出,無,50-59歲,男,0.0
2464,941537ef6e488d91,2025-09-05,尿液,陽性,愷他命,三級,30-39歲,男,1.0
2465,dd71d922b5f43c9d,2025-12-03,尿液,陰性,未檢出,無,60歲以上,女,0.0
2466,dc3477b6f8b17aeb,2025-10-07,尿液,陰性,未檢出,無,40-49歲,男,0.0
2467,3e83ba549a47d018,2025-09-15,尿液,陰性,未檢出,無,40-49歲,男,0.0
2468,cf4649b9b0ede5ef,2025-05-27,血液,陰性,未檢出,無,30-39歲,男,0.0
2469,32bec2f0d1038174,2025-05-18,尿液,陰性,未檢出,無,50-59歲,女,0.0
2470,3cbae0c54ca7b7dc,2025-10-08,尿液,陰性,未檢出,無,40-49歲,男,0.0
2471,c37611522e910b35,2025-12-04,尿液,陽性,安非他命,二級,30-39歲,男,2.0
2472,c597326dc0c7574f,2025-01-01,尿液,陰性,未檢出,無,50-59歲,男,0.0
2473,44e75802c5326eeb,2025-11-27,尿液,陰性,未檢出,無,50-59歲,男,0.0
2474,ff5cbc136dca85af,2025-01-21,尿液,陽性,甲基安非他命,二級,40-49歲,男,2.0
2475,721379eb9e39692b,2025-12-08,尿液,陰性,未檢出,無,40-49歲,男,0.0
2476,31d020f2763deb16,2025-09-22,血液,陰性,未檢出,無,50-59歲,女,0.0
2477,9b9a0bfac0b28411,2025-01-15,尿液,陰性,未檢出,無,40-49歲,男,0.0
2478,5f46fda4a0d30f57,2025-06-30,尿液,陰性,未檢出,無,60歲以上,女,0.0
2479,8d89e46f34d7a83b,2025-07-08,尿液,陰性,未檢出,無,40-49歲,男,0.0
2480,99db32c087f1babb,2025-06-04,尿液,陰性,未檢出,無,40-49歲,男,0.0
2481,158f2d2e2e437df5,2025-11-14,尿液,陰性,未檢出,無,30-39歲,男,0.0
2482,d03034819f250d3e,2025-04-21,尿液,陽性,甲基安非他命,二級,60歲以上,男,2.0
2483,2830ff64ab92cb15,2025-08-27,尿液,陰性,未檢出,無,50-59歲,男,0.0
2484,dbf59ff92ed038d8,2025-04-21,尿液,陽性,安非他命,二級,50-59歲,男,2.0
2485,5fbe0b1a5e094153,2025-06-26,尿液,陰性,未檢出,無,20-29歲,男,0.0
2486,4a3c94e02f04f1bc,2025-01-02,尿液,陰性,未檢出,無,50-59歲,男,0.0
2487,ef4810d0c36a6bc2,2025-01-30,尿液,陰性,未檢出,無,40-49歲,男,0.0
2488,203cbe5cf8834383,2025-07-31,血液,陰性,未檢出,無,40-49歲,男,0.0
2489,07cece048cbfbae8,2025-12-25,尿液,陰性,未檢出,無,50-59歲,男,0.0
2490,68cb69b5cd50f888,2025-02-16,尿液,陰性,未檢出,無,40-49歲,男,0.0
2491,3cca371add11af24,2025-11-15,尿液,陰性,未檢出,無,60歲以上,男,0.0
2492,261cfa138d4421db,2025-09-18,尿液,陰性,未檢出,無,50-59歲,男,0.0
2493,334124398f50d854,2025-04-24,尿液,陰性,未檢出,無,50-59歲,女,0.0
2494,1d983c3a37f1fd38,2025-04-22,尿液,陰性,未檢出,無,40-49歲,女,0.0
2495,f11576f02c0ffc36,2025-07-03,尿液,陽性,安非他命,二級,40-49歲,男,2.0
2496,5e2d686c93b8fc0e,2025-12-02,尿液,陰性,未檢出,無,40-49歲,男,0.0
2497,d89574bb808bef8f,2025-11-26,尿液,陽性,安非他命,二級,40-49歲,男,2.0
2498,1e06a8769571f807,2025-10-29,血液,陰性,未檢出,無,60歲以上,女,0.0
2499,2aed9c58e0f6b9e6,2025-04-23,尿液,陰性,未檢出,無,19歲以下,女,0.0
2500,74ae3cb89dd23120,2025-03-20,尿液,陽性,安非他命,二級,50-59歲,男,2.0
2501,67fad80a8f8da276,2025-05-04,尿液,陰性,未檢出,無,30-39歲,男,0.0
2502,af61603e4e3dfa18,2025-12-12,尿液,陰性,未檢出,無,50-59歲,男,0.0
2503,d84fd4c8d7125af5,2025-10-29,尿液,陽性,甲基安非他命,二級,20-29歲,男,2.0
2504,64eb2af1d7b34dfc,2025-09-07,尿液,陰性,未檢出,無,20-29歲,女,0.0
2505,e760d352ce0abbd9,2025-03-12,尿液,陰性,未檢出,無,60歲以上,男,0.0
2506,d9f860eab4377d35,2025-10-05,尿液,陰性,未檢出,無,50-59歲,男,0.0
2507,955973c88341fa32,2025-02-14,尿液,陽性,甲基安非他命,二級,40-49歲,男,2.0
2508,1c74c0c805b45f20,2025-06-02,尿液,陰性,未檢出,無,60歲以上,男,0.0
2509,c61f176d8b3491e4,2025-04-22,尿液,陰性,未檢出,無,30-39歲,男,0.0
2510,b66ac6c6f5772f2b,2025-01-05,尿液,陰性,未檢出,無,50-59歲,男,0.0
2511,905db7a58d5b70fe,2025-06-29,尿液,陰性,未檢出,無,40-49歲,男,0.0
2512,3497e3b658a31936,2025-05-20,尿液,陽性,安非他命,二級,50-59歲,男,2.0
2513,a7f3937ceb8a22ef,2025-06-07,尿液,陰性,未檢出,無,40-49歲,男,0.0
2514,e06a9e2d9cdd537b,2025-04-10,尿液,陰性,未檢出,無,40-49歲,男,0.0
2515,a75b2e3f163dcdc0,2025-03-11,尿液,陰性,未檢出,無,20-29歲,女,0.0
2516,3844b6e0233a8b01,2025-09-22,尿液,陽性,安非他命,二級,60歲以上,男,2.0
2517,b16e0230c4a3af89,2025-05-01,尿液,陰性,未檢出,無,30-39歲,男,0.0
2518,52be3bfe64514b3b,2025-04-16,尿液,陰性,未檢出,無,19歲以下,男,0.0
2519,cafcf59f80949566,2025-11-04,血液,陰性,未檢出,無,60歲以上,男,0.0
2520,b16753ced75e4c32,2025-10-27,尿液,陽性,嗎啡,一級,40-49歲,男,3.0
2521,2d9b266381fe3f2f,2025-05-18,尿液,陰性,未檢出,無,50-59歲,男,0.0
2522,2ef175d97f4afeff,2025-05-11,尿液,陰性,未檢出,無,40-49歲,男,0.0
2523,95b4c20b36e9760f,2025-11-14,血液,陰性,未檢出,無,40-49歲,女,0.0
2524,86e61eb0301c7170,2025-03-23,尿液,陰性,未檢出,無,30-39歲,男,0.0
2525,9c6efb5f72941bf6,2025-10-25,尿液,陰性,未檢出,無,50-59歲,男,0.0
2526,9ffb96f90393b37a,2025-12-09,尿液,陰性,未檢出,無,19歲以下,女,0.0
2527,2400365c7f538f3d,2025-09-01,尿液,陰性,未檢出,無,50-59歲,男,0.0
2528,b59704ab2a8ee9cc,2025-05-29,尿液,陰性,未檢出,無,40-49歲,男,0.0
2529,edc73b367152e75e,2025-12-29,尿液,陰性,未檢出,無,50-59歲,男,0.0
2530,a84304611c144151,2025-12-16,尿液,陰性,未檢出,無,50-59歲,男,0.0
2531,354fb6fad4afb147,2025-06-07,尿液,陽性,愷他命,三級,20-29歲,男,1.0
2532,d266c078d6e8eb9c,2025-01-20,尿液,陽性,甲基安非他命,二級,30-39歲,男,2.0
2533,ac829ab27aa77f56,2025-04-16,尿液,陽性,甲基安非他命,二級,50-59歲,男,2.0
2534,5178fc87e8f06b00,2025-11-27,尿液,陽性,甲基安非他命,二級,50-59歲,男,2.0
2535,0553e98205e6f924,2025-01-22,尿液,陰性,未檢出,無,40-49歲,男,0.0
2536,57b81fb25923c532,2025-04-18,尿液,陰性,未檢出,無,50-59歲,男,0.0
2537,cccc536959c59abe,2025-06-12,血液,陰性,未檢出,無,50-59歲,男,0.0
2538,eb2a184e3e75c6c1,2025-10-25,尿液,陰性,未檢出,無,40-49歲,女,0.0
2539,27a460f134612540,2025-11-03,尿液,陰性,未檢出,無,60歲以上,男,0.0
2540,7fd49d2907728899,2025-11-11,尿液,陰性,未檢出,無,50-59歲,男,0.0
2541,e2f84976fe6252fe,2025-04-25,尿液,陰性,未檢出,無,50-59歲,男,0.0
2542,c01de6b9102bb9c1,2025-12-04,尿液,陰性,未檢出,無,40-49歲,男,0.0
2543,3ee14ea444194730,2025-06-24,尿液,陰性,未檢出,無,50-59歲,男,0.0
2544,755939b00ba0022c,2025-04-02,尿液,陰性,未檢出,無,20-29歲,女,0.0
2545,c2a41b3e710b2e27,2025-03-11,尿液,陽性,甲基安非他命,二級,60歲以上,男,2.0
2546,c469a4c8339975c6,2025-08-18,血液,陰性,未檢出,無,50-59歲,男,0.0
2547,3d54385cd9f5914d,2025-05-18,尿液,陰性,未檢出,無,40-49歲,男,0.0
2548,13e15207b3b72a30,2025-07-13,尿液,陽性,甲基安非他命,二級,30-39歲,男,2.0
2549,3fc68bc252707afc,2025-09-26,尿液,陰性,未檢出,無,50-59歲,男,0.0
2550,38ff9c882921ec80,2025-12-11,尿液,陰性,未檢出,無,50-59歲,男,0.0
2551,5823204ddd8aef9c,2025-09-08,尿液,陰性,未檢出,無,40-49歲,女,0.0
2552,83d94472e91aeb63,2025-02-03,尿液,陽性,安非他命,二級,30-39歲,男,2.0
2553,ee6135831e0c4bd2,2025-06-23,尿液,陰性,未檢出,無,60歲以上,男,0.0
2554,d43fdba19cde69d1,2025-10-04,尿液,陽性,甲基安非他命,二級,40-49歲,男,2.0
2555,efb5fb58ad354b3a,2025-01-15,尿液,陰性,未檢出,無,40-49歲,男,0.0
2556,75919d61f5bfe745,2025-10-25,尿液,陰性,未檢出,無,40-49歲,男,0.0
2557,f74d5d572c409657,2025-01-23,尿液,陰性,未檢出,無,50-59歲,男,0.0
2558,50f128929c65b1d8,2025-08-11,尿液,陰性,未檢出,無,20-29歲,男,0.0
2559,a82919e272010cff,2025-12-04,血液,陽性,安非他命,二級,50-59歲,男,2.0
2560,c42e4b7de15631b2,2025-12-18,尿液,陰性,未檢出,無,50-59歲,男,0.0
2561,9b8dcf825c43892e,2025-03-29,尿液,陽性,安非他命,二級,30-39歲,女,2.0
2562,b2cecfc1309f3245,2025-09-23,尿液,陰性,未檢出,無,19歲以下,男,0.0
2563,a4982cfd347ccc80,2025-09-12,尿液,陽性,嗎啡,一級,40-49歲,男,3.0
2564,989cda58ee8f5cc2,2025-10-04,尿液,陽性,甲基安非他命,二級,50-59歲,男,2.0
2565,65d530bf88095796,2025-12-26,血液,陽性,甲基安非他命,二級,20-29歲,男,2.0
2566,4cc5736a05cfdaa8,2025-07-24,尿液,陽性,甲基安非他命,二級,60歲以上,男,2.0
2567,0a16acfb734bb3a0,2025-01-05,尿液,陰性,未檢出,無,50-59歲,男,0.0
2568,f2a8717944eb99a9,2025-07-11,尿液,陰性,未檢出,無,40-49歲,男,0.0
2569,4c7e6c0e472ddedc,2025-11-17,尿液,陽性,甲基安非他命,二級,20-29歲,男,2.0
2570,a2692c40ca31cb5d,2025-06-05,尿液,陰性,未檢出,無,50-59歲,男,0.0
2571,b9479b4197196cfd,2025-03-31,尿液,陽性,甲基安非他命,二級,20-29歲,女,2.0
2572,98f838105edce927,2025-01-26,尿液,陰性,未檢出,無,30-39歲,男,0.0
2573,522f6c1cf8252f77,2025-10-08,尿液,陽性,安非他命,二級,40-49歲,男,2.0
2574,8aa03f3c45afe1b4,2025-02-13,尿液,陰性,未檢出,無,60歲以上,男,0.0
2575,64bf9c0c8b4fbdb1,2025-03-22,尿液,陰性,未檢出,無,40-49歲,男,0.0
2576,60d5f51d9915d0b3,2025-11-01,尿液,陰性,未檢出,無,60歲以上,男,0.0
2577,ca381ba548309b54,2025-02-21,尿液,陰性,未檢出,無,19歲以下,男,0.0
2578,3e4ed71c680286c6,2025-08-03,尿液,陰性,未檢出,無,60歲以上,男,0.0
2579,a8279006373a5f77,2025-02-10,尿液,陰性,未檢出,無,50-59歲,男,0.0
2580,720195a645cd4453,2025-09-04,尿液,陽性,安非他命,二級,50-59歲,男,2.0
2581,d7c1d709a25eb919,2025-04-17,尿液,陰性,未檢出,無,40-49歲,男,0.0
2582,0161bc6e956f4a38,2025-02-15,尿液,陰性,未檢出,無,40-49歲,男,0.0
2583,b2c18247828a5920,2025-05-20,尿液,陽性,甲基安非他命,二級,50-59歲,男,2.0
2584,c890247e2203f51b,2025-06-13,尿液,陽性,安非他命,二級,19歲以下,男,2.0
2585,93a1f6fbb74daced,2025-08-18,尿液,陰性,未檢出,無,50-59歲,男,0.0
2586,d1e73c64f9793bba,2025-02-16,尿液,陽性,愷他命,三級,30-39歲,男,1.0
2587,9f2c9b4169634c74,2025-04-22,尿液,陰性,未檢出,無,40-49歲,男,0.0
2588,921c0f495e8cf43a,2025-10-15,尿液,陽性,甲基安非他命,二級,50-59歲,男,2.0
2589,fc7172a38cebb095,2025-01-08,尿液,陰性,未檢出,無,40-49歲,男,0.0
2590,0661a0e304d98b0d,2025-03-14,血液,陽性,甲基安非他命,二級,30-39歲,男,2.0
2591,cf6efa42a994bfa4,2025-06-11,血液,陽性,安非他命,二級,50-59歲,男,2.0
2592,1192853f85457e5e,2025-12-18,尿液,陰性,未檢出,無,20-29歲,男,0.0
2593,91a90862c2fd832e,2025-07-11,尿液,陰性,未檢出,無,20-29歲,男,0.0
2594,96e038a01f395803,2025-08-27,尿液,陽性,愷他命,三級,20-29歲,女,1.0
2595,34f517d72ef9fc9f,2025-01-16,尿液,陰性,未檢出,無,40-49歲,男,0.0
2596,b11c167f6a22c772,2025-12-01,尿液,陽性,甲基安非他命,二級,40-49歲,男,2.0
2597,ba401abde3ad4a11,2025-11-21,尿液,陰性,未檢出,無,40-49歲,男,0.0
2598,97d6c0b747f2e9e0,2025-12-18,尿液,陰性,未檢出,無,60歲以上,男,0.0
2599,bc3e1e661971f3d0,2025-07-25,尿液,陽性,安非他命,二級,50-59歲,男,2.0
2600,18107382841f85b7,2025-04-19,尿液,陽性,甲基安非他命,二級,30-39歲,男,2.0
2601,1b773eaa4b21b445,2025-07-04,尿液,陰性,未檢出,無,40-49歲,女,0.0
2602,204957ef9f5d7a12,2025-03-21,尿液,陰性,未檢出,無,40-49歲,男,0.0
2603,1b2850e9b92954f4,2025-05-11,血液,陰性,未檢出,無,20-29歲,女,0.0
2604,e9cba54bf6770d19,2025-05-14,尿液,陰性,未檢出,無,40-49歲,男,0.0
2605,e66bffe19119fcb5,2025-07-10,血液,陰性,未檢出,無,20-29歲,男,0.0
2606,b0a6e5ab1150e5d7,2025-09-19,尿液,陰性,未檢出,無,30-39歲,男,0.0
2607,b9a9a20f539c1592,2025-01-06,尿液,陰性,未檢出,無,50-59歲,男,0.0
2608,0af97b6ea5499e5b,2025-06-23,尿液,陰性,未檢出,無,60歲以上,男,0.0
2609,37eb3aa52ec136bb,2025-06-06,尿液,陽性,安非他命,二級,40-49歲,男,2.0
2610,989709f4c786bca4,2025-06-15,尿液,陰性,未檢出,無,40-49歲,男,0.0
2611,208889d8959ee8eb,2025-02-05,血液,陰性,未檢出,無,50-59歲,男,0.0
2612,752d524e25f8d80a,2025-01-04,尿液,陰性,未檢出,無,30-39歲,男,0.0
2613,790a18f24e9b5871,2025-04-05,尿液,陰性,未檢出,無,30-39歲,男,0.0
2614,ac149bed4f6676e2,2025-02-22,尿液,陽性,甲基安非他命,二級,40-49歲,女,2.0
2615,c399cd062ac71b58,2025-06-02,尿液,陽性,嗎啡,一級,50-59歲,男,3.0
2616,5d557db3c320667b,2025-07-16,尿液,陰性,未檢出,無,19歲以下,男,0.0
2617,abd41604883ad323,2025-03-01,尿液,陰性,未檢出,無,30-39歲,男,0.0
2618,28327466ffb670a6,2025-12-23,尿液,陽性,愷他命,三級,50-59歲,男,1.0
2619,7004f3cfbf9fda8f,2025-07-17,尿液,陽性,安非他命,二級,60歲以上,女,2.0
2620,98398f7e16425c33,2025-01-27,血液,陰性,未檢出,無,30-39歲,男,0.0
2621,c2ba6b6a215ae2ce,2025-11-11,尿液,陰性,未檢出,無,40-49歲,男,0.0
2622,9185c8825c4a1988,2025-08-07,血液,陰性,未檢出,無,50-59歲,男,0.0
2623,0fb8f0beacb6499b,2025-06-06,尿液,陰性,未檢出,無,50-59歲,男,0.0
2624,1187eb22d4807a8c,2025-11-15,尿液,陰性,未檢出,無,30-39歲,男,0.0
2625,5855a4f896bd7225,2025-10-04,尿液,陽性,甲基安非他命,二級,40-49歲,男,2.0
2626,8b2491f4f404b024,2025-01-29,尿液,陰性,未檢出,無,50-59歲,男,0.0
2627,c27a19c8c82bdcfb,2025-02-19,尿液,陰性,未檢出,無,30-39歲,男,0.0
2628,542129b24f79f80a,2025-06-22,尿液,陰性,未檢出,無,50-59歲,女,0.0
2629,acc9b266548fd8ea,2025-12-10,尿液,陰性,未檢出,無,30-39歲,男,0.0
2630,b52d59a5393064bb,2025-09-23,尿液,陽性,嗎啡,一級,30-39歲,女,3.0
2631,228ca2c1fc14d211,2025-09-17,尿液,陰性,未檢出,無,20-29歲,男,0.0
2632,7c524cece0ea0559,2025-06-02,尿液,陽性,嗎啡,一級,40-49歲,男,3.0
2633,eccf3716de0bc653,2025-10-29,尿液,陰性,未檢出,無,40-49歲,女,0.0
2634,f7718c8c66160291,2025-05-31,尿液,陰性,未檢出,無,30-39歲,男,0.0
2635,98f72ae896865e4a,2025-11-07,尿液,陰性,未檢出,無,30-39歲,女,0.0
2636,52ffbec5ff7cfb93,2025-06-15,尿液,陰性,未檢出,無,30-39歲,男,0.0
2637,c4361964e2e04231,2025-01-01,尿液,陰性,未檢出,無,20-29歲,男,0.0
2638,db8161a35e62349e,2025-09-27,尿液,陰性,未檢出,無,30-39歲,男,0.0
2639,9653ee3d196d601b,2025-10-08,尿液,陰性,未檢出,無,40-49歲,男,0.0
2640,2f746ee84d18278f,2025-05-08,血液,陰性,未檢出,無,50-59歲,男,0.0
2641,6f7dd3c6c1dd70f5,2025-03-09,尿液,陰性,未檢出,無,50-59歲,男,0.0
2642,d51e8b7b2529ffa9,2025-10-21,尿液,陰性,未檢出,無,50-59歲,男,0.0
2643,74a0761967b5767d,2025-09-18,血液,陽性,甲基安非他命,二級,50-59歲,女,2.0
2644,56c4bd3e0bad0eb2,2025-06-08,尿液,陰性,未檢出,無,40-49歲,男,0.0
2645,c6147dfaa25423fe,2025-06-06,尿液,陽性,甲基安非他命,二級,40-49歲,男,2.0
2646,94046d51f2bb19a0,2025-03-01,尿液,陰性,未檢出,無,40-49歲,男,0.0
2647,ebf4a5a016bcdd93,2025-03-22,尿液,陰性,未檢出,無,50-59歲,男,0.0
2648,55545fdfc1086387,2025-01-18,尿液,陰性,未檢出,無,40-49歲,男,0.0
2649,a3f8084222de91be,2025-07-03,尿液,陽性,安非他命,二級,50-59歲,男,2.0
2650,6aae1565f51cc33b,2025-02-24,尿液,陰性,未檢出,無,40-49歲,男,0.0
2651,3c8162262a4b30cc,2025-04-30,尿液,陰性,未檢出,無,50-59歲,男,0.0
2652,a5d620c2f1ffd108,2025-05-16,血液,陽性,安非他命,二級,20-29歲,男,2.0
2653,483846c73402de32,2025-07-22,尿液,陽性,安非他命,二級,30-39歲,男,2.0
2654,468441094329da49,2025-04-26,尿液,陽性,安非他命,二級,40-49歲,男,2.0
2655,45411d17edd14d91,2025-06-29,尿液,陰性,未檢出,無,50-59歲,男,0.0
2656,7762859242f05cf7,2025-07-18,尿液,陽性,甲基安非他命,二級,40-49歲,女,2.0
2657,11bbe939204ad3a9,2025-07-11,尿液,陰性,未檢出,無,30-39歲,男,0.0
2658,8bf661aa803140a2,2025-06-21,尿液,陰性,未檢出,無,30-39歲,男,0.0
2659,a09715268912d692,2025-01-02,尿液,陰性,未檢出,無,19歲以下,男,0.0
2660,0c626c38d12de8a9,2025-04-17,尿液,陰性,未檢出,無,20-29歲,男,0.0
2661,d81ec6760a8bb203,2025-03-18,尿液,陰性,未檢出,無,40-49歲,男,0.0
2662,e3af8603020292f1,2025-07-05,血液,陰性,未檢出,無,30-39歲,女,0.0
2663,9f23e86843ce7d56,2025-10-10,尿液,陰性,未檢出,無,50-59歲,男,0.0
2664,1740192c063cb8d2,2025-05-03,尿液,陰性,未檢出,無,50-59歲,男,0.0
2665,f653df6868c18580,2025-08-11,尿液,陰性,未檢出,無,60歲以上,男,0.0
2666,ad5c82fb1f17abd4,2025-09-16,尿液,陰性,未檢出,無,50-59歲,女,0.0
2667,f196647c0fd61311,2025-11-06,血液,陰性,未檢出,無,40-49歲,男,0.0
2668,4175ebfe46d784fa,2025-01-10,尿液,陽性,甲基安非他命,二級,50-59歲,男,2.0
2669,c847419f05edce87,2025-08-14,尿液,陰性,未檢出,無,50-59歲,男,0.0
2670,4c2749aa1bd9713e,2025-05-04,尿液,陰性,未檢出,無,50-59歲,男,0.0
2671,a7b5071926814a59,2025-01-20,尿液,陰性,未檢出,無,60歲以上,男,0.0
2672,2c8fd952c70d0f03,2025-04-20,尿液,陰性,未檢出,無,50-59歲,男,0.0
2673,819e15839e2ff3c2,2025-08-23,血液,陰性,未檢出,無,30-39歲,男,0.0
2674,89cf60b1dd0c43dc,2025-07-13,尿液,陰性,未檢出,無,50-59歲,女,0.0
2675,41693682ecd6856f,2025-12-31,尿液,陽性,愷他命,三級,60歲以上,男,1.0
2676,0e0da7bd636f64c9,2025-01-02,尿液,陰性,未檢出,無,30-39歲,男,0.0
2677,25f30be9ad93aab3,2025-12-09,尿液,陰性,未檢出,無,60歲以上,男,0.0
2678,29173e5075d1f2f0,2025-07-29,尿液,陽性,愷他命,三級,40-49歲,男,1.0
2679,63adaad313811eb6,2025-01-20,尿液,陽性,嗎啡,一級,50-59歲,女,3.0
2680,1e74df8e06cbd650,2025-09-04,尿液,陽性,安非他命,二級,60歲以上,男,2.0
2681,e9c688344c567d17,2025-09-16,尿液,陰性,未檢出,無,40-49歲,男,0.0
2682,aaa1fd59a434db95,2025-02-25,尿液,陰性,未檢出,無,40-49歲,男,0.0
2683,4a51e16d2dbada88,2025-12-26,尿液,陰性,未檢出,無,40-49歲,男,0.0
2684,e89274da8122d06f,2025-11-05,尿液,陰性,未檢出,無,50-59歲,男,0.0
2685,6c317b8e333818d6,2025-01-22,尿液,陽性,嗎啡,一級,40-49歲,男,3.0
2686,628c3513ef53b36a,2025-07-24,尿液,陽性,愷他命,三級,30-39歲,男,1.0
2687,0493fc86eace03be,2025-08-13,尿液,陰性,未檢出,無,40-49歲,男,0.0
2688,750c0b8fc0c59dd8,2025-07-27,尿液,陽性,嗎啡,一級,50-59歲,男,3.0
2689,ce356045bfe3f20c,2025-05-15,尿液,陰性,未檢出,無,30-39歲,女,0.0
2690,5a241bf9bea9a499,2025-01-20,尿液,陽性,愷他命,三級,60歲以上,男,1.0
2691,f484a67488b16e96,2025-10-10,尿液,陰性,未檢出,無,50-59歲,男,0.0
2692,7898bc61304e4828,2025-04-24,尿液,陰性,未檢出,無,50-59歲,男,0.0
2693,054248666bd0fbb2,2025-01-01,尿液,陰性,未檢出,無,40-49歲,女,0.0
2694,f4e5f13106c08bfe,2025-12-22,尿液,陰性,未檢出,無,40-49歲,男,0.0
2695,20821df9f5dcb18f,2025-07-12,尿液,陰性,未檢出,無,40-49歲,女,0.0
2696,d52ff2f4a8a396d0,2025-08-10,尿液,陽性,甲基安非他命,二級,40-49歲,男,2.0
2697,7cafafeee194f44b,2025-03-05,尿液,陰性,未檢出,無,40-49歲,男,0.0
2698,a0ec16431ac39362,2025-04-17,尿液,陽性,嗎啡,一級,40-49歲,男,3.0
2699,cf77ac8a30250875,2025-12-28,尿液,陰性,未檢出,無,50-59歲,男,0.0
2700,a0ef6aeafd621783,2025-07-03,尿液,陰性,未檢出,無,30-39歲,男,0.0
2701,f47a26be2aebdd08,2025-06-08,尿液,陰性,未檢出,無,30-39歲,男,0.0
2702,61bfe46ac3fe7cd1,2025-02-23,尿液,陰性,未檢出,無,40-49歲,男,0.0
2703,25a7480d17d57859,2025-02-20,尿液,陰性,未檢出,無,30-39歲,男,0.0
2704,a507867b2daf8103,2025-06-26,尿液,陰性,未檢出,無,40-49歲,男,0.0
2705,5c7991785331a186,2025-01-23,血液,陰性,未檢出,無,50-59歲,女,0.0
2706,7c4eccaeda920655,2025-12-22,尿液,陰性,未檢出,無,30-39歲,男,0.0
2707,92b08a7c52656b55,2025-03-02,尿液,陰性,未檢出,無,40-49歲,男,0.0
2708,2165d5f21cbcd051,2025-12-03,尿液,陰性,未檢出,無,40-49歲,男,0.0
2709,7c22f7e369849aed,2025-12-15,尿液,陰性,未檢出,無,50-59歲,男,0.0
2710,6d0f35d0bbd6ceea,2025-04-02,尿液,陽性,安非他命,二級,40-49歲,男,2.0
2711,8c315b1df887905f,2025-03-18,尿液,陰性,未檢出,無,30-39歲,男,0.0
2712,de71a2a6d350efda,2025-02-23,尿液,陰性,未檢出,無,60歲以上,男,0.0
2713,6c9e6abf5497cfea,2025-01-16,尿液,陰性,未檢出,無,30-39歲,男,0.0
2714,43678ce6c2802465,2025-10-14,尿液,陰性,未檢出,無,40-49歲,女,0.0
2715,2fa19796210005d2,2025-03-05,血液,陽性,甲基安非他命,二級,30-39歲,男,2.0
2716,2b339483593ab9f7,2025-10-15,尿液,陰性,未檢出,無,40-49歲,男,0.0
2717,34bddb524d19631e,2025-11-20,尿液,陰性,未檢出,無,40-49歲,男,0.0
2718,89b3af4aac6e6662,2025-02-19,尿液,陰性,未檢出,無,50-59歲,男,0.0
2719,0e5768661423256c,2025-09-07,尿液,陰性,未檢出,無,40-49歲,男,0.0
2720,64fd8b34b4cdf576,2025-07-31,血液,陽性,甲基安非他命,二級,40-49歲,女,2.0
2721,e8ce5e438b702dd1,2025-02-11,尿液,陰性,未檢出,無,50-59歲,男,0.0
2722,162e8d0112977936,2025-05-02,尿液,陰性,未檢出,無,30-39歲,男,0.0
2723,a5a6fb7858c7136e,2025-05-16,尿液,陰性,未檢出,無,40-49歲,男,0.0
2724,f2acdd17428eee80,2025-05-07,尿液,陽性,安非他命,二級,30-39歲,男,2.0
2725,d4542ac5e2fc00e1,2025-06-25,尿液,陰性,未檢出,無,30-39歲,男,0.0
2726,b2e2fb2cc193efc0,2025-01-18,血液,陰性,未檢出,無,40-49歲,男,0.0
2727,b6beff80aa348d16,2025-03-28,尿液,陽性,安非他命,二級,40-49歲,女,2.0
2728,7ef30a042979acf9,2025-05-25,尿液,陽性,愷他命,三級,20-29歲,男,1.0
2729,85ff2147f37418a4,2025-01-02,尿液,陰性,未檢出,無,50-59歲,男,0.0
2730,1a58b33d8c00c2d7,2025-04-07,尿液,陽性,愷他命,三級,30-39歲,男,1.0
2731,0f452075aeb17204,2025-01-22,尿液,陽性,嗎啡,一級,40-49歲,男,3.0
2732,a4b781de880ecdd3,2025-02-25,尿液,陽性,嗎啡,一級,60歲以上,女,3.0
2733,ddc38d8b7259e399,2025-08-06,尿液,陰性,未檢出,無,40-49歲,男,0.0
2734,598314ea217e8f6f,2025-12-30,尿液,陰性,未檢出,無,40-49歲,男,0.0
2735,8fe954f9b9f451a2,2025-07-30,尿液,陰性,未檢出,無,40-49歲,男,0.0
2736,9b81529a5ffb266f,2025-06-03,尿液,陰性,未檢出,無,19歲以下,男,0.0
2737,02bdf2e7a5422851,2025-04-26,尿液,陰性,未檢出,無,30-39歲,男,0.0
2738,82eb8b7af21b7042,2025-09-06,尿液,陰性,未檢出,無,30-39歲,男,0.0
2739,6604a5299dc19000,2025-11-20,尿液,陰性,未檢出,無,50-59歲,女,0.0
2740,986cf684a8a8b5e4,2025-10-21,尿液,陽性,甲基安非他命,二級,40-49歲,男,2.0
2741,d77072a13f59fe71,2025-05-05,尿液,陽性,安非他命,二級,50-59歲,男,2.0
2742,0381533806043788,2025-04-24,尿液,陰性,未檢出,無,50-59歲,女,0.0
2743,0ae6c3f5864405e3,2025-12-17,尿液,陽性,甲基安非他命,二級,40-49歲,男,2.0
2744,84c5cfe14e534dd0,2025-07-25,尿液,陰性,未檢出,無,40-49歲,男,0.0
2745,31cf81929012e201,2025-04-01,尿液,陰性,未檢出,無,19歲以下,男,0.0
2746,d448bb069592fd35,2025-03-25,尿液,陰性,未檢出,無,50-59歲,男,0.0
2747,126de9171c4e7c68,2025-01-09,尿液,陰性,未檢出,無,50-59歲,男,0.0
2748,56a25d8e3cb1c8b6,2025-04-26,尿液,陰性,未檢出,無,30-39歲,男,0.0
2749,d47f9e0ce3200d7f,2025-03-15,尿液,陰性,未檢出,無,50-59歲,男,0.0
2750,a4883f1272a96a10,2025-10-07,尿液,陽性,愷他命,三級,30-39歲,男,1.0
2751,668f01b1442ab1f6,2025-10-29,血液,陰性,未檢出,無,50-59歲,女,0.0
2752,2969e85cbe4d4541,2025-11-15,血液,陰性,未檢出,無,40-49歲,男,0.0
2753,47d8bd81a038c71e,2025-11-28,尿液,陰性,未檢出,無,30-39歲,男,0.0
2754,b37b4be4ef06ca18,2025-11-07,尿液,陰性,未檢出,無,30-39歲,男,0.0
2755,0436ebed66a73f67,2025-12-24,血液,陽性,安非他命,二級,60歲以上,男,2.0
2756,3053adafca7e0974,2025-02-25,尿液,陽性,甲基安非他命,二級,40-49歲,男,2.0
2757,5bebbdc814686342,2025-03-13,尿液,陰性,未檢出,無,20-29歲,女,0.0
2758,e205ad195621cbc1,2025-05-01,尿液,陰性,未檢出,無,50-59歲,男,0.0
2759,c7742dd855603846,2025-11-06,尿液,陽性,嗎啡,一級,30-39歲,女,3.0
2760,a736fb0f840b1e2f,2025-03-23,血液,陽性,安非他命,二級,50-59歲,男,2.0
2761,1da4b8e26580ac16,2025-12-17,血液,陰性,未檢出,無,50-59歲,男,0.0
2762,136c61920b4ec9c7,2025-03-08,尿液,陽性,甲基安非他命,二級,40-49歲,男,2.0
2763,965ce18d0c1395ed,2025-02-11,血液,陰性,未檢出,無,40-49歲,女,0.0
2764,72324f7706bf8476,2025-05-20,尿液,陰性,未檢出,無,40-49歲,男,0.0
2765,7df1993feb34f22b,2025-09-07,尿液,陽性,安非他命,二級,50-59歲,男,2.0
2766,14cf598c9d980746,2025-02-05,尿液,陰性,未檢出,無,19歲以下,男,0.0
2767,0fbc00298e0e8313,2025-08-06,尿液,陽性,甲基安非他命,二級,40-49歲,男,2.0
2768,050eb1028c235dc8,2025-05-29,血液,陰性,未檢出,無,50-59歲,女,0.0
2769,2a64efc0f56f0916,2025-09-06,血液,陰性,未檢出,無,40-49歲,男,0.0
2770,50f2068c3ac740d8,2025-08-13,尿液,陰性,未檢出,無,50-59歲,男,0.0
2771,0fd5fb9ad718d9fe,2025-04-16,尿液,陰性,未檢出,無,20-29歲,男,0.0
2772,c00791fddef4b003,2025-01-17,尿液,陰性,未檢出,無,30-39歲,男,0.0
2773,856074e05331d3a9,2025-05-28,尿液,陽性,愷他命,三級,40-49歲,女,1.0
2774,5269d69f26f035be,2025-02-19,尿液,陰性,未檢出,無,50-59歲,男,0.0
2775,fe40f61763963e5a,2025-09-12,尿液,陰性,未檢出,無,30-39歲,男,0.0
2776,d3a0fd941d3559dd,2025-12-26,尿液,陰性,未檢出,無,40-49歲,女,0.0
2777,1c13c061f5750ed0,2025-09-12,尿液,陰性,未檢出,無,50-59歲,男,0.0
2778,0f5e3b350e309bf9,2025-03-28,尿液,陰性,未檢出,無,40-49歲,女,0.0
2779,7dbf999fe541764c,2025-03-07,尿液,陽性,甲基安非他命,二級,50-59歲,男,2.0
2780,ad74f9797a10f685,2025-05-05,尿液,陰性,未檢出,無,50-59歲,男,0.0
2781,fc673bcb8ed79d59,2025-03-20,血液,陰性,未檢出,無,60歲以上,男,0.0
2782,e28dc530fcd8064f,2025-09-28,尿液,陰性,未檢出,無,30-39歲,男,0.0
2783,13b3c7f5022b4b67,2025-06-30,尿液,陰性,未檢出,無,19歲以下,男,0.0
2784,14e31b93abd8eb0b,2025-12-28,尿液,陰性,未檢出,無,40-49歲,男,0.0
2785,a8d2740ff69944cb,2025-09-01,尿液,陽性,愷他命,三級,40-49歲,男,1.0
2786,7839470c1af9c560,2025-12-07,尿液,陰性,未檢出,無,40-49歲,男,0.0
2787,c15220f00aea5565,2025-05-18,尿液,陰性,未檢出,無,40-49歲,男,0.0
2788,a88dee14d2149d2b,2025-09-01,尿液,陰性,未檢出,無,50-59歲,男,0.0
2789,4d72a982791f472b,2025-12-18,尿液,陰性,未檢出,無,40-49歲,男,0.0
2790,17fe16ef2f3d8756,2025-12-13,尿液,陽性,甲基安非他命,二級,30-39歲,男,2.0
2791,28c12ba4a691ae75,2025-04-20,血液,陰性,未檢出,無,30-39歲,女,0.0
2792,6ecbdb8398a19cef,2025-05-13,尿液,陽性,甲基安非他命,二級,40-49歲,男,2.0
2793,65120c66ffbbeb61,2025-10-20,尿液,陰性,未檢出,無,60歲以上,男,0.0
2794,57777b82db3f4377,2025-10-25,尿液,陰性,未檢出,無,40-49歲,男,0.0
2795,146c63a99b5bf86d,2025-11-26,尿液,陰性,未檢出,無,20-29歲,男,0.0
2796,f0f0226b5bf08efb,2025-01-20,尿液,陰性,未檢出,無,50-59歲,男,0.0
2797,96f17d552c39ef8d,2025-11-29,尿液,陰性,未檢出,無,40-49歲,男,0.0
2798,6181e98ed7ece173,2025-12-19,尿液,陰性,未檢出,無,40-49歲,女,0.0
2799,6a4dd892b00049fd,2025-06-03,尿液,陰性,未檢出,無,50-59歲,男,0.0
2800,02c5764c2727253c,2025-05-19,尿液,陰性,未檢出,無,40-49歲,男,0.0
2801,8a6f7e3c4c920ffe,2025-03-01,尿液,陰性,未檢出,無,60歲以上,男,0.0
2802,e54867b113042f13,2025-05-06,尿液,陽性,甲基安非他命,二級,40-49歲,男,2.0
2803,364781894064961a,2025-02-07,尿液,陰性,未檢出,無,20-29歲,男,0.0
2804,209c444fc96a7c77,2025-08-26,尿液,陰性,未檢出,無,40-49歲,男,0.0
2805,b7fe15daa938d40e,2025-02-20,尿液,陰性,未檢出,無,40-49歲,女,0.0
2806,9ed7005986e35751,2025-01-28,尿液,陰性,未檢出,無,60歲以上,男,0.0
2807,15a81ec767a74ec5,2025-02-07,尿液,陰性,未檢出,無,40-49歲,男,0.0
2808,db03b96a45fe3eb0,2025-05-14,尿液,陰性,未檢出,無,40-49歲,男,0.0
2809,9e8ea2d6ad43fe6f,2025-10-30,尿液,陰性,未檢出,無,20-29歲,男,0.0
2810,b19f68d1e2a1b881,2025-11-10,尿液,陰性,未檢出,無,40-49歲,男,0.0
2811,7a2624291f18c5e1,2025-05-28,尿液,陰性,未檢出,無,50-59歲,男,0.0
2812,006118caebb103a4,2025-10-29,尿液,陽性,甲基安非他命,二級,60歲以上,男,2.0
2813,3b3c4197d728e7f6,2025-11-10,尿液,陽性,愷他命,三級,40-49歲,男,1.0
2814,81727925e1e27ef7,2025-07-25,血液,陽性,愷他命,三級,40-49歲,男,1.0
2815,3424633415bb67e6,2025-09-12,尿液,陰性,未檢出,無,30-39歲,男,0.0
2816,209e270349098d83,2025-07-27,尿液,陰性,未檢出,無,50-59歲,男,0.0
2817,da62c8439ab069ae,2025-03-13,尿液,陰性,未檢出,無,20-29歲,男,0.0
2818,322f6c4029de328d,2025-07-08,血液,陰性,未檢出,無,40-49歲,男,0.0
2819,33d84b9131eba40c,2025-04-20,尿液,陽性,安非他命,二級,50-59歲,男,2.0
2820,ab02e8a5facbd12c,2025-05-12,尿液,陰性,未檢出,無,50-59歲,男,0.0
2821,417a390b8147800a,2025-07-06,尿液,陰性,未檢出,無,20-29歲,男,0.0
2822,7f73ec11c5a0a1c2,2025-09-04,尿液,陰性,未檢出,無,30-39歲,女,0.0
2823,c6bd204753503416,2025-02-07,尿液,陽性,甲基安非他命,二級,50-59歲,男,2.0
2824,4b8d7eed48d4e02a,2025-10-04,尿液,陰性,未檢出,無,40-49歲,男,0.0
2825,433593533cfcd321,2025-07-30,尿液,陰性,未檢出,無,40-49歲,男,0.0
2826,ae0d9a5ebd001422,2025-10-09,尿液,陰性,未檢出,無,30-39歲,女,0.0
2827,c94a6ff39290c180,2025-03-18,尿液,陽性,安非他命,二級,40-49歲,女,2.0
2828,e63308497d93a1ab,2025-09-10,尿液,陽性,愷他命,三級,40-49歲,女,1.0
2829,28d8a0a052593ad1,2025-06-21,尿液,陰性,未檢出,無,40-49歲,男,0.0
2830,87a2f02d531f522e,2025-10-22,尿液,陰性,未檢出,無,30-39歲,男,0.0
2831,14a1033ede0e1776,2025-01-10,尿液,陰性,未檢出,無,60歲以上,男,0.0
2832,e1a0b2c48bd8c35c,2025-06-16,尿液,陰性,未檢出,無,50-59歲,男,0.0
2833,f142ae2a9d114e3f,2025-11-05,尿液,陰性,未檢出,無,50-59歲,男,0.0
2834,4c90ef1316b64bc1,2025-12-02,血液,陰性,未檢出,無,50-59歲,男,0.0
2835,de59b15de90613e7,2025-04-26,尿液,陰性,未檢出,無,60歲以上,男,0.0
2836,1a0cc58ff4d105a1,2025-11-19,血液,陰性,未檢出,無,50-59歲,男,0.0
2837,530af5787cb139d7,2025-03-15,血液,陰性,未檢出,無,50-59歲,男,0.0
2838,327fa8b0efc2e683,2025-09-25,尿液,陰性,未檢出,無,40-49歲,男,0.0
2839,424b9988a5dc351c,2025-12-06,血液,陰性,未檢出,無,40-49歲,男,0.0
2840,6ed7c0dc4dc2ca4d,2025-08-27,尿液,陽性,甲基安非他命,二級,60歲以上,男,2.0
2841,d805028a945e7000,2025-10-21,尿液,陰性,未檢出,無,40-49歲,男,0.0
2842,9adf855ad66b3c05,2025-03-08,血液,陰性,未檢出,無,50-59歲,男,0.0
2843,c4d4d9625f3d86a3,2025-11-17,尿液,陰性,未檢出,無,50-59歲,男,0.0
2844,3d1a5bcd5d2e1170,2025-02-04,尿液,陰性,未檢出,無,40-49歲,男,0.0
2845,912d22015c7c7dba,2025-06-08,尿液,陰性,未檢出,無,40-49歲,男,0.0
2846,a1185e5faa86cabe,2025-10-08,尿液,陰性,未檢出,無,40-49歲,男,0.0
2847,dbcc17182e64a7d4,2025-12-21,尿液,陰性,未檢出,無,20-29歲,男,0.0
2848,688880139df231e2,2025-01-22,尿液,陰性,未檢出,無,30-39歲,男,0.0
2849,a4d3f977d4e2af99,2025-11-07,尿液,陽性,甲基安非他命,二級,50-59歲,女,2.0
2850,10431719b0baac46,2025-03-20,尿液,陽性,安非他命,二級,50-59歲,女,2.0
2851,8786c8f869c511c0,2025-11-04,尿液,陽性,愷他命,三級,40-49歲,男,1.0
2852,e619034fb38f2e07,2025-01-09,尿液,陽性,愷他命,三級,60歲以上,女,1.0
2853,5927af64b5dbe55a,2025-05-08,尿液,陰性,未檢出,無,40-49歲,男,0.0
2854,db7f2ec391e91c77,2025-07-25,尿液,陰性,未檢出,無,40-49歲,男,0.0
2855,05483ebf7ddaf184,2025-05-22,尿液,陰性,未檢出,無,50-59歲,男,0.0
2856,86b8377760e76bff,2025-06-13,尿液,陰性,未檢出,無,30-39歲,男,0.0
2857,68af3e8a70e03797,2025-12-28,尿液,陰性,未檢出,無,50-59歲,男,0.0
2858,dd470de62d935636,2025-08-09,尿液,陰性,未檢出,無,40-49歲,男,0.0
2859,6f5b33f44b03217c,2025-05-07,血液,陽性,安非他命,二級,50-59歲,男,2.0
2860,328b3789fcd1705a,2025-08-13,尿液,陰性,未檢出,無,40-49歲,男,0.0
2861,8a9f4c4b24652945,2025-01-31,尿液,陽性,甲基安非他命,二級,19歲以下,男,2.0
2862,4cdcba3355d51928,2025-10-15,尿液,陰性,未檢出,無,40-49歲,男,0.0
2863,2c419441d212afc8,2025-02-16,尿液,陰性,未檢出,無,40-49歲,男,0.0
2864,53252d1a6dc4ab76,2025-09-11,尿液,陰性,未檢出,無,30-39歲,男,0.0
2865,d6c208c43dffeab9,2025-12-24,尿液,陰性,未檢出,無,40-49歲,男,0.0
2866,cec94b36661adffb,2025-02-16,尿液,陰性,未檢出,無,50-59歲,男,0.0
2867,fa5895a4c745f37b,2025-10-27,血液,陰性,未檢出,無,50-59歲,女,0.0
2868,4158ca0b59de216c,2025-07-02,尿液,陰性,未檢出,無,40-49歲,女,0.0
2869,cbc358b0f6344f8a,2025-09-13,尿液,陰性,未檢出,無,40-49歲,男,0.0
2870,9ec23fc81bcb7d98,2025-03-06,尿液,陰性,未檢出,無,60歲以上,男,0.0
2871,49e128c0f0cb9293,2025-12-08,尿液,陰性,未檢出,無,60歲以上,男,0.0
2872,7fc24a5e88908f5f,2025-11-09,尿液,陽性,安非他命,二級,30-39歲,男,2.0
2873,33490a55e85aeb37,2025-02-26,尿液,陰性,未檢出,無,40-49歲,男,0.0
2874,e72094eca7544dc3,2025-11-05,尿液,陰性,未檢出,無,50-59歲,男,0.0
2875,3fc1ac5acc05d6d7,2025-02-13,尿液,陰性,未檢出,無,30-39歲,男,0.0
2876,d9fc012eee20ed3d,2025-01-03,尿液,陰性,未檢出,無,30-39歲,女,0.0
2877,92564015e3ce38f0,2025-06-19,尿液,陰性,未檢出,無,50-59歲,女,0.0
2878,801e5b39e33fc07b,2025-10-13,尿液,陰性,未檢出,無,40-49歲,女,0.0
2879,d7ba406fee81afca,2025-01-17,尿液,陰性,未檢出,無,40-49歲,男,0.0
2880,8262d0a5438b5161,2025-06-08,尿液,陰性,未檢出,無,40-49歲,男,0.0
2881,32a39a37cee2202c,2025-08-14,血液,陽性,安非他命,二級,30-39歲,男,2.0
2882,aa2d5220399b1027,2025-04-13,尿液,陰性,未檢出,無,60歲以上,男,0.0
2883,1f70b8320cb99525,2025-04-17,尿液,陰性,未檢出,無,30-39歲,男,0.0
2884,14e55de608e487ca,2025-11-20,尿液,陰性,未檢出,無,30-39歲,女,0.0
2885,2c022b4e23f36e03,2025-11-16,尿液,陽性,嗎啡,一級,50-59歲,男,3.0
2886,8b443d90863f9cd3,2025-04-14,尿液,陰性,未檢出,無,20-29歲,男,0.0
2887,12910f7beb043da8,2025-03-02,尿液,陰性,未檢出,無,40-49歲,男,0.0
2888,c31e387dedbb3f6b,2025-06-27,尿液,陽性,安非他命,二級,30-39歲,男,2.0
2889,f77cd72a6250fc56,2025-03-07,尿液,陰性,未檢出,無,30-39歲,男,0.0
2890,2d83aa7cf5c68d68,2025-03-26,尿液,陰性,未檢出,無,40-49歲,男,0.0
2891,1afa4cc10779a81a,2025-01-20,尿液,陰性,未檢出,無,40-49歲,女,0.0
2892,787ba2a5c0425ef1,2025-08-07,尿液,陰性,未檢出,無,20-29歲,男,0.0
2893,5fc6a67ab7b1f03d,2025-10-16,尿液,陰性,未檢出,無,50-59歲,男,0.0
2894,bf15d59d6058625b,2025-08-22,血液,陰性,未檢出,無,60歲以上,男,0.0
2895,1f0888d00c42fad1,2025-09-10,尿液,陰性,未檢出,無,40-49歲,女,0.0
2896,9d5d2fb7284124d2,2025-12-27,尿液,陰性,未檢出,無,40-49歲,女,0.0
2897,29d32bea5b7356c6,2025-06-03,血液,陰性,未檢出,無,60歲以上,男,0.0
2898,2d5052d95e59dfff,2025-05-18,尿液,陽性,安非他命,二級,50-59歲,男,2.0
2899,fb7c7bf4bb5a70f7,2025-12-25,尿液,陰性,未檢出,無,20-29歲,女,0.0
2900,ce778ad5cfd18668,2025-10-13,血液,陰性,未檢出,無,40-49歲,女,0.0
2901,bc06d23e96f2f1ae,2025-01-27,尿液,陽性,安非他命,二級,40-49歲,男,2.0
2902,7a7e7187d0a6bfae,2025-03-02,尿液,陰性,未檢出,無,40-49歲,男,0.0
2903,39431b95f96dbabd,2025-03-21,尿液,陽性,安非他命,二級,40-49歲,男,2.0
2904,31a538f35d929759,2025-07-02,尿液,陰性,未檢出,無,30-39歲,男,0.0
2905,afc5accf97a6202c,2025-11-11,尿液,陰性,未檢出,無,50-59歲,男,0.0
2906,2425f37e8558df81,2025-07-21,尿液,陽性,嗎啡,一級,40-49歲,女,3.0
2907,56f5622da09376ef,2025-11-23,尿液,陰性,未檢出,無,30-39歲,男,0.0
2908,54944771cf21506d,2025-01-04,尿液,陰性,未檢出,無,30-39歲,男,0.0
2909,9dd86c8ec8e145d3,2025-10-03,尿液,陰性,未檢出,無,50-59歲,男,0.0
2910,9e657f90ef58bf59,2025-02-12,尿液,陰性,未檢出,無,50-59歲,女,0.0
2911,e852e285c9a7ef88,2025-09-21,尿液,陰性,未檢出,無,40-49歲,男,0.0
2912,f6ed22ee8c6b7d88,2025-03-15,尿液,陰性,未檢出,無,20-29歲,男,0.0
2913,b25cb138c83e921c,2025-12-26,尿液,陰性,未檢出,無,50-59歲,男,0.0
2914,90242f17677324b6,2025-01-30,尿液,陰性,未檢出,無,50-59歲,男,0.0
2915,2398bea9d94a3376,2025-12-05,尿液,陰性,未檢出,無,50-59歲,男,0.0
2916,af0a69463daf123b,2025-12-16,尿液,陰性,未檢出,無,50-59歲,男,0.0
2917,398efa2de6a183f5,2025-11-06,尿液,陰性,未檢出,無,30-39歲,男,0.0
2918,c923fb68b6fa3473,2025-11-23,尿液,陰性,未檢出,無,30-39歲,男,0.0
2919,e6b0c4ae1a8873c8,2025-01-18,尿液,陰性,未檢出,無,50-59歲,男,0.0
2920,9a62a8ed1c6279bd,2025-03-04,尿液,陰性,未檢出,無,50-59歲,男,0.0
2921,3710e551ca388060,2025-01-28,尿液,陰性,未檢出,無,50-59歲,男,0.0
2922,53f3a7fb79b71fe2,2025-03-05,尿液,陰性,未檢出,無,40-49歲,男,0.0
2923,cb652e696b66179d,2025-11-24,血液,陰性,未檢出,無,50-59歲,女,0.0
2924,b9ff1a3837c718b9,2025-04-17,尿液,陰性,未檢出,無,30-39歲,男,0.0
2925,8e5708ad23279d6f,2025-05-09,尿液,陽性,嗎啡,一級,20-29歲,女,3.0
2926,2f6d7d5b83f657c7,2025-08-13,血液,陰性,未檢出,無,40-49歲,男,0.0
2927,193d57e8f07c8340,2025-02-20,尿液,陰性,未檢出,無,30-39歲,男,0.0
2928,6447ba10e7f525dc,2025-06-18,尿液,陰性,未檢出,無,50-59歲,男,0.0
2929,4d4b1f717fb578a0,2025-11-27,尿液,陰性,未檢出,無,60歲以上,男,0.0
2930,5743deb4b0cf1756,2025-02-23,尿液,陽性,安非他命,二級,60歲以上,男,2.0
2931,a6282b46f0f8cd12,2025-03-09,尿液,陰性,未檢出,無,40-49歲,男,0.0
2932,7e384ef0e2927dc6,2025-02-22,尿液,陰性,未檢出,無,40-49歲,男,0.0
2933,d20ea990c0ff8a8e,2025-01-05,尿液,陰性,未檢出,無,40-49歲,男,0.0
2934,ed108082da7aaa32,2025-06-06,尿液,陰性,未檢出,無,40-49歲,男,0.0
2935,1e386c0f0d8b978d,2025-02-19,尿液,陰性,未檢出,無,40-49歲,女,0.0
2936,e7158efb18c5d8c3,2025-02-05,尿液,陰性,未檢出,無,40-49歲,男,0.0
2937,208571a50cd24856,2025-05-27,尿液,陰性,未檢出,無,40-49歲,男,0.0
2938,5b2f137fbdcfafd8,2025-06-27,尿液,陰性,未檢出,無,40-49歲,男,0.0
2939,0f53ffbdf5f18d3f,2025-05-26,尿液,陰性,未檢出,無,40-49歲,男,0.0
2940,fdfb4d95b6436a77,2025-02-18,尿液,陰性,未檢出,無,50-59歲,男,0.0
2941,7ab302e3409831d6,2025-07-01,尿液,陰性,未檢出,無,40-49歲,男,0.0
2942,eaf0d8b31de49079,2025-01-19,尿液,陰性,未檢出,無,40-49歲,男,0.0
2943,ee6912f27227001b,2025-11-21,血液,陰性,未檢出,無,40-49歲,男,0.0
2944,9a5f939f0df0bd56,2025-03-25,尿液,陰性,未檢出,無,30-39歲,男,0.0
2945,d7482bf20b22d518,2025-09-12,尿液,陰性,未檢出,無,40-49歲,男,0.0
2946,fe94b9cc854c9547,2025-12-19,尿液,陽性,愷他命,三級,50-59歲,男,1.0
2947,bf85b0e02fff5383,2025-10-13,尿液,陰性,未檢出,無,40-49歲,男,0.0
2948,0ae5c2b7c252f569,2025-03-28,尿液,陰性,未檢出,無,40-49歲,女,0.0
2949,f11ed6df74f22910,2025-11-05,尿液,陰性,未檢出,無,40-49歲,男,0.0
2950,4fb4d1cc0a149849,2025-09-21,尿液,陰性,未檢出,無,60歲以上,男,0.0
2951,52f1de17e8091a92,2025-03-05,血液,陰性,未檢出,無,50-59歲,男,0.0
2952,f52f4e10225ae195,2025-03-13,尿液,陰性,未檢出,無,40-49歲,男,0.0
2953,832d52dfc5d384a8,2025-08-03,尿液,陰性,未檢出,無,50-59歲,男,0.0
2954,8607d42fca4dbd21,2025-08-14,尿液,陰性,未檢出,無,60歲以上,男,0.0
2955,f0e50ebf851d1900,2025-11-09,尿液,陰性,未檢出,無,50-59歲,男,0.0
2956,c28f13ffdef0781f,2025-03-14,尿液,陰性,未檢出,無,60歲以上,男,0.0
2957,b74786ff4f722c7f,2025-12-14,尿液,陰性,未檢出,無,30-39歲,男,0.0
2958,f3171d7134b89337,2025-09-27,尿液,陰性,未檢出,無,50-59歲,女,0.0
2959,ff82510b613a230e,2025-03-14,尿液,陰性,未檢出,無,50-59歲,男,0.0
2960,30d1ac89dc0a415d,2025-03-10,尿液,陰性,未檢出,無,50-59歲,男,0.0
2961,d69dbd384a0c139c,2025-01-08,尿液,陰性,未檢出,無,30-39歲,男,0.0
2962,b708704b7d5f734a,2025-08-07,尿液,陰性,未檢出,無,40-49歲,男,0.0
2963,6847a4c7b7f0feee,2025-02-13,尿液,陰性,未檢出,無,40-49歲,男,0.0
2964,aec2a82b4c586206,2025-01-31,尿液,陰性,未檢出,無,40-49歲,女,0.0
2965,482d304292349eb3,2025-08-08,尿液,陰性,未檢出,無,40-49歲,男,0.0
2966,f5b2ce8db1aeb210,2025-04-13,尿液,陰性,未檢出,無,40-49歲,男,0.0
2967,6ecff496061cbc6d,2025-07-18,尿液,陰性,未檢出,無,30-39歲,男,0.0
2968,85f72f66e31a2067,2025-05-13,尿液,陽性,甲基安非他命,二級,30-39歲,男,2.0
2969,70385673c4ef21e2,2025-06-16,尿液,陰性,未檢出,無,40-49歲,男,0.0
2970,f4ac49665fa472b6,2025-01-31,尿液,陰性,未檢出,無,40-49歲,男,0.0
2971,e78980133c5fc135,2025-03-25,尿液,陰性,未檢出,無,60歲以上,女,0.0
2972,e8afaddea139d7ed,2025-12-03,尿液,陰性,未檢出,無,40-49歲,女,0.0
2973,2c5e5f3779a92063,2025-10-09,尿液,陰性,未檢出,無,30-39歲,男,0.0
2974,b16c3d348924a05a,2025-06-08,尿液,陰性,未檢出,無,60歲以上,男,0.0
2975,2c04a5fabd3b594d,2025-06-27,血液,陰性,未檢出,無,50-59歲,男,0.0
2976,47d9a51fd71c691f,2025-05-24,血液,陰性,未檢出,無,50-59歲,男,0.0
2977,95caa27267d592ff,2025-07-19,尿液,陰性,未檢出,無,30-39歲,女,0.0
2978,713b60d8eb473b83,2025-08-04,尿液,陰性,未檢出,無,40-49歲,男,0.0
2979,da2b6110870ca844,2025-12-12,尿液,陰性,未檢出,無,40-49歲,男,0.0
2980,b17f858384be228d,2025-01-11,尿液,陽性,安非他命,二級,50-59歲,男,2.0
2981,14a67c08a88f49ea,2025-08-03,尿液,陽性,安非他命,二級,50-59歲,男,2.0
2982,4ef074aa7a161856,2025-04-30,尿液,陰性,未檢出,無,30-39歲,男,0.0
2983,dc39f3535abdc86e,2025-03-02,尿液,陰性,未檢出,無,30-39歲,男,0.0
2984,a5163c1379de08f2,2025-09-26,尿液,陰性,未檢出,無,30-39歲,男,0.0
2985,da1f9d0f9418f24b,2025-01-19,尿液,陰性,未檢出,無,30-39歲,男,0.0
2986,903d94e8fde97790,2025-11-24,尿液,陰性,未檢出,無,60歲以上,男,0.0
2987,ec85b9497473933a,2025-04-10,尿液,陰性,未檢出,無,40-49歲,男,0.0
2988,d0087961c2c22084,2025-08-20,血液,陰性,未檢出,無,30-39歲,女,0.0
2989,23e4d39c87c677d2,2025-11-09,血液,陰性,未檢出,無,19歲以下,男,0.0
2990,b1089637408c24e9,2025-03-28,尿液,陰性,未檢出,無,20-29歲,男,0.0
2991,f11b4db76550a7ae,2025-05-22,尿液,陰性,未檢出,無,19歲以下,男,0.0
2992,6f1ee7be9846466f,2025-12-24,尿液,陰性,未檢出,無,30-39歲,男,0.0
2993,cd383ccebe22f3ca,2025-11-28,尿液,陽性,愷他命,三級,30-39歲,女,1.0
2994,dfab148902541495,2025-01-29,尿液,陰性,未檢出,無,40-49歲,男,0.0
2995,0fc683049de84004,2025-12-17,尿液,陰性,未檢出,無,40-49歲,男,0.0
2996,6e70f8011aa7674f,2025-09-24,血液,陰性,未檢出,無,50-59歲,男,0.0
2997,947463e135a78557,2025-04-06,尿液,陰性,未檢出,無,20-29歲,男,0.0
2998,53bf6da2b7681af1,2025-08-02,尿液,陰性,未檢出,無,30-39歲,男,0.0
2999,a68fa87042e9ddf9,2025-02-07,尿液,陰性,未檢出,無,40-49歲,男,0.0
3000,677e950d0fef40bc,2025-09-04,血液,陰性,未檢出,無,30-39歲,男,0.0
3001,188c42313483ec9e,2025-07-08,血液,陰性,未檢出,無,40-49歲,男,0.0
3002,75392c9b508ae435,2025-03-01,尿液,陰性,未檢出,無,50-59歲,男,0.0
3003,6c179cec5109b9f3,2025-10-12,尿液,陽性,甲基安非他命,二級,20-29歲,男,2.0
3004,05be0a79ec9f9911,2025-08-24,尿液,陰性,未檢出,無,40-49歲,男,0.0
3005,214b9811e5b81ac2,2025-12-12,尿液,陰性,未檢出,無,50-59歲,女,0.0
3006,397428e59ec2344c,2025-02-18,尿液,陽性,愷他命,三級,40-49歲,男,1.0
3007,d85acf64cc514f6f,2025-01-06,尿液,陰性,未檢出,無,19歲以下,男,0.0
3008,fa0087092e14aaf1,2025-08-23,尿液,陰性,未檢出,無,30-39歲,女,0.0
3009,3d78c560872b4397,2025-12-27,尿液,陰性,未檢出,無,50-59歲,男,0.0
3010,dbff9b98ed6fa32e,2025-11-02,尿液,陽性,安非他命,二級,50-59歲,男,2.0
3011,4c74938e582c13bf,2025-11-25,尿液,陰性,未檢出,無,50-59歲,女,0.0
3012,114177c8193c3ead,2025-02-07,尿液,陽性,愷他命,三級,30-39歲,女,1.0
3013,4ecb44be2d2dd4e9,2025-02-26,血液,陰性,未檢出,無,40-49歲,男,0.0
3014,1b4fbefe11c59cfb,2025-12-07,尿液,陰性,未檢出,無,40-49歲,男,0.0
3015,08a02bd6892ba9af,2025-04-19,尿液,陽性,甲基安非他命,二級,40-49歲,男,2.0
3016,d3008fe8aaa20ad3,2025-11-09,尿液,陰性,未檢出,無,40-49歲,女,0.0
3017,788c0c8414825d79,2025-07-30,尿液,陰性,未檢出,無,50-59歲,男,0.0
3018,01012158ac97020d,2025-08-09,血液,陰性,未檢出,無,50-59歲,男,0.0
3019,8c5b574905336928,2025-10-23,尿液,陰性,未檢出,無,60歲以上,男,0.0
3020,6ecc116a13fb659b,2025-05-20,尿液,陰性,未檢出,無,40-49歲,男,0.0
3021,d5ea3d15d05fb2c4,2025-12-31,尿液,陰性,未檢出,無,30-39歲,男,0.0
3022,efd1054152d8274a,2025-08-14,尿液,陰性,未檢出,無,20-29歲,男,0.0
3023,6ae503f8e0924d34,2025-11-24,尿液,陽性,安非他命,二級,40-49歲,女,2.0
3024,2d0b27f83269e281,2025-11-10,尿液,陰性,未檢出,無,30-39歲,男,0.0
3025,9b3615aab22fd691,2025-05-13,尿液,陰性,未檢出,無,20-29歲,男,0.0
3026,eb487f84bbd3e6bb,2025-02-01,尿液,陰性,未檢出,無,60歲以上,男,0.0
3027,c128234120613a6b,2025-10-24,尿液,陽性,愷他命,三級,50-59歲,男,1.0
3028,03c38cd8c90f5e7f,2025-09-27,尿液,陰性,未檢出,無,60歲以上,男,0.0
3029,4024bb85a605011a,2025-06-07,血液,陰性,未檢出,無,50-59歲,男,0.0
3030,868b1209e1c353bf,2025-11-14,尿液,陰性,未檢出,無,50-59歲,男,0.0
3031,526183492714062f,2025-06-07,尿液,陰性,未檢出,無,20-29歲,男,0.0
3032,d6128d1feed6e5f4,2025-01-02,尿液,陰性,未檢出,無,50-59歲,男,0.0
3033,c252380212fa7428,2025-11-07,尿液,陰性,未檢出,無,60歲以上,男,0.0
3034,eaa9a725bd4a1068,2025-11-11,尿液,陰性,未檢出,無,50-59歲,男,0.0
3035,a6e65aaecee94076,2025-10-29,尿液,陰性,未檢出,無,30-39歲,男,0.0
3036,e4776baa6389ab75,2025-02-24,血液,陽性,甲基安非他命,二級,19歲以下,男,2.0
3037,d7069e98a543dd36,2025-12-30,尿液,陰性,未檢出,無,50-59歲,男,0.0
3038,df89464c2ff09dd7,2025-11-21,尿液,陽性,安非他命,二級,50-59歲,男,2.0
3039,30e013dea621e066,2025-12-03,尿液,陰性,未檢出,無,40-49歲,男,0.0
3040,ae3ea020543cf946,2025-06-12,尿液,陰性,未檢出,無,50-59歲,男,0.0
3041,1149fb0c70b75824,2025-02-22,尿液,陰性,未檢出,無,60歲以上,男,0.0
3042,ce4c19d17c86a196,2025-12-07,尿液,陰性,未檢出,無,40-49歲,男,0.0
3043,72f9ed8b36bd9b04,2025-07-04,血液,陰性,未檢出,無,20-29歲,女,0.0
3044,a04c04fb88468a32,2025-11-04,血液,陰性,未檢出,無,40-49歲,男,0.0
3045,c2191442b15293d5,2025-02-23,血液,陰性,未檢出,無,50-59歲,男,0.0
3046,cb61a0befd05b6b6,2025-05-10,尿液,陰性,未檢出,無,40-49歲,男,0.0
3047,310f5ca1a9813216,2025-10-25,尿液,陰性,未檢出,無,60歲以上,男,0.0
3048,678f3585570e3065,2025-03-26,尿液,陰性,未檢出,無,30-39歲,男,0.0
3049,35ced610ab7fbcde,2025-12-13,尿液,陰性,未檢出,無,30-39歲,女,0.0
3050,93f3b1633b7f38e2,2025-06-07,尿液,陽性,甲基安非他命,二級,40-49歲,男,2.0
3051,6f3430bfc9da3f0c,2025-07-05,尿液,陰性,未檢出,無,50-59歲,男,0.0
3052,383119db8a78d1f1,2025-10-23,尿液,陰性,未檢出,無,40-49歲,男,0.0
3053,be62417648104d01,2025-04-19,尿液,陰性,未檢出,無,40-49歲,男,0.0
3054,3b9c8f05c6dba7e2,2025-04-20,尿液,陰性,未檢出,無,20-29歲,男,0.0
3055,32b30b79ed89213e,2025-05-29,尿液,陰性,未檢出,無,60歲以上,男,0.0
3056,d48525277d6d11e4,2025-01-20,尿液,陰性,未檢出,無,50-59歲,男,0.0
3057,2d2657d81869b742,2025-03-25,尿液,陰性,未檢出,無,30-39歲,男,0.0
3058,985b0d1ce90cd01e,2025-03-20,尿液,陰性,未檢出,無,40-49歲,男,0.0
3059,079af0abb9b9e5b5,2025-05-13,尿液,陰性,未檢出,無,40-49歲,男,0.0
3060,f671d49010d39cb7,2025-05-19,尿液,陰性,未檢出,無,40-49歲,男,0.0
3061,25cbf0f9d2b7208a,2025-01-28,尿液,陰性,未檢出,無,50-59歲,女,0.0
3062,bc59db657564d7df,2025-09-04,尿液,陰性,未檢出,無,19歲以下,女,0.0
3063,afd6131675799af9,2025-01-01,尿液,陰性,未檢出,無,60歲以上,男,0.0
3064,76c069f6ed4c76bc,2025-01-02,尿液,陽性,愷他命,三級,40-49歲,男,1.0
3065,c64547dd4081b751,2025-05-25,尿液,陰性,未檢出,無,30-39歲,男,0.0
3066,91a76f4f1754a526,2025-08-17,尿液,陰性,未檢出,無,30-39歲,男,0.0
3067,c4d77338a96e9961,2025-05-25,尿液,陽性,甲基安非他命,二級,40-49歲,男,2.0
3068,600fc67b6847b5b6,2025-06-28,尿液,陰性,未檢出,無,40-49歲,男,0.0
3069,effbbd24bd2f9b55,2025-03-26,尿液,陽性,安非他命,二級,40-49歲,男,2.0
3070,ababf7b436cc0780,2025-11-23,尿液,陰性,未檢出,無,60歲以上,男,0.0
3071,8dafd9fa546f3900,2025-07-22,尿液,陰性,未檢出,無,50-59歲,女,0.0
3072,5f79cc97eb25d421,2025-08-21,血液,陰性,未檢出,無,50-59歲,男,0.0
3073,465aab285f260ed5,2025-03-21,血液,陰性,未檢出,無,50-59歲,男,0.0
3074,aa07551a06c6c04e,2025-09-27,尿液,陰性,未檢出,無,50-59歲,女,0.0
3075,d670bbde61d8d99b,2025-09-13,尿液,陰性,未檢出,無,50-59歲,女,0.0
3076,01cba15da28fc364,2025-06-03,尿液,陰性,未檢出,無,40-49歲,男,0.0
3077,f8d5f476a81a51c3,2025-05-19,血液,陰性,未檢出,無,40-49歲,男,0.0
3078,8f8b9329b1981e29,2025-12-03,尿液,陽性,愷他命,三級,19歲以下,男,1.0
3079,897a4962aadf2292,2025-01-18,尿液,陰性,未檢出,無,50-59歲,男,0.0
3080,ce1d33a79b28448a,2025-06-03,尿液,陰性,未檢出,無,50-59歲,男,0.0
3081,ac65c87a71ae23df,2025-12-15,尿液,陰性,未檢出,無,50-59歲,男,0.0
3082,3fa5d74adc11779c,2025-06-02,尿液,陰性,未檢出,無,40-49歲,男,0.0
3083,aaf48eab758c79b2,2025-04-20,尿液,陰性,未檢出,無,40-49歲,男,0.0
3084,ab75575974bb004a,2025-05-16,尿液,陰性,未檢出,無,40-49歲,男,0.0
3085,2a48fa3fbb7627e6,2025-09-20,尿液,陰性,未檢出,無,50-59歲,男,0.0
3086,4293afb9f2a6244f,2025-06-23,尿液,陰性,未檢出,無,40-49歲,男,0.0
3087,0cab7c82711e3549,2025-05-14,尿液,陰性,未檢出,無,50-59歲,男,0.0
3088,0e5797ae113cacd8,2025-04-08,尿液,陰性,未檢出,無,50-59歲,男,0.0
3089,9efde4423edd5d43,2025-10-04,尿液,陰性,未檢出,無,40-49歲,男,0.0
3090,674d75b42a5d34ed,2025-11-22,尿液,陰性,未檢出,無,40-49歲,男,0.0
3091,591b9d442ef7a6ed,2025-12-08,尿液,陽性,安非他命,二級,50-59歲,男,2.0
3092,beb5aacec06f7f18,2025-07-10,尿液,陰性,未檢出,無,40-49歲,女,0.0
3093,ebd0d218b7f4a4e9,2025-02-03,尿液,陽性,甲基安非他命,二級,40-49歲,男,2.0
3094,f6efb18af4842ad3,2025-08-30,尿液,陰性,未檢出,無,30-39歲,男,0.0
3095,4cf14583ba647132,2025-03-29,尿液,陰性,未檢出,無,60歲以上,男,0.0
3096,b0502272bcccde51,2025-06-14,尿液,陰性,未檢出,無,20-29歲,男,0.0
3097,df377ac1043d1e87,2025-11-21,尿液,陰性,未檢出,無,40-49歲,男,0.0
3098,3bcb6bf7bf05e4ed,2025-07-30,尿液,陰性,未檢出,無,40-49歲,女,0.0
3099,2fcb2ee923eb2e26,2025-02-01,尿液,陽性,安非他命,二級,30-39歲,男,2.0
3100,fd04e04580caf513,2025-08-27,尿液,陰性,未檢出,無,50-59歲,男,0.0
3101,b4db35af6c761e38,2025-10-29,尿液,陽性,嗎啡,一級,40-49歲,男,3.0
3102,ef17411538ff0880,2025-01-30,尿液,陰性,未檢出,無,30-39歲,男,0.0
3103,42144d403758e049,2025-04-02,尿液,陰性,未檢出,無,30-39歲,男,0.0
3104,aac45ce515a8dbf9,2025-03-18,尿液,陰性,未檢出,無,50-59歲,男,0.0
3105,ad3e73fcfcd602d7,2025-09-11,尿液,陰性,未檢出,無,50-59歲,女,0.0
3106,8727ab0e1c787bb8,2025-10-16,尿液,陽性,安非他命,二級,30-39歲,男,2.0
3107,33a380372764b434,2025-02-21,尿液,陽性,安非他命,二級,60歲以上,男,2.0
3108,12033b6b10993c39,2025-07-22,尿液,陰性,未檢出,無,20-29歲,男,0.0
3109,9d4acd8599eaedf8,2025-01-18,尿液,陰性,未檢出,無,20-29歲,男,0.0
3110,7fc8cbe9520fcdc4,2025-05-29,尿液,陽性,甲基安非他命,二級,40-49歲,男,2.0
3111,6ed5e726cc4eaac2,2025-10-26,尿液,陽性,嗎啡,一級,40-49歲,男,3.0
3112,2fee7a7a8a85899b,2025-03-08,尿液,陰性,未檢出,無,30-39歲,男,0.0
3113,5ff0dc94e908f4a3,2025-07-12,尿液,陰性,未檢出,無,60歲以上,男,0.0
3114,16e358cc4c6165fc,2025-08-06,尿液,陰性,未檢出,無,30-39歲,男,0.0
3115,c5d4a25d40325117,2025-08-07,尿液,陰性,未檢出,無,50-59歲,男,0.0
3116,75ff02ccb2cfc38c,2025-06-30,尿液,陰性,未檢出,無,40-49歲,男,0.0
3117,009cb39d40da74a4,2025-08-26,血液,陽性,甲基安非他命,二級,19歲以下,男,2.0
3118,9731601df0ea5581,2025-05-28,尿液,陰性,未檢出,無,50-59歲,男,0.0
3119,ca9d38287300abd8,2025-04-25,血液,陰性,未檢出,無,40-49歲,男,0.0
3120,91913d9f59c6a5d3,2025-09-28,尿液,陰性,未檢出,無,40-49歲,男,0.0
3121,ed93ed874d491dec,2025-05-04,血液,陰性,未檢出,無,20-29歲,男,0.0
3122,8f0c469edd87174d,2025-10-10,尿液,陰性,未檢出,無,50-59歲,男,0.0
3123,9a099cce867eab36,2025-08-04,尿液,陰性,未檢出,無,19歲以下,男,0.0
3124,7f1b1bf1d181dda2,2025-09-07,尿液,陰性,未檢出,無,19歲以下,女,0.0
3125,00122c642afa0136,2025-02-23,尿液,陰性,未檢出,無,40-49歲,男,0.0
3126,dda99b6bbc35edc3,2025-02-18,血液,陰性,未檢出,無,40-49歲,男,0.0
3127,e07801ff568a4990,2025-03-01,尿液,陰性,未檢出,無,60歲以上,男,0.0
3128,3e762e265698e8dc,2025-05-23,尿液,陰性,未檢出,無,60歲以上,男,0.0
3129,a948cad1e1ba58cd,2025-09-02,尿液,陰性,未檢出,無,50-59歲,女,0.0
3130,cc8999098aed14ac,2025-07-04,血液,陰性,未檢出,無,50-59歲,男,0.0
3131,b30620df3df675c9,2025-01-15,尿液,陰性,未檢出,無,60歲以上,男,0.0
3132,466e935406c4810c,2025-05-09,尿液,陰性,未檢出,無,40-49歲,男,0.0
3133,833e7ec6a5bf6a9d,2025-07-13,尿液,陰性,未檢出,無,50-59歲,男,0.0
3134,04579bbe555ca4e7,2025-10-15,尿液,陽性,嗎啡,一級,50-59歲,男,3.0
3135,8a6d9ce7e2a841d0,2025-05-18,尿液,陰性,未檢出,無,40-49歲,男,0.0
3136,24d85e83a64c66ef,2025-01-29,尿液,陰性,未檢出,無,60歲以上,女,0.0
3137,0c029601ec0e8b7c,2025-01-02,尿液,陰性,未檢出,無,30-39歲,男,0.0
3138,0693bea2e28a0115,2025-06-27,尿液,陰性,未檢出,無,50-59歲,男,0.0
3139,954f9a6b512ba4a4,2025-09-14,尿液,陽性,愷他命,三級,60歲以上,男,1.0
3140,f01c1b3968592e81,2025-05-23,尿液,陽性,甲基安非他命,二級,50-59歲,男,2.0
3141,6dd891635ef5c217,2025-04-08,血液,陽性,安非他命,二級,40-49歲,男,2.0
3142,03e2b1cce6d1ae90,2025-05-25,尿液,陰性,未檢出,無,60歲以上,女,0.0
3143,8d42d6bf3e7eca48,2025-01-18,尿液,陽性,安非他命,二級,50-59歲,男,2.0
3144,b107b97f232236af,2025-06-04,血液,陰性,未檢出,無,50-59歲,男,0.0
3145,0328e365259df35c,2025-05-11,血液,陰性,未檢出,無,30-39歲,男,0.0
3146,1b96456a8f9fb798,2025-10-18,尿液,陽性,安非他命,二級,30-39歲,男,2.0
3147,6a443b2aca6bfb64,2025-07-09,尿液,陰性,未檢出,無,30-39歲,男,0.0
3148,ce556bd4a644c5a9,2025-08-05,尿液,陰性,未檢出,無,30-39歲,女,0.0
3149,d3d2171014820ad7,2025-07-08,尿液,陰性,未檢出,無,19歲以下,男,0.0
3150,b8d378254365b62a,2025-05-12,尿液,陽性,甲基安非他命,二級,40-49歲,女,2.0
3151,2e13748f2f8f84e7,2025-04-25,尿液,陰性,未檢出,無,40-49歲,男,0.0
3152,9bbbcc2cc457fca9,2025-02-04,尿液,陰性,未檢出,無,40-49歲,男,0.0
3153,fbf0e2f24d169bf2,2025-01-25,尿液,陽性,安非他命,二級,50-59歲,男,2.0
3154,de3ba1a17896bc81,2025-11-07,血液,陰性,未檢出,無,20-29歲,男,0.0
3155,7ff2f0aba456912a,2025-12-31,尿液,陽性,甲基安非他命,二級,40-49歲,男,2.0
3156,6ed7620a959f17e2,2025-02-25,尿液,陰性,未檢出,無,20-29歲,男,0.0
3157,a6f794da34858a4a,2025-08-26,尿液,陰性,未檢出,無,40-49歲,男,0.0
3158,426ca55c4cf32478,2025-04-09,尿液,陽性,安非他命,二級,50-59歲,男,2.0
3159,91e3696024c7a1c7,2025-11-02,尿液,陽性,安非他命,二級,40-49歲,男,2.0
3160,fd0970362629f908,2025-06-22,尿液,陰性,未檢出,無,19歲以下,男,0.0
3161,984b7df9cd7e4faa,2025-08-06,尿液,陽性,安非他命,二級,50-59歲,男,2.0
3162,4b5b85759d106c0b,2025-05-27,尿液,陰性,未檢出,無,40-49歲,男,0.0
3163,f1a74b4c31245026,2025-04-02,血液,陽性,安非他命,二級,40-49歲,女,2.0
3164,adce5fcd41dd19a8,2025-02-07,血液,陰性,未檢出,無,50-59歲,男,0.0
3165,5210cdc73e4aa634,2025-09-10,尿液,陰性,未檢出,無,50-59歲,男,0.0
3166,3e3a95ef4b5f4007,2025-03-08,尿液,陰性,未檢出,無,20-29歲,女,0.0
3167,6976a2fac92b7950,2025-08-07,尿液,陰性,未檢出,無,60歲以上,男,0.0
3168,5724885602a6031f,2025-12-02,血液,陰性,未檢出,無,40-49歲,男,0.0
3169,90fc3244dc7c8219,2025-01-12,尿液,陰性,未檢出,無,40-49歲,男,0.0
3170,0c5e32ab77097487,2025-01-20,尿液,陰性,未檢出,無,30-39歲,男,0.0
3171,47e8b3c458482f68,2025-01-28,尿液,陰性,未檢出,無,60歲以上,男,0.0
3172,5ea25296d55f4fb7,2025-11-03,尿液,陰性,未檢出,無,40-49歲,男,0.0
3173,7c545cb4cd035933,2025-05-04,血液,陰性,未檢出,無,60歲以上,男,0.0
3174,ca3dfbdd7854371a,2025-01-16,尿液,陰性,未檢出,無,60歲以上,男,0.0
3175,ca53f4e2a1684851,2025-06-10,尿液,陰性,未檢出,無,50-59歲,女,0.0
3176,fbac67aac48e29d2,2025-07-08,尿液,陰性,未檢出,無,19歲以下,男,0.0
3177,d9522dedb0bb7913,2025-08-21,尿液,陰性,未檢出,無,30-39歲,男,0.0
3178,14411b0dae0ea46c,2025-08-24,血液,陰性,未檢出,無,30-39歲,女,0.0
3179,1d8280528fe5967f,2025-10-21,尿液,陰性,未檢出,無,50-59歲,女,0.0
3180,bceec11e3e710478,2025-03-10,血液,陽性,安非他命,二級,40-49歲,男,2.0
3181,5d19bf9399766d18,2025-01-04,尿液,陰性,未檢出,無,50-59歲,男,0.0
3182,a2d3c9c28d9eb3f5,2025-08-29,尿液,陰性,未檢出,無,50-59歲,男,0.0
3183,642c443d719d08f6,2025-07-13,尿液,陽性,安非他命,二級,50-59歲,女,2.0
3184,21122a6167ea296d,2025-01-07,尿液,陰性,未檢出,無,50-59歲,男,0.0
3185,0d8496c28ac234d3,2025-07-21,尿液,陰性,未檢出,無,50-59歲,男,0.0
3186,e5e375cd16af1784,2025-06-06,尿液,陽性,嗎啡,一級,40-49歲,男,3.0
3187,3dc62582850ddbc7,2025-03-09,尿液,陰性,未檢出,無,40-49歲,女,0.0
3188,c76f6bad05653028,2025-07-30,尿液,陰性,未檢出,無,40-49歲,男,0.0
3189,f77155f46282b063,2025-10-09,尿液,陰性,未檢出,無,30-39歲,女,0.0
3190,98ce033ab86debce,2025-08-07,尿液,陰性,未檢出,無,40-49歲,男,0.0
3191,72302695ff88f739,2025-07-04,尿液,陽性,甲基安非他命,二級,50-59歲,男,2.0
3192,a16bd8b384d9e5c1,2025-06-10,尿液,陰性,未檢出,無,50-59歲,男,0.0
3193,aedf5390177fe26b,2025-07-12,血液,陰性,未檢出,無,40-49歲,男,0.0
3194,eb8df70e094c061d,2025-11-16,尿液,陰性,未檢出,無,40-49歲,男,0.0
3195,9c498661bf5720ef,2025-12-03,尿液,陰性,未檢出,無,50-59歲,男,0.0
3196,185a5f882080017f,2025-05-25,尿液,陰性,未檢出,無,50-59歲,男,0.0
3197,9b012f4af9ad6be6,2025-03-27,尿液,陰性,未檢出,無,50-59歲,男,0.0
3198,da4b8e67deaba74a,2025-05-04,尿液,陰性,未檢出,無,30-39歲,女,0.0
3199,4e32f4801823e138,2025-05-28,尿液,陰性,未檢出,無,40-49歲,男,0.0
3200,eed6ef5a18a7e29e,2025-10-05,尿液,陰性,未檢出,無,40-49歲,女,0.0
3201,4a97638c2213b3ac,2025-02-18,尿液,陽性,安非他命,二級,19歲以下,男,2.0
3202,a01cd060604c61a4,2025-02-12,血液,陰性,未檢出,無,20-29歲,男,0.0
3203,0ce9297b0c13bbe0,2025-05-08,尿液,陰性,未檢出,無,50-59歲,男,0.0
3204,775ef662218f0308,2025-06-27,尿液,陰性,未檢出,無,30-39歲,男,0.0
3205,685f0ff4f7f8bde5,2025-06-01,尿液,陰性,未檢出,無,40-49歲,男,0.0
3206,7a21df855d5532dc,2025-08-02,尿液,陰性,未檢出,無,40-49歲,男,0.0
3207,1f962fa196a89008,2025-04-18,尿液,陽性,甲基安非他命,二級,60歲以上,男,2.0
3208,3080dad807556ce8,2025-03-25,尿液,陽性,安非他命,二級,20-29歲,男,2.0
3209,5e8a8a38f1ad8b30,2025-10-20,尿液,陽性,安非他命,二級,50-59歲,男,2.0
3210,341bf7d96db3ab25,2025-07-05,尿液,陰性,未檢出,無,50-59歲,男,0.0
3211,dc79c49da51abe13,2025-04-17,尿液,陰性,未檢出,無,50-59歲,男,0.0
3212,9033c7bd9d3bd15c,2025-12-16,尿液,陽性,甲基安非他命,二級,40-49歲,男,2.0
3213,c17d455383f86b9f,2025-03-03,血液,陰性,未檢出,無,50-59歲,男,0.0
3214,5d47f9ff9a5c6be3,2025-03-31,尿液,陰性,未檢出,無,30-39歲,男,0.0
3215,ba58aa2ebfdec1ff,2025-06-04,尿液,陽性,甲基安非他命,二級,50-59歲,男,2.0
3216,385759e4e720d5a2,2025-04-07,血液,陰性,未檢出,無,40-49歲,女,0.0
3217,9b23359962483ebd,2025-10-10,血液,陽性,愷他命,三級,30-39歲,男,1.0
3218,8be74bf6d600cd72,2025-10-29,尿液,陰性,未檢出,無,20-29歲,男,0.0
3219,4aa9ee09baff8d47,2025-03-20,尿液,陰性,未檢出,無,40-49歲,男,0.0
3220,64192c923e2b77fa,2025-01-15,血液,陰性,未檢出,無,60歲以上,男,0.0
3221,42392dc02fcf5bee,2025-10-01,血液,陰性,未檢出,無,50-59歲,男,0.0
3222,15777a9f0e3b6620,2025-05-13,尿液,陽性,甲基安非他命,二級,50-59歲,男,2.0
3223,1c5ca7dab2ecf11a,2025-03-20,尿液,陽性,甲基安非他命,二級,40-49歲,男,2.0
3224,aa188f03f46ad342,2025-11-22,血液,陰性,未檢出,無,50-59歲,女,0.0
3225,aede0bda26324a79,2025-04-30,尿液,陰性,未檢出,無,40-49歲,男,0.0
3226,5eb454669d138fd2,2025-11-26,尿液,陰性,未檢出,無,40-49歲,女,0.0
3227,767015311ebffd8e,2025-10-14,尿液,陰性,未檢出,無,50-59歲,男,0.0
3228,351b24855c410715,2025-06-25,尿液,陰性,未檢出,無,40-49歲,男,0.0
3229,7ae793f0fe769ee5,2025-02-15,尿液,陰性,未檢出,無,50-59歲,男,0.0
3230,2d209e05f9deec34,2025-12-07,尿液,陰性,未檢出,無,40-49歲,女,0.0
3231,5b3926c7def628bf,2025-11-19,尿液,陰性,未檢出,無,19歲以下,男,0.0
3232,28947b49c88994f9,2025-10-08,血液,陰性,未檢出,無,60歲以上,男,0.0
3233,8df665765d1e7d05,2025-01-19,尿液,陰性,未檢出,無,20-29歲,男,0.0
3234,1aae25a4fe7171fe,2025-08-28,尿液,陽性,愷他命,三級,40-49歲,男,1.0
3235,755c6c8193f1459c,2025-11-13,血液,陰性,未檢出,無,50-59歲,男,0.0
3236,0810c79ca7d8d294,2025-05-24,尿液,陽性,安非他命,二級,30-39歲,男,2.0
3237,ad71af391954565d,2025-06-04,血液,陰性,未檢出,無,40-49歲,男,0.0
3238,315d66445b563c2d,2025-03-16,尿液,陰性,未檢出,無,50-59歲,男,0.0
3239,437e96fc69523ba2,2025-03-15,尿液,陰性,未檢出,無,40-49歲,男,0.0
3240,9daa82a35aba6b2b,2025-03-05,尿液,陰性,未檢出,無,50-59歲,男,0.0
3241,deef2cf0504523e0,2025-07-04,尿液,陰性,未檢出,無,20-29歲,男,0.0
3242,5172afba82afbe9c,2025-09-06,尿液,陽性,甲基安非他命,二級,30-39歲,女,2.0
3243,4bebd3eee01c410d,2025-07-23,尿液,陰性,未檢出,無,40-49歲,男,0.0
3244,dfe46534bfb9ea5f,2025-06-20,尿液,陰性,未檢出,無,19歲以下,男,0.0
3245,7046cdeb39246774,2025-10-20,尿液,陰性,未檢出,無,40-49歲,男,0.0
3246,a17a62b2b0a26012,2025-06-03,血液,陽性,愷他命,三級,19歲以下,男,1.0
3247,fa89817e9b7c317c,2025-04-09,尿液,陰性,未檢出,無,50-59歲,男,0.0
3248,56b8e5a30e52ad98,2025-06-11,尿液,陽性,安非他命,二級,30-39歲,男,2.0
3249,1fa9b1851a7f4b9e,2025-02-26,尿液,陽性,愷他命,三級,50-59歲,女,1.0
3250,7e1af1afa4df6af6,2025-05-04,血液,陰性,未檢出,無,40-49歲,男,0.0
3251,c9efa98ce68253b4,2025-07-03,尿液,陰性,未檢出,無,50-59歲,男,0.0
3252,47748695087ea07c,2025-05-02,尿液,陰性,未檢出,無,20-29歲,男,0.0
3253,8f31d4318ceff97b,2025-07-26,尿液,陽性,甲基安非他命,二級,50-59歲,男,2.0
3254,3fad7148033baf9f,2025-06-24,血液,陰性,未檢出,無,19歲以下,女,0.0
3255,51a34a4473d1b018,2025-12-14,尿液,陰性,未檢出,無,30-39歲,男,0.0
3256,1e2256472c28d227,2025-12-03,尿液,陰性,未檢出,無,30-39歲,男,0.0
3257,451f0c632119d2d1,2025-06-08,尿液,陽性,安非他命,二級,40-49歲,女,2.0
3258,7858b1573457f1f7,2025-03-02,尿液,陰性,未檢出,無,30-39歲,女,0.0
3259,18d716796f0a95ba,2025-01-07,尿液,陽性,愷他命,三級,30-39歲,女,1.0
3260,ed74d4337bd4570c,2025-01-08,尿液,陰性,未檢出,無,19歲以下,男,0.0
3261,6ce6b3d81b65214d,2025-09-26,尿液,陰性,未檢出,無,50-59歲,女,0.0
3262,27f720e56fef5bb9,2025-11-24,尿液,陰性,未檢出,無,40-49歲,男,0.0
3263,00e9fcd1fbeba13f,2025-06-08,尿液,陰性,未檢出,無,50-59歲,男,0.0
3264,a6e15e6fa5a28931,2025-05-19,血液,陰性,未檢出,無,60歲以上,男,0.0
3265,fefe9b2db1f0e7e9,2025-02-09,尿液,陽性,安非他命,二級,40-49歲,女,2.0
3266,fdb01cbf1ee98e4d,2025-02-14,尿液,陽性,愷他命,三級,40-49歲,男,1.0
3267,1fadb79be1bbb998,2025-01-29,尿液,陰性,未檢出,無,50-59歲,男,0.0
3268,42d4e5d20ea3dc05,2025-07-10,尿液,陰性,未檢出,無,60歲以上,男,0.0
3269,a282a139b74d28db,2025-06-08,尿液,陽性,嗎啡,一級,50-59歲,男,3.0
3270,87b8ad59ac37a551,2025-10-21,血液,陰性,未檢出,無,60歲以上,男,0.0
3271,d052fbe825985495,2025-10-10,尿液,陰性,未檢出,無,50-59歲,男,0.0
3272,a2e1d45906db2d41,2025-01-16,血液,陰性,未檢出,無,60歲以上,男,0.0
3273,9fa4008973ad45d2,2025-04-06,尿液,陰性,未檢出,無,50-59歲,男,0.0
3274,3fa53348c4be42b0,2025-03-17,尿液,陰性,未檢出,無,40-49歲,男,0.0
3275,8da682f7a0c9aa33,2025-03-05,尿液,陰性,未檢出,無,50-59歲,女,0.0
3276,ac5ce65cc5fcb98d,2025-11-04,尿液,陰性,未檢出,無,50-59歲,男,0.0
3277,992fc258ac42ec7e,2025-02-04,尿液,陰性,未檢出,無,40-49歲,男,0.0
3278,239828dd70cc5e83,2025-03-07,尿液,陽性,安非他命,二級,20-29歲,男,2.0
3279,b17211743e7f78b3,2025-12-25,尿液,陰性,未檢出,無,50-59歲,女,0.0
3280,63848a2e5bf3befd,2025-12-20,尿液,陽性,甲基安非他命,二級,50-59歲,女,2.0
3281,281f25d072ccaefa,2025-10-18,尿液,陰性,未檢出,無,50-59歲,男,0.0
3282,ed71e1f64862440b,2025-04-03,尿液,陰性,未檢出,無,40-49歲,男,0.0
3283,5c8f988398fa3245,2025-05-08,尿液,陰性,未檢出,無,40-49歲,男,0.0
3284,ee87b1c42fac6bdd,2025-10-02,尿液,陰性,未檢出,無,20-29歲,女,0.0
3285,6bdace3bee0c8bb2,2025-11-14,尿液,陰性,未檢出,無,40-49歲,男,0.0
3286,761bba4e8b6668ca,2025-05-23,尿液,陰性,未檢出,無,30-39歲,男,0.0
3287,95d79a0e47ae1f6c,2025-03-06,尿液,陽性,安非他命,二級,40-49歲,男,2.0
3288,a9da8641629b1044,2025-02-21,尿液,陰性,未檢出,無,50-59歲,男,0.0
3289,90a38f180f096dfa,2025-05-22,尿液,陰性,未檢出,無,50-59歲,男,0.0
3290,0000995d418af42c,2025-05-14,尿液,陰性,未檢出,無,50-59歲,男,0.0
3291,1e954e8936307299,2025-11-25,尿液,陽性,甲基安非他命,二級,50-59歲,男,2.0
3292,d2f30b48d00ecf6a,2025-04-14,尿液,陰性,未檢出,無,40-49歲,男,0.0
3293,675a3ab34945af27,2025-10-07,尿液,陰性,未檢出,無,50-59歲,男,0.0
3294,ddd47987bea7b152,2025-02-04,尿液,陰性,未檢出,無,30-39歲,男,0.0
3295,975cb3af3ed1b5a1,2025-05-26,尿液,陽性,甲基安非他命,二級,19歲以下,男,2.0
3296,3fefba8f81b71a49,2025-06-02,血液,陰性,未檢出,無,40-49歲,男,0.0
3297,38c2c335e85d0506,2025-10-21,尿液,陽性,甲基安非他命,二級,40-49歲,男,2.0
3298,33aa6914443541ef,2025-06-24,血液,陰性,未檢出,無,30-39歲,男,0.0
3299,21eee7a72e74a15e,2025-06-08,尿液,陰性,未檢出,無,19歲以下,男,0.0
3300,a78e19246d4c2297,2025-07-09,血液,陰性,未檢出,無,20-29歲,男,0.0
3301,f6c16fa9e8911a0c,2025-03-17,尿液,陰性,未檢出,無,50-59歲,男,0.0
3302,c8319b0c096c652f,2025-09-30,尿液,陰性,未檢出,無,40-49歲,男,0.0
3303,b1be6051c5dc5fec,2025-03-04,尿液,陰性,未檢出,無,40-49歲,男,0.0
3304,11be5021817d7af4,2025-03-05,尿液,陰性,未檢出,無,60歲以上,女,0.0
3305,ab4fefdf1f101177,2025-05-05,尿液,陰性,未檢出,無,40-49歲,男,0.0
3306,45cd7dc40c08c119,2025-01-18,尿液,陽性,安非他命,二級,40-49歲,女,2.0
3307,af79badceee3df6f,2025-04-26,尿液,陰性,未檢出,無,50-59歲,女,0.0
3308,27282226c7c11209,2025-05-30,尿液,陰性,未檢出,無,30-39歲,男,0.0
3309,f774ff39dec38300,2025-04-29,尿液,陽性,愷他命,三級,40-49歲,女,1.0
3310,5f856aac50c61a49,2025-03-04,尿液,陰性,未檢出,無,40-49歲,男,0.0
3311,52c99f33417a625c,2025-05-05,尿液,陰性,未檢出,無,50-59歲,男,0.0
3312,c791171c5e832a83,2025-06-27,血液,陰性,未檢出,無,40-49歲,男,0.0
3313,fd24502577cc10b3,2025-05-28,尿液,陰性,未檢出,無,50-59歲,男,0.0
3314,29e606849a3724e4,2025-10-21,尿液,陽性,甲基安非他命,二級,50-59歲,男,2.0
3315,54a35c0a372dc4bd,2025-07-01,血液,陽性,安非他命,二級,50-59歲,男,2.0
3316,f11bc6a842c42ebe,2025-08-11,尿液,陰性,未檢出,無,30-39歲,男,0.0
3317,9a423549f24d0aa9,2025-11-11,尿液,陰性,未檢出,無,40-49歲,男,0.0
3318,f6738dba0a9ded24,2025-10-10,尿液,陽性,安非他命,二級,30-39歲,男,2.0
3319,e52d0e91ba995de6,2025-11-06,尿液,陽性,嗎啡,一級,50-59歲,男,3.0
3320,4ecbaaec48b72175,2025-08-07,尿液,陰性,未檢出,無,40-49歲,男,0.0
3321,75687e6f92d04c5b,2025-08-09,尿液,陰性,未檢出,無,40-49歲,男,0.0
3322,88e8e6bc7a579708,2025-07-10,尿液,陰性,未檢出,無,30-39歲,女,0.0
3323,8d900f1cb5f22a29,2025-01-28,尿液,陰性,未檢出,無,20-29歲,女,0.0
3324,87c6a0d1ed3b629f,2025-11-06,尿液,陽性,安非他命,二級,50-59歲,男,2.0
3325,ff91365e8cff5d04,2025-06-21,尿液,陰性,未檢出,無,40-49歲,男,0.0
3326,596bb3f9e7f5a59c,2025-02-18,尿液,陰性,未檢出,無,20-29歲,女,0.0
3327,1c9ffc19e28c3da0,2025-02-28,尿液,陰性,未檢出,無,30-39歲,男,0.0
3328,7cff24e69b5890fc,2025-01-02,血液,陽性,愷他命,三級,30-39歲,男,1.0
3329,c089d7ac70f1508c,2025-10-04,尿液,陰性,未檢出,無,40-49歲,女,0.0
3330,4d32e06de9672daf,2025-04-17,尿液,陰性,未檢出,無,60歲以上,女,0.0
3331,58c10e53faa1d677,2025-02-13,尿液,陰性,未檢出,無,40-49歲,男,0.0
3332,a56d4f741169bd9f,2025-09-05,尿液,陰性,未檢出,無,50-59歲,男,0.0
3333,a0fb8c3abab50d88,2025-12-09,血液,陰性,未檢出,無,20-29歲,女,0.0
3334,8511ba031cd553af,2025-09-26,尿液,陰性,未檢出,無,40-49歲,男,0.0
3335,28d286ba446e0cfb,2025-05-25,尿液,陰性,未檢出,無,40-49歲,男,0.0
3336,15fb4ae019739f0a,2025-08-29,尿液,陰性,未檢出,無,40-49歲,男,0.0
3337,18f56774b85f8125,2025-10-25,尿液,陽性,安非他命,二級,40-49歲,男,2.0
3338,b5117eeb4008bec0,2025-10-13,尿液,陰性,未檢出,無,50-59歲,男,0.0
3339,4b684459330f66d5,2025-02-09,尿液,陰性,未檢出,無,50-59歲,男,0.0
3340,035583f7fc771742,2025-11-12,尿液,陰性,未檢出,無,50-59歲,男,0.0
3341,0cb84704768897a5,2025-02-12,尿液,陰性,未檢出,無,20-29歲,男,0.0
3342,09227e7658574301,2025-12-10,尿液,陰性,未檢出,無,50-59歲,男,0.0
3343,6dd3e85f8252dd4a,2025-04-21,尿液,陰性,未檢出,無,40-49歲,男,0.0
3344,c1a71cacd21ccea4,2025-01-22,尿液,陰性,未檢出,無,40-49歲,男,0.0
3345,3e232bb06bd67a85,2025-08-16,尿液,陽性,嗎啡,一級,20-29歲,男,3.0
3346,08079891702ad02b,2025-08-10,血液,陽性,甲基安非他命,二級,40-49歲,男,2.0
3347,5e8ad55cac2e4026,2025-01-19,尿液,陰性,未檢出,無,40-49歲,男,0.0
3348,a674f39dcc0c5b8f,2025-10-03,尿液,陰性,未檢出,無,40-49歲,女,0.0
3349,6b2028e7b449ddb7,2025-11-16,尿液,陰性,未檢出,無,20-29歲,男,0.0
3350,73a88134b0c09a5a,2025-11-27,尿液,陰性,未檢出,無,30-39歲,女,0.0
3351,8fabcb93b916cbe5,2025-09-27,尿液,陰性,未檢出,無,40-49歲,男,0.0
3352,93eb5d5af8e1ecfd,2025-08-22,尿液,陰性,未檢出,無,50-59歲,男,0.0
3353,c95ece50087d83f1,2025-10-08,尿液,陽性,嗎啡,一級,60歲以上,女,3.0
3354,0a5bf880bf0c2569,2025-08-20,尿液,陰性,未檢出,無,40-49歲,男,0.0
3355,517a6437ea8b1181,2025-01-24,尿液,陰性,未檢出,無,40-49歲,男,0.0
3356,09392660db5b7386,2025-03-28,尿液,陰性,未檢出,無,40-49歲,男,0.0
3357,ba13a4fd5ee9d5e5,2025-08-28,尿液,陰性,未檢出,無,20-29歲,男,0.0
3358,c71c06fda3caa2cf,2025-04-21,尿液,陰性,未檢出,無,40-49歲,男,0.0
3359,7dae8e81077ac787,2025-12-31,尿液,陰性,未檢出,無,40-49歲,男,0.0
3360,69c715700e8555fe,2025-08-17,尿液,陰性,未檢出,無,20-29歲,男,0.0
3361,ea774309a16ade91,2025-02-21,尿液,陰性,未檢出,無,40-49歲,男,0.0
3362,9abe7da73c96bee8,2025-06-17,尿液,陰性,未檢出,無,20-29歲,男,0.0
3363,1d89e4bc2b93b26f,2025-09-19,尿液,陰性,未檢出,無,60歲以上,男,0.0
3364,af235961ee888f00,2025-06-07,尿液,陰性,未檢出,無,40-49歲,男,0.0
3365,0c29f2f6891c54bf,2025-07-10,尿液,陰性,未檢出,無,40-49歲,男,0.0
3366,0d204219dd548c16,2025-08-15,尿液,陰性,未檢出,無,40-49歲,女,0.0
3367,1b6774113f259f43,2025-03-08,尿液,陰性,未檢出,無,30-39歲,男,0.0
3368,19a82a2c5b147022,2025-08-24,尿液,陽性,嗎啡,一級,50-59歲,男,3.0
3369,a11256670effc221,2025-06-22,尿液,陰性,未檢出,無,50-59歲,男,0.0
3370,d05472e0196819ca,2025-12-23,尿液,陰性,未檢出,無,50-59歲,男,0.0
3371,c261e300662f600f,2025-11-24,尿液,陰性,未檢出,無,20-29歲,男,0.0
3372,0574b27ea8912961,2025-10-05,尿液,陽性,愷他命,三級,19歲以下,男,1.0
3373,4693016ab031134a,2025-10-30,尿液,陽性,愷他命,三級,50-59歲,男,1.0
3374,45dce8eba79e0604,2025-09-19,尿液,陽性,甲基安非他命,二級,60歲以上,女,2.0
3375,6264da55311d7efc,2025-10-23,尿液,陽性,嗎啡,一級,40-49歲,男,3.0
3376,c10c4f5cef122d7a,2025-01-10,尿液,陽性,甲基安非他命,二級,40-49歲,女,2.0
3377,3d53c9d362c60e89,2025-02-12,尿液,陰性,未檢出,無,30-39歲,男,0.0
3378,80d929a621b9c0de,2025-06-04,尿液,陰性,未檢出,無,40-49歲,男,0.0
3379,91d6d10469eab3ac,2025-01-25,尿液,陰性,未檢出,無,40-49歲,男,0.0
3380,c4627ed62d369ac4,2025-04-25,尿液,陰性,未檢出,無,60歲以上,男,0.0
3381,2e7dc08042ddb9bc,2025-12-09,尿液,陰性,未檢出,無,19歲以下,男,0.0
3382,582a2eac407c568a,2025-05-30,尿液,陰性,未檢出,無,30-39歲,男,0.0
3383,638f1668bb89b67e,2025-06-27,尿液,陰性,未檢出,無,40-49歲,男,0.0
3384,17138a905c9f5da3,2025-01-26,尿液,陰性,未檢出,無,30-39歲,女,0.0
3385,5d8ef26eab2e6646,2025-09-19,尿液,陰性,未檢出,無,40-49歲,女,0.0
3386,5ccfee3a2b5239fb,2025-03-09,尿液,陰性,未檢出,無,50-59歲,女,0.0
3387,9cb1516ebf5b266d,2025-12-02,尿液,陰性,未檢出,無,20-29歲,男,0.0
3388,1c4ff810cfee10c5,2025-10-12,尿液,陽性,安非他命,二級,50-59歲,男,2.0
3389,0c025162edb0f146,2025-10-21,尿液,陰性,未檢出,無,60歲以上,男,0.0
3390,7cee7320ac708bd8,2025-09-13,尿液,陰性,未檢出,無,40-49歲,男,0.0
3391,0268f137c99f04c6,2025-05-19,尿液,陰性,未檢出,無,40-49歲,男,0.0
3392,53eaa09f29d8a135,2025-05-22,尿液,陰性,未檢出,無,50-59歲,男,0.0
3393,8a7f530f85f094d0,2025-03-26,尿液,陽性,甲基安非他命,二級,30-39歲,男,2.0
3394,f8861fa62719e3df,2025-09-05,尿液,陰性,未檢出,無,40-49歲,男,0.0
3395,9e3948c46de3014b,2025-03-27,尿液,陰性,未檢出,無,40-49歲,女,0.0
3396,51e233dd3236a906,2025-03-14,尿液,陽性,甲基安非他命,二級,40-49歲,女,2.0
3397,192d865c0eeb548c,2025-12-31,尿液,陰性,未檢出,無,40-49歲,男,0.0
3398,6794f6790d519b34,2025-06-12,尿液,陰性,未檢出,無,20-29歲,男,0.0
3399,5a6e4a6302e74c09,2025-08-02,血液,陰性,未檢出,無,50-59歲,男,0.0
3400,73747262ee665a13,2025-04-20,尿液,陰性,未檢出,無,60歲以上,女,0.0
3401,777fb24b86c1aa29,2025-12-01,尿液,陽性,甲基安非他命,二級,40-49歲,男,2.0
3402,816fe433134bc5dc,2025-12-07,尿液,陰性,未檢出,無,50-59歲,男,0.0
3403,b9c2f3ee729cb902,2025-01-21,尿液,陽性,甲基安非他命,二級,40-49歲,男,2.0
3404,added3664b77e5b8,2025-08-16,尿液,陰性,未檢出,無,30-39歲,女,0.0
3405,ce404406acc10e94,2025-03-08,尿液,陽性,甲基安非他命,二級,40-49歲,男,2.0
3406,a9a6a6bfde57e216,2025-11-23,尿液,陽性,安非他命,二級,20-29歲,男,2.0
3407,a163df69a8cf6f4b,2025-10-26,血液,陰性,未檢出,無,40-49歲,男,0.0
3408,a76d8b7b5e8a13ac,2025-07-09,尿液,陰性,未檢出,無,40-49歲,男,0.0
3409,a50bf383565491df,2025-09-19,血液,陰性,未檢出,無,40-49歲,男,0.0
3410,332ed2045ae8bc6d,2025-09-29,尿液,陰性,未檢出,無,20-29歲,男,0.0
3411,4b29d3e003a79d5c,2025-06-04,尿液,陰性,未檢出,無,20-29歲,女,0.0
3412,3181a4eba0cb1f1c,2025-11-28,血液,陰性,未檢出,無,30-39歲,女,0.0
3413,0ba5b5f850fbeee6,2025-05-29,血液,陰性,未檢出,無,40-49歲,男,0.0
3414,264a3383f11d98df,2025-08-28,尿液,陰性,未檢出,無,40-49歲,男,0.0
3415,666835a23b32d2d9,2025-05-17,尿液,陽性,甲基安非他命,二級,60歲以上,男,2.0
3416,d0b998ae53fe97cc,2025-08-21,尿液,陰性,未檢出,無,40-49歲,女,0.0
3417,c0329abc992c6977,2025-09-02,尿液,陰性,未檢出,無,20-29歲,男,0.0
3418,d85df3de08b41ce2,2025-09-21,尿液,陽性,安非他命,二級,50-59歲,男,2.0
3419,1effa9abd0054313,2025-11-02,尿液,陽性,安非他命,二級,50-59歲,男,2.0
3420,ad90797411a5088c,2025-03-29,尿液,陰性,未檢出,無,30-39歲,男,0.0
3421,d5ef319d5327edff,2025-04-28,尿液,陰性,未檢出,無,40-49歲,男,0.0
3422,31065bff69d77763,2025-07-22,尿液,陰性,未檢出,無,20-29歲,男,0.0
3423,20e4282a1e416b05,2025-10-17,尿液,陽性,安非他命,二級,60歲以上,男,2.0
3424,9c7e28614dc5619c,2025-11-04,血液,陰性,未檢出,無,30-39歲,男,0.0
3425,664f06d3a6630297,2025-08-09,尿液,陰性,未檢出,無,50-59歲,男,0.0
3426,19f4a784d9f9d76b,2025-02-10,尿液,陰性,未檢出,無,40-49歲,男,0.0
3427,e8a7f0d3a155076c,2025-01-18,血液,陰性,未檢出,無,40-49歲,男,0.0
3428,0eb25d07d47300cd,2025-07-21,尿液,陰性,未檢出,無,40-49歲,男,0.0
3429,e4cdabe059205c07,2025-12-05,尿液,陽性,甲基安非他命,二級,50-59歲,男,2.0
3430,ad953d6079277141,2025-10-26,尿液,陽性,甲基安非他命,二級,40-49歲,男,2.0
3431,731743c09372f1c2,2025-04-01,尿液,陽性,甲基安非他命,二級,50-59歲,男,2.0
3432,c41abd87088503d7,2025-11-20,尿液,陰性,未檢出,無,60歲以上,男,0.0
3433,709ce376730bc772,2025-01-11,尿液,陰性,未檢出,無,20-29歲,男,0.0
3434,295bb5470a1c15df,2025-05-21,尿液,陰性,未檢出,無,30-39歲,男,0.0
3435,cd38ede98a3cbf4c,2025-02-07,尿液,陰性,未檢出,無,30-39歲,男,0.0
3436,89e2a03de42ea654,2025-12-12,尿液,陰性,未檢出,無,40-49歲,男,0.0
3437,98163221c4b10dba,2025-05-24,尿液,陰性,未檢出,無,60歲以上,男,0.0
3438,fb305b4a97ff69dd,2025-09-24,尿液,陽性,甲基安非他命,二級,20-29歲,男,2.0
3439,e60bc4d5a6b0689f,2025-02-07,尿液,陰性,未檢出,無,40-49歲,男,0.0
3440,b534f1c020f629ef,2025-09-22,尿液,陰性,未檢出,無,40-49歲,男,0.0
3441,1bcbe15a9f073033,2025-07-11,尿液,陰性,未檢出,無,30-39歲,男,0.0
3442,c62f242a5cf82263,2025-11-01,尿液,陰性,未檢出,無,40-49歲,男,0.0
3443,a491149073d30d04,2025-02-15,尿液,陰性,未檢出,無,50-59歲,男,0.0
3444,19fb08c251618e05,2025-05-09,尿液,陽性,安非他命,二級,50-59歲,男,2.0
3445,819c1d9e5359d7ca,2025-07-22,尿液,陰性,未檢出,無,40-49歲,男,0.0
3446,aabef14e6866b927,2025-11-10,尿液,陽性,愷他命,三級,40-49歲,男,1.0
3447,e77ab6587f4f1063,2025-12-05,尿液,陰性,未檢出,無,50-59歲,男,0.0
3448,0dcc338a23acc5ff,2025-05-22,尿液,陰性,未檢出,無,40-49歲,男,0.0
3449,3afee1ff95a71938,2025-05-10,血液,陽性,安非他命,二級,50-59歲,男,2.0
3450,f686c1285014946b,2025-01-26,尿液,陰性,未檢出,無,30-39歲,男,0.0
3451,17f60911da74dd2d,2025-04-03,尿液,陰性,未檢出,無,50-59歲,男,0.0
3452,ee154ad9200c8fe0,2025-03-20,血液,陰性,未檢出,無,30-39歲,男,0.0
3453,800c5d262e82c982,2025-08-27,尿液,陽性,安非他命,二級,60歲以上,男,2.0
3454,2bc632cb3828fb38,2025-08-02,血液,陽性,愷他命,三級,40-49歲,男,1.0
3455,00d382aef149aa26,2025-01-27,血液,陰性,未檢出,無,60歲以上,男,0.0
3456,4091c7a0103d6cbc,2025-08-17,尿液,陰性,未檢出,無,40-49歲,男,0.0
3457,b80deeb9a1037b6c,2025-12-27,尿液,陰性,未檢出,無,30-39歲,男,0.0
3458,18fd8617e7eb206e,2025-11-27,尿液,陰性,未檢出,無,19歲以下,男,0.0
3459,13d9f410570946fc,2025-03-12,尿液,陽性,安非他命,二級,30-39歲,男,2.0
3460,c0cb2619ad5e6565,2025-02-08,尿液,陽性,安非他命,二級,60歲以上,男,2.0
3461,6093f9be2d7d9dc2,2025-08-11,尿液,陽性,安非他命,二級,50-59歲,男,2.0
3462,7ecaad7f9876a098,2025-04-19,血液,陽性,甲基安非他命,二級,30-39歲,男,2.0
3463,ff50fb33c39514c6,2025-11-21,尿液,陰性,未檢出,無,50-59歲,男,0.0
3464,ebbb75de5fcc313d,2025-08-02,尿液,陰性,未檢出,無,40-49歲,男,0.0
3465,af6af058a548e258,2025-09-06,尿液,陰性,未檢出,無,30-39歲,男,0.0
3466,1d820c7170b0adeb,2025-05-06,血液,陰性,未檢出,無,60歲以上,男,0.0
3467,8508310923b9295b,2025-02-07,尿液,陽性,安非他命,二級,40-49歲,男,2.0
3468,87942f00fe4a3294,2025-12-10,尿液,陽性,愷他命,三級,40-49歲,男,1.0
3469,fa140b49ff676740,2025-06-05,尿液,陰性,未檢出,無,20-29歲,男,0.0
3470,da1871b1df2667b1,2025-11-25,尿液,陰性,未檢出,無,40-49歲,男,0.0
3471,7a0f436196743731,2025-11-29,尿液,陰性,未檢出,無,40-49歲,男,0.0
3472,b96202c92c0be3da,2025-01-02,尿液,陽性,甲基安非他命,二級,30-39歲,男,2.0
3473,c2214cdaf4bbf194,2025-01-19,尿液,陰性,未檢出,無,50-59歲,女,0.0
3474,e8d5015276514475,2025-09-11,尿液,陰性,未檢出,無,50-59歲,男,0.0
3475,2cd12a01aa652e02,2025-06-30,尿液,陰性,未檢出,無,19歲以下,男,0.0
3476,3c794cab937e0280,2025-08-08,尿液,陰性,未檢出,無,60歲以上,男,0.0
3477,ff69f95c22905cf8,2025-05-21,尿液,陽性,愷他命,三級,40-49歲,男,1.0
3478,1455b499bfdf613c,2025-11-27,尿液,陰性,未檢出,無,50-59歲,男,0.0
3479,b30a019651658506,2025-07-29,尿液,陰性,未檢出,無,40-49歲,男,0.0
3480,026717050953fcec,2025-01-28,尿液,陰性,未檢出,無,40-49歲,男,0.0
3481,4c08ef038dddf782,2025-09-18,尿液,陰性,未檢出,無,30-39歲,女,0.0
3482,f80b625173ddd750,2025-10-20,尿液,陰性,未檢出,無,50-59歲,女,0.0
3483,793d5c982091fdc8,2025-08-03,血液,陰性,未檢出,無,50-59歲,男,0.0
3484,2cf2ba033cc60ecd,2025-10-07,尿液,陰性,未檢出,無,60歲以上,男,0.0
3485,2fdc2781f7c97249,2025-03-28,尿液,陽性,安非他命,二級,40-49歲,女,2.0
3486,908d90b6532be49c,2025-10-26,尿液,陽性,甲基安非他命,二級,50-59歲,男,2.0
3487,54c53d6307671080,2025-04-21,血液,陰性,未檢出,無,50-59歲,男,0.0
3488,e68fda0a5788a5b7,2025-06-03,尿液,陰性,未檢出,無,40-49歲,男,0.0
3489,ef46b6c728485bef,2025-01-08,尿液,陰性,未檢出,無,40-49歲,男,0.0
3490,7919db80eb14acfd,2025-04-08,尿液,陰性,未檢出,無,50-59歲,男,0.0
3491,84fb3e0234e6ac3f,2025-07-06,尿液,陰性,未檢出,無,30-39歲,女,0.0
3492,a232d7b4f45119d2,2025-05-13,尿液,陰性,未檢出,無,40-49歲,男,0.0
3493,633d823e0f725b24,2025-07-18,血液,陰性,未檢出,無,60歲以上,男,0.0
3494,843254689eb507d3,2025-11-26,血液,陰性,未檢出,無,40-49歲,男,0.0
3495,c3e662a1d03ad612,2025-11-04,尿液,陰性,未檢出,無,40-49歲,男,0.0
3496,05c34744be7bb2ca,2025-08-14,血液,陰性,未檢出,無,20-29歲,男,0.0
3497,1acf1eba38cf3129,2025-04-16,血液,陰性,未檢出,無,40-49歲,男,0.0
3498,e5e7931c1a32e19d,2025-07-13,尿液,陰性,未檢出,無,50-59歲,女,0.0
3499,915bd0d71e10c64f,2025-12-09,尿液,陰性,未檢出,無,50-59歲,男,0.0
3500,1dcabd21afd243f5,2025-06-01,尿液,陽性,安非他命,二級,20-29歲,男,2.0
3501,14dc54d7c7919684,2025-04-08,血液,陰性,未檢出,無,40-49歲,男,0.0
3502,40c1575b0b8632c8,2025-12-02,尿液,陰性,未檢出,無,50-59歲,男,0.0
3503,14cd06445e806fe6,2025-06-11,血液,陽性,甲基安非他命,二級,50-59歲,男,2.0
3504,71bea59272997ce7,2025-02-27,尿液,陰性,未檢出,無,40-49歲,男,0.0
3505,55ac95cc08335408,2025-09-02,尿液,陰性,未檢出,無,50-59歲,男,0.0
3506,35703f37b3824048,2025-01-30,尿液,陰性,未檢出,無,50-59歲,男,0.0
3507,7803387f5c370af3,2025-10-12,尿液,陰性,未檢出,無,20-29歲,男,0.0
3508,995dd8494f42c55c,2025-07-05,尿液,陰性,未檢出,無,40-49歲,女,0.0
3509,db6fb87fdeb9bef7,2025-07-21,尿液,陽性,安非他命,二級,40-49歲,男,2.0
3510,7f7cdb68e793d7b0,2025-05-18,尿液,陰性,未檢出,無,30-39歲,男,0.0
3511,9b9164d3d7d2a0df,2025-01-22,尿液,陰性,未檢出,無,30-39歲,男,0.0
3512,80383231d1fcdf8e,2025-08-02,尿液,陰性,未檢出,無,50-59歲,男,0.0
3513,ea70450e0cd38bab,2025-12-29,血液,陰性,未檢出,無,30-39歲,女,0.0
3514,05c7d4f75af79881,2025-10-27,尿液,陰性,未檢出,無,60歲以上,女,0.0
3515,b0bfb11103322466,2025-07-05,尿液,陰性,未檢出,無,60歲以上,男,0.0
3516,123036c469b5cd63,2025-06-21,尿液,陰性,未檢出,無,20-29歲,男,0.0
3517,f6929599d3230ab3,2025-08-17,尿液,陰性,未檢出,無,30-39歲,男,0.0
3518,c312866e3e8faf6b,2025-04-26,尿液,陰性,未檢出,無,40-49歲,男,0.0
3519,4ae2ec19b0904eb7,2025-02-25,尿液,陰性,未檢出,無,40-49歲,男,0.0
3520,159beb1a1cba6501,2025-08-25,尿液,陽性,安非他命,二級,50-59歲,男,2.0
3521,871bc6ce6fbb03df,2025-10-16,尿液,陰性,未檢出,無,30-39歲,男,0.0
3522,469bdc183d4b4159,2025-08-12,尿液,陰性,未檢出,無,60歲以上,女,0.0
3523,b67d0ecadea0e157,2025-05-02,尿液,陰性,未檢出,無,30-39歲,男,0.0
3524,e74ad1c519ba6a1f,2025-02-04,尿液,陰性,未檢出,無,50-59歲,男,0.0
3525,3338f9fae043933c,2025-05-10,尿液,陰性,未檢出,無,50-59歲,男,0.0
3526,a824f970c3053610,2025-03-15,尿液,陰性,未檢出,無,30-39歲,男,0.0
3527,805b0b486e1bedc3,2025-08-14,尿液,陰性,未檢出,無,40-49歲,男,0.0
3528,ea9def247232ba6a,2025-12-26,尿液,陰性,未檢出,無,60歲以上,男,0.0
3529,38171f855e2fef42,2025-09-08,尿液,陰性,未檢出,無,40-49歲,男,0.0
3530,84d26f2e13d445a5,2025-07-01,尿液,陽性,愷他命,三級,40-49歲,男,1.0
3531,6710e079810c9668,2025-11-18,尿液,陰性,未檢出,無,40-49歲,男,0.0
3532,27bb4fbe8c6a70f9,2025-02-02,尿液,陰性,未檢出,無,50-59歲,女,0.0
3533,467594632b34bf02,2025-06-02,尿液,陽性,安非他命,二級,20-29歲,男,2.0
3534,6909291c1f3502d3,2025-02-13,尿液,陰性,未檢出,無,20-29歲,男,0.0
3535,5aca67ef8e805580,2025-12-22,尿液,陽性,安非他命,二級,30-39歲,男,2.0
3536,2ec068a4824b5b88,2025-05-06,尿液,陰性,未檢出,無,40-49歲,男,0.0
3537,5e2270af16ffe09b,2025-11-20,尿液,陽性,愷他命,三級,40-49歲,男,1.0
3538,7ae96ee2aa3386f0,2025-01-30,尿液,陰性,未檢出,無,50-59歲,男,0.0
3539,39a64dfc34db63f0,2025-12-13,尿液,陽性,嗎啡,一級,40-49歲,男,3.0
3540,fd812cd62609f999,2025-09-25,尿液,陰性,未檢出,無,40-49歲,男,0.0
3541,9403bf0749fa4d12,2025-06-11,尿液,陰性,未檢出,無,40-49歲,男,0.0
3542,214bba26fcd284a2,2025-06-15,尿液,陽性,甲基安非他命,二級,40-49歲,男,2.0
3543,86bf174ed0b2e51b,2025-10-23,尿液,陽性,安非他命,二級,40-49歲,男,2.0
3544,9433ded1f1ef0057,2025-02-20,尿液,陰性,未檢出,無,40-49歲,男,0.0
3545,d8543c92b9d02421,2025-07-22,血液,陽性,愷他命,三級,50-59歲,男,1.0
3546,edf1f4e651ea5abc,2025-12-31,尿液,陰性,未檢出,無,40-49歲,男,0.0
3547,96cda29c0cb51b9d,2025-09-01,尿液,陰性,未檢出,無,40-49歲,男,0.0
3548,4bc067314341ea37,2025-12-24,尿液,陰性,未檢出,無,30-39歲,女,0.0
3549,1cab70675c35a2c0,2025-01-25,血液,陰性,未檢出,無,40-49歲,女,0.0
3550,40148627ca585dbc,2025-09-04,尿液,陰性,未檢出,無,60歲以上,男,0.0
3551,9898d6fe7c8d68eb,2025-06-11,尿液,陽性,安非他命,二級,40-49歲,男,2.0
3552,f593da288aa80c1f,2025-02-24,尿液,陽性,嗎啡,一級,30-39歲,男,3.0
3553,e03c8b4be06933ab,2025-02-10,尿液,陰性,未檢出,無,40-49歲,男,0.0
3554,b451448a99c3a933,2025-11-05,尿液,陰性,未檢出,無,20-29歲,男,0.0
3555,15cf4cb916448a5b,2025-11-29,尿液,陰性,未檢出,無,50-59歲,男,0.0
3556,0fdcfdc22b8debce,2025-12-28,尿液,陰性,未檢出,無,40-49歲,男,0.0
3557,3892b4bf17b6f408,2025-05-19,尿液,陰性,未檢出,無,30-39歲,男,0.0
3558,4ead943b25d9d029,2025-06-13,血液,陰性,未檢出,無,60歲以上,女,0.0
3559,ae286f27cc1b1e2f,2025-02-20,尿液,陰性,未檢出,無,20-29歲,女,0.0
3560,fe8edff73e52cda9,2025-12-13,尿液,陰性,未檢出,無,30-39歲,女,0.0
3561,6f11b50a56e48404,2025-01-18,尿液,陰性,未檢出,無,30-39歲,男,0.0
3562,9178754c0677e32f,2025-08-08,尿液,陰性,未檢出,無,30-39歲,男,0.0
3563,ea59ecb06dfe2b06,2025-07-01,尿液,陰性,未檢出,無,30-39歲,男,0.0
3564,d0e948237df2db57,2025-03-15,尿液,陰性,未檢出,無,30-39歲,男,0.0
3565,a976337bb4503702,2025-11-10,尿液,陰性,未檢出,無,60歲以上,男,0.0
3566,efa0dab93179b112,2025-11-26,尿液,陽性,安非他命,二級,30-39歲,男,2.0
3567,e271ffa91d55e04b,2025-11-09,尿液,陰性,未檢出,無,50-59歲,男,0.0
3568,7d691c336c81fe9d,2025-02-03,尿液,陰性,未檢出,無,40-49歲,女,0.0
3569,9228533761f807c3,2025-06-28,尿液,陽性,安非他命,二級,40-49歲,男,2.0
3570,02512fad2180c62c,2025-02-01,尿液,陰性,未檢出,無,19歲以下,男,0.0
3571,efbaa0bac7bea1ae,2025-11-04,尿液,陰性,未檢出,無,50-59歲,男,0.0
3572,221f43a8664ed038,2025-05-20,尿液,陰性,未檢出,無,40-49歲,男,0.0
3573,e769d4b80f8cbd17,2025-07-20,尿液,陰性,未檢出,無,40-49歲,男,0.0
3574,4c1d2c6d8ac858f1,2025-12-24,尿液,陽性,愷他命,三級,40-49歲,男,1.0
3575,354fc7f052691741,2025-09-22,尿液,陰性,未檢出,無,40-49歲,女,0.0
3576,b4bf347f7e57061b,2025-06-07,尿液,陰性,未檢出,無,30-39歲,男,0.0
3577,1cc1ea712a4cb358,2025-01-29,尿液,陰性,未檢出,無,50-59歲,男,0.0
3578,8c2c7579b5916596,2025-09-20,尿液,陰性,未檢出,無,60歲以上,女,0.0
3579,b02701d367dfa98d,2025-07-15,尿液,陽性,愷他命,三級,50-59歲,男,1.0
3580,aa9f47cd846d855c,2025-10-24,尿液,陰性,未檢出,無,30-39歲,男,0.0
3581,5753200fb348347c,2025-09-06,尿液,陰性,未檢出,無,40-49歲,女,0.0
3582,48d485c4ad3e8afb,2025-08-12,尿液,陰性,未檢出,無,60歲以上,男,0.0
3583,eb6608d38ced02bd,2025-01-05,尿液,陰性,未檢出,無,40-49歲,女,0.0
3584,172ee990caba09b4,2025-08-02,尿液,陰性,未檢出,無,40-49歲,男,0.0
3585,da35eb06671c829b,2025-10-16,尿液,陰性,未檢出,無,40-49歲,男,0.0
3586,e0557ed9f021407c,2025-12-18,尿液,陰性,未檢出,無,40-49歲,男,0.0
3587,99cfc161fca0b28c,2025-11-28,尿液,陰性,未檢出,無,40-49歲,男,0.0
3588,9ddd9df6948b2a8a,2025-08-16,尿液,陰性,未檢出,無,40-49歲,男,0.0
3589,3f01eda8c6dbe101,2025-06-16,尿液,陰性,未檢出,無,40-49歲,男,0.0
3590,1133044919a955ae,2025-01-28,尿液,陽性,嗎啡,一級,20-29歲,男,3.0
3591,70f4f03ff9346887,2025-03-16,尿液,陰性,未檢出,無,50-59歲,男,0.0
3592,9d11dffbc1d82ee5,2025-11-20,尿液,陰性,未檢出,無,40-49歲,男,0.0
3593,75c79e139109b85c,2025-06-16,尿液,陰性,未檢出,無,50-59歲,男,0.0
3594,41357ee6b3cae7e7,2025-04-14,尿液,陰性,未檢出,無,20-29歲,男,0.0
3595,0fbc01f78d38e06a,2025-01-31,尿液,陰性,未檢出,無,50-59歲,男,0.0
3596,bf5e3f21662ffb44,2025-09-14,尿液,陰性,未檢出,無,40-49歲,男,0.0
3597,bfc97741770c4cbd,2025-04-21,尿液,陰性,未檢出,無,40-49歲,男,0.0
3598,f3f04459dba93978,2025-10-20,尿液,陰性,未檢出,無,50-59歲,男,0.0
3599,b6286bbaabfdbde1,2025-07-21,血液,陰性,未檢出,無,40-49歲,男,0.0
3600,16798b73067e38b9,2025-04-07,血液,陽性,甲基安非他命,二級,40-49歲,男,2.0
3601,ad6ee5d030fdcb61,2025-10-29,尿液,陽性,甲基安非他命,二級,50-59歲,男,2.0
3602,09a904a607ba1f3d,2025-05-13,尿液,陰性,未檢出,無,60歲以上,男,0.0
3603,8d2b6187b117d339,2025-06-14,血液,陰性,未檢出,無,40-49歲,男,0.0
3604,b10258637962db52,2025-10-21,尿液,陰性,未檢出,無,50-59歲,男,0.0
3605,ed46d41c6bfe0aae,2025-12-05,血液,陽性,安非他命,二級,50-59歲,男,2.0
3606,554f78e7560ab984,2025-01-29,尿液,陰性,未檢出,無,40-49歲,男,0.0
3607,401b61c6629c69af,2025-02-05,尿液,陰性,未檢出,無,20-29歲,女,0.0
3608,24df0698e73f5c2b,2025-04-20,尿液,陰性,未檢出,無,50-59歲,男,0.0
3609,72e421e3957ec301,2025-08-11,血液,陰性,未檢出,無,40-49歲,男,0.0
3610,f6c3dd4c1e8d4b17,2025-12-31,尿液,陽性,甲基安非他命,二級,60歲以上,男,2.0
3611,0c2d01646538f997,2025-06-08,尿液,陰性,未檢出,無,30-39歲,男,0.0
3612,5b90ffebcad0b4a6,2025-06-16,尿液,陰性,未檢出,無,30-39歲,女,0.0
3613,e6a54ed963d0f2d1,2025-08-02,尿液,陰性,未檢出,無,50-59歲,男,0.0
3614,d46b2e821b31deb8,2025-02-12,尿液,陰性,未檢出,無,40-49歲,女,0.0
3615,ce8884753bf92287,2025-12-31,尿液,陰性,未檢出,無,40-49歲,女,0.0
3616,91d05a065ad7bb72,2025-11-04,尿液,陰性,未檢出,無,50-59歲,男,0.0
3617,61bd48ad990e4ceb,2025-05-06,尿液,陰性,未檢出,無,30-39歲,男,0.0
3618,4c45a51657b9ab6c,2025-11-24,尿液,陰性,未檢出,無,40-49歲,男,0.0
3619,f05ab26caa937edd,2025-10-08,尿液,陰性,未檢出,無,19歲以下,女,0.0
3620,47d10e2ceeb3d420,2025-07-31,尿液,陰性,未檢出,無,50-59歲,男,0.0
3621,b687ceeaab69544e,2025-08-15,尿液,陰性,未檢出,無,20-29歲,男,0.0
3622,1f3d842dc90f0a92,2025-01-14,尿液,陰性,未檢出,無,50-59歲,男,0.0
3623,6da8cbebb2610af0,2025-12-20,尿液,陰性,未檢出,無,40-49歲,女,0.0
3624,53c6038752001a2e,2025-08-20,尿液,陰性,未檢出,無,40-49歲,男,0.0
3625,63a9dd083066e903,2025-08-06,尿液,陰性,未檢出,無,30-39歲,男,0.0
3626,0acbc717c850dba5,2025-06-26,尿液,陰性,未檢出,無,40-49歲,男,0.0
3627,72b3afb14c34c9c0,2025-05-05,尿液,陰性,未檢出,無,40-49歲,男,0.0
3628,be1caad84174dbb4,2025-05-08,尿液,陰性,未檢出,無,19歲以下,男,0.0
3629,024cdf8c64c8d2c9,2025-06-06,尿液,陰性,未檢出,無,50-59歲,男,0.0
3630,840d7f303ed5bbfd,2025-04-02,血液,陰性,未檢出,無,40-49歲,男,0.0
3631,04c6a57b0ce9892a,2025-04-19,血液,陽性,嗎啡,一級,40-49歲,男,3.0
3632,f31a3c96372d2a21,2025-05-23,尿液,陽性,甲基安非他命,二級,50-59歲,男,2.0
3633,c355fa61ad89290b,2025-05-12,尿液,陰性,未檢出,無,20-29歲,男,0.0
3634,af52932547caf81b,2025-01-23,尿液,陰性,未檢出,無,50-59歲,男,0.0
3635,fe4eabd95efbe00b,2025-01-30,血液,陰性,未檢出,無,50-59歲,男,0.0
3636,4512a4059fa2de9a,2025-01-19,尿液,陰性,未檢出,無,20-29歲,男,0.0
3637,0bca3e6105a68904,2025-01-16,尿液,陽性,嗎啡,一級,30-39歲,男,3.0
3638,3a1a162d45bb3d40,2025-08-25,尿液,陰性,未檢出,無,50-59歲,男,0.0
3639,c82fa2f75226004f,2025-01-07,尿液,陰性,未檢出,無,50-59歲,男,0.0
3640,340cc2ae636d15a1,2025-08-06,尿液,陰性,未檢出,無,20-29歲,男,0.0
3641,d22c087f29badab6,2025-05-05,尿液,陰性,未檢出,無,60歲以上,男,0.0
3642,77f2acf94b8f572f,2025-04-26,尿液,陽性,安非他命,二級,60歲以上,男,2.0
3643,5f8b55451175cbc9,2025-01-25,尿液,陰性,未檢出,無,50-59歲,男,0.0
3644,ed364df9cb3c2797,2025-12-14,尿液,陰性,未檢出,無,30-39歲,男,0.0
3645,40fd23e5f6355e8f,2025-01-04,尿液,陰性,未檢出,無,30-39歲,男,0.0
3646,2eafb417a49bf433,2025-11-10,尿液,陽性,安非他命,二級,20-29歲,女,2.0
3647,257353bdf3c08102,2025-12-06,血液,陽性,嗎啡,一級,20-29歲,女,3.0
3648,535626899f192eb5,2025-11-05,尿液,陰性,未檢出,無,50-59歲,男,0.0
3649,34965909b82092ae,2025-04-24,尿液,陰性,未檢出,無,40-49歲,男,0.0
3650,9c59e58b87d936e1,2025-10-16,血液,陽性,安非他命,二級,50-59歲,男,2.0
3651,51c14e26a2ca7da8,2025-12-19,尿液,陰性,未檢出,無,40-49歲,男,0.0
3652,35b2b8e999fd0c7d,2025-04-17,血液,陰性,未檢出,無,60歲以上,男,0.0
3653,442b0af7783d3716,2025-06-11,尿液,陰性,未檢出,無,20-29歲,女,0.0
3654,b5adf106e793fcb6,2025-05-29,尿液,陰性,未檢出,無,50-59歲,男,0.0
3655,75187af9abe49679,2025-01-24,尿液,陽性,愷他命,三級,40-49歲,男,1.0
3656,ab0335311b7fb613,2025-04-22,血液,陰性,未檢出,無,40-49歲,男,0.0
3657,f3b635a7227c65e5,2025-04-14,尿液,陰性,未檢出,無,50-59歲,男,0.0
3658,1389674f9f51d602,2025-06-12,尿液,陰性,未檢出,無,40-49歲,男,0.0
3659,1d4a05360721c992,2025-02-07,尿液,陽性,安非他命,二級,40-49歲,男,2.0
3660,bec9b581377799c5,2025-11-21,尿液,陰性,未檢出,無,40-49歲,男,0.0
3661,d2bcc67a66474b0d,2025-08-10,尿液,陰性,未檢出,無,60歲以上,女,0.0
3662,47ba79cb9128ed4b,2025-01-08,尿液,陰性,未檢出,無,60歲以上,男,0.0
3663,5328be670e4af335,2025-11-30,尿液,陰性,未檢出,無,30-39歲,男,0.0
3664,08583351186974c5,2025-03-09,尿液,陰性,未檢出,無,50-59歲,男,0.0
3665,723e0ae354bbefcf,2025-04-02,尿液,陰性,未檢出,無,30-39歲,女,0.0
3666,d3be35f67fdee502,2025-02-24,尿液,陰性,未檢出,無,40-49歲,男,0.0
3667,0fb50f833f38a55f,2025-09-01,尿液,陽性,甲基安非他命,二級,40-49歲,男,2.0
3668,2f211c5a9686ab55,2025-05-03,血液,陽性,安非他命,二級,50-59歲,女,2.0
3669,3bda4d9f4631d190,2025-06-11,尿液,陰性,未檢出,無,50-59歲,女,0.0
3670,474cce5df926f2a5,2025-03-26,尿液,陰性,未檢出,無,50-59歲,男,0.0
3671,d1843bba7cf1bb39,2025-02-02,尿液,陰性,未檢出,無,20-29歲,女,0.0
3672,1bae86fbaf59cbf5,2025-08-15,尿液,陰性,未檢出,無,40-49歲,男,0.0
3673,77194422cbf6217d,2025-05-18,尿液,陽性,安非他命,二級,50-59歲,男,2.0
3674,e493245dff902933,2025-09-25,血液,陰性,未檢出,無,30-39歲,男,0.0
3675,5e9e70e1b064a8f5,2025-12-12,尿液,陰性,未檢出,無,40-49歲,男,0.0
3676,83b7864a37c847e3,2025-07-10,尿液,陰性,未檢出,無,30-39歲,女,0.0
3677,ee2d2cd06908c4a9,2025-12-22,尿液,陰性,未檢出,無,20-29歲,男,0.0
3678,879a13c44fa63315,2025-05-04,尿液,陰性,未檢出,無,40-49歲,女,0.0
3679,89c303005d1c4c84,2025-08-05,尿液,陽性,甲基安非他命,二級,50-59歲,男,2.0
3680,9de0e55d7e412724,2025-06-23,血液,陰性,未檢出,無,20-29歲,男,0.0
3681,2afaca703a01c427,2025-08-05,尿液,陽性,甲基安非他命,二級,40-49歲,男,2.0
3682,f46f6883c3cadbb2,2025-08-30,尿液,陰性,未檢出,無,60歲以上,男,0.0
3683,1532f89dcb0b3426,2025-04-25,尿液,陽性,嗎啡,一級,50-59歲,女,3.0
3684,0f346adf02418c1c,2025-09-21,尿液,陰性,未檢出,無,60歲以上,男,0.0
3685,3760285871d43f59,2025-12-01,尿液,陰性,未檢出,無,20-29歲,男,0.0
3686,e7c0152db75fa543,2025-02-11,尿液,陰性,未檢出,無,60歲以上,男,0.0
3687,bdf66b835357d9e7,2025-04-30,尿液,陰性,未檢出,無,40-49歲,女,0.0
3688,95b3f5f220a0283a,2025-01-16,血液,陰性,未檢出,無,30-39歲,男,0.0
3689,5d32d6132c98ead0,2025-02-13,尿液,陰性,未檢出,無,30-39歲,男,0.0
3690,32dd70368fd0a98a,2025-09-19,尿液,陰性,未檢出,無,60歲以上,男,0.0
3691,cf9bf7a9f6e3392e,2025-09-17,尿液,陰性,未檢出,無,20-29歲,男,0.0
3692,1cbd6984185f33d6,2025-01-17,尿液,陰性,未檢出,無,40-49歲,男,0.0
3693,c8b1fef4ee588299,2025-12-20,尿液,陰性,未檢出,無,50-59歲,男,0.0
3694,f9229b2ec22a1135,2025-12-30,尿液,陽性,安非他命,二級,50-59歲,女,2.0
3695,a2c1eb795f9d8d22,2025-08-28,血液,陰性,未檢出,無,40-49歲,女,0.0
3696,803ff9aceae2c17f,2025-02-20,尿液,陰性,未檢出,無,40-49歲,男,0.0
3697,ca18c066797bb871,2025-12-13,尿液,陰性,未檢出,無,60歲以上,女,0.0
3698,378e2f479100a772,2025-08-04,尿液,陰性,未檢出,無,40-49歲,女,0.0
3699,25c70790377fe9cc,2025-04-04,尿液,陰性,未檢出,無,50-59歲,男,0.0
3700,7dbe83f36ab99f51,2025-03-19,尿液,陽性,甲基安非他命,二級,30-39歲,男,2.0
3701,c0319b52e8692ab4,2025-06-08,尿液,陰性,未檢出,無,40-49歲,男,0.0
3702,21b89ad30b24b020,2025-03-29,尿液,陰性,未檢出,無,50-59歲,男,0.0
3703,b18438ad4e1d5c06,2025-11-28,尿液,陽性,安非他命,二級,20-29歲,女,2.0
3704,51f8ea05a7cb5249,2025-06-28,尿液,陰性,未檢出,無,40-49歲,女,0.0
3705,6d67ad29ed18c6b3,2025-12-28,尿液,陰性,未檢出,無,40-49歲,男,0.0
3706,9a6e3dacd66e100e,2025-02-27,尿液,陽性,安非他命,二級,50-59歲,男,2.0
3707,c59f97d85d9a34aa,2025-04-17,尿液,陰性,未檢出,無,40-49歲,男,0.0
3708,0178abe5fdf4c6b1,2025-10-08,尿液,陰性,未檢出,無,50-59歲,男,0.0
3709,f733aebf21b6799d,2025-02-07,尿液,陰性,未檢出,無,60歲以上,男,0.0
3710,daea919b55b8c3ad,2025-11-12,血液,陰性,未檢出,無,40-49歲,男,0.0
3711,bbe168df88f54b47,2025-04-09,尿液,陰性,未檢出,無,30-39歲,男,0.0
3712,d962f56cb9abfc9f,2025-06-06,尿液,陰性,未檢出,無,40-49歲,男,0.0
3713,920e27693ce2695b,2025-01-18,尿液,陰性,未檢出,無,30-39歲,男,0.0
3714,f258ada0fa7fa275,2025-01-03,尿液,陰性,未檢出,無,30-39歲,男,0.0
3715,4d4f00d918f6ced5,2025-10-16,尿液,陰性,未檢出,無,20-29歲,男,0.0
3716,b95c1a23e2d7d819,2025-08-26,尿液,陽性,甲基安非他命,二級,40-49歲,男,2.0
3717,c9357bc6bb8ac744,2025-12-12,尿液,陰性,未檢出,無,50-59歲,女,0.0
3718,b1da20958c727087,2025-05-25,尿液,陽性,甲基安非他命,二級,50-59歲,男,2.0
3719,1b0817b8333cf89e,2025-06-04,尿液,陰性,未檢出,無,30-39歲,男,0.0
3720,9e5314f3c5cdf315,2025-10-02,尿液,陰性,未檢出,無,50-59歲,男,0.0
3721,0ceb4f2854b82eea,2025-05-24,血液,陰性,未檢出,無,40-49歲,男,0.0
3722,e3d9b7ab9ca9af56,2025-02-23,血液,陰性,未檢出,無,40-49歲,男,0.0
3723,d068edea74eeb2f6,2025-04-26,尿液,陽性,甲基安非他命,二級,50-59歲,男,2.0
3724,18527a7f3d22c0c4,2025-07-16,尿液,陰性,未檢出,無,50-59歲,男,0.0
3725,1bc92505dfaf07d7,2025-10-02,尿液,陽性,安非他命,二級,40-49歲,女,2.0
3726,376757198c10baef,2025-03-02,尿液,陰性,未檢出,無,40-49歲,男,0.0
3727,716d975238b0d02b,2025-06-01,血液,陰性,未檢出,無,40-49歲,男,0.0
3728,4222cafca810d074,2025-05-05,尿液,陰性,未檢出,無,30-39歲,男,0.0
3729,21928412397450bf,2025-07-22,尿液,陰性,未檢出,無,20-29歲,女,0.0
3730,ccd29f02a8dd5404,2025-07-07,尿液,陽性,安非他命,二級,50-59歲,男,2.0
3731,6560fbaa0bf8eda1,2025-03-17,尿液,陽性,嗎啡,一級,40-49歲,男,3.0
3732,6f0be5e7d754cbfa,2025-11-18,尿液,陰性,未檢出,無,20-29歲,男,0.0
3733,18f193de9b201d4e,2025-12-13,尿液,陰性,未檢出,無,50-59歲,男,0.0
3734,b55746975281da84,2025-01-22,尿液,陰性,未檢出,無,40-49歲,男,0.0
3735,57439c70a46b7192,2025-03-18,尿液,陰性,未檢出,無,50-59歲,男,0.0
3736,2ca5ac7d50efb629,2025-08-22,尿液,陰性,未檢出,無,40-49歲,男,0.0
3737,e604090f2417dca4,2025-12-13,尿液,陰性,未檢出,無,40-49歲,男,0.0
3738,be858cb79d4ce50f,2025-03-23,尿液,陽性,愷他命,三級,40-49歲,男,1.0
3739,297dfe1a6452e4b9,2025-04-15,尿液,陰性,未檢出,無,40-49歲,男,0.0
3740,7015c1a3b87a4edb,2025-03-20,尿液,陰性,未檢出,無,30-39歲,男,0.0
3741,96c689f549fec98f,2025-07-09,尿液,陰性,未檢出,無,40-49歲,女,0.0
3742,2f1cacecc5e6454a,2025-07-07,尿液,陰性,未檢出,無,20-29歲,男,0.0
3743,753f14e0c2a96601,2025-10-07,尿液,陽性,甲基安非他命,二級,40-49歲,女,2.0
3744,44ce4e7409728d92,2025-04-11,尿液,陰性,未檢出,無,50-59歲,女,0.0
3745,e1af146cf4fbe384,2025-07-03,尿液,陰性,未檢出,無,40-49歲,男,0.0
3746,10eb28e187efc808,2025-01-03,尿液,陰性,未檢出,無,19歲以下,女,0.0
3747,5787c0c467caedba,2025-11-21,尿液,陰性,未檢出,無,50-59歲,男,0.0
3748,44fd07ffb2d473e9,2025-10-15,尿液,陰性,未檢出,無,30-39歲,男,0.0
3749,543936df19fa5eff,2025-02-05,尿液,陰性,未檢出,無,40-49歲,女,0.0
3750,c259fd3104505963,2025-09-25,血液,陽性,安非他命,二級,40-49歲,男,2.0
3751,d9a09bcde334a893,2025-03-08,尿液,陰性,未檢出,無,40-49歲,男,0.0
3752,99d3ded4a5823867,2025-03-28,尿液,陰性,未檢出,無,20-29歲,男,0.0
3753,97d36c2b4cf9e19c,2025-07-03,尿液,陰性,未檢出,無,40-49歲,男,0.0
3754,f45086238f3f1bd6,2025-01-31,尿液,陰性,未檢出,無,30-39歲,男,0.0
3755,23ca2c5ab3ad0ece,2025-06-24,尿液,陽性,甲基安非他命,二級,20-29歲,男,2.0
3756,cfffaa6bdcc3b882,2025-12-31,尿液,陰性,未檢出,無,40-49歲,男,0.0
3757,978e2fb64054fd3b,2025-02-27,尿液,陰性,未檢出,無,30-39歲,男,0.0
3758,a3fabc7253c1fca2,2025-09-06,尿液,陰性,未檢出,無,19歲以下,女,0.0
3759,1e0251b9e999668f,2025-06-02,尿液,陰性,未檢出,無,40-49歲,男,0.0
3760,feaccf05bad9efd6,2025-05-23,尿液,陰性,未檢出,無,50-59歲,男,0.0
3761,3174decfbd37e6d7,2025-04-21,尿液,陰性,未檢出,無,40-49歲,男,0.0
3762,87b7ce55e748d3dd,2025-08-05,尿液,陽性,甲基安非他命,二級,40-49歲,男,2.0
3763,429b66aa16224e16,2025-11-27,尿液,陰性,未檢出,無,40-49歲,男,0.0
3764,55909bf2acd5e24b,2025-06-03,尿液,陰性,未檢出,無,40-49歲,男,0.0
3765,dce2aedbb71aedde,2025-08-17,血液,陰性,未檢出,無,50-59歲,男,0.0
3766,c9c5356e2dcfdf98,2025-04-15,尿液,陰性,未檢出,無,40-49歲,男,0.0
3767,7aff23b3f442cf53,2025-08-25,尿液,陰性,未檢出,無,40-49歲,女,0.0
3768,5a10a4128a55f500,2025-10-02,尿液,陰性,未檢出,無,50-59歲,男,0.0
3769,c2fc46e124aba45a,2025-03-17,尿液,陰性,未檢出,無,40-49歲,男,0.0
3770,bad5e25a53253ada,2025-04-13,尿液,陰性,未檢出,無,40-49歲,男,0.0
3771,51534cd777206df2,2025-02-13,尿液,陰性,未檢出,無,20-29歲,男,0.0
3772,4830e5425a6ba8e3,2025-03-15,血液,陰性,未檢出,無,20-29歲,男,0.0
3773,e4b07433650dc17b,2025-05-07,尿液,陽性,安非他命,二級,30-39歲,男,2.0
3774,108e900d36de1e3f,2025-09-22,尿液,陰性,未檢出,無,50-59歲,女,0.0
3775,5187829905cdfff0,2025-01-13,血液,陰性,未檢出,無,19歲以下,女,0.0
3776,4bcfbe7393fd0f3f,2025-06-18,血液,陰性,未檢出,無,60歲以上,女,0.0
3777,baf24d3efe419953,2025-12-31,尿液,陰性,未檢出,無,50-59歲,男,0.0
3778,2ed75aa2dbea3d2e,2025-09-02,尿液,陽性,甲基安非他命,二級,40-49歲,男,2.0
3779,fb9d2cc6a154979f,2025-10-09,尿液,陰性,未檢出,無,50-59歲,男,0.0
3780,2395d912022135f3,2025-08-15,尿液,陰性,未檢出,無,50-59歲,男,0.0
3781,d6381c3da075639c,2025-10-07,尿液,陰性,未檢出,無,40-49歲,女,0.0
3782,c759efc444fa2460,2025-07-29,尿液,陰性,未檢出,無,60歲以上,男,0.0
3783,cd55a6ae669e7d62,2025-03-17,尿液,陰性,未檢出,無,40-49歲,男,0.0
3784,55afd65317f32486,2025-12-06,尿液,陽性,甲基安非他命,二級,40-49歲,男,2.0
3785,6eb9b311e9012c8c,2025-11-10,尿液,陰性,未檢出,無,40-49歲,女,0.0
3786,69869453661f52d1,2025-09-02,尿液,陰性,未檢出,無,40-49歲,女,0.0
3787,311abd359ba92772,2025-08-20,尿液,陽性,甲基安非他命,二級,40-49歲,女,2.0
3788,42ed180a01819b52,2025-05-21,尿液,陰性,未檢出,無,60歲以上,男,0.0
3789,be13d0491dbf5ecc,2025-12-26,尿液,陰性,未檢出,無,40-49歲,男,0.0
3790,8f9530014c0ad627,2025-08-04,尿液,陽性,愷他命,三級,20-29歲,男,1.0
3791,01535095d9a813e7,2025-12-09,尿液,陰性,未檢出,無,40-49歲,男,0.0
3792,49e53f6234f9dc9b,2025-05-31,血液,陰性,未檢出,無,40-49歲,男,0.0
3793,42dff0a5f269e8c7,2025-12-10,尿液,陰性,未檢出,無,40-49歲,男,0.0
3794,9a3bb69e23ef3203,2025-05-06,尿液,陰性,未檢出,無,30-39歲,男,0.0
3795,20ad504e0ba6f6f5,2025-10-11,尿液,陰性,未檢出,無,50-59歲,女,0.0
3796,a66bb6b70bd0c6af,2025-06-29,尿液,陰性,未檢出,無,40-49歲,男,0.0
3797,34f8554d7a2cfeab,2025-03-30,血液,陰性,未檢出,無,40-49歲,男,0.0
3798,a82745c80e235bb8,2025-01-30,尿液,陰性,未檢出,無,40-49歲,男,0.0
3799,5689f6186bc0b51b,2025-09-05,尿液,陰性,未檢出,無,40-49歲,男,0.0
3800,1f3beac4ceeb635b,2025-03-02,尿液,陰性,未檢出,無,50-59歲,男,0.0
3801,4e43131d51db2b68,2025-04-19,尿液,陰性,未檢出,無,40-49歲,男,0.0
3802,863a3248887ac61e,2025-06-03,尿液,陰性,未檢出,無,30-39歲,女,0.0
3803,49178a1944e6ee62,2025-11-27,尿液,陰性,未檢出,無,50-59歲,男,0.0
3804,ea1575c71da156d9,2025-03-04,尿液,陰性,未檢出,無,50-59歲,女,0.0
3805,9af7c3923ef0b4ef,2025-12-28,血液,陰性,未檢出,無,30-39歲,男,0.0
3806,206ea93fdc235103,2025-10-20,尿液,陰性,未檢出,無,50-59歲,男,0.0
3807,06c2a321b8f39c07,2025-08-27,尿液,陰性,未檢出,無,40-49歲,女,0.0
3808,71323f335b9574df,2025-12-20,尿液,陰性,未檢出,無,30-39歲,男,0.0
3809,12682b21a60b1971,2025-11-06,尿液,陰性,未檢出,無,40-49歲,男,0.0
3810,832d315c2832db33,2025-11-22,尿液,陰性,未檢出,無,20-29歲,男,0.0
3811,3d67e5eecc3ee390,2025-09-03,血液,陰性,未檢出,無,40-49歲,男,0.0
3812,8608efb0afef6fd0,2025-08-25,尿液,陰性,未檢出,無,50-59歲,男,0.0
3813,68eddcc297f73cc7,2025-05-16,尿液,陰性,未檢出,無,30-39歲,男,0.0
3814,d2a3f1d97a1db8ac,2025-12-29,尿液,陰性,未檢出,無,40-49歲,男,0.0
3815,5de7f22adfe4b0e2,2025-02-28,尿液,陰性,未檢出,無,40-49歲,男,0.0
3816,cdabd3c57ae3cdd1,2025-04-20,血液,陰性,未檢出,無,40-49歲,男,0.0
3817,7bad136f5be42c97,2025-03-15,尿液,陽性,安非他命,二級,50-59歲,男,2.0
3818,0e7452e38350322b,2025-09-22,尿液,陰性,未檢出,無,50-59歲,女,0.0
3819,b5c2a7e2482f079f,2025-09-17,尿液,陰性,未檢出,無,19歲以下,女,0.0
3820,0c99ba0070d391e8,2025-12-02,尿液,陰性,未檢出,無,20-29歲,女,0.0
3821,61c5d56e176de277,2025-04-10,尿液,陽性,愷他命,三級,40-49歲,男,1.0
3822,5faea8ad27b79219,2025-06-14,血液,陰性,未檢出,無,50-59歲,男,0.0
3823,cfa4c03dc5fcc7b4,2025-10-10,血液,陰性,未檢出,無,40-49歲,女,0.0
3824,a246e0042d234cd7,2025-04-29,尿液,陰性,未檢出,無,60歲以上,男,0.0
3825,ca1d4e4b036b03af,2025-07-10,尿液,陽性,甲基安非他命,二級,40-49歲,男,2.0
3826,3b196b8dd4e0c942,2025-12-25,尿液,陰性,未檢出,無,40-49歲,男,0.0
3827,721ce37b324ee4dd,2025-07-22,尿液,陰性,未檢出,無,50-59歲,女,0.0
3828,7a5c8c122d25538f,2025-10-09,尿液,陽性,嗎啡,一級,19歲以下,女,3.0
3829,0fe24c740a1b61d2,2025-02-02,尿液,陽性,安非他命,二級,40-49歲,男,2.0
3830,ba43baa80b489f18,2025-05-20,尿液,陽性,愷他命,三級,19歲以下,男,1.0
3831,87c522380145a6ca,2025-06-24,尿液,陰性,未檢出,無,19歲以下,男,0.0
3832,e7e17ac5b880fc38,2025-11-14,尿液,陰性,未檢出,無,40-49歲,男,0.0
3833,7d062ec1dd0118fe,2025-06-09,尿液,陽性,甲基安非他命,二級,40-49歲,男,2.0
3834,f120f498c3365c60,2025-12-25,尿液,陰性,未檢出,無,40-49歲,男,0.0
3835,c63c67c5ad9ac0c4,2025-03-01,尿液,陰性,未檢出,無,40-49歲,女,0.0
3836,b401673d7e2ca53f,2025-10-06,尿液,陰性,未檢出,無,50-59歲,男,0.0
3837,1cb54481fa77e4cd,2025-01-31,尿液,陰性,未檢出,無,50-59歲,男,0.0
3838,55b63f35b1eae043,2025-07-30,尿液,陰性,未檢出,無,50-59歲,男,0.0
3839,3edf51f66fa8f705,2025-02-23,尿液,陰性,未檢出,無,50-59歲,男,0.0
3840,d54e605188286a9b,2025-07-10,血液,陰性,未檢出,無,40-49歲,男,0.0
3841,66f0b99afda28f22,2025-10-25,尿液,陰性,未檢出,無,50-59歲,男,0.0
3842,92022172c2e20c7e,2025-07-18,尿液,陰性,未檢出,無,50-59歲,男,0.0
3843,9756945380248610,2025-07-30,尿液,陰性,未檢出,無,50-59歲,男,0.0
3844,01a92a3474523b28,2025-05-07,血液,陰性,未檢出,無,20-29歲,男,0.0
3845,bf166e845bf0e434,2025-01-25,尿液,陽性,甲基安非他命,二級,60歲以上,男,2.0
3846,d8c47643b631e145,2025-03-28,尿液,陰性,未檢出,無,30-39歲,男,0.0
3847,b7c735bfe67c2f40,2025-02-11,尿液,陰性,未檢出,無,40-49歲,女,0.0
3848,8aee91e29741a5b2,2025-06-04,尿液,陰性,未檢出,無,60歲以上,男,0.0
3849,c9cdd232140c71d2,2025-06-29,尿液,陰性,未檢出,無,40-49歲,男,0.0
3850,bcf20501ea05943e,2025-03-29,血液,陰性,未檢出,無,40-49歲,男,0.0
3851,f2f30f57eedc49ab,2025-12-22,尿液,陰性,未檢出,無,60歲以上,男,0.0
3852,160282d41d3e5b28,2025-09-12,尿液,陰性,未檢出,無,50-59歲,男,0.0
3853,22a441ce18ff9c40,2025-12-05,尿液,陰性,未檢出,無,30-39歲,男,0.0
3854,246c7e08ee3b9037,2025-10-18,尿液,陰性,未檢出,無,40-49歲,男,0.0
3855,bfd4e06ef8afb476,2025-12-30,尿液,陰性,未檢出,無,19歲以下,男,0.0
3856,2031fed258f8d40c,2025-12-02,尿液,陰性,未檢出,無,50-59歲,男,0.0
3857,9fe4669ff40c2410,2025-06-06,尿液,陰性,未檢出,無,50-59歲,男,0.0
3858,330d7795b60ce3f4,2025-06-05,尿液,陰性,未檢出,無,30-39歲,男,0.0
3859,efd06ca802a7ed0c,2025-03-07,尿液,陰性,未檢出,無,40-49歲,男,0.0
3860,fa7b518a4c22884a,2025-08-02,尿液,陰性,未檢出,無,50-59歲,男,0.0
3861,aabaea23ee050381,2025-11-01,尿液,陽性,安非他命,二級,40-49歲,女,2.0
3862,a0970a9ef4af1b9d,2025-05-13,血液,陰性,未檢出,無,50-59歲,男,0.0
3863,9659244fe3cd7c15,2025-02-07,血液,陰性,未檢出,無,30-39歲,男,0.0
3864,9837613bcd0eadd8,2025-04-14,尿液,陰性,未檢出,無,40-49歲,男,0.0
3865,f4c3d0465e9fb107,2025-03-23,血液,陽性,安非他命,二級,50-59歲,男,2.0
3866,0e19654e0bff0ba8,2025-07-15,尿液,陽性,甲基安非他命,二級,40-49歲,男,2.0
3867,3127ebad65872c46,2025-03-02,尿液,陰性,未檢出,無,30-39歲,男,0.0
3868,29a4bfe4cb97a38f,2025-03-26,血液,陽性,甲基安非他命,二級,40-49歲,男,2.0
3869,bac798e3795e0a53,2025-06-29,尿液,陰性,未檢出,無,40-49歲,男,0.0
3870,3d2c0bd93a01a98a,2025-01-12,尿液,陰性,未檢出,無,40-49歲,男,0.0
3871,d2f8a9fa13fcdf89,2025-07-18,尿液,陽性,安非他命,二級,50-59歲,男,2.0
3872,5fc42e3464d829e4,2025-02-07,尿液,陰性,未檢出,無,40-49歲,女,0.0
3873,20290539655a45f6,2025-08-03,尿液,陰性,未檢出,無,30-39歲,男,0.0
3874,fcde972d45ce0701,2025-01-14,尿液,陽性,安非他命,二級,50-59歲,男,2.0
3875,0cce911c04bec117,2025-02-02,尿液,陰性,未檢出,無,19歲以下,男,0.0
3876,bd659ae3f17ff8d5,2025-04-12,血液,陰性,未檢出,無,40-49歲,男,0.0
3877,86a2615a5610561c,2025-12-15,尿液,陽性,愷他命,三級,30-39歲,男,1.0
3878,faf10431943daea6,2025-09-20,血液,陽性,嗎啡,一級,20-29歲,男,3.0
3879,8d0714d84ccb2a68,2025-12-02,尿液,陰性,未檢出,無,40-49歲,男,0.0
3880,30e1934db25b75a6,2025-10-28,尿液,陰性,未檢出,無,30-39歲,女,0.0
3881,de1706f60707bd45,2025-08-01,尿液,陰性,未檢出,無,30-39歲,男,0.0
3882,0532bb2f185c7c04,2025-12-16,尿液,陽性,甲基安非他命,二級,20-29歲,男,2.0
3883,20e2b6cc4e8727ef,2025-05-12,尿液,陽性,愷他命,三級,50-59歲,男,1.0
3884,316c8b4b6b0cf0e6,2025-05-07,尿液,陽性,安非他命,二級,40-49歲,男,2.0
3885,4f39351070e538e2,2025-10-10,尿液,陰性,未檢出,無,40-49歲,男,0.0
3886,9811ccb6127c955c,2025-04-21,尿液,陰性,未檢出,無,40-49歲,男,0.0
3887,65aab3f434fa30c6,2025-09-18,尿液,陰性,未檢出,無,40-49歲,男,0.0
3888,8aa686d7285fa5f5,2025-11-09,尿液,陰性,未檢出,無,40-49歲,男,0.0
3889,cc56434f689bde2e,2025-06-16,尿液,陰性,未檢出,無,50-59歲,男,0.0
3890,e5cc87fa3fc8af25,2025-12-12,尿液,陰性,未檢出,無,50-59歲,男,0.0
3891,c07a5b7edd92f73e,2025-08-13,尿液,陰性,未檢出,無,40-49歲,男,0.0
3892,ab25d657bbb4ea74,2025-10-13,尿液,陰性,未檢出,無,40-49歲,男,0.0
3893,2596bc0bf96d8829,2025-11-24,尿液,陰性,未檢出,無,30-39歲,男,0.0
3894,acc4211bce5c5b86,2025-04-29,尿液,陰性,未檢出,無,30-39歲,男,0.0
3895,fcfa8724abacb39c,2025-09-27,尿液,陰性,未檢出,無,40-49歲,男,0.0
3896,b3c0f3fe1685a638,2025-07-08,尿液,陽性,安非他命,二級,40-49歲,男,2.0
3897,5248fcc525b877d1,2025-06-07,尿液,陰性,未檢出,無,40-49歲,男,0.0
3898,9e80808720f7a0b9,2025-06-08,尿液,陰性,未檢出,無,40-49歲,男,0.0
3899,3e265a2cac204c3d,2025-04-07,尿液,陰性,未檢出,無,60歲以上,男,0.0
3900,389dbec25fa21c64,2025-07-13,尿液,陰性,未檢出,無,20-29歲,男,0.0
3901,e3f1aeff5c7656d2,2025-09-06,尿液,陰性,未檢出,無,50-59歲,男,0.0
3902,0a96b1611ef6c05d,2025-07-18,血液,陰性,未檢出,無,50-59歲,男,0.0
3903,733fcbbb4944df83,2025-09-05,血液,陰性,未檢出,無,50-59歲,女,0.0
3904,cbd85436ecb62bac,2025-07-31,尿液,陰性,未檢出,無,50-59歲,男,0.0
3905,5d9181a8f113d3b3,2025-09-26,尿液,陰性,未檢出,無,40-49歲,男,0.0
3906,9f1b5c4d875abb33,2025-03-02,血液,陰性,未檢出,無,60歲以上,男,0.0
3907,e83fcd0784b30b40,2025-01-15,血液,陰性,未檢出,無,40-49歲,女,0.0
3908,d5a16f4cce5efc0a,2025-02-25,尿液,陰性,未檢出,無,50-59歲,男,0.0
3909,9e8c8b5a30e7bed9,2025-07-28,尿液,陰性,未檢出,無,50-59歲,男,0.0
3910,fd636e389a640ea4,2025-10-21,尿液,陰性,未檢出,無,40-49歲,男,0.0
3911,1316366eda54e750,2025-01-29,尿液,陰性,未檢出,無,30-39歲,男,0.0
3912,69af650d344c083c,2025-05-28,尿液,陰性,未檢出,無,60歲以上,男,0.0
3913,8efb28b667c9a504,2025-10-05,尿液,陰性,未檢出,無,40-49歲,男,0.0
3914,579e7397014c5264,2025-04-17,血液,陰性,未檢出,無,50-59歲,男,0.0
3915,d1cd00e121b47404,2025-08-28,尿液,陰性,未檢出,無,40-49歲,男,0.0
3916,6fedb6fa46819aaf,2025-12-07,尿液,陰性,未檢出,無,40-49歲,男,0.0
3917,97155790bd0e7018,2025-07-31,尿液,陽性,嗎啡,一級,20-29歲,男,3.0
3918,d8a2cf5a37e056e3,2025-03-19,尿液,陰性,未檢出,無,40-49歲,男,0.0
3919,748724405741feaa,2025-08-19,尿液,陽性,安非他命,二級,20-29歲,男,2.0
3920,137679edf0792e79,2025-10-01,尿液,陰性,未檢出,無,50-59歲,男,0.0
3921,29e2f9c340424a55,2025-09-14,尿液,陰性,未檢出,無,30-39歲,男,0.0
3922,805028b32b08ade1,2025-12-03,尿液,陰性,未檢出,無,60歲以上,男,0.0
3923,35160b96426e5535,2025-08-03,尿液,陰性,未檢出,無,20-29歲,男,0.0
3924,8ba8ad1c3eb87aac,2025-02-20,尿液,陰性,未檢出,無,40-49歲,男,0.0
3925,056020b933445d4f,2025-09-21,尿液,陰性,未檢出,無,50-59歲,男,0.0
3926,cdedf3bc9b8e04fb,2025-02-27,尿液,陰性,未檢出,無,50-59歲,男,0.0
3927,0026ab72dfa07330,2025-12-02,尿液,陽性,愷他命,三級,20-29歲,男,1.0
3928,9760b1a8fd91d831,2025-03-20,尿液,陰性,未檢出,無,20-29歲,男,0.0
3929,191851f2533ee2d1,2025-11-22,尿液,陰性,未檢出,無,30-39歲,男,0.0
3930,feae51ecdaff521e,2025-09-30,尿液,陰性,未檢出,無,40-49歲,男,0.0
3931,3969286bc39bcc4f,2025-01-25,尿液,陰性,未檢出,無,50-59歲,男,0.0
3932,2faad39c4b8efec2,2025-05-08,尿液,陽性,嗎啡,一級,60歲以上,男,3.0
3933,b8476e1023df51ca,2025-05-03,血液,陰性,未檢出,無,20-29歲,女,0.0
3934,8101a9ecd7c61339,2025-06-04,尿液,陰性,未檢出,無,20-29歲,男,0.0
3935,9ebbb999389bf292,2025-08-08,尿液,陰性,未檢出,無,40-49歲,女,0.0
3936,dfb9ae32fc9e366d,2025-03-12,尿液,陰性,未檢出,無,50-59歲,男,0.0
3937,a18e44ae345ac472,2025-09-13,血液,陰性,未檢出,無,40-49歲,男,0.0
3938,5a2ac3fc32f72765,2025-05-09,血液,陽性,安非他命,二級,60歲以上,男,2.0
3939,b1df797c501069f4,2025-03-30,尿液,陰性,未檢出,無,30-39歲,女,0.0
3940,f7b502b730030abc,2025-06-05,尿液,陰性,未檢出,無,30-39歲,女,0.0
3941,1e3ad543d52c6a76,2025-08-27,尿液,陽性,甲基安非他命,二級,50-59歲,男,2.0
3942,47454a61c5810c99,2025-08-05,尿液,陰性,未檢出,無,50-59歲,男,0.0
3943,93b4213be5b137f1,2025-05-27,尿液,陰性,未檢出,無,40-49歲,男,0.0
3944,9be7a024c57d03ed,2025-11-25,尿液,陰性,未檢出,無,40-49歲,女,0.0
3945,d431d838e139a96e,2025-08-28,尿液,陰性,未檢出,無,40-49歲,男,0.0
3946,c142e496ffcb3e79,2025-11-20,尿液,陰性,未檢出,無,50-59歲,男,0.0
3947,d56a2b7451e18830,2025-09-28,尿液,陰性,未檢出,無,50-59歲,男,0.0
3948,f9d0a287edcd4206,2025-01-24,尿液,陰性,未檢出,無,50-59歲,男,0.0
3949,628940b6dbe57c81,2025-07-09,尿液,陰性,未檢出,無,30-39歲,男,0.0
3950,c4f2cf00f887fb07,2025-03-29,尿液,陽性,甲基安非他命,二級,40-49歲,男,2.0
3951,229bc0cf6496d9ef,2025-01-15,尿液,陰性,未檢出,無,50-59歲,男,0.0
3952,c6a4d5a8f76a6d84,2025-05-18,尿液,陰性,未檢出,無,20-29歲,男,0.0
3953,70af7d810a5cb414,2025-12-02,血液,陰性,未檢出,無,20-29歲,男,0.0
3954,fa00fb9f13be15a4,2025-07-21,尿液,陰性,未檢出,無,30-39歲,男,0.0
3955,aecf2def94d1f744,2025-11-09,尿液,陰性,未檢出,無,30-39歲,男,0.0
3956,26d63106cdc7a073,2025-12-09,尿液,陰性,未檢出,無,50-59歲,男,0.0
3957,af3e659b7042fa5e,2025-02-13,尿液,陰性,未檢出,無,30-39歲,男,0.0
3958,60bbf426d52f1ba2,2025-04-28,尿液,陰性,未檢出,無,40-49歲,男,0.0
3959,b7ba19a0f25e7451,2025-08-05,尿液,陰性,未檢出,無,20-29歲,男,0.0
3960,06ac63c94d671f41,2025-06-03,尿液,陽性,甲基安非他命,二級,20-29歲,男,2.0
3961,7f8274c72487bf42,2025-03-04,尿液,陰性,未檢出,無,40-49歲,男,0.0
3962,cca3053fc4adc737,2025-08-26,尿液,陰性,未檢出,無,50-59歲,男,0.0
3963,42540d49bb763f20,2025-03-11,血液,陰性,未檢出,無,60歲以上,男,0.0
3964,8ed21d73020a5115,2025-06-20,尿液,陰性,未檢出,無,50-59歲,男,0.0
3965,0cf2c72197fd1fc2,2025-05-18,尿液,陰性,未檢出,無,50-59歲,男,0.0
3966,35612e9411d8ddaa,2025-09-03,尿液,陰性,未檢出,無,30-39歲,女,0.0
3967,6cd634dd70597a38,2025-05-09,尿液,陰性,未檢出,無,50-59歲,男,0.0
3968,be84ba38808519f3,2025-11-05,血液,陰性,未檢出,無,40-49歲,男,0.0
3969,0fbd1f3014148864,2025-11-01,尿液,陰性,未檢出,無,60歲以上,男,0.0
3970,ef1ee6a2e0709f70,2025-07-22,尿液,陰性,未檢出,無,40-49歲,男,0.0
3971,41bcb55709c22560,2025-01-10,尿液,陰性,未檢出,無,40-49歲,女,0.0
3972,a7867282324ba655,2025-12-05,尿液,陰性,未檢出,無,50-59歲,男,0.0
3973,be6eaf0f091bd215,2025-07-10,尿液,陰性,未檢出,無,60歲以上,男,0.0
3974,599606769e5b132a,2025-10-06,尿液,陰性,未檢出,無,30-39歲,男,0.0
3975,365f7a06bd0af0bc,2025-05-28,尿液,陽性,甲基安非他命,二級,40-49歲,男,2.0
3976,508f1a7286bdeb9d,2025-05-12,尿液,陰性,未檢出,無,40-49歲,女,0.0
3977,18aa82bf72c035e2,2025-04-18,尿液,陰性,未檢出,無,50-59歲,男,0.0
3978,dcccef627ba7f5ec,2025-09-23,尿液,陰性,未檢出,無,40-49歲,男,0.0
3979,65412730646a3206,2025-12-29,尿液,陰性,未檢出,無,50-59歲,男,0.0
3980,6535dbb3673e5d95,2025-07-09,尿液,陽性,愷他命,三級,40-49歲,男,1.0
3981,bfa425001e468e55,2025-09-03,尿液,陽性,安非他命,二級,50-59歲,男,2.0
3982,9d277a8db1cc429a,2025-03-01,尿液,陽性,愷他命,三級,40-49歲,男,1.0
3983,2cf68c6c1b5b8816,2025-11-28,尿液,陽性,甲基安非他命,二級,50-59歲,男,2.0
3984,7576eb55e8a18162,2025-03-02,尿液,陽性,甲基安非他命,二級,50-59歲,女,2.0
3985,f0e0d6d281401da1,2025-05-20,尿液,陰性,未檢出,無,40-49歲,女,0.0
3986,03578d13820542e7,2025-04-19,尿液,陰性,未檢出,無,40-49歲,男,0.0
3987,dece532349d4b6db,2025-09-05,尿液,陽性,安非他命,二級,50-59歲,男,2.0
3988,39f37998ddb69d68,2025-05-19,尿液,陽性,安非他命,二級,60歲以上,女,2.0
3989,354d0e24cbbe3907,2025-06-02,尿液,陽性,甲基安非他命,二級,30-39歲,男,2.0
3990,1b2cf2ce5709caf2,2025-07-08,尿液,陰性,未檢出,無,20-29歲,男,0.0
3991,39cb91875970d5d1,2025-05-05,尿液,陰性,未檢出,無,50-59歲,男,0.0
3992,ead38ebf22acf98c,2025-12-17,尿液,陰性,未檢出,無,20-29歲,男,0.0
3993,2b85ee899a4e36b7,2025-01-17,尿液,陰性,未檢出,無,19歲以下,男,0.0
3994,46128d15b8c275aa,2025-04-24,尿液,陰性,未檢出,無,30-39歲,女,0.0
3995,5ae201a54b9f61d0,2025-08-16,尿液,陰性,未檢出,無,40-49歲,女,0.0
3996,f15a219b1cabe383,2025-06-15,尿液,陰性,未檢出,無,50-59歲,男,0.0
3997,847100ff89579e3b,2025-01-27,尿液,陽性,愷他命,三級,30-39歲,男,1.0
3998,bf4efd5253eb9b3a,2025-07-05,尿液,陰性,未檢出,無,20-29歲,男,0.0
3999,7277184c37d33829,2025-03-16,尿液,陰性,未檢出,無,40-49歲,男,0.0
4000,941024596896de16,2025-10-04,尿液,陰性,未檢出,無,50-59歲,女,0.0
4001,9bd73a0bd54a5ec9,2025-12-03,尿液,陰性,未檢出,無,30-39歲,男,0.0
4002,8dba64d7e46630f6,2025-08-22,尿液,陰性,未檢出,無,20-29歲,男,0.0
4003,46aec6c4ad188d08,2025-06-24,尿液,陰性,未檢出,無,40-49歲,男,0.0
4004,ea1591f0ec8446b7,2025-07-31,尿液,陽性,甲基安非他命,二級,40-49歲,女,2.0
4005,84f52a573014eddb,2025-02-26,尿液,陰性,未檢出,無,20-29歲,男,0.0
4006,df790b61ed261419,2025-11-01,尿液,陰性,未檢出,無,40-49歲,男,0.0
4007,69134fa9ba9db5fd,2025-02-17,尿液,陰性,未檢出,無,50-59歲,女,0.0
4008,7203509bdd5bbd87,2025-05-14,尿液,陰性,未檢出,無,30-39歲,男,0.0
4009,6d7140ac270f96a7,2025-04-05,尿液,陰性,未檢出,無,40-49歲,男,0.0
4010,066d9d010551b6e0,2025-12-24,尿液,陰性,未檢出,無,40-49歲,男,0.0
4011,f91ae1a54eb22c0a,2025-01-02,血液,陰性,未檢出,無,50-59歲,男,0.0
4012,a0b290df804e7cfa,2025-05-30,尿液,陰性,未檢出,無,30-39歲,男,0.0
4013,167bca7fed9f6d01,2025-03-05,血液,陰性,未檢出,無,50-59歲,男,0.0
4014,44ece879f2025ecc,2025-03-26,尿液,陰性,未檢出,無,50-59歲,女,0.0
4015,447e6186d5cfdc98,2025-01-21,尿液,陰性,未檢出,無,50-59歲,男,0.0
4016,6336a14a556c4e87,2025-05-07,尿液,陰性,未檢出,無,40-49歲,男,0.0
4017,55de85fbfd3f6dce,2025-03-09,尿液,陰性,未檢出,無,30-39歲,男,0.0
4018,5caca0564d4779c6,2025-05-23,尿液,陰性,未檢出,無,30-39歲,男,0.0
4019,6b71318b3b9d4914,2025-05-10,尿液,陰性,未檢出,無,30-39歲,女,0.0
4020,53e54aa467db204d,2025-11-20,血液,陰性,未檢出,無,30-39歲,男,0.0
4021,e2a61a4120407398,2025-12-03,尿液,陰性,未檢出,無,30-39歲,女,0.0
4022,419936113c35e815,2025-09-18,尿液,陰性,未檢出,無,40-49歲,男,0.0
4023,7ac555a3c71d9673,2025-11-19,尿液,陰性,未檢出,無,40-49歲,男,0.0
4024,1c0effa24f7856e7,2025-02-20,尿液,陰性,未檢出,無,20-29歲,男,0.0
4025,66cd09e8207c30a5,2025-11-26,尿液,陰性,未檢出,無,50-59歲,男,0.0
4026,8d58ab63daa7d932,2025-05-04,尿液,陰性,未檢出,無,50-59歲,男,0.0
4027,06a8bad53cd1b922,2025-11-13,血液,陰性,未檢出,無,50-59歲,女,0.0
4028,cc82f79c343666eb,2025-01-30,尿液,陰性,未檢出,無,60歲以上,男,0.0
4029,c42f4402db7fd556,2025-08-22,尿液,陰性,未檢出,無,40-49歲,男,0.0
4030,b883aa3ecab21ce7,2025-10-30,尿液,陰性,未檢出,無,40-49歲,男,0.0
4031,cea5d55177431bfc,2025-06-16,血液,陰性,未檢出,無,30-39歲,女,0.0
4032,643b1ffaa7775122,2025-06-05,尿液,陽性,愷他命,三級,50-59歲,男,1.0
4033,537b5013cdfff7e0,2025-05-20,尿液,陰性,未檢出,無,40-49歲,女,0.0
4034,6ba3cc3f115a9b49,2025-06-12,血液,陽性,甲基安非他命,二級,50-59歲,男,2.0
4035,8484cc1c1f714170,2025-06-07,尿液,陰性,未檢出,無,50-59歲,男,0.0
4036,048637b10211c22a,2025-07-11,尿液,陽性,愷他命,三級,40-49歲,男,1.0
4037,0df4bacbd897fc54,2025-09-11,尿液,陰性,未檢出,無,50-59歲,男,0.0
4038,11081e3fdbf3c24a,2025-04-26,血液,陽性,愷他命,三級,60歲以上,男,1.0
4039,2cec06ebf2255443,2025-03-10,尿液,陰性,未檢出,無,60歲以上,女,0.0
4040,4ff82a9874b29ba2,2025-07-05,尿液,陽性,嗎啡,一級,50-59歲,男,3.0
4041,0500aaa1374b5a6b,2025-08-25,尿液,陰性,未檢出,無,40-49歲,男,0.0
4042,7d5e5641befd8a29,2025-06-16,尿液,陰性,未檢出,無,50-59歲,男,0.0
4043,2d1fc9cd91a91982,2025-02-03,尿液,陰性,未檢出,無,30-39歲,男,0.0
4044,918b35a0faf64a88,2025-08-22,尿液,陽性,甲基安非他命,二級,50-59歲,男,2.0
4045,c7d4cdba6b131d6f,2025-04-30,尿液,陰性,未檢出,無,50-59歲,男,0.0
4046,d964af09ab5be4e5,2025-04-03,尿液,陽性,甲基安非他命,二級,30-39歲,男,2.0
4047,f8541640bbf36722,2025-04-05,尿液,陰性,未檢出,無,30-39歲,女,0.0
4048,2009ffcd3ba4ebb1,2025-04-02,血液,陽性,甲基安非他命,二級,40-49歲,男,2.0
4049,f0bc6c0e08eaa98f,2025-12-21,尿液,陰性,未檢出,無,50-59歲,男,0.0
4050,3227719dae520c8a,2025-08-12,尿液,陽性,甲基安非他命,二級,50-59歲,男,2.0
4051,94fc443976fbab01,2025-05-26,尿液,陽性,安非他命,二級,50-59歲,女,2.0
4052,94400250b3c026e8,2025-03-28,尿液,陰性,未檢出,無,50-59歲,女,0.0
4053,eb9d88effb1f78fd,2025-03-11,尿液,陽性,安非他命,二級,40-49歲,男,2.0
4054,540b46d6b0170ad0,2025-11-07,尿液,陰性,未檢出,無,30-39歲,男,0.0
4055,cc2e91da2df87025,2025-02-18,尿液,陰性,未檢出,無,60歲以上,男,0.0
4056,672d816f362d2c6e,2025-06-20,尿液,陰性,未檢出,無,30-39歲,男,0.0
4057,27f6af99c3067202,2025-06-05,尿液,陰性,未檢出,無,30-39歲,男,0.0
4058,c900eae64b581030,2025-07-05,尿液,陰性,未檢出,無,50-59歲,男,0.0
4059,6a1a049860bff264,2025-07-31,尿液,陰性,未檢出,無,20-29歲,男,0.0
4060,35f6f846952d1bfb,2025-11-15,尿液,陽性,甲基安非他命,二級,20-29歲,男,2.0
4061,6d8bbd86a2e79f04,2025-01-22,尿液,陽性,安非他命,二級,40-49歲,男,2.0
4062,e95da77af57c705f,2025-04-05,尿液,陰性,未檢出,無,40-49歲,男,0.0
4063,d990731f39336065,2025-04-22,尿液,陰性,未檢出,無,40-49歲,女,0.0
4064,8391954b40fdeff2,2025-07-31,尿液,陽性,甲基安非他命,二級,40-49歲,男,2.0
4065,0a3dae778d837fa8,2025-01-26,尿液,陰性,未檢出,無,30-39歲,女,0.0
4066,aa9e32e608be534c,2025-01-21,尿液,陰性,未檢出,無,20-29歲,男,0.0
4067,c30d5a67a12ef445,2025-06-04,尿液,陰性,未檢出,無,50-59歲,女,0.0
4068,0ff4aa3ccad40f42,2025-06-27,尿液,陰性,未檢出,無,50-59歲,男,0.0
4069,40a824337065519d,2025-10-04,尿液,陽性,愷他命,三級,50-59歲,男,1.0
4070,c4e91996b0a41577,2025-01-04,尿液,陽性,甲基安非他命,二級,40-49歲,男,2.0
4071,778ba7d0053140ca,2025-09-19,尿液,陽性,愷他命,三級,60歲以上,男,1.0
4072,95510bcadb81b2d0,2025-12-31,尿液,陰性,未檢出,無,20-29歲,男,0.0
4073,965d530c812ccc0d,2025-04-29,尿液,陰性,未檢出,無,50-59歲,男,0.0
4074,efdc714aab3ee22f,2025-04-01,尿液,陰性,未檢出,無,50-59歲,男,0.0
4075,53d6f131b11aadef,2025-06-11,尿液,陰性,未檢出,無,40-49歲,男,0.0
4076,066ea0975abccfa0,2025-01-01,血液,陰性,未檢出,無,30-39歲,男,0.0
4077,e9430530ae16f23b,2025-10-14,尿液,陽性,安非他命,二級,50-59歲,男,2.0
4078,d2e61e1734e1d89e,2025-06-01,尿液,陰性,未檢出,無,20-29歲,女,0.0
4079,e32a63aceed6581a,2025-07-02,尿液,陰性,未檢出,無,50-59歲,男,0.0
4080,0c801cf1c79138a9,2025-12-19,尿液,陽性,安非他命,二級,30-39歲,男,2.0
4081,6e4ea001da2e99b8,2025-11-15,尿液,陽性,愷他命,三級,20-29歲,女,1.0
4082,25e11c884327d1eb,2025-04-24,尿液,陰性,未檢出,無,40-49歲,男,0.0
4083,7684ed66149fa0b4,2025-12-12,尿液,陰性,未檢出,無,30-39歲,男,0.0
4084,7ca20909f283d2c0,2025-07-17,血液,陰性,未檢出,無,50-59歲,男,0.0
4085,7b57a813cc6ec94c,2025-07-19,尿液,陰性,未檢出,無,50-59歲,男,0.0
4086,9a1e3693113b0f9b,2025-09-03,尿液,陰性,未檢出,無,60歲以上,男,0.0
4087,f9d77a04eb987e74,2025-10-25,血液,陰性,未檢出,無,40-49歲,男,0.0
4088,dd876f1416a290fc,2025-05-07,尿液,陰性,未檢出,無,30-39歲,男,0.0
4089,6e6caf76eb582b26,2025-01-31,尿液,陰性,未檢出,無,50-59歲,女,0.0
4090,ac5e6a53b0f7078d,2025-10-23,尿液,陰性,未檢出,無,40-49歲,男,0.0
4091,3bed0b3fe1d72a15,2025-01-05,尿液,陰性,未檢出,無,50-59歲,男,0.0
4092,e62f8f36c7a5611a,2025-07-28,血液,陰性,未檢出,無,50-59歲,女,0.0
4093,9500003cb40ba466,2025-07-30,尿液,陰性,未檢出,無,50-59歲,女,0.0
4094,718e7f95d6c30a51,2025-09-21,尿液,陰性,未檢出,無,50-59歲,男,0.0
4095,41f08d99c4ff68ee,2025-12-12,尿液,陰性,未檢出,無,40-49歲,男,0.0
4096,b470d322cc0a6dda,2025-07-17,尿液,陽性,愷他命,三級,40-49歲,男,1.0
4097,500d87dc93a968d0,2025-05-20,尿液,陰性,未檢出,無,60歲以上,男,0.0
4098,0f7dde78107f5afd,2025-03-05,尿液,陽性,甲基安非他命,二級,40-49歲,男,2.0
4099,07b56dab0def049d,2025-07-19,尿液,陰性,未檢出,無,30-39歲,男,0.0
4100,d9156e69ce0adfb4,2025-11-06,血液,陰性,未檢出,無,40-49歲,男,0.0
4101,ae90268af77ac347,2025-12-26,尿液,陰性,未檢出,無,20-29歲,男,0.0
4102,df647fb22ec25cb4,2025-03-09,血液,陽性,甲基安非他命,二級,40-49歲,男,2.0
4103,94b5e39db6ed2257,2025-10-03,尿液,陽性,甲基安非他命,二級,40-49歲,女,2.0
4104,0c04e38c0edea89c,2025-02-13,尿液,陰性,未檢出,無,20-29歲,女,0.0
4105,803f6e09ccb674fc,2025-07-15,尿液,陰性,未檢出,無,30-39歲,男,0.0
4106,88f63a13e3d5258d,2025-01-13,尿液,陰性,未檢出,無,30-39歲,男,0.0
4107,8d4b012bb289503c,2025-11-21,血液,陰性,未檢出,無,50-59歲,男,0.0
4108,9088f97d15d1a4c6,2025-03-11,尿液,陰性,未檢出,無,30-39歲,男,0.0
4109,e9c7198f8892e796,2025-10-18,尿液,陽性,愷他命,三級,40-49歲,男,1.0
4110,be91f423971ba522,2025-10-08,尿液,陰性,未檢出,無,50-59歲,男,0.0
4111,27243c52fe7524a6,2025-12-13,尿液,陰性,未檢出,無,40-49歲,男,0.0
4112,3d7d56a57c5ced97,2025-10-02,尿液,陰性,未檢出,無,40-49歲,男,0.0
4113,b540984075c71656,2025-11-07,尿液,陽性,甲基安非他命,二級,20-29歲,女,2.0
4114,ed80cd860cd068a8,2025-11-24,尿液,陰性,未檢出,無,40-49歲,男,0.0
4115,689aad048bac866f,2025-12-14,尿液,陰性,未檢出,無,40-49歲,男,0.0
4116,597d61b5f1ff2ad8,2025-10-21,尿液,陰性,未檢出,無,50-59歲,男,0.0
4117,a1edc68cfec29b93,2025-03-13,尿液,陰性,未檢出,無,40-49歲,男,0.0
4118,a225bb38f1ecbcf4,2025-05-23,尿液,陰性,未檢出,無,19歲以下,男,0.0
4119,d750551fee874a6c,2025-06-17,尿液,陰性,未檢出,無,50-59歲,男,0.0
4120,47b675a5f5b22337,2025-10-23,尿液,陰性,未檢出,無,40-49歲,女,0.0
4121,6f535bc8cd8542a8,2025-08-13,尿液,陰性,未檢出,無,50-59歲,男,0.0
4122,560f838c6dfe89f5,2025-02-04,血液,陰性,未檢出,無,40-49歲,女,0.0
4123,9cd1303a2369e4e5,2025-05-13,尿液,陰性,未檢出,無,20-29歲,男,0.0
4124,af506b2c0260e70e,2025-09-01,尿液,陰性,未檢出,無,40-49歲,女,0.0
4125,ca16c4d5ef65bd94,2025-10-21,尿液,陰性,未檢出,無,30-39歲,男,0.0
4126,e9546212fb4d9dcf,2025-08-27,尿液,陰性,未檢出,無,40-49歲,女,0.0
4127,a5ebed5766d98ef7,2025-05-27,尿液,陽性,愷他命,三級,40-49歲,男,1.0
4128,9138dddc3af0f519,2025-08-26,尿液,陽性,愷他命,三級,40-49歲,男,1.0
4129,9e6f371744b2a7d1,2025-04-06,血液,陰性,未檢出,無,50-59歲,男,0.0
4130,366601a9b2a1a5e9,2025-04-02,尿液,陰性,未檢出,無,60歲以上,男,0.0
4131,c65bc32e9010da25,2025-01-23,尿液,陰性,未檢出,無,40-49歲,男,0.0
4132,f24bdf06c0731a7e,2025-06-14,尿液,陰性,未檢出,無,60歲以上,男,0.0
4133,d5138fb7d19fee59,2025-08-14,尿液,陰性,未檢出,無,40-49歲,男,0.0
4134,67c22d4cb9e9cea5,2025-06-08,尿液,陰性,未檢出,無,40-49歲,女,0.0
4135,be85fb5bb5c25ce5,2025-06-11,尿液,陰性,未檢出,無,50-59歲,男,0.0
4136,cf0f8bfac9a4c790,2025-06-13,尿液,陰性,未檢出,無,30-39歲,女,0.0
4137,4eb23712cda0135b,2025-03-08,血液,陰性,未檢出,無,60歲以上,男,0.0
4138,7fd419d0b9eb28a9,2025-06-18,尿液,陰性,未檢出,無,50-59歲,男,0.0
4139,1bc10940216ce3ca,2025-05-09,尿液,陰性,未檢出,無,40-49歲,男,0.0
4140,c49a1682e28ccec2,2025-01-07,尿液,陽性,安非他命,二級,40-49歲,女,2.0
4141,04499f1db5588745,2025-05-28,尿液,陰性,未檢出,無,30-39歲,男,0.0
4142,f486c7c2b896d3ab,2025-02-20,尿液,陰性,未檢出,無,30-39歲,男,0.0
4143,bf3ed49fbdfb3a60,2025-03-22,尿液,陽性,嗎啡,一級,50-59歲,男,3.0
4144,3be7afb009143cf8,2025-01-25,尿液,陰性,未檢出,無,40-49歲,男,0.0
4145,acabcf451f3d45bc,2025-12-03,尿液,陰性,未檢出,無,50-59歲,女,0.0
4146,15e4234335c7347c,2025-02-23,尿液,陰性,未檢出,無,30-39歲,男,0.0
4147,9a373e3ce279a937,2025-06-07,尿液,陰性,未檢出,無,40-49歲,男,0.0
4148,7a60fc776c9832ef,2025-12-12,尿液,陰性,未檢出,無,50-59歲,男,0.0
4149,73b778278da5a2a7,2025-08-02,尿液,陰性,未檢出,無,50-59歲,男,0.0
4150,b49d4a2dae94562a,2025-11-02,尿液,陰性,未檢出,無,50-59歲,男,0.0
4151,69943cf2a8a40ce2,2025-05-09,血液,陰性,未檢出,無,40-49歲,男,0.0
4152,7cd5142bd259e891,2025-02-19,血液,陰性,未檢出,無,40-49歲,女,0.0
4153,f5d3c7e9839f8406,2025-06-02,尿液,陰性,未檢出,無,20-29歲,女,0.0
4154,78e190c7b01881cb,2025-03-02,尿液,陰性,未檢出,無,40-49歲,男,0.0
4155,87ee66f32c3fcecf,2025-02-07,尿液,陰性,未檢出,無,60歲以上,男,0.0
4156,42d7e16641886dda,2025-02-25,尿液,陽性,愷他命,三級,60歲以上,男,1.0
4157,a8366706c4b1d387,2025-03-06,尿液,陽性,安非他命,二級,50-59歲,男,2.0
4158,8d50c22b961b23a0,2025-11-28,尿液,陰性,未檢出,無,20-29歲,男,0.0
4159,bd2e2eef3603f0a7,2025-05-06,尿液,陰性,未檢出,無,50-59歲,男,0.0
4160,d45c2a6ba2dfe970,2025-07-15,血液,陰性,未檢出,無,40-49歲,男,0.0
4161,a3a9f3d7195577c5,2025-01-24,尿液,陰性,未檢出,無,50-59歲,男,0.0
4162,53ec5f676af0479f,2025-12-12,尿液,陰性,未檢出,無,40-49歲,男,0.0
4163,035c86f3175d5a46,2025-10-18,尿液,陰性,未檢出,無,40-49歲,女,0.0
4164,8a7e9caf939e5150,2025-05-13,尿液,陰性,未檢出,無,30-39歲,男,0.0
4165,cdabd7d410e9aa44,2025-06-05,血液,陽性,甲基安非他命,二級,40-49歲,男,2.0
4166,58f9ea402bd914d0,2025-08-23,血液,陰性,未檢出,無,50-59歲,男,0.0
4167,c8137b047091b823,2025-08-12,尿液,陰性,未檢出,無,50-59歲,男,0.0
4168,921dc3f475e7268c,2025-07-30,尿液,陰性,未檢出,無,30-39歲,男,0.0
4169,65fe909dccd94fb7,2025-01-27,尿液,陰性,未檢出,無,50-59歲,女,0.0
4170,17c37ae0347c9054,2025-11-06,尿液,陰性,未檢出,無,40-49歲,男,0.0
4171,106c3d168deb8a57,2025-03-05,尿液,陰性,未檢出,無,50-59歲,男,0.0
4172,80db6ce5d71fa67f,2025-09-02,尿液,陰性,未檢出,無,30-39歲,男,0.0
4173,1a4eb2b6534d426f,2025-05-28,尿液,陽性,甲基安非他命,二級,50-59歲,男,2.0
4174,1461fd5b6d6048a5,2025-06-19,尿液,陰性,未檢出,無,50-59歲,男,0.0
4175,dfe7f13cb4f85d3a,2025-11-14,尿液,陰性,未檢出,無,50-59歲,男,0.0
4176,4fae235dd574c48f,2025-08-09,尿液,陰性,未檢出,無,50-59歲,男,0.0
4177,d33c9543c4710eda,2025-09-26,尿液,陰性,未檢出,無,20-29歲,男,0.0
4178,6ee52b53b437edac,2025-11-24,尿液,陽性,安非他命,二級,60歲以上,男,2.0
4179,659d97b1e9248394,2025-03-23,尿液,陰性,未檢出,無,40-49歲,女,0.0
4180,991d848bc2486cda,2025-06-08,尿液,陰性,未檢出,無,30-39歲,男,0.0
4181,94b2cf53a0909233,2025-05-26,尿液,陰性,未檢出,無,60歲以上,男,0.0
4182,2d05dc756ae454bd,2025-04-21,尿液,陰性,未檢出,無,40-49歲,男,0.0
4183,4bb7a5eca21c1bea,2025-04-15,尿液,陰性,未檢出,無,40-49歲,男,0.0
4184,c79ce4fcf2545148,2025-08-02,尿液,陽性,安非他命,二級,20-29歲,男,2.0
4185,7515c8c55f36009b,2025-08-20,尿液,陰性,未檢出,無,30-39歲,男,0.0
4186,17fec7fb389e85c3,2025-04-27,尿液,陰性,未檢出,無,20-29歲,女,0.0
4187,055dcb1f7c1e8a1c,2025-10-04,尿液,陽性,安非他命,二級,60歲以上,男,2.0
4188,82f0a9b72adc012d,2025-01-28,尿液,陽性,甲基安非他命,二級,30-39歲,女,2.0
4189,7d643c742d702926,2025-12-21,尿液,陰性,未檢出,無,40-49歲,女,0.0
4190,34c84147838e34cd,2025-03-09,尿液,陽性,安非他命,二級,60歲以上,男,2.0
4191,bc45fce6298e5082,2025-12-07,尿液,陰性,未檢出,無,40-49歲,男,0.0
4192,799ff5498285a658,2025-03-07,尿液,陽性,安非他命,二級,40-49歲,男,2.0
4193,0f2ae02e799ef1bc,2025-06-25,尿液,陰性,未檢出,無,20-29歲,女,0.0
4194,361234a44630a7eb,2025-07-03,尿液,陰性,未檢出,無,40-49歲,女,0.0
4195,9a8e1a231475b009,2025-11-06,尿液,陰性,未檢出,無,40-49歲,女,0.0
4196,40c7a8595753087d,2025-09-14,尿液,陽性,甲基安非他命,二級,50-59歲,男,2.0
4197,b2c64a42c3d2bf65,2025-11-20,尿液,陰性,未檢出,無,60歲以上,女,0.0
4198,8722ea0e7a4c3a48,2025-07-12,尿液,陰性,未檢出,無,40-49歲,男,0.0
4199,704fd82dfa300093,2025-12-22,尿液,陰性,未檢出,無,30-39歲,男,0.0
4200,ea77774ebc76e7cc,2025-07-11,尿液,陽性,嗎啡,一級,40-49歲,男,3.0
4201,e7ece4176f4e64f4,2025-10-22,尿液,陰性,未檢出,無,40-49歲,男,0.0
4202,e1d507de47695d1e,2025-02-03,尿液,陰性,未檢出,無,50-59歲,男,0.0
4203,5489534b7d857412,2025-11-20,尿液,陰性,未檢出,無,50-59歲,男,0.0
4204,dfe0824b3e08f416,2025-10-10,尿液,陰性,未檢出,無,50-59歲,女,0.0
4205,d800999634b79cfb,2025-08-07,尿液,陽性,嗎啡,一級,19歲以下,男,3.0
4206,832b7ea986737f98,2025-07-17,尿液,陰性,未檢出,無,30-39歲,男,0.0
4207,e4b798ea1a433205,2025-12-03,尿液,陰性,未檢出,無,40-49歲,男,0.0
4208,6cfb7b6353e40015,2025-02-25,尿液,陰性,未檢出,無,50-59歲,男,0.0
4209,905e1dfb843269c4,2025-03-24,尿液,陽性,愷他命,三級,30-39歲,男,1.0
4210,83c6f1ae34d08309,2025-05-22,尿液,陰性,未檢出,無,40-49歲,女,0.0
4211,5ce9301e93ad52df,2025-08-16,尿液,陰性,未檢出,無,50-59歲,男,0.0
4212,007dda29b26c8f42,2025-04-20,尿液,陰性,未檢出,無,50-59歲,男,0.0
4213,dfd7bcc81abd96d9,2025-04-19,尿液,陰性,未檢出,無,60歲以上,男,0.0
4214,210af28c088c8c63,2025-08-28,尿液,陰性,未檢出,無,20-29歲,男,0.0
4215,0fb3eb7353b98b8d,2025-03-21,尿液,陰性,未檢出,無,40-49歲,男,0.0
4216,b316073cdcd03a28,2025-03-06,尿液,陰性,未檢出,無,40-49歲,男,0.0
4217,3bc3bcba64511e47,2025-12-14,尿液,陽性,甲基安非他命,二級,60歲以上,男,2.0
4218,e9a9c1881dbf7395,2025-05-04,尿液,陽性,安非他命,二級,20-29歲,女,2.0
4219,9bc7bae2d1e04bb9,2025-09-18,尿液,陽性,安非他命,二級,50-59歲,男,2.0
4220,3551bc8dc189b908,2025-05-16,尿液,陰性,未檢出,無,50-59歲,男,0.0
4221,550996eefa482b15,2025-06-29,尿液,陽性,安非他命,二級,40-49歲,男,2.0
4222,38138b4ff402665e,2025-04-17,血液,陰性,未檢出,無,50-59歲,男,0.0
4223,f8bf86879b340ec9,2025-01-12,尿液,陽性,甲基安非他命,二級,40-49歲,男,2.0
4224,cf8194d39c7b39fb,2025-11-16,尿液,陽性,嗎啡,一級,40-49歲,女,3.0
4225,ed74c8f41cdee761,2025-12-20,尿液,陰性,未檢出,無,40-49歲,男,0.0
4226,6b36c0313a3f27f8,2025-08-27,尿液,陰性,未檢出,無,40-49歲,男,0.0
4227,700dd9b36c3b713f,2025-09-17,尿液,陽性,安非他命,二級,40-49歲,男,2.0
4228,5a18ec9772448db5,2025-12-25,血液,陰性,未檢出,無,40-49歲,男,0.0
4229,6d433ba8d549dc64,2025-04-28,尿液,陽性,安非他命,二級,50-59歲,男,2.0
4230,8665e433eca4c91f,2025-07-14,尿液,陰性,未檢出,無,60歲以上,男,0.0
4231,ccbd2af9842a5d89,2025-06-23,血液,陰性,未檢出,無,60歲以上,男,0.0
4232,6427863be7cc4a99,2025-03-08,尿液,陰性,未檢出,無,40-49歲,男,0.0
4233,7faa00677a9dc02a,2025-08-10,尿液,陰性,未檢出,無,50-59歲,男,0.0
4234,2c289204f0ca9f13,2025-04-06,尿液,陽性,甲基安非他命,二級,40-49歲,男,2.0
4235,257c6b312dd0b426,2025-12-09,尿液,陰性,未檢出,無,40-49歲,男,0.0
4236,5a7c2bcdd71190af,2025-03-11,血液,陰性,未檢出,無,50-59歲,男,0.0
4237,1eaed0b8b7d3e49e,2025-09-18,血液,陰性,未檢出,無,40-49歲,女,0.0
4238,58732e7ff30af280,2025-01-04,尿液,陰性,未檢出,無,60歲以上,男,0.0
4239,a4bc4d2dfd3c9064,2025-04-16,尿液,陽性,甲基安非他命,二級,40-49歲,男,2.0
4240,3fde4cb667d47145,2025-06-13,尿液,陰性,未檢出,無,30-39歲,男,0.0
4241,bf5057ca2de21905,2025-01-14,尿液,陰性,未檢出,無,40-49歲,女,0.0
4242,0b694866999456bf,2025-05-20,尿液,陰性,未檢出,無,50-59歲,男,0.0
4243,f6f4fdbf954f2016,2025-10-10,尿液,陽性,甲基安非他命,二級,60歲以上,男,2.0
4244,ab281043c55cfcd2,2025-09-28,尿液,陰性,未檢出,無,30-39歲,女,0.0
4245,3b18507bc04b575a,2025-06-26,尿液,陰性,未檢出,無,40-49歲,男,0.0
4246,952e0b420f86df17,2025-05-16,尿液,陽性,甲基安非他命,二級,50-59歲,女,2.0
4247,d10c0a37f430f0df,2025-02-10,尿液,陰性,未檢出,無,20-29歲,女,0.0
4248,87e0f16d3ce5307e,2025-04-05,尿液,陰性,未檢出,無,40-49歲,男,0.0
4249,0cd2205d6167bf78,2025-11-23,血液,陽性,嗎啡,一級,50-59歲,男,3.0
4250,7a59eca9479dbdce,2025-10-21,尿液,陰性,未檢出,無,30-39歲,男,0.0
4251,d8ca4f755a4d96b8,2025-08-09,尿液,陰性,未檢出,無,40-49歲,男,0.0
4252,c2745bfadf4cd623,2025-04-16,尿液,陰性,未檢出,無,40-49歲,男,0.0
4253,a086bb5565bc7612,2025-07-31,尿液,陰性,未檢出,無,30-39歲,女,0.0
4254,c2efbc1a52274513,2025-07-02,尿液,陰性,未檢出,無,40-49歲,男,0.0
4255,8644f13e6c484025,2025-03-10,尿液,陰性,未檢出,無,30-39歲,男,0.0
4256,7abd471a20710ac9,2025-09-10,尿液,陽性,甲基安非他命,二級,20-29歲,男,2.0
4257,ebb539ea4e32eddc,2025-06-11,尿液,陽性,愷他命,三級,50-59歲,男,1.0
4258,174e2ab98bcc1667,2025-02-21,尿液,陰性,未檢出,無,40-49歲,男,0.0
4259,0a28dfc6125d1992,2025-03-14,尿液,陰性,未檢出,無,30-39歲,男,0.0
4260,25f10466797ea785,2025-05-28,尿液,陰性,未檢出,無,50-59歲,男,0.0
4261,84a5c812726e0535,2025-11-20,尿液,陰性,未檢出,無,30-39歲,男,0.0
4262,8401a4ef7035fd44,2025-09-04,血液,陰性,未檢出,無,40-49歲,男,0.0
4263,ade9238c44cd5911,2025-08-12,尿液,陰性,未檢出,無,20-29歲,男,0.0
4264,f1058aaddbce3c94,2025-05-06,尿液,陰性,未檢出,無,40-49歲,男,0.0
4265,ae2c0ec55232dba0,2025-09-11,尿液,陰性,未檢出,無,40-49歲,女,0.0
4266,10f56dfe5ea09e7b,2025-06-01,尿液,陰性,未檢出,無,60歲以上,女,0.0
4267,5a9d2cefab9a5e6b,2025-08-20,尿液,陰性,未檢出,無,40-49歲,男,0.0
4268,f954ea9bdb4fb269,2025-05-22,尿液,陰性,未檢出,無,30-39歲,男,0.0
4269,974c8afd53bed88a,2025-02-25,尿液,陰性,未檢出,無,40-49歲,女,0.0
4270,1087c3f8a85eb866,2025-06-16,尿液,陰性,未檢出,無,30-39歲,男,0.0
4271,22cc3e6f03cb52f2,2025-02-18,血液,陰性,未檢出,無,20-29歲,男,0.0
4272,f23d6f84b1d9d45d,2025-11-05,尿液,陽性,安非他命,二級,40-49歲,男,2.0
4273,28855f668aa391dc,2025-07-30,尿液,陽性,愷他命,三級,30-39歲,男,1.0
4274,a1a242ddd8c76962,2025-04-30,尿液,陰性,未檢出,無,40-49歲,女,0.0
4275,0cec512e80e09ab9,2025-07-14,尿液,陰性,未檢出,無,50-59歲,男,0.0
4276,8ee39a19d9e54169,2025-03-18,血液,陽性,安非他命,二級,19歲以下,男,2.0
4277,48bc373b7086ee87,2025-04-06,尿液,陰性,未檢出,無,40-49歲,男,0.0
4278,c8c0a8ff5eba25f7,2025-03-23,尿液,陰性,未檢出,無,50-59歲,男,0.0
4279,d0d808081d34bbff,2025-10-27,尿液,陰性,未檢出,無,50-59歲,女,0.0
4280,85886f8cb7f75e13,2025-05-24,尿液,陰性,未檢出,無,60歲以上,男,0.0
4281,a2822aafe9961395,2025-07-11,尿液,陽性,安非他命,二級,50-59歲,男,2.0
4282,2dc2e6c2328af629,2025-12-19,尿液,陰性,未檢出,無,30-39歲,女,0.0
4283,c53b0e356accc4ea,2025-11-09,尿液,陰性,未檢出,無,50-59歲,男,0.0
4284,a63433b96423b9d9,2025-03-21,尿液,陰性,未檢出,無,40-49歲,男,0.0
4285,66a204f797acec3c,2025-06-05,尿液,陰性,未檢出,無,40-49歲,男,0.0
4286,0a765ae484d2bead,2025-05-06,尿液,陰性,未檢出,無,50-59歲,男,0.0
4287,c8b1dee6510a3c8d,2025-12-12,尿液,陰性,未檢出,無,40-49歲,男,0.0
4288,7699c4ed1504badc,2025-02-22,尿液,陰性,未檢出,無,40-49歲,男,0.0
4289,3bde22cc19eb78b3,2025-07-05,尿液,陰性,未檢出,無,40-49歲,男,0.0
4290,bd9044d1ae7d4747,2025-11-09,尿液,陽性,愷他命,三級,30-39歲,女,1.0
4291,8617b536f5760184,2025-03-25,尿液,陰性,未檢出,無,50-59歲,男,0.0
4292,2a2a49a7ac2990f5,2025-01-05,尿液,陽性,愷他命,三級,50-59歲,男,1.0
4293,247a95d217f102bb,2025-03-21,尿液,陽性,愷他命,三級,40-49歲,男,1.0
4294,8c5c7b503790f542,2025-12-21,尿液,陽性,愷他命,三級,40-49歲,女,1.0
4295,7c637e6d9641752c,2025-11-20,尿液,陰性,未檢出,無,30-39歲,男,0.0
4296,80b457e79e14ee61,2025-05-01,尿液,陽性,安非他命,二級,30-39歲,男,2.0
4297,32717114580ad8fc,2025-07-14,尿液,陽性,安非他命,二級,40-49歲,男,2.0
4298,b3972db87ef0b0a1,2025-04-02,尿液,陰性,未檢出,無,40-49歲,男,0.0
4299,0777d15849ff64ae,2025-09-12,尿液,陰性,未檢出,無,30-39歲,男,0.0
4300,ff1ee62f6f62c58d,2025-03-08,血液,陰性,未檢出,無,40-49歲,男,0.0
4301,19b50984096b48c0,2025-04-22,尿液,陰性,未檢出,無,60歲以上,男,0.0
4302,6bcc25f6f2dd0295,2025-11-29,血液,陰性,未檢出,無,50-59歲,男,0.0
4303,007c3d7c010e62d2,2025-06-30,尿液,陰性,未檢出,無,40-49歲,男,0.0
4304,083f6c215a50f121,2025-12-13,尿液,陰性,未檢出,無,50-59歲,男,0.0
4305,d113048c58405a98,2025-04-07,尿液,陰性,未檢出,無,40-49歲,男,0.0
4306,0019004261f3af6f,2025-06-08,尿液,陽性,愷他命,三級,40-49歲,男,1.0
4307,3adbb6f16f715e19,2025-04-18,尿液,陰性,未檢出,無,40-49歲,男,0.0
4308,b6e0a6c89e73c286,2025-03-20,尿液,陰性,未檢出,無,40-49歲,男,0.0
4309,9a67c63f9e33a91d,2025-01-04,尿液,陰性,未檢出,無,20-29歲,男,0.0
4310,f41962215c82c086,2025-04-29,血液,陰性,未檢出,無,30-39歲,男,0.0
4311,99e2b412ae0beddf,2025-02-11,尿液,陰性,未檢出,無,30-39歲,男,0.0
4312,c4ebf026e472b306,2025-03-10,血液,陽性,安非他命,二級,50-59歲,男,2.0
4313,016bbaac32097428,2025-07-07,尿液,陽性,甲基安非他命,二級,50-59歲,男,2.0
4314,a07940e144ec6dcc,2025-07-21,尿液,陽性,安非他命,二級,40-49歲,男,2.0
4315,d6e7918a5bed863a,2025-12-06,尿液,陽性,嗎啡,一級,60歲以上,女,3.0
4316,9959d6a6d480d20f,2025-03-13,尿液,陰性,未檢出,無,50-59歲,女,0.0
4317,36d436afecb35880,2025-01-29,尿液,陰性,未檢出,無,50-59歲,男,0.0
4318,4d4be2c9778222b8,2025-01-16,尿液,陰性,未檢出,無,40-49歲,男,0.0
4319,f1ee12f6762329c5,2025-01-09,尿液,陽性,安非他命,二級,50-59歲,男,2.0
4320,aa716fd14e6b0bf2,2025-08-21,尿液,陰性,未檢出,無,50-59歲,男,0.0
4321,f51ba9f06703ae18,2025-07-26,尿液,陰性,未檢出,無,30-39歲,男,0.0
4322,a031ab690ad93191,2025-05-13,尿液,陽性,嗎啡,一級,40-49歲,男,3.0
4323,197d206b64d2d5b7,2025-07-23,尿液,陰性,未檢出,無,40-49歲,男,0.0
4324,1709f6b80574f167,2025-03-31,尿液,陰性,未檢出,無,40-49歲,男,0.0
4325,219c74d613ecd739,2025-04-21,尿液,陰性,未檢出,無,40-49歲,男,0.0
4326,0ecf27421462efd1,2025-10-22,尿液,陰性,未檢出,無,60歲以上,男,0.0
4327,cd2e54f3b8de3dd7,2025-11-24,尿液,陽性,安非他命,二級,40-49歲,男,2.0
4328,683db342b192a70e,2025-03-31,尿液,陰性,未檢出,無,30-39歲,女,0.0
4329,0a35530cfea9df3e,2025-07-05,尿液,陽性,安非他命,二級,30-39歲,男,2.0
4330,e089f8fa93bb8bfe,2025-12-18,尿液,陰性,未檢出,無,19歲以下,男,0.0
4331,92ab4e1d901fbda7,2025-01-15,尿液,陰性,未檢出,無,50-59歲,女,0.0
4332,370c2b6bed9a7bdd,2025-03-20,尿液,陰性,未檢出,無,40-49歲,女,0.0
4333,d3d3f39e564e09d1,2025-08-13,尿液,陰性,未檢出,無,30-39歲,男,0.0
4334,c77dd44e53b8f4d6,2025-06-22,尿液,陰性,未檢出,無,50-59歲,男,0.0
4335,a3e1995dc2e81e06,2025-11-08,尿液,陰性,未檢出,無,40-49歲,男,0.0
4336,7c777b9ba882adfc,2025-07-19,尿液,陰性,未檢出,無,30-39歲,男,0.0
4337,1d60b1e46a4c9e7d,2025-11-10,尿液,陰性,未檢出,無,50-59歲,男,0.0
4338,de653b357b6cd53f,2025-12-23,尿液,陰性,未檢出,無,50-59歲,男,0.0
4339,cd9fec4ff705c0ec,2025-11-09,尿液,陰性,未檢出,無,40-49歲,男,0.0
4340,f6f85ed74f4f43a0,2025-12-14,尿液,陰性,未檢出,無,50-59歲,男,0.0
4341,baf47227ee95f828,2025-04-23,尿液,陰性,未檢出,無,40-49歲,男,0.0
4342,bc7b1845c8a9a04f,2025-03-22,尿液,陰性,未檢出,無,50-59歲,男,0.0
4343,0b9c774a2a65c93c,2025-07-22,尿液,陰性,未檢出,無,30-39歲,男,0.0
4344,f410744a7d79b2a3,2025-07-10,血液,陽性,安非他命,二級,50-59歲,女,2.0
4345,41181e579f92d649,2025-10-12,尿液,陽性,甲基安非他命,二級,40-49歲,男,2.0
4346,0a7c8aacedb4693f,2025-01-29,尿液,陰性,未檢出,無,30-39歲,男,0.0
4347,f9c00d5e75a082f6,2025-07-02,血液,陽性,愷他命,三級,40-49歲,女,1.0
4348,247aae49fe56df45,2025-01-25,尿液,陰性,未檢出,無,30-39歲,男,0.0
4349,9df8f3aec7458dc0,2025-05-19,尿液,陰性,未檢出,無,40-49歲,男,0.0
4350,391b0e31fc7bcb49,2025-05-21,尿液,陽性,甲基安非他命,二級,30-39歲,男,2.0
4351,1ced31eaafc3e909,2025-03-21,尿液,陰性,未檢出,無,40-49歲,男,0.0
4352,9a4d474989d65f9b,2025-06-26,尿液,陰性,未檢出,無,40-49歲,女,0.0
4353,4d07d066a19803fc,2025-05-10,尿液,陰性,未檢出,無,60歲以上,男,0.0
4354,306769fea81bd51c,2025-04-28,尿液,陰性,未檢出,無,50-59歲,男,0.0
4355,e76373c984697f72,2025-09-27,尿液,陰性,未檢出,無,40-49歲,男,0.0
4356,6ecbf519b5c5496f,2025-11-30,尿液,陰性,未檢出,無,50-59歲,男,0.0
4357,540930f5da02be64,2025-04-06,尿液,陰性,未檢出,無,50-59歲,女,0.0
4358,66d6e061f7625f47,2025-10-05,尿液,陰性,未檢出,無,50-59歲,女,0.0
4359,36658dae6143bf7f,2025-09-08,尿液,陰性,未檢出,無,40-49歲,男,0.0
4360,db1f253c182ddfb0,2025-04-21,尿液,陰性,未檢出,無,20-29歲,女,0.0
4361,d1f04a6dfb79adcc,2025-01-23,血液,陰性,未檢出,無,30-39歲,女,0.0
4362,534c1a622b63b0a7,2025-09-22,尿液,陰性,未檢出,無,30-39歲,男,0.0
4363,07b662e600fd744c,2025-10-31,尿液,陰性,未檢出,無,50-59歲,男,0.0
4364,efe6fda1212b8df6,2025-04-26,尿液,陰性,未檢出,無,40-49歲,男,0.0
4365,09096a9a1d5d881a,2025-10-12,尿液,陽性,安非他命,二級,40-49歲,女,2.0
4366,0be87e6cadf7c76c,2025-09-13,尿液,陰性,未檢出,無,30-39歲,女,0.0
4367,4925ec59f859b44a,2025-11-18,血液,陰性,未檢出,無,60歲以上,男,0.0
4368,e1f0babe2854cf90,2025-05-10,尿液,陰性,未檢出,無,50-59歲,男,0.0
4369,d8136e5f9629a102,2025-02-03,尿液,陰性,未檢出,無,50-59歲,男,0.0
4370,47ec5489a6e330d5,2025-02-11,尿液,陰性,未檢出,無,60歲以上,男,0.0
4371,42827e8e4f5e52b9,2025-07-30,尿液,陰性,未檢出,無,50-59歲,男,0.0
4372,10c6e2eac529331e,2025-03-24,尿液,陽性,安非他命,二級,40-49歲,男,2.0
4373,89db85241e54a0a7,2025-05-12,尿液,陰性,未檢出,無,40-49歲,女,0.0
4374,c4f6eb9cbac2b0b3,2025-02-08,尿液,陰性,未檢出,無,30-39歲,男,0.0
4375,050eba6466cf0330,2025-12-17,尿液,陽性,甲基安非他命,二級,40-49歲,男,2.0
4376,b72e8866e5258ee0,2025-01-25,尿液,陰性,未檢出,無,20-29歲,男,0.0
4377,0a0b0384d9fa110a,2025-08-14,尿液,陽性,甲基安非他命,二級,40-49歲,女,2.0
4378,835c48bacc25721d,2025-02-21,尿液,陰性,未檢出,無,40-49歲,男,0.0
4379,2e014ddbc4973365,2025-04-08,尿液,陰性,未檢出,無,20-29歲,男,0.0
4380,fe7f299f053c621d,2025-05-17,尿液,陽性,愷他命,三級,50-59歲,男,1.0
4381,49bbe517f85294eb,2025-10-29,尿液,陰性,未檢出,無,30-39歲,男,0.0
4382,dbd520972e8b9a38,2025-09-08,尿液,陰性,未檢出,無,30-39歲,男,0.0
4383,26b7cca18fded5dc,2025-07-10,尿液,陰性,未檢出,無,30-39歲,男,0.0
4384,6172cd03fd9dc1dc,2025-01-10,血液,陰性,未檢出,無,40-49歲,男,0.0
4385,b74a021782080071,2025-11-18,尿液,陰性,未檢出,無,30-39歲,男,0.0
4386,9d670f9918456dea,2025-08-18,尿液,陽性,愷他命,三級,20-29歲,男,1.0
4387,6f8f97b080b1b8f4,2025-07-05,尿液,陽性,安非他命,二級,30-39歲,男,2.0
4388,f57d998a5c939a34,2025-08-24,尿液,陰性,未檢出,無,50-59歲,女,0.0
4389,f107b77795a75511,2025-09-23,尿液,陰性,未檢出,無,50-59歲,女,0.0
4390,6473a6a17255c041,2025-10-25,尿液,陰性,未檢出,無,40-49歲,女,0.0
4391,2cf113f0aa649e50,2025-05-20,尿液,陰性,未檢出,無,50-59歲,男,0.0
4392,243aa053f4a8273f,2025-10-19,尿液,陰性,未檢出,無,20-29歲,男,0.0
4393,c8e56b918ca8d5d5,2025-09-26,尿液,陰性,未檢出,無,40-49歲,女,0.0
4394,0e4670832d235496,2025-03-01,尿液,陰性,未檢出,無,40-49歲,男,0.0
4395,9d5e1f3416bcd5d1,2025-08-04,血液,陰性,未檢出,無,60歲以上,男,0.0
4396,ab85f500eee7c06b,2025-07-24,尿液,陰性,未檢出,無,40-49歲,男,0.0
4397,9c61992f1e262e0e,2025-01-02,血液,陰性,未檢出,無,20-29歲,女,0.0
4398,19eea892eb0f49ac,2025-03-25,尿液,陽性,甲基安非他命,二級,50-59歲,男,2.0
4399,a81123e421bf9dbc,2025-11-15,尿液,陰性,未檢出,無,60歲以上,男,0.0
4400,ecfc50e139af446d,2025-07-25,尿液,陰性,未檢出,無,40-49歲,男,0.0
4401,bc6cd354abc7e822,2025-08-12,尿液,陽性,甲基安非他命,二級,60歲以上,男,2.0
4402,1020c7f20757ec56,2025-07-18,尿液,陰性,未檢出,無,20-29歲,女,0.0
4403,5ab536de41e97bad,2025-09-29,尿液,陰性,未檢出,無,30-39歲,男,0.0
4404,3d0d92de1153fbdc,2025-10-24,尿液,陽性,甲基安非他命,二級,50-59歲,男,2.0
4405,649ec36e54cea9a7,2025-11-05,尿液,陰性,未檢出,無,40-49歲,男,0.0
4406,df7310b25b1a2c9b,2025-03-06,尿液,陰性,未檢出,無,30-39歲,男,0.0
4407,25f51d0309a0b9b6,2025-12-05,血液,陰性,未檢出,無,60歲以上,女,0.0
4408,3796db227992e7f0,2025-07-07,尿液,陰性,未檢出,無,50-59歲,男,0.0
4409,2e4185303ab58f9a,2025-10-11,尿液,陽性,甲基安非他命,二級,40-49歲,女,2.0
4410,022e4449162a9608,2025-04-04,尿液,陰性,未檢出,無,60歲以上,男,0.0
4411,6f76a8a67b72bd44,2025-04-13,尿液,陰性,未檢出,無,50-59歲,男,0.0
4412,06e89d78f98b202e,2025-03-24,尿液,陰性,未檢出,無,50-59歲,男,0.0
4413,6270e4445d797b44,2025-11-25,尿液,陰性,未檢出,無,50-59歲,男,0.0
4414,96606564e80261b9,2025-11-14,尿液,陰性,未檢出,無,40-49歲,男,0.0
4415,0de93685838f0295,2025-01-20,尿液,陰性,未檢出,無,30-39歲,女,0.0
4416,46825f946b96656e,2025-08-23,尿液,陰性,未檢出,無,30-39歲,男,0.0
4417,440a8d65e0fcc934,2025-09-11,尿液,陽性,嗎啡,一級,30-39歲,男,3.0
4418,35f6ac1510212659,2025-02-11,尿液,陰性,未檢出,無,30-39歲,男,0.0
4419,2897d4ec03133f1d,2025-03-08,尿液,陰性,未檢出,無,50-59歲,男,0.0
4420,eadd5f2e6b2320a7,2025-07-21,尿液,陰性,未檢出,無,20-29歲,男,0.0
4421,dd5ec29e9b7a4092,2025-11-27,尿液,陰性,未檢出,無,30-39歲,男,0.0
4422,6ecb85d075ccaeb8,2025-02-13,尿液,陰性,未檢出,無,60歲以上,男,0.0
4423,64c3adc58b8c5fb9,2025-08-09,尿液,陰性,未檢出,無,40-49歲,男,0.0
4424,5183e2c1866cf48d,2025-03-02,尿液,陰性,未檢出,無,40-49歲,女,0.0
4425,7fd33edac0f4bf8a,2025-10-27,尿液,陰性,未檢出,無,50-59歲,男,0.0
4426,b5da27b23e850bde,2025-01-02,尿液,陰性,未檢出,無,40-49歲,男,0.0
4427,bfae050db918eafd,2025-01-05,尿液,陰性,未檢出,無,60歲以上,男,0.0
4428,2af90b7750cf4264,2025-10-11,尿液,陰性,未檢出,無,50-59歲,男,0.0
4429,d17e06a92f21b85f,2025-04-13,尿液,陰性,未檢出,無,50-59歲,男,0.0
4430,b3ae1249dab3d908,2025-09-25,尿液,陰性,未檢出,無,40-49歲,男,0.0
4431,74e75073451eed2a,2025-05-22,血液,陰性,未檢出,無,50-59歲,男,0.0
4432,6eea79ff312b3741,2025-09-06,尿液,陰性,未檢出,無,50-59歲,男,0.0
4433,6a320d4151f09eb0,2025-03-31,尿液,陰性,未檢出,無,60歲以上,男,0.0
4434,0ead4fe482911e4b,2025-08-02,血液,陰性,未檢出,無,30-39歲,男,0.0
4435,1946172f1c46af68,2025-11-10,尿液,陰性,未檢出,無,30-39歲,男,0.0
4436,997c85f594c66665,2025-09-25,尿液,陰性,未檢出,無,40-49歲,男,0.0
4437,71475f13eaf1c375,2025-07-19,尿液,陽性,安非他命,二級,40-49歲,男,2.0
4438,cc8c66840f4a42ca,2025-11-06,尿液,陽性,甲基安非他命,二級,50-59歲,女,2.0
4439,60060844715eafb1,2025-02-13,尿液,陰性,未檢出,無,40-49歲,女,0.0
4440,6f1b5772511104d0,2025-06-19,尿液,陰性,未檢出,無,50-59歲,女,0.0
4441,4e565e2d040bbd56,2025-09-02,尿液,陽性,愷他命,三級,40-49歲,女,1.0
4442,efbb05dd8262d107,2025-11-20,血液,陰性,未檢出,無,30-39歲,男,0.0
4443,898d005a64a36eb6,2025-11-27,尿液,陰性,未檢出,無,20-29歲,男,0.0
4444,64d19a060616a926,2025-11-14,尿液,陰性,未檢出,無,50-59歲,男,0.0
4445,9b163c5fd0d26c24,2025-04-17,尿液,陽性,甲基安非他命,二級,60歲以上,女,2.0
4446,3ebaff25d6c18889,2025-01-13,尿液,陰性,未檢出,無,50-59歲,男,0.0
4447,94068f530e143b77,2025-07-17,尿液,陽性,甲基安非他命,二級,40-49歲,男,2.0
4448,204c8f308210c214,2025-09-01,尿液,陰性,未檢出,無,30-39歲,男,0.0
4449,ce596347fd8add90,2025-05-22,尿液,陰性,未檢出,無,60歲以上,男,0.0
4450,3176fb515b772d9b,2025-04-07,尿液,陽性,甲基安非他命,二級,40-49歲,男,2.0
4451,a58c28f67099328c,2025-12-10,尿液,陰性,未檢出,無,30-39歲,女,0.0
4452,5e2613e2a69d691a,2025-12-26,尿液,陽性,安非他命,二級,20-29歲,男,2.0
4453,43be54d1b9bdc154,2025-05-20,尿液,陰性,未檢出,無,60歲以上,男,0.0
4454,36884bbf0c98a4f1,2025-04-09,尿液,陰性,未檢出,無,20-29歲,男,0.0
4455,444a8cdcc962200d,2025-10-22,血液,陰性,未檢出,無,40-49歲,男,0.0
4456,f6253df26ef40f01,2025-05-02,尿液,陰性,未檢出,無,30-39歲,男,0.0
4457,0f526729a65b0fdb,2025-10-16,尿液,陽性,安非他命,二級,60歲以上,男,2.0
4458,9ac19ad6ed6612c6,2025-11-16,血液,陰性,未檢出,無,50-59歲,男,0.0
4459,d07e58b42651fb5f,2025-08-21,尿液,陰性,未檢出,無,30-39歲,男,0.0
4460,f9775075fbdde340,2025-07-01,尿液,陰性,未檢出,無,40-49歲,男,0.0
4461,50b3af7ffdac92de,2025-05-07,尿液,陰性,未檢出,無,20-29歲,男,0.0
4462,38381ccc5d558b69,2025-10-31,尿液,陽性,甲基安非他命,二級,60歲以上,男,2.0
4463,0907fa31ae58404e,2025-06-28,尿液,陰性,未檢出,無,60歲以上,男,0.0
4464,04046781df012579,2025-05-22,尿液,陰性,未檢出,無,50-59歲,男,0.0
4465,e4dd6cb5174b7151,2025-06-20,尿液,陰性,未檢出,無,50-59歲,女,0.0
4466,d9e3c6c4f20f6cf9,2025-06-02,尿液,陰性,未檢出,無,40-49歲,女,0.0
4467,923170425fe35ee3,2025-02-02,尿液,陰性,未檢出,無,30-39歲,男,0.0
4468,ae7e82826cb73d61,2025-10-07,尿液,陽性,甲基安非他命,二級,30-39歲,男,2.0
4469,83e740fb4fe90e7b,2025-11-26,血液,陰性,未檢出,無,60歲以上,男,0.0
4470,7387f6c3b0da049f,2025-06-03,尿液,陰性,未檢出,無,20-29歲,女,0.0
4471,18b303b1cc88b80c,2025-02-18,尿液,陰性,未檢出,無,60歲以上,男,0.0
4472,38ea2f33a61e225b,2025-11-19,尿液,陰性,未檢出,無,40-49歲,女,0.0
4473,3ccc9ddd8f9ff7a8,2025-04-14,尿液,陰性,未檢出,無,30-39歲,男,0.0
4474,f35db0728099c339,2025-09-19,尿液,陰性,未檢出,無,30-39歲,男,0.0
4475,9b1637f5648cea2a,2025-06-19,尿液,陽性,愷他命,三級,40-49歲,男,1.0
4476,0487b1da102d54e4,2025-01-01,血液,陰性,未檢出,無,40-49歲,男,0.0
4477,b1202871c09e7fd4,2025-04-26,尿液,陰性,未檢出,無,19歲以下,男,0.0
4478,7784bcf7765de5c1,2025-01-20,尿液,陽性,甲基安非他命,二級,40-49歲,男,2.0
4479,f00a58106c647ff7,2025-01-28,尿液,陽性,甲基安非他命,二級,30-39歲,男,2.0
4480,db05bc43dab188c3,2025-03-25,血液,陰性,未檢出,無,50-59歲,男,0.0
4481,50fdcd2cc952d8db,2025-01-07,尿液,陰性,未檢出,無,50-59歲,男,0.0
4482,20db7f5f5f3ac96a,2025-06-26,尿液,陰性,未檢出,無,40-49歲,男,0.0
4483,de226e8fbaa2c78c,2025-04-14,尿液,陰性,未檢出,無,20-29歲,男,0.0
4484,faa8922a3b83edcf,2025-06-21,尿液,陰性,未檢出,無,20-29歲,男,0.0
4485,33250e5cae4ec3b9,2025-11-26,尿液,陰性,未檢出,無,50-59歲,男,0.0
4486,b4fd411bb9e3a734,2025-05-13,尿液,陰性,未檢出,無,50-59歲,男,0.0
4487,68da14373bd9ae8d,2025-07-23,尿液,陰性,未檢出,無,40-49歲,男,0.0
4488,df8240b411c01f49,2025-05-26,尿液,陰性,未檢出,無,40-49歲,男,0.0
4489,ed25c7daf26d7e10,2025-10-15,尿液,陽性,甲基安非他命,二級,40-49歲,女,2.0
4490,a4032a8719d50b2e,2025-06-08,尿液,陰性,未檢出,無,50-59歲,男,0.0
4491,5670c36c934ccc11,2025-07-16,尿液,陰性,未檢出,無,30-39歲,男,0.0
4492,294daf3e725a74d0,2025-08-02,尿液,陰性,未檢出,無,50-59歲,男,0.0
4493,8995af480a8ae861,2025-09-29,尿液,陽性,甲基安非他命,二級,60歲以上,男,2.0
4494,a791f7345e01ff38,2025-12-03,尿液,陽性,安非他命,二級,50-59歲,男,2.0
4495,dbeb16784863334e,2025-03-01,尿液,陰性,未檢出,無,40-49歲,男,0.0
4496,29e08bf0c7ab27d7,2025-10-04,尿液,陰性,未檢出,無,50-59歲,男,0.0
4497,41ed751a6a06def2,2025-03-23,尿液,陰性,未檢出,無,40-49歲,男,0.0
4498,d23aff164b2bb2e4,2025-10-21,尿液,陽性,愷他命,三級,40-49歲,男,1.0
4499,174022cd7d61f8ac,2025-05-01,尿液,陽性,安非他命,二級,50-59歲,男,2.0
4500,49dfea41d7abfd58,2025-04-15,尿液,陽性,嗎啡,一級,40-49歲,男,3.0
4501,ba4539d7b79b0508,2025-04-29,尿液,陰性,未檢出,無,40-49歲,男,0.0
4502,b4a7bce124255a76,2025-10-04,尿液,陰性,未檢出,無,19歲以下,男,0.0
4503,ca356a18b6d90ed1,2025-04-17,尿液,陰性,未檢出,無,19歲以下,女,0.0
4504,de14ce31f3705d72,2025-01-27,尿液,陽性,甲基安非他命,二級,40-49歲,男,2.0
4505,fd68a51009d97d34,2025-11-01,尿液,陰性,未檢出,無,50-59歲,男,0.0
4506,c7527a7430699155,2025-05-08,尿液,陽性,愷他命,三級,40-49歲,男,1.0
4507,337658e881b3fe7d,2025-07-23,血液,陰性,未檢出,無,30-39歲,男,0.0
4508,99568949df03ebf5,2025-02-23,尿液,陰性,未檢出,無,30-39歲,女,0.0
4509,3a40c592c3a8df0f,2025-03-01,尿液,陰性,未檢出,無,50-59歲,男,0.0
4510,b295d1f0b35a823d,2025-12-23,血液,陰性,未檢出,無,30-39歲,女,0.0
4511,7a8ddbc775a9b7d4,2025-08-21,尿液,陰性,未檢出,無,40-49歲,男,0.0
4512,0ff1d585946019ec,2025-10-17,尿液,陰性,未檢出,無,50-59歲,男,0.0
4513,d3d14c62ef6b4717,2025-07-06,尿液,陽性,安非他命,二級,30-39歲,女,2.0
4514,74cea5061ac43499,2025-12-23,尿液,陽性,安非他命,二級,50-59歲,男,2.0
4515,8f844cacbecda1f5,2025-09-29,尿液,陰性,未檢出,無,50-59歲,男,0.0
4516,01aa21f2e6328380,2025-05-18,尿液,陰性,未檢出,無,20-29歲,男,0.0
4517,880d88d541cc5193,2025-06-02,尿液,陰性,未檢出,無,40-49歲,男,0.0
4518,96641830fdaea380,2025-05-17,尿液,陰性,未檢出,無,50-59歲,男,0.0
4519,31ff627db0171ff8,2025-03-13,尿液,陰性,未檢出,無,50-59歲,男,0.0
4520,47e8fcc84a68f730,2025-09-09,尿液,陽性,甲基安非他命,二級,30-39歲,男,2.0
4521,2f309cd2e372e0e2,2025-01-14,尿液,陽性,嗎啡,一級,40-49歲,男,3.0
4522,9e455176cff9eb26,2025-06-26,血液,陰性,未檢出,無,50-59歲,女,0.0
4523,a54708174a937f23,2025-03-17,尿液,陽性,安非他命,二級,40-49歲,男,2.0
4524,b7d17991ce7ca20d,2025-07-20,尿液,陽性,甲基安非他命,二級,60歲以上,男,2.0
4525,996b41a11e7520b6,2025-09-28,尿液,陰性,未檢出,無,30-39歲,女,0.0
4526,c750590f881c6cc1,2025-11-25,尿液,陰性,未檢出,無,40-49歲,男,0.0
4527,84d901cd83c5368c,2025-12-24,尿液,陰性,未檢出,無,20-29歲,男,0.0
4528,2577716c17b18b13,2025-12-04,尿液,陰性,未檢出,無,50-59歲,男,0.0
4529,5b8ab92351acdcf9,2025-09-20,尿液,陰性,未檢出,無,40-49歲,女,0.0
4530,d2e7753e2f42df9c,2025-07-09,尿液,陰性,未檢出,無,50-59歲,男,0.0
4531,91e952f6c5e00662,2025-08-27,尿液,陰性,未檢出,無,40-49歲,女,0.0
4532,6a08ca871e003ab9,2025-10-11,尿液,陽性,嗎啡,一級,30-39歲,男,3.0
4533,9f56aaed04457254,2025-03-07,尿液,陰性,未檢出,無,50-59歲,男,0.0
4534,22c77e1a409cc20e,2025-05-04,尿液,陰性,未檢出,無,20-29歲,男,0.0
4535,6decb0c4eb4761cc,2025-07-20,尿液,陽性,甲基安非他命,二級,40-49歲,男,2.0
4536,0cffec2b1691ce40,2025-12-15,尿液,陽性,安非他命,二級,20-29歲,男,2.0
4537,d34fc4bac4f18ec4,2025-10-04,尿液,陰性,未檢出,無,30-39歲,男,0.0
4538,4f0f8c4ea9af71b0,2025-10-21,尿液,陽性,安非他命,二級,40-49歲,女,2.0
4539,3b1a1abc80497902,2025-08-11,尿液,陰性,未檢出,無,40-49歲,男,0.0
4540,3b0894d9b4d092fc,2025-12-15,尿液,陰性,未檢出,無,40-49歲,男,0.0
4541,b3268b30db9f491e,2025-04-21,尿液,陽性,甲基安非他命,二級,50-59歲,男,2.0
4542,aee0a5e5848b88c4,2025-07-03,尿液,陽性,安非他命,二級,40-49歲,男,2.0
4543,6532d627e9d944cc,2025-03-29,尿液,陰性,未檢出,無,40-49歲,女,0.0
4544,b3f71c8e42cbbe0e,2025-10-16,尿液,陰性,未檢出,無,40-49歲,男,0.0
4545,f8efa02225937b77,2025-06-24,尿液,陰性,未檢出,無,50-59歲,男,0.0
4546,3d668584ed826f42,2025-07-12,尿液,陰性,未檢出,無,40-49歲,男,0.0
4547,03b204f1d0da10f7,2025-03-11,尿液,陰性,未檢出,無,20-29歲,男,0.0
4548,ef391afc93ebdf86,2025-09-04,尿液,陰性,未檢出,無,40-49歲,男,0.0
4549,076b41ce3e09e3b2,2025-05-05,尿液,陰性,未檢出,無,30-39歲,男,0.0
4550,40c85c00034d2def,2025-11-10,尿液,陽性,安非他命,二級,50-59歲,男,2.0
4551,91bd369c51bfbe0a,2025-06-23,尿液,陰性,未檢出,無,50-59歲,男,0.0
4552,70611fbc577f37b3,2025-05-05,尿液,陽性,甲基安非他命,二級,30-39歲,女,2.0
4553,40a1deb48bfeba84,2025-12-18,尿液,陰性,未檢出,無,60歲以上,男,0.0
4554,7dd6ec11331e8710,2025-10-18,尿液,陰性,未檢出,無,60歲以上,男,0.0
4555,ccd2a7509b30d8da,2025-07-10,尿液,陰性,未檢出,無,20-29歲,女,0.0
4556,53d9d27f48a0440e,2025-07-05,尿液,陽性,愷他命,三級,40-49歲,男,1.0
4557,931647eb8c0ff4cb,2025-10-15,尿液,陽性,安非他命,二級,40-49歲,男,2.0
4558,aab8c8cb991e3b35,2025-09-22,尿液,陰性,未檢出,無,40-49歲,男,0.0
4559,601223458ca50501,2025-11-21,尿液,陰性,未檢出,無,50-59歲,男,0.0
4560,88c68a09e77afb3e,2025-12-24,尿液,陰性,未檢出,無,30-39歲,男,0.0
4561,3c6356f57ed502e5,2025-05-03,尿液,陰性,未檢出,無,20-29歲,女,0.0
4562,e0fd07c20e618d4b,2025-10-13,尿液,陰性,未檢出,無,40-49歲,女,0.0
4563,8ad69f02e31c0a35,2025-09-17,尿液,陽性,甲基安非他命,二級,20-29歲,男,2.0
4564,5f2b27e5340d8b1a,2025-09-07,尿液,陽性,甲基安非他命,二級,50-59歲,男,2.0
4565,07a6572eea365016,2025-12-01,尿液,陰性,未檢出,無,30-39歲,男,0.0
4566,57fbea15f4fae1fa,2025-02-01,尿液,陰性,未檢出,無,50-59歲,男,0.0
4567,f501b08317204522,2025-12-24,尿液,陽性,甲基安非他命,二級,30-39歲,男,2.0
4568,5cc6c9c060ede069,2025-09-13,尿液,陽性,安非他命,二級,19歲以下,男,2.0
4569,94e9f8ae9f864617,2025-08-15,尿液,陰性,未檢出,無,30-39歲,男,0.0
4570,69da15c9ca627f80,2025-08-21,尿液,陰性,未檢出,無,40-49歲,男,0.0
4571,0feca0212f4b1ee6,2025-09-24,尿液,陰性,未檢出,無,30-39歲,男,0.0
4572,c631d462fb3afae2,2025-04-07,尿液,陰性,未檢出,無,40-49歲,男,0.0
4573,a1c9cc5526cfc904,2025-07-03,尿液,陰性,未檢出,無,40-49歲,男,0.0
4574,5195d61e300f9293,2025-01-09,尿液,陰性,未檢出,無,40-49歲,男,0.0
4575,515aa1575813a8ef,2025-06-06,血液,陰性,未檢出,無,30-39歲,男,0.0
4576,b5582f45e10ce9ff,2025-02-17,尿液,陰性,未檢出,無,60歲以上,男,0.0
4577,00495be6dc14f0d6,2025-04-26,尿液,陰性,未檢出,無,20-29歲,男,0.0
4578,1224a24a2593be45,2025-03-17,尿液,陰性,未檢出,無,50-59歲,女,0.0
4579,14568391054617f2,2025-02-13,尿液,陰性,未檢出,無,30-39歲,男,0.0
4580,36cfd0990f6d64f1,2025-04-17,尿液,陰性,未檢出,無,30-39歲,男,0.0
4581,0a616c5d8833fd35,2025-09-01,尿液,陰性,未檢出,無,40-49歲,男,0.0
4582,b369a82fee016d88,2025-10-09,尿液,陽性,安非他命,二級,40-49歲,男,2.0
4583,e130af1e0434bf55,2025-07-30,尿液,陰性,未檢出,無,50-59歲,男,0.0
4584,6f2b3fdc0439265c,2025-12-21,尿液,陰性,未檢出,無,40-49歲,男,0.0
4585,d24e08c916997eba,2025-12-28,血液,陰性,未檢出,無,60歲以上,男,0.0
4586,1872d90221438146,2025-09-17,尿液,陰性,未檢出,無,30-39歲,男,0.0
4587,07a8c01a5a5fb7a4,2025-11-14,尿液,陰性,未檢出,無,50-59歲,男,0.0
4588,17243f541c961882,2025-12-29,尿液,陰性,未檢出,無,40-49歲,男,0.0
4589,c2ee89e8b1c5a000,2025-11-25,尿液,陽性,安非他命,二級,50-59歲,女,2.0
4590,e1ecc9d16c22becd,2025-08-10,尿液,陰性,未檢出,無,60歲以上,男,0.0
4591,d4b61009c531fa86,2025-01-13,尿液,陰性,未檢出,無,50-59歲,男,0.0
4592,8767553c21ee51fe,2025-11-16,尿液,陰性,未檢出,無,50-59歲,男,0.0
4593,ed7f02c05bc7acf3,2025-02-13,尿液,陰性,未檢出,無,40-49歲,女,0.0
4594,127b2a90419627c6,2025-11-16,尿液,陰性,未檢出,無,60歲以上,男,0.0
4595,e2d975b3edec5a2c,2025-06-14,尿液,陰性,未檢出,無,50-59歲,女,0.0
4596,2bea14dd2b7d6b45,2025-01-20,尿液,陰性,未檢出,無,40-49歲,男,0.0
4597,b731324ddf3c44fd,2025-01-01,尿液,陰性,未檢出,無,19歲以下,男,0.0
4598,b80e43ec76a548e9,2025-04-07,尿液,陽性,安非他命,二級,30-39歲,男,2.0
4599,28d5434971de3a26,2025-03-11,尿液,陰性,未檢出,無,60歲以上,男,0.0
4600,8a30f580eaadc8a1,2025-12-18,尿液,陰性,未檢出,無,60歲以上,男,0.0
4601,58bf3b17d29bc920,2025-08-13,尿液,陽性,愷他命,三級,20-29歲,男,1.0
4602,5ab1a340fe9db4bb,2025-03-08,尿液,陰性,未檢出,無,20-29歲,男,0.0
4603,3b49a7533ce9694a,2025-03-09,尿液,陰性,未檢出,無,40-49歲,男,0.0
4604,c632a2a121ed4f6c,2025-05-16,尿液,陰性,未檢出,無,30-39歲,男,0.0
4605,fb6bc374d29827a9,2025-05-10,尿液,陰性,未檢出,無,50-59歲,男,0.0
4606,ac254855d4040ea7,2025-09-22,尿液,陰性,未檢出,無,40-49歲,男,0.0
4607,6eddcbfb28c98cef,2025-10-10,尿液,陽性,嗎啡,一級,50-59歲,男,3.0
4608,06a6dd644d35d61c,2025-12-08,血液,陰性,未檢出,無,50-59歲,男,0.0
4609,d1e214163b2bff43,2025-12-09,尿液,陰性,未檢出,無,60歲以上,男,0.0
4610,3fdb8a78a6ee0f88,2025-10-04,尿液,陽性,甲基安非他命,二級,19歲以下,男,2.0
4611,d694fdb10792b299,2025-10-10,尿液,陰性,未檢出,無,40-49歲,男,0.0
4612,828ef8a61d4545c9,2025-12-24,尿液,陰性,未檢出,無,30-39歲,男,0.0
4613,ec9661a7305823c3,2025-02-23,尿液,陰性,未檢出,無,20-29歲,男,0.0
4614,0b7c85f58be773b2,2025-12-24,尿液,陰性,未檢出,無,40-49歲,女,0.0
4615,e19bbf7fbb7a502b,2025-02-10,尿液,陽性,甲基安非他命,二級,40-49歲,男,2.0
4616,3ff602548ed24270,2025-10-10,尿液,陰性,未檢出,無,30-39歲,女,0.0
4617,80b6c5ddd53bfc26,2025-04-19,尿液,陰性,未檢出,無,50-59歲,男,0.0
4618,b23736dc20705a15,2025-11-16,尿液,陰性,未檢出,無,19歲以下,男,0.0
4619,41c0708ff285be2c,2025-11-14,尿液,陰性,未檢出,無,50-59歲,男,0.0
4620,5889b75344b37bf8,2025-08-16,尿液,陰性,未檢出,無,60歲以上,男,0.0
4621,d073b917bbb40231,2025-09-12,尿液,陽性,愷他命,三級,20-29歲,男,1.0
4622,013bd23cfe9c2cf7,2025-03-05,尿液,陰性,未檢出,無,40-49歲,男,0.0
4623,52401c541e811e14,2025-09-16,尿液,陰性,未檢出,無,40-49歲,男,0.0
4624,8b8d27394c6e2f5c,2025-05-29,尿液,陰性,未檢出,無,40-49歲,男,0.0
4625,ed1f678502f1d390,2025-09-19,尿液,陰性,未檢出,無,30-39歲,女,0.0
4626,8cf4b41e30e8a515,2025-06-02,尿液,陽性,甲基安非他命,二級,40-49歲,男,2.0
4627,1b1535a3c3fec62f,2025-01-14,尿液,陰性,未檢出,無,50-59歲,男,0.0
4628,5ea029359b63a04a,2025-06-27,尿液,陰性,未檢出,無,19歲以下,男,0.0
4629,7e882d9b06e5051a,2025-11-12,尿液,陰性,未檢出,無,40-49歲,男,0.0
4630,24e5698d80585ab7,2025-05-05,尿液,陰性,未檢出,無,20-29歲,女,0.0
4631,76b1bc84f2a245c6,2025-05-18,尿液,陰性,未檢出,無,50-59歲,男,0.0
4632,7f322462248767cf,2025-05-09,尿液,陰性,未檢出,無,30-39歲,男,0.0
4633,25b8d904050b7e76,2025-10-10,尿液,陰性,未檢出,無,20-29歲,男,0.0
4634,a623d8198bc38309,2025-07-25,尿液,陰性,未檢出,無,40-49歲,男,0.0
4635,3d1aa0f45de2575c,2025-03-23,尿液,陰性,未檢出,無,60歲以上,男,0.0
4636,06cf00ebbf60b499,2025-03-11,尿液,陰性,未檢出,無,40-49歲,男,0.0
4637,08b2273fad8d8487,2025-06-21,血液,陰性,未檢出,無,40-49歲,男,0.0
4638,bf3efa51f82ffe8e,2025-12-28,血液,陽性,嗎啡,一級,30-39歲,男,3.0
4639,54f44dcf575333cd,2025-01-20,尿液,陰性,未檢出,無,30-39歲,男,0.0
4640,acf52e1f78c1a5e6,2025-10-23,尿液,陰性,未檢出,無,50-59歲,男,0.0
4641,1e94f99ffbd4eac5,2025-03-05,尿液,陰性,未檢出,無,30-39歲,男,0.0
4642,92d00c4046a20f9e,2025-10-16,尿液,陰性,未檢出,無,50-59歲,男,0.0
4643,e2f6324597a55723,2025-12-09,尿液,陰性,未檢出,無,40-49歲,男,0.0
4644,c21b5c4155bb1287,2025-02-21,尿液,陽性,嗎啡,一級,50-59歲,男,3.0
4645,ad5822908e3e6a5a,2025-04-21,尿液,陰性,未檢出,無,50-59歲,男,0.0
4646,d19a6a33072a3ee6,2025-03-01,血液,陽性,嗎啡,一級,60歲以上,男,3.0
4647,a5e392e756c599dd,2025-07-10,尿液,陰性,未檢出,無,40-49歲,男,0.0
4648,80a2284ce76f707f,2025-11-24,尿液,陰性,未檢出,無,50-59歲,男,0.0
4649,8d676a10216f3fdd,2025-03-29,尿液,陰性,未檢出,無,20-29歲,男,0.0
4650,f75b17f0d27e3e43,2025-10-19,尿液,陰性,未檢出,無,40-49歲,男,0.0
4651,4dc6cf9d4c38dd47,2025-02-22,尿液,陰性,未檢出,無,40-49歲,男,0.0
4652,22336434f3086c03,2025-11-26,尿液,陽性,甲基安非他命,二級,30-39歲,男,2.0
4653,e2e21eb700d69c89,2025-05-04,尿液,陽性,安非他命,二級,40-49歲,男,2.0
4654,5a0687634712c4ef,2025-03-13,尿液,陽性,甲基安非他命,二級,60歲以上,男,2.0
4655,387020c730398e0a,2025-08-03,尿液,陰性,未檢出,無,60歲以上,男,0.0
4656,edc100c4e17f46d4,2025-03-07,尿液,陽性,甲基安非他命,二級,40-49歲,男,2.0
4657,4ccdbe821b4bf858,2025-06-11,血液,陰性,未檢出,無,40-49歲,女,0.0
4658,8ef14c928f5cde9e,2025-03-28,尿液,陽性,甲基安非他命,二級,40-49歲,男,2.0
4659,4506885acd3932a8,2025-01-02,尿液,陰性,未檢出,無,30-39歲,男,0.0
4660,8d75e335cdfaff3e,2025-07-31,尿液,陰性,未檢出,無,40-49歲,男,0.0
4661,9c1cc23a5ca46116,2025-05-12,尿液,陽性,愷他命,三級,40-49歲,女,1.0
4662,7cb0ec3afbb40938,2025-05-16,尿液,陰性,未檢出,無,40-49歲,女,0.0
4663,65c7e072dfab6f08,2025-10-07,尿液,陰性,未檢出,無,30-39歲,男,0.0
4664,154420b0d2153769,2025-05-31,尿液,陰性,未檢出,無,40-49歲,男,0.0
4665,6f1a4c4c9d027227,2025-12-25,尿液,陰性,未檢出,無,60歲以上,女,0.0
4666,65489c775b081868,2025-08-10,尿液,陰性,未檢出,無,40-49歲,男,0.0
4667,a6b9a0e07f1baa6c,2025-09-05,尿液,陰性,未檢出,無,50-59歲,女,0.0
4668,1fff5d613d936e02,2025-09-28,血液,陰性,未檢出,無,30-39歲,男,0.0
4669,9bdf47ed387183aa,2025-06-07,尿液,陰性,未檢出,無,50-59歲,男,0.0
4670,4f81feee3296cf2b,2025-03-18,尿液,陰性,未檢出,無,50-59歲,男,0.0
4671,ca8193569956fd5d,2025-10-03,尿液,陽性,甲基安非他命,二級,40-49歲,男,2.0
4672,222ee4e2d6de1265,2025-04-22,尿液,陰性,未檢出,無,60歲以上,男,0.0
4673,e4f1cb2e4282b761,2025-03-19,尿液,陰性,未檢出,無,20-29歲,男,0.0
4674,82f6365c6e47b530,2025-05-19,尿液,陽性,安非他命,二級,40-49歲,男,2.0
4675,614bf377d069fefa,2025-09-06,尿液,陽性,愷他命,三級,50-59歲,男,1.0
4676,b1a2b550fcf4516b,2025-08-16,尿液,陰性,未檢出,無,40-49歲,女,0.0
4677,d7582deb28ef6211,2025-04-14,尿液,陰性,未檢出,無,50-59歲,男,0.0
4678,0efffdfe15476bc9,2025-06-23,尿液,陽性,安非他命,二級,40-49歲,男,2.0
4679,49a2f02f15fc098a,2025-02-25,尿液,陽性,安非他命,二級,30-39歲,女,2.0
4680,9d6eda20757a5780,2025-01-04,血液,陽性,安非他命,二級,50-59歲,男,2.0
4681,74205360bda030e1,2025-11-01,尿液,陰性,未檢出,無,50-59歲,男,0.0
4682,6d7fbf41d409260e,2025-04-02,血液,陰性,未檢出,無,40-49歲,男,0.0
4683,5f16078b00de1415,2025-07-11,尿液,陰性,未檢出,無,20-29歲,男,0.0
4684,2700c237781bc296,2025-10-10,尿液,陰性,未檢出,無,50-59歲,男,0.0
4685,8bfcdec460719587,2025-07-07,尿液,陰性,未檢出,無,20-29歲,女,0.0
4686,5d152e86deb303af,2025-04-05,尿液,陰性,未檢出,無,30-39歲,男,0.0
4687,3f1236f1a67940df,2025-12-25,尿液,陽性,甲基安非他命,二級,20-29歲,女,2.0
4688,105094a2e63ee7ae,2025-10-24,尿液,陰性,未檢出,無,50-59歲,男,0.0
4689,957f4c4f2ad86fff,2025-11-01,尿液,陰性,未檢出,無,40-49歲,女,0.0
4690,e0998dec6990c6a6,2025-09-23,尿液,陰性,未檢出,無,20-29歲,男,0.0
4691,e14f45d83c88fe5d,2025-11-28,血液,陽性,甲基安非他命,二級,60歲以上,男,2.0
4692,ade36f273581ef8d,2025-08-23,尿液,陰性,未檢出,無,40-49歲,男,0.0
4693,7a78c2690e8ab6d3,2025-05-25,尿液,陰性,未檢出,無,60歲以上,男,0.0
4694,78815bba35f5412b,2025-02-04,尿液,陽性,甲基安非他命,二級,50-59歲,女,2.0
4695,559621391229888d,2025-08-26,尿液,陰性,未檢出,無,50-59歲,男,0.0
4696,52658ac8d133c763,2025-05-23,尿液,陰性,未檢出,無,50-59歲,男,0.0
4697,11878b128788c2a0,2025-01-02,尿液,陽性,安非他命,二級,50-59歲,男,2.0
4698,0558a5ed42b0b736,2025-11-03,尿液,陰性,未檢出,無,40-49歲,男,0.0
4699,c4e01b90406d297d,2025-01-31,尿液,陰性,未檢出,無,40-49歲,男,0.0
4700,86164a506c3cf025,2025-02-01,尿液,陰性,未檢出,無,19歲以下,女,0.0
4701,10e5302604919356,2025-08-17,尿液,陰性,未檢出,無,30-39歲,男,0.0
4702,adfc3857b53f240f,2025-05-26,尿液,陰性,未檢出,無,20-29歲,男,0.0
4703,fe12e8cf0003b575,2025-03-13,血液,陰性,未檢出,無,60歲以上,男,0.0
4704,b280aa1050e334dd,2025-01-23,尿液,陰性,未檢出,無,50-59歲,男,0.0
4705,1fe62a50e4211dce,2025-03-16,尿液,陽性,甲基安非他命,二級,50-59歲,男,2.0
4706,3144ff8983d12b41,2025-12-13,尿液,陰性,未檢出,無,60歲以上,男,0.0
4707,cb9397948b7e17d6,2025-08-14,尿液,陰性,未檢出,無,30-39歲,男,0.0
4708,f83ba0af30fe3bfc,2025-02-07,尿液,陰性,未檢出,無,40-49歲,女,0.0
4709,cbcb3e1c96ade8b0,2025-09-06,尿液,陰性,未檢出,無,20-29歲,男,0.0
4710,74de100f5464f70d,2025-11-09,尿液,陰性,未檢出,無,50-59歲,男,0.0
4711,3b254ddfec6d5ddd,2025-06-13,尿液,陽性,甲基安非他命,二級,40-49歲,男,2.0
4712,95c5bf6193d2e577,2025-02-18,尿液,陰性,未檢出,無,40-49歲,男,0.0
4713,e7f7d1eb62e0a53e,2025-01-06,尿液,陽性,甲基安非他命,二級,30-39歲,男,2.0
4714,8e70bd36a6623f67,2025-04-15,尿液,陰性,未檢出,無,40-49歲,男,0.0
4715,2421e8e35fd309b3,2025-09-04,尿液,陰性,未檢出,無,40-49歲,男,0.0
4716,0950c0cc12afcbf8,2025-02-07,血液,陽性,安非他命,二級,30-39歲,女,2.0
4717,71440583cdbb12d4,2025-01-03,尿液,陰性,未檢出,無,30-39歲,男,0.0
4718,6e820ff318937816,2025-06-07,尿液,陰性,未檢出,無,50-59歲,男,0.0
4719,48bfe66e98ef6fee,2025-08-10,尿液,陰性,未檢出,無,30-39歲,男,0.0
4720,ac37e1636d867ffc,2025-10-09,尿液,陰性,未檢出,無,40-49歲,男,0.0
4721,e8a1e404b1300e98,2025-08-14,尿液,陰性,未檢出,無,60歲以上,男,0.0
4722,b112fa588cfedd65,2025-12-29,尿液,陰性,未檢出,無,50-59歲,男,0.0
4723,520a72ff15647a0a,2025-11-27,尿液,陰性,未檢出,無,40-49歲,女,0.0
4724,bdf9193859cab22b,2025-06-02,尿液,陰性,未檢出,無,40-49歲,女,0.0
4725,da91a0a353cda080,2025-10-26,尿液,陰性,未檢出,無,30-39歲,男,0.0
4726,eda7567589522927,2025-11-29,尿液,陰性,未檢出,無,40-49歲,男,0.0
4727,b1c36f6bd13fe112,2025-10-14,尿液,陽性,愷他命,三級,40-49歲,男,1.0
4728,632105f437f811e7,2025-12-29,尿液,陰性,未檢出,無,40-49歲,男,0.0
4729,e73a87245641f218,2025-03-29,尿液,陰性,未檢出,無,40-49歲,女,0.0
4730,ef1bea8446225277,2025-09-08,尿液,陽性,愷他命,三級,30-39歲,男,1.0
4731,c7dde5a1e2155653,2025-06-29,尿液,陽性,愷他命,三級,40-49歲,男,1.0
4732,b8d4c87b27c5c81a,2025-09-10,尿液,陰性,未檢出,無,40-49歲,男,0.0
4733,baebae42360a017d,2025-09-07,尿液,陽性,安非他命,二級,30-39歲,男,2.0
4734,5969e24c3a4d852b,2025-09-01,尿液,陰性,未檢出,無,50-59歲,男,0.0
4735,a202d442f9f2d254,2025-06-04,尿液,陰性,未檢出,無,60歲以上,男,0.0
4736,cba5370265ece0e1,2025-07-16,尿液,陰性,未檢出,無,50-59歲,男,0.0
4737,7ab494a09bb9d23d,2025-04-19,尿液,陽性,甲基安非他命,二級,40-49歲,男,2.0
4738,95882d707d4dd0e9,2025-08-27,尿液,陰性,未檢出,無,40-49歲,男,0.0
4739,fa0d1b6242e72868,2025-07-18,尿液,陰性,未檢出,無,60歲以上,男,0.0
4740,3c9586cd528c66e1,2025-03-03,尿液,陰性,未檢出,無,40-49歲,男,0.0
4741,7ff419d56009dbe9,2025-09-13,尿液,陰性,未檢出,無,40-49歲,男,0.0
4742,6733b7876a383ccd,2025-07-15,尿液,陰性,未檢出,無,30-39歲,女,0.0
4743,08ebe21863f5fa4c,2025-12-17,尿液,陽性,甲基安非他命,二級,50-59歲,男,2.0
4744,9d3722a35880034d,2025-12-02,尿液,陰性,未檢出,無,40-49歲,男,0.0
4745,d4044dc3bbc59ece,2025-03-29,尿液,陰性,未檢出,無,50-59歲,男,0.0
4746,760d1fabbdcadacf,2025-06-07,尿液,陰性,未檢出,無,50-59歲,男,0.0
4747,53d58cbb952bbc30,2025-05-27,尿液,陰性,未檢出,無,50-59歲,男,0.0
4748,0c24a994e4bc6c03,2025-11-24,尿液,陽性,安非他命,二級,40-49歲,男,2.0
4749,8c463a5db748ca26,2025-07-02,尿液,陰性,未檢出,無,40-49歲,男,0.0
4750,d486e67198da9365,2025-07-25,尿液,陰性,未檢出,無,40-49歲,女,0.0
4751,fc724cae1cb797f1,2025-02-13,尿液,陰性,未檢出,無,40-49歲,男,0.0
4752,01cc072485d88443,2025-07-04,尿液,陰性,未檢出,無,50-59歲,男,0.0
4753,6cbeeb822cc99ab1,2025-10-14,尿液,陰性,未檢出,無,20-29歲,男,0.0
4754,0e19bbbbd9a4c44b,2025-01-24,尿液,陰性,未檢出,無,40-49歲,男,0.0
4755,2edca2daf654fb57,2025-08-04,尿液,陰性,未檢出,無,40-49歲,男,0.0
4756,6b7d751da64b40f2,2025-07-15,尿液,陰性,未檢出,無,50-59歲,女,0.0
4757,9fa38138dfe056d2,2025-03-31,尿液,陰性,未檢出,無,30-39歲,男,0.0
4758,2c9aa18d5434d089,2025-08-26,尿液,陰性,未檢出,無,50-59歲,女,0.0
4759,d34af21f8501a880,2025-05-11,尿液,陰性,未檢出,無,40-49歲,女,0.0
4760,7899407df5f47705,2025-03-16,尿液,陽性,安非他命,二級,40-49歲,男,2.0
4761,169b6ec29ce72ddc,2025-09-22,尿液,陽性,甲基安非他命,二級,50-59歲,男,2.0
4762,65e3500c24c4bf28,2025-04-07,血液,陰性,未檢出,無,30-39歲,男,0.0
4763,954db2022abf11f8,2025-02-13,尿液,陽性,愷他命,三級,60歲以上,男,1.0
4764,a47650c117c57d43,2025-11-11,尿液,陰性,未檢出,無,50-59歲,男,0.0
4765,1fbab5e6ae1f4ea2,2025-06-13,尿液,陰性,未檢出,無,30-39歲,男,0.0
4766,71b34450f28a31e9,2025-01-30,尿液,陰性,未檢出,無,40-49歲,男,0.0
4767,ec6ecaee10f012ae,2025-12-18,尿液,陰性,未檢出,無,40-49歲,男,0.0
4768,97b00373a75c5d3c,2025-06-04,尿液,陰性,未檢出,無,60歲以上,男,0.0
4769,cb26d7b2520bb1c4,2025-06-12,尿液,陽性,安非他命,二級,20-29歲,男,2.0
4770,5762c91b593db529,2025-07-23,尿液,陰性,未檢出,無,50-59歲,男,0.0
4771,64b29b1ee9b901c1,2025-08-18,尿液,陰性,未檢出,無,40-49歲,男,0.0
4772,f7bbf15daa4ced2d,2025-11-18,尿液,陽性,愷他命,三級,50-59歲,女,1.0
4773,ac0a2c081c0b652b,2025-10-17,尿液,陰性,未檢出,無,40-49歲,男,0.0
4774,751536ea2bcde967,2025-11-15,血液,陽性,安非他命,二級,50-59歲,男,2.0
4775,26bfc47234475830,2025-01-20,尿液,陰性,未檢出,無,40-49歲,女,0.0
4776,1b81c3189b95127b,2025-12-28,尿液,陰性,未檢出,無,30-39歲,男,0.0
4777,96b12b6fac611463,2025-08-16,尿液,陽性,甲基安非他命,二級,50-59歲,男,2.0
4778,423492dc1b766213,2025-10-29,尿液,陰性,未檢出,無,50-59歲,男,0.0
4779,b66bdb17d2e04bbf,2025-04-10,尿液,陽性,愷他命,三級,30-39歲,男,1.0
4780,3a2659ab224d62ef,2025-04-03,尿液,陰性,未檢出,無,40-49歲,男,0.0
4781,f5c53fdaff96faf6,2025-12-27,尿液,陽性,甲基安非他命,二級,40-49歲,男,2.0
4782,63f0e90fd6d5adbc,2025-03-19,尿液,陰性,未檢出,無,20-29歲,男,0.0
4783,60f5f3cb7c65529d,2025-07-13,尿液,陰性,未檢出,無,40-49歲,男,0.0
4784,24e4bbb73a9d2dc8,2025-10-13,尿液,陽性,愷他命,三級,40-49歲,男,1.0
4785,d268203307eccdc4,2025-09-03,尿液,陰性,未檢出,無,30-39歲,男,0.0
4786,407f3a20f22949d9,2025-11-20,尿液,陰性,未檢出,無,50-59歲,男,0.0
4787,193d813006dc3c34,2025-12-30,血液,陰性,未檢出,無,19歲以下,女,0.0
4788,63b4db6fe5fb7c26,2025-07-18,尿液,陰性,未檢出,無,50-59歲,男,0.0
4789,9ab18f902458efad,2025-04-17,尿液,陰性,未檢出,無,50-59歲,男,0.0
4790,bdfd746146f68988,2025-12-05,尿液,陽性,嗎啡,一級,50-59歲,男,3.0
4791,8285553f21c4c4ce,2025-03-23,尿液,陰性,未檢出,無,50-59歲,男,0.0
4792,87a743dfd64fb010,2025-10-23,尿液,陽性,安非他命,二級,50-59歲,男,2.0
4793,f5a29d9577413cd2,2025-02-09,尿液,陰性,未檢出,無,30-39歲,男,0.0
4794,81ab5c80ad384971,2025-05-14,尿液,陰性,未檢出,無,40-49歲,男,0.0
4795,64353289e0e8d02a,2025-09-22,尿液,陰性,未檢出,無,40-49歲,男,0.0
4796,5881661523fe0ec4,2025-11-16,尿液,陰性,未檢出,無,40-49歲,男,0.0
4797,1bbd5de534416e0f,2025-08-05,尿液,陰性,未檢出,無,40-49歲,男,0.0
4798,3aad51b4586fccdb,2025-06-26,尿液,陰性,未檢出,無,50-59歲,男,0.0
4799,83faa75f56e97ede,2025-05-25,尿液,陽性,甲基安非他命,二級,50-59歲,男,2.0
4800,3301b4c6f49d602b,2025-09-22,尿液,陰性,未檢出,無,30-39歲,男,0.0
4801,c58c39fa7e0c1c38,2025-05-13,尿液,陽性,甲基安非他命,二級,50-59歲,女,2.0
4802,50962a2e46d62c21,2025-05-25,尿液,陽性,安非他命,二級,50-59歲,男,2.0
4803,9d2a8020fe34b74f,2025-04-07,尿液,陰性,未檢出,無,40-49歲,男,0.0
4804,b93627a52d0791b9,2025-09-22,尿液,陰性,未檢出,無,50-59歲,男,0.0
4805,ab7ac195db39d094,2025-11-17,尿液,陽性,嗎啡,一級,30-39歲,男,3.0
4806,391071790df9694e,2025-10-04,血液,陰性,未檢出,無,40-49歲,男,0.0
4807,29cdb092f221e5a5,2025-10-06,血液,陰性,未檢出,無,50-59歲,男,0.0
4808,3c274190ebc321cc,2025-04-27,尿液,陰性,未檢出,無,20-29歲,男,0.0
4809,0cafe76692be28e7,2025-05-06,血液,陰性,未檢出,無,40-49歲,男,0.0
4810,683d43ec55b78f94,2025-07-09,血液,陽性,愷他命,三級,60歲以上,男,1.0
4811,77810b101e7b8c58,2025-09-08,尿液,陰性,未檢出,無,30-39歲,女,0.0
4812,7471bab919ca4ff0,2025-09-22,尿液,陰性,未檢出,無,50-59歲,男,0.0
4813,83f8454a5e5d7a98,2025-06-20,尿液,陰性,未檢出,無,50-59歲,男,0.0
4814,ca49cf7735f26dd0,2025-03-15,血液,陽性,甲基安非他命,二級,19歲以下,男,2.0
4815,0054295520f51f4c,2025-01-24,尿液,陰性,未檢出,無,40-49歲,男,0.0
4816,f9dcb5e69a6519ce,2025-11-07,尿液,陰性,未檢出,無,50-59歲,女,0.0
4817,48b4f3b00e66a40a,2025-09-23,尿液,陰性,未檢出,無,60歲以上,男,0.0
4818,07e79aacad940c4f,2025-09-14,血液,陰性,未檢出,無,40-49歲,女,0.0
4819,f9a707b59e09c688,2025-11-08,尿液,陰性,未檢出,無,50-59歲,男,0.0
4820,60bc6c855f78a068,2025-12-06,尿液,陰性,未檢出,無,20-29歲,女,0.0
4821,98e7406d040d4646,2025-04-21,尿液,陽性,安非他命,二級,30-39歲,男,2.0
4822,0101b56814f40be2,2025-11-18,尿液,陽性,甲基安非他命,二級,50-59歲,男,2.0
4823,123af431f3d2b2ce,2025-12-24,尿液,陰性,未檢出,無,50-59歲,男,0.0
4824,505aeeffd70a6e67,2025-05-28,血液,陰性,未檢出,無,40-49歲,男,0.0
4825,466947227de7f2c3,2025-05-20,尿液,陰性,未檢出,無,60歲以上,男,0.0
4826,56c86687d47aadfd,2025-06-07,尿液,陽性,安非他命,二級,60歲以上,女,2.0
4827,28686574d10c0ad7,2025-10-29,血液,陰性,未檢出,無,40-49歲,女,0.0
4828,98d70e64e922296e,2025-10-14,尿液,陰性,未檢出,無,20-29歲,男,0.0
4829,4b84591c32e888a6,2025-10-15,尿液,陰性,未檢出,無,20-29歲,男,0.0
4830,a29560bf312bd266,2025-12-21,尿液,陰性,未檢出,無,50-59歲,男,0.0
4831,038097bf8315fcf8,2025-08-28,尿液,陰性,未檢出,無,50-59歲,男,0.0
4832,23d13c0b75d961cb,2025-11-24,血液,陰性,未檢出,無,19歲以下,男,0.0
4833,1cea6c4ea625a28e,2025-04-07,尿液,陰性,未檢出,無,40-49歲,男,0.0
4834,772ae1bc33723042,2025-10-06,尿液,陽性,安非他命,二級,40-49歲,男,2.0
4835,a1639b1c4b22f015,2025-02-13,尿液,陰性,未檢出,無,40-49歲,男,0.0
4836,5dd494586891ef5f,2025-06-06,尿液,陰性,未檢出,無,40-49歲,男,0.0
4837,6028f1706a350208,2025-01-23,尿液,陰性,未檢出,無,30-39歲,男,0.0
4838,d238ae47fa114e47,2025-05-24,尿液,陰性,未檢出,無,60歲以上,男,0.0
4839,9b4a66c980279952,2025-04-13,尿液,陰性,未檢出,無,40-49歲,男,0.0
4840,42fa65da21e31565,2025-01-06,尿液,陽性,甲基安非他命,二級,40-49歲,男,2.0
4841,9e488c73c7a390e4,2025-03-04,尿液,陽性,愷他命,三級,40-49歲,女,1.0
4842,09f650552f83f4e3,2025-01-20,尿液,陰性,未檢出,無,20-29歲,男,0.0
4843,037caa17d857f6c0,2025-01-13,血液,陰性,未檢出,無,20-29歲,男,0.0
4844,7e2fa69ae9bba5a0,2025-09-06,尿液,陰性,未檢出,無,20-29歲,男,0.0
4845,d17fc0c392e1bcad,2025-06-06,尿液,陰性,未檢出,無,40-49歲,男,0.0
4846,14e341d4b0fefe7f,2025-10-13,尿液,陰性,未檢出,無,60歲以上,女,0.0
4847,b8188626dec235b4,2025-05-04,尿液,陽性,愷他命,三級,20-29歲,男,1.0
4848,8366f8740e00c586,2025-11-17,尿液,陰性,未檢出,無,50-59歲,女,0.0
4849,e0e508c1481a0a3e,2025-06-07,尿液,陽性,安非他命,二級,19歲以下,男,2.0
4850,5ca9487f6ef93736,2025-05-27,尿液,陰性,未檢出,無,30-39歲,男,0.0
4851,bd5085ec53cc48b8,2025-03-08,尿液,陰性,未檢出,無,40-49歲,男,0.0
4852,bcd35e0854dae756,2025-10-26,尿液,陽性,安非他命,二級,40-49歲,男,2.0
4853,e6f983b38a382f47,2025-04-05,尿液,陰性,未檢出,無,40-49歲,男,0.0
4854,ba3c878fbf97bcbb,2025-07-09,尿液,陰性,未檢出,無,50-59歲,男,0.0
4855,0cb67a66f2226c7f,2025-10-24,尿液,陰性,未檢出,無,60歲以上,男,0.0
4856,3058d85a952ecac6,2025-08-12,尿液,陰性,未檢出,無,40-49歲,女,0.0
4857,e9c811d200495fdf,2025-08-16,尿液,陰性,未檢出,無,40-49歲,男,0.0
4858,f9bad6d6893ea372,2025-10-09,尿液,陰性,未檢出,無,40-49歲,男,0.0
4859,71f0b33f011612d9,2025-01-25,尿液,陰性,未檢出,無,60歲以上,女,0.0
4860,2972fa004ba15730,2025-06-18,尿液,陽性,安非他命,二級,19歲以下,男,2.0
4861,66ec8777fbf352bd,2025-03-19,尿液,陽性,甲基安非他命,二級,50-59歲,男,2.0
4862,3f429e5e30ac869c,2025-12-01,尿液,陽性,安非他命,二級,19歲以下,女,2.0
4863,ae9c58347ff24a36,2025-10-29,尿液,陽性,甲基安非他命,二級,50-59歲,男,2.0
4864,5bf2b36f8fbbd2fa,2025-11-15,尿液,陰性,未檢出,無,20-29歲,男,0.0
4865,92b1086c870f4c2c,2025-08-26,尿液,陰性,未檢出,無,60歲以上,男,0.0
4866,8eaf1f14c283e2c3,2025-10-16,血液,陽性,愷他命,三級,40-49歲,男,1.0
4867,4776aecbbfce710d,2025-02-21,尿液,陽性,安非他命,二級,60歲以上,男,2.0
4868,d7d67d7ba11248cd,2025-02-07,尿液,陽性,甲基安非他命,二級,50-59歲,男,2.0
4869,14945967c5961843,2025-04-20,血液,陰性,未檢出,無,60歲以上,男,0.0
4870,498d38b3b1530908,2025-05-07,血液,陰性,未檢出,無,40-49歲,男,0.0
4871,8127ed8d802191e0,2025-05-05,血液,陰性,未檢出,無,40-49歲,男,0.0
4872,3754f319287d3391,2025-07-15,尿液,陰性,未檢出,無,20-29歲,女,0.0
4873,64a79e6762b877da,2025-08-23,尿液,陰性,未檢出,無,40-49歲,女,0.0
4874,bfb72b75ec823064,2025-01-12,尿液,陰性,未檢出,無,30-39歲,男,0.0
4875,65f8454b0c4332d6,2025-07-31,尿液,陰性,未檢出,無,30-39歲,男,0.0
4876,31bcc5994cfe30ee,2025-01-17,血液,陰性,未檢出,無,50-59歲,女,0.0
4877,87928478438f2294,2025-11-08,尿液,陰性,未檢出,無,30-39歲,男,0.0
4878,19d7b5a18593b5f4,2025-07-22,尿液,陽性,安非他命,二級,40-49歲,男,2.0
4879,e5f429c0610d0be1,2025-08-04,尿液,陰性,未檢出,無,40-49歲,男,0.0
4880,045c7b7070ff2c62,2025-03-15,尿液,陰性,未檢出,無,40-49歲,男,0.0
4881,4bc68bf240e59a0b,2025-06-03,血液,陰性,未檢出,無,50-59歲,女,0.0
4882,9882a021749e778c,2025-11-23,血液,陽性,愷他命,三級,30-39歲,男,1.0
4883,a263078168923aa8,2025-03-29,尿液,陽性,甲基安非他命,二級,30-39歲,男,2.0
4884,8b908f241f9dff7c,2025-11-01,尿液,陰性,未檢出,無,40-49歲,女,0.0
4885,e7ad4661941f8f84,2025-08-13,尿液,陰性,未檢出,無,50-59歲,女,0.0
4886,8092ae979d11cdbb,2025-02-12,尿液,陰性,未檢出,無,40-49歲,男,0.0
4887,c17c16de5b4e8001,2025-01-23,尿液,陰性,未檢出,無,40-49歲,女,0.0
4888,d617399df79b7e8a,2025-02-17,血液,陽性,甲基安非他命,二級,50-59歲,女,2.0
4889,03e6158e447b8b0c,2025-07-05,尿液,陰性,未檢出,無,40-49歲,男,0.0
4890,fb1789034baa1fd2,2025-06-29,尿液,陰性,未檢出,無,40-49歲,男,0.0
4891,c5f76d3acd38a36b,2025-07-03,血液,陰性,未檢出,無,20-29歲,男,0.0
4892,1992d02779f4afe2,2025-09-18,尿液,陽性,甲基安非他命,二級,30-39歲,男,2.0
4893,86a02fcc12d33aaf,2025-11-09,血液,陽性,安非他命,二級,40-49歲,男,2.0
4894,03e665b142ea4bff,2025-10-07,尿液,陽性,安非他命,二級,50-59歲,女,2.0
4895,e21ddf39fa40d9a3,2025-11-17,尿液,陰性,未檢出,無,30-39歲,男,0.0
4896,ca45526bd3b8551b,2025-03-25,尿液,陰性,未檢出,無,50-59歲,男,0.0
4897,c425784634d8a8e4,2025-08-03,尿液,陰性,未檢出,無,40-49歲,男,0.0
4898,090f0b41d3a011a9,2025-08-16,尿液,陰性,未檢出,無,40-49歲,男,0.0
4899,cfffdee4505b9a92,2025-12-04,尿液,陽性,甲基安非他命,二級,40-49歲,女,2.0
4900,02e341556f87b6ae,2025-11-11,尿液,陰性,未檢出,無,40-49歲,男,0.0
4901,ccd81879a33ac2ff,2025-11-10,尿液,陰性,未檢出,無,60歲以上,男,0.0
4902,f5c7faad7fdf3146,2025-11-24,尿液,陰性,未檢出,無,50-59歲,男,0.0
4903,d3fd9e79318602d0,2025-09-10,尿液,陰性,未檢出,無,60歲以上,男,0.0
4904,dad1e292c59d7287,2025-07-03,血液,陰性,未檢出,無,40-49歲,男,0.0
4905,4a5572594e5989ff,2025-03-27,尿液,陰性,未檢出,無,50-59歲,男,0.0
4906,c852be29fedcd5b8,2025-03-26,尿液,陽性,嗎啡,一級,40-49歲,男,3.0
4907,bc29f0860b930411,2025-05-13,尿液,陰性,未檢出,無,50-59歲,男,0.0
4908,00ac292a19e5e0bb,2025-10-09,尿液,陽性,愷他命,三級,40-49歲,男,1.0
4909,0c26af5fb184b109,2025-11-25,尿液,陰性,未檢出,無,50-59歲,男,0.0
4910,565c68618cd6f2c3,2025-08-16,尿液,陰性,未檢出,無,60歲以上,男,0.0
4911,8c05da31e44e7e9e,2025-09-02,尿液,陰性,未檢出,無,40-49歲,男,0.0
4912,84404c1f3a471ac0,2025-03-31,血液,陰性,未檢出,無,30-39歲,男,0.0
4913,9c4c89f3d8b6f96a,2025-12-17,尿液,陰性,未檢出,無,50-59歲,男,0.0
4914,851815f92380ebcc,2025-06-26,尿液,陰性,未檢出,無,50-59歲,男,0.0
4915,335cb86a6735d9f5,2025-03-03,血液,陰性,未檢出,無,30-39歲,女,0.0
4916,a6608e08e44009f0,2025-10-21,尿液,陰性,未檢出,無,50-59歲,男,0.0
4917,f5827d93a7ece9ac,2025-12-15,尿液,陽性,嗎啡,一級,30-39歲,男,3.0
4918,034f7d32caf0ddc1,2025-01-30,尿液,陰性,未檢出,無,40-49歲,女,0.0
4919,796082c84eb50307,2025-12-17,尿液,陰性,未檢出,無,50-59歲,男,0.0
4920,6bd222651035f0ee,2025-09-13,血液,陽性,安非他命,二級,40-49歲,男,2.0
4921,ccaf2a3f421f0be9,2025-04-04,尿液,陰性,未檢出,無,40-49歲,男,0.0
4922,4c82065d90e068ec,2025-03-15,尿液,陰性,未檢出,無,40-49歲,男,0.0
4923,d390ba2a8bb2da5b,2025-01-16,尿液,陰性,未檢出,無,40-49歲,男,0.0
4924,71701e5df0f85499,2025-12-12,尿液,陰性,未檢出,無,20-29歲,女,0.0
4925,d97143f4fdfb0108,2025-10-16,尿液,陰性,未檢出,無,30-39歲,女,0.0
4926,172b3119a7fcc75b,2025-08-15,尿液,陰性,未檢出,無,60歲以上,男,0.0
4927,768ded230035881e,2025-08-20,尿液,陰性,未檢出,無,30-39歲,男,0.0
4928,2502c7d1bfae7b4f,2025-07-05,尿液,陰性,未檢出,無,50-59歲,男,0.0
4929,d31de99c067718e1,2025-10-12,尿液,陽性,甲基安非他命,二級,40-49歲,男,2.0
4930,7099ec4ac51708ef,2025-02-17,尿液,陰性,未檢出,無,30-39歲,男,0.0
4931,d55d21c63c6c156d,2025-01-09,尿液,陰性,未檢出,無,40-49歲,女,0.0
4932,6f5b8337cc47be6b,2025-09-06,尿液,陰性,未檢出,無,40-49歲,男,0.0
4933,10b20c5cd533d9b6,2025-03-14,血液,陰性,未檢出,無,20-29歲,女,0.0
4934,7547617b01bf9835,2025-06-15,尿液,陰性,未檢出,無,40-49歲,男,0.0
4935,cf2717ec3e1ac1d4,2025-09-15,尿液,陰性,未檢出,無,19歲以下,男,0.0
4936,8e249ffeed6998e0,2025-08-02,尿液,陰性,未檢出,無,50-59歲,女,0.0
4937,c4ef789eb937affe,2025-04-09,尿液,陽性,安非他命,二級,40-49歲,男,2.0
4938,f368773b3d0a9131,2025-11-29,尿液,陰性,未檢出,無,30-39歲,男,0.0
4939,d0774f51c32a73c2,2025-09-17,尿液,陰性,未檢出,無,19歲以下,男,0.0
4940,099f7d76e50fa0a0,2025-06-03,尿液,陽性,甲基安非他命,二級,50-59歲,男,2.0
4941,0028e88a31d855d5,2025-01-21,尿液,陽性,安非他命,二級,40-49歲,男,2.0
4942,f6cd97d6709adabb,2025-01-24,尿液,陰性,未檢出,無,40-49歲,女,0.0
4943,cba54524d092665c,2025-11-16,尿液,陰性,未檢出,無,50-59歲,男,0.0
4944,71d8df7a6a873ce0,2025-09-01,尿液,陰性,未檢出,無,40-49歲,女,0.0
4945,3bc1882aa3cd6b2a,2025-07-17,尿液,陰性,未檢出,無,20-29歲,男,0.0
4946,ccd56cfd6ae5406d,2025-01-06,尿液,陰性,未檢出,無,20-29歲,男,0.0
4947,d080264db80afdae,2025-07-05,尿液,陰性,未檢出,無,50-59歲,男,0.0
4948,0d4c8aacbc9b3ec9,2025-06-13,尿液,陰性,未檢出,無,30-39歲,女,0.0
4949,b33c44ed764e2e78,2025-05-11,血液,陰性,未檢出,無,40-49歲,男,0.0
4950,ef53219e88d2cf28,2025-12-07,尿液,陰性,未檢出,無,50-59歲,男,0.0
4951,2230baf131a870c2,2025-04-22,尿液,陰性,未檢出,無,60歲以上,女,0.0
4952,05bb3e145862beba,2025-06-22,尿液,陰性,未檢出,無,40-49歲,男,0.0
4953,feb6b86234a0a163,2025-09-24,尿液,陰性,未檢出,無,40-49歲,男,0.0
4954,2ec0de72fb43b2d9,2025-03-10,血液,陰性,未檢出,無,40-49歲,男,0.0
4955,242891a2903625ab,2025-05-07,尿液,陰性,未檢出,無,20-29歲,男,0.0
4956,d094a459c27f6611,2025-08-09,尿液,陰性,未檢出,無,40-49歲,男,0.0
4957,3631cdee0ba115d0,2025-09-04,尿液,陰性,未檢出,無,50-59歲,男,0.0
4958,06f382a0c17d07e3,2025-12-14,尿液,陰性,未檢出,無,30-39歲,男,0.0
4959,dc9b8f5ce457f302,2025-01-21,尿液,陰性,未檢出,無,30-39歲,男,0.0
4960,ff251328d85b7673,2025-08-28,血液,陽性,甲基安非他命,二級,40-49歲,男,2.0
4961,e59caf34ec49d995,2025-10-03,尿液,陰性,未檢出,無,50-59歲,男,0.0
4962,bc30247ed595176d,2025-04-19,尿液,陽性,安非他命,二級,40-49歲,女,2.0
4963,2ea096804d29a3b3,2025-03-02,血液,陽性,愷他命,三級,40-49歲,男,1.0
4964,f053a29a2f822c74,2025-06-29,尿液,陽性,甲基安非他命,二級,40-49歲,男,2.0
4965,a1cebc1ff8d718c7,2025-08-08,尿液,陰性,未檢出,無,40-49歲,男,0.0
4966,672084ac9a543d83,2025-09-20,尿液,陰性,未檢出,無,40-49歲,女,0.0
4967,a9bf551b27aade47,2025-06-11,尿液,陰性,未檢出,無,40-49歲,男,0.0
4968,d7f430cb518cb18f,2025-03-23,尿液,陰性,未檢出,無,40-49歲,男,0.0
4969,518f6126894cf54b,2025-10-23,尿液,陰性,未檢出,無,50-59歲,男,0.0
4970,09b8863ffe19440f,2025-07-01,尿液,陰性,未檢出,無,30-39歲,男,0.0
4971,1df1ba3ad26dfb6c,2025-07-16,尿液,陰性,未檢出,無,20-29歲,女,0.0
4972,daf34f065bffcfb0,2025-05-22,尿液,陰性,未檢出,無,50-59歲,女,0.0
4973,7057995b0d2bf0de,2025-12-09,尿液,陰性,未檢出,無,50-59歲,男,0.0
4974,ec960f3d62b38dcd,2025-06-06,尿液,陰性,未檢出,無,20-29歲,男,0.0
4975,b0f5da24a6625154,2025-07-20,尿液,陰性,未檢出,無,19歲以下,女,0.0
4976,43e7f5ae53b31b5d,2025-09-06,尿液,陽性,安非他命,二級,50-59歲,男,2.0
4977,550a50ee79494539,2025-04-04,尿液,陰性,未檢出,無,60歲以上,男,0.0
4978,744904544f68d3b2,2025-08-21,尿液,陰性,未檢出,無,50-59歲,男,0.0
4979,4907cb2a3f3c7f07,2025-06-17,血液,陰性,未檢出,無,50-59歲,男,0.0
4980,011963f1a7ca172d,2025-10-04,尿液,陰性,未檢出,無,30-39歲,男,0.0
4981,f4df0173708c1379,2025-04-25,尿液,陰性,未檢出,無,40-49歲,女,0.0
4982,5ff2f589804273f7,2025-02-22,尿液,陰性,未檢出,無,60歲以上,男,0.0
4983,6f70bb76d24e1760,2025-04-30,尿液,陰性,未檢出,無,40-49歲,男,0.0
4984,fa1a1b8ebc3a2b70,2025-03-10,尿液,陰性,未檢出,無,40-49歲,女,0.0
4985,5b09aa0e9858fb01,2025-04-02,尿液,陽性,嗎啡,一級,30-39歲,男,3.0
4986,b552881cf4a40c77,2025-06-18,尿液,陰性,未檢出,無,30-39歲,男,0.0
4987,1f8c7c5c433303eb,2025-04-06,尿液,陽性,安非他命,二級,40-49歲,男,2.0
4988,97fbc146f98100a3,2025-02-22,尿液,陰性,未檢出,無,40-49歲,男,0.0
4989,d4c7a89842a28ed6,2025-04-23,尿液,陰性,未檢出,無,20-29歲,男,0.0
4990,67d74073ac75626d,2025-10-26,尿液,陽性,嗎啡,一級,40-49歲,男,3.0
4991,6f1f8fba16588350,2025-10-20,尿液,陽性,安非他命,二級,20-29歲,女,2.0
4992,3a92661c971979ff,2025-11-26,尿液,陰性,未檢出,無,50-59歲,男,0.0
4993,d40def46aad38b1e,2025-12-14,血液,陰性,未檢出,無,40-49歲,男,0.0
4994,adea759d49166454,2025-03-20,尿液,陰性,未檢出,無,30-39歲,男,0.0
4995,d0389cd59ea32f6f,2025-03-23,尿液,陽性,愷他命,三級,40-49歲,男,1.0
4996,4ac20e57267ee1d5,2025-10-12,尿液,陽性,甲基安非他命,二級,50-59歲,男,2.0
4997,3947fc1f06d705ae,2025-11-02,尿液,陰性,未檢出,無,50-59歲,男,0.0
4998,604de0775c0e38e2,2025-03-05,尿液,陰性,未檢出,無,60歲以上,男,0.0
4999,3fcf0403e4093fb7,2025-02-23,尿液,陰性,未檢出,無,50-59歲,男,0.0
5000,8fe2ecc74334853c,2025-10-31,尿液,陽性,安非他命,二級,50-59歲,男,2.0
