master_id,age_group,gender,drug_class,test_result
1,30-39歲,男,二級,陽性
2,20-29歲,男,無,陰性
3,50-59歲,男,無,陰性
4,30-39歲,男,無,陰性
5,19歲以下,男,無,陰性
6,30-39歲,女,無,陰性
7,50-59歲,女,一級,陽性
8,40-49歲,男,三級,陽性
9,50-59歲,男,無,陰性
10,19歲以下,女,一級,陽性
11,30-39歲,男,無,陰性
12,20-29歲,男,無,陰性
13,20-29歲,男,無,陰性
14,30-39歲,男,無,陰性
15,20-29歲,男,三級,陽性
16,40-49歲,男,一級,陽性
17,30-39歲,男,無,陰性
18,40-49歲,男,三級,陽性
19,50-59歲,男,無,陰性
20,60歲以上,男,無,陰性
21,40-49歲,男,無,陰性
22,40-49歲,男,無,陰性
23,50-59歲,女,無,陰性
24,50-59歲,男,無,陰性
25,50-59歲,男,無,陰性
26,40-49歲,男,無,陰性
27,60歲以上,男,無,陰性
28,40-49歲,男,無,陰性
29,40-49歲,男,無,陰性
30,40-49歲,女,無,陰性
31,50-59歲,男,二級,陽性
32,20-29歲,男,無,陰性
33,60歲以上,男,無,陰性
34,40-49歲,男,無,陰性
35,19歲以下,女,二級,陽性
36,30-39歲,男,無,陰性
37,19歲以下,男,無,陰性
38,40-49歲,女,無,陰性
39,40-49歲,男,二級,陽性
40,40-49歲,男,無,陰性
41,60歲以上,男,二級,陽性
42,40-49歲,男,無,陰性
43,20-29歲,女,無,陰性
44,50-59歲,男,無,陰性
45,20-29歲,男,無,陰性
46,50-59歲,女,無,陰性
47,40-49歲,男,無,陰性
48,50-59歲,男,二級,陽性
49,30-39歲,男,二級,陽性
50,30-39歲,男,無,陰性
51,40-49歲,男,無,陰性
52,60歲以上,男,無,陰性
53,30-39歲,男,無,陰性
54,50-59歲,男,無,陰性
55,30-39歲,男,二級,陽性
56,30-39歲,男,二級,陽性
57,19歲以下,男,無,陰性
58,60歲以上,女,無,陰性
59,40-49歲,男,一級,陽性
60,30-39歲,男,無,陰性
61,50-59歲,男,三級,陽性
62,30-39歲,男,無,陰性
63,60歲以上,男,無,陰性
64,40-49歲,男,無,陰性
65,30-39歲,男,無,陰性
66,30-39歲,女,無,陰性
67,50-59歲,男,二級,陽性
68,50-59歲,男,三級,陽性
69,30-39歲,男,二級,陽性
70,30-39歲,男,無,陰性
71,50-59歲,女,無,陰性
72,30-39歲,男,無,陰性
73,20-29歲,男,三級,陽性
74,60歲以上,男,無,陰性
75,50-59歲,男,二級,陽性
76,50-59歲,男,無,陰性
77,30-39歲,女,無,陰性
78,50-59歲,男,無,陰性
79,40-49歲,男,無,陰性
80,40-49歲,男,無,陰性
81,20-29歲,男,無,陰性
82,40-49歲,男,無,陰性
83,40-49歲,男,無,陰性
84,30-39歲,男,二級,陽性
85,50-59歲,男,二級,陽性
86,50-59歲,男,無,陰性
87,30-39歲,男,無,陰性
88,30-39歲,男,無,陰性
89,40-49歲,男,無,陰性
90,20-29歲,男,無,陰性
91,19歲以下,男,無,陰性
92,20-29歲,男,無,陰性
93,50-59歲,男,無,陰性
94,60歲以上,男,無,陰性
95,40-49歲,男,無,陰性
96,40-49歲,女,一級,陽性
97,40-49歲,男,無,陰性
98,50-59歲,男,無,陰性
99,50-59歲,男,二級,陽性
100,40-49歲,男,無,陰性
101,60歲以上,男,二級,陽性
102,30-39歲,男,無,陰性
103,40-49歲,男,無,陰性
104,40-49歲,男,一級,陽性
105,40-49歲,男,二級,陽性
106,40-49歲,男,無,陰性
107,60歲以上,男,無,陰性
108,20-29歲,男,無,陰性
109,40-49歲,男,無,陰性
110,30-39歲,男,無,陰性
111,40-49歲,男,無,陰性
112,50-59歲,男,無,陰性
113,30-39歲,男,二級,陽性
114,50-59歲,男,無,陰性
115,50-59歲,女,無,陰性
116,50-59歲,男,無,陰性
117,50-59歲,男,無,陰性
118,40-49歲,男,無,陰性
119,50-59歲,女,無,陰性
120,40-49歲,男,無,陰性
121,30-39歲,男,無,陰性
122,20-29歲,女,無,陰性
123,40-49歲,男,無,陰性
124,50-59歲,男,無,陰性
125,60歲以上,男,無,陰性
126,40-49歲,男,無,陰性
127,60歲以上,男,無,陰性
128,50-59歲,男,三級,陽性
129,50-59歲,男,無,陰性
130,40-49歲,男,無,陰性
131,30-39歲,男,無,陰性
132,40-49歲,男,無,陰性
133,50-59歲,女,無,陰性
134,40-49歲,男,無,陰性
135,60歲以上,男,二級,陽性
136,30-39歲,男,無,陰性
137,50-59歲,男,無,陰性
138,50-59歲,男,無,陰性
139,40-49歲,男,無,陰性
140,40-49歲,男,無,陰性
141,50-59歲,男,三級,陽性
142,50-59歲,男,二級,陽性
143,50-59歲,男,無,陰性
144,60歲以上,男,無,陰性
145,50-59歲,男,無,陰性
146,50-59歲,女,無,陰性
147,30-39歲,男,無,陰性
148,20-29歲,男,三級,陽性
149,50-59歲,男,二級,陽性
150,19歲以下,男,無,陰性
151,40-49歲,男,無,陰性
152,50-59歲,男,二級,陽性
153,50-59歲,男,無,陰性
154,50-59歲,男,無,陰性
155,40-49歲,男,二級,陽性
156,60歲以上,女,無,陰性
157,50-59歲,男,無,陰性
158,40-49歲,男,無,陰性
159,40-49歲,男,無,陰性
160,50-59歲,女,二級,陽性
161,30-39歲,男,無,陰性
162,20-29歲,男,無,陰性
163,60歲以上,女,無,陰性
164,30-39歲,男,無,陰性
165,50-59歲,男,無,陰性
166,40-49歲,男,無,陰性
167,40-49歲,男,三級,陽性
168,60歲以上,男,無,陰性
169,60歲以上,男,無,陰性
170,60歲以上,男,無,陰性
171,20-29歲,男,二級,陽性
172,60歲以上,女,無,陰性
173,50-59歲,男,無,陰性
174,50-59歲,男,無,陰性
175,40-49歲,女,無,陰性
176,50-59歲,男,二級,陽性
177,30-39歲,男,二級,陽性
178,50-59歲,男,無,陰性
179,19歲以下,男,二級,陽性
180,20-29歲,男,無,陰性
181,60歲以上,男,無,陰性
182,30-39歲,男,無,陰性
183,20-29歲,男,一級,陽性
184,40-49歲,男,無,陰性
185,40-49歲,男,無,陰性
186,50-59歲,男,無,陰性
187,40-49歲,男,無,陰性
188,60歲以上,女,無,陰性
189,40-49歲,男,無,陰性
190,20-29歲,男,無,陰性
191,40-49歲,男,無,陰性
192,40-49歲,男,二級,陽性
193,40-49歲,男,二級,陽性
194,40-49歲,男,無,陰性
195,50-59歲,男,無,陰性
196,40-49歲,男,二級,陽性
197,20-29歲,男,二級,陽性
198,60歲以上,男,二級,陽性
199,40-49歲,女,三級,陽性
200,20-29歲,女,無,陰性
201,60歲以上,男,無,陰性
202,50-59歲,男,無,陰性
203,19歲以下,男,無,陰性
204,20-29歲,男,無,陰性
205,20-29歲,女,無,陰性
206,40-49歲,男,無,陰性
207,60歲以上,男,三級,陽性
208,20-29歲,男,二級,陽性
209,30-39歲,男,無,陰性
210,50-59歲,男,無,陰性
211,30-39歲,男,二級,陽性
212,50-59歲,男,無,陰性
213,40-49歲,男,無,陰性
214,30-39歲,男,無,陰性
215,50-59歲,男,無,陰性
216,20-29歲,男,無,陰性
217,60歲以上,男,無,陰性
218,30-39歲,男,無,陰性
219,50-59歲,男,無,陰性
220,30-39歲,男,無,陰性
221,60歲以上,男,無,陰性
222,30-39歲,男,無,陰性
223,30-39歲,男,二級,陽性
224,50-59歲,男,無,陰性
225,40-49歲,男,二級,陽性
226,30-39歲,女,無,陰性
227,50-59歲,男,無,陰性
228,40-49歲,女,二級,陽性
229,20-29歲,男,無,陰性
230,60歲以上,男,無,陰性
231,50-59歲,男,無,陰性
232,50-59歲,男,無,陰性
233,30-39歲,男,二級,陽性
234,20-29歲,男,二級,陽性
235,50-59歲,男,無,陰性
236,50-59歲,男,二級,陽性
237,30-39歲,男,無,陰性
238,40-49歲,女,無,陰性
239,40-49歲,女,二級,陽性
240,60歲以上,男,無,陰性
241,40-49歲,女,一級,陽性
242,40-49歲,男,無,陰性
243,30-39歲,男,無,陰性
244,50-59歲,男,無,陰性
245,60歲以上,男,無,陰性
246,60歲以上,男,無,陰性
247,50-59歲,男,無,陰性
248,50-59歲,男,無,陰性
249,40-49歲,男,無,陰性
250,40-49歲,男,無,陰性
251,50-59歲,男,無,陰性
252,50-59歲,男,無,陰性
253,19歲以下,男,三級,陽性
254,50-59歲,男,無,陰性
255,60歲以上,男,無,陰性
256,30-39歲,男,無,陰性
257,50-59歲,男,無,陰性
258,30-39歲,男,無,陰性
259,40-49歲,男,三級,陽性
260,50-59歲,男,無,陰性
261,30-39歲,女,無,陰性
262,50-59歲,男,無,陰性
263,50-59歲,男,無,陰性
264,50-59歲,男,無,陰性
265,40-49歲,男,無,陰性
266,50-59歲,女,無,陰性
267,50-59歲,男,二級,陽性
268,40-49歲,男,無,陰性
269,30-39歲,男,無,陰性
270,40-49歲,女,無,陰性
271,40-49歲,男,無,陰性
272,50-59歲,男,無,陰性
273,50-59歲,男,無,陰性
274,40-49歲,男,無,陰性
275,20-29歲,男,無,陰性
276,50-59歲,男,無,陰性
277,20-29歲,女,無,陰性
278,20-29歲,男,無,陰性
279,40-49歲,男,一級,陽性
280,20-29歲,男,二級,陽性
281,40-49歲,男,無,陰性
282,40-49歲,女,二級,陽性
283,20-29歲,男,二級,陽性
284,40-49歲,男,無,陰性
285,40-49歲,男,二級,陽性
286,50-59歲,男,無,陰性
287,40-49歲,男,無,陰性
288,40-49歲,女,無,陰性
289,50-59歲,男,二級,陽性
290,40-49歲,男,無,陰性
291,50-59歲,男,二級,陽性
292,40-49歲,女,無,陰性
293,40-49歲,男,無,陰性
294,50-59歲,男,無,陰性
295,60歲以上,男,無,陰性
296,30-39歲,男,二級,陽性
297,40-49歲,男,無,陰性
298,50-59歲,男,無,陰性
299,30-39歲,女,二級,陽性
300,40-49歲,男,二級,陽性
301,40-49歲,男,二級,陽性
302,40-49歲,男,二級,陽性
303,50-59歲,男,無,陰性
304,40-49歲,男,無,陰性
305,60歲以上,女,無,陰性
306,30-39歲,女,無,陰性
307,50-59歲,女,無,陰性
308,19歲以下,男,二級,陽性
309,40-49歲,女,無,陰性
310,50-59歲,男,無,陰性
311,40-49歲,男,二級,陽性
312,19歲以下,女,無,陰性
313,50-59歲,男,無,陰性
314,30-39歲,男,無,陰性
315,40-49歲,男,二級,陽性
316,30-39歲,男,無,陰性
317,40-49歲,男,無,陰性
318,19歲以下,男,無,陰性
319,30-39歲,男,無,陰性
320,40-49歲,男,二級,陽性
321,40-49歲,男,無,陰性
322,40-49歲,男,二級,陽性
323,50-59歲,女,無,陰性
324,20-29歲,男,二級,陽性
325,40-49歲,女,無,陰性
326,50-59歲,男,三級,陽性
327,40-49歲,男,二級,陽性
328,40-49歲,男,無,陰性
329,30-39歲,男,無,陰性
330,30-39歲,男,無,陰性
331,20-29歲,男,無,陰性
332,40-49歲,男,一級,陽性
333,20-29歲,男,無,陰性
334,60歲以上,男,無,陰性
335,20-29歲,女,無,陰性
336,30-39歲,男,無,陰性
337,30-39歲,男,無,陰性
338,30-39歲,男,無,陰性
339,40-49歲,男,無,陰性
340,50-59歲,男,無,陰性
341,40-49歲,女,無,陰性
342,60歲以上,男,無,陰性
343,50-59歲,男,無,陰性
344,50-59歲,男,二級,陽性
345,30-39歲,男,無,陰性
346,40-49歲,男,無,陰性
347,30-39歲,男,無,陰性
348,30-39歲,男,無,陰性
349,40-49歲,男,無,陰性
350,40-49歲,女,一級,陽性
351,40-49歲,男,無,陰性
352,40-49歲,女,無,陰性
353,60歲以上,男,二級,陽性
354,20-29歲,女,無,陰性
355,50-59歲,男,無,陰性
356,40-49歲,男,無,陰性
357,40-49歲,男,無,陰性
358,40-49歲,男,無,陰性
359,60歲以上,男,三級,陽性
360,40-49歲,男,無,陰性
361,40-49歲,男,無,陰性
362,40-49歲,女,二級,陽性
363,30-39歲,男,一級,陽性
364,60歲以上,男,無,陰性
365,50-59歲,女,無,陰性
366,40-49歲,男,無,陰性
367,50-59歲,女,無,陰性
368,20-29歲,男,二級,陽性
369,40-49歲,男,無,陰性
370,40-49歲,男,無,陰性
371,40-49歲,男,無,陰性
372,50-59歲,男,無,陰性
373,50-59歲,男,無,陰性
374,60歲以上,女,無,陰性
375,40-49歲,男,無,陰性
376,20-29歲,女,無,陰性
377,50-59歲,男,無,陰性
378,40-49歲,男,無,陰性
379,40-49歲,男,無,陰性
380,40-49歲,男,無,陰性
381,50-59歲,男,無,陰性
382,20-29歲,男,無,陰性
383,40-49歲,男,無,陰性
384,50-59歲,女,無,陰性
385,50-59歲,女,無,陰性
386,50-59歲,男,三級,陽性
387,40-49歲,男,無,陰性
388,30-39歲,男,無,陰性
389,50-59歲,男,無,陰性
390,50-59歲,女,無,陰性
391,40-49歲,男,無,陰性
392,40-49歲,男,無,陰性
393,19歲以下,男,無,陰性
394,30-39歲,女,二級,陽性
395,40-49歲,男,無,陰性
396,30-39歲,男,無,陰性
397,40-49歲,男,無,陰性
398,50-59歲,男,無,陰性
399,60歲以上,男,無,陰性
400,40-49歲,男,二級,陽性
401,60歲以上,男,無,陰性
402,50-59歲,男,三級,陽性
403,60歲以上,男,無,陰性
404,20-29歲,男,無,陰性
405,40-49歲,男,無,陰性
406,30-39歲,男,無,陰性
407,40-49歲,男,二級,陽性
408,40-49歲,男,無,陰性
409,40-49歲,男,二級,陽性
410,20-29歲,男,無,陰性
411,40-49歲,男,二級,陽性
412,40-49歲,男,無,陰性
413,50-59歲,男,無,陰性
414,30-39歲,男,二級,陽性
415,40-49歲,男,二級,陽性
416,50-59歲,男,無,陰性
417,40-49歲,男,一級,陽性
418,30-39歲,女,無,陰性
419,40-49歲,男,無,陰性
420,20-29歲,男,無,陰性
421,40-49歲,男,無,陰性
422,40-49歲,男,無,陰性
423,20-29歲,男,無,陰性
424,60歲以上,男,無,陰性
425,40-49歲,男,二級,陽性
426,50-59歲,男,二級,陽性
427,50-59歲,女,無,陰性
428,60歲以上,男,無,陰性
429,60歲以上,男,無,陰性
430,19歲以下,男,無,陰性
431,40-49歲,男,無,陰性
432,60歲以上,男,二級,陽性
433,60歲以上,男,無,陰性
434,19歲以下,男,無,陰性
435,40-49歲,男,無,陰性
436,30-39歲,男,無,陰性
437,30-39歲,女,無,陰性
438,50-59歲,男,無,陰性
439,19歲以下,男,無,陰性
440,19歲以下,女,無,陰性
441,40-49歲,男,無,陰性
442,30-39歲,男,無,陰性
443,60歲以上,男,一級,陽性
444,30-39歲,男,無,陰性
445,40-49歲,男,二級,陽性
446,40-49歲,男,無,陰性
447,50-59歲,男,無,陰性
448,40-49歲,男,無,陰性
449,20-29歲,男,無,陰性
450,40-49歲,男,無,陰性
451,40-49歲,男,無,陰性
452,20-29歲,男,二級,陽性
453,30-39歲,男,無,陰性
454,60歲以上,男,無,陰性
455,60歲以上,女,無,陰性
456,60歲以上,男,無,陰性
457,20-29歲,男,一級,陽性
458,40-49歲,女,無,陰性
459,30-39歲,男,無,陰性
460,50-59歲,男,無,陰性
461,50-59歲,男,無,陰性
462,50-59歲,男,無,陰性
463,60歲以上,男,無,陰性
464,30-39歲,男,無,陰性
465,50-59歲,男,無,陰性
466,50-59歲,男,無,陰性
467,60歲以上,男,無,陰性
468,40-49歲,女,無,陰性
469,50-59歲,女,無,陰性
470,19歲以下,男,無,陰性
471,40-49歲,男,無,陰性
472,50-59歲,男,無,陰性
473,40-49歲,女,無,陰性
474,50-59歲,男,無,陰性
475,30-39歲,女,無,陰性
476,50-59歲,男,無,陰性
477,50-59歲,男,無,陰性
478,50-59歲,男,無,陰性
479,50-59歲,男,無,陰性
480,20-29歲,男,無,陰性
481,50-59歲,男,無,陰性
482,60歲以上,男,無,陰性
483,30-39歲,男,無,陰性
484,30-39歲,男,無,陰性
485,40-49歲,女,無,陰性
486,60歲以上,男,無,陰性
487,60歲以上,男,三級,陽性
488,60歲以上,男,無,陰性
489,50-59歲,男,二級,陽性
490,60歲以上,男,無,陰性
491,40-49歲,女,無,陰性
492,30-39歲,男,無,陰性
493,40-49歲,男,二級,陽性
494,50-59歲,男,三級,陽性
495,40-49歲,男,無,陰性
496,30-39歲,男,無,陰性
497,30-39歲,女,無,陰性
498,30-39歲,男,一級,陽性
499,20-29歲,女,二級,陽性
500,19歲以下,男,無,陰性
501,20-29歲,男,無,陰性
502,40-49歲,男,無,陰性
503,40-49歲,男,無,陰性
504,40-49歲,女,二級,陽性
505,40-49歲,男,無,陰性
506,60歲以上,女,無,陰性
507,40-49歲,男,無,陰性
508,60歲以上,男,無,陰性
509,50-59歲,男,二級,陽性
510,50-59歲,女,無,陰性
511,20-29歲,女,無,陰性
512,20-29歲,女,無,陰性
513,30-39歲,女,無,陰性
514,50-59歲,男,無,陰性
515,40-49歲,男,無,陰性
516,30-39歲,男,無,陰性
517,30-39歲,男,無,陰性
518,60歲以上,男,無,陰性
519,50-59歲,男,無,陰性
520,50-59歲,男,二級,陽性
521,20-29歲,男,無,陰性
522,30-39歲,男,無,陰性
523,40-49歲,女,無,陰性
524,50-59歲,男,無,陰性
525,40-49歲,女,無,陰性
526,20-29歲,男,無,陰性
527,60歲以上,男,無,陰性
528,40-49歲,男,無,陰性
529,50-59歲,男,無,陰性
530,40-49歲,男,一級,陽性
531,40-49歲,男,無,陰性
532,50-59歲,男,無,陰性
533,30-39歲,男,無,陰性
534,40-49歲,男,無,陰性
535,30-39歲,男,無,陰性
536,30-39歲,女,無,陰性
537,40-49歲,男,無,陰性
538,20-29歲,男,無,陰性
539,50-59歲,男,無,陰性
540,40-49歲,男,無,陰性
541,40-49歲,男,無,陰性
542,50-59歲,男,無,陰性
543,20-29歲,男,無,陰性
544,30-39歲,男,無,陰性
545,50-59歲,男,二級,陽性
546,60歲以上,男,無,陰性
547,20-29歲,男,無,陰性
548,50-59歲,女,無,陰性
549,40-49歲,男,無,陰性
550,30-39歲,男,無,陰性
551,30-39歲,男,二級,陽性
552,40-49歲,男,二級,陽性
553,50-59歲,男,二級,陽性
554,40-49歲,男,無,陰性
555,30-39歲,男,二級,陽性
556,40-49歲,男,無,陰性
557,50-59歲,男,二級,陽性
558,19歲以下,男,無,陰性
559,30-39歲,女,無,陰性
560,40-49歲,男,無,陰性
561,30-39歲,男,無,陰性
562,60歲以上,男,無,陰性
563,40-49歲,女,無,陰性
564,40-49歲,女,無,陰性
565,60歲以上,男,無,陰性
566,40-49歲,男,無,陰性
567,60歲以上,男,二級,陽性
568,50-59歲,女,無,陰性
569,30-39歲,男,無,陰性
570,40-49歲,女,無,陰性
571,50-59歲,男,無,陰性
572,40-49歲,男,無,陰性
573,40-49歲,男,二級,陽性
574,50-59歲,男,無,陰性
575,30-39歲,男,無,陰性
576,50-59歲,男,無,陰性
577,60歲以上,男,無,陰性
578,19歲以下,男,無,陰性
579,60歲以上,男,無,陰性
580,60歲以上,男,無,陰性
581,19歲以下,男,無,陰性
582,40-49歲,男,二級,陽性
583,30-39歲,男,無,陰性
584,60歲以上,男,三級,陽性
585,19歲以下,女,二級,陽性
586,20-29歲,女,無,陰性
587,40-49歲,男,無,陰性
588,40-49歲,男,無,陰性
589,40-49歲,男,無,陰性
590,50-59歲,男,二級,陽性
591,40-49歲,男,無,陰性
592,50-59歲,女,無,陰性
593,50-59歲,男,無,陰性
594,20-29歲,男,無,陰性
595,40-49歲,女,二級,陽性
596,60歲以上,男,無,陰性
597,60歲以上,女,無,陰性
598,19歲以下,男,無,陰性
599,40-49歲,男,無,陰性
600,50-59歲,女,三級,陽性
601,50-59歲,女,無,陰性
602,40-49歲,男,無,陰性
603,30-39歲,男,無,陰性
604,50-59歲,女,無,陰性
605,40-49歲,男,無,陰性
606,40-49歲,男,無,陰性
607,40-49歲,男,無,陰性
608,40-49歲,男,無,陰性
609,40-49歲,男,無,陰性
610,50-59歲,女,二級,陽性
611,40-49歲,女,二級,陽性
612,40-49歲,女,無,陰性
613,40-49歲,女,無,陰性
614,50-59歲,女,無,陰性
615,19歲以下,男,無,陰性
616,40-49歲,男,無,陰性
617,40-49歲,男,無,陰性
618,50-59歲,男,無,陰性
619,60歲以上,男,無,陰性
620,50-59歲,男,無,陰性
621,40-49歲,男,二級,陽性
622,40-49歲,男,無,陰性
623,30-39歲,男,無,陰性
624,40-49歲,男,無,陰性
625,50-59歲,男,無,陰性
626,40-49歲,男,無,陰性
627,40-49歲,男,無,陰性
628,20-29歲,男,無,陰性
629,50-59歲,男,無,陰性
630,40-49歲,男,一級,陽性
631,40-49歲,男,二級,陽性
632,50-59歲,男,無,陰性
633,50-59歲,男,無,陰性
634,50-59歲,男,一級,陽性
635,40-49歲,男,無,陰性
636,40-49歲,女,無,陰性
637,60歲以上,男,無,陰性
638,40-49歲,女,無,陰性
639,40-49歲,男,無,陰性
640,40-49歲,男,無,陰性
641,40-49歲,男,無,陰性
642,40-49歲,女,無,陰性
643,50-59歲,男,無,陰性
644,30-39歲,女,無,陰性
645,50-59歲,男,無,陰性
646,30-39歲,男,無,陰性
647,60歲以上,男,無,陰性
648,40-49歲,男,無,陰性
649,30-39歲,男,無,陰性
650,40-49歲,男,無,陰性
651,60歲以上,女,無,陰性
652,40-49歲,男,二級,陽性
653,50-59歲,男,無,陰性
654,50-59歲,男,無,陰性
655,50-59歲,男,無,陰性
656,50-59歲,男,二級,陽性
657,60歲以上,男,無,陰性
658,40-49歲,男,無,陰性
659,20-29歲,女,無,陰性
660,50-59歲,男,無,陰性
661,50-59歲,男,三級,陽性
662,50-59歲,男,無,陰性
663,50-59歲,女,無,陰性
664,40-49歲,男,無,陰性
665,30-39歲,男,無,陰性
666,40-49歲,男,無,陰性
667,60歲以上,男,無,陰性
668,40-49歲,男,無,陰性
669,40-49歲,男,無,陰性
670,20-29歲,男,無,陰性
671,40-49歲,男,一級,陽性
672,60歲以上,男,二級,陽性
673,30-39歲,女,無,陰性
674,20-29歲,男,無,陰性
675,40-49歲,男,無,陰性
676,50-59歲,女,二級,陽性
677,50-59歲,男,無,陰性
678,19歲以下,男,無,陰性
679,40-49歲,男,無,陰性
680,30-39歲,男,二級,陽性
681,20-29歲,男,一級,陽性
682,30-39歲,男,二級,陽性
683,40-49歲,男,二級,陽性
684,40-49歲,男,三級,陽性
685,50-59歲,男,無,陰性
686,30-39歲,男,無,陰性
687,30-39歲,男,無,陰性
688,40-49歲,男,無,陰性
689,50-59歲,男,無,陰性
690,50-59歲,女,無,陰性
691,60歲以上,男,無,陰性
692,50-59歲,男,二級,陽性
693,50-59歲,男,二級,陽性
694,30-39歲,女,二級,陽性
695,40-49歲,男,無,陰性
696,40-49歲,男,無,陰性
697,40-49歲,女,二級,陽性
698,60歲以上,女,無,陰性
699,30-39歲,女,無,陰性
700,40-49歲,男,二級,陽性
701,40-49歲,男,無,陰性
702,19歲以下,男,無,陰性
703,19歲以下,男,無,陰性
704,40-49歲,男,無,陰性
705,50-59歲,男,一級,陽性
706,30-39歲,男,無,陰性
707,30-39歲,男,無,陰性
708,40-49歲,男,無,陰性
709,50-59歲,男,無,陰性
710,30-39歲,男,無,陰性
711,40-49歲,女,無,陰性
712,60歲以上,男,無,陰性
713,30-39歲,男,三級,陽性
714,50-59歲,男,二級,陽性
715,40-49歲,男,無,陰性
716,30-39歲,男,無,陰性
717,50-59歲,男,二級,陽性
718,40-49歲,男,無,陰性
719,40-49歲,男,無,陰性
720,20-29歲,男,二級,陽性
721,30-39歲,男,無,陰性
722,40-49歲,男,無,陰性
723,40-49歲,男,無,陰性
724,40-49歲,男,無,陰性
725,40-49歲,男,無,陰性
726,30-39歲,男,無,陰性
727,60歲以上,男,無,陰性
728,19歲以下,男,無,陰性
729,50-59歲,男,無,陰性
730,40-49歲,男,二級,陽性
731,50-59歲,男,無,陰性
732,40-49歲,男,無,陰性
733,60歲以上,男,二級,陽性
734,30-39歲,男,無,陰性
735,40-49歲,男,無,陰性
736,50-59歲,男,無,陰性
737,40-49歲,男,無,陰性
738,60歲以上,女,無,陰性
739,30-39歲,男,無,陰性
740,40-49歲,男,無,陰性
741,40-49歲,男,無,陰性
742,50-59歲,男,無,陰性
743,40-49歲,男,無,陰性
744,50-59歲,男,無,陰性
745,50-59歲,男,無,陰性
746,40-49歲,男,無,陰性
747,30-39歲,女,無,陰性
748,40-49歲,男,一級,陽性
749,50-59歲,女,無,陰性
750,50-59歲,男,無,陰性
751,50-59歲,男,無,陰性
752,40-49歲,男,無,陰性
753,30-39歲,男,無,陰性
754,60歲以上,女,一級,陽性
755,20-29歲,女,無,陰性
756,60歲以上,男,無,陰性
757,40-49歲,女,三級,陽性
758,40-49歲,男,無,陰性
759,40-49歲,男,無,陰性
760,50-59歲,男,無,陰性
761,30-39歲,男,無,陰性
762,60歲以上,男,無,陰性
763,40-49歲,男,無,陰性
764,60歲以上,女,無,陰性
765,40-49歲,男,無,陰性
766,20-29歲,女,無,陰性
767,50-59歲,男,二級,陽性
768,40-49歲,男,無,陰性
769,50-59歲,男,二級,陽性
770,50-59歲,男,無,陰性
771,50-59歲,男,無,陰性
772,30-39歲,女,無,陰性
773,40-49歲,女,無,陰性
774,20-29歲,男,無,陰性
775,40-49歲,男,無,陰性
776,50-59歲,男,無,陰性
777,30-39歲,男,無,陰性
778,40-49歲,女,無,陰性
779,50-59歲,男,一級,陽性
780,50-59歲,男,無,陰性
781,50-59歲,男,無,陰性
782,40-49歲,男,無,陰性
783,50-59歲,男,無,陰性
784,19歲以下,男,二級,陽性
785,60歲以上,男,無,陰性
786,40-49歲,男,無,陰性
787,40-49歲,女,無,陰性
788,60歲以上,男,無,陰性
789,50-59歲,男,二級,陽性
790,40-49歲,男,二級,陽性
791,50-59歲,男,二級,陽性
792,40-49歲,女,無,陰性
793,60歲以上,女,無,陰性
794,30-39歲,男,二級,陽性
795,30-39歲,男,二級,陽性
796,60歲以上,男,無,陰性
797,40-49歲,女,無,陰性
798,40-49歲,男,無,陰性
799,50-59歲,女,無,陰性
800,50-59歲,男,無,陰性
801,60歲以上,男,無,陰性
802,50-59歲,女,無,陰性
803,50-59歲,女,一級,陽性
804,20-29歲,男,無,陰性
805,60歲以上,男,二級,陽性
806,30-39歲,男,無,陰性
807,50-59歲,男,無,陰性
808,30-39歲,男,無,陰性
809,20-29歲,男,無,陰性
810,40-49歲,男,無,陰性
811,30-39歲,男,無,陰性
812,40-49歲,男,二級,陽性
813,50-59歲,男,二級,陽性
814,60歲以上,男,無,陰性
815,30-39歲,男,無,陰性
816,50-59歲,男,三級,陽性
817,40-49歲,男,無,陰性
818,40-49歲,女,無,陰性
819,40-49歲,男,二級,陽性
820,20-29歲,男,無,陰性
821,40-49歲,男,一級,陽性
822,50-59歲,男,無,陰性
823,50-59歲,男,無,陰性
824,40-49歲,男,一級,陽性
825,60歲以上,男,二級,陽性
826,50-59歲,男,無,陰性
827,40-49歲,男,無,陰性
828,20-29歲,男,無,陰性
829,40-49歲,男,二級,陽性
830,30-39歲,男,三級,陽性
831,40-49歲,女,無,陰性
832,40-49歲,男,無,陰性
833,40-49歲,男,無,陰性
834,40-49歲,男,無,陰性
835,50-59歲,女,無,陰性
836,60歲以上,男,無,陰性
837,40-49歲,女,三級,陽性
838,20-29歲,女,無,陰性
839,60歲以上,男,無,陰性
840,50-59歲,男,二級,陽性
841,50-59歲,男,無,陰性
842,40-49歲,女,無,陰性
843,60歲以上,男,無,陰性
844,50-59歲,男,無,陰性
845,40-49歲,男,無,陰性
846,40-49歲,男,無,陰性
847,60歲以上,男,三級,陽性
848,40-49歲,男,三級,陽性
849,30-39歲,男,無,陰性
850,40-49歲,男,無,陰性
851,30-39歲,男,無,陰性
852,50-59歲,男,二級,陽性
853,50-59歲,女,無,陰性
854,50-59歲,女,無,陰性
855,40-49歲,男,無,陰性
856,40-49歲,男,無,陰性
857,30-39歲,男,二級,陽性
858,40-49歲,男,無,陰性
859,60歲以上,女,無,陰性
860,30-39歲,女,無,陰性
861,60歲以上,男,無,陰性
862,50-59歲,男,無,陰性
863,40-49歲,男,二級,陽性
864,60歲以上,男,無,陰性
865,40-49歲,男,二級,陽性
866,19歲以下,男,無,陰性
867,19歲以下,男,無,陰性
868,40-49歲,男,二級,陽性
869,19歲以下,男,無,陰性
870,50-59歲,女,無,陰性
871,19歲以下,女,無,陰性
872,40-49歲,女,無,陰性
873,30-39歲,男,無,陰性
874,40-49歲,男,一級,陽性
875,19歲以下,女,無,陰性
876,40-49歲,男,無,陰性
877,40-49歲,男,無,陰性
878,60歲以上,男,無,陰性
879,20-29歲,女,無,陰性
880,30-39歲,男,二級,陽性
881,40-49歲,男,二級,陽性
882,30-39歲,男,二級,陽性
883,40-49歲,男,無,陰性
884,50-59歲,男,無,陰性
885,40-49歲,男,無,陰性
886,30-39歲,男,無,陰性
887,40-49歲,男,無,陰性
888,40-49歲,男,無,陰性
889,50-59歲,男,無,陰性
890,60歲以上,男,無,陰性
891,50-59歲,男,無,陰性
892,60歲以上,男,無,陰性
893,40-49歲,女,無,陰性
894,40-49歲,女,無,陰性
895,19歲以下,女,無,陰性
896,60歲以上,女,無,陰性
897,40-49歲,女,無,陰性
898,50-59歲,男,無,陰性
899,40-49歲,男,無,陰性
900,50-59歲,男,無,陰性
901,40-49歲,男,無,陰性
902,40-49歲,男,無,陰性
903,50-59歲,女,無,陰性
904,40-49歲,男,無,陰性
905,50-59歲,男,無,陰性
906,50-59歲,男,無,陰性
907,40-49歲,女,無,陰性
908,50-59歲,女,無,陰性
909,30-39歲,男,無,陰性
910,50-59歲,男,無,陰性
911,40-49歲,男,無,陰性
912,40-49歲,女,無,陰性
913,30-39歲,女,無,陰性
914,40-49歲,男,無,陰性
915,40-49歲,男,二級,陽性
916,30-39歲,男,無,陰性
917,50-59歲,男,無,陰性
918,40-49歲,男,無,陰性
919,40-49歲,男,無,陰性
920,50-59歲,男,無,陰性
921,50-59歲,男,無,陰性
922,30-39歲,男,無,陰性
923,40-49歲,男,一級,陽性
924,20-29歲,男,無,陰性
925,30-39歲,男,無,陰性
926,50-59歲,男,無,陰性
927,40-49歲,男,二級,陽性
928,40-49歲,女,無,陰性
929,40-49歲,男,二級,陽性
930,40-49歲,男,無,陰性
931,30-39歲,男,無,陰性
932,40-49歲,男,無,陰性
933,20-29歲,女,無,陰性
934,20-29歲,男,無,陰性
935,40-49歲,男,無,陰性
936,40-49歲,女,無,陰性
937,50-59歲,男,三級,陽性
938,30-39歲,男,無,陰性
939,40-49歲,男,無,陰性
940,50-59歲,男,無,陰性
941,40-49歲,男,無,陰性
942,50-59歲,男,二級,陽性
943,60歲以上,男,無,陰性
944,40-49歲,男,二級,陽性
945,30-39歲,男,無,陰性
946,20-29歲,女,無,陰性
947,40-49歲,男,無,陰性
948,60歲以上,男,無,陰性
949,30-39歲,男,二級,陽性
950,50-59歲,男,無,陰性
951,60歲以上,女,無,陰性
952,50-59歲,男,無,陰性
953,50-59歲,男,無,陰性
954,60歲以上,女,無,陰性
955,40-49歲,男,無,陰性
956,30-39歲,男,無,陰性
957,20-29歲,男,一級,陽性
958,40-49歲,女,無,陰性
959,40-49歲,女,無,陰性
960,50-59歲,男,無,陰性
961,40-49歲,男,無,陰性
962,40-49歲,男,無,陰性
963,30-39歲,男,三級,陽性
964,30-39歲,男,無,陰性
965,40-49歲,女,二級,陽性
966,50-59歲,男,無,陰性
967,40-49歲,男,二級,陽性
968,60歲以上,男,無,陰性
969,40-49歲,男,無,陰性
970,40-49歲,男,二級,陽性
971,60歲以上,男,無,陰性
972,40-49歲,男,無,陰性
973,50-59歲,男,無,陰性
974,40-49歲,男,二級,陽性
975,20-29歲,男,無,陰性
976,50-59歲,男,無,陰性
977,40-49歲,男,無,陰性
978,60歲以上,男,二級,陽性
979,30-39歲,男,無,陰性
980,60歲以上,男,無,陰性
981,40-49歲,男,二級,陽性
982,40-49歲,男,無,陰性
983,20-29歲,男,三級,陽性
984,40-49歲,男,二級,陽性
985,30-39歲,男,無,陰性
986,20-29歲,女,二級,陽性
987,40-49歲,男,無,陰性
988,50-59歲,女,二級,陽性
989,40-49歲,男,無,陰性
990,50-59歲,男,二級,陽性
991,19歲以下,男,無,陰性
992,60歲以上,男,無,陰性
993,40-49歲,男,無,陰性
994,40-49歲,男,二級,陽性
995,60歲以上,男,無,陰性
996,50-59歲,男,無,陰性
997,40-49歲,男,無,陰性
998,20-29歲,男,二級,陽性
999,60歲以上,男,無,陰性
1000,40-49歲,男,無,陰性
1001,40-49歲,男,無,陰性
1002,60歲以上,男,無,陰性
1003,40-49歲,男,無,陰性
1004,40-49歲,男,無,陰性
1005,40-49歲,男,無,陰性
1006,30-39歲,男,無,陰性
1007,50-59歲,男,無,陰性
1008,40-49歲,女,無,陰性
1009,40-49歲,男,無,陰性
1010,30-39歲,男,無,陰性
1011,20-29歲,男,無,陰性
1012,60歲以上,男,一級,陽性
1013,50-59歲,女,無,陰性
1014,50-59歲,男,無,陰性
1015,50-59歲,男,無,陰性
1016,40-49歲,男,無,陰性
1017,30-39歲,男,無,陰性
1018,50-59歲,男,無,陰性
1019,40-49歲,男,無,陰性
1020,50-59歲,男,無,陰性
1021,50-59歲,男,無,陰性
1022,50-59歲,男,無,陰性
1023,50-59歲,男,無,陰性
1024,50-59歲,男,二級,陽性
1025,19歲以下,男,無,陰性
1026,60歲以上,男,一級,陽性
1027,50-59歲,男,二級,陽性
1028,40-49歲,男,無,陰性
1029,40-49歲,男,無,陰性
1030,60歲以上,男,無,陰性
1031,40-49歲,男,無,陰性
1032,40-49歲,男,無,陰性
1033,20-29歲,男,三級,陽性
1034,50-59歲,男,三級,陽性
1035,40-49歲,男,無,陰性
1036,30-39歲,女,無,陰性
1037,60歲以上,男,無,陰性
1038,30-39歲,男,無,陰性
1039,50-59歲,男,二級,陽性
1040,20-29歲,男,二級,陽性
1041,40-49歲,女,無,陰性
1042,60歲以上,男,無,陰性
1043,40-49歲,男,無,陰性
1044,50-59歲,男,無,陰性
1045,30-39歲,男,無,陰性
1046,40-49歲,男,無,陰性
1047,30-39歲,男,無,陰性
1048,50-59歲,女,無,陰性
1049,60歲以上,男,無,陰性
1050,40-49歲,女,無,陰性
1051,40-49歲,男,無,陰性
1052,40-49歲,男,二級,陽性
1053,50-59歲,男,無,陰性
1054,50-59歲,男,無,陰性
1055,40-49歲,男,無,陰性
1056,40-49歲,男,三級,陽性
1057,20-29歲,男,無,陰性
1058,40-49歲,男,無,陰性
1059,30-39歲,男,無,陰性
1060,20-29歲,男,無,陰性
1061,30-39歲,男,二級,陽性
1062,40-49歲,男,無,陰性
1063,30-39歲,男,無,陰性
1064,40-49歲,男,無,陰性
1065,50-59歲,女,無,陰性
1066,40-49歲,男,無,陰性
1067,40-49歲,男,無,陰性
1068,20-29歲,男,二級,陽性
1069,20-29歲,男,無,陰性
1070,40-49歲,男,無,陰性
1071,50-59歲,女,無,陰性
1072,20-29歲,男,無,陰性
1073,40-49歲,男,無,陰性
1074,40-49歲,女,無,陰性
1075,40-49歲,男,無,陰性
1076,60歲以上,男,無,陰性
1077,50-59歲,男,無,陰性
1078,50-59歲,男,無,陰性
1079,50-59歲,女,無,陰性
1080,30-39歲,男,無,陰性
1081,20-29歲,男,無,陰性
1082,30-39歲,男,無,陰性
1083,40-49歲,女,無,陰性
1084,50-59歲,女,無,陰性
1085,30-39歲,男,無,陰性
1086,19歲以下,男,無,陰性
1087,40-49歲,男,無,陰性
1088,50-59歲,男,二級,陽性
1089,40-49歲,男,無,陰性
1090,40-49歲,男,無,陰性
1091,40-49歲,男,無,陰性
1092,60歲以上,女,無,陰性
1093,60歲以上,男,無,陰性
1094,30-39歲,男,三級,陽性
1095,60歲以上,男,無,陰性
1096,60歲以上,男,二級,陽性
1097,50-59歲,女,無,陰性
1098,50-59歲,女,無,陰性
1099,40-49歲,男,無,陰性
1100,40-49歲,男,無,陰性
1101,30-39歲,男,無,陰性
1102,40-49歲,男,無,陰性
1103,60歲以上,男,二級,陽性
1104,50-59歲,男,無,陰性
1105,50-59歲,男,二級,陽性
1106,20-29歲,男,二級,陽性
1107,40-49歲,男,無,陰性
1108,50-59歲,男,無,陰性
1109,50-59歲,男,無,陰性
1110,40-49歲,男,一級,陽性
1111,50-59歲,女,無,陰性
1112,50-59歲,男,無,陰性
1113,50-59歲,男,三級,陽性
1114,40-49歲,男,無,陰性
1115,60歲以上,男,二級,陽性
1116,30-39歲,男,二級,陽性
1117,40-49歲,女,無,陰性
1118,40-49歲,男,無,陰性
1119,30-39歲,男,無,陰性
1120,50-59歲,男,無,陰性
1121,30-39歲,男,無,陰性
1122,50-59歲,男,無,陰性
1123,30-39歲,男,無,陰性
1124,40-49歲,男,三級,陽性
1125,20-29歲,男,無,陰性
1126,40-49歲,男,無,陰性
1127,60歲以上,男,無,陰性
1128,30-39歲,男,二級,陽性
1129,20-29歲,男,無,陰性
1130,40-49歲,男,無,陰性
1131,30-39歲,女,無,陰性
1132,40-49歲,女,無,陰性
1133,30-39歲,女,無,陰性
1134,30-39歲,男,二級,陽性
1135,40-49歲,男,二級,陽性
1136,40-49歲,男,無,陰性
1137,50-59歲,女,二級,陽性
1138,50-59歲,男,無,陰性
1139,50-59歲,男,無,陰性
1140,20-29歲,男,一級,陽性
1141,60歲以上,女,無,陰性
1142,50-59歲,男,無,陰性
1143,30-39歲,男,無,陰性
1144,40-49歲,男,無,陰性
1145,30-39歲,男,無,陰性
1146,20-29歲,男,無,陰性
1147,30-39歲,男,三級,陽性
1148,20-29歲,男,無,陰性
1149,60歲以上,男,無,陰性
1150,40-49歲,男,二級,陽性
1151,50-59歲,男,無,陰性
1152,30-39歲,男,無,陰性
1153,40-49歲,女,一級,陽性
1154,60歲以上,男,無,陰性
1155,50-59歲,男,無,陰性
1156,40-49歲,男,無,陰性
1157,60歲以上,男,無,陰性
1158,50-59歲,男,無,陰性
1159,50-59歲,男,二級,陽性
1160,50-59歲,男,無,陰性
1161,30-39歲,男,無,陰性
1162,50-59歲,男,三級,陽性
1163,60歲以上,男,無,陰性
1164,50-59歲,男,一級,陽性
1165,40-49歲,男,無,陰性
1166,30-39歲,男,無,陰性
1167,20-29歲,男,無,陰性
1168,50-59歲,男,無,陰性
1169,30-39歲,男,無,陰性
1170,30-39歲,男,無,陰性
1171,40-49歲,男,二級,陽性
1172,40-49歲,男,無,陰性
1173,50-59歲,女,無,陰性
1174,20-29歲,男,無,陰性
1175,50-59歲,男,無,陰性
1176,30-39歲,男,無,陰性
1177,40-49歲,男,三級,陽性
1178,50-59歲,女,無,陰性
1179,50-59歲,女,無,陰性
1180,20-29歲,男,無,陰性
1181,20-29歲,男,無,陰性
1182,50-59歲,女,二級,陽性
1183,40-49歲,男,無,陰性
1184,30-39歲,男,無,陰性
1185,30-39歲,男,無,陰性
1186,40-49歲,男,無,陰性
1187,40-49歲,男,無,陰性
1188,50-59歲,男,無,陰性
1189,40-49歲,男,二級,陽性
1190,20-29歲,女,二級,陽性
1191,40-49歲,男,無,陰性
1192,50-59歲,男,無,陰性
1193,30-39歲,男,二級,陽性
1194,40-49歲,男,無,陰性
1195,40-49歲,男,無,陰性
1196,60歲以上,男,無,陰性
1197,19歲以下,男,無,陰性
1198,20-29歲,男,二級,陽性
1199,50-59歲,男,無,陰性
1200,50-59歲,男,無,陰性
1201,20-29歲,男,無,陰性
1202,50-59歲,男,無,陰性
1203,60歲以上,男,無,陰性
1204,30-39歲,男,無,陰性
1205,40-49歲,男,無,陰性
1206,30-39歲,女,無,陰性
1207,30-39歲,男,無,陰性
1208,20-29歲,男,二級,陽性
1209,50-59歲,男,無,陰性
1210,50-59歲,男,二級,陽性
1211,50-59歲,男,無,陰性
1212,60歲以上,男,無,陰性
1213,60歲以上,女,無,陰性
1214,40-49歲,女,無,陰性
1215,40-49歲,男,無,陰性
1216,40-49歲,男,無,陰性
1217,50-59歲,男,二級,陽性
1218,40-49歲,男,無,陰性
1219,40-49歲,男,無,陰性
1220,50-59歲,男,無,陰性
1221,60歲以上,男,無,陰性
1222,50-59歲,男,無,陰性
1223,40-49歲,男,無,陰性
1224,40-49歲,男,無,陰性
1225,60歲以上,男,無,陰性
1226,50-59歲,女,無,陰性
1227,40-49歲,男,無,陰性
1228,30-39歲,男,無,陰性
1229,40-49歲,男,無,陰性
1230,40-49歲,男,二級,陽性
1231,40-49歲,男,無,陰性
1232,40-49歲,男,無,陰性
1233,50-59歲,男,無,陰性
1234,40-49歲,男,無,陰性
1235,40-49歲,女,無,陰性
1236,40-49歲,男,三級,陽性
1237,40-49歲,男,無,陰性
1238,20-29歲,男,二級,陽性
1239,30-39歲,男,無,陰性
1240,60歲以上,男,二級,陽性
1241,30-39歲,男,無,陰性
1242,40-49歲,男,無,陰性
1243,40-49歲,男,無,陰性
1244,50-59歲,男,無,陰性
1245,50-59歲,男,無,陰性
1246,40-49歲,男,無,陰性
1247,30-39歲,男,無,陰性
1248,40-49歲,男,二級,陽性
1249,40-49歲,男,無,陰性
1250,40-49歲,男,無,陰性
1251,20-29歲,男,無,陰性
1252,40-49歲,男,無,陰性
1253,40-49歲,男,無,陰性
1254,30-39歲,男,無,陰性
1255,60歲以上,男,無,陰性
1256,40-49歲,男,無,陰性
1257,30-39歲,男,無,陰性
1258,19歲以下,男,無,陰性
1259,60歲以上,女,無,陰性
1260,40-49歲,男,一級,陽性
1261,50-59歲,男,二級,陽性
1262,19歲以下,男,無,陰性
1263,40-49歲,女,無,陰性
1264,20-29歲,男,無,陰性
1265,40-49歲,女,二級,陽性
1266,40-49歲,男,無,陰性
1267,50-59歲,男,無,陰性
1268,50-59歲,男,無,陰性
1269,40-49歲,男,無,陰性
1270,30-39歲,男,無,陰性
1271,50-59歲,男,二級,陽性
1272,50-59歲,女,無,陰性
1273,30-39歲,男,無,陰性
1274,50-59歲,男,無,陰性
1275,60歲以上,男,二級,陽性
1276,30-39歲,男,無,陰性
1277,40-49歲,男,二級,陽性
1278,20-29歲,女,無,陰性
1279,60歲以上,男,無,陰性
1280,40-49歲,男,無,陰性
1281,50-59歲,男,二級,陽性
1282,50-59歲,男,無,陰性
1283,60歲以上,男,無,陰性
1284,30-39歲,男,一級,陽性
1285,40-49歲,女,二級,陽性
1286,50-59歲,男,無,陰性
1287,40-49歲,男,二級,陽性
1288,50-59歲,女,無,陰性
1289,50-59歲,男,無,陰性
1290,30-39歲,男,無,陰性
1291,60歲以上,男,二級,陽性
1292,60歲以上,男,二級,陽性
1293,30-39歲,男,無,陰性
1294,50-59歲,男,二級,陽性
1295,30-39歲,男,三級,陽性
1296,40-49歲,男,無,陰性
1297,40-49歲,女,無,陰性
1298,40-49歲,男,無,陰性
1299,20-29歲,女,無,陰性
1300,30-39歲,男,無,陰性
1301,40-49歲,男,無,陰性
1302,40-49歲,男,二級,陽性
1303,50-59歲,男,無,陰性
1304,40-49歲,男,無,陰性
1305,20-29歲,男,無,陰性
1306,40-49歲,男,無,陰性
1307,20-29歲,女,無,陰性
1308,40-49歲,男,二級,陽性
1309,40-49歲,男,二級,陽性
1310,50-59歲,男,無,陰性
1311,50-59歲,男,無,陰性
1312,30-39歲,女,無,陰性
1313,50-59歲,男,無,陰性
1314,40-49歲,男,無,陰性
1315,50-59歲,男,二級,陽性
1316,19歲以下,男,無,陰性
1317,20-29歲,男,無,陰性
1318,50-59歲,男,無,陰性
1319,19歲以下,男,無,陰性
1320,50-59歲,男,無,陰性
1321,50-59歲,男,無,陰性
1322,20-29歲,男,無,陰性
1323,40-49歲,男,無,陰性
1324,30-39歲,男,無,陰性
1325,50-59歲,男,無,陰性
1326,40-49歲,女,無,陰性
1327,40-49歲,男,二級,陽性
1328,30-39歲,男,無,陰性
1329,30-39歲,男,二級,陽性
1330,40-49歲,男,二級,陽性
1331,50-59歲,女,無,陰性
1332,40-49歲,男,無,陰性
1333,50-59歲,女,無,陰性
1334,60歲以上,男,無,陰性
1335,50-59歲,男,二級,陽性
1336,50-59歲,男,無,陰性
1337,40-49歲,男,無,陰性
1338,60歲以上,女,無,陰性
1339,60歲以上,女,無,陰性
1340,30-39歲,男,二級,陽性
1341,50-59歲,女,二級,陽性
1342,30-39歲,男,無,陰性
1343,40-49歲,女,無,陰性
1344,50-59歲,男,二級,陽性
1345,19歲以下,男,無,陰性
1346,20-29歲,男,無,陰性
1347,20-29歲,男,無,陰性
1348,50-59歲,男,無,陰性
1349,40-49歲,男,無,陰性
1350,60歲以上,男,二級,陽性
1351,40-49歲,男,無,陰性
1352,40-49歲,男,無,陰性
1353,40-49歲,男,無,陰性
1354,19歲以下,男,三級,陽性
1355,40-49歲,男,無,陰性
1356,40-49歲,女,無,陰性
1357,40-49歲,男,無,陰性
1358,20-29歲,女,無,陰性
1359,30-39歲,男,無,陰性
1360,50-59歲,女,無,陰性
1361,40-49歲,男,無,陰性
1362,60歲以上,男,無,陰性
1363,50-59歲,男,三級,陽性
1364,40-49歲,男,無,陰性
1365,40-49歲,男,無,陰性
1366,20-29歲,男,無,陰性
1367,20-29歲,男,無,陰性
1368,19歲以下,男,無,陰性
1369,30-39歲,女,無,陰性
1370,50-59歲,男,二級,陽性
1371,30-39歲,女,無,陰性
1372,40-49歲,男,無,陰性
1373,50-59歲,男,一級,陽性
1374,40-49歲,男,三級,陽性
1375,19歲以下,男,無,陰性
1376,20-29歲,男,無,陰性
1377,40-49歲,男,無,陰性
1378,30-39歲,男,無,陰性
1379,30-39歲,男,二級,陽性
1380,60歲以上,男,無,陰性
1381,50-59歲,男,無,陰性
1382,30-39歲,男,無,陰性
1383,50-59歲,男,無,陰性
1384,50-59歲,男,無,陰性
1385,30-39歲,男,無,陰性
1386,19歲以下,男,二級,陽性
1387,50-59歲,男,二級,陽性
1388,50-59歲,男,無,陰性
1389,40-49歲,男,無,陰性
1390,40-49歲,男,無,陰性
1391,40-49歲,男,無,陰性
1392,30-39歲,男,無,陰性
1393,40-49歲,男,二級,陽性
1394,40-49歲,女,無,陰性
1395,40-49歲,男,無,陰性
1396,50-59歲,男,二級,陽性
1397,50-59歲,女,無,陰性
1398,60歲以上,女,無,陰性
1399,50-59歲,女,二級,陽性
1400,40-49歲,男,無,陰性
1401,40-49歲,男,無,陰性
1402,40-49歲,男,無,陰性
1403,30-39歲,男,無,陰性
1404,40-49歲,男,無,陰性
1405,60歲以上,男,無,陰性
1406,50-59歲,男,無,陰性
1407,20-29歲,男,一級,陽性
1408,40-49歲,男,無,陰性
1409,30-39歲,男,無,陰性
1410,60歲以上,男,一級,陽性
1411,40-49歲,男,三級,陽性
1412,60歲以上,男,無,陰性
1413,20-29歲,男,二級,陽性
1414,50-59歲,男,無,陰性
1415,50-59歲,男,無,陰性
1416,40-49歲,女,無,陰性
1417,50-59歲,男,無,陰性
1418,50-59歲,男,無,陰性
1419,50-59歲,男,一級,陽性
1420,50-59歲,男,無,陰性
1421,40-49歲,男,三級,陽性
1422,50-59歲,女,無,陰性
1423,50-59歲,男,二級,陽性
1424,20-29歲,女,二級,陽性
1425,50-59歲,男,無,陰性
1426,60歲以上,男,無,陰性
1427,40-49歲,男,三級,陽性
1428,40-49歲,男,二級,陽性
1429,20-29歲,男,無,陰性
1430,60歲以上,男,無,陰性
1431,40-49歲,男,無,陰性
1432,40-49歲,男,無,陰性
1433,40-49歲,男,無,陰性
1434,60歲以上,男,無,陰性
1435,50-59歲,男,無,陰性
1436,30-39歲,男,無,陰性
1437,50-59歲,男,二級,陽性
1438,40-49歲,男,無,陰性
1439,40-49歲,男,無,陰性
1440,20-29歲,男,無,陰性
1441,40-49歲,男,無,陰性
1442,50-59歲,男,無,陰性
1443,50-59歲,男,無,陰性
1444,20-29歲,男,無,陰性
1445,40-49歲,男,無,陰性
1446,30-39歲,女,無,陰性
1447,40-49歲,男,無,陰性
1448,40-49歲,男,無,陰性
1449,20-29歲,男,無,陰性
1450,40-49歲,男,二級,陽性
1451,60歲以上,男,二級,陽性
1452,40-49歲,女,無,陰性
1453,40-49歲,女,無,陰性
1454,20-29歲,男,一級,陽性
1455,60歲以上,男,無,陰性
1456,40-49歲,女,二級,陽性
1457,30-39歲,男,二級,陽性
1458,50-59歲,男,無,陰性
1459,40-49歲,男,無,陰性
1460,30-39歲,男,無,陰性
1461,40-49歲,男,無,陰性
1462,40-49歲,男,無,陰性
1463,30-39歲,男,無,陰性
1464,40-49歲,女,二級,陽性
1465,40-49歲,男,二級,陽性
1466,20-29歲,男,無,陰性
1467,50-59歲,男,無,陰性
1468,40-49歲,男,無,陰性
1469,19歲以下,男,無,陰性
1470,30-39歲,男,無,陰性
1471,40-49歲,男,無,陰性
1472,40-49歲,男,無,陰性
1473,50-59歲,男,無,陰性
1474,40-49歲,男,無,陰性
1475,30-39歲,男,二級,陽性
1476,50-59歲,男,無,陰性
1477,50-59歲,男,一級,陽性
1478,50-59歲,男,無,陰性
1479,50-59歲,男,二級,陽性
1480,19歲以下,男,無,陰性
1481,40-49歲,男,無,陰性
1482,60歲以上,男,無,陰性
1483,40-49歲,男,一級,陽性
1484,50-59歲,女,無,陰性
1485,50-59歲,女,無,陰性
1486,30-39歲,男,無,陰性
1487,50-59歲,男,無,陰性
1488,20-29歲,女,無,陰性
1489,30-39歲,女,二級,陽性
1490,40-49歲,男,三級,陽性
1491,50-59歲,男,二級,陽性
1492,20-29歲,男,無,陰性
1493,20-29歲,男,二級,陽性
1494,40-49歲,女,二級,陽性
1495,60歲以上,男,無,陰性
1496,40-49歲,男,無,陰性
1497,60歲以上,男,二級,陽性
1498,40-49歲,女,無,陰性
1499,40-49歲,男,無,陰性
1500,30-39歲,女,無,陰性
1501,40-49歲,女,無,陰性
1502,40-49歲,女,無,陰性
1503,40-49歲,女,無,陰性
1504,50-59歲,女,無,陰性
1505,50-59歲,女,無,陰性
1506,30-39歲,男,一級,陽性
1507,40-49歲,男,無,陰性
1508,40-49歲,女,無,陰性
1509,30-39歲,男,無,陰性
1510,50-59歲,男,無,陰性
1511,40-49歲,男,無,陰性
1512,50-59歲,女,無,陰性
1513,50-59歲,男,無,陰性
1514,20-29歲,男,無,陰性
1515,40-49歲,男,二級,陽性
1516,40-49歲,男,無,陰性
1517,20-29歲,女,無,陰性
1518,50-59歲,男,三級,陽性
1519,40-49歲,男,無,陰性
1520,40-49歲,男,無,陰性
1521,20-29歲,女,無,陰性
1522,40-49歲,男,無,陰性
1523,40-49歲,男,無,陰性
1524,30-39歲,男,無,陰性
1525,40-49歲,男,無,陰性
1526,50-59歲,男,無,陰性
1527,40-49歲,男,無,陰性
1528,50-59歲,男,二級,陽性
1529,50-59歲,男,無,陰性
1530,50-59歲,男,無,陰性
1531,60歲以上,男,無,陰性
1532,50-59歲,男,無,陰性
1533,30-39歲,女,無,陰性
1534,50-59歲,男,無,陰性
1535,40-49歲,男,二級,陽性
1536,30-39歲,男,二級,陽性
1537,50-59歲,男,無,陰性
1538,60歲以上,男,無,陰性
1539,30-39歲,男,二級,陽性
1540,50-59歲,男,無,陰性
1541,40-49歲,男,無,陰性
1542,50-59歲,男,無,陰性
1543,50-59歲,男,三級,陽性
1544,40-49歲,男,二級,陽性
1545,40-49歲,男,無,陰性
1546,40-49歲,男,無,陰性
1547,60歲以上,男,無,陰性
1548,20-29歲,男,無,陰性
1549,40-49歲,女,無,陰性
1550,60歲以上,男,無,陰性
1551,40-49歲,男,無,陰性
1552,20-29歲,女,無,陰性
1553,30-39歲,男,無,陰性
1554,40-49歲,男,二級,陽性
1555,50-59歲,男,二級,陽性
1556,60歲以上,女,無,陰性
1557,40-49歲,女,二級,陽性
1558,60歲以上,男,二級,陽性
1559,20-29歲,男,無,陰性
1560,50-59歲,男,二級,陽性
1561,40-49歲,女,無,陰性
1562,50-59歲,男,無,陰性
1563,40-49歲,女,無,陰性
1564,19歲以下,男,無,陰性
1565,60歲以上,女,二級,陽性
1566,40-49歲,男,無,陰性
1567,40-49歲,男,無,陰性
1568,40-49歲,女,二級,陽性
1569,40-49歲,男,無,陰性
1570,40-49歲,女,二級,陽性
1571,50-59歲,女,無,陰性
1572,40-49歲,男,無,陰性
1573,40-49歲,男,無,陰性
1574,30-39歲,男,三級,陽性
1575,50-59歲,男,三級,陽性
1576,40-49歲,男,無,陰性
1577,40-49歲,男,一級,陽性
1578,40-49歲,男,三級,陽性
1579,30-39歲,男,無,陰性
1580,20-29歲,男,無,陰性
1581,40-49歲,男,無,陰性
1582,50-59歲,男,無,陰性
1583,50-59歲,男,無,陰性
1584,50-59歲,男,無,陰性
1585,50-59歲,男,無,陰性
1586,50-59歲,男,無,陰性
1587,50-59歲,男,無,陰性
1588,40-49歲,男,無,陰性
1589,20-29歲,女,二級,陽性
1590,30-39歲,男,無,陰性
1591,40-49歲,女,一級,陽性
1592,40-49歲,男,無,陰性
1593,60歲以上,男,無,陰性
1594,50-59歲,男,無,陰性
1595,60歲以上,女,二級,陽性
1596,50-59歲,男,無,陰性
1597,50-59歲,男,無,陰性
1598,20-29歲,男,無,陰性
1599,40-49歲,男,無,陰性
1600,30-39歲,男,無,陰性
1601,60歲以上,女,二級,陽性
1602,40-49歲,男,無,陰性
1603,40-49歲,男,無,陰性
1604,30-39歲,男,二級,陽性
1605,50-59歲,女,無,陰性
1606,40-49歲,男,二級,陽性
1607,40-49歲,男,無,陰性
1608,60歲以上,男,一級,陽性
1609,50-59歲,女,無,陰性
1610,50-59歲,男,二級,陽性
1611,40-49歲,男,無,陰性
1612,40-49歲,男,無,陰性
1613,50-59歲,男,無,陰性
1614,40-49歲,男,無,陰性
1615,50-59歲,男,無,陰性
1616,30-39歲,男,無,陰性
1617,40-49歲,男,無,陰性
1618,50-59歲,男,無,陰性
1619,40-49歲,男,無,陰性
1620,19歲以下,男,無,陰性
1621,20-29歲,女,無,陰性
1622,40-49歲,女,無,陰性
1623,50-59歲,男,無,陰性
1624,40-49歲,男,無,陰性
1625,40-49歲,男,無,陰性
1626,20-29歲,男,無,陰性
1627,40-49歲,男,無,陰性
1628,30-39歲,女,無,陰性
1629,50-59歲,女,無,陰性
1630,40-49歲,男,無,陰性
1631,50-59歲,男,無,陰性
1632,40-49歲,女,無,陰性
1633,40-49歲,男,無,陰性
1634,50-59歲,女,無,陰性
1635,20-29歲,男,無,陰性
1636,50-59歲,男,無,陰性
1637,40-49歲,男,二級,陽性
1638,50-59歲,男,無,陰性
1639,19歲以下,男,三級,陽性
1640,50-59歲,男,二級,陽性
1641,40-49歲,男,無,陰性
1642,40-49歲,男,無,陰性
1643,40-49歲,男,無,陰性
1644,40-49歲,男,無,陰性
1645,50-59歲,女,無,陰性
1646,40-49歲,男,二級,陽性
1647,60歲以上,男,無,陰性
1648,40-49歲,男,無,陰性
1649,40-49歲,男,無,陰性
1650,20-29歲,男,二級,陽性
1651,50-59歲,女,無,陰性
1652,60歲以上,男,無,陰性
1653,50-59歲,男,無,陰性
1654,30-39歲,男,無,陰性
1655,30-39歲,男,無,陰性
1656,60歲以上,男,無,陰性
1657,60歲以上,男,無,陰性
1658,40-49歲,男,三級,陽性
1659,40-49歲,女,無,陰性
1660,50-59歲,男,無,陰性
1661,60歲以上,男,無,陰性
1662,40-49歲,男,二級,陽性
1663,40-49歲,男,無,陰性
1664,60歲以上,男,無,陰性
1665,40-49歲,男,二級,陽性
1666,40-49歲,女,無,陰性
1667,20-29歲,男,無,陰性
1668,50-59歲,男,無,陰性
1669,40-49歲,男,無,陰性
1670,50-59歲,男,二級,陽性
1671,50-59歲,女,無,陰性
1672,40-49歲,女,無,陰性
1673,60歲以上,女,無,陰性
1674,40-49歲,男,無,陰性
1675,19歲以下,男,無,陰性
1676,40-49歲,男,無,陰性
1677,30-39歲,女,無,陰性
1678,60歲以上,男,無,陰性
1679,50-59歲,女,二級,陽性
1680,40-49歲,男,三級,陽性
1681,40-49歲,男,無,陰性
1682,40-49歲,男,無,陰性
1683,40-49歲,女,無,陰性
1684,40-49歲,男,三級,陽性
1685,40-49歲,男,無,陰性
1686,50-59歲,女,二級,陽性
1687,20-29歲,男,無,陰性
1688,50-59歲,男,二級,陽性
1689,40-49歲,男,無,陰性
1690,30-39歲,男,三級,陽性
1691,50-59歲,男,無,陰性
1692,40-49歲,男,無,陰性
1693,60歲以上,男,無,陰性
1694,40-49歲,男,無,陰性
1695,40-49歲,男,無,陰性
1696,60歲以上,男,無,陰性
1697,50-59歲,男,無,陰性
1698,50-59歲,男,無,陰性
1699,19歲以下,男,無,陰性
1700,50-59歲,男,二級,陽性
1701,40-49歲,女,二級,陽性
1702,50-59歲,男,無,陰性
1703,30-39歲,男,二級,陽性
1704,30-39歲,男,無,陰性
1705,30-39歲,男,二級,陽性
1706,40-49歲,男,二級,陽性
1707,30-39歲,男,無,陰性
1708,20-29歲,男,無,陰性
1709,50-59歲,男,無,陰性
1710,20-29歲,男,無,陰性
1711,40-49歲,男,無,陰性
1712,40-49歲,男,無,陰性
1713,40-49歲,女,無,陰性
1714,40-49歲,男,二級,陽性
1715,40-49歲,男,無,陰性
1716,40-49歲,女,二級,陽性
1717,20-29歲,男,無,陰性
1718,20-29歲,男,無,陰性
1719,30-39歲,男,無,陰性
1720,30-39歲,男,無,陰性
1721,50-59歲,男,無,陰性
1722,30-39歲,男,無,陰性
1723,50-59歲,男,無,陰性
1724,40-49歲,男,無,陰性
1725,30-39歲,男,無,陰性
1726,50-59歲,男,無,陰性
1727,40-49歲,男,無,陰性
1728,60歲以上,男,二級,陽性
1729,20-29歲,男,無,陰性
1730,50-59歲,男,三級,陽性
1731,40-49歲,男,無,陰性
1732,50-59歲,男,無,陰性
1733,50-59歲,男,無,陰性
1734,40-49歲,女,二級,陽性
1735,40-49歲,男,無,陰性
1736,30-39歲,男,無,陰性
1737,50-59歲,男,無,陰性
1738,50-59歲,男,無,陰性
1739,30-39歲,男,無,陰性
1740,20-29歲,女,三級,陽性
1741,50-59歲,男,無,陰性
1742,40-49歲,女,二級,陽性
1743,20-29歲,女,無,陰性
1744,40-49歲,男,無,陰性
1745,40-49歲,男,無,陰性
1746,40-49歲,女,無,陰性
1747,30-39歲,男,無,陰性
1748,30-39歲,男,二級,陽性
1749,50-59歲,女,二級,陽性
1750,50-59歲,男,無,陰性
1751,30-39歲,男,無,陰性
1752,40-49歲,男,二級,陽性
1753,60歲以上,女,無,陰性
1754,30-39歲,男,無,陰性
1755,40-49歲,男,無,陰性
1756,40-49歲,男,二級,陽性
1757,40-49歲,女,二級,陽性
1758,19歲以下,男,無,陰性
1759,20-29歲,男,無,陰性
1760,50-59歲,男,無,陰性
1761,20-29歲,男,無,陰性
1762,50-59歲,男,無,陰性
1763,40-49歲,男,無,陰性
1764,40-49歲,男,無,陰性
1765,30-39歲,男,三級,陽性
1766,40-49歲,女,無,陰性
1767,30-39歲,男,無,陰性
1768,30-39歲,男,二級,陽性
1769,40-49歲,女,無,陰性
1770,40-49歲,男,二級,陽性
1771,30-39歲,男,無,陰性
1772,40-49歲,男,無,陰性
1773,40-49歲,男,無,陰性
1774,40-49歲,女,無,陰性
1775,20-29歲,男,無,陰性
1776,60歲以上,男,無,陰性
1777,60歲以上,男,無,陰性
1778,30-39歲,男,無,陰性
1779,50-59歲,男,無,陰性
1780,19歲以下,男,二級,陽性
1781,50-59歲,男,無,陰性
1782,40-49歲,男,無,陰性
1783,40-49歲,男,一級,陽性
1784,20-29歲,男,無,陰性
1785,50-59歲,男,無,陰性
1786,60歲以上,男,無,陰性
1787,30-39歲,男,無,陰性
1788,50-59歲,男,無,陰性
1789,40-49歲,男,無,陰性
1790,20-29歲,男,無,陰性
1791,60歲以上,男,二級,陽性
1792,50-59歲,男,二級,陽性
1793,30-39歲,女,無,陰性
1794,19歲以下,女,二級,陽性
1795,30-39歲,男,無,陰性
1796,50-59歲,女,無,陰性
1797,40-49歲,男,二級,陽性
1798,40-49歲,男,無,陰性
1799,50-59歲,男,二級,陽性
1800,20-29歲,女,無,陰性
1801,50-59歲,女,無,陰性
1802,20-29歲,男,無,陰性
1803,50-59歲,男,二級,陽性
1804,30-39歲,男,無,陰性
1805,50-59歲,男,無,陰性
1806,30-39歲,男,無,陰性
1807,30-39歲,女,無,陰性
1808,60歲以上,男,無,陰性
1809,60歲以上,男,無,陰性
1810,50-59歲,女,無,陰性
1811,60歲以上,男,無,陰性
1812,30-39歲,男,無,陰性
1813,30-39歲,男,無,陰性
1814,20-29歲,女,二級,陽性
1815,30-39歲,男,無,陰性
1816,50-59歲,男,無,陰性
1817,20-29歲,男,無,陰性
1818,50-59歲,男,無,陰性
1819,30-39歲,男,無,陰性
1820,40-49歲,男,無,陰性
1821,40-49歲,男,無,陰性
1822,30-39歲,男,無,陰性
1823,50-59歲,男,無,陰性
1824,40-49歲,男,無,陰性
1825,40-49歲,男,無,陰性
1826,20-29歲,女,無,陰性
1827,30-39歲,男,無,陰性
1828,40-49歲,男,無,陰性
1829,20-29歲,男,無,陰性
1830,40-49歲,男,無,陰性
1831,50-59歲,男,無,陰性
1832,50-59歲,男,無,陰性
1833,60歲以上,男,無,陰性
1834,30-39歲,男,無,陰性
1835,40-49歲,女,無,陰性
1836,50-59歲,男,無,陰性
1837,50-59歲,男,無,陰性
1838,60歲以上,男,一級,陽性
1839,40-49歲,男,無,陰性
1840,50-59歲,男,二級,陽性
1841,50-59歲,男,無,陰性
1842,19歲以下,男,無,陰性
1843,30-39歲,女,無,陰性
1844,40-49歲,男,二級,陽性
1845,40-49歲,男,無,陰性
1846,50-59歲,男,三級,陽性
1847,40-49歲,女,無,陰性
1848,30-39歲,男,二級,陽性
1849,50-59歲,男,無,陰性
1850,60歲以上,男,無,陰性
1851,40-49歲,男,無,陰性
1852,20-29歲,男,二級,陽性
1853,50-59歲,男,無,陰性
1854,60歲以上,男,二級,陽性
1855,40-49歲,男,無,陰性
1856,40-49歲,男,無,陰性
1857,30-39歲,男,三級,陽性
1858,60歲以上,男,無,陰性
1859,60歲以上,男,無,陰性
1860,40-49歲,男,無,陰性
1861,40-49歲,男,二級,陽性
1862,40-49歲,男,無,陰性
1863,60歲以上,男,二級,陽性
1864,19歲以下,男,二級,陽性
1865,50-59歲,女,無,陰性
1866,40-49歲,女,無,陰性
1867,30-39歲,女,無,陰性
1868,30-39歲,男,無,陰性
1869,50-59歲,男,無,陰性
1870,40-49歲,男,無,陰性
1871,50-59歲,女,無,陰性
1872,50-59歲,男,無,陰性
1873,20-29歲,女,無,陰性
1874,20-29歲,男,無,陰性
1875,50-59歲,男,無,陰性
1876,30-39歲,女,無,陰性
1877,40-49歲,男,無,陰性
1878,60歲以上,男,無,陰性
1879,40-49歲,女,三級,陽性
1880,30-39歲,男,二級,陽性
1881,20-29歲,男,無,陰性
1882,50-59歲,男,無,陰性
1883,50-59歲,男,無,陰性
1884,30-39歲,男,無,陰性
1885,30-39歲,男,無,陰性
1886,50-59歲,男,無,陰性
1887,40-49歲,男,二級,陽性
1888,50-59歲,男,無,陰性
1889,40-49歲,男,無,陰性
1890,40-49歲,男,無,陰性
1891,20-29歲,男,無,陰性
1892,50-59歲,女,無,陰性
1893,30-39歲,男,無,陰性
1894,40-49歲,男,一級,陽性
1895,40-49歲,男,無,陰性
1896,60歲以上,男,無,陰性
1897,50-59歲,男,二級,陽性
1898,19歲以下,男,無,陰性
1899,19歲以下,男,無,陰性
1900,40-49歲,男,無,陰性
1901,50-59歲,男,二級,陽性
1902,50-59歲,男,無,陰性
1903,40-49歲,男,無,陰性
1904,40-49歲,男,無,陰性
1905,50-59歲,男,無,陰性
1906,60歲以上,男,無,陰性
1907,60歲以上,女,二級,陽性
1908,60歲以上,男,二級,陽性
1909,50-59歲,女,無,陰性
1910,30-39歲,男,無,陰性
1911,30-39歲,男,一級,陽性
1912,40-49歲,男,無,陰性
1913,40-49歲,男,二級,陽性
1914,50-59歲,女,無,陰性
1915,40-49歲,男,無,陰性
1916,40-49歲,男,二級,陽性
1917,40-49歲,男,無,陰性
1918,40-49歲,男,無,陰性
1919,40-49歲,男,無,陰性
1920,20-29歲,男,無,陰性
1921,30-39歲,女,無,陰性
1922,50-59歲,男,一級,陽性
1923,60歲以上,男,無,陰性
1924,20-29歲,男,無,陰性
1925,40-49歲,男,無,陰性
1926,20-29歲,男,無,陰性
1927,20-29歲,男,無,陰性
1928,19歲以下,男,無,陰性
1929,60歲以上,男,無,陰性
1930,40-49歲,男,無,陰性
1931,30-39歲,男,無,陰性
1932,30-39歲,男,無,陰性
1933,40-49歲,男,無,陰性
1934,40-49歲,男,三級,陽性
1935,40-49歲,女,無,陰性
1936,40-49歲,男,無,陰性
1937,30-39歲,女,無,陰性
1938,50-59歲,男,無,陰性
1939,40-49歲,男,無,陰性
1940,20-29歲,男,無,陰性
1941,50-59歲,女,二級,陽性
1942,20-29歲,男,無,陰性
1943,40-49歲,男,無,陰性
1944,30-39歲,男,無,陰性
1945,30-39歲,女,三級,陽性
1946,30-39歲,女,二級,陽性
1947,50-59歲,男,二級,陽性
1948,50-59歲,男,無,陰性
1949,20-29歲,男,二級,陽性
1950,40-49歲,男,無,陰性
1951,50-59歲,女,無,陰性
1952,20-29歲,男,無,陰性
1953,60歲以上,男,無,陰性
1954,40-49歲,男,無,陰性
1955,20-29歲,男,無,陰性
1956,30-39歲,男,二級,陽性
1957,30-39歲,男,無,陰性
1958,50-59歲,女,無,陰性
1959,50-59歲,男,無,陰性
1960,40-49歲,女,無,陰性
1961,40-49歲,男,無,陰性
1962,40-49歲,男,二級,陽性
1963,40-49歲,男,無,陰性
1964,30-39歲,男,無,陰性
1965,50-59歲,男,二級,陽性
1966,50-59歲,男,二級,陽性
1967,40-49歲,男,無,陰性
1968,40-49歲,男,三級,陽性
1969,19歲以下,男,無,陰性
1970,20-29歲,男,無,陰性
1971,40-49歲,男,無,陰性
1972,30-39歲,男,無,陰性
1973,40-49歲,男,無,陰性
1974,60歲以上,男,無,陰性
1975,50-59歲,男,無,陰性
1976,30-39歲,男,無,陰性
1977,50-59歲,男,無,陰性
1978,50-59歲,女,無,陰性
1979,30-39歲,男,無,陰性
1980,50-59歲,女,無,陰性
1981,30-39歲,男,無,陰性
1982,40-49歲,男,無,陰性
1983,40-49歲,男,無,陰性
1984,30-39歲,男,無,陰性
1985,40-49歲,男,無,陰性
1986,40-49歲,女,無,陰性
1987,40-49歲,女,無,陰性
1988,40-49歲,男,無,陰性
1989,50-59歲,男,無,陰性
1990,40-49歲,男,無,陰性
1991,30-39歲,男,無,陰性
1992,50-59歲,女,二級,陽性
1993,40-49歲,男,二級,陽性
1994,50-59歲,男,無,陰性
1995,40-49歲,男,無,陰性
1996,20-29歲,男,無,陰性
1997,50-59歲,男,無,陰性
1998,40-49歲,男,無,陰性
1999,50-59歲,男,無,陰性
2000,50-59歲,男,無,陰性
2001,30-39歲,男,無,陰性
2002,40-49歲,男,無,陰性
2003,50-59歲,男,二級,陽性
2004,50-59歲,女,無,陰性
2005,60歲以上,男,一級,陽性
2006,30-39歲,男,無,陰性
2007,40-49歲,女,無,陰性
2008,40-49歲,男,無,陰性
2009,30-39歲,男,無,陰性
2010,40-49歲,男,無,陰性
2011,50-59歲,女,無,陰性
2012,19歲以下,男,無,陰性
2013,40-49歲,男,無,陰性
2014,40-49歲,女,無,陰性
2015,30-39歲,男,二級,陽性
2016,40-49歲,男,無,陰性
2017,50-59歲,男,無,陰性
2018,40-49歲,男,無,陰性
2019,30-39歲,男,無,陰性
2020,50-59歲,男,二級,陽性
2021,40-49歲,男,三級,陽性
2022,30-39歲,男,二級,陽性
2023,60歲以上,男,一級,陽性
2024,40-49歲,女,無,陰性
2025,19歲以下,男,三級,陽性
2026,60歲以上,男,無,陰性
2027,40-49歲,男,無,陰性
2028,40-49歲,女,無,陰性
2029,40-49歲,女,二級,陽性
2030,20-29歲,男,無,陰性
2031,50-59歲,男,無,陰性
2032,50-59歲,男,一級,陽性
2033,40-49歲,女,無,陰性
2034,20-29歲,男,無,陰性
2035,50-59歲,男,無,陰性
2036,20-29歲,男,三級,陽性
2037,40-49歲,女,無,陰性
2038,50-59歲,男,無,陰性
2039,30-39歲,男,無,陰性
2040,30-39歲,男,無,陰性
2041,50-59歲,男,無,陰性
2042,20-29歲,女,無,陰性
2043,40-49歲,女,無,陰性
2044,30-39歲,男,二級,陽性
2045,40-49歲,女,無,陰性
2046,40-49歲,男,無,陰性
2047,40-49歲,男,二級,陽性
2048,50-59歲,男,二級,陽性
2049,60歲以上,男,無,陰性
2050,60歲以上,男,無,陰性
2051,30-39歲,男,無,陰性
2052,50-59歲,男,無,陰性
2053,20-29歲,男,無,陰性
2054,30-39歲,男,無,陰性
2055,60歲以上,男,無,陰性
2056,20-29歲,男,二級,陽性
2057,30-39歲,女,無,陰性
2058,20-29歲,男,二級,陽性
2059,40-49歲,男,二級,陽性
2060,30-39歲,男,無,陰性
2061,50-59歲,男,二級,陽性
2062,50-59歲,男,無,陰性
2063,40-49歲,女,無,陰性
2064,50-59歲,男,二級,陽性
2065,40-49歲,男,無,陰性
2066,60歲以上,女,二級,陽性
2067,30-39歲,男,無,陰性
2068,50-59歲,男,無,陰性
2069,40-49歲,男,無,陰性
2070,60歲以上,男,無,陰性
2071,40-49歲,男,無,陰性
2072,30-39歲,男,無,陰性
2073,40-49歲,男,無,陰性
2074,40-49歲,女,無,陰性
2075,40-49歲,男,二級,陽性
2076,40-49歲,男,無,陰性
2077,50-59歲,男,無,陰性
2078,30-39歲,男,二級,陽性
2079,30-39歲,男,無,陰性
2080,50-59歲,男,二級,陽性
2081,40-49歲,男,一級,陽性
2082,30-39歲,男,無,陰性
2083,50-59歲,男,無,陰性
2084,40-49歲,男,二級,陽性
2085,40-49歲,男,無,陰性
2086,50-59歲,男,無,陰性
2087,40-49歲,男,無,陰性
2088,40-49歲,男,無,陰性
2089,60歲以上,男,無,陰性
2090,40-49歲,男,無,陰性
2091,50-59歲,女,無,陰性
2092,40-49歲,女,三級,陽性
2093,20-29歲,男,無,陰性
2094,30-39歲,男,二級,陽性
2095,60歲以上,男,無,陰性
2096,40-49歲,男,二級,陽性
2097,50-59歲,女,無,陰性
2098,50-59歲,男,無,陰性
2099,20-29歲,男,無,陰性
2100,50-59歲,男,無,陰性
2101,40-49歲,女,無,陰性
2102,50-59歲,男,無,陰性
2103,40-49歲,男,二級,陽性
2104,30-39歲,男,無,陰性
2105,40-49歲,男,無,陰性
2106,60歲以上,男,無,陰性
2107,40-49歲,男,二級,陽性
2108,60歲以上,女,無,陰性
2109,50-59歲,男,二級,陽性
2110,30-39歲,女,二級,陽性
2111,40-49歲,男,無,陰性
2112,50-59歲,男,無,陰性
2113,40-49歲,男,無,陰性
2114,40-49歲,男,一級,陽性
2115,30-39歲,男,無,陰性
2116,40-49歲,女,無,陰性
2117,30-39歲,女,無,陰性
2118,30-39歲,女,二級,陽性
2119,20-29歲,男,無,陰性
2120,40-49歲,男,無,陰性
2121,19歲以下,男,無,陰性
2122,40-49歲,男,無,陰性
2123,40-49歲,女,無,陰性
2124,50-59歲,男,無,陰性
2125,20-29歲,男,二級,陽性
2126,50-59歲,男,無,陰性
2127,30-39歲,男,無,陰性
2128,50-59歲,女,無,陰性
2129,40-49歲,男,無,陰性
2130,30-39歲,男,無,陰性
2131,40-49歲,女,無,陰性
2132,40-49歲,男,無,陰性
2133,60歲以上,男,無,陰性
2134,50-59歲,男,無,陰性
2135,50-59歲,男,無,陰性
2136,30-39歲,男,無,陰性
2137,40-49歲,男,無,陰性
2138,40-49歲,男,二級,陽性
2139,50-59歲,女,二級,陽性
2140,40-49歲,男,無,陰性
2141,40-49歲,男,無,陰性
2142,60歲以上,男,無,陰性
2143,30-39歲,男,二級,陽性
2144,30-39歲,男,無,陰性
2145,30-39歲,男,無,陰性
2146,30-39歲,男,二級,陽性
2147,50-59歲,男,無,陰性
2148,30-39歲,男,無,陰性
2149,19歲以下,男,無,陰性
2150,30-39歲,男,無,陰性
2151,40-49歲,女,無,陰性
2152,40-49歲,男,無,陰性
2153,30-39歲,男,無,陰性
2154,40-49歲,男,無,陰性
2155,40-49歲,男,無,陰性
2156,50-59歲,男,無,陰性
2157,40-49歲,女,無,陰性
2158,40-49歲,女,無,陰性
2159,20-29歲,男,二級,陽性
2160,50-59歲,男,二級,陽性
2161,30-39歲,男,無,陰性
2162,60歲以上,男,無,陰性
2163,50-59歲,男,無,陰性
2164,50-59歲,男,二級,陽性
2165,19歲以下,男,無,陰性
2166,40-49歲,男,無,陰性
2167,40-49歲,男,無,陰性
2168,40-49歲,女,無,陰性
2169,30-39歲,男,一級,陽性
2170,40-49歲,女,無,陰性
2171,50-59歲,男,二級,陽性
2172,60歲以上,男,無,陰性
2173,50-59歲,男,無,陰性
2174,50-59歲,女,無,陰性
2175,50-59歲,男,無,陰性
2176,30-39歲,男,無,陰性
2177,60歲以上,女,二級,陽性
2178,20-29歲,男,無,陰性
2179,50-59歲,男,無,陰性
2180,40-49歲,男,二級,陽性
2181,40-49歲,女,無,陰性
2182,20-29歲,男,二級,陽性
2183,20-29歲,男,無,陰性
2184,40-49歲,男,無,陰性
2185,40-49歲,男,無,陰性
2186,50-59歲,男,一級,陽性
2187,60歲以上,男,無,陰性
2188,40-49歲,男,無,陰性
2189,40-49歲,男,無,陰性
2190,40-49歲,男,三級,陽性
2191,50-59歲,男,二級,陽性
2192,40-49歲,男,無,陰性
2193,40-49歲,男,無,陰性
2194,60歲以上,男,無,陰性
2195,60歲以上,女,無,陰性
2196,60歲以上,男,無,陰性
2197,40-49歲,男,無,陰性
2198,40-49歲,男,無,陰性
2199,30-39歲,男,二級,陽性
2200,40-49歲,男,二級,陽性
2201,40-49歲,男,無,陰性
2202,20-29歲,男,無,陰性
2203,50-59歲,男,無,陰性
2204,19歲以下,男,無,陰性
2205,30-39歲,女,無,陰性
2206,40-49歲,男,無,陰性
2207,30-39歲,男,無,陰性
2208,50-59歲,女,二級,陽性
2209,40-49歲,男,二級,陽性
2210,19歲以下,男,無,陰性
2211,30-39歲,男,二級,陽性
2212,50-59歲,女,無,陰性
2213,50-59歲,男,無,陰性
2214,40-49歲,男,無,陰性
2215,40-49歲,男,無,陰性
2216,20-29歲,男,三級,陽性
2217,40-49歲,男,無,陰性
2218,60歲以上,女,二級,陽性
2219,40-49歲,男,無,陰性
2220,40-49歲,男,無,陰性
2221,40-49歲,男,一級,陽性
2222,50-59歲,男,二級,陽性
2223,50-59歲,男,無,陰性
2224,40-49歲,男,無,陰性
2225,50-59歲,女,無,陰性
2226,50-59歲,男,二級,陽性
2227,40-49歲,男,無,陰性
2228,40-49歲,女,二級,陽性
2229,30-39歲,男,無,陰性
2230,50-59歲,男,三級,陽性
2231,30-39歲,男,無,陰性
2232,40-49歲,男,無,陰性
2233,40-49歲,男,無,陰性
2234,60歲以上,女,無,陰性
2235,50-59歲,男,二級,陽性
2236,60歲以上,男,二級,陽性
2237,60歲以上,女,無,陰性
2238,30-39歲,男,無,陰性
2239,40-49歲,男,無,陰性
2240,50-59歲,男,無,陰性
2241,50-59歲,男,無,陰性
2242,50-59歲,男,三級,陽性
2243,40-49歲,女,無,陰性
2244,60歲以上,男,無,陰性
2245,30-39歲,女,三級,陽性
2246,30-39歲,女,無,陰性
2247,20-29歲,女,無,陰性
2248,50-59歲,男,無,陰性
2249,40-49歲,男,一級,陽性
2250,50-59歲,男,無,陰性
2251,40-49歲,男,無,陰性
2252,50-59歲,女,無,陰性
2253,20-29歲,男,二級,陽性
2254,50-59歲,男,無,陰性
2255,50-59歲,男,二級,陽性
2256,50-59歲,男,二級,陽性
2257,40-49歲,男,無,陰性
2258,40-49歲,女,無,陰性
2259,40-49歲,男,無,陰性
2260,30-39歲,男,無,陰性
2261,30-39歲,男,無,陰性
2262,40-49歲,男,無,陰性
2263,30-39歲,男,無,陰性
2264,40-49歲,男,二級,陽性
2265,40-49歲,男,無,陰性
2266,20-29歲,女,無,陰性
2267,40-49歲,男,二級,陽性
2268,50-59歲,男,二級,陽性
2269,40-49歲,男,無,陰性
2270,40-49歲,女,無,陰性
2271,60歲以上,男,一級,陽性
2272,40-49歲,女,無,陰性
2273,20-29歲,男,無,陰性
2274,19歲以下,男,無,陰性
2275,40-49歲,男,二級,陽性
2276,40-49歲,男,無,陰性
2277,19歲以下,男,二級,陽性
2278,50-59歲,男,無,陰性
2279,30-39歲,男,無,陰性
2280,50-59歲,男,二級,陽性
2281,30-39歲,男,無,陰性
2282,40-49歲,男,無,陰性
2283,40-49歲,女,二級,陽性
2284,50-59歲,女,二級,陽性
2285,30-39歲,男,無,陰性
2286,30-39歲,男,無,陰性
2287,50-59歲,女,無,陰性
2288,40-49歲,男,無,陰性
2289,30-39歲,男,二級,陽性
2290,50-59歲,男,無,陰性
2291,50-59歲,男,三級,陽性
2292,20-29歲,男,一級,陽性
2293,50-59歲,男,無,陰性
2294,50-59歲,男,三級,陽性
2295,40-49歲,男,二級,陽性
2296,50-59歲,男,無,陰性
2297,40-49歲,男,無,陰性
2298,50-59歲,男,無,陰性
2299,50-59歲,男,二級,陽性
2300,40-49歲,男,無,陰性
2301,40-49歲,男,無,陰性
2302,40-49歲,男,無,陰性
2303,30-39歲,男,無,陰性
2304,60歲以上,女,二級,陽性
2305,30-39歲,女,二級,陽性
2306,40-49歲,男,無,陰性
2307,40-49歲,女,無,陰性
2308,40-49歲,男,無,陰性
2309,40-49歲,男,無,陰性
2310,40-49歲,男,二級,陽性
2311,50-59歲,男,無,陰性
2312,60歲以上,男,無,陰性
2313,30-39歲,男,無,陰性
2314,50-59歲,男,二級,陽性
2315,30-39歲,男,無,陰性
2316,50-59歲,女,二級,陽性
2317,60歲以上,男,無,陰性
2318,30-39歲,女,二級,陽性
2319,40-49歲,男,無,陰性
2320,50-59歲,男,無,陰性
2321,40-49歲,男,無,陰性
2322,30-39歲,男,二級,陽性
2323,40-49歲,男,二級,陽性
2324,30-39歲,女,一級,陽性
2325,40-49歲,男,二級,陽性
2326,60歲以上,男,無,陰性
2327,30-39歲,男,無,陰性
2328,20-29歲,男,二級,陽性
2329,40-49歲,男,無,陰性
2330,60歲以上,男,無,陰性
2331,50-59歲,男,無,陰性
2332,40-49歲,男,一級,陽性
2333,40-49歲,男,無,陰性
2334,40-49歲,男,無,陰性
2335,50-59歲,男,無,陰性
2336,20-29歲,女,無,陰性
2337,30-39歲,男,無,陰性
2338,30-39歲,女,無,陰性
2339,20-29歲,男,無,陰性
2340,40-49歲,男,無,陰性
2341,50-59歲,男,無,陰性
2342,50-59歲,男,無,陰性
2343,50-59歲,女,無,陰性
2344,40-49歲,男,無,陰性
2345,50-59歲,男,無,陰性
2346,40-49歲,男,無,陰性
2347,40-49歲,男,三級,陽性
2348,19歲以下,男,無,陰性
2349,30-39歲,男,三級,陽性
2350,30-39歲,男,無,陰性
2351,20-29歲,男,無,陰性
2352,20-29歲,男,二級,陽性
2353,19歲以下,女,無,陰性
2354,50-59歲,女,無,陰性
2355,50-59歲,男,無,陰性
2356,40-49歲,男,無,陰性
2357,19歲以下,男,無,陰性
2358,30-39歲,男,無,陰性
2359,20-29歲,男,無,陰性
2360,40-49歲,女,二級,陽性
2361,40-49歲,男,無,陰性
2362,50-59歲,男,無,陰性
2363,60歲以上,女,無,陰性
2364,20-29歲,女,無,陰性
2365,50-59歲,男,二級,陽性
2366,50-59歲,女,一級,陽性
2367,50-59歲,男,無,陰性
2368,40-49歲,男,無,陰性
2369,30-39歲,女,無,陰性
2370,50-59歲,女,無,陰性
2371,50-59歲,女,無,陰性
2372,50-59歲,男,無,陰性
2373,50-59歲,男,二級,陽性
2374,50-59歲,男,無,陰性
2375,40-49歲,女,無,陰性
2376,50-59歲,男,無,陰性
2377,40-49歲,男,無,陰性
2378,40-49歲,男,二級,陽性
2379,40-49歲,女,無,陰性
2380,60歲以上,男,無,陰性
2381,40-49歲,男,無,陰性
2382,40-49歲,男,無,陰性
2383,30-39歲,男,無,陰性
2384,40-49歲,男,無,陰性
2385,40-49歲,男,無,陰性
2386,30-39歲,男,無,陰性
2387,30-39歲,男,無,陰性
2388,50-59歲,男,無,陰性
2389,50-59歲,男,無,陰性
2390,40-49歲,男,無,陰性
2391,40-49歲,男,無,陰性
2392,50-59歲,男,二級,陽性
2393,30-39歲,男,無,陰性
2394,19歲以下,男,無,陰性
2395,30-39歲,男,二級,陽性
2396,30-39歲,男,無,陰性
2397,40-49歲,男,無,陰性
2398,50-59歲,男,無,陰性
2399,50-59歲,男,二級,陽性
2400,50-59歲,男,無,陰性
2401,40-49歲,女,無,陰性
2402,30-39歲,男,無,陰性
2403,40-49歲,男,無,陰性
2404,40-49歲,男,無,陰性
2405,40-49歲,女,無,陰性
2406,30-39歲,男,無,陰性
2407,30-39歲,男,無,陰性
2408,40-49歲,男,三級,陽性
2409,50-59歲,男,無,陰性
2410,40-49歲,男,無,陰性
2411,50-59歲,男,無,陰性
2412,50-59歲,女,無,陰性
2413,40-49歲,女,無,陰性
2414,20-29歲,男,無,陰性
2415,60歲以上,男,二級,陽性
2416,50-59歲,男,無,陰性
2417,40-49歲,男,無,陰性
2418,30-39歲,男,無,陰性
2419,40-49歲,男,二級,陽性
2420,30-39歲,男,無,陰性
2421,40-49歲,男,無,陰性
2422,50-59歲,男,無,陰性
2423,50-59歲,男,無,陰性
2424,20-29歲,男,無,陰性
2425,40-49歲,男,二級,陽性
2426,40-49歲,男,無,陰性
2427,40-49歲,男,無,陰性
2428,40-49歲,男,無,陰性
2429,50-59歲,男,無,陰性
2430,40-49歲,男,無,陰性
2431,50-59歲,男,無,陰性
2432,40-49歲,男,無,陰性
2433,50-59歲,女,無,陰性
2434,40-49歲,男,二級,陽性
2435,30-39歲,男,無,陰性
2436,40-49歲,男,二級,陽性
2437,40-49歲,男,無,陰性
2438,40-49歲,女,無,陰性
2439,60歲以上,男,無,陰性
2440,30-39歲,女,無,陰性
2441,60歲以上,男,無,陰性
2442,50-59歲,男,無,陰性
2443,20-29歲,男,無,陰性
2444,40-49歲,男,二級,陽性
2445,50-59歲,女,無,陰性
2446,40-49歲,男,無,陰性
2447,50-59歲,男,無,陰性
2448,30-39歲,男,無,陰性
2449,30-39歲,男,無,陰性
2450,50-59歲,男,無,陰性
2451,50-59歲,男,無,陰性
2452,50-59歲,男,無,陰性
2453,30-39歲,男,二級,陽性
2454,50-59歲,男,無,陰性
2455,40-49歲,男,一級,陽性
2456,40-49歲,男,無,陰性
2457,20-29歲,男,無,陰性
2458,40-49歲,男,三級,陽性
2459,40-49歲,男,無,陰性
2460,30-39歲,女,無,陰性
2461,40-49歲,男,無,陰性
2462,60歲以上,女,無,陰性
2463,60歲以上,男,無,陰性
2464,30-39歲,男,三級,陽性
2465,60歲以上,男,無,陰性
2466,40-49歲,男,無,陰性
2467,40-49歲,男,無,陰性
2468,40-49歲,男,無,陰性
2469,40-49歲,男,無,陰性
2470,50-59歲,男,無,陰性
2471,60歲以上,男,無,陰性
2472,40-49歲,男,二級,陽性
2473,40-49歲,男,無,陰性
2474,19歲以下,男,無,陰性
2475,30-39歲,男,無,陰性
2476,50-59歲,男,三級,陽性
2477,40-49歲,男,無,陰性
2478,60歲以上,男,無,陰性
2479,60歲以上,男,無,陰性
2480,40-49歲,男,二級,陽性
2481,19歲以下,女,無,陰性
2482,40-49歲,男,無,陰性
2483,50-59歲,男,無,陰性
2484,40-49歲,男,無,陰性
2485,40-49歲,男,無,陰性
2486,40-49歲,男,二級,陽性
2487,30-39歲,男,無,陰性
2488,50-59歲,男,無,陰性
2489,40-49歲,男,無,陰性
2490,50-59歲,男,無,陰性
2491,30-39歲,女,一級,陽性
2492,40-49歲,男,無,陰性
2493,20-29歲,男,無,陰性
2494,30-39歲,男,二級,陽性
2495,60歲以上,男,無,陰性
2496,30-39歲,男,無,陰性
2497,40-49歲,男,無,陰性
2498,50-59歲,男,二級,陽性
2499,50-59歲,男,二級,陽性
2500,50-59歲,男,無,陰性
2501,30-39歲,男,無,陰性
2502,20-29歲,男,無,陰性
2503,40-49歲,男,無,陰性
2504,40-49歲,女,無,陰性
2505,50-59歲,男,無,陰性
2506,50-59歲,女,無,陰性
2507,19歲以下,女,無,陰性
2508,30-39歲,男,無,陰性
2509,40-49歲,男,無,陰性
2510,40-49歲,男,無,陰性
2511,50-59歲,男,無,陰性
2512,40-49歲,男,無,陰性
2513,40-49歲,男,無,陰性
2514,40-49歲,男,無,陰性
2515,30-39歲,男,無,陰性
2516,60歲以上,男,無,陰性
2517,30-39歲,男,無,陰性
2518,50-59歲,女,二級,陽性
2519,40-49歲,男,無,陰性
2520,40-49歲,男,二級,陽性
2521,40-49歲,男,無,陰性
2522,40-49歲,男,二級,陽性
2523,50-59歲,女,無,陰性
2524,40-49歲,女,無,陰性
2525,40-49歲,男,無,陰性
2526,30-39歲,男,無,陰性
2527,60歲以上,女,無,陰性
2528,30-39歲,男,三級,陽性
2529,30-39歲,男,無,陰性
2530,60歲以上,男,無,陰性
2531,50-59歲,男,無,陰性
2532,30-39歲,男,無,陰性
2533,20-29歲,男,無,陰性
2534,40-49歲,男,無,陰性
2535,50-59歲,男,無,陰性
2536,60歲以上,男,無,陰性
2537,50-59歲,男,二級,陽性
2538,40-49歲,男,無,陰性
2539,50-59歲,男,無,陰性
2540,40-49歲,男,無,陰性
2541,60歲以上,女,無,陰性
2542,40-49歲,男,無,陰性
2543,50-59歲,女,無,陰性
2544,50-59歲,男,無,陰性
2545,50-59歲,男,無,陰性
2546,40-49歲,男,無,陰性
2547,60歲以上,男,無,陰性
2548,40-49歲,女,二級,陽性
2549,60歲以上,男,無,陰性
2550,30-39歲,男,無,陰性
2551,50-59歲,男,無,陰性
2552,40-49歲,男,無,陰性
2553,60歲以上,男,無,陰性
2554,30-39歲,男,一級,陽性
2555,40-49歲,男,無,陰性
2556,50-59歲,男,一級,陽性
2557,20-29歲,男,無,陰性
2558,40-49歲,男,無,陰性
2559,50-59歲,男,無,陰性
2560,30-39歲,男,一級,陽性
2561,40-49歲,女,三級,陽性
2562,30-39歲,女,無,陰性
2563,40-49歲,女,無,陰性
2564,50-59歲,男,無,陰性
2565,30-39歲,男,無,陰性
2566,40-49歲,男,無,陰性
2567,50-59歲,男,無,陰性
2568,40-49歲,女,無,陰性
2569,30-39歲,男,二級,陽性
2570,30-39歲,男,無,陰性
2571,40-49歲,男,無,陰性
2572,30-39歲,女,無,陰性
2573,40-49歲,男,二級,陽性
2574,40-49歲,女,無,陰性
2575,40-49歲,女,無,陰性
2576,40-49歲,男,無,陰性
2577,50-59歲,男,無,陰性
2578,60歲以上,女,二級,陽性
2579,40-49歲,男,無,陰性
2580,30-39歲,男,無,陰性
2581,30-39歲,男,無,陰性
2582,19歲以下,男,二級,陽性
2583,50-59歲,男,無,陰性
2584,30-39歲,男,無,陰性
2585,20-29歲,男,無,陰性
2586,40-49歲,男,二級,陽性
2587,60歲以上,女,無,陰性
2588,30-39歲,女,無,陰性
2589,40-49歲,男,三級,陽性
2590,30-39歲,男,無,陰性
2591,19歲以下,男,無,陰性
2592,40-49歲,男,無,陰性
2593,20-29歲,男,無,陰性
2594,40-49歲,男,無,陰性
2595,40-49歲,男,無,陰性
2596,50-59歲,男,無,陰性
2597,50-59歲,男,無,陰性
2598,50-59歲,男,無,陰性
2599,40-49歲,男,二級,陽性
2600,50-59歲,男,二級,陽性
2601,40-49歲,女,無,陰性
2602,60歲以上,男,無,陰性
2603,40-49歲,男,無,陰性
2604,40-49歲,男,無,陰性
2605,20-29歲,女,無,陰性
2606,40-49歲,男,無,陰性
2607,60歲以上,男,二級,陽性
2608,40-49歲,男,無,陰性
2609,40-49歲,女,二級,陽性
2610,20-29歲,男,二級,陽性
2611,60歲以上,男,無,陰性
2612,50-59歲,女,無,陰性
2613,40-49歲,女,無,陰性
2614,40-49歲,女,無,陰性
2615,30-39歲,男,無,陰性
2616,50-59歲,男,無,陰性
2617,50-59歲,男,二級,陽性
2618,50-59歲,女,無,陰性
2619,40-49歲,男,無,陰性
2620,30-39歲,女,無,陰性
2621,50-59歲,男,無,陰性
2622,50-59歲,男,二級,陽性
2623,40-49歲,男,無,陰性
2624,40-49歲,男,二級,陽性
2625,50-59歲,男,二級,陽性
2626,40-49歲,男,無,陰性
2627,40-49歲,男,無,陰性
2628,30-39歲,男,無,陰性
2629,19歲以下,女,無,陰性
2630,20-29歲,男,無,陰性
2631,30-39歲,男,無,陰性
2632,60歲以上,男,無,陰性
2633,50-59歲,男,無,陰性
2634,40-49歲,男,無,陰性
2635,20-29歲,男,無,陰性
2636,50-59歲,男,三級,陽性
2637,40-49歲,男,二級,陽性
2638,50-59歲,男,二級,陽性
2639,50-59歲,男,無,陰性
2640,50-59歲,女,無,陰性
2641,30-39歲,男,無,陰性
2642,50-59歲,男,無,陰性
2643,30-39歲,男,無,陰性
2644,20-29歲,男,一級,陽性
2645,40-49歲,女,無,陰性
2646,50-59歲,男,無,陰性
2647,40-49歲,男,三級,陽性
2648,50-59歲,男,無,陰性
2649,30-39歲,男,無,陰性
2650,60歲以上,男,二級,陽性
2651,40-49歲,男,無,陰性
2652,40-49歲,男,無,陰性
2653,60歲以上,男,二級,陽性
2654,40-49歲,男,無,陰性
2655,50-59歲,男,無,陰性
2656,50-59歲,男,無,陰性
2657,50-59歲,男,無,陰性
2658,40-49歲,男,無,陰性
2659,60歲以上,男,無,陰性
2660,40-49歲,男,無,陰性
2661,50-59歲,男,無,陰性
2662,40-49歲,女,無,陰性
2663,30-39歲,男,無,陰性
2664,60歲以上,男,無,陰性
2665,40-49歲,男,無,陰性
2666,60歲以上,女,無,陰性
2667,30-39歲,男,無,陰性
2668,20-29歲,男,無,陰性
2669,50-59歲,男,二級,陽性
2670,30-39歲,男,一級,陽性
2671,50-59歲,男,無,陰性
2672,40-49歲,男,無,陰性
2673,60歲以上,男,無,陰性
2674,20-29歲,男,二級,陽性
2675,30-39歲,女,無,陰性
2676,40-49歲,男,無,陰性
2677,40-49歲,男,無,陰性
2678,40-49歲,女,無,陰性
2679,40-49歲,男,無,陰性
2680,40-49歲,男,二級,陽性
2681,40-49歲,女,無,陰性
2682,40-49歲,女,無,陰性
2683,20-29歲,女,三級,陽性
2684,50-59歲,男,二級,陽性
2685,40-49歲,男,無,陰性
2686,40-49歲,男,無,陰性
2687,40-49歲,女,無,陰性
2688,60歲以上,男,無,陰性
2689,40-49歲,男,無,陰性
2690,40-49歲,男,無,陰性
2691,50-59歲,男,無,陰性
2692,50-59歲,男,無,陰性
2693,40-49歲,女,一級,陽性
2694,60歲以上,男,無,陰性
2695,60歲以上,男,無,陰性
2696,50-59歲,男,無,陰性
2697,40-49歲,男,二級,陽性
2698,30-39歲,男,無,陰性
2699,20-29歲,女,無,陰性
2700,20-29歲,男,無,陰性
2701,50-59歲,女,無,陰性
2702,60歲以上,男,無,陰性
2703,40-49歲,男,無,陰性
2704,19歲以下,女,無,陰性
2705,40-49歲,女,一級,陽性
2706,20-29歲,男,二級,陽性
2707,50-59歲,男,無,陰性
2708,40-49歲,男,無,陰性
2709,50-59歲,男,二級,陽性
2710,30-39歲,男,無,陰性
2711,40-49歲,男,無,陰性
2712,40-49歲,男,二級,陽性
2713,30-39歲,男,二級,陽性
2714,60歲以上,男,無,陰性
2715,40-49歲,男,無,陰性
2716,50-59歲,男,無,陰性
2717,20-29歲,男,無,陰性
2718,40-49歲,男,無,陰性
2719,20-29歲,男,無,陰性
2720,60歲以上,男,無,陰性
2721,40-49歲,男,無,陰性
2722,40-49歲,男,無,陰性
2723,40-49歲,男,無,陰性
2724,30-39歲,男,二級,陽性
2725,40-49歲,女,無,陰性
2726,40-49歲,男,一級,陽性
2727,50-59歲,男,無,陰性
2728,20-29歲,女,無,陰性
2729,40-49歲,男,無,陰性
2730,30-39歲,女,無,陰性
2731,60歲以上,女,無,陰性
2732,40-49歲,男,無,陰性
2733,60歲以上,男,無,陰性
2734,60歲以上,男,無,陰性
2735,50-59歲,男,無,陰性
2736,50-59歲,男,無,陰性
2737,50-59歲,女,無,陰性
2738,50-59歲,男,無,陰性
2739,40-49歲,男,無,陰性
2740,60歲以上,男,一級,陽性
2741,40-49歲,女,三級,陽性
2742,40-49歲,女,無,陰性
2743,50-59歲,男,無,陰性
2744,19歲以下,男,無,陰性
2745,40-49歲,男,無,陰性
2746,50-59歲,男,無,陰性
2747,30-39歲,男,無,陰性
2748,19歲以下,男,無,陰性
2749,30-39歲,男,無,陰性
2750,50-59歲,男,無,陰性
2751,30-39歲,男,二級,陽性
2752,50-59歲,男,無,陰性
2753,30-39歲,男,二級,陽性
2754,20-29歲,男,無,陰性
2755,40-49歲,男,無,陰性
2756,50-59歲,男,二級,陽性
2757,40-49歲,男,二級,陽性
2758,40-49歲,男,無,陰性
2759,40-49歲,女,無,陰性
2760,30-39歲,男,無,陰性
2761,60歲以上,男,無,陰性
2762,30-39歲,女,二級,陽性
2763,60歲以上,男,無,陰性
2764,30-39歲,男,無,陰性
2765,50-59歲,男,二級,陽性
2766,50-59歲,男,無,陰性
2767,50-59歲,男,無,陰性
2768,30-39歲,男,無,陰性
2769,40-49歲,男,無,陰性
2770,30-39歲,男,無,陰性
2771,30-39歲,男,無,陰性
2772,40-49歲,女,無,陰性
2773,40-49歲,男,二級,陽性
2774,40-49歲,男,無,陰性
2775,50-59歲,女,無,陰性
2776,50-59歲,男,無,陰性
2777,40-49歲,男,無,陰性
2778,40-49歲,男,無,陰性
2779,40-49歲,男,二級,陽性
2780,40-49歲,男,無,陰性
2781,40-49歲,女,無,陰性
2782,40-49歲,女,無,陰性
2783,20-29歲,男,二級,陽性
2784,50-59歲,男,無,陰性
2785,50-59歲,女,二級,陽性
2786,50-59歲,男,無,陰性
2787,30-39歲,男,二級,陽性
2788,40-49歲,男,無,陰性
2789,40-49歲,男,無,陰性
2790,50-59歲,男,無,陰性
2791,50-59歲,男,無,陰性
2792,50-59歲,女,無,陰性
2793,30-39歲,男,無,陰性
2794,40-49歲,男,一級,陽性
2795,50-59歲,女,無,陰性
2796,50-59歲,男,無,陰性
2797,40-49歲,男,無,陰性
2798,40-49歲,男,無,陰性
2799,40-49歲,男,無,陰性
2800,40-49歲,男,無,陰性
2801,40-49歲,男,無,陰性
2802,50-59歲,男,無,陰性
2803,40-49歲,男,無,陰性
2804,50-59歲,男,無,陰性
2805,50-59歲,女,無,陰性
2806,60歲以上,男,無,陰性
2807,50-59歲,男,二級,陽性
2808,50-59歲,男,無,陰性
2809,60歲以上,女,二級,陽性
2810,50-59歲,男,無,陰性
2811,30-39歲,男,無,陰性
2812,60歲以上,男,無,陰性
2813,40-49歲,男,二級,陽性
2814,19歲以下,男,無,陰性
2815,40-49歲,男,無,陰性
2816,50-59歲,男,無,陰性
2817,40-49歲,男,無,陰性
2818,40-49歲,男,無,陰性
2819,30-39歲,男,無,陰性
2820,50-59歲,男,無,陰性
2821,40-49歲,男,無,陰性
2822,40-49歲,女,無,陰性
2823,50-59歲,男,無,陰性
2824,60歲以上,男,無,陰性
2825,40-49歲,男,無,陰性
2826,50-59歲,男,無,陰性
2827,50-59歲,女,無,陰性
2828,50-59歲,女,二級,陽性
2829,30-39歲,男,無,陰性
2830,30-39歲,男,無,陰性
2831,50-59歲,男,無,陰性
2832,50-59歲,男,無,陰性
2833,40-49歲,男,無,陰性
2834,50-59歲,女,無,陰性
2835,40-49歲,男,二級,陽性
2836,60歲以上,女,無,陰性
2837,40-49歲,男,二級,陽性
2838,60歲以上,男,二級,陽性
2839,50-59歲,男,無,陰性
2840,50-59歲,男,無,陰性
2841,40-49歲,男,二級,陽性
2842,20-29歲,男,無,陰性
2843,50-59歲,男,無,陰性
2844,40-49歲,男,無,陰性
2845,30-39歲,男,無,陰性
2846,50-59歲,男,無,陰性
2847,50-59歲,男,無,陰性
2848,50-59歲,男,二級,陽性
2849,20-29歲,女,無,陰性
2850,30-39歲,男,無,陰性
2851,60歲以上,男,無,陰性
2852,40-49歲,男,三級,陽性
2853,40-49歲,男,無,陰性
2854,40-49歲,男,無,陰性
2855,50-59歲,女,無,陰性
2856,50-59歲,男,無,陰性
2857,40-49歲,男,無,陰性
2858,50-59歲,男,無,陰性
2859,40-49歲,女,無,陰性
2860,30-39歲,男,無,陰性
2861,20-29歲,男,一級,陽性
2862,40-49歲,男,二級,陽性
2863,50-59歲,男,無,陰性
2864,50-59歲,男,無,陰性
2865,19歲以下,女,二級,陽性
2866,50-59歲,男,無,陰性
2867,50-59歲,女,無,陰性
2868,40-49歲,男,無,陰性
2869,50-59歲,女,無,陰性
2870,40-49歲,男,無,陰性
2871,50-59歲,男,無,陰性
2872,50-59歲,男,無,陰性
2873,30-39歲,女,無,陰性
2874,50-59歲,男,一級,陽性
2875,50-59歲,男,無,陰性
2876,50-59歲,男,三級,陽性
2877,40-49歲,男,無,陰性
2878,40-49歲,男,無,陰性
2879,50-59歲,男,二級,陽性
2880,19歲以下,男,無,陰性
2881,50-59歲,男,無,陰性
2882,40-49歲,男,一級,陽性
2883,30-39歲,男,二級,陽性
2884,50-59歲,女,無,陰性
2885,40-49歲,男,無,陰性
2886,40-49歲,男,無,陰性
2887,50-59歲,男,二級,陽性
2888,50-59歲,女,無,陰性
2889,40-49歲,男,無,陰性
2890,40-49歲,男,無,陰性
2891,50-59歲,男,無,陰性
2892,50-59歲,男,無,陰性
2893,40-49歲,男,無,陰性
2894,30-39歲,男,無,陰性
2895,40-49歲,男,二級,陽性
2896,40-49歲,男,無,陰性
2897,30-39歲,男,無,陰性
2898,40-49歲,男,二級,陽性
2899,40-49歲,男,無,陰性
2900,50-59歲,女,無,陰性
2901,30-39歲,女,無,陰性
2902,30-39歲,男,無,陰性
2903,50-59歲,男,無,陰性
2904,50-59歲,女,無,陰性
2905,50-59歲,男,無,陰性
2906,50-59歲,男,無,陰性
2907,30-39歲,男,無,陰性
2908,40-49歲,男,無,陰性
2909,40-49歲,男,無,陰性
2910,30-39歲,男,二級,陽性
2911,30-39歲,男,無,陰性
2912,40-49歲,男,三級,陽性
2913,50-59歲,男,無,陰性
2914,60歲以上,男,二級,陽性
2915,60歲以上,男,二級,陽性
2916,40-49歲,女,一級,陽性
2917,30-39歲,男,無,陰性
2918,40-49歲,男,無,陰性
2919,40-49歲,男,無,陰性
2920,50-59歲,男,無,陰性
2921,40-49歲,男,無,陰性
2922,50-59歲,女,三級,陽性
2923,40-49歲,男,無,陰性
2924,50-59歲,女,三級,陽性
2925,50-59歲,男,無,陰性
2926,50-59歲,男,無,陰性
2927,20-29歲,男,無,陰性
2928,40-49歲,女,無,陰性
2929,30-39歲,男,無,陰性
2930,60歲以上,男,無,陰性
2931,30-39歲,男,一級,陽性
2932,40-49歲,男,無,陰性
2933,50-59歲,男,無,陰性
2934,60歲以上,男,一級,陽性
2935,50-59歲,男,無,陰性
2936,40-49歲,男,無,陰性
2937,50-59歲,男,無,陰性
2938,40-49歲,男,無,陰性
2939,40-49歲,男,無,陰性
2940,30-39歲,男,無,陰性
2941,50-59歲,女,二級,陽性
2942,50-59歲,女,無,陰性
2943,30-39歲,男,二級,陽性
2944,60歲以上,男,無,陰性
2945,60歲以上,男,無,陰性
2946,50-59歲,男,無,陰性
2947,19歲以下,男,無,陰性
2948,40-49歲,男,無,陰性
2949,50-59歲,男,無,陰性
2950,30-39歲,男,無,陰性
2951,50-59歲,男,無,陰性
2952,20-29歲,男,無,陰性
2953,40-49歲,男,無,陰性
2954,50-59歲,女,無,陰性
2955,60歲以上,女,無,陰性
2956,20-29歲,男,無,陰性
2957,40-49歲,男,無,陰性
2958,50-59歲,男,三級,陽性
2959,50-59歲,男,無,陰性
2960,40-49歲,男,無,陰性
2961,60歲以上,女,無,陰性
2962,40-49歲,男,無,陰性
2963,40-49歲,男,無,陰性
2964,50-59歲,男,二級,陽性
2965,60歲以上,男,無,陰性
2966,50-59歲,男,無,陰性
2967,40-49歲,男,無,陰性
2968,50-59歲,男,二級,陽性
2969,50-59歲,男,無,陰性
2970,40-49歲,女,無,陰性
2971,50-59歲,男,無,陰性
2972,40-49歲,男,無,陰性
2973,40-49歲,男,三級,陽性
2974,30-39歲,男,無,陰性
2975,20-29歲,女,無,陰性
2976,30-39歲,女,無,陰性
2977,40-49歲,男,無,陰性
2978,50-59歲,女,無,陰性
2979,40-49歲,男,無,陰性
2980,50-59歲,女,二級,陽性
2981,20-29歲,男,一級,陽性
2982,30-39歲,男,無,陰性
2983,30-39歲,女,無,陰性
2984,40-49歲,男,無,陰性
2985,60歲以上,男,二級,陽性
2986,40-49歲,女,二級,陽性
2987,40-49歲,男,二級,陽性
2988,20-29歲,女,無,陰性
2989,40-49歲,男,無,陰性
2990,30-39歲,男,無,陰性
2991,30-39歲,男,無,陰性
2992,40-49歲,男,無,陰性
2993,40-49歲,男,無,陰性
2994,40-49歲,男,無,陰性
2995,30-39歲,男,無,陰性
2996,50-59歲,男,一級,陽性
2997,40-49歲,男,無,陰性
2998,20-29歲,女,無,陰性
2999,19歲以下,男,無,陰性
3000,30-39歲,男,無,陰性
3001,50-59歲,男,無,陰性
3002,60歲以上,女,無,陰性
3003,60歲以上,女,無,陰性
3004,40-49歲,男,無,陰性
3005,40-49歲,女,無,陰性
3006,50-59歲,女,三級,陽性
3007,40-49歲,男,無,陰性
3008,40-49歲,男,二級,陽性
3009,50-59歲,男,無,陰性
3010,50-59歲,男,三級,陽性
3011,50-59歲,男,無,陰性
3012,30-39歲,女,無,陰性
3013,40-49歲,女,無,陰性
3014,30-39歲,男,無,陰性
3015,30-39歲,女,無,陰性
3016,30-39歲,男,無,陰性
3017,60歲以上,男,無,陰性
3018,50-59歲,男,三級,陽性
3019,30-39歲,男,無,陰性
3020,30-39歲,男,二級,陽性
3021,20-29歲,女,二級,陽性
3022,19歲以下,男,無,陰性
3023,20-29歲,男,二級,陽性
3024,40-49歲,男,無,陰性
3025,30-39歲,女,無,陰性
3026,40-49歲,男,無,陰性
3027,60歲以上,男,無,陰性
3028,40-49歲,男,無,陰性
3029,40-49歲,男,無,陰性
3030,30-39歲,男,無,陰性
3031,50-59歲,男,無,陰性
3032,60歲以上,男,無,陰性
3033,20-29歲,女,三級,陽性
3034,30-39歲,男,無,陰性
3035,50-59歲,男,三級,陽性
3036,40-49歲,男,無,陰性
3037,40-49歲,男,一級,陽性
3038,20-29歲,男,無,陰性
3039,50-59歲,男,無,陰性
3040,40-49歲,男,三級,陽性
3041,20-29歲,女,無,陰性
3042,50-59歲,男,無,陰性
3043,60歲以上,男,二級,陽性
3044,40-49歲,男,無,陰性
3045,50-59歲,男,無,陰性
3046,40-49歲,男,無,陰性
3047,20-29歲,男,無,陰性
3048,20-29歲,男,無,陰性
3049,40-49歲,男,無,陰性
3050,50-59歲,男,無,陰性
3051,50-59歲,女,無,陰性
3052,40-49歲,男,三級,陽性
3053,40-49歲,男,三級,陽性
3054,40-49歲,男,無,陰性
3055,40-49歲,男,無,陰性
3056,40-49歲,男,無,陰性
3057,50-59歲,男,無,陰性
3058,50-59歲,男,無,陰性
3059,40-49歲,男,三級,陽性
3060,20-29歲,女,無,陰性
3061,40-49歲,男,無,陰性
3062,40-49歲,男,無,陰性
3063,50-59歲,男,無,陰性
3064,40-49歲,男,無,陰性
3065,30-39歲,男,無,陰性
3066,30-39歲,男,無,陰性
3067,50-59歲,男,無,陰性
3068,40-49歲,男,無,陰性
3069,40-49歲,男,無,陰性
3070,20-29歲,男,一級,陽性
3071,30-39歲,男,一級,陽性
3072,50-59歲,男,無,陰性
3073,60歲以上,男,無,陰性
3074,50-59歲,男,無,陰性
3075,40-49歲,男,無,陰性
3076,30-39歲,男,無,陰性
3077,20-29歲,男,無,陰性
3078,60歲以上,男,無,陰性
3079,40-49歲,男,無,陰性
3080,50-59歲,男,無,陰性
3081,19歲以下,男,無,陰性
3082,30-39歲,男,無,陰性
3083,30-39歲,男,無,陰性
3084,40-49歲,男,三級,陽性
3085,50-59歲,女,無,陰性
3086,50-59歲,女,無,陰性
3087,30-39歲,男,無,陰性
3088,50-59歲,男,三級,陽性
3089,40-49歲,男,無,陰性
3090,50-59歲,男,三級,陽性
3091,30-39歲,男,無,陰性
3092,50-59歲,男,無,陰性
3093,40-49歲,男,二級,陽性
3094,60歲以上,男,二級,陽性
3095,40-49歲,男,無,陰性
3096,50-59歲,男,二級,陽性
3097,20-29歲,男,無,陰性
3098,40-49歲,男,無,陰性
3099,40-49歲,男,一級,陽性
3100,60歲以上,男,無,陰性
3101,20-29歲,男,二級,陽性
3102,40-49歲,女,無,陰性
3103,40-49歲,女,無,陰性
3104,30-39歲,男,無,陰性
3105,60歲以上,男,二級,陽性
3106,40-49歲,男,無,陰性
3107,30-39歲,男,無,陰性
3108,50-59歲,男,二級,陽性
3109,50-59歲,男,無,陰性
3110,20-29歲,男,無,陰性
3111,30-39歲,男,無,陰性
3112,40-49歲,男,無,陰性
3113,20-29歲,男,無,陰性
3114,19歲以下,男,無,陰性
3115,30-39歲,男,無,陰性
3116,19歲以下,男,二級,陽性
3117,40-49歲,男,無,陰性
3118,19歲以下,女,無,陰性
3119,50-59歲,男,無,陰性
3120,20-29歲,男,無,陰性
3121,40-49歲,男,無,陰性
3122,50-59歲,男,無,陰性
3123,60歲以上,男,無,陰性
3124,50-59歲,男,無,陰性
3125,40-49歲,男,無,陰性
3126,40-49歲,男,無,陰性
3127,50-59歲,男,無,陰性
3128,40-49歲,男,無,陰性
3129,50-59歲,男,無,陰性
3130,30-39歲,男,二級,陽性
3131,40-49歲,男,二級,陽性
3132,60歲以上,男,無,陰性
3133,40-49歲,男,無,陰性
3134,40-49歲,男,無,陰性
3135,50-59歲,男,無,陰性
3136,40-49歲,女,二級,陽性
3137,50-59歲,男,無,陰性
3138,40-49歲,男,無,陰性
3139,40-49歲,女,無,陰性
3140,50-59歲,男,無,陰性
3141,40-49歲,男,無,陰性
3142,60歲以上,男,無,陰性
3143,30-39歲,男,二級,陽性
3144,40-49歲,男,二級,陽性
3145,20-29歲,男,三級,陽性
3146,30-39歲,男,無,陰性
3147,60歲以上,男,二級,陽性
3148,40-49歲,男,三級,陽性
3149,40-49歲,男,二級,陽性
3150,40-49歲,女,無,陰性
3151,50-59歲,男,無,陰性
3152,50-59歲,女,無,陰性
3153,20-29歲,男,無,陰性
3154,30-39歲,男,無,陰性
3155,40-49歲,男,二級,陽性
3156,60歲以上,男,無,陰性
3157,60歲以上,男,無,陰性
3158,30-39歲,男,無,陰性
3159,50-59歲,男,二級,陽性
3160,20-29歲,男,無,陰性
3161,50-59歲,男,一級,陽性
3162,40-49歲,男,無,陰性
3163,50-59歲,女,二級,陽性
3164,40-49歲,男,一級,陽性
3165,60歲以上,男,無,陰性
3166,50-59歲,男,無,陰性
3167,40-49歲,男,無,陰性
3168,40-49歲,男,無,陰性
3169,40-49歲,女,無,陰性
3170,40-49歲,男,二級,陽性
3171,30-39歲,男,無,陰性
3172,40-49歲,男,無,陰性
3173,40-49歲,男,無,陰性
3174,20-29歲,男,無,陰性
3175,40-49歲,女,無,陰性
3176,50-59歲,男,無,陰性
3177,40-49歲,男,一級,陽性
3178,40-49歲,男,無,陰性
3179,60歲以上,男,無,陰性
3180,40-49歲,女,一級,陽性
3181,50-59歲,男,無,陰性
3182,50-59歲,男,無,陰性
3183,40-49歲,男,無,陰性
3184,20-29歲,男,二級,陽性
3185,60歲以上,男,二級,陽性
3186,40-49歲,女,無,陰性
3187,40-49歲,男,一級,陽性
3188,30-39歲,男,無,陰性
3189,40-49歲,女,無,陰性
3190,50-59歲,男,無,陰性
3191,60歲以上,男,無,陰性
3192,40-49歲,男,無,陰性
3193,20-29歲,女,二級,陽性
3194,50-59歲,男,無,陰性
3195,50-59歲,男,二級,陽性
3196,20-29歲,男,無,陰性
3197,40-49歲,女,無,陰性
3198,50-59歲,男,無,陰性
3199,40-49歲,男,無,陰性
3200,30-39歲,男,無,陰性
3201,40-49歲,男,無,陰性
3202,50-59歲,男,無,陰性
3203,50-59歲,男,無,陰性
3204,40-49歲,男,無,陰性
3205,50-59歲,女,無,陰性
3206,60歲以上,男,無,陰性
3207,50-59歲,男,無,陰性
3208,40-49歲,男,二級,陽性
3209,50-59歲,女,無,陰性
3210,40-49歲,男,二級,陽性
3211,60歲以上,女,無,陰性
3212,30-39歲,男,三級,陽性
3213,20-29歲,男,三級,陽性
3214,50-59歲,男,一級,陽性
3215,60歲以上,男,一級,陽性
3216,40-49歲,男,無,陰性
3217,40-49歲,女,無,陰性
3218,50-59歲,男,無,陰性
3219,30-39歲,男,二級,陽性
3220,30-39歲,男,無,陰性
3221,40-49歲,男,無,陰性
3222,40-49歲,男,二級,陽性
3223,50-59歲,男,二級,陽性
3224,40-49歲,男,無,陰性
3225,30-39歲,男,無,陰性
3226,40-49歲,男,無,陰性
3227,40-49歲,女,三級,陽性
3228,60歲以上,男,無,陰性
3229,60歲以上,女,二級,陽性
3230,40-49歲,男,無,陰性
3231,50-59歲,男,無,陰性
3232,20-29歲,男,無,陰性
3233,40-49歲,男,無,陰性
3234,30-39歲,男,二級,陽性
3235,40-49歲,男,無,陰性
3236,30-39歲,女,無,陰性
3237,20-29歲,女,一級,陽性
3238,40-49歲,男,無,陰性
3239,30-39歲,男,二級,陽性
3240,40-49歲,男,無,陰性
3241,40-49歲,女,無,陰性
3242,50-59歲,男,無,陰性
3243,50-59歲,男,無,陰性
3244,40-49歲,男,無,陰性
3245,30-39歲,男,無,陰性
3246,50-59歲,男,二級,陽性
3247,40-49歲,男,二級,陽性
3248,19歲以下,男,無,陰性
3249,40-49歲,男,無,陰性
3250,30-39歲,男,無,陰性
3251,20-29歲,男,二級,陽性
3252,40-49歲,男,無,陰性
3253,40-49歲,男,無,陰性
3254,40-49歲,男,無,陰性
3255,30-39歲,男,無,陰性
3256,40-49歲,男,無,陰性
3257,50-59歲,男,無,陰性
3258,40-49歲,男,無,陰性
3259,40-49歲,男,無,陰性
3260,20-29歲,男,無,陰性
3261,40-49歲,男,三級,陽性
3262,60歲以上,男,三級,陽性
3263,40-49歲,男,無,陰性
3264,30-39歲,男,無,陰性
3265,60歲以上,男,無,陰性
3266,20-29歲,男,無,陰性
3267,30-39歲,女,無,陰性
3268,50-59歲,男,二級,陽性
3269,60歲以上,男,無,陰性
3270,20-29歲,男,無,陰性
3271,50-59歲,男,無,陰性
3272,40-49歲,男,二級,陽性
3273,40-49歲,男,無,陰性
3274,40-49歲,男,無,陰性
3275,40-49歲,男,無,陰性
3276,50-59歲,男,二級,陽性
3277,50-59歲,男,二級,陽性
3278,40-49歲,男,二級,陽性
3279,50-59歲,男,二級,陽性
3280,30-39歲,女,無,陰性
3281,40-49歲,男,無,陰性
3282,40-49歲,男,無,陰性
3283,60歲以上,男,無,陰性
3284,40-49歲,女,無,陰性
3285,40-49歲,男,二級,陽性
3286,40-49歲,男,無,陰性
3287,40-49歲,男,無,陰性
3288,30-39歲,女,無,陰性
3289,30-39歲,男,無,陰性
3290,30-39歲,男,無,陰性
3291,50-59歲,男,無,陰性
3292,40-49歲,男,無,陰性
3293,50-59歲,女,無,陰性
3294,40-49歲,男,二級,陽性
3295,60歲以上,男,無,陰性
3296,50-59歲,男,二級,陽性
3297,60歲以上,男,無,陰性
3298,60歲以上,男,無,陰性
3299,30-39歲,男,無,陰性
3300,50-59歲,男,無,陰性
3301,30-39歲,男,二級,陽性
3302,50-59歲,男,無,陰性
3303,50-59歲,女,無,陰性
3304,50-59歲,男,無,陰性
3305,50-59歲,男,無,陰性
3306,40-49歲,男,二級,陽性
3307,50-59歲,男,三級,陽性
3308,20-29歲,女,無,陰性
3309,40-49歲,男,一級,陽性
3310,30-39歲,男,無,陰性
3311,20-29歲,男,無,陰性
3312,40-49歲,女,無,陰性
3313,30-39歲,女,無,陰性
3314,50-59歲,男,無,陰性
3315,50-59歲,男,無,陰性
3316,30-39歲,男,無,陰性
3317,20-29歲,男,二級,陽性
3318,50-59歲,女,無,陰性
3319,50-59歲,女,無,陰性
3320,50-59歲,女,無,陰性
3321,30-39歲,男,無,陰性
3322,19歲以下,男,二級,陽性
3323,60歲以上,男,無,陰性
3324,30-39歲,男,無,陰性
3325,40-49歲,女,無,陰性
3326,60歲以上,男,無,陰性
3327,40-49歲,男,無,陰性
3328,30-39歲,男,一級,陽性
3329,60歲以上,男,二級,陽性
3330,40-49歲,男,無,陰性
3331,50-59歲,男,二級,陽性
3332,19歲以下,男,無,陰性
3333,40-49歲,女,無,陰性
3334,19歲以下,男,無,陰性
3335,19歲以下,男,無,陰性
3336,60歲以上,男,無,陰性
3337,50-59歲,女,無,陰性
3338,40-49歲,女,二級,陽性
3339,50-59歲,男,無,陰性
3340,30-39歲,男,二級,陽性
3341,30-39歲,男,無,陰性
3342,40-49歲,男,三級,陽性
3343,60歲以上,男,二級,陽性
3344,20-29歲,女,無,陰性
3345,40-49歲,男,無,陰性
3346,40-49歲,男,無,陰性
3347,50-59歲,男,無,陰性
3348,50-59歲,男,無,陰性
3349,40-49歲,男,無,陰性
3350,50-59歲,男,二級,陽性
3351,60歲以上,男,二級,陽性
3352,60歲以上,男,無,陰性
3353,60歲以上,男,無,陰性
3354,60歲以上,男,無,陰性
3355,40-49歲,男,無,陰性
3356,50-59歲,男,無,陰性
3357,40-49歲,男,無,陰性
3358,40-49歲,男,無,陰性
3359,50-59歲,男,一級,陽性
3360,50-59歲,男,無,陰性
3361,60歲以上,男,無,陰性
3362,40-49歲,男,無,陰性
3363,50-59歲,女,無,陰性
3364,50-59歲,男,無,陰性
3365,50-59歲,男,二級,陽性
3366,60歲以上,男,二級,陽性
3367,50-59歲,男,無,陰性
3368,50-59歲,男,無,陰性
3369,40-49歲,男,三級,陽性
3370,20-29歲,男,二級,陽性
3371,40-49歲,男,無,陰性
3372,20-29歲,男,無,陰性
3373,30-39歲,男,無,陰性
3374,20-29歲,男,無,陰性
3375,40-49歲,男,無,陰性
3376,40-49歲,男,二級,陽性
3377,40-49歲,男,二級,陽性
3378,50-59歲,女,無,陰性
3379,30-39歲,男,無,陰性
3380,40-49歲,男,無,陰性
3381,50-59歲,男,二級,陽性
3382,40-49歲,男,三級,陽性
3383,60歲以上,女,無,陰性
3384,19歲以下,男,無,陰性
3385,50-59歲,男,無,陰性
3386,40-49歲,男,無,陰性
3387,50-59歲,男,無,陰性
3388,50-59歲,男,無,陰性
3389,30-39歲,男,無,陰性
3390,30-39歲,女,無,陰性
3391,40-49歲,男,無,陰性
3392,40-49歲,男,二級,陽性
3393,40-49歲,男,無,陰性
3394,50-59歲,男,無,陰性
3395,30-39歲,男,二級,陽性
3396,20-29歲,男,無,陰性
3397,60歲以上,女,二級,陽性
3398,40-49歲,男,無,陰性
3399,60歲以上,女,無,陰性
3400,40-49歲,女,無,陰性
3401,19歲以下,男,無,陰性
3402,19歲以下,男,無,陰性
3403,40-49歲,男,二級,陽性
3404,40-49歲,男,無,陰性
3405,50-59歲,男,無,陰性
3406,20-29歲,男,無,陰性
3407,60歲以上,男,無,陰性
3408,30-39歲,男,無,陰性
3409,40-49歲,男,無,陰性
3410,20-29歲,女,無,陰性
3411,50-59歲,男,無,陰性
3412,60歲以上,男,無,陰性
3413,60歲以上,男,無,陰性
3414,40-49歲,男,無,陰性
3415,40-49歲,女,無,陰性
3416,40-49歲,男,無,陰性
3417,40-49歲,男,無,陰性
3418,40-49歲,男,一級,陽性
3419,30-39歲,男,無,陰性
3420,50-59歲,男,二級,陽性
3421,30-39歲,男,無,陰性
3422,30-39歲,男,二級,陽性
3423,40-49歲,男,二級,陽性
3424,50-59歲,男,無,陰性
3425,30-39歲,男,一級,陽性
3426,40-49歲,男,無,陰性
3427,20-29歲,男,二級,陽性
3428,50-59歲,女,無,陰性
3429,60歲以上,女,二級,陽性
3430,40-49歲,男,無,陰性
3431,30-39歲,男,二級,陽性
3432,40-49歲,女,無,陰性
3433,40-49歲,男,無,陰性
3434,60歲以上,男,無,陰性
3435,40-49歲,男,二級,陽性
3436,50-59歲,男,無,陰性
3437,50-59歲,男,二級,陽性
3438,40-49歲,男,二級,陽性
3439,50-59歲,男,無,陰性
3440,30-39歲,男,無,陰性
3441,40-49歲,男,二級,陽性
3442,40-49歲,男,無,陰性
3443,40-49歲,男,無,陰性
3444,30-39歲,男,無,陰性
3445,50-59歲,男,無,陰性
3446,60歲以上,女,無,陰性
3447,50-59歲,男,無,陰性
3448,50-59歲,女,無,陰性
3449,40-49歲,男,無,陰性
3450,40-49歲,女,無,陰性
3451,50-59歲,男,無,陰性
3452,30-39歲,男,無,陰性
3453,40-49歲,男,一級,陽性
3454,20-29歲,男,無,陰性
3455,19歲以下,女,無,陰性
3456,30-39歲,男,二級,陽性
3457,60歲以上,男,無,陰性
3458,19歲以下,男,無,陰性
3459,40-49歲,男,無,陰性
3460,50-59歲,男,無,陰性
3461,30-39歲,男,無,陰性
3462,30-39歲,男,無,陰性
3463,30-39歲,男,二級,陽性
3464,50-59歲,男,二級,陽性
3465,40-49歲,男,無,陰性
3466,30-39歲,男,無,陰性
3467,50-59歲,男,無,陰性
3468,40-49歲,男,無,陰性
3469,50-59歲,男,無,陰性
3470,40-49歲,男,無,陰性
3471,40-49歲,男,二級,陽性
3472,30-39歲,男,無,陰性
3473,50-59歲,女,無,陰性
3474,40-49歲,女,無,陰性
3475,50-59歲,男,二級,陽性
3476,30-39歲,女,二級,陽性
3477,60歲以上,男,無,陰性
3478,60歲以上,女,無,陰性
3479,20-29歲,男,無,陰性
3480,30-39歲,男,二級,陽性
3481,40-49歲,男,無,陰性
3482,40-49歲,男,無,陰性
3483,60歲以上,男,無,陰性
3484,20-29歲,男,無,陰性
3485,19歲以下,女,二級,陽性
3486,50-59歲,女,無,陰性
3487,50-59歲,男,無,陰性
3488,40-49歲,男,無,陰性
3489,40-49歲,男,二級,陽性
3490,20-29歲,男,無,陰性
3491,60歲以上,男,無,陰性
3492,50-59歲,男,無,陰性
3493,40-49歲,男,二級,陽性
3494,50-59歲,女,無,陰性
3495,30-39歲,男,無,陰性
3496,50-59歲,男,無,陰性
3497,50-59歲,男,無,陰性
3498,50-59歲,男,無,陰性
3499,30-39歲,男,無,陰性
3500,50-59歲,男,無,陰性
3501,30-39歲,女,無,陰性
3502,30-39歲,男,無,陰性
3503,40-49歲,男,二級,陽性
3504,40-49歲,男,無,陰性
3505,50-59歲,男,無,陰性
3506,50-59歲,男,無,陰性
3507,30-39歲,男,無,陰性
3508,30-39歲,男,一級,陽性
3509,50-59歲,男,二級,陽性
3510,19歲以下,男,無,陰性
3511,30-39歲,男,無,陰性
3512,20-29歲,男,二級,陽性
3513,50-59歲,男,無,陰性
3514,60歲以上,男,二級,陽性
3515,40-49歲,男,無,陰性
3516,40-49歲,男,無,陰性
3517,50-59歲,男,無,陰性
3518,30-39歲,男,無,陰性
3519,50-59歲,男,無,陰性
3520,40-49歲,女,無,陰性
3521,40-49歲,男,二級,陽性
3522,40-49歲,女,無,陰性
3523,50-59歲,男,無,陰性
3524,40-49歲,男,無,陰性
3525,40-49歲,女,一級,陽性
3526,40-49歲,女,無,陰性
3527,40-49歲,男,二級,陽性
3528,40-49歲,女,無,陰性
3529,50-59歲,男,無,陰性
3530,50-59歲,男,無,陰性
3531,60歲以上,男,二級,陽性
3532,40-49歲,男,無,陰性
3533,40-49歲,女,二級,陽性
3534,20-29歲,男,無,陰性
3535,50-59歲,男,二級,陽性
3536,50-59歲,男,二級,陽性
3537,50-59歲,男,二級,陽性
3538,40-49歲,男,無,陰性
3539,60歲以上,男,無,陰性
3540,60歲以上,男,無,陰性
3541,40-49歲,男,二級,陽性
3542,50-59歲,男,無,陰性
3543,40-49歲,男,二級,陽性
3544,19歲以下,女,無,陰性
3545,40-49歲,男,無,陰性
3546,50-59歲,男,無,陰性
3547,50-59歲,男,一級,陽性
3548,50-59歲,男,二級,陽性
3549,40-49歲,男,無,陰性
3550,40-49歲,男,無,陰性
3551,40-49歲,男,無,陰性
3552,40-49歲,男,二級,陽性
3553,20-29歲,男,二級,陽性
3554,30-39歲,男,無,陰性
3555,30-39歲,男,二級,陽性
3556,30-39歲,男,無,陰性
3557,19歲以下,男,三級,陽性
3558,30-39歲,女,無,陰性
3559,19歲以下,男,無,陰性
3560,20-29歲,男,無,陰性
3561,50-59歲,男,無,陰性
3562,60歲以上,男,無,陰性
3563,50-59歲,男,無,陰性
3564,40-49歲,男,無,陰性
3565,50-59歲,男,無,陰性
3566,30-39歲,男,無,陰性
3567,30-39歲,男,無,陰性
3568,50-59歲,女,無,陰性
3569,30-39歲,男,無,陰性
3570,40-49歲,男,無,陰性
3571,40-49歲,男,無,陰性
3572,40-49歲,女,無,陰性
3573,50-59歲,男,無,陰性
3574,40-49歲,男,無,陰性
3575,40-49歲,男,無,陰性
3576,30-39歲,男,無,陰性
3577,40-49歲,男,二級,陽性
3578,40-49歲,男,無,陰性
3579,60歲以上,男,無,陰性
3580,50-59歲,男,無,陰性
3581,40-49歲,男,無,陰性
3582,50-59歲,男,無,陰性
3583,50-59歲,男,無,陰性
3584,19歲以下,男,無,陰性
3585,30-39歲,男,無,陰性
3586,20-29歲,男,無,陰性
3587,20-29歲,男,無,陰性
3588,50-59歲,男,二級,陽性
3589,50-59歲,女,無,陰性
3590,30-39歲,男,二級,陽性
3591,30-39歲,女,無,陰性
3592,50-59歲,男,無,陰性
3593,40-49歲,男,無,陰性
3594,20-29歲,男,無,陰性
3595,20-29歲,男,無,陰性
3596,60歲以上,男,無,陰性
3597,40-49歲,男,二級,陽性
3598,40-49歲,男,無,陰性
3599,50-59歲,男,二級,陽性
3600,50-59歲,男,無,陰性
3601,50-59歲,男,無,陰性
3602,50-59歲,男,無,陰性
3603,60歲以上,男,無,陰性
3604,40-49歲,男,無,陰性
3605,60歲以上,男,二級,陽性
3606,50-59歲,男,無,陰性
3607,60歲以上,女,無,陰性
3608,40-49歲,男,無,陰性
3609,40-49歲,男,無,陰性
3610,40-49歲,男,無,陰性
3611,20-29歲,男,無,陰性
3612,50-59歲,男,無,陰性
3613,40-49歲,男,無,陰性
3614,30-39歲,男,無,陰性
3615,40-49歲,男,二級,陽性
3616,40-49歲,男,無,陰性
3617,40-49歲,男,無,陰性
3618,30-39歲,女,無,陰性
3619,30-39歲,男,無,陰性
3620,20-29歲,男,無,陰性
3621,50-59歲,男,無,陰性
3622,30-39歲,男,無,陰性
3623,40-49歲,男,無,陰性
3624,60歲以上,女,三級,陽性
3625,20-29歲,男,無,陰性
3626,50-59歲,男,無,陰性
3627,60歲以上,男,無,陰性
3628,19歲以下,男,無,陰性
3629,60歲以上,男,無,陰性
3630,40-49歲,男,無,陰性
3631,40-49歲,男,無,陰性
3632,40-49歲,男,無,陰性
3633,50-59歲,男,三級,陽性
3634,20-29歲,男,無,陰性
3635,40-49歲,男,無,陰性
3636,40-49歲,男,無,陰性
3637,40-49歲,女,二級,陽性
3638,40-49歲,男,無,陰性
3639,40-49歲,女,無,陰性
3640,50-59歲,男,無,陰性
3641,30-39歲,男,無,陰性
3642,40-49歲,男,無,陰性
3643,40-49歲,男,無,陰性
3644,50-59歲,男,三級,陽性
3645,40-49歲,女,無,陰性
3646,40-49歲,男,二級,陽性
3647,60歲以上,男,二級,陽性
3648,30-39歲,男,無,陰性
3649,50-59歲,男,二級,陽性
3650,40-49歲,男,三級,陽性
3651,40-49歲,男,二級,陽性
3652,50-59歲,男,無,陰性
3653,50-59歲,男,無,陰性
3654,60歲以上,男,無,陰性
3655,40-49歲,女,無,陰性
3656,30-39歲,女,二級,陽性
3657,50-59歲,男,無,陰性
3658,20-29歲,男,無,陰性
3659,50-59歲,男,無,陰性
3660,40-49歲,男,無,陰性
3661,30-39歲,女,無,陰性
3662,50-59歲,男,無,陰性
3663,40-49歲,男,無,陰性
3664,50-59歲,女,無,陰性
3665,20-29歲,男,無,陰性
3666,50-59歲,男,無,陰性
3667,40-49歲,男,無,陰性
3668,30-39歲,男,無,陰性
3669,40-49歲,男,無,陰性
3670,60歲以上,男,無,陰性
3671,30-39歲,男,無,陰性
3672,40-49歲,男,無,陰性
3673,40-49歲,男,無,陰性
3674,40-49歲,男,無,陰性
3675,40-49歲,女,無,陰性
3676,20-29歲,男,無,陰性
3677,50-59歲,男,無,陰性
3678,50-59歲,男,無,陰性
3679,50-59歲,男,無,陰性
3680,40-49歲,男,無,陰性
3681,40-49歲,男,無,陰性
3682,20-29歲,男,無,陰性
3683,60歲以上,男,無,陰性
3684,40-49歲,男,無,陰性
3685,20-29歲,女,無,陰性
3686,20-29歲,男,二級,陽性
3687,50-59歲,男,無,陰性
3688,40-49歲,女,無,陰性
3689,40-49歲,男,二級,陽性
3690,60歲以上,男,無,陰性
3691,20-29歲,男,無,陰性
3692,30-39歲,男,一級,陽性
3693,20-29歲,男,無,陰性
3694,60歲以上,男,無,陰性
3695,20-29歲,男,無,陰性
3696,60歲以上,男,無,陰性
3697,50-59歲,男,無,陰性
3698,60歲以上,男,無,陰性
3699,40-49歲,男,無,陰性
3700,30-39歲,男,無,陰性
3701,50-59歲,女,無,陰性
3702,50-59歲,男,無,陰性
3703,30-39歲,女,無,陰性
3704,40-49歲,女,無,陰性
3705,40-49歲,男,無,陰性
3706,40-49歲,男,無,陰性
3707,20-29歲,男,無,陰性
3708,40-49歲,女,二級,陽性
3709,50-59歲,男,無,陰性
3710,40-49歲,男,無,陰性
3711,40-49歲,男,二級,陽性
3712,20-29歲,男,無,陰性
3713,30-39歲,男,無,陰性
3714,50-59歲,男,二級,陽性
3715,40-49歲,男,無,陰性
3716,50-59歲,男,無,陰性
3717,50-59歲,男,二級,陽性
3718,20-29歲,男,三級,陽性
3719,30-39歲,女,無,陰性
3720,40-49歲,男,無,陰性
3721,40-49歲,男,無,陰性
3722,50-59歲,男,二級,陽性
3723,30-39歲,女,無,陰性
3724,50-59歲,男,無,陰性
3725,40-49歲,男,一級,陽性
3726,30-39歲,男,無,陰性
3727,30-39歲,男,無,陰性
3728,50-59歲,男,無,陰性
3729,40-49歲,女,無,陰性
3730,30-39歲,男,無,陰性
3731,30-39歲,男,無,陰性
3732,50-59歲,男,一級,陽性
3733,50-59歲,男,無,陰性
3734,40-49歲,男,無,陰性
3735,40-49歲,男,無,陰性
3736,50-59歲,女,無,陰性
3737,50-59歲,男,無,陰性
3738,40-49歲,男,無,陰性
3739,50-59歲,男,無,陰性
3740,20-29歲,男,無,陰性
3741,30-39歲,男,三級,陽性
3742,30-39歲,男,二級,陽性
3743,30-39歲,男,無,陰性
3744,30-39歲,男,無,陰性
3745,60歲以上,男,無,陰性
3746,30-39歲,男,二級,陽性
3747,60歲以上,男,二級,陽性
3748,50-59歲,男,無,陰性
3749,19歲以下,男,二級,陽性
3750,60歲以上,男,無,陰性
3751,20-29歲,男,無,陰性
3752,50-59歲,男,無,陰性
3753,50-59歲,男,無,陰性
3754,20-29歲,男,無,陰性
3755,40-49歲,女,無,陰性
3756,50-59歲,男,無,陰性
3757,50-59歲,男,無,陰性
3758,60歲以上,男,一級,陽性
3759,20-29歲,男,無,陰性
3760,40-49歲,男,二級,陽性
3761,40-49歲,男,無,陰性
3762,30-39歲,女,二級,陽性
3763,50-59歲,男,無,陰性
3764,40-49歲,男,無,陰性
3765,50-59歲,男,無,陰性
3766,50-59歲,男,無,陰性
3767,40-49歲,男,無,陰性
3768,19歲以下,男,無,陰性
3769,60歲以上,男,無,陰性
3770,30-39歲,男,無,陰性
3771,40-49歲,男,無,陰性
3772,40-49歲,男,無,陰性
3773,30-39歲,男,無,陰性
3774,30-39歲,男,三級,陽性
3775,20-29歲,男,二級,陽性
3776,40-49歲,男,無,陰性
3777,40-49歲,女,無,陰性
3778,50-59歲,女,無,陰性
3779,50-59歲,女,無,陰性
3780,60歲以上,女,無,陰性
3781,50-59歲,女,無,陰性
3782,40-49歲,男,無,陰性
3783,40-49歲,男,二級,陽性
3784,40-49歲,男,二級,陽性
3785,60歲以上,男,無,陰性
3786,40-49歲,男,無,陰性
3787,30-39歲,男,無,陰性
3788,30-39歲,男,無,陰性
3789,40-49歲,男,無,陰性
3790,50-59歲,男,無,陰性
3791,50-59歲,男,三級,陽性
3792,40-49歲,男,無,陰性
3793,60歲以上,男,無,陰性
3794,30-39歲,男,無,陰性
3795,60歲以上,男,無,陰性
3796,50-59歲,男,二級,陽性
3797,30-39歲,男,無,陰性
3798,60歲以上,男,無,陰性
3799,60歲以上,男,無,陰性
3800,40-49歲,男,無,陰性
3801,19歲以下,男,二級,陽性
3802,40-49歲,男,無,陰性
3803,30-39歲,男,無,陰性
3804,50-59歲,男,一級,陽性
3805,40-49歲,男,無,陰性
3806,40-49歲,男,三級,陽性
3807,50-59歲,女,無,陰性
3808,19歲以下,男,無,陰性
3809,30-39歲,男,二級,陽性
3810,40-49歲,男,無,陰性
3811,30-39歲,男,二級,陽性
3812,30-39歲,男,無,陰性
3813,40-49歲,女,無,陰性
3814,40-49歲,男,無,陰性
3815,40-49歲,男,無,陰性
3816,40-49歲,男,無,陰性
3817,50-59歲,男,無,陰性
3818,50-59歲,女,三級,陽性
3819,40-49歲,男,無,陰性
3820,40-49歲,男,二級,陽性
3821,20-29歲,男,無,陰性
3822,30-39歲,男,二級,陽性
3823,40-49歲,男,無,陰性
3824,30-39歲,男,無,陰性
3825,50-59歲,男,無,陰性
3826,40-49歲,男,無,陰性
3827,50-59歲,男,無,陰性
3828,50-59歲,女,無,陰性
3829,40-49歲,男,二級,陽性
3830,20-29歲,男,一級,陽性
3831,50-59歲,男,二級,陽性
3832,40-49歲,男,無,陰性
3833,40-49歲,男,無,陰性
3834,50-59歲,男,無,陰性
3835,50-59歲,男,二級,陽性
3836,40-49歲,男,無,陰性
3837,30-39歲,男,無,陰性
3838,30-39歲,男,二級,陽性
3839,40-49歲,男,無,陰性
3840,30-39歲,女,無,陰性
3841,50-59歲,男,無,陰性
3842,30-39歲,男,三級,陽性
3843,40-49歲,男,二級,陽性
3844,40-49歲,男,無,陰性
3845,60歲以上,男,無,陰性
3846,20-29歲,男,無,陰性
3847,50-59歲,女,一級,陽性
3848,60歲以上,男,無,陰性
3849,30-39歲,男,無,陰性
3850,30-39歲,男,無,陰性
3851,40-49歲,男,無,陰性
3852,40-49歲,男,無,陰性
3853,30-39歲,男,一級,陽性
3854,40-49歲,男,無,陰性
3855,40-49歲,男,二級,陽性
3856,40-49歲,男,無,陰性
3857,20-29歲,男,二級,陽性
3858,40-49歲,男,無,陰性
3859,40-49歲,男,無,陰性
3860,40-49歲,男,二級,陽性
3861,40-49歲,男,二級,陽性
3862,20-29歲,女,三級,陽性
3863,40-49歲,男,二級,陽性
3864,40-49歲,女,無,陰性
3865,40-49歲,女,無,陰性
3866,50-59歲,男,二級,陽性
3867,60歲以上,女,無,陰性
3868,60歲以上,男,無,陰性
3869,19歲以下,女,無,陰性
3870,30-39歲,女,二級,陽性
3871,60歲以上,男,無,陰性
3872,50-59歲,男,無,陰性
3873,40-49歲,男,無,陰性
3874,50-59歲,男,無,陰性
3875,40-49歲,女,無,陰性
3876,60歲以上,男,無,陰性
3877,50-59歲,男,三級,陽性
3878,60歲以上,男,二級,陽性
3879,60歲以上,男,無,陰性
3880,50-59歲,男,二級,陽性
3881,40-49歲,男,無,陰性
3882,40-49歲,男,二級,陽性
3883,20-29歲,女,無,陰性
3884,40-49歲,男,無,陰性
3885,40-49歲,男,無,陰性
3886,60歲以上,男,無,陰性
3887,40-49歲,男,無,陰性
3888,40-49歲,男,無,陰性
3889,30-39歲,男,無,陰性
3890,40-49歲,男,二級,陽性
3891,60歲以上,女,無,陰性
3892,40-49歲,男,無,陰性
3893,50-59歲,女,無,陰性
3894,20-29歲,女,無,陰性
3895,50-59歲,男,無,陰性
3896,50-59歲,男,無,陰性
3897,40-49歲,女,無,陰性
3898,30-39歲,男,一級,陽性
3899,30-39歲,女,二級,陽性
3900,30-39歲,男,二級,陽性
3901,50-59歲,男,無,陰性
3902,30-39歲,男,無,陰性
3903,50-59歲,男,無,陰性
3904,40-49歲,男,無,陰性
3905,50-59歲,男,無,陰性
3906,40-49歲,男,二級,陽性
3907,40-49歲,男,無,陰性
3908,50-59歲,男,無,陰性
3909,20-29歲,女,無,陰性
3910,40-49歲,男,無,陰性
3911,60歲以上,女,二級,陽性
3912,30-39歲,女,無,陰性
3913,40-49歲,女,無,陰性
3914,40-49歲,男,二級,陽性
3915,20-29歲,男,無,陰性
3916,40-49歲,男,無,陰性
3917,60歲以上,男,無,陰性
3918,60歲以上,男,二級,陽性
3919,40-49歲,男,無,陰性
3920,50-59歲,男,二級,陽性
3921,30-39歲,女,二級,陽性
3922,60歲以上,男,無,陰性
3923,30-39歲,男,二級,陽性
3924,40-49歲,男,無,陰性
3925,40-49歲,男,無,陰性
3926,30-39歲,男,無,陰性
3927,40-49歲,男,二級,陽性
3928,40-49歲,男,二級,陽性
3929,40-49歲,男,無,陰性
3930,20-29歲,男,無,陰性
3931,40-49歲,男,三級,陽性
3932,30-39歲,女,二級,陽性
3933,40-49歲,男,無,陰性
3934,40-49歲,男,無,陰性
3935,40-49歲,男,無,陰性
3936,50-59歲,男,二級,陽性
3937,50-59歲,男,無,陰性
3938,50-59歲,男,無,陰性
3939,40-49歲,男,三級,陽性
3940,40-49歲,男,無,陰性
3941,40-49歲,男,無,陰性
3942,19歲以下,男,二級,陽性
3943,30-39歲,男,無,陰性
3944,40-49歲,男,無,陰性
3945,30-39歲,男,無,陰性
3946,40-49歲,男,三級,陽性
3947,50-59歲,女,無,陰性
3948,50-59歲,女,無,陰性
3949,30-39歲,男,無,陰性
3950,50-59歲,男,無,陰性
3951,40-49歲,女,無,陰性
3952,30-39歲,男,三級,陽性
3953,40-49歲,男,無,陰性
3954,50-59歲,男,無,陰性
3955,20-29歲,男,無,陰性
3956,30-39歲,男,無,陰性
3957,40-49歲,男,無,陰性
3958,40-49歲,男,無,陰性
3959,50-59歲,女,無,陰性
3960,40-49歲,男,二級,陽性
3961,40-49歲,男,無,陰性
3962,30-39歲,男,無,陰性
3963,40-49歲,男,無,陰性
3964,30-39歲,女,無,陰性
3965,30-39歲,男,無,陰性
3966,40-49歲,男,無,陰性
3967,40-49歲,男,二級,陽性
3968,30-39歲,男,三級,陽性
3969,40-49歲,男,無,陰性
3970,40-49歲,男,一級,陽性
3971,19歲以下,女,無,陰性
3972,50-59歲,男,無,陰性
3973,50-59歲,男,無,陰性
3974,40-49歲,男,無,陰性
3975,30-39歲,男,無,陰性
3976,40-49歲,男,二級,陽性
3977,20-29歲,男,無,陰性
3978,50-59歲,男,無,陰性
3979,40-49歲,男,無,陰性
3980,30-39歲,男,無,陰性
3981,60歲以上,男,無,陰性
3982,30-39歲,男,無,陰性
3983,40-49歲,男,無,陰性
3984,20-29歲,男,無,陰性
3985,50-59歲,男,無,陰性
3986,40-49歲,男,無,陰性
3987,40-49歲,男,無,陰性
3988,40-49歲,男,無,陰性
3989,40-49歲,男,無,陰性
3990,40-49歲,女,無,陰性
3991,40-49歲,男,無,陰性
3992,20-29歲,男,無,陰性
3993,40-49歲,男,無,陰性
3994,40-49歲,女,無,陰性
3995,40-49歲,男,無,陰性
3996,40-49歲,男,無,陰性
3997,20-29歲,女,無,陰性
3998,40-49歲,女,無,陰性
3999,40-49歲,男,無,陰性
4000,30-39歲,男,無,陰性
4001,50-59歲,男,二級,陽性
4002,50-59歲,女,二級,陽性
4003,40-49歲,男,二級,陽性
4004,30-39歲,男,無,陰性
4005,40-49歲,女,一級,陽性
4006,40-49歲,男,無,陰性
4007,60歲以上,男,無,陰性
4008,60歲以上,男,無,陰性
4009,40-49歲,女,無,陰性
4010,50-59歲,男,無,陰性
4011,40-49歲,男,無,陰性
4012,40-49歲,男,二級,陽性
4013,50-59歲,男,無,陰性
4014,50-59歲,男,無,陰性
4015,30-39歲,男,無,陰性
4016,50-59歲,男,二級,陽性
4017,30-39歲,男,無,陰性
4018,40-49歲,男,無,陰性
4019,19歲以下,男,無,陰性
4020,20-29歲,男,無,陰性
4021,40-49歲,男,無,陰性
4022,40-49歲,男,無,陰性
4023,40-49歲,男,三級,陽性
4024,40-49歲,男,無,陰性
4025,50-59歲,男,無,陰性
4026,50-59歲,男,無,陰性
4027,30-39歲,男,無,陰性
4028,30-39歲,男,三級,陽性
4029,50-59歲,男,無,陰性
4030,40-49歲,男,無,陰性
4031,40-49歲,男,三級,陽性
4032,50-59歲,男,三級,陽性
4033,40-49歲,女,無,陰性
4034,50-59歲,男,無,陰性
4035,50-59歲,男,無,陰性
4036,50-59歲,男,無,陰性
4037,30-39歲,男,無,陰性
4038,30-39歲,男,無,陰性
4039,40-49歲,女,無,陰性
4040,30-39歲,男,無,陰性
4041,20-29歲,男,無,陰性
4042,30-39歲,男,無,陰性
4043,30-39歲,男,無,陰性
4044,30-39歲,男,二級,陽性
4045,40-49歲,女,無,陰性
4046,60歲以上,男,無,陰性
4047,40-49歲,男,無,陰性
4048,60歲以上,男,無,陰性
4049,50-59歲,男,無,陰性
4050,20-29歲,女,無,陰性
4051,40-49歲,男,無,陰性
4052,40-49歲,男,無,陰性
4053,19歲以下,男,無,陰性
4054,50-59歲,男,二級,陽性
4055,20-29歲,男,無,陰性
4056,40-49歲,男,二級,陽性
4057,30-39歲,男,無,陰性
4058,19歲以下,男,無,陰性
4059,40-49歲,男,二級,陽性
4060,60歲以上,男,無,陰性
4061,40-49歲,男,三級,陽性
4062,20-29歲,男,無,陰性
4063,40-49歲,男,無,陰性
4064,19歲以下,男,無,陰性
4065,40-49歲,男,無,陰性
4066,40-49歲,男,無,陰性
4067,50-59歲,男,三級,陽性
4068,40-49歲,男,無,陰性
4069,30-39歲,男,二級,陽性
4070,60歲以上,男,無,陰性
4071,40-49歲,男,無,陰性
4072,50-59歲,男,無,陰性
4073,19歲以下,男,無,陰性
4074,30-39歲,女,一級,陽性
4075,20-29歲,男,無,陰性
4076,60歲以上,男,無,陰性
4077,40-49歲,女,一級,陽性
4078,60歲以上,女,三級,陽性
4079,20-29歲,男,無,陰性
4080,50-59歲,男,無,陰性
4081,40-49歲,男,二級,陽性
4082,50-59歲,男,無,陰性
4083,40-49歲,女,無,陰性
4084,40-49歲,男,二級,陽性
4085,50-59歲,男,無,陰性
4086,50-59歲,女,無,陰性
4087,40-49歲,男,無,陰性
4088,60歲以上,男,二級,陽性
4089,40-49歲,男,一級,陽性
4090,40-49歲,男,無,陰性
4091,50-59歲,女,無,陰性
4092,30-39歲,女,無,陰性
4093,20-29歲,女,無,陰性
4094,60歲以上,男,二級,陽性
4095,20-29歲,男,無,陰性
4096,40-49歲,男,無,陰性
4097,50-59歲,男,三級,陽性
4098,40-49歲,男,無,陰性
4099,40-49歲,男,無,陰性
4100,40-49歲,男,一級,陽性
4101,50-59歲,男,無,陰性
4102,40-49歲,男,無,陰性
4103,50-59歲,男,無,陰性
4104,40-49歲,男,無,陰性
4105,50-59歲,女,二級,陽性
4106,50-59歲,男,二級,陽性
4107,40-49歲,男,三級,陽性
4108,50-59歲,男,二級,陽性
4109,40-49歲,男,無,陰性
4110,19歲以下,男,無,陰性
4111,40-49歲,女,二級,陽性
4112,50-59歲,男,無,陰性
4113,40-49歲,男,無,陰性
4114,30-39歲,男,二級,陽性
4115,20-29歲,男,無,陰性
4116,30-39歲,男,無,陰性
4117,50-59歲,男,二級,陽性
4118,40-49歲,男,無,陰性
4119,50-59歲,男,二級,陽性
4120,50-59歲,男,無,陰性
4121,20-29歲,男,無,陰性
4122,20-29歲,女,無,陰性
4123,40-49歲,女,無,陰性
4124,40-49歲,女,無,陰性
4125,40-49歲,男,無,陰性
4126,30-39歲,男,無,陰性
4127,40-49歲,男,無,陰性
4128,30-39歲,男,二級,陽性
4129,40-49歲,男,無,陰性
4130,40-49歲,男,二級,陽性
4131,30-39歲,男,二級,陽性
4132,20-29歲,男,二級,陽性
4133,20-29歲,男,無,陰性
4134,30-39歲,男,無,陰性
4135,60歲以上,男,無,陰性
4136,60歲以上,男,二級,陽性
4137,20-29歲,男,無,陰性
4138,40-49歲,女,無,陰性
4139,40-49歲,男,無,陰性
4140,50-59歲,女,無,陰性
4141,30-39歲,男,無,陰性
4142,40-49歲,男,三級,陽性
4143,30-39歲,男,無,陰性
4144,40-49歲,男,無,陰性
4145,50-59歲,女,無,陰性
4146,40-49歲,男,二級,陽性
4147,40-49歲,男,無,陰性
4148,30-39歲,男,二級,陽性
4149,30-39歲,男,三級,陽性
4150,40-49歲,男,無,陰性
4151,50-59歲,男,無,陰性
4152,40-49歲,女,無,陰性
4153,19歲以下,男,無,陰性
4154,30-39歲,男,無,陰性
4155,40-49歲,男,無,陰性
4156,50-59歲,男,無,陰性
4157,50-59歲,女,無,陰性
4158,60歲以上,男,無,陰性
4159,30-39歲,男,二級,陽性
4160,50-59歲,女,無,陰性
4161,40-49歲,男,無,陰性
4162,30-39歲,男,無,陰性
4163,50-59歲,男,無,陰性
4164,50-59歲,女,二級,陽性
4165,30-39歲,男,無,陰性
4166,60歲以上,男,無,陰性
4167,40-49歲,男,無,陰性
4168,60歲以上,男,二級,陽性
4169,40-49歲,男,二級,陽性
4170,40-49歲,男,無,陰性
4171,20-29歲,男,無,陰性
4172,30-39歲,男,一級,陽性
4173,20-29歲,男,無,陰性
4174,19歲以下,男,無,陰性
4175,50-59歲,男,無,陰性
4176,60歲以上,男,無,陰性
4177,50-59歲,男,無,陰性
4178,40-49歲,男,三級,陽性
4179,50-59歲,男,無,陰性
4180,20-29歲,女,無,陰性
4181,60歲以上,男,無,陰性
4182,19歲以下,男,無,陰性
4183,60歲以上,男,無,陰性
4184,60歲以上,男,無,陰性
4185,40-49歲,男,無,陰性
4186,40-49歲,男,無,陰性
4187,30-39歲,男,無,陰性
4188,40-49歲,男,二級,陽性
4189,30-39歲,女,二級,陽性
4190,40-49歲,女,無,陰性
4191,30-39歲,男,無,陰性
4192,40-49歲,男,無,陰性
4193,40-49歲,男,無,陰性
4194,40-49歲,男,一級,陽性
4195,40-49歲,男,無,陰性
4196,40-49歲,男,無,陰性
4197,40-49歲,女,無,陰性
4198,60歲以上,男,無,陰性
4199,30-39歲,男,二級,陽性
4200,40-49歲,男,無,陰性
4201,20-29歲,男,無,陰性
4202,60歲以上,男,二級,陽性
4203,30-39歲,男,無,陰性
4204,20-29歲,男,無,陰性
4205,50-59歲,男,無,陰性
4206,20-29歲,男,無,陰性
4207,40-49歲,男,無,陰性
4208,40-49歲,男,無,陰性
4209,50-59歲,男,無,陰性
4210,50-59歲,女,無,陰性
4211,50-59歲,男,無,陰性
4212,60歲以上,男,無,陰性
4213,50-59歲,男,二級,陽性
4214,19歲以下,男,無,陰性
4215,40-49歲,男,無,陰性
4216,50-59歲,男,無,陰性
4217,40-49歲,男,無,陰性
4218,50-59歲,女,無,陰性
4219,30-39歲,男,無,陰性
4220,50-59歲,男,無,陰性
4221,30-39歲,男,無,陰性
4222,50-59歲,女,二級,陽性
4223,30-39歲,男,無,陰性
4224,50-59歲,女,無,陰性
4225,30-39歲,女,無,陰性
4226,50-59歲,男,無,陰性
4227,40-49歲,男,無,陰性
4228,40-49歲,男,無,陰性
4229,60歲以上,女,無,陰性
4230,50-59歲,男,無,陰性
4231,50-59歲,男,無,陰性
4232,60歲以上,男,無,陰性
4233,40-49歲,男,三級,陽性
4234,40-49歲,女,無,陰性
4235,50-59歲,男,無,陰性
4236,60歲以上,男,二級,陽性
4237,40-49歲,男,無,陰性
4238,40-49歲,男,無,陰性
4239,40-49歲,男,無,陰性
4240,50-59歲,男,二級,陽性
4241,30-39歲,男,無,陰性
4242,50-59歲,男,無,陰性
4243,40-49歲,男,無,陰性
4244,20-29歲,男,無,陰性
4245,40-49歲,女,無,陰性
4246,30-39歲,男,無,陰性
4247,40-49歲,男,無,陰性
4248,30-39歲,男,無,陰性
4249,30-39歲,男,無,陰性
4250,40-49歲,男,無,陰性
4251,40-49歲,男,無,陰性
4252,50-59歲,男,無,陰性
4253,30-39歲,男,無,陰性
4254,40-49歲,男,無,陰性
4255,50-59歲,女,二級,陽性
4256,50-59歲,男,二級,陽性
4257,40-49歲,女,無,陰性
4258,30-39歲,男,無,陰性
4259,40-49歲,女,無,陰性
4260,60歲以上,男,無,陰性
4261,40-49歲,男,三級,陽性
4262,20-29歲,女,無,陰性
4263,50-59歲,女,二級,陽性
4264,50-59歲,男,無,陰性
4265,40-49歲,男,無,陰性
4266,20-29歲,男,無,陰性
4267,40-49歲,男,無,陰性
4268,50-59歲,男,無,陰性
4269,20-29歲,男,無,陰性
4270,40-49歲,男,無,陰性
4271,19歲以下,男,無,陰性
4272,40-49歲,男,無,陰性
4273,40-49歲,男,無,陰性
4274,50-59歲,男,無,陰性
4275,40-49歲,男,無,陰性
4276,50-59歲,男,無,陰性
4277,40-49歲,男,無,陰性
4278,30-39歲,男,無,陰性
4279,40-49歲,女,無,陰性
4280,30-39歲,男,無,陰性
4281,50-59歲,女,二級,陽性
4282,40-49歲,男,二級,陽性
4283,50-59歲,男,無,陰性
4284,30-39歲,女,無,陰性
4285,50-59歲,男,無,陰性
4286,40-49歲,男,無,陰性
4287,40-49歲,男,無,陰性
4288,40-49歲,男,一級,陽性
4289,50-59歲,女,無,陰性
4290,40-49歲,男,三級,陽性
4291,40-49歲,女,二級,陽性
4292,40-49歲,女,無,陰性
4293,50-59歲,男,無,陰性
4294,40-49歲,男,無,陰性
4295,30-39歲,男,無,陰性
4296,20-29歲,男,無,陰性
4297,50-59歲,男,無,陰性
4298,20-29歲,女,無,陰性
4299,60歲以上,男,無,陰性
4300,40-49歲,男,二級,陽性
4301,60歲以上,女,無,陰性
4302,50-59歲,男,無,陰性
4303,60歲以上,女,無,陰性
4304,40-49歲,男,無,陰性
4305,30-39歲,男,無,陰性
4306,30-39歲,男,二級,陽性
4307,30-39歲,男,二級,陽性
4308,40-49歲,女,無,陰性
4309,40-49歲,男,無,陰性
4310,40-49歲,女,無,陰性
4311,40-49歲,女,無,陰性
4312,50-59歲,男,無,陰性
4313,30-39歲,女,無,陰性
4314,60歲以上,男,二級,陽性
4315,40-49歲,男,無,陰性
4316,60歲以上,男,無,陰性
4317,40-49歲,男,無,陰性
4318,60歲以上,男,二級,陽性
4319,50-59歲,男,無,陰性
4320,20-29歲,男,無,陰性
4321,20-29歲,男,三級,陽性
4322,50-59歲,男,二級,陽性
4323,30-39歲,男,無,陰性
4324,30-39歲,男,無,陰性
4325,30-39歲,男,無,陰性
4326,60歲以上,男,二級,陽性
4327,50-59歲,男,無,陰性
4328,60歲以上,女,無,陰性
4329,60歲以上,女,二級,陽性
4330,60歲以上,男,三級,陽性
4331,50-59歲,男,無,陰性
4332,60歲以上,男,無,陰性
4333,30-39歲,男,無,陰性
4334,30-39歲,男,二級,陽性
4335,40-49歲,女,無,陰性
4336,50-59歲,男,二級,陽性
4337,40-49歲,男,無,陰性
4338,50-59歲,男,無,陰性
4339,50-59歲,女,二級,陽性
4340,30-39歲,男,無,陰性
4341,60歲以上,男,二級,陽性
4342,50-59歲,男,無,陰性
4343,40-49歲,男,無,陰性
4344,20-29歲,男,無,陰性
4345,40-49歲,男,二級,陽性
4346,40-49歲,男,二級,陽性
4347,40-49歲,男,一級,陽性
4348,30-39歲,男,無,陰性
4349,40-49歲,男,二級,陽性
4350,60歲以上,女,無,陰性
4351,40-49歲,男,二級,陽性
4352,50-59歲,女,無,陰性
4353,30-39歲,男,無,陰性
4354,30-39歲,男,二級,陽性
4355,30-39歲,男,三級,陽性
4356,30-39歲,女,無,陰性
4357,50-59歲,男,無,陰性
4358,40-49歲,女,二級,陽性
4359,50-59歲,男,無,陰性
4360,60歲以上,男,無,陰性
4361,50-59歲,男,無,陰性
4362,50-59歲,男,無,陰性
4363,40-49歲,女,一級,陽性
4364,40-49歲,女,無,陰性
4365,20-29歲,男,無,陰性
4366,40-49歲,男,無,陰性
4367,60歲以上,男,無,陰性
4368,50-59歲,男,無,陰性
4369,60歲以上,女,無,陰性
4370,20-29歲,男,無,陰性
4371,50-59歲,男,無,陰性
4372,40-49歲,男,三級,陽性
4373,50-59歲,男,無,陰性
4374,20-29歲,男,三級,陽性
4375,30-39歲,女,無,陰性
4376,40-49歲,男,二級,陽性
4377,50-59歲,男,二級,陽性
4378,30-39歲,男,無,陰性
4379,60歲以上,男,無,陰性
4380,50-59歲,女,無,陰性
4381,50-59歲,男,無,陰性
4382,20-29歲,男,無,陰性
4383,20-29歲,男,二級,陽性
4384,19歲以下,男,二級,陽性
4385,40-49歲,女,無,陰性
4386,40-49歲,女,無,陰性
4387,40-49歲,男,二級,陽性
4388,40-49歲,男,無,陰性
4389,50-59歲,男,無,陰性
4390,30-39歲,男,無,陰性
4391,60歲以上,男,二級,陽性
4392,30-39歲,男,無,陰性
4393,20-29歲,男,無,陰性
4394,40-49歲,男,二級,陽性
4395,50-59歲,男,無,陰性
4396,60歲以上,男,無,陰性
4397,50-59歲,男,無,陰性
4398,20-29歲,男,無,陰性
4399,60歲以上,男,無,陰性
4400,40-49歲,男,無,陰性
4401,40-49歲,男,二級,陽性
4402,30-39歲,男,無,陰性
4403,20-29歲,男,無,陰性
4404,50-59歲,男,無,陰性
4405,40-49歲,男,無,陰性
4406,60歲以上,女,無,陰性
4407,40-49歲,男,二級,陽性
4408,20-29歲,男,無,陰性
4409,30-39歲,男,一級,陽性
4410,50-59歲,男,無,陰性
4411,20-29歲,男,無,陰性
4412,30-39歲,男,無,陰性
4413,50-59歲,男,無,陰性
4414,20-29歲,男,三級,陽性
4415,30-39歲,男,三級,陽性
4416,40-49歲,男,二級,陽性
4417,30-39歲,男,無,陰性
4418,50-59歲,男,無,陰性
4419,60歲以上,女,無,陰性
4420,50-59歲,女,無,陰性
4421,40-49歲,男,無,陰性
4422,50-59歲,男,無,陰性
4423,60歲以上,男,無,陰性
4424,40-49歲,男,無,陰性
4425,30-39歲,女,無,陰性
4426,50-59歲,男,無,陰性
4427,50-59歲,男,無,陰性
4428,40-49歲,男,無,陰性
4429,60歲以上,男,二級,陽性
4430,40-49歲,男,無,陰性
4431,40-49歲,男,無,陰性
4432,30-39歲,女,無,陰性
4433,30-39歲,女,二級,陽性
4434,40-49歲,男,二級,陽性
4435,30-39歲,男,無,陰性
4436,19歲以下,女,無,陰性
4437,50-59歲,男,三級,陽性
4438,40-49歲,男,無,陰性
4439,40-49歲,男,無,陰性
4440,60歲以上,女,無,陰性
4441,50-59歲,男,無,陰性
4442,60歲以上,男,無,陰性
4443,50-59歲,男,一級,陽性
4444,50-59歲,男,二級,陽性
4445,60歲以上,男,無,陰性
4446,40-49歲,男,無,陰性
4447,50-59歲,男,二級,陽性
4448,60歲以上,男,無,陰性
4449,30-39歲,男,無,陰性
4450,50-59歲,男,無,陰性
4451,40-49歲,男,無,陰性
4452,40-49歲,女,無,陰性
4453,40-49歲,男,二級,陽性
4454,30-39歲,男,無,陰性
4455,19歲以下,男,無,陰性
4456,40-49歲,男,無,陰性
4457,50-59歲,女,無,陰性
4458,19歲以下,男,無,陰性
4459,50-59歲,男,無,陰性
4460,40-49歲,女,無,陰性
4461,50-59歲,女,無,陰性
4462,30-39歲,男,三級,陽性
4463,50-59歲,男,無,陰性
4464,30-39歲,女,無,陰性
4465,50-59歲,男,無,陰性
4466,60歲以上,女,無,陰性
4467,30-39歲,男,無,陰性
4468,40-49歲,男,無,陰性
4469,40-49歲,男,二級,陽性
4470,50-59歲,男,無,陰性
4471,40-49歲,男,二級,陽性
4472,40-49歲,男,二級,陽性
4473,50-59歲,男,無,陰性
4474,19歲以下,男,無,陰性
4475,50-59歲,男,無,陰性
4476,40-49歲,男,無,陰性
4477,40-49歲,男,無,陰性
4478,40-49歲,男,無,陰性
4479,20-29歲,男,無,陰性
4480,50-59歲,男,無,陰性
4481,40-49歲,男,無,陰性
4482,20-29歲,男,無,陰性
4483,50-59歲,男,無,陰性
4484,50-59歲,男,無,陰性
4485,30-39歲,男,無,陰性
4486,50-59歲,男,無,陰性
4487,30-39歲,男,三級,陽性
4488,50-59歲,男,無,陰性
4489,50-59歲,男,無,陰性
4490,19歲以下,男,無,陰性
4491,30-39歲,男,無,陰性
4492,60歲以上,男,無,陰性
4493,40-49歲,男,無,陰性
4494,30-39歲,男,無,陰性
4495,50-59歲,男,無,陰性
4496,30-39歲,女,無,陰性
4497,50-59歲,男,無,陰性
4498,40-49歲,男,無,陰性
4499,20-29歲,男,無,陰性
4500,50-59歲,男,無,陰性
4501,40-49歲,男,無,陰性
4502,40-49歲,男,無,陰性
4503,40-49歲,男,無,陰性
4504,30-39歲,男,無,陰性
4505,40-49歲,男,無,陰性
4506,19歲以下,男,無,陰性
4507,60歲以上,女,無,陰性
4508,20-29歲,男,無,陰性
4509,50-59歲,女,無,陰性
4510,60歲以上,男,無,陰性
4511,20-29歲,男,無,陰性
4512,19歲以下,男,無,陰性
4513,40-49歲,男,無,陰性
4514,19歲以下,男,無,陰性
4515,30-39歲,男,無,陰性
4516,40-49歲,男,二級,陽性
4517,50-59歲,女,無,陰性
4518,40-49歲,男,三級,陽性
4519,20-29歲,女,無,陰性
4520,30-39歲,男,無,陰性
4521,30-39歲,男,無,陰性
4522,50-59歲,男,無,陰性
4523,60歲以上,男,無,陰性
4524,40-49歲,女,無,陰性
4525,60歲以上,女,無,陰性
4526,50-59歲,男,一級,陽性
4527,40-49歲,女,無,陰性
4528,40-49歲,男,無,陰性
4529,60歲以上,男,無,陰性
4530,30-39歲,男,無,陰性
4531,40-49歲,女,無,陰性
4532,60歲以上,男,一級,陽性
4533,40-49歲,男,無,陰性
4534,30-39歲,女,無,陰性
4535,30-39歲,男,二級,陽性
4536,40-49歲,男,無,陰性
4537,40-49歲,男,無,陰性
4538,30-39歲,男,二級,陽性
4539,50-59歲,男,三級,陽性
4540,20-29歲,男,無,陰性
4541,60歲以上,男,無,陰性
4542,40-49歲,男,二級,陽性
4543,40-49歲,男,二級,陽性
4544,40-49歲,男,無,陰性
4545,50-59歲,女,無,陰性
4546,40-49歲,男,無,陰性
4547,40-49歲,男,二級,陽性
4548,20-29歲,男,無,陰性
4549,40-49歲,男,二級,陽性
4550,40-49歲,女,無,陰性
4551,20-29歲,女,無,陰性
4552,40-49歲,男,無,陰性
4553,20-29歲,女,無,陰性
4554,40-49歲,男,二級,陽性
4555,19歲以下,男,三級,陽性
4556,40-49歲,男,無,陰性
4557,40-49歲,男,無,陰性
4558,40-49歲,男,二級,陽性
4559,60歲以上,男,無,陰性
4560,40-49歲,男,無,陰性
4561,19歲以下,男,無,陰性
4562,30-39歲,男,無,陰性
4563,30-39歲,男,三級,陽性
4564,40-49歲,男,無,陰性
4565,20-29歲,男,無,陰性
4566,40-49歲,男,無,陰性
4567,50-59歲,男,無,陰性
4568,50-59歲,男,二級,陽性
4569,40-49歲,男,無,陰性
4570,40-49歲,男,無,陰性
4571,50-59歲,男,無,陰性
4572,40-49歲,女,無,陰性
4573,30-39歲,男,無,陰性
4574,40-49歲,男,無,陰性
4575,40-49歲,男,無,陰性
4576,50-59歲,男,無,陰性
4577,40-49歲,男,無,陰性
4578,20-29歲,男,無,陰性
4579,40-49歲,男,無,陰性
4580,60歲以上,男,無,陰性
4581,40-49歲,男,無,陰性
4582,40-49歲,男,無,陰性
4583,50-59歲,男,無,陰性
4584,40-49歲,男,無,陰性
4585,40-49歲,男,二級,陽性
4586,40-49歲,女,無,陰性
4587,60歲以上,男,二級,陽性
4588,20-29歲,男,無,陰性
4589,20-29歲,男,無,陰性
4590,30-39歲,男,無,陰性
4591,40-49歲,男,無,陰性
4592,50-59歲,女,無,陰性
4593,40-49歲,男,二級,陽性
4594,40-49歲,男,二級,陽性
4595,50-59歲,女,無,陰性
4596,40-49歲,男,二級,陽性
4597,50-59歲,男,無,陰性
4598,50-59歲,女,無,陰性
4599,50-59歲,男,無,陰性
4600,40-49歲,女,二級,陽性
4601,30-39歲,女,無,陰性
4602,30-39歲,男,三級,陽性
4603,30-39歲,男,無,陰性
4604,30-39歲,男,無,陰性
4605,20-29歲,男,無,陰性
4606,60歲以上,男,無,陰性
4607,30-39歲,男,無,陰性
4608,20-29歲,男,無,陰性
4609,50-59歲,男,無,陰性
4610,50-59歲,男,無,陰性
4611,30-39歲,男,二級,陽性
4612,60歲以上,男,無,陰性
4613,40-49歲,女,無,陰性
4614,20-29歲,男,無,陰性
4615,60歲以上,男,無,陰性
4616,50-59歲,男,無,陰性
4617,20-29歲,男,無,陰性
4618,40-49歲,女,二級,陽性
4619,50-59歲,男,二級,陽性
4620,50-59歲,男,無,陰性
4621,50-59歲,女,二級,陽性
4622,40-49歲,男,無,陰性
4623,40-49歲,男,無,陰性
4624,40-49歲,男,二級,陽性
4625,30-39歲,男,二級,陽性
4626,19歲以下,男,無,陰性
4627,50-59歲,男,三級,陽性
4628,60歲以上,男,無,陰性
4629,30-39歲,男,二級,陽性
4630,20-29歲,男,無,陰性
4631,50-59歲,男,無,陰性
4632,50-59歲,男,二級,陽性
4633,30-39歲,男,無,陰性
4634,40-49歲,女,三級,陽性
4635,30-39歲,男,二級,陽性
4636,40-49歲,男,無,陰性
4637,50-59歲,男,無,陰性
4638,40-49歲,男,無,陰性
4639,30-39歲,男,無,陰性
4640,40-49歲,女,二級,陽性
4641,20-29歲,男,無,陰性
4642,30-39歲,男,無,陰性
4643,30-39歲,男,無,陰性
4644,60歲以上,男,二級,陽性
4645,50-59歲,女,無,陰性
4646,50-59歲,男,無,陰性
4647,40-49歲,女,二級,陽性
4648,40-49歲,男,無,陰性
4649,40-49歲,男,二級,陽性
4650,50-59歲,女,無,陰性
4651,50-59歲,男,一級,陽性
4652,50-59歲,男,無,陰性
4653,40-49歲,女,無,陰性
4654,40-49歲,男,無,陰性
4655,19歲以下,男,二級,陽性
4656,40-49歲,男,無,陰性
4657,50-59歲,女,無,陰性
4658,30-39歲,女,無,陰性
4659,40-49歲,男,無,陰性
4660,19歲以下,男,無,陰性
4661,40-49歲,男,無,陰性
4662,40-49歲,男,無,陰性
4663,60歲以上,男,二級,陽性
4664,40-49歲,女,無,陰性
4665,50-59歲,男,無,陰性
4666,40-49歲,女,無,陰性
4667,20-29歲,男,無,陰性
4668,50-59歲,男,無,陰性
4669,60歲以上,男,無,陰性
4670,50-59歲,男,無,陰性
4671,50-59歲,男,三級,陽性
4672,30-39歲,女,無,陰性
4673,60歲以上,男,無,陰性
4674,40-49歲,男,無,陰性
4675,40-49歲,男,無,陰性
4676,60歲以上,女,二級,陽性
4677,40-49歲,女,二級,陽性
4678,19歲以下,男,無,陰性
4679,20-29歲,女,無,陰性
4680,60歲以上,女,二級,陽性
4681,19歲以下,男,無,陰性
4682,50-59歲,男,無,陰性
4683,40-49歲,女,二級,陽性
4684,50-59歲,男,二級,陽性
4685,30-39歲,女,無,陰性
4686,40-49歲,女,二級,陽性
4687,30-39歲,男,二級,陽性
4688,40-49歲,男,無,陰性
4689,40-49歲,男,無,陰性
4690,20-29歲,男,無,陰性
4691,30-39歲,男,無,陰性
4692,50-59歲,男,無,陰性
4693,40-49歲,女,二級,陽性
4694,40-49歲,男,無,陰性
4695,50-59歲,男,無,陰性
4696,40-49歲,男,無,陰性
4697,40-49歲,女,無,陰性
4698,50-59歲,男,無,陰性
4699,40-49歲,男,無,陰性
4700,50-59歲,男,無,陰性
4701,19歲以下,男,無,陰性
4702,60歲以上,女,無,陰性
4703,20-29歲,男,無,陰性
4704,40-49歲,女,無,陰性
4705,40-49歲,男,一級,陽性
4706,60歲以上,男,二級,陽性
4707,50-59歲,男,二級,陽性
4708,40-49歲,男,一級,陽性
4709,50-59歲,女,二級,陽性
4710,20-29歲,男,無,陰性
4711,40-49歲,男,二級,陽性
4712,50-59歲,男,無,陰性
4713,40-49歲,男,無,陰性
4714,30-39歲,男,二級,陽性
4715,40-49歲,男,無,陰性
4716,40-49歲,男,無,陰性
4717,30-39歲,男,無,陰性
4718,40-49歲,男,無,陰性
4719,30-39歲,男,無,陰性
4720,40-49歲,男,無,陰性
4721,40-49歲,男,無,陰性
4722,40-49歲,女,無,陰性
4723,30-39歲,女,無,陰性
4724,60歲以上,男,三級,陽性
4725,30-39歲,女,無,陰性
4726,50-59歲,男,無,陰性
4727,40-49歲,男,無,陰性
4728,30-39歲,男,無,陰性
4729,50-59歲,男,無,陰性
4730,30-39歲,男,二級,陽性
4731,50-59歲,男,無,陰性
4732,19歲以下,男,無,陰性
4733,40-49歲,男,無,陰性
4734,50-59歲,男,無,陰性
4735,60歲以上,男,無,陰性
4736,40-49歲,男,無,陰性
4737,20-29歲,女,無,陰性
4738,20-29歲,男,無,陰性
4739,20-29歲,男,無,陰性
4740,50-59歲,男,無,陰性
4741,40-49歲,男,無,陰性
4742,30-39歲,男,二級,陽性
4743,50-59歲,男,二級,陽性
4744,30-39歲,女,二級,陽性
4745,40-49歲,男,無,陰性
4746,60歲以上,男,二級,陽性
4747,50-59歲,男,無,陰性
4748,40-49歲,男,無,陰性
4749,40-49歲,男,無,陰性
4750,60歲以上,男,無,陰性
4751,30-39歲,女,二級,陽性
4752,40-49歲,男,無,陰性
4753,50-59歲,男,無,陰性
4754,50-59歲,男,無,陰性
4755,40-49歲,男,無,陰性
4756,50-59歲,男,三級,陽性
4757,40-49歲,男,無,陰性
4758,19歲以下,男,二級,陽性
4759,60歲以上,男,二級,陽性
4760,40-49歲,男,無,陰性
4761,40-49歲,男,無,陰性
4762,30-39歲,男,無,陰性
4763,50-59歲,男,無,陰性
4764,40-49歲,男,無,陰性
4765,50-59歲,女,二級,陽性
4766,50-59歲,男,無,陰性
4767,50-59歲,男,無,陰性
4768,30-39歲,男,無,陰性
4769,50-59歲,男,無,陰性
4770,30-39歲,男,無,陰性
4771,20-29歲,男,二級,陽性
4772,40-49歲,女,無,陰性
4773,40-49歲,男,二級,陽性
4774,40-49歲,男,無,陰性
4775,40-49歲,男,無,陰性
4776,40-49歲,男,二級,陽性
4777,40-49歲,男,二級,陽性
4778,30-39歲,男,無,陰性
4779,50-59歲,男,無,陰性
4780,40-49歲,男,無,陰性
4781,30-39歲,男,無,陰性
4782,60歲以上,男,無,陰性
4783,30-39歲,男,無,陰性
4784,50-59歲,女,二級,陽性
4785,50-59歲,女,無,陰性
4786,40-49歲,男,無,陰性
4787,60歲以上,男,無,陰性
4788,40-49歲,女,無,陰性
4789,40-49歲,男,無,陰性
4790,40-49歲,男,二級,陽性
4791,30-39歲,男,無,陰性
4792,50-59歲,男,無,陰性
4793,20-29歲,男,無,陰性
4794,30-39歲,男,無,陰性
4795,40-49歲,男,三級,陽性
4796,30-39歲,男,無,陰性
4797,20-29歲,男,無,陰性
4798,30-39歲,男,二級,陽性
4799,40-49歲,女,二級,陽性
4800,50-59歲,男,無,陰性
4801,50-59歲,男,無,陰性
4802,50-59歲,男,無,陰性
4803,30-39歲,男,無,陰性
4804,30-39歲,男,無,陰性
4805,40-49歲,男,無,陰性
4806,20-29歲,男,無,陰性
4807,50-59歲,男,無,陰性
4808,50-59歲,男,無,陰性
4809,30-39歲,男,二級,陽性
4810,30-39歲,男,無,陰性
4811,40-49歲,男,無,陰性
4812,40-49歲,女,無,陰性
4813,40-49歲,男,無,陰性
4814,30-39歲,男,無,陰性
4815,20-29歲,男,無,陰性
4816,20-29歲,男,二級,陽性
4817,60歲以上,女,無,陰性
4818,40-49歲,男,無,陰性
4819,30-39歲,男,無,陰性
4820,50-59歲,女,二級,陽性
4821,50-59歲,男,無,陰性
4822,60歲以上,男,三級,陽性
4823,50-59歲,男,無,陰性
4824,50-59歲,男,二級,陽性
4825,30-39歲,男,一級,陽性
4826,50-59歲,女,二級,陽性
4827,40-49歲,男,三級,陽性
4828,40-49歲,男,二級,陽性
4829,50-59歲,男,無,陰性
4830,30-39歲,男,二級,陽性
4831,60歲以上,男,無,陰性
4832,40-49歲,女,無,陰性
4833,19歲以下,女,無,陰性
4834,50-59歲,男,無,陰性
4835,30-39歲,男,無,陰性
4836,20-29歲,男,三級,陽性
4837,30-39歲,女,無,陰性
4838,40-49歲,男,無,陰性
4839,30-39歲,男,二級,陽性
4840,30-39歲,男,無,陰性
4841,30-39歲,男,無,陰性
4842,40-49歲,男,無,陰性
4843,50-59歲,男,三級,陽性
4844,40-49歲,男,無,陰性
4845,30-39歲,男,無,陰性
4846,20-29歲,男,二級,陽性
4847,40-49歲,男,無,陰性
4848,40-49歲,男,無,陰性
4849,20-29歲,男,無,陰性
4850,40-49歲,女,無,陰性
4851,40-49歲,男,無,陰性
4852,40-49歲,男,二級,陽性
4853,20-29歲,女,無,陰性
4854,30-39歲,男,無,陰性
4855,20-29歲,男,無,陰性
4856,30-39歲,男,無,陰性
4857,30-39歲,男,無,陰性
4858,40-49歲,男,無,陰性
4859,30-39歲,男,無,陰性
4860,40-49歲,男,無,陰性
4861,50-59歲,男,無,陰性
4862,50-59歲,男,無,陰性
4863,40-49歲,男,二級,陽性
4864,30-39歲,女,一級,陽性
4865,30-39歲,男,無,陰性
4866,50-59歲,男,無,陰性
4867,20-29歲,女,無,陰性
4868,40-49歲,男,無,陰性
4869,50-59歲,女,無,陰性
4870,30-39歲,男,無,陰性
4871,50-59歲,男,一級,陽性
4872,50-59歲,男,無,陰性
4873,30-39歲,男,無,陰性
4874,50-59歲,男,無,陰性
4875,40-49歲,男,無,陰性
4876,40-49歲,男,無,陰性
4877,20-29歲,男,無,陰性
4878,40-49歲,男,無,陰性
4879,19歲以下,男,無,陰性
4880,30-39歲,男,一級,陽性
4881,19歲以下,女,無,陰性
4882,50-59歲,男,無,陰性
4883,30-39歲,男,無,陰性
4884,30-39歲,男,二級,陽性
4885,30-39歲,男,二級,陽性
4886,20-29歲,女,無,陰性
4887,40-49歲,男,無,陰性
4888,50-59歲,男,二級,陽性
4889,20-29歲,男,無,陰性
4890,40-49歲,男,無,陰性
4891,50-59歲,女,二級,陽性
4892,40-49歲,男,無,陰性
4893,40-49歲,女,無,陰性
4894,50-59歲,男,無,陰性
4895,50-59歲,男,無,陰性
4896,40-49歲,男,無,陰性
4897,40-49歲,男,無,陰性
4898,40-49歲,男,無,陰性
4899,19歲以下,男,無,陰性
4900,40-49歲,男,無,陰性
4901,50-59歲,男,無,陰性
4902,40-49歲,男,無,陰性
4903,50-59歲,女,無,陰性
4904,50-59歲,女,無,陰性
4905,20-29歲,男,二級,陽性
4906,40-49歲,男,無,陰性
4907,40-49歲,男,二級,陽性
4908,30-39歲,男,無,陰性
4909,40-49歲,男,無,陰性
4910,40-49歲,女,無,陰性
4911,50-59歲,男,無,陰性
4912,60歲以上,女,一級,陽性
4913,40-49歲,男,一級,陽性
4914,60歲以上,男,二級,陽性
4915,30-39歲,男,無,陰性
4916,40-49歲,男,無,陰性
4917,20-29歲,男,二級,陽性
4918,20-29歲,女,一級,陽性
4919,30-39歲,男,無,陰性
4920,30-39歲,男,無,陰性
4921,40-49歲,男,無,陰性
4922,30-39歲,男,二級,陽性
4923,40-49歲,男,二級,陽性
4924,50-59歲,男,無,陰性
4925,30-39歲,男,無,陰性
4926,20-29歲,男,無,陰性
4927,20-29歲,男,無,陰性
4928,40-49歲,男,二級,陽性
4929,50-59歲,男,無,陰性
4930,60歲以上,男,無,陰性
4931,40-49歲,男,無,陰性
4932,50-59歲,男,無,陰性
4933,40-49歲,男,無,陰性
4934,50-59歲,男,無,陰性
4935,40-49歲,男,無,陰性
4936,30-39歲,男,無,陰性
4937,50-59歲,男,無,陰性
4938,20-29歲,男,無,陰性
4939,40-49歲,男,二級,陽性
4940,19歲以下,女,無,陰性
4941,50-59歲,男,無,陰性
4942,60歲以上,男,無,陰性
4943,40-49歲,女,二級,陽性
4944,40-49歲,男,二級,陽性
4945,40-49歲,男,無,陰性
4946,60歲以上,男,無,陰性
4947,60歲以上,男,無,陰性
4948,40-49歲,男,無,陰性
4949,60歲以上,男,無,陰性
4950,50-59歲,男,無,陰性
4951,40-49歲,男,無,陰性
4952,40-49歲,男,無,陰性
4953,40-49歲,男,二級,陽性
4954,40-49歲,男,二級,陽性
4955,60歲以上,男,無,陰性
4956,40-49歲,男,無,陰性
4957,30-39歲,男,二級,陽性
4958,30-39歲,男,無,陰性
4959,30-39歲,男,無,陰性
4960,20-29歲,男,無,陰性
4961,50-59歲,男,無,陰性
4962,30-39歲,男,無,陰性
4963,50-59歲,男,無,陰性
4964,50-59歲,男,無,陰性
4965,50-59歲,男,無,陰性
4966,60歲以上,男,無,陰性
4967,50-59歲,男,無,陰性
4968,50-59歲,女,二級,陽性
4969,30-39歲,男,無,陰性
4970,40-49歲,男,無,陰性
4971,50-59歲,男,無,陰性
4972,40-49歲,男,無,陰性
4973,50-59歲,男,無,陰性
4974,50-59歲,男,無,陰性
4975,40-49歲,男,無,陰性
4976,30-39歲,男,無,陰性
4977,20-29歲,男,無,陰性
4978,50-59歲,男,無,陰性
4979,40-49歲,男,無,陰性
4980,40-49歲,女,無,陰性
4981,50-59歲,男,無,陰性
4982,30-39歲,男,無,陰性
4983,30-39歲,男,無,陰性
4984,40-49歲,男,三級,陽性
4985,40-49歲,男,無,陰性
4986,40-49歲,女,無,陰性
4987,40-49歲,男,二級,陽性
4988,40-49歲,男,無,陰性
4989,40-49歲,男,無,陰性
4990,40-49歲,女,無,陰性
4991,40-49歲,男,二級,陽性
4992,40-49歲,男,無,陰性
4993,40-49歲,男,無,陰性
4994,20-29歲,女,無,陰性
4995,50-59歲,男,無,陰性
4996,50-59歲,男,無,陰性
4997,40-49歲,男,無,陰性
4998,20-29歲,男,三級,陽性
4999,50-59歲,男,無,陰性
5000,40-49歲,女,無,陰性
5001,40-49歲,男,無,陰性
5002,60歲以上,男,二級,陽性
5003,50-59歲,女,無,陰性
5004,30-39歲,男,無,陰性
5005,40-49歲,男,無,陰性
5006,20-29歲,男,一級,陽性
5007,20-29歲,男,二級,陽性
5008,60歲以上,男,無,陰性
5009,30-39歲,男,無,陰性
5010,40-49歲,男,無,陰性
5011,60歲以上,男,無,陰性
5012,40-49歲,男,無,陰性
5013,30-39歲,男,二級,陽性
5014,40-49歲,男,無,陰性
5015,40-49歲,女,無,陰性
5016,40-49歲,男,二級,陽性
5017,40-49歲,男,無,陰性
5018,30-39歲,男,無,陰性
5019,50-59歲,女,無,陰性
5020,40-49歲,女,二級,陽性
5021,30-39歲,男,無,陰性
5022,40-49歲,男,無,陰性
5023,40-49歲,男,無,陰性
5024,60歲以上,女,無,陰性
5025,40-49歲,男,無,陰性
5026,40-49歲,男,無,陰性
5027,30-39歲,男,無,陰性
5028,30-39歲,男,無,陰性
5029,30-39歲,男,三級,陽性
5030,60歲以上,男,無,陰性
5031,40-49歲,女,一級,陽性
5032,40-49歲,男,無,陰性
5033,30-39歲,男,無,陰性
5034,20-29歲,男,無,陰性
5035,40-49歲,男,無,陰性
5036,40-49歲,男,無,陰性
5037,40-49歲,男,二級,陽性
5038,50-59歲,男,無,陰性
5039,40-49歲,男,無,陰性
5040,20-29歲,男,二級,陽性
5041,40-49歲,男,無,陰性
5042,40-49歲,男,二級,陽性
5043,30-39歲,男,無,陰性
5044,40-49歲,男,一級,陽性
5045,30-39歲,女,無,陰性
5046,20-29歲,男,二級,陽性
5047,30-39歲,男,無,陰性
5048,40-49歲,男,三級,陽性
5049,30-39歲,男,二級,陽性
5050,40-49歲,女,無,陰性
5051,50-59歲,男,無,陰性
5052,40-49歲,男,無,陰性
5053,50-59歲,男,無,陰性
5054,20-29歲,男,三級,陽性
5055,50-59歲,男,無,陰性
5056,40-49歲,男,無,陰性
5057,40-49歲,男,二級,陽性
5058,30-39歲,男,二級,陽性
5059,50-59歲,男,無,陰性
5060,50-59歲,男,無,陰性
5061,30-39歲,男,無,陰性
5062,20-29歲,女,二級,陽性
5063,30-39歲,男,無,陰性
5064,40-49歲,男,無,陰性
5065,40-49歲,男,無,陰性
5066,40-49歲,女,無,陰性
5067,60歲以上,男,無,陰性
5068,40-49歲,男,無,陰性
5069,60歲以上,男,無,陰性
5070,20-29歲,男,無,陰性
5071,50-59歲,男,無,陰性
5072,20-29歲,男,無,陰性
5073,40-49歲,男,無,陰性
5074,20-29歲,男,無,陰性
5075,50-59歲,男,無,陰性
5076,40-49歲,男,無,陰性
5077,19歲以下,男,無,陰性
5078,50-59歲,男,無,陰性
5079,50-59歲,男,無,陰性
5080,30-39歲,女,三級,陽性
5081,30-39歲,男,無,陰性
5082,30-39歲,男,無,陰性
5083,40-49歲,男,無,陰性
5084,30-39歲,男,無,陰性
5085,30-39歲,男,無,陰性
5086,30-39歲,男,無,陰性
5087,30-39歲,女,無,陰性
5088,50-59歲,男,無,陰性
5089,20-29歲,男,無,陰性
5090,50-59歲,女,無,陰性
5091,50-59歲,男,無,陰性
5092,40-49歲,女,二級,陽性
5093,30-39歲,男,無,陰性
5094,40-49歲,男,無,陰性
5095,20-29歲,男,二級,陽性
5096,19歲以下,男,無,陰性
5097,60歲以上,男,無,陰性
5098,40-49歲,男,無,陰性
5099,50-59歲,男,無,陰性
5100,60歲以上,男,無,陰性
5101,40-49歲,男,三級,陽性
5102,40-49歲,男,無,陰性
5103,30-39歲,男,無,陰性
5104,50-59歲,男,無,陰性
5105,50-59歲,女,無,陰性
5106,30-39歲,男,無,陰性
5107,50-59歲,男,無,陰性
5108,50-59歲,女,無,陰性
5109,40-49歲,男,二級,陽性
5110,30-39歲,男,無,陰性
5111,40-49歲,男,二級,陽性
5112,40-49歲,男,二級,陽性
5113,30-39歲,男,二級,陽性
5114,40-49歲,男,無,陰性
5115,60歲以上,男,無,陰性
5116,40-49歲,女,無,陰性
5117,20-29歲,男,無,陰性
5118,40-49歲,男,無,陰性
5119,30-39歲,男,無,陰性
5120,40-49歲,男,無,陰性
5121,19歲以下,男,無,陰性
5122,40-49歲,男,三級,陽性
5123,40-49歲,男,無,陰性
5124,19歲以下,男,無,陰性
5125,50-59歲,女,無,陰性
5126,40-49歲,男,無,陰性
5127,30-39歲,男,無,陰性
5128,50-59歲,男,無,陰性
5129,50-59歲,男,無,陰性
5130,50-59歲,男,二級,陽性
5131,40-49歲,男,無,陰性
5132,40-49歲,男,二級,陽性
5133,30-39歲,女,二級,陽性
5134,50-59歲,男,無,陰性
5135,40-49歲,男,二級,陽性
5136,40-49歲,男,二級,陽性
5137,50-59歲,女,無,陰性
5138,60歲以上,男,無,陰性
5139,40-49歲,女,無,陰性
5140,30-39歲,男,無,陰性
5141,20-29歲,男,無,陰性
5142,30-39歲,男,無,陰性
5143,50-59歲,男,無,陰性
5144,40-49歲,男,無,陰性
5145,20-29歲,男,無,陰性
5146,40-49歲,男,無,陰性
5147,50-59歲,男,無,陰性
5148,40-49歲,男,三級,陽性
5149,40-49歲,男,無,陰性
5150,50-59歲,男,無,陰性
5151,20-29歲,男,無,陰性
5152,50-59歲,女,無,陰性
5153,40-49歲,男,一級,陽性
5154,40-49歲,男,無,陰性
5155,40-49歲,男,無,陰性
5156,40-49歲,男,無,陰性
5157,50-59歲,男,三級,陽性
5158,40-49歲,男,一級,陽性
5159,30-39歲,女,無,陰性
5160,40-49歲,男,無,陰性
5161,20-29歲,男,無,陰性
5162,60歲以上,男,無,陰性
5163,40-49歲,男,無,陰性
5164,50-59歲,男,二級,陽性
5165,60歲以上,女,無,陰性
5166,30-39歲,男,無,陰性
5167,50-59歲,男,二級,陽性
5168,40-49歲,男,無,陰性
5169,20-29歲,男,二級,陽性
5170,30-39歲,男,無,陰性
5171,50-59歲,男,無,陰性
5172,40-49歲,男,無,陰性
5173,50-59歲,男,無,陰性
5174,50-59歲,男,無,陰性
5175,30-39歲,男,二級,陽性
5176,30-39歲,男,無,陰性
5177,40-49歲,女,無,陰性
5178,40-49歲,男,無,陰性
5179,60歲以上,男,無,陰性
5180,40-49歲,男,無,陰性
5181,40-49歲,男,一級,陽性
5182,20-29歲,男,無,陰性
5183,40-49歲,男,無,陰性
5184,40-49歲,男,無,陰性
5185,60歲以上,男,無,陰性
5186,50-59歲,男,無,陰性
5187,30-39歲,男,二級,陽性
5188,50-59歲,男,二級,陽性
5189,50-59歲,男,無,陰性
5190,40-49歲,男,無,陰性
5191,30-39歲,男,無,陰性
5192,30-39歲,男,無,陰性
5193,20-29歲,男,無,陰性
5194,50-59歲,男,無,陰性
5195,50-59歲,男,無,陰性
5196,40-49歲,男,二級,陽性
5197,40-49歲,男,無,陰性
5198,30-39歲,女,無,陰性
5199,50-59歲,女,無,陰性
5200,19歲以下,女,無,陰性
5201,50-59歲,男,無,陰性
5202,50-59歲,男,無,陰性
5203,40-49歲,男,無,陰性
5204,60歲以上,男,無,陰性
5205,50-59歲,男,無,陰性
5206,50-59歲,男,無,陰性
5207,40-49歲,男,無,陰性
5208,50-59歲,男,無,陰性
5209,40-49歲,男,無,陰性
5210,20-29歲,女,無,陰性
5211,60歲以上,男,無,陰性
5212,19歲以下,男,無,陰性
5213,40-49歲,男,無,陰性
5214,40-49歲,男,無,陰性
5215,40-49歲,男,無,陰性
5216,50-59歲,女,無,陰性
5217,50-59歲,男,無,陰性
5218,40-49歲,男,無,陰性
5219,40-49歲,女,無,陰性
5220,20-29歲,女,無,陰性
5221,50-59歲,男,無,陰性
5222,20-29歲,男,無,陰性
5223,50-59歲,男,無,陰性
5224,40-49歲,女,無,陰性
5225,30-39歲,男,無,陰性
5226,60歲以上,女,三級,陽性
5227,50-59歲,女,無,陰性
5228,40-49歲,男,無,陰性
5229,30-39歲,女,無,陰性
5230,50-59歲,男,無,陰性
5231,30-39歲,男,無,陰性
5232,20-29歲,男,二級,陽性
5233,40-49歲,男,無,陰性
5234,40-49歲,男,無,陰性
5235,50-59歲,女,無,陰性
5236,60歲以上,男,無,陰性
5237,50-59歲,男,二級,陽性
5238,60歲以上,男,無,陰性
5239,40-49歲,男,二級,陽性
5240,50-59歲,男,無,陰性
5241,40-49歲,男,二級,陽性
5242,40-49歲,女,無,陰性
5243,50-59歲,男,二級,陽性
5244,19歲以下,男,二級,陽性
5245,40-49歲,男,無,陰性
5246,40-49歲,男,無,陰性
5247,40-49歲,女,無,陰性
5248,40-49歲,女,無,陰性
5249,20-29歲,女,二級,陽性
5250,19歲以下,男,無,陰性
5251,30-39歲,女,三級,陽性
5252,30-39歲,男,無,陰性
5253,40-49歲,男,無,陰性
5254,19歲以下,女,無,陰性
5255,60歲以上,男,無,陰性
5256,50-59歲,女,無,陰性
5257,50-59歲,男,無,陰性
5258,40-49歲,男,無,陰性
5259,40-49歲,男,無,陰性
5260,30-39歲,男,無,陰性
5261,50-59歲,男,無,陰性
5262,40-49歲,女,無,陰性
5263,20-29歲,男,無,陰性
5264,60歲以上,男,無,陰性
5265,40-49歲,男,二級,陽性
5266,30-39歲,男,無,陰性
5267,40-49歲,女,無,陰性
5268,40-49歲,女,無,陰性
5269,30-39歲,男,二級,陽性
5270,30-39歲,男,三級,陽性
5271,40-49歲,男,無,陰性
5272,19歲以下,男,無,陰性
5273,40-49歲,男,無,陰性
5274,40-49歲,男,無,陰性
5275,50-59歲,男,二級,陽性
5276,19歲以下,男,二級,陽性
5277,20-29歲,男,無,陰性
5278,40-49歲,男,無,陰性
5279,30-39歲,男,無,陰性
5280,30-39歲,女,無,陰性
5281,40-49歲,男,無,陰性
5282,20-29歲,女,無,陰性
5283,40-49歲,女,無,陰性
5284,50-59歲,男,二級,陽性
5285,30-39歲,女,無,陰性
5286,20-29歲,男,無,陰性
5287,30-39歲,女,二級,陽性
5288,60歲以上,男,二級,陽性
5289,40-49歲,男,無,陰性
5290,60歲以上,男,無,陰性
5291,50-59歲,男,二級,陽性
5292,60歲以上,男,無,陰性
5293,40-49歲,男,二級,陽性
5294,20-29歲,男,三級,陽性
5295,50-59歲,男,無,陰性
5296,50-59歲,男,無,陰性
5297,50-59歲,男,無,陰性
5298,60歲以上,女,無,陰性
5299,40-49歲,男,無,陰性
5300,50-59歲,男,無,陰性
5301,40-49歲,男,無,陰性
5302,50-59歲,男,三級,陽性
5303,50-59歲,女,無,陰性
5304,20-29歲,女,無,陰性
5305,60歲以上,女,無,陰性
5306,60歲以上,男,無,陰性
5307,40-49歲,男,無,陰性
5308,50-59歲,男,無,陰性
5309,40-49歲,男,無,陰性
5310,50-59歲,男,二級,陽性
5311,50-59歲,女,無,陰性
5312,60歲以上,男,無,陰性
5313,50-59歲,男,無,陰性
5314,50-59歲,男,無,陰性
5315,40-49歲,女,無,陰性
5316,30-39歲,男,無,陰性
5317,40-49歲,男,無,陰性
5318,30-39歲,男,無,陰性
5319,19歲以下,男,無,陰性
5320,40-49歲,女,無,陰性
5321,50-59歲,女,二級,陽性
5322,30-39歲,男,無,陰性
5323,40-49歲,男,無,陰性
5324,40-49歲,男,無,陰性
5325,50-59歲,男,無,陰性
5326,20-29歲,男,無,陰性
5327,40-49歲,女,無,陰性
5328,50-59歲,男,無,陰性
5329,50-59歲,男,無,陰性
5330,20-29歲,男,二級,陽性
5331,50-59歲,女,無,陰性
5332,50-59歲,男,一級,陽性
5333,40-49歲,男,二級,陽性
5334,50-59歲,男,無,陰性
5335,30-39歲,男,無,陰性
5336,40-49歲,男,無,陰性
5337,50-59歲,男,三級,陽性
5338,50-59歲,男,二級,陽性
5339,50-59歲,男,三級,陽性
5340,20-29歲,男,無,陰性
5341,50-59歲,男,一級,陽性
5342,40-49歲,男,無,陰性
5343,30-39歲,女,無,陰性
5344,40-49歲,男,無,陰性
5345,50-59歲,男,無,陰性
5346,60歲以上,男,無,陰性
5347,40-49歲,男,無,陰性
5348,50-59歲,女,三級,陽性
5349,60歲以上,男,二級,陽性
5350,60歲以上,男,無,陰性
5351,20-29歲,男,無,陰性
5352,50-59歲,男,二級,陽性
5353,30-39歲,女,無,陰性
5354,40-49歲,男,無,陰性
5355,60歲以上,男,無,陰性
5356,50-59歲,女,無,陰性
5357,50-59歲,男,無,陰性
5358,40-49歲,男,無,陰性
5359,40-49歲,男,二級,陽性
5360,20-29歲,男,無,陰性
5361,40-49歲,男,二級,陽性
5362,40-49歲,女,無,陰性
5363,30-39歲,男,無,陰性
5364,40-49歲,男,無,陰性
5365,30-39歲,男,無,陰性
5366,40-49歲,女,二級,陽性
5367,30-39歲,男,無,陰性
5368,40-49歲,女,無,陰性
5369,40-49歲,男,無,陰性
5370,20-29歲,男,無,陰性
5371,50-59歲,男,二級,陽性
5372,40-49歲,男,無,陰性
5373,20-29歲,女,一級,陽性
5374,40-49歲,男,二級,陽性
5375,50-59歲,男,無,陰性
5376,30-39歲,女,二級,陽性
5377,50-59歲,男,無,陰性
5378,40-49歲,男,無,陰性
5379,40-49歲,女,無,陰性
5380,60歲以上,男,無,陰性
5381,20-29歲,男,無,陰性
5382,40-49歲,男,無,陰性
5383,30-39歲,男,無,陰性
5384,40-49歲,男,三級,陽性
5385,30-39歲,男,無,陰性
5386,30-39歲,男,無,陰性
5387,50-59歲,男,無,陰性
5388,30-39歲,男,二級,陽性
5389,20-29歲,男,無,陰性
5390,50-59歲,男,無,陰性
5391,40-49歲,女,二級,陽性
5392,50-59歲,男,無,陰性
5393,20-29歲,男,無,陰性
5394,40-49歲,男,無,陰性
5395,30-39歲,男,二級,陽性
5396,60歲以上,男,無,陰性
5397,40-49歲,男,無,陰性
5398,40-49歲,男,無,陰性
5399,50-59歲,男,無,陰性
5400,60歲以上,男,無,陰性
5401,40-49歲,女,無,陰性
5402,40-49歲,男,無,陰性
5403,40-49歲,女,二級,陽性
5404,20-29歲,男,無,陰性
5405,30-39歲,男,無,陰性
5406,50-59歲,女,一級,陽性
5407,40-49歲,男,無,陰性
5408,30-39歲,男,二級,陽性
5409,30-39歲,男,無,陰性
5410,40-49歲,女,二級,陽性
5411,50-59歲,男,一級,陽性
5412,40-49歲,男,無,陰性
5413,20-29歲,男,無,陰性
5414,40-49歲,女,無,陰性
5415,50-59歲,男,三級,陽性
5416,30-39歲,男,無,陰性
5417,50-59歲,男,無,陰性
5418,60歲以上,男,無,陰性
5419,60歲以上,男,三級,陽性
5420,20-29歲,男,三級,陽性
5421,40-49歲,男,無,陰性
5422,20-29歲,男,無,陰性
5423,40-49歲,男,無,陰性
5424,50-59歲,男,無,陰性
5425,50-59歲,男,無,陰性
5426,30-39歲,男,無,陰性
5427,40-49歲,男,無,陰性
5428,30-39歲,男,無,陰性
5429,60歲以上,男,無,陰性
5430,40-49歲,男,無,陰性
5431,40-49歲,男,無,陰性
5432,30-39歲,男,二級,陽性
5433,40-49歲,男,無,陰性
5434,19歲以下,女,無,陰性
5435,60歲以上,男,無,陰性
5436,50-59歲,男,無,陰性
5437,30-39歲,男,無,陰性
5438,50-59歲,男,無,陰性
5439,50-59歲,男,無,陰性
5440,30-39歲,男,無,陰性
5441,40-49歲,女,二級,陽性
5442,50-59歲,男,三級,陽性
5443,50-59歲,男,二級,陽性
5444,50-59歲,男,二級,陽性
5445,50-59歲,女,無,陰性
5446,60歲以上,男,二級,陽性
5447,40-49歲,男,無,陰性
5448,50-59歲,女,無,陰性
5449,50-59歲,男,無,陰性
5450,50-59歲,男,無,陰性
5451,40-49歲,男,無,陰性
5452,40-49歲,男,無,陰性
5453,40-49歲,男,三級,陽性
5454,60歲以上,男,無,陰性
5455,20-29歲,男,無,陰性
5456,40-49歲,女,無,陰性
5457,40-49歲,男,無,陰性
5458,40-49歲,男,二級,陽性
5459,20-29歲,女,無,陰性
5460,40-49歲,男,二級,陽性
5461,60歲以上,男,無,陰性
5462,40-49歲,男,無,陰性
5463,20-29歲,男,無,陰性
5464,50-59歲,男,無,陰性
5465,50-59歲,男,一級,陽性
5466,40-49歲,男,無,陰性
5467,40-49歲,男,無,陰性
5468,40-49歲,女,無,陰性
5469,20-29歲,男,二級,陽性
5470,30-39歲,男,無,陰性
5471,40-49歲,男,二級,陽性
5472,50-59歲,男,無,陰性
5473,19歲以下,男,無,陰性
5474,60歲以上,男,無,陰性
5475,50-59歲,女,二級,陽性
5476,40-49歲,男,無,陰性
5477,30-39歲,男,無,陰性
5478,60歲以上,男,一級,陽性
5479,19歲以下,男,無,陰性
5480,40-49歲,男,無,陰性
5481,40-49歲,男,無,陰性
5482,40-49歲,男,無,陰性
5483,40-49歲,男,二級,陽性
5484,50-59歲,男,無,陰性
5485,30-39歲,男,無,陰性
5486,50-59歲,男,無,陰性
5487,30-39歲,男,無,陰性
5488,40-49歲,男,二級,陽性
5489,40-49歲,男,無,陰性
5490,20-29歲,男,無,陰性
5491,50-59歲,男,無,陰性
5492,50-59歲,女,無,陰性
5493,40-49歲,女,無,陰性
5494,40-49歲,男,無,陰性
5495,40-49歲,男,無,陰性
5496,30-39歲,男,無,陰性
5497,60歲以上,男,無,陰性
5498,20-29歲,男,無,陰性
5499,20-29歲,女,無,陰性
5500,20-29歲,男,無,陰性
5501,20-29歲,男,二級,陽性
5502,50-59歲,男,無,陰性
5503,20-29歲,男,無,陰性
5504,20-29歲,男,無,陰性
5505,20-29歲,男,二級,陽性
5506,50-59歲,男,無,陰性
5507,60歲以上,男,無,陰性
5508,50-59歲,女,無,陰性
5509,50-59歲,男,無,陰性
5510,40-49歲,男,無,陰性
5511,30-39歲,男,無,陰性
5512,40-49歲,男,無,陰性
5513,40-49歲,男,無,陰性
5514,40-49歲,男,無,陰性
5515,40-49歲,男,無,陰性
5516,50-59歲,男,二級,陽性
5517,40-49歲,男,無,陰性
5518,40-49歲,女,無,陰性
5519,50-59歲,男,二級,陽性
5520,30-39歲,男,無,陰性
5521,30-39歲,男,二級,陽性
5522,40-49歲,男,無,陰性
5523,40-49歲,男,無,陰性
5524,50-59歲,男,無,陰性
5525,40-49歲,男,無,陰性
5526,40-49歲,男,一級,陽性
5527,60歲以上,男,無,陰性
5528,40-49歲,男,無,陰性
5529,40-49歲,男,無,陰性
5530,50-59歲,男,無,陰性
5531,60歲以上,男,無,陰性
5532,40-49歲,男,無,陰性
5533,40-49歲,男,無,陰性
5534,30-39歲,男,無,陰性
5535,40-49歲,女,無,陰性
5536,50-59歲,男,二級,陽性
5537,20-29歲,男,無,陰性
5538,40-49歲,男,無,陰性
5539,30-39歲,男,無,陰性
5540,40-49歲,男,無,陰性
5541,40-49歲,男,一級,陽性
5542,50-59歲,男,無,陰性
5543,40-49歲,男,二級,陽性
5544,50-59歲,男,無,陰性
5545,40-49歲,男,二級,陽性
5546,30-39歲,男,無,陰性
5547,30-39歲,男,無,陰性
5548,60歲以上,男,三級,陽性
5549,30-39歲,男,無,陰性
5550,30-39歲,男,無,陰性
5551,40-49歲,男,無,陰性
5552,30-39歲,女,無,陰性
5553,50-59歲,女,無,陰性
5554,20-29歲,男,無,陰性
5555,40-49歲,男,三級,陽性
5556,50-59歲,女,無,陰性
5557,50-59歲,男,無,陰性
5558,20-29歲,男,無,陰性
5559,60歲以上,女,無,陰性
5560,30-39歲,男,二級,陽性
5561,50-59歲,男,無,陰性
5562,40-49歲,男,三級,陽性
5563,30-39歲,男,無,陰性
5564,50-59歲,男,無,陰性
5565,40-49歲,男,無,陰性
5566,30-39歲,女,無,陰性
5567,40-49歲,男,無,陰性
5568,30-39歲,男,無,陰性
5569,30-39歲,男,無,陰性
5570,40-49歲,男,無,陰性
5571,20-29歲,男,無,陰性
5572,40-49歲,男,無,陰性
5573,50-59歲,男,無,陰性
5574,40-49歲,男,無,陰性
5575,60歲以上,男,無,陰性
5576,40-49歲,男,無,陰性
5577,30-39歲,男,二級,陽性
5578,60歲以上,男,無,陰性
5579,40-49歲,男,二級,陽性
5580,50-59歲,女,三級,陽性
5581,40-49歲,女,無,陰性
5582,40-49歲,男,二級,陽性
5583,50-59歲,男,無,陰性
5584,50-59歲,男,無,陰性
5585,40-49歲,男,無,陰性
5586,50-59歲,男,無,陰性
5587,30-39歲,男,無,陰性
5588,60歲以上,男,三級,陽性
5589,50-59歲,男,無,陰性
5590,50-59歲,男,無,陰性
5591,40-49歲,男,無,陰性
5592,30-39歲,男,無,陰性
5593,30-39歲,女,無,陰性
5594,60歲以上,男,無,陰性
5595,50-59歲,男,二級,陽性
5596,40-49歲,男,無,陰性
5597,40-49歲,男,無,陰性
5598,19歲以下,男,無,陰性
5599,50-59歲,男,二級,陽性
5600,20-29歲,男,無,陰性
5601,60歲以上,男,二級,陽性
5602,50-59歲,女,無,陰性
5603,19歲以下,男,無,陰性
5604,20-29歲,女,無,陰性
5605,40-49歲,男,三級,陽性
5606,50-59歲,男,一級,陽性
5607,20-29歲,男,一級,陽性
5608,40-49歲,男,三級,陽性
5609,50-59歲,男,無,陰性
5610,40-49歲,男,無,陰性
5611,40-49歲,男,無,陰性
5612,40-49歲,男,無,陰性
5613,20-29歲,男,無,陰性
5614,50-59歲,男,無,陰性
5615,40-49歲,男,二級,陽性
5616,50-59歲,男,無,陰性
5617,50-59歲,男,無,陰性
5618,30-39歲,女,二級,陽性
5619,40-49歲,男,無,陰性
5620,60歲以上,男,無,陰性
5621,60歲以上,男,無,陰性
5622,30-39歲,男,無,陰性
5623,40-49歲,男,無,陰性
5624,60歲以上,男,無,陰性
5625,40-49歲,男,無,陰性
5626,50-59歲,女,二級,陽性
5627,30-39歲,男,無,陰性
5628,50-59歲,男,無,陰性
5629,30-39歲,男,無,陰性
5630,30-39歲,女,無,陰性
5631,20-29歲,男,無,陰性
5632,50-59歲,女,無,陰性
5633,40-49歲,男,無,陰性
5634,60歲以上,男,無,陰性
5635,40-49歲,男,無,陰性
5636,50-59歲,女,無,陰性
5637,50-59歲,男,無,陰性
5638,50-59歲,男,無,陰性
5639,30-39歲,男,無,陰性
5640,30-39歲,男,二級,陽性
5641,30-39歲,男,無,陰性
5642,40-49歲,男,無,陰性
5643,40-49歲,男,二級,陽性
5644,20-29歲,男,無,陰性
5645,20-29歲,男,一級,陽性
5646,40-49歲,男,無,陰性
5647,50-59歲,男,二級,陽性
5648,40-49歲,男,無,陰性
5649,40-49歲,男,無,陰性
5650,50-59歲,男,二級,陽性
5651,40-49歲,男,二級,陽性
5652,19歲以下,男,二級,陽性
5653,40-49歲,男,無,陰性
5654,40-49歲,男,無,陰性
5655,40-49歲,男,二級,陽性
5656,50-59歲,男,無,陰性
5657,40-49歲,男,無,陰性
5658,50-59歲,男,無,陰性
5659,40-49歲,男,無,陰性
5660,30-39歲,男,無,陰性
5661,60歲以上,男,無,陰性
5662,40-49歲,女,無,陰性
5663,60歲以上,女,無,陰性
5664,30-39歲,男,無,陰性
5665,30-39歲,男,無,陰性
5666,50-59歲,女,無,陰性
5667,40-49歲,男,無,陰性
5668,40-49歲,男,無,陰性
5669,40-49歲,男,無,陰性
5670,40-49歲,男,無,陰性
5671,40-49歲,男,無,陰性
5672,40-49歲,女,無,陰性
5673,20-29歲,男,三級,陽性
5674,19歲以下,女,無,陰性
5675,40-49歲,男,二級,陽性
5676,60歲以上,女,無,陰性
5677,40-49歲,男,無,陰性
5678,50-59歲,男,無,陰性
5679,40-49歲,女,無,陰性
5680,20-29歲,男,無,陰性
5681,40-49歲,男,無,陰性
5682,40-49歲,男,無,陰性
5683,20-29歲,男,無,陰性
5684,40-49歲,男,二級,陽性
5685,60歲以上,男,無,陰性
5686,30-39歲,男,二級,陽性
5687,50-59歲,男,無,陰性
5688,50-59歲,男,無,陰性
5689,30-39歲,男,無,陰性
5690,40-49歲,男,無,陰性
5691,30-39歲,男,無,陰性
5692,30-39歲,男,無,陰性
5693,60歲以上,男,二級,陽性
5694,30-39歲,女,無,陰性
5695,40-49歲,男,無,陰性
5696,30-39歲,男,無,陰性
5697,20-29歲,男,無,陰性
5698,40-49歲,男,無,陰性
5699,50-59歲,男,二級,陽性
5700,50-59歲,男,二級,陽性
5701,50-59歲,男,無,陰性
5702,60歲以上,男,無,陰性
5703,60歲以上,男,二級,陽性
5704,50-59歲,男,無,陰性
5705,19歲以下,女,無,陰性
5706,30-39歲,男,無,陰性
5707,50-59歲,男,無,陰性
5708,30-39歲,男,無,陰性
5709,30-39歲,男,三級,陽性
5710,40-49歲,男,無,陰性
5711,50-59歲,男,一級,陽性
5712,50-59歲,女,無,陰性
5713,40-49歲,女,無,陰性
5714,30-39歲,男,無,陰性
5715,40-49歲,女,無,陰性
5716,40-49歲,女,無,陰性
5717,40-49歲,女,無,陰性
5718,50-59歲,男,二級,陽性
5719,50-59歲,男,二級,陽性
5720,30-39歲,男,無,陰性
5721,50-59歲,男,二級,陽性
5722,60歲以上,女,二級,陽性
5723,20-29歲,男,二級,陽性
5724,40-49歲,男,無,陰性
5725,40-49歲,男,無,陰性
5726,30-39歲,男,一級,陽性
5727,19歲以下,男,三級,陽性
5728,50-59歲,男,無,陰性
5729,50-59歲,男,無,陰性
5730,19歲以下,女,無,陰性
5731,50-59歲,男,無,陰性
5732,50-59歲,男,三級,陽性
5733,50-59歲,男,無,陰性
5734,40-49歲,男,無,陰性
5735,40-49歲,女,無,陰性
5736,50-59歲,男,二級,陽性
5737,40-49歲,女,無,陰性
5738,50-59歲,男,二級,陽性
5739,30-39歲,女,一級,陽性
5740,50-59歲,男,無,陰性
5741,20-29歲,女,無,陰性
5742,50-59歲,女,三級,陽性
5743,50-59歲,女,二級,陽性
5744,19歲以下,男,二級,陽性
5745,40-49歲,男,無,陰性
5746,50-59歲,男,無,陰性
5747,60歲以上,男,無,陰性
5748,40-49歲,女,無,陰性
5749,20-29歲,男,無,陰性
5750,40-49歲,男,二級,陽性
5751,40-49歲,男,一級,陽性
5752,50-59歲,女,無,陰性
5753,50-59歲,男,無,陰性
5754,30-39歲,男,無,陰性
5755,30-39歲,男,二級,陽性
5756,30-39歲,男,無,陰性
5757,50-59歲,男,無,陰性
5758,30-39歲,男,無,陰性
5759,50-59歲,男,無,陰性
5760,40-49歲,男,無,陰性
5761,40-49歲,男,一級,陽性
5762,50-59歲,男,無,陰性
5763,60歲以上,男,無,陰性
5764,20-29歲,男,無,陰性
5765,40-49歲,女,無,陰性
5766,40-49歲,男,無,陰性
5767,40-49歲,男,無,陰性
5768,30-39歲,男,無,陰性
5769,20-29歲,男,無,陰性
5770,19歲以下,男,無,陰性
5771,50-59歲,男,無,陰性
5772,40-49歲,女,無,陰性
5773,40-49歲,男,無,陰性
5774,40-49歲,男,無,陰性
5775,50-59歲,男,無,陰性
5776,40-49歲,男,三級,陽性
5777,20-29歲,女,無,陰性
5778,50-59歲,男,無,陰性
5779,50-59歲,女,無,陰性
5780,50-59歲,男,無,陰性
5781,40-49歲,女,無,陰性
5782,40-49歲,男,無,陰性
5783,50-59歲,男,無,陰性
5784,40-49歲,男,無,陰性
5785,60歲以上,男,無,陰性
5786,50-59歲,男,三級,陽性
5787,40-49歲,男,無,陰性
5788,50-59歲,男,無,陰性
5789,60歲以上,男,無,陰性
5790,50-59歲,男,二級,陽性
5791,40-49歲,男,無,陰性
5792,50-59歲,女,無,陰性
5793,20-29歲,男,無,陰性
5794,30-39歲,男,無,陰性
5795,40-49歲,男,無,陰性
5796,40-49歲,男,無,陰性
5797,50-59歲,男,二級,陽性
5798,50-59歲,男,無,陰性
5799,50-59歲,男,無,陰性
5800,30-39歲,男,無,陰性
5801,50-59歲,男,無,陰性
5802,40-49歲,男,無,陰性
5803,50-59歲,男,二級,陽性
5804,50-59歲,女,無,陰性
5805,60歲以上,男,無,陰性
5806,50-59歲,女,無,陰性
5807,40-49歲,男,無,陰性
5808,20-29歲,男,無,陰性
5809,40-49歲,男,無,陰性
5810,40-49歲,女,無,陰性
5811,50-59歲,男,無,陰性
5812,30-39歲,女,無,陰性
5813,40-49歲,男,無,陰性
5814,30-39歲,男,無,陰性
5815,40-49歲,男,無,陰性
5816,30-39歲,女,無,陰性
5817,40-49歲,男,二級,陽性
5818,20-29歲,女,無,陰性
5819,40-49歲,男,二級,陽性
5820,30-39歲,女,無,陰性
5821,20-29歲,女,無,陰性
5822,60歲以上,男,無,陰性
5823,30-39歲,男,無,陰性
5824,50-59歲,男,無,陰性
5825,60歲以上,男,無,陰性
5826,60歲以上,男,無,陰性
5827,50-59歲,男,無,陰性
5828,20-29歲,男,無,陰性
5829,60歲以上,男,無,陰性
5830,19歲以下,男,無,陰性
5831,60歲以上,男,三級,陽性
5832,30-39歲,男,無,陰性
5833,30-39歲,男,二級,陽性
5834,40-49歲,男,無,陰性
5835,50-59歲,男,無,陰性
5836,40-49歲,男,無,陰性
5837,40-49歲,男,無,陰性
5838,40-49歲,男,無,陰性
5839,30-39歲,男,無,陰性
5840,20-29歲,男,一級,陽性
5841,40-49歲,男,無,陰性
5842,40-49歲,男,無,陰性
5843,40-49歲,女,無,陰性
5844,50-59歲,女,無,陰性
5845,30-39歲,男,無,陰性
5846,50-59歲,女,無,陰性
5847,50-59歲,男,三級,陽性
5848,20-29歲,女,無,陰性
5849,20-29歲,男,無,陰性
5850,60歲以上,男,無,陰性
5851,40-49歲,女,無,陰性
5852,40-49歲,男,無,陰性
5853,40-49歲,男,三級,陽性
5854,40-49歲,男,無,陰性
5855,30-39歲,男,無,陰性
5856,30-39歲,男,無,陰性
5857,40-49歲,男,無,陰性
5858,40-49歲,男,無,陰性
5859,30-39歲,男,無,陰性
5860,20-29歲,女,無,陰性
5861,40-49歲,女,二級,陽性
5862,40-49歲,男,二級,陽性
5863,30-39歲,男,無,陰性
5864,40-49歲,男,無,陰性
5865,50-59歲,男,無,陰性
5866,50-59歲,男,無,陰性
5867,30-39歲,男,無,陰性
5868,50-59歲,男,二級,陽性
5869,40-49歲,男,無,陰性
5870,60歲以上,女,無,陰性
5871,40-49歲,男,三級,陽性
5872,60歲以上,男,無,陰性
5873,40-49歲,女,無,陰性
5874,30-39歲,男,無,陰性
5875,40-49歲,男,二級,陽性
5876,30-39歲,男,無,陰性
5877,60歲以上,男,無,陰性
5878,40-49歲,男,無,陰性
5879,50-59歲,男,二級,陽性
5880,40-49歲,男,無,陰性
5881,20-29歲,男,無,陰性
5882,50-59歲,男,二級,陽性
5883,40-49歲,男,無,陰性
5884,50-59歲,男,無,陰性
5885,40-49歲,男,無,陰性
5886,30-39歲,男,三級,陽性
5887,50-59歲,男,無,陰性
5888,50-59歲,男,無,陰性
5889,50-59歲,女,二級,陽性
5890,50-59歲,男,無,陰性
5891,30-39歲,男,無,陰性
5892,40-49歲,男,無,陰性
5893,40-49歲,男,無,陰性
5894,40-49歲,男,無,陰性
5895,20-29歲,男,無,陰性
5896,40-49歲,男,無,陰性
5897,20-29歲,男,無,陰性
5898,40-49歲,男,三級,陽性
5899,20-29歲,男,無,陰性
5900,40-49歲,男,無,陰性
5901,50-59歲,女,無,陰性
5902,60歲以上,男,無,陰性
5903,50-59歲,男,無,陰性
5904,30-39歲,男,三級,陽性
5905,40-49歲,男,無,陰性
5906,20-29歲,男,無,陰性
5907,40-49歲,女,無,陰性
5908,30-39歲,男,無,陰性
5909,20-29歲,男,無,陰性
5910,60歲以上,男,三級,陽性
5911,60歲以上,男,無,陰性
5912,40-49歲,男,無,陰性
5913,40-49歲,男,三級,陽性
5914,50-59歲,男,無,陰性
5915,50-59歲,男,無,陰性
5916,60歲以上,男,無,陰性
5917,50-59歲,男,無,陰性
5918,60歲以上,男,二級,陽性
5919,40-49歲,女,無,陰性
5920,50-59歲,女,無,陰性
5921,50-59歲,男,無,陰性
5922,50-59歲,男,三級,陽性
5923,40-49歲,男,無,陰性
5924,50-59歲,男,無,陰性
5925,40-49歲,男,無,陰性
5926,40-49歲,男,無,陰性
5927,40-49歲,女,無,陰性
5928,40-49歲,男,無,陰性
5929,50-59歲,男,二級,陽性
5930,40-49歲,男,二級,陽性
5931,19歲以下,女,無,陰性
5932,50-59歲,男,無,陰性
5933,40-49歲,男,無,陰性
5934,50-59歲,男,三級,陽性
5935,40-49歲,男,二級,陽性
5936,30-39歲,男,無,陰性
5937,40-49歲,男,無,陰性
5938,20-29歲,男,二級,陽性
5939,40-49歲,男,無,陰性
5940,40-49歲,男,無,陰性
5941,40-49歲,男,無,陰性
5942,50-59歲,男,無,陰性
5943,40-49歲,男,二級,陽性
5944,40-49歲,女,無,陰性
5945,19歲以下,女,無,陰性
5946,40-49歲,女,無,陰性
5947,50-59歲,男,無,陰性
5948,40-49歲,男,二級,陽性
5949,40-49歲,男,無,陰性
5950,30-39歲,男,無,陰性
5951,50-59歲,男,無,陰性
5952,40-49歲,男,無,陰性
5953,19歲以下,男,無,陰性
5954,19歲以下,男,無,陰性
5955,50-59歲,男,無,陰性
5956,50-59歲,男,二級,陽性
5957,20-29歲,男,無,陰性
5958,60歲以上,男,無,陰性
5959,40-49歲,男,無,陰性
5960,50-59歲,男,二級,陽性
5961,50-59歲,男,無,陰性
5962,40-49歲,男,無,陰性
5963,50-59歲,男,無,陰性
5964,40-49歲,男,無,陰性
5965,20-29歲,女,無,陰性
5966,40-49歲,男,無,陰性
5967,30-39歲,男,無,陰性
5968,50-59歲,男,二級,陽性
5969,40-49歲,男,三級,陽性
5970,40-49歲,男,無,陰性
5971,60歲以上,男,無,陰性
5972,50-59歲,男,無,陰性
5973,60歲以上,男,無,陰性
5974,40-49歲,男,無,陰性
5975,40-49歲,男,無,陰性
5976,50-59歲,男,無,陰性
5977,50-59歲,男,無,陰性
5978,40-49歲,男,無,陰性
5979,19歲以下,男,無,陰性
5980,60歲以上,女,無,陰性
5981,40-49歲,男,二級,陽性
5982,60歲以上,男,二級,陽性
5983,50-59歲,男,無,陰性
5984,40-49歲,男,無,陰性
5985,30-39歲,男,無,陰性
5986,60歲以上,男,無,陰性
5987,40-49歲,男,一級,陽性
5988,50-59歲,男,無,陰性
5989,60歲以上,女,無,陰性
5990,40-49歲,男,無,陰性
5991,40-49歲,男,無,陰性
5992,50-59歲,男,無,陰性
5993,40-49歲,男,無,陰性
5994,20-29歲,女,無,陰性
5995,19歲以下,男,無,陰性
5996,50-59歲,男,無,陰性
5997,40-49歲,男,二級,陽性
5998,40-49歲,男,二級,陽性
5999,50-59歲,男,無,陰性
6000,40-49歲,男,無,陰性
6001,30-39歲,男,無,陰性
6002,50-59歲,女,無,陰性
6003,40-49歲,女,二級,陽性
6004,60歲以上,女,無,陰性
6005,50-59歲,男,無,陰性
6006,40-49歲,女,無,陰性
6007,40-49歲,男,無,陰性
6008,40-49歲,男,二級,陽性
6009,40-49歲,男,無,陰性
6010,60歲以上,男,無,陰性
6011,40-49歲,男,二級,陽性
6012,40-49歲,女,無,陰性
6013,20-29歲,男,無,陰性
6014,50-59歲,男,無,陰性
6015,40-49歲,男,一級,陽性
6016,40-49歲,男,無,陰性
6017,30-39歲,女,無,陰性
6018,40-49歲,男,二級,陽性
6019,30-39歲,男,無,陰性
6020,20-29歲,男,二級,陽性
6021,50-59歲,男,二級,陽性
6022,40-49歲,男,無,陰性
6023,50-59歲,男,無,陰性
6024,20-29歲,女,無,陰性
6025,30-39歲,男,無,陰性
6026,30-39歲,男,無,陰性
6027,40-49歲,男,二級,陽性
6028,30-39歲,男,無,陰性
6029,50-59歲,男,二級,陽性
6030,30-39歲,男,無,陰性
6031,50-59歲,男,無,陰性
6032,40-49歲,女,無,陰性
6033,20-29歲,男,二級,陽性
6034,60歲以上,男,無,陰性
6035,40-49歲,男,三級,陽性
6036,50-59歲,男,二級,陽性
6037,30-39歲,男,二級,陽性
6038,40-49歲,男,無,陰性
6039,30-39歲,男,無,陰性
6040,50-59歲,男,二級,陽性
6041,40-49歲,男,無,陰性
6042,20-29歲,女,無,陰性
6043,50-59歲,男,無,陰性
6044,50-59歲,男,無,陰性
6045,50-59歲,男,無,陰性
6046,40-49歲,男,無,陰性
6047,50-59歲,女,二級,陽性
6048,40-49歲,男,無,陰性
6049,30-39歲,男,無,陰性
6050,30-39歲,男,二級,陽性
6051,40-49歲,男,無,陰性
6052,40-49歲,男,三級,陽性
6053,40-49歲,男,無,陰性
6054,20-29歲,男,無,陰性
6055,40-49歲,女,無,陰性
6056,50-59歲,女,二級,陽性
6057,60歲以上,男,無,陰性
6058,30-39歲,男,無,陰性
6059,30-39歲,男,無,陰性
6060,50-59歲,男,無,陰性
6061,20-29歲,男,二級,陽性
6062,60歲以上,男,二級,陽性
6063,40-49歲,男,無,陰性
6064,40-49歲,男,無,陰性
6065,60歲以上,男,無,陰性
6066,50-59歲,男,無,陰性
6067,50-59歲,女,無,陰性
6068,50-59歲,男,無,陰性
6069,40-49歲,男,無,陰性
6070,50-59歲,女,無,陰性
6071,30-39歲,男,無,陰性
6072,50-59歲,男,無,陰性
6073,50-59歲,男,無,陰性
6074,40-49歲,女,無,陰性
6075,20-29歲,男,三級,陽性
6076,40-49歲,男,無,陰性
6077,40-49歲,男,二級,陽性
6078,40-49歲,男,三級,陽性
6079,40-49歲,男,無,陰性
6080,30-39歲,男,無,陰性
6081,20-29歲,男,無,陰性
6082,19歲以下,女,三級,陽性
6083,50-59歲,男,無,陰性
6084,50-59歲,男,無,陰性
6085,50-59歲,男,二級,陽性
6086,40-49歲,男,無,陰性
6087,60歲以上,男,無,陰性
6088,40-49歲,男,無,陰性
6089,40-49歲,男,無,陰性
6090,50-59歲,男,無,陰性
6091,40-49歲,男,無,陰性
6092,50-59歲,男,無,陰性
6093,50-59歲,男,無,陰性
6094,40-49歲,女,無,陰性
6095,50-59歲,女,無,陰性
6096,50-59歲,男,無,陰性
6097,60歲以上,男,二級,陽性
6098,60歲以上,男,無,陰性
6099,50-59歲,男,無,陰性
6100,50-59歲,男,二級,陽性
6101,60歲以上,男,無,陰性
6102,40-49歲,男,無,陰性
6103,30-39歲,男,無,陰性
6104,50-59歲,女,無,陰性
6105,40-49歲,女,無,陰性
6106,40-49歲,男,無,陰性
6107,50-59歲,男,二級,陽性
6108,40-49歲,男,二級,陽性
6109,40-49歲,男,無,陰性
6110,30-39歲,男,無,陰性
6111,50-59歲,男,二級,陽性
6112,40-49歲,男,無,陰性
6113,30-39歲,男,無,陰性
6114,50-59歲,男,無,陰性
6115,60歲以上,男,二級,陽性
6116,40-49歲,男,無,陰性
6117,20-29歲,男,二級,陽性
6118,30-39歲,男,二級,陽性
6119,40-49歲,女,二級,陽性
6120,50-59歲,男,二級,陽性
6121,40-49歲,男,無,陰性
6122,50-59歲,男,無,陰性
6123,50-59歲,男,無,陰性
6124,20-29歲,男,無,陰性
6125,60歲以上,男,無,陰性
6126,60歲以上,男,無,陰性
6127,30-39歲,女,無,陰性
6128,50-59歲,男,無,陰性
6129,50-59歲,男,無,陰性
6130,50-59歲,男,無,陰性
6131,30-39歲,女,無,陰性
6132,50-59歲,男,無,陰性
6133,50-59歲,男,無,陰性
6134,40-49歲,男,無,陰性
6135,60歲以上,男,一級,陽性
6136,50-59歲,男,無,陰性
6137,19歲以下,男,無,陰性
6138,50-59歲,女,無,陰性
6139,40-49歲,男,無,陰性
6140,40-49歲,男,無,陰性
6141,40-49歲,男,無,陰性
6142,40-49歲,男,無,陰性
6143,30-39歲,男,無,陰性
6144,20-29歲,男,無,陰性
6145,40-49歲,男,無,陰性
6146,40-49歲,男,無,陰性
6147,40-49歲,男,無,陰性
6148,50-59歲,男,一級,陽性
6149,50-59歲,女,無,陰性
6150,20-29歲,男,二級,陽性
6151,40-49歲,男,無,陰性
6152,40-49歲,男,無,陰性
6153,60歲以上,男,無,陰性
6154,50-59歲,男,三級,陽性
6155,60歲以上,男,無,陰性
6156,20-29歲,女,無,陰性
6157,40-49歲,男,三級,陽性
6158,30-39歲,男,無,陰性
6159,40-49歲,男,二級,陽性
6160,50-59歲,男,無,陰性
6161,40-49歲,男,無,陰性
6162,40-49歲,男,無,陰性
6163,40-49歲,男,無,陰性
6164,20-29歲,男,無,陰性
6165,40-49歲,男,無,陰性
6166,40-49歲,男,二級,陽性
6167,60歲以上,男,二級,陽性
6168,20-29歲,男,無,陰性
6169,40-49歲,男,無,陰性
6170,50-59歲,男,無,陰性
6171,60歲以上,女,無,陰性
6172,40-49歲,男,無,陰性
6173,20-29歲,男,無,陰性
6174,50-59歲,女,無,陰性
6175,20-29歲,男,無,陰性
6176,60歲以上,男,無,陰性
6177,40-49歲,男,三級,陽性
6178,40-49歲,女,無,陰性
6179,60歲以上,男,無,陰性
6180,50-59歲,女,無,陰性
6181,20-29歲,男,無,陰性
6182,40-49歲,男,無,陰性
6183,30-39歲,男,無,陰性
6184,50-59歲,男,無,陰性
6185,30-39歲,男,二級,陽性
6186,50-59歲,女,二級,陽性
6187,40-49歲,男,二級,陽性
6188,40-49歲,男,無,陰性
6189,20-29歲,女,無,陰性
6190,50-59歲,女,無,陰性
6191,50-59歲,男,一級,陽性
6192,60歲以上,男,二級,陽性
6193,30-39歲,男,無,陰性
6194,40-49歲,男,無,陰性
6195,40-49歲,女,二級,陽性
6196,30-39歲,女,無,陰性
6197,40-49歲,男,無,陰性
6198,50-59歲,男,二級,陽性
6199,40-49歲,女,無,陰性
6200,40-49歲,男,三級,陽性
6201,60歲以上,男,無,陰性
6202,30-39歲,女,無,陰性
6203,40-49歲,男,無,陰性
6204,50-59歲,男,無,陰性
6205,40-49歲,男,無,陰性
6206,60歲以上,男,無,陰性
6207,60歲以上,男,無,陰性
6208,20-29歲,男,無,陰性
6209,19歲以下,男,無,陰性
6210,50-59歲,男,二級,陽性
6211,50-59歲,女,二級,陽性
6212,60歲以上,男,二級,陽性
6213,20-29歲,男,二級,陽性
6214,40-49歲,男,無,陰性
6215,50-59歲,男,無,陰性
6216,50-59歲,男,無,陰性
6217,50-59歲,男,無,陰性
6218,50-59歲,男,無,陰性
6219,50-59歲,男,無,陰性
6220,30-39歲,男,無,陰性
6221,50-59歲,男,無,陰性
6222,20-29歲,男,二級,陽性
6223,50-59歲,男,無,陰性
6224,50-59歲,男,二級,陽性
6225,40-49歲,男,無,陰性
6226,30-39歲,男,二級,陽性
6227,40-49歲,男,無,陰性
6228,40-49歲,女,無,陰性
6229,40-49歲,女,無,陰性
6230,40-49歲,男,無,陰性
6231,30-39歲,女,無,陰性
6232,60歲以上,男,無,陰性
6233,60歲以上,男,無,陰性
6234,19歲以下,男,無,陰性
6235,40-49歲,男,無,陰性
6236,60歲以上,男,三級,陽性
6237,50-59歲,男,無,陰性
6238,40-49歲,男,無,陰性
6239,40-49歲,女,無,陰性
6240,60歲以上,男,無,陰性
6241,30-39歲,女,無,陰性
6242,40-49歲,男,無,陰性
6243,40-49歲,男,無,陰性
6244,40-49歲,男,無,陰性
6245,40-49歲,男,無,陰性
6246,60歲以上,男,無,陰性
6247,50-59歲,男,無,陰性
6248,20-29歲,男,無,陰性
6249,30-39歲,男,無,陰性
6250,40-49歲,男,無,陰性
6251,40-49歲,男,無,陰性
6252,30-39歲,女,二級,陽性
6253,40-49歲,男,無,陰性
6254,20-29歲,男,無,陰性
6255,40-49歲,男,無,陰性
6256,50-59歲,男,無,陰性
6257,30-39歲,男,三級,陽性
6258,50-59歲,男,無,陰性
6259,40-49歲,男,無,陰性
6260,40-49歲,男,無,陰性
6261,30-39歲,男,無,陰性
6262,20-29歲,男,無,陰性
6263,40-49歲,女,無,陰性
6264,40-49歲,男,無,陰性
6265,50-59歲,男,二級,陽性
6266,60歲以上,男,無,陰性
6267,40-49歲,男,無,陰性
6268,30-39歲,男,無,陰性
6269,40-49歲,男,無,陰性
6270,30-39歲,男,無,陰性
6271,50-59歲,男,無,陰性
6272,20-29歲,男,無,陰性
6273,40-49歲,男,一級,陽性
6274,30-39歲,男,三級,陽性
6275,60歲以上,男,二級,陽性
6276,50-59歲,女,無,陰性
6277,60歲以上,男,一級,陽性
6278,50-59歲,女,無,陰性
6279,20-29歲,男,無,陰性
6280,40-49歲,男,無,陰性
6281,60歲以上,男,無,陰性
6282,40-49歲,男,無,陰性
6283,60歲以上,男,無,陰性
6284,60歲以上,男,二級,陽性
6285,30-39歲,男,無,陰性
6286,50-59歲,男,無,陰性
6287,60歲以上,男,無,陰性
6288,50-59歲,男,二級,陽性
6289,60歲以上,女,無,陰性
6290,40-49歲,男,無,陰性
6291,30-39歲,男,無,陰性
6292,20-29歲,男,無,陰性
6293,40-49歲,男,二級,陽性
6294,40-49歲,女,二級,陽性
6295,40-49歲,女,無,陰性
6296,40-49歲,男,無,陰性
6297,40-49歲,男,無,陰性
6298,50-59歲,男,二級,陽性
6299,30-39歲,男,無,陰性
6300,40-49歲,女,無,陰性
6301,50-59歲,男,無,陰性
6302,40-49歲,女,無,陰性
6303,30-39歲,男,無,陰性
6304,50-59歲,女,無,陰性
6305,60歲以上,男,無,陰性
6306,50-59歲,男,二級,陽性
6307,50-59歲,男,無,陰性
6308,30-39歲,女,無,陰性
6309,50-59歲,男,無,陰性
6310,40-49歲,男,無,陰性
6311,60歲以上,男,無,陰性
6312,20-29歲,男,二級,陽性
6313,40-49歲,男,無,陰性
6314,60歲以上,男,無,陰性
6315,20-29歲,男,無,陰性
6316,50-59歲,男,無,陰性
6317,40-49歲,男,無,陰性
6318,40-49歲,男,無,陰性
6319,40-49歲,男,二級,陽性
6320,30-39歲,男,無,陰性
6321,50-59歲,男,無,陰性
6322,30-39歲,男,無,陰性
6323,50-59歲,男,無,陰性
6324,20-29歲,男,無,陰性
6325,40-49歲,女,無,陰性
6326,40-49歲,男,無,陰性
6327,40-49歲,女,二級,陽性
6328,50-59歲,男,二級,陽性
6329,20-29歲,女,一級,陽性
6330,20-29歲,男,一級,陽性
6331,40-49歲,男,無,陰性
6332,30-39歲,女,無,陰性
6333,50-59歲,女,無,陰性
6334,50-59歲,女,無,陰性
6335,40-49歲,女,無,陰性
6336,40-49歲,女,無,陰性
6337,50-59歲,男,無,陰性
6338,40-49歲,男,無,陰性
6339,20-29歲,男,二級,陽性
6340,20-29歲,男,二級,陽性
6341,40-49歲,男,無,陰性
6342,50-59歲,女,二級,陽性
6343,30-39歲,女,無,陰性
6344,30-39歲,女,無,陰性
6345,19歲以下,男,無,陰性
6346,40-49歲,男,無,陰性
6347,60歲以上,男,無,陰性
6348,40-49歲,男,無,陰性
6349,20-29歲,女,無,陰性
6350,40-49歲,男,無,陰性
6351,40-49歲,男,無,陰性
6352,40-49歲,女,二級,陽性
6353,40-49歲,男,二級,陽性
6354,40-49歲,女,無,陰性
6355,40-49歲,男,無,陰性
6356,40-49歲,男,無,陰性
6357,40-49歲,男,無,陰性
6358,40-49歲,男,無,陰性
6359,40-49歲,男,無,陰性
6360,60歲以上,男,無,陰性
6361,20-29歲,女,二級,陽性
6362,50-59歲,男,無,陰性
6363,50-59歲,男,無,陰性
6364,50-59歲,男,二級,陽性
6365,19歲以下,男,無,陰性
6366,50-59歲,女,無,陰性
6367,50-59歲,男,無,陰性
6368,50-59歲,男,無,陰性
6369,40-49歲,男,無,陰性
6370,40-49歲,男,無,陰性
6371,20-29歲,男,無,陰性
6372,60歲以上,男,二級,陽性
6373,20-29歲,男,無,陰性
6374,40-49歲,男,無,陰性
6375,30-39歲,男,無,陰性
6376,30-39歲,男,無,陰性
6377,40-49歲,男,二級,陽性
6378,19歲以下,男,無,陰性
6379,50-59歲,男,無,陰性
6380,30-39歲,男,無,陰性
6381,50-59歲,女,二級,陽性
6382,30-39歲,男,無,陰性
6383,30-39歲,男,無,陰性
6384,40-49歲,男,二級,陽性
6385,60歲以上,女,無,陰性
6386,20-29歲,女,無,陰性
6387,50-59歲,男,無,陰性
6388,30-39歲,男,無,陰性
6389,40-49歲,女,二級,陽性
6390,40-49歲,男,二級,陽性
6391,40-49歲,女,無,陰性
6392,60歲以上,男,無,陰性
6393,40-49歲,男,無,陰性
6394,30-39歲,男,無,陰性
6395,40-49歲,男,無,陰性
6396,40-49歲,男,無,陰性
6397,20-29歲,男,無,陰性
6398,60歲以上,女,二級,陽性
6399,40-49歲,女,無,陰性
6400,30-39歲,男,無,陰性
6401,20-29歲,男,無,陰性
6402,40-49歲,男,無,陰性
6403,40-49歲,男,無,陰性
6404,40-49歲,男,無,陰性
6405,50-59歲,男,無,陰性
6406,40-49歲,男,無,陰性
6407,30-39歲,女,無,陰性
6408,40-49歲,男,二級,陽性
6409,50-59歲,女,無,陰性
6410,30-39歲,男,無,陰性
6411,40-49歲,男,二級,陽性
6412,50-59歲,男,無,陰性
6413,30-39歲,男,無,陰性
6414,60歲以上,男,三級,陽性
6415,40-49歲,男,二級,陽性
6416,50-59歲,女,三級,陽性
6417,50-59歲,男,無,陰性
6418,40-49歲,男,無,陰性
6419,40-49歲,男,無,陰性
6420,50-59歲,男,無,陰性
6421,60歲以上,男,無,陰性
6422,60歲以上,女,無,陰性
6423,20-29歲,男,無,陰性
6424,30-39歲,女,無,陰性
6425,30-39歲,男,無,陰性
6426,60歲以上,男,二級,陽性
6427,40-49歲,男,無,陰性
6428,50-59歲,女,無,陰性
6429,40-49歲,男,無,陰性
6430,40-49歲,男,無,陰性
6431,30-39歲,男,無,陰性
6432,50-59歲,男,無,陰性
6433,50-59歲,男,二級,陽性
6434,20-29歲,男,無,陰性
6435,40-49歲,男,無,陰性
6436,30-39歲,男,無,陰性
6437,50-59歲,男,無,陰性
6438,60歲以上,男,無,陰性
6439,40-49歲,男,無,陰性
6440,50-59歲,男,三級,陽性
6441,30-39歲,女,無,陰性
6442,40-49歲,女,二級,陽性
6443,30-39歲,男,無,陰性
6444,40-49歲,男,無,陰性
6445,30-39歲,女,二級,陽性
6446,40-49歲,男,無,陰性
6447,50-59歲,男,無,陰性
6448,40-49歲,男,二級,陽性
6449,50-59歲,男,無,陰性
6450,40-49歲,男,無,陰性
6451,40-49歲,男,無,陰性
6452,30-39歲,男,二級,陽性
6453,40-49歲,男,無,陰性
6454,30-39歲,女,無,陰性
6455,30-39歲,男,無,陰性
6456,40-49歲,男,無,陰性
6457,19歲以下,女,無,陰性
6458,40-49歲,男,無,陰性
6459,40-49歲,男,無,陰性
6460,40-49歲,男,無,陰性
6461,50-59歲,男,無,陰性
6462,50-59歲,女,無,陰性
6463,40-49歲,男,無,陰性
6464,50-59歲,男,三級,陽性
6465,19歲以下,男,無,陰性
6466,50-59歲,男,無,陰性
6467,40-49歲,男,一級,陽性
6468,50-59歲,男,無,陰性
6469,60歲以上,男,無,陰性
6470,30-39歲,男,無,陰性
6471,40-49歲,男,無,陰性
6472,20-29歲,男,無,陰性
6473,40-49歲,男,無,陰性
6474,50-59歲,男,無,陰性
6475,30-39歲,男,無,陰性
6476,30-39歲,男,無,陰性
6477,40-49歲,男,無,陰性
6478,40-49歲,男,無,陰性
6479,30-39歲,男,無,陰性
6480,40-49歲,女,無,陰性
6481,40-49歲,男,無,陰性
6482,30-39歲,男,無,陰性
6483,40-49歲,女,無,陰性
6484,20-29歲,男,二級,陽性
6485,50-59歲,男,二級,陽性
6486,50-59歲,女,無,陰性
6487,40-49歲,女,無,陰性
6488,40-49歲,男,無,陰性
6489,50-59歲,男,二級,陽性
6490,40-49歲,男,無,陰性
6491,40-49歲,男,二級,陽性
6492,30-39歲,女,無,陰性
6493,50-59歲,男,無,陰性
6494,30-39歲,女,無,陰性
6495,40-49歲,男,無,陰性
6496,60歲以上,男,無,陰性
6497,40-49歲,男,無,陰性
6498,50-59歲,男,無,陰性
6499,40-49歲,男,無,陰性
6500,40-49歲,男,無,陰性
6501,30-39歲,男,無,陰性
6502,50-59歲,男,無,陰性
6503,40-49歲,男,無,陰性
6504,30-39歲,男,無,陰性
6505,40-49歲,男,無,陰性
6506,50-59歲,男,二級,陽性
6507,50-59歲,女,無,陰性
6508,40-49歲,男,二級,陽性
6509,40-49歲,男,無,陰性
6510,20-29歲,男,三級,陽性
6511,20-29歲,男,無,陰性
6512,20-29歲,男,無,陰性
6513,60歲以上,男,無,陰性
6514,50-59歲,男,無,陰性
6515,60歲以上,男,無,陰性
6516,40-49歲,男,二級,陽性
6517,30-39歲,男,無,陰性
6518,50-59歲,男,無,陰性
6519,40-49歲,男,無,陰性
6520,40-49歲,男,無,陰性
6521,40-49歲,男,無,陰性
6522,40-49歲,男,二級,陽性
6523,50-59歲,男,無,陰性
6524,30-39歲,男,無,陰性
6525,20-29歲,男,無,陰性
6526,60歲以上,女,無,陰性
6527,50-59歲,男,無,陰性
6528,30-39歲,男,二級,陽性
6529,40-49歲,男,無,陰性
6530,50-59歲,男,二級,陽性
6531,40-49歲,男,無,陰性
6532,50-59歲,男,無,陰性
6533,30-39歲,男,無,陰性
6534,60歲以上,女,無,陰性
6535,40-49歲,男,無,陰性
6536,40-49歲,男,無,陰性
6537,30-39歲,男,二級,陽性
6538,50-59歲,女,無,陰性
6539,40-49歲,男,無,陰性
6540,40-49歲,女,無,陰性
6541,50-59歲,男,二級,陽性
6542,50-59歲,男,無,陰性
6543,40-49歲,男,二級,陽性
6544,40-49歲,男,無,陰性
6545,19歲以下,男,無,陰性
6546,40-49歲,男,無,陰性
6547,19歲以下,男,無,陰性
6548,30-39歲,女,無,陰性
6549,60歲以上,女,無,陰性
6550,30-39歲,女,無,陰性
6551,40-49歲,男,無,陰性
6552,50-59歲,男,無,陰性
6553,40-49歲,男,無,陰性
6554,50-59歲,男,無,陰性
6555,40-49歲,男,無,陰性
6556,20-29歲,男,無,陰性
6557,30-39歲,男,無,陰性
6558,60歲以上,男,無,陰性
6559,50-59歲,男,無,陰性
6560,40-49歲,男,三級,陽性
6561,30-39歲,男,無,陰性
6562,20-29歲,男,無,陰性
6563,20-29歲,男,無,陰性
6564,19歲以下,男,無,陰性
6565,40-49歲,男,一級,陽性
6566,60歲以上,男,無,陰性
6567,40-49歲,男,無,陰性
6568,50-59歲,男,無,陰性
6569,60歲以上,男,無,陰性
6570,60歲以上,男,無,陰性
6571,30-39歲,男,一級,陽性
6572,30-39歲,男,無,陰性
6573,50-59歲,男,二級,陽性
6574,20-29歲,男,無,陰性
6575,40-49歲,女,無,陰性
6576,40-49歲,男,無,陰性
6577,40-49歲,男,二級,陽性
6578,30-39歲,男,無,陰性
6579,30-39歲,男,無,陰性
6580,40-49歲,男,二級,陽性
6581,20-29歲,男,三級,陽性
6582,40-49歲,男,無,陰性
6583,50-59歲,男,一級,陽性
6584,50-59歲,男,無,陰性
6585,40-49歲,男,無,陰性
6586,50-59歲,男,無,陰性
6587,20-29歲,男,無,陰性
6588,20-29歲,男,無,陰性
6589,50-59歲,男,無,陰性
6590,50-59歲,女,無,陰性
6591,30-39歲,男,無,陰性
6592,30-39歲,男,無,陰性
6593,40-49歲,男,二級,陽性
6594,40-49歲,男,無,陰性
6595,40-49歲,男,無,陰性
6596,40-49歲,男,無,陰性
6597,20-29歲,女,無,陰性
6598,50-59歲,男,二級,陽性
6599,30-39歲,男,無,陰性
6600,50-59歲,男,無,陰性
6601,40-49歲,男,無,陰性
6602,50-59歲,男,無,陰性
6603,50-59歲,男,無,陰性
6604,60歲以上,男,無,陰性
6605,40-49歲,男,無,陰性
6606,50-59歲,男,二級,陽性
6607,30-39歲,女,無,陰性
6608,50-59歲,男,無,陰性
6609,50-59歲,男,無,陰性
6610,30-39歲,男,二級,陽性
6611,40-49歲,男,無,陰性
6612,50-59歲,男,無,陰性
6613,60歲以上,男,二級,陽性
6614,50-59歲,男,無,陰性
6615,20-29歲,男,無,陰性
6616,50-59歲,男,二級,陽性
6617,40-49歲,男,無,陰性
6618,50-59歲,男,三級,陽性
6619,50-59歲,女,無,陰性
6620,20-29歲,男,一級,陽性
6621,30-39歲,男,無,陰性
6622,40-49歲,男,無,陰性
6623,60歲以上,男,無,陰性
6624,20-29歲,男,無,陰性
6625,60歲以上,女,無,陰性
6626,50-59歲,男,二級,陽性
6627,40-49歲,女,無,陰性
6628,40-49歲,男,二級,陽性
6629,40-49歲,男,無,陰性
6630,40-49歲,女,二級,陽性
6631,50-59歲,男,無,陰性
6632,60歲以上,男,無,陰性
6633,30-39歲,男,二級,陽性
6634,40-49歲,男,無,陰性
6635,19歲以下,女,無,陰性
6636,60歲以上,男,無,陰性
6637,40-49歲,男,無,陰性
6638,40-49歲,男,無,陰性
6639,50-59歲,男,二級,陽性
6640,40-49歲,男,無,陰性
6641,50-59歲,男,無,陰性
6642,40-49歲,女,三級,陽性
6643,40-49歲,女,二級,陽性
6644,60歲以上,男,無,陰性
6645,50-59歲,女,無,陰性
6646,40-49歲,男,無,陰性
6647,40-49歲,男,無,陰性
6648,30-39歲,男,無,陰性
6649,40-49歲,男,無,陰性
6650,50-59歲,男,無,陰性
6651,40-49歲,男,二級,陽性
6652,30-39歲,男,無,陰性
6653,30-39歲,男,無,陰性
6654,40-49歲,男,二級,陽性
6655,40-49歲,男,無,陰性
6656,40-49歲,女,無,陰性
6657,40-49歲,男,三級,陽性
6658,30-39歲,男,二級,陽性
6659,40-49歲,男,無,陰性
6660,40-49歲,女,無,陰性
6661,60歲以上,男,無,陰性
6662,60歲以上,男,無,陰性
6663,40-49歲,男,無,陰性
6664,50-59歲,男,二級,陽性
6665,30-39歲,男,無,陰性
6666,20-29歲,男,無,陰性
6667,40-49歲,男,三級,陽性
6668,40-49歲,男,無,陰性
6669,60歲以上,男,無,陰性
6670,60歲以上,男,無,陰性
6671,40-49歲,男,無,陰性
6672,40-49歲,女,無,陰性
6673,30-39歲,女,無,陰性
6674,20-29歲,男,一級,陽性
6675,50-59歲,男,二級,陽性
6676,60歲以上,女,無,陰性
6677,40-49歲,男,無,陰性
6678,60歲以上,男,無,陰性
6679,20-29歲,男,無,陰性
6680,40-49歲,男,無,陰性
6681,50-59歲,女,無,陰性
6682,30-39歲,男,無,陰性
6683,19歲以下,男,無,陰性
6684,40-49歲,男,無,陰性
6685,40-49歲,男,無,陰性
6686,20-29歲,女,一級,陽性
6687,40-49歲,女,無,陰性
6688,50-59歲,男,無,陰性
6689,40-49歲,男,二級,陽性
6690,30-39歲,男,無,陰性
6691,20-29歲,男,無,陰性
6692,20-29歲,男,無,陰性
6693,50-59歲,男,無,陰性
6694,20-29歲,女,無,陰性
6695,30-39歲,男,無,陰性
6696,60歲以上,男,無,陰性
6697,50-59歲,男,無,陰性
6698,50-59歲,男,二級,陽性
6699,40-49歲,男,無,陰性
6700,50-59歲,男,無,陰性
6701,50-59歲,男,無,陰性
6702,19歲以下,男,無,陰性
6703,30-39歲,男,無,陰性
6704,30-39歲,男,無,陰性
6705,40-49歲,男,無,陰性
6706,19歲以下,男,無,陰性
6707,20-29歲,男,二級,陽性
6708,50-59歲,男,無,陰性
6709,20-29歲,女,無,陰性
6710,30-39歲,男,無,陰性
6711,50-59歲,男,二級,陽性
6712,19歲以下,女,無,陰性
6713,60歲以上,男,無,陰性
6714,30-39歲,女,無,陰性
6715,60歲以上,男,三級,陽性
6716,30-39歲,男,無,陰性
6717,60歲以上,男,無,陰性
6718,40-49歲,男,無,陰性
6719,60歲以上,男,無,陰性
6720,40-49歲,男,無,陰性
6721,60歲以上,男,無,陰性
6722,40-49歲,男,無,陰性
6723,20-29歲,男,無,陰性
6724,40-49歲,男,無,陰性
6725,40-49歲,男,無,陰性
6726,50-59歲,男,無,陰性
6727,40-49歲,男,無,陰性
6728,50-59歲,男,無,陰性
6729,40-49歲,男,無,陰性
6730,30-39歲,男,無,陰性
6731,30-39歲,男,無,陰性
6732,40-49歲,女,二級,陽性
6733,40-49歲,男,無,陰性
6734,40-49歲,男,無,陰性
6735,40-49歲,男,無,陰性
6736,50-59歲,女,無,陰性
6737,50-59歲,男,無,陰性
6738,40-49歲,男,無,陰性
6739,40-49歲,女,二級,陽性
6740,40-49歲,男,無,陰性
6741,60歲以上,男,無,陰性
6742,50-59歲,男,三級,陽性
6743,30-39歲,男,無,陰性
6744,60歲以上,男,無,陰性
6745,60歲以上,男,無,陰性
6746,50-59歲,男,無,陰性
6747,30-39歲,女,無,陰性
6748,40-49歲,男,無,陰性
6749,50-59歲,男,無,陰性
6750,50-59歲,男,無,陰性
6751,50-59歲,男,無,陰性
6752,40-49歲,男,二級,陽性
6753,19歲以下,男,二級,陽性
6754,40-49歲,男,無,陰性
6755,40-49歲,男,無,陰性
6756,20-29歲,男,無,陰性
6757,40-49歲,男,二級,陽性
6758,40-49歲,男,無,陰性
6759,60歲以上,男,無,陰性
6760,40-49歲,男,無,陰性
6761,20-29歲,男,無,陰性
6762,30-39歲,男,無,陰性
6763,60歲以上,男,無,陰性
6764,50-59歲,男,無,陰性
6765,40-49歲,男,無,陰性
6766,60歲以上,男,無,陰性
6767,60歲以上,男,無,陰性
6768,50-59歲,男,無,陰性
6769,20-29歲,男,無,陰性
6770,20-29歲,女,二級,陽性
6771,20-29歲,男,無,陰性
6772,50-59歲,男,無,陰性
6773,50-59歲,男,無,陰性
6774,60歲以上,女,無,陰性
6775,20-29歲,男,無,陰性
6776,20-29歲,男,無,陰性
6777,20-29歲,男,二級,陽性
6778,19歲以下,男,三級,陽性
6779,50-59歲,女,無,陰性
6780,20-29歲,男,二級,陽性
6781,30-39歲,男,無,陰性
6782,20-29歲,男,二級,陽性
6783,30-39歲,女,無,陰性
6784,40-49歲,男,無,陰性
6785,20-29歲,男,二級,陽性
6786,50-59歲,男,無,陰性
6787,40-49歲,男,無,陰性
6788,40-49歲,男,無,陰性
6789,20-29歲,男,二級,陽性
6790,50-59歲,女,無,陰性
6791,20-29歲,男,二級,陽性
6792,50-59歲,男,三級,陽性
6793,60歲以上,女,二級,陽性
6794,30-39歲,男,無,陰性
6795,50-59歲,男,無,陰性
6796,40-49歲,男,無,陰性
6797,40-49歲,男,二級,陽性
6798,40-49歲,男,無,陰性
6799,50-59歲,女,二級,陽性
6800,40-49歲,男,無,陰性
6801,30-39歲,男,無,陰性
6802,40-49歲,男,無,陰性
6803,40-49歲,男,無,陰性
6804,60歲以上,男,無,陰性
6805,50-59歲,男,無,陰性
6806,40-49歲,男,無,陰性
6807,40-49歲,男,無,陰性
6808,40-49歲,男,無,陰性
6809,50-59歲,男,無,陰性
6810,20-29歲,男,無,陰性
6811,50-59歲,男,二級,陽性
6812,40-49歲,男,無,陰性
6813,50-59歲,男,無,陰性
6814,40-49歲,男,二級,陽性
6815,60歲以上,男,無,陰性
6816,40-49歲,男,無,陰性
6817,50-59歲,男,無,陰性
6818,30-39歲,女,無,陰性
6819,40-49歲,女,無,陰性
6820,40-49歲,女,無,陰性
6821,40-49歲,女,無,陰性
6822,50-59歲,男,二級,陽性
6823,40-49歲,男,無,陰性
6824,40-49歲,男,二級,陽性
6825,20-29歲,男,無,陰性
6826,20-29歲,女,無,陰性
6827,19歲以下,女,無,陰性
6828,40-49歲,男,無,陰性
6829,40-49歲,男,無,陰性
6830,40-49歲,男,無,陰性
6831,50-59歲,男,無,陰性
6832,40-49歲,男,二級,陽性
6833,50-59歲,男,無,陰性
6834,50-59歲,男,無,陰性
6835,60歲以上,男,二級,陽性
6836,60歲以上,男,無,陰性
6837,50-59歲,男,無,陰性
6838,40-49歲,男,一級,陽性
6839,40-49歲,女,無,陰性
6840,50-59歲,男,無,陰性
6841,60歲以上,女,一級,陽性
6842,20-29歲,男,無,陰性
6843,50-59歲,男,無,陰性
6844,30-39歲,男,無,陰性
6845,19歲以下,男,無,陰性
6846,40-49歲,男,無,陰性
6847,30-39歲,男,無,陰性
6848,20-29歲,男,無,陰性
6849,40-49歲,男,二級,陽性
6850,20-29歲,男,無,陰性
6851,50-59歲,男,無,陰性
6852,30-39歲,男,無,陰性
6853,40-49歲,女,無,陰性
6854,20-29歲,男,無,陰性
6855,30-39歲,女,三級,陽性
6856,50-59歲,男,二級,陽性
6857,20-29歲,男,無,陰性
6858,40-49歲,男,無,陰性
6859,60歲以上,男,二級,陽性
6860,50-59歲,男,二級,陽性
6861,60歲以上,男,無,陰性
6862,50-59歲,男,無,陰性
6863,40-49歲,男,無,陰性
6864,20-29歲,男,無,陰性
6865,40-49歲,男,無,陰性
6866,50-59歲,男,無,陰性
6867,40-49歲,男,無,陰性
6868,30-39歲,男,一級,陽性
6869,40-49歲,男,無,陰性
6870,30-39歲,男,無,陰性
6871,30-39歲,男,無,陰性
6872,40-49歲,男,無,陰性
6873,20-29歲,女,無,陰性
6874,60歲以上,女,無,陰性
6875,50-59歲,男,無,陰性
6876,50-59歲,男,二級,陽性
6877,50-59歲,男,無,陰性
6878,30-39歲,男,無,陰性
6879,30-39歲,男,無,陰性
6880,30-39歲,男,二級,陽性
6881,40-49歲,男,無,陰性
6882,50-59歲,男,二級,陽性
6883,40-49歲,男,無,陰性
6884,60歲以上,男,無,陰性
6885,50-59歲,男,無,陰性
6886,20-29歲,女,無,陰性
6887,60歲以上,男,二級,陽性
6888,50-59歲,男,無,陰性
6889,30-39歲,男,無,陰性
6890,20-29歲,男,二級,陽性
6891,40-49歲,男,無,陰性
6892,20-29歲,男,無,陰性
6893,40-49歲,男,無,陰性
6894,40-49歲,男,無,陰性
6895,50-59歲,女,三級,陽性
6896,60歲以上,男,三級,陽性
6897,50-59歲,男,無,陰性
6898,40-49歲,男,一級,陽性
6899,30-39歲,男,二級,陽性
6900,40-49歲,男,無,陰性
6901,50-59歲,男,無,陰性
6902,30-39歲,女,二級,陽性
6903,30-39歲,男,二級,陽性
6904,60歲以上,男,二級,陽性
6905,30-39歲,男,無,陰性
6906,40-49歲,男,二級,陽性
6907,50-59歲,男,無,陰性
6908,60歲以上,男,無,陰性
6909,60歲以上,男,二級,陽性
6910,30-39歲,男,二級,陽性
6911,40-49歲,男,無,陰性
6912,40-49歲,男,二級,陽性
6913,40-49歲,男,無,陰性
6914,30-39歲,男,無,陰性
6915,50-59歲,女,無,陰性
6916,20-29歲,男,無,陰性
6917,40-49歲,女,無,陰性
6918,60歲以上,女,無,陰性
6919,50-59歲,男,無,陰性
6920,50-59歲,男,無,陰性
6921,40-49歲,男,無,陰性
6922,19歲以下,男,無,陰性
6923,40-49歲,男,無,陰性
6924,40-49歲,女,無,陰性
6925,40-49歲,女,無,陰性
6926,50-59歲,男,無,陰性
6927,50-59歲,男,無,陰性
6928,40-49歲,男,無,陰性
6929,50-59歲,男,無,陰性
6930,20-29歲,男,無,陰性
6931,60歲以上,男,無,陰性
6932,40-49歲,男,無,陰性
6933,40-49歲,男,無,陰性
6934,60歲以上,男,無,陰性
6935,50-59歲,男,無,陰性
6936,30-39歲,男,二級,陽性
6937,30-39歲,男,無,陰性
6938,50-59歲,男,無,陰性
6939,40-49歲,男,無,陰性
6940,60歲以上,男,二級,陽性
6941,40-49歲,男,無,陰性
6942,40-49歲,男,二級,陽性
6943,60歲以上,女,無,陰性
6944,50-59歲,女,無,陰性
6945,19歲以下,男,無,陰性
6946,60歲以上,男,三級,陽性
6947,30-39歲,男,無,陰性
6948,50-59歲,女,一級,陽性
6949,40-49歲,男,無,陰性
6950,50-59歲,男,無,陰性
6951,50-59歲,男,三級,陽性
6952,40-49歲,男,二級,陽性
6953,20-29歲,男,無,陰性
6954,40-49歲,男,無,陰性
6955,40-49歲,男,三級,陽性
6956,40-49歲,男,無,陰性
6957,50-59歲,男,無,陰性
6958,40-49歲,男,無,陰性
6959,60歲以上,男,無,陰性
6960,40-49歲,男,無,陰性
6961,50-59歲,男,二級,陽性
6962,40-49歲,男,三級,陽性
6963,60歲以上,男,三級,陽性
6964,19歲以下,男,無,陰性
6965,40-49歲,男,二級,陽性
6966,60歲以上,男,無,陰性
6967,40-49歲,男,無,陰性
6968,60歲以上,男,無,陰性
6969,40-49歲,男,無,陰性
6970,30-39歲,男,無,陰性
6971,50-59歲,男,無,陰性
6972,20-29歲,男,無,陰性
6973,20-29歲,男,無,陰性
6974,60歲以上,男,無,陰性
6975,40-49歲,男,無,陰性
6976,50-59歲,男,無,陰性
6977,50-59歲,男,無,陰性
6978,20-29歲,男,無,陰性
6979,50-59歲,女,無,陰性
6980,40-49歲,男,無,陰性
6981,30-39歲,男,無,陰性
6982,50-59歲,男,二級,陽性
6983,40-49歲,男,無,陰性
6984,40-49歲,男,無,陰性
6985,30-39歲,男,無,陰性
6986,50-59歲,男,無,陰性
6987,30-39歲,男,無,陰性
6988,19歲以下,男,無,陰性
6989,60歲以上,女,二級,陽性
6990,60歲以上,男,三級,陽性
6991,50-59歲,男,無,陰性
6992,60歲以上,男,二級,陽性
6993,20-29歲,男,無,陰性
6994,50-59歲,男,無,陰性
6995,30-39歲,男,無,陰性
6996,30-39歲,女,無,陰性
6997,20-29歲,男,無,陰性
6998,19歲以下,男,三級,陽性
6999,30-39歲,男,無,陰性
7000,30-39歲,男,無,陰性
7001,40-49歲,女,無,陰性
7002,40-49歲,男,一級,陽性
7003,40-49歲,女,二級,陽性
7004,40-49歲,男,無,陰性
7005,50-59歲,男,無,陰性
7006,40-49歲,男,無,陰性
7007,40-49歲,男,無,陰性
7008,40-49歲,女,無,陰性
7009,20-29歲,男,無,陰性
7010,50-59歲,女,無,陰性
7011,20-29歲,女,無,陰性
7012,30-39歲,男,無,陰性
7013,19歲以下,男,無,陰性
7014,40-49歲,男,無,陰性
7015,60歲以上,男,無,陰性
7016,60歲以上,男,二級,陽性
7017,40-49歲,男,二級,陽性
7018,30-39歲,男,無,陰性
7019,20-29歲,男,無,陰性
7020,30-39歲,男,無,陰性
7021,40-49歲,男,無,陰性
7022,40-49歲,男,一級,陽性
7023,50-59歲,男,一級,陽性
7024,40-49歲,女,無,陰性
7025,50-59歲,男,無,陰性
7026,20-29歲,男,無,陰性
7027,19歲以下,女,無,陰性
7028,60歲以上,男,無,陰性
7029,50-59歲,女,二級,陽性
7030,40-49歲,男,二級,陽性
7031,50-59歲,男,無,陰性
7032,40-49歲,男,無,陰性
7033,60歲以上,男,無,陰性
7034,30-39歲,女,無,陰性
7035,50-59歲,女,三級,陽性
7036,60歲以上,男,無,陰性
7037,60歲以上,男,無,陰性
7038,20-29歲,男,無,陰性
7039,50-59歲,男,無,陰性
7040,40-49歲,女,無,陰性
7041,50-59歲,男,無,陰性
7042,50-59歲,男,二級,陽性
7043,40-49歲,男,一級,陽性
7044,40-49歲,男,一級,陽性
7045,40-49歲,男,無,陰性
7046,19歲以下,男,二級,陽性
7047,40-49歲,女,無,陰性
7048,40-49歲,男,無,陰性
7049,50-59歲,女,無,陰性
7050,60歲以上,男,一級,陽性
7051,30-39歲,男,無,陰性
7052,40-49歲,女,無,陰性
7053,30-39歲,男,無,陰性
7054,40-49歲,男,三級,陽性
7055,40-49歲,男,無,陰性
7056,60歲以上,男,無,陰性
7057,40-49歲,男,無,陰性
7058,50-59歲,男,二級,陽性
7059,50-59歲,男,三級,陽性
7060,50-59歲,男,二級,陽性
7061,60歲以上,男,無,陰性
7062,60歲以上,男,二級,陽性
7063,30-39歲,男,無,陰性
7064,50-59歲,男,二級,陽性
7065,30-39歲,女,二級,陽性
7066,40-49歲,女,無,陰性
7067,50-59歲,男,無,陰性
7068,40-49歲,男,無,陰性
7069,50-59歲,男,二級,陽性
7070,40-49歲,男,二級,陽性
7071,40-49歲,女,無,陰性
7072,40-49歲,男,無,陰性
7073,40-49歲,男,二級,陽性
7074,60歲以上,男,無,陰性
7075,30-39歲,男,無,陰性
7076,40-49歲,男,無,陰性
7077,60歲以上,男,無,陰性
7078,60歲以上,男,無,陰性
7079,30-39歲,女,無,陰性
7080,40-49歲,男,三級,陽性
7081,19歲以下,女,二級,陽性
7082,50-59歲,男,無,陰性
7083,50-59歲,男,無,陰性
7084,40-49歲,男,無,陰性
7085,50-59歲,男,無,陰性
7086,40-49歲,男,無,陰性
7087,20-29歲,女,無,陰性
7088,50-59歲,男,二級,陽性
7089,40-49歲,男,無,陰性
7090,40-49歲,男,無,陰性
7091,20-29歲,男,無,陰性
7092,50-59歲,男,無,陰性
7093,60歲以上,男,無,陰性
7094,40-49歲,男,無,陰性
7095,50-59歲,男,無,陰性
7096,30-39歲,男,二級,陽性
7097,40-49歲,男,無,陰性
7098,30-39歲,女,無,陰性
7099,40-49歲,男,無,陰性
7100,40-49歲,女,無,陰性
7101,50-59歲,女,無,陰性
7102,30-39歲,男,無,陰性
7103,60歲以上,男,無,陰性
7104,50-59歲,男,無,陰性
7105,40-49歲,女,無,陰性
7106,60歲以上,男,無,陰性
7107,50-59歲,男,無,陰性
7108,30-39歲,女,二級,陽性
7109,30-39歲,男,無,陰性
7110,20-29歲,男,無,陰性
7111,50-59歲,男,無,陰性
7112,50-59歲,男,二級,陽性
7113,40-49歲,男,二級,陽性
7114,30-39歲,男,無,陰性
7115,20-29歲,男,無,陰性
7116,40-49歲,男,無,陰性
7117,50-59歲,男,無,陰性
7118,40-49歲,女,無,陰性
7119,50-59歲,女,無,陰性
7120,40-49歲,男,無,陰性
7121,50-59歲,男,二級,陽性
7122,40-49歲,男,無,陰性
7123,30-39歲,女,無,陰性
7124,40-49歲,女,無,陰性
7125,50-59歲,男,無,陰性
7126,50-59歲,男,無,陰性
7127,40-49歲,女,二級,陽性
7128,20-29歲,男,無,陰性
7129,50-59歲,男,無,陰性
7130,30-39歲,男,無,陰性
7131,60歲以上,男,無,陰性
7132,20-29歲,男,無,陰性
7133,40-49歲,男,無,陰性
7134,20-29歲,男,無,陰性
7135,60歲以上,男,無,陰性
7136,60歲以上,男,無,陰性
7137,30-39歲,男,無,陰性
7138,30-39歲,女,無,陰性
7139,50-59歲,男,無,陰性
7140,40-49歲,男,無,陰性
7141,50-59歲,男,二級,陽性
7142,30-39歲,女,二級,陽性
7143,40-49歲,男,無,陰性
7144,50-59歲,男,無,陰性
7145,40-49歲,男,無,陰性
7146,40-49歲,男,無,陰性
7147,50-59歲,男,無,陰性
7148,20-29歲,男,二級,陽性
7149,50-59歲,男,無,陰性
7150,40-49歲,男,無,陰性
7151,50-59歲,男,無,陰性
7152,40-49歲,女,三級,陽性
7153,40-49歲,男,無,陰性
7154,60歲以上,男,無,陰性
7155,40-49歲,男,無,陰性
7156,20-29歲,男,無,陰性
7157,40-49歲,男,二級,陽性
7158,50-59歲,女,無,陰性
7159,30-39歲,男,二級,陽性
7160,20-29歲,男,二級,陽性
7161,20-29歲,男,無,陰性
7162,40-49歲,男,二級,陽性
7163,50-59歲,男,無,陰性
7164,19歲以下,男,二級,陽性
7165,60歲以上,男,三級,陽性
7166,50-59歲,女,二級,陽性
7167,20-29歲,女,無,陰性
7168,50-59歲,男,無,陰性
7169,19歲以下,男,二級,陽性
7170,30-39歲,男,無,陰性
7171,30-39歲,男,二級,陽性
7172,20-29歲,女,二級,陽性
7173,50-59歲,男,無,陰性
7174,30-39歲,男,無,陰性
7175,60歲以上,男,二級,陽性
7176,40-49歲,男,二級,陽性
7177,30-39歲,男,二級,陽性
7178,19歲以下,男,無,陰性
7179,40-49歲,女,無,陰性
7180,40-49歲,男,無,陰性
7181,20-29歲,男,無,陰性
7182,30-39歲,男,無,陰性
7183,50-59歲,男,無,陰性
7184,40-49歲,女,無,陰性
7185,60歲以上,男,無,陰性
7186,50-59歲,男,二級,陽性
7187,40-49歲,男,二級,陽性
7188,40-49歲,男,無,陰性
7189,50-59歲,男,無,陰性
7190,30-39歲,男,無,陰性
7191,40-49歲,男,無,陰性
7192,50-59歲,男,無,陰性
7193,30-39歲,男,無,陰性
7194,30-39歲,男,二級,陽性
7195,30-39歲,男,無,陰性
7196,50-59歲,男,無,陰性
7197,30-39歲,男,無,陰性
7198,40-49歲,男,無,陰性
7199,50-59歲,男,無,陰性
7200,30-39歲,男,無,陰性
7201,50-59歲,男,無,陰性
7202,60歲以上,男,無,陰性
7203,50-59歲,女,一級,陽性
7204,50-59歲,男,無,陰性
7205,50-59歲,男,無,陰性
7206,50-59歲,男,無,陰性
7207,20-29歲,女,無,陰性
7208,40-49歲,男,無,陰性
7209,40-49歲,男,二級,陽性
7210,20-29歲,男,一級,陽性
7211,30-39歲,男,無,陰性
7212,50-59歲,男,無,陰性
7213,40-49歲,男,無,陰性
7214,60歲以上,男,無,陰性
7215,20-29歲,男,無,陰性
7216,40-49歲,男,無,陰性
7217,50-59歲,男,無,陰性
7218,20-29歲,女,無,陰性
7219,30-39歲,男,三級,陽性
7220,50-59歲,男,二級,陽性
7221,40-49歲,男,無,陰性
7222,40-49歲,男,二級,陽性
7223,50-59歲,男,二級,陽性
7224,30-39歲,男,三級,陽性
7225,40-49歲,男,無,陰性
7226,50-59歲,男,無,陰性
7227,30-39歲,男,無,陰性
7228,40-49歲,男,無,陰性
7229,50-59歲,男,無,陰性
7230,40-49歲,男,無,陰性
7231,50-59歲,女,無,陰性
7232,50-59歲,男,無,陰性
7233,40-49歲,男,無,陰性
7234,30-39歲,男,無,陰性
7235,50-59歲,男,無,陰性
7236,30-39歲,男,無,陰性
7237,30-39歲,男,二級,陽性
7238,30-39歲,女,無,陰性
7239,30-39歲,男,二級,陽性
7240,50-59歲,男,二級,陽性
7241,40-49歲,男,二級,陽性
7242,30-39歲,男,無,陰性
7243,40-49歲,男,無,陰性
7244,20-29歲,男,無,陰性
7245,50-59歲,男,無,陰性
7246,30-39歲,男,二級,陽性
7247,50-59歲,男,無,陰性
7248,40-49歲,男,無,陰性
7249,50-59歲,女,三級,陽性
7250,50-59歲,男,無,陰性
7251,40-49歲,男,無,陰性
7252,50-59歲,男,無,陰性
7253,40-49歲,男,二級,陽性
7254,40-49歲,男,無,陰性
7255,40-49歲,男,二級,陽性
7256,20-29歲,男,無,陰性
7257,40-49歲,男,無,陰性
7258,50-59歲,男,三級,陽性
7259,50-59歲,男,無,陰性
7260,50-59歲,男,無,陰性
7261,30-39歲,女,無,陰性
7262,40-49歲,男,無,陰性
7263,20-29歲,男,無,陰性
7264,50-59歲,男,無,陰性
7265,50-59歲,女,二級,陽性
7266,40-49歲,女,一級,陽性
7267,40-49歲,女,無,陰性
7268,40-49歲,男,無,陰性
7269,30-39歲,男,無,陰性
7270,50-59歲,男,無,陰性
7271,60歲以上,男,無,陰性
7272,50-59歲,男,無,陰性
7273,50-59歲,男,一級,陽性
7274,50-59歲,男,無,陰性
7275,30-39歲,男,無,陰性
7276,40-49歲,女,無,陰性
7277,50-59歲,女,無,陰性
7278,40-49歲,男,無,陰性
7279,20-29歲,女,無,陰性
7280,30-39歲,女,無,陰性
7281,40-49歲,男,二級,陽性
7282,30-39歲,男,無,陰性
7283,30-39歲,男,無,陰性
7284,40-49歲,男,無,陰性
7285,50-59歲,男,三級,陽性
7286,40-49歲,女,無,陰性
7287,20-29歲,男,無,陰性
7288,60歲以上,男,二級,陽性
7289,20-29歲,男,無,陰性
7290,30-39歲,男,無,陰性
7291,19歲以下,男,無,陰性
7292,20-29歲,男,無,陰性
7293,30-39歲,女,無,陰性
7294,20-29歲,男,無,陰性
7295,60歲以上,男,無,陰性
7296,30-39歲,男,無,陰性
7297,20-29歲,男,三級,陽性
7298,40-49歲,男,無,陰性
7299,20-29歲,男,二級,陽性
7300,40-49歲,男,無,陰性
7301,30-39歲,女,無,陰性
7302,40-49歲,男,無,陰性
7303,50-59歲,男,無,陰性
7304,19歲以下,男,無,陰性
7305,30-39歲,男,無,陰性
7306,50-59歲,男,無,陰性
7307,40-49歲,男,無,陰性
7308,40-49歲,男,無,陰性
7309,30-39歲,男,三級,陽性
7310,40-49歲,男,無,陰性
7311,60歲以上,男,無,陰性
7312,50-59歲,女,無,陰性
7313,40-49歲,男,無,陰性
7314,40-49歲,男,無,陰性
7315,20-29歲,女,二級,陽性
7316,40-49歲,男,無,陰性
7317,30-39歲,男,無,陰性
7318,30-39歲,男,無,陰性
7319,30-39歲,男,無,陰性
7320,40-49歲,男,無,陰性
7321,60歲以上,男,無,陰性
7322,40-49歲,男,無,陰性
7323,50-59歲,男,無,陰性
7324,50-59歲,男,無,陰性
7325,20-29歲,女,三級,陽性
7326,40-49歲,女,無,陰性
7327,40-49歲,男,三級,陽性
7328,40-49歲,男,無,陰性
7329,40-49歲,男,無,陰性
7330,40-49歲,男,二級,陽性
7331,40-49歲,女,無,陰性
7332,40-49歲,男,無,陰性
7333,30-39歲,女,無,陰性
7334,50-59歲,女,二級,陽性
7335,40-49歲,男,無,陰性
7336,40-49歲,男,無,陰性
7337,50-59歲,男,無,陰性
7338,50-59歲,女,無,陰性
7339,30-39歲,男,二級,陽性
7340,19歲以下,男,無,陰性
7341,50-59歲,女,無,陰性
7342,19歲以下,男,二級,陽性
7343,40-49歲,男,二級,陽性
7344,40-49歲,女,二級,陽性
7345,40-49歲,男,無,陰性
7346,50-59歲,男,無,陰性
7347,60歲以上,男,無,陰性
7348,50-59歲,男,無,陰性
7349,20-29歲,女,無,陰性
7350,40-49歲,女,無,陰性
7351,20-29歲,男,無,陰性
7352,60歲以上,男,無,陰性
7353,30-39歲,女,無,陰性
7354,50-59歲,男,無,陰性
7355,40-49歲,男,無,陰性
7356,40-49歲,男,無,陰性
7357,50-59歲,男,無,陰性
7358,19歲以下,男,無,陰性
7359,40-49歲,男,無,陰性
7360,40-49歲,男,無,陰性
7361,30-39歲,男,無,陰性
7362,40-49歲,男,無,陰性
7363,40-49歲,男,無,陰性
7364,60歲以上,男,無,陰性
7365,40-49歲,男,二級,陽性
7366,30-39歲,男,無,陰性
7367,40-49歲,男,二級,陽性
7368,30-39歲,女,無,陰性
7369,30-39歲,男,無,陰性
7370,20-29歲,男,二級,陽性
7371,40-49歲,男,一級,陽性
7372,60歲以上,男,一級,陽性
7373,50-59歲,男,無,陰性
7374,60歲以上,男,無,陰性
7375,20-29歲,男,無,陰性
7376,60歲以上,男,無,陰性
7377,20-29歲,男,二級,陽性
7378,40-49歲,女,三級,陽性
7379,50-59歲,女,無,陰性
7380,50-59歲,男,三級,陽性
7381,50-59歲,男,無,陰性
7382,50-59歲,男,無,陰性
7383,40-49歲,男,三級,陽性
7384,60歲以上,男,無,陰性
7385,50-59歲,男,無,陰性
7386,60歲以上,男,無,陰性
7387,50-59歲,男,二級,陽性
7388,50-59歲,男,無,陰性
7389,50-59歲,男,無,陰性
7390,50-59歲,男,無,陰性
7391,20-29歲,男,無,陰性
7392,40-49歲,男,二級,陽性
7393,50-59歲,男,無,陰性
7394,50-59歲,男,無,陰性
7395,20-29歲,女,無,陰性
7396,30-39歲,男,無,陰性
7397,30-39歲,男,無,陰性
7398,40-49歲,女,二級,陽性
7399,40-49歲,男,無,陰性
7400,50-59歲,男,無,陰性
7401,50-59歲,男,無,陰性
7402,40-49歲,男,無,陰性
7403,30-39歲,男,三級,陽性
7404,60歲以上,男,無,陰性
7405,40-49歲,男,三級,陽性
7406,30-39歲,男,一級,陽性
7407,50-59歲,男,一級,陽性
7408,20-29歲,男,無,陰性
7409,60歲以上,男,無,陰性
7410,50-59歲,男,無,陰性
7411,50-59歲,男,無,陰性
7412,50-59歲,男,無,陰性
7413,40-49歲,男,無,陰性
7414,30-39歲,男,無,陰性
7415,40-49歲,男,二級,陽性
7416,40-49歲,男,無,陰性
7417,40-49歲,男,無,陰性
7418,20-29歲,男,二級,陽性
7419,40-49歲,女,無,陰性
7420,50-59歲,女,無,陰性
7421,50-59歲,女,無,陰性
7422,20-29歲,女,無,陰性
7423,40-49歲,女,二級,陽性
7424,40-49歲,男,無,陰性
7425,40-49歲,男,無,陰性
7426,50-59歲,男,無,陰性
7427,40-49歲,男,無,陰性
7428,60歲以上,男,一級,陽性
7429,40-49歲,男,無,陰性
7430,40-49歲,女,二級,陽性
7431,50-59歲,女,無,陰性
7432,60歲以上,女,無,陰性
7433,50-59歲,女,三級,陽性
7434,40-49歲,男,無,陰性
7435,40-49歲,男,無,陰性
7436,40-49歲,男,無,陰性
7437,40-49歲,女,無,陰性
7438,40-49歲,男,無,陰性
7439,50-59歲,男,無,陰性
7440,40-49歲,女,無,陰性
7441,40-49歲,男,無,陰性
7442,30-39歲,男,三級,陽性
7443,20-29歲,男,無,陰性
7444,40-49歲,男,二級,陽性
7445,50-59歲,男,二級,陽性
7446,40-49歲,男,無,陰性
7447,40-49歲,男,無,陰性
7448,40-49歲,女,無,陰性
7449,50-59歲,男,無,陰性
7450,30-39歲,男,無,陰性
7451,40-49歲,男,無,陰性
7452,60歲以上,男,無,陰性
7453,40-49歲,男,無,陰性
7454,30-39歲,女,無,陰性
7455,40-49歲,男,無,陰性
7456,40-49歲,男,二級,陽性
7457,40-49歲,男,無,陰性
7458,40-49歲,男,二級,陽性
7459,30-39歲,男,無,陰性
7460,30-39歲,男,無,陰性
7461,60歲以上,男,無,陰性
7462,40-49歲,男,無,陰性
7463,30-39歲,男,無,陰性
7464,30-39歲,女,一級,陽性
7465,30-39歲,男,二級,陽性
7466,30-39歲,男,無,陰性
7467,30-39歲,男,無,陰性
7468,50-59歲,男,無,陰性
7469,40-49歲,女,無,陰性
7470,40-49歲,男,二級,陽性
7471,60歲以上,男,無,陰性
7472,30-39歲,男,二級,陽性
7473,40-49歲,男,無,陰性
7474,50-59歲,男,三級,陽性
7475,50-59歲,男,無,陰性
7476,20-29歲,男,無,陰性
7477,50-59歲,男,無,陰性
7478,40-49歲,男,無,陰性
7479,40-49歲,男,一級,陽性
7480,30-39歲,男,無,陰性
7481,50-59歲,男,無,陰性
7482,50-59歲,男,二級,陽性
7483,19歲以下,男,二級,陽性
7484,40-49歲,女,無,陰性
7485,30-39歲,男,無,陰性
7486,20-29歲,男,無,陰性
7487,50-59歲,男,無,陰性
7488,50-59歲,男,無,陰性
7489,60歲以上,女,無,陰性
7490,60歲以上,男,無,陰性
7491,30-39歲,男,無,陰性
7492,50-59歲,男,二級,陽性
7493,40-49歲,女,無,陰性
7494,30-39歲,男,三級,陽性
7495,40-49歲,男,無,陰性
7496,50-59歲,男,無,陰性
7497,40-49歲,女,無,陰性
7498,60歲以上,男,一級,陽性
7499,40-49歲,男,無,陰性
7500,50-59歲,男,無,陰性
7501,50-59歲,男,二級,陽性
7502,40-49歲,男,無,陰性
7503,20-29歲,男,無,陰性
7504,50-59歲,女,無,陰性
7505,30-39歲,男,無,陰性
7506,40-49歲,男,無,陰性
7507,40-49歲,男,二級,陽性
7508,20-29歲,女,無,陰性
7509,30-39歲,男,無,陰性
7510,50-59歲,男,二級,陽性
7511,40-49歲,男,無,陰性
7512,40-49歲,男,無,陰性
7513,50-59歲,女,無,陰性
7514,20-29歲,男,無,陰性
7515,50-59歲,女,無,陰性
7516,40-49歲,男,無,陰性
7517,40-49歲,男,無,陰性
7518,60歲以上,男,二級,陽性
7519,60歲以上,男,無,陰性
7520,40-49歲,女,無,陰性
7521,60歲以上,男,二級,陽性
7522,60歲以上,男,無,陰性
7523,60歲以上,男,無,陰性
7524,50-59歲,男,二級,陽性
7525,50-59歲,男,一級,陽性
7526,30-39歲,男,無,陰性
7527,60歲以上,男,無,陰性
7528,50-59歲,男,一級,陽性
7529,50-59歲,男,無,陰性
7530,50-59歲,男,無,陰性
7531,30-39歲,女,二級,陽性
7532,40-49歲,女,無,陰性
7533,40-49歲,男,無,陰性
7534,60歲以上,女,無,陰性
7535,30-39歲,男,無,陰性
7536,40-49歲,男,無,陰性
7537,20-29歲,女,無,陰性
7538,50-59歲,男,無,陰性
7539,40-49歲,男,二級,陽性
7540,40-49歲,男,無,陰性
7541,50-59歲,男,無,陰性
7542,20-29歲,男,無,陰性
7543,50-59歲,男,無,陰性
7544,40-49歲,女,無,陰性
7545,40-49歲,男,無,陰性
7546,50-59歲,男,無,陰性
7547,60歲以上,男,二級,陽性
7548,20-29歲,男,一級,陽性
7549,40-49歲,男,無,陰性
7550,20-29歲,男,無,陰性
7551,40-49歲,女,無,陰性
7552,40-49歲,男,二級,陽性
7553,40-49歲,男,無,陰性
7554,30-39歲,男,無,陰性
7555,30-39歲,男,三級,陽性
7556,50-59歲,男,無,陰性
7557,40-49歲,男,二級,陽性
7558,19歲以下,女,無,陰性
7559,40-49歲,男,無,陰性
7560,20-29歲,男,無,陰性
7561,60歲以上,男,無,陰性
7562,30-39歲,男,無,陰性
7563,40-49歲,女,無,陰性
7564,60歲以上,男,無,陰性
7565,50-59歲,男,無,陰性
7566,30-39歲,男,無,陰性
7567,60歲以上,男,二級,陽性
7568,50-59歲,女,二級,陽性
7569,40-49歲,男,無,陰性
7570,50-59歲,男,無,陰性
7571,30-39歲,男,無,陰性
7572,50-59歲,男,二級,陽性
7573,60歲以上,男,無,陰性
7574,60歲以上,男,三級,陽性
7575,40-49歲,男,無,陰性
7576,40-49歲,女,無,陰性
7577,50-59歲,男,無,陰性
7578,40-49歲,男,無,陰性
7579,60歲以上,男,二級,陽性
7580,30-39歲,女,無,陰性
7581,40-49歲,男,二級,陽性
7582,30-39歲,男,二級,陽性
7583,40-49歲,男,無,陰性
7584,30-39歲,男,無,陰性
7585,50-59歲,女,無,陰性
7586,30-39歲,男,無,陰性
7587,20-29歲,男,無,陰性
7588,60歲以上,男,三級,陽性
7589,40-49歲,男,無,陰性
7590,50-59歲,男,無,陰性
7591,30-39歲,男,無,陰性
7592,50-59歲,男,無,陰性
7593,40-49歲,男,無,陰性
7594,50-59歲,男,二級,陽性
7595,30-39歲,男,無,陰性
7596,40-49歲,男,三級,陽性
7597,40-49歲,男,無,陰性
7598,50-59歲,男,二級,陽性
7599,20-29歲,男,無,陰性
7600,40-49歲,男,無,陰性
7601,40-49歲,男,無,陰性
7602,50-59歲,男,無,陰性
7603,60歲以上,男,無,陰性
7604,40-49歲,男,無,陰性
7605,20-29歲,男,無,陰性
7606,30-39歲,男,無,陰性
7607,40-49歲,男,無,陰性
7608,40-49歲,男,無,陰性
7609,60歲以上,男,無,陰性
7610,50-59歲,男,二級,陽性
7611,50-59歲,男,三級,陽性
7612,40-49歲,男,無,陰性
7613,20-29歲,男,無,陰性
7614,50-59歲,男,無,陰性
7615,30-39歲,男,無,陰性
7616,40-49歲,男,二級,陽性
7617,40-49歲,男,無,陰性
7618,30-39歲,男,無,陰性
7619,50-59歲,女,二級,陽性
7620,30-39歲,男,無,陰性
7621,20-29歲,男,無,陰性
7622,50-59歲,男,無,陰性
7623,40-49歲,女,二級,陽性
7624,40-49歲,女,無,陰性
7625,20-29歲,男,無,陰性
7626,30-39歲,男,無,陰性
7627,60歲以上,女,無,陰性
7628,30-39歲,男,無,陰性
7629,40-49歲,女,無,陰性
7630,20-29歲,男,無,陰性
7631,20-29歲,男,無,陰性
7632,50-59歲,男,無,陰性
7633,50-59歲,男,三級,陽性
7634,40-49歲,男,無,陰性
7635,40-49歲,男,無,陰性
7636,20-29歲,男,無,陰性
7637,40-49歲,男,二級,陽性
7638,60歲以上,女,無,陰性
7639,40-49歲,男,二級,陽性
7640,50-59歲,男,無,陰性
7641,60歲以上,女,無,陰性
7642,40-49歲,男,無,陰性
7643,19歲以下,男,無,陰性
7644,40-49歲,男,二級,陽性
7645,30-39歲,男,二級,陽性
7646,50-59歲,男,無,陰性
7647,50-59歲,男,二級,陽性
7648,40-49歲,男,二級,陽性
7649,40-49歲,女,無,陰性
7650,20-29歲,男,二級,陽性
7651,60歲以上,男,二級,陽性
7652,30-39歲,男,無,陰性
7653,40-49歲,女,無,陰性
7654,30-39歲,男,二級,陽性
7655,50-59歲,男,無,陰性
7656,40-49歲,男,無,陰性
7657,40-49歲,男,無,陰性
7658,50-59歲,女,無,陰性
7659,40-49歲,男,無,陰性
7660,19歲以下,男,無,陰性
7661,40-49歲,女,無,陰性
7662,50-59歲,男,無,陰性
7663,30-39歲,男,無,陰性
7664,50-59歲,男,無,陰性
7665,50-59歲,男,無,陰性
7666,30-39歲,女,無,陰性
7667,40-49歲,男,無,陰性
7668,60歲以上,男,無,陰性
7669,30-39歲,男,無,陰性
7670,40-49歲,男,一級,陽性
7671,50-59歲,男,無,陰性
7672,40-49歲,男,無,陰性
7673,60歲以上,男,無,陰性
7674,50-59歲,女,無,陰性
7675,40-49歲,女,二級,陽性
7676,60歲以上,男,無,陰性
7677,40-49歲,男,無,陰性
7678,40-49歲,男,二級,陽性
7679,40-49歲,男,無,陰性
7680,40-49歲,男,無,陰性
7681,40-49歲,男,二級,陽性
7682,60歲以上,男,一級,陽性
7683,40-49歲,男,無,陰性
7684,30-39歲,男,無,陰性
7685,30-39歲,女,無,陰性
7686,50-59歲,男,無,陰性
7687,40-49歲,男,無,陰性
7688,30-39歲,男,無,陰性
7689,50-59歲,男,無,陰性
7690,40-49歲,男,二級,陽性
7691,60歲以上,男,無,陰性
7692,40-49歲,男,無,陰性
7693,60歲以上,男,無,陰性
7694,40-49歲,男,一級,陽性
7695,60歲以上,男,無,陰性
7696,40-49歲,男,無,陰性
7697,60歲以上,男,三級,陽性
7698,30-39歲,男,無,陰性
7699,40-49歲,男,二級,陽性
7700,60歲以上,男,三級,陽性
7701,40-49歲,男,無,陰性
7702,20-29歲,男,無,陰性
7703,40-49歲,男,無,陰性
7704,40-49歲,男,無,陰性
7705,50-59歲,男,二級,陽性
7706,40-49歲,男,無,陰性
7707,20-29歲,男,無,陰性
7708,20-29歲,男,無,陰性
7709,40-49歲,男,無,陰性
7710,20-29歲,男,無,陰性
7711,40-49歲,男,無,陰性
7712,40-49歲,男,二級,陽性
7713,50-59歲,男,無,陰性
7714,40-49歲,男,無,陰性
7715,50-59歲,男,無,陰性
7716,40-49歲,男,無,陰性
7717,60歲以上,男,二級,陽性
7718,40-49歲,男,無,陰性
7719,50-59歲,男,二級,陽性
7720,19歲以下,男,無,陰性
7721,50-59歲,男,無,陰性
7722,19歲以下,男,二級,陽性
7723,40-49歲,男,無,陰性
7724,40-49歲,女,無,陰性
7725,50-59歲,男,無,陰性
7726,19歲以下,女,無,陰性
7727,30-39歲,男,無,陰性
7728,60歲以上,男,無,陰性
7729,40-49歲,男,無,陰性
7730,60歲以上,男,無,陰性
7731,40-49歲,男,無,陰性
7732,60歲以上,男,無,陰性
7733,50-59歲,女,二級,陽性
7734,40-49歲,男,無,陰性
7735,40-49歲,男,無,陰性
7736,40-49歲,男,無,陰性
7737,60歲以上,男,無,陰性
7738,40-49歲,男,二級,陽性
7739,50-59歲,男,無,陰性
7740,60歲以上,女,無,陰性
7741,30-39歲,男,一級,陽性
7742,30-39歲,女,三級,陽性
7743,60歲以上,男,無,陰性
7744,40-49歲,男,無,陰性
7745,60歲以上,男,無,陰性
7746,50-59歲,女,無,陰性
7747,20-29歲,男,二級,陽性
7748,30-39歲,男,二級,陽性
7749,40-49歲,男,無,陰性
7750,40-49歲,男,無,陰性
7751,50-59歲,男,二級,陽性
7752,60歲以上,男,二級,陽性
7753,30-39歲,男,無,陰性
7754,40-49歲,女,無,陰性
7755,50-59歲,男,無,陰性
7756,40-49歲,男,無,陰性
7757,60歲以上,男,二級,陽性
7758,50-59歲,男,無,陰性
7759,20-29歲,男,一級,陽性
7760,30-39歲,男,無,陰性
7761,40-49歲,男,無,陰性
7762,20-29歲,男,一級,陽性
7763,50-59歲,男,無,陰性
7764,50-59歲,男,二級,陽性
7765,40-49歲,男,二級,陽性
7766,20-29歲,男,無,陰性
7767,40-49歲,男,無,陰性
7768,50-59歲,男,無,陰性
7769,40-49歲,男,二級,陽性
7770,30-39歲,男,無,陰性
7771,40-49歲,男,無,陰性
7772,20-29歲,女,無,陰性
7773,40-49歲,男,二級,陽性
7774,40-49歲,男,無,陰性
7775,40-49歲,男,無,陰性
7776,50-59歲,女,無,陰性
7777,50-59歲,男,無,陰性
7778,50-59歲,男,二級,陽性
7779,60歲以上,男,無,陰性
7780,30-39歲,男,無,陰性
7781,20-29歲,女,無,陰性
7782,40-49歲,男,二級,陽性
7783,50-59歲,男,無,陰性
7784,20-29歲,男,無,陰性
7785,60歲以上,女,無,陰性
7786,50-59歲,男,無,陰性
7787,40-49歲,男,三級,陽性
7788,50-59歲,男,三級,陽性
7789,40-49歲,男,二級,陽性
7790,30-39歲,男,無,陰性
7791,30-39歲,男,無,陰性
7792,40-49歲,男,無,陰性
7793,20-29歲,女,無,陰性
7794,40-49歲,男,二級,陽性
7795,30-39歲,男,無,陰性
7796,30-39歲,男,無,陰性
7797,20-29歲,男,無,陰性
7798,50-59歲,男,無,陰性
7799,40-49歲,男,二級,陽性
7800,40-49歲,男,無,陰性
7801,50-59歲,男,無,陰性
7802,40-49歲,女,無,陰性
7803,30-39歲,男,一級,陽性
7804,30-39歲,男,二級,陽性
7805,30-39歲,男,三級,陽性
7806,30-39歲,女,無,陰性
7807,60歲以上,男,三級,陽性
7808,50-59歲,男,二級,陽性
7809,50-59歲,男,二級,陽性
7810,40-49歲,女,無,陰性
7811,60歲以上,女,無,陰性
7812,40-49歲,男,無,陰性
7813,40-49歲,男,二級,陽性
7814,40-49歲,男,二級,陽性
7815,50-59歲,男,無,陰性
7816,60歲以上,女,二級,陽性
7817,20-29歲,男,無,陰性
7818,19歲以下,男,二級,陽性
7819,50-59歲,男,無,陰性
7820,40-49歲,男,無,陰性
7821,30-39歲,女,無,陰性
7822,60歲以上,男,無,陰性
7823,60歲以上,男,無,陰性
7824,40-49歲,男,無,陰性
7825,40-49歲,女,無,陰性
7826,40-49歲,女,無,陰性
7827,40-49歲,女,無,陰性
7828,20-29歲,男,無,陰性
7829,40-49歲,男,無,陰性
7830,30-39歲,女,無,陰性
7831,50-59歲,男,無,陰性
7832,30-39歲,男,無,陰性
7833,50-59歲,男,二級,陽性
7834,60歲以上,男,二級,陽性
7835,60歲以上,男,無,陰性
7836,50-59歲,女,無,陰性
7837,40-49歲,女,無,陰性
7838,30-39歲,女,無,陰性
7839,50-59歲,男,無,陰性
7840,40-49歲,男,無,陰性
7841,40-49歲,男,無,陰性
7842,30-39歲,男,無,陰性
7843,50-59歲,女,無,陰性
7844,50-59歲,男,無,陰性
7845,40-49歲,男,二級,陽性
7846,50-59歲,男,無,陰性
7847,40-49歲,女,無,陰性
7848,60歲以上,女,無,陰性
7849,50-59歲,男,無,陰性
7850,40-49歲,男,二級,陽性
7851,40-49歲,女,二級,陽性
7852,60歲以上,女,無,陰性
7853,40-49歲,男,無,陰性
7854,30-39歲,男,二級,陽性
7855,60歲以上,男,無,陰性
7856,50-59歲,男,無,陰性
7857,50-59歲,男,無,陰性
7858,30-39歲,男,無,陰性
7859,60歲以上,男,無,陰性
7860,40-49歲,男,無,陰性
7861,60歲以上,男,無,陰性
7862,50-59歲,男,無,陰性
7863,50-59歲,男,無,陰性
7864,40-49歲,男,無,陰性
7865,40-49歲,男,無,陰性
7866,50-59歲,男,無,陰性
7867,40-49歲,男,無,陰性
7868,20-29歲,男,二級,陽性
7869,40-49歲,男,無,陰性
7870,30-39歲,女,無,陰性
7871,50-59歲,男,二級,陽性
7872,30-39歲,男,二級,陽性
7873,50-59歲,男,無,陰性
7874,19歲以下,男,無,陰性
7875,30-39歲,男,無,陰性
7876,40-49歲,男,無,陰性
7877,50-59歲,男,無,陰性
7878,19歲以下,男,二級,陽性
7879,40-49歲,男,三級,陽性
7880,40-49歲,男,無,陰性
7881,50-59歲,男,無,陰性
7882,30-39歲,女,二級,陽性
7883,30-39歲,女,無,陰性
7884,60歲以上,男,無,陰性
7885,50-59歲,男,無,陰性
7886,50-59歲,女,無,陰性
7887,60歲以上,男,無,陰性
7888,30-39歲,男,無,陰性
7889,40-49歲,男,三級,陽性
7890,40-49歲,男,無,陰性
7891,40-49歲,男,無,陰性
7892,20-29歲,男,無,陰性
7893,40-49歲,男,二級,陽性
7894,30-39歲,女,無,陰性
7895,50-59歲,男,無,陰性
7896,40-49歲,男,無,陰性
7897,40-49歲,男,無,陰性
7898,50-59歲,男,無,陰性
7899,40-49歲,男,無,陰性
7900,30-39歲,女,無,陰性
7901,50-59歲,女,三級,陽性
7902,40-49歲,女,無,陰性
7903,50-59歲,男,無,陰性
7904,60歲以上,男,無,陰性
7905,40-49歲,男,無,陰性
7906,40-49歲,男,無,陰性
7907,40-49歲,男,無,陰性
7908,50-59歲,男,無,陰性
7909,60歲以上,男,無,陰性
7910,30-39歲,男,無,陰性
7911,50-59歲,男,無,陰性
7912,50-59歲,男,無,陰性
7913,40-49歲,男,二級,陽性
7914,30-39歲,男,無,陰性
7915,30-39歲,男,無,陰性
7916,60歲以上,男,無,陰性
7917,50-59歲,男,無,陰性
7918,40-49歲,男,無,陰性
7919,40-49歲,男,無,陰性
7920,60歲以上,男,二級,陽性
7921,50-59歲,男,無,陰性
7922,40-49歲,男,二級,陽性
7923,60歲以上,男,無,陰性
7924,30-39歲,男,無,陰性
7925,40-49歲,男,無,陰性
7926,20-29歲,男,無,陰性
7927,40-49歲,女,無,陰性
7928,60歲以上,男,無,陰性
7929,30-39歲,男,無,陰性
7930,40-49歲,女,無,陰性
7931,20-29歲,男,無,陰性
7932,40-49歲,男,二級,陽性
7933,30-39歲,男,無,陰性
7934,60歲以上,男,無,陰性
7935,40-49歲,男,二級,陽性
7936,30-39歲,男,無,陰性
7937,30-39歲,女,無,陰性
7938,40-49歲,男,無,陰性
7939,40-49歲,男,無,陰性
7940,50-59歲,女,無,陰性
7941,60歲以上,男,二級,陽性
7942,50-59歲,男,無,陰性
7943,40-49歲,男,無,陰性
7944,30-39歲,女,一級,陽性
7945,40-49歲,男,無,陰性
7946,30-39歲,女,三級,陽性
7947,50-59歲,男,無,陰性
7948,60歲以上,女,無,陰性
7949,40-49歲,女,無,陰性
7950,40-49歲,男,無,陰性
7951,40-49歲,男,無,陰性
7952,60歲以上,男,無,陰性
7953,30-39歲,男,二級,陽性
7954,50-59歲,男,無,陰性
7955,30-39歲,女,無,陰性
7956,30-39歲,男,無,陰性
7957,30-39歲,女,無,陰性
7958,40-49歲,女,無,陰性
7959,50-59歲,男,無,陰性
7960,40-49歲,男,無,陰性
7961,40-49歲,男,二級,陽性
7962,30-39歲,男,無,陰性
7963,30-39歲,男,無,陰性
7964,50-59歲,男,無,陰性
7965,60歲以上,男,無,陰性
7966,50-59歲,女,無,陰性
7967,40-49歲,男,二級,陽性
7968,30-39歲,男,無,陰性
7969,50-59歲,男,無,陰性
7970,40-49歲,男,二級,陽性
7971,30-39歲,男,二級,陽性
7972,40-49歲,男,三級,陽性
7973,40-49歲,男,無,陰性
7974,20-29歲,男,二級,陽性
7975,40-49歲,女,無,陰性
7976,40-49歲,男,二級,陽性
7977,60歲以上,男,無,陰性
7978,19歲以下,女,三級,陽性
7979,40-49歲,女,無,陰性
7980,30-39歲,男,無,陰性
7981,50-59歲,男,二級,陽性
7982,50-59歲,女,無,陰性
7983,20-29歲,男,無,陰性
7984,30-39歲,男,無,陰性
7985,60歲以上,男,無,陰性
7986,30-39歲,男,二級,陽性
7987,40-49歲,女,無,陰性
7988,30-39歲,女,無,陰性
7989,40-49歲,男,無,陰性
7990,60歲以上,男,無,陰性
7991,20-29歲,男,三級,陽性
7992,30-39歲,男,無,陰性
7993,40-49歲,女,無,陰性
7994,40-49歲,女,無,陰性
7995,50-59歲,男,無,陰性
7996,40-49歲,男,二級,陽性
7997,50-59歲,男,無,陰性
7998,40-49歲,男,無,陰性
7999,40-49歲,男,無,陰性
8000,30-39歲,男,無,陰性
8001,50-59歲,男,無,陰性
8002,30-39歲,男,無,陰性
8003,40-49歲,男,二級,陽性
8004,40-49歲,男,無,陰性
8005,50-59歲,女,無,陰性
8006,60歲以上,女,無,陰性
8007,40-49歲,男,無,陰性
8008,60歲以上,男,無,陰性
8009,60歲以上,女,三級,陽性
8010,30-39歲,男,無,陰性
8011,20-29歲,男,二級,陽性
8012,40-49歲,男,二級,陽性
8013,40-49歲,男,無,陰性
8014,30-39歲,男,無,陰性
8015,40-49歲,女,無,陰性
8016,40-49歲,男,二級,陽性
8017,40-49歲,女,無,陰性
8018,50-59歲,男,無,陰性
8019,30-39歲,男,無,陰性
8020,40-49歲,男,無,陰性
8021,40-49歲,男,無,陰性
8022,40-49歲,男,無,陰性
8023,60歲以上,男,二級,陽性
8024,40-49歲,男,二級,陽性
8025,40-49歲,女,二級,陽性
8026,40-49歲,男,二級,陽性
8027,20-29歲,男,二級,陽性
8028,60歲以上,男,無,陰性
8029,40-49歲,男,無,陰性
8030,50-59歲,女,二級,陽性
8031,50-59歲,女,無,陰性
8032,30-39歲,女,無,陰性
8033,50-59歲,男,無,陰性
8034,40-49歲,男,二級,陽性
8035,40-49歲,女,二級,陽性
8036,20-29歲,男,無,陰性
8037,20-29歲,男,無,陰性
8038,30-39歲,男,無,陰性
8039,30-39歲,男,二級,陽性
8040,50-59歲,男,二級,陽性
8041,50-59歲,男,二級,陽性
8042,30-39歲,女,無,陰性
8043,40-49歲,男,二級,陽性
8044,40-49歲,男,無,陰性
8045,40-49歲,男,無,陰性
8046,60歲以上,男,一級,陽性
8047,40-49歲,女,無,陰性
8048,20-29歲,男,無,陰性
8049,30-39歲,男,無,陰性
8050,50-59歲,女,無,陰性
8051,30-39歲,男,無,陰性
8052,40-49歲,男,二級,陽性
8053,50-59歲,女,二級,陽性
8054,30-39歲,男,無,陰性
8055,50-59歲,女,無,陰性
8056,50-59歲,男,二級,陽性
8057,40-49歲,男,無,陰性
8058,20-29歲,男,二級,陽性
8059,60歲以上,男,無,陰性
8060,40-49歲,男,無,陰性
8061,50-59歲,女,無,陰性
8062,40-49歲,男,二級,陽性
8063,40-49歲,男,無,陰性
8064,40-49歲,男,無,陰性
8065,50-59歲,男,無,陰性
8066,19歲以下,男,無,陰性
8067,40-49歲,男,二級,陽性
8068,50-59歲,男,一級,陽性
8069,60歲以上,男,無,陰性
8070,30-39歲,男,無,陰性
8071,50-59歲,男,無,陰性
8072,40-49歲,男,無,陰性
8073,19歲以下,男,無,陰性
8074,40-49歲,男,二級,陽性
8075,40-49歲,女,三級,陽性
8076,30-39歲,女,無,陰性
8077,40-49歲,女,無,陰性
8078,50-59歲,男,無,陰性
8079,50-59歲,男,無,陰性
8080,50-59歲,女,無,陰性
8081,40-49歲,女,無,陰性
8082,40-49歲,男,二級,陽性
8083,40-49歲,女,無,陰性
8084,50-59歲,男,二級,陽性
8085,40-49歲,男,無,陰性
8086,60歲以上,男,無,陰性
8087,40-49歲,男,無,陰性
8088,20-29歲,男,二級,陽性
8089,50-59歲,女,無,陰性
8090,60歲以上,男,無,陰性
8091,40-49歲,男,無,陰性
8092,40-49歲,男,無,陰性
8093,40-49歲,男,無,陰性
8094,50-59歲,男,一級,陽性
8095,19歲以下,男,無,陰性
8096,40-49歲,男,無,陰性
8097,19歲以下,男,無,陰性
8098,60歲以上,男,二級,陽性
8099,19歲以下,男,二級,陽性
8100,50-59歲,男,無,陰性
8101,40-49歲,男,無,陰性
8102,40-49歲,男,一級,陽性
8103,30-39歲,男,無,陰性
8104,40-49歲,男,無,陰性
8105,40-49歲,男,二級,陽性
8106,20-29歲,女,無,陰性
8107,40-49歲,男,無,陰性
8108,40-49歲,男,無,陰性
8109,40-49歲,女,無,陰性
8110,40-49歲,女,無,陰性
8111,40-49歲,男,無,陰性
8112,30-39歲,男,無,陰性
8113,50-59歲,男,無,陰性
8114,20-29歲,女,無,陰性
8115,40-49歲,男,無,陰性
8116,50-59歲,男,無,陰性
8117,40-49歲,女,一級,陽性
8118,50-59歲,女,無,陰性
8119,40-49歲,男,三級,陽性
8120,30-39歲,女,無,陰性
8121,60歲以上,男,無,陰性
8122,60歲以上,男,無,陰性
8123,50-59歲,男,無,陰性
8124,50-59歲,男,二級,陽性
8125,50-59歲,男,無,陰性
8126,19歲以下,男,無,陰性
8127,50-59歲,男,無,陰性
8128,40-49歲,男,無,陰性
8129,50-59歲,男,無,陰性
8130,50-59歲,男,二級,陽性
8131,20-29歲,男,無,陰性
8132,30-39歲,男,無,陰性
8133,40-49歲,女,二級,陽性
8134,30-39歲,男,二級,陽性
8135,19歲以下,男,二級,陽性
8136,60歲以上,男,無,陰性
8137,20-29歲,男,無,陰性
8138,30-39歲,女,無,陰性
8139,40-49歲,男,無,陰性
8140,60歲以上,男,二級,陽性
8141,40-49歲,男,二級,陽性
8142,40-49歲,男,無,陰性
8143,40-49歲,男,無,陰性
8144,30-39歲,男,三級,陽性
8145,60歲以上,男,無,陰性
8146,50-59歲,男,三級,陽性
8147,50-59歲,男,無,陰性
8148,60歲以上,男,無,陰性
8149,60歲以上,男,無,陰性
8150,40-49歲,男,無,陰性
8151,30-39歲,男,無,陰性
8152,30-39歲,男,無,陰性
8153,40-49歲,男,無,陰性
8154,20-29歲,男,二級,陽性
8155,40-49歲,男,無,陰性
8156,50-59歲,男,無,陰性
8157,50-59歲,男,無,陰性
8158,50-59歲,男,無,陰性
8159,60歲以上,男,無,陰性
8160,50-59歲,男,無,陰性
8161,30-39歲,男,無,陰性
8162,60歲以上,男,無,陰性
8163,50-59歲,男,二級,陽性
8164,40-49歲,男,無,陰性
8165,50-59歲,女,無,陰性
8166,50-59歲,男,二級,陽性
8167,20-29歲,男,無,陰性
8168,40-49歲,男,無,陰性
8169,40-49歲,男,一級,陽性
8170,60歲以上,男,無,陰性
8171,40-49歲,男,無,陰性
8172,30-39歲,男,無,陰性
8173,40-49歲,男,二級,陽性
8174,40-49歲,男,無,陰性
8175,40-49歲,男,無,陰性
8176,40-49歲,男,無,陰性
8177,40-49歲,男,無,陰性
8178,50-59歲,男,二級,陽性
8179,40-49歲,男,無,陰性
8180,50-59歲,男,無,陰性
8181,40-49歲,男,無,陰性
8182,40-49歲,男,二級,陽性
8183,30-39歲,男,無,陰性
8184,40-49歲,男,無,陰性
8185,40-49歲,男,無,陰性
8186,40-49歲,男,無,陰性
8187,40-49歲,男,無,陰性
8188,40-49歲,男,無,陰性
8189,50-59歲,女,二級,陽性
8190,40-49歲,男,無,陰性
8191,50-59歲,男,無,陰性
8192,30-39歲,男,二級,陽性
8193,40-49歲,男,無,陰性
8194,40-49歲,女,無,陰性
8195,40-49歲,男,二級,陽性
8196,40-49歲,男,二級,陽性
8197,40-49歲,男,無,陰性
8198,50-59歲,男,無,陰性
8199,20-29歲,男,無,陰性
8200,50-59歲,男,無,陰性
8201,20-29歲,女,二級,陽性
8202,50-59歲,男,無,陰性
8203,60歲以上,男,無,陰性
8204,19歲以下,男,無,陰性
8205,50-59歲,男,無,陰性
8206,40-49歲,男,無,陰性
8207,40-49歲,女,無,陰性
8208,50-59歲,男,二級,陽性
8209,40-49歲,女,無,陰性
8210,50-59歲,男,二級,陽性
8211,20-29歲,男,無,陰性
8212,40-49歲,女,無,陰性
8213,19歲以下,男,無,陰性
8214,50-59歲,男,無,陰性
8215,40-49歲,男,無,陰性
8216,30-39歲,男,一級,陽性
8217,40-49歲,男,無,陰性
8218,50-59歲,女,無,陰性
8219,50-59歲,男,一級,陽性
8220,40-49歲,男,無,陰性
8221,30-39歲,男,無,陰性
8222,40-49歲,男,二級,陽性
8223,40-49歲,女,無,陰性
8224,40-49歲,男,無,陰性
8225,40-49歲,男,無,陰性
8226,30-39歲,男,無,陰性
8227,30-39歲,男,無,陰性
8228,50-59歲,女,二級,陽性
8229,30-39歲,男,無,陰性
8230,40-49歲,女,二級,陽性
8231,60歲以上,男,無,陰性
8232,50-59歲,女,二級,陽性
8233,40-49歲,男,無,陰性
8234,20-29歲,男,無,陰性
8235,40-49歲,男,二級,陽性
8236,50-59歲,男,無,陰性
8237,40-49歲,男,無,陰性
8238,30-39歲,男,三級,陽性
8239,50-59歲,男,無,陰性
8240,40-49歲,男,無,陰性
8241,50-59歲,男,無,陰性
8242,19歲以下,男,二級,陽性
8243,60歲以上,男,無,陰性
8244,50-59歲,男,無,陰性
8245,30-39歲,男,二級,陽性
8246,40-49歲,男,二級,陽性
8247,30-39歲,男,無,陰性
8248,50-59歲,男,無,陰性
8249,20-29歲,男,無,陰性
8250,30-39歲,男,無,陰性
8251,20-29歲,男,二級,陽性
8252,50-59歲,女,無,陰性
8253,60歲以上,男,無,陰性
8254,50-59歲,女,無,陰性
8255,40-49歲,女,無,陰性
8256,20-29歲,男,無,陰性
8257,40-49歲,男,無,陰性
8258,50-59歲,男,無,陰性
8259,30-39歲,女,三級,陽性
8260,30-39歲,男,無,陰性
8261,20-29歲,男,二級,陽性
8262,50-59歲,男,無,陰性
8263,40-49歲,女,無,陰性
8264,40-49歲,男,無,陰性
8265,50-59歲,女,一級,陽性
8266,50-59歲,男,二級,陽性
8267,50-59歲,男,無,陰性
8268,50-59歲,男,無,陰性
8269,30-39歲,男,無,陰性
8270,40-49歲,女,無,陰性
8271,60歲以上,女,無,陰性
8272,20-29歲,女,三級,陽性
8273,30-39歲,男,無,陰性
8274,50-59歲,男,無,陰性
8275,50-59歲,女,無,陰性
8276,30-39歲,男,無,陰性
8277,50-59歲,男,無,陰性
8278,50-59歲,男,無,陰性
8279,40-49歲,男,一級,陽性
8280,30-39歲,男,無,陰性
8281,40-49歲,男,無,陰性
8282,40-49歲,男,二級,陽性
8283,40-49歲,男,無,陰性
8284,30-39歲,男,二級,陽性
8285,60歲以上,男,二級,陽性
8286,30-39歲,女,無,陰性
8287,30-39歲,男,無,陰性
8288,50-59歲,男,無,陰性
8289,20-29歲,女,無,陰性
8290,40-49歲,男,二級,陽性
8291,40-49歲,男,無,陰性
8292,40-49歲,男,無,陰性
8293,50-59歲,男,無,陰性
8294,50-59歲,男,二級,陽性
8295,30-39歲,男,無,陰性
8296,30-39歲,男,三級,陽性
8297,50-59歲,男,二級,陽性
8298,30-39歲,男,無,陰性
8299,40-49歲,男,無,陰性
8300,50-59歲,男,無,陰性
8301,50-59歲,男,二級,陽性
8302,20-29歲,男,無,陰性
8303,50-59歲,男,二級,陽性
8304,30-39歲,男,無,陰性
8305,50-59歲,男,無,陰性
8306,50-59歲,男,無,陰性
8307,50-59歲,男,無,陰性
8308,40-49歲,男,無,陰性
8309,20-29歲,男,無,陰性
8310,50-59歲,男,無,陰性
8311,40-49歲,女,二級,陽性
8312,40-49歲,男,無,陰性
8313,60歲以上,男,無,陰性
8314,50-59歲,男,無,陰性
8315,40-49歲,男,無,陰性
8316,40-49歲,男,二級,陽性
8317,50-59歲,男,無,陰性
8318,20-29歲,男,無,陰性
8319,50-59歲,男,無,陰性
8320,30-39歲,男,無,陰性
8321,30-39歲,男,無,陰性
8322,50-59歲,男,無,陰性
8323,60歲以上,男,無,陰性
8324,40-49歲,男,無,陰性
8325,40-49歲,女,一級,陽性
8326,50-59歲,男,無,陰性
8327,50-59歲,男,無,陰性
8328,50-59歲,男,無,陰性
8329,50-59歲,女,無,陰性
8330,30-39歲,女,二級,陽性
8331,60歲以上,男,無,陰性
8332,50-59歲,男,無,陰性
8333,60歲以上,男,無,陰性
8334,50-59歲,女,無,陰性
8335,50-59歲,男,二級,陽性
8336,50-59歲,男,無,陰性
8337,40-49歲,男,三級,陽性
8338,20-29歲,男,無,陰性
8339,50-59歲,女,二級,陽性
8340,30-39歲,女,無,陰性
8341,40-49歲,男,無,陰性
8342,60歲以上,男,二級,陽性
8343,60歲以上,男,無,陰性
8344,60歲以上,男,無,陰性
8345,40-49歲,男,無,陰性
8346,30-39歲,男,三級,陽性
8347,40-49歲,男,無,陰性
8348,40-49歲,女,無,陰性
8349,60歲以上,男,無,陰性
8350,50-59歲,男,二級,陽性
8351,60歲以上,男,二級,陽性
8352,40-49歲,女,無,陰性
8353,50-59歲,男,無,陰性
8354,20-29歲,男,無,陰性
8355,50-59歲,女,無,陰性
8356,50-59歲,女,二級,陽性
8357,40-49歲,男,無,陰性
8358,60歲以上,男,無,陰性
8359,40-49歲,女,二級,陽性
8360,40-49歲,男,無,陰性
8361,30-39歲,男,三級,陽性
8362,40-49歲,男,無,陰性
8363,50-59歲,女,二級,陽性
8364,30-39歲,男,無,陰性
8365,40-49歲,男,二級,陽性
8366,50-59歲,男,無,陰性
8367,30-39歲,男,無,陰性
8368,40-49歲,男,無,陰性
8369,40-49歲,男,無,陰性
8370,30-39歲,男,無,陰性
8371,20-29歲,男,無,陰性
8372,40-49歲,男,無,陰性
8373,50-59歲,男,無,陰性
8374,50-59歲,女,無,陰性
8375,60歲以上,男,無,陰性
8376,19歲以下,男,無,陰性
8377,50-59歲,男,無,陰性
8378,50-59歲,男,無,陰性
8379,40-49歲,女,無,陰性
8380,40-49歲,男,無,陰性
8381,60歲以上,男,無,陰性
8382,50-59歲,男,無,陰性
8383,50-59歲,男,無,陰性
8384,30-39歲,男,無,陰性
8385,20-29歲,男,無,陰性
8386,30-39歲,男,無,陰性
8387,20-29歲,男,一級,陽性
8388,50-59歲,男,無,陰性
8389,30-39歲,男,二級,陽性
8390,40-49歲,男,無,陰性
8391,50-59歲,男,無,陰性
8392,40-49歲,女,無,陰性
8393,30-39歲,男,無,陰性
8394,40-49歲,女,二級,陽性
8395,40-49歲,男,無,陰性
8396,30-39歲,男,無,陰性
8397,60歲以上,男,無,陰性
8398,20-29歲,男,無,陰性
8399,50-59歲,男,無,陰性
8400,30-39歲,男,無,陰性
8401,40-49歲,男,無,陰性
8402,40-49歲,男,二級,陽性
8403,40-49歲,男,無,陰性
8404,50-59歲,男,無,陰性
8405,20-29歲,女,無,陰性
8406,20-29歲,男,無,陰性
8407,50-59歲,女,無,陰性
8408,20-29歲,女,無,陰性
8409,60歲以上,女,二級,陽性
8410,40-49歲,男,無,陰性
8411,30-39歲,男,無,陰性
8412,60歲以上,男,無,陰性
8413,50-59歲,男,無,陰性
8414,40-49歲,男,二級,陽性
8415,30-39歲,男,無,陰性
8416,40-49歲,男,一級,陽性
8417,19歲以下,男,無,陰性
8418,30-39歲,男,無,陰性
8419,30-39歲,男,三級,陽性
8420,50-59歲,男,無,陰性
8421,40-49歲,女,無,陰性
8422,19歲以下,男,無,陰性
8423,40-49歲,男,二級,陽性
8424,50-59歲,女,無,陰性
8425,20-29歲,男,無,陰性
8426,19歲以下,男,無,陰性
8427,40-49歲,男,無,陰性
8428,40-49歲,男,無,陰性
8429,30-39歲,男,無,陰性
8430,30-39歲,男,無,陰性
8431,50-59歲,女,無,陰性
8432,60歲以上,男,無,陰性
8433,30-39歲,男,無,陰性
8434,40-49歲,男,無,陰性
8435,50-59歲,男,無,陰性
8436,50-59歲,女,無,陰性
8437,60歲以上,男,無,陰性
8438,60歲以上,男,二級,陽性
8439,20-29歲,男,三級,陽性
8440,40-49歲,女,無,陰性
8441,20-29歲,男,無,陰性
8442,40-49歲,男,無,陰性
8443,50-59歲,男,二級,陽性
8444,19歲以下,女,無,陰性
8445,40-49歲,男,二級,陽性
8446,20-29歲,男,無,陰性
8447,60歲以上,男,無,陰性
8448,40-49歲,男,無,陰性
8449,20-29歲,男,二級,陽性
8450,60歲以上,男,無,陰性
8451,20-29歲,男,無,陰性
8452,50-59歲,男,無,陰性
8453,40-49歲,男,無,陰性
8454,40-49歲,男,無,陰性
8455,40-49歲,男,無,陰性
8456,30-39歲,男,二級,陽性
8457,50-59歲,男,無,陰性
8458,60歲以上,男,無,陰性
8459,50-59歲,男,無,陰性
8460,50-59歲,男,無,陰性
8461,40-49歲,男,無,陰性
8462,40-49歲,男,三級,陽性
8463,40-49歲,男,無,陰性
8464,60歲以上,男,二級,陽性
8465,60歲以上,男,二級,陽性
8466,50-59歲,女,二級,陽性
8467,50-59歲,男,無,陰性
8468,40-49歲,男,無,陰性
8469,40-49歲,男,無,陰性
8470,50-59歲,女,無,陰性
8471,30-39歲,男,無,陰性
8472,30-39歲,女,無,陰性
8473,30-39歲,男,無,陰性
8474,40-49歲,男,無,陰性
8475,30-39歲,男,二級,陽性
8476,50-59歲,男,二級,陽性
8477,40-49歲,男,無,陰性
8478,40-49歲,女,無,陰性
8479,50-59歲,男,無,陰性
8480,30-39歲,男,無,陰性
8481,19歲以下,男,無,陰性
8482,40-49歲,男,無,陰性
8483,40-49歲,男,無,陰性
8484,50-59歲,男,無,陰性
8485,40-49歲,男,無,陰性
8486,40-49歲,男,無,陰性
8487,50-59歲,男,無,陰性
8488,50-59歲,男,無,陰性
8489,40-49歲,男,無,陰性
8490,50-59歲,男,無,陰性
8491,40-49歲,男,無,陰性
8492,50-59歲,男,無,陰性
8493,50-59歲,男,無,陰性
8494,50-59歲,男,無,陰性
8495,20-29歲,男,三級,陽性
8496,50-59歲,男,二級,陽性
8497,30-39歲,男,無,陰性
8498,40-49歲,男,無,陰性
8499,20-29歲,男,無,陰性
8500,40-49歲,男,無,陰性
8501,40-49歲,男,無,陰性
8502,20-29歲,男,無,陰性
8503,40-49歲,女,無,陰性
8504,50-59歲,男,無,陰性
8505,50-59歲,男,無,陰性
8506,50-59歲,男,無,陰性
8507,40-49歲,女,無,陰性
8508,40-49歲,男,三級,陽性
8509,40-49歲,男,二級,陽性
8510,50-59歲,男,無,陰性
8511,60歲以上,男,二級,陽性
8512,40-49歲,男,無,陰性
8513,60歲以上,男,無,陰性
8514,40-49歲,男,二級,陽性
8515,40-49歲,男,無,陰性
8516,40-49歲,女,無,陰性
8517,40-49歲,男,無,陰性
8518,40-49歲,男,無,陰性
8519,40-49歲,男,無,陰性
8520,40-49歲,男,二級,陽性
8521,50-59歲,男,無,陰性
8522,40-49歲,男,無,陰性
8523,40-49歲,男,無,陰性
8524,40-49歲,男,無,陰性
8525,40-49歲,男,無,陰性
8526,40-49歲,男,無,陰性
8527,50-59歲,女,無,陰性
8528,40-49歲,男,無,陰性
8529,40-49歲,男,無,陰性
8530,40-49歲,女,無,陰性
8531,40-49歲,女,二級,陽性
8532,20-29歲,女,無,陰性
8533,40-49歲,女,無,陰性
8534,50-59歲,男,無,陰性
8535,40-49歲,女,三級,陽性
8536,50-59歲,女,無,陰性
8537,50-59歲,男,無,陰性
8538,20-29歲,男,無,陰性
8539,50-59歲,男,無,陰性
8540,50-59歲,女,無,陰性
8541,60歲以上,男,無,陰性
8542,19歲以下,男,無,陰性
8543,60歲以上,男,無,陰性
8544,50-59歲,男,無,陰性
8545,20-29歲,男,二級,陽性
8546,20-29歲,男,二級,陽性
8547,50-59歲,男,無,陰性
8548,60歲以上,男,無,陰性
8549,40-49歲,女,二級,陽性
8550,60歲以上,男,無,陰性
8551,50-59歲,男,無,陰性
8552,40-49歲,女,二級,陽性
8553,30-39歲,男,無,陰性
8554,50-59歲,女,三級,陽性
8555,40-49歲,男,無,陰性
8556,40-49歲,男,無,陰性
8557,60歲以上,男,無,陰性
8558,50-59歲,男,二級,陽性
8559,19歲以下,男,二級,陽性
8560,50-59歲,男,無,陰性
8561,60歲以上,女,無,陰性
8562,50-59歲,男,二級,陽性
8563,50-59歲,男,無,陰性
8564,19歲以下,男,二級,陽性
8565,40-49歲,男,二級,陽性
8566,30-39歲,男,無,陰性
8567,50-59歲,男,無,陰性
8568,40-49歲,男,三級,陽性
8569,20-29歲,男,無,陰性
8570,20-29歲,男,無,陰性
8571,40-49歲,男,無,陰性
8572,30-39歲,男,二級,陽性
8573,60歲以上,男,二級,陽性
8574,40-49歲,男,無,陰性
8575,50-59歲,男,無,陰性
8576,40-49歲,男,無,陰性
8577,40-49歲,男,無,陰性
8578,40-49歲,男,無,陰性
8579,60歲以上,男,無,陰性
8580,30-39歲,男,三級,陽性
8581,40-49歲,男,無,陰性
8582,30-39歲,男,無,陰性
8583,50-59歲,男,無,陰性
8584,60歲以上,男,無,陰性
8585,40-49歲,男,無,陰性
8586,40-49歲,男,無,陰性
8587,50-59歲,男,無,陰性
8588,40-49歲,男,無,陰性
8589,50-59歲,女,無,陰性
8590,50-59歲,男,無,陰性
8591,30-39歲,女,無,陰性
8592,30-39歲,男,三級,陽性
8593,40-49歲,男,無,陰性
8594,20-29歲,男,無,陰性
8595,20-29歲,男,無,陰性
8596,60歲以上,男,無,陰性
8597,40-49歲,女,無,陰性
8598,20-29歲,男,無,陰性
8599,60歲以上,女,無,陰性
8600,30-39歲,男,無,陰性
8601,50-59歲,男,無,陰性
8602,20-29歲,男,無,陰性
8603,40-49歲,男,無,陰性
8604,40-49歲,男,無,陰性
8605,40-49歲,男,無,陰性
8606,30-39歲,男,無,陰性
8607,19歲以下,男,無,陰性
8608,50-59歲,男,無,陰性
8609,30-39歲,男,二級,陽性
8610,50-59歲,男,二級,陽性
8611,30-39歲,男,無,陰性
8612,30-39歲,男,無,陰性
8613,30-39歲,女,二級,陽性
8614,60歲以上,女,無,陰性
8615,50-59歲,男,無,陰性
8616,60歲以上,男,二級,陽性
8617,19歲以下,男,無,陰性
8618,30-39歲,男,無,陰性
8619,20-29歲,女,無,陰性
8620,30-39歲,男,三級,陽性
8621,50-59歲,女,一級,陽性
8622,50-59歲,男,無,陰性
8623,50-59歲,男,無,陰性
8624,50-59歲,男,三級,陽性
8625,40-49歲,男,無,陰性
8626,40-49歲,男,無,陰性
8627,50-59歲,男,無,陰性
8628,60歲以上,男,二級,陽性
8629,60歲以上,男,三級,陽性
8630,30-39歲,男,無,陰性
8631,50-59歲,男,無,陰性
8632,20-29歲,男,無,陰性
8633,50-59歲,男,二級,陽性
8634,20-29歲,女,無,陰性
8635,40-49歲,男,無,陰性
8636,40-49歲,男,無,陰性
8637,50-59歲,女,無,陰性
8638,30-39歲,男,三級,陽性
8639,40-49歲,男,無,陰性
8640,50-59歲,男,無,陰性
8641,50-59歲,男,無,陰性
8642,19歲以下,男,無,陰性
8643,50-59歲,女,無,陰性
8644,60歲以上,男,二級,陽性
8645,50-59歲,男,無,陰性
8646,40-49歲,男,無,陰性
8647,30-39歲,男,無,陰性
8648,40-49歲,女,無,陰性
8649,50-59歲,男,二級,陽性
8650,19歲以下,男,二級,陽性
8651,40-49歲,男,二級,陽性
8652,40-49歲,男,二級,陽性
8653,50-59歲,男,無,陰性
8654,30-39歲,男,無,陰性
8655,40-49歲,男,無,陰性
8656,30-39歲,男,無,陰性
8657,40-49歲,男,無,陰性
8658,19歲以下,女,一級,陽性
8659,40-49歲,男,無,陰性
8660,50-59歲,男,無,陰性
8661,60歲以上,女,二級,陽性
8662,40-49歲,男,無,陰性
8663,19歲以下,男,二級,陽性
8664,50-59歲,男,無,陰性
8665,30-39歲,男,無,陰性
8666,40-49歲,男,無,陰性
8667,40-49歲,男,無,陰性
8668,40-49歲,男,無,陰性
8669,40-49歲,女,無,陰性
8670,50-59歲,男,無,陰性
8671,20-29歲,男,無,陰性
8672,60歲以上,男,無,陰性
8673,40-49歲,男,無,陰性
8674,50-59歲,男,無,陰性
8675,50-59歲,男,二級,陽性
8676,60歲以上,女,無,陰性
8677,40-49歲,男,三級,陽性
8678,40-49歲,男,無,陰性
8679,60歲以上,男,無,陰性
8680,60歲以上,男,無,陰性
8681,40-49歲,男,無,陰性
8682,20-29歲,男,無,陰性
8683,50-59歲,男,無,陰性
8684,20-29歲,男,無,陰性
8685,40-49歲,男,無,陰性
8686,30-39歲,男,無,陰性
8687,60歲以上,男,無,陰性
8688,50-59歲,男,二級,陽性
8689,30-39歲,男,二級,陽性
8690,50-59歲,男,無,陰性
8691,60歲以上,女,二級,陽性
8692,40-49歲,男,無,陰性
8693,50-59歲,男,無,陰性
8694,50-59歲,男,無,陰性
8695,40-49歲,男,無,陰性
8696,30-39歲,男,無,陰性
8697,19歲以下,男,二級,陽性
8698,40-49歲,男,無,陰性
8699,50-59歲,女,無,陰性
8700,50-59歲,男,無,陰性
8701,20-29歲,男,三級,陽性
8702,30-39歲,男,無,陰性
8703,30-39歲,女,無,陰性
8704,60歲以上,男,二級,陽性
8705,60歲以上,男,無,陰性
8706,60歲以上,男,二級,陽性
8707,20-29歲,女,無,陰性
8708,30-39歲,男,二級,陽性
8709,19歲以下,男,無,陰性
8710,30-39歲,男,無,陰性
8711,20-29歲,男,無,陰性
8712,50-59歲,男,無,陰性
8713,50-59歲,女,無,陰性
8714,50-59歲,男,無,陰性
8715,40-49歲,男,二級,陽性
8716,40-49歲,男,一級,陽性
8717,40-49歲,男,無,陰性
8718,30-39歲,女,無,陰性
8719,50-59歲,男,無,陰性
8720,50-59歲,男,二級,陽性
8721,30-39歲,男,無,陰性
8722,50-59歲,男,無,陰性
8723,60歲以上,男,無,陰性
8724,19歲以下,男,無,陰性
8725,30-39歲,男,無,陰性
8726,40-49歲,男,無,陰性
8727,40-49歲,女,無,陰性
8728,40-49歲,女,無,陰性
8729,19歲以下,女,無,陰性
8730,50-59歲,男,三級,陽性
8731,30-39歲,男,無,陰性
8732,30-39歲,男,二級,陽性
8733,40-49歲,男,無,陰性
8734,60歲以上,女,三級,陽性
8735,60歲以上,男,無,陰性
8736,40-49歲,男,二級,陽性
8737,30-39歲,男,無,陰性
8738,50-59歲,男,二級,陽性
8739,30-39歲,男,無,陰性
8740,50-59歲,男,無,陰性
8741,30-39歲,男,無,陰性
8742,30-39歲,男,無,陰性
8743,50-59歲,男,三級,陽性
8744,40-49歲,男,無,陰性
8745,30-39歲,男,一級,陽性
8746,50-59歲,男,無,陰性
8747,50-59歲,男,無,陰性
8748,19歲以下,男,無,陰性
8749,50-59歲,男,無,陰性
8750,40-49歲,男,無,陰性
8751,40-49歲,男,無,陰性
8752,50-59歲,女,無,陰性
8753,30-39歲,男,無,陰性
8754,40-49歲,男,無,陰性
8755,40-49歲,男,無,陰性
8756,40-49歲,女,無,陰性
8757,40-49歲,男,無,陰性
8758,40-49歲,男,無,陰性
8759,50-59歲,男,二級,陽性
8760,40-49歲,男,三級,陽性
8761,50-59歲,女,二級,陽性
8762,40-49歲,男,無,陰性
8763,40-49歲,男,無,陰性
8764,40-49歲,男,無,陰性
8765,60歲以上,男,無,陰性
8766,30-39歲,男,無,陰性
8767,50-59歲,男,無,陰性
8768,50-59歲,男,無,陰性
8769,40-49歲,男,無,陰性
8770,40-49歲,男,無,陰性
8771,40-49歲,男,二級,陽性
8772,60歲以上,男,無,陰性
8773,40-49歲,男,無,陰性
8774,30-39歲,男,無,陰性
8775,50-59歲,女,無,陰性
8776,50-59歲,男,無,陰性
8777,40-49歲,男,二級,陽性
8778,40-49歲,男,二級,陽性
8779,50-59歲,男,無,陰性
8780,40-49歲,男,無,陰性
8781,20-29歲,男,無,陰性
8782,40-49歲,男,無,陰性
8783,30-39歲,男,無,陰性
8784,50-59歲,男,無,陰性
8785,40-49歲,男,無,陰性
8786,30-39歲,男,無,陰性
8787,40-49歲,男,二級,陽性
8788,40-49歲,男,無,陰性
8789,40-49歲,男,無,陰性
8790,60歲以上,男,三級,陽性
8791,30-39歲,女,無,陰性
8792,40-49歲,男,無,陰性
8793,20-29歲,男,二級,陽性
8794,50-59歲,男,無,陰性
8795,30-39歲,男,無,陰性
8796,19歲以下,男,無,陰性
8797,40-49歲,男,一級,陽性
8798,50-59歲,男,無,陰性
8799,40-49歲,男,無,陰性
8800,50-59歲,男,二級,陽性
8801,30-39歲,男,無,陰性
8802,40-49歲,男,二級,陽性
8803,50-59歲,男,二級,陽性
8804,60歲以上,男,二級,陽性
8805,50-59歲,男,二級,陽性
8806,30-39歲,男,無,陰性
8807,40-49歲,男,無,陰性
8808,60歲以上,男,無,陰性
8809,20-29歲,男,二級,陽性
8810,30-39歲,男,三級,陽性
8811,30-39歲,男,無,陰性
8812,50-59歲,男,無,陰性
8813,40-49歲,男,無,陰性
8814,30-39歲,男,無,陰性
8815,50-59歲,男,無,陰性
8816,40-49歲,男,無,陰性
8817,50-59歲,男,無,陰性
8818,30-39歲,男,無,陰性
8819,40-49歲,男,一級,陽性
8820,60歲以上,男,無,陰性
8821,30-39歲,男,無,陰性
8822,40-49歲,男,二級,陽性
8823,60歲以上,男,無,陰性
8824,40-49歲,男,無,陰性
8825,40-49歲,男,無,陰性
8826,40-49歲,男,無,陰性
8827,60歲以上,男,無,陰性
8828,50-59歲,女,無,陰性
8829,19歲以下,男,無,陰性
8830,40-49歲,男,無,陰性
8831,40-49歲,女,無,陰性
8832,50-59歲,男,無,陰性
8833,40-49歲,男,無,陰性
8834,40-49歲,男,無,陰性
8835,50-59歲,男,無,陰性
8836,40-49歲,男,一級,陽性
8837,30-39歲,男,無,陰性
8838,30-39歲,女,無,陰性
8839,60歲以上,男,二級,陽性
8840,30-39歲,男,無,陰性
8841,40-49歲,男,無,陰性
8842,50-59歲,男,無,陰性
8843,19歲以下,男,無,陰性
8844,40-49歲,男,無,陰性
8845,50-59歲,男,無,陰性
8846,50-59歲,男,無,陰性
8847,40-49歲,男,無,陰性
8848,60歲以上,女,無,陰性
8849,40-49歲,男,無,陰性
8850,30-39歲,女,三級,陽性
8851,60歲以上,男,二級,陽性
8852,40-49歲,男,三級,陽性
8853,30-39歲,男,無,陰性
8854,30-39歲,男,無,陰性
8855,40-49歲,女,無,陰性
8856,30-39歲,女,無,陰性
8857,50-59歲,男,三級,陽性
8858,20-29歲,男,無,陰性
8859,40-49歲,男,無,陰性
8860,40-49歲,男,無,陰性
8861,50-59歲,男,無,陰性
8862,30-39歲,男,無,陰性
8863,40-49歲,男,無,陰性
8864,50-59歲,女,無,陰性
8865,40-49歲,男,無,陰性
8866,50-59歲,男,二級,陽性
8867,50-59歲,女,無,陰性
8868,30-39歲,男,二級,陽性
8869,30-39歲,男,無,陰性
8870,30-39歲,女,無,陰性
8871,40-49歲,男,無,陰性
8872,50-59歲,女,無,陰性
8873,40-49歲,男,無,陰性
8874,50-59歲,男,無,陰性
8875,40-49歲,男,無,陰性
8876,40-49歲,女,無,陰性
8877,50-59歲,女,無,陰性
8878,50-59歲,男,二級,陽性
8879,30-39歲,男,無,陰性
8880,19歲以下,女,無,陰性
8881,30-39歲,男,無,陰性
8882,20-29歲,男,無,陰性
8883,50-59歲,男,無,陰性
8884,50-59歲,男,無,陰性
8885,19歲以下,男,二級,陽性
8886,19歲以下,男,無,陰性
8887,40-49歲,男,二級,陽性
8888,20-29歲,男,三級,陽性
8889,19歲以下,男,無,陰性
8890,50-59歲,男,無,陰性
8891,30-39歲,男,無,陰性
8892,30-39歲,男,無,陰性
8893,30-39歲,女,二級,陽性
8894,40-49歲,男,無,陰性
8895,40-49歲,男,三級,陽性
8896,20-29歲,男,無,陰性
8897,30-39歲,男,二級,陽性
8898,30-39歲,男,無,陰性
8899,40-49歲,男,無,陰性
8900,60歲以上,男,無,陰性
8901,30-39歲,男,無,陰性
8902,40-49歲,男,二級,陽性
8903,40-49歲,男,無,陰性
8904,50-59歲,男,無,陰性
8905,19歲以下,男,無,陰性
8906,50-59歲,女,二級,陽性
8907,50-59歲,男,無,陰性
8908,20-29歲,男,無,陰性
8909,40-49歲,男,無,陰性
8910,40-49歲,女,無,陰性
8911,50-59歲,男,無,陰性
8912,50-59歲,男,無,陰性
8913,40-49歲,男,無,陰性
8914,50-59歲,男,無,陰性
8915,50-59歲,男,無,陰性
8916,30-39歲,男,無,陰性
8917,40-49歲,男,無,陰性
8918,50-59歲,女,二級,陽性
8919,20-29歲,男,無,陰性
8920,50-59歲,男,無,陰性
8921,40-49歲,女,無,陰性
8922,40-49歲,男,無,陰性
8923,20-29歲,女,無,陰性
8924,50-59歲,男,無,陰性
8925,60歲以上,男,無,陰性
8926,20-29歲,女,無,陰性
8927,30-39歲,女,二級,陽性
8928,20-29歲,男,無,陰性
8929,50-59歲,男,無,陰性
8930,20-29歲,男,無,陰性
8931,50-59歲,男,無,陰性
8932,40-49歲,男,無,陰性
8933,50-59歲,男,三級,陽性
8934,40-49歲,男,三級,陽性
8935,50-59歲,男,無,陰性
8936,40-49歲,女,無,陰性
8937,19歲以下,男,無,陰性
8938,20-29歲,男,無,陰性
8939,50-59歲,男,無,陰性
8940,20-29歲,男,無,陰性
8941,60歲以上,男,無,陰性
8942,50-59歲,女,無,陰性
8943,50-59歲,男,無,陰性
8944,40-49歲,男,無,陰性
8945,30-39歲,男,二級,陽性
8946,20-29歲,男,無,陰性
8947,50-59歲,男,無,陰性
8948,20-29歲,女,無,陰性
8949,50-59歲,男,二級,陽性
8950,40-49歲,男,無,陰性
8951,30-39歲,男,無,陰性
8952,40-49歲,女,無,陰性
8953,40-49歲,女,無,陰性
8954,30-39歲,男,二級,陽性
8955,40-49歲,男,無,陰性
8956,20-29歲,男,二級,陽性
8957,30-39歲,男,無,陰性
8958,50-59歲,女,無,陰性
8959,20-29歲,女,無,陰性
8960,50-59歲,男,無,陰性
8961,20-29歲,女,一級,陽性
8962,19歲以下,男,無,陰性
8963,19歲以下,男,無,陰性
8964,19歲以下,男,無,陰性
8965,60歲以上,男,無,陰性
8966,60歲以上,男,無,陰性
8967,40-49歲,男,二級,陽性
8968,50-59歲,男,無,陰性
8969,30-39歲,男,無,陰性
8970,50-59歲,女,無,陰性
8971,50-59歲,男,無,陰性
8972,50-59歲,男,無,陰性
8973,20-29歲,男,無,陰性
8974,30-39歲,男,無,陰性
8975,19歲以下,男,無,陰性
8976,40-49歲,男,無,陰性
8977,50-59歲,男,無,陰性
8978,20-29歲,男,無,陰性
8979,40-49歲,男,三級,陽性
8980,50-59歲,男,無,陰性
8981,40-49歲,男,二級,陽性
8982,50-59歲,男,無,陰性
8983,50-59歲,男,無,陰性
8984,50-59歲,男,無,陰性
8985,40-49歲,女,無,陰性
8986,60歲以上,女,無,陰性
8987,40-49歲,男,無,陰性
8988,50-59歲,女,無,陰性
8989,30-39歲,男,無,陰性
8990,60歲以上,男,二級,陽性
8991,40-49歲,男,無,陰性
8992,50-59歲,男,無,陰性
8993,60歲以上,女,無,陰性
8994,50-59歲,男,二級,陽性
8995,30-39歲,男,無,陰性
8996,50-59歲,男,無,陰性
8997,40-49歲,男,無,陰性
8998,40-49歲,男,無,陰性
8999,50-59歲,男,無,陰性
9000,30-39歲,女,無,陰性
9001,40-49歲,男,無,陰性
9002,40-49歲,男,無,陰性
9003,50-59歲,男,無,陰性
9004,50-59歲,男,無,陰性
9005,40-49歲,男,無,陰性
9006,50-59歲,男,無,陰性
9007,40-49歲,男,無,陰性
9008,50-59歲,男,無,陰性
9009,20-29歲,男,無,陰性
9010,50-59歲,男,無,陰性
9011,40-49歲,男,無,陰性
9012,30-39歲,男,三級,陽性
9013,50-59歲,男,無,陰性
9014,40-49歲,男,無,陰性
9015,19歲以下,男,二級,陽性
9016,40-49歲,男,二級,陽性
9017,60歲以上,男,無,陰性
9018,50-59歲,男,無,陰性
9019,40-49歲,男,三級,陽性
9020,50-59歲,男,無,陰性
9021,30-39歲,男,無,陰性
9022,50-59歲,女,無,陰性
9023,40-49歲,男,二級,陽性
9024,40-49歲,男,二級,陽性
9025,30-39歲,男,無,陰性
9026,30-39歲,男,無,陰性
9027,40-49歲,男,無,陰性
9028,30-39歲,男,無,陰性
9029,40-49歲,男,無,陰性
9030,20-29歲,男,一級,陽性
9031,40-49歲,男,二級,陽性
9032,40-49歲,男,無,陰性
9033,50-59歲,女,無,陰性
9034,40-49歲,男,無,陰性
9035,50-59歲,女,無,陰性
9036,50-59歲,女,無,陰性
9037,50-59歲,男,無,陰性
9038,50-59歲,女,無,陰性
9039,20-29歲,男,二級,陽性
9040,30-39歲,男,無,陰性
9041,20-29歲,男,無,陰性
9042,40-49歲,男,無,陰性
9043,30-39歲,男,無,陰性
9044,50-59歲,男,無,陰性
9045,50-59歲,男,無,陰性
9046,60歲以上,男,無,陰性
9047,50-59歲,男,二級,陽性
9048,60歲以上,男,三級,陽性
9049,40-49歲,女,無,陰性
9050,50-59歲,男,無,陰性
9051,40-49歲,女,二級,陽性
9052,50-59歲,男,無,陰性
9053,60歲以上,女,無,陰性
9054,40-49歲,女,無,陰性
9055,20-29歲,男,無,陰性
9056,40-49歲,男,無,陰性
9057,40-49歲,男,三級,陽性
9058,40-49歲,男,無,陰性
9059,20-29歲,男,無,陰性
9060,50-59歲,男,無,陰性
9061,50-59歲,男,無,陰性
9062,20-29歲,女,無,陰性
9063,40-49歲,男,無,陰性
9064,60歲以上,男,無,陰性
9065,40-49歲,男,無,陰性
9066,60歲以上,男,無,陰性
9067,40-49歲,女,三級,陽性
9068,50-59歲,男,無,陰性
9069,40-49歲,女,無,陰性
9070,20-29歲,男,二級,陽性
9071,50-59歲,男,無,陰性
9072,30-39歲,男,無,陰性
9073,19歲以下,男,無,陰性
9074,50-59歲,男,無,陰性
9075,20-29歲,女,二級,陽性
9076,60歲以上,男,二級,陽性
9077,40-49歲,男,無,陰性
9078,40-49歲,男,無,陰性
9079,50-59歲,男,無,陰性
9080,40-49歲,男,三級,陽性
9081,60歲以上,男,無,陰性
9082,40-49歲,男,無,陰性
9083,40-49歲,女,無,陰性
9084,50-59歲,男,無,陰性
9085,40-49歲,男,無,陰性
9086,60歲以上,男,無,陰性
9087,30-39歲,女,無,陰性
9088,40-49歲,男,無,陰性
9089,60歲以上,男,無,陰性
9090,20-29歲,男,二級,陽性
9091,40-49歲,男,二級,陽性
9092,20-29歲,男,無,陰性
9093,50-59歲,男,無,陰性
9094,50-59歲,男,二級,陽性
9095,60歲以上,男,無,陰性
9096,40-49歲,男,無,陰性
9097,30-39歲,男,二級,陽性
9098,40-49歲,男,二級,陽性
9099,40-49歲,男,無,陰性
9100,40-49歲,男,無,陰性
9101,40-49歲,男,無,陰性
9102,50-59歲,男,無,陰性
9103,30-39歲,女,二級,陽性
9104,50-59歲,男,一級,陽性
9105,50-59歲,男,無,陰性
9106,50-59歲,女,二級,陽性
9107,30-39歲,男,無,陰性
9108,40-49歲,男,無,陰性
9109,40-49歲,男,無,陰性
9110,50-59歲,男,無,陰性
9111,60歲以上,女,無,陰性
9112,40-49歲,女,無,陰性
9113,40-49歲,男,無,陰性
9114,60歲以上,男,無,陰性
9115,30-39歲,男,無,陰性
9116,40-49歲,男,無,陰性
9117,40-49歲,男,無,陰性
9118,40-49歲,男,無,陰性
9119,20-29歲,女,無,陰性
9120,30-39歲,男,無,陰性
9121,50-59歲,男,無,陰性
9122,40-49歲,男,無,陰性
9123,50-59歲,男,無,陰性
9124,20-29歲,男,無,陰性
9125,30-39歲,男,無,陰性
9126,30-39歲,男,無,陰性
9127,40-49歲,女,無,陰性
9128,40-49歲,女,無,陰性
9129,40-49歲,男,無,陰性
9130,50-59歲,男,二級,陽性
9131,60歲以上,男,二級,陽性
9132,50-59歲,男,無,陰性
9133,40-49歲,男,一級,陽性
9134,40-49歲,男,無,陰性
9135,30-39歲,男,二級,陽性
9136,40-49歲,男,無,陰性
9137,40-49歲,女,二級,陽性
9138,20-29歲,男,無,陰性
9139,60歲以上,男,無,陰性
9140,40-49歲,男,無,陰性
9141,30-39歲,男,無,陰性
9142,30-39歲,男,二級,陽性
9143,30-39歲,女,二級,陽性
9144,20-29歲,男,無,陰性
9145,30-39歲,女,無,陰性
9146,50-59歲,女,無,陰性
9147,60歲以上,男,無,陰性
9148,30-39歲,女,二級,陽性
9149,20-29歲,男,一級,陽性
9150,30-39歲,男,無,陰性
9151,40-49歲,男,無,陰性
9152,40-49歲,男,無,陰性
9153,50-59歲,男,無,陰性
9154,50-59歲,男,無,陰性
9155,40-49歲,男,二級,陽性
9156,20-29歲,男,無,陰性
9157,40-49歲,男,無,陰性
9158,40-49歲,女,無,陰性
9159,40-49歲,男,二級,陽性
9160,30-39歲,男,無,陰性
9161,40-49歲,女,無,陰性
9162,50-59歲,男,無,陰性
9163,40-49歲,男,無,陰性
9164,40-49歲,女,無,陰性
9165,40-49歲,男,無,陰性
9166,30-39歲,男,無,陰性
9167,40-49歲,男,三級,陽性
9168,40-49歲,男,無,陰性
9169,40-49歲,男,無,陰性
9170,40-49歲,男,二級,陽性
9171,50-59歲,女,無,陰性
9172,30-39歲,男,無,陰性
9173,50-59歲,男,無,陰性
9174,40-49歲,男,無,陰性
9175,40-49歲,男,無,陰性
9176,50-59歲,男,二級,陽性
9177,40-49歲,男,二級,陽性
9178,40-49歲,男,無,陰性
9179,50-59歲,男,無,陰性
9180,50-59歲,男,無,陰性
9181,50-59歲,男,二級,陽性
9182,40-49歲,女,無,陰性
9183,30-39歲,男,二級,陽性
9184,60歲以上,男,二級,陽性
9185,50-59歲,男,無,陰性
9186,50-59歲,男,二級,陽性
9187,50-59歲,男,無,陰性
9188,30-39歲,男,一級,陽性
9189,40-49歲,男,無,陰性
9190,20-29歲,男,無,陰性
9191,50-59歲,男,無,陰性
9192,50-59歲,男,無,陰性
9193,60歲以上,男,無,陰性
9194,30-39歲,男,無,陰性
9195,50-59歲,男,無,陰性
9196,40-49歲,男,無,陰性
9197,40-49歲,女,無,陰性
9198,40-49歲,男,無,陰性
9199,20-29歲,男,無,陰性
9200,60歲以上,男,一級,陽性
9201,30-39歲,男,無,陰性
9202,50-59歲,男,一級,陽性
9203,50-59歲,男,無,陰性
9204,30-39歲,男,三級,陽性
9205,40-49歲,男,二級,陽性
9206,50-59歲,男,無,陰性
9207,60歲以上,男,無,陰性
9208,50-59歲,男,無,陰性
9209,60歲以上,男,無,陰性
9210,30-39歲,男,無,陰性
9211,40-49歲,男,無,陰性
9212,30-39歲,男,無,陰性
9213,40-49歲,男,二級,陽性
9214,40-49歲,男,無,陰性
9215,19歲以下,男,無,陰性
9216,40-49歲,男,無,陰性
9217,40-49歲,男,無,陰性
9218,50-59歲,女,二級,陽性
9219,50-59歲,男,無,陰性
9220,20-29歲,男,無,陰性
9221,40-49歲,男,無,陰性
9222,60歲以上,女,二級,陽性
9223,50-59歲,男,二級,陽性
9224,40-49歲,男,三級,陽性
9225,40-49歲,女,無,陰性
9226,50-59歲,男,無,陰性
9227,50-59歲,男,無,陰性
9228,40-49歲,男,二級,陽性
9229,40-49歲,女,無,陰性
9230,40-49歲,男,無,陰性
9231,19歲以下,男,無,陰性
9232,40-49歲,男,無,陰性
9233,50-59歲,男,無,陰性
9234,50-59歲,男,無,陰性
9235,20-29歲,男,無,陰性
9236,50-59歲,男,無,陰性
9237,50-59歲,女,無,陰性
9238,40-49歲,男,二級,陽性
9239,40-49歲,男,二級,陽性
9240,60歲以上,男,無,陰性
9241,40-49歲,男,無,陰性
9242,50-59歲,男,無,陰性
9243,40-49歲,男,無,陰性
9244,40-49歲,男,二級,陽性
9245,30-39歲,男,二級,陽性
9246,50-59歲,男,無,陰性
9247,30-39歲,男,無,陰性
9248,60歲以上,男,無,陰性
9249,40-49歲,男,無,陰性
9250,60歲以上,男,無,陰性
9251,30-39歲,男,無,陰性
9252,50-59歲,男,無,陰性
9253,40-49歲,男,無,陰性
9254,50-59歲,男,無,陰性
9255,50-59歲,男,無,陰性
9256,60歲以上,男,無,陰性
9257,20-29歲,男,無,陰性
9258,40-49歲,男,二級,陽性
9259,50-59歲,男,無,陰性
9260,40-49歲,男,一級,陽性
9261,30-39歲,女,無,陰性
9262,50-59歲,男,無,陰性
9263,40-49歲,男,無,陰性
9264,40-49歲,男,無,陰性
9265,30-39歲,女,無,陰性
9266,40-49歲,女,無,陰性
9267,30-39歲,男,無,陰性
9268,60歲以上,男,無,陰性
9269,50-59歲,男,二級,陽性
9270,60歲以上,男,無,陰性
9271,40-49歲,男,無,陰性
9272,60歲以上,女,無,陰性
9273,30-39歲,女,無,陰性
9274,60歲以上,男,二級,陽性
9275,50-59歲,男,無,陰性
9276,40-49歲,女,無,陰性
9277,50-59歲,男,無,陰性
9278,40-49歲,男,無,陰性
9279,50-59歲,女,無,陰性
9280,40-49歲,男,二級,陽性
9281,50-59歲,男,無,陰性
9282,40-49歲,男,無,陰性
9283,60歲以上,男,無,陰性
9284,30-39歲,女,無,陰性
9285,30-39歲,男,無,陰性
9286,40-49歲,女,二級,陽性
9287,19歲以下,男,無,陰性
9288,30-39歲,男,無,陰性
9289,19歲以下,男,無,陰性
9290,60歲以上,男,無,陰性
9291,50-59歲,男,三級,陽性
9292,40-49歲,女,三級,陽性
9293,19歲以下,男,二級,陽性
9294,50-59歲,男,無,陰性
9295,50-59歲,男,無,陰性
9296,40-49歲,男,二級,陽性
9297,40-49歲,男,無,陰性
9298,30-39歲,男,無,陰性
9299,20-29歲,女,二級,陽性
9300,50-59歲,男,無,陰性
9301,40-49歲,男,二級,陽性
9302,50-59歲,男,無,陰性
9303,20-29歲,男,無,陰性
9304,50-59歲,男,無,陰性
9305,50-59歲,男,無,陰性
9306,50-59歲,女,二級,陽性
9307,40-49歲,男,無,陰性
9308,20-29歲,男,無,陰性
9309,50-59歲,女,二級,陽性
9310,20-29歲,女,無,陰性
9311,50-59歲,女,二級,陽性
9312,30-39歲,女,無,陰性
9313,40-49歲,男,無,陰性
9314,20-29歲,男,一級,陽性
9315,30-39歲,男,無,陰性
9316,40-49歲,男,無,陰性
9317,40-49歲,男,二級,陽性
9318,50-59歲,男,無,陰性
9319,50-59歲,女,無,陰性
9320,50-59歲,女,三級,陽性
9321,40-49歲,男,無,陰性
9322,40-49歲,男,無,陰性
9323,50-59歲,男,無,陰性
9324,40-49歲,女,無,陰性
9325,50-59歲,男,二級,陽性
9326,20-29歲,男,無,陰性
9327,30-39歲,男,無,陰性
9328,50-59歲,男,無,陰性
9329,30-39歲,男,二級,陽性
9330,50-59歲,男,二級,陽性
9331,40-49歲,男,無,陰性
9332,19歲以下,男,無,陰性
9333,50-59歲,男,二級,陽性
9334,30-39歲,男,二級,陽性
9335,30-39歲,男,無,陰性
9336,30-39歲,男,無,陰性
9337,50-59歲,男,無,陰性
9338,40-49歲,女,無,陰性
9339,19歲以下,男,無,陰性
9340,40-49歲,男,無,陰性
9341,50-59歲,男,二級,陽性
9342,40-49歲,男,無,陰性
9343,50-59歲,男,無,陰性
9344,40-49歲,男,無,陰性
9345,30-39歲,女,無,陰性
9346,30-39歲,男,無,陰性
9347,50-59歲,男,無,陰性
9348,30-39歲,男,無,陰性
9349,20-29歲,男,無,陰性
9350,50-59歲,男,無,陰性
9351,40-49歲,男,二級,陽性
9352,60歲以上,男,無,陰性
9353,30-39歲,女,無,陰性
9354,50-59歲,男,二級,陽性
9355,50-59歲,女,無,陰性
9356,50-59歲,男,二級,陽性
9357,20-29歲,男,無,陰性
9358,40-49歲,男,無,陰性
9359,40-49歲,男,無,陰性
9360,40-49歲,男,三級,陽性
9361,40-49歲,女,無,陰性
9362,60歲以上,女,無,陰性
9363,30-39歲,男,無,陰性
9364,40-49歲,男,二級,陽性
9365,50-59歲,男,無,陰性
9366,50-59歲,男,無,陰性
9367,20-29歲,男,無,陰性
9368,40-49歲,男,無,陰性
9369,20-29歲,男,無,陰性
9370,30-39歲,男,無,陰性
9371,30-39歲,男,無,陰性
9372,20-29歲,男,三級,陽性
9373,40-49歲,男,無,陰性
9374,30-39歲,男,無,陰性
9375,50-59歲,女,無,陰性
9376,40-49歲,男,無,陰性
9377,50-59歲,男,無,陰性
9378,50-59歲,男,無,陰性
9379,50-59歲,男,無,陰性
9380,40-49歲,男,二級,陽性
9381,40-49歲,男,二級,陽性
9382,30-39歲,男,二級,陽性
9383,50-59歲,男,一級,陽性
9384,40-49歲,男,無,陰性
9385,40-49歲,男,無,陰性
9386,40-49歲,男,無,陰性
9387,50-59歲,男,無,陰性
9388,40-49歲,男,無,陰性
9389,50-59歲,男,二級,陽性
9390,40-49歲,男,無,陰性
9391,30-39歲,男,無,陰性
9392,60歲以上,男,無,陰性
9393,40-49歲,女,無,陰性
9394,50-59歲,男,無,陰性
9395,40-49歲,男,無,陰性
9396,20-29歲,男,無,陰性
9397,30-39歲,女,無,陰性
9398,50-59歲,男,無,陰性
9399,50-59歲,男,無,陰性
9400,40-49歲,男,無,陰性
9401,40-49歲,男,無,陰性
9402,50-59歲,男,無,陰性
9403,40-49歲,男,二級,陽性
9404,60歲以上,女,二級,陽性
9405,40-49歲,男,無,陰性
9406,60歲以上,男,無,陰性
9407,40-49歲,男,二級,陽性
9408,60歲以上,男,無,陰性
9409,40-49歲,男,無,陰性
9410,40-49歲,男,無,陰性
9411,50-59歲,男,無,陰性
9412,30-39歲,男,無,陰性
9413,40-49歲,男,無,陰性
9414,20-29歲,男,無,陰性
9415,50-59歲,男,無,陰性
9416,40-49歲,男,二級,陽性
9417,40-49歲,女,無,陰性
9418,40-49歲,男,無,陰性
9419,19歲以下,男,無,陰性
9420,40-49歲,男,無,陰性
9421,30-39歲,男,無,陰性
9422,30-39歲,男,無,陰性
9423,20-29歲,男,無,陰性
9424,50-59歲,男,無,陰性
9425,40-49歲,男,無,陰性
9426,30-39歲,男,無,陰性
9427,40-49歲,男,無,陰性
9428,60歲以上,男,無,陰性
9429,40-49歲,男,無,陰性
9430,40-49歲,男,無,陰性
9431,20-29歲,男,無,陰性
9432,30-39歲,男,無,陰性
9433,30-39歲,男,無,陰性
9434,50-59歲,男,一級,陽性
9435,40-49歲,男,二級,陽性
9436,40-49歲,男,無,陰性
9437,60歲以上,男,無,陰性
9438,30-39歲,男,無,陰性
9439,30-39歲,男,無,陰性
9440,30-39歲,男,無,陰性
9441,40-49歲,女,無,陰性
9442,50-59歲,男,無,陰性
9443,60歲以上,男,無,陰性
9444,40-49歲,男,無,陰性
9445,50-59歲,男,無,陰性
9446,60歲以上,男,無,陰性
9447,60歲以上,男,無,陰性
9448,30-39歲,男,無,陰性
9449,40-49歲,女,無,陰性
9450,60歲以上,男,無,陰性
9451,40-49歲,男,無,陰性
9452,40-49歲,男,二級,陽性
9453,50-59歲,男,無,陰性
9454,50-59歲,男,無,陰性
9455,40-49歲,男,無,陰性
9456,60歲以上,男,無,陰性
9457,50-59歲,男,無,陰性
9458,20-29歲,男,二級,陽性
9459,60歲以上,男,二級,陽性
9460,20-29歲,女,無,陰性
9461,40-49歲,男,二級,陽性
9462,50-59歲,男,無,陰性
9463,50-59歲,男,無,陰性
9464,60歲以上,男,無,陰性
9465,30-39歲,男,無,陰性
9466,50-59歲,男,一級,陽性
9467,40-49歲,男,三級,陽性
9468,50-59歲,男,無,陰性
9469,20-29歲,男,無,陰性
9470,40-49歲,女,二級,陽性
9471,50-59歲,女,無,陰性
9472,40-49歲,男,無,陰性
9473,40-49歲,男,無,陰性
9474,40-49歲,男,無,陰性
9475,60歲以上,男,二級,陽性
9476,40-49歲,男,無,陰性
9477,50-59歲,男,無,陰性
9478,50-59歲,男,無,陰性
9479,40-49歲,男,二級,陽性
9480,50-59歲,男,無,陰性
9481,40-49歲,女,無,陰性
9482,40-49歲,女,無,陰性
9483,50-59歲,男,一級,陽性
9484,40-49歲,男,無,陰性
9485,50-59歲,男,二級,陽性
9486,40-49歲,男,無,陰性
9487,30-39歲,男,二級,陽性
9488,60歲以上,男,無,陰性
9489,40-49歲,女,無,陰性
9490,50-59歲,男,二級,陽性
9491,40-49歲,男,無,陰性
9492,40-49歲,男,二級,陽性
9493,50-59歲,男,無,陰性
9494,60歲以上,男,二級,陽性
9495,40-49歲,男,無,陰性
9496,40-49歲,男,無,陰性
9497,40-49歲,男,二級,陽性
9498,19歲以下,男,無,陰性
9499,30-39歲,男,無,陰性
9500,40-49歲,男,無,陰性
9501,40-49歲,男,二級,陽性
9502,50-59歲,女,三級,陽性
9503,50-59歲,男,無,陰性
9504,20-29歲,男,無,陰性
9505,40-49歲,男,無,陰性
9506,50-59歲,男,無,陰性
9507,50-59歲,男,二級,陽性
9508,50-59歲,男,無,陰性
9509,40-49歲,男,二級,陽性
9510,40-49歲,男,二級,陽性
9511,40-49歲,男,無,陰性
9512,40-49歲,女,無,陰性
9513,40-49歲,男,無,陰性
9514,50-59歲,男,三級,陽性
9515,30-39歲,男,無,陰性
9516,30-39歲,男,無,陰性
9517,30-39歲,男,一級,陽性
9518,50-59歲,女,無,陰性
9519,50-59歲,男,二級,陽性
9520,40-49歲,男,無,陰性
9521,50-59歲,女,無,陰性
9522,50-59歲,男,無,陰性
9523,19歲以下,男,無,陰性
9524,40-49歲,男,二級,陽性
9525,40-49歲,女,二級,陽性
9526,50-59歲,男,無,陰性
9527,50-59歲,女,無,陰性
9528,40-49歲,男,無,陰性
9529,50-59歲,男,一級,陽性
9530,40-49歲,女,二級,陽性
9531,60歲以上,男,無,陰性
9532,40-49歲,男,無,陰性
9533,50-59歲,男,無,陰性
9534,60歲以上,男,無,陰性
9535,30-39歲,男,無,陰性
9536,50-59歲,男,無,陰性
9537,50-59歲,男,無,陰性
9538,60歲以上,男,無,陰性
9539,50-59歲,男,無,陰性
9540,30-39歲,男,三級,陽性
9541,50-59歲,男,無,陰性
9542,19歲以下,男,二級,陽性
9543,20-29歲,男,二級,陽性
9544,40-49歲,女,無,陰性
9545,60歲以上,女,無,陰性
9546,50-59歲,男,無,陰性
9547,30-39歲,男,無,陰性
9548,50-59歲,男,無,陰性
9549,50-59歲,男,無,陰性
9550,50-59歲,男,無,陰性
9551,30-39歲,男,無,陰性
9552,20-29歲,女,無,陰性
9553,30-39歲,男,無,陰性
9554,19歲以下,男,無,陰性
9555,40-49歲,女,無,陰性
9556,30-39歲,男,二級,陽性
9557,30-39歲,男,無,陰性
9558,20-29歲,男,無,陰性
9559,50-59歲,男,無,陰性
9560,30-39歲,男,無,陰性
9561,40-49歲,男,二級,陽性
9562,19歲以下,男,無,陰性
9563,30-39歲,男,無,陰性
9564,30-39歲,男,無,陰性
9565,50-59歲,男,無,陰性
9566,40-49歲,男,無,陰性
9567,50-59歲,女,無,陰性
9568,50-59歲,男,二級,陽性
9569,20-29歲,男,無,陰性
9570,30-39歲,男,無,陰性
9571,30-39歲,男,無,陰性
9572,20-29歲,男,無,陰性
9573,40-49歲,男,無,陰性
9574,20-29歲,男,無,陰性
9575,60歲以上,女,無,陰性
9576,20-29歲,男,二級,陽性
9577,19歲以下,男,無,陰性
9578,60歲以上,男,無,陰性
9579,40-49歲,男,無,陰性
9580,50-59歲,女,一級,陽性
9581,50-59歲,男,無,陰性
9582,19歲以下,男,二級,陽性
9583,40-49歲,男,一級,陽性
9584,50-59歲,男,無,陰性
9585,50-59歲,男,無,陰性
9586,40-49歲,男,無,陰性
9587,30-39歲,男,二級,陽性
9588,50-59歲,女,無,陰性
9589,40-49歲,男,無,陰性
9590,30-39歲,男,無,陰性
9591,40-49歲,男,無,陰性
9592,40-49歲,男,無,陰性
9593,40-49歲,男,無,陰性
9594,20-29歲,男,無,陰性
9595,40-49歲,男,二級,陽性
9596,20-29歲,男,無,陰性
9597,50-59歲,男,無,陰性
9598,50-59歲,男,一級,陽性
9599,50-59歲,男,無,陰性
9600,20-29歲,男,無,陰性
9601,40-49歲,男,無,陰性
9602,50-59歲,男,無,陰性
9603,60歲以上,男,無,陰性
9604,50-59歲,女,無,陰性
9605,50-59歲,男,無,陰性
9606,50-59歲,男,無,陰性
9607,30-39歲,男,無,陰性
9608,50-59歲,男,無,陰性
9609,50-59歲,男,無,陰性
9610,50-59歲,男,無,陰性
9611,60歲以上,男,二級,陽性
9612,60歲以上,男,無,陰性
9613,40-49歲,男,二級,陽性
9614,40-49歲,男,無,陰性
9615,60歲以上,男,三級,陽性
9616,40-49歲,男,無,陰性
9617,50-59歲,男,無,陰性
9618,50-59歲,男,無,陰性
9619,50-59歲,女,無,陰性
9620,50-59歲,男,無,陰性
9621,50-59歲,男,無,陰性
9622,40-49歲,男,無,陰性
9623,19歲以下,男,無,陰性
9624,20-29歲,男,二級,陽性
9625,30-39歲,男,無,陰性
9626,50-59歲,女,無,陰性
9627,60歲以上,男,無,陰性
9628,40-49歲,男,二級,陽性
9629,40-49歲,男,二級,陽性
9630,40-49歲,男,無,陰性
9631,30-39歲,男,二級,陽性
9632,40-49歲,女,無,陰性
9633,50-59歲,男,無,陰性
9634,60歲以上,男,無,陰性
9635,40-49歲,女,二級,陽性
9636,20-29歲,男,二級,陽性
9637,40-49歲,男,無,陰性
9638,40-49歲,男,無,陰性
9639,50-59歲,男,無,陰性
9640,19歲以下,女,二級,陽性
9641,40-49歲,男,二級,陽性
9642,30-39歲,男,無,陰性
9643,50-59歲,男,二級,陽性
9644,50-59歲,男,無,陰性
9645,30-39歲,男,無,陰性
9646,40-49歲,男,無,陰性
9647,19歲以下,男,二級,陽性
9648,50-59歲,女,無,陰性
9649,40-49歲,男,二級,陽性
9650,50-59歲,男,無,陰性
9651,40-49歲,男,無,陰性
9652,50-59歲,男,二級,陽性
9653,40-49歲,男,無,陰性
9654,20-29歲,男,二級,陽性
9655,40-49歲,男,無,陰性
9656,30-39歲,男,無,陰性
9657,50-59歲,女,二級,陽性
9658,40-49歲,男,無,陰性
9659,40-49歲,男,無,陰性
9660,50-59歲,女,無,陰性
9661,30-39歲,男,無,陰性
9662,40-49歲,女,無,陰性
9663,40-49歲,男,三級,陽性
9664,50-59歲,男,無,陰性
9665,20-29歲,男,無,陰性
9666,20-29歲,男,無,陰性
9667,30-39歲,男,無,陰性
9668,30-39歲,男,無,陰性
9669,50-59歲,男,無,陰性
9670,19歲以下,男,無,陰性
9671,40-49歲,男,無,陰性
9672,50-59歲,男,無,陰性
9673,30-39歲,男,二級,陽性
9674,40-49歲,女,二級,陽性
9675,40-49歲,男,三級,陽性
9676,40-49歲,男,無,陰性
9677,50-59歲,男,無,陰性
9678,40-49歲,男,無,陰性
9679,50-59歲,男,無,陰性
9680,50-59歲,男,二級,陽性
9681,40-49歲,男,無,陰性
9682,60歲以上,男,無,陰性
9683,60歲以上,男,無,陰性
9684,50-59歲,男,二級,陽性
9685,30-39歲,男,二級,陽性
9686,50-59歲,男,無,陰性
9687,50-59歲,男,二級,陽性
9688,50-59歲,男,無,陰性
9689,40-49歲,男,三級,陽性
9690,20-29歲,男,無,陰性
9691,30-39歲,男,二級,陽性
9692,40-49歲,女,無,陰性
9693,60歲以上,男,無,陰性
9694,50-59歲,男,無,陰性
9695,40-49歲,男,無,陰性
9696,40-49歲,女,三級,陽性
9697,30-39歲,男,無,陰性
9698,50-59歲,男,二級,陽性
9699,60歲以上,男,二級,陽性
9700,50-59歲,男,無,陰性
9701,50-59歲,男,無,陰性
9702,50-59歲,男,無,陰性
9703,19歲以下,女,無,陰性
9704,30-39歲,男,二級,陽性
9705,50-59歲,女,無,陰性
9706,40-49歲,男,無,陰性
9707,50-59歲,男,無,陰性
9708,50-59歲,男,無,陰性
9709,20-29歲,男,無,陰性
9710,40-49歲,男,無,陰性
9711,30-39歲,男,無,陰性
9712,60歲以上,男,無,陰性
9713,50-59歲,男,無,陰性
9714,40-49歲,男,三級,陽性
9715,40-49歲,男,無,陰性
9716,60歲以上,男,二級,陽性
9717,20-29歲,男,無,陰性
9718,40-49歲,女,無,陰性
9719,50-59歲,男,無,陰性
9720,40-49歲,男,無,陰性
9721,50-59歲,男,二級,陽性
9722,40-49歲,女,二級,陽性
9723,50-59歲,男,二級,陽性
9724,50-59歲,男,二級,陽性
9725,50-59歲,男,無,陰性
9726,50-59歲,女,無,陰性
9727,20-29歲,男,無,陰性
9728,40-49歲,男,無,陰性
9729,60歲以上,男,一級,陽性
9730,40-49歲,女,無,陰性
9731,50-59歲,男,無,陰性
9732,20-29歲,男,無,陰性
9733,40-49歲,男,無,陰性
9734,40-49歲,男,二級,陽性
9735,40-49歲,男,無,陰性
9736,30-39歲,男,無,陰性
9737,30-39歲,男,無,陰性
9738,40-49歲,男,二級,陽性
9739,50-59歲,男,無,陰性
9740,30-39歲,女,無,陰性
9741,40-49歲,男,無,陰性
9742,60歲以上,男,無,陰性
9743,20-29歲,男,無,陰性
9744,40-49歲,男,二級,陽性
9745,50-59歲,女,三級,陽性
9746,30-39歲,男,無,陰性
9747,60歲以上,男,二級,陽性
9748,40-49歲,女,二級,陽性
9749,40-49歲,男,二級,陽性
9750,50-59歲,男,無,陰性
9751,30-39歲,男,無,陰性
9752,40-49歲,男,無,陰性
9753,40-49歲,男,無,陰性
9754,60歲以上,男,無,陰性
9755,30-39歲,男,無,陰性
9756,50-59歲,男,無,陰性
9757,40-49歲,女,無,陰性
9758,30-39歲,男,無,陰性
9759,50-59歲,女,二級,陽性
9760,40-49歲,男,無,陰性
9761,40-49歲,男,無,陰性
9762,30-39歲,男,無,陰性
9763,60歲以上,男,二級,陽性
9764,40-49歲,男,三級,陽性
9765,20-29歲,男,無,陰性
9766,40-49歲,男,無,陰性
9767,20-29歲,女,無,陰性
9768,30-39歲,男,二級,陽性
9769,40-49歲,男,無,陰性
9770,50-59歲,男,無,陰性
9771,40-49歲,男,無,陰性
9772,40-49歲,男,無,陰性
9773,60歲以上,男,無,陰性
9774,40-49歲,男,無,陰性
9775,20-29歲,男,無,陰性
9776,30-39歲,男,無,陰性
9777,60歲以上,男,三級,陽性
9778,40-49歲,女,無,陰性
9779,40-49歲,男,無,陰性
9780,40-49歲,男,無,陰性
9781,50-59歲,男,二級,陽性
9782,40-49歲,男,二級,陽性
9783,30-39歲,男,無,陰性
9784,40-49歲,男,無,陰性
9785,40-49歲,男,無,陰性
9786,50-59歲,男,二級,陽性
9787,50-59歲,女,二級,陽性
9788,20-29歲,男,無,陰性
9789,40-49歲,男,無,陰性
9790,50-59歲,男,無,陰性
9791,40-49歲,男,無,陰性
9792,60歲以上,男,無,陰性
9793,40-49歲,男,無,陰性
9794,40-49歲,男,無,陰性
9795,50-59歲,女,無,陰性
9796,30-39歲,男,二級,陽性
9797,30-39歲,男,無,陰性
9798,60歲以上,男,無,陰性
9799,60歲以上,男,無,陰性
9800,60歲以上,男,無,陰性
9801,40-49歲,男,無,陰性
9802,40-49歲,男,無,陰性
9803,60歲以上,男,無,陰性
9804,40-49歲,男,無,陰性
9805,20-29歲,男,二級,陽性
9806,60歲以上,男,無,陰性
9807,40-49歲,男,無,陰性
9808,20-29歲,男,二級,陽性
9809,20-29歲,男,無,陰性
9810,40-49歲,男,無,陰性
9811,30-39歲,男,二級,陽性
9812,40-49歲,男,無,陰性
9813,60歲以上,男,無,陰性
9814,30-39歲,男,無,陰性
9815,30-39歲,男,一級,陽性
9816,30-39歲,男,無,陰性
9817,40-49歲,男,無,陰性
9818,40-49歲,男,無,陰性
9819,60歲以上,男,無,陰性
9820,30-39歲,男,無,陰性
9821,50-59歲,男,無,陰性
9822,60歲以上,男,無,陰性
9823,30-39歲,男,無,陰性
9824,40-49歲,男,無,陰性
9825,40-49歲,男,無,陰性
9826,30-39歲,男,無,陰性
9827,50-59歲,男,二級,陽性
9828,20-29歲,女,二級,陽性
9829,20-29歲,女,無,陰性
9830,40-49歲,男,二級,陽性
9831,60歲以上,男,二級,陽性
9832,60歲以上,男,三級,陽性
9833,60歲以上,男,二級,陽性
9834,50-59歲,男,無,陰性
9835,60歲以上,男,二級,陽性
9836,40-49歲,女,無,陰性
9837,50-59歲,男,三級,陽性
9838,40-49歲,女,無,陰性
9839,50-59歲,男,無,陰性
9840,50-59歲,女,二級,陽性
9841,60歲以上,男,無,陰性
9842,50-59歲,男,一級,陽性
9843,50-59歲,男,無,陰性
9844,40-49歲,女,無,陰性
9845,20-29歲,男,無,陰性
9846,60歲以上,男,無,陰性
9847,50-59歲,男,二級,陽性
9848,30-39歲,男,無,陰性
9849,20-29歲,男,無,陰性
9850,40-49歲,女,無,陰性
9851,40-49歲,男,無,陰性
9852,30-39歲,男,二級,陽性
9853,60歲以上,男,二級,陽性
9854,20-29歲,男,無,陰性
9855,50-59歲,男,無,陰性
9856,40-49歲,男,無,陰性
9857,40-49歲,女,無,陰性
9858,40-49歲,男,無,陰性
9859,50-59歲,男,無,陰性
9860,50-59歲,女,無,陰性
9861,60歲以上,男,無,陰性
9862,20-29歲,男,無,陰性
9863,60歲以上,男,二級,陽性
9864,20-29歲,男,無,陰性
9865,50-59歲,男,無,陰性
9866,50-59歲,女,無,陰性
9867,50-59歲,女,無,陰性
9868,20-29歲,男,無,陰性
9869,40-49歲,女,無,陰性
9870,40-49歲,男,二級,陽性
9871,20-29歲,男,無,陰性
9872,20-29歲,男,三級,陽性
9873,50-59歲,男,三級,陽性
9874,50-59歲,男,無,陰性
9875,50-59歲,男,無,陰性
9876,40-49歲,男,二級,陽性
9877,50-59歲,男,無,陰性
9878,50-59歲,男,二級,陽性
9879,50-59歲,男,無,陰性
9880,40-49歲,男,無,陰性
9881,40-49歲,男,無,陰性
9882,30-39歲,女,無,陰性
9883,30-39歲,男,二級,陽性
9884,40-49歲,男,無,陰性
9885,50-59歲,男,無,陰性
9886,40-49歲,女,無,陰性
9887,40-49歲,女,無,陰性
9888,40-49歲,男,無,陰性
9889,60歲以上,女,無,陰性
9890,50-59歲,女,無,陰性
9891,50-59歲,男,無,陰性
9892,50-59歲,男,二級,陽性
9893,50-59歲,女,無,陰性
9894,50-59歲,男,無,陰性
9895,40-49歲,男,無,陰性
9896,60歲以上,男,無,陰性
9897,40-49歲,男,三級,陽性
9898,40-49歲,男,無,陰性
9899,30-39歲,男,無,陰性
9900,40-49歲,男,二級,陽性
9901,20-29歲,男,無,陰性
9902,20-29歲,男,無,陰性
9903,40-49歲,女,無,陰性
9904,40-49歲,男,無,陰性
9905,40-49歲,男,無,陰性
9906,40-49歲,女,無,陰性
9907,30-39歲,男,二級,陽性
9908,30-39歲,男,無,陰性
9909,50-59歲,男,無,陰性
9910,40-49歲,男,一級,陽性
9911,60歲以上,男,無,陰性
9912,50-59歲,女,無,陰性
9913,19歲以下,男,無,陰性
9914,40-49歲,男,二級,陽性
9915,40-49歲,男,無,陰性
9916,50-59歲,男,無,陰性
9917,30-39歲,女,無,陰性
9918,40-49歲,男,無,陰性
9919,40-49歲,男,無,陰性
9920,40-49歲,女,無,陰性
9921,30-39歲,男,無,陰性
9922,40-49歲,男,無,陰性
9923,40-49歲,男,無,陰性
9924,50-59歲,男,無,陰性
9925,30-39歲,男,無,陰性
9926,40-49歲,男,無,陰性
9927,30-39歲,男,無,陰性
9928,50-59歲,男,無,陰性
9929,50-59歲,男,三級,陽性
9930,50-59歲,男,無,陰性
9931,20-29歲,男,無,陰性
9932,50-59歲,男,無,陰性
9933,50-59歲,男,無,陰性
9934,30-39歲,女,無,陰性
9935,50-59歲,男,無,陰性
9936,60歲以上,男,二級,陽性
9937,20-29歲,男,無,陰性
9938,40-49歲,男,一級,陽性
9939,40-49歲,男,無,陰性
9940,60歲以上,男,無,陰性
9941,50-59歲,男,無,陰性
9942,40-49歲,男,無,陰性
9943,60歲以上,女,無,陰性
9944,40-49歲,女,三級,陽性
9945,30-39歲,男,無,陰性
9946,40-49歲,男,無,陰性
9947,40-49歲,男,無,陰性
9948,20-29歲,男,二級,陽性
9949,20-29歲,男,二級,陽性
9950,60歲以上,男,無,陰性
9951,40-49歲,男,無,陰性
9952,60歲以上,男,無,陰性
9953,30-39歲,男,無,陰性
9954,40-49歲,男,無,陰性
9955,50-59歲,男,無,陰性
9956,50-59歲,男,無,陰性
9957,40-49歲,女,無,陰性
9958,50-59歲,男,無,陰性
9959,20-29歲,男,二級,陽性
9960,19歲以下,男,無,陰性
9961,30-39歲,男,無,陰性
9962,60歲以上,男,無,陰性
9963,40-49歲,男,無,陰性
9964,60歲以上,女,無,陰性
9965,50-59歲,男,無,陰性
9966,60歲以上,男,二級,陽性
9967,19歲以下,男,二級,陽性
9968,40-49歲,男,無,陰性
9969,50-59歲,女,無,陰性
9970,40-49歲,男,無,陰性
9971,30-39歲,男,無,陰性
9972,40-49歲,男,無,陰性
9973,40-49歲,女,無,陰性
9974,30-39歲,男,無,陰性
9975,20-29歲,男,二級,陽性
9976,50-59歲,男,無,陰性
9977,40-49歲,男,無,陰性
9978,40-49歲,男,無,陰性
9979,60歲以上,男,無,陰性
9980,40-49歲,男,無,陰性
9981,40-49歲,男,無,陰性
9982,50-59歲,男,無,陰性
9983,50-59歲,男,無,陰性
9984,40-49歲,女,三級,陽性
9985,40-49歲,女,無,陰性
9986,30-39歲,男,無,陰性
9987,60歲以上,男,無,陰性
9988,40-49歲,男,無,陰性
9989,20-29歲,男,無,陰性
9990,40-49歲,男,無,陰性
9991,50-59歲,男,無,陰性
9992,50-59歲,男,無,陰性
9993,40-49歲,女,二級,陽性
9994,40-49歲,男,二級,陽性
9995,60歲以上,男,二級,陽性
9996,50-59歲,男,無,陰性
9997,40-49歲,男,三級,陽性
9998,40-49歲,男,無,陰性
9999,50-59歲,女,無,陰性
10000,60歲以上,男,無,陰性
10001,40-49歲,男,無,陰性
10002,30-39歲,男,無,陰性
10003,50-59歲,男,無,陰性
10004,20-29歲,男,無,陰性
10005,50-59歲,男,無,陰性
10006,40-49歲,男,三級,陽性
10007,40-49歲,女,無,陰性
10008,30-39歲,男,無,陰性
10009,40-49歲,女,無,陰性
10010,50-59歲,男,二級,陽性
10011,20-29歲,男,無,陰性
10012,19歲以下,男,二級,陽性
10013,60歲以上,男,無,陰性
10014,50-59歲,男,無,陰性
10015,50-59歲,男,無,陰性
10016,19歲以下,女,無,陰性
10017,50-59歲,男,無,陰性
10018,40-49歲,男,二級,陽性
10019,40-49歲,女,無,陰性
10020,40-49歲,男,無,陰性
10021,50-59歲,男,無,陰性
10022,40-49歲,男,二級,陽性
10023,20-29歲,女,無,陰性
10024,60歲以上,男,無,陰性
10025,30-39歲,男,二級,陽性
10026,40-49歲,女,無,陰性
10027,30-39歲,男,無,陰性
10028,60歲以上,男,無,陰性
10029,20-29歲,男,無,陰性
10030,50-59歲,男,無,陰性
10031,50-59歲,男,無,陰性
10032,40-49歲,男,三級,陽性
10033,50-59歲,男,無,陰性
10034,50-59歲,男,無,陰性
10035,40-49歲,男,無,陰性
10036,50-59歲,男,無,陰性
10037,20-29歲,男,無,陰性
10038,30-39歲,男,無,陰性
10039,50-59歲,男,無,陰性
10040,40-49歲,男,無,陰性
10041,50-59歲,男,無,陰性
10042,40-49歲,男,無,陰性
10043,50-59歲,男,無,陰性
10044,40-49歲,男,無,陰性
10045,40-49歲,男,無,陰性
10046,40-49歲,男,二級,陽性
10047,50-59歲,男,無,陰性
10048,50-59歲,女,無,陰性
10049,20-29歲,男,無,陰性
10050,30-39歲,男,三級,陽性
10051,50-59歲,女,無,陰性
10052,50-59歲,女,無,陰性
10053,30-39歲,男,二級,陽性
10054,40-49歲,男,無,陰性
10055,50-59歲,男,無,陰性
10056,40-49歲,男,無,陰性
10057,60歲以上,男,二級,陽性
10058,50-59歲,男,一級,陽性
10059,30-39歲,男,二級,陽性
10060,50-59歲,男,無,陰性
10061,50-59歲,男,無,陰性
10062,20-29歲,女,二級,陽性
10063,60歲以上,男,無,陰性
10064,40-49歲,男,無,陰性
10065,40-49歲,男,無,陰性
10066,40-49歲,男,無,陰性
10067,50-59歲,男,二級,陽性
10068,30-39歲,男,無,陰性
10069,50-59歲,男,無,陰性
10070,40-49歲,女,無,陰性
10071,50-59歲,男,無,陰性
10072,40-49歲,男,二級,陽性
10073,30-39歲,男,無,陰性
10074,40-49歲,男,無,陰性
10075,20-29歲,男,無,陰性
10076,20-29歲,男,無,陰性
10077,30-39歲,男,無,陰性
10078,60歲以上,男,無,陰性
10079,30-39歲,女,無,陰性
10080,20-29歲,男,無,陰性
10081,40-49歲,男,無,陰性
10082,40-49歲,男,無,陰性
10083,50-59歲,男,無,陰性
10084,30-39歲,男,二級,陽性
10085,50-59歲,男,無,陰性
10086,30-39歲,女,二級,陽性
10087,50-59歲,男,二級,陽性
10088,40-49歲,男,無,陰性
10089,50-59歲,男,無,陰性
10090,40-49歲,男,無,陰性
10091,50-59歲,男,無,陰性
10092,50-59歲,男,二級,陽性
10093,30-39歲,男,無,陰性
10094,20-29歲,男,無,陰性
10095,60歲以上,男,二級,陽性
10096,50-59歲,女,無,陰性
10097,50-59歲,男,二級,陽性
10098,19歲以下,女,無,陰性
10099,30-39歲,男,無,陰性
10100,40-49歲,男,二級,陽性
10101,20-29歲,男,無,陰性
10102,50-59歲,男,無,陰性
10103,20-29歲,男,二級,陽性
10104,40-49歲,男,無,陰性
10105,60歲以上,男,二級,陽性
10106,50-59歲,男,無,陰性
10107,60歲以上,男,二級,陽性
10108,40-49歲,女,無,陰性
10109,40-49歲,男,無,陰性
10110,30-39歲,男,無,陰性
10111,20-29歲,女,無,陰性
10112,40-49歲,男,三級,陽性
10113,50-59歲,女,無,陰性
10114,50-59歲,男,無,陰性
10115,50-59歲,男,無,陰性
10116,40-49歲,男,三級,陽性
10117,40-49歲,男,二級,陽性
10118,40-49歲,女,無,陰性
10119,40-49歲,男,無,陰性
10120,40-49歲,女,無,陰性
10121,60歲以上,男,無,陰性
10122,50-59歲,男,二級,陽性
10123,50-59歲,男,三級,陽性
10124,50-59歲,男,無,陰性
10125,60歲以上,男,無,陰性
10126,60歲以上,男,無,陰性
10127,40-49歲,男,三級,陽性
10128,40-49歲,男,無,陰性
10129,40-49歲,男,無,陰性
10130,40-49歲,男,無,陰性
10131,40-49歲,男,無,陰性
10132,50-59歲,男,二級,陽性
10133,20-29歲,男,無,陰性
10134,40-49歲,女,無,陰性
10135,20-29歲,男,無,陰性
10136,50-59歲,男,無,陰性
10137,19歲以下,男,三級,陽性
10138,60歲以上,女,無,陰性
10139,50-59歲,男,無,陰性
10140,40-49歲,男,二級,陽性
10141,50-59歲,男,無,陰性
10142,40-49歲,男,無,陰性
10143,50-59歲,男,無,陰性
10144,40-49歲,男,無,陰性
10145,40-49歲,男,二級,陽性
10146,60歲以上,男,無,陰性
10147,40-49歲,男,三級,陽性
10148,50-59歲,女,無,陰性
10149,50-59歲,男,無,陰性
10150,50-59歲,男,無,陰性
10151,19歲以下,女,無,陰性
10152,50-59歲,男,無,陰性
10153,30-39歲,男,無,陰性
10154,20-29歲,男,無,陰性
10155,40-49歲,男,無,陰性
10156,50-59歲,男,無,陰性
10157,40-49歲,女,一級,陽性
10158,40-49歲,女,無,陰性
10159,50-59歲,女,無,陰性
10160,40-49歲,男,無,陰性
10161,40-49歲,女,二級,陽性
10162,50-59歲,男,無,陰性
10163,40-49歲,男,無,陰性
10164,40-49歲,男,無,陰性
10165,30-39歲,女,無,陰性
10166,60歲以上,男,無,陰性
10167,50-59歲,男,二級,陽性
10168,30-39歲,男,無,陰性
10169,40-49歲,男,無,陰性
10170,30-39歲,男,無,陰性
10171,40-49歲,男,無,陰性
10172,40-49歲,男,無,陰性
10173,40-49歲,男,無,陰性
10174,20-29歲,男,二級,陽性
10175,20-29歲,男,二級,陽性
10176,40-49歲,男,無,陰性
10177,60歲以上,男,無,陰性
10178,60歲以上,男,無,陰性
10179,40-49歲,男,無,陰性
10180,30-39歲,男,無,陰性
10181,30-39歲,男,二級,陽性
10182,40-49歲,女,無,陰性
10183,50-59歲,男,無,陰性
10184,60歲以上,男,無,陰性
10185,50-59歲,男,無,陰性
10186,50-59歲,男,二級,陽性
10187,60歲以上,女,無,陰性
10188,60歲以上,女,二級,陽性
10189,50-59歲,男,無,陰性
10190,50-59歲,男,無,陰性
10191,50-59歲,男,無,陰性
10192,20-29歲,女,無,陰性
10193,60歲以上,男,無,陰性
10194,40-49歲,男,無,陰性
10195,50-59歲,男,無,陰性
10196,40-49歲,男,無,陰性
10197,30-39歲,男,二級,陽性
10198,50-59歲,男,無,陰性
10199,19歲以下,男,無,陰性
10200,30-39歲,男,無,陰性
10201,20-29歲,男,二級,陽性
10202,30-39歲,男,無,陰性
10203,40-49歲,男,無,陰性
10204,30-39歲,男,無,陰性
10205,20-29歲,男,無,陰性
10206,40-49歲,女,無,陰性
10207,40-49歲,男,無,陰性
10208,19歲以下,男,無,陰性
10209,40-49歲,男,無,陰性
10210,50-59歲,女,無,陰性
10211,40-49歲,女,一級,陽性
10212,60歲以上,女,二級,陽性
10213,30-39歲,男,三級,陽性
10214,40-49歲,男,無,陰性
10215,40-49歲,男,無,陰性
10216,40-49歲,男,二級,陽性
10217,40-49歲,男,三級,陽性
10218,40-49歲,男,三級,陽性
10219,40-49歲,男,無,陰性
10220,50-59歲,男,無,陰性
10221,50-59歲,男,無,陰性
10222,40-49歲,男,無,陰性
10223,20-29歲,男,無,陰性
10224,40-49歲,男,無,陰性
10225,50-59歲,女,二級,陽性
10226,20-29歲,女,無,陰性
10227,40-49歲,男,無,陰性
10228,50-59歲,男,二級,陽性
10229,40-49歲,男,無,陰性
10230,50-59歲,男,無,陰性
10231,40-49歲,男,無,陰性
10232,30-39歲,男,無,陰性
10233,40-49歲,女,無,陰性
10234,30-39歲,男,二級,陽性
10235,40-49歲,女,二級,陽性
10236,60歲以上,男,無,陰性
10237,40-49歲,男,三級,陽性
10238,40-49歲,男,無,陰性
10239,40-49歲,男,無,陰性
10240,40-49歲,男,無,陰性
10241,40-49歲,男,無,陰性
10242,30-39歲,男,二級,陽性
10243,60歲以上,男,無,陰性
10244,50-59歲,男,二級,陽性
10245,50-59歲,男,無,陰性
10246,50-59歲,女,無,陰性
10247,40-49歲,男,無,陰性
10248,50-59歲,女,無,陰性
10249,20-29歲,女,一級,陽性
10250,40-49歲,男,無,陰性
10251,40-49歲,男,無,陰性
10252,40-49歲,女,無,陰性
10253,20-29歲,男,無,陰性
10254,50-59歲,女,無,陰性
10255,40-49歲,男,三級,陽性
10256,40-49歲,男,無,陰性
10257,40-49歲,男,無,陰性
10258,30-39歲,男,二級,陽性
10259,60歲以上,男,無,陰性
10260,60歲以上,男,無,陰性
10261,20-29歲,男,二級,陽性
10262,40-49歲,男,三級,陽性
10263,40-49歲,男,無,陰性
10264,40-49歲,男,無,陰性
10265,50-59歲,男,無,陰性
10266,20-29歲,男,二級,陽性
10267,30-39歲,男,無,陰性
10268,30-39歲,男,無,陰性
10269,50-59歲,女,無,陰性
10270,40-49歲,女,無,陰性
10271,60歲以上,男,二級,陽性
10272,50-59歲,男,無,陰性
10273,50-59歲,男,二級,陽性
10274,50-59歲,男,無,陰性
10275,50-59歲,男,無,陰性
10276,60歲以上,男,無,陰性
10277,60歲以上,男,無,陰性
10278,40-49歲,男,無,陰性
10279,40-49歲,男,無,陰性
10280,40-49歲,男,無,陰性
10281,50-59歲,男,二級,陽性
10282,40-49歲,男,無,陰性
10283,19歲以下,男,二級,陽性
10284,50-59歲,男,無,陰性
10285,50-59歲,男,無,陰性
10286,40-49歲,男,無,陰性
10287,60歲以上,男,無,陰性
10288,50-59歲,男,二級,陽性
10289,30-39歲,男,無,陰性
10290,40-49歲,男,無,陰性
10291,40-49歲,男,無,陰性
10292,30-39歲,男,二級,陽性
10293,40-49歲,女,二級,陽性
10294,30-39歲,男,無,陰性
10295,20-29歲,男,無,陰性
10296,40-49歲,男,無,陰性
10297,50-59歲,男,二級,陽性
10298,50-59歲,男,無,陰性
10299,50-59歲,男,無,陰性
10300,20-29歲,男,無,陰性
10301,30-39歲,男,無,陰性
10302,40-49歲,男,無,陰性
10303,50-59歲,男,無,陰性
10304,40-49歲,男,無,陰性
10305,20-29歲,男,二級,陽性
10306,40-49歲,男,無,陰性
10307,50-59歲,男,無,陰性
10308,20-29歲,男,二級,陽性
10309,50-59歲,男,無,陰性
10310,40-49歲,男,無,陰性
10311,60歲以上,男,無,陰性
10312,40-49歲,女,無,陰性
10313,30-39歲,男,無,陰性
10314,30-39歲,男,二級,陽性
10315,60歲以上,男,無,陰性
10316,40-49歲,男,無,陰性
10317,50-59歲,女,無,陰性
10318,40-49歲,男,無,陰性
10319,40-49歲,男,無,陰性
10320,50-59歲,男,無,陰性
10321,50-59歲,女,無,陰性
10322,60歲以上,男,無,陰性
10323,60歲以上,男,無,陰性
10324,50-59歲,女,無,陰性
10325,40-49歲,女,無,陰性
10326,60歲以上,男,無,陰性
10327,40-49歲,男,無,陰性
10328,60歲以上,女,無,陰性
10329,40-49歲,男,無,陰性
10330,50-59歲,男,無,陰性
10331,20-29歲,男,無,陰性
10332,20-29歲,女,無,陰性
10333,60歲以上,男,無,陰性
10334,30-39歲,男,二級,陽性
10335,20-29歲,男,無,陰性
10336,40-49歲,男,一級,陽性
10337,40-49歲,男,無,陰性
10338,30-39歲,女,無,陰性
10339,50-59歲,男,無,陰性
10340,40-49歲,男,無,陰性
10341,40-49歲,女,無,陰性
10342,40-49歲,女,無,陰性
10343,40-49歲,男,無,陰性
10344,60歲以上,男,無,陰性
10345,50-59歲,男,無,陰性
10346,30-39歲,女,無,陰性
10347,60歲以上,男,無,陰性
10348,50-59歲,女,無,陰性
10349,40-49歲,男,無,陰性
10350,50-59歲,男,無,陰性
10351,60歲以上,男,無,陰性
10352,50-59歲,男,無,陰性
10353,30-39歲,男,無,陰性
10354,50-59歲,男,無,陰性
10355,50-59歲,男,無,陰性
10356,50-59歲,男,無,陰性
10357,30-39歲,男,二級,陽性
10358,40-49歲,女,無,陰性
10359,60歲以上,男,無,陰性
10360,30-39歲,男,無,陰性
10361,50-59歲,男,無,陰性
10362,50-59歲,男,二級,陽性
10363,40-49歲,男,二級,陽性
10364,30-39歲,男,二級,陽性
10365,40-49歲,男,無,陰性
10366,19歲以下,男,無,陰性
10367,20-29歲,男,無,陰性
10368,50-59歲,男,二級,陽性
10369,50-59歲,男,無,陰性
10370,50-59歲,男,無,陰性
10371,60歲以上,男,無,陰性
10372,40-49歲,女,無,陰性
10373,40-49歲,男,二級,陽性
10374,60歲以上,女,無,陰性
10375,40-49歲,男,無,陰性
10376,40-49歲,男,無,陰性
10377,40-49歲,男,無,陰性
10378,40-49歲,男,無,陰性
10379,30-39歲,男,無,陰性
10380,20-29歲,男,無,陰性
10381,30-39歲,男,無,陰性
10382,40-49歲,男,無,陰性
10383,50-59歲,男,無,陰性
10384,50-59歲,男,無,陰性
10385,30-39歲,男,二級,陽性
10386,40-49歲,男,無,陰性
10387,60歲以上,男,二級,陽性
10388,40-49歲,男,無,陰性
10389,20-29歲,男,無,陰性
10390,40-49歲,男,無,陰性
10391,40-49歲,男,無,陰性
10392,40-49歲,男,二級,陽性
10393,50-59歲,男,無,陰性
10394,60歲以上,男,無,陰性
10395,40-49歲,男,三級,陽性
10396,30-39歲,男,無,陰性
10397,40-49歲,男,一級,陽性
10398,40-49歲,男,無,陰性
10399,30-39歲,女,二級,陽性
10400,50-59歲,男,無,陰性
10401,60歲以上,男,無,陰性
10402,40-49歲,男,無,陰性
10403,60歲以上,女,無,陰性
10404,60歲以上,男,二級,陽性
10405,60歲以上,男,無,陰性
10406,40-49歲,男,無,陰性
10407,30-39歲,女,無,陰性
10408,30-39歲,男,三級,陽性
10409,30-39歲,男,三級,陽性
10410,30-39歲,男,無,陰性
10411,30-39歲,男,無,陰性
10412,20-29歲,男,無,陰性
10413,50-59歲,男,一級,陽性
10414,40-49歲,男,無,陰性
10415,60歲以上,男,無,陰性
10416,50-59歲,男,二級,陽性
10417,60歲以上,女,無,陰性
10418,20-29歲,男,無,陰性
10419,40-49歲,男,無,陰性
10420,20-29歲,男,無,陰性
10421,60歲以上,男,無,陰性
10422,40-49歲,男,二級,陽性
10423,40-49歲,男,無,陰性
10424,50-59歲,男,無,陰性
10425,60歲以上,男,無,陰性
10426,50-59歲,男,無,陰性
10427,50-59歲,男,二級,陽性
10428,60歲以上,男,無,陰性
10429,40-49歲,男,無,陰性
10430,60歲以上,女,二級,陽性
10431,20-29歲,男,無,陰性
10432,40-49歲,男,無,陰性
10433,40-49歲,男,無,陰性
10434,30-39歲,女,三級,陽性
10435,50-59歲,男,無,陰性
10436,20-29歲,男,無,陰性
10437,50-59歲,男,無,陰性
10438,30-39歲,男,無,陰性
10439,20-29歲,男,二級,陽性
10440,40-49歲,男,無,陰性
10441,40-49歲,男,無,陰性
10442,50-59歲,男,無,陰性
10443,40-49歲,男,二級,陽性
10444,40-49歲,男,一級,陽性
10445,40-49歲,男,無,陰性
10446,60歲以上,女,無,陰性
10447,60歲以上,男,無,陰性
10448,20-29歲,男,無,陰性
10449,30-39歲,女,無,陰性
10450,50-59歲,男,無,陰性
10451,50-59歲,女,無,陰性
10452,30-39歲,男,二級,陽性
10453,30-39歲,男,無,陰性
10454,20-29歲,男,二級,陽性
10455,30-39歲,男,無,陰性
10456,30-39歲,女,無,陰性
10457,30-39歲,男,無,陰性
10458,40-49歲,男,二級,陽性
10459,40-49歲,男,二級,陽性
10460,50-59歲,男,二級,陽性
10461,50-59歲,女,無,陰性
10462,30-39歲,男,無,陰性
10463,50-59歲,男,無,陰性
10464,40-49歲,男,二級,陽性
10465,40-49歲,男,無,陰性
10466,30-39歲,女,三級,陽性
10467,40-49歲,男,無,陰性
10468,40-49歲,男,無,陰性
10469,40-49歲,男,二級,陽性
10470,40-49歲,男,無,陰性
10471,40-49歲,女,無,陰性
10472,20-29歲,女,無,陰性
10473,50-59歲,男,無,陰性
10474,50-59歲,女,無,陰性
10475,30-39歲,女,無,陰性
10476,50-59歲,女,一級,陽性
10477,50-59歲,男,無,陰性
10478,40-49歲,男,三級,陽性
10479,30-39歲,男,二級,陽性
10480,19歲以下,男,二級,陽性
10481,40-49歲,男,無,陰性
10482,60歲以上,男,無,陰性
10483,60歲以上,男,無,陰性
10484,50-59歲,男,二級,陽性
10485,20-29歲,男,無,陰性
10486,50-59歲,男,無,陰性
10487,40-49歲,男,二級,陽性
10488,30-39歲,男,無,陰性
10489,40-49歲,男,無,陰性
10490,40-49歲,男,無,陰性
10491,50-59歲,男,無,陰性
10492,30-39歲,女,二級,陽性
10493,40-49歲,男,二級,陽性
10494,40-49歲,男,無,陰性
10495,50-59歲,女,無,陰性
10496,30-39歲,男,無,陰性
10497,40-49歲,男,無,陰性
10498,30-39歲,男,一級,陽性
10499,20-29歲,男,二級,陽性
10500,20-29歲,男,無,陰性
10501,40-49歲,男,無,陰性
10502,40-49歲,男,無,陰性
10503,40-49歲,男,無,陰性
10504,50-59歲,女,無,陰性
10505,50-59歲,女,無,陰性
10506,40-49歲,女,無,陰性
10507,20-29歲,男,二級,陽性
10508,30-39歲,男,無,陰性
10509,40-49歲,男,無,陰性
10510,50-59歲,男,無,陰性
10511,50-59歲,男,無,陰性
10512,40-49歲,男,無,陰性
10513,40-49歲,男,一級,陽性
10514,40-49歲,男,無,陰性
10515,60歲以上,女,無,陰性
10516,40-49歲,男,二級,陽性
10517,40-49歲,男,無,陰性
10518,20-29歲,男,無,陰性
10519,40-49歲,男,無,陰性
10520,40-49歲,男,無,陰性
10521,60歲以上,男,無,陰性
10522,60歲以上,男,一級,陽性
10523,40-49歲,男,無,陰性
10524,40-49歲,男,無,陰性
10525,20-29歲,女,無,陰性
10526,40-49歲,男,三級,陽性
10527,40-49歲,男,無,陰性
10528,50-59歲,男,無,陰性
10529,40-49歲,女,無,陰性
10530,60歲以上,男,無,陰性
10531,40-49歲,男,無,陰性
10532,50-59歲,男,無,陰性
10533,30-39歲,男,二級,陽性
10534,60歲以上,男,無,陰性
10535,50-59歲,男,無,陰性
10536,40-49歲,男,無,陰性
10537,50-59歲,男,無,陰性
10538,20-29歲,男,無,陰性
10539,30-39歲,男,無,陰性
10540,20-29歲,男,無,陰性
10541,40-49歲,男,無,陰性
10542,30-39歲,男,無,陰性
10543,40-49歲,男,無,陰性
10544,60歲以上,男,無,陰性
10545,50-59歲,男,二級,陽性
10546,40-49歲,男,無,陰性
10547,50-59歲,男,二級,陽性
10548,50-59歲,男,無,陰性
10549,50-59歲,男,無,陰性
10550,40-49歲,男,無,陰性
10551,50-59歲,女,無,陰性
10552,40-49歲,男,無,陰性
10553,20-29歲,男,無,陰性
10554,40-49歲,男,三級,陽性
10555,30-39歲,女,無,陰性
10556,40-49歲,男,無,陰性
10557,60歲以上,男,二級,陽性
10558,50-59歲,女,二級,陽性
10559,40-49歲,男,二級,陽性
10560,50-59歲,男,二級,陽性
10561,40-49歲,男,無,陰性
10562,50-59歲,男,無,陰性
10563,19歲以下,男,無,陰性
10564,50-59歲,男,無,陰性
10565,50-59歲,男,二級,陽性
10566,50-59歲,男,無,陰性
10567,20-29歲,男,二級,陽性
10568,50-59歲,男,無,陰性
10569,60歲以上,男,無,陰性
10570,40-49歲,男,無,陰性
10571,40-49歲,男,二級,陽性
10572,50-59歲,男,無,陰性
10573,60歲以上,男,無,陰性
10574,50-59歲,男,無,陰性
10575,40-49歲,女,無,陰性
10576,40-49歲,男,無,陰性
10577,60歲以上,男,二級,陽性
10578,60歲以上,男,無,陰性
10579,60歲以上,男,無,陰性
10580,40-49歲,女,二級,陽性
10581,40-49歲,男,無,陰性
10582,50-59歲,男,無,陰性
10583,40-49歲,女,無,陰性
10584,60歲以上,男,二級,陽性
10585,40-49歲,男,無,陰性
10586,30-39歲,男,無,陰性
10587,40-49歲,男,無,陰性
10588,50-59歲,男,無,陰性
10589,40-49歲,男,無,陰性
10590,30-39歲,男,無,陰性
10591,40-49歲,男,無,陰性
10592,60歲以上,男,無,陰性
10593,30-39歲,男,無,陰性
10594,50-59歲,女,二級,陽性
10595,50-59歲,女,無,陰性
10596,50-59歲,男,無,陰性
10597,40-49歲,男,無,陰性
10598,50-59歲,女,無,陰性
10599,40-49歲,男,無,陰性
10600,40-49歲,男,無,陰性
10601,40-49歲,男,二級,陽性
10602,20-29歲,男,二級,陽性
10603,50-59歲,男,無,陰性
10604,40-49歲,女,無,陰性
10605,20-29歲,男,無,陰性
10606,40-49歲,男,二級,陽性
10607,30-39歲,女,二級,陽性
10608,50-59歲,男,無,陰性
10609,30-39歲,女,無,陰性
10610,20-29歲,男,無,陰性
10611,40-49歲,男,無,陰性
10612,30-39歲,女,無,陰性
10613,40-49歲,女,無,陰性
10614,30-39歲,女,二級,陽性
10615,50-59歲,女,無,陰性
10616,40-49歲,男,無,陰性
10617,60歲以上,男,無,陰性
10618,50-59歲,男,無,陰性
10619,50-59歲,男,二級,陽性
10620,50-59歲,男,無,陰性
10621,40-49歲,男,無,陰性
10622,50-59歲,男,二級,陽性
10623,50-59歲,男,二級,陽性
10624,30-39歲,男,無,陰性
10625,40-49歲,男,無,陰性
10626,50-59歲,男,無,陰性
10627,60歲以上,男,無,陰性
10628,60歲以上,男,三級,陽性
10629,40-49歲,男,無,陰性
10630,50-59歲,男,無,陰性
10631,19歲以下,女,無,陰性
10632,50-59歲,男,無,陰性
10633,40-49歲,男,二級,陽性
10634,40-49歲,男,二級,陽性
10635,40-49歲,男,無,陰性
10636,50-59歲,男,無,陰性
10637,40-49歲,男,無,陰性
10638,40-49歲,女,無,陰性
10639,50-59歲,女,無,陰性
10640,30-39歲,男,無,陰性
10641,40-49歲,男,無,陰性
10642,50-59歲,男,無,陰性
10643,40-49歲,男,無,陰性
10644,30-39歲,男,無,陰性
10645,30-39歲,男,二級,陽性
10646,30-39歲,男,二級,陽性
10647,40-49歲,男,無,陰性
10648,30-39歲,男,無,陰性
10649,40-49歲,男,無,陰性
10650,50-59歲,男,三級,陽性
10651,50-59歲,男,無,陰性
10652,60歲以上,女,無,陰性
10653,40-49歲,男,無,陰性
10654,50-59歲,男,三級,陽性
10655,30-39歲,男,無,陰性
10656,40-49歲,女,無,陰性
10657,40-49歲,女,無,陰性
10658,40-49歲,女,無,陰性
10659,40-49歲,女,無,陰性
10660,30-39歲,男,無,陰性
10661,60歲以上,男,一級,陽性
10662,40-49歲,男,無,陰性
10663,50-59歲,女,無,陰性
10664,50-59歲,男,無,陰性
10665,40-49歲,男,無,陰性
10666,30-39歲,男,無,陰性
10667,40-49歲,男,無,陰性
10668,40-49歲,男,無,陰性
10669,40-49歲,男,無,陰性
10670,40-49歲,男,無,陰性
10671,50-59歲,女,無,陰性
10672,40-49歲,男,無,陰性
10673,20-29歲,男,無,陰性
10674,40-49歲,男,無,陰性
10675,40-49歲,男,無,陰性
10676,40-49歲,男,無,陰性
10677,50-59歲,男,二級,陽性
10678,40-49歲,男,無,陰性
10679,50-59歲,男,二級,陽性
10680,50-59歲,男,無,陰性
10681,50-59歲,男,三級,陽性
10682,40-49歲,男,無,陰性
10683,40-49歲,男,無,陰性
10684,40-49歲,女,二級,陽性
10685,40-49歲,女,二級,陽性
10686,30-39歲,男,無,陰性
10687,30-39歲,男,無,陰性
10688,40-49歲,男,三級,陽性
10689,20-29歲,男,無,陰性
10690,50-59歲,女,無,陰性
10691,40-49歲,男,無,陰性
10692,50-59歲,男,無,陰性
10693,40-49歲,男,無,陰性
10694,50-59歲,女,無,陰性
10695,60歲以上,女,無,陰性
10696,30-39歲,男,無,陰性
10697,19歲以下,男,二級,陽性
10698,30-39歲,男,無,陰性
10699,50-59歲,男,無,陰性
10700,40-49歲,男,無,陰性
10701,40-49歲,男,無,陰性
10702,30-39歲,男,三級,陽性
10703,50-59歲,男,無,陰性
10704,40-49歲,女,無,陰性
10705,50-59歲,男,二級,陽性
10706,30-39歲,男,無,陰性
10707,40-49歲,男,無,陰性
10708,40-49歲,男,二級,陽性
10709,30-39歲,男,二級,陽性
10710,40-49歲,男,無,陰性
10711,40-49歲,男,無,陰性
10712,30-39歲,男,無,陰性
10713,50-59歲,男,無,陰性
10714,40-49歲,男,無,陰性
10715,40-49歲,女,三級,陽性
10716,40-49歲,女,無,陰性
10717,20-29歲,男,無,陰性
10718,30-39歲,男,無,陰性
10719,30-39歲,男,無,陰性
10720,50-59歲,男,無,陰性
10721,40-49歲,女,無,陰性
10722,40-49歲,男,無,陰性
10723,30-39歲,女,無,陰性
10724,50-59歲,男,一級,陽性
10725,30-39歲,男,無,陰性
10726,40-49歲,男,二級,陽性
10727,30-39歲,男,二級,陽性
10728,60歲以上,男,無,陰性
10729,50-59歲,男,二級,陽性
10730,20-29歲,男,二級,陽性
10731,40-49歲,男,無,陰性
10732,50-59歲,男,無,陰性
10733,40-49歲,男,無,陰性
10734,30-39歲,男,無,陰性
10735,50-59歲,男,無,陰性
10736,60歲以上,男,無,陰性
10737,50-59歲,男,無,陰性
10738,50-59歲,男,無,陰性
10739,20-29歲,女,三級,陽性
10740,50-59歲,男,無,陰性
10741,40-49歲,男,無,陰性
10742,50-59歲,男,無,陰性
10743,30-39歲,女,二級,陽性
10744,40-49歲,男,無,陰性
10745,50-59歲,男,二級,陽性
10746,30-39歲,女,無,陰性
10747,20-29歲,女,無,陰性
10748,50-59歲,男,無,陰性
10749,40-49歲,男,無,陰性
10750,19歲以下,女,無,陰性
10751,50-59歲,女,無,陰性
10752,30-39歲,男,無,陰性
10753,30-39歲,男,無,陰性
10754,40-49歲,男,無,陰性
10755,40-49歲,男,無,陰性
10756,50-59歲,男,無,陰性
10757,19歲以下,男,無,陰性
10758,40-49歲,男,無,陰性
10759,50-59歲,男,二級,陽性
10760,50-59歲,男,無,陰性
10761,30-39歲,男,二級,陽性
10762,50-59歲,女,無,陰性
10763,20-29歲,男,無,陰性
10764,50-59歲,男,三級,陽性
10765,50-59歲,男,二級,陽性
10766,50-59歲,男,二級,陽性
10767,30-39歲,男,無,陰性
10768,40-49歲,男,無,陰性
10769,40-49歲,男,無,陰性
10770,30-39歲,男,無,陰性
10771,50-59歲,男,無,陰性
10772,40-49歲,男,無,陰性
10773,20-29歲,女,無,陰性
10774,40-49歲,女,二級,陽性
10775,30-39歲,女,無,陰性
10776,50-59歲,女,無,陰性
10777,60歲以上,男,無,陰性
10778,50-59歲,男,無,陰性
10779,30-39歲,男,無,陰性
10780,40-49歲,男,無,陰性
10781,60歲以上,男,無,陰性
10782,50-59歲,男,三級,陽性
10783,40-49歲,男,二級,陽性
10784,50-59歲,男,無,陰性
10785,40-49歲,女,無,陰性
10786,60歲以上,男,無,陰性
10787,60歲以上,男,無,陰性
10788,40-49歲,男,無,陰性
10789,50-59歲,女,無,陰性
10790,50-59歲,男,二級,陽性
10791,19歲以下,男,無,陰性
10792,40-49歲,男,無,陰性
10793,60歲以上,男,無,陰性
10794,40-49歲,男,三級,陽性
10795,50-59歲,男,無,陰性
10796,50-59歲,男,三級,陽性
10797,40-49歲,男,無,陰性
10798,40-49歲,女,無,陰性
10799,60歲以上,女,無,陰性
10800,50-59歲,男,無,陰性
10801,40-49歲,男,無,陰性
10802,40-49歲,女,無,陰性
10803,50-59歲,男,無,陰性
10804,20-29歲,男,無,陰性
10805,40-49歲,男,無,陰性
10806,40-49歲,男,無,陰性
10807,30-39歲,男,無,陰性
10808,40-49歲,男,無,陰性
10809,60歲以上,男,二級,陽性
10810,50-59歲,女,二級,陽性
10811,40-49歲,男,無,陰性
10812,20-29歲,男,無,陰性
10813,30-39歲,男,無,陰性
10814,20-29歲,男,無,陰性
10815,40-49歲,男,三級,陽性
10816,30-39歲,男,二級,陽性
10817,60歲以上,男,無,陰性
10818,40-49歲,男,無,陰性
10819,40-49歲,女,三級,陽性
10820,40-49歲,女,無,陰性
10821,40-49歲,男,無,陰性
10822,20-29歲,男,無,陰性
10823,40-49歲,女,無,陰性
10824,40-49歲,男,二級,陽性
10825,40-49歲,男,無,陰性
10826,40-49歲,女,無,陰性
10827,40-49歲,男,無,陰性
10828,40-49歲,男,無,陰性
10829,50-59歲,男,無,陰性
10830,60歲以上,女,無,陰性
10831,60歲以上,男,無,陰性
10832,50-59歲,女,二級,陽性
10833,40-49歲,男,二級,陽性
10834,40-49歲,男,無,陰性
10835,20-29歲,女,二級,陽性
10836,50-59歲,男,無,陰性
10837,20-29歲,男,無,陰性
10838,30-39歲,女,二級,陽性
10839,30-39歲,女,無,陰性
10840,20-29歲,女,無,陰性
10841,50-59歲,男,無,陰性
10842,30-39歲,男,無,陰性
10843,40-49歲,男,無,陰性
10844,60歲以上,男,無,陰性
10845,60歲以上,男,無,陰性
10846,50-59歲,女,無,陰性
10847,40-49歲,男,無,陰性
10848,40-49歲,男,無,陰性
10849,40-49歲,男,無,陰性
10850,40-49歲,女,二級,陽性
10851,40-49歲,女,無,陰性
10852,40-49歲,男,二級,陽性
10853,50-59歲,男,無,陰性
10854,40-49歲,男,二級,陽性
10855,20-29歲,女,無,陰性
10856,40-49歲,男,二級,陽性
10857,50-59歲,女,三級,陽性
10858,40-49歲,男,三級,陽性
10859,60歲以上,男,無,陰性
10860,30-39歲,男,無,陰性
10861,20-29歲,女,無,陰性
10862,40-49歲,男,無,陰性
10863,20-29歲,男,無,陰性
10864,50-59歲,女,無,陰性
10865,40-49歲,男,二級,陽性
10866,50-59歲,男,無,陰性
10867,40-49歲,男,無,陰性
10868,40-49歲,女,無,陰性
10869,40-49歲,男,無,陰性
10870,60歲以上,女,無,陰性
10871,50-59歲,男,無,陰性
10872,20-29歲,男,二級,陽性
10873,50-59歲,男,二級,陽性
10874,40-49歲,男,無,陰性
10875,50-59歲,男,無,陰性
10876,50-59歲,男,無,陰性
10877,50-59歲,男,無,陰性
10878,20-29歲,男,無,陰性
10879,40-49歲,男,無,陰性
10880,40-49歲,女,二級,陽性
10881,40-49歲,男,無,陰性
10882,40-49歲,男,二級,陽性
10883,40-49歲,男,無,陰性
10884,40-49歲,男,無,陰性
10885,60歲以上,男,無,陰性
10886,50-59歲,男,無,陰性
10887,50-59歲,男,無,陰性
10888,40-49歲,男,二級,陽性
10889,40-49歲,男,無,陰性
10890,40-49歲,男,二級,陽性
10891,40-49歲,男,無,陰性
10892,40-49歲,男,無,陰性
10893,19歲以下,男,無,陰性
10894,40-49歲,男,二級,陽性
10895,40-49歲,男,無,陰性
10896,40-49歲,女,無,陰性
10897,40-49歲,男,無,陰性
10898,30-39歲,男,無,陰性
10899,40-49歲,女,二級,陽性
10900,30-39歲,男,無,陰性
10901,40-49歲,男,無,陰性
10902,50-59歲,男,二級,陽性
10903,60歲以上,男,無,陰性
10904,50-59歲,男,無,陰性
10905,20-29歲,男,無,陰性
10906,40-49歲,女,無,陰性
10907,40-49歲,男,無,陰性
10908,50-59歲,男,無,陰性
10909,50-59歲,男,無,陰性
10910,50-59歲,男,無,陰性
10911,50-59歲,男,二級,陽性
10912,30-39歲,男,無,陰性
10913,40-49歲,男,無,陰性
10914,40-49歲,男,二級,陽性
10915,30-39歲,女,無,陰性
10916,50-59歲,男,一級,陽性
10917,30-39歲,女,三級,陽性
10918,40-49歲,男,無,陰性
10919,19歲以下,男,無,陰性
10920,50-59歲,男,無,陰性
10921,40-49歲,男,無,陰性
10922,30-39歲,男,二級,陽性
10923,50-59歲,男,無,陰性
10924,40-49歲,男,無,陰性
10925,50-59歲,女,二級,陽性
10926,30-39歲,男,二級,陽性
10927,60歲以上,男,二級,陽性
10928,40-49歲,女,無,陰性
10929,50-59歲,男,無,陰性
10930,50-59歲,男,無,陰性
10931,20-29歲,男,無,陰性
10932,40-49歲,男,無,陰性
10933,40-49歲,男,無,陰性
10934,40-49歲,男,二級,陽性
10935,50-59歲,女,無,陰性
10936,40-49歲,男,無,陰性
10937,40-49歲,女,無,陰性
10938,50-59歲,男,無,陰性
10939,40-49歲,男,無,陰性
10940,40-49歲,男,無,陰性
10941,60歲以上,男,無,陰性
10942,40-49歲,男,無,陰性
10943,40-49歲,男,無,陰性
10944,60歲以上,男,無,陰性
10945,60歲以上,男,無,陰性
10946,40-49歲,男,無,陰性
10947,60歲以上,男,無,陰性
10948,40-49歲,男,無,陰性
10949,50-59歲,男,無,陰性
10950,50-59歲,男,無,陰性
10951,40-49歲,男,無,陰性
10952,50-59歲,男,無,陰性
10953,20-29歲,男,無,陰性
10954,20-29歲,男,無,陰性
10955,40-49歲,男,無,陰性
10956,40-49歲,男,無,陰性
10957,30-39歲,男,無,陰性
10958,40-49歲,女,無,陰性
10959,60歲以上,男,無,陰性
10960,20-29歲,男,無,陰性
10961,60歲以上,男,無,陰性
10962,60歲以上,男,無,陰性
10963,60歲以上,女,無,陰性
10964,40-49歲,男,無,陰性
10965,20-29歲,男,一級,陽性
10966,30-39歲,女,三級,陽性
10967,50-59歲,男,二級,陽性
10968,40-49歲,男,無,陰性
10969,30-39歲,男,無,陰性
10970,50-59歲,男,無,陰性
10971,40-49歲,男,無,陰性
10972,30-39歲,男,二級,陽性
10973,30-39歲,男,一級,陽性
10974,60歲以上,男,無,陰性
10975,40-49歲,男,無,陰性
10976,50-59歲,男,無,陰性
10977,50-59歲,男,一級,陽性
10978,30-39歲,男,二級,陽性
10979,40-49歲,女,無,陰性
10980,50-59歲,男,無,陰性
10981,20-29歲,男,無,陰性
10982,60歲以上,男,無,陰性
10983,50-59歲,男,無,陰性
10984,20-29歲,女,三級,陽性
10985,50-59歲,男,無,陰性
10986,19歲以下,男,無,陰性
10987,20-29歲,男,無,陰性
10988,30-39歲,男,無,陰性
10989,40-49歲,男,二級,陽性
10990,40-49歲,男,無,陰性
10991,50-59歲,男,無,陰性
10992,60歲以上,男,無,陰性
10993,30-39歲,男,無,陰性
10994,20-29歲,男,無,陰性
10995,60歲以上,男,無,陰性
10996,30-39歲,男,無,陰性
10997,50-59歲,男,無,陰性
10998,40-49歲,女,三級,陽性
10999,30-39歲,男,無,陰性
11000,60歲以上,男,無,陰性
11001,40-49歲,男,無,陰性
11002,50-59歲,女,無,陰性
11003,50-59歲,男,無,陰性
11004,40-49歲,男,三級,陽性
11005,50-59歲,男,無,陰性
11006,40-49歲,女,無,陰性
11007,40-49歲,男,無,陰性
11008,19歲以下,男,無,陰性
11009,30-39歲,男,無,陰性
11010,30-39歲,男,無,陰性
11011,30-39歲,男,無,陰性
11012,40-49歲,男,無,陰性
11013,40-49歲,男,無,陰性
11014,40-49歲,男,無,陰性
11015,40-49歲,男,無,陰性
11016,30-39歲,男,無,陰性
11017,60歲以上,男,無,陰性
11018,30-39歲,女,無,陰性
11019,60歲以上,男,無,陰性
11020,50-59歲,女,無,陰性
11021,20-29歲,男,無,陰性
11022,40-49歲,男,無,陰性
11023,30-39歲,女,一級,陽性
11024,40-49歲,男,一級,陽性
11025,20-29歲,男,無,陰性
11026,30-39歲,男,無,陰性
11027,50-59歲,男,無,陰性
11028,60歲以上,男,無,陰性
11029,40-49歲,男,無,陰性
11030,40-49歲,男,無,陰性
11031,40-49歲,男,三級,陽性
11032,20-29歲,男,無,陰性
11033,50-59歲,男,無,陰性
11034,50-59歲,男,三級,陽性
11035,40-49歲,男,無,陰性
11036,50-59歲,男,無,陰性
11037,40-49歲,男,無,陰性
11038,40-49歲,女,二級,陽性
11039,40-49歲,男,無,陰性
11040,60歲以上,男,二級,陽性
11041,40-49歲,男,無,陰性
11042,40-49歲,女,無,陰性
11043,40-49歲,男,三級,陽性
11044,40-49歲,男,無,陰性
11045,50-59歲,女,無,陰性
11046,30-39歲,男,無,陰性
11047,40-49歲,男,無,陰性
11048,50-59歲,男,無,陰性
11049,60歲以上,男,無,陰性
11050,30-39歲,男,三級,陽性
11051,60歲以上,男,無,陰性
11052,50-59歲,男,一級,陽性
11053,50-59歲,女,無,陰性
11054,30-39歲,男,無,陰性
11055,30-39歲,男,二級,陽性
11056,19歲以下,男,二級,陽性
11057,30-39歲,男,二級,陽性
11058,30-39歲,男,無,陰性
11059,50-59歲,男,無,陰性
11060,40-49歲,男,無,陰性
11061,50-59歲,男,無,陰性
11062,50-59歲,男,無,陰性
11063,40-49歲,女,無,陰性
11064,50-59歲,男,無,陰性
11065,40-49歲,男,無,陰性
11066,30-39歲,男,無,陰性
11067,40-49歲,男,二級,陽性
11068,50-59歲,男,無,陰性
11069,60歲以上,男,無,陰性
11070,50-59歲,男,無,陰性
11071,30-39歲,男,無,陰性
11072,20-29歲,男,無,陰性
11073,30-39歲,男,無,陰性
11074,40-49歲,女,無,陰性
11075,50-59歲,女,無,陰性
11076,40-49歲,男,無,陰性
11077,30-39歲,男,無,陰性
11078,30-39歲,男,無,陰性
11079,30-39歲,男,無,陰性
11080,30-39歲,男,無,陰性
11081,40-49歲,男,二級,陽性
11082,40-49歲,男,無,陰性
11083,40-49歲,男,二級,陽性
11084,40-49歲,男,三級,陽性
11085,50-59歲,男,無,陰性
11086,20-29歲,男,無,陰性
11087,40-49歲,男,無,陰性
11088,50-59歲,男,二級,陽性
11089,30-39歲,男,無,陰性
11090,60歲以上,男,無,陰性
11091,20-29歲,男,無,陰性
11092,50-59歲,男,無,陰性
11093,50-59歲,男,無,陰性
11094,60歲以上,男,無,陰性
11095,50-59歲,男,無,陰性
11096,30-39歲,男,二級,陽性
11097,50-59歲,女,無,陰性
11098,40-49歲,男,三級,陽性
11099,30-39歲,男,無,陰性
11100,40-49歲,男,無,陰性
11101,40-49歲,男,無,陰性
11102,40-49歲,男,無,陰性
11103,60歲以上,男,無,陰性
11104,40-49歲,男,無,陰性
11105,40-49歲,男,無,陰性
11106,50-59歲,男,無,陰性
11107,40-49歲,女,無,陰性
11108,40-49歲,女,二級,陽性
11109,20-29歲,女,無,陰性
11110,40-49歲,男,二級,陽性
11111,20-29歲,男,無,陰性
11112,60歲以上,男,無,陰性
11113,50-59歲,男,無,陰性
11114,60歲以上,男,無,陰性
11115,50-59歲,男,無,陰性
11116,60歲以上,男,無,陰性
11117,40-49歲,男,無,陰性
11118,19歲以下,男,無,陰性
11119,50-59歲,男,一級,陽性
11120,30-39歲,男,無,陰性
11121,30-39歲,男,二級,陽性
11122,40-49歲,女,無,陰性
11123,40-49歲,男,無,陰性
11124,20-29歲,男,二級,陽性
11125,40-49歲,男,無,陰性
11126,40-49歲,男,無,陰性
11127,40-49歲,男,無,陰性
11128,50-59歲,男,三級,陽性
11129,50-59歲,男,一級,陽性
11130,60歲以上,男,三級,陽性
11131,30-39歲,女,無,陰性
11132,50-59歲,女,無,陰性
11133,40-49歲,男,二級,陽性
11134,20-29歲,男,無,陰性
11135,50-59歲,男,一級,陽性
11136,40-49歲,男,二級,陽性
11137,40-49歲,男,無,陰性
11138,40-49歲,男,二級,陽性
11139,40-49歲,男,無,陰性
11140,30-39歲,男,三級,陽性
11141,60歲以上,女,三級,陽性
11142,50-59歲,女,無,陰性
11143,60歲以上,男,無,陰性
11144,30-39歲,男,三級,陽性
11145,20-29歲,男,無,陰性
11146,60歲以上,男,無,陰性
11147,60歲以上,男,無,陰性
11148,30-39歲,女,無,陰性
11149,40-49歲,男,無,陰性
11150,50-59歲,男,無,陰性
11151,50-59歲,男,三級,陽性
11152,40-49歲,男,無,陰性
11153,40-49歲,男,無,陰性
11154,40-49歲,男,無,陰性
11155,50-59歲,男,二級,陽性
11156,50-59歲,男,無,陰性
11157,40-49歲,男,二級,陽性
11158,40-49歲,男,二級,陽性
11159,60歲以上,男,二級,陽性
11160,50-59歲,男,無,陰性
11161,60歲以上,男,無,陰性
11162,40-49歲,男,二級,陽性
11163,50-59歲,男,二級,陽性
11164,30-39歲,男,二級,陽性
11165,40-49歲,女,二級,陽性
11166,50-59歲,男,無,陰性
11167,20-29歲,女,無,陰性
11168,40-49歲,男,無,陰性
11169,30-39歲,男,無,陰性
11170,19歲以下,男,無,陰性
11171,40-49歲,男,無,陰性
11172,50-59歲,男,二級,陽性
11173,40-49歲,男,無,陰性
11174,60歲以上,女,無,陰性
11175,40-49歲,女,無,陰性
11176,30-39歲,男,無,陰性
11177,20-29歲,男,無,陰性
11178,40-49歲,男,無,陰性
11179,30-39歲,男,無,陰性
11180,40-49歲,男,無,陰性
11181,40-49歲,男,無,陰性
11182,30-39歲,男,三級,陽性
11183,40-49歲,男,無,陰性
11184,30-39歲,男,無,陰性
11185,60歲以上,男,無,陰性
11186,50-59歲,男,無,陰性
11187,60歲以上,男,無,陰性
11188,60歲以上,男,無,陰性
11189,50-59歲,男,無,陰性
11190,30-39歲,男,無,陰性
11191,40-49歲,男,無,陰性
11192,40-49歲,男,無,陰性
11193,60歲以上,女,無,陰性
11194,40-49歲,男,無,陰性
11195,40-49歲,女,無,陰性
11196,40-49歲,男,無,陰性
11197,50-59歲,男,二級,陽性
11198,60歲以上,男,無,陰性
11199,40-49歲,男,無,陰性
11200,40-49歲,男,一級,陽性
11201,40-49歲,男,無,陰性
11202,20-29歲,男,二級,陽性
11203,60歲以上,男,無,陰性
11204,20-29歲,男,無,陰性
11205,50-59歲,男,一級,陽性
11206,40-49歲,男,無,陰性
11207,50-59歲,男,三級,陽性
11208,60歲以上,男,無,陰性
11209,20-29歲,男,無,陰性
11210,50-59歲,男,一級,陽性
11211,40-49歲,男,無,陰性
11212,40-49歲,男,無,陰性
11213,40-49歲,男,無,陰性
11214,30-39歲,男,無,陰性
11215,60歲以上,男,無,陰性
11216,20-29歲,男,無,陰性
11217,40-49歲,男,無,陰性
11218,30-39歲,女,無,陰性
11219,50-59歲,男,無,陰性
11220,40-49歲,男,無,陰性
11221,60歲以上,女,無,陰性
11222,60歲以上,男,無,陰性
11223,60歲以上,男,二級,陽性
11224,30-39歲,男,無,陰性
11225,40-49歲,男,無,陰性
11226,60歲以上,女,無,陰性
11227,20-29歲,男,無,陰性
11228,40-49歲,男,無,陰性
11229,50-59歲,男,無,陰性
11230,40-49歲,男,無,陰性
11231,30-39歲,男,無,陰性
11232,40-49歲,男,無,陰性
11233,40-49歲,男,無,陰性
11234,20-29歲,女,無,陰性
11235,19歲以下,男,一級,陽性
11236,50-59歲,男,無,陰性
11237,30-39歲,男,無,陰性
11238,50-59歲,男,二級,陽性
11239,20-29歲,女,二級,陽性
11240,40-49歲,女,無,陰性
11241,50-59歲,男,無,陰性
11242,30-39歲,女,無,陰性
11243,50-59歲,男,無,陰性
11244,40-49歲,男,無,陰性
11245,40-49歲,男,無,陰性
11246,50-59歲,男,無,陰性
11247,40-49歲,男,二級,陽性
11248,40-49歲,男,無,陰性
11249,40-49歲,男,無,陰性
11250,60歲以上,男,無,陰性
11251,50-59歲,男,二級,陽性
11252,50-59歲,男,二級,陽性
11253,40-49歲,男,三級,陽性
11254,40-49歲,男,無,陰性
11255,50-59歲,男,三級,陽性
11256,50-59歲,男,無,陰性
11257,19歲以下,男,無,陰性
11258,40-49歲,男,二級,陽性
11259,40-49歲,男,無,陰性
11260,40-49歲,男,二級,陽性
11261,40-49歲,男,無,陰性
11262,50-59歲,男,無,陰性
11263,60歲以上,男,無,陰性
11264,40-49歲,男,無,陰性
11265,50-59歲,男,無,陰性
11266,60歲以上,男,無,陰性
11267,60歲以上,女,無,陰性
11268,19歲以下,男,無,陰性
11269,40-49歲,男,無,陰性
11270,30-39歲,男,二級,陽性
11271,50-59歲,男,無,陰性
11272,50-59歲,男,無,陰性
11273,40-49歲,女,無,陰性
11274,40-49歲,男,無,陰性
11275,50-59歲,男,無,陰性
11276,50-59歲,男,二級,陽性
11277,50-59歲,女,無,陰性
11278,30-39歲,男,無,陰性
11279,50-59歲,男,無,陰性
11280,50-59歲,男,無,陰性
11281,20-29歲,男,無,陰性
11282,20-29歲,男,無,陰性
11283,50-59歲,男,二級,陽性
11284,30-39歲,男,無,陰性
11285,40-49歲,男,無,陰性
11286,40-49歲,男,無,陰性
11287,50-59歲,男,無,陰性
11288,50-59歲,男,無,陰性
11289,50-59歲,男,二級,陽性
11290,20-29歲,男,二級,陽性
11291,50-59歲,男,無,陰性
11292,60歲以上,男,無,陰性
11293,30-39歲,男,無,陰性
11294,50-59歲,男,無,陰性
11295,30-39歲,女,無,陰性
11296,30-39歲,男,無,陰性
11297,40-49歲,男,無,陰性
11298,40-49歲,女,無,陰性
11299,50-59歲,女,無,陰性
11300,40-49歲,男,無,陰性
11301,50-59歲,男,二級,陽性
11302,50-59歲,男,無,陰性
11303,40-49歲,男,無,陰性
11304,50-59歲,男,三級,陽性
11305,40-49歲,男,無,陰性
11306,20-29歲,男,無,陰性
11307,60歲以上,男,三級,陽性
11308,50-59歲,男,無,陰性
11309,40-49歲,男,二級,陽性
11310,60歲以上,女,無,陰性
11311,50-59歲,男,無,陰性
11312,20-29歲,男,無,陰性
11313,40-49歲,女,無,陰性
11314,30-39歲,女,無,陰性
11315,50-59歲,男,無,陰性
11316,50-59歲,女,無,陰性
11317,30-39歲,男,無,陰性
11318,30-39歲,男,無,陰性
11319,20-29歲,男,無,陰性
11320,50-59歲,男,無,陰性
11321,40-49歲,男,無,陰性
11322,50-59歲,男,二級,陽性
11323,50-59歲,男,二級,陽性
11324,30-39歲,女,無,陰性
11325,60歲以上,男,無,陰性
11326,19歲以下,女,無,陰性
11327,30-39歲,女,二級,陽性
11328,50-59歲,女,無,陰性
11329,60歲以上,男,無,陰性
11330,40-49歲,男,無,陰性
11331,40-49歲,男,二級,陽性
11332,40-49歲,男,三級,陽性
11333,50-59歲,女,無,陰性
11334,60歲以上,男,二級,陽性
11335,30-39歲,男,無,陰性
11336,60歲以上,男,無,陰性
11337,60歲以上,男,無,陰性
11338,60歲以上,男,三級,陽性
11339,50-59歲,男,三級,陽性
11340,60歲以上,女,無,陰性
11341,60歲以上,男,無,陰性
11342,30-39歲,男,無,陰性
11343,50-59歲,男,無,陰性
11344,50-59歲,男,無,陰性
11345,30-39歲,男,無,陰性
11346,40-49歲,女,無,陰性
11347,50-59歲,男,二級,陽性
11348,20-29歲,女,無,陰性
11349,40-49歲,男,無,陰性
11350,40-49歲,男,一級,陽性
11351,50-59歲,男,無,陰性
11352,40-49歲,男,無,陰性
11353,19歲以下,男,無,陰性
11354,40-49歲,男,無,陰性
11355,40-49歲,女,無,陰性
11356,50-59歲,女,無,陰性
11357,40-49歲,男,無,陰性
11358,30-39歲,男,無,陰性
11359,50-59歲,男,二級,陽性
11360,40-49歲,男,無,陰性
11361,20-29歲,男,無,陰性
11362,40-49歲,男,無,陰性
11363,50-59歲,男,二級,陽性
11364,40-49歲,男,無,陰性
11365,40-49歲,男,無,陰性
11366,40-49歲,女,無,陰性
11367,40-49歲,女,無,陰性
11368,50-59歲,男,三級,陽性
11369,60歲以上,男,無,陰性
11370,40-49歲,男,二級,陽性
11371,50-59歲,男,無,陰性
11372,30-39歲,男,二級,陽性
11373,40-49歲,男,無,陰性
11374,50-59歲,男,二級,陽性
11375,40-49歲,男,二級,陽性
11376,40-49歲,男,無,陰性
11377,40-49歲,男,三級,陽性
11378,30-39歲,男,二級,陽性
11379,40-49歲,男,無,陰性
11380,40-49歲,女,無,陰性
11381,20-29歲,男,無,陰性
11382,60歲以上,男,無,陰性
11383,40-49歲,女,二級,陽性
11384,50-59歲,男,無,陰性
11385,30-39歲,女,無,陰性
11386,60歲以上,男,無,陰性
11387,50-59歲,女,無,陰性
11388,40-49歲,女,無,陰性
11389,40-49歲,女,無,陰性
11390,40-49歲,男,無,陰性
11391,50-59歲,男,無,陰性
11392,30-39歲,男,無,陰性
11393,50-59歲,男,無,陰性
11394,30-39歲,男,無,陰性
11395,50-59歲,女,無,陰性
11396,40-49歲,男,無,陰性
11397,40-49歲,女,無,陰性
11398,60歲以上,男,無,陰性
11399,60歲以上,男,無,陰性
11400,50-59歲,女,無,陰性
11401,40-49歲,女,二級,陽性
11402,40-49歲,男,無,陰性
11403,50-59歲,男,無,陰性
11404,30-39歲,男,無,陰性
11405,50-59歲,男,二級,陽性
11406,40-49歲,男,無,陰性
11407,30-39歲,男,無,陰性
11408,40-49歲,男,無,陰性
11409,40-49歲,男,無,陰性
11410,40-49歲,男,無,陰性
11411,19歲以下,男,無,陰性
11412,40-49歲,男,二級,陽性
11413,20-29歲,男,無,陰性
11414,50-59歲,男,無,陰性
11415,50-59歲,男,二級,陽性
11416,50-59歲,男,無,陰性
11417,40-49歲,男,二級,陽性
11418,40-49歲,男,無,陰性
11419,20-29歲,女,無,陰性
11420,30-39歲,男,無,陰性
11421,50-59歲,女,無,陰性
11422,60歲以上,男,無,陰性
11423,20-29歲,男,無,陰性
11424,40-49歲,男,二級,陽性
11425,30-39歲,男,無,陰性
11426,60歲以上,男,無,陰性
11427,50-59歲,男,三級,陽性
11428,20-29歲,男,無,陰性
11429,60歲以上,男,三級,陽性
11430,30-39歲,男,無,陰性
11431,40-49歲,男,二級,陽性
11432,50-59歲,男,無,陰性
11433,40-49歲,女,無,陰性
11434,30-39歲,男,無,陰性
11435,19歲以下,男,無,陰性
11436,30-39歲,男,無,陰性
11437,40-49歲,男,無,陰性
11438,40-49歲,男,無,陰性
11439,40-49歲,女,無,陰性
11440,60歲以上,女,無,陰性
11441,40-49歲,男,二級,陽性
11442,40-49歲,男,無,陰性
11443,40-49歲,男,二級,陽性
11444,40-49歲,男,無,陰性
11445,30-39歲,男,無,陰性
11446,50-59歲,男,無,陰性
11447,40-49歲,女,無,陰性
11448,30-39歲,男,無,陰性
11449,50-59歲,女,無,陰性
11450,30-39歲,男,無,陰性
11451,50-59歲,男,無,陰性
11452,60歲以上,男,無,陰性
11453,40-49歲,男,無,陰性
11454,40-49歲,男,二級,陽性
11455,30-39歲,男,二級,陽性
11456,40-49歲,男,無,陰性
11457,60歲以上,男,無,陰性
11458,50-59歲,男,二級,陽性
11459,50-59歲,男,無,陰性
11460,40-49歲,男,二級,陽性
11461,40-49歲,男,無,陰性
11462,40-49歲,男,二級,陽性
11463,40-49歲,男,無,陰性
11464,30-39歲,男,三級,陽性
11465,40-49歲,男,無,陰性
11466,40-49歲,男,無,陰性
11467,60歲以上,女,無,陰性
11468,40-49歲,女,無,陰性
11469,30-39歲,男,無,陰性
11470,40-49歲,男,無,陰性
11471,50-59歲,男,無,陰性
11472,30-39歲,男,無,陰性
11473,30-39歲,男,無,陰性
11474,50-59歲,女,無,陰性
11475,50-59歲,男,無,陰性
11476,50-59歲,男,無,陰性
11477,40-49歲,男,無,陰性
11478,40-49歲,男,無,陰性
11479,50-59歲,男,無,陰性
11480,40-49歲,女,無,陰性
11481,50-59歲,男,無,陰性
11482,30-39歲,男,無,陰性
11483,50-59歲,男,無,陰性
11484,50-59歲,男,二級,陽性
11485,40-49歲,女,無,陰性
11486,40-49歲,男,二級,陽性
11487,60歲以上,男,二級,陽性
11488,30-39歲,男,二級,陽性
11489,19歲以下,男,無,陰性
11490,40-49歲,女,無,陰性
11491,30-39歲,男,無,陰性
11492,40-49歲,女,無,陰性
11493,20-29歲,男,二級,陽性
11494,50-59歲,女,無,陰性
11495,40-49歲,女,二級,陽性
11496,50-59歲,男,無,陰性
11497,40-49歲,男,無,陰性
11498,50-59歲,男,無,陰性
11499,50-59歲,女,無,陰性
11500,40-49歲,男,二級,陽性
11501,40-49歲,男,無,陰性
11502,40-49歲,男,二級,陽性
11503,50-59歲,男,無,陰性
11504,20-29歲,男,無,陰性
11505,30-39歲,男,無,陰性
11506,30-39歲,男,二級,陽性
11507,20-29歲,女,無,陰性
11508,40-49歲,男,無,陰性
11509,50-59歲,男,無,陰性
11510,30-39歲,男,二級,陽性
11511,50-59歲,男,無,陰性
11512,30-39歲,男,二級,陽性
11513,50-59歲,男,無,陰性
11514,50-59歲,男,二級,陽性
11515,50-59歲,男,無,陰性
11516,60歲以上,男,無,陰性
11517,50-59歲,男,三級,陽性
11518,50-59歲,男,無,陰性
11519,50-59歲,男,無,陰性
11520,40-49歲,男,無,陰性
11521,40-49歲,男,無,陰性
11522,20-29歲,男,二級,陽性
11523,50-59歲,男,無,陰性
11524,50-59歲,男,無,陰性
11525,40-49歲,男,無,陰性
11526,40-49歲,男,無,陰性
11527,30-39歲,男,無,陰性
11528,30-39歲,男,無,陰性
11529,50-59歲,男,二級,陽性
11530,50-59歲,男,無,陰性
11531,50-59歲,男,二級,陽性
11532,40-49歲,男,無,陰性
11533,60歲以上,男,二級,陽性
11534,40-49歲,男,無,陰性
11535,50-59歲,男,無,陰性
11536,20-29歲,男,無,陰性
11537,40-49歲,女,無,陰性
11538,20-29歲,男,無,陰性
11539,40-49歲,男,無,陰性
11540,50-59歲,男,無,陰性
11541,60歲以上,男,無,陰性
11542,50-59歲,男,無,陰性
11543,50-59歲,男,無,陰性
11544,40-49歲,女,二級,陽性
11545,60歲以上,男,無,陰性
11546,40-49歲,男,無,陰性
11547,30-39歲,男,無,陰性
11548,50-59歲,男,無,陰性
11549,40-49歲,男,無,陰性
11550,40-49歲,女,二級,陽性
11551,40-49歲,男,無,陰性
11552,50-59歲,女,三級,陽性
11553,50-59歲,男,二級,陽性
11554,40-49歲,男,無,陰性
11555,40-49歲,男,無,陰性
11556,40-49歲,女,無,陰性
11557,60歲以上,女,無,陰性
11558,20-29歲,男,無,陰性
11559,40-49歲,男,無,陰性
11560,40-49歲,女,無,陰性
11561,30-39歲,男,無,陰性
11562,60歲以上,男,二級,陽性
11563,20-29歲,男,二級,陽性
11564,30-39歲,男,無,陰性
11565,30-39歲,男,無,陰性
11566,40-49歲,男,無,陰性
11567,20-29歲,男,無,陰性
11568,20-29歲,男,無,陰性
11569,50-59歲,男,二級,陽性
11570,60歲以上,男,無,陰性
11571,20-29歲,男,無,陰性
11572,50-59歲,男,無,陰性
11573,40-49歲,男,一級,陽性
11574,30-39歲,男,二級,陽性
11575,40-49歲,男,二級,陽性
11576,50-59歲,女,二級,陽性
11577,50-59歲,男,無,陰性
11578,19歲以下,男,無,陰性
11579,50-59歲,男,無,陰性
11580,40-49歲,男,無,陰性
11581,40-49歲,男,二級,陽性
11582,50-59歲,男,無,陰性
11583,50-59歲,男,無,陰性
11584,40-49歲,男,無,陰性
11585,60歲以上,男,無,陰性
11586,30-39歲,男,無,陰性
11587,60歲以上,男,三級,陽性
11588,50-59歲,男,無,陰性
11589,50-59歲,男,無,陰性
11590,20-29歲,男,無,陰性
11591,40-49歲,男,無,陰性
11592,40-49歲,男,無,陰性
11593,50-59歲,女,一級,陽性
11594,30-39歲,男,無,陰性
11595,50-59歲,男,一級,陽性
11596,20-29歲,男,無,陰性
11597,60歲以上,男,無,陰性
11598,50-59歲,男,無,陰性
11599,40-49歲,男,一級,陽性
11600,30-39歲,女,無,陰性
11601,50-59歲,女,一級,陽性
11602,40-49歲,男,無,陰性
11603,30-39歲,男,無,陰性
11604,50-59歲,女,無,陰性
11605,40-49歲,男,無,陰性
11606,50-59歲,女,二級,陽性
11607,40-49歲,男,無,陰性
11608,30-39歲,男,無,陰性
11609,50-59歲,男,無,陰性
11610,40-49歲,男,無,陰性
11611,30-39歲,男,二級,陽性
11612,40-49歲,女,無,陰性
11613,20-29歲,男,無,陰性
11614,60歲以上,女,無,陰性
11615,40-49歲,女,無,陰性
11616,20-29歲,男,無,陰性
11617,40-49歲,男,無,陰性
11618,50-59歲,男,無,陰性
11619,40-49歲,男,二級,陽性
11620,40-49歲,女,無,陰性
11621,50-59歲,女,無,陰性
11622,30-39歲,男,無,陰性
11623,50-59歲,男,無,陰性
11624,50-59歲,男,無,陰性
11625,20-29歲,男,無,陰性
11626,40-49歲,男,二級,陽性
11627,40-49歲,女,無,陰性
11628,40-49歲,女,無,陰性
11629,50-59歲,男,二級,陽性
11630,30-39歲,男,無,陰性
11631,40-49歲,男,無,陰性
11632,40-49歲,男,無,陰性
11633,40-49歲,男,二級,陽性
11634,50-59歲,男,無,陰性
11635,30-39歲,男,無,陰性
11636,40-49歲,男,二級,陽性
11637,50-59歲,男,無,陰性
11638,50-59歲,男,無,陰性
11639,40-49歲,男,二級,陽性
11640,40-49歲,男,二級,陽性
11641,40-49歲,女,二級,陽性
11642,50-59歲,女,無,陰性
11643,40-49歲,女,無,陰性
11644,50-59歲,男,無,陰性
11645,20-29歲,男,無,陰性
11646,30-39歲,男,無,陰性
11647,50-59歲,男,二級,陽性
11648,30-39歲,男,無,陰性
11649,60歲以上,男,二級,陽性
11650,50-59歲,男,二級,陽性
11651,20-29歲,男,三級,陽性
11652,40-49歲,男,無,陰性
11653,50-59歲,男,二級,陽性
11654,30-39歲,男,無,陰性
11655,40-49歲,男,三級,陽性
11656,30-39歲,男,無,陰性
11657,50-59歲,男,無,陰性
11658,40-49歲,男,無,陰性
11659,50-59歲,男,無,陰性
11660,20-29歲,男,二級,陽性
11661,50-59歲,男,二級,陽性
11662,50-59歲,男,無,陰性
11663,40-49歲,男,無,陰性
11664,40-49歲,男,無,陰性
11665,30-39歲,男,無,陰性
11666,60歲以上,男,無,陰性
11667,50-59歲,男,二級,陽性
11668,60歲以上,男,無,陰性
11669,60歲以上,男,無,陰性
11670,40-49歲,男,二級,陽性
11671,40-49歲,男,無,陰性
11672,50-59歲,男,二級,陽性
11673,50-59歲,男,無,陰性
11674,40-49歲,男,二級,陽性
11675,50-59歲,男,無,陰性
11676,50-59歲,男,無,陰性
11677,40-49歲,男,無,陰性
11678,50-59歲,男,三級,陽性
11679,50-59歲,男,無,陰性
11680,40-49歲,男,無,陰性
11681,30-39歲,男,無,陰性
11682,40-49歲,男,無,陰性
11683,30-39歲,男,二級,陽性
11684,30-39歲,男,無,陰性
11685,40-49歲,男,二級,陽性
11686,40-49歲,男,無,陰性
11687,50-59歲,男,無,陰性
11688,50-59歲,男,二級,陽性
11689,50-59歲,男,無,陰性
11690,60歲以上,男,無,陰性
11691,50-59歲,男,三級,陽性
11692,40-49歲,女,無,陰性
11693,30-39歲,男,無,陰性
11694,50-59歲,男,無,陰性
11695,50-59歲,女,無,陰性
11696,50-59歲,男,無,陰性
11697,30-39歲,男,無,陰性
11698,30-39歲,女,無,陰性
11699,40-49歲,男,無,陰性
11700,50-59歲,男,無,陰性
11701,40-49歲,女,無,陰性
11702,50-59歲,男,無,陰性
11703,40-49歲,男,二級,陽性
11704,40-49歲,男,無,陰性
11705,40-49歲,男,無,陰性
11706,40-49歲,男,無,陰性
11707,50-59歲,男,二級,陽性
11708,30-39歲,男,無,陰性
11709,50-59歲,男,二級,陽性
11710,40-49歲,男,無,陰性
11711,50-59歲,男,二級,陽性
11712,40-49歲,男,一級,陽性
11713,20-29歲,女,無,陰性
11714,50-59歲,男,無,陰性
11715,20-29歲,男,無,陰性
11716,40-49歲,男,無,陰性
11717,19歲以下,男,無,陰性
11718,40-49歲,男,無,陰性
11719,20-29歲,男,二級,陽性
11720,50-59歲,男,無,陰性
11721,40-49歲,男,無,陰性
11722,30-39歲,男,無,陰性
11723,30-39歲,男,無,陰性
11724,50-59歲,男,無,陰性
11725,60歲以上,男,一級,陽性
11726,20-29歲,男,無,陰性
11727,60歲以上,男,三級,陽性
11728,40-49歲,男,無,陰性
11729,60歲以上,女,無,陰性
11730,40-49歲,男,二級,陽性
11731,50-59歲,男,無,陰性
11732,30-39歲,女,二級,陽性
11733,30-39歲,男,無,陰性
11734,60歲以上,男,無,陰性
11735,30-39歲,男,三級,陽性
11736,60歲以上,男,無,陰性
11737,60歲以上,女,無,陰性
11738,50-59歲,女,無,陰性
11739,40-49歲,男,二級,陽性
11740,19歲以下,男,無,陰性
11741,60歲以上,男,無,陰性
11742,40-49歲,男,無,陰性
11743,40-49歲,男,無,陰性
11744,19歲以下,男,無,陰性
11745,40-49歲,男,無,陰性
11746,40-49歲,女,無,陰性
11747,60歲以上,男,一級,陽性
11748,40-49歲,女,無,陰性
11749,30-39歲,男,無,陰性
11750,40-49歲,男,無,陰性
11751,30-39歲,男,無,陰性
11752,50-59歲,男,二級,陽性
11753,40-49歲,女,無,陰性
11754,40-49歲,男,二級,陽性
11755,50-59歲,男,二級,陽性
11756,30-39歲,男,無,陰性
11757,40-49歲,男,無,陰性
11758,30-39歲,男,二級,陽性
11759,50-59歲,男,無,陰性
11760,20-29歲,男,二級,陽性
11761,60歲以上,男,無,陰性
11762,50-59歲,男,無,陰性
11763,50-59歲,男,無,陰性
11764,40-49歲,女,無,陰性
11765,50-59歲,男,無,陰性
11766,40-49歲,男,三級,陽性
11767,40-49歲,男,無,陰性
11768,30-39歲,男,無,陰性
11769,50-59歲,男,無,陰性
11770,50-59歲,男,無,陰性
11771,50-59歲,男,無,陰性
11772,60歲以上,男,二級,陽性
11773,30-39歲,男,無,陰性
11774,60歲以上,男,二級,陽性
11775,40-49歲,男,無,陰性
11776,40-49歲,男,無,陰性
11777,50-59歲,男,無,陰性
11778,40-49歲,男,無,陰性
11779,50-59歲,女,無,陰性
11780,30-39歲,男,無,陰性
11781,40-49歲,男,無,陰性
11782,30-39歲,男,一級,陽性
11783,40-49歲,女,無,陰性
11784,40-49歲,女,無,陰性
11785,50-59歲,男,無,陰性
11786,30-39歲,男,無,陰性
11787,60歲以上,男,無,陰性
11788,60歲以上,男,無,陰性
11789,40-49歲,男,無,陰性
11790,19歲以下,女,無,陰性
11791,50-59歲,女,無,陰性
11792,50-59歲,男,無,陰性
11793,40-49歲,男,無,陰性
11794,40-49歲,男,無,陰性
11795,30-39歲,女,無,陰性
11796,60歲以上,男,三級,陽性
11797,30-39歲,男,無,陰性
11798,30-39歲,男,無,陰性
11799,50-59歲,女,無,陰性
11800,50-59歲,男,無,陰性
11801,50-59歲,男,無,陰性
11802,30-39歲,男,無,陰性
11803,40-49歲,男,無,陰性
11804,30-39歲,男,無,陰性
11805,20-29歲,男,二級,陽性
11806,50-59歲,男,無,陰性
11807,50-59歲,男,無,陰性
11808,40-49歲,男,無,陰性
11809,60歲以上,男,無,陰性
11810,30-39歲,男,無,陰性
11811,50-59歲,男,二級,陽性
11812,40-49歲,女,三級,陽性
11813,40-49歲,男,無,陰性
11814,50-59歲,女,無,陰性
11815,30-39歲,男,無,陰性
11816,60歲以上,男,無,陰性
11817,50-59歲,男,無,陰性
11818,30-39歲,女,二級,陽性
11819,50-59歲,男,無,陰性
11820,19歲以下,男,無,陰性
11821,20-29歲,男,無,陰性
11822,40-49歲,男,無,陰性
11823,60歲以上,男,無,陰性
11824,20-29歲,男,二級,陽性
11825,50-59歲,男,二級,陽性
11826,50-59歲,男,無,陰性
11827,60歲以上,男,無,陰性
11828,50-59歲,女,二級,陽性
11829,50-59歲,男,無,陰性
11830,50-59歲,男,無,陰性
11831,40-49歲,男,無,陰性
11832,19歲以下,男,二級,陽性
11833,30-39歲,男,無,陰性
11834,40-49歲,女,無,陰性
11835,50-59歲,男,無,陰性
11836,60歲以上,男,無,陰性
11837,20-29歲,男,無,陰性
11838,20-29歲,男,無,陰性
11839,40-49歲,男,無,陰性
11840,40-49歲,男,無,陰性
11841,30-39歲,男,二級,陽性
11842,20-29歲,男,無,陰性
11843,50-59歲,女,無,陰性
11844,60歲以上,男,三級,陽性
11845,50-59歲,男,無,陰性
11846,40-49歲,男,無,陰性
11847,40-49歲,女,無,陰性
11848,40-49歲,男,無,陰性
11849,30-39歲,男,無,陰性
11850,50-59歲,男,無,陰性
11851,30-39歲,男,無,陰性
11852,40-49歲,男,無,陰性
11853,50-59歲,男,二級,陽性
11854,19歲以下,女,無,陰性
11855,40-49歲,男,二級,陽性
11856,40-49歲,男,無,陰性
11857,40-49歲,男,無,陰性
11858,50-59歲,女,二級,陽性
11859,50-59歲,男,無,陰性
11860,50-59歲,男,無,陰性
11861,50-59歲,男,無,陰性
11862,19歲以下,男,無,陰性
11863,50-59歲,女,無,陰性
11864,30-39歲,男,無,陰性
11865,50-59歲,男,無,陰性
11866,20-29歲,男,二級,陽性
11867,50-59歲,男,二級,陽性
11868,30-39歲,男,無,陰性
11869,30-39歲,男,無,陰性
11870,60歲以上,男,無,陰性
11871,40-49歲,男,無,陰性
11872,50-59歲,男,無,陰性
11873,20-29歲,男,無,陰性
11874,20-29歲,男,無,陰性
11875,50-59歲,男,無,陰性
11876,60歲以上,男,無,陰性
11877,20-29歲,女,無,陰性
11878,60歲以上,男,無,陰性
11879,40-49歲,男,二級,陽性
11880,60歲以上,女,無,陰性
11881,60歲以上,男,無,陰性
11882,60歲以上,男,無,陰性
11883,30-39歲,女,一級,陽性
11884,19歲以下,男,無,陰性
11885,19歲以下,男,無,陰性
11886,60歲以上,男,無,陰性
11887,50-59歲,女,無,陰性
11888,40-49歲,男,無,陰性
11889,40-49歲,男,無,陰性
11890,40-49歲,男,二級,陽性
11891,50-59歲,男,二級,陽性
11892,50-59歲,男,無,陰性
11893,30-39歲,男,三級,陽性
11894,50-59歲,男,無,陰性
11895,50-59歲,男,無,陰性
11896,40-49歲,男,無,陰性
11897,30-39歲,男,無,陰性
11898,50-59歲,男,二級,陽性
11899,50-59歲,男,無,陰性
11900,40-49歲,男,無,陰性
11901,40-49歲,男,無,陰性
11902,19歲以下,男,無,陰性
11903,60歲以上,女,無,陰性
11904,40-49歲,女,無,陰性
11905,30-39歲,男,無,陰性
11906,40-49歲,女,無,陰性
11907,40-49歲,女,無,陰性
11908,50-59歲,男,無,陰性
11909,50-59歲,男,無,陰性
11910,50-59歲,男,無,陰性
11911,20-29歲,女,無,陰性
11912,30-39歲,男,二級,陽性
11913,50-59歲,男,無,陰性
11914,50-59歲,男,無,陰性
11915,40-49歲,男,無,陰性
11916,30-39歲,男,二級,陽性
11917,50-59歲,男,無,陰性
11918,60歲以上,男,二級,陽性
11919,40-49歲,男,無,陰性
11920,50-59歲,男,無,陰性
11921,40-49歲,男,無,陰性
11922,30-39歲,男,無,陰性
11923,30-39歲,男,無,陰性
11924,30-39歲,男,無,陰性
11925,60歲以上,男,無,陰性
11926,40-49歲,男,無,陰性
11927,40-49歲,男,無,陰性
11928,19歲以下,男,二級,陽性
11929,20-29歲,男,二級,陽性
11930,50-59歲,男,三級,陽性
11931,40-49歲,男,無,陰性
11932,40-49歲,男,無,陰性
11933,60歲以上,男,無,陰性
11934,50-59歲,男,無,陰性
11935,30-39歲,男,無,陰性
11936,60歲以上,女,無,陰性
11937,30-39歲,男,無,陰性
11938,60歲以上,男,無,陰性
11939,40-49歲,男,無,陰性
11940,40-49歲,男,無,陰性
11941,40-49歲,男,無,陰性
11942,20-29歲,女,無,陰性
11943,20-29歲,男,無,陰性
11944,40-49歲,男,無,陰性
11945,50-59歲,男,無,陰性
11946,50-59歲,男,無,陰性
11947,50-59歲,女,二級,陽性
11948,40-49歲,男,二級,陽性
11949,30-39歲,男,無,陰性
11950,20-29歲,男,無,陰性
11951,20-29歲,男,無,陰性
11952,30-39歲,男,二級,陽性
11953,40-49歲,男,無,陰性
11954,40-49歲,男,無,陰性
11955,40-49歲,男,無,陰性
11956,40-49歲,男,三級,陽性
11957,30-39歲,男,二級,陽性
11958,50-59歲,男,無,陰性
11959,50-59歲,男,二級,陽性
11960,60歲以上,男,無,陰性
11961,40-49歲,男,一級,陽性
11962,50-59歲,男,無,陰性
11963,50-59歲,男,無,陰性
11964,40-49歲,女,二級,陽性
11965,30-39歲,男,無,陰性
11966,50-59歲,男,無,陰性
11967,40-49歲,男,無,陰性
11968,40-49歲,男,一級,陽性
11969,50-59歲,男,二級,陽性
11970,30-39歲,男,無,陰性
11971,40-49歲,男,無,陰性
11972,19歲以下,男,二級,陽性
11973,60歲以上,男,無,陰性
11974,50-59歲,女,無,陰性
11975,60歲以上,男,無,陰性
11976,50-59歲,女,二級,陽性
11977,40-49歲,男,無,陰性
11978,30-39歲,男,無,陰性
11979,20-29歲,女,無,陰性
11980,40-49歲,男,無,陰性
11981,20-29歲,男,無,陰性
11982,20-29歲,男,無,陰性
11983,20-29歲,男,無,陰性
11984,19歲以下,男,無,陰性
11985,40-49歲,男,無,陰性
11986,50-59歲,男,無,陰性
11987,50-59歲,男,無,陰性
11988,30-39歲,女,無,陰性
11989,40-49歲,女,無,陰性
11990,40-49歲,男,二級,陽性
11991,40-49歲,男,無,陰性
11992,20-29歲,男,無,陰性
11993,20-29歲,男,無,陰性
11994,30-39歲,男,二級,陽性
11995,40-49歲,男,無,陰性
11996,50-59歲,女,無,陰性
11997,40-49歲,男,二級,陽性
11998,60歲以上,女,無,陰性
11999,30-39歲,男,二級,陽性
12000,40-49歲,男,二級,陽性
12001,50-59歲,男,無,陰性
12002,50-59歲,男,無,陰性
12003,40-49歲,女,無,陰性
12004,30-39歲,男,無,陰性
12005,40-49歲,女,無,陰性
12006,40-49歲,男,無,陰性
12007,30-39歲,男,無,陰性
12008,40-49歲,男,二級,陽性
12009,40-49歲,男,無,陰性
12010,40-49歲,男,三級,陽性
12011,50-59歲,男,無,陰性
12012,30-39歲,男,無,陰性
12013,40-49歲,男,無,陰性
12014,50-59歲,女,無,陰性
12015,50-59歲,男,二級,陽性
12016,40-49歲,男,無,陰性
12017,50-59歲,男,無,陰性
12018,40-49歲,女,無,陰性
12019,40-49歲,男,無,陰性
12020,20-29歲,男,無,陰性
12021,40-49歲,男,無,陰性
12022,40-49歲,男,二級,陽性
12023,40-49歲,女,無,陰性
12024,30-39歲,男,無,陰性
12025,50-59歲,男,無,陰性
12026,50-59歲,男,二級,陽性
12027,40-49歲,男,無,陰性
12028,50-59歲,男,無,陰性
12029,60歲以上,男,二級,陽性
12030,60歲以上,男,無,陰性
12031,40-49歲,男,無,陰性
12032,50-59歲,男,無,陰性
12033,40-49歲,男,無,陰性
12034,30-39歲,男,二級,陽性
12035,50-59歲,男,無,陰性
12036,60歲以上,男,無,陰性
12037,30-39歲,男,無,陰性
12038,30-39歲,男,一級,陽性
12039,30-39歲,男,二級,陽性
12040,60歲以上,男,一級,陽性
12041,50-59歲,男,無,陰性
12042,50-59歲,男,二級,陽性
12043,40-49歲,女,無,陰性
12044,30-39歲,男,無,陰性
12045,30-39歲,男,一級,陽性
12046,19歲以下,男,無,陰性
12047,50-59歲,男,無,陰性
12048,40-49歲,男,無,陰性
12049,40-49歲,男,無,陰性
12050,60歲以上,男,無,陰性
12051,20-29歲,男,無,陰性
12052,60歲以上,男,無,陰性
12053,40-49歲,男,無,陰性
12054,30-39歲,男,無,陰性
12055,30-39歲,女,二級,陽性
12056,50-59歲,男,無,陰性
12057,40-49歲,男,無,陰性
12058,40-49歲,女,無,陰性
12059,60歲以上,男,二級,陽性
12060,50-59歲,女,無,陰性
12061,50-59歲,男,無,陰性
12062,40-49歲,男,無,陰性
12063,50-59歲,男,無,陰性
12064,30-39歲,男,二級,陽性
12065,40-49歲,男,二級,陽性
12066,50-59歲,男,無,陰性
12067,40-49歲,男,二級,陽性
12068,40-49歲,男,二級,陽性
12069,40-49歲,男,無,陰性
12070,50-59歲,男,無,陰性
12071,60歲以上,女,無,陰性
12072,40-49歲,男,一級,陽性
12073,40-49歲,男,二級,陽性
12074,40-49歲,男,無,陰性
12075,50-59歲,男,無,陰性
12076,50-59歲,男,無,陰性
12077,40-49歲,男,無,陰性
12078,30-39歲,男,無,陰性
12079,50-59歲,男,無,陰性
12080,40-49歲,男,二級,陽性
12081,40-49歲,男,無,陰性
12082,50-59歲,男,無,陰性
12083,60歲以上,男,無,陰性
12084,40-49歲,女,二級,陽性
12085,60歲以上,男,無,陰性
12086,40-49歲,男,二級,陽性
12087,20-29歲,男,無,陰性
12088,30-39歲,男,無,陰性
12089,50-59歲,男,無,陰性
12090,40-49歲,男,無,陰性
12091,40-49歲,男,無,陰性
12092,30-39歲,男,無,陰性
12093,60歲以上,男,無,陰性
12094,20-29歲,男,一級,陽性
12095,19歲以下,男,三級,陽性
12096,50-59歲,男,無,陰性
12097,50-59歲,男,無,陰性
12098,50-59歲,男,二級,陽性
12099,60歲以上,男,無,陰性
12100,40-49歲,男,無,陰性
12101,50-59歲,女,無,陰性
12102,40-49歲,男,無,陰性
12103,60歲以上,女,三級,陽性
12104,60歲以上,男,二級,陽性
12105,50-59歲,男,無,陰性
12106,50-59歲,男,無,陰性
12107,40-49歲,女,無,陰性
12108,50-59歲,男,無,陰性
12109,40-49歲,女,無,陰性
12110,60歲以上,男,無,陰性
12111,50-59歲,男,二級,陽性
12112,40-49歲,男,一級,陽性
12113,20-29歲,女,無,陰性
12114,50-59歲,男,無,陰性
12115,40-49歲,男,二級,陽性
12116,30-39歲,男,無,陰性
12117,50-59歲,男,二級,陽性
12118,40-49歲,女,無,陰性
12119,20-29歲,男,無,陰性
12120,40-49歲,男,無,陰性
12121,50-59歲,男,無,陰性
12122,50-59歲,男,無,陰性
12123,40-49歲,女,一級,陽性
12124,50-59歲,男,無,陰性
12125,40-49歲,男,無,陰性
12126,40-49歲,男,無,陰性
12127,40-49歲,女,無,陰性
12128,60歲以上,男,無,陰性
12129,50-59歲,男,無,陰性
12130,40-49歲,男,無,陰性
12131,20-29歲,女,無,陰性
12132,50-59歲,男,無,陰性
12133,40-49歲,女,二級,陽性
12134,50-59歲,男,二級,陽性
12135,40-49歲,女,二級,陽性
12136,40-49歲,男,無,陰性
12137,20-29歲,男,無,陰性
12138,40-49歲,男,無,陰性
12139,50-59歲,男,無,陰性
12140,40-49歲,男,一級,陽性
12141,40-49歲,男,無,陰性
12142,60歲以上,女,二級,陽性
12143,60歲以上,男,無,陰性
12144,20-29歲,男,無,陰性
12145,40-49歲,女,無,陰性
12146,60歲以上,男,無,陰性
12147,40-49歲,男,無,陰性
12148,50-59歲,男,二級,陽性
12149,60歲以上,男,二級,陽性
12150,30-39歲,男,無,陰性
12151,40-49歲,男,三級,陽性
12152,50-59歲,男,無,陰性
12153,40-49歲,女,無,陰性
12154,60歲以上,男,無,陰性
12155,50-59歲,男,二級,陽性
12156,30-39歲,男,無,陰性
12157,60歲以上,男,二級,陽性
12158,20-29歲,男,無,陰性
12159,30-39歲,男,無,陰性
12160,60歲以上,女,無,陰性
12161,40-49歲,男,一級,陽性
12162,30-39歲,男,二級,陽性
12163,19歲以下,男,二級,陽性
12164,50-59歲,男,無,陰性
12165,40-49歲,女,無,陰性
12166,30-39歲,女,二級,陽性
12167,60歲以上,男,無,陰性
12168,40-49歲,男,無,陰性
12169,50-59歲,男,無,陰性
12170,40-49歲,男,無,陰性
12171,40-49歲,男,無,陰性
12172,40-49歲,男,無,陰性
12173,40-49歲,男,無,陰性
12174,60歲以上,男,無,陰性
12175,30-39歲,男,三級,陽性
12176,40-49歲,男,二級,陽性
12177,20-29歲,男,無,陰性
12178,40-49歲,男,二級,陽性
12179,30-39歲,男,無,陰性
12180,60歲以上,男,二級,陽性
12181,40-49歲,男,無,陰性
12182,50-59歲,男,二級,陽性
12183,50-59歲,男,無,陰性
12184,40-49歲,女,無,陰性
12185,40-49歲,男,無,陰性
12186,30-39歲,男,無,陰性
12187,40-49歲,男,二級,陽性
12188,30-39歲,男,二級,陽性
12189,40-49歲,男,二級,陽性
12190,60歲以上,男,三級,陽性
12191,20-29歲,男,無,陰性
12192,40-49歲,男,無,陰性
12193,50-59歲,男,無,陰性
12194,60歲以上,男,二級,陽性
12195,60歲以上,男,無,陰性
12196,60歲以上,男,無,陰性
12197,20-29歲,男,無,陰性
12198,30-39歲,男,一級,陽性
12199,50-59歲,男,二級,陽性
12200,60歲以上,女,無,陰性
12201,40-49歲,男,無,陰性
12202,19歲以下,男,無,陰性
12203,30-39歲,女,無,陰性
12204,40-49歲,男,無,陰性
12205,20-29歲,女,無,陰性
12206,50-59歲,男,無,陰性
12207,60歲以上,男,無,陰性
12208,50-59歲,女,二級,陽性
12209,40-49歲,女,無,陰性
12210,30-39歲,男,一級,陽性
12211,30-39歲,男,無,陰性
12212,30-39歲,男,二級,陽性
12213,20-29歲,男,無,陰性
12214,40-49歲,男,二級,陽性
12215,40-49歲,男,無,陰性
12216,40-49歲,男,無,陰性
12217,40-49歲,男,無,陰性
12218,19歲以下,男,二級,陽性
12219,30-39歲,男,無,陰性
12220,60歲以上,男,無,陰性
12221,40-49歲,男,無,陰性
12222,50-59歲,女,無,陰性
12223,50-59歲,男,無,陰性
12224,20-29歲,男,無,陰性
12225,20-29歲,男,二級,陽性
12226,40-49歲,女,無,陰性
12227,50-59歲,女,無,陰性
12228,50-59歲,男,無,陰性
12229,60歲以上,男,二級,陽性
12230,40-49歲,男,二級,陽性
12231,40-49歲,男,無,陰性
12232,50-59歲,男,無,陰性
12233,40-49歲,男,無,陰性
12234,40-49歲,男,無,陰性
12235,40-49歲,男,無,陰性
12236,30-39歲,男,無,陰性
12237,40-49歲,男,無,陰性
12238,20-29歲,男,無,陰性
12239,40-49歲,男,二級,陽性
12240,60歲以上,男,無,陰性
12241,40-49歲,男,無,陰性
12242,30-39歲,女,無,陰性
12243,30-39歲,女,無,陰性
12244,50-59歲,男,無,陰性
12245,40-49歲,男,無,陰性
12246,30-39歲,女,無,陰性
12247,60歲以上,女,二級,陽性
12248,50-59歲,男,無,陰性
12249,50-59歲,女,無,陰性
12250,40-49歲,男,無,陰性
12251,30-39歲,男,無,陰性
12252,40-49歲,男,無,陰性
12253,20-29歲,男,無,陰性
12254,60歲以上,男,無,陰性
12255,30-39歲,男,無,陰性
12256,40-49歲,男,無,陰性
12257,20-29歲,男,二級,陽性
12258,40-49歲,男,二級,陽性
12259,40-49歲,女,無,陰性
12260,40-49歲,女,無,陰性
12261,50-59歲,男,無,陰性
12262,50-59歲,男,無,陰性
12263,30-39歲,男,無,陰性
12264,50-59歲,女,無,陰性
12265,60歲以上,男,無,陰性
12266,40-49歲,男,無,陰性
12267,50-59歲,男,無,陰性
12268,50-59歲,男,無,陰性
12269,30-39歲,男,三級,陽性
12270,40-49歲,男,無,陰性
12271,40-49歲,男,無,陰性
12272,40-49歲,男,一級,陽性
12273,40-49歲,男,無,陰性
12274,50-59歲,男,無,陰性
12275,50-59歲,男,無,陰性
12276,40-49歲,男,無,陰性
12277,40-49歲,女,無,陰性
12278,50-59歲,男,無,陰性
12279,20-29歲,女,無,陰性
12280,50-59歲,男,無,陰性
12281,40-49歲,男,無,陰性
12282,30-39歲,男,無,陰性
12283,50-59歲,男,無,陰性
12284,40-49歲,女,無,陰性
12285,50-59歲,男,三級,陽性
12286,50-59歲,男,無,陰性
12287,50-59歲,男,無,陰性
12288,40-49歲,男,無,陰性
12289,30-39歲,男,二級,陽性
12290,40-49歲,男,無,陰性
12291,40-49歲,男,無,陰性
12292,50-59歲,男,無,陰性
12293,40-49歲,男,無,陰性
12294,50-59歲,男,無,陰性
12295,60歲以上,男,無,陰性
12296,50-59歲,男,無,陰性
12297,20-29歲,男,無,陰性
12298,50-59歲,男,無,陰性
12299,60歲以上,男,無,陰性
12300,50-59歲,男,無,陰性
12301,30-39歲,男,無,陰性
12302,40-49歲,男,無,陰性
12303,40-49歲,男,無,陰性
12304,60歲以上,男,無,陰性
12305,60歲以上,男,無,陰性
12306,30-39歲,男,無,陰性
12307,19歲以下,男,無,陰性
12308,19歲以下,男,無,陰性
12309,40-49歲,男,三級,陽性
12310,20-29歲,男,無,陰性
12311,40-49歲,男,無,陰性
12312,40-49歲,男,無,陰性
12313,40-49歲,男,無,陰性
12314,40-49歲,男,無,陰性
12315,50-59歲,男,無,陰性
12316,30-39歲,男,無,陰性
12317,60歲以上,男,二級,陽性
12318,50-59歲,男,無,陰性
12319,50-59歲,女,二級,陽性
12320,50-59歲,男,無,陰性
12321,40-49歲,女,無,陰性
12322,50-59歲,男,無,陰性
12323,30-39歲,男,無,陰性
12324,40-49歲,女,無,陰性
12325,60歲以上,男,二級,陽性
12326,50-59歲,男,無,陰性
12327,40-49歲,男,無,陰性
12328,40-49歲,男,無,陰性
12329,19歲以下,男,無,陰性
12330,50-59歲,男,無,陰性
12331,30-39歲,男,二級,陽性
12332,50-59歲,男,無,陰性
12333,40-49歲,男,無,陰性
12334,50-59歲,女,無,陰性
12335,30-39歲,男,二級,陽性
12336,40-49歲,男,無,陰性
12337,30-39歲,男,二級,陽性
12338,40-49歲,女,無,陰性
12339,50-59歲,男,無,陰性
12340,50-59歲,男,無,陰性
12341,50-59歲,男,二級,陽性
12342,60歲以上,男,二級,陽性
12343,20-29歲,男,無,陰性
12344,30-39歲,男,無,陰性
12345,20-29歲,男,無,陰性
12346,50-59歲,男,二級,陽性
12347,40-49歲,男,無,陰性
12348,50-59歲,男,無,陰性
12349,50-59歲,男,無,陰性
12350,50-59歲,男,無,陰性
12351,40-49歲,男,無,陰性
12352,40-49歲,女,無,陰性
12353,40-49歲,女,三級,陽性
12354,50-59歲,男,無,陰性
12355,40-49歲,男,無,陰性
12356,40-49歲,女,二級,陽性
12357,50-59歲,男,二級,陽性
12358,30-39歲,男,一級,陽性
12359,19歲以下,男,無,陰性
12360,20-29歲,男,無,陰性
12361,40-49歲,男,二級,陽性
12362,40-49歲,女,無,陰性
12363,50-59歲,男,二級,陽性
12364,50-59歲,女,三級,陽性
12365,50-59歲,男,無,陰性
12366,40-49歲,女,二級,陽性
12367,50-59歲,男,無,陰性
12368,20-29歲,女,無,陰性
12369,19歲以下,男,無,陰性
12370,60歲以上,男,無,陰性
12371,60歲以上,男,二級,陽性
12372,40-49歲,男,無,陰性
12373,40-49歲,男,無,陰性
12374,40-49歲,男,無,陰性
12375,40-49歲,男,無,陰性
12376,20-29歲,男,無,陰性
12377,30-39歲,男,二級,陽性
12378,20-29歲,男,無,陰性
12379,30-39歲,男,二級,陽性
12380,50-59歲,女,無,陰性
12381,60歲以上,男,無,陰性
12382,50-59歲,男,無,陰性
12383,40-49歲,男,二級,陽性
12384,40-49歲,男,無,陰性
12385,40-49歲,男,無,陰性
12386,50-59歲,男,無,陰性
12387,20-29歲,男,無,陰性
12388,50-59歲,男,無,陰性
12389,20-29歲,男,無,陰性
12390,40-49歲,男,無,陰性
12391,40-49歲,男,無,陰性
12392,19歲以下,男,無,陰性
12393,20-29歲,女,二級,陽性
12394,30-39歲,男,無,陰性
12395,30-39歲,女,無,陰性
12396,50-59歲,男,無,陰性
12397,60歲以上,男,無,陰性
12398,50-59歲,男,二級,陽性
12399,40-49歲,女,二級,陽性
12400,40-49歲,女,無,陰性
12401,30-39歲,男,無,陰性
12402,40-49歲,男,無,陰性
12403,20-29歲,男,一級,陽性
12404,50-59歲,男,無,陰性
12405,40-49歲,男,無,陰性
12406,50-59歲,男,二級,陽性
12407,40-49歲,男,無,陰性
12408,40-49歲,女,無,陰性
12409,60歲以上,男,無,陰性
12410,40-49歲,男,無,陰性
12411,40-49歲,男,無,陰性
12412,40-49歲,男,無,陰性
12413,40-49歲,女,無,陰性
12414,40-49歲,女,無,陰性
12415,40-49歲,男,無,陰性
12416,50-59歲,男,無,陰性
12417,50-59歲,男,三級,陽性
12418,50-59歲,女,無,陰性
12419,50-59歲,男,無,陰性
12420,50-59歲,男,三級,陽性
12421,50-59歲,男,無,陰性
12422,30-39歲,男,二級,陽性
12423,40-49歲,女,無,陰性
12424,30-39歲,男,無,陰性
12425,50-59歲,女,無,陰性
12426,30-39歲,男,無,陰性
12427,30-39歲,男,二級,陽性
12428,40-49歲,男,二級,陽性
12429,50-59歲,男,無,陰性
12430,50-59歲,男,無,陰性
12431,20-29歲,女,無,陰性
12432,60歲以上,女,三級,陽性
12433,50-59歲,男,無,陰性
12434,50-59歲,男,二級,陽性
12435,30-39歲,男,無,陰性
12436,50-59歲,男,無,陰性
12437,40-49歲,女,二級,陽性
12438,50-59歲,男,無,陰性
12439,50-59歲,男,無,陰性
12440,30-39歲,男,無,陰性
12441,20-29歲,女,無,陰性
12442,20-29歲,男,無,陰性
12443,40-49歲,男,三級,陽性
12444,30-39歲,男,無,陰性
12445,40-49歲,女,無,陰性
12446,50-59歲,男,無,陰性
12447,50-59歲,男,三級,陽性
12448,60歲以上,男,一級,陽性
12449,40-49歲,女,無,陰性
12450,40-49歲,男,無,陰性
12451,30-39歲,女,無,陰性
12452,20-29歲,男,二級,陽性
12453,30-39歲,男,無,陰性
12454,50-59歲,男,無,陰性
12455,50-59歲,女,無,陰性
12456,40-49歲,男,無,陰性
12457,40-49歲,女,二級,陽性
12458,30-39歲,男,無,陰性
12459,50-59歲,女,三級,陽性
12460,19歲以下,女,無,陰性
12461,40-49歲,男,二級,陽性
12462,20-29歲,男,無,陰性
12463,40-49歲,男,無,陰性
12464,50-59歲,男,二級,陽性
12465,30-39歲,男,無,陰性
12466,50-59歲,男,無,陰性
12467,50-59歲,男,無,陰性
12468,30-39歲,男,無,陰性
12469,40-49歲,男,無,陰性
12470,40-49歲,男,無,陰性
12471,50-59歲,男,無,陰性
12472,30-39歲,男,無,陰性
12473,20-29歲,女,無,陰性
12474,19歲以下,男,無,陰性
12475,20-29歲,男,無,陰性
12476,40-49歲,男,一級,陽性
12477,20-29歲,男,二級,陽性
12478,40-49歲,男,二級,陽性
12479,50-59歲,男,無,陰性
12480,40-49歲,女,無,陰性
12481,50-59歲,男,無,陰性
12482,30-39歲,男,二級,陽性
12483,50-59歲,男,三級,陽性
12484,50-59歲,男,無,陰性
12485,30-39歲,男,無,陰性
12486,40-49歲,男,無,陰性
12487,50-59歲,男,無,陰性
12488,30-39歲,男,無,陰性
12489,50-59歲,男,無,陰性
12490,20-29歲,男,無,陰性
12491,20-29歲,男,無,陰性
12492,20-29歲,男,二級,陽性
12493,20-29歲,男,無,陰性
12494,40-49歲,男,無,陰性
12495,40-49歲,男,無,陰性
12496,40-49歲,男,無,陰性
12497,60歲以上,男,無,陰性
12498,40-49歲,男,無,陰性
12499,50-59歲,男,無,陰性
12500,30-39歲,男,無,陰性
12501,40-49歲,男,無,陰性
12502,20-29歲,女,無,陰性
12503,40-49歲,男,無,陰性
12504,40-49歲,男,無,陰性
12505,40-49歲,男,三級,陽性
12506,20-29歲,女,無,陰性
12507,20-29歲,男,無,陰性
12508,40-49歲,女,三級,陽性
12509,40-49歲,男,無,陰性
12510,19歲以下,女,一級,陽性
12511,40-49歲,男,無,陰性
12512,30-39歲,男,無,陰性
12513,40-49歲,男,無,陰性
12514,30-39歲,男,無,陰性
12515,40-49歲,女,無,陰性
12516,40-49歲,男,無,陰性
12517,40-49歲,男,無,陰性
12518,50-59歲,女,二級,陽性
12519,40-49歲,女,一級,陽性
12520,40-49歲,女,無,陰性
12521,40-49歲,男,無,陰性
12522,40-49歲,男,二級,陽性
12523,30-39歲,男,二級,陽性
12524,40-49歲,男,無,陰性
12525,19歲以下,男,三級,陽性
12526,60歲以上,男,一級,陽性
12527,20-29歲,女,無,陰性
12528,30-39歲,男,二級,陽性
12529,50-59歲,男,無,陰性
12530,30-39歲,男,無,陰性
12531,30-39歲,男,無,陰性
12532,40-49歲,男,無,陰性
12533,40-49歲,男,無,陰性
12534,20-29歲,女,無,陰性
12535,30-39歲,女,無,陰性
12536,60歲以上,男,無,陰性
12537,50-59歲,男,無,陰性
12538,30-39歲,女,無,陰性
12539,20-29歲,男,無,陰性
12540,50-59歲,男,二級,陽性
12541,50-59歲,女,二級,陽性
12542,40-49歲,男,無,陰性
12543,50-59歲,男,無,陰性
12544,20-29歲,女,無,陰性
12545,40-49歲,男,二級,陽性
12546,40-49歲,男,無,陰性
12547,40-49歲,男,無,陰性
12548,60歲以上,男,無,陰性
12549,40-49歲,女,二級,陽性
12550,20-29歲,男,二級,陽性
12551,40-49歲,男,無,陰性
12552,60歲以上,女,無,陰性
12553,60歲以上,男,二級,陽性
12554,40-49歲,男,無,陰性
12555,50-59歲,男,無,陰性
12556,60歲以上,男,無,陰性
12557,30-39歲,男,二級,陽性
12558,40-49歲,男,無,陰性
12559,40-49歲,男,無,陰性
12560,50-59歲,男,無,陰性
12561,60歲以上,男,無,陰性
12562,40-49歲,男,無,陰性
12563,60歲以上,男,無,陰性
12564,40-49歲,女,無,陰性
12565,50-59歲,男,二級,陽性
12566,50-59歲,男,無,陰性
12567,50-59歲,男,無,陰性
12568,40-49歲,男,二級,陽性
12569,50-59歲,女,無,陰性
12570,40-49歲,女,無,陰性
12571,40-49歲,男,無,陰性
12572,20-29歲,男,無,陰性
12573,50-59歲,女,無,陰性
12574,40-49歲,男,無,陰性
12575,40-49歲,男,無,陰性
12576,50-59歲,男,無,陰性
12577,30-39歲,男,無,陰性
12578,40-49歲,男,無,陰性
12579,40-49歲,男,無,陰性
12580,40-49歲,男,無,陰性
12581,30-39歲,男,無,陰性
12582,40-49歲,男,無,陰性
12583,50-59歲,男,無,陰性
12584,50-59歲,男,無,陰性
12585,40-49歲,男,無,陰性
12586,40-49歲,男,無,陰性
12587,50-59歲,女,無,陰性
12588,50-59歲,女,無,陰性
12589,30-39歲,女,二級,陽性
12590,60歲以上,女,無,陰性
12591,50-59歲,男,無,陰性
12592,50-59歲,男,無,陰性
12593,30-39歲,男,無,陰性
12594,40-49歲,男,二級,陽性
12595,50-59歲,女,無,陰性
12596,50-59歲,男,無,陰性
12597,60歲以上,女,無,陰性
12598,40-49歲,男,無,陰性
12599,20-29歲,男,二級,陽性
12600,50-59歲,男,無,陰性
12601,40-49歲,女,無,陰性
12602,50-59歲,男,無,陰性
12603,50-59歲,男,無,陰性
12604,40-49歲,男,無,陰性
12605,50-59歲,男,一級,陽性
12606,30-39歲,男,無,陰性
12607,50-59歲,男,無,陰性
12608,40-49歲,男,二級,陽性
12609,40-49歲,男,無,陰性
12610,40-49歲,女,無,陰性
12611,20-29歲,男,無,陰性
12612,30-39歲,男,無,陰性
12613,50-59歲,男,無,陰性
12614,19歲以下,男,無,陰性
12615,60歲以上,男,無,陰性
12616,40-49歲,男,無,陰性
12617,40-49歲,男,無,陰性
12618,50-59歲,男,無,陰性
12619,50-59歲,男,無,陰性
12620,30-39歲,男,無,陰性
12621,40-49歲,女,無,陰性
12622,30-39歲,男,無,陰性
12623,30-39歲,男,無,陰性
12624,40-49歲,女,無,陰性
12625,19歲以下,男,無,陰性
12626,30-39歲,男,無,陰性
12627,30-39歲,男,無,陰性
12628,50-59歲,女,無,陰性
12629,50-59歲,男,無,陰性
12630,60歲以上,男,二級,陽性
12631,40-49歲,女,無,陰性
12632,50-59歲,男,無,陰性
12633,50-59歲,女,無,陰性
12634,40-49歲,女,無,陰性
12635,50-59歲,男,二級,陽性
12636,40-49歲,男,無,陰性
12637,30-39歲,男,無,陰性
12638,50-59歲,男,無,陰性
12639,60歲以上,男,無,陰性
12640,19歲以下,男,無,陰性
12641,40-49歲,男,無,陰性
12642,60歲以上,女,無,陰性
12643,50-59歲,男,二級,陽性
12644,40-49歲,女,三級,陽性
12645,50-59歲,男,無,陰性
12646,60歲以上,男,二級,陽性
12647,50-59歲,女,無,陰性
12648,40-49歲,男,無,陰性
12649,50-59歲,男,無,陰性
12650,30-39歲,女,無,陰性
12651,50-59歲,男,無,陰性
12652,40-49歲,男,無,陰性
12653,40-49歲,男,二級,陽性
12654,40-49歲,男,無,陰性
12655,40-49歲,男,無,陰性
12656,50-59歲,男,無,陰性
12657,30-39歲,男,無,陰性
12658,40-49歲,男,二級,陽性
12659,40-49歲,女,無,陰性
12660,40-49歲,男,無,陰性
12661,20-29歲,男,無,陰性
12662,40-49歲,男,無,陰性
12663,40-49歲,男,無,陰性
12664,40-49歲,男,無,陰性
12665,30-39歲,女,二級,陽性
12666,30-39歲,男,無,陰性
12667,50-59歲,男,無,陰性
12668,40-49歲,男,二級,陽性
12669,40-49歲,男,無,陰性
12670,60歲以上,男,無,陰性
12671,50-59歲,女,無,陰性
12672,50-59歲,男,無,陰性
12673,20-29歲,男,二級,陽性
12674,20-29歲,男,無,陰性
12675,20-29歲,男,無,陰性
12676,50-59歲,男,無,陰性
12677,30-39歲,女,無,陰性
12678,40-49歲,女,無,陰性
12679,50-59歲,男,無,陰性
12680,60歲以上,男,無,陰性
12681,30-39歲,男,無,陰性
12682,40-49歲,男,二級,陽性
12683,30-39歲,男,無,陰性
12684,50-59歲,男,無,陰性
12685,40-49歲,男,無,陰性
12686,19歲以下,男,二級,陽性
12687,30-39歲,男,無,陰性
12688,50-59歲,男,無,陰性
12689,50-59歲,女,無,陰性
12690,30-39歲,男,三級,陽性
12691,50-59歲,女,無,陰性
12692,30-39歲,男,無,陰性
12693,19歲以下,男,無,陰性
12694,50-59歲,男,無,陰性
12695,40-49歲,男,無,陰性
12696,40-49歲,男,無,陰性
12697,40-49歲,男,無,陰性
12698,50-59歲,女,無,陰性
12699,40-49歲,男,無,陰性
12700,40-49歲,男,無,陰性
12701,50-59歲,女,無,陰性
12702,40-49歲,男,二級,陽性
12703,60歲以上,男,二級,陽性
12704,50-59歲,男,無,陰性
12705,40-49歲,男,無,陰性
12706,40-49歲,男,無,陰性
12707,19歲以下,男,無,陰性
12708,20-29歲,男,三級,陽性
12709,30-39歲,女,三級,陽性
12710,50-59歲,男,無,陰性
12711,30-39歲,男,二級,陽性
12712,60歲以上,男,無,陰性
12713,30-39歲,男,二級,陽性
12714,40-49歲,女,無,陰性
12715,19歲以下,男,無,陰性
12716,40-49歲,男,無,陰性
12717,40-49歲,男,無,陰性
12718,30-39歲,男,無,陰性
12719,40-49歲,男,無,陰性
12720,40-49歲,女,無,陰性
12721,40-49歲,男,二級,陽性
12722,40-49歲,男,無,陰性
12723,40-49歲,男,無,陰性
12724,40-49歲,男,無,陰性
12725,20-29歲,男,無,陰性
12726,30-39歲,男,二級,陽性
12727,40-49歲,男,無,陰性
12728,50-59歲,男,無,陰性
12729,40-49歲,男,無,陰性
12730,30-39歲,男,二級,陽性
12731,50-59歲,男,無,陰性
12732,60歲以上,男,二級,陽性
12733,50-59歲,男,無,陰性
12734,50-59歲,男,無,陰性
12735,40-49歲,男,無,陰性
12736,30-39歲,男,無,陰性
12737,40-49歲,男,二級,陽性
12738,40-49歲,女,無,陰性
12739,50-59歲,男,無,陰性
12740,40-49歲,男,三級,陽性
12741,50-59歲,男,二級,陽性
12742,20-29歲,男,無,陰性
12743,40-49歲,女,無,陰性
12744,50-59歲,男,無,陰性
12745,30-39歲,男,無,陰性
12746,30-39歲,男,二級,陽性
12747,60歲以上,男,無,陰性
12748,40-49歲,男,二級,陽性
12749,20-29歲,男,無,陰性
12750,40-49歲,男,二級,陽性
12751,30-39歲,男,無,陰性
12752,40-49歲,男,無,陰性
12753,50-59歲,男,無,陰性
12754,30-39歲,男,二級,陽性
12755,30-39歲,男,無,陰性
12756,30-39歲,男,二級,陽性
12757,40-49歲,女,無,陰性
12758,50-59歲,男,無,陰性
12759,40-49歲,男,二級,陽性
12760,60歲以上,男,二級,陽性
12761,40-49歲,男,二級,陽性
12762,50-59歲,男,三級,陽性
12763,60歲以上,女,無,陰性
12764,50-59歲,女,二級,陽性
12765,30-39歲,男,二級,陽性
12766,50-59歲,男,無,陰性
12767,40-49歲,男,無,陰性
12768,30-39歲,男,無,陰性
12769,40-49歲,女,無,陰性
12770,40-49歲,女,無,陰性
12771,40-49歲,男,無,陰性
12772,50-59歲,男,無,陰性
12773,30-39歲,男,二級,陽性
12774,30-39歲,男,無,陰性
12775,40-49歲,男,三級,陽性
12776,40-49歲,男,無,陰性
12777,60歲以上,男,無,陰性
12778,50-59歲,男,無,陰性
12779,50-59歲,男,無,陰性
12780,40-49歲,女,無,陰性
12781,40-49歲,男,無,陰性
12782,40-49歲,男,無,陰性
12783,40-49歲,男,無,陰性
12784,40-49歲,男,無,陰性
12785,40-49歲,男,二級,陽性
12786,20-29歲,女,無,陰性
12787,20-29歲,男,二級,陽性
12788,20-29歲,男,無,陰性
12789,40-49歲,女,二級,陽性
12790,40-49歲,男,無,陰性
12791,50-59歲,男,二級,陽性
12792,50-59歲,男,二級,陽性
12793,50-59歲,女,二級,陽性
12794,40-49歲,男,無,陰性
12795,60歲以上,男,無,陰性
12796,30-39歲,男,無,陰性
12797,50-59歲,女,二級,陽性
12798,50-59歲,女,二級,陽性
12799,50-59歲,男,無,陰性
12800,60歲以上,男,無,陰性
12801,40-49歲,男,三級,陽性
12802,20-29歲,女,無,陰性
12803,60歲以上,男,無,陰性
12804,50-59歲,男,二級,陽性
12805,60歲以上,男,無,陰性
12806,50-59歲,男,無,陰性
12807,50-59歲,女,無,陰性
12808,50-59歲,男,無,陰性
12809,40-49歲,男,無,陰性
12810,40-49歲,女,無,陰性
12811,60歲以上,男,二級,陽性
12812,30-39歲,男,無,陰性
12813,60歲以上,男,二級,陽性
12814,20-29歲,男,無,陰性
12815,60歲以上,男,二級,陽性
12816,40-49歲,男,無,陰性
12817,40-49歲,男,無,陰性
12818,40-49歲,男,無,陰性
12819,50-59歲,男,無,陰性
12820,40-49歲,男,無,陰性
12821,40-49歲,男,無,陰性
12822,50-59歲,男,無,陰性
12823,50-59歲,男,二級,陽性
12824,50-59歲,男,無,陰性
12825,50-59歲,男,無,陰性
12826,50-59歲,男,無,陰性
12827,40-49歲,男,無,陰性
12828,30-39歲,女,無,陰性
12829,40-49歲,男,無,陰性
12830,30-39歲,男,無,陰性
12831,40-49歲,女,無,陰性
12832,20-29歲,男,無,陰性
12833,30-39歲,男,二級,陽性
12834,30-39歲,男,無,陰性
12835,40-49歲,男,無,陰性
12836,30-39歲,男,無,陰性
12837,40-49歲,男,無,陰性
12838,20-29歲,男,二級,陽性
12839,50-59歲,男,無,陰性
12840,60歲以上,男,無,陰性
12841,50-59歲,女,二級,陽性
12842,19歲以下,男,無,陰性
12843,40-49歲,女,無,陰性
12844,30-39歲,男,一級,陽性
12845,40-49歲,男,無,陰性
12846,60歲以上,男,二級,陽性
12847,20-29歲,男,二級,陽性
12848,20-29歲,男,無,陰性
12849,50-59歲,男,無,陰性
12850,40-49歲,男,一級,陽性
12851,40-49歲,女,二級,陽性
12852,30-39歲,男,一級,陽性
12853,50-59歲,男,無,陰性
12854,50-59歲,男,無,陰性
12855,50-59歲,男,無,陰性
12856,60歲以上,男,無,陰性
12857,30-39歲,男,無,陰性
12858,60歲以上,男,無,陰性
12859,50-59歲,男,無,陰性
12860,50-59歲,女,三級,陽性
12861,40-49歲,男,無,陰性
12862,40-49歲,女,二級,陽性
12863,40-49歲,男,無,陰性
12864,50-59歲,男,無,陰性
12865,40-49歲,男,無,陰性
12866,50-59歲,男,無,陰性
12867,50-59歲,男,無,陰性
12868,40-49歲,女,二級,陽性
12869,20-29歲,男,二級,陽性
12870,50-59歲,男,無,陰性
12871,50-59歲,男,三級,陽性
12872,50-59歲,女,無,陰性
12873,40-49歲,男,無,陰性
12874,30-39歲,男,無,陰性
12875,30-39歲,男,三級,陽性
12876,50-59歲,男,二級,陽性
12877,60歲以上,女,一級,陽性
12878,30-39歲,男,無,陰性
12879,40-49歲,男,無,陰性
12880,30-39歲,男,無,陰性
12881,60歲以上,女,無,陰性
12882,40-49歲,女,無,陰性
12883,50-59歲,女,無,陰性
12884,50-59歲,男,二級,陽性
12885,30-39歲,女,無,陰性
12886,50-59歲,女,無,陰性
12887,30-39歲,男,無,陰性
12888,40-49歲,女,無,陰性
12889,40-49歲,女,無,陰性
12890,30-39歲,女,無,陰性
12891,60歲以上,男,二級,陽性
12892,40-49歲,男,無,陰性
12893,20-29歲,男,無,陰性
12894,40-49歲,男,無,陰性
12895,40-49歲,男,無,陰性
12896,30-39歲,男,無,陰性
12897,50-59歲,男,無,陰性
12898,60歲以上,女,二級,陽性
12899,40-49歲,女,無,陰性
12900,60歲以上,男,無,陰性
12901,50-59歲,女,無,陰性
12902,40-49歲,男,二級,陽性
12903,40-49歲,男,無,陰性
12904,30-39歲,男,無,陰性
12905,50-59歲,男,無,陰性
12906,40-49歲,男,無,陰性
12907,50-59歲,男,二級,陽性
12908,60歲以上,女,無,陰性
12909,40-49歲,男,無,陰性
12910,50-59歲,男,無,陰性
12911,60歲以上,女,二級,陽性
12912,50-59歲,男,無,陰性
12913,50-59歲,男,無,陰性
12914,40-49歲,男,二級,陽性
12915,40-49歲,男,無,陰性
12916,30-39歲,男,無,陰性
12917,40-49歲,男,無,陰性
12918,30-39歲,男,無,陰性
12919,19歲以下,男,無,陰性
12920,40-49歲,男,無,陰性
12921,40-49歲,男,無,陰性
12922,30-39歲,男,無,陰性
12923,20-29歲,男,無,陰性
12924,30-39歲,男,無,陰性
12925,60歲以上,男,無,陰性
12926,30-39歲,男,無,陰性
12927,30-39歲,男,無,陰性
12928,20-29歲,女,二級,陽性
12929,50-59歲,男,無,陰性
12930,50-59歲,男,無,陰性
12931,30-39歲,男,無,陰性
12932,60歲以上,男,無,陰性
12933,30-39歲,男,無,陰性
12934,40-49歲,男,一級,陽性
12935,40-49歲,男,無,陰性
12936,20-29歲,男,無,陰性
12937,30-39歲,男,無,陰性
12938,50-59歲,男,無,陰性
12939,40-49歲,男,無,陰性
12940,40-49歲,男,無,陰性
12941,40-49歲,男,二級,陽性
12942,30-39歲,男,無,陰性
12943,30-39歲,男,無,陰性
12944,40-49歲,男,無,陰性
12945,40-49歲,男,無,陰性
12946,40-49歲,男,二級,陽性
12947,50-59歲,男,無,陰性
12948,50-59歲,男,二級,陽性
12949,50-59歲,男,三級,陽性
12950,30-39歲,男,無,陰性
12951,60歲以上,男,無,陰性
12952,50-59歲,男,無,陰性
12953,20-29歲,女,無,陰性
12954,60歲以上,男,無,陰性
12955,40-49歲,男,無,陰性
12956,20-29歲,男,無,陰性
12957,30-39歲,男,無,陰性
12958,40-49歲,男,無,陰性
12959,40-49歲,男,二級,陽性
12960,60歲以上,女,二級,陽性
12961,40-49歲,男,二級,陽性
12962,30-39歲,女,無,陰性
12963,40-49歲,男,無,陰性
12964,40-49歲,男,無,陰性
12965,30-39歲,男,二級,陽性
12966,30-39歲,男,無,陰性
12967,40-49歲,女,二級,陽性
12968,60歲以上,女,二級,陽性
12969,20-29歲,男,無,陰性
12970,50-59歲,男,無,陰性
12971,30-39歲,男,無,陰性
12972,60歲以上,女,無,陰性
12973,30-39歲,男,無,陰性
12974,30-39歲,男,無,陰性
12975,40-49歲,男,無,陰性
12976,40-49歲,男,無,陰性
12977,30-39歲,男,無,陰性
12978,40-49歲,男,無,陰性
12979,40-49歲,男,無,陰性
12980,20-29歲,男,無,陰性
12981,60歲以上,男,二級,陽性
12982,50-59歲,男,一級,陽性
12983,40-49歲,男,二級,陽性
12984,40-49歲,男,無,陰性
12985,40-49歲,男,無,陰性
12986,20-29歲,男,無,陰性
12987,30-39歲,女,三級,陽性
12988,30-39歲,男,一級,陽性
12989,30-39歲,男,一級,陽性
12990,30-39歲,男,無,陰性
12991,30-39歲,男,無,陰性
12992,50-59歲,男,二級,陽性
12993,40-49歲,男,三級,陽性
12994,19歲以下,女,無,陰性
12995,60歲以上,女,無,陰性
12996,20-29歲,女,無,陰性
12997,40-49歲,男,無,陰性
12998,30-39歲,男,無,陰性
12999,40-49歲,男,無,陰性
13000,40-49歲,男,二級,陽性
13001,60歲以上,男,無,陰性
13002,40-49歲,男,二級,陽性
13003,20-29歲,男,無,陰性
13004,30-39歲,男,二級,陽性
13005,40-49歲,男,二級,陽性
13006,50-59歲,男,無,陰性
13007,20-29歲,女,二級,陽性
13008,40-49歲,男,無,陰性
13009,40-49歲,男,無,陰性
13010,40-49歲,男,無,陰性
13011,30-39歲,男,無,陰性
13012,50-59歲,女,無,陰性
13013,20-29歲,男,無,陰性
13014,50-59歲,男,無,陰性
13015,40-49歲,男,二級,陽性
13016,50-59歲,男,三級,陽性
13017,40-49歲,男,無,陰性
13018,40-49歲,男,無,陰性
13019,30-39歲,男,無,陰性
13020,40-49歲,男,無,陰性
13021,60歲以上,男,無,陰性
13022,50-59歲,男,無,陰性
13023,30-39歲,男,二級,陽性
13024,50-59歲,女,無,陰性
13025,50-59歲,男,無,陰性
13026,20-29歲,男,無,陰性
13027,20-29歲,男,二級,陽性
13028,20-29歲,男,無,陰性
13029,40-49歲,男,無,陰性
13030,50-59歲,男,無,陰性
13031,40-49歲,男,二級,陽性
13032,30-39歲,男,無,陰性
13033,40-49歲,男,三級,陽性
13034,40-49歲,男,無,陰性
13035,40-49歲,男,無,陰性
13036,40-49歲,男,無,陰性
13037,30-39歲,男,三級,陽性
13038,20-29歲,男,無,陰性
13039,40-49歲,男,無,陰性
13040,50-59歲,男,無,陰性
13041,40-49歲,男,無,陰性
13042,40-49歲,女,無,陰性
13043,30-39歲,男,無,陰性
13044,50-59歲,男,無,陰性
13045,40-49歲,男,無,陰性
13046,40-49歲,女,無,陰性
13047,40-49歲,男,無,陰性
13048,40-49歲,男,二級,陽性
13049,30-39歲,男,無,陰性
13050,60歲以上,男,無,陰性
13051,40-49歲,女,無,陰性
13052,40-49歲,女,二級,陽性
13053,40-49歲,男,無,陰性
13054,40-49歲,男,二級,陽性
13055,40-49歲,男,二級,陽性
13056,30-39歲,男,二級,陽性
13057,50-59歲,男,一級,陽性
13058,40-49歲,男,無,陰性
13059,30-39歲,男,無,陰性
13060,40-49歲,男,二級,陽性
13061,40-49歲,男,無,陰性
13062,30-39歲,男,無,陰性
13063,40-49歲,男,無,陰性
13064,30-39歲,男,無,陰性
13065,50-59歲,男,無,陰性
13066,60歲以上,男,無,陰性
13067,50-59歲,男,二級,陽性
13068,30-39歲,男,二級,陽性
13069,60歲以上,男,無,陰性
13070,60歲以上,男,無,陰性
13071,40-49歲,女,無,陰性
13072,30-39歲,女,無,陰性
13073,40-49歲,男,無,陰性
13074,60歲以上,男,無,陰性
13075,40-49歲,男,無,陰性
13076,20-29歲,女,無,陰性
13077,30-39歲,男,一級,陽性
13078,40-49歲,男,無,陰性
13079,19歲以下,女,二級,陽性
13080,50-59歲,男,無,陰性
13081,40-49歲,男,三級,陽性
13082,40-49歲,男,無,陰性
13083,60歲以上,男,無,陰性
13084,40-49歲,女,無,陰性
13085,40-49歲,男,無,陰性
13086,50-59歲,男,無,陰性
13087,40-49歲,男,無,陰性
13088,40-49歲,女,二級,陽性
13089,50-59歲,男,無,陰性
13090,60歲以上,男,無,陰性
13091,20-29歲,男,二級,陽性
13092,20-29歲,男,無,陰性
13093,40-49歲,男,無,陰性
13094,50-59歲,男,無,陰性
13095,30-39歲,男,無,陰性
13096,60歲以上,男,無,陰性
13097,40-49歲,男,一級,陽性
13098,40-49歲,男,無,陰性
13099,50-59歲,女,無,陰性
13100,40-49歲,男,無,陰性
13101,30-39歲,男,無,陰性
13102,40-49歲,女,無,陰性
13103,30-39歲,男,無,陰性
13104,50-59歲,男,無,陰性
13105,40-49歲,男,無,陰性
13106,50-59歲,男,無,陰性
13107,50-59歲,男,無,陰性
13108,40-49歲,男,無,陰性
13109,40-49歲,男,無,陰性
13110,50-59歲,男,無,陰性
13111,50-59歲,女,無,陰性
13112,40-49歲,女,二級,陽性
13113,30-39歲,男,無,陰性
13114,40-49歲,男,三級,陽性
13115,30-39歲,男,無,陰性
13116,40-49歲,男,無,陰性
13117,50-59歲,男,無,陰性
13118,40-49歲,男,無,陰性
13119,40-49歲,女,無,陰性
13120,40-49歲,女,無,陰性
13121,40-49歲,男,二級,陽性
13122,40-49歲,男,無,陰性
13123,60歲以上,男,無,陰性
13124,30-39歲,男,無,陰性
13125,40-49歲,男,二級,陽性
13126,50-59歲,男,無,陰性
13127,40-49歲,女,無,陰性
13128,60歲以上,男,三級,陽性
13129,50-59歲,男,三級,陽性
13130,40-49歲,男,無,陰性
13131,40-49歲,男,無,陰性
13132,40-49歲,男,無,陰性
13133,60歲以上,男,無,陰性
13134,40-49歲,男,無,陰性
13135,50-59歲,男,無,陰性
13136,30-39歲,男,二級,陽性
13137,60歲以上,男,無,陰性
13138,40-49歲,女,無,陰性
13139,50-59歲,女,無,陰性
13140,40-49歲,男,無,陰性
13141,40-49歲,女,無,陰性
13142,50-59歲,男,二級,陽性
13143,50-59歲,男,無,陰性
13144,50-59歲,男,無,陰性
13145,40-49歲,男,一級,陽性
13146,40-49歲,男,無,陰性
13147,50-59歲,男,無,陰性
13148,40-49歲,男,無,陰性
13149,40-49歲,男,無,陰性
13150,40-49歲,男,無,陰性
13151,40-49歲,男,二級,陽性
13152,19歲以下,男,無,陰性
13153,50-59歲,男,無,陰性
13154,40-49歲,男,二級,陽性
13155,30-39歲,男,無,陰性
13156,40-49歲,男,無,陰性
13157,30-39歲,男,無,陰性
13158,30-39歲,男,無,陰性
13159,40-49歲,男,無,陰性
13160,30-39歲,男,無,陰性
13161,40-49歲,男,無,陰性
13162,30-39歲,男,無,陰性
13163,50-59歲,男,無,陰性
13164,50-59歲,男,無,陰性
13165,30-39歲,男,無,陰性
13166,40-49歲,男,二級,陽性
13167,30-39歲,男,無,陰性
13168,50-59歲,男,無,陰性
13169,40-49歲,男,無,陰性
13170,40-49歲,女,二級,陽性
13171,50-59歲,男,無,陰性
13172,40-49歲,女,無,陰性
13173,40-49歲,男,二級,陽性
13174,40-49歲,女,無,陰性
13175,40-49歲,男,無,陰性
13176,30-39歲,男,無,陰性
13177,40-49歲,男,無,陰性
13178,19歲以下,男,無,陰性
13179,20-29歲,男,無,陰性
13180,40-49歲,女,無,陰性
13181,50-59歲,女,無,陰性
13182,50-59歲,女,二級,陽性
13183,20-29歲,男,二級,陽性
13184,40-49歲,女,無,陰性
13185,20-29歲,男,無,陰性
13186,30-39歲,男,無,陰性
13187,60歲以上,男,無,陰性
13188,40-49歲,男,二級,陽性
13189,30-39歲,男,無,陰性
13190,40-49歲,女,二級,陽性
13191,30-39歲,男,無,陰性
13192,50-59歲,女,無,陰性
13193,19歲以下,男,無,陰性
13194,50-59歲,男,無,陰性
13195,40-49歲,女,無,陰性
13196,50-59歲,男,二級,陽性
13197,30-39歲,男,無,陰性
13198,40-49歲,女,無,陰性
13199,40-49歲,男,無,陰性
13200,40-49歲,女,二級,陽性
13201,30-39歲,女,無,陰性
13202,30-39歲,男,無,陰性
13203,50-59歲,女,無,陰性
13204,30-39歲,男,無,陰性
13205,30-39歲,男,無,陰性
13206,40-49歲,女,一級,陽性
13207,30-39歲,男,無,陰性
13208,50-59歲,男,無,陰性
13209,50-59歲,男,無,陰性
13210,50-59歲,男,無,陰性
13211,40-49歲,男,二級,陽性
13212,50-59歲,男,無,陰性
13213,40-49歲,男,無,陰性
13214,50-59歲,男,無,陰性
13215,40-49歲,男,無,陰性
13216,30-39歲,男,無,陰性
13217,20-29歲,男,二級,陽性
13218,40-49歲,男,無,陰性
13219,50-59歲,男,無,陰性
13220,50-59歲,男,無,陰性
13221,40-49歲,男,無,陰性
13222,60歲以上,男,二級,陽性
13223,40-49歲,女,無,陰性
13224,40-49歲,男,無,陰性
13225,40-49歲,男,無,陰性
13226,20-29歲,女,無,陰性
13227,20-29歲,男,二級,陽性
13228,40-49歲,女,無,陰性
13229,50-59歲,男,無,陰性
13230,40-49歲,男,無,陰性
13231,40-49歲,男,無,陰性
13232,40-49歲,男,無,陰性
13233,40-49歲,男,無,陰性
13234,40-49歲,女,無,陰性
13235,40-49歲,男,無,陰性
13236,40-49歲,男,無,陰性
13237,50-59歲,男,無,陰性
13238,40-49歲,男,二級,陽性
13239,50-59歲,男,無,陰性
13240,50-59歲,女,無,陰性
13241,50-59歲,男,無,陰性
13242,50-59歲,男,無,陰性
13243,30-39歲,女,二級,陽性
13244,50-59歲,男,無,陰性
13245,60歲以上,男,無,陰性
13246,40-49歲,男,無,陰性
13247,60歲以上,男,無,陰性
13248,50-59歲,男,三級,陽性
13249,30-39歲,男,二級,陽性
13250,60歲以上,男,三級,陽性
13251,50-59歲,男,二級,陽性
13252,40-49歲,女,無,陰性
13253,50-59歲,男,無,陰性
13254,40-49歲,男,無,陰性
13255,60歲以上,男,無,陰性
13256,19歲以下,男,無,陰性
13257,30-39歲,男,無,陰性
13258,30-39歲,男,二級,陽性
13259,50-59歲,男,無,陰性
13260,19歲以下,男,二級,陽性
13261,30-39歲,男,無,陰性
13262,30-39歲,男,無,陰性
13263,40-49歲,男,無,陰性
13264,30-39歲,女,無,陰性
13265,30-39歲,男,二級,陽性
13266,50-59歲,男,無,陰性
13267,50-59歲,女,無,陰性
13268,50-59歲,男,二級,陽性
13269,40-49歲,男,無,陰性
13270,40-49歲,女,無,陰性
13271,50-59歲,女,二級,陽性
13272,40-49歲,女,無,陰性
13273,20-29歲,男,無,陰性
13274,40-49歲,男,無,陰性
13275,40-49歲,女,無,陰性
13276,40-49歲,男,二級,陽性
13277,50-59歲,男,無,陰性
13278,50-59歲,男,無,陰性
13279,20-29歲,男,無,陰性
13280,50-59歲,女,二級,陽性
13281,40-49歲,男,三級,陽性
13282,40-49歲,男,二級,陽性
13283,40-49歲,男,無,陰性
13284,60歲以上,女,無,陰性
13285,30-39歲,男,二級,陽性
13286,20-29歲,男,無,陰性
13287,50-59歲,男,無,陰性
13288,50-59歲,男,無,陰性
13289,40-49歲,男,無,陰性
13290,30-39歲,男,無,陰性
13291,50-59歲,男,無,陰性
13292,30-39歲,男,二級,陽性
13293,20-29歲,男,無,陰性
13294,60歲以上,男,無,陰性
13295,40-49歲,男,無,陰性
13296,20-29歲,男,無,陰性
13297,50-59歲,男,無,陰性
13298,40-49歲,男,二級,陽性
13299,40-49歲,男,無,陰性
13300,50-59歲,男,二級,陽性
13301,50-59歲,男,無,陰性
13302,20-29歲,女,無,陰性
13303,50-59歲,男,無,陰性
13304,40-49歲,女,無,陰性
13305,40-49歲,男,二級,陽性
13306,20-29歲,男,無,陰性
13307,50-59歲,女,二級,陽性
13308,40-49歲,男,無,陰性
13309,50-59歲,男,無,陰性
13310,50-59歲,女,無,陰性
13311,40-49歲,男,無,陰性
13312,50-59歲,男,無,陰性
13313,40-49歲,男,二級,陽性
13314,50-59歲,男,二級,陽性
13315,30-39歲,男,無,陰性
13316,40-49歲,男,二級,陽性
13317,40-49歲,女,無,陰性
13318,40-49歲,男,二級,陽性
13319,40-49歲,男,無,陰性
13320,20-29歲,男,二級,陽性
13321,40-49歲,女,無,陰性
13322,40-49歲,男,無,陰性
13323,40-49歲,男,無,陰性
13324,50-59歲,男,二級,陽性
13325,50-59歲,女,無,陰性
13326,60歲以上,男,無,陰性
13327,40-49歲,男,一級,陽性
13328,40-49歲,男,無,陰性
13329,20-29歲,男,無,陰性
13330,50-59歲,男,無,陰性
13331,50-59歲,女,無,陰性
13332,40-49歲,男,無,陰性
13333,50-59歲,男,二級,陽性
13334,60歲以上,女,三級,陽性
13335,40-49歲,男,二級,陽性
13336,30-39歲,女,無,陰性
13337,40-49歲,女,三級,陽性
13338,40-49歲,男,二級,陽性
13339,50-59歲,男,無,陰性
13340,60歲以上,女,二級,陽性
13341,50-59歲,男,無,陰性
13342,30-39歲,男,無,陰性
13343,40-49歲,男,無,陰性
13344,40-49歲,男,二級,陽性
13345,50-59歲,男,無,陰性
13346,40-49歲,男,無,陰性
13347,30-39歲,男,無,陰性
13348,30-39歲,女,一級,陽性
13349,60歲以上,女,無,陰性
13350,50-59歲,男,無,陰性
13351,60歲以上,男,二級,陽性
13352,30-39歲,男,無,陰性
13353,50-59歲,男,三級,陽性
13354,30-39歲,男,無,陰性
13355,40-49歲,男,無,陰性
13356,50-59歲,男,無,陰性
13357,50-59歲,男,無,陰性
13358,40-49歲,男,三級,陽性
13359,50-59歲,男,二級,陽性
13360,60歲以上,男,無,陰性
13361,40-49歲,男,一級,陽性
13362,50-59歲,男,無,陰性
13363,20-29歲,男,無,陰性
13364,40-49歲,男,無,陰性
13365,50-59歲,男,無,陰性
13366,40-49歲,男,無,陰性
13367,40-49歲,男,無,陰性
13368,60歲以上,男,無,陰性
13369,50-59歲,男,無,陰性
13370,40-49歲,男,無,陰性
13371,50-59歲,男,無,陰性
13372,40-49歲,男,三級,陽性
13373,40-49歲,女,無,陰性
13374,50-59歲,男,無,陰性
13375,40-49歲,女,二級,陽性
13376,40-49歲,男,無,陰性
13377,50-59歲,男,無,陰性
13378,20-29歲,女,二級,陽性
13379,20-29歲,男,無,陰性
13380,50-59歲,男,無,陰性
13381,30-39歲,男,無,陰性
13382,40-49歲,男,無,陰性
13383,60歲以上,男,無,陰性
13384,40-49歲,男,無,陰性
13385,40-49歲,男,無,陰性
13386,20-29歲,男,無,陰性
13387,30-39歲,男,無,陰性
13388,30-39歲,男,二級,陽性
13389,50-59歲,男,無,陰性
13390,40-49歲,女,無,陰性
13391,30-39歲,男,無,陰性
13392,40-49歲,女,無,陰性
13393,30-39歲,男,無,陰性
13394,60歲以上,女,無,陰性
13395,50-59歲,男,無,陰性
13396,50-59歲,女,二級,陽性
13397,50-59歲,男,無,陰性
13398,40-49歲,男,二級,陽性
13399,50-59歲,男,無,陰性
13400,50-59歲,男,無,陰性
13401,30-39歲,男,無,陰性
13402,50-59歲,男,無,陰性
13403,40-49歲,女,無,陰性
13404,20-29歲,男,無,陰性
13405,40-49歲,女,無,陰性
13406,30-39歲,男,三級,陽性
13407,40-49歲,男,二級,陽性
13408,60歲以上,男,無,陰性
13409,50-59歲,男,一級,陽性
13410,30-39歲,女,無,陰性
13411,50-59歲,男,無,陰性
13412,19歲以下,女,無,陰性
13413,40-49歲,男,無,陰性
13414,40-49歲,女,一級,陽性
13415,30-39歲,男,無,陰性
13416,40-49歲,女,無,陰性
13417,30-39歲,男,無,陰性
13418,50-59歲,女,無,陰性
13419,40-49歲,女,三級,陽性
13420,40-49歲,男,二級,陽性
13421,50-59歲,男,二級,陽性
13422,30-39歲,女,無,陰性
13423,20-29歲,男,無,陰性
13424,30-39歲,男,一級,陽性
13425,50-59歲,男,三級,陽性
13426,60歲以上,男,二級,陽性
13427,40-49歲,男,無,陰性
13428,60歲以上,女,無,陰性
13429,30-39歲,男,二級,陽性
13430,40-49歲,男,二級,陽性
13431,50-59歲,男,無,陰性
13432,40-49歲,男,無,陰性
13433,50-59歲,男,無,陰性
13434,50-59歲,男,無,陰性
13435,50-59歲,男,無,陰性
13436,40-49歲,男,無,陰性
13437,40-49歲,男,無,陰性
13438,30-39歲,男,無,陰性
13439,30-39歲,男,無,陰性
13440,40-49歲,男,無,陰性
13441,40-49歲,男,二級,陽性
13442,50-59歲,男,無,陰性
13443,40-49歲,男,無,陰性
13444,40-49歲,男,無,陰性
13445,40-49歲,男,無,陰性
13446,40-49歲,男,二級,陽性
13447,50-59歲,男,無,陰性
13448,50-59歲,男,二級,陽性
13449,40-49歲,男,無,陰性
13450,40-49歲,女,無,陰性
13451,60歲以上,男,二級,陽性
13452,50-59歲,男,無,陰性
13453,40-49歲,男,無,陰性
13454,20-29歲,女,無,陰性
13455,40-49歲,女,無,陰性
13456,50-59歲,男,無,陰性
13457,40-49歲,男,無,陰性
13458,30-39歲,男,二級,陽性
13459,40-49歲,女,無,陰性
13460,50-59歲,男,無,陰性
13461,60歲以上,男,無,陰性
13462,50-59歲,男,無,陰性
13463,40-49歲,男,二級,陽性
13464,60歲以上,男,無,陰性
13465,60歲以上,男,無,陰性
13466,30-39歲,男,無,陰性
13467,30-39歲,男,無,陰性
13468,40-49歲,男,無,陰性
13469,40-49歲,男,無,陰性
13470,40-49歲,男,無,陰性
13471,60歲以上,男,無,陰性
13472,30-39歲,男,無,陰性
13473,40-49歲,男,無,陰性
13474,50-59歲,男,無,陰性
13475,50-59歲,男,無,陰性
13476,60歲以上,男,無,陰性
13477,40-49歲,男,無,陰性
13478,40-49歲,男,無,陰性
13479,30-39歲,男,三級,陽性
13480,50-59歲,男,無,陰性
13481,20-29歲,男,無,陰性
13482,40-49歲,男,無,陰性
13483,40-49歲,男,三級,陽性
13484,50-59歲,男,二級,陽性
13485,50-59歲,男,無,陰性
13486,30-39歲,男,無,陰性
13487,50-59歲,男,無,陰性
13488,50-59歲,男,無,陰性
13489,50-59歲,男,無,陰性
13490,60歲以上,男,無,陰性
13491,30-39歲,男,二級,陽性
13492,50-59歲,男,一級,陽性
13493,50-59歲,男,無,陰性
13494,40-49歲,男,無,陰性
13495,50-59歲,男,無,陰性
13496,50-59歲,男,無,陰性
13497,60歲以上,女,一級,陽性
13498,40-49歲,女,二級,陽性
13499,50-59歲,男,無,陰性
13500,40-49歲,男,無,陰性
13501,19歲以下,男,無,陰性
13502,50-59歲,男,無,陰性
13503,20-29歲,男,無,陰性
13504,19歲以下,女,無,陰性
13505,40-49歲,男,無,陰性
13506,20-29歲,男,無,陰性
13507,50-59歲,男,無,陰性
13508,30-39歲,男,無,陰性
13509,60歲以上,男,無,陰性
13510,20-29歲,男,無,陰性
13511,40-49歲,男,無,陰性
13512,19歲以下,男,無,陰性
13513,50-59歲,男,無,陰性
13514,40-49歲,女,無,陰性
13515,40-49歲,男,無,陰性
13516,30-39歲,男,無,陰性
13517,40-49歲,男,無,陰性
13518,19歲以下,男,無,陰性
13519,50-59歲,男,無,陰性
13520,50-59歲,男,無,陰性
13521,40-49歲,男,無,陰性
13522,60歲以上,男,無,陰性
13523,40-49歲,男,無,陰性
13524,50-59歲,男,無,陰性
13525,40-49歲,男,二級,陽性
13526,50-59歲,男,二級,陽性
13527,50-59歲,男,無,陰性
13528,50-59歲,男,無,陰性
13529,40-49歲,男,無,陰性
13530,50-59歲,男,二級,陽性
13531,40-49歲,女,無,陰性
13532,40-49歲,女,二級,陽性
13533,30-39歲,男,無,陰性
13534,20-29歲,男,無,陰性
13535,60歲以上,男,無,陰性
13536,30-39歲,男,無,陰性
13537,50-59歲,男,無,陰性
13538,40-49歲,男,無,陰性
13539,40-49歲,男,無,陰性
13540,60歲以上,男,無,陰性
13541,50-59歲,男,無,陰性
13542,60歲以上,男,二級,陽性
13543,50-59歲,男,無,陰性
13544,40-49歲,男,無,陰性
13545,50-59歲,男,無,陰性
13546,40-49歲,男,無,陰性
13547,30-39歲,男,無,陰性
13548,40-49歲,男,無,陰性
13549,60歲以上,女,無,陰性
13550,50-59歲,男,無,陰性
13551,50-59歲,男,無,陰性
13552,50-59歲,男,無,陰性
13553,40-49歲,男,無,陰性
13554,40-49歲,男,二級,陽性
13555,60歲以上,男,無,陰性
13556,50-59歲,男,無,陰性
13557,20-29歲,男,無,陰性
13558,60歲以上,男,一級,陽性
13559,40-49歲,男,無,陰性
13560,50-59歲,男,一級,陽性
13561,40-49歲,男,二級,陽性
13562,60歲以上,女,無,陰性
13563,50-59歲,男,無,陰性
13564,40-49歲,男,無,陰性
13565,40-49歲,男,無,陰性
13566,20-29歲,男,無,陰性
13567,40-49歲,男,二級,陽性
13568,40-49歲,男,無,陰性
13569,40-49歲,男,無,陰性
13570,50-59歲,女,無,陰性
13571,50-59歲,男,無,陰性
13572,40-49歲,男,無,陰性
13573,40-49歲,男,無,陰性
13574,30-39歲,男,一級,陽性
13575,30-39歲,男,二級,陽性
13576,30-39歲,女,無,陰性
13577,30-39歲,男,無,陰性
13578,60歲以上,男,二級,陽性
13579,40-49歲,男,無,陰性
13580,50-59歲,男,二級,陽性
13581,20-29歲,男,無,陰性
13582,30-39歲,女,無,陰性
13583,50-59歲,男,一級,陽性
13584,19歲以下,男,無,陰性
13585,40-49歲,女,無,陰性
13586,40-49歲,男,無,陰性
13587,40-49歲,男,無,陰性
13588,50-59歲,男,無,陰性
13589,30-39歲,男,無,陰性
13590,50-59歲,男,二級,陽性
13591,40-49歲,男,無,陰性
13592,50-59歲,男,三級,陽性
13593,20-29歲,男,無,陰性
13594,40-49歲,男,無,陰性
13595,30-39歲,男,二級,陽性
13596,50-59歲,男,無,陰性
13597,50-59歲,男,二級,陽性
13598,50-59歲,男,二級,陽性
13599,40-49歲,男,無,陰性
13600,40-49歲,男,無,陰性
13601,40-49歲,男,無,陰性
13602,40-49歲,男,無,陰性
13603,60歲以上,男,無,陰性
13604,50-59歲,男,無,陰性
13605,60歲以上,男,無,陰性
13606,30-39歲,男,無,陰性
13607,40-49歲,男,無,陰性
13608,50-59歲,男,二級,陽性
13609,19歲以下,男,無,陰性
13610,40-49歲,男,無,陰性
13611,40-49歲,男,一級,陽性
13612,30-39歲,男,無,陰性
13613,40-49歲,男,三級,陽性
13614,40-49歲,男,無,陰性
13615,50-59歲,男,無,陰性
13616,19歲以下,男,三級,陽性
13617,30-39歲,男,無,陰性
13618,40-49歲,男,無,陰性
13619,50-59歲,女,無,陰性
13620,20-29歲,男,二級,陽性
13621,19歲以下,男,無,陰性
13622,60歲以上,男,無,陰性
13623,40-49歲,男,二級,陽性
13624,50-59歲,男,無,陰性
13625,40-49歲,女,無,陰性
13626,40-49歲,男,無,陰性
13627,60歲以上,男,無,陰性
13628,40-49歲,女,無,陰性
13629,50-59歲,男,無,陰性
13630,40-49歲,男,二級,陽性
13631,40-49歲,男,二級,陽性
13632,40-49歲,女,無,陰性
13633,50-59歲,男,無,陰性
13634,50-59歲,男,無,陰性
13635,40-49歲,男,二級,陽性
13636,50-59歲,女,三級,陽性
13637,40-49歲,男,無,陰性
13638,40-49歲,女,二級,陽性
13639,50-59歲,男,無,陰性
13640,40-49歲,男,無,陰性
13641,60歲以上,女,無,陰性
13642,40-49歲,男,二級,陽性
13643,30-39歲,男,無,陰性
13644,50-59歲,女,二級,陽性
13645,60歲以上,男,無,陰性
13646,60歲以上,男,二級,陽性
13647,40-49歲,男,無,陰性
13648,40-49歲,男,無,陰性
13649,60歲以上,男,無,陰性
13650,40-49歲,男,無,陰性
13651,50-59歲,男,無,陰性
13652,40-49歲,男,無,陰性
13653,50-59歲,女,二級,陽性
13654,40-49歲,男,二級,陽性
13655,20-29歲,男,無,陰性
13656,50-59歲,男,無,陰性
13657,40-49歲,男,無,陰性
13658,40-49歲,男,無,陰性
13659,40-49歲,男,無,陰性
13660,40-49歲,男,無,陰性
13661,40-49歲,男,無,陰性
13662,30-39歲,男,二級,陽性
13663,50-59歲,女,無,陰性
13664,40-49歲,男,無,陰性
13665,60歲以上,男,無,陰性
13666,40-49歲,男,一級,陽性
13667,20-29歲,男,三級,陽性
13668,60歲以上,男,無,陰性
13669,50-59歲,男,二級,陽性
13670,50-59歲,男,無,陰性
13671,40-49歲,男,無,陰性
13672,40-49歲,男,無,陰性
13673,30-39歲,男,無,陰性
13674,40-49歲,男,無,陰性
13675,50-59歲,女,二級,陽性
13676,40-49歲,男,二級,陽性
13677,30-39歲,男,無,陰性
13678,50-59歲,男,二級,陽性
13679,50-59歲,男,無,陰性
13680,40-49歲,男,無,陰性
13681,30-39歲,男,無,陰性
13682,20-29歲,男,二級,陽性
13683,20-29歲,男,無,陰性
13684,30-39歲,男,無,陰性
13685,60歲以上,女,無,陰性
13686,50-59歲,男,無,陰性
13687,19歲以下,男,二級,陽性
13688,50-59歲,男,無,陰性
13689,40-49歲,男,無,陰性
13690,20-29歲,男,無,陰性
13691,50-59歲,男,無,陰性
13692,40-49歲,女,無,陰性
13693,50-59歲,男,無,陰性
13694,19歲以下,男,無,陰性
13695,50-59歲,女,無,陰性
13696,40-49歲,男,無,陰性
13697,30-39歲,男,無,陰性
13698,50-59歲,女,無,陰性
13699,50-59歲,男,無,陰性
13700,30-39歲,男,無,陰性
13701,60歲以上,男,無,陰性
13702,30-39歲,男,二級,陽性
13703,20-29歲,男,二級,陽性
13704,60歲以上,男,無,陰性
13705,30-39歲,男,無,陰性
13706,40-49歲,女,二級,陽性
13707,60歲以上,女,無,陰性
13708,50-59歲,男,無,陰性
13709,20-29歲,男,無,陰性
13710,50-59歲,男,無,陰性
13711,40-49歲,男,無,陰性
13712,50-59歲,男,無,陰性
13713,50-59歲,男,無,陰性
13714,40-49歲,男,無,陰性
13715,50-59歲,女,無,陰性
13716,40-49歲,男,無,陰性
13717,30-39歲,女,無,陰性
13718,30-39歲,男,二級,陽性
13719,40-49歲,男,無,陰性
13720,50-59歲,男,二級,陽性
13721,40-49歲,女,二級,陽性
13722,40-49歲,男,二級,陽性
13723,50-59歲,男,無,陰性
13724,50-59歲,男,二級,陽性
13725,40-49歲,男,二級,陽性
13726,40-49歲,女,無,陰性
13727,40-49歲,男,無,陰性
13728,50-59歲,男,無,陰性
13729,20-29歲,女,無,陰性
13730,50-59歲,男,無,陰性
13731,50-59歲,男,無,陰性
13732,50-59歲,男,無,陰性
13733,60歲以上,男,無,陰性
13734,40-49歲,女,無,陰性
13735,40-49歲,男,無,陰性
13736,50-59歲,男,無,陰性
13737,40-49歲,女,無,陰性
13738,50-59歲,男,二級,陽性
13739,50-59歲,男,無,陰性
13740,20-29歲,男,二級,陽性
13741,50-59歲,女,無,陰性
13742,50-59歲,男,無,陰性
13743,50-59歲,男,無,陰性
13744,60歲以上,男,無,陰性
13745,20-29歲,男,無,陰性
13746,50-59歲,男,無,陰性
13747,40-49歲,男,無,陰性
13748,20-29歲,男,無,陰性
13749,30-39歲,男,無,陰性
13750,20-29歲,男,二級,陽性
13751,50-59歲,男,無,陰性
13752,40-49歲,女,二級,陽性
13753,30-39歲,男,三級,陽性
13754,30-39歲,男,三級,陽性
13755,40-49歲,男,無,陰性
13756,20-29歲,男,無,陰性
13757,50-59歲,女,無,陰性
13758,40-49歲,女,無,陰性
13759,50-59歲,男,無,陰性
13760,50-59歲,男,無,陰性
13761,30-39歲,男,無,陰性
13762,50-59歲,男,二級,陽性
13763,40-49歲,男,三級,陽性
13764,30-39歲,男,無,陰性
13765,30-39歲,男,無,陰性
13766,40-49歲,女,無,陰性
13767,40-49歲,男,無,陰性
13768,60歲以上,男,無,陰性
13769,60歲以上,男,無,陰性
13770,50-59歲,男,二級,陽性
13771,50-59歲,男,二級,陽性
13772,50-59歲,男,無,陰性
13773,19歲以下,男,無,陰性
13774,60歲以上,男,無,陰性
13775,50-59歲,男,無,陰性
13776,50-59歲,男,二級,陽性
13777,30-39歲,男,二級,陽性
13778,60歲以上,女,無,陰性
13779,40-49歲,男,無,陰性
13780,40-49歲,男,無,陰性
13781,40-49歲,男,無,陰性
13782,20-29歲,男,無,陰性
13783,20-29歲,女,無,陰性
13784,40-49歲,男,二級,陽性
13785,50-59歲,男,無,陰性
13786,50-59歲,男,無,陰性
13787,50-59歲,男,一級,陽性
13788,40-49歲,女,二級,陽性
13789,40-49歲,男,無,陰性
13790,30-39歲,男,無,陰性
13791,40-49歲,男,無,陰性
13792,30-39歲,男,二級,陽性
13793,40-49歲,女,無,陰性
13794,30-39歲,女,無,陰性
13795,20-29歲,男,二級,陽性
13796,50-59歲,男,二級,陽性
13797,50-59歲,男,無,陰性
13798,30-39歲,男,無,陰性
13799,40-49歲,男,二級,陽性
13800,30-39歲,男,無,陰性
13801,60歲以上,男,無,陰性
13802,60歲以上,男,無,陰性
13803,50-59歲,男,二級,陽性
13804,40-49歲,男,無,陰性
13805,50-59歲,男,無,陰性
13806,60歲以上,男,無,陰性
13807,20-29歲,男,二級,陽性
13808,20-29歲,女,二級,陽性
13809,30-39歲,男,無,陰性
13810,40-49歲,男,二級,陽性
13811,50-59歲,女,無,陰性
13812,50-59歲,男,無,陰性
13813,40-49歲,男,無,陰性
13814,50-59歲,男,二級,陽性
13815,19歲以下,男,無,陰性
13816,40-49歲,女,無,陰性
13817,40-49歲,男,無,陰性
13818,60歲以上,男,無,陰性
13819,40-49歲,男,無,陰性
13820,60歲以上,男,二級,陽性
13821,40-49歲,男,無,陰性
13822,60歲以上,女,無,陰性
13823,50-59歲,男,二級,陽性
13824,40-49歲,男,無,陰性
13825,20-29歲,男,無,陰性
13826,40-49歲,男,無,陰性
13827,50-59歲,男,二級,陽性
13828,30-39歲,男,無,陰性
13829,30-39歲,女,無,陰性
13830,40-49歲,男,二級,陽性
13831,40-49歲,男,無,陰性
13832,30-39歲,男,二級,陽性
13833,40-49歲,男,無,陰性
13834,40-49歲,男,無,陰性
13835,40-49歲,男,二級,陽性
13836,40-49歲,男,無,陰性
13837,40-49歲,男,無,陰性
13838,50-59歲,男,無,陰性
13839,50-59歲,男,無,陰性
13840,19歲以下,男,一級,陽性
13841,40-49歲,男,二級,陽性
13842,50-59歲,男,三級,陽性
13843,20-29歲,男,無,陰性
13844,60歲以上,男,無,陰性
13845,50-59歲,男,無,陰性
13846,30-39歲,男,無,陰性
13847,60歲以上,男,無,陰性
13848,50-59歲,女,無,陰性
13849,40-49歲,男,無,陰性
13850,40-49歲,男,無,陰性
13851,40-49歲,男,無,陰性
13852,40-49歲,男,一級,陽性
13853,40-49歲,男,無,陰性
13854,30-39歲,男,無,陰性
13855,60歲以上,女,無,陰性
13856,50-59歲,女,無,陰性
13857,40-49歲,男,無,陰性
13858,50-59歲,男,二級,陽性
13859,40-49歲,女,無,陰性
13860,60歲以上,男,無,陰性
13861,30-39歲,男,無,陰性
13862,40-49歲,男,二級,陽性
13863,40-49歲,男,無,陰性
13864,40-49歲,男,無,陰性
13865,50-59歲,女,無,陰性
13866,19歲以下,男,二級,陽性
13867,19歲以下,男,無,陰性
13868,50-59歲,男,二級,陽性
13869,30-39歲,男,無,陰性
13870,20-29歲,男,無,陰性
13871,60歲以上,男,無,陰性
13872,50-59歲,男,無,陰性
13873,40-49歲,男,二級,陽性
13874,40-49歲,男,無,陰性
13875,20-29歲,男,無,陰性
13876,40-49歲,男,二級,陽性
13877,40-49歲,男,無,陰性
13878,40-49歲,男,無,陰性
13879,50-59歲,男,無,陰性
13880,60歲以上,男,無,陰性
13881,50-59歲,女,無,陰性
13882,40-49歲,男,無,陰性
13883,30-39歲,男,無,陰性
13884,60歲以上,男,無,陰性
13885,30-39歲,男,無,陰性
13886,40-49歲,男,無,陰性
13887,40-49歲,男,二級,陽性
13888,30-39歲,女,二級,陽性
13889,30-39歲,男,無,陰性
13890,50-59歲,男,無,陰性
13891,40-49歲,男,無,陰性
13892,50-59歲,男,二級,陽性
13893,30-39歲,男,無,陰性
13894,40-49歲,男,無,陰性
13895,50-59歲,男,無,陰性
13896,30-39歲,女,無,陰性
13897,40-49歲,男,二級,陽性
13898,50-59歲,男,無,陰性
13899,30-39歲,女,無,陰性
13900,30-39歲,女,無,陰性
13901,50-59歲,女,無,陰性
13902,50-59歲,男,無,陰性
13903,60歲以上,女,無,陰性
13904,50-59歲,男,無,陰性
13905,40-49歲,男,二級,陽性
13906,50-59歲,男,二級,陽性
13907,40-49歲,男,無,陰性
13908,50-59歲,女,無,陰性
13909,40-49歲,女,無,陰性
13910,60歲以上,男,無,陰性
13911,40-49歲,男,無,陰性
13912,60歲以上,男,無,陰性
13913,19歲以下,男,二級,陽性
13914,40-49歲,男,無,陰性
13915,20-29歲,男,無,陰性
13916,60歲以上,女,無,陰性
13917,30-39歲,男,無,陰性
13918,60歲以上,女,無,陰性
13919,30-39歲,男,無,陰性
13920,30-39歲,男,一級,陽性
13921,40-49歲,男,無,陰性
13922,40-49歲,男,無,陰性
13923,40-49歲,男,無,陰性
13924,40-49歲,女,無,陰性
13925,30-39歲,男,無,陰性
13926,50-59歲,女,二級,陽性
13927,50-59歲,男,三級,陽性
13928,50-59歲,男,二級,陽性
13929,40-49歲,男,無,陰性
13930,60歲以上,女,無,陰性
13931,40-49歲,女,二級,陽性
13932,50-59歲,男,無,陰性
13933,40-49歲,男,無,陰性
13934,40-49歲,男,無,陰性
13935,19歲以下,女,無,陰性
13936,50-59歲,男,二級,陽性
13937,60歲以上,男,無,陰性
13938,20-29歲,男,無,陰性
13939,50-59歲,男,無,陰性
13940,20-29歲,男,無,陰性
13941,50-59歲,男,無,陰性
13942,50-59歲,男,無,陰性
13943,40-49歲,男,無,陰性
13944,40-49歲,男,無,陰性
13945,40-49歲,男,無,陰性
13946,40-49歲,男,三級,陽性
13947,40-49歲,女,一級,陽性
13948,50-59歲,男,無,陰性
13949,50-59歲,男,無,陰性
13950,50-59歲,男,無,陰性
13951,50-59歲,男,無,陰性
13952,40-49歲,男,無,陰性
13953,40-49歲,男,無,陰性
13954,60歲以上,男,無,陰性
13955,40-49歲,男,三級,陽性
13956,50-59歲,男,三級,陽性
13957,40-49歲,男,無,陰性
13958,40-49歲,男,二級,陽性
13959,60歲以上,女,無,陰性
13960,40-49歲,男,無,陰性
13961,40-49歲,女,一級,陽性
13962,50-59歲,女,無,陰性
13963,40-49歲,男,無,陰性
13964,40-49歲,男,無,陰性
13965,50-59歲,男,無,陰性
13966,40-49歲,男,二級,陽性
13967,40-49歲,男,二級,陽性
13968,40-49歲,男,無,陰性
13969,60歲以上,男,無,陰性
13970,40-49歲,男,無,陰性
13971,40-49歲,女,無,陰性
13972,50-59歲,男,無,陰性
13973,30-39歲,女,無,陰性
13974,50-59歲,男,無,陰性
13975,40-49歲,男,無,陰性
13976,50-59歲,男,三級,陽性
13977,50-59歲,男,無,陰性
13978,30-39歲,女,無,陰性
13979,40-49歲,男,無,陰性
13980,40-49歲,男,二級,陽性
13981,40-49歲,男,無,陰性
13982,40-49歲,男,無,陰性
13983,40-49歲,男,無,陰性
13984,50-59歲,男,三級,陽性
13985,40-49歲,男,無,陰性
13986,20-29歲,男,無,陰性
13987,40-49歲,男,無,陰性
13988,40-49歲,男,無,陰性
13989,40-49歲,男,二級,陽性
13990,40-49歲,男,無,陰性
13991,60歲以上,男,無,陰性
13992,30-39歲,男,無,陰性
13993,40-49歲,男,無,陰性
13994,40-49歲,男,二級,陽性
13995,50-59歲,男,無,陰性
13996,50-59歲,男,二級,陽性
13997,40-49歲,女,無,陰性
13998,30-39歲,男,無,陰性
13999,50-59歲,男,二級,陽性
14000,40-49歲,男,無,陰性
14001,50-59歲,男,無,陰性
14002,60歲以上,男,二級,陽性
14003,40-49歲,女,無,陰性
14004,50-59歲,男,無,陰性
14005,40-49歲,女,無,陰性
14006,60歲以上,男,三級,陽性
14007,40-49歲,男,無,陰性
14008,40-49歲,女,無,陰性
14009,50-59歲,男,無,陰性
14010,40-49歲,男,無,陰性
14011,60歲以上,女,二級,陽性
14012,60歲以上,男,無,陰性
14013,50-59歲,男,無,陰性
14014,40-49歲,女,無,陰性
14015,50-59歲,男,二級,陽性
14016,40-49歲,男,無,陰性
14017,60歲以上,男,一級,陽性
14018,30-39歲,男,無,陰性
14019,50-59歲,男,一級,陽性
14020,30-39歲,男,一級,陽性
14021,40-49歲,男,無,陰性
14022,60歲以上,男,無,陰性
14023,50-59歲,男,二級,陽性
14024,40-49歲,男,無,陰性
14025,40-49歲,女,無,陰性
14026,19歲以下,男,二級,陽性
14027,40-49歲,女,無,陰性
14028,50-59歲,男,無,陰性
14029,50-59歲,男,無,陰性
14030,60歲以上,男,三級,陽性
14031,50-59歲,男,無,陰性
14032,40-49歲,男,無,陰性
14033,30-39歲,男,二級,陽性
14034,40-49歲,男,無,陰性
14035,30-39歲,男,無,陰性
14036,30-39歲,女,無,陰性
14037,30-39歲,男,無,陰性
14038,40-49歲,男,無,陰性
14039,50-59歲,男,二級,陽性
14040,20-29歲,男,無,陰性
14041,40-49歲,男,無,陰性
14042,20-29歲,女,無,陰性
14043,50-59歲,男,無,陰性
14044,40-49歲,男,無,陰性
14045,60歲以上,男,無,陰性
14046,60歲以上,男,無,陰性
14047,20-29歲,女,無,陰性
14048,30-39歲,男,無,陰性
14049,50-59歲,男,無,陰性
14050,40-49歲,男,無,陰性
14051,60歲以上,男,無,陰性
14052,30-39歲,男,無,陰性
14053,30-39歲,男,無,陰性
14054,40-49歲,男,無,陰性
14055,60歲以上,男,無,陰性
14056,60歲以上,男,無,陰性
14057,30-39歲,男,無,陰性
14058,40-49歲,男,無,陰性
14059,20-29歲,男,二級,陽性
14060,50-59歲,女,二級,陽性
14061,50-59歲,女,無,陰性
14062,30-39歲,男,無,陰性
14063,50-59歲,男,二級,陽性
14064,50-59歲,男,無,陰性
14065,50-59歲,男,無,陰性
14066,60歲以上,男,無,陰性
14067,50-59歲,男,無,陰性
14068,50-59歲,男,無,陰性
14069,50-59歲,男,無,陰性
14070,50-59歲,男,無,陰性
14071,40-49歲,男,無,陰性
14072,50-59歲,男,無,陰性
14073,50-59歲,男,無,陰性
14074,30-39歲,男,無,陰性
14075,40-49歲,男,無,陰性
14076,30-39歲,男,無,陰性
14077,50-59歲,男,無,陰性
14078,50-59歲,男,無,陰性
14079,40-49歲,男,一級,陽性
14080,30-39歲,男,無,陰性
14081,40-49歲,男,二級,陽性
14082,30-39歲,男,三級,陽性
14083,40-49歲,男,二級,陽性
14084,60歲以上,男,無,陰性
14085,40-49歲,男,無,陰性
14086,30-39歲,女,無,陰性
14087,40-49歲,男,無,陰性
14088,50-59歲,女,無,陰性
14089,30-39歲,男,無,陰性
14090,50-59歲,男,二級,陽性
14091,50-59歲,男,無,陰性
14092,60歲以上,男,無,陰性
14093,50-59歲,男,二級,陽性
14094,20-29歲,男,二級,陽性
14095,60歲以上,男,無,陰性
14096,40-49歲,女,無,陰性
14097,19歲以下,男,無,陰性
14098,50-59歲,男,無,陰性
14099,50-59歲,女,無,陰性
14100,40-49歲,男,無,陰性
14101,40-49歲,男,二級,陽性
14102,50-59歲,男,二級,陽性
14103,40-49歲,男,無,陰性
14104,20-29歲,男,無,陰性
14105,60歲以上,男,無,陰性
14106,19歲以下,男,無,陰性
14107,40-49歲,女,無,陰性
14108,50-59歲,男,無,陰性
14109,60歲以上,男,無,陰性
14110,40-49歲,男,無,陰性
14111,50-59歲,男,無,陰性
14112,60歲以上,男,二級,陽性
14113,40-49歲,女,無,陰性
14114,50-59歲,男,無,陰性
14115,20-29歲,男,無,陰性
14116,40-49歲,男,二級,陽性
14117,50-59歲,男,無,陰性
14118,40-49歲,男,無,陰性
14119,40-49歲,男,無,陰性
14120,50-59歲,男,無,陰性
14121,40-49歲,男,無,陰性
14122,50-59歲,男,無,陰性
14123,40-49歲,女,無,陰性
14124,40-49歲,男,無,陰性
14125,40-49歲,男,無,陰性
14126,30-39歲,女,三級,陽性
14127,30-39歲,男,二級,陽性
14128,20-29歲,男,無,陰性
14129,20-29歲,男,無,陰性
14130,50-59歲,男,無,陰性
14131,50-59歲,女,無,陰性
14132,40-49歲,女,無,陰性
14133,40-49歲,男,三級,陽性
14134,40-49歲,男,無,陰性
14135,40-49歲,男,無,陰性
14136,40-49歲,男,三級,陽性
14137,20-29歲,男,無,陰性
14138,40-49歲,女,無,陰性
14139,40-49歲,男,二級,陽性
14140,50-59歲,男,二級,陽性
14141,50-59歲,男,無,陰性
14142,19歲以下,男,無,陰性
14143,40-49歲,男,無,陰性
14144,50-59歲,男,無,陰性
14145,50-59歲,男,無,陰性
14146,50-59歲,女,二級,陽性
14147,40-49歲,女,無,陰性
14148,20-29歲,男,無,陰性
14149,40-49歲,男,無,陰性
14150,50-59歲,男,無,陰性
14151,40-49歲,男,一級,陽性
14152,50-59歲,男,無,陰性
14153,50-59歲,男,無,陰性
14154,50-59歲,男,無,陰性
14155,30-39歲,男,無,陰性
14156,20-29歲,男,無,陰性
14157,30-39歲,男,無,陰性
14158,50-59歲,男,無,陰性
14159,40-49歲,男,無,陰性
14160,40-49歲,女,無,陰性
14161,30-39歲,男,無,陰性
14162,50-59歲,男,無,陰性
14163,40-49歲,女,二級,陽性
14164,50-59歲,女,無,陰性
14165,40-49歲,男,三級,陽性
14166,30-39歲,男,無,陰性
14167,60歲以上,女,無,陰性
14168,30-39歲,男,三級,陽性
14169,40-49歲,男,無,陰性
14170,50-59歲,女,無,陰性
14171,40-49歲,男,無,陰性
14172,60歲以上,男,一級,陽性
14173,20-29歲,男,二級,陽性
14174,60歲以上,男,無,陰性
14175,50-59歲,男,無,陰性
14176,50-59歲,男,二級,陽性
14177,30-39歲,男,無,陰性
14178,30-39歲,男,無,陰性
14179,50-59歲,男,無,陰性
14180,40-49歲,男,無,陰性
14181,40-49歲,男,無,陰性
14182,30-39歲,男,無,陰性
14183,60歲以上,男,無,陰性
14184,40-49歲,男,無,陰性
14185,40-49歲,男,無,陰性
14186,60歲以上,女,無,陰性
14187,40-49歲,男,無,陰性
14188,40-49歲,男,無,陰性
14189,30-39歲,男,無,陰性
14190,50-59歲,男,一級,陽性
14191,40-49歲,女,無,陰性
14192,40-49歲,男,無,陰性
14193,50-59歲,男,無,陰性
14194,30-39歲,男,無,陰性
14195,50-59歲,女,二級,陽性
14196,60歲以上,男,無,陰性
14197,50-59歲,男,無,陰性
14198,50-59歲,男,無,陰性
14199,20-29歲,男,一級,陽性
14200,40-49歲,男,二級,陽性
14201,40-49歲,男,無,陰性
14202,60歲以上,男,無,陰性
14203,40-49歲,男,三級,陽性
14204,30-39歲,男,二級,陽性
14205,50-59歲,男,無,陰性
14206,50-59歲,男,三級,陽性
14207,20-29歲,男,無,陰性
14208,30-39歲,男,無,陰性
14209,30-39歲,女,無,陰性
14210,50-59歲,男,二級,陽性
14211,30-39歲,男,無,陰性
14212,30-39歲,女,無,陰性
14213,40-49歲,男,無,陰性
14214,50-59歲,女,無,陰性
14215,40-49歲,男,無,陰性
14216,60歲以上,男,無,陰性
14217,40-49歲,男,無,陰性
14218,30-39歲,男,無,陰性
14219,40-49歲,女,無,陰性
14220,30-39歲,男,三級,陽性
14221,50-59歲,女,無,陰性
14222,50-59歲,男,二級,陽性
14223,60歲以上,女,二級,陽性
14224,50-59歲,男,無,陰性
14225,30-39歲,男,無,陰性
14226,40-49歲,男,無,陰性
14227,50-59歲,男,二級,陽性
14228,30-39歲,男,無,陰性
14229,60歲以上,男,無,陰性
14230,40-49歲,男,無,陰性
14231,30-39歲,女,無,陰性
14232,40-49歲,男,無,陰性
14233,40-49歲,女,無,陰性
14234,50-59歲,男,無,陰性
14235,50-59歲,男,二級,陽性
14236,50-59歲,女,無,陰性
14237,60歲以上,女,無,陰性
14238,50-59歲,男,無,陰性
14239,40-49歲,男,無,陰性
14240,60歲以上,男,無,陰性
14241,30-39歲,男,無,陰性
14242,40-49歲,男,無,陰性
14243,50-59歲,女,無,陰性
14244,40-49歲,男,二級,陽性
14245,40-49歲,女,無,陰性
14246,60歲以上,男,無,陰性
14247,40-49歲,男,二級,陽性
14248,40-49歲,男,無,陰性
14249,50-59歲,男,無,陰性
14250,40-49歲,男,無,陰性
14251,60歲以上,男,無,陰性
14252,50-59歲,男,無,陰性
14253,30-39歲,男,無,陰性
14254,50-59歲,男,無,陰性
14255,40-49歲,男,無,陰性
14256,30-39歲,男,無,陰性
14257,60歲以上,男,二級,陽性
14258,40-49歲,男,無,陰性
14259,30-39歲,男,無,陰性
14260,40-49歲,男,無,陰性
14261,50-59歲,男,無,陰性
14262,20-29歲,女,無,陰性
14263,30-39歲,男,無,陰性
14264,20-29歲,男,無,陰性
14265,50-59歲,女,無,陰性
14266,60歲以上,男,無,陰性
14267,40-49歲,男,無,陰性
14268,50-59歲,女,二級,陽性
14269,60歲以上,男,無,陰性
14270,50-59歲,男,無,陰性
14271,40-49歲,男,無,陰性
14272,60歲以上,男,無,陰性
14273,40-49歲,女,無,陰性
14274,40-49歲,男,無,陰性
14275,30-39歲,男,無,陰性
14276,30-39歲,男,無,陰性
14277,19歲以下,女,無,陰性
14278,40-49歲,男,二級,陽性
14279,50-59歲,男,無,陰性
14280,20-29歲,女,無,陰性
14281,50-59歲,男,二級,陽性
14282,50-59歲,男,無,陰性
14283,60歲以上,女,無,陰性
14284,40-49歲,男,無,陰性
14285,50-59歲,男,無,陰性
14286,30-39歲,男,三級,陽性
14287,50-59歲,男,無,陰性
14288,50-59歲,女,無,陰性
14289,30-39歲,男,無,陰性
14290,30-39歲,男,無,陰性
14291,40-49歲,男,無,陰性
14292,50-59歲,男,無,陰性
14293,30-39歲,男,無,陰性
14294,50-59歲,男,無,陰性
14295,40-49歲,男,無,陰性
14296,40-49歲,男,二級,陽性
14297,40-49歲,男,無,陰性
14298,40-49歲,男,三級,陽性
14299,40-49歲,男,二級,陽性
14300,50-59歲,男,無,陰性
14301,50-59歲,男,無,陰性
14302,20-29歲,男,二級,陽性
14303,50-59歲,女,無,陰性
14304,50-59歲,男,無,陰性
14305,60歲以上,男,三級,陽性
14306,40-49歲,男,無,陰性
14307,50-59歲,男,三級,陽性
14308,20-29歲,男,二級,陽性
14309,50-59歲,男,無,陰性
14310,20-29歲,女,二級,陽性
14311,40-49歲,男,無,陰性
14312,30-39歲,男,二級,陽性
14313,30-39歲,女,無,陰性
14314,50-59歲,男,無,陰性
14315,50-59歲,男,無,陰性
14316,30-39歲,男,二級,陽性
14317,60歲以上,男,無,陰性
14318,50-59歲,男,無,陰性
14319,50-59歲,女,無,陰性
14320,20-29歲,男,無,陰性
14321,60歲以上,男,無,陰性
14322,20-29歲,男,三級,陽性
14323,30-39歲,男,無,陰性
14324,30-39歲,女,無,陰性
14325,30-39歲,男,無,陰性
14326,30-39歲,男,無,陰性
14327,19歲以下,男,二級,陽性
14328,60歲以上,男,無,陰性
14329,20-29歲,男,無,陰性
14330,50-59歲,男,無,陰性
14331,50-59歲,男,二級,陽性
14332,19歲以下,男,無,陰性
14333,40-49歲,女,無,陰性
14334,20-29歲,男,無,陰性
14335,40-49歲,男,無,陰性
14336,40-49歲,男,無,陰性
14337,50-59歲,女,二級,陽性
14338,50-59歲,女,無,陰性
14339,30-39歲,男,無,陰性
14340,30-39歲,男,二級,陽性
14341,40-49歲,男,無,陰性
14342,60歲以上,男,三級,陽性
14343,50-59歲,男,無,陰性
14344,40-49歲,男,二級,陽性
14345,40-49歲,男,無,陰性
14346,60歲以上,男,無,陰性
14347,20-29歲,女,二級,陽性
14348,30-39歲,男,無,陰性
14349,40-49歲,男,無,陰性
14350,20-29歲,男,無,陰性
14351,30-39歲,男,無,陰性
14352,50-59歲,男,無,陰性
14353,60歲以上,女,一級,陽性
14354,40-49歲,男,無,陰性
14355,40-49歲,男,無,陰性
14356,19歲以下,男,無,陰性
14357,50-59歲,男,無,陰性
14358,60歲以上,男,無,陰性
14359,40-49歲,男,無,陰性
14360,40-49歲,男,一級,陽性
14361,60歲以上,男,無,陰性
14362,50-59歲,男,無,陰性
14363,40-49歲,男,無,陰性
14364,50-59歲,女,無,陰性
14365,40-49歲,男,二級,陽性
14366,20-29歲,男,無,陰性
14367,50-59歲,男,二級,陽性
14368,30-39歲,男,無,陰性
14369,50-59歲,男,無,陰性
14370,30-39歲,男,無,陰性
14371,50-59歲,男,無,陰性
14372,50-59歲,男,無,陰性
14373,50-59歲,男,無,陰性
14374,40-49歲,男,無,陰性
14375,60歲以上,女,無,陰性
14376,50-59歲,男,無,陰性
14377,50-59歲,男,二級,陽性
14378,30-39歲,女,無,陰性
14379,50-59歲,男,無,陰性
14380,30-39歲,男,二級,陽性
14381,40-49歲,女,無,陰性
14382,30-39歲,男,二級,陽性
14383,20-29歲,男,無,陰性
14384,50-59歲,男,二級,陽性
14385,60歲以上,男,二級,陽性
14386,50-59歲,男,無,陰性
14387,40-49歲,男,無,陰性
14388,40-49歲,男,無,陰性
14389,40-49歲,男,無,陰性
14390,50-59歲,女,無,陰性
14391,50-59歲,男,無,陰性
14392,30-39歲,男,三級,陽性
14393,30-39歲,男,無,陰性
14394,60歲以上,男,二級,陽性
14395,40-49歲,男,無,陰性
14396,40-49歲,男,二級,陽性
14397,40-49歲,女,無,陰性
14398,50-59歲,男,二級,陽性
14399,30-39歲,男,無,陰性
14400,40-49歲,男,無,陰性
14401,50-59歲,女,二級,陽性
14402,50-59歲,男,無,陰性
14403,30-39歲,男,無,陰性
14404,20-29歲,男,無,陰性
14405,40-49歲,男,無,陰性
14406,30-39歲,男,無,陰性
14407,50-59歲,男,無,陰性
14408,50-59歲,男,二級,陽性
14409,40-49歲,女,無,陰性
14410,40-49歲,女,無,陰性
14411,40-49歲,女,二級,陽性
14412,40-49歲,男,無,陰性
14413,30-39歲,男,二級,陽性
14414,50-59歲,女,無,陰性
14415,50-59歲,男,無,陰性
14416,50-59歲,男,無,陰性
14417,50-59歲,女,三級,陽性
14418,50-59歲,男,無,陰性
14419,40-49歲,男,無,陰性
14420,19歲以下,男,無,陰性
14421,40-49歲,女,無,陰性
14422,40-49歲,男,無,陰性
14423,30-39歲,男,無,陰性
14424,40-49歲,男,無,陰性
14425,40-49歲,男,無,陰性
14426,50-59歲,男,無,陰性
14427,20-29歲,男,無,陰性
14428,40-49歲,男,無,陰性
14429,30-39歲,女,二級,陽性
14430,40-49歲,男,無,陰性
14431,20-29歲,男,無,陰性
14432,19歲以下,男,無,陰性
14433,20-29歲,男,無,陰性
14434,40-49歲,男,無,陰性
14435,30-39歲,女,三級,陽性
14436,50-59歲,男,無,陰性
14437,50-59歲,男,無,陰性
14438,50-59歲,男,無,陰性
14439,60歲以上,女,無,陰性
14440,40-49歲,男,無,陰性
14441,50-59歲,男,二級,陽性
14442,50-59歲,男,無,陰性
14443,30-39歲,男,無,陰性
14444,50-59歲,男,無,陰性
14445,40-49歲,男,二級,陽性
14446,20-29歲,男,無,陰性
14447,40-49歲,男,無,陰性
14448,60歲以上,女,無,陰性
14449,40-49歲,男,無,陰性
14450,40-49歲,男,無,陰性
14451,50-59歲,男,無,陰性
14452,40-49歲,男,無,陰性
14453,40-49歲,男,無,陰性
14454,50-59歲,男,無,陰性
14455,50-59歲,男,無,陰性
14456,30-39歲,男,無,陰性
14457,50-59歲,男,無,陰性
14458,40-49歲,男,無,陰性
14459,40-49歲,女,無,陰性
14460,20-29歲,男,無,陰性
14461,30-39歲,男,無,陰性
14462,50-59歲,男,無,陰性
14463,30-39歲,男,無,陰性
14464,50-59歲,男,無,陰性
14465,40-49歲,男,無,陰性
14466,40-49歲,男,二級,陽性
14467,40-49歲,男,無,陰性
14468,40-49歲,男,無,陰性
14469,40-49歲,男,二級,陽性
14470,20-29歲,男,無,陰性
14471,50-59歲,男,無,陰性
14472,50-59歲,男,無,陰性
14473,19歲以下,男,無,陰性
14474,50-59歲,男,無,陰性
14475,50-59歲,男,無,陰性
14476,60歲以上,男,無,陰性
14477,40-49歲,男,二級,陽性
14478,40-49歲,男,無,陰性
14479,40-49歲,男,無,陰性
14480,30-39歲,男,無,陰性
14481,50-59歲,男,二級,陽性
14482,50-59歲,女,無,陰性
14483,60歲以上,男,無,陰性
14484,40-49歲,男,無,陰性
14485,40-49歲,男,無,陰性
14486,40-49歲,男,無,陰性
14487,40-49歲,男,二級,陽性
14488,40-49歲,男,無,陰性
14489,40-49歲,男,無,陰性
14490,30-39歲,男,二級,陽性
14491,40-49歲,女,無,陰性
14492,30-39歲,男,無,陰性
14493,50-59歲,男,無,陰性
14494,50-59歲,男,無,陰性
14495,40-49歲,女,無,陰性
14496,50-59歲,男,無,陰性
14497,50-59歲,女,無,陰性
14498,50-59歲,男,二級,陽性
14499,20-29歲,男,無,陰性
14500,50-59歲,男,無,陰性
14501,60歲以上,男,二級,陽性
14502,50-59歲,女,無,陰性
14503,50-59歲,男,無,陰性
14504,30-39歲,男,無,陰性
14505,50-59歲,男,二級,陽性
14506,50-59歲,女,無,陰性
14507,60歲以上,男,無,陰性
14508,50-59歲,男,無,陰性
14509,30-39歲,男,二級,陽性
14510,19歲以下,男,無,陰性
14511,50-59歲,男,無,陰性
14512,20-29歲,男,二級,陽性
14513,60歲以上,男,無,陰性
14514,40-49歲,女,無,陰性
14515,50-59歲,男,無,陰性
14516,40-49歲,女,無,陰性
14517,50-59歲,男,無,陰性
14518,60歲以上,男,無,陰性
14519,20-29歲,男,無,陰性
14520,40-49歲,男,無,陰性
14521,30-39歲,男,二級,陽性
14522,50-59歲,男,無,陰性
14523,30-39歲,女,一級,陽性
14524,40-49歲,女,無,陰性
14525,40-49歲,男,二級,陽性
14526,40-49歲,男,無,陰性
14527,40-49歲,男,無,陰性
14528,20-29歲,男,無,陰性
14529,40-49歲,男,無,陰性
14530,40-49歲,男,無,陰性
14531,40-49歲,男,無,陰性
14532,40-49歲,男,無,陰性
14533,50-59歲,男,無,陰性
14534,50-59歲,男,無,陰性
14535,20-29歲,男,無,陰性
14536,40-49歲,男,無,陰性
14537,40-49歲,男,無,陰性
14538,40-49歲,男,無,陰性
14539,50-59歲,男,無,陰性
14540,40-49歲,女,無,陰性
14541,50-59歲,男,無,陰性
14542,40-49歲,男,無,陰性
14543,60歲以上,女,無,陰性
14544,50-59歲,男,無,陰性
14545,60歲以上,男,無,陰性
14546,20-29歲,男,一級,陽性
14547,60歲以上,男,無,陰性
14548,50-59歲,男,二級,陽性
14549,40-49歲,男,無,陰性
14550,30-39歲,男,二級,陽性
14551,20-29歲,男,無,陰性
14552,60歲以上,男,無,陰性
14553,20-29歲,男,無,陰性
14554,30-39歲,男,無,陰性
14555,50-59歲,男,無,陰性
14556,40-49歲,男,二級,陽性
14557,40-49歲,女,無,陰性
14558,40-49歲,男,無,陰性
14559,60歲以上,男,無,陰性
14560,60歲以上,男,無,陰性
14561,30-39歲,男,無,陰性
14562,50-59歲,女,無,陰性
14563,40-49歲,男,無,陰性
14564,60歲以上,男,無,陰性
14565,50-59歲,女,無,陰性
14566,40-49歲,男,無,陰性
14567,40-49歲,男,無,陰性
14568,30-39歲,男,無,陰性
14569,50-59歲,男,無,陰性
14570,60歲以上,女,無,陰性
14571,40-49歲,男,二級,陽性
14572,40-49歲,男,一級,陽性
14573,40-49歲,男,無,陰性
14574,30-39歲,女,無,陰性
14575,60歲以上,女,二級,陽性
14576,40-49歲,男,無,陰性
14577,30-39歲,男,二級,陽性
14578,30-39歲,男,無,陰性
14579,20-29歲,男,二級,陽性
14580,30-39歲,男,二級,陽性
14581,50-59歲,女,無,陰性
14582,40-49歲,男,無,陰性
14583,50-59歲,男,無,陰性
14584,60歲以上,女,無,陰性
14585,50-59歲,男,無,陰性
14586,40-49歲,男,二級,陽性
14587,50-59歲,男,二級,陽性
14588,60歲以上,男,無,陰性
14589,50-59歲,男,無,陰性
14590,40-49歲,男,無,陰性
14591,50-59歲,男,無,陰性
14592,40-49歲,男,無,陰性
14593,50-59歲,男,無,陰性
14594,40-49歲,男,無,陰性
14595,60歲以上,女,二級,陽性
14596,30-39歲,男,無,陰性
14597,40-49歲,女,無,陰性
14598,30-39歲,女,無,陰性
14599,40-49歲,男,無,陰性
14600,60歲以上,女,無,陰性
14601,30-39歲,男,二級,陽性
14602,40-49歲,女,無,陰性
14603,40-49歲,男,二級,陽性
14604,50-59歲,男,二級,陽性
14605,20-29歲,男,二級,陽性
14606,50-59歲,男,無,陰性
14607,20-29歲,男,無,陰性
14608,40-49歲,男,無,陰性
14609,60歲以上,女,無,陰性
14610,50-59歲,男,無,陰性
14611,40-49歲,男,無,陰性
14612,50-59歲,男,二級,陽性
14613,60歲以上,男,無,陰性
14614,20-29歲,男,無,陰性
14615,19歲以下,男,無,陰性
14616,30-39歲,男,二級,陽性
14617,30-39歲,男,無,陰性
14618,60歲以上,男,無,陰性
14619,50-59歲,男,無,陰性
14620,50-59歲,男,無,陰性
14621,30-39歲,男,二級,陽性
14622,30-39歲,男,無,陰性
14623,30-39歲,男,無,陰性
14624,40-49歲,男,無,陰性
14625,50-59歲,男,無,陰性
14626,30-39歲,男,無,陰性
14627,40-49歲,男,無,陰性
14628,40-49歲,女,無,陰性
14629,40-49歲,女,二級,陽性
14630,40-49歲,男,無,陰性
14631,60歲以上,男,二級,陽性
14632,40-49歲,男,無,陰性
14633,30-39歲,男,無,陰性
14634,60歲以上,女,無,陰性
14635,40-49歲,男,二級,陽性
14636,60歲以上,男,無,陰性
14637,30-39歲,男,無,陰性
14638,30-39歲,男,無,陰性
14639,20-29歲,男,無,陰性
14640,40-49歲,男,無,陰性
14641,50-59歲,女,無,陰性
14642,40-49歲,男,無,陰性
14643,40-49歲,男,無,陰性
14644,50-59歲,男,無,陰性
14645,20-29歲,男,無,陰性
14646,19歲以下,男,無,陰性
14647,50-59歲,男,無,陰性
14648,30-39歲,男,無,陰性
14649,40-49歲,女,二級,陽性
14650,30-39歲,男,無,陰性
14651,60歲以上,男,無,陰性
14652,60歲以上,男,無,陰性
14653,60歲以上,女,無,陰性
14654,50-59歲,男,無,陰性
14655,40-49歲,男,無,陰性
14656,30-39歲,男,無,陰性
14657,30-39歲,男,無,陰性
14658,40-49歲,男,無,陰性
14659,50-59歲,男,三級,陽性
14660,40-49歲,男,無,陰性
14661,60歲以上,男,無,陰性
14662,40-49歲,女,無,陰性
14663,40-49歲,男,無,陰性
14664,50-59歲,男,無,陰性
14665,40-49歲,女,三級,陽性
14666,30-39歲,男,無,陰性
14667,60歲以上,男,無,陰性
14668,40-49歲,男,無,陰性
14669,50-59歲,男,無,陰性
14670,40-49歲,男,無,陰性
14671,40-49歲,男,無,陰性
14672,40-49歲,男,無,陰性
14673,20-29歲,男,無,陰性
14674,60歲以上,女,二級,陽性
14675,30-39歲,男,無,陰性
14676,50-59歲,男,無,陰性
14677,40-49歲,男,無,陰性
14678,40-49歲,男,無,陰性
14679,19歲以下,男,一級,陽性
14680,30-39歲,男,無,陰性
14681,30-39歲,男,二級,陽性
14682,40-49歲,男,無,陰性
14683,40-49歲,男,無,陰性
14684,50-59歲,女,無,陰性
14685,50-59歲,男,無,陰性
14686,40-49歲,女,二級,陽性
14687,60歲以上,男,二級,陽性
14688,50-59歲,男,無,陰性
14689,50-59歲,男,無,陰性
14690,40-49歲,男,二級,陽性
14691,30-39歲,女,無,陰性
14692,60歲以上,男,無,陰性
14693,40-49歲,男,二級,陽性
14694,40-49歲,女,無,陰性
14695,50-59歲,男,無,陰性
14696,50-59歲,男,二級,陽性
14697,30-39歲,男,無,陰性
14698,40-49歲,男,無,陰性
14699,40-49歲,男,無,陰性
14700,50-59歲,女,無,陰性
14701,30-39歲,男,二級,陽性
14702,40-49歲,男,無,陰性
14703,50-59歲,女,無,陰性
14704,30-39歲,男,無,陰性
14705,40-49歲,男,二級,陽性
14706,50-59歲,男,無,陰性
14707,50-59歲,男,無,陰性
14708,30-39歲,女,二級,陽性
14709,20-29歲,女,無,陰性
14710,30-39歲,男,無,陰性
14711,30-39歲,男,無,陰性
14712,40-49歲,男,無,陰性
14713,40-49歲,男,三級,陽性
14714,40-49歲,男,三級,陽性
14715,50-59歲,男,無,陰性
14716,30-39歲,男,二級,陽性
14717,30-39歲,男,無,陰性
14718,19歲以下,男,無,陰性
14719,40-49歲,男,無,陰性
14720,30-39歲,男,無,陰性
14721,20-29歲,男,無,陰性
14722,40-49歲,女,無,陰性
14723,60歲以上,男,無,陰性
14724,20-29歲,男,無,陰性
14725,40-49歲,男,無,陰性
14726,40-49歲,女,無,陰性
14727,40-49歲,男,無,陰性
14728,40-49歲,男,無,陰性
14729,20-29歲,男,無,陰性
14730,40-49歲,男,無,陰性
14731,40-49歲,男,無,陰性
14732,60歲以上,男,無,陰性
14733,50-59歲,男,三級,陽性
14734,19歲以下,男,無,陰性
14735,40-49歲,男,無,陰性
14736,40-49歲,男,無,陰性
14737,30-39歲,男,無,陰性
14738,50-59歲,男,無,陰性
14739,60歲以上,男,無,陰性
14740,20-29歲,女,無,陰性
14741,40-49歲,女,無,陰性
14742,40-49歲,男,無,陰性
14743,50-59歲,男,無,陰性
14744,40-49歲,男,無,陰性
14745,50-59歲,男,無,陰性
14746,50-59歲,男,無,陰性
14747,40-49歲,男,無,陰性
14748,50-59歲,男,無,陰性
14749,30-39歲,女,無,陰性
14750,30-39歲,男,無,陰性
14751,60歲以上,男,二級,陽性
14752,40-49歲,男,二級,陽性
14753,40-49歲,男,無,陰性
14754,50-59歲,男,無,陰性
14755,50-59歲,男,無,陰性
14756,20-29歲,男,無,陰性
14757,20-29歲,男,無,陰性
14758,20-29歲,男,三級,陽性
14759,40-49歲,男,二級,陽性
14760,30-39歲,男,二級,陽性
14761,20-29歲,男,無,陰性
14762,50-59歲,男,無,陰性
14763,30-39歲,男,無,陰性
14764,30-39歲,男,無,陰性
14765,30-39歲,男,無,陰性
14766,20-29歲,男,無,陰性
14767,50-59歲,男,三級,陽性
14768,60歲以上,男,無,陰性
14769,30-39歲,男,無,陰性
14770,40-49歲,男,二級,陽性
14771,40-49歲,男,無,陰性
14772,50-59歲,男,二級,陽性
14773,40-49歲,男,無,陰性
14774,40-49歲,男,無,陰性
14775,50-59歲,女,無,陰性
14776,30-39歲,男,二級,陽性
14777,40-49歲,男,二級,陽性
14778,19歲以下,男,無,陰性
14779,30-39歲,男,無,陰性
14780,50-59歲,女,無,陰性
14781,40-49歲,男,無,陰性
14782,60歲以上,男,無,陰性
14783,40-49歲,男,無,陰性
14784,40-49歲,女,二級,陽性
14785,40-49歲,男,無,陰性
14786,30-39歲,男,無,陰性
14787,30-39歲,男,無,陰性
14788,30-39歲,男,無,陰性
14789,30-39歲,男,無,陰性
14790,40-49歲,男,無,陰性
14791,50-59歲,男,無,陰性
14792,20-29歲,男,無,陰性
14793,30-39歲,男,無,陰性
14794,40-49歲,男,無,陰性
14795,20-29歲,男,無,陰性
14796,20-29歲,男,二級,陽性
14797,20-29歲,男,二級,陽性
14798,50-59歲,男,無,陰性
14799,50-59歲,男,二級,陽性
14800,50-59歲,女,無,陰性
14801,40-49歲,男,無,陰性
14802,30-39歲,女,無,陰性
14803,40-49歲,男,無,陰性
14804,30-39歲,男,無,陰性
14805,50-59歲,男,無,陰性
14806,30-39歲,女,二級,陽性
14807,40-49歲,男,無,陰性
14808,20-29歲,男,無,陰性
14809,40-49歲,男,無,陰性
14810,30-39歲,男,無,陰性
14811,40-49歲,女,三級,陽性
14812,50-59歲,男,無,陰性
14813,40-49歲,男,二級,陽性
14814,40-49歲,男,一級,陽性
14815,40-49歲,男,無,陰性
14816,50-59歲,男,無,陰性
14817,30-39歲,男,無,陰性
14818,40-49歲,女,無,陰性
14819,50-59歲,男,無,陰性
14820,40-49歲,男,無,陰性
14821,40-49歲,女,無,陰性
14822,40-49歲,男,無,陰性
14823,50-59歲,女,無,陰性
14824,50-59歲,男,無,陰性
14825,30-39歲,男,無,陰性
14826,30-39歲,男,無,陰性
14827,30-39歲,女,無,陰性
14828,20-29歲,男,無,陰性
14829,50-59歲,男,無,陰性
14830,50-59歲,男,二級,陽性
14831,40-49歲,女,無,陰性
14832,40-49歲,男,無,陰性
14833,50-59歲,男,無,陰性
14834,50-59歲,男,無,陰性
14835,30-39歲,男,無,陰性
14836,40-49歲,男,無,陰性
14837,50-59歲,男,無,陰性
14838,50-59歲,男,無,陰性
14839,60歲以上,女,無,陰性
14840,30-39歲,男,無,陰性
14841,50-59歲,男,無,陰性
14842,50-59歲,男,無,陰性
14843,30-39歲,男,無,陰性
14844,40-49歲,男,一級,陽性
14845,40-49歲,男,無,陰性
14846,40-49歲,男,二級,陽性
14847,50-59歲,男,二級,陽性
14848,20-29歲,男,無,陰性
14849,40-49歲,男,無,陰性
14850,50-59歲,男,二級,陽性
14851,40-49歲,男,無,陰性
14852,20-29歲,男,無,陰性
14853,20-29歲,男,無,陰性
14854,30-39歲,男,無,陰性
14855,20-29歲,男,二級,陽性
14856,50-59歲,男,一級,陽性
14857,40-49歲,女,無,陰性
14858,50-59歲,男,無,陰性
14859,60歲以上,女,無,陰性
14860,50-59歲,男,無,陰性
14861,50-59歲,男,無,陰性
14862,40-49歲,男,無,陰性
14863,30-39歲,男,無,陰性
14864,60歲以上,男,無,陰性
14865,19歲以下,男,二級,陽性
14866,50-59歲,男,無,陰性
14867,40-49歲,男,無,陰性
14868,40-49歲,男,無,陰性
14869,50-59歲,男,無,陰性
14870,40-49歲,男,無,陰性
14871,30-39歲,男,二級,陽性
14872,20-29歲,男,無,陰性
14873,40-49歲,女,無,陰性
14874,60歲以上,男,無,陰性
14875,30-39歲,男,無,陰性
14876,40-49歲,男,無,陰性
14877,40-49歲,女,無,陰性
14878,50-59歲,男,二級,陽性
14879,50-59歲,男,無,陰性
14880,30-39歲,女,無,陰性
14881,40-49歲,男,無,陰性
14882,30-39歲,男,無,陰性
14883,20-29歲,男,無,陰性
14884,50-59歲,男,三級,陽性
14885,50-59歲,女,二級,陽性
14886,40-49歲,女,無,陰性
14887,19歲以下,男,二級,陽性
14888,60歲以上,男,無,陰性
14889,30-39歲,男,無,陰性
14890,30-39歲,男,二級,陽性
14891,50-59歲,女,無,陰性
14892,20-29歲,女,二級,陽性
14893,20-29歲,女,無,陰性
14894,40-49歲,女,無,陰性
14895,50-59歲,男,無,陰性
14896,30-39歲,男,三級,陽性
14897,40-49歲,男,無,陰性
14898,40-49歲,男,無,陰性
14899,50-59歲,男,無,陰性
14900,40-49歲,女,無,陰性
14901,50-59歲,男,無,陰性
14902,40-49歲,男,無,陰性
14903,50-59歲,女,無,陰性
14904,50-59歲,男,無,陰性
14905,30-39歲,男,無,陰性
14906,40-49歲,女,無,陰性
14907,60歲以上,男,無,陰性
14908,50-59歲,男,二級,陽性
14909,19歲以下,女,二級,陽性
14910,50-59歲,女,二級,陽性
14911,30-39歲,男,無,陰性
14912,40-49歲,女,無,陰性
14913,60歲以上,男,無,陰性
14914,60歲以上,男,三級,陽性
14915,50-59歲,男,二級,陽性
14916,50-59歲,女,無,陰性
14917,30-39歲,男,二級,陽性
14918,20-29歲,女,無,陰性
14919,40-49歲,男,無,陰性
14920,40-49歲,男,二級,陽性
14921,40-49歲,男,無,陰性
14922,50-59歲,男,無,陰性
14923,40-49歲,女,無,陰性
14924,50-59歲,男,無,陰性
14925,50-59歲,男,無,陰性
14926,40-49歲,女,一級,陽性
14927,40-49歲,男,三級,陽性
14928,60歲以上,男,無,陰性
14929,40-49歲,女,無,陰性
14930,60歲以上,女,二級,陽性
14931,40-49歲,女,無,陰性
14932,50-59歲,女,無,陰性
14933,60歲以上,男,無,陰性
14934,50-59歲,女,三級,陽性
14935,40-49歲,男,無,陰性
14936,60歲以上,男,無,陰性
14937,30-39歲,女,無,陰性
14938,50-59歲,男,無,陰性
14939,50-59歲,男,二級,陽性
14940,60歲以上,男,無,陰性
14941,30-39歲,男,無,陰性
14942,40-49歲,男,無,陰性
14943,40-49歲,男,無,陰性
14944,50-59歲,男,無,陰性
14945,20-29歲,女,無,陰性
14946,50-59歲,女,無,陰性
14947,60歲以上,男,無,陰性
14948,50-59歲,男,三級,陽性
14949,30-39歲,女,無,陰性
14950,30-39歲,男,無,陰性
14951,30-39歲,男,無,陰性
14952,50-59歲,男,無,陰性
14953,40-49歲,男,無,陰性
14954,19歲以下,男,無,陰性
14955,50-59歲,男,無,陰性
14956,50-59歲,女,無,陰性
14957,40-49歲,男,無,陰性
14958,30-39歲,男,無,陰性
14959,40-49歲,男,無,陰性
14960,60歲以上,男,無,陰性
14961,40-49歲,男,無,陰性
14962,60歲以上,男,無,陰性
14963,50-59歲,女,無,陰性
14964,40-49歲,男,無,陰性
14965,60歲以上,男,二級,陽性
14966,50-59歲,男,一級,陽性
14967,40-49歲,男,二級,陽性
14968,40-49歲,男,二級,陽性
14969,30-39歲,男,二級,陽性
14970,40-49歲,男,無,陰性
14971,30-39歲,男,無,陰性
14972,60歲以上,男,無,陰性
14973,50-59歲,男,無,陰性
14974,30-39歲,男,無,陰性
14975,30-39歲,男,無,陰性
14976,20-29歲,男,無,陰性
14977,50-59歲,男,二級,陽性
14978,40-49歲,男,無,陰性
14979,40-49歲,女,二級,陽性
14980,50-59歲,男,無,陰性
14981,30-39歲,男,二級,陽性
14982,60歲以上,男,無,陰性
14983,20-29歲,男,無,陰性
14984,40-49歲,男,無,陰性
14985,40-49歲,男,二級,陽性
14986,20-29歲,男,無,陰性
14987,40-49歲,男,無,陰性
14988,50-59歲,男,無,陰性
14989,50-59歲,男,二級,陽性
14990,60歲以上,男,二級,陽性
14991,60歲以上,男,無,陰性
14992,40-49歲,男,一級,陽性
14993,40-49歲,男,無,陰性
14994,50-59歲,男,二級,陽性
14995,30-39歲,男,無,陰性
14996,40-49歲,男,無,陰性
14997,40-49歲,男,一級,陽性
14998,30-39歲,男,二級,陽性
14999,50-59歲,女,無,陰性
15000,40-49歲,男,二級,陽性
15001,30-39歲,男,無,陰性
15002,50-59歲,男,無,陰性
15003,50-59歲,男,無,陰性
15004,50-59歲,男,無,陰性
15005,40-49歲,男,二級,陽性
15006,60歲以上,男,無,陰性
15007,30-39歲,男,無,陰性
15008,40-49歲,男,無,陰性
15009,40-49歲,男,無,陰性
15010,40-49歲,男,無,陰性
15011,50-59歲,男,三級,陽性
15012,40-49歲,男,無,陰性
15013,40-49歲,女,無,陰性
15014,50-59歲,男,二級,陽性
15015,19歲以下,男,無,陰性
15016,50-59歲,男,無,陰性
15017,40-49歲,男,無,陰性
15018,60歲以上,男,無,陰性
15019,40-49歲,男,無,陰性
15020,20-29歲,男,無,陰性
15021,60歲以上,女,無,陰性
15022,20-29歲,男,三級,陽性
15023,60歲以上,女,無,陰性
15024,40-49歲,女,二級,陽性
15025,30-39歲,男,無,陰性
15026,50-59歲,男,二級,陽性
15027,50-59歲,男,無,陰性
15028,20-29歲,男,無,陰性
15029,60歲以上,女,二級,陽性
15030,40-49歲,男,無,陰性
15031,20-29歲,男,無,陰性
15032,50-59歲,男,二級,陽性
15033,20-29歲,男,二級,陽性
15034,40-49歲,女,無,陰性
15035,50-59歲,男,無,陰性
15036,50-59歲,男,無,陰性
15037,50-59歲,男,無,陰性
15038,60歲以上,男,無,陰性
15039,30-39歲,男,無,陰性
15040,30-39歲,男,無,陰性
15041,50-59歲,男,無,陰性
15042,60歲以上,男,無,陰性
15043,50-59歲,男,二級,陽性
15044,40-49歲,男,無,陰性
15045,30-39歲,男,無,陰性
15046,20-29歲,男,無,陰性
15047,50-59歲,女,無,陰性
15048,40-49歲,男,二級,陽性
15049,40-49歲,男,二級,陽性
15050,50-59歲,男,無,陰性
15051,40-49歲,男,無,陰性
15052,50-59歲,男,無,陰性
15053,40-49歲,男,無,陰性
15054,30-39歲,男,二級,陽性
15055,30-39歲,男,無,陰性
15056,30-39歲,男,無,陰性
15057,50-59歲,男,無,陰性
15058,40-49歲,女,無,陰性
15059,50-59歲,女,無,陰性
15060,40-49歲,男,無,陰性
15061,40-49歲,男,無,陰性
15062,30-39歲,男,無,陰性
15063,30-39歲,男,二級,陽性
15064,40-49歲,女,一級,陽性
15065,19歲以下,男,無,陰性
15066,50-59歲,男,無,陰性
15067,30-39歲,男,無,陰性
15068,30-39歲,男,二級,陽性
15069,40-49歲,女,無,陰性
15070,40-49歲,男,無,陰性
15071,60歲以上,男,一級,陽性
15072,20-29歲,女,無,陰性
15073,30-39歲,男,無,陰性
15074,30-39歲,男,無,陰性
15075,50-59歲,男,無,陰性
15076,40-49歲,男,無,陰性
15077,40-49歲,男,二級,陽性
15078,40-49歲,男,無,陰性
15079,40-49歲,男,二級,陽性
15080,30-39歲,男,一級,陽性
15081,19歲以下,男,無,陰性
15082,30-39歲,男,二級,陽性
15083,60歲以上,女,無,陰性
15084,50-59歲,男,三級,陽性
15085,40-49歲,男,無,陰性
15086,40-49歲,女,無,陰性
15087,40-49歲,男,無,陰性
15088,40-49歲,男,二級,陽性
15089,50-59歲,男,二級,陽性
15090,50-59歲,男,無,陰性
15091,50-59歲,男,無,陰性
15092,20-29歲,男,無,陰性
15093,50-59歲,女,無,陰性
15094,50-59歲,男,無,陰性
15095,50-59歲,男,無,陰性
15096,40-49歲,男,無,陰性
15097,20-29歲,男,無,陰性
15098,50-59歲,男,無,陰性
15099,30-39歲,女,二級,陽性
15100,30-39歲,男,無,陰性
15101,50-59歲,男,三級,陽性
15102,50-59歲,男,無,陰性
15103,40-49歲,男,二級,陽性
15104,50-59歲,男,無,陰性
15105,60歲以上,男,無,陰性
15106,20-29歲,女,無,陰性
15107,60歲以上,男,無,陰性
15108,40-49歲,男,無,陰性
15109,20-29歲,男,無,陰性
15110,20-29歲,男,二級,陽性
15111,40-49歲,男,無,陰性
15112,40-49歲,男,三級,陽性
15113,30-39歲,男,無,陰性
15114,40-49歲,女,無,陰性
15115,50-59歲,女,無,陰性
15116,40-49歲,男,二級,陽性
15117,40-49歲,女,一級,陽性
15118,20-29歲,男,三級,陽性
15119,30-39歲,男,無,陰性
15120,30-39歲,男,無,陰性
15121,40-49歲,女,無,陰性
15122,30-39歲,男,二級,陽性
15123,40-49歲,男,無,陰性
15124,60歲以上,男,二級,陽性
15125,60歲以上,男,無,陰性
15126,20-29歲,男,無,陰性
15127,50-59歲,男,無,陰性
15128,40-49歲,男,無,陰性
15129,50-59歲,男,三級,陽性
15130,40-49歲,男,無,陰性
15131,40-49歲,男,無,陰性
15132,30-39歲,男,無,陰性
15133,30-39歲,男,無,陰性
15134,40-49歲,男,無,陰性
15135,30-39歲,女,無,陰性
15136,50-59歲,男,無,陰性
15137,40-49歲,男,無,陰性
15138,50-59歲,男,無,陰性
15139,40-49歲,男,無,陰性
15140,60歲以上,男,無,陰性
15141,50-59歲,男,無,陰性
15142,30-39歲,男,無,陰性
15143,50-59歲,男,無,陰性
15144,50-59歲,女,無,陰性
15145,40-49歲,女,無,陰性
15146,40-49歲,男,三級,陽性
15147,40-49歲,男,二級,陽性
15148,40-49歲,男,無,陰性
15149,30-39歲,男,無,陰性
15150,50-59歲,男,無,陰性
15151,20-29歲,男,無,陰性
15152,40-49歲,男,無,陰性
15153,40-49歲,男,二級,陽性
15154,60歲以上,男,無,陰性
15155,50-59歲,男,二級,陽性
15156,50-59歲,男,無,陰性
15157,50-59歲,女,無,陰性
15158,30-39歲,男,無,陰性
15159,60歲以上,男,無,陰性
15160,40-49歲,男,無,陰性
15161,40-49歲,男,二級,陽性
15162,40-49歲,女,無,陰性
15163,50-59歲,男,無,陰性
15164,50-59歲,男,二級,陽性
15165,20-29歲,男,無,陰性
15166,20-29歲,男,無,陰性
15167,50-59歲,男,無,陰性
15168,40-49歲,男,無,陰性
15169,40-49歲,女,二級,陽性
15170,30-39歲,女,無,陰性
15171,50-59歲,男,無,陰性
15172,40-49歲,男,無,陰性
15173,19歲以下,男,無,陰性
15174,50-59歲,男,無,陰性
15175,40-49歲,男,三級,陽性
15176,50-59歲,男,無,陰性
15177,40-49歲,男,無,陰性
15178,40-49歲,男,二級,陽性
15179,40-49歲,女,無,陰性
15180,40-49歲,男,二級,陽性
15181,40-49歲,男,無,陰性
15182,40-49歲,女,三級,陽性
15183,40-49歲,男,無,陰性
15184,30-39歲,男,無,陰性
15185,40-49歲,男,無,陰性
15186,50-59歲,男,無,陰性
15187,30-39歲,男,無,陰性
15188,60歲以上,男,無,陰性
15189,20-29歲,男,二級,陽性
15190,30-39歲,男,無,陰性
15191,19歲以下,男,二級,陽性
15192,40-49歲,男,二級,陽性
15193,40-49歲,男,無,陰性
15194,40-49歲,男,無,陰性
15195,40-49歲,男,無,陰性
15196,40-49歲,男,二級,陽性
15197,30-39歲,男,無,陰性
15198,20-29歲,女,無,陰性
15199,30-39歲,男,一級,陽性
15200,50-59歲,男,無,陰性
15201,40-49歲,男,無,陰性
15202,60歲以上,男,無,陰性
15203,20-29歲,男,無,陰性
15204,20-29歲,女,無,陰性
15205,30-39歲,男,無,陰性
15206,60歲以上,男,無,陰性
15207,50-59歲,男,無,陰性
15208,40-49歲,男,無,陰性
15209,30-39歲,男,二級,陽性
15210,50-59歲,女,無,陰性
15211,60歲以上,男,無,陰性
15212,30-39歲,男,無,陰性
15213,40-49歲,男,無,陰性
15214,40-49歲,男,無,陰性
15215,50-59歲,男,無,陰性
15216,30-39歲,男,二級,陽性
15217,40-49歲,女,無,陰性
15218,40-49歲,女,無,陰性
15219,50-59歲,女,無,陰性
15220,50-59歲,男,二級,陽性
15221,40-49歲,男,一級,陽性
15222,60歲以上,男,二級,陽性
15223,50-59歲,男,無,陰性
15224,50-59歲,男,無,陰性
15225,40-49歲,男,二級,陽性
15226,50-59歲,男,無,陰性
15227,50-59歲,女,無,陰性
15228,50-59歲,男,無,陰性
15229,50-59歲,男,三級,陽性
15230,50-59歲,男,三級,陽性
15231,40-49歲,女,無,陰性
15232,30-39歲,男,無,陰性
15233,30-39歲,女,二級,陽性
15234,40-49歲,男,無,陰性
15235,30-39歲,男,二級,陽性
15236,40-49歲,男,無,陰性
15237,50-59歲,男,無,陰性
15238,20-29歲,男,無,陰性
15239,60歲以上,男,一級,陽性
15240,30-39歲,男,無,陰性
15241,40-49歲,男,無,陰性
15242,50-59歲,男,無,陰性
15243,40-49歲,男,無,陰性
15244,50-59歲,男,無,陰性
15245,30-39歲,男,無,陰性
15246,40-49歲,男,無,陰性
15247,30-39歲,男,無,陰性
15248,40-49歲,男,無,陰性
15249,40-49歲,男,無,陰性
15250,40-49歲,女,無,陰性
15251,50-59歲,男,三級,陽性
15252,40-49歲,男,一級,陽性
15253,30-39歲,男,無,陰性
15254,20-29歲,女,無,陰性
15255,30-39歲,男,無,陰性
15256,30-39歲,男,無,陰性
15257,20-29歲,男,無,陰性
15258,40-49歲,男,無,陰性
15259,60歲以上,男,無,陰性
15260,50-59歲,男,無,陰性
15261,30-39歲,女,無,陰性
15262,50-59歲,男,無,陰性
15263,19歲以下,女,無,陰性
15264,40-49歲,男,無,陰性
15265,50-59歲,女,無,陰性
15266,40-49歲,女,無,陰性
15267,30-39歲,男,二級,陽性
15268,40-49歲,男,無,陰性
15269,40-49歲,男,無,陰性
15270,50-59歲,男,二級,陽性
15271,60歲以上,男,無,陰性
15272,60歲以上,男,無,陰性
15273,60歲以上,女,無,陰性
15274,30-39歲,男,無,陰性
15275,40-49歲,男,無,陰性
15276,50-59歲,男,無,陰性
15277,50-59歲,男,無,陰性
15278,50-59歲,男,無,陰性
15279,40-49歲,男,無,陰性
15280,50-59歲,男,無,陰性
15281,40-49歲,男,無,陰性
15282,40-49歲,男,無,陰性
15283,60歲以上,男,無,陰性
15284,40-49歲,男,無,陰性
15285,50-59歲,男,無,陰性
15286,40-49歲,男,無,陰性
15287,19歲以下,男,二級,陽性
15288,30-39歲,男,無,陰性
15289,50-59歲,男,無,陰性
15290,50-59歲,男,二級,陽性
15291,40-49歲,男,無,陰性
15292,50-59歲,男,無,陰性
15293,60歲以上,男,無,陰性
15294,30-39歲,男,二級,陽性
15295,30-39歲,女,二級,陽性
15296,50-59歲,男,無,陰性
15297,50-59歲,男,三級,陽性
15298,30-39歲,男,二級,陽性
15299,40-49歲,男,一級,陽性
15300,20-29歲,男,無,陰性
15301,20-29歲,男,無,陰性
15302,40-49歲,女,二級,陽性
15303,30-39歲,男,無,陰性
15304,20-29歲,男,三級,陽性
15305,30-39歲,男,無,陰性
15306,40-49歲,女,二級,陽性
15307,40-49歲,男,無,陰性
15308,40-49歲,男,無,陰性
15309,50-59歲,男,二級,陽性
15310,20-29歲,女,無,陰性
15311,60歲以上,女,無,陰性
15312,50-59歲,男,無,陰性
15313,50-59歲,男,無,陰性
15314,50-59歲,女,一級,陽性
15315,40-49歲,男,無,陰性
15316,40-49歲,男,無,陰性
15317,40-49歲,男,無,陰性
15318,30-39歲,男,二級,陽性
15319,50-59歲,男,無,陰性
15320,30-39歲,男,無,陰性
15321,50-59歲,男,無,陰性
15322,40-49歲,男,無,陰性
15323,50-59歲,男,無,陰性
15324,50-59歲,男,無,陰性
15325,50-59歲,男,無,陰性
15326,30-39歲,男,二級,陽性
15327,60歲以上,男,無,陰性
15328,40-49歲,男,無,陰性
15329,40-49歲,女,無,陰性
15330,50-59歲,男,無,陰性
15331,50-59歲,男,無,陰性
15332,30-39歲,男,無,陰性
15333,50-59歲,男,二級,陽性
15334,30-39歲,男,三級,陽性
15335,50-59歲,男,無,陰性
15336,30-39歲,男,無,陰性
15337,60歲以上,男,無,陰性
15338,50-59歲,男,無,陰性
15339,50-59歲,男,無,陰性
15340,20-29歲,男,無,陰性
15341,40-49歲,男,無,陰性
15342,40-49歲,男,無,陰性
15343,50-59歲,男,二級,陽性
15344,40-49歲,女,無,陰性
15345,40-49歲,男,二級,陽性
15346,30-39歲,女,無,陰性
15347,60歲以上,男,無,陰性
15348,30-39歲,女,無,陰性
15349,50-59歲,女,無,陰性
15350,60歲以上,男,二級,陽性
15351,40-49歲,男,無,陰性
15352,19歲以下,男,無,陰性
15353,50-59歲,男,無,陰性
15354,40-49歲,男,無,陰性
15355,40-49歲,男,無,陰性
15356,50-59歲,男,無,陰性
15357,20-29歲,女,無,陰性
15358,60歲以上,男,二級,陽性
15359,40-49歲,男,無,陰性
15360,50-59歲,男,無,陰性
15361,40-49歲,男,二級,陽性
15362,19歲以下,男,無,陰性
15363,20-29歲,女,無,陰性
15364,60歲以上,女,無,陰性
15365,19歲以下,男,無,陰性
15366,50-59歲,男,無,陰性
15367,30-39歲,男,三級,陽性
15368,40-49歲,男,無,陰性
15369,30-39歲,男,無,陰性
15370,40-49歲,女,無,陰性
15371,40-49歲,男,無,陰性
15372,50-59歲,男,無,陰性
15373,40-49歲,男,二級,陽性
15374,40-49歲,男,二級,陽性
15375,30-39歲,女,無,陰性
15376,40-49歲,男,無,陰性
15377,60歲以上,男,無,陰性
15378,40-49歲,男,無,陰性
15379,19歲以下,男,無,陰性
15380,19歲以下,男,二級,陽性
15381,20-29歲,男,無,陰性
15382,40-49歲,男,無,陰性
15383,19歲以下,男,無,陰性
15384,40-49歲,男,無,陰性
15385,30-39歲,男,一級,陽性
15386,30-39歲,男,無,陰性
15387,40-49歲,男,無,陰性
15388,50-59歲,男,無,陰性
15389,50-59歲,男,無,陰性
15390,50-59歲,男,無,陰性
15391,40-49歲,男,無,陰性
15392,40-49歲,男,二級,陽性
15393,40-49歲,男,無,陰性
15394,50-59歲,女,無,陰性
15395,50-59歲,男,無,陰性
15396,50-59歲,男,無,陰性
15397,40-49歲,男,無,陰性
15398,20-29歲,女,無,陰性
15399,40-49歲,男,無,陰性
15400,30-39歲,男,無,陰性
15401,30-39歲,男,無,陰性
15402,40-49歲,男,無,陰性
15403,40-49歲,男,無,陰性
15404,20-29歲,男,無,陰性
15405,20-29歲,男,二級,陽性
15406,20-29歲,男,一級,陽性
15407,50-59歲,男,無,陰性
15408,40-49歲,女,無,陰性
15409,30-39歲,男,二級,陽性
15410,50-59歲,男,無,陰性
15411,50-59歲,男,無,陰性
15412,20-29歲,男,無,陰性
15413,50-59歲,男,二級,陽性
15414,40-49歲,男,無,陰性
15415,30-39歲,男,無,陰性
15416,40-49歲,男,無,陰性
15417,40-49歲,男,無,陰性
15418,50-59歲,男,一級,陽性
15419,40-49歲,男,無,陰性
15420,60歲以上,男,無,陰性
15421,50-59歲,男,二級,陽性
15422,30-39歲,女,無,陰性
15423,40-49歲,女,無,陰性
15424,50-59歲,女,三級,陽性
15425,20-29歲,男,無,陰性
15426,50-59歲,男,無,陰性
15427,50-59歲,男,一級,陽性
15428,19歲以下,男,無,陰性
15429,40-49歲,女,無,陰性
15430,40-49歲,男,無,陰性
15431,40-49歲,男,無,陰性
15432,30-39歲,男,無,陰性
15433,60歲以上,男,無,陰性
15434,20-29歲,女,無,陰性
15435,60歲以上,男,無,陰性
15436,40-49歲,女,無,陰性
15437,60歲以上,男,無,陰性
15438,50-59歲,男,無,陰性
15439,60歲以上,女,無,陰性
15440,40-49歲,男,三級,陽性
15441,40-49歲,男,二級,陽性
15442,40-49歲,男,二級,陽性
15443,40-49歲,男,無,陰性
15444,40-49歲,男,無,陰性
15445,40-49歲,男,無,陰性
15446,40-49歲,男,二級,陽性
15447,20-29歲,男,無,陰性
15448,20-29歲,男,無,陰性
15449,40-49歲,女,無,陰性
15450,30-39歲,男,無,陰性
15451,40-49歲,男,無,陰性
15452,40-49歲,男,無,陰性
15453,20-29歲,男,無,陰性
15454,50-59歲,男,無,陰性
15455,40-49歲,男,無,陰性
15456,40-49歲,男,二級,陽性
15457,40-49歲,男,無,陰性
15458,20-29歲,男,無,陰性
15459,30-39歲,女,無,陰性
15460,60歲以上,男,無,陰性
15461,40-49歲,男,無,陰性
15462,50-59歲,男,無,陰性
15463,30-39歲,女,無,陰性
15464,40-49歲,男,無,陰性
15465,20-29歲,女,無,陰性
15466,30-39歲,男,無,陰性
15467,50-59歲,男,二級,陽性
15468,40-49歲,男,無,陰性
15469,30-39歲,女,無,陰性
15470,30-39歲,女,無,陰性
15471,40-49歲,男,二級,陽性
15472,40-49歲,男,無,陰性
15473,40-49歲,男,無,陰性
15474,40-49歲,女,無,陰性
15475,60歲以上,女,無,陰性
15476,40-49歲,男,無,陰性
15477,50-59歲,女,無,陰性
15478,40-49歲,男,無,陰性
15479,20-29歲,男,無,陰性
15480,20-29歲,男,無,陰性
15481,40-49歲,男,二級,陽性
15482,30-39歲,男,無,陰性
15483,40-49歲,男,二級,陽性
15484,20-29歲,男,無,陰性
15485,40-49歲,女,無,陰性
15486,50-59歲,男,無,陰性
15487,60歲以上,男,二級,陽性
15488,50-59歲,男,無,陰性
15489,40-49歲,男,二級,陽性
15490,60歲以上,男,無,陰性
15491,40-49歲,男,無,陰性
15492,60歲以上,男,無,陰性
15493,40-49歲,男,二級,陽性
15494,40-49歲,男,無,陰性
15495,30-39歲,男,二級,陽性
15496,40-49歲,女,無,陰性
15497,50-59歲,男,無,陰性
15498,50-59歲,男,無,陰性
15499,40-49歲,男,無,陰性
15500,20-29歲,女,無,陰性
15501,50-59歲,男,無,陰性
15502,30-39歲,男,三級,陽性
15503,40-49歲,男,無,陰性
15504,50-59歲,男,無,陰性
15505,30-39歲,男,無,陰性
15506,40-49歲,男,無,陰性
15507,40-49歲,女,二級,陽性
15508,40-49歲,男,無,陰性
15509,50-59歲,男,無,陰性
15510,50-59歲,女,無,陰性
15511,50-59歲,男,二級,陽性
15512,40-49歲,女,無,陰性
15513,50-59歲,女,無,陰性
15514,60歲以上,男,一級,陽性
15515,40-49歲,女,無,陰性
15516,40-49歲,男,無,陰性
15517,19歲以下,男,三級,陽性
15518,40-49歲,男,無,陰性
15519,60歲以上,男,三級,陽性
15520,20-29歲,男,二級,陽性
15521,60歲以上,男,無,陰性
15522,30-39歲,男,三級,陽性
15523,30-39歲,男,無,陰性
15524,40-49歲,男,無,陰性
15525,20-29歲,男,無,陰性
15526,60歲以上,男,二級,陽性
15527,19歲以下,男,無,陰性
15528,40-49歲,女,無,陰性
15529,20-29歲,男,無,陰性
15530,40-49歲,男,無,陰性
15531,50-59歲,女,二級,陽性
15532,40-49歲,男,二級,陽性
15533,60歲以上,男,無,陰性
15534,40-49歲,女,無,陰性
15535,40-49歲,男,無,陰性
15536,50-59歲,男,無,陰性
15537,40-49歲,男,無,陰性
15538,20-29歲,男,無,陰性
15539,50-59歲,女,無,陰性
15540,40-49歲,男,無,陰性
15541,50-59歲,男,無,陰性
15542,30-39歲,男,無,陰性
15543,40-49歲,男,無,陰性
15544,50-59歲,男,無,陰性
15545,60歲以上,女,無,陰性
15546,40-49歲,男,無,陰性
15547,60歲以上,男,三級,陽性
15548,40-49歲,男,無,陰性
15549,50-59歲,男,無,陰性
15550,20-29歲,男,無,陰性
15551,50-59歲,男,無,陰性
15552,30-39歲,男,無,陰性
15553,30-39歲,男,無,陰性
15554,40-49歲,男,無,陰性
15555,50-59歲,男,無,陰性
15556,50-59歲,男,無,陰性
15557,50-59歲,男,無,陰性
15558,50-59歲,男,無,陰性
15559,40-49歲,女,無,陰性
15560,50-59歲,男,無,陰性
15561,40-49歲,女,無,陰性
15562,20-29歲,男,無,陰性
15563,40-49歲,男,無,陰性
15564,40-49歲,男,無,陰性
15565,40-49歲,男,無,陰性
15566,60歲以上,男,無,陰性
15567,50-59歲,男,無,陰性
15568,20-29歲,男,二級,陽性
15569,40-49歲,男,無,陰性
15570,40-49歲,女,無,陰性
15571,30-39歲,男,無,陰性
15572,40-49歲,男,無,陰性
15573,30-39歲,女,無,陰性
15574,40-49歲,男,無,陰性
15575,20-29歲,男,二級,陽性
15576,30-39歲,男,三級,陽性
15577,40-49歲,男,無,陰性
15578,40-49歲,女,無,陰性
15579,50-59歲,男,無,陰性
15580,40-49歲,男,二級,陽性
15581,40-49歲,女,無,陰性
15582,60歲以上,男,二級,陽性
15583,60歲以上,男,無,陰性
15584,40-49歲,男,無,陰性
15585,60歲以上,男,二級,陽性
15586,40-49歲,男,無,陰性
15587,30-39歲,男,無,陰性
15588,50-59歲,女,無,陰性
15589,40-49歲,男,無,陰性
15590,30-39歲,男,無,陰性
15591,50-59歲,男,三級,陽性
15592,40-49歲,男,無,陰性
15593,30-39歲,男,無,陰性
15594,40-49歲,男,無,陰性
15595,40-49歲,男,二級,陽性
15596,50-59歲,男,二級,陽性
15597,40-49歲,男,無,陰性
15598,50-59歲,男,無,陰性
15599,50-59歲,男,無,陰性
15600,50-59歲,男,無,陰性
15601,50-59歲,男,無,陰性
15602,19歲以下,男,三級,陽性
15603,30-39歲,男,無,陰性
15604,20-29歲,男,一級,陽性
15605,60歲以上,男,無,陰性
15606,50-59歲,男,無,陰性
15607,60歲以上,男,無,陰性
15608,50-59歲,女,二級,陽性
15609,60歲以上,男,二級,陽性
15610,50-59歲,男,無,陰性
15611,20-29歲,男,三級,陽性
15612,60歲以上,男,無,陰性
15613,30-39歲,女,無,陰性
15614,40-49歲,男,二級,陽性
15615,20-29歲,女,無,陰性
15616,19歲以下,男,無,陰性
15617,50-59歲,男,無,陰性
15618,30-39歲,男,無,陰性
15619,30-39歲,女,無,陰性
15620,20-29歲,男,無,陰性
15621,40-49歲,男,無,陰性
15622,50-59歲,男,無,陰性
15623,40-49歲,男,無,陰性
15624,40-49歲,男,無,陰性
15625,40-49歲,男,無,陰性
15626,20-29歲,男,二級,陽性
15627,40-49歲,男,無,陰性
15628,50-59歲,女,無,陰性
15629,30-39歲,男,無,陰性
15630,40-49歲,男,無,陰性
15631,40-49歲,男,二級,陽性
15632,50-59歲,男,無,陰性
15633,50-59歲,男,無,陰性
15634,40-49歲,男,無,陰性
15635,40-49歲,男,無,陰性
15636,50-59歲,男,無,陰性
15637,40-49歲,男,無,陰性
15638,20-29歲,男,無,陰性
15639,50-59歲,女,無,陰性
15640,50-59歲,男,無,陰性
15641,60歲以上,男,無,陰性
15642,50-59歲,男,二級,陽性
15643,40-49歲,男,無,陰性
15644,50-59歲,男,無,陰性
15645,40-49歲,男,一級,陽性
15646,40-49歲,男,無,陰性
15647,30-39歲,男,一級,陽性
15648,50-59歲,女,無,陰性
15649,30-39歲,男,無,陰性
15650,50-59歲,男,無,陰性
15651,30-39歲,男,無,陰性
15652,40-49歲,女,無,陰性
15653,50-59歲,男,無,陰性
15654,20-29歲,男,無,陰性
15655,50-59歲,男,無,陰性
15656,50-59歲,男,二級,陽性
15657,40-49歲,女,無,陰性
15658,50-59歲,女,一級,陽性
15659,20-29歲,男,無,陰性
15660,20-29歲,男,無,陰性
15661,40-49歲,女,二級,陽性
15662,30-39歲,男,無,陰性
15663,40-49歲,男,無,陰性
15664,40-49歲,男,一級,陽性
15665,40-49歲,男,無,陰性
15666,40-49歲,男,無,陰性
15667,40-49歲,女,無,陰性
15668,20-29歲,男,無,陰性
15669,40-49歲,男,三級,陽性
15670,40-49歲,男,無,陰性
15671,50-59歲,男,無,陰性
15672,50-59歲,女,無,陰性
15673,40-49歲,男,無,陰性
15674,50-59歲,男,無,陰性
15675,50-59歲,女,三級,陽性
15676,40-49歲,男,無,陰性
15677,20-29歲,男,無,陰性
15678,60歲以上,男,無,陰性
15679,40-49歲,男,無,陰性
15680,40-49歲,男,二級,陽性
15681,40-49歲,男,無,陰性
15682,40-49歲,女,無,陰性
15683,20-29歲,男,無,陰性
15684,50-59歲,男,無,陰性
15685,60歲以上,男,三級,陽性
15686,40-49歲,男,二級,陽性
15687,40-49歲,男,三級,陽性
15688,60歲以上,男,無,陰性
15689,20-29歲,男,二級,陽性
15690,60歲以上,男,無,陰性
15691,40-49歲,男,無,陰性
15692,40-49歲,男,無,陰性
15693,40-49歲,男,三級,陽性
15694,40-49歲,男,無,陰性
15695,30-39歲,男,無,陰性
15696,50-59歲,男,二級,陽性
15697,50-59歲,男,三級,陽性
15698,30-39歲,男,無,陰性
15699,40-49歲,女,無,陰性
15700,50-59歲,男,無,陰性
15701,50-59歲,男,無,陰性
15702,30-39歲,男,二級,陽性
15703,40-49歲,男,無,陰性
15704,30-39歲,女,無,陰性
15705,50-59歲,男,無,陰性
15706,40-49歲,男,無,陰性
15707,40-49歲,男,無,陰性
15708,40-49歲,男,無,陰性
15709,20-29歲,男,無,陰性
15710,40-49歲,男,無,陰性
15711,50-59歲,女,三級,陽性
15712,40-49歲,男,二級,陽性
15713,40-49歲,男,二級,陽性
15714,40-49歲,男,無,陰性
15715,40-49歲,女,無,陰性
15716,30-39歲,女,一級,陽性
15717,30-39歲,男,二級,陽性
15718,30-39歲,女,無,陰性
15719,40-49歲,男,無,陰性
15720,50-59歲,男,無,陰性
15721,30-39歲,男,二級,陽性
15722,30-39歲,男,二級,陽性
15723,20-29歲,男,無,陰性
15724,40-49歲,男,無,陰性
15725,50-59歲,女,無,陰性
15726,40-49歲,男,無,陰性
15727,50-59歲,男,無,陰性
15728,40-49歲,男,無,陰性
15729,60歲以上,男,無,陰性
15730,50-59歲,男,無,陰性
15731,50-59歲,男,無,陰性
15732,40-49歲,男,無,陰性
15733,20-29歲,男,無,陰性
15734,40-49歲,男,無,陰性
15735,40-49歲,男,無,陰性
15736,40-49歲,女,無,陰性
15737,30-39歲,男,三級,陽性
15738,50-59歲,男,無,陰性
15739,40-49歲,男,二級,陽性
15740,50-59歲,男,二級,陽性
15741,40-49歲,男,一級,陽性
15742,50-59歲,女,無,陰性
15743,60歲以上,男,一級,陽性
15744,50-59歲,男,無,陰性
15745,50-59歲,女,無,陰性
15746,30-39歲,男,無,陰性
15747,20-29歲,男,無,陰性
15748,30-39歲,男,三級,陽性
15749,30-39歲,男,無,陰性
15750,50-59歲,男,無,陰性
15751,40-49歲,女,無,陰性
15752,60歲以上,女,無,陰性
15753,50-59歲,男,無,陰性
15754,50-59歲,男,無,陰性
15755,40-49歲,女,無,陰性
15756,20-29歲,女,三級,陽性
15757,30-39歲,男,無,陰性
15758,30-39歲,男,二級,陽性
15759,50-59歲,女,無,陰性
15760,40-49歲,男,二級,陽性
15761,40-49歲,男,無,陰性
15762,20-29歲,女,無,陰性
15763,40-49歲,女,無,陰性
15764,50-59歲,男,無,陰性
15765,30-39歲,男,無,陰性
15766,40-49歲,男,二級,陽性
15767,40-49歲,女,無,陰性
15768,50-59歲,男,無,陰性
15769,40-49歲,男,二級,陽性
15770,50-59歲,男,無,陰性
15771,40-49歲,女,無,陰性
15772,50-59歲,男,無,陰性
15773,30-39歲,男,無,陰性
15774,60歲以上,男,無,陰性
15775,40-49歲,男,三級,陽性
15776,40-49歲,男,無,陰性
15777,19歲以下,男,無,陰性
15778,40-49歲,男,二級,陽性
15779,40-49歲,男,三級,陽性
15780,20-29歲,男,無,陰性
15781,50-59歲,男,無,陰性
15782,30-39歲,男,無,陰性
15783,30-39歲,男,無,陰性
15784,50-59歲,男,無,陰性
15785,40-49歲,男,無,陰性
15786,60歲以上,男,無,陰性
15787,50-59歲,男,無,陰性
15788,40-49歲,男,無,陰性
15789,40-49歲,女,無,陰性
15790,60歲以上,男,一級,陽性
15791,50-59歲,男,無,陰性
15792,40-49歲,男,無,陰性
15793,19歲以下,男,一級,陽性
15794,40-49歲,男,無,陰性
15795,50-59歲,男,無,陰性
15796,40-49歲,男,無,陰性
15797,40-49歲,男,無,陰性
15798,40-49歲,女,無,陰性
15799,50-59歲,男,二級,陽性
15800,30-39歲,男,無,陰性
15801,40-49歲,男,無,陰性
15802,19歲以下,男,無,陰性
15803,40-49歲,男,無,陰性
15804,40-49歲,男,無,陰性
15805,40-49歲,男,無,陰性
15806,30-39歲,男,無,陰性
15807,40-49歲,男,二級,陽性
15808,50-59歲,男,無,陰性
15809,40-49歲,男,無,陰性
15810,40-49歲,女,無,陰性
15811,40-49歲,男,無,陰性
15812,60歲以上,女,無,陰性
15813,40-49歲,男,二級,陽性
15814,50-59歲,男,無,陰性
15815,40-49歲,男,無,陰性
15816,40-49歲,男,二級,陽性
15817,50-59歲,男,無,陰性
15818,30-39歲,女,二級,陽性
15819,30-39歲,男,無,陰性
15820,50-59歲,男,二級,陽性
15821,20-29歲,女,無,陰性
15822,19歲以下,女,無,陰性
15823,40-49歲,男,二級,陽性
15824,50-59歲,男,無,陰性
15825,40-49歲,男,無,陰性
15826,20-29歲,男,三級,陽性
15827,40-49歲,女,無,陰性
15828,60歲以上,男,無,陰性
15829,40-49歲,男,無,陰性
15830,40-49歲,男,無,陰性
15831,40-49歲,男,三級,陽性
15832,20-29歲,男,二級,陽性
15833,30-39歲,男,無,陰性
15834,40-49歲,男,無,陰性
15835,50-59歲,男,二級,陽性
15836,30-39歲,男,無,陰性
15837,50-59歲,男,無,陰性
15838,50-59歲,男,無,陰性
15839,40-49歲,男,無,陰性
15840,40-49歲,男,無,陰性
15841,20-29歲,男,無,陰性
15842,30-39歲,男,二級,陽性
15843,40-49歲,男,無,陰性
15844,50-59歲,男,三級,陽性
15845,50-59歲,女,無,陰性
15846,40-49歲,男,無,陰性
15847,50-59歲,男,無,陰性
15848,30-39歲,男,無,陰性
15849,60歲以上,男,無,陰性
15850,30-39歲,女,無,陰性
15851,60歲以上,女,無,陰性
15852,40-49歲,男,無,陰性
15853,60歲以上,男,無,陰性
15854,40-49歲,女,無,陰性
15855,20-29歲,男,無,陰性
15856,50-59歲,男,無,陰性
15857,40-49歲,男,無,陰性
15858,40-49歲,男,三級,陽性
15859,40-49歲,男,三級,陽性
15860,40-49歲,女,二級,陽性
15861,60歲以上,男,無,陰性
15862,60歲以上,男,二級,陽性
15863,50-59歲,男,二級,陽性
15864,50-59歲,男,無,陰性
15865,40-49歲,男,無,陰性
15866,60歲以上,男,無,陰性
15867,60歲以上,男,無,陰性
15868,40-49歲,女,無,陰性
15869,40-49歲,男,二級,陽性
15870,50-59歲,男,無,陰性
15871,50-59歲,男,無,陰性
15872,40-49歲,女,無,陰性
15873,60歲以上,男,無,陰性
15874,60歲以上,男,無,陰性
15875,40-49歲,女,無,陰性
15876,40-49歲,男,三級,陽性
15877,20-29歲,男,無,陰性
15878,30-39歲,男,無,陰性
15879,30-39歲,男,三級,陽性
15880,20-29歲,男,無,陰性
15881,30-39歲,男,無,陰性
15882,40-49歲,男,無,陰性
15883,40-49歲,女,無,陰性
15884,40-49歲,男,無,陰性
15885,20-29歲,男,無,陰性
15886,40-49歲,男,無,陰性
15887,50-59歲,男,無,陰性
15888,20-29歲,男,無,陰性
15889,50-59歲,男,無,陰性
15890,50-59歲,男,無,陰性
15891,50-59歲,男,三級,陽性
15892,30-39歲,男,二級,陽性
15893,40-49歲,男,無,陰性
15894,50-59歲,女,無,陰性
15895,60歲以上,男,無,陰性
15896,30-39歲,男,無,陰性
15897,40-49歲,男,無,陰性
15898,30-39歲,男,無,陰性
15899,20-29歲,男,二級,陽性
15900,40-49歲,女,無,陰性
15901,50-59歲,男,無,陰性
15902,60歲以上,男,無,陰性
15903,50-59歲,男,無,陰性
15904,40-49歲,男,一級,陽性
15905,30-39歲,女,無,陰性
15906,40-49歲,女,無,陰性
15907,40-49歲,男,一級,陽性
15908,50-59歲,男,二級,陽性
15909,30-39歲,女,無,陰性
15910,30-39歲,男,二級,陽性
15911,60歲以上,男,一級,陽性
15912,40-49歲,男,無,陰性
15913,40-49歲,男,無,陰性
15914,40-49歲,女,二級,陽性
15915,50-59歲,男,二級,陽性
15916,50-59歲,男,二級,陽性
15917,40-49歲,男,一級,陽性
15918,40-49歲,女,無,陰性
15919,40-49歲,男,無,陰性
15920,50-59歲,男,無,陰性
15921,50-59歲,男,二級,陽性
15922,30-39歲,男,無,陰性
15923,50-59歲,男,無,陰性
15924,20-29歲,女,無,陰性
15925,40-49歲,男,無,陰性
15926,40-49歲,男,二級,陽性
15927,50-59歲,男,二級,陽性
15928,40-49歲,男,無,陰性
15929,50-59歲,男,二級,陽性
15930,40-49歲,男,無,陰性
15931,20-29歲,男,無,陰性
15932,60歲以上,女,無,陰性
15933,60歲以上,男,無,陰性
15934,50-59歲,男,無,陰性
15935,40-49歲,男,二級,陽性
15936,50-59歲,男,一級,陽性
15937,40-49歲,男,無,陰性
15938,40-49歲,男,無,陰性
15939,40-49歲,女,無,陰性
15940,40-49歲,女,無,陰性
15941,60歲以上,女,無,陰性
15942,50-59歲,男,無,陰性
15943,30-39歲,男,二級,陽性
15944,20-29歲,男,無,陰性
15945,50-59歲,男,無,陰性
15946,30-39歲,男,二級,陽性
15947,40-49歲,男,無,陰性
15948,40-49歲,男,三級,陽性
15949,50-59歲,男,無,陰性
15950,40-49歲,男,二級,陽性
15951,60歲以上,男,二級,陽性
15952,19歲以下,男,無,陰性
15953,50-59歲,男,無,陰性
15954,50-59歲,男,無,陰性
15955,30-39歲,男,無,陰性
15956,30-39歲,男,無,陰性
15957,40-49歲,男,無,陰性
15958,60歲以上,男,無,陰性
15959,40-49歲,男,無,陰性
15960,50-59歲,男,無,陰性
15961,60歲以上,男,無,陰性
15962,50-59歲,男,無,陰性
15963,60歲以上,男,無,陰性
15964,40-49歲,男,二級,陽性
15965,30-39歲,男,無,陰性
15966,40-49歲,男,無,陰性
15967,60歲以上,男,無,陰性
15968,50-59歲,男,無,陰性
15969,30-39歲,男,無,陰性
15970,30-39歲,男,無,陰性
15971,30-39歲,男,無,陰性
15972,40-49歲,男,三級,陽性
15973,40-49歲,男,無,陰性
15974,50-59歲,女,無,陰性
15975,60歲以上,男,二級,陽性
15976,40-49歲,男,無,陰性
15977,30-39歲,女,無,陰性
15978,50-59歲,男,無,陰性
15979,50-59歲,男,無,陰性
15980,40-49歲,男,無,陰性
15981,50-59歲,女,三級,陽性
15982,40-49歲,男,無,陰性
15983,50-59歲,男,無,陰性
15984,40-49歲,男,二級,陽性
15985,20-29歲,女,二級,陽性
15986,30-39歲,男,無,陰性
15987,19歲以下,男,無,陰性
15988,40-49歲,男,無,陰性
15989,40-49歲,男,無,陰性
15990,50-59歲,男,無,陰性
15991,30-39歲,男,無,陰性
15992,60歲以上,男,無,陰性
15993,60歲以上,男,二級,陽性
15994,60歲以上,男,無,陰性
15995,60歲以上,男,二級,陽性
15996,30-39歲,男,二級,陽性
15997,50-59歲,男,無,陰性
15998,40-49歲,男,無,陰性
15999,30-39歲,男,無,陰性
16000,30-39歲,男,無,陰性
16001,40-49歲,男,無,陰性
16002,40-49歲,女,無,陰性
16003,40-49歲,女,無,陰性
16004,30-39歲,男,無,陰性
16005,40-49歲,男,無,陰性
16006,30-39歲,男,二級,陽性
16007,40-49歲,女,二級,陽性
16008,40-49歲,男,一級,陽性
16009,40-49歲,男,無,陰性
16010,50-59歲,男,三級,陽性
16011,19歲以下,男,無,陰性
16012,30-39歲,男,二級,陽性
16013,50-59歲,男,二級,陽性
16014,20-29歲,男,二級,陽性
16015,40-49歲,男,無,陰性
16016,40-49歲,女,無,陰性
16017,40-49歲,男,無,陰性
16018,40-49歲,男,無,陰性
16019,50-59歲,男,無,陰性
16020,50-59歲,女,無,陰性
16021,40-49歲,男,無,陰性
16022,50-59歲,男,二級,陽性
16023,60歲以上,男,無,陰性
16024,60歲以上,男,無,陰性
16025,50-59歲,女,無,陰性
16026,40-49歲,男,二級,陽性
16027,50-59歲,女,無,陰性
16028,40-49歲,男,二級,陽性
16029,40-49歲,男,無,陰性
16030,30-39歲,男,無,陰性
16031,30-39歲,男,無,陰性
16032,30-39歲,男,二級,陽性
16033,50-59歲,男,無,陰性
16034,40-49歲,男,無,陰性
16035,19歲以下,男,無,陰性
16036,50-59歲,男,無,陰性
16037,60歲以上,男,二級,陽性
16038,50-59歲,女,無,陰性
16039,30-39歲,男,無,陰性
16040,40-49歲,男,無,陰性
16041,30-39歲,女,無,陰性
16042,40-49歲,男,無,陰性
16043,40-49歲,男,二級,陽性
16044,30-39歲,男,一級,陽性
16045,30-39歲,女,無,陰性
16046,50-59歲,男,無,陰性
16047,20-29歲,男,無,陰性
16048,30-39歲,男,二級,陽性
16049,30-39歲,男,二級,陽性
16050,20-29歲,男,無,陰性
16051,40-49歲,男,無,陰性
16052,50-59歲,男,二級,陽性
16053,19歲以下,女,二級,陽性
16054,50-59歲,男,無,陰性
16055,40-49歲,女,無,陰性
16056,30-39歲,男,無,陰性
16057,40-49歲,男,二級,陽性
16058,30-39歲,男,無,陰性
16059,30-39歲,男,二級,陽性
16060,30-39歲,男,無,陰性
16061,60歲以上,男,無,陰性
16062,30-39歲,男,二級,陽性
16063,60歲以上,男,無,陰性
16064,50-59歲,男,無,陰性
16065,60歲以上,男,無,陰性
16066,40-49歲,男,無,陰性
16067,60歲以上,男,二級,陽性
16068,30-39歲,男,無,陰性
16069,40-49歲,男,無,陰性
16070,19歲以下,女,無,陰性
16071,40-49歲,男,無,陰性
16072,40-49歲,男,無,陰性
16073,40-49歲,男,無,陰性
16074,20-29歲,男,無,陰性
16075,50-59歲,男,三級,陽性
16076,20-29歲,男,無,陰性
16077,30-39歲,男,二級,陽性
16078,40-49歲,女,無,陰性
16079,40-49歲,男,無,陰性
16080,40-49歲,男,一級,陽性
16081,40-49歲,男,無,陰性
16082,60歲以上,男,無,陰性
16083,40-49歲,男,無,陰性
16084,40-49歲,男,無,陰性
16085,40-49歲,男,一級,陽性
16086,40-49歲,男,無,陰性
16087,40-49歲,男,無,陰性
16088,19歲以下,男,無,陰性
16089,50-59歲,男,無,陰性
16090,30-39歲,男,無,陰性
16091,19歲以下,男,二級,陽性
16092,50-59歲,男,二級,陽性
16093,20-29歲,男,無,陰性
16094,60歲以上,男,無,陰性
16095,19歲以下,男,無,陰性
16096,60歲以上,男,無,陰性
16097,40-49歲,女,二級,陽性
16098,40-49歲,男,一級,陽性
16099,30-39歲,男,二級,陽性
16100,40-49歲,男,無,陰性
16101,20-29歲,男,無,陰性
16102,60歲以上,女,無,陰性
16103,40-49歲,男,無,陰性
16104,50-59歲,男,無,陰性
16105,50-59歲,男,無,陰性
16106,40-49歲,男,無,陰性
16107,19歲以下,男,二級,陽性
16108,40-49歲,男,無,陰性
16109,40-49歲,男,無,陰性
16110,40-49歲,女,一級,陽性
16111,40-49歲,男,無,陰性
16112,30-39歲,男,無,陰性
16113,50-59歲,男,一級,陽性
16114,50-59歲,男,無,陰性
16115,40-49歲,男,無,陰性
16116,40-49歲,男,無,陰性
16117,20-29歲,男,無,陰性
16118,40-49歲,男,二級,陽性
16119,50-59歲,男,二級,陽性
16120,50-59歲,女,無,陰性
16121,30-39歲,男,無,陰性
16122,50-59歲,男,無,陰性
16123,30-39歲,男,無,陰性
16124,60歲以上,男,無,陰性
16125,50-59歲,女,無,陰性
16126,50-59歲,男,無,陰性
16127,40-49歲,男,無,陰性
16128,40-49歲,男,無,陰性
16129,40-49歲,男,無,陰性
16130,30-39歲,男,二級,陽性
16131,50-59歲,男,二級,陽性
16132,40-49歲,男,無,陰性
16133,60歲以上,男,無,陰性
16134,50-59歲,男,無,陰性
16135,50-59歲,男,二級,陽性
16136,30-39歲,男,二級,陽性
16137,30-39歲,男,無,陰性
16138,50-59歲,男,二級,陽性
16139,50-59歲,男,無,陰性
16140,60歲以上,男,無,陰性
16141,30-39歲,男,無,陰性
16142,40-49歲,男,無,陰性
16143,40-49歲,女,無,陰性
16144,40-49歲,男,無,陰性
16145,30-39歲,男,無,陰性
16146,50-59歲,男,無,陰性
16147,60歲以上,男,無,陰性
16148,40-49歲,男,無,陰性
16149,40-49歲,男,無,陰性
16150,50-59歲,男,無,陰性
16151,50-59歲,男,無,陰性
16152,19歲以下,男,無,陰性
16153,20-29歲,男,二級,陽性
16154,60歲以上,男,二級,陽性
16155,40-49歲,男,無,陰性
16156,50-59歲,男,無,陰性
16157,50-59歲,男,三級,陽性
16158,50-59歲,男,無,陰性
16159,40-49歲,女,無,陰性
16160,50-59歲,女,無,陰性
16161,60歲以上,男,無,陰性
16162,50-59歲,男,無,陰性
16163,30-39歲,男,無,陰性
16164,40-49歲,男,無,陰性
16165,50-59歲,男,無,陰性
16166,50-59歲,男,無,陰性
16167,20-29歲,女,二級,陽性
16168,50-59歲,男,無,陰性
16169,30-39歲,男,無,陰性
16170,40-49歲,男,無,陰性
16171,50-59歲,男,無,陰性
16172,50-59歲,男,無,陰性
16173,50-59歲,女,無,陰性
16174,30-39歲,男,無,陰性
16175,40-49歲,男,無,陰性
16176,40-49歲,男,無,陰性
16177,40-49歲,男,無,陰性
16178,60歲以上,男,無,陰性
16179,60歲以上,男,無,陰性
16180,40-49歲,男,二級,陽性
16181,50-59歲,女,無,陰性
16182,60歲以上,男,無,陰性
16183,40-49歲,女,無,陰性
16184,30-39歲,男,無,陰性
16185,50-59歲,男,一級,陽性
16186,50-59歲,男,二級,陽性
16187,20-29歲,男,三級,陽性
16188,40-49歲,男,無,陰性
16189,50-59歲,男,無,陰性
16190,20-29歲,男,無,陰性
16191,60歲以上,男,無,陰性
16192,20-29歲,男,二級,陽性
16193,50-59歲,女,無,陰性
16194,50-59歲,男,無,陰性
16195,30-39歲,男,三級,陽性
16196,30-39歲,男,無,陰性
16197,50-59歲,女,二級,陽性
16198,50-59歲,男,無,陰性
16199,20-29歲,男,無,陰性
16200,50-59歲,女,無,陰性
16201,50-59歲,男,無,陰性
16202,20-29歲,男,無,陰性
16203,20-29歲,男,無,陰性
16204,50-59歲,女,無,陰性
16205,30-39歲,男,二級,陽性
16206,30-39歲,男,無,陰性
16207,40-49歲,男,無,陰性
16208,50-59歲,男,二級,陽性
16209,40-49歲,女,三級,陽性
16210,50-59歲,男,二級,陽性
16211,50-59歲,女,無,陰性
16212,30-39歲,男,無,陰性
16213,30-39歲,男,無,陰性
16214,40-49歲,女,無,陰性
16215,40-49歲,男,無,陰性
16216,50-59歲,男,三級,陽性
16217,40-49歲,男,無,陰性
16218,40-49歲,男,無,陰性
16219,19歲以下,男,一級,陽性
16220,40-49歲,女,無,陰性
16221,50-59歲,男,無,陰性
16222,50-59歲,女,無,陰性
16223,19歲以下,男,無,陰性
16224,50-59歲,男,無,陰性
16225,20-29歲,男,二級,陽性
16226,40-49歲,男,無,陰性
16227,30-39歲,男,無,陰性
16228,40-49歲,男,無,陰性
16229,50-59歲,男,無,陰性
16230,40-49歲,男,無,陰性
16231,40-49歲,男,二級,陽性
16232,40-49歲,女,無,陰性
16233,40-49歲,男,無,陰性
16234,30-39歲,男,無,陰性
16235,30-39歲,男,無,陰性
16236,30-39歲,男,二級,陽性
16237,30-39歲,男,無,陰性
16238,50-59歲,男,無,陰性
16239,40-49歲,男,無,陰性
16240,60歲以上,男,無,陰性
16241,19歲以下,男,無,陰性
16242,20-29歲,男,無,陰性
16243,40-49歲,男,無,陰性
16244,50-59歲,男,無,陰性
16245,30-39歲,男,二級,陽性
16246,30-39歲,男,二級,陽性
16247,50-59歲,男,無,陰性
16248,40-49歲,男,無,陰性
16249,20-29歲,男,二級,陽性
16250,30-39歲,男,二級,陽性
16251,40-49歲,男,無,陰性
16252,50-59歲,男,無,陰性
16253,50-59歲,男,無,陰性
16254,30-39歲,男,無,陰性
16255,20-29歲,男,二級,陽性
16256,30-39歲,男,無,陰性
16257,40-49歲,女,無,陰性
16258,20-29歲,男,無,陰性
16259,40-49歲,男,無,陰性
16260,30-39歲,男,無,陰性
16261,50-59歲,男,無,陰性
16262,40-49歲,女,無,陰性
16263,40-49歲,女,無,陰性
16264,30-39歲,男,二級,陽性
16265,40-49歲,男,一級,陽性
16266,50-59歲,男,無,陰性
16267,40-49歲,女,無,陰性
16268,50-59歲,男,無,陰性
16269,50-59歲,男,無,陰性
16270,40-49歲,男,無,陰性
16271,20-29歲,女,無,陰性
16272,30-39歲,女,二級,陽性
16273,40-49歲,男,無,陰性
16274,40-49歲,女,無,陰性
16275,50-59歲,男,無,陰性
16276,40-49歲,男,一級,陽性
16277,50-59歲,男,無,陰性
16278,30-39歲,女,無,陰性
16279,60歲以上,男,二級,陽性
16280,40-49歲,男,一級,陽性
16281,30-39歲,男,無,陰性
16282,50-59歲,男,無,陰性
16283,40-49歲,男,無,陰性
16284,20-29歲,男,二級,陽性
16285,20-29歲,男,無,陰性
16286,20-29歲,男,無,陰性
16287,60歲以上,男,二級,陽性
16288,60歲以上,男,無,陰性
16289,40-49歲,男,無,陰性
16290,50-59歲,男,無,陰性
16291,40-49歲,男,二級,陽性
16292,40-49歲,女,無,陰性
16293,40-49歲,男,無,陰性
16294,40-49歲,男,無,陰性
16295,40-49歲,男,無,陰性
16296,50-59歲,男,無,陰性
16297,30-39歲,男,無,陰性
16298,40-49歲,男,無,陰性
16299,50-59歲,男,無,陰性
16300,40-49歲,男,無,陰性
16301,40-49歲,男,二級,陽性
16302,50-59歲,男,無,陰性
16303,50-59歲,男,無,陰性
16304,50-59歲,男,一級,陽性
16305,30-39歲,男,二級,陽性
16306,50-59歲,男,二級,陽性
16307,60歲以上,男,無,陰性
16308,60歲以上,男,無,陰性
16309,40-49歲,女,二級,陽性
16310,50-59歲,女,無,陰性
16311,40-49歲,男,無,陰性
16312,20-29歲,男,無,陰性
16313,19歲以下,男,三級,陽性
16314,40-49歲,男,無,陰性
16315,50-59歲,男,三級,陽性
16316,50-59歲,男,無,陰性
16317,50-59歲,男,無,陰性
16318,40-49歲,男,無,陰性
16319,20-29歲,男,無,陰性
16320,40-49歲,男,無,陰性
16321,30-39歲,男,二級,陽性
16322,19歲以下,男,無,陰性
16323,40-49歲,男,無,陰性
16324,60歲以上,男,無,陰性
16325,40-49歲,女,無,陰性
16326,40-49歲,男,二級,陽性
16327,40-49歲,男,無,陰性
16328,20-29歲,男,無,陰性
16329,20-29歲,男,無,陰性
16330,40-49歲,男,無,陰性
16331,50-59歲,男,無,陰性
16332,20-29歲,女,無,陰性
16333,40-49歲,男,無,陰性
16334,30-39歲,男,無,陰性
16335,40-49歲,男,無,陰性
16336,40-49歲,女,二級,陽性
16337,40-49歲,男,無,陰性
16338,40-49歲,男,無,陰性
16339,40-49歲,男,無,陰性
16340,40-49歲,女,無,陰性
16341,30-39歲,男,無,陰性
16342,40-49歲,男,無,陰性
16343,20-29歲,女,無,陰性
16344,40-49歲,男,二級,陽性
16345,40-49歲,男,無,陰性
16346,20-29歲,男,無,陰性
16347,50-59歲,男,無,陰性
16348,40-49歲,男,無,陰性
16349,40-49歲,男,無,陰性
16350,30-39歲,男,二級,陽性
16351,50-59歲,男,無,陰性
16352,40-49歲,男,二級,陽性
16353,50-59歲,男,無,陰性
16354,40-49歲,男,無,陰性
16355,40-49歲,男,無,陰性
16356,60歲以上,男,無,陰性
16357,40-49歲,女,無,陰性
16358,40-49歲,女,無,陰性
16359,60歲以上,男,一級,陽性
16360,30-39歲,女,無,陰性
16361,30-39歲,男,無,陰性
16362,40-49歲,女,無,陰性
16363,20-29歲,男,無,陰性
16364,30-39歲,男,無,陰性
16365,50-59歲,男,無,陰性
16366,60歲以上,男,二級,陽性
16367,40-49歲,男,無,陰性
16368,50-59歲,男,無,陰性
16369,40-49歲,男,二級,陽性
16370,50-59歲,男,無,陰性
16371,40-49歲,男,無,陰性
16372,30-39歲,男,無,陰性
16373,40-49歲,男,無,陰性
16374,50-59歲,男,無,陰性
16375,50-59歲,女,無,陰性
16376,20-29歲,男,二級,陽性
16377,19歲以下,女,無,陰性
16378,40-49歲,男,無,陰性
16379,30-39歲,男,無,陰性
16380,60歲以上,男,無,陰性
16381,50-59歲,女,無,陰性
16382,20-29歲,男,二級,陽性
16383,50-59歲,男,二級,陽性
16384,20-29歲,女,二級,陽性
16385,30-39歲,男,無,陰性
16386,60歲以上,女,無,陰性
16387,40-49歲,男,無,陰性
16388,40-49歲,男,無,陰性
16389,20-29歲,男,無,陰性
16390,30-39歲,男,無,陰性
16391,40-49歲,男,無,陰性
16392,40-49歲,男,無,陰性
16393,40-49歲,女,無,陰性
16394,19歲以下,男,無,陰性
16395,50-59歲,女,無,陰性
16396,40-49歲,男,無,陰性
16397,50-59歲,女,無,陰性
16398,20-29歲,男,三級,陽性
16399,50-59歲,男,無,陰性
16400,50-59歲,男,二級,陽性
16401,40-49歲,男,無,陰性
16402,50-59歲,男,二級,陽性
16403,50-59歲,女,無,陰性
16404,40-49歲,男,無,陰性
16405,30-39歲,男,無,陰性
16406,50-59歲,男,無,陰性
16407,40-49歲,男,無,陰性
16408,30-39歲,男,無,陰性
16409,40-49歲,男,無,陰性
16410,30-39歲,女,無,陰性
16411,40-49歲,男,無,陰性
16412,40-49歲,女,無,陰性
16413,30-39歲,男,無,陰性
16414,40-49歲,男,無,陰性
16415,60歲以上,男,無,陰性
16416,30-39歲,男,無,陰性
16417,20-29歲,男,二級,陽性
16418,20-29歲,女,無,陰性
16419,30-39歲,女,無,陰性
16420,60歲以上,女,無,陰性
16421,60歲以上,男,無,陰性
16422,40-49歲,男,無,陰性
16423,30-39歲,男,無,陰性
16424,30-39歲,女,無,陰性
16425,40-49歲,男,無,陰性
16426,30-39歲,男,無,陰性
16427,30-39歲,女,無,陰性
16428,50-59歲,男,二級,陽性
16429,40-49歲,男,無,陰性
16430,50-59歲,女,一級,陽性
16431,40-49歲,女,無,陰性
16432,60歲以上,男,無,陰性
16433,20-29歲,男,無,陰性
16434,50-59歲,男,無,陰性
16435,20-29歲,男,二級,陽性
16436,50-59歲,男,無,陰性
16437,50-59歲,男,二級,陽性
16438,40-49歲,男,二級,陽性
16439,50-59歲,男,無,陰性
16440,19歲以下,女,無,陰性
16441,60歲以上,女,二級,陽性
16442,40-49歲,男,無,陰性
16443,40-49歲,女,無,陰性
16444,30-39歲,男,二級,陽性
16445,30-39歲,男,無,陰性
16446,40-49歲,女,無,陰性
16447,60歲以上,男,二級,陽性
16448,20-29歲,男,二級,陽性
16449,40-49歲,男,無,陰性
16450,50-59歲,男,無,陰性
16451,30-39歲,男,無,陰性
16452,20-29歲,男,無,陰性
16453,30-39歲,男,無,陰性
16454,50-59歲,男,無,陰性
16455,50-59歲,男,無,陰性
16456,30-39歲,男,無,陰性
16457,40-49歲,男,無,陰性
16458,40-49歲,男,無,陰性
16459,30-39歲,男,無,陰性
16460,50-59歲,男,無,陰性
16461,40-49歲,男,無,陰性
16462,30-39歲,男,二級,陽性
16463,20-29歲,男,二級,陽性
16464,40-49歲,男,無,陰性
16465,50-59歲,男,三級,陽性
16466,50-59歲,男,三級,陽性
16467,40-49歲,男,無,陰性
16468,50-59歲,女,無,陰性
16469,50-59歲,女,無,陰性
16470,50-59歲,男,無,陰性
16471,30-39歲,女,無,陰性
16472,50-59歲,男,無,陰性
16473,40-49歲,男,無,陰性
16474,30-39歲,男,無,陰性
16475,20-29歲,男,無,陰性
16476,40-49歲,男,無,陰性
16477,20-29歲,男,無,陰性
16478,30-39歲,男,二級,陽性
16479,19歲以下,男,無,陰性
16480,40-49歲,男,無,陰性
16481,30-39歲,女,二級,陽性
16482,20-29歲,男,無,陰性
16483,60歲以上,男,無,陰性
16484,40-49歲,男,無,陰性
16485,30-39歲,男,無,陰性
16486,30-39歲,男,無,陰性
16487,50-59歲,女,無,陰性
16488,50-59歲,女,一級,陽性
16489,40-49歲,男,無,陰性
16490,19歲以下,男,無,陰性
16491,40-49歲,女,無,陰性
16492,60歲以上,男,無,陰性
16493,50-59歲,男,無,陰性
16494,30-39歲,男,無,陰性
16495,40-49歲,男,無,陰性
16496,50-59歲,男,無,陰性
16497,30-39歲,女,無,陰性
16498,50-59歲,女,無,陰性
16499,40-49歲,男,二級,陽性
16500,50-59歲,女,無,陰性
16501,40-49歲,男,無,陰性
16502,30-39歲,女,無,陰性
16503,50-59歲,女,三級,陽性
16504,40-49歲,男,無,陰性
16505,50-59歲,男,無,陰性
16506,30-39歲,男,無,陰性
16507,30-39歲,男,無,陰性
16508,20-29歲,男,二級,陽性
16509,40-49歲,女,無,陰性
16510,50-59歲,男,無,陰性
16511,50-59歲,男,無,陰性
16512,30-39歲,男,二級,陽性
16513,40-49歲,男,三級,陽性
16514,50-59歲,男,二級,陽性
16515,50-59歲,男,無,陰性
16516,50-59歲,男,無,陰性
16517,40-49歲,男,無,陰性
16518,40-49歲,男,無,陰性
16519,40-49歲,男,無,陰性
16520,40-49歲,女,無,陰性
16521,20-29歲,男,無,陰性
16522,40-49歲,女,無,陰性
16523,60歲以上,男,無,陰性
16524,40-49歲,男,無,陰性
16525,40-49歲,男,二級,陽性
16526,60歲以上,男,無,陰性
16527,30-39歲,男,無,陰性
16528,30-39歲,男,無,陰性
16529,40-49歲,男,無,陰性
16530,50-59歲,男,無,陰性
16531,40-49歲,男,無,陰性
16532,40-49歲,女,無,陰性
16533,60歲以上,女,無,陰性
16534,40-49歲,男,無,陰性
16535,30-39歲,女,二級,陽性
16536,40-49歲,男,無,陰性
16537,20-29歲,男,無,陰性
16538,50-59歲,男,無,陰性
16539,40-49歲,女,無,陰性
16540,50-59歲,男,二級,陽性
16541,40-49歲,男,無,陰性
16542,50-59歲,女,無,陰性
16543,40-49歲,男,無,陰性
16544,40-49歲,女,無,陰性
16545,50-59歲,男,無,陰性
16546,30-39歲,男,無,陰性
16547,50-59歲,男,無,陰性
16548,50-59歲,男,無,陰性
16549,50-59歲,男,二級,陽性
16550,20-29歲,女,二級,陽性
16551,60歲以上,男,二級,陽性
16552,30-39歲,男,三級,陽性
16553,30-39歲,男,二級,陽性
16554,30-39歲,男,無,陰性
16555,30-39歲,男,無,陰性
16556,19歲以下,男,無,陰性
16557,50-59歲,男,無,陰性
16558,30-39歲,男,無,陰性
16559,40-49歲,男,無,陰性
16560,40-49歲,男,無,陰性
16561,50-59歲,男,無,陰性
16562,40-49歲,男,無,陰性
16563,40-49歲,男,無,陰性
16564,40-49歲,男,無,陰性
16565,40-49歲,男,無,陰性
16566,40-49歲,男,無,陰性
16567,40-49歲,男,無,陰性
16568,50-59歲,男,二級,陽性
16569,50-59歲,男,無,陰性
16570,60歲以上,男,無,陰性
16571,40-49歲,男,二級,陽性
16572,30-39歲,男,無,陰性
16573,50-59歲,男,三級,陽性
16574,30-39歲,男,二級,陽性
16575,30-39歲,男,無,陰性
16576,50-59歲,男,無,陰性
16577,40-49歲,女,二級,陽性
16578,20-29歲,男,無,陰性
16579,30-39歲,女,二級,陽性
16580,40-49歲,男,無,陰性
16581,30-39歲,男,無,陰性
16582,50-59歲,男,無,陰性
16583,40-49歲,男,二級,陽性
16584,30-39歲,女,無,陰性
16585,40-49歲,男,無,陰性
16586,40-49歲,男,無,陰性
16587,50-59歲,男,二級,陽性
16588,40-49歲,男,一級,陽性
16589,40-49歲,男,無,陰性
16590,40-49歲,男,無,陰性
16591,40-49歲,男,三級,陽性
16592,50-59歲,女,三級,陽性
16593,50-59歲,男,無,陰性
16594,40-49歲,男,無,陰性
16595,60歲以上,男,無,陰性
16596,19歲以下,男,無,陰性
16597,40-49歲,男,無,陰性
16598,60歲以上,女,無,陰性
16599,50-59歲,男,無,陰性
16600,50-59歲,男,無,陰性
16601,19歲以下,男,無,陰性
16602,50-59歲,男,無,陰性
16603,40-49歲,男,無,陰性
16604,40-49歲,男,無,陰性
16605,20-29歲,女,二級,陽性
16606,60歲以上,男,無,陰性
16607,20-29歲,男,無,陰性
16608,60歲以上,女,二級,陽性
16609,30-39歲,女,無,陰性
16610,40-49歲,男,無,陰性
16611,40-49歲,男,二級,陽性
16612,30-39歲,男,無,陰性
16613,19歲以下,男,二級,陽性
16614,50-59歲,女,無,陰性
16615,60歲以上,男,無,陰性
16616,40-49歲,男,一級,陽性
16617,60歲以上,女,二級,陽性
16618,30-39歲,男,一級,陽性
16619,50-59歲,男,無,陰性
16620,40-49歲,女,二級,陽性
16621,40-49歲,男,一級,陽性
16622,40-49歲,男,無,陰性
16623,50-59歲,女,無,陰性
16624,60歲以上,男,無,陰性
16625,40-49歲,女,無,陰性
16626,50-59歲,男,無,陰性
16627,50-59歲,男,無,陰性
16628,40-49歲,男,無,陰性
16629,40-49歲,男,無,陰性
16630,20-29歲,男,二級,陽性
16631,60歲以上,女,無,陰性
16632,50-59歲,女,無,陰性
16633,60歲以上,男,無,陰性
16634,50-59歲,男,無,陰性
16635,50-59歲,女,無,陰性
16636,30-39歲,男,無,陰性
16637,40-49歲,女,無,陰性
16638,19歲以下,男,無,陰性
16639,40-49歲,男,無,陰性
16640,50-59歲,男,無,陰性
16641,40-49歲,男,二級,陽性
16642,30-39歲,男,無,陰性
16643,40-49歲,男,無,陰性
16644,50-59歲,男,無,陰性
16645,20-29歲,男,無,陰性
16646,60歲以上,男,無,陰性
16647,40-49歲,男,無,陰性
16648,50-59歲,男,無,陰性
16649,60歲以上,男,無,陰性
16650,50-59歲,女,無,陰性
16651,30-39歲,男,無,陰性
16652,40-49歲,男,無,陰性
16653,30-39歲,女,無,陰性
16654,60歲以上,男,無,陰性
16655,50-59歲,男,無,陰性
16656,60歲以上,男,一級,陽性
16657,20-29歲,男,二級,陽性
16658,40-49歲,男,無,陰性
16659,40-49歲,男,無,陰性
16660,50-59歲,男,無,陰性
16661,40-49歲,男,無,陰性
16662,30-39歲,男,無,陰性
16663,50-59歲,男,無,陰性
16664,30-39歲,男,無,陰性
16665,50-59歲,男,無,陰性
16666,40-49歲,男,無,陰性
16667,40-49歲,男,無,陰性
16668,20-29歲,男,無,陰性
16669,20-29歲,男,無,陰性
16670,40-49歲,女,無,陰性
16671,40-49歲,男,無,陰性
16672,50-59歲,男,無,陰性
16673,19歲以下,男,無,陰性
16674,40-49歲,男,無,陰性
16675,40-49歲,女,三級,陽性
16676,40-49歲,女,二級,陽性
16677,50-59歲,男,無,陰性
16678,50-59歲,男,無,陰性
16679,30-39歲,男,無,陰性
16680,60歲以上,男,無,陰性
16681,20-29歲,女,無,陰性
16682,20-29歲,男,二級,陽性
16683,50-59歲,男,無,陰性
16684,50-59歲,男,二級,陽性
16685,40-49歲,女,無,陰性
16686,40-49歲,男,二級,陽性
16687,50-59歲,男,無,陰性
16688,50-59歲,男,無,陰性
16689,40-49歲,男,無,陰性
16690,40-49歲,男,無,陰性
16691,50-59歲,男,二級,陽性
16692,50-59歲,女,二級,陽性
16693,50-59歲,男,無,陰性
16694,20-29歲,男,無,陰性
16695,40-49歲,男,無,陰性
16696,40-49歲,男,無,陰性
16697,40-49歲,男,無,陰性
16698,50-59歲,女,無,陰性
16699,50-59歲,女,三級,陽性
16700,40-49歲,男,無,陰性
16701,30-39歲,男,無,陰性
16702,20-29歲,男,二級,陽性
16703,40-49歲,男,二級,陽性
16704,40-49歲,男,無,陰性
16705,40-49歲,男,無,陰性
16706,40-49歲,男,無,陰性
16707,50-59歲,男,無,陰性
16708,40-49歲,男,無,陰性
16709,40-49歲,女,二級,陽性
16710,50-59歲,男,無,陰性
16711,50-59歲,女,無,陰性
16712,40-49歲,男,無,陰性
16713,50-59歲,男,無,陰性
16714,40-49歲,女,無,陰性
16715,60歲以上,男,無,陰性
16716,40-49歲,女,二級,陽性
16717,50-59歲,男,無,陰性
16718,20-29歲,男,二級,陽性
16719,50-59歲,男,二級,陽性
16720,40-49歲,女,無,陰性
16721,50-59歲,男,無,陰性
16722,40-49歲,男,二級,陽性
16723,30-39歲,男,二級,陽性
16724,40-49歲,男,無,陰性
16725,50-59歲,男,無,陰性
16726,60歲以上,男,無,陰性
16727,40-49歲,男,無,陰性
16728,50-59歲,男,無,陰性
16729,20-29歲,女,無,陰性
16730,40-49歲,男,無,陰性
16731,20-29歲,男,二級,陽性
16732,60歲以上,男,無,陰性
16733,20-29歲,男,無,陰性
16734,30-39歲,男,無,陰性
16735,20-29歲,男,無,陰性
16736,40-49歲,男,二級,陽性
16737,30-39歲,男,無,陰性
16738,60歲以上,男,無,陰性
16739,60歲以上,男,無,陰性
16740,40-49歲,男,二級,陽性
16741,20-29歲,男,無,陰性
16742,50-59歲,男,無,陰性
16743,50-59歲,男,無,陰性
16744,30-39歲,男,無,陰性
16745,40-49歲,男,無,陰性
16746,50-59歲,男,無,陰性
16747,50-59歲,男,無,陰性
16748,60歲以上,女,二級,陽性
16749,40-49歲,男,無,陰性
16750,50-59歲,男,無,陰性
16751,40-49歲,男,二級,陽性
16752,50-59歲,男,無,陰性
16753,30-39歲,男,無,陰性
16754,50-59歲,女,無,陰性
16755,30-39歲,男,一級,陽性
16756,50-59歲,男,二級,陽性
16757,40-49歲,男,無,陰性
16758,50-59歲,男,無,陰性
16759,30-39歲,男,無,陰性
16760,20-29歲,男,無,陰性
16761,40-49歲,男,無,陰性
16762,60歲以上,男,無,陰性
16763,30-39歲,男,無,陰性
16764,60歲以上,男,無,陰性
16765,50-59歲,男,無,陰性
16766,60歲以上,女,無,陰性
16767,50-59歲,男,二級,陽性
16768,20-29歲,男,無,陰性
16769,40-49歲,男,二級,陽性
16770,40-49歲,男,無,陰性
16771,20-29歲,男,無,陰性
16772,40-49歲,男,無,陰性
16773,40-49歲,男,無,陰性
16774,50-59歲,女,無,陰性
16775,40-49歲,女,無,陰性
16776,60歲以上,男,無,陰性
16777,60歲以上,男,無,陰性
16778,50-59歲,男,一級,陽性
16779,20-29歲,男,一級,陽性
16780,20-29歲,男,無,陰性
16781,19歲以下,男,二級,陽性
16782,30-39歲,男,無,陰性
16783,30-39歲,男,無,陰性
16784,50-59歲,男,無,陰性
16785,20-29歲,女,無,陰性
16786,30-39歲,男,二級,陽性
16787,40-49歲,男,無,陰性
16788,60歲以上,男,無,陰性
16789,40-49歲,女,無,陰性
16790,40-49歲,男,無,陰性
16791,30-39歲,男,無,陰性
16792,40-49歲,男,三級,陽性
16793,50-59歲,男,無,陰性
16794,40-49歲,男,無,陰性
16795,40-49歲,男,無,陰性
16796,50-59歲,男,無,陰性
16797,40-49歲,男,二級,陽性
16798,50-59歲,女,二級,陽性
16799,40-49歲,男,二級,陽性
16800,40-49歲,男,無,陰性
16801,60歲以上,男,無,陰性
16802,50-59歲,男,無,陰性
16803,30-39歲,男,二級,陽性
16804,30-39歲,男,無,陰性
16805,50-59歲,男,無,陰性
16806,40-49歲,男,二級,陽性
16807,30-39歲,男,二級,陽性
16808,30-39歲,男,無,陰性
16809,40-49歲,男,無,陰性
16810,40-49歲,男,無,陰性
16811,30-39歲,男,二級,陽性
16812,40-49歲,男,無,陰性
16813,20-29歲,男,無,陰性
16814,30-39歲,男,無,陰性
16815,60歲以上,男,無,陰性
16816,50-59歲,男,無,陰性
16817,30-39歲,女,無,陰性
16818,30-39歲,男,無,陰性
16819,30-39歲,男,無,陰性
16820,30-39歲,男,無,陰性
16821,20-29歲,男,無,陰性
16822,30-39歲,男,無,陰性
16823,40-49歲,男,三級,陽性
16824,40-49歲,男,無,陰性
16825,40-49歲,男,無,陰性
16826,50-59歲,男,無,陰性
16827,40-49歲,男,無,陰性
16828,50-59歲,男,無,陰性
16829,20-29歲,男,無,陰性
16830,20-29歲,男,無,陰性
16831,50-59歲,男,二級,陽性
16832,60歲以上,男,無,陰性
16833,40-49歲,男,無,陰性
16834,50-59歲,男,二級,陽性
16835,30-39歲,男,無,陰性
16836,50-59歲,男,無,陰性
16837,40-49歲,男,無,陰性
16838,30-39歲,男,無,陰性
16839,19歲以下,男,無,陰性
16840,40-49歲,男,無,陰性
16841,40-49歲,男,一級,陽性
16842,40-49歲,男,二級,陽性
16843,50-59歲,男,無,陰性
16844,40-49歲,男,無,陰性
16845,40-49歲,男,二級,陽性
16846,50-59歲,男,無,陰性
16847,50-59歲,男,無,陰性
16848,20-29歲,男,無,陰性
16849,50-59歲,男,無,陰性
16850,40-49歲,女,無,陰性
16851,30-39歲,男,三級,陽性
16852,40-49歲,男,二級,陽性
16853,40-49歲,男,無,陰性
16854,40-49歲,男,無,陰性
16855,40-49歲,女,無,陰性
16856,50-59歲,女,二級,陽性
16857,30-39歲,男,無,陰性
16858,40-49歲,男,無,陰性
16859,30-39歲,女,二級,陽性
16860,40-49歲,男,無,陰性
16861,50-59歲,男,無,陰性
16862,40-49歲,男,無,陰性
16863,20-29歲,男,無,陰性
16864,30-39歲,男,無,陰性
16865,30-39歲,男,三級,陽性
16866,40-49歲,男,無,陰性
16867,30-39歲,男,無,陰性
16868,40-49歲,男,二級,陽性
16869,50-59歲,男,無,陰性
16870,60歲以上,女,無,陰性
16871,20-29歲,男,無,陰性
16872,50-59歲,男,無,陰性
16873,30-39歲,男,無,陰性
16874,40-49歲,男,無,陰性
16875,60歲以上,女,無,陰性
16876,40-49歲,男,無,陰性
16877,50-59歲,男,無,陰性
16878,30-39歲,男,二級,陽性
16879,50-59歲,男,無,陰性
16880,50-59歲,男,無,陰性
16881,50-59歲,男,無,陰性
16882,50-59歲,男,無,陰性
16883,40-49歲,男,無,陰性
16884,40-49歲,男,無,陰性
16885,30-39歲,男,無,陰性
16886,20-29歲,女,無,陰性
16887,30-39歲,男,無,陰性
16888,40-49歲,男,無,陰性
16889,40-49歲,男,無,陰性
16890,50-59歲,女,無,陰性
16891,50-59歲,男,無,陰性
16892,40-49歲,男,二級,陽性
16893,40-49歲,男,無,陰性
16894,60歲以上,男,無,陰性
16895,40-49歲,男,二級,陽性
16896,40-49歲,女,無,陰性
16897,60歲以上,男,無,陰性
16898,60歲以上,男,無,陰性
16899,50-59歲,女,無,陰性
16900,60歲以上,女,無,陰性
16901,40-49歲,男,無,陰性
16902,50-59歲,男,無,陰性
16903,50-59歲,男,無,陰性
16904,40-49歲,男,無,陰性
16905,40-49歲,男,二級,陽性
16906,40-49歲,男,無,陰性
16907,50-59歲,男,二級,陽性
16908,50-59歲,男,無,陰性
16909,20-29歲,男,無,陰性
16910,40-49歲,男,無,陰性
16911,30-39歲,女,無,陰性
16912,40-49歲,男,一級,陽性
16913,40-49歲,男,無,陰性
16914,60歲以上,男,二級,陽性
16915,30-39歲,男,無,陰性
16916,30-39歲,男,無,陰性
16917,30-39歲,男,無,陰性
16918,30-39歲,男,一級,陽性
16919,50-59歲,男,無,陰性
16920,60歲以上,男,無,陰性
16921,40-49歲,男,無,陰性
16922,40-49歲,男,無,陰性
16923,40-49歲,男,二級,陽性
16924,50-59歲,男,無,陰性
16925,50-59歲,男,二級,陽性
16926,50-59歲,女,無,陰性
16927,40-49歲,男,無,陰性
16928,40-49歲,女,無,陰性
16929,50-59歲,男,無,陰性
16930,40-49歲,男,無,陰性
16931,60歲以上,男,無,陰性
16932,50-59歲,男,無,陰性
16933,60歲以上,女,無,陰性
16934,19歲以下,男,無,陰性
16935,60歲以上,男,無,陰性
16936,60歲以上,男,無,陰性
16937,20-29歲,男,無,陰性
16938,50-59歲,女,無,陰性
16939,60歲以上,男,無,陰性
16940,40-49歲,男,無,陰性
16941,40-49歲,男,無,陰性
16942,40-49歲,男,無,陰性
16943,20-29歲,男,二級,陽性
16944,40-49歲,女,二級,陽性
16945,30-39歲,女,無,陰性
16946,40-49歲,男,二級,陽性
16947,50-59歲,女,無,陰性
16948,40-49歲,男,無,陰性
16949,60歲以上,男,無,陰性
16950,60歲以上,女,無,陰性
16951,40-49歲,男,二級,陽性
16952,60歲以上,男,無,陰性
16953,40-49歲,男,無,陰性
16954,50-59歲,男,無,陰性
16955,40-49歲,男,無,陰性
16956,19歲以下,男,無,陰性
16957,30-39歲,男,無,陰性
16958,50-59歲,女,無,陰性
16959,40-49歲,男,無,陰性
16960,19歲以下,女,無,陰性
16961,40-49歲,男,無,陰性
16962,50-59歲,男,無,陰性
16963,30-39歲,男,無,陰性
16964,30-39歲,男,無,陰性
16965,50-59歲,女,無,陰性
16966,30-39歲,男,無,陰性
16967,30-39歲,男,二級,陽性
16968,60歲以上,男,無,陰性
16969,50-59歲,男,無,陰性
16970,40-49歲,男,無,陰性
16971,40-49歲,女,無,陰性
16972,20-29歲,女,二級,陽性
16973,50-59歲,男,無,陰性
16974,50-59歲,男,無,陰性
16975,30-39歲,男,無,陰性
16976,40-49歲,男,無,陰性
16977,60歲以上,女,無,陰性
16978,50-59歲,男,無,陰性
16979,40-49歲,男,三級,陽性
16980,40-49歲,男,二級,陽性
16981,30-39歲,男,無,陰性
16982,40-49歲,男,無,陰性
16983,30-39歲,女,無,陰性
16984,19歲以下,男,一級,陽性
16985,30-39歲,女,無,陰性
16986,50-59歲,男,無,陰性
16987,19歲以下,女,無,陰性
16988,40-49歲,男,無,陰性
16989,50-59歲,男,無,陰性
16990,20-29歲,男,無,陰性
16991,60歲以上,男,二級,陽性
16992,30-39歲,男,無,陰性
16993,30-39歲,男,無,陰性
16994,50-59歲,男,無,陰性
16995,20-29歲,女,無,陰性
16996,40-49歲,男,無,陰性
16997,30-39歲,男,無,陰性
16998,20-29歲,女,無,陰性
16999,40-49歲,男,無,陰性
17000,50-59歲,男,三級,陽性
17001,40-49歲,男,無,陰性
17002,40-49歲,男,無,陰性
17003,40-49歲,男,二級,陽性
17004,40-49歲,男,一級,陽性
17005,50-59歲,男,無,陰性
17006,50-59歲,男,三級,陽性
17007,50-59歲,女,三級,陽性
17008,50-59歲,男,無,陰性
17009,20-29歲,男,無,陰性
17010,40-49歲,男,無,陰性
17011,60歲以上,男,無,陰性
17012,40-49歲,男,無,陰性
17013,50-59歲,男,無,陰性
17014,30-39歲,男,無,陰性
17015,30-39歲,男,二級,陽性
17016,40-49歲,男,無,陰性
17017,60歲以上,男,無,陰性
17018,60歲以上,女,無,陰性
17019,40-49歲,女,無,陰性
17020,30-39歲,男,無,陰性
17021,19歲以下,男,二級,陽性
17022,40-49歲,男,三級,陽性
17023,40-49歲,男,無,陰性
17024,30-39歲,女,無,陰性
17025,40-49歲,女,二級,陽性
17026,50-59歲,男,無,陰性
17027,50-59歲,男,無,陰性
17028,50-59歲,女,無,陰性
17029,50-59歲,女,無,陰性
17030,30-39歲,男,無,陰性
17031,40-49歲,男,無,陰性
17032,40-49歲,女,無,陰性
17033,40-49歲,男,無,陰性
17034,20-29歲,男,無,陰性
17035,60歲以上,男,無,陰性
17036,40-49歲,女,無,陰性
17037,30-39歲,男,無,陰性
17038,40-49歲,女,無,陰性
17039,40-49歲,男,二級,陽性
17040,40-49歲,男,無,陰性
17041,50-59歲,男,無,陰性
17042,40-49歲,男,無,陰性
17043,40-49歲,男,三級,陽性
17044,40-49歲,男,無,陰性
17045,50-59歲,男,無,陰性
17046,40-49歲,男,無,陰性
17047,20-29歲,男,無,陰性
17048,20-29歲,男,無,陰性
17049,30-39歲,男,二級,陽性
17050,60歲以上,男,無,陰性
17051,30-39歲,男,無,陰性
17052,20-29歲,女,無,陰性
17053,40-49歲,男,一級,陽性
17054,30-39歲,男,無,陰性
17055,40-49歲,男,無,陰性
17056,40-49歲,男,無,陰性
17057,40-49歲,女,無,陰性
17058,50-59歲,女,無,陰性
17059,30-39歲,男,無,陰性
17060,40-49歲,女,無,陰性
17061,30-39歲,男,無,陰性
17062,30-39歲,男,無,陰性
17063,50-59歲,男,無,陰性
17064,30-39歲,男,二級,陽性
17065,30-39歲,女,無,陰性
17066,20-29歲,男,二級,陽性
17067,50-59歲,男,二級,陽性
17068,30-39歲,女,無,陰性
17069,50-59歲,男,無,陰性
17070,60歲以上,男,無,陰性
17071,40-49歲,男,無,陰性
17072,30-39歲,男,無,陰性
17073,60歲以上,男,無,陰性
17074,40-49歲,男,無,陰性
17075,30-39歲,男,無,陰性
17076,50-59歲,男,二級,陽性
17077,60歲以上,男,無,陰性
17078,19歲以下,男,無,陰性
17079,50-59歲,男,無,陰性
17080,20-29歲,男,無,陰性
17081,20-29歲,男,無,陰性
17082,40-49歲,男,二級,陽性
17083,50-59歲,男,三級,陽性
17084,50-59歲,男,無,陰性
17085,30-39歲,男,三級,陽性
17086,19歲以下,女,無,陰性
17087,60歲以上,男,無,陰性
17088,50-59歲,男,無,陰性
17089,30-39歲,男,無,陰性
17090,40-49歲,男,一級,陽性
17091,40-49歲,男,無,陰性
17092,30-39歲,女,二級,陽性
17093,30-39歲,男,無,陰性
17094,40-49歲,男,二級,陽性
17095,30-39歲,男,無,陰性
17096,40-49歲,女,三級,陽性
17097,40-49歲,男,無,陰性
17098,50-59歲,女,無,陰性
17099,40-49歲,男,無,陰性
17100,30-39歲,男,二級,陽性
17101,40-49歲,女,無,陰性
17102,30-39歲,男,無,陰性
17103,30-39歲,男,無,陰性
17104,19歲以下,男,一級,陽性
17105,30-39歲,男,無,陰性
17106,40-49歲,女,無,陰性
17107,60歲以上,男,無,陰性
17108,30-39歲,男,無,陰性
17109,50-59歲,男,三級,陽性
17110,20-29歲,男,無,陰性
17111,50-59歲,男,無,陰性
17112,40-49歲,男,無,陰性
17113,60歲以上,男,三級,陽性
17114,19歲以下,男,無,陰性
17115,30-39歲,男,無,陰性
17116,60歲以上,男,無,陰性
17117,40-49歲,女,無,陰性
17118,30-39歲,男,二級,陽性
17119,40-49歲,男,無,陰性
17120,30-39歲,男,無,陰性
17121,30-39歲,男,二級,陽性
17122,30-39歲,男,無,陰性
17123,30-39歲,男,二級,陽性
17124,30-39歲,男,無,陰性
17125,50-59歲,男,無,陰性
17126,50-59歲,男,無,陰性
17127,20-29歲,男,無,陰性
17128,20-29歲,男,無,陰性
17129,40-49歲,男,無,陰性
17130,40-49歲,男,無,陰性
17131,30-39歲,男,二級,陽性
17132,40-49歲,男,無,陰性
17133,40-49歲,女,無,陰性
17134,20-29歲,男,無,陰性
17135,50-59歲,女,無,陰性
17136,30-39歲,男,二級,陽性
17137,30-39歲,男,無,陰性
17138,40-49歲,女,二級,陽性
17139,40-49歲,男,無,陰性
17140,30-39歲,男,無,陰性
17141,50-59歲,男,無,陰性
17142,40-49歲,男,二級,陽性
17143,40-49歲,男,無,陰性
17144,30-39歲,男,無,陰性
17145,40-49歲,男,三級,陽性
17146,50-59歲,女,無,陰性
17147,30-39歲,男,無,陰性
17148,40-49歲,男,無,陰性
17149,40-49歲,男,無,陰性
17150,40-49歲,男,無,陰性
17151,40-49歲,男,無,陰性
17152,40-49歲,男,無,陰性
17153,40-49歲,男,無,陰性
17154,40-49歲,男,二級,陽性
17155,40-49歲,男,無,陰性
17156,60歲以上,男,二級,陽性
17157,40-49歲,女,無,陰性
17158,40-49歲,女,三級,陽性
17159,40-49歲,男,無,陰性
17160,50-59歲,男,無,陰性
17161,60歲以上,男,二級,陽性
17162,30-39歲,男,無,陰性
17163,40-49歲,男,無,陰性
17164,60歲以上,男,無,陰性
17165,30-39歲,男,無,陰性
17166,50-59歲,男,無,陰性
17167,50-59歲,男,無,陰性
17168,50-59歲,男,無,陰性
17169,60歲以上,男,無,陰性
17170,40-49歲,女,無,陰性
17171,50-59歲,男,三級,陽性
17172,60歲以上,女,無,陰性
17173,50-59歲,男,無,陰性
17174,40-49歲,男,二級,陽性
17175,40-49歲,男,無,陰性
17176,20-29歲,男,無,陰性
17177,40-49歲,男,無,陰性
17178,60歲以上,男,無,陰性
17179,50-59歲,男,無,陰性
17180,40-49歲,男,無,陰性
17181,30-39歲,男,無,陰性
17182,20-29歲,男,一級,陽性
17183,40-49歲,男,無,陰性
17184,20-29歲,男,無,陰性
17185,40-49歲,男,無,陰性
17186,30-39歲,男,一級,陽性
17187,40-49歲,男,無,陰性
17188,60歲以上,男,無,陰性
17189,40-49歲,男,無,陰性
17190,50-59歲,男,二級,陽性
17191,60歲以上,男,無,陰性
17192,20-29歲,男,無,陰性
17193,20-29歲,男,二級,陽性
17194,50-59歲,女,無,陰性
17195,20-29歲,男,無,陰性
17196,30-39歲,女,無,陰性
17197,40-49歲,男,無,陰性
17198,30-39歲,男,無,陰性
17199,50-59歲,女,無,陰性
17200,50-59歲,男,無,陰性
17201,40-49歲,男,無,陰性
17202,40-49歲,男,三級,陽性
17203,30-39歲,男,二級,陽性
17204,30-39歲,男,無,陰性
17205,19歲以下,男,無,陰性
17206,30-39歲,男,無,陰性
17207,30-39歲,男,無,陰性
17208,40-49歲,男,無,陰性
17209,60歲以上,男,無,陰性
17210,20-29歲,男,一級,陽性
17211,40-49歲,男,無,陰性
17212,60歲以上,男,無,陰性
17213,20-29歲,男,無,陰性
17214,40-49歲,男,無,陰性
17215,40-49歲,男,一級,陽性
17216,60歲以上,男,無,陰性
17217,50-59歲,女,無,陰性
17218,30-39歲,男,三級,陽性
17219,30-39歲,男,無,陰性
17220,50-59歲,男,三級,陽性
17221,60歲以上,男,三級,陽性
17222,40-49歲,女,二級,陽性
17223,50-59歲,男,無,陰性
17224,40-49歲,男,無,陰性
17225,20-29歲,男,無,陰性
17226,50-59歲,男,二級,陽性
17227,40-49歲,女,三級,陽性
17228,20-29歲,男,無,陰性
17229,40-49歲,男,無,陰性
17230,40-49歲,男,無,陰性
17231,30-39歲,男,無,陰性
17232,40-49歲,男,無,陰性
17233,20-29歲,男,無,陰性
17234,40-49歲,男,無,陰性
17235,40-49歲,男,無,陰性
17236,19歲以下,男,無,陰性
17237,60歲以上,男,二級,陽性
17238,30-39歲,男,無,陰性
17239,40-49歲,女,二級,陽性
17240,20-29歲,女,無,陰性
17241,40-49歲,男,無,陰性
17242,60歲以上,男,無,陰性
17243,50-59歲,男,無,陰性
17244,40-49歲,男,無,陰性
17245,40-49歲,男,無,陰性
17246,40-49歲,男,無,陰性
17247,40-49歲,男,二級,陽性
17248,30-39歲,男,無,陰性
17249,50-59歲,男,二級,陽性
17250,40-49歲,男,無,陰性
17251,50-59歲,男,二級,陽性
17252,60歲以上,女,無,陰性
17253,50-59歲,男,無,陰性
17254,20-29歲,男,無,陰性
17255,60歲以上,男,無,陰性
17256,30-39歲,男,二級,陽性
17257,40-49歲,男,無,陰性
17258,40-49歲,女,無,陰性
17259,20-29歲,男,無,陰性
17260,50-59歲,男,無,陰性
17261,50-59歲,男,無,陰性
17262,40-49歲,女,無,陰性
17263,50-59歲,男,無,陰性
17264,40-49歲,男,無,陰性
17265,40-49歲,男,無,陰性
17266,40-49歲,男,二級,陽性
17267,20-29歲,男,無,陰性
17268,60歲以上,男,二級,陽性
17269,30-39歲,男,二級,陽性
17270,60歲以上,女,無,陰性
17271,30-39歲,男,無,陰性
17272,50-59歲,男,二級,陽性
17273,60歲以上,男,無,陰性
17274,40-49歲,男,二級,陽性
17275,50-59歲,男,二級,陽性
17276,40-49歲,男,無,陰性
17277,50-59歲,女,二級,陽性
17278,40-49歲,男,二級,陽性
17279,30-39歲,男,無,陰性
17280,40-49歲,男,無,陰性
17281,50-59歲,男,無,陰性
17282,50-59歲,男,二級,陽性
17283,60歲以上,女,無,陰性
17284,30-39歲,女,二級,陽性
17285,40-49歲,男,無,陰性
17286,40-49歲,男,無,陰性
17287,40-49歲,女,無,陰性
17288,20-29歲,男,無,陰性
17289,40-49歲,男,無,陰性
17290,30-39歲,男,無,陰性
17291,40-49歲,女,無,陰性
17292,60歲以上,男,無,陰性
17293,60歲以上,女,二級,陽性
17294,60歲以上,男,無,陰性
17295,19歲以下,女,二級,陽性
17296,30-39歲,男,一級,陽性
17297,20-29歲,男,無,陰性
17298,40-49歲,男,無,陰性
17299,40-49歲,男,無,陰性
17300,50-59歲,男,無,陰性
17301,40-49歲,男,無,陰性
17302,50-59歲,男,無,陰性
17303,50-59歲,男,無,陰性
17304,50-59歲,女,無,陰性
17305,50-59歲,男,二級,陽性
17306,40-49歲,男,無,陰性
17307,40-49歲,男,無,陰性
17308,40-49歲,男,無,陰性
17309,40-49歲,男,無,陰性
17310,60歲以上,女,無,陰性
17311,50-59歲,男,無,陰性
17312,30-39歲,女,無,陰性
17313,30-39歲,男,三級,陽性
17314,30-39歲,男,二級,陽性
17315,50-59歲,男,無,陰性
17316,50-59歲,男,二級,陽性
17317,40-49歲,男,無,陰性
17318,40-49歲,男,無,陰性
17319,40-49歲,男,無,陰性
17320,40-49歲,女,無,陰性
17321,30-39歲,男,無,陰性
17322,40-49歲,男,無,陰性
17323,20-29歲,男,無,陰性
17324,40-49歲,男,二級,陽性
17325,50-59歲,男,二級,陽性
17326,40-49歲,男,無,陰性
17327,30-39歲,女,無,陰性
17328,20-29歲,男,無,陰性
17329,30-39歲,男,無,陰性
17330,50-59歲,男,無,陰性
17331,50-59歲,男,二級,陽性
17332,60歲以上,男,無,陰性
17333,30-39歲,男,無,陰性
17334,30-39歲,女,無,陰性
17335,50-59歲,男,無,陰性
17336,19歲以下,男,二級,陽性
17337,40-49歲,男,無,陰性
17338,50-59歲,男,無,陰性
17339,20-29歲,男,二級,陽性
17340,30-39歲,女,三級,陽性
17341,40-49歲,男,無,陰性
17342,30-39歲,男,無,陰性
17343,60歲以上,男,無,陰性
17344,20-29歲,男,二級,陽性
17345,40-49歲,男,二級,陽性
17346,40-49歲,男,無,陰性
17347,30-39歲,男,無,陰性
17348,40-49歲,男,無,陰性
17349,40-49歲,男,無,陰性
17350,50-59歲,男,無,陰性
17351,40-49歲,男,二級,陽性
17352,30-39歲,男,無,陰性
17353,20-29歲,女,無,陰性
17354,60歲以上,男,無,陰性
17355,30-39歲,男,無,陰性
17356,40-49歲,女,無,陰性
17357,20-29歲,男,三級,陽性
17358,40-49歲,男,無,陰性
17359,40-49歲,男,無,陰性
17360,30-39歲,男,無,陰性
17361,20-29歲,男,無,陰性
17362,50-59歲,男,無,陰性
17363,50-59歲,男,無,陰性
17364,40-49歲,女,無,陰性
17365,20-29歲,男,一級,陽性
17366,40-49歲,男,無,陰性
17367,40-49歲,男,無,陰性
17368,40-49歲,男,無,陰性
17369,60歲以上,男,無,陰性
17370,60歲以上,男,無,陰性
17371,40-49歲,男,二級,陽性
17372,50-59歲,男,無,陰性
17373,50-59歲,男,一級,陽性
17374,50-59歲,女,二級,陽性
17375,40-49歲,男,無,陰性
17376,19歲以下,男,無,陰性
17377,40-49歲,男,無,陰性
17378,19歲以下,男,無,陰性
17379,60歲以上,男,無,陰性
17380,30-39歲,男,二級,陽性
17381,60歲以上,男,二級,陽性
17382,60歲以上,男,無,陰性
17383,60歲以上,男,二級,陽性
17384,30-39歲,男,無,陰性
17385,40-49歲,男,無,陰性
17386,60歲以上,男,無,陰性
17387,40-49歲,男,無,陰性
17388,30-39歲,男,無,陰性
17389,40-49歲,男,無,陰性
17390,50-59歲,男,無,陰性
17391,30-39歲,男,無,陰性
17392,40-49歲,男,無,陰性
17393,50-59歲,女,一級,陽性
17394,40-49歲,男,無,陰性
17395,40-49歲,男,無,陰性
17396,50-59歲,男,無,陰性
17397,40-49歲,男,無,陰性
17398,50-59歲,男,無,陰性
17399,50-59歲,男,無,陰性
17400,50-59歲,男,無,陰性
17401,40-49歲,男,無,陰性
17402,50-59歲,男,無,陰性
17403,50-59歲,男,無,陰性
17404,40-49歲,男,二級,陽性
17405,50-59歲,男,二級,陽性
17406,20-29歲,男,二級,陽性
17407,50-59歲,男,無,陰性
17408,60歲以上,男,二級,陽性
17409,40-49歲,男,無,陰性
17410,50-59歲,女,二級,陽性
17411,30-39歲,女,無,陰性
17412,20-29歲,男,一級,陽性
17413,50-59歲,女,二級,陽性
17414,30-39歲,男,無,陰性
17415,40-49歲,男,無,陰性
17416,40-49歲,男,二級,陽性
17417,50-59歲,男,無,陰性
17418,50-59歲,男,無,陰性
17419,30-39歲,男,無,陰性
17420,40-49歲,女,無,陰性
17421,19歲以下,男,無,陰性
17422,30-39歲,男,二級,陽性
17423,40-49歲,男,二級,陽性
17424,40-49歲,男,無,陰性
17425,40-49歲,男,無,陰性
17426,40-49歲,男,三級,陽性
17427,30-39歲,男,無,陰性
17428,50-59歲,男,無,陰性
17429,60歲以上,女,無,陰性
17430,50-59歲,男,無,陰性
17431,50-59歲,男,無,陰性
17432,19歲以下,男,無,陰性
17433,30-39歲,男,無,陰性
17434,40-49歲,男,無,陰性
17435,60歲以上,男,二級,陽性
17436,60歲以上,男,無,陰性
17437,20-29歲,男,一級,陽性
17438,30-39歲,男,無,陰性
17439,40-49歲,女,二級,陽性
17440,50-59歲,男,無,陰性
17441,50-59歲,女,無,陰性
17442,40-49歲,男,無,陰性
17443,40-49歲,女,無,陰性
17444,50-59歲,男,無,陰性
17445,50-59歲,女,無,陰性
17446,40-49歲,女,無,陰性
17447,40-49歲,男,無,陰性
17448,30-39歲,男,無,陰性
17449,50-59歲,男,一級,陽性
17450,60歲以上,男,無,陰性
17451,60歲以上,男,無,陰性
17452,50-59歲,男,無,陰性
17453,30-39歲,男,二級,陽性
17454,50-59歲,男,無,陰性
17455,50-59歲,男,無,陰性
17456,40-49歲,男,無,陰性
17457,50-59歲,男,無,陰性
17458,60歲以上,男,無,陰性
17459,40-49歲,男,無,陰性
17460,30-39歲,男,一級,陽性
17461,50-59歲,女,無,陰性
17462,50-59歲,男,無,陰性
17463,50-59歲,男,二級,陽性
17464,40-49歲,男,無,陰性
17465,50-59歲,女,無,陰性
17466,60歲以上,男,二級,陽性
17467,40-49歲,男,無,陰性
17468,40-49歲,男,無,陰性
17469,50-59歲,男,無,陰性
17470,50-59歲,女,無,陰性
17471,40-49歲,男,二級,陽性
17472,40-49歲,男,無,陰性
17473,40-49歲,男,無,陰性
17474,60歲以上,女,無,陰性
17475,50-59歲,男,無,陰性
17476,50-59歲,女,無,陰性
17477,50-59歲,男,無,陰性
17478,40-49歲,男,無,陰性
17479,50-59歲,男,無,陰性
17480,20-29歲,男,無,陰性
17481,40-49歲,男,無,陰性
17482,40-49歲,女,無,陰性
17483,40-49歲,男,無,陰性
17484,40-49歲,男,二級,陽性
17485,50-59歲,女,無,陰性
17486,30-39歲,男,無,陰性
17487,40-49歲,女,無,陰性
17488,50-59歲,男,二級,陽性
17489,30-39歲,男,無,陰性
17490,60歲以上,男,無,陰性
17491,50-59歲,女,無,陰性
17492,40-49歲,男,一級,陽性
17493,20-29歲,男,無,陰性
17494,20-29歲,男,無,陰性
17495,30-39歲,女,無,陰性
17496,30-39歲,男,二級,陽性
17497,30-39歲,男,三級,陽性
17498,50-59歲,男,無,陰性
17499,40-49歲,女,無,陰性
17500,40-49歲,男,無,陰性
17501,40-49歲,女,二級,陽性
17502,50-59歲,男,無,陰性
17503,40-49歲,男,無,陰性
17504,50-59歲,男,無,陰性
17505,40-49歲,男,無,陰性
17506,19歲以下,男,無,陰性
17507,50-59歲,男,無,陰性
17508,40-49歲,男,一級,陽性
17509,50-59歲,男,一級,陽性
17510,50-59歲,女,無,陰性
17511,50-59歲,男,無,陰性
17512,40-49歲,女,二級,陽性
17513,30-39歲,男,無,陰性
17514,40-49歲,男,無,陰性
17515,40-49歲,男,二級,陽性
17516,30-39歲,男,一級,陽性
17517,40-49歲,男,無,陰性
17518,50-59歲,男,無,陰性
17519,60歲以上,男,無,陰性
17520,60歲以上,男,二級,陽性
17521,30-39歲,男,二級,陽性
17522,30-39歲,男,無,陰性
17523,30-39歲,女,二級,陽性
17524,50-59歲,男,三級,陽性
17525,40-49歲,女,無,陰性
17526,20-29歲,女,無,陰性
17527,40-49歲,男,無,陰性
17528,40-49歲,男,無,陰性
17529,40-49歲,男,無,陰性
17530,50-59歲,男,無,陰性
17531,20-29歲,男,無,陰性
17532,50-59歲,男,無,陰性
17533,40-49歲,男,無,陰性
17534,50-59歲,男,無,陰性
17535,30-39歲,男,二級,陽性
17536,50-59歲,男,無,陰性
17537,40-49歲,男,無,陰性
17538,50-59歲,男,二級,陽性
17539,40-49歲,男,三級,陽性
17540,50-59歲,男,無,陰性
17541,30-39歲,男,無,陰性
17542,50-59歲,男,二級,陽性
17543,40-49歲,男,無,陰性
17544,50-59歲,男,無,陰性
17545,50-59歲,男,無,陰性
17546,50-59歲,女,無,陰性
17547,20-29歲,男,無,陰性
17548,60歲以上,男,二級,陽性
17549,20-29歲,男,無,陰性
17550,30-39歲,男,無,陰性
17551,50-59歲,男,無,陰性
17552,40-49歲,男,無,陰性
17553,40-49歲,男,無,陰性
17554,50-59歲,男,無,陰性
17555,40-49歲,男,無,陰性
17556,20-29歲,男,二級,陽性
17557,40-49歲,女,無,陰性
17558,30-39歲,男,無,陰性
17559,30-39歲,女,無,陰性
17560,60歲以上,女,無,陰性
17561,50-59歲,男,無,陰性
17562,50-59歲,男,三級,陽性
17563,40-49歲,男,二級,陽性
17564,40-49歲,男,無,陰性
17565,40-49歲,男,無,陰性
17566,50-59歲,男,無,陰性
17567,50-59歲,男,二級,陽性
17568,50-59歲,女,二級,陽性
17569,40-49歲,男,無,陰性
17570,50-59歲,男,無,陰性
17571,40-49歲,男,無,陰性
17572,60歲以上,男,無,陰性
17573,50-59歲,男,三級,陽性
17574,40-49歲,男,無,陰性
17575,40-49歲,男,二級,陽性
17576,60歲以上,男,無,陰性
17577,40-49歲,男,二級,陽性
17578,40-49歲,男,無,陰性
17579,20-29歲,男,二級,陽性
17580,50-59歲,男,無,陰性
17581,40-49歲,男,無,陰性
17582,40-49歲,男,無,陰性
17583,20-29歲,男,二級,陽性
17584,60歲以上,男,無,陰性
17585,50-59歲,女,無,陰性
17586,50-59歲,男,無,陰性
17587,40-49歲,男,二級,陽性
17588,50-59歲,男,無,陰性
17589,50-59歲,女,無,陰性
17590,40-49歲,男,無,陰性
17591,60歲以上,男,無,陰性
17592,40-49歲,女,無,陰性
17593,20-29歲,男,三級,陽性
17594,50-59歲,男,無,陰性
17595,20-29歲,男,無,陰性
17596,40-49歲,男,無,陰性
17597,30-39歲,男,無,陰性
17598,60歲以上,男,無,陰性
17599,30-39歲,男,無,陰性
17600,50-59歲,男,無,陰性
17601,30-39歲,男,無,陰性
17602,40-49歲,男,無,陰性
17603,30-39歲,男,無,陰性
17604,30-39歲,男,無,陰性
17605,60歲以上,男,一級,陽性
17606,20-29歲,男,二級,陽性
17607,30-39歲,男,無,陰性
17608,40-49歲,男,無,陰性
17609,19歲以下,男,無,陰性
17610,20-29歲,女,無,陰性
17611,30-39歲,男,無,陰性
17612,50-59歲,男,無,陰性
17613,50-59歲,男,無,陰性
17614,20-29歲,男,無,陰性
17615,50-59歲,男,無,陰性
17616,40-49歲,男,無,陰性
17617,50-59歲,男,無,陰性
17618,20-29歲,男,無,陰性
17619,19歲以下,男,無,陰性
17620,30-39歲,男,無,陰性
17621,40-49歲,男,無,陰性
17622,60歲以上,男,一級,陽性
17623,30-39歲,男,二級,陽性
17624,30-39歲,男,二級,陽性
17625,30-39歲,男,無,陰性
17626,40-49歲,男,無,陰性
17627,60歲以上,男,無,陰性
17628,40-49歲,男,無,陰性
17629,40-49歲,女,無,陰性
17630,50-59歲,男,無,陰性
17631,30-39歲,女,無,陰性
17632,40-49歲,女,二級,陽性
17633,60歲以上,男,無,陰性
17634,40-49歲,男,無,陰性
17635,40-49歲,男,一級,陽性
17636,50-59歲,男,無,陰性
17637,19歲以下,男,無,陰性
17638,60歲以上,男,無,陰性
17639,30-39歲,男,無,陰性
17640,40-49歲,男,無,陰性
17641,50-59歲,男,二級,陽性
17642,50-59歲,男,三級,陽性
17643,40-49歲,男,無,陰性
17644,60歲以上,男,無,陰性
17645,50-59歲,男,無,陰性
17646,60歲以上,男,無,陰性
17647,40-49歲,男,無,陰性
17648,30-39歲,男,無,陰性
17649,20-29歲,男,無,陰性
17650,40-49歲,男,無,陰性
17651,40-49歲,男,無,陰性
17652,30-39歲,男,二級,陽性
17653,60歲以上,男,無,陰性
17654,19歲以下,男,無,陰性
17655,50-59歲,男,無,陰性
17656,19歲以下,男,無,陰性
17657,30-39歲,女,無,陰性
17658,60歲以上,男,無,陰性
17659,40-49歲,男,無,陰性
17660,40-49歲,男,無,陰性
17661,40-49歲,女,三級,陽性
17662,40-49歲,男,無,陰性
17663,50-59歲,女,無,陰性
17664,40-49歲,女,無,陰性
17665,50-59歲,男,二級,陽性
17666,50-59歲,男,二級,陽性
17667,40-49歲,男,一級,陽性
17668,50-59歲,男,無,陰性
17669,50-59歲,女,無,陰性
17670,40-49歲,男,一級,陽性
17671,40-49歲,男,二級,陽性
17672,50-59歲,男,無,陰性
17673,50-59歲,男,無,陰性
17674,60歲以上,男,無,陰性
17675,40-49歲,男,無,陰性
17676,40-49歲,女,無,陰性
17677,50-59歲,男,無,陰性
17678,20-29歲,男,三級,陽性
17679,50-59歲,男,無,陰性
17680,40-49歲,女,三級,陽性
17681,30-39歲,男,無,陰性
17682,50-59歲,男,無,陰性
17683,40-49歲,男,三級,陽性
17684,60歲以上,女,無,陰性
17685,20-29歲,男,無,陰性
17686,40-49歲,男,無,陰性
17687,30-39歲,女,二級,陽性
17688,40-49歲,男,無,陰性
17689,40-49歲,女,三級,陽性
17690,50-59歲,男,無,陰性
17691,50-59歲,女,無,陰性
17692,40-49歲,男,無,陰性
17693,40-49歲,男,無,陰性
17694,40-49歲,男,無,陰性
17695,40-49歲,男,無,陰性
17696,30-39歲,男,無,陰性
17697,50-59歲,男,無,陰性
17698,40-49歲,男,無,陰性
17699,50-59歲,男,無,陰性
17700,40-49歲,女,無,陰性
17701,50-59歲,男,無,陰性
17702,40-49歲,女,無,陰性
17703,50-59歲,男,無,陰性
17704,50-59歲,男,無,陰性
17705,50-59歲,女,無,陰性
17706,30-39歲,女,無,陰性
17707,40-49歲,男,無,陰性
17708,50-59歲,男,無,陰性
17709,60歲以上,女,無,陰性
17710,30-39歲,女,無,陰性
17711,40-49歲,男,無,陰性
17712,19歲以下,女,無,陰性
17713,50-59歲,男,無,陰性
17714,19歲以下,男,無,陰性
17715,50-59歲,女,無,陰性
17716,20-29歲,男,無,陰性
17717,40-49歲,女,無,陰性
17718,40-49歲,男,無,陰性
17719,40-49歲,男,二級,陽性
17720,40-49歲,男,三級,陽性
17721,40-49歲,男,無,陰性
17722,40-49歲,女,無,陰性
17723,19歲以下,男,無,陰性
17724,40-49歲,女,無,陰性
17725,40-49歲,男,二級,陽性
17726,50-59歲,男,無,陰性
17727,40-49歲,男,二級,陽性
17728,40-49歲,女,無,陰性
17729,40-49歲,男,二級,陽性
17730,19歲以下,男,無,陰性
17731,40-49歲,女,無,陰性
17732,40-49歲,男,無,陰性
17733,20-29歲,女,無,陰性
17734,30-39歲,男,無,陰性
17735,50-59歲,男,無,陰性
17736,40-49歲,男,二級,陽性
17737,30-39歲,男,無,陰性
17738,50-59歲,男,無,陰性
17739,20-29歲,男,無,陰性
17740,40-49歲,男,三級,陽性
17741,30-39歲,男,無,陰性
17742,30-39歲,男,無,陰性
17743,40-49歲,男,無,陰性
17744,50-59歲,男,無,陰性
17745,40-49歲,女,無,陰性
17746,60歲以上,男,無,陰性
17747,30-39歲,男,二級,陽性
17748,40-49歲,男,無,陰性
17749,50-59歲,男,無,陰性
17750,60歲以上,男,無,陰性
17751,40-49歲,男,三級,陽性
17752,20-29歲,男,無,陰性
17753,40-49歲,男,無,陰性
17754,50-59歲,男,無,陰性
17755,50-59歲,男,二級,陽性
17756,20-29歲,男,無,陰性
17757,40-49歲,男,無,陰性
17758,40-49歲,男,無,陰性
17759,40-49歲,女,無,陰性
17760,20-29歲,男,無,陰性
17761,50-59歲,男,無,陰性
17762,50-59歲,男,無,陰性
17763,30-39歲,女,無,陰性
17764,40-49歲,男,無,陰性
17765,50-59歲,男,一級,陽性
17766,30-39歲,男,無,陰性
17767,40-49歲,男,無,陰性
17768,40-49歲,男,二級,陽性
17769,60歲以上,女,無,陰性
17770,30-39歲,男,無,陰性
17771,50-59歲,男,無,陰性
17772,50-59歲,男,無,陰性
17773,30-39歲,女,無,陰性
17774,40-49歲,女,無,陰性
17775,50-59歲,男,無,陰性
17776,40-49歲,男,二級,陽性
17777,40-49歲,男,無,陰性
17778,40-49歲,男,二級,陽性
17779,40-49歲,女,一級,陽性
17780,30-39歲,男,無,陰性
17781,20-29歲,男,無,陰性
17782,40-49歲,男,無,陰性
17783,40-49歲,男,無,陰性
17784,40-49歲,女,二級,陽性
17785,50-59歲,男,無,陰性
17786,40-49歲,男,無,陰性
17787,50-59歲,男,無,陰性
17788,40-49歲,男,二級,陽性
17789,60歲以上,女,無,陰性
17790,40-49歲,女,無,陰性
17791,20-29歲,男,無,陰性
17792,50-59歲,男,無,陰性
17793,50-59歲,男,無,陰性
17794,30-39歲,男,二級,陽性
17795,30-39歲,男,無,陰性
17796,20-29歲,男,無,陰性
17797,30-39歲,男,無,陰性
17798,40-49歲,男,無,陰性
17799,40-49歲,男,無,陰性
17800,50-59歲,男,無,陰性
17801,40-49歲,男,無,陰性
17802,40-49歲,男,二級,陽性
17803,50-59歲,男,無,陰性
17804,50-59歲,男,二級,陽性
17805,50-59歲,男,三級,陽性
17806,40-49歲,男,無,陰性
17807,40-49歲,男,無,陰性
17808,40-49歲,男,無,陰性
17809,50-59歲,男,二級,陽性
17810,60歲以上,男,無,陰性
17811,50-59歲,女,二級,陽性
17812,50-59歲,男,無,陰性
17813,19歲以下,男,無,陰性
17814,30-39歲,男,無,陰性
17815,20-29歲,男,無,陰性
17816,60歲以上,男,無,陰性
17817,30-39歲,女,二級,陽性
17818,50-59歲,男,二級,陽性
17819,40-49歲,男,無,陰性
17820,40-49歲,女,無,陰性
17821,40-49歲,男,無,陰性
17822,40-49歲,男,無,陰性
17823,40-49歲,男,無,陰性
17824,60歲以上,男,無,陰性
17825,19歲以下,男,無,陰性
17826,30-39歲,女,三級,陽性
17827,40-49歲,男,一級,陽性
17828,50-59歲,男,無,陰性
17829,19歲以下,男,無,陰性
17830,50-59歲,女,無,陰性
17831,30-39歲,男,無,陰性
17832,50-59歲,男,無,陰性
17833,30-39歲,男,二級,陽性
17834,40-49歲,女,二級,陽性
17835,60歲以上,女,二級,陽性
17836,40-49歲,男,無,陰性
17837,40-49歲,男,無,陰性
17838,40-49歲,男,無,陰性
17839,40-49歲,男,無,陰性
17840,30-39歲,男,無,陰性
17841,20-29歲,男,無,陰性
17842,40-49歲,男,無,陰性
17843,40-49歲,男,無,陰性
17844,40-49歲,男,無,陰性
17845,50-59歲,男,無,陰性
17846,30-39歲,男,二級,陽性
17847,40-49歲,男,無,陰性
17848,40-49歲,男,無,陰性
17849,30-39歲,女,無,陰性
17850,40-49歲,男,二級,陽性
17851,50-59歲,男,無,陰性
17852,30-39歲,女,無,陰性
17853,30-39歲,男,無,陰性
17854,50-59歲,女,無,陰性
17855,40-49歲,女,二級,陽性
17856,40-49歲,女,無,陰性
17857,30-39歲,男,無,陰性
17858,40-49歲,男,無,陰性
17859,30-39歲,女,無,陰性
17860,40-49歲,女,二級,陽性
17861,40-49歲,男,無,陰性
17862,50-59歲,女,三級,陽性
17863,20-29歲,男,無,陰性
17864,40-49歲,男,無,陰性
17865,50-59歲,男,無,陰性
17866,20-29歲,男,二級,陽性
17867,19歲以下,男,無,陰性
17868,40-49歲,女,無,陰性
17869,40-49歲,男,無,陰性
17870,50-59歲,男,無,陰性
17871,30-39歲,男,無,陰性
17872,20-29歲,男,無,陰性
17873,50-59歲,男,無,陰性
17874,50-59歲,男,無,陰性
17875,50-59歲,男,無,陰性
17876,40-49歲,女,二級,陽性
17877,20-29歲,男,無,陰性
17878,60歲以上,男,無,陰性
17879,50-59歲,女,無,陰性
17880,40-49歲,男,無,陰性
17881,30-39歲,男,一級,陽性
17882,50-59歲,男,無,陰性
17883,50-59歲,男,無,陰性
17884,30-39歲,男,二級,陽性
17885,40-49歲,男,二級,陽性
17886,50-59歲,女,無,陰性
17887,40-49歲,男,無,陰性
17888,40-49歲,男,二級,陽性
17889,30-39歲,女,無,陰性
17890,30-39歲,男,無,陰性
17891,50-59歲,男,二級,陽性
17892,40-49歲,女,三級,陽性
17893,19歲以下,男,無,陰性
17894,30-39歲,男,無,陰性
17895,40-49歲,男,無,陰性
17896,30-39歲,女,無,陰性
17897,50-59歲,男,無,陰性
17898,50-59歲,男,無,陰性
17899,50-59歲,男,一級,陽性
17900,20-29歲,女,無,陰性
17901,40-49歲,男,無,陰性
17902,50-59歲,男,無,陰性
17903,30-39歲,男,二級,陽性
17904,30-39歲,男,無,陰性
17905,20-29歲,男,一級,陽性
17906,40-49歲,男,無,陰性
17907,60歲以上,男,無,陰性
17908,50-59歲,男,二級,陽性
17909,40-49歲,男,無,陰性
17910,50-59歲,男,無,陰性
17911,40-49歲,女,無,陰性
17912,40-49歲,男,無,陰性
17913,50-59歲,男,無,陰性
17914,30-39歲,男,無,陰性
17915,40-49歲,男,無,陰性
17916,30-39歲,男,二級,陽性
17917,20-29歲,男,二級,陽性
17918,19歲以下,女,無,陰性
17919,30-39歲,男,無,陰性
17920,40-49歲,男,二級,陽性
17921,30-39歲,男,無,陰性
17922,20-29歲,男,無,陰性
17923,19歲以下,男,無,陰性
17924,40-49歲,男,一級,陽性
17925,40-49歲,女,二級,陽性
17926,50-59歲,男,一級,陽性
17927,50-59歲,男,無,陰性
17928,20-29歲,男,一級,陽性
17929,50-59歲,男,無,陰性
17930,40-49歲,男,無,陰性
17931,30-39歲,男,無,陰性
17932,20-29歲,男,無,陰性
17933,20-29歲,男,二級,陽性
17934,40-49歲,男,無,陰性
17935,50-59歲,男,二級,陽性
17936,30-39歲,男,無,陰性
17937,50-59歲,男,無,陰性
17938,60歲以上,男,二級,陽性
17939,50-59歲,男,二級,陽性
17940,40-49歲,男,無,陰性
17941,50-59歲,男,三級,陽性
17942,60歲以上,男,二級,陽性
17943,50-59歲,男,無,陰性
17944,40-49歲,男,二級,陽性
17945,40-49歲,男,無,陰性
17946,40-49歲,男,無,陰性
17947,50-59歲,男,二級,陽性
17948,30-39歲,男,無,陰性
17949,40-49歲,男,二級,陽性
17950,50-59歲,男,無,陰性
17951,40-49歲,男,無,陰性
17952,30-39歲,男,無,陰性
17953,40-49歲,男,無,陰性
17954,50-59歲,男,二級,陽性
17955,40-49歲,男,無,陰性
17956,30-39歲,男,無,陰性
17957,40-49歲,男,無,陰性
17958,30-39歲,男,無,陰性
17959,40-49歲,女,無,陰性
17960,30-39歲,男,無,陰性
17961,50-59歲,男,無,陰性
17962,20-29歲,男,無,陰性
17963,60歲以上,女,無,陰性
17964,50-59歲,男,二級,陽性
17965,20-29歲,男,無,陰性
17966,20-29歲,男,二級,陽性
17967,40-49歲,男,三級,陽性
17968,50-59歲,男,無,陰性
17969,40-49歲,男,無,陰性
17970,40-49歲,男,無,陰性
17971,30-39歲,男,二級,陽性
17972,30-39歲,男,二級,陽性
17973,60歲以上,男,無,陰性
17974,40-49歲,男,無,陰性
17975,40-49歲,男,二級,陽性
17976,30-39歲,男,無,陰性
17977,50-59歲,男,二級,陽性
17978,40-49歲,女,無,陰性
17979,40-49歲,男,無,陰性
17980,30-39歲,男,二級,陽性
17981,30-39歲,男,無,陰性
17982,50-59歲,男,無,陰性
17983,30-39歲,男,無,陰性
17984,40-49歲,男,無,陰性
17985,30-39歲,男,無,陰性
17986,30-39歲,男,無,陰性
17987,40-49歲,男,無,陰性
17988,30-39歲,男,無,陰性
17989,60歲以上,男,二級,陽性
17990,40-49歲,男,無,陰性
17991,40-49歲,女,無,陰性
17992,19歲以下,女,無,陰性
17993,40-49歲,女,無,陰性
17994,30-39歲,男,無,陰性
17995,40-49歲,男,無,陰性
17996,20-29歲,女,無,陰性
17997,50-59歲,女,無,陰性
17998,50-59歲,男,無,陰性
17999,40-49歲,女,二級,陽性
18000,40-49歲,男,無,陰性
18001,40-49歲,男,無,陰性
18002,40-49歲,男,二級,陽性
18003,20-29歲,男,二級,陽性
18004,40-49歲,男,無,陰性
18005,50-59歲,男,無,陰性
18006,20-29歲,男,二級,陽性
18007,50-59歲,男,無,陰性
18008,40-49歲,男,三級,陽性
18009,60歲以上,男,無,陰性
18010,60歲以上,男,無,陰性
18011,19歲以下,男,二級,陽性
18012,50-59歲,男,無,陰性
18013,50-59歲,男,一級,陽性
18014,40-49歲,男,無,陰性
18015,20-29歲,女,無,陰性
18016,30-39歲,男,三級,陽性
18017,40-49歲,男,無,陰性
18018,50-59歲,男,無,陰性
18019,19歲以下,男,無,陰性
18020,50-59歲,女,無,陰性
18021,20-29歲,男,無,陰性
18022,40-49歲,男,無,陰性
18023,30-39歲,男,無,陰性
18024,20-29歲,女,無,陰性
18025,30-39歲,男,無,陰性
18026,30-39歲,男,二級,陽性
18027,40-49歲,男,無,陰性
18028,50-59歲,男,無,陰性
18029,50-59歲,男,二級,陽性
18030,30-39歲,男,無,陰性
18031,30-39歲,女,無,陰性
18032,40-49歲,男,無,陰性
18033,40-49歲,男,二級,陽性
18034,50-59歲,男,無,陰性
18035,40-49歲,男,無,陰性
18036,40-49歲,男,無,陰性
18037,60歲以上,女,無,陰性
18038,50-59歲,男,無,陰性
18039,40-49歲,男,無,陰性
18040,60歲以上,男,二級,陽性
18041,30-39歲,男,二級,陽性
18042,50-59歲,男,二級,陽性
18043,40-49歲,男,無,陰性
18044,40-49歲,男,無,陰性
18045,40-49歲,女,無,陰性
18046,50-59歲,女,二級,陽性
18047,50-59歲,女,無,陰性
18048,40-49歲,男,無,陰性
18049,50-59歲,男,無,陰性
18050,40-49歲,男,無,陰性
18051,60歲以上,男,無,陰性
18052,40-49歲,男,無,陰性
18053,40-49歲,男,無,陰性
18054,40-49歲,男,無,陰性
18055,50-59歲,男,無,陰性
18056,30-39歲,女,無,陰性
18057,40-49歲,女,二級,陽性
18058,40-49歲,男,無,陰性
18059,50-59歲,男,無,陰性
18060,40-49歲,男,二級,陽性
18061,50-59歲,男,無,陰性
18062,20-29歲,男,無,陰性
18063,40-49歲,男,無,陰性
18064,50-59歲,男,無,陰性
18065,60歲以上,男,無,陰性
18066,20-29歲,男,無,陰性
18067,60歲以上,男,無,陰性
18068,40-49歲,女,二級,陽性
18069,50-59歲,男,二級,陽性
18070,60歲以上,男,一級,陽性
18071,40-49歲,男,無,陰性
18072,60歲以上,男,無,陰性
18073,50-59歲,男,二級,陽性
18074,30-39歲,男,無,陰性
18075,30-39歲,男,無,陰性
18076,40-49歲,男,無,陰性
18077,30-39歲,女,無,陰性
18078,50-59歲,女,無,陰性
18079,40-49歲,女,無,陰性
18080,50-59歲,男,無,陰性
18081,60歲以上,男,二級,陽性
18082,50-59歲,男,無,陰性
18083,40-49歲,女,二級,陽性
18084,50-59歲,男,二級,陽性
18085,20-29歲,男,無,陰性
18086,40-49歲,男,無,陰性
18087,30-39歲,男,無,陰性
18088,60歲以上,男,無,陰性
18089,50-59歲,男,無,陰性
18090,50-59歲,女,無,陰性
18091,50-59歲,男,無,陰性
18092,40-49歲,男,二級,陽性
18093,30-39歲,男,無,陰性
18094,20-29歲,男,無,陰性
18095,40-49歲,男,無,陰性
18096,30-39歲,男,無,陰性
18097,20-29歲,男,無,陰性
18098,30-39歲,男,無,陰性
18099,50-59歲,女,無,陰性
18100,40-49歲,男,二級,陽性
18101,40-49歲,男,二級,陽性
18102,40-49歲,男,無,陰性
18103,50-59歲,男,無,陰性
18104,40-49歲,男,無,陰性
18105,40-49歲,男,無,陰性
18106,50-59歲,男,無,陰性
18107,40-49歲,男,無,陰性
18108,20-29歲,男,無,陰性
18109,30-39歲,男,無,陰性
18110,19歲以下,男,無,陰性
18111,40-49歲,男,無,陰性
18112,19歲以下,男,無,陰性
18113,50-59歲,男,二級,陽性
18114,40-49歲,男,無,陰性
18115,40-49歲,男,無,陰性
18116,50-59歲,男,無,陰性
18117,50-59歲,男,無,陰性
18118,40-49歲,男,二級,陽性
18119,50-59歲,男,無,陰性
18120,50-59歲,男,無,陰性
18121,30-39歲,男,無,陰性
18122,40-49歲,男,三級,陽性
18123,30-39歲,女,無,陰性
18124,40-49歲,男,二級,陽性
18125,30-39歲,男,無,陰性
18126,30-39歲,男,無,陰性
18127,50-59歲,女,無,陰性
18128,50-59歲,男,無,陰性
18129,40-49歲,男,二級,陽性
18130,30-39歲,男,無,陰性
18131,50-59歲,男,二級,陽性
18132,40-49歲,女,無,陰性
18133,60歲以上,男,無,陰性
18134,40-49歲,男,無,陰性
18135,30-39歲,男,無,陰性
18136,50-59歲,男,無,陰性
18137,50-59歲,男,無,陰性
18138,50-59歲,男,無,陰性
18139,50-59歲,男,無,陰性
18140,40-49歲,女,無,陰性
18141,30-39歲,男,無,陰性
18142,30-39歲,男,無,陰性
18143,20-29歲,男,無,陰性
18144,40-49歲,男,無,陰性
18145,30-39歲,女,二級,陽性
18146,20-29歲,男,無,陰性
18147,40-49歲,男,無,陰性
18148,40-49歲,男,無,陰性
18149,30-39歲,女,無,陰性
18150,40-49歲,男,無,陰性
18151,60歲以上,男,無,陰性
18152,40-49歲,男,無,陰性
18153,30-39歲,男,無,陰性
18154,50-59歲,男,無,陰性
18155,40-49歲,女,二級,陽性
18156,60歲以上,男,無,陰性
18157,50-59歲,男,無,陰性
18158,40-49歲,男,三級,陽性
18159,50-59歲,男,二級,陽性
18160,30-39歲,男,無,陰性
18161,50-59歲,男,無,陰性
18162,40-49歲,女,無,陰性
18163,50-59歲,男,無,陰性
18164,30-39歲,男,二級,陽性
18165,40-49歲,男,二級,陽性
18166,60歲以上,男,二級,陽性
18167,40-49歲,男,二級,陽性
18168,40-49歲,男,無,陰性
18169,50-59歲,男,無,陰性
18170,50-59歲,男,無,陰性
18171,40-49歲,男,無,陰性
18172,30-39歲,男,二級,陽性
18173,19歲以下,女,二級,陽性
18174,40-49歲,女,無,陰性
18175,50-59歲,男,無,陰性
18176,40-49歲,女,無,陰性
18177,30-39歲,男,無,陰性
18178,40-49歲,男,無,陰性
18179,60歲以上,男,一級,陽性
18180,50-59歲,女,無,陰性
18181,30-39歲,男,無,陰性
18182,40-49歲,男,一級,陽性
18183,60歲以上,男,無,陰性
18184,50-59歲,男,無,陰性
18185,50-59歲,男,無,陰性
18186,60歲以上,女,無,陰性
18187,30-39歲,女,無,陰性
18188,30-39歲,男,三級,陽性
18189,40-49歲,女,無,陰性
18190,40-49歲,男,無,陰性
18191,60歲以上,男,無,陰性
18192,50-59歲,男,無,陰性
18193,60歲以上,男,二級,陽性
18194,50-59歲,男,無,陰性
18195,20-29歲,男,二級,陽性
18196,40-49歲,男,無,陰性
18197,40-49歲,男,無,陰性
18198,40-49歲,男,無,陰性
18199,40-49歲,男,無,陰性
18200,50-59歲,女,無,陰性
18201,50-59歲,男,無,陰性
18202,50-59歲,男,無,陰性
18203,40-49歲,男,無,陰性
18204,60歲以上,男,無,陰性
18205,60歲以上,女,無,陰性
18206,40-49歲,女,無,陰性
18207,60歲以上,男,無,陰性
18208,40-49歲,男,無,陰性
18209,20-29歲,女,二級,陽性
18210,50-59歲,女,無,陰性
18211,40-49歲,男,無,陰性
18212,20-29歲,男,無,陰性
18213,50-59歲,男,無,陰性
18214,40-49歲,女,無,陰性
18215,40-49歲,女,無,陰性
18216,30-39歲,男,二級,陽性
18217,50-59歲,男,二級,陽性
18218,40-49歲,男,無,陰性
18219,40-49歲,男,二級,陽性
18220,19歲以下,男,無,陰性
18221,40-49歲,女,無,陰性
18222,60歲以上,女,無,陰性
18223,50-59歲,男,無,陰性
18224,40-49歲,女,無,陰性
18225,40-49歲,男,二級,陽性
18226,40-49歲,男,無,陰性
18227,50-59歲,男,無,陰性
18228,30-39歲,女,無,陰性
18229,50-59歲,男,無,陰性
18230,30-39歲,男,無,陰性
18231,50-59歲,男,無,陰性
18232,20-29歲,男,無,陰性
18233,30-39歲,男,無,陰性
18234,30-39歲,男,無,陰性
18235,40-49歲,男,無,陰性
18236,40-49歲,男,無,陰性
18237,40-49歲,男,無,陰性
18238,20-29歲,男,無,陰性
18239,40-49歲,男,無,陰性
18240,40-49歲,女,一級,陽性
18241,50-59歲,男,二級,陽性
18242,40-49歲,男,無,陰性
18243,20-29歲,男,無,陰性
18244,20-29歲,男,二級,陽性
18245,19歲以下,男,二級,陽性
18246,60歲以上,男,無,陰性
18247,40-49歲,男,二級,陽性
18248,50-59歲,男,無,陰性
18249,40-49歲,男,無,陰性
18250,50-59歲,男,無,陰性
18251,60歲以上,男,無,陰性
18252,40-49歲,女,無,陰性
18253,40-49歲,男,無,陰性
18254,40-49歲,男,無,陰性
18255,30-39歲,男,無,陰性
18256,60歲以上,男,無,陰性
18257,30-39歲,女,無,陰性
18258,50-59歲,男,無,陰性
18259,50-59歲,男,無,陰性
18260,40-49歲,男,無,陰性
18261,30-39歲,男,無,陰性
18262,50-59歲,男,無,陰性
18263,50-59歲,男,無,陰性
18264,50-59歲,男,三級,陽性
18265,40-49歲,男,一級,陽性
18266,50-59歲,男,無,陰性
18267,40-49歲,男,無,陰性
18268,50-59歲,女,無,陰性
18269,50-59歲,男,無,陰性
18270,20-29歲,男,無,陰性
18271,50-59歲,男,二級,陽性
18272,50-59歲,女,無,陰性
18273,50-59歲,男,無,陰性
18274,40-49歲,男,二級,陽性
18275,60歲以上,男,無,陰性
18276,50-59歲,男,無,陰性
18277,40-49歲,男,無,陰性
18278,50-59歲,女,無,陰性
18279,50-59歲,女,無,陰性
18280,50-59歲,男,無,陰性
18281,60歲以上,男,無,陰性
18282,50-59歲,男,二級,陽性
18283,30-39歲,男,無,陰性
18284,40-49歲,男,無,陰性
18285,40-49歲,男,二級,陽性
18286,30-39歲,男,無,陰性
18287,50-59歲,男,無,陰性
18288,40-49歲,男,無,陰性
18289,20-29歲,男,無,陰性
18290,40-49歲,男,無,陰性
18291,40-49歲,男,二級,陽性
18292,30-39歲,男,無,陰性
18293,40-49歲,女,無,陰性
18294,40-49歲,男,無,陰性
18295,30-39歲,男,無,陰性
18296,20-29歲,女,無,陰性
18297,50-59歲,男,無,陰性
18298,60歲以上,男,二級,陽性
18299,50-59歲,男,無,陰性
18300,40-49歲,男,無,陰性
18301,20-29歲,女,無,陰性
18302,19歲以下,女,無,陰性
18303,30-39歲,男,無,陰性
18304,60歲以上,女,無,陰性
18305,30-39歲,男,無,陰性
18306,50-59歲,男,無,陰性
18307,30-39歲,男,一級,陽性
18308,30-39歲,男,無,陰性
18309,30-39歲,男,無,陰性
18310,40-49歲,男,無,陰性
18311,50-59歲,男,無,陰性
18312,50-59歲,女,無,陰性
18313,30-39歲,女,二級,陽性
18314,19歲以下,男,無,陰性
18315,60歲以上,女,二級,陽性
18316,60歲以上,男,無,陰性
18317,50-59歲,男,二級,陽性
18318,60歲以上,男,無,陰性
18319,20-29歲,男,無,陰性
18320,30-39歲,男,無,陰性
18321,40-49歲,男,二級,陽性
18322,20-29歲,男,無,陰性
18323,30-39歲,男,一級,陽性
18324,40-49歲,男,無,陰性
18325,50-59歲,女,無,陰性
18326,50-59歲,男,無,陰性
18327,20-29歲,女,無,陰性
18328,60歲以上,男,無,陰性
18329,60歲以上,男,無,陰性
18330,30-39歲,男,二級,陽性
18331,60歲以上,男,無,陰性
18332,60歲以上,男,二級,陽性
18333,40-49歲,男,無,陰性
18334,40-49歲,男,無,陰性
18335,50-59歲,男,無,陰性
18336,50-59歲,男,二級,陽性
18337,30-39歲,男,無,陰性
18338,40-49歲,男,無,陰性
18339,50-59歲,男,無,陰性
18340,40-49歲,男,無,陰性
18341,50-59歲,男,二級,陽性
18342,40-49歲,男,無,陰性
18343,40-49歲,男,無,陰性
18344,40-49歲,男,無,陰性
18345,40-49歲,女,無,陰性
18346,40-49歲,女,無,陰性
18347,30-39歲,男,二級,陽性
18348,19歲以下,男,無,陰性
18349,30-39歲,男,二級,陽性
18350,40-49歲,男,無,陰性
18351,40-49歲,男,二級,陽性
18352,30-39歲,男,無,陰性
18353,50-59歲,男,無,陰性
18354,30-39歲,女,無,陰性
18355,50-59歲,男,二級,陽性
18356,60歲以上,男,無,陰性
18357,40-49歲,男,無,陰性
18358,50-59歲,男,無,陰性
18359,50-59歲,男,無,陰性
18360,50-59歲,男,無,陰性
18361,30-39歲,女,無,陰性
18362,50-59歲,男,無,陰性
18363,40-49歲,男,無,陰性
18364,30-39歲,男,無,陰性
18365,40-49歲,男,無,陰性
18366,40-49歲,男,無,陰性
18367,40-49歲,男,二級,陽性
18368,60歲以上,男,無,陰性
18369,20-29歲,女,無,陰性
18370,30-39歲,女,三級,陽性
18371,50-59歲,女,二級,陽性
18372,50-59歲,男,無,陰性
18373,60歲以上,男,無,陰性
18374,19歲以下,男,一級,陽性
18375,50-59歲,女,二級,陽性
18376,30-39歲,女,二級,陽性
18377,40-49歲,男,無,陰性
18378,20-29歲,男,無,陰性
18379,50-59歲,男,無,陰性
18380,40-49歲,男,無,陰性
18381,40-49歲,男,無,陰性
18382,60歲以上,男,三級,陽性
18383,50-59歲,男,三級,陽性
18384,50-59歲,男,二級,陽性
18385,30-39歲,男,無,陰性
18386,20-29歲,男,無,陰性
18387,30-39歲,男,無,陰性
18388,40-49歲,男,二級,陽性
18389,30-39歲,女,無,陰性
18390,40-49歲,男,無,陰性
18391,30-39歲,男,無,陰性
18392,60歲以上,男,無,陰性
18393,40-49歲,男,無,陰性
18394,20-29歲,男,一級,陽性
18395,50-59歲,男,無,陰性
18396,60歲以上,男,無,陰性
18397,20-29歲,男,二級,陽性
18398,40-49歲,女,無,陰性
18399,50-59歲,女,無,陰性
18400,30-39歲,男,無,陰性
18401,60歲以上,女,無,陰性
18402,40-49歲,女,無,陰性
18403,50-59歲,男,無,陰性
18404,19歲以下,男,無,陰性
18405,50-59歲,男,無,陰性
18406,19歲以下,男,無,陰性
18407,40-49歲,男,二級,陽性
18408,50-59歲,女,無,陰性
18409,50-59歲,男,二級,陽性
18410,30-39歲,男,無,陰性
18411,40-49歲,女,無,陰性
18412,50-59歲,男,無,陰性
18413,30-39歲,男,無,陰性
18414,40-49歲,女,無,陰性
18415,40-49歲,女,二級,陽性
18416,50-59歲,男,二級,陽性
18417,40-49歲,男,二級,陽性
18418,50-59歲,男,無,陰性
18419,40-49歲,女,二級,陽性
18420,30-39歲,男,無,陰性
18421,30-39歲,男,二級,陽性
18422,20-29歲,男,無,陰性
18423,50-59歲,男,無,陰性
18424,40-49歲,男,無,陰性
18425,40-49歲,女,無,陰性
18426,40-49歲,男,一級,陽性
18427,40-49歲,男,無,陰性
18428,40-49歲,男,無,陰性
18429,50-59歲,男,無,陰性
18430,20-29歲,男,無,陰性
18431,40-49歲,男,無,陰性
18432,50-59歲,女,無,陰性
18433,30-39歲,男,無,陰性
18434,40-49歲,男,無,陰性
18435,50-59歲,男,二級,陽性
18436,50-59歲,男,二級,陽性
18437,50-59歲,男,無,陰性
18438,50-59歲,男,無,陰性
18439,60歲以上,男,三級,陽性
18440,40-49歲,女,無,陰性
18441,40-49歲,男,一級,陽性
18442,60歲以上,男,二級,陽性
18443,19歲以下,男,無,陰性
18444,40-49歲,男,無,陰性
18445,30-39歲,男,無,陰性
18446,50-59歲,男,無,陰性
18447,60歲以上,女,無,陰性
18448,60歲以上,男,無,陰性
18449,40-49歲,男,無,陰性
18450,40-49歲,男,無,陰性
18451,60歲以上,女,無,陰性
18452,40-49歲,女,無,陰性
18453,50-59歲,男,二級,陽性
18454,50-59歲,女,無,陰性
18455,40-49歲,女,二級,陽性
18456,30-39歲,女,二級,陽性
18457,20-29歲,男,無,陰性
18458,50-59歲,男,一級,陽性
18459,50-59歲,男,無,陰性
18460,50-59歲,男,無,陰性
18461,40-49歲,男,無,陰性
18462,50-59歲,女,無,陰性
18463,40-49歲,男,無,陰性
18464,30-39歲,男,二級,陽性
18465,50-59歲,男,無,陰性
18466,40-49歲,男,無,陰性
18467,60歲以上,男,無,陰性
18468,60歲以上,男,無,陰性
18469,30-39歲,男,無,陰性
18470,40-49歲,男,無,陰性
18471,40-49歲,男,無,陰性
18472,20-29歲,男,二級,陽性
18473,60歲以上,男,二級,陽性
18474,60歲以上,男,無,陰性
18475,40-49歲,男,三級,陽性
18476,60歲以上,男,無,陰性
18477,60歲以上,男,無,陰性
18478,40-49歲,男,無,陰性
18479,50-59歲,女,二級,陽性
18480,50-59歲,男,二級,陽性
18481,60歲以上,男,無,陰性
18482,50-59歲,女,無,陰性
18483,60歲以上,男,無,陰性
18484,19歲以下,男,無,陰性
18485,60歲以上,男,無,陰性
18486,30-39歲,男,無,陰性
18487,50-59歲,男,無,陰性
18488,20-29歲,男,三級,陽性
18489,60歲以上,男,無,陰性
18490,50-59歲,女,無,陰性
18491,30-39歲,女,無,陰性
18492,40-49歲,男,無,陰性
18493,40-49歲,女,無,陰性
18494,60歲以上,男,無,陰性
18495,40-49歲,男,無,陰性
18496,30-39歲,男,無,陰性
18497,40-49歲,男,三級,陽性
18498,40-49歲,女,無,陰性
18499,60歲以上,男,二級,陽性
18500,50-59歲,男,無,陰性
18501,50-59歲,男,二級,陽性
18502,40-49歲,女,無,陰性
18503,20-29歲,男,無,陰性
18504,50-59歲,男,三級,陽性
18505,60歲以上,男,無,陰性
18506,50-59歲,男,無,陰性
18507,40-49歲,男,無,陰性
18508,40-49歲,男,無,陰性
18509,50-59歲,男,二級,陽性
18510,20-29歲,男,無,陰性
18511,40-49歲,男,無,陰性
18512,50-59歲,女,無,陰性
18513,40-49歲,男,二級,陽性
18514,40-49歲,男,無,陰性
18515,50-59歲,男,無,陰性
18516,20-29歲,男,無,陰性
18517,40-49歲,男,無,陰性
18518,30-39歲,男,無,陰性
18519,50-59歲,男,無,陰性
18520,40-49歲,男,無,陰性
18521,50-59歲,女,一級,陽性
18522,50-59歲,男,無,陰性
18523,40-49歲,男,無,陰性
18524,50-59歲,男,無,陰性
18525,40-49歲,男,無,陰性
18526,50-59歲,男,無,陰性
18527,20-29歲,女,無,陰性
18528,50-59歲,女,無,陰性
18529,30-39歲,男,無,陰性
18530,40-49歲,男,二級,陽性
18531,40-49歲,男,無,陰性
18532,40-49歲,男,無,陰性
18533,50-59歲,男,無,陰性
18534,50-59歲,男,無,陰性
18535,60歲以上,男,無,陰性
18536,30-39歲,男,三級,陽性
18537,30-39歲,男,無,陰性
18538,40-49歲,男,無,陰性
18539,50-59歲,男,無,陰性
18540,40-49歲,男,無,陰性
18541,50-59歲,男,無,陰性
18542,50-59歲,男,無,陰性
18543,30-39歲,女,無,陰性
18544,20-29歲,女,無,陰性
18545,20-29歲,男,一級,陽性
18546,30-39歲,男,無,陰性
18547,50-59歲,女,無,陰性
18548,19歲以下,男,無,陰性
18549,40-49歲,男,一級,陽性
18550,30-39歲,男,無,陰性
18551,30-39歲,男,無,陰性
18552,30-39歲,男,無,陰性
18553,40-49歲,男,三級,陽性
18554,30-39歲,男,二級,陽性
18555,40-49歲,女,二級,陽性
18556,40-49歲,男,無,陰性
18557,20-29歲,男,無,陰性
18558,20-29歲,男,二級,陽性
18559,40-49歲,男,無,陰性
18560,30-39歲,女,無,陰性
18561,60歲以上,女,二級,陽性
18562,20-29歲,男,無,陰性
18563,30-39歲,女,無,陰性
18564,40-49歲,男,二級,陽性
18565,19歲以下,男,無,陰性
18566,50-59歲,男,二級,陽性
18567,30-39歲,女,無,陰性
18568,40-49歲,男,二級,陽性
18569,40-49歲,男,無,陰性
18570,40-49歲,男,三級,陽性
18571,50-59歲,男,無,陰性
18572,50-59歲,男,無,陰性
18573,40-49歲,男,無,陰性
18574,30-39歲,男,無,陰性
18575,40-49歲,男,二級,陽性
18576,40-49歲,男,無,陰性
18577,40-49歲,男,三級,陽性
18578,50-59歲,男,無,陰性
18579,30-39歲,男,無,陰性
18580,30-39歲,男,無,陰性
18581,40-49歲,男,無,陰性
18582,40-49歲,男,二級,陽性
18583,40-49歲,男,二級,陽性
18584,50-59歲,男,二級,陽性
18585,50-59歲,男,無,陰性
18586,20-29歲,男,二級,陽性
18587,50-59歲,男,無,陰性
18588,50-59歲,男,無,陰性
18589,40-49歲,女,無,陰性
18590,30-39歲,男,二級,陽性
18591,50-59歲,男,無,陰性
18592,50-59歲,男,無,陰性
18593,60歲以上,女,無,陰性
18594,20-29歲,男,無,陰性
18595,50-59歲,男,二級,陽性
18596,40-49歲,男,無,陰性
18597,40-49歲,男,無,陰性
18598,50-59歲,男,無,陰性
18599,20-29歲,男,無,陰性
18600,60歲以上,女,三級,陽性
18601,40-49歲,男,二級,陽性
18602,50-59歲,男,無,陰性
18603,50-59歲,男,無,陰性
18604,30-39歲,男,無,陰性
18605,50-59歲,男,三級,陽性
18606,30-39歲,男,無,陰性
18607,50-59歲,男,無,陰性
18608,50-59歲,男,無,陰性
18609,40-49歲,男,無,陰性
18610,50-59歲,男,二級,陽性
18611,50-59歲,男,無,陰性
18612,40-49歲,男,無,陰性
18613,60歲以上,男,無,陰性
18614,60歲以上,男,無,陰性
18615,50-59歲,男,無,陰性
18616,60歲以上,男,無,陰性
18617,60歲以上,男,無,陰性
18618,40-49歲,女,無,陰性
18619,50-59歲,男,二級,陽性
18620,40-49歲,男,無,陰性
18621,40-49歲,女,無,陰性
18622,60歲以上,男,無,陰性
18623,60歲以上,女,無,陰性
18624,40-49歲,男,無,陰性
18625,19歲以下,男,無,陰性
18626,40-49歲,女,無,陰性
18627,50-59歲,男,無,陰性
18628,50-59歲,男,二級,陽性
18629,40-49歲,男,二級,陽性
18630,60歲以上,男,無,陰性
18631,50-59歲,男,無,陰性
18632,50-59歲,男,二級,陽性
18633,50-59歲,男,無,陰性
18634,50-59歲,男,無,陰性
18635,50-59歲,男,無,陰性
18636,40-49歲,男,無,陰性
18637,40-49歲,男,三級,陽性
18638,50-59歲,男,無,陰性
18639,30-39歲,男,無,陰性
18640,30-39歲,女,無,陰性
18641,50-59歲,男,無,陰性
18642,30-39歲,男,無,陰性
18643,50-59歲,男,無,陰性
18644,40-49歲,女,無,陰性
18645,30-39歲,男,無,陰性
18646,40-49歲,男,無,陰性
18647,40-49歲,男,二級,陽性
18648,30-39歲,女,無,陰性
18649,40-49歲,男,無,陰性
18650,20-29歲,女,無,陰性
18651,40-49歲,男,無,陰性
18652,50-59歲,男,無,陰性
18653,30-39歲,男,二級,陽性
18654,40-49歲,女,無,陰性
18655,40-49歲,男,無,陰性
18656,30-39歲,男,無,陰性
18657,50-59歲,男,無,陰性
18658,40-49歲,男,三級,陽性
18659,60歲以上,男,二級,陽性
18660,40-49歲,女,三級,陽性
18661,30-39歲,男,三級,陽性
18662,19歲以下,男,二級,陽性
18663,40-49歲,男,無,陰性
18664,30-39歲,男,一級,陽性
18665,50-59歲,男,無,陰性
18666,30-39歲,女,一級,陽性
18667,40-49歲,女,無,陰性
18668,30-39歲,男,二級,陽性
18669,40-49歲,女,一級,陽性
18670,30-39歲,男,無,陰性
18671,50-59歲,男,無,陰性
18672,40-49歲,男,二級,陽性
18673,40-49歲,男,無,陰性
18674,50-59歲,男,無,陰性
18675,40-49歲,男,無,陰性
18676,30-39歲,男,無,陰性
18677,40-49歲,男,二級,陽性
18678,60歲以上,男,無,陰性
18679,40-49歲,男,二級,陽性
18680,60歲以上,男,無,陰性
18681,40-49歲,男,無,陰性
18682,19歲以下,男,無,陰性
18683,40-49歲,男,無,陰性
18684,60歲以上,男,無,陰性
18685,50-59歲,男,無,陰性
18686,20-29歲,男,無,陰性
18687,40-49歲,男,無,陰性
18688,50-59歲,女,無,陰性
18689,50-59歲,男,無,陰性
18690,50-59歲,男,無,陰性
18691,40-49歲,男,無,陰性
18692,40-49歲,男,無,陰性
18693,50-59歲,女,無,陰性
18694,40-49歲,女,三級,陽性
18695,60歲以上,男,無,陰性
18696,20-29歲,女,一級,陽性
18697,40-49歲,男,無,陰性
18698,40-49歲,男,三級,陽性
18699,40-49歲,男,無,陰性
18700,20-29歲,男,無,陰性
18701,40-49歲,女,無,陰性
18702,30-39歲,男,無,陰性
18703,40-49歲,男,無,陰性
18704,50-59歲,男,三級,陽性
18705,50-59歲,女,無,陰性
18706,20-29歲,男,一級,陽性
18707,50-59歲,女,無,陰性
18708,40-49歲,女,無,陰性
18709,40-49歲,男,無,陰性
18710,40-49歲,男,二級,陽性
18711,50-59歲,男,無,陰性
18712,30-39歲,女,二級,陽性
18713,20-29歲,男,無,陰性
18714,40-49歲,男,無,陰性
18715,40-49歲,男,無,陰性
18716,40-49歲,男,無,陰性
18717,40-49歲,女,無,陰性
18718,40-49歲,女,無,陰性
18719,40-49歲,女,二級,陽性
18720,20-29歲,女,無,陰性
18721,50-59歲,男,無,陰性
18722,60歲以上,男,無,陰性
18723,50-59歲,女,三級,陽性
18724,50-59歲,男,無,陰性
18725,40-49歲,男,無,陰性
18726,30-39歲,男,無,陰性
18727,40-49歲,男,無,陰性
18728,40-49歲,男,無,陰性
18729,50-59歲,男,無,陰性
18730,40-49歲,女,無,陰性
18731,50-59歲,女,無,陰性
18732,40-49歲,男,無,陰性
18733,40-49歲,男,無,陰性
18734,40-49歲,男,無,陰性
18735,30-39歲,男,二級,陽性
18736,30-39歲,男,無,陰性
18737,40-49歲,男,三級,陽性
18738,40-49歲,男,無,陰性
18739,50-59歲,男,無,陰性
18740,50-59歲,女,無,陰性
18741,20-29歲,女,三級,陽性
18742,40-49歲,男,無,陰性
18743,40-49歲,男,無,陰性
18744,40-49歲,女,無,陰性
18745,50-59歲,男,無,陰性
18746,60歲以上,女,無,陰性
18747,30-39歲,男,一級,陽性
18748,60歲以上,女,二級,陽性
18749,50-59歲,男,無,陰性
18750,40-49歲,男,無,陰性
18751,50-59歲,男,無,陰性
18752,30-39歲,男,無,陰性
18753,40-49歲,男,一級,陽性
18754,40-49歲,男,無,陰性
18755,50-59歲,女,無,陰性
18756,20-29歲,男,無,陰性
18757,40-49歲,男,無,陰性
18758,50-59歲,男,無,陰性
18759,50-59歲,男,無,陰性
18760,50-59歲,男,無,陰性
18761,60歲以上,女,無,陰性
18762,50-59歲,女,無,陰性
18763,40-49歲,男,無,陰性
18764,50-59歲,男,二級,陽性
18765,60歲以上,男,無,陰性
18766,50-59歲,男,無,陰性
18767,40-49歲,女,無,陰性
18768,50-59歲,男,無,陰性
18769,50-59歲,男,無,陰性
18770,50-59歲,男,無,陰性
18771,30-39歲,女,無,陰性
18772,40-49歲,男,無,陰性
18773,40-49歲,男,無,陰性
18774,30-39歲,男,無,陰性
18775,40-49歲,女,無,陰性
18776,50-59歲,男,無,陰性
18777,50-59歲,男,無,陰性
18778,50-59歲,男,無,陰性
18779,40-49歲,男,無,陰性
18780,19歲以下,男,無,陰性
18781,40-49歲,男,無,陰性
18782,50-59歲,女,無,陰性
18783,30-39歲,女,二級,陽性
18784,40-49歲,女,一級,陽性
18785,50-59歲,男,無,陰性
18786,20-29歲,男,無,陰性
18787,30-39歲,男,無,陰性
18788,40-49歲,男,無,陰性
18789,30-39歲,女,二級,陽性
18790,30-39歲,男,無,陰性
18791,40-49歲,女,無,陰性
18792,40-49歲,男,無,陰性
18793,40-49歲,男,二級,陽性
18794,40-49歲,女,無,陰性
18795,30-39歲,女,無,陰性
18796,40-49歲,男,無,陰性
18797,60歲以上,男,無,陰性
18798,40-49歲,男,無,陰性
18799,40-49歲,男,無,陰性
18800,60歲以上,女,無,陰性
18801,40-49歲,男,無,陰性
18802,19歲以下,男,無,陰性
18803,20-29歲,男,無,陰性
18804,40-49歲,男,無,陰性
18805,40-49歲,女,無,陰性
18806,50-59歲,男,二級,陽性
18807,50-59歲,男,無,陰性
18808,40-49歲,男,無,陰性
18809,50-59歲,女,無,陰性
18810,20-29歲,男,無,陰性
18811,20-29歲,男,無,陰性
18812,30-39歲,男,無,陰性
18813,40-49歲,男,無,陰性
18814,30-39歲,男,無,陰性
18815,50-59歲,男,無,陰性
18816,20-29歲,男,無,陰性
18817,30-39歲,女,無,陰性
18818,40-49歲,男,無,陰性
18819,60歲以上,女,二級,陽性
18820,20-29歲,男,無,陰性
18821,60歲以上,男,無,陰性
18822,30-39歲,男,三級,陽性
18823,30-39歲,男,三級,陽性
18824,30-39歲,男,無,陰性
18825,50-59歲,男,二級,陽性
18826,50-59歲,男,無,陰性
18827,20-29歲,女,無,陰性
18828,20-29歲,男,二級,陽性
18829,60歲以上,男,二級,陽性
18830,40-49歲,男,無,陰性
18831,20-29歲,女,無,陰性
18832,40-49歲,男,無,陰性
18833,40-49歲,男,無,陰性
18834,40-49歲,女,無,陰性
18835,19歲以下,男,無,陰性
18836,40-49歲,女,三級,陽性
18837,40-49歲,男,無,陰性
18838,20-29歲,男,一級,陽性
18839,50-59歲,男,無,陰性
18840,50-59歲,男,無,陰性
18841,40-49歲,女,無,陰性
18842,19歲以下,男,二級,陽性
18843,50-59歲,男,一級,陽性
18844,40-49歲,男,無,陰性
18845,19歲以下,男,無,陰性
18846,60歲以上,男,無,陰性
18847,60歲以上,女,無,陰性
18848,50-59歲,男,無,陰性
18849,40-49歲,女,無,陰性
18850,50-59歲,男,無,陰性
18851,40-49歲,男,無,陰性
18852,20-29歲,男,無,陰性
18853,40-49歲,男,無,陰性
18854,40-49歲,男,無,陰性
18855,30-39歲,女,無,陰性
18856,50-59歲,男,無,陰性
18857,40-49歲,男,無,陰性
18858,30-39歲,男,無,陰性
18859,30-39歲,男,無,陰性
18860,40-49歲,女,無,陰性
18861,30-39歲,男,無,陰性
18862,30-39歲,男,二級,陽性
18863,50-59歲,男,無,陰性
18864,40-49歲,男,無,陰性
18865,60歲以上,男,二級,陽性
18866,30-39歲,男,無,陰性
18867,40-49歲,男,無,陰性
18868,60歲以上,男,無,陰性
18869,40-49歲,男,二級,陽性
18870,40-49歲,男,無,陰性
18871,40-49歲,男,二級,陽性
18872,50-59歲,男,無,陰性
18873,50-59歲,男,二級,陽性
18874,40-49歲,男,無,陰性
18875,50-59歲,男,二級,陽性
18876,30-39歲,男,無,陰性
18877,30-39歲,男,無,陰性
18878,30-39歲,男,無,陰性
18879,40-49歲,男,無,陰性
18880,30-39歲,男,無,陰性
18881,20-29歲,男,無,陰性
18882,19歲以下,男,三級,陽性
18883,30-39歲,男,二級,陽性
18884,40-49歲,女,無,陰性
18885,40-49歲,男,無,陰性
18886,20-29歲,男,無,陰性
18887,30-39歲,男,無,陰性
18888,60歲以上,女,無,陰性
18889,30-39歲,男,無,陰性
18890,60歲以上,女,無,陰性
18891,20-29歲,女,無,陰性
18892,30-39歲,男,二級,陽性
18893,40-49歲,男,無,陰性
18894,30-39歲,男,無,陰性
18895,50-59歲,女,無,陰性
18896,20-29歲,男,無,陰性
18897,40-49歲,男,二級,陽性
18898,50-59歲,男,一級,陽性
18899,50-59歲,男,二級,陽性
18900,30-39歲,男,無,陰性
18901,50-59歲,男,無,陰性
18902,30-39歲,男,無,陰性
18903,50-59歲,男,無,陰性
18904,30-39歲,女,三級,陽性
18905,40-49歲,男,無,陰性
18906,30-39歲,女,無,陰性
18907,40-49歲,男,三級,陽性
18908,20-29歲,男,二級,陽性
18909,50-59歲,男,無,陰性
18910,30-39歲,男,無,陰性
18911,60歲以上,男,二級,陽性
18912,40-49歲,男,二級,陽性
18913,60歲以上,女,無,陰性
18914,40-49歲,女,無,陰性
18915,20-29歲,男,二級,陽性
18916,40-49歲,男,二級,陽性
18917,40-49歲,男,無,陰性
18918,60歲以上,男,無,陰性
18919,60歲以上,男,無,陰性
18920,30-39歲,男,無,陰性
18921,60歲以上,女,無,陰性
18922,20-29歲,男,二級,陽性
18923,40-49歲,男,無,陰性
18924,40-49歲,男,無,陰性
18925,40-49歲,男,無,陰性
18926,40-49歲,女,無,陰性
18927,40-49歲,男,無,陰性
18928,20-29歲,男,三級,陽性
18929,30-39歲,男,無,陰性
18930,50-59歲,男,二級,陽性
18931,30-39歲,男,無,陰性
18932,30-39歲,男,無,陰性
18933,30-39歲,男,無,陰性
18934,40-49歲,男,無,陰性
18935,50-59歲,女,無,陰性
18936,50-59歲,男,無,陰性
18937,40-49歲,男,無,陰性
18938,19歲以下,男,無,陰性
18939,30-39歲,男,無,陰性
18940,20-29歲,男,二級,陽性
18941,60歲以上,男,無,陰性
18942,40-49歲,男,無,陰性
18943,60歲以上,男,無,陰性
18944,40-49歲,男,無,陰性
18945,50-59歲,男,無,陰性
18946,60歲以上,女,無,陰性
18947,60歲以上,男,無,陰性
18948,40-49歲,男,無,陰性
18949,50-59歲,男,二級,陽性
18950,40-49歲,男,一級,陽性
18951,20-29歲,男,無,陰性
18952,40-49歲,男,無,陰性
18953,60歲以上,男,無,陰性
18954,50-59歲,女,無,陰性
18955,40-49歲,男,二級,陽性
18956,50-59歲,男,無,陰性
18957,40-49歲,男,無,陰性
18958,50-59歲,男,無,陰性
18959,60歲以上,男,無,陰性
18960,40-49歲,女,三級,陽性
18961,40-49歲,女,無,陰性
18962,50-59歲,男,無,陰性
18963,60歲以上,女,無,陰性
18964,50-59歲,男,無,陰性
18965,40-49歲,男,無,陰性
18966,40-49歲,男,二級,陽性
18967,40-49歲,男,無,陰性
18968,20-29歲,男,二級,陽性
18969,60歲以上,男,二級,陽性
18970,30-39歲,男,無,陰性
18971,20-29歲,女,無,陰性
18972,40-49歲,男,無,陰性
18973,40-49歲,男,二級,陽性
18974,50-59歲,男,無,陰性
18975,30-39歲,男,二級,陽性
18976,50-59歲,女,二級,陽性
18977,50-59歲,男,無,陰性
18978,19歲以下,男,無,陰性
18979,40-49歲,男,無,陰性
18980,40-49歲,男,無,陰性
18981,60歲以上,男,無,陰性
18982,60歲以上,男,無,陰性
18983,20-29歲,男,無,陰性
18984,40-49歲,女,無,陰性
18985,30-39歲,男,無,陰性
18986,40-49歲,男,無,陰性
18987,30-39歲,男,二級,陽性
18988,40-49歲,男,二級,陽性
18989,20-29歲,男,無,陰性
18990,30-39歲,男,無,陰性
18991,60歲以上,男,無,陰性
18992,60歲以上,男,無,陰性
18993,60歲以上,女,無,陰性
18994,50-59歲,男,無,陰性
18995,40-49歲,男,二級,陽性
18996,50-59歲,男,三級,陽性
18997,40-49歲,男,無,陰性
18998,19歲以下,男,二級,陽性
18999,50-59歲,女,無,陰性
19000,40-49歲,男,二級,陽性
19001,30-39歲,男,無,陰性
19002,60歲以上,男,無,陰性
19003,30-39歲,男,無,陰性
19004,40-49歲,男,無,陰性
19005,20-29歲,男,無,陰性
19006,40-49歲,女,一級,陽性
19007,50-59歲,女,無,陰性
19008,30-39歲,男,無,陰性
19009,40-49歲,男,無,陰性
19010,40-49歲,男,二級,陽性
19011,40-49歲,男,無,陰性
19012,20-29歲,男,無,陰性
19013,60歲以上,男,無,陰性
19014,40-49歲,男,無,陰性
19015,60歲以上,男,無,陰性
19016,60歲以上,女,無,陰性
19017,40-49歲,女,二級,陽性
19018,50-59歲,男,無,陰性
19019,50-59歲,男,二級,陽性
19020,40-49歲,女,無,陰性
19021,20-29歲,男,二級,陽性
19022,50-59歲,男,無,陰性
19023,60歲以上,男,無,陰性
19024,50-59歲,男,無,陰性
19025,30-39歲,男,無,陰性
19026,50-59歲,男,一級,陽性
19027,40-49歲,男,無,陰性
19028,30-39歲,男,無,陰性
19029,40-49歲,男,二級,陽性
19030,20-29歲,男,無,陰性
19031,50-59歲,男,無,陰性
19032,20-29歲,女,無,陰性
19033,40-49歲,男,二級,陽性
19034,20-29歲,女,無,陰性
19035,30-39歲,男,一級,陽性
19036,19歲以下,男,無,陰性
19037,50-59歲,女,無,陰性
19038,40-49歲,男,無,陰性
19039,40-49歲,男,無,陰性
19040,20-29歲,男,二級,陽性
19041,50-59歲,男,二級,陽性
19042,30-39歲,男,無,陰性
19043,60歲以上,女,無,陰性
19044,30-39歲,男,無,陰性
19045,20-29歲,男,無,陰性
19046,50-59歲,男,無,陰性
19047,40-49歲,男,無,陰性
19048,50-59歲,男,無,陰性
19049,50-59歲,男,無,陰性
19050,60歲以上,女,一級,陽性
19051,20-29歲,女,無,陰性
19052,50-59歲,男,無,陰性
19053,20-29歲,男,二級,陽性
19054,30-39歲,男,無,陰性
19055,40-49歲,男,無,陰性
19056,40-49歲,男,無,陰性
19057,20-29歲,男,無,陰性
19058,30-39歲,女,無,陰性
19059,40-49歲,男,無,陰性
19060,40-49歲,男,無,陰性
19061,20-29歲,女,二級,陽性
19062,50-59歲,男,無,陰性
19063,40-49歲,男,二級,陽性
19064,30-39歲,男,無,陰性
19065,40-49歲,男,二級,陽性
19066,40-49歲,男,無,陰性
19067,20-29歲,男,無,陰性
19068,50-59歲,男,無,陰性
19069,50-59歲,男,無,陰性
19070,50-59歲,男,無,陰性
19071,40-49歲,男,無,陰性
19072,30-39歲,男,無,陰性
19073,50-59歲,女,一級,陽性
19074,50-59歲,男,無,陰性
19075,40-49歲,男,無,陰性
19076,30-39歲,男,無,陰性
19077,40-49歲,男,無,陰性
19078,40-49歲,女,無,陰性
19079,19歲以下,女,二級,陽性
19080,40-49歲,男,無,陰性
19081,19歲以下,男,無,陰性
19082,40-49歲,男,無,陰性
19083,19歲以下,男,二級,陽性
19084,40-49歲,男,無,陰性
19085,50-59歲,男,無,陰性
19086,40-49歲,男,無,陰性
19087,30-39歲,男,無,陰性
19088,50-59歲,女,無,陰性
19089,50-59歲,男,二級,陽性
19090,40-49歲,男,一級,陽性
19091,40-49歲,男,無,陰性
19092,50-59歲,男,無,陰性
19093,60歲以上,男,無,陰性
19094,60歲以上,男,無,陰性
19095,40-49歲,男,二級,陽性
19096,60歲以上,男,無,陰性
19097,40-49歲,男,無,陰性
19098,60歲以上,男,無,陰性
19099,30-39歲,女,無,陰性
19100,20-29歲,男,無,陰性
19101,40-49歲,男,無,陰性
19102,50-59歲,男,無,陰性
19103,30-39歲,男,無,陰性
19104,30-39歲,男,無,陰性
19105,40-49歲,男,無,陰性
19106,60歲以上,男,無,陰性
19107,40-49歲,男,無,陰性
19108,60歲以上,男,二級,陽性
19109,20-29歲,男,無,陰性
19110,50-59歲,女,無,陰性
19111,50-59歲,男,無,陰性
19112,30-39歲,男,無,陰性
19113,60歲以上,女,無,陰性
19114,50-59歲,男,二級,陽性
19115,50-59歲,男,二級,陽性
19116,30-39歲,男,二級,陽性
19117,40-49歲,男,無,陰性
19118,50-59歲,男,二級,陽性
19119,40-49歲,男,無,陰性
19120,40-49歲,男,無,陰性
19121,50-59歲,男,無,陰性
19122,19歲以下,女,無,陰性
19123,50-59歲,男,無,陰性
19124,40-49歲,男,無,陰性
19125,40-49歲,男,無,陰性
19126,50-59歲,男,無,陰性
19127,30-39歲,男,無,陰性
19128,40-49歲,女,三級,陽性
19129,50-59歲,男,無,陰性
19130,40-49歲,男,無,陰性
19131,30-39歲,女,無,陰性
19132,20-29歲,女,無,陰性
19133,30-39歲,男,二級,陽性
19134,60歲以上,女,無,陰性
19135,40-49歲,男,無,陰性
19136,50-59歲,男,無,陰性
19137,50-59歲,男,無,陰性
19138,40-49歲,女,無,陰性
19139,50-59歲,男,三級,陽性
19140,30-39歲,男,無,陰性
19141,40-49歲,男,三級,陽性
19142,19歲以下,男,一級,陽性
19143,50-59歲,男,無,陰性
19144,50-59歲,男,無,陰性
19145,30-39歲,男,三級,陽性
19146,40-49歲,男,無,陰性
19147,40-49歲,男,無,陰性
19148,19歲以下,男,無,陰性
19149,40-49歲,男,無,陰性
19150,60歲以上,男,無,陰性
19151,40-49歲,男,三級,陽性
19152,40-49歲,男,無,陰性
19153,20-29歲,男,無,陰性
19154,20-29歲,男,無,陰性
19155,40-49歲,男,二級,陽性
19156,40-49歲,男,無,陰性
19157,30-39歲,男,無,陰性
19158,40-49歲,男,無,陰性
19159,50-59歲,男,無,陰性
19160,19歲以下,男,二級,陽性
19161,40-49歲,男,無,陰性
19162,50-59歲,男,無,陰性
19163,30-39歲,男,一級,陽性
19164,50-59歲,男,無,陰性
19165,50-59歲,女,無,陰性
19166,50-59歲,女,二級,陽性
19167,40-49歲,男,無,陰性
19168,40-49歲,男,無,陰性
19169,40-49歲,男,二級,陽性
19170,30-39歲,男,二級,陽性
19171,60歲以上,男,無,陰性
19172,40-49歲,男,一級,陽性
19173,40-49歲,女,一級,陽性
19174,60歲以上,男,二級,陽性
19175,19歲以下,女,無,陰性
19176,19歲以下,男,無,陰性
19177,50-59歲,男,二級,陽性
19178,50-59歲,男,無,陰性
19179,50-59歲,男,無,陰性
19180,50-59歲,男,三級,陽性
19181,19歲以下,男,無,陰性
19182,40-49歲,男,無,陰性
19183,50-59歲,男,無,陰性
19184,40-49歲,男,無,陰性
19185,40-49歲,女,無,陰性
19186,30-39歲,男,二級,陽性
19187,40-49歲,男,二級,陽性
19188,40-49歲,男,無,陰性
19189,30-39歲,男,無,陰性
19190,50-59歲,男,二級,陽性
19191,60歲以上,男,無,陰性
19192,30-39歲,男,無,陰性
19193,40-49歲,男,無,陰性
19194,50-59歲,男,三級,陽性
19195,50-59歲,女,二級,陽性
19196,50-59歲,男,無,陰性
19197,30-39歲,男,無,陰性
19198,50-59歲,男,一級,陽性
19199,40-49歲,男,無,陰性
19200,40-49歲,男,無,陰性
19201,40-49歲,男,二級,陽性
19202,40-49歲,女,無,陰性
19203,60歲以上,男,二級,陽性
19204,40-49歲,男,無,陰性
19205,50-59歲,男,無,陰性
19206,30-39歲,女,無,陰性
19207,20-29歲,男,無,陰性
19208,40-49歲,男,三級,陽性
19209,50-59歲,男,無,陰性
19210,30-39歲,女,無,陰性
19211,40-49歲,女,無,陰性
19212,60歲以上,男,無,陰性
19213,40-49歲,男,無,陰性
19214,40-49歲,男,二級,陽性
19215,40-49歲,男,無,陰性
19216,20-29歲,男,無,陰性
19217,30-39歲,男,無,陰性
19218,40-49歲,女,無,陰性
19219,40-49歲,女,無,陰性
19220,40-49歲,男,無,陰性
19221,50-59歲,男,無,陰性
19222,40-49歲,男,無,陰性
19223,30-39歲,女,二級,陽性
19224,30-39歲,男,一級,陽性
19225,30-39歲,男,無,陰性
19226,40-49歲,女,無,陰性
19227,40-49歲,女,無,陰性
19228,40-49歲,男,無,陰性
19229,50-59歲,男,無,陰性
19230,20-29歲,男,無,陰性
19231,50-59歲,男,無,陰性
19232,50-59歲,女,無,陰性
19233,60歲以上,男,無,陰性
19234,30-39歲,男,無,陰性
19235,50-59歲,女,無,陰性
19236,20-29歲,男,無,陰性
19237,40-49歲,男,無,陰性
19238,40-49歲,男,無,陰性
19239,50-59歲,男,無,陰性
19240,40-49歲,男,無,陰性
19241,50-59歲,男,二級,陽性
19242,30-39歲,男,無,陰性
19243,40-49歲,男,無,陰性
19244,30-39歲,男,無,陰性
19245,30-39歲,男,無,陰性
19246,40-49歲,女,無,陰性
19247,20-29歲,男,無,陰性
19248,50-59歲,女,無,陰性
19249,40-49歲,男,無,陰性
19250,30-39歲,男,無,陰性
19251,40-49歲,男,二級,陽性
19252,50-59歲,男,無,陰性
19253,40-49歲,男,無,陰性
19254,50-59歲,男,無,陰性
19255,20-29歲,男,二級,陽性
19256,50-59歲,男,無,陰性
19257,20-29歲,女,無,陰性
19258,40-49歲,男,三級,陽性
19259,50-59歲,男,無,陰性
19260,50-59歲,男,二級,陽性
19261,20-29歲,男,無,陰性
19262,30-39歲,男,無,陰性
19263,40-49歲,男,無,陰性
19264,50-59歲,男,一級,陽性
19265,40-49歲,男,無,陰性
19266,50-59歲,男,無,陰性
19267,40-49歲,男,無,陰性
19268,40-49歲,男,無,陰性
19269,50-59歲,男,無,陰性
19270,50-59歲,男,無,陰性
19271,40-49歲,男,三級,陽性
19272,30-39歲,男,無,陰性
19273,40-49歲,女,無,陰性
19274,50-59歲,男,無,陰性
19275,40-49歲,男,二級,陽性
19276,30-39歲,男,無,陰性
19277,40-49歲,男,無,陰性
19278,30-39歲,男,無,陰性
19279,50-59歲,男,二級,陽性
19280,40-49歲,男,二級,陽性
19281,40-49歲,男,一級,陽性
19282,30-39歲,男,二級,陽性
19283,30-39歲,男,無,陰性
19284,40-49歲,女,三級,陽性
19285,40-49歲,男,無,陰性
19286,50-59歲,男,無,陰性
19287,60歲以上,男,無,陰性
19288,40-49歲,男,無,陰性
19289,40-49歲,男,無,陰性
19290,30-39歲,男,無,陰性
19291,40-49歲,男,無,陰性
19292,20-29歲,男,無,陰性
19293,40-49歲,女,無,陰性
19294,20-29歲,男,無,陰性
19295,30-39歲,男,無,陰性
19296,40-49歲,女,無,陰性
19297,60歲以上,男,二級,陽性
19298,40-49歲,女,無,陰性
19299,20-29歲,男,無,陰性
19300,20-29歲,男,無,陰性
19301,40-49歲,男,無,陰性
19302,30-39歲,男,二級,陽性
19303,50-59歲,男,無,陰性
19304,40-49歲,女,無,陰性
19305,50-59歲,男,二級,陽性
19306,20-29歲,女,二級,陽性
19307,50-59歲,男,無,陰性
19308,40-49歲,男,二級,陽性
19309,30-39歲,女,無,陰性
19310,40-49歲,男,無,陰性
19311,30-39歲,男,無,陰性
19312,30-39歲,男,二級,陽性
19313,50-59歲,男,無,陰性
19314,50-59歲,男,無,陰性
19315,50-59歲,男,二級,陽性
19316,30-39歲,男,無,陰性
19317,50-59歲,女,三級,陽性
19318,30-39歲,男,無,陰性
19319,50-59歲,男,無,陰性
19320,30-39歲,男,三級,陽性
19321,50-59歲,男,無,陰性
19322,30-39歲,男,無,陰性
19323,40-49歲,男,二級,陽性
19324,50-59歲,男,無,陰性
19325,40-49歲,男,無,陰性
19326,40-49歲,男,無,陰性
19327,50-59歲,男,無,陰性
19328,60歲以上,男,無,陰性
19329,50-59歲,男,無,陰性
19330,40-49歲,男,無,陰性
19331,50-59歲,男,二級,陽性
19332,30-39歲,女,無,陰性
19333,30-39歲,女,二級,陽性
19334,50-59歲,男,三級,陽性
19335,40-49歲,男,無,陰性
19336,40-49歲,男,無,陰性
19337,40-49歲,男,二級,陽性
19338,50-59歲,男,二級,陽性
19339,50-59歲,女,無,陰性
19340,40-49歲,女,無,陰性
19341,30-39歲,男,無,陰性
19342,40-49歲,男,無,陰性
19343,60歲以上,男,無,陰性
19344,20-29歲,男,無,陰性
19345,20-29歲,男,無,陰性
19346,50-59歲,男,二級,陽性
19347,30-39歲,女,二級,陽性
19348,50-59歲,男,無,陰性
19349,50-59歲,男,無,陰性
19350,40-49歲,男,無,陰性
19351,50-59歲,男,無,陰性
19352,30-39歲,男,無,陰性
19353,40-49歲,男,二級,陽性
19354,19歲以下,女,無,陰性
19355,40-49歲,男,二級,陽性
19356,40-49歲,男,無,陰性
19357,40-49歲,男,二級,陽性
19358,30-39歲,女,無,陰性
19359,20-29歲,男,二級,陽性
19360,60歲以上,男,無,陰性
19361,50-59歲,男,無,陰性
19362,50-59歲,女,無,陰性
19363,19歲以下,男,無,陰性
19364,30-39歲,男,無,陰性
19365,40-49歲,男,二級,陽性
19366,20-29歲,男,二級,陽性
19367,50-59歲,男,三級,陽性
19368,20-29歲,女,無,陰性
19369,40-49歲,男,一級,陽性
19370,40-49歲,男,無,陰性
19371,50-59歲,男,無,陰性
19372,19歲以下,男,無,陰性
19373,50-59歲,女,無,陰性
19374,40-49歲,男,二級,陽性
19375,50-59歲,男,無,陰性
19376,40-49歲,男,無,陰性
19377,30-39歲,男,無,陰性
19378,40-49歲,男,無,陰性
19379,40-49歲,女,一級,陽性
19380,60歲以上,男,無,陰性
19381,20-29歲,男,無,陰性
19382,50-59歲,男,三級,陽性
19383,60歲以上,女,無,陰性
19384,40-49歲,男,無,陰性
19385,40-49歲,男,無,陰性
19386,30-39歲,男,無,陰性
19387,50-59歲,男,無,陰性
19388,30-39歲,女,二級,陽性
19389,40-49歲,女,無,陰性
19390,19歲以下,女,無,陰性
19391,50-59歲,男,無,陰性
19392,40-49歲,男,無,陰性
19393,50-59歲,男,二級,陽性
19394,40-49歲,男,二級,陽性
19395,30-39歲,女,無,陰性
19396,50-59歲,男,無,陰性
19397,60歲以上,男,三級,陽性
19398,50-59歲,男,無,陰性
19399,30-39歲,男,無,陰性
19400,19歲以下,男,無,陰性
19401,50-59歲,男,三級,陽性
19402,40-49歲,女,無,陰性
19403,19歲以下,男,無,陰性
19404,30-39歲,男,無,陰性
19405,50-59歲,男,無,陰性
19406,30-39歲,男,無,陰性
19407,60歲以上,女,無,陰性
19408,40-49歲,男,無,陰性
19409,40-49歲,男,無,陰性
19410,30-39歲,女,無,陰性
19411,60歲以上,男,無,陰性
19412,50-59歲,男,無,陰性
19413,60歲以上,男,二級,陽性
19414,30-39歲,男,無,陰性
19415,30-39歲,男,無,陰性
19416,30-39歲,男,二級,陽性
19417,30-39歲,男,無,陰性
19418,30-39歲,男,無,陰性
19419,60歲以上,男,無,陰性
19420,30-39歲,女,一級,陽性
19421,40-49歲,女,二級,陽性
19422,40-49歲,男,二級,陽性
19423,40-49歲,男,無,陰性
19424,40-49歲,男,無,陰性
19425,19歲以下,男,無,陰性
19426,40-49歲,男,二級,陽性
19427,40-49歲,男,二級,陽性
19428,50-59歲,男,無,陰性
19429,20-29歲,女,無,陰性
19430,50-59歲,男,無,陰性
19431,40-49歲,男,無,陰性
19432,30-39歲,男,無,陰性
19433,50-59歲,男,無,陰性
19434,40-49歲,男,二級,陽性
19435,40-49歲,男,無,陰性
19436,50-59歲,女,二級,陽性
19437,19歲以下,男,無,陰性
19438,40-49歲,男,一級,陽性
19439,50-59歲,男,無,陰性
19440,60歲以上,男,無,陰性
19441,40-49歲,女,無,陰性
19442,30-39歲,男,二級,陽性
19443,50-59歲,男,三級,陽性
19444,40-49歲,男,無,陰性
19445,40-49歲,男,無,陰性
19446,50-59歲,男,無,陰性
19447,30-39歲,男,無,陰性
19448,40-49歲,男,無,陰性
19449,30-39歲,男,無,陰性
19450,50-59歲,男,二級,陽性
19451,40-49歲,男,無,陰性
19452,40-49歲,男,無,陰性
19453,50-59歲,男,二級,陽性
19454,50-59歲,男,無,陰性
19455,40-49歲,男,二級,陽性
19456,60歲以上,男,二級,陽性
19457,20-29歲,男,三級,陽性
19458,40-49歲,男,二級,陽性
19459,30-39歲,男,無,陰性
19460,50-59歲,男,無,陰性
19461,40-49歲,男,無,陰性
19462,19歲以下,男,無,陰性
19463,40-49歲,男,無,陰性
19464,50-59歲,男,二級,陽性
19465,40-49歲,男,無,陰性
19466,50-59歲,男,二級,陽性
19467,20-29歲,男,無,陰性
19468,40-49歲,女,無,陰性
19469,40-49歲,男,無,陰性
19470,40-49歲,男,無,陰性
19471,40-49歲,女,無,陰性
19472,50-59歲,男,二級,陽性
19473,50-59歲,男,無,陰性
19474,40-49歲,男,無,陰性
19475,60歲以上,男,無,陰性
19476,30-39歲,女,無,陰性
19477,40-49歲,女,無,陰性
19478,30-39歲,男,無,陰性
19479,40-49歲,女,無,陰性
19480,30-39歲,女,無,陰性
19481,40-49歲,男,二級,陽性
19482,50-59歲,男,無,陰性
19483,50-59歲,男,無,陰性
19484,50-59歲,男,無,陰性
19485,60歲以上,男,無,陰性
19486,40-49歲,男,無,陰性
19487,30-39歲,女,無,陰性
19488,40-49歲,男,無,陰性
19489,40-49歲,男,無,陰性
19490,50-59歲,男,無,陰性
19491,30-39歲,女,無,陰性
19492,20-29歲,男,無,陰性
19493,30-39歲,男,無,陰性
19494,40-49歲,女,無,陰性
19495,40-49歲,男,無,陰性
19496,40-49歲,男,一級,陽性
19497,60歲以上,女,三級,陽性
19498,50-59歲,男,無,陰性
19499,60歲以上,男,無,陰性
19500,30-39歲,男,無,陰性
19501,30-39歲,男,無,陰性
19502,50-59歲,男,無,陰性
19503,50-59歲,男,無,陰性
19504,30-39歲,男,無,陰性
19505,19歲以下,男,無,陰性
19506,30-39歲,女,無,陰性
19507,30-39歲,女,二級,陽性
19508,50-59歲,男,二級,陽性
19509,50-59歲,男,無,陰性
19510,20-29歲,男,無,陰性
19511,30-39歲,男,一級,陽性
19512,19歲以下,男,無,陰性
19513,60歲以上,男,無,陰性
19514,50-59歲,男,無,陰性
19515,20-29歲,男,無,陰性
19516,40-49歲,女,無,陰性
19517,40-49歲,男,二級,陽性
19518,50-59歲,男,無,陰性
19519,30-39歲,男,無,陰性
19520,30-39歲,男,無,陰性
19521,30-39歲,男,無,陰性
19522,20-29歲,男,無,陰性
19523,40-49歲,男,無,陰性
19524,50-59歲,女,無,陰性
19525,50-59歲,男,無,陰性
19526,40-49歲,男,無,陰性
19527,60歲以上,男,無,陰性
19528,30-39歲,男,無,陰性
19529,50-59歲,男,無,陰性
19530,40-49歲,男,無,陰性
19531,50-59歲,女,無,陰性
19532,30-39歲,男,無,陰性
19533,40-49歲,男,無,陰性
19534,40-49歲,男,二級,陽性
19535,20-29歲,女,無,陰性
19536,60歲以上,男,二級,陽性
19537,50-59歲,女,二級,陽性
19538,30-39歲,男,無,陰性
19539,40-49歲,男,無,陰性
19540,40-49歲,男,無,陰性
19541,40-49歲,男,無,陰性
19542,40-49歲,男,無,陰性
19543,40-49歲,男,無,陰性
19544,60歲以上,男,無,陰性
19545,40-49歲,男,無,陰性
19546,50-59歲,男,三級,陽性
19547,20-29歲,男,無,陰性
19548,30-39歲,男,無,陰性
19549,19歲以下,男,無,陰性
19550,50-59歲,男,無,陰性
19551,20-29歲,男,無,陰性
19552,40-49歲,男,二級,陽性
19553,30-39歲,男,二級,陽性
19554,30-39歲,男,無,陰性
19555,50-59歲,男,無,陰性
19556,40-49歲,男,無,陰性
19557,60歲以上,男,無,陰性
19558,40-49歲,女,無,陰性
19559,50-59歲,男,無,陰性
19560,40-49歲,男,無,陰性
19561,60歲以上,男,無,陰性
19562,50-59歲,男,無,陰性
19563,50-59歲,男,無,陰性
19564,50-59歲,女,無,陰性
19565,40-49歲,女,無,陰性
19566,60歲以上,女,二級,陽性
19567,19歲以下,男,無,陰性
19568,30-39歲,男,二級,陽性
19569,20-29歲,男,三級,陽性
19570,60歲以上,男,無,陰性
19571,50-59歲,男,無,陰性
19572,30-39歲,男,三級,陽性
19573,40-49歲,男,無,陰性
19574,30-39歲,男,無,陰性
19575,30-39歲,男,無,陰性
19576,20-29歲,男,無,陰性
19577,40-49歲,男,二級,陽性
19578,40-49歲,女,三級,陽性
19579,50-59歲,男,無,陰性
19580,30-39歲,男,無,陰性
19581,40-49歲,男,一級,陽性
19582,50-59歲,男,無,陰性
19583,60歲以上,男,無,陰性
19584,40-49歲,男,無,陰性
19585,20-29歲,女,無,陰性
19586,20-29歲,男,無,陰性
19587,30-39歲,男,無,陰性
19588,40-49歲,男,無,陰性
19589,30-39歲,女,無,陰性
19590,40-49歲,男,一級,陽性
19591,40-49歲,男,無,陰性
19592,40-49歲,男,無,陰性
19593,40-49歲,男,三級,陽性
19594,40-49歲,男,無,陰性
19595,60歲以上,男,無,陰性
19596,40-49歲,男,無,陰性
19597,50-59歲,男,無,陰性
19598,50-59歲,男,一級,陽性
19599,19歲以下,男,無,陰性
19600,60歲以上,女,二級,陽性
19601,50-59歲,男,無,陰性
19602,30-39歲,男,無,陰性
19603,40-49歲,男,無,陰性
19604,40-49歲,男,無,陰性
19605,30-39歲,男,無,陰性
19606,60歲以上,男,無,陰性
19607,50-59歲,男,無,陰性
19608,40-49歲,男,無,陰性
19609,40-49歲,男,無,陰性
19610,50-59歲,女,無,陰性
19611,40-49歲,男,無,陰性
19612,50-59歲,男,二級,陽性
19613,20-29歲,男,無,陰性
19614,30-39歲,男,無,陰性
19615,50-59歲,男,三級,陽性
19616,60歲以上,女,無,陰性
19617,60歲以上,男,二級,陽性
19618,60歲以上,男,無,陰性
19619,60歲以上,男,無,陰性
19620,40-49歲,男,無,陰性
19621,50-59歲,男,無,陰性
19622,50-59歲,男,無,陰性
19623,50-59歲,男,二級,陽性
19624,30-39歲,男,無,陰性
19625,40-49歲,男,無,陰性
19626,40-49歲,男,無,陰性
19627,40-49歲,女,無,陰性
19628,40-49歲,男,無,陰性
19629,40-49歲,男,無,陰性
19630,40-49歲,男,無,陰性
19631,40-49歲,男,二級,陽性
19632,20-29歲,男,二級,陽性
19633,40-49歲,男,無,陰性
19634,50-59歲,女,無,陰性
19635,20-29歲,男,三級,陽性
19636,50-59歲,女,無,陰性
19637,30-39歲,男,無,陰性
19638,30-39歲,男,無,陰性
19639,50-59歲,女,無,陰性
19640,40-49歲,男,無,陰性
19641,60歲以上,男,無,陰性
19642,50-59歲,男,無,陰性
19643,50-59歲,男,無,陰性
19644,40-49歲,男,二級,陽性
19645,60歲以上,男,無,陰性
19646,40-49歲,男,無,陰性
19647,40-49歲,男,無,陰性
19648,30-39歲,男,三級,陽性
19649,50-59歲,男,三級,陽性
19650,50-59歲,男,無,陰性
19651,30-39歲,男,二級,陽性
19652,40-49歲,男,三級,陽性
19653,30-39歲,男,無,陰性
19654,50-59歲,男,無,陰性
19655,50-59歲,男,無,陰性
19656,20-29歲,男,無,陰性
19657,60歲以上,男,無,陰性
19658,30-39歲,男,一級,陽性
19659,40-49歲,男,無,陰性
19660,20-29歲,男,無,陰性
19661,30-39歲,男,二級,陽性
19662,50-59歲,男,二級,陽性
19663,50-59歲,男,無,陰性
19664,40-49歲,男,二級,陽性
19665,50-59歲,男,無,陰性
19666,50-59歲,男,無,陰性
19667,40-49歲,男,二級,陽性
19668,50-59歲,男,無,陰性
19669,50-59歲,女,無,陰性
19670,40-49歲,男,無,陰性
19671,40-49歲,男,無,陰性
19672,50-59歲,男,無,陰性
19673,40-49歲,女,無,陰性
19674,40-49歲,男,無,陰性
19675,19歲以下,男,二級,陽性
19676,30-39歲,男,二級,陽性
19677,30-39歲,男,無,陰性
19678,40-49歲,男,無,陰性
19679,50-59歲,男,二級,陽性
19680,20-29歲,男,無,陰性
19681,40-49歲,女,無,陰性
19682,40-49歲,女,無,陰性
19683,30-39歲,男,二級,陽性
19684,30-39歲,女,二級,陽性
19685,50-59歲,男,無,陰性
19686,40-49歲,女,無,陰性
19687,40-49歲,男,無,陰性
19688,30-39歲,男,無,陰性
19689,30-39歲,男,無,陰性
19690,20-29歲,女,無,陰性
19691,50-59歲,男,無,陰性
19692,30-39歲,女,無,陰性
19693,30-39歲,男,三級,陽性
19694,50-59歲,男,無,陰性
19695,40-49歲,男,無,陰性
19696,40-49歲,男,無,陰性
19697,30-39歲,女,二級,陽性
19698,19歲以下,男,二級,陽性
19699,20-29歲,男,無,陰性
19700,40-49歲,男,二級,陽性
19701,50-59歲,男,無,陰性
19702,40-49歲,男,二級,陽性
19703,50-59歲,男,無,陰性
19704,30-39歲,男,無,陰性
19705,50-59歲,女,二級,陽性
19706,30-39歲,男,無,陰性
19707,20-29歲,女,無,陰性
19708,30-39歲,男,無,陰性
19709,40-49歲,男,無,陰性
19710,50-59歲,男,無,陰性
19711,30-39歲,女,無,陰性
19712,60歲以上,男,三級,陽性
19713,60歲以上,男,一級,陽性
19714,50-59歲,女,無,陰性
19715,60歲以上,男,無,陰性
19716,40-49歲,男,無,陰性
19717,50-59歲,男,二級,陽性
19718,40-49歲,男,無,陰性
19719,40-49歲,男,無,陰性
19720,60歲以上,男,無,陰性
19721,60歲以上,女,無,陰性
19722,20-29歲,男,二級,陽性
19723,40-49歲,女,無,陰性
19724,50-59歲,男,無,陰性
19725,40-49歲,女,一級,陽性
19726,40-49歲,男,無,陰性
19727,40-49歲,女,無,陰性
19728,30-39歲,男,無,陰性
19729,20-29歲,男,無,陰性
19730,19歲以下,男,三級,陽性
19731,30-39歲,男,無,陰性
19732,50-59歲,男,無,陰性
19733,40-49歲,男,無,陰性
19734,40-49歲,男,一級,陽性
19735,20-29歲,男,無,陰性
19736,40-49歲,男,無,陰性
19737,60歲以上,男,無,陰性
19738,40-49歲,男,無,陰性
19739,50-59歲,男,二級,陽性
19740,40-49歲,男,無,陰性
19741,40-49歲,男,無,陰性
19742,20-29歲,男,無,陰性
19743,50-59歲,男,無,陰性
19744,50-59歲,男,無,陰性
19745,30-39歲,男,二級,陽性
19746,40-49歲,男,無,陰性
19747,50-59歲,男,無,陰性
19748,40-49歲,女,無,陰性
19749,50-59歲,男,無,陰性
19750,50-59歲,女,無,陰性
19751,40-49歲,男,無,陰性
19752,60歲以上,女,二級,陽性
19753,40-49歲,男,二級,陽性
19754,50-59歲,男,無,陰性
19755,40-49歲,男,無,陰性
19756,40-49歲,男,無,陰性
19757,40-49歲,男,無,陰性
19758,20-29歲,男,一級,陽性
19759,50-59歲,女,無,陰性
19760,40-49歲,男,無,陰性
19761,40-49歲,男,無,陰性
19762,40-49歲,男,無,陰性
19763,40-49歲,男,無,陰性
19764,60歲以上,男,二級,陽性
19765,50-59歲,男,無,陰性
19766,50-59歲,男,無,陰性
19767,60歲以上,女,無,陰性
19768,60歲以上,女,無,陰性
19769,40-49歲,女,無,陰性
19770,60歲以上,男,無,陰性
19771,40-49歲,女,無,陰性
19772,60歲以上,男,無,陰性
19773,30-39歲,女,無,陰性
19774,50-59歲,男,無,陰性
19775,40-49歲,男,二級,陽性
19776,20-29歲,男,無,陰性
19777,40-49歲,男,一級,陽性
19778,50-59歲,男,無,陰性
19779,19歲以下,男,二級,陽性
19780,20-29歲,女,二級,陽性
19781,50-59歲,男,無,陰性
19782,50-59歲,男,二級,陽性
19783,40-49歲,男,無,陰性
19784,50-59歲,女,無,陰性
19785,30-39歲,男,無,陰性
19786,40-49歲,男,無,陰性
19787,50-59歲,男,二級,陽性
19788,50-59歲,男,無,陰性
19789,50-59歲,男,無,陰性
19790,20-29歲,男,無,陰性
19791,50-59歲,女,三級,陽性
19792,40-49歲,女,二級,陽性
19793,40-49歲,男,二級,陽性
19794,30-39歲,女,無,陰性
19795,50-59歲,女,無,陰性
19796,30-39歲,女,二級,陽性
19797,40-49歲,男,無,陰性
19798,50-59歲,男,二級,陽性
19799,50-59歲,男,無,陰性
19800,50-59歲,女,無,陰性
19801,40-49歲,男,無,陰性
19802,40-49歲,女,無,陰性
19803,60歲以上,男,二級,陽性
19804,60歲以上,男,無,陰性
19805,30-39歲,男,二級,陽性
19806,40-49歲,男,無,陰性
19807,20-29歲,男,無,陰性
19808,30-39歲,男,無,陰性
19809,40-49歲,男,無,陰性
19810,40-49歲,女,無,陰性
19811,50-59歲,男,二級,陽性
19812,60歲以上,男,無,陰性
19813,50-59歲,男,無,陰性
19814,50-59歲,女,無,陰性
19815,19歲以下,男,無,陰性
19816,50-59歲,男,二級,陽性
19817,20-29歲,男,無,陰性
19818,60歲以上,男,無,陰性
19819,50-59歲,男,無,陰性
19820,30-39歲,女,無,陰性
19821,50-59歲,男,無,陰性
19822,50-59歲,男,二級,陽性
19823,60歲以上,男,無,陰性
19824,50-59歲,男,二級,陽性
19825,30-39歲,男,無,陰性
19826,50-59歲,男,無,陰性
19827,40-49歲,男,無,陰性
19828,50-59歲,男,二級,陽性
19829,50-59歲,男,無,陰性
19830,40-49歲,男,無,陰性
19831,40-49歲,男,無,陰性
19832,20-29歲,男,無,陰性
19833,40-49歲,男,無,陰性
19834,40-49歲,男,無,陰性
19835,40-49歲,女,無,陰性
19836,30-39歲,男,無,陰性
19837,40-49歲,男,無,陰性
19838,40-49歲,男,無,陰性
19839,40-49歲,男,一級,陽性
19840,30-39歲,男,無,陰性
19841,50-59歲,女,無,陰性
19842,40-49歲,男,無,陰性
19843,50-59歲,男,無,陰性
19844,40-49歲,男,無,陰性
19845,30-39歲,男,無,陰性
19846,40-49歲,女,無,陰性
19847,20-29歲,男,無,陰性
19848,30-39歲,女,無,陰性
19849,50-59歲,男,無,陰性
19850,50-59歲,男,二級,陽性
19851,50-59歲,女,三級,陽性
19852,60歲以上,男,無,陰性
19853,40-49歲,男,三級,陽性
19854,40-49歲,男,無,陰性
19855,30-39歲,男,無,陰性
19856,40-49歲,男,二級,陽性
19857,50-59歲,男,無,陰性
19858,30-39歲,男,無,陰性
19859,19歲以下,女,無,陰性
19860,60歲以上,男,無,陰性
19861,40-49歲,男,無,陰性
19862,50-59歲,男,無,陰性
19863,50-59歲,男,無,陰性
19864,30-39歲,男,無,陰性
19865,50-59歲,男,三級,陽性
19866,40-49歲,男,無,陰性
19867,40-49歲,男,二級,陽性
19868,50-59歲,男,無,陰性
19869,40-49歲,男,二級,陽性
19870,50-59歲,男,無,陰性
19871,60歲以上,男,無,陰性
19872,50-59歲,男,二級,陽性
19873,40-49歲,男,無,陰性
19874,30-39歲,男,無,陰性
19875,30-39歲,男,無,陰性
19876,50-59歲,男,無,陰性
19877,30-39歲,男,無,陰性
19878,60歲以上,男,無,陰性
19879,40-49歲,女,二級,陽性
19880,50-59歲,女,無,陰性
19881,60歲以上,男,無,陰性
19882,50-59歲,男,無,陰性
19883,50-59歲,女,二級,陽性
19884,40-49歲,男,無,陰性
19885,40-49歲,男,無,陰性
19886,50-59歲,男,無,陰性
19887,50-59歲,男,二級,陽性
19888,30-39歲,男,二級,陽性
19889,50-59歲,男,無,陰性
19890,40-49歲,男,無,陰性
19891,50-59歲,男,二級,陽性
19892,30-39歲,女,一級,陽性
19893,30-39歲,男,無,陰性
19894,50-59歲,男,二級,陽性
19895,40-49歲,女,無,陰性
19896,20-29歲,男,無,陰性
19897,40-49歲,男,無,陰性
19898,50-59歲,男,二級,陽性
19899,40-49歲,男,無,陰性
19900,40-49歲,男,無,陰性
19901,40-49歲,女,無,陰性
19902,20-29歲,男,無,陰性
19903,60歲以上,男,無,陰性
19904,50-59歲,男,三級,陽性
19905,30-39歲,男,無,陰性
19906,40-49歲,女,無,陰性
19907,20-29歲,男,無,陰性
19908,30-39歲,男,一級,陽性
19909,50-59歲,男,無,陰性
19910,20-29歲,男,無,陰性
19911,40-49歲,男,無,陰性
19912,50-59歲,女,無,陰性
19913,40-49歲,女,三級,陽性
19914,50-59歲,男,無,陰性
19915,19歲以下,男,無,陰性
19916,60歲以上,男,無,陰性
19917,50-59歲,男,無,陰性
19918,40-49歲,男,二級,陽性
19919,40-49歲,男,無,陰性
19920,30-39歲,男,無,陰性
19921,30-39歲,男,三級,陽性
19922,60歲以上,男,無,陰性
19923,50-59歲,女,無,陰性
19924,50-59歲,男,一級,陽性
19925,50-59歲,男,無,陰性
19926,30-39歲,男,無,陰性
19927,50-59歲,男,無,陰性
19928,40-49歲,男,無,陰性
19929,40-49歲,男,無,陰性
19930,50-59歲,男,無,陰性
19931,50-59歲,女,無,陰性
19932,30-39歲,男,無,陰性
19933,30-39歲,男,無,陰性
19934,40-49歲,男,二級,陽性
19935,40-49歲,男,無,陰性
19936,50-59歲,女,無,陰性
19937,50-59歲,男,無,陰性
19938,50-59歲,男,無,陰性
19939,30-39歲,男,無,陰性
19940,30-39歲,男,一級,陽性
19941,40-49歲,男,無,陰性
19942,30-39歲,男,無,陰性
19943,40-49歲,男,二級,陽性
19944,50-59歲,男,無,陰性
19945,60歲以上,男,無,陰性
19946,30-39歲,男,無,陰性
19947,40-49歲,男,無,陰性
19948,60歲以上,男,無,陰性
19949,40-49歲,男,無,陰性
19950,60歲以上,男,無,陰性
19951,20-29歲,男,二級,陽性
19952,40-49歲,男,無,陰性
19953,30-39歲,男,三級,陽性
19954,40-49歲,男,無,陰性
19955,50-59歲,男,無,陰性
19956,40-49歲,男,無,陰性
19957,40-49歲,男,二級,陽性
19958,30-39歲,男,無,陰性
19959,40-49歲,男,無,陰性
19960,60歲以上,男,無,陰性
19961,20-29歲,男,三級,陽性
19962,50-59歲,女,二級,陽性
19963,40-49歲,男,二級,陽性
19964,40-49歲,男,無,陰性
19965,30-39歲,男,無,陰性
19966,19歲以下,男,無,陰性
19967,40-49歲,男,無,陰性
19968,30-39歲,男,無,陰性
19969,50-59歲,女,無,陰性
19970,40-49歲,男,無,陰性
19971,50-59歲,女,三級,陽性
19972,50-59歲,男,二級,陽性
19973,50-59歲,男,無,陰性
19974,60歲以上,男,無,陰性
19975,40-49歲,男,無,陰性
19976,30-39歲,男,無,陰性
19977,40-49歲,男,無,陰性
19978,60歲以上,男,無,陰性
19979,50-59歲,男,二級,陽性
19980,40-49歲,男,二級,陽性
19981,50-59歲,男,二級,陽性
19982,60歲以上,男,無,陰性
19983,20-29歲,男,無,陰性
19984,50-59歲,男,二級,陽性
19985,40-49歲,男,無,陰性
19986,50-59歲,男,無,陰性
19987,40-49歲,男,無,陰性
19988,20-29歲,男,無,陰性
19989,20-29歲,男,無,陰性
19990,40-49歲,男,無,陰性
19991,50-59歲,男,無,陰性
19992,50-59歲,男,無,陰性
19993,40-49歲,男,無,陰性
19994,19歲以下,男,無,陰性
19995,30-39歲,男,二級,陽性
19996,50-59歲,男,無,陰性
19997,40-49歲,男,無,陰性
19998,30-39歲,男,無,陰性
19999,50-59歲,男,一級,陽性
20000,30-39歲,女,無,陰性
20001,30-39歲,男,無,陰性
20002,40-49歲,男,無,陰性
20003,30-39歲,男,無,陰性
20004,50-59歲,男,無,陰性
20005,40-49歲,男,無,陰性
20006,30-39歲,女,無,陰性
20007,20-29歲,女,二級,陽性
20008,50-59歲,男,無,陰性
20009,40-49歲,男,無,陰性
20010,60歲以上,男,無,陰性
20011,19歲以下,男,無,陰性
20012,40-49歲,女,無,陰性
20013,40-49歲,男,無,陰性
20014,30-39歲,男,無,陰性
20015,50-59歲,男,無,陰性
20016,40-49歲,女,無,陰性
20017,40-49歲,男,無,陰性
20018,50-59歲,男,二級,陽性
20019,60歲以上,男,三級,陽性
20020,50-59歲,女,無,陰性
20021,40-49歲,男,無,陰性
20022,30-39歲,男,無,陰性
20023,30-39歲,男,無,陰性
20024,60歲以上,男,三級,陽性
20025,40-49歲,男,二級,陽性
20026,50-59歲,男,二級,陽性
20027,30-39歲,男,無,陰性
20028,40-49歲,男,無,陰性
20029,50-59歲,女,無,陰性
20030,60歲以上,女,無,陰性
20031,40-49歲,女,二級,陽性
20032,20-29歲,男,二級,陽性
20033,50-59歲,女,無,陰性
20034,30-39歲,男,無,陰性
20035,20-29歲,男,一級,陽性
20036,60歲以上,男,一級,陽性
20037,50-59歲,女,無,陰性
20038,30-39歲,男,無,陰性
20039,30-39歲,男,無,陰性
20040,20-29歲,男,二級,陽性
20041,50-59歲,女,無,陰性
20042,50-59歲,男,無,陰性
20043,40-49歲,男,二級,陽性
20044,30-39歲,男,二級,陽性
20045,40-49歲,男,無,陰性
20046,40-49歲,女,無,陰性
20047,40-49歲,男,無,陰性
20048,50-59歲,男,二級,陽性
20049,40-49歲,男,無,陰性
20050,50-59歲,男,二級,陽性
20051,40-49歲,男,無,陰性
20052,20-29歲,男,二級,陽性
20053,40-49歲,男,無,陰性
20054,50-59歲,男,無,陰性
20055,20-29歲,男,無,陰性
20056,40-49歲,男,無,陰性
20057,40-49歲,男,無,陰性
20058,40-49歲,男,三級,陽性
20059,30-39歲,男,無,陰性
20060,30-39歲,男,無,陰性
20061,30-39歲,男,無,陰性
20062,19歲以下,男,無,陰性
20063,19歲以下,男,無,陰性
20064,50-59歲,男,無,陰性
20065,40-49歲,男,無,陰性
20066,40-49歲,男,無,陰性
20067,20-29歲,男,無,陰性
20068,30-39歲,男,二級,陽性
20069,40-49歲,男,無,陰性
20070,40-49歲,男,無,陰性
20071,19歲以下,男,無,陰性
20072,40-49歲,男,無,陰性
20073,60歲以上,男,二級,陽性
20074,20-29歲,男,無,陰性
20075,30-39歲,男,無,陰性
20076,50-59歲,男,無,陰性
20077,40-49歲,男,無,陰性
20078,50-59歲,女,無,陰性
20079,50-59歲,男,二級,陽性
20080,40-49歲,女,無,陰性
20081,40-49歲,男,無,陰性
20082,20-29歲,男,無,陰性
20083,30-39歲,男,二級,陽性
20084,40-49歲,男,二級,陽性
20085,30-39歲,男,二級,陽性
20086,40-49歲,女,無,陰性
20087,60歲以上,女,無,陰性
20088,40-49歲,男,無,陰性
20089,50-59歲,男,二級,陽性
20090,40-49歲,男,三級,陽性
20091,40-49歲,男,無,陰性
20092,40-49歲,男,無,陰性
20093,50-59歲,男,無,陰性
20094,60歲以上,男,無,陰性
20095,40-49歲,男,一級,陽性
20096,20-29歲,男,二級,陽性
20097,20-29歲,男,無,陰性
20098,40-49歲,男,無,陰性
20099,40-49歲,男,無,陰性
20100,40-49歲,男,無,陰性
20101,40-49歲,男,二級,陽性
20102,40-49歲,男,無,陰性
20103,20-29歲,男,無,陰性
20104,30-39歲,男,無,陰性
20105,50-59歲,男,無,陰性
20106,40-49歲,男,無,陰性
20107,40-49歲,男,無,陰性
20108,20-29歲,男,無,陰性
20109,50-59歲,男,無,陰性
20110,40-49歲,男,無,陰性
20111,50-59歲,男,無,陰性
20112,40-49歲,女,無,陰性
20113,40-49歲,男,無,陰性
20114,50-59歲,男,無,陰性
20115,20-29歲,女,無,陰性
20116,30-39歲,男,無,陰性
20117,20-29歲,女,二級,陽性
20118,50-59歲,女,無,陰性
20119,20-29歲,男,無,陰性
20120,40-49歲,男,無,陰性
20121,60歲以上,男,無,陰性
20122,30-39歲,女,二級,陽性
20123,60歲以上,男,二級,陽性
20124,40-49歲,女,無,陰性
20125,30-39歲,女,三級,陽性
20126,50-59歲,男,無,陰性
20127,60歲以上,男,無,陰性
20128,40-49歲,女,無,陰性
20129,40-49歲,女,三級,陽性
20130,40-49歲,男,無,陰性
20131,50-59歲,男,無,陰性
20132,30-39歲,女,無,陰性
20133,50-59歲,男,無,陰性
20134,40-49歲,男,無,陰性
20135,20-29歲,男,無,陰性
20136,50-59歲,男,二級,陽性
20137,30-39歲,男,無,陰性
20138,40-49歲,女,無,陰性
20139,40-49歲,男,三級,陽性
20140,40-49歲,男,無,陰性
20141,40-49歲,男,無,陰性
20142,50-59歲,男,二級,陽性
20143,40-49歲,女,無,陰性
20144,40-49歲,男,無,陰性
20145,40-49歲,男,無,陰性
20146,40-49歲,男,無,陰性
20147,40-49歲,女,二級,陽性
20148,40-49歲,男,無,陰性
20149,40-49歲,男,無,陰性
20150,30-39歲,男,無,陰性
20151,40-49歲,男,無,陰性
20152,30-39歲,男,無,陰性
20153,60歲以上,男,無,陰性
20154,40-49歲,男,無,陰性
20155,60歲以上,男,二級,陽性
20156,50-59歲,男,二級,陽性
20157,50-59歲,男,無,陰性
20158,30-39歲,男,無,陰性
20159,30-39歲,男,無,陰性
20160,40-49歲,男,無,陰性
20161,30-39歲,男,無,陰性
20162,60歲以上,男,無,陰性
20163,40-49歲,男,無,陰性
20164,30-39歲,女,無,陰性
20165,40-49歲,男,二級,陽性
20166,20-29歲,男,無,陰性
20167,50-59歲,女,無,陰性
20168,40-49歲,女,二級,陽性
20169,60歲以上,男,無,陰性
20170,20-29歲,男,三級,陽性
20171,40-49歲,男,無,陰性
20172,50-59歲,女,無,陰性
20173,30-39歲,男,無,陰性
20174,50-59歲,女,無,陰性
20175,30-39歲,男,二級,陽性
20176,40-49歲,女,一級,陽性
20177,40-49歲,男,無,陰性
20178,40-49歲,女,無,陰性
20179,40-49歲,男,二級,陽性
20180,40-49歲,男,二級,陽性
20181,40-49歲,女,無,陰性
20182,50-59歲,男,無,陰性
20183,40-49歲,女,無,陰性
20184,30-39歲,男,無,陰性
20185,20-29歲,女,無,陰性
20186,30-39歲,男,無,陰性
20187,40-49歲,女,無,陰性
20188,40-49歲,女,二級,陽性
20189,50-59歲,男,無,陰性
20190,40-49歲,女,二級,陽性
20191,60歲以上,男,無,陰性
20192,50-59歲,男,無,陰性
20193,40-49歲,男,二級,陽性
20194,50-59歲,男,無,陰性
20195,50-59歲,男,無,陰性
20196,40-49歲,男,一級,陽性
20197,30-39歲,男,無,陰性
20198,40-49歲,男,二級,陽性
20199,40-49歲,女,無,陰性
20200,50-59歲,男,無,陰性
20201,50-59歲,男,二級,陽性
20202,50-59歲,女,無,陰性
20203,40-49歲,女,無,陰性
20204,50-59歲,女,無,陰性
20205,20-29歲,男,二級,陽性
20206,60歲以上,男,無,陰性
20207,50-59歲,男,無,陰性
20208,40-49歲,男,無,陰性
20209,50-59歲,男,無,陰性
20210,50-59歲,男,二級,陽性
20211,30-39歲,女,無,陰性
20212,50-59歲,女,無,陰性
20213,30-39歲,女,無,陰性
20214,60歲以上,男,無,陰性
20215,40-49歲,女,無,陰性
20216,40-49歲,男,無,陰性
20217,20-29歲,男,無,陰性
20218,30-39歲,男,無,陰性
20219,50-59歲,男,無,陰性
20220,50-59歲,男,無,陰性
20221,50-59歲,男,無,陰性
20222,40-49歲,男,二級,陽性
20223,19歲以下,男,無,陰性
20224,40-49歲,女,無,陰性
20225,40-49歲,男,無,陰性
20226,50-59歲,男,一級,陽性
20227,50-59歲,男,無,陰性
20228,50-59歲,男,無,陰性
20229,30-39歲,男,無,陰性
20230,20-29歲,男,無,陰性
20231,60歲以上,男,無,陰性
20232,30-39歲,男,無,陰性
20233,40-49歲,男,無,陰性
20234,60歲以上,男,無,陰性
20235,60歲以上,男,無,陰性
20236,60歲以上,男,二級,陽性
20237,50-59歲,男,二級,陽性
20238,50-59歲,男,無,陰性
20239,50-59歲,男,無,陰性
20240,40-49歲,男,二級,陽性
20241,40-49歲,女,無,陰性
20242,40-49歲,男,無,陰性
20243,50-59歲,男,無,陰性
20244,40-49歲,男,無,陰性
20245,50-59歲,男,無,陰性
20246,40-49歲,男,無,陰性
20247,50-59歲,男,無,陰性
20248,40-49歲,男,無,陰性
20249,20-29歲,男,無,陰性
20250,50-59歲,男,無,陰性
20251,20-29歲,男,無,陰性
20252,50-59歲,男,無,陰性
20253,60歲以上,男,二級,陽性
20254,60歲以上,男,三級,陽性
20255,50-59歲,男,無,陰性
20256,50-59歲,男,無,陰性
20257,40-49歲,男,無,陰性
20258,60歲以上,男,無,陰性
20259,30-39歲,男,無,陰性
20260,40-49歲,男,無,陰性
20261,50-59歲,男,無,陰性
20262,30-39歲,男,二級,陽性
20263,30-39歲,男,無,陰性
20264,40-49歲,女,無,陰性
20265,40-49歲,女,無,陰性
20266,60歲以上,男,無,陰性
20267,60歲以上,男,無,陰性
20268,40-49歲,男,無,陰性
20269,20-29歲,男,無,陰性
20270,40-49歲,男,無,陰性
20271,40-49歲,男,無,陰性
20272,40-49歲,男,無,陰性
20273,20-29歲,男,二級,陽性
20274,50-59歲,男,無,陰性
20275,40-49歲,男,無,陰性
20276,50-59歲,女,無,陰性
20277,40-49歲,女,無,陰性
20278,50-59歲,男,無,陰性
20279,40-49歲,男,無,陰性
20280,40-49歲,男,二級,陽性
20281,50-59歲,男,無,陰性
20282,40-49歲,男,二級,陽性
20283,50-59歲,男,無,陰性
20284,50-59歲,女,無,陰性
20285,30-39歲,男,無,陰性
20286,40-49歲,男,無,陰性
20287,40-49歲,男,無,陰性
20288,30-39歲,男,一級,陽性
20289,20-29歲,男,無,陰性
20290,50-59歲,男,二級,陽性
20291,40-49歲,男,無,陰性
20292,50-59歲,男,無,陰性
20293,50-59歲,男,無,陰性
20294,20-29歲,男,三級,陽性
20295,40-49歲,男,二級,陽性
20296,60歲以上,男,無,陰性
20297,50-59歲,男,一級,陽性
20298,50-59歲,女,無,陰性
20299,50-59歲,女,無,陰性
20300,30-39歲,男,二級,陽性
20301,30-39歲,男,無,陰性
20302,30-39歲,男,三級,陽性
20303,40-49歲,男,無,陰性
20304,40-49歲,男,無,陰性
20305,50-59歲,男,無,陰性
20306,40-49歲,女,無,陰性
20307,40-49歲,男,無,陰性
20308,40-49歲,男,二級,陽性
20309,30-39歲,男,無,陰性
20310,30-39歲,男,無,陰性
20311,50-59歲,男,無,陰性
20312,30-39歲,女,無,陰性
20313,40-49歲,男,無,陰性
20314,60歲以上,男,無,陰性
20315,30-39歲,男,二級,陽性
20316,30-39歲,男,無,陰性
20317,50-59歲,男,無,陰性
20318,50-59歲,男,二級,陽性
20319,40-49歲,男,二級,陽性
20320,20-29歲,男,二級,陽性
20321,40-49歲,男,二級,陽性
20322,40-49歲,男,二級,陽性
20323,50-59歲,女,二級,陽性
20324,30-39歲,男,無,陰性
20325,40-49歲,男,無,陰性
20326,30-39歲,男,無,陰性
20327,40-49歲,男,無,陰性
20328,40-49歲,男,無,陰性
20329,40-49歲,男,無,陰性
20330,40-49歲,女,無,陰性
20331,40-49歲,女,無,陰性
20332,50-59歲,男,二級,陽性
20333,19歲以下,男,無,陰性
20334,50-59歲,男,無,陰性
20335,50-59歲,男,無,陰性
20336,30-39歲,男,二級,陽性
20337,50-59歲,男,無,陰性
20338,60歲以上,男,無,陰性
20339,50-59歲,女,無,陰性
20340,30-39歲,男,無,陰性
20341,40-49歲,男,無,陰性
20342,40-49歲,女,無,陰性
20343,40-49歲,女,無,陰性
20344,60歲以上,男,無,陰性
20345,50-59歲,男,無,陰性
20346,20-29歲,男,無,陰性
20347,40-49歲,女,二級,陽性
20348,40-49歲,男,二級,陽性
20349,30-39歲,男,無,陰性
20350,30-39歲,男,無,陰性
20351,20-29歲,男,無,陰性
20352,40-49歲,男,二級,陽性
20353,50-59歲,男,二級,陽性
20354,40-49歲,男,二級,陽性
20355,20-29歲,男,三級,陽性
20356,50-59歲,男,無,陰性
20357,50-59歲,男,二級,陽性
20358,50-59歲,男,無,陰性
20359,40-49歲,男,無,陰性
20360,40-49歲,男,無,陰性
20361,40-49歲,男,二級,陽性
20362,50-59歲,女,無,陰性
20363,60歲以上,男,三級,陽性
20364,50-59歲,男,無,陰性
20365,50-59歲,男,無,陰性
20366,40-49歲,男,無,陰性
20367,50-59歲,男,無,陰性
20368,40-49歲,男,無,陰性
20369,19歲以下,男,無,陰性
20370,60歲以上,男,無,陰性
20371,50-59歲,男,無,陰性
20372,20-29歲,男,無,陰性
20373,40-49歲,男,無,陰性
20374,40-49歲,女,無,陰性
20375,50-59歲,男,無,陰性
20376,30-39歲,男,二級,陽性
20377,50-59歲,男,無,陰性
20378,40-49歲,男,三級,陽性
20379,30-39歲,男,二級,陽性
20380,40-49歲,男,無,陰性
20381,30-39歲,男,無,陰性
20382,50-59歲,男,無,陰性
20383,30-39歲,男,無,陰性
20384,30-39歲,男,二級,陽性
20385,60歲以上,女,無,陰性
20386,50-59歲,女,無,陰性
20387,40-49歲,男,無,陰性
20388,30-39歲,男,無,陰性
20389,20-29歲,女,無,陰性
20390,19歲以下,男,三級,陽性
20391,19歲以下,男,一級,陽性
20392,50-59歲,男,無,陰性
20393,50-59歲,男,無,陰性
20394,50-59歲,男,二級,陽性
20395,40-49歲,男,一級,陽性
20396,40-49歲,男,三級,陽性
20397,19歲以下,男,無,陰性
20398,40-49歲,男,二級,陽性
20399,30-39歲,男,無,陰性
20400,50-59歲,男,二級,陽性
20401,40-49歲,男,無,陰性
20402,20-29歲,男,無,陰性
20403,20-29歲,男,二級,陽性
20404,40-49歲,女,無,陰性
20405,60歲以上,男,無,陰性
20406,40-49歲,女,無,陰性
20407,50-59歲,男,無,陰性
20408,40-49歲,男,無,陰性
20409,40-49歲,男,三級,陽性
20410,40-49歲,男,無,陰性
20411,30-39歲,男,二級,陽性
20412,50-59歲,男,二級,陽性
20413,40-49歲,男,無,陰性
20414,60歲以上,男,無,陰性
20415,50-59歲,男,一級,陽性
20416,40-49歲,男,無,陰性
20417,50-59歲,男,一級,陽性
20418,60歲以上,男,無,陰性
20419,20-29歲,男,無,陰性
20420,50-59歲,女,無,陰性
20421,60歲以上,男,無,陰性
20422,60歲以上,女,二級,陽性
20423,20-29歲,男,無,陰性
20424,50-59歲,男,無,陰性
20425,40-49歲,女,三級,陽性
20426,40-49歲,女,無,陰性
20427,40-49歲,男,二級,陽性
20428,30-39歲,男,無,陰性
20429,20-29歲,男,無,陰性
20430,50-59歲,男,二級,陽性
20431,40-49歲,男,二級,陽性
20432,60歲以上,男,無,陰性
20433,30-39歲,男,無,陰性
20434,40-49歲,男,二級,陽性
20435,50-59歲,男,無,陰性
20436,30-39歲,男,無,陰性
20437,50-59歲,男,無,陰性
20438,40-49歲,男,無,陰性
20439,40-49歲,女,無,陰性
20440,40-49歲,男,無,陰性
20441,40-49歲,男,二級,陽性
20442,30-39歲,男,無,陰性
20443,50-59歲,男,無,陰性
20444,50-59歲,女,無,陰性
20445,30-39歲,男,無,陰性
20446,60歲以上,男,二級,陽性
20447,40-49歲,男,無,陰性
20448,40-49歲,男,無,陰性
20449,20-29歲,男,三級,陽性
20450,40-49歲,男,三級,陽性
20451,30-39歲,男,無,陰性
20452,30-39歲,女,無,陰性
20453,50-59歲,男,二級,陽性
20454,30-39歲,男,一級,陽性
20455,20-29歲,男,三級,陽性
20456,40-49歲,女,無,陰性
20457,50-59歲,男,無,陰性
20458,40-49歲,女,無,陰性
20459,30-39歲,男,無,陰性
20460,50-59歲,男,無,陰性
20461,60歲以上,女,無,陰性
20462,30-39歲,男,無,陰性
20463,60歲以上,女,無,陰性
20464,50-59歲,男,無,陰性
20465,50-59歲,男,無,陰性
20466,30-39歲,男,二級,陽性
20467,30-39歲,男,無,陰性
20468,40-49歲,女,無,陰性
20469,40-49歲,男,二級,陽性
20470,30-39歲,男,無,陰性
20471,30-39歲,男,無,陰性
20472,40-49歲,男,無,陰性
20473,20-29歲,男,無,陰性
20474,50-59歲,女,無,陰性
20475,50-59歲,男,二級,陽性
20476,40-49歲,男,無,陰性
20477,30-39歲,男,無,陰性
20478,20-29歲,男,二級,陽性
20479,30-39歲,男,二級,陽性
20480,40-49歲,男,二級,陽性
20481,60歲以上,男,無,陰性
20482,40-49歲,男,二級,陽性
20483,30-39歲,男,無,陰性
20484,60歲以上,男,無,陰性
20485,20-29歲,男,無,陰性
20486,60歲以上,男,無,陰性
20487,50-59歲,男,無,陰性
20488,40-49歲,男,無,陰性
20489,60歲以上,男,無,陰性
20490,40-49歲,男,無,陰性
20491,50-59歲,女,無,陰性
20492,50-59歲,男,無,陰性
20493,30-39歲,女,二級,陽性
20494,40-49歲,男,二級,陽性
20495,50-59歲,男,無,陰性
20496,40-49歲,男,無,陰性
20497,40-49歲,男,無,陰性
20498,40-49歲,男,無,陰性
20499,50-59歲,男,無,陰性
20500,40-49歲,男,無,陰性
20501,40-49歲,男,二級,陽性
20502,50-59歲,男,無,陰性
20503,20-29歲,男,無,陰性
20504,60歲以上,男,一級,陽性
20505,30-39歲,女,二級,陽性
20506,50-59歲,男,無,陰性
20507,60歲以上,男,無,陰性
20508,20-29歲,女,無,陰性
20509,30-39歲,男,一級,陽性
20510,50-59歲,女,無,陰性
20511,40-49歲,男,無,陰性
20512,60歲以上,男,三級,陽性
20513,30-39歲,女,二級,陽性
20514,30-39歲,男,二級,陽性
20515,40-49歲,女,二級,陽性
20516,30-39歲,男,無,陰性
20517,19歲以下,男,二級,陽性
20518,40-49歲,男,二級,陽性
20519,40-49歲,男,無,陰性
20520,50-59歲,女,無,陰性
20521,50-59歲,女,無,陰性
20522,50-59歲,男,二級,陽性
20523,40-49歲,男,無,陰性
20524,40-49歲,男,無,陰性
20525,60歲以上,男,無,陰性
20526,20-29歲,女,二級,陽性
20527,50-59歲,男,無,陰性
20528,60歲以上,男,無,陰性
20529,20-29歲,男,無,陰性
20530,50-59歲,男,無,陰性
20531,50-59歲,男,無,陰性
20532,40-49歲,女,無,陰性
20533,50-59歲,女,無,陰性
20534,40-49歲,男,二級,陽性
20535,40-49歲,男,無,陰性
20536,19歲以下,男,無,陰性
20537,50-59歲,女,三級,陽性
20538,40-49歲,男,無,陰性
20539,40-49歲,男,無,陰性
20540,40-49歲,男,無,陰性
20541,50-59歲,男,無,陰性
20542,19歲以下,男,無,陰性
20543,30-39歲,男,無,陰性
20544,60歲以上,男,無,陰性
20545,40-49歲,男,無,陰性
20546,40-49歲,男,無,陰性
20547,30-39歲,男,二級,陽性
20548,40-49歲,男,無,陰性
20549,40-49歲,男,無,陰性
20550,40-49歲,男,無,陰性
20551,50-59歲,男,無,陰性
20552,50-59歲,男,二級,陽性
20553,40-49歲,男,無,陰性
20554,30-39歲,男,二級,陽性
20555,20-29歲,男,無,陰性
20556,60歲以上,男,無,陰性
20557,40-49歲,男,二級,陽性
20558,50-59歲,男,二級,陽性
20559,40-49歲,男,二級,陽性
20560,50-59歲,男,無,陰性
20561,50-59歲,男,無,陰性
20562,20-29歲,男,無,陰性
20563,40-49歲,男,三級,陽性
20564,40-49歲,女,無,陰性
20565,60歲以上,女,無,陰性
20566,40-49歲,男,二級,陽性
20567,50-59歲,男,無,陰性
20568,50-59歲,男,二級,陽性
20569,50-59歲,男,無,陰性
20570,40-49歲,女,無,陰性
20571,40-49歲,女,無,陰性
20572,50-59歲,男,無,陰性
20573,20-29歲,男,二級,陽性
20574,30-39歲,男,無,陰性
20575,30-39歲,女,無,陰性
20576,30-39歲,男,無,陰性
20577,20-29歲,男,無,陰性
20578,30-39歲,男,無,陰性
20579,40-49歲,男,無,陰性
20580,50-59歲,男,無,陰性
20581,40-49歲,男,無,陰性
20582,30-39歲,男,無,陰性
20583,60歲以上,男,無,陰性
20584,50-59歲,男,無,陰性
20585,40-49歲,男,無,陰性
20586,30-39歲,男,二級,陽性
20587,20-29歲,女,無,陰性
20588,20-29歲,男,無,陰性
20589,60歲以上,男,無,陰性
20590,40-49歲,女,無,陰性
20591,50-59歲,男,無,陰性
20592,50-59歲,男,無,陰性
20593,60歲以上,女,無,陰性
20594,40-49歲,男,無,陰性
20595,40-49歲,男,無,陰性
20596,20-29歲,男,無,陰性
20597,40-49歲,男,無,陰性
20598,30-39歲,男,無,陰性
20599,50-59歲,女,無,陰性
20600,60歲以上,男,無,陰性
20601,40-49歲,女,無,陰性
20602,50-59歲,女,無,陰性
20603,50-59歲,男,無,陰性
20604,60歲以上,女,無,陰性
20605,50-59歲,女,無,陰性
20606,40-49歲,男,無,陰性
20607,40-49歲,男,無,陰性
20608,60歲以上,男,無,陰性
20609,50-59歲,女,無,陰性
20610,30-39歲,男,二級,陽性
20611,60歲以上,男,無,陰性
20612,50-59歲,女,無,陰性
20613,50-59歲,女,無,陰性
20614,50-59歲,男,無,陰性
20615,40-49歲,男,無,陰性
20616,30-39歲,男,無,陰性
20617,50-59歲,男,無,陰性
20618,30-39歲,女,無,陰性
20619,20-29歲,女,無,陰性
20620,20-29歲,男,無,陰性
20621,50-59歲,男,無,陰性
20622,60歲以上,男,無,陰性
20623,40-49歲,男,二級,陽性
20624,50-59歲,男,無,陰性
20625,30-39歲,女,無,陰性
20626,20-29歲,男,無,陰性
20627,50-59歲,男,無,陰性
20628,50-59歲,男,無,陰性
20629,50-59歲,男,無,陰性
20630,20-29歲,男,無,陰性
20631,60歲以上,男,無,陰性
20632,50-59歲,男,無,陰性
20633,20-29歲,女,無,陰性
20634,60歲以上,女,無,陰性
20635,60歲以上,男,無,陰性
20636,40-49歲,女,無,陰性
20637,50-59歲,男,無,陰性
20638,40-49歲,男,無,陰性
20639,50-59歲,男,無,陰性
20640,60歲以上,男,無,陰性
20641,40-49歲,男,無,陰性
20642,50-59歲,男,二級,陽性
20643,30-39歲,男,二級,陽性
20644,50-59歲,男,無,陰性
20645,20-29歲,男,三級,陽性
20646,20-29歲,女,無,陰性
20647,30-39歲,女,無,陰性
20648,40-49歲,男,無,陰性
20649,19歲以下,女,無,陰性
20650,19歲以下,男,二級,陽性
20651,50-59歲,男,二級,陽性
20652,40-49歲,男,無,陰性
20653,40-49歲,男,無,陰性
20654,30-39歲,男,無,陰性
20655,50-59歲,女,無,陰性
20656,40-49歲,男,無,陰性
20657,50-59歲,男,無,陰性
20658,50-59歲,男,無,陰性
20659,60歲以上,女,二級,陽性
20660,40-49歲,男,三級,陽性
20661,60歲以上,男,無,陰性
20662,50-59歲,男,一級,陽性
20663,50-59歲,男,三級,陽性
20664,50-59歲,男,三級,陽性
20665,40-49歲,男,無,陰性
20666,40-49歲,男,無,陰性
20667,40-49歲,女,無,陰性
20668,40-49歲,男,無,陰性
20669,19歲以下,男,無,陰性
20670,19歲以下,男,三級,陽性
20671,50-59歲,男,無,陰性
20672,50-59歲,女,無,陰性
20673,40-49歲,男,無,陰性
20674,19歲以下,女,無,陰性
20675,60歲以上,男,二級,陽性
20676,50-59歲,男,無,陰性
20677,40-49歲,男,無,陰性
20678,40-49歲,男,一級,陽性
20679,50-59歲,男,無,陰性
20680,30-39歲,男,無,陰性
20681,50-59歲,女,無,陰性
20682,30-39歲,男,無,陰性
20683,40-49歲,女,三級,陽性
20684,50-59歲,女,無,陰性
20685,50-59歲,男,無,陰性
20686,30-39歲,男,無,陰性
20687,40-49歲,男,無,陰性
20688,60歲以上,男,無,陰性
20689,40-49歲,男,無,陰性
20690,20-29歲,女,二級,陽性
20691,50-59歲,男,無,陰性
20692,40-49歲,男,無,陰性
20693,40-49歲,男,無,陰性
20694,50-59歲,男,二級,陽性
20695,40-49歲,男,二級,陽性
20696,20-29歲,男,無,陰性
20697,20-29歲,男,一級,陽性
20698,40-49歲,男,無,陰性
20699,40-49歲,男,無,陰性
20700,40-49歲,男,無,陰性
20701,60歲以上,男,無,陰性
20702,20-29歲,男,無,陰性
20703,40-49歲,男,無,陰性
20704,19歲以下,男,無,陰性
20705,20-29歲,男,三級,陽性
20706,40-49歲,男,二級,陽性
20707,19歲以下,男,無,陰性
20708,40-49歲,男,三級,陽性
20709,30-39歲,女,無,陰性
20710,30-39歲,男,無,陰性
20711,30-39歲,男,無,陰性
20712,60歲以上,男,二級,陽性
20713,30-39歲,女,二級,陽性
20714,20-29歲,男,無,陰性
20715,40-49歲,男,無,陰性
20716,30-39歲,男,無,陰性
20717,30-39歲,女,無,陰性
20718,60歲以上,男,無,陰性
20719,50-59歲,男,無,陰性
20720,30-39歲,男,無,陰性
20721,40-49歲,女,無,陰性
20722,60歲以上,男,無,陰性
20723,60歲以上,女,無,陰性
20724,50-59歲,男,無,陰性
20725,20-29歲,男,無,陰性
20726,30-39歲,男,二級,陽性
20727,40-49歲,男,無,陰性
20728,40-49歲,女,二級,陽性
20729,50-59歲,男,無,陰性
20730,30-39歲,男,無,陰性
20731,50-59歲,女,無,陰性
20732,50-59歲,男,無,陰性
20733,40-49歲,男,無,陰性
20734,40-49歲,男,無,陰性
20735,20-29歲,女,無,陰性
20736,60歲以上,男,無,陰性
20737,40-49歲,男,無,陰性
20738,20-29歲,男,無,陰性
20739,50-59歲,女,無,陰性
20740,40-49歲,男,無,陰性
20741,40-49歲,男,無,陰性
20742,40-49歲,男,無,陰性
20743,40-49歲,男,無,陰性
20744,40-49歲,男,無,陰性
20745,50-59歲,男,無,陰性
20746,40-49歲,男,無,陰性
20747,30-39歲,女,無,陰性
20748,30-39歲,男,一級,陽性
20749,40-49歲,女,無,陰性
20750,60歲以上,男,無,陰性
20751,30-39歲,男,三級,陽性
20752,60歲以上,男,無,陰性
20753,50-59歲,男,無,陰性
20754,30-39歲,男,無,陰性
20755,50-59歲,男,無,陰性
20756,40-49歲,女,無,陰性
20757,60歲以上,男,無,陰性
20758,20-29歲,男,無,陰性
20759,30-39歲,男,二級,陽性
20760,40-49歲,男,無,陰性
20761,40-49歲,女,無,陰性
20762,50-59歲,男,無,陰性
20763,20-29歲,男,無,陰性
20764,20-29歲,女,無,陰性
20765,50-59歲,男,無,陰性
20766,50-59歲,男,無,陰性
20767,50-59歲,女,無,陰性
20768,40-49歲,男,無,陰性
20769,40-49歲,男,無,陰性
20770,60歲以上,男,二級,陽性
20771,40-49歲,男,無,陰性
20772,40-49歲,男,無,陰性
20773,60歲以上,女,二級,陽性
20774,30-39歲,男,無,陰性
20775,50-59歲,男,二級,陽性
20776,40-49歲,男,無,陰性
20777,40-49歲,男,無,陰性
20778,50-59歲,女,無,陰性
20779,40-49歲,男,二級,陽性
20780,30-39歲,女,二級,陽性
20781,40-49歲,女,二級,陽性
20782,40-49歲,男,無,陰性
20783,40-49歲,男,無,陰性
20784,50-59歲,男,無,陰性
20785,40-49歲,男,三級,陽性
20786,60歲以上,男,無,陰性
20787,40-49歲,男,無,陰性
20788,50-59歲,男,無,陰性
20789,19歲以下,男,無,陰性
20790,40-49歲,男,無,陰性
20791,40-49歲,男,無,陰性
20792,30-39歲,男,無,陰性
20793,50-59歲,男,無,陰性
20794,20-29歲,男,二級,陽性
20795,40-49歲,男,無,陰性
20796,20-29歲,女,無,陰性
20797,19歲以下,男,無,陰性
20798,20-29歲,男,無,陰性
20799,50-59歲,男,三級,陽性
20800,50-59歲,男,二級,陽性
20801,30-39歲,男,無,陰性
20802,50-59歲,男,無,陰性
20803,40-49歲,男,無,陰性
20804,50-59歲,男,二級,陽性
20805,40-49歲,女,無,陰性
20806,40-49歲,男,無,陰性
20807,20-29歲,男,無,陰性
20808,30-39歲,男,無,陰性
20809,60歲以上,男,無,陰性
20810,50-59歲,男,無,陰性
20811,60歲以上,女,無,陰性
20812,20-29歲,女,無,陰性
20813,19歲以下,男,二級,陽性
20814,30-39歲,女,無,陰性
20815,50-59歲,男,無,陰性
20816,50-59歲,男,無,陰性
20817,20-29歲,男,無,陰性
20818,40-49歲,男,無,陰性
20819,40-49歲,男,無,陰性
20820,50-59歲,男,無,陰性
20821,20-29歲,男,無,陰性
20822,40-49歲,男,無,陰性
20823,40-49歲,男,無,陰性
20824,60歲以上,男,無,陰性
20825,20-29歲,男,無,陰性
20826,50-59歲,男,無,陰性
20827,30-39歲,男,無,陰性
20828,50-59歲,女,無,陰性
20829,30-39歲,男,無,陰性
20830,40-49歲,男,二級,陽性
20831,40-49歲,男,無,陰性
20832,20-29歲,女,無,陰性
20833,50-59歲,男,二級,陽性
20834,50-59歲,男,二級,陽性
20835,40-49歲,男,無,陰性
20836,50-59歲,男,無,陰性
20837,60歲以上,男,無,陰性
20838,30-39歲,男,無,陰性
20839,50-59歲,男,無,陰性
20840,40-49歲,男,二級,陽性
20841,20-29歲,女,無,陰性
20842,40-49歲,男,無,陰性
20843,20-29歲,男,無,陰性
20844,40-49歲,男,無,陰性
20845,30-39歲,女,無,陰性
20846,40-49歲,男,無,陰性
20847,60歲以上,男,無,陰性
20848,20-29歲,男,無,陰性
20849,40-49歲,男,無,陰性
20850,30-39歲,男,一級,陽性
20851,50-59歲,女,二級,陽性
20852,40-49歲,男,二級,陽性
20853,40-49歲,男,無,陰性
20854,20-29歲,男,二級,陽性
20855,40-49歲,女,無,陰性
20856,40-49歲,男,三級,陽性
20857,20-29歲,男,二級,陽性
20858,20-29歲,女,無,陰性
20859,20-29歲,男,無,陰性
20860,50-59歲,女,無,陰性
20861,40-49歲,男,無,陰性
20862,20-29歲,男,一級,陽性
20863,40-49歲,男,無,陰性
20864,50-59歲,男,三級,陽性
20865,50-59歲,女,無,陰性
20866,40-49歲,男,無,陰性
20867,50-59歲,男,無,陰性
20868,40-49歲,男,二級,陽性
20869,40-49歲,男,一級,陽性
20870,30-39歲,男,二級,陽性
20871,40-49歲,男,二級,陽性
20872,40-49歲,男,無,陰性
20873,40-49歲,男,無,陰性
20874,40-49歲,男,二級,陽性
20875,40-49歲,男,無,陰性
20876,50-59歲,女,無,陰性
20877,50-59歲,男,二級,陽性
20878,40-49歲,男,無,陰性
20879,20-29歲,男,無,陰性
20880,40-49歲,男,無,陰性
20881,40-49歲,男,二級,陽性
20882,50-59歲,女,無,陰性
20883,50-59歲,男,二級,陽性
20884,30-39歲,男,無,陰性
20885,40-49歲,男,無,陰性
20886,20-29歲,男,無,陰性
20887,30-39歲,男,二級,陽性
20888,40-49歲,女,無,陰性
20889,40-49歲,男,無,陰性
20890,30-39歲,男,無,陰性
20891,30-39歲,男,無,陰性
20892,50-59歲,男,無,陰性
20893,60歲以上,男,無,陰性
20894,50-59歲,男,無,陰性
20895,50-59歲,男,無,陰性
20896,30-39歲,男,無,陰性
20897,20-29歲,男,無,陰性
20898,40-49歲,男,無,陰性
20899,50-59歲,男,二級,陽性
20900,60歲以上,男,三級,陽性
20901,50-59歲,男,二級,陽性
20902,20-29歲,男,無,陰性
20903,20-29歲,男,無,陰性
20904,30-39歲,男,三級,陽性
20905,50-59歲,男,無,陰性
20906,60歲以上,女,二級,陽性
20907,30-39歲,男,無,陰性
20908,30-39歲,男,無,陰性
20909,50-59歲,男,二級,陽性
20910,40-49歲,女,無,陰性
20911,40-49歲,女,無,陰性
20912,19歲以下,男,三級,陽性
20913,40-49歲,男,無,陰性
20914,40-49歲,男,無,陰性
20915,30-39歲,男,無,陰性
20916,60歲以上,男,無,陰性
20917,40-49歲,男,無,陰性
20918,40-49歲,男,無,陰性
20919,60歲以上,女,無,陰性
20920,60歲以上,男,無,陰性
20921,50-59歲,男,二級,陽性
20922,50-59歲,男,無,陰性
20923,60歲以上,男,無,陰性
20924,19歲以下,男,二級,陽性
20925,30-39歲,男,二級,陽性
20926,20-29歲,男,無,陰性
20927,50-59歲,男,二級,陽性
20928,50-59歲,男,無,陰性
20929,30-39歲,男,無,陰性
20930,50-59歲,男,二級,陽性
20931,40-49歲,男,無,陰性
20932,40-49歲,男,二級,陽性
20933,40-49歲,男,三級,陽性
20934,40-49歲,男,無,陰性
20935,40-49歲,男,無,陰性
20936,50-59歲,男,無,陰性
20937,40-49歲,男,無,陰性
20938,50-59歲,女,無,陰性
20939,30-39歲,男,二級,陽性
20940,40-49歲,男,無,陰性
20941,60歲以上,男,二級,陽性
20942,19歲以下,男,無,陰性
20943,40-49歲,男,無,陰性
20944,30-39歲,男,二級,陽性
20945,20-29歲,男,三級,陽性
20946,60歲以上,男,無,陰性
20947,50-59歲,男,無,陰性
20948,50-59歲,男,二級,陽性
20949,60歲以上,男,無,陰性
20950,20-29歲,女,無,陰性
20951,50-59歲,男,二級,陽性
20952,60歲以上,男,無,陰性
20953,40-49歲,男,一級,陽性
20954,60歲以上,男,無,陰性
20955,50-59歲,男,無,陰性
20956,60歲以上,男,無,陰性
20957,40-49歲,男,無,陰性
20958,40-49歲,男,三級,陽性
20959,40-49歲,女,無,陰性
20960,60歲以上,女,無,陰性
20961,40-49歲,女,二級,陽性
20962,50-59歲,男,一級,陽性
20963,40-49歲,男,二級,陽性
20964,40-49歲,男,無,陰性
20965,40-49歲,男,二級,陽性
20966,30-39歲,男,無,陰性
20967,60歲以上,男,無,陰性
20968,40-49歲,男,無,陰性
20969,50-59歲,男,三級,陽性
20970,40-49歲,男,二級,陽性
20971,50-59歲,男,無,陰性
20972,50-59歲,男,無,陰性
20973,20-29歲,男,無,陰性
20974,40-49歲,男,無,陰性
20975,20-29歲,男,無,陰性
20976,30-39歲,男,無,陰性
20977,30-39歲,男,無,陰性
20978,30-39歲,男,無,陰性
20979,40-49歲,男,無,陰性
20980,40-49歲,男,三級,陽性
20981,40-49歲,男,一級,陽性
20982,20-29歲,男,無,陰性
20983,40-49歲,男,無,陰性
20984,20-29歲,男,無,陰性
20985,40-49歲,女,無,陰性
20986,30-39歲,男,無,陰性
20987,50-59歲,女,無,陰性
20988,50-59歲,女,無,陰性
20989,50-59歲,男,一級,陽性
20990,40-49歲,男,無,陰性
20991,30-39歲,男,無,陰性
20992,40-49歲,男,無,陰性
20993,60歲以上,男,無,陰性
20994,60歲以上,男,無,陰性
20995,50-59歲,男,二級,陽性
20996,40-49歲,男,無,陰性
20997,30-39歲,男,無,陰性
20998,40-49歲,男,二級,陽性
20999,20-29歲,女,無,陰性
21000,50-59歲,男,三級,陽性
21001,40-49歲,男,無,陰性
21002,30-39歲,男,無,陰性
21003,50-59歲,女,無,陰性
21004,20-29歲,男,無,陰性
21005,60歲以上,男,一級,陽性
21006,50-59歲,男,二級,陽性
21007,40-49歲,男,二級,陽性
21008,50-59歲,男,三級,陽性
21009,50-59歲,男,無,陰性
21010,60歲以上,男,三級,陽性
21011,30-39歲,女,無,陰性
21012,40-49歲,男,一級,陽性
21013,60歲以上,男,三級,陽性
21014,50-59歲,男,無,陰性
21015,40-49歲,男,二級,陽性
21016,50-59歲,男,無,陰性
21017,40-49歲,男,三級,陽性
21018,50-59歲,女,無,陰性
21019,30-39歲,女,無,陰性
21020,20-29歲,男,無,陰性
21021,20-29歲,男,無,陰性
21022,30-39歲,男,無,陰性
21023,20-29歲,男,無,陰性
21024,50-59歲,男,二級,陽性
21025,60歲以上,男,無,陰性
21026,50-59歲,女,無,陰性
21027,40-49歲,男,無,陰性
21028,50-59歲,女,無,陰性
21029,40-49歲,男,無,陰性
21030,30-39歲,男,無,陰性
21031,30-39歲,男,無,陰性
21032,50-59歲,男,無,陰性
21033,40-49歲,女,三級,陽性
21034,30-39歲,男,無,陰性
21035,40-49歲,男,無,陰性
21036,30-39歲,男,無,陰性
21037,30-39歲,男,一級,陽性
21038,50-59歲,男,無,陰性
21039,40-49歲,男,無,陰性
21040,50-59歲,男,三級,陽性
21041,40-49歲,男,無,陰性
21042,40-49歲,男,無,陰性
21043,50-59歲,男,無,陰性
21044,20-29歲,男,無,陰性
21045,40-49歲,男,無,陰性
21046,20-29歲,男,一級,陽性
21047,50-59歲,男,二級,陽性
21048,19歲以下,男,無,陰性
21049,50-59歲,男,無,陰性
21050,40-49歲,男,二級,陽性
21051,40-49歲,男,無,陰性
21052,40-49歲,男,無,陰性
21053,20-29歲,男,二級,陽性
21054,40-49歲,男,無,陰性
21055,40-49歲,男,無,陰性
21056,20-29歲,男,無,陰性
21057,60歲以上,女,無,陰性
21058,30-39歲,男,無,陰性
21059,30-39歲,男,無,陰性
21060,40-49歲,男,無,陰性
21061,60歲以上,男,二級,陽性
21062,50-59歲,男,無,陰性
21063,40-49歲,男,無,陰性
21064,30-39歲,男,無,陰性
21065,50-59歲,男,無,陰性
21066,40-49歲,男,無,陰性
21067,50-59歲,男,一級,陽性
21068,50-59歲,女,無,陰性
21069,50-59歲,男,無,陰性
21070,40-49歲,男,無,陰性
21071,30-39歲,男,無,陰性
21072,20-29歲,男,無,陰性
21073,30-39歲,男,無,陰性
21074,40-49歲,男,無,陰性
21075,50-59歲,女,無,陰性
21076,40-49歲,男,二級,陽性
21077,40-49歲,男,無,陰性
21078,30-39歲,男,無,陰性
21079,50-59歲,男,無,陰性
21080,40-49歲,男,無,陰性
21081,30-39歲,女,無,陰性
21082,50-59歲,男,無,陰性
21083,50-59歲,男,無,陰性
21084,40-49歲,男,無,陰性
21085,50-59歲,男,二級,陽性
21086,40-49歲,男,無,陰性
21087,50-59歲,男,二級,陽性
21088,50-59歲,男,二級,陽性
21089,50-59歲,男,無,陰性
21090,30-39歲,女,二級,陽性
21091,60歲以上,男,無,陰性
21092,60歲以上,女,無,陰性
21093,60歲以上,男,無,陰性
21094,40-49歲,男,無,陰性
21095,30-39歲,男,無,陰性
21096,40-49歲,女,三級,陽性
21097,30-39歲,男,無,陰性
21098,60歲以上,男,二級,陽性
21099,40-49歲,男,無,陰性
21100,40-49歲,女,無,陰性
21101,40-49歲,男,無,陰性
21102,60歲以上,女,無,陰性
21103,30-39歲,女,無,陰性
21104,40-49歲,男,無,陰性
21105,40-49歲,男,無,陰性
21106,40-49歲,男,無,陰性
21107,40-49歲,男,二級,陽性
21108,60歲以上,男,無,陰性
21109,50-59歲,男,無,陰性
21110,40-49歲,女,三級,陽性
21111,20-29歲,男,無,陰性
21112,60歲以上,女,二級,陽性
21113,30-39歲,女,無,陰性
21114,60歲以上,男,無,陰性
21115,40-49歲,男,無,陰性
21116,40-49歲,女,無,陰性
21117,50-59歲,男,無,陰性
21118,30-39歲,男,無,陰性
21119,20-29歲,男,無,陰性
21120,30-39歲,男,無,陰性
21121,50-59歲,男,無,陰性
21122,30-39歲,男,無,陰性
21123,50-59歲,男,無,陰性
21124,40-49歲,男,無,陰性
21125,40-49歲,女,無,陰性
21126,50-59歲,女,無,陰性
21127,30-39歲,男,無,陰性
21128,60歲以上,女,無,陰性
21129,40-49歲,女,無,陰性
21130,50-59歲,女,三級,陽性
21131,60歲以上,男,無,陰性
21132,50-59歲,男,無,陰性
21133,40-49歲,女,無,陰性
21134,40-49歲,男,無,陰性
21135,50-59歲,男,二級,陽性
21136,40-49歲,男,無,陰性
21137,40-49歲,男,二級,陽性
21138,40-49歲,女,無,陰性
21139,40-49歲,女,無,陰性
21140,50-59歲,女,無,陰性
21141,50-59歲,男,無,陰性
21142,40-49歲,女,無,陰性
21143,40-49歲,男,無,陰性
21144,20-29歲,男,無,陰性
21145,40-49歲,女,三級,陽性
21146,40-49歲,男,無,陰性
21147,60歲以上,男,三級,陽性
21148,40-49歲,女,無,陰性
21149,50-59歲,男,無,陰性
21150,50-59歲,女,三級,陽性
21151,40-49歲,男,無,陰性
21152,40-49歲,男,無,陰性
21153,40-49歲,男,無,陰性
21154,20-29歲,女,無,陰性
21155,30-39歲,女,無,陰性
21156,60歲以上,男,無,陰性
21157,50-59歲,男,無,陰性
21158,40-49歲,男,無,陰性
21159,40-49歲,女,無,陰性
21160,30-39歲,男,無,陰性
21161,40-49歲,男,無,陰性
21162,40-49歲,男,二級,陽性
21163,30-39歲,男,無,陰性
21164,30-39歲,男,無,陰性
21165,40-49歲,女,無,陰性
21166,40-49歲,男,無,陰性
21167,30-39歲,女,二級,陽性
21168,40-49歲,男,二級,陽性
21169,20-29歲,男,無,陰性
21170,40-49歲,男,無,陰性
21171,30-39歲,男,無,陰性
21172,50-59歲,女,無,陰性
21173,50-59歲,男,二級,陽性
21174,50-59歲,男,無,陰性
21175,40-49歲,男,三級,陽性
21176,40-49歲,男,無,陰性
21177,30-39歲,男,無,陰性
21178,30-39歲,男,無,陰性
21179,30-39歲,男,無,陰性
21180,50-59歲,男,無,陰性
21181,30-39歲,男,無,陰性
21182,50-59歲,男,無,陰性
21183,40-49歲,男,二級,陽性
21184,40-49歲,男,無,陰性
21185,60歲以上,男,無,陰性
21186,40-49歲,男,無,陰性
21187,30-39歲,男,無,陰性
21188,20-29歲,男,二級,陽性
21189,50-59歲,男,無,陰性
21190,20-29歲,男,無,陰性
21191,40-49歲,男,無,陰性
21192,40-49歲,男,無,陰性
21193,20-29歲,男,一級,陽性
21194,50-59歲,男,無,陰性
21195,40-49歲,女,無,陰性
21196,20-29歲,男,無,陰性
21197,20-29歲,女,二級,陽性
21198,30-39歲,女,三級,陽性
21199,50-59歲,男,無,陰性
21200,40-49歲,男,無,陰性
21201,40-49歲,男,無,陰性
21202,50-59歲,男,無,陰性
21203,40-49歲,男,無,陰性
21204,40-49歲,男,無,陰性
21205,40-49歲,女,二級,陽性
21206,50-59歲,男,無,陰性
21207,30-39歲,男,無,陰性
21208,40-49歲,男,無,陰性
21209,19歲以下,男,無,陰性
21210,50-59歲,男,無,陰性
21211,50-59歲,男,二級,陽性
21212,50-59歲,男,二級,陽性
21213,50-59歲,男,無,陰性
21214,50-59歲,男,無,陰性
21215,50-59歲,男,無,陰性
21216,40-49歲,女,無,陰性
21217,40-49歲,女,三級,陽性
21218,30-39歲,男,無,陰性
21219,30-39歲,男,無,陰性
21220,40-49歲,男,無,陰性
21221,40-49歲,男,無,陰性
21222,40-49歲,女,無,陰性
21223,20-29歲,男,無,陰性
21224,50-59歲,男,無,陰性
21225,40-49歲,男,二級,陽性
21226,50-59歲,男,二級,陽性
21227,20-29歲,男,無,陰性
21228,60歲以上,男,三級,陽性
21229,19歲以下,男,無,陰性
21230,50-59歲,男,無,陰性
21231,40-49歲,男,無,陰性
21232,19歲以下,男,無,陰性
21233,40-49歲,男,無,陰性
21234,40-49歲,男,無,陰性
21235,50-59歲,男,三級,陽性
21236,60歲以上,男,無,陰性
21237,50-59歲,男,無,陰性
21238,40-49歲,男,無,陰性
21239,40-49歲,男,無,陰性
21240,20-29歲,男,無,陰性
21241,40-49歲,男,無,陰性
21242,40-49歲,男,無,陰性
21243,30-39歲,男,三級,陽性
21244,50-59歲,男,無,陰性
21245,30-39歲,男,無,陰性
21246,50-59歲,男,無,陰性
21247,50-59歲,女,無,陰性
21248,50-59歲,男,無,陰性
21249,19歲以下,女,無,陰性
21250,50-59歲,男,二級,陽性
21251,40-49歲,男,無,陰性
21252,50-59歲,男,無,陰性
21253,50-59歲,男,無,陰性
21254,60歲以上,男,二級,陽性
21255,40-49歲,男,二級,陽性
21256,50-59歲,男,無,陰性
21257,60歲以上,男,二級,陽性
21258,30-39歲,男,二級,陽性
21259,40-49歲,男,無,陰性
21260,19歲以下,男,無,陰性
21261,40-49歲,女,二級,陽性
21262,50-59歲,女,二級,陽性
21263,30-39歲,男,二級,陽性
21264,40-49歲,男,無,陰性
21265,30-39歲,男,無,陰性
21266,20-29歲,男,無,陰性
21267,50-59歲,男,無,陰性
21268,50-59歲,女,無,陰性
21269,50-59歲,男,無,陰性
21270,40-49歲,男,無,陰性
21271,30-39歲,男,無,陰性
21272,20-29歲,女,三級,陽性
21273,40-49歲,男,無,陰性
21274,50-59歲,男,二級,陽性
21275,40-49歲,男,無,陰性
21276,40-49歲,男,無,陰性
21277,40-49歲,男,無,陰性
21278,50-59歲,男,無,陰性
21279,40-49歲,男,二級,陽性
21280,40-49歲,男,無,陰性
21281,40-49歲,男,二級,陽性
21282,50-59歲,男,無,陰性
21283,40-49歲,男,無,陰性
21284,30-39歲,男,無,陰性
21285,40-49歲,女,無,陰性
21286,50-59歲,男,無,陰性
21287,40-49歲,男,二級,陽性
21288,30-39歲,男,無,陰性
21289,20-29歲,男,無,陰性
21290,50-59歲,男,無,陰性
21291,50-59歲,男,無,陰性
21292,60歲以上,男,無,陰性
21293,20-29歲,男,無,陰性
21294,50-59歲,男,二級,陽性
21295,30-39歲,男,無,陰性
21296,50-59歲,男,二級,陽性
21297,60歲以上,女,無,陰性
21298,30-39歲,男,無,陰性
21299,30-39歲,男,無,陰性
21300,30-39歲,男,一級,陽性
21301,50-59歲,男,無,陰性
21302,20-29歲,男,無,陰性
21303,30-39歲,男,二級,陽性
21304,60歲以上,女,無,陰性
21305,30-39歲,女,無,陰性
21306,30-39歲,男,無,陰性
21307,30-39歲,男,三級,陽性
21308,50-59歲,男,無,陰性
21309,50-59歲,男,二級,陽性
21310,30-39歲,男,一級,陽性
21311,50-59歲,男,無,陰性
21312,40-49歲,男,無,陰性
21313,20-29歲,男,無,陰性
21314,50-59歲,男,三級,陽性
21315,40-49歲,男,無,陰性
21316,40-49歲,女,無,陰性
21317,30-39歲,男,無,陰性
21318,50-59歲,女,無,陰性
21319,40-49歲,男,無,陰性
21320,40-49歲,男,二級,陽性
21321,60歲以上,男,無,陰性
21322,50-59歲,女,二級,陽性
21323,60歲以上,男,無,陰性
21324,30-39歲,男,無,陰性
21325,30-39歲,女,三級,陽性
21326,30-39歲,男,無,陰性
21327,30-39歲,男,一級,陽性
21328,50-59歲,男,無,陰性
21329,40-49歲,女,無,陰性
21330,20-29歲,女,無,陰性
21331,40-49歲,男,無,陰性
21332,30-39歲,男,三級,陽性
21333,50-59歲,男,無,陰性
21334,40-49歲,男,無,陰性
21335,20-29歲,男,二級,陽性
21336,40-49歲,男,無,陰性
21337,40-49歲,男,無,陰性
21338,40-49歲,男,一級,陽性
21339,50-59歲,女,無,陰性
21340,40-49歲,女,無,陰性
21341,30-39歲,男,無,陰性
21342,50-59歲,男,無,陰性
21343,19歲以下,男,無,陰性
21344,50-59歲,男,無,陰性
21345,30-39歲,男,無,陰性
21346,40-49歲,男,無,陰性
21347,60歲以上,男,無,陰性
21348,30-39歲,男,二級,陽性
21349,30-39歲,男,無,陰性
21350,40-49歲,女,無,陰性
21351,20-29歲,男,無,陰性
21352,40-49歲,男,無,陰性
21353,40-49歲,女,無,陰性
21354,40-49歲,男,二級,陽性
21355,40-49歲,男,無,陰性
21356,60歲以上,男,無,陰性
21357,20-29歲,男,無,陰性
21358,30-39歲,男,無,陰性
21359,50-59歲,女,無,陰性
21360,50-59歲,男,無,陰性
21361,60歲以上,男,無,陰性
21362,40-49歲,男,無,陰性
21363,30-39歲,男,二級,陽性
21364,40-49歲,男,二級,陽性
21365,30-39歲,女,三級,陽性
21366,30-39歲,男,三級,陽性
21367,30-39歲,男,無,陰性
21368,20-29歲,女,無,陰性
21369,40-49歲,女,無,陰性
21370,50-59歲,男,無,陰性
21371,20-29歲,男,無,陰性
21372,50-59歲,男,無,陰性
21373,19歲以下,男,無,陰性
21374,30-39歲,女,二級,陽性
21375,40-49歲,男,無,陰性
21376,50-59歲,女,無,陰性
21377,40-49歲,男,無,陰性
21378,40-49歲,男,無,陰性
21379,30-39歲,男,無,陰性
21380,40-49歲,男,二級,陽性
21381,40-49歲,男,無,陰性
21382,40-49歲,男,無,陰性
21383,40-49歲,男,無,陰性
21384,40-49歲,男,無,陰性
21385,40-49歲,男,無,陰性
21386,60歲以上,男,無,陰性
21387,30-39歲,男,無,陰性
21388,40-49歲,女,無,陰性
21389,50-59歲,男,無,陰性
21390,40-49歲,男,無,陰性
21391,50-59歲,男,無,陰性
21392,50-59歲,女,無,陰性
21393,40-49歲,女,無,陰性
21394,40-49歲,男,無,陰性
21395,40-49歲,男,無,陰性
21396,60歲以上,男,無,陰性
21397,50-59歲,女,無,陰性
21398,50-59歲,男,無,陰性
21399,30-39歲,男,無,陰性
21400,50-59歲,男,無,陰性
21401,50-59歲,男,無,陰性
21402,50-59歲,男,二級,陽性
21403,50-59歲,男,無,陰性
21404,20-29歲,女,無,陰性
21405,50-59歲,男,無,陰性
21406,50-59歲,男,無,陰性
21407,50-59歲,男,無,陰性
21408,60歲以上,男,無,陰性
21409,60歲以上,男,無,陰性
21410,50-59歲,男,無,陰性
21411,50-59歲,男,無,陰性
21412,60歲以上,男,無,陰性
21413,40-49歲,男,二級,陽性
21414,50-59歲,男,二級,陽性
21415,60歲以上,男,二級,陽性
21416,30-39歲,男,無,陰性
21417,50-59歲,男,無,陰性
21418,50-59歲,男,無,陰性
21419,60歲以上,男,二級,陽性
21420,50-59歲,女,無,陰性
21421,40-49歲,男,二級,陽性
21422,40-49歲,男,無,陰性
21423,40-49歲,男,無,陰性
21424,30-39歲,男,無,陰性
21425,60歲以上,男,二級,陽性
21426,40-49歲,男,二級,陽性
21427,20-29歲,男,無,陰性
21428,50-59歲,男,無,陰性
21429,30-39歲,女,無,陰性
21430,30-39歲,男,二級,陽性
21431,50-59歲,男,無,陰性
21432,40-49歲,男,三級,陽性
21433,40-49歲,女,無,陰性
21434,20-29歲,男,二級,陽性
21435,50-59歲,男,無,陰性
21436,30-39歲,男,無,陰性
21437,30-39歲,男,無,陰性
21438,50-59歲,女,二級,陽性
21439,50-59歲,男,無,陰性
21440,50-59歲,男,二級,陽性
21441,30-39歲,男,無,陰性
21442,50-59歲,男,無,陰性
21443,40-49歲,女,無,陰性
21444,50-59歲,女,無,陰性
21445,40-49歲,男,三級,陽性
21446,20-29歲,女,一級,陽性
21447,40-49歲,男,無,陰性
21448,40-49歲,男,無,陰性
21449,30-39歲,男,無,陰性
21450,40-49歲,男,二級,陽性
21451,30-39歲,男,無,陰性
21452,30-39歲,男,二級,陽性
21453,30-39歲,女,無,陰性
21454,40-49歲,男,一級,陽性
21455,50-59歲,男,無,陰性
21456,50-59歲,女,無,陰性
21457,40-49歲,男,無,陰性
21458,50-59歲,男,無,陰性
21459,50-59歲,男,無,陰性
21460,20-29歲,男,無,陰性
21461,50-59歲,男,無,陰性
21462,19歲以下,男,二級,陽性
21463,30-39歲,男,無,陰性
21464,30-39歲,男,無,陰性
21465,20-29歲,男,無,陰性
21466,40-49歲,男,無,陰性
21467,40-49歲,男,無,陰性
21468,40-49歲,男,無,陰性
21469,60歲以上,女,無,陰性
21470,40-49歲,男,無,陰性
21471,40-49歲,男,無,陰性
21472,50-59歲,男,無,陰性
21473,50-59歲,女,二級,陽性
21474,40-49歲,男,無,陰性
21475,20-29歲,男,無,陰性
21476,20-29歲,女,無,陰性
21477,50-59歲,男,無,陰性
21478,20-29歲,男,二級,陽性
21479,20-29歲,男,無,陰性
21480,40-49歲,男,無,陰性
21481,50-59歲,男,無,陰性
21482,20-29歲,男,無,陰性
21483,30-39歲,女,無,陰性
21484,40-49歲,女,無,陰性
21485,30-39歲,女,三級,陽性
21486,40-49歲,男,無,陰性
21487,50-59歲,男,無,陰性
21488,30-39歲,男,無,陰性
21489,60歲以上,男,無,陰性
21490,50-59歲,男,無,陰性
21491,40-49歲,女,二級,陽性
21492,20-29歲,女,一級,陽性
21493,40-49歲,男,無,陰性
21494,40-49歲,男,無,陰性
21495,20-29歲,男,一級,陽性
21496,40-49歲,男,無,陰性
21497,50-59歲,男,無,陰性
21498,40-49歲,男,無,陰性
21499,60歲以上,男,無,陰性
21500,50-59歲,女,無,陰性
21501,40-49歲,男,無,陰性
21502,30-39歲,男,無,陰性
21503,40-49歲,男,無,陰性
21504,60歲以上,男,無,陰性
21505,30-39歲,男,無,陰性
21506,30-39歲,男,二級,陽性
21507,30-39歲,男,無,陰性
21508,40-49歲,男,無,陰性
21509,40-49歲,男,無,陰性
21510,50-59歲,男,無,陰性
21511,30-39歲,女,二級,陽性
21512,30-39歲,男,無,陰性
21513,40-49歲,男,無,陰性
21514,40-49歲,男,二級,陽性
21515,30-39歲,男,二級,陽性
21516,50-59歲,女,無,陰性
21517,40-49歲,男,無,陰性
21518,50-59歲,男,無,陰性
21519,40-49歲,男,無,陰性
21520,30-39歲,男,二級,陽性
21521,20-29歲,男,無,陰性
21522,50-59歲,男,無,陰性
21523,30-39歲,男,無,陰性
21524,40-49歲,男,無,陰性
21525,40-49歲,男,無,陰性
21526,20-29歲,男,無,陰性
21527,40-49歲,女,無,陰性
21528,40-49歲,男,無,陰性
21529,50-59歲,男,無,陰性
21530,50-59歲,女,無,陰性
21531,30-39歲,男,無,陰性
21532,20-29歲,男,無,陰性
21533,50-59歲,男,二級,陽性
21534,30-39歲,男,三級,陽性
21535,19歲以下,男,二級,陽性
21536,30-39歲,男,無,陰性
21537,30-39歲,男,三級,陽性
21538,50-59歲,男,無,陰性
21539,60歲以上,男,二級,陽性
21540,50-59歲,女,無,陰性
21541,40-49歲,男,無,陰性
21542,40-49歲,男,無,陰性
21543,40-49歲,女,無,陰性
21544,20-29歲,男,無,陰性
21545,60歲以上,男,無,陰性
21546,50-59歲,男,無,陰性
21547,40-49歲,男,無,陰性
21548,40-49歲,男,無,陰性
21549,40-49歲,男,無,陰性
21550,30-39歲,男,二級,陽性
21551,40-49歲,男,無,陰性
21552,40-49歲,男,無,陰性
21553,50-59歲,男,二級,陽性
21554,20-29歲,男,二級,陽性
21555,50-59歲,男,無,陰性
21556,50-59歲,男,無,陰性
21557,30-39歲,男,無,陰性
21558,30-39歲,女,無,陰性
21559,40-49歲,男,無,陰性
21560,40-49歲,男,二級,陽性
21561,50-59歲,男,無,陰性
21562,30-39歲,男,無,陰性
21563,50-59歲,男,無,陰性
21564,30-39歲,女,二級,陽性
21565,40-49歲,男,無,陰性
21566,50-59歲,男,無,陰性
21567,50-59歲,女,無,陰性
21568,40-49歲,男,無,陰性
21569,40-49歲,男,無,陰性
21570,50-59歲,男,無,陰性
21571,40-49歲,男,無,陰性
21572,50-59歲,男,三級,陽性
21573,30-39歲,男,無,陰性
21574,40-49歲,男,無,陰性
21575,40-49歲,男,無,陰性
21576,50-59歲,男,無,陰性
21577,30-39歲,女,無,陰性
21578,50-59歲,男,無,陰性
21579,40-49歲,男,無,陰性
21580,50-59歲,男,二級,陽性
21581,50-59歲,女,無,陰性
21582,20-29歲,男,無,陰性
21583,40-49歲,男,無,陰性
21584,40-49歲,男,無,陰性
21585,40-49歲,男,無,陰性
21586,40-49歲,男,無,陰性
21587,40-49歲,男,三級,陽性
21588,40-49歲,男,無,陰性
21589,50-59歲,男,無,陰性
21590,30-39歲,男,無,陰性
21591,50-59歲,女,無,陰性
21592,40-49歲,男,二級,陽性
21593,50-59歲,女,無,陰性
21594,60歲以上,男,無,陰性
21595,30-39歲,男,無,陰性
21596,50-59歲,男,二級,陽性
21597,30-39歲,男,無,陰性
21598,60歲以上,男,無,陰性
21599,60歲以上,男,無,陰性
21600,40-49歲,男,二級,陽性
21601,50-59歲,男,無,陰性
21602,20-29歲,男,二級,陽性
21603,50-59歲,男,二級,陽性
21604,30-39歲,男,無,陰性
21605,50-59歲,男,無,陰性
21606,30-39歲,男,無,陰性
21607,40-49歲,男,無,陰性
21608,40-49歲,男,無,陰性
21609,40-49歲,男,無,陰性
21610,40-49歲,男,無,陰性
21611,50-59歲,女,無,陰性
21612,40-49歲,女,無,陰性
21613,30-39歲,女,三級,陽性
21614,40-49歲,男,二級,陽性
21615,50-59歲,男,無,陰性
21616,50-59歲,男,無,陰性
21617,30-39歲,男,無,陰性
21618,40-49歲,男,無,陰性
21619,50-59歲,男,無,陰性
21620,30-39歲,男,無,陰性
21621,50-59歲,男,無,陰性
21622,50-59歲,男,無,陰性
21623,50-59歲,男,無,陰性
21624,60歲以上,男,無,陰性
21625,40-49歲,女,無,陰性
21626,30-39歲,女,無,陰性
21627,50-59歲,男,無,陰性
21628,40-49歲,男,無,陰性
21629,50-59歲,男,無,陰性
21630,30-39歲,男,無,陰性
21631,40-49歲,男,無,陰性
21632,50-59歲,男,無,陰性
21633,30-39歲,男,無,陰性
21634,60歲以上,男,無,陰性
21635,20-29歲,男,無,陰性
21636,30-39歲,男,無,陰性
21637,30-39歲,男,二級,陽性
21638,40-49歲,男,無,陰性
21639,40-49歲,男,無,陰性
21640,50-59歲,男,無,陰性
21641,30-39歲,男,二級,陽性
21642,40-49歲,男,無,陰性
21643,50-59歲,男,一級,陽性
21644,50-59歲,男,無,陰性
21645,50-59歲,男,三級,陽性
21646,50-59歲,男,無,陰性
21647,40-49歲,男,無,陰性
21648,20-29歲,男,二級,陽性
21649,40-49歲,男,二級,陽性
21650,50-59歲,男,無,陰性
21651,19歲以下,男,無,陰性
21652,60歲以上,女,無,陰性
21653,19歲以下,女,二級,陽性
21654,50-59歲,女,無,陰性
21655,30-39歲,男,無,陰性
21656,40-49歲,女,無,陰性
21657,20-29歲,女,無,陰性
21658,40-49歲,男,二級,陽性
21659,20-29歲,男,無,陰性
21660,40-49歲,男,無,陰性
21661,50-59歲,男,無,陰性
21662,30-39歲,男,無,陰性
21663,40-49歲,男,無,陰性
21664,19歲以下,男,無,陰性
21665,50-59歲,男,無,陰性
21666,60歲以上,女,無,陰性
21667,40-49歲,男,無,陰性
21668,60歲以上,男,無,陰性
21669,40-49歲,男,三級,陽性
21670,60歲以上,男,無,陰性
21671,60歲以上,男,無,陰性
21672,50-59歲,男,無,陰性
21673,30-39歲,男,三級,陽性
21674,60歲以上,男,無,陰性
21675,40-49歲,男,三級,陽性
21676,60歲以上,男,無,陰性
21677,60歲以上,男,無,陰性
21678,40-49歲,男,無,陰性
21679,19歲以下,男,無,陰性
21680,20-29歲,男,無,陰性
21681,19歲以下,女,無,陰性
21682,40-49歲,男,二級,陽性
21683,50-59歲,男,無,陰性
21684,30-39歲,男,無,陰性
21685,40-49歲,男,無,陰性
21686,30-39歲,男,無,陰性
21687,40-49歲,男,無,陰性
21688,40-49歲,男,無,陰性
21689,30-39歲,男,無,陰性
21690,40-49歲,男,二級,陽性
21691,20-29歲,男,無,陰性
21692,50-59歲,女,二級,陽性
21693,20-29歲,男,無,陰性
21694,40-49歲,男,二級,陽性
21695,40-49歲,男,無,陰性
21696,40-49歲,男,無,陰性
21697,20-29歲,女,無,陰性
21698,40-49歲,男,無,陰性
21699,60歲以上,男,無,陰性
21700,40-49歲,男,無,陰性
21701,30-39歲,男,無,陰性
21702,50-59歲,男,無,陰性
21703,60歲以上,男,無,陰性
21704,40-49歲,男,無,陰性
21705,40-49歲,男,無,陰性
21706,30-39歲,男,無,陰性
21707,50-59歲,男,無,陰性
21708,30-39歲,男,無,陰性
21709,50-59歲,女,一級,陽性
21710,20-29歲,男,無,陰性
21711,40-49歲,男,無,陰性
21712,20-29歲,男,無,陰性
21713,50-59歲,男,無,陰性
21714,30-39歲,男,無,陰性
21715,40-49歲,男,三級,陽性
21716,60歲以上,男,無,陰性
21717,30-39歲,男,無,陰性
21718,50-59歲,女,二級,陽性
21719,30-39歲,女,無,陰性
21720,30-39歲,男,三級,陽性
21721,50-59歲,女,無,陰性
21722,50-59歲,男,無,陰性
21723,40-49歲,男,無,陰性
21724,19歲以下,男,無,陰性
21725,20-29歲,女,無,陰性
21726,60歲以上,女,無,陰性
21727,30-39歲,男,無,陰性
21728,50-59歲,男,無,陰性
21729,40-49歲,女,無,陰性
21730,50-59歲,男,無,陰性
21731,19歲以下,男,無,陰性
21732,20-29歲,女,無,陰性
21733,40-49歲,女,無,陰性
21734,60歲以上,男,無,陰性
21735,40-49歲,男,無,陰性
21736,40-49歲,男,二級,陽性
21737,50-59歲,男,二級,陽性
21738,40-49歲,男,無,陰性
21739,50-59歲,男,無,陰性
21740,40-49歲,男,三級,陽性
21741,30-39歲,男,無,陰性
21742,60歲以上,男,無,陰性
21743,50-59歲,女,無,陰性
21744,60歲以上,男,三級,陽性
21745,19歲以下,男,二級,陽性
21746,50-59歲,女,無,陰性
21747,60歲以上,男,無,陰性
21748,30-39歲,男,二級,陽性
21749,20-29歲,男,二級,陽性
21750,40-49歲,女,無,陰性
21751,50-59歲,男,無,陰性
21752,40-49歲,女,二級,陽性
21753,50-59歲,女,無,陰性
21754,50-59歲,男,二級,陽性
21755,40-49歲,女,無,陰性
21756,50-59歲,男,無,陰性
21757,30-39歲,女,無,陰性
21758,40-49歲,男,無,陰性
21759,19歲以下,男,無,陰性
21760,20-29歲,男,無,陰性
21761,40-49歲,女,無,陰性
21762,30-39歲,男,無,陰性
21763,30-39歲,男,無,陰性
21764,60歲以上,女,無,陰性
21765,20-29歲,女,無,陰性
21766,40-49歲,男,二級,陽性
21767,20-29歲,男,無,陰性
21768,60歲以上,男,無,陰性
21769,40-49歲,女,無,陰性
21770,30-39歲,男,無,陰性
21771,40-49歲,男,無,陰性
21772,30-39歲,女,無,陰性
21773,30-39歲,男,無,陰性
21774,50-59歲,男,二級,陽性
21775,20-29歲,男,無,陰性
21776,30-39歲,男,二級,陽性
21777,40-49歲,女,三級,陽性
21778,50-59歲,男,二級,陽性
21779,50-59歲,男,無,陰性
21780,40-49歲,女,無,陰性
21781,40-49歲,男,無,陰性
21782,30-39歲,女,無,陰性
21783,40-49歲,男,無,陰性
21784,30-39歲,男,無,陰性
21785,40-49歲,男,無,陰性
21786,40-49歲,男,無,陰性
21787,40-49歲,男,無,陰性
21788,60歲以上,男,無,陰性
21789,40-49歲,男,一級,陽性
21790,50-59歲,男,二級,陽性
21791,30-39歲,男,無,陰性
21792,40-49歲,男,無,陰性
21793,60歲以上,男,無,陰性
21794,60歲以上,男,無,陰性
21795,30-39歲,女,二級,陽性
21796,30-39歲,男,無,陰性
21797,40-49歲,男,無,陰性
21798,50-59歲,男,無,陰性
21799,40-49歲,男,無,陰性
21800,40-49歲,男,無,陰性
21801,40-49歲,女,無,陰性
21802,40-49歲,男,無,陰性
21803,40-49歲,男,無,陰性
21804,20-29歲,男,無,陰性
21805,20-29歲,男,無,陰性
21806,30-39歲,男,無,陰性
21807,30-39歲,男,無,陰性
21808,60歲以上,女,無,陰性
21809,60歲以上,男,二級,陽性
21810,30-39歲,男,二級,陽性
21811,60歲以上,女,無,陰性
21812,40-49歲,男,無,陰性
21813,50-59歲,男,二級,陽性
21814,40-49歲,男,無,陰性
21815,40-49歲,男,無,陰性
21816,60歲以上,男,無,陰性
21817,60歲以上,男,無,陰性
21818,40-49歲,男,無,陰性
21819,40-49歲,男,二級,陽性
21820,50-59歲,男,無,陰性
21821,50-59歲,男,無,陰性
21822,40-49歲,男,無,陰性
21823,60歲以上,男,無,陰性
21824,40-49歲,女,無,陰性
21825,50-59歲,男,無,陰性
21826,60歲以上,女,無,陰性
21827,40-49歲,女,無,陰性
21828,40-49歲,男,無,陰性
21829,40-49歲,男,無,陰性
21830,30-39歲,男,無,陰性
21831,40-49歲,男,無,陰性
21832,50-59歲,男,無,陰性
21833,60歲以上,男,無,陰性
21834,40-49歲,男,無,陰性
21835,40-49歲,女,二級,陽性
21836,50-59歲,男,無,陰性
21837,60歲以上,男,無,陰性
21838,60歲以上,男,二級,陽性
21839,40-49歲,男,無,陰性
21840,40-49歲,女,無,陰性
21841,19歲以下,男,無,陰性
21842,40-49歲,男,無,陰性
21843,20-29歲,男,無,陰性
21844,50-59歲,女,無,陰性
21845,40-49歲,男,無,陰性
21846,50-59歲,女,三級,陽性
21847,50-59歲,男,無,陰性
21848,30-39歲,男,一級,陽性
21849,30-39歲,男,無,陰性
21850,40-49歲,男,二級,陽性
21851,50-59歲,男,無,陰性
21852,50-59歲,男,無,陰性
21853,20-29歲,男,無,陰性
21854,50-59歲,男,無,陰性
21855,40-49歲,男,無,陰性
21856,50-59歲,男,二級,陽性
21857,40-49歲,男,無,陰性
21858,20-29歲,男,一級,陽性
21859,30-39歲,男,無,陰性
21860,50-59歲,男,無,陰性
21861,50-59歲,男,無,陰性
21862,20-29歲,男,無,陰性
21863,40-49歲,男,無,陰性
21864,40-49歲,男,無,陰性
21865,20-29歲,男,無,陰性
21866,60歲以上,男,二級,陽性
21867,50-59歲,女,二級,陽性
21868,50-59歲,男,無,陰性
21869,50-59歲,男,二級,陽性
21870,40-49歲,男,無,陰性
21871,40-49歲,男,無,陰性
21872,40-49歲,男,二級,陽性
21873,50-59歲,男,二級,陽性
21874,40-49歲,男,無,陰性
21875,50-59歲,男,無,陰性
21876,50-59歲,男,無,陰性
21877,50-59歲,男,二級,陽性
21878,50-59歲,男,無,陰性
21879,50-59歲,男,無,陰性
21880,40-49歲,男,二級,陽性
21881,40-49歲,男,無,陰性
21882,20-29歲,男,無,陰性
21883,40-49歲,男,一級,陽性
21884,50-59歲,男,無,陰性
21885,50-59歲,男,二級,陽性
21886,40-49歲,男,無,陰性
21887,60歲以上,男,二級,陽性
21888,40-49歲,男,無,陰性
21889,40-49歲,男,一級,陽性
21890,30-39歲,男,無,陰性
21891,50-59歲,男,三級,陽性
21892,30-39歲,男,無,陰性
21893,50-59歲,男,無,陰性
21894,60歲以上,男,二級,陽性
21895,40-49歲,男,三級,陽性
21896,40-49歲,女,無,陰性
21897,19歲以下,男,無,陰性
21898,30-39歲,男,無,陰性
21899,50-59歲,男,無,陰性
21900,50-59歲,男,無,陰性
21901,50-59歲,女,無,陰性
21902,40-49歲,男,無,陰性
21903,30-39歲,女,無,陰性
21904,50-59歲,男,無,陰性
21905,60歲以上,男,無,陰性
21906,50-59歲,男,無,陰性
21907,50-59歲,男,無,陰性
21908,60歲以上,女,無,陰性
21909,50-59歲,男,無,陰性
21910,40-49歲,女,二級,陽性
21911,50-59歲,男,無,陰性
21912,50-59歲,男,二級,陽性
21913,30-39歲,男,無,陰性
21914,30-39歲,男,無,陰性
21915,50-59歲,女,無,陰性
21916,50-59歲,女,三級,陽性
21917,40-49歲,男,無,陰性
21918,30-39歲,男,無,陰性
21919,40-49歲,男,三級,陽性
21920,50-59歲,男,二級,陽性
21921,50-59歲,男,二級,陽性
21922,20-29歲,男,無,陰性
21923,40-49歲,男,無,陰性
21924,30-39歲,女,無,陰性
21925,60歲以上,男,無,陰性
21926,50-59歲,男,無,陰性
21927,50-59歲,男,無,陰性
21928,40-49歲,男,無,陰性
21929,60歲以上,男,無,陰性
21930,30-39歲,女,無,陰性
21931,50-59歲,男,無,陰性
21932,50-59歲,男,無,陰性
21933,20-29歲,男,無,陰性
21934,60歲以上,男,無,陰性
21935,40-49歲,男,無,陰性
21936,30-39歲,男,無,陰性
21937,50-59歲,男,無,陰性
21938,40-49歲,男,無,陰性
21939,20-29歲,男,無,陰性
21940,60歲以上,女,無,陰性
21941,50-59歲,男,無,陰性
21942,30-39歲,女,二級,陽性
21943,19歲以下,女,無,陰性
21944,50-59歲,女,無,陰性
21945,50-59歲,男,無,陰性
21946,50-59歲,男,二級,陽性
21947,40-49歲,女,無,陰性
21948,40-49歲,男,無,陰性
21949,60歲以上,男,無,陰性
21950,30-39歲,男,無,陰性
21951,40-49歲,男,無,陰性
21952,50-59歲,男,無,陰性
21953,50-59歲,男,無,陰性
21954,50-59歲,男,無,陰性
21955,40-49歲,男,無,陰性
21956,40-49歲,男,無,陰性
21957,20-29歲,男,二級,陽性
21958,60歲以上,男,無,陰性
21959,50-59歲,男,二級,陽性
21960,40-49歲,男,無,陰性
21961,40-49歲,男,無,陰性
21962,30-39歲,男,二級,陽性
21963,50-59歲,男,無,陰性
21964,40-49歲,女,無,陰性
21965,50-59歲,男,無,陰性
21966,40-49歲,女,無,陰性
21967,30-39歲,女,無,陰性
21968,40-49歲,男,無,陰性
21969,50-59歲,男,二級,陽性
21970,50-59歲,男,無,陰性
21971,40-49歲,男,無,陰性
21972,40-49歲,女,無,陰性
21973,60歲以上,男,無,陰性
21974,60歲以上,男,無,陰性
21975,50-59歲,女,無,陰性
21976,50-59歲,男,無,陰性
21977,19歲以下,男,無,陰性
21978,40-49歲,女,無,陰性
21979,50-59歲,女,二級,陽性
21980,40-49歲,男,三級,陽性
21981,20-29歲,男,無,陰性
21982,40-49歲,男,無,陰性
21983,40-49歲,男,無,陰性
21984,40-49歲,女,三級,陽性
21985,50-59歲,男,無,陰性
21986,30-39歲,女,無,陰性
21987,40-49歲,女,無,陰性
21988,50-59歲,男,二級,陽性
21989,50-59歲,男,無,陰性
21990,50-59歲,男,二級,陽性
21991,50-59歲,男,無,陰性
21992,60歲以上,男,無,陰性
21993,60歲以上,男,無,陰性
21994,40-49歲,男,無,陰性
21995,50-59歲,男,無,陰性
21996,50-59歲,男,無,陰性
21997,19歲以下,男,無,陰性
21998,20-29歲,男,二級,陽性
21999,20-29歲,男,無,陰性
22000,50-59歲,女,無,陰性
22001,40-49歲,男,無,陰性
22002,30-39歲,男,無,陰性
22003,20-29歲,男,無,陰性
22004,40-49歲,女,二級,陽性
22005,20-29歲,男,無,陰性
22006,20-29歲,男,二級,陽性
22007,40-49歲,男,無,陰性
22008,20-29歲,男,三級,陽性
22009,20-29歲,男,無,陰性
22010,40-49歲,男,二級,陽性
22011,50-59歲,男,無,陰性
22012,40-49歲,男,無,陰性
22013,40-49歲,男,無,陰性
22014,50-59歲,男,無,陰性
22015,50-59歲,男,無,陰性
22016,40-49歲,男,二級,陽性
22017,40-49歲,男,無,陰性
22018,50-59歲,男,一級,陽性
22019,40-49歲,男,無,陰性
22020,30-39歲,男,三級,陽性
22021,60歲以上,男,無,陰性
22022,30-39歲,男,二級,陽性
22023,40-49歲,男,二級,陽性
22024,40-49歲,男,二級,陽性
22025,20-29歲,男,無,陰性
22026,20-29歲,男,無,陰性
22027,50-59歲,男,二級,陽性
22028,60歲以上,男,無,陰性
22029,30-39歲,男,無,陰性
22030,40-49歲,男,無,陰性
22031,50-59歲,男,無,陰性
22032,60歲以上,男,無,陰性
22033,50-59歲,男,無,陰性
22034,30-39歲,男,二級,陽性
22035,20-29歲,男,無,陰性
22036,50-59歲,男,無,陰性
22037,19歲以下,男,二級,陽性
22038,50-59歲,男,三級,陽性
22039,20-29歲,男,無,陰性
22040,30-39歲,男,無,陰性
22041,60歲以上,男,無,陰性
22042,60歲以上,男,無,陰性
22043,50-59歲,男,二級,陽性
22044,40-49歲,男,無,陰性
22045,50-59歲,男,無,陰性
22046,40-49歲,男,二級,陽性
22047,50-59歲,女,無,陰性
22048,30-39歲,男,無,陰性
22049,40-49歲,男,無,陰性
22050,40-49歲,男,無,陰性
22051,40-49歲,男,無,陰性
22052,50-59歲,男,無,陰性
22053,40-49歲,男,無,陰性
22054,40-49歲,男,一級,陽性
22055,40-49歲,男,無,陰性
22056,50-59歲,男,無,陰性
22057,50-59歲,男,無,陰性
22058,30-39歲,男,無,陰性
22059,50-59歲,男,無,陰性
22060,40-49歲,男,無,陰性
22061,40-49歲,男,無,陰性
22062,20-29歲,女,無,陰性
22063,60歲以上,男,無,陰性
22064,40-49歲,男,三級,陽性
22065,19歲以下,男,無,陰性
22066,30-39歲,女,二級,陽性
22067,50-59歲,男,二級,陽性
22068,30-39歲,男,無,陰性
22069,50-59歲,男,無,陰性
22070,20-29歲,男,無,陰性
22071,40-49歲,男,無,陰性
22072,50-59歲,男,二級,陽性
22073,60歲以上,男,無,陰性
22074,40-49歲,男,無,陰性
22075,30-39歲,男,無,陰性
22076,50-59歲,男,無,陰性
22077,40-49歲,男,二級,陽性
22078,60歲以上,男,二級,陽性
22079,50-59歲,男,二級,陽性
22080,40-49歲,男,無,陰性
22081,60歲以上,男,無,陰性
22082,40-49歲,女,無,陰性
22083,40-49歲,男,無,陰性
22084,40-49歲,男,無,陰性
22085,30-39歲,男,無,陰性
22086,30-39歲,男,無,陰性
22087,40-49歲,男,無,陰性
22088,50-59歲,男,無,陰性
22089,50-59歲,男,二級,陽性
22090,40-49歲,女,無,陰性
22091,30-39歲,男,無,陰性
22092,30-39歲,男,二級,陽性
22093,50-59歲,男,無,陰性
22094,20-29歲,男,無,陰性
22095,40-49歲,男,無,陰性
22096,40-49歲,男,無,陰性
22097,20-29歲,女,無,陰性
22098,50-59歲,男,無,陰性
22099,60歲以上,男,無,陰性
22100,60歲以上,男,無,陰性
22101,60歲以上,女,無,陰性
22102,50-59歲,男,無,陰性
22103,40-49歲,男,一級,陽性
22104,50-59歲,男,無,陰性
22105,40-49歲,男,無,陰性
22106,40-49歲,女,無,陰性
22107,20-29歲,男,二級,陽性
22108,50-59歲,男,無,陰性
22109,40-49歲,女,二級,陽性
22110,30-39歲,男,無,陰性
22111,40-49歲,男,無,陰性
22112,30-39歲,男,無,陰性
22113,50-59歲,男,無,陰性
22114,40-49歲,男,無,陰性
22115,60歲以上,男,無,陰性
22116,50-59歲,男,無,陰性
22117,50-59歲,男,三級,陽性
22118,60歲以上,男,無,陰性
22119,50-59歲,男,無,陰性
22120,40-49歲,男,無,陰性
22121,40-49歲,女,二級,陽性
22122,50-59歲,男,無,陰性
22123,40-49歲,男,無,陰性
22124,50-59歲,女,無,陰性
22125,30-39歲,男,無,陰性
22126,40-49歲,男,無,陰性
22127,40-49歲,男,無,陰性
22128,30-39歲,男,二級,陽性
22129,50-59歲,女,無,陰性
22130,60歲以上,男,無,陰性
22131,40-49歲,男,無,陰性
22132,40-49歲,男,無,陰性
22133,50-59歲,男,無,陰性
22134,40-49歲,男,無,陰性
22135,60歲以上,男,無,陰性
22136,40-49歲,男,無,陰性
22137,50-59歲,男,二級,陽性
22138,40-49歲,男,無,陰性
22139,40-49歲,男,無,陰性
22140,40-49歲,男,無,陰性
22141,40-49歲,女,無,陰性
22142,19歲以下,男,無,陰性
22143,60歲以上,男,二級,陽性
22144,40-49歲,男,無,陰性
22145,30-39歲,男,無,陰性
22146,40-49歲,男,二級,陽性
22147,40-49歲,女,無,陰性
22148,30-39歲,男,無,陰性
22149,50-59歲,男,無,陰性
22150,20-29歲,女,無,陰性
22151,50-59歲,男,無,陰性
22152,40-49歲,男,無,陰性
22153,40-49歲,男,無,陰性
22154,30-39歲,男,無,陰性
22155,40-49歲,男,無,陰性
22156,19歲以下,男,無,陰性
22157,30-39歲,女,無,陰性
22158,40-49歲,女,無,陰性
22159,40-49歲,男,無,陰性
22160,30-39歲,女,無,陰性
22161,60歲以上,男,無,陰性
22162,40-49歲,女,無,陰性
22163,40-49歲,女,無,陰性
22164,40-49歲,男,二級,陽性
22165,30-39歲,男,無,陰性
22166,30-39歲,男,無,陰性
22167,40-49歲,男,無,陰性
22168,50-59歲,男,無,陰性
22169,50-59歲,男,無,陰性
22170,40-49歲,男,二級,陽性
22171,40-49歲,男,無,陰性
22172,40-49歲,男,二級,陽性
22173,40-49歲,男,無,陰性
22174,30-39歲,男,二級,陽性
22175,60歲以上,男,無,陰性
22176,40-49歲,男,二級,陽性
22177,40-49歲,男,無,陰性
22178,40-49歲,男,無,陰性
22179,60歲以上,男,無,陰性
22180,60歲以上,男,二級,陽性
22181,40-49歲,男,無,陰性
22182,40-49歲,男,二級,陽性
22183,50-59歲,男,無,陰性
22184,19歲以下,女,無,陰性
22185,19歲以下,男,無,陰性
22186,30-39歲,男,一級,陽性
22187,40-49歲,男,無,陰性
22188,30-39歲,男,無,陰性
22189,50-59歲,男,三級,陽性
22190,40-49歲,男,無,陰性
22191,30-39歲,女,無,陰性
22192,40-49歲,男,無,陰性
22193,30-39歲,男,無,陰性
22194,30-39歲,男,無,陰性
22195,40-49歲,男,二級,陽性
22196,60歲以上,男,無,陰性
22197,50-59歲,男,無,陰性
22198,50-59歲,男,無,陰性
22199,50-59歲,男,二級,陽性
22200,60歲以上,男,二級,陽性
22201,50-59歲,男,無,陰性
22202,40-49歲,男,一級,陽性
22203,40-49歲,男,無,陰性
22204,50-59歲,男,無,陰性
22205,30-39歲,男,一級,陽性
22206,20-29歲,男,無,陰性
22207,60歲以上,男,無,陰性
22208,50-59歲,女,二級,陽性
22209,20-29歲,男,無,陰性
22210,30-39歲,男,無,陰性
22211,50-59歲,男,無,陰性
22212,50-59歲,男,二級,陽性
22213,19歲以下,女,無,陰性
22214,40-49歲,女,無,陰性
22215,20-29歲,男,無,陰性
22216,40-49歲,女,無,陰性
22217,40-49歲,男,無,陰性
22218,40-49歲,男,二級,陽性
22219,60歲以上,男,二級,陽性
22220,40-49歲,男,三級,陽性
22221,40-49歲,男,無,陰性
22222,20-29歲,男,無,陰性
22223,40-49歲,女,無,陰性
22224,60歲以上,男,無,陰性
22225,60歲以上,女,無,陰性
22226,60歲以上,男,無,陰性
22227,40-49歲,女,無,陰性
22228,30-39歲,男,無,陰性
22229,40-49歲,男,三級,陽性
22230,50-59歲,男,無,陰性
22231,40-49歲,男,無,陰性
22232,50-59歲,女,無,陰性
22233,40-49歲,男,無,陰性
22234,20-29歲,男,無,陰性
22235,19歲以下,男,無,陰性
22236,50-59歲,女,無,陰性
22237,50-59歲,男,無,陰性
22238,40-49歲,男,無,陰性
22239,50-59歲,男,無,陰性
22240,20-29歲,男,無,陰性
22241,50-59歲,男,無,陰性
22242,20-29歲,男,無,陰性
22243,50-59歲,女,無,陰性
22244,40-49歲,女,二級,陽性
22245,60歲以上,男,無,陰性
22246,50-59歲,男,無,陰性
22247,20-29歲,男,一級,陽性
22248,50-59歲,男,無,陰性
22249,50-59歲,男,無,陰性
22250,40-49歲,男,無,陰性
22251,30-39歲,男,二級,陽性
22252,40-49歲,男,無,陰性
22253,50-59歲,男,無,陰性
22254,40-49歲,男,無,陰性
22255,40-49歲,女,一級,陽性
22256,30-39歲,男,無,陰性
22257,30-39歲,男,二級,陽性
22258,20-29歲,女,無,陰性
22259,40-49歲,男,無,陰性
22260,40-49歲,男,二級,陽性
22261,40-49歲,女,無,陰性
22262,30-39歲,男,二級,陽性
22263,50-59歲,男,無,陰性
22264,50-59歲,男,無,陰性
22265,50-59歲,男,無,陰性
22266,60歲以上,女,無,陰性
22267,50-59歲,男,無,陰性
22268,50-59歲,男,無,陰性
22269,50-59歲,男,無,陰性
22270,30-39歲,男,無,陰性
22271,30-39歲,男,無,陰性
22272,50-59歲,男,無,陰性
22273,50-59歲,男,無,陰性
22274,30-39歲,男,二級,陽性
22275,60歲以上,男,無,陰性
22276,30-39歲,男,無,陰性
22277,40-49歲,男,無,陰性
22278,40-49歲,女,無,陰性
22279,40-49歲,男,無,陰性
22280,40-49歲,男,無,陰性
22281,40-49歲,男,無,陰性
22282,50-59歲,女,無,陰性
22283,40-49歲,男,二級,陽性
22284,40-49歲,男,無,陰性
22285,50-59歲,男,無,陰性
22286,60歲以上,男,無,陰性
22287,40-49歲,男,二級,陽性
22288,40-49歲,男,無,陰性
22289,40-49歲,男,無,陰性
22290,40-49歲,男,二級,陽性
22291,40-49歲,男,無,陰性
22292,40-49歲,男,無,陰性
22293,40-49歲,男,無,陰性
22294,40-49歲,男,無,陰性
22295,40-49歲,男,無,陰性
22296,50-59歲,男,二級,陽性
22297,60歲以上,男,無,陰性
22298,50-59歲,男,二級,陽性
22299,30-39歲,男,二級,陽性
22300,50-59歲,男,無,陰性
22301,30-39歲,男,二級,陽性
22302,40-49歲,男,無,陰性
22303,60歲以上,男,無,陰性
22304,40-49歲,男,三級,陽性
22305,30-39歲,男,無,陰性
22306,40-49歲,男,二級,陽性
22307,50-59歲,男,無,陰性
22308,40-49歲,男,無,陰性
22309,50-59歲,男,無,陰性
22310,19歲以下,男,無,陰性
22311,30-39歲,男,無,陰性
22312,50-59歲,男,二級,陽性
22313,20-29歲,男,無,陰性
22314,20-29歲,男,無,陰性
22315,40-49歲,女,無,陰性
22316,40-49歲,男,無,陰性
22317,40-49歲,男,無,陰性
22318,30-39歲,男,無,陰性
22319,40-49歲,男,無,陰性
22320,50-59歲,男,無,陰性
22321,30-39歲,女,一級,陽性
22322,19歲以下,女,二級,陽性
22323,50-59歲,男,無,陰性
22324,20-29歲,男,二級,陽性
22325,19歲以下,男,無,陰性
22326,40-49歲,男,無,陰性
22327,40-49歲,女,無,陰性
22328,40-49歲,女,無,陰性
22329,19歲以下,男,無,陰性
22330,50-59歲,女,二級,陽性
22331,30-39歲,男,無,陰性
22332,40-49歲,男,無,陰性
22333,40-49歲,女,無,陰性
22334,40-49歲,男,無,陰性
22335,50-59歲,男,二級,陽性
22336,50-59歲,男,無,陰性
22337,40-49歲,男,無,陰性
22338,40-49歲,男,無,陰性
22339,40-49歲,男,無,陰性
22340,40-49歲,男,無,陰性
22341,30-39歲,男,無,陰性
22342,20-29歲,男,無,陰性
22343,50-59歲,女,無,陰性
22344,40-49歲,男,三級,陽性
22345,50-59歲,男,無,陰性
22346,30-39歲,男,無,陰性
22347,20-29歲,男,無,陰性
22348,50-59歲,男,二級,陽性
22349,40-49歲,女,三級,陽性
22350,30-39歲,男,二級,陽性
22351,40-49歲,男,無,陰性
22352,50-59歲,男,無,陰性
22353,40-49歲,女,無,陰性
22354,40-49歲,女,二級,陽性
22355,20-29歲,男,二級,陽性
22356,40-49歲,男,無,陰性
22357,40-49歲,女,無,陰性
22358,60歲以上,男,無,陰性
22359,40-49歲,男,無,陰性
22360,30-39歲,男,無,陰性
22361,30-39歲,女,無,陰性
22362,50-59歲,男,二級,陽性
22363,40-49歲,男,無,陰性
22364,20-29歲,男,二級,陽性
22365,60歲以上,男,無,陰性
22366,30-39歲,男,無,陰性
22367,50-59歲,女,一級,陽性
22368,50-59歲,女,無,陰性
22369,50-59歲,男,無,陰性
22370,30-39歲,女,二級,陽性
22371,50-59歲,男,無,陰性
22372,40-49歲,男,無,陰性
22373,30-39歲,男,無,陰性
22374,40-49歲,男,二級,陽性
22375,50-59歲,女,二級,陽性
22376,50-59歲,女,無,陰性
22377,40-49歲,男,無,陰性
22378,50-59歲,男,無,陰性
22379,50-59歲,男,無,陰性
22380,50-59歲,男,無,陰性
22381,30-39歲,男,無,陰性
22382,60歲以上,男,無,陰性
22383,40-49歲,男,無,陰性
22384,30-39歲,男,無,陰性
22385,30-39歲,男,無,陰性
22386,50-59歲,女,無,陰性
22387,30-39歲,男,二級,陽性
22388,50-59歲,男,無,陰性
22389,60歲以上,女,無,陰性
22390,40-49歲,男,無,陰性
22391,50-59歲,男,無,陰性
22392,50-59歲,女,無,陰性
22393,40-49歲,男,無,陰性
22394,50-59歲,男,三級,陽性
22395,40-49歲,男,三級,陽性
22396,50-59歲,男,二級,陽性
22397,40-49歲,男,無,陰性
22398,50-59歲,男,無,陰性
22399,20-29歲,男,無,陰性
22400,50-59歲,男,二級,陽性
22401,40-49歲,男,無,陰性
22402,50-59歲,男,無,陰性
22403,40-49歲,男,無,陰性
22404,40-49歲,男,無,陰性
22405,60歲以上,男,無,陰性
22406,40-49歲,男,無,陰性
22407,40-49歲,男,二級,陽性
22408,20-29歲,男,無,陰性
22409,40-49歲,男,無,陰性
22410,30-39歲,男,無,陰性
22411,50-59歲,女,無,陰性
22412,19歲以下,女,二級,陽性
22413,20-29歲,男,無,陰性
22414,30-39歲,男,無,陰性
22415,30-39歲,男,無,陰性
22416,20-29歲,男,無,陰性
22417,40-49歲,男,無,陰性
22418,40-49歲,男,二級,陽性
22419,40-49歲,男,無,陰性
22420,30-39歲,男,二級,陽性
22421,60歲以上,男,無,陰性
22422,40-49歲,男,二級,陽性
22423,20-29歲,男,無,陰性
22424,40-49歲,男,無,陰性
22425,40-49歲,男,無,陰性
22426,50-59歲,男,二級,陽性
22427,40-49歲,女,無,陰性
22428,20-29歲,男,無,陰性
22429,30-39歲,女,無,陰性
22430,40-49歲,男,無,陰性
22431,19歲以下,男,無,陰性
22432,40-49歲,男,無,陰性
22433,19歲以下,男,無,陰性
22434,30-39歲,男,無,陰性
22435,60歲以上,男,無,陰性
22436,40-49歲,男,一級,陽性
22437,60歲以上,男,無,陰性
22438,19歲以下,男,無,陰性
22439,40-49歲,男,無,陰性
22440,50-59歲,男,無,陰性
22441,50-59歲,男,無,陰性
22442,40-49歲,男,無,陰性
22443,40-49歲,男,二級,陽性
22444,40-49歲,女,二級,陽性
22445,19歲以下,男,無,陰性
22446,40-49歲,男,無,陰性
22447,30-39歲,男,二級,陽性
22448,50-59歲,男,無,陰性
22449,50-59歲,男,無,陰性
22450,30-39歲,男,無,陰性
22451,30-39歲,男,無,陰性
22452,40-49歲,男,無,陰性
22453,30-39歲,男,二級,陽性
22454,20-29歲,男,無,陰性
22455,60歲以上,女,無,陰性
22456,40-49歲,女,無,陰性
22457,30-39歲,女,二級,陽性
22458,30-39歲,男,無,陰性
22459,60歲以上,男,無,陰性
22460,30-39歲,男,無,陰性
22461,19歲以下,男,無,陰性
22462,20-29歲,男,無,陰性
22463,60歲以上,男,無,陰性
22464,20-29歲,男,無,陰性
22465,19歲以下,男,無,陰性
22466,50-59歲,男,無,陰性
22467,40-49歲,女,無,陰性
22468,40-49歲,男,無,陰性
22469,30-39歲,男,無,陰性
22470,40-49歲,男,無,陰性
22471,40-49歲,男,二級,陽性
22472,20-29歲,男,無,陰性
22473,60歲以上,男,無,陰性
22474,40-49歲,男,無,陰性
22475,40-49歲,男,無,陰性
22476,40-49歲,男,無,陰性
22477,40-49歲,男,無,陰性
22478,30-39歲,男,無,陰性
22479,60歲以上,男,無,陰性
22480,50-59歲,男,無,陰性
22481,40-49歲,男,二級,陽性
22482,60歲以上,男,無,陰性
22483,50-59歲,男,無,陰性
22484,60歲以上,女,無,陰性
22485,50-59歲,男,無,陰性
22486,40-49歲,男,無,陰性
22487,19歲以下,男,二級,陽性
22488,50-59歲,男,無,陰性
22489,30-39歲,男,無,陰性
22490,60歲以上,男,無,陰性
22491,40-49歲,男,無,陰性
22492,40-49歲,男,三級,陽性
22493,50-59歲,女,無,陰性
22494,20-29歲,女,無,陰性
22495,50-59歲,男,無,陰性
22496,50-59歲,男,無,陰性
22497,50-59歲,男,無,陰性
22498,20-29歲,女,無,陰性
22499,40-49歲,男,無,陰性
22500,60歲以上,男,無,陰性
22501,60歲以上,男,無,陰性
22502,50-59歲,男,一級,陽性
22503,40-49歲,男,二級,陽性
22504,50-59歲,男,無,陰性
22505,50-59歲,女,無,陰性
22506,50-59歲,男,無,陰性
22507,60歲以上,男,無,陰性
22508,30-39歲,男,二級,陽性
22509,40-49歲,女,無,陰性
22510,40-49歲,男,二級,陽性
22511,30-39歲,男,無,陰性
22512,30-39歲,男,無,陰性
22513,19歲以下,男,無,陰性
22514,50-59歲,男,無,陰性
22515,50-59歲,男,二級,陽性
22516,40-49歲,男,二級,陽性
22517,40-49歲,女,二級,陽性
22518,50-59歲,男,無,陰性
22519,40-49歲,男,無,陰性
22520,60歲以上,男,無,陰性
22521,40-49歲,男,無,陰性
22522,40-49歲,女,無,陰性
22523,60歲以上,男,一級,陽性
22524,30-39歲,男,無,陰性
22525,40-49歲,女,無,陰性
22526,60歲以上,男,無,陰性
22527,30-39歲,男,無,陰性
22528,40-49歲,男,無,陰性
22529,30-39歲,男,無,陰性
22530,30-39歲,男,二級,陽性
22531,50-59歲,男,無,陰性
22532,40-49歲,男,無,陰性
22533,40-49歲,男,無,陰性
22534,30-39歲,男,三級,陽性
22535,60歲以上,男,無,陰性
22536,40-49歲,男,二級,陽性
22537,50-59歲,男,一級,陽性
22538,40-49歲,男,二級,陽性
22539,40-49歲,男,無,陰性
22540,20-29歲,男,無,陰性
22541,50-59歲,男,無,陰性
22542,50-59歲,男,無,陰性
22543,30-39歲,男,三級,陽性
22544,40-49歲,女,無,陰性
22545,50-59歲,男,無,陰性
22546,40-49歲,男,二級,陽性
22547,40-49歲,男,無,陰性
22548,50-59歲,男,無,陰性
22549,30-39歲,男,無,陰性
22550,30-39歲,男,無,陰性
22551,40-49歲,男,二級,陽性
22552,20-29歲,男,無,陰性
22553,40-49歲,女,無,陰性
22554,60歲以上,女,無,陰性
22555,30-39歲,男,無,陰性
22556,40-49歲,男,無,陰性
22557,40-49歲,男,無,陰性
22558,40-49歲,男,二級,陽性
22559,60歲以上,男,無,陰性
22560,40-49歲,男,二級,陽性
22561,40-49歲,女,無,陰性
22562,30-39歲,男,三級,陽性
22563,50-59歲,女,無,陰性
22564,50-59歲,男,無,陰性
22565,50-59歲,男,二級,陽性
22566,40-49歲,男,三級,陽性
22567,19歲以下,男,無,陰性
22568,30-39歲,男,無,陰性
22569,50-59歲,女,無,陰性
22570,60歲以上,男,無,陰性
22571,50-59歲,男,無,陰性
22572,30-39歲,男,二級,陽性
22573,30-39歲,女,無,陰性
22574,40-49歲,女,三級,陽性
22575,40-49歲,男,無,陰性
22576,30-39歲,男,無,陰性
22577,40-49歲,男,無,陰性
22578,40-49歲,男,無,陰性
22579,20-29歲,女,無,陰性
22580,40-49歲,男,無,陰性
22581,50-59歲,男,無,陰性
22582,60歲以上,女,無,陰性
22583,40-49歲,男,無,陰性
22584,50-59歲,男,無,陰性
22585,30-39歲,男,一級,陽性
22586,30-39歲,男,三級,陽性
22587,50-59歲,男,無,陰性
22588,60歲以上,男,三級,陽性
22589,30-39歲,女,無,陰性
22590,50-59歲,男,二級,陽性
22591,40-49歲,女,無,陰性
22592,40-49歲,男,無,陰性
22593,40-49歲,男,無,陰性
22594,30-39歲,男,無,陰性
22595,40-49歲,男,無,陰性
22596,60歲以上,男,無,陰性
22597,40-49歲,女,無,陰性
22598,40-49歲,男,無,陰性
22599,40-49歲,男,無,陰性
22600,40-49歲,男,無,陰性
22601,19歲以下,男,二級,陽性
22602,30-39歲,女,無,陰性
22603,50-59歲,男,二級,陽性
22604,30-39歲,女,無,陰性
22605,30-39歲,男,無,陰性
22606,50-59歲,男,二級,陽性
22607,30-39歲,男,無,陰性
22608,20-29歲,女,無,陰性
22609,50-59歲,男,無,陰性
22610,60歲以上,男,無,陰性
22611,19歲以下,女,二級,陽性
22612,20-29歲,男,無,陰性
22613,50-59歲,男,一級,陽性
22614,40-49歲,男,二級,陽性
22615,50-59歲,男,二級,陽性
22616,60歲以上,男,無,陰性
22617,40-49歲,男,無,陰性
22618,20-29歲,男,無,陰性
22619,30-39歲,男,無,陰性
22620,40-49歲,男,無,陰性
22621,20-29歲,男,無,陰性
22622,50-59歲,男,二級,陽性
22623,40-49歲,男,無,陰性
22624,50-59歲,男,無,陰性
22625,40-49歲,男,無,陰性
22626,60歲以上,男,無,陰性
22627,60歲以上,男,無,陰性
22628,30-39歲,男,無,陰性
22629,40-49歲,男,無,陰性
22630,40-49歲,男,無,陰性
22631,60歲以上,男,無,陰性
22632,20-29歲,女,無,陰性
22633,40-49歲,男,無,陰性
22634,30-39歲,男,無,陰性
22635,60歲以上,女,無,陰性
22636,50-59歲,男,無,陰性
22637,60歲以上,男,無,陰性
22638,50-59歲,男,無,陰性
22639,30-39歲,女,無,陰性
22640,30-39歲,男,無,陰性
22641,60歲以上,男,無,陰性
22642,19歲以下,女,無,陰性
22643,30-39歲,男,二級,陽性
22644,40-49歲,男,無,陰性
22645,60歲以上,男,無,陰性
22646,50-59歲,男,無,陰性
22647,30-39歲,女,二級,陽性
22648,50-59歲,女,無,陰性
22649,50-59歲,男,無,陰性
22650,30-39歲,男,無,陰性
22651,30-39歲,女,無,陰性
22652,60歲以上,男,二級,陽性
22653,30-39歲,男,無,陰性
22654,50-59歲,男,無,陰性
22655,40-49歲,女,無,陰性
22656,20-29歲,男,二級,陽性
22657,50-59歲,男,無,陰性
22658,50-59歲,男,無,陰性
22659,40-49歲,男,三級,陽性
22660,40-49歲,男,二級,陽性
22661,40-49歲,男,無,陰性
22662,40-49歲,男,無,陰性
22663,40-49歲,女,無,陰性
22664,20-29歲,男,無,陰性
22665,40-49歲,男,無,陰性
22666,20-29歲,男,無,陰性
22667,40-49歲,男,無,陰性
22668,20-29歲,男,無,陰性
22669,40-49歲,男,無,陰性
22670,40-49歲,男,二級,陽性
22671,40-49歲,男,無,陰性
22672,40-49歲,男,無,陰性
22673,40-49歲,女,無,陰性
22674,40-49歲,男,無,陰性
22675,30-39歲,男,無,陰性
22676,20-29歲,男,無,陰性
22677,30-39歲,男,無,陰性
22678,20-29歲,男,三級,陽性
22679,40-49歲,男,無,陰性
22680,40-49歲,男,無,陰性
22681,50-59歲,男,二級,陽性
22682,30-39歲,男,二級,陽性
22683,40-49歲,男,無,陰性
22684,40-49歲,男,無,陰性
22685,20-29歲,男,無,陰性
22686,30-39歲,女,無,陰性
22687,50-59歲,女,無,陰性
22688,20-29歲,男,無,陰性
22689,60歲以上,男,無,陰性
22690,40-49歲,男,無,陰性
22691,50-59歲,男,無,陰性
22692,50-59歲,男,無,陰性
22693,40-49歲,男,無,陰性
22694,50-59歲,男,二級,陽性
22695,50-59歲,男,無,陰性
22696,60歲以上,男,無,陰性
22697,50-59歲,男,無,陰性
22698,20-29歲,男,無,陰性
22699,50-59歲,男,無,陰性
22700,50-59歲,男,無,陰性
22701,40-49歲,男,無,陰性
22702,40-49歲,男,無,陰性
22703,50-59歲,男,無,陰性
22704,40-49歲,男,二級,陽性
22705,60歲以上,男,無,陰性
22706,40-49歲,男,無,陰性
22707,50-59歲,男,無,陰性
22708,30-39歲,男,無,陰性
22709,20-29歲,男,無,陰性
22710,50-59歲,男,無,陰性
22711,20-29歲,男,無,陰性
22712,60歲以上,男,二級,陽性
22713,40-49歲,男,無,陰性
22714,60歲以上,男,無,陰性
22715,50-59歲,男,無,陰性
22716,50-59歲,男,無,陰性
22717,40-49歲,男,無,陰性
22718,50-59歲,男,無,陰性
22719,30-39歲,男,無,陰性
22720,50-59歲,男,二級,陽性
22721,60歲以上,男,三級,陽性
22722,20-29歲,男,二級,陽性
22723,50-59歲,男,無,陰性
22724,40-49歲,男,無,陰性
22725,20-29歲,男,無,陰性
22726,20-29歲,男,無,陰性
22727,50-59歲,男,無,陰性
22728,50-59歲,男,三級,陽性
22729,40-49歲,男,無,陰性
22730,50-59歲,男,無,陰性
22731,40-49歲,男,無,陰性
22732,40-49歲,男,無,陰性
22733,50-59歲,女,無,陰性
22734,30-39歲,男,無,陰性
22735,40-49歲,男,一級,陽性
22736,20-29歲,男,三級,陽性
22737,20-29歲,男,無,陰性
22738,50-59歲,女,無,陰性
22739,20-29歲,男,無,陰性
22740,40-49歲,男,無,陰性
22741,60歲以上,男,二級,陽性
22742,30-39歲,男,無,陰性
22743,50-59歲,男,無,陰性
22744,30-39歲,男,二級,陽性
22745,60歲以上,男,無,陰性
22746,30-39歲,男,無,陰性
22747,19歲以下,男,無,陰性
22748,60歲以上,男,無,陰性
22749,30-39歲,男,無,陰性
22750,40-49歲,男,無,陰性
22751,50-59歲,男,無,陰性
22752,19歲以下,男,二級,陽性
22753,40-49歲,女,無,陰性
22754,50-59歲,男,無,陰性
22755,40-49歲,女,無,陰性
22756,40-49歲,男,無,陰性
22757,50-59歲,男,無,陰性
22758,60歲以上,男,無,陰性
22759,40-49歲,女,無,陰性
22760,50-59歲,男,無,陰性
22761,40-49歲,男,無,陰性
22762,40-49歲,男,無,陰性
22763,50-59歲,男,無,陰性
22764,40-49歲,女,無,陰性
22765,50-59歲,女,二級,陽性
22766,30-39歲,男,無,陰性
22767,40-49歲,女,無,陰性
22768,30-39歲,男,無,陰性
22769,50-59歲,男,無,陰性
22770,20-29歲,男,無,陰性
22771,50-59歲,男,無,陰性
22772,50-59歲,男,無,陰性
22773,50-59歲,男,三級,陽性
22774,20-29歲,男,無,陰性
22775,20-29歲,男,無,陰性
22776,40-49歲,男,無,陰性
22777,40-49歲,男,無,陰性
22778,40-49歲,男,無,陰性
22779,50-59歲,男,二級,陽性
22780,50-59歲,男,無,陰性
22781,30-39歲,男,無,陰性
22782,50-59歲,男,二級,陽性
22783,50-59歲,男,無,陰性
22784,30-39歲,男,無,陰性
22785,40-49歲,女,無,陰性
22786,60歲以上,男,無,陰性
22787,40-49歲,男,無,陰性
22788,40-49歲,女,無,陰性
22789,40-49歲,男,無,陰性
22790,20-29歲,男,無,陰性
22791,40-49歲,男,二級,陽性
22792,40-49歲,男,三級,陽性
22793,50-59歲,男,無,陰性
22794,50-59歲,男,無,陰性
22795,20-29歲,男,無,陰性
22796,40-49歲,女,無,陰性
22797,40-49歲,男,無,陰性
22798,40-49歲,男,無,陰性
22799,50-59歲,男,二級,陽性
22800,40-49歲,女,二級,陽性
22801,30-39歲,男,無,陰性
22802,20-29歲,男,三級,陽性
22803,40-49歲,男,無,陰性
22804,40-49歲,男,無,陰性
22805,40-49歲,女,無,陰性
22806,50-59歲,男,無,陰性
22807,30-39歲,男,無,陰性
22808,60歲以上,男,無,陰性
22809,50-59歲,男,二級,陽性
22810,40-49歲,男,無,陰性
22811,50-59歲,男,二級,陽性
22812,40-49歲,男,無,陰性
22813,40-49歲,女,無,陰性
22814,50-59歲,男,無,陰性
22815,40-49歲,男,無,陰性
22816,50-59歲,男,無,陰性
22817,40-49歲,男,無,陰性
22818,40-49歲,男,無,陰性
22819,50-59歲,男,無,陰性
22820,40-49歲,男,無,陰性
22821,40-49歲,男,無,陰性
22822,50-59歲,男,無,陰性
22823,40-49歲,男,無,陰性
22824,50-59歲,男,無,陰性
22825,50-59歲,男,無,陰性
22826,40-49歲,男,無,陰性
22827,30-39歲,男,無,陰性
22828,50-59歲,男,無,陰性
22829,19歲以下,女,無,陰性
22830,50-59歲,男,無,陰性
22831,30-39歲,男,無,陰性
22832,50-59歲,男,無,陰性
22833,60歲以上,男,無,陰性
22834,40-49歲,女,無,陰性
22835,40-49歲,男,二級,陽性
22836,40-49歲,女,無,陰性
22837,30-39歲,男,無,陰性
22838,30-39歲,男,無,陰性
22839,60歲以上,男,無,陰性
22840,40-49歲,男,三級,陽性
22841,40-49歲,女,二級,陽性
22842,50-59歲,女,二級,陽性
22843,40-49歲,男,無,陰性
22844,40-49歲,男,無,陰性
22845,60歲以上,男,無,陰性
22846,19歲以下,男,二級,陽性
22847,40-49歲,女,無,陰性
22848,50-59歲,男,無,陰性
22849,50-59歲,男,無,陰性
22850,40-49歲,男,二級,陽性
22851,20-29歲,男,無,陰性
22852,50-59歲,男,無,陰性
22853,50-59歲,男,二級,陽性
22854,50-59歲,男,三級,陽性
22855,40-49歲,男,無,陰性
22856,40-49歲,女,無,陰性
22857,50-59歲,男,無,陰性
22858,19歲以下,女,無,陰性
22859,30-39歲,男,無,陰性
22860,20-29歲,男,無,陰性
22861,50-59歲,男,二級,陽性
22862,50-59歲,男,無,陰性
22863,30-39歲,男,二級,陽性
22864,40-49歲,男,三級,陽性
22865,40-49歲,男,無,陰性
22866,50-59歲,男,無,陰性
22867,40-49歲,男,無,陰性
22868,30-39歲,男,無,陰性
22869,30-39歲,男,無,陰性
22870,20-29歲,女,無,陰性
22871,40-49歲,男,無,陰性
22872,50-59歲,男,無,陰性
22873,60歲以上,男,一級,陽性
22874,40-49歲,男,二級,陽性
22875,50-59歲,男,無,陰性
22876,40-49歲,男,無,陰性
22877,50-59歲,男,三級,陽性
22878,60歲以上,男,無,陰性
22879,40-49歲,男,二級,陽性
22880,50-59歲,男,三級,陽性
22881,20-29歲,男,二級,陽性
22882,50-59歲,男,無,陰性
22883,40-49歲,男,二級,陽性
22884,30-39歲,男,無,陰性
22885,30-39歲,男,無,陰性
22886,50-59歲,男,無,陰性
22887,60歲以上,男,二級,陽性
22888,40-49歲,男,三級,陽性
22889,20-29歲,男,無,陰性
22890,40-49歲,女,無,陰性
22891,19歲以下,女,無,陰性
22892,30-39歲,男,無,陰性
22893,40-49歲,男,無,陰性
22894,30-39歲,男,無,陰性
22895,40-49歲,女,無,陰性
22896,40-49歲,女,二級,陽性
22897,40-49歲,男,無,陰性
22898,40-49歲,女,無,陰性
22899,40-49歲,男,二級,陽性
22900,40-49歲,男,無,陰性
22901,40-49歲,男,無,陰性
22902,30-39歲,男,無,陰性
22903,40-49歲,男,無,陰性
22904,60歲以上,男,無,陰性
22905,40-49歲,男,無,陰性
22906,19歲以下,男,無,陰性
22907,40-49歲,男,無,陰性
22908,40-49歲,男,無,陰性
22909,40-49歲,男,無,陰性
22910,50-59歲,男,無,陰性
22911,40-49歲,男,無,陰性
22912,60歲以上,男,無,陰性
22913,19歲以下,男,無,陰性
22914,30-39歲,男,無,陰性
22915,50-59歲,男,三級,陽性
22916,60歲以上,男,無,陰性
22917,30-39歲,男,無,陰性
22918,50-59歲,男,無,陰性
22919,60歲以上,男,無,陰性
22920,50-59歲,男,無,陰性
22921,60歲以上,男,無,陰性
22922,40-49歲,男,無,陰性
22923,40-49歲,男,無,陰性
22924,40-49歲,男,無,陰性
22925,50-59歲,男,二級,陽性
22926,40-49歲,男,無,陰性
22927,50-59歲,男,無,陰性
22928,20-29歲,男,無,陰性
22929,20-29歲,男,無,陰性
22930,40-49歲,男,無,陰性
22931,19歲以下,男,無,陰性
22932,40-49歲,男,二級,陽性
22933,30-39歲,男,無,陰性
22934,20-29歲,男,無,陰性
22935,40-49歲,男,無,陰性
22936,30-39歲,男,二級,陽性
22937,50-59歲,女,無,陰性
22938,60歲以上,男,無,陰性
22939,50-59歲,男,無,陰性
22940,40-49歲,男,無,陰性
22941,30-39歲,女,二級,陽性
22942,40-49歲,男,無,陰性
22943,20-29歲,男,無,陰性
22944,40-49歲,男,無,陰性
22945,50-59歲,女,無,陰性
22946,60歲以上,男,無,陰性
22947,60歲以上,男,無,陰性
22948,40-49歲,男,無,陰性
22949,40-49歲,男,無,陰性
22950,40-49歲,男,二級,陽性
22951,40-49歲,男,無,陰性
22952,30-39歲,女,無,陰性
22953,50-59歲,男,無,陰性
22954,20-29歲,男,無,陰性
22955,40-49歲,男,無,陰性
22956,50-59歲,男,無,陰性
22957,60歲以上,男,三級,陽性
22958,60歲以上,男,無,陰性
22959,40-49歲,男,無,陰性
22960,50-59歲,男,二級,陽性
22961,50-59歲,男,無,陰性
22962,50-59歲,男,二級,陽性
22963,19歲以下,女,無,陰性
22964,30-39歲,女,無,陰性
22965,50-59歲,男,無,陰性
22966,60歲以上,男,無,陰性
22967,30-39歲,男,無,陰性
22968,40-49歲,男,無,陰性
22969,40-49歲,女,無,陰性
22970,40-49歲,男,無,陰性
22971,30-39歲,男,無,陰性
22972,40-49歲,男,一級,陽性
22973,30-39歲,女,無,陰性
22974,60歲以上,男,無,陰性
22975,30-39歲,男,無,陰性
22976,50-59歲,男,二級,陽性
22977,60歲以上,女,無,陰性
22978,40-49歲,男,無,陰性
22979,60歲以上,男,無,陰性
22980,50-59歲,男,無,陰性
22981,40-49歲,男,二級,陽性
22982,40-49歲,男,無,陰性
22983,40-49歲,女,無,陰性
22984,30-39歲,男,無,陰性
22985,20-29歲,男,無,陰性
22986,30-39歲,男,三級,陽性
22987,30-39歲,男,無,陰性
22988,50-59歲,男,無,陰性
22989,40-49歲,男,無,陰性
22990,40-49歲,男,無,陰性
22991,50-59歲,男,無,陰性
22992,40-49歲,男,三級,陽性
22993,40-49歲,男,二級,陽性
22994,30-39歲,男,無,陰性
22995,50-59歲,男,無,陰性
22996,50-59歲,男,二級,陽性
22997,40-49歲,男,無,陰性
22998,30-39歲,男,無,陰性
22999,50-59歲,男,三級,陽性
23000,60歲以上,男,無,陰性
23001,50-59歲,男,無,陰性
23002,60歲以上,男,無,陰性
23003,40-49歲,男,無,陰性
23004,50-59歲,男,無,陰性
23005,50-59歲,男,二級,陽性
23006,20-29歲,男,無,陰性
23007,40-49歲,男,無,陰性
23008,60歲以上,男,二級,陽性
23009,50-59歲,男,無,陰性
23010,40-49歲,女,二級,陽性
23011,20-29歲,男,無,陰性
23012,40-49歲,男,無,陰性
23013,40-49歲,男,無,陰性
23014,30-39歲,男,無,陰性
23015,30-39歲,男,無,陰性
23016,50-59歲,女,無,陰性
23017,50-59歲,男,無,陰性
23018,60歲以上,男,無,陰性
23019,20-29歲,男,無,陰性
23020,30-39歲,男,無,陰性
23021,40-49歲,男,二級,陽性
23022,40-49歲,男,無,陰性
23023,50-59歲,男,無,陰性
23024,50-59歲,男,無,陰性
23025,40-49歲,男,二級,陽性
23026,50-59歲,女,無,陰性
23027,50-59歲,男,無,陰性
23028,40-49歲,男,無,陰性
23029,60歲以上,男,無,陰性
23030,50-59歲,女,一級,陽性
23031,60歲以上,男,無,陰性
23032,60歲以上,男,無,陰性
23033,50-59歲,男,無,陰性
23034,50-59歲,女,無,陰性
23035,30-39歲,男,無,陰性
23036,40-49歲,男,二級,陽性
23037,50-59歲,男,無,陰性
23038,40-49歲,男,無,陰性
23039,40-49歲,男,無,陰性
23040,50-59歲,女,無,陰性
23041,40-49歲,男,無,陰性
23042,40-49歲,男,無,陰性
23043,50-59歲,男,無,陰性
23044,30-39歲,女,二級,陽性
23045,30-39歲,男,無,陰性
23046,40-49歲,男,二級,陽性
23047,30-39歲,女,無,陰性
23048,60歲以上,男,二級,陽性
23049,40-49歲,男,無,陰性
23050,30-39歲,男,無,陰性
23051,40-49歲,男,二級,陽性
23052,50-59歲,男,二級,陽性
23053,40-49歲,男,無,陰性
23054,30-39歲,女,二級,陽性
23055,40-49歲,男,無,陰性
23056,40-49歲,男,無,陰性
23057,40-49歲,男,無,陰性
23058,20-29歲,男,無,陰性
23059,50-59歲,男,無,陰性
23060,40-49歲,男,無,陰性
23061,40-49歲,女,無,陰性
23062,60歲以上,男,一級,陽性
23063,40-49歲,男,無,陰性
23064,40-49歲,男,二級,陽性
23065,60歲以上,男,三級,陽性
23066,60歲以上,男,無,陰性
23067,20-29歲,男,無,陰性
23068,40-49歲,男,無,陰性
23069,50-59歲,男,無,陰性
23070,40-49歲,女,無,陰性
23071,50-59歲,男,無,陰性
23072,19歲以下,男,無,陰性
23073,40-49歲,男,無,陰性
23074,40-49歲,女,無,陰性
23075,60歲以上,男,無,陰性
23076,40-49歲,男,無,陰性
23077,30-39歲,男,二級,陽性
23078,50-59歲,男,無,陰性
23079,20-29歲,男,無,陰性
23080,60歲以上,男,二級,陽性
23081,40-49歲,男,無,陰性
23082,50-59歲,男,三級,陽性
23083,40-49歲,男,無,陰性
23084,50-59歲,男,無,陰性
23085,50-59歲,男,無,陰性
23086,50-59歲,女,二級,陽性
23087,40-49歲,男,無,陰性
23088,50-59歲,女,一級,陽性
23089,20-29歲,男,無,陰性
23090,40-49歲,男,無,陰性
23091,50-59歲,女,二級,陽性
23092,50-59歲,男,二級,陽性
23093,50-59歲,男,二級,陽性
23094,50-59歲,男,二級,陽性
23095,20-29歲,男,無,陰性
23096,30-39歲,女,無,陰性
23097,50-59歲,男,無,陰性
23098,40-49歲,男,無,陰性
23099,40-49歲,女,無,陰性
23100,40-49歲,男,無,陰性
23101,50-59歲,男,無,陰性
23102,30-39歲,男,無,陰性
23103,50-59歲,男,三級,陽性
23104,40-49歲,女,二級,陽性
23105,40-49歲,男,二級,陽性
23106,20-29歲,男,無,陰性
23107,30-39歲,男,無,陰性
23108,30-39歲,男,一級,陽性
23109,40-49歲,男,二級,陽性
23110,50-59歲,女,無,陰性
23111,60歲以上,男,無,陰性
23112,40-49歲,男,三級,陽性
23113,30-39歲,男,無,陰性
23114,60歲以上,男,無,陰性
23115,20-29歲,男,無,陰性
23116,30-39歲,男,無,陰性
23117,40-49歲,男,無,陰性
23118,50-59歲,男,無,陰性
23119,50-59歲,男,二級,陽性
23120,40-49歲,男,無,陰性
23121,50-59歲,男,無,陰性
23122,20-29歲,男,二級,陽性
23123,60歲以上,男,無,陰性
23124,40-49歲,男,三級,陽性
23125,50-59歲,男,無,陰性
23126,40-49歲,男,無,陰性
23127,20-29歲,女,無,陰性
23128,30-39歲,女,無,陰性
23129,50-59歲,男,二級,陽性
23130,40-49歲,男,無,陰性
23131,50-59歲,男,無,陰性
23132,30-39歲,女,無,陰性
23133,30-39歲,女,無,陰性
23134,50-59歲,男,無,陰性
23135,40-49歲,男,二級,陽性
23136,30-39歲,男,二級,陽性
23137,50-59歲,男,二級,陽性
23138,50-59歲,男,無,陰性
23139,40-49歲,男,無,陰性
23140,40-49歲,男,無,陰性
23141,40-49歲,男,三級,陽性
23142,30-39歲,男,無,陰性
23143,30-39歲,男,無,陰性
23144,60歲以上,女,無,陰性
23145,60歲以上,男,無,陰性
23146,60歲以上,男,無,陰性
23147,60歲以上,男,無,陰性
23148,30-39歲,男,無,陰性
23149,20-29歲,男,二級,陽性
23150,40-49歲,男,無,陰性
23151,40-49歲,男,無,陰性
23152,30-39歲,男,二級,陽性
23153,40-49歲,女,一級,陽性
23154,40-49歲,女,二級,陽性
23155,50-59歲,男,二級,陽性
23156,60歲以上,女,無,陰性
23157,50-59歲,女,無,陰性
23158,40-49歲,女,無,陰性
23159,40-49歲,男,三級,陽性
23160,20-29歲,女,無,陰性
23161,40-49歲,男,無,陰性
23162,50-59歲,男,二級,陽性
23163,50-59歲,男,無,陰性
23164,50-59歲,男,二級,陽性
23165,20-29歲,男,無,陰性
23166,40-49歲,男,無,陰性
23167,40-49歲,女,二級,陽性
23168,50-59歲,男,三級,陽性
23169,30-39歲,男,二級,陽性
23170,40-49歲,男,無,陰性
23171,40-49歲,女,無,陰性
23172,40-49歲,男,無,陰性
23173,50-59歲,男,一級,陽性
23174,30-39歲,男,無,陰性
23175,40-49歲,男,一級,陽性
23176,60歲以上,女,無,陰性
23177,50-59歲,女,無,陰性
23178,40-49歲,男,無,陰性
23179,40-49歲,男,二級,陽性
23180,50-59歲,男,三級,陽性
23181,50-59歲,男,無,陰性
23182,60歲以上,女,無,陰性
23183,40-49歲,男,無,陰性
23184,40-49歲,男,二級,陽性
23185,40-49歲,男,無,陰性
23186,30-39歲,男,無,陰性
23187,30-39歲,男,無,陰性
23188,50-59歲,男,無,陰性
23189,60歲以上,男,無,陰性
23190,30-39歲,男,無,陰性
23191,40-49歲,男,無,陰性
23192,50-59歲,男,無,陰性
23193,50-59歲,男,無,陰性
23194,60歲以上,男,無,陰性
23195,40-49歲,男,二級,陽性
23196,30-39歲,男,二級,陽性
23197,50-59歲,男,無,陰性
23198,19歲以下,男,無,陰性
23199,40-49歲,男,二級,陽性
23200,40-49歲,男,二級,陽性
23201,40-49歲,男,無,陰性
23202,40-49歲,女,二級,陽性
23203,30-39歲,男,無,陰性
23204,40-49歲,男,無,陰性
23205,30-39歲,男,無,陰性
23206,60歲以上,女,二級,陽性
23207,50-59歲,女,無,陰性
23208,40-49歲,男,無,陰性
23209,40-49歲,女,無,陰性
23210,40-49歲,男,二級,陽性
23211,30-39歲,男,無,陰性
23212,30-39歲,男,無,陰性
23213,40-49歲,男,無,陰性
23214,40-49歲,男,無,陰性
23215,60歲以上,男,二級,陽性
23216,30-39歲,女,無,陰性
23217,20-29歲,男,無,陰性
23218,20-29歲,男,無,陰性
23219,50-59歲,男,無,陰性
23220,30-39歲,男,無,陰性
23221,40-49歲,男,一級,陽性
23222,50-59歲,男,無,陰性
23223,40-49歲,男,無,陰性
23224,30-39歲,男,無,陰性
23225,60歲以上,男,無,陰性
23226,40-49歲,男,二級,陽性
23227,20-29歲,男,無,陰性
23228,30-39歲,女,無,陰性
23229,60歲以上,男,二級,陽性
23230,20-29歲,男,無,陰性
23231,40-49歲,男,無,陰性
23232,40-49歲,男,無,陰性
23233,50-59歲,男,二級,陽性
23234,40-49歲,男,無,陰性
23235,30-39歲,男,無,陰性
23236,40-49歲,男,無,陰性
23237,40-49歲,男,一級,陽性
23238,30-39歲,男,無,陰性
23239,20-29歲,男,無,陰性
23240,40-49歲,女,無,陰性
23241,50-59歲,男,無,陰性
23242,50-59歲,男,無,陰性
23243,30-39歲,男,無,陰性
23244,40-49歲,男,無,陰性
23245,40-49歲,女,無,陰性
23246,50-59歲,男,無,陰性
23247,19歲以下,女,無,陰性
23248,40-49歲,男,三級,陽性
23249,40-49歲,男,無,陰性
23250,50-59歲,男,二級,陽性
23251,30-39歲,男,二級,陽性
23252,50-59歲,男,無,陰性
23253,40-49歲,男,無,陰性
23254,30-39歲,男,二級,陽性
23255,60歲以上,女,無,陰性
23256,40-49歲,男,二級,陽性
23257,60歲以上,男,無,陰性
23258,50-59歲,男,無,陰性
23259,50-59歲,男,一級,陽性
23260,50-59歲,男,無,陰性
23261,19歲以下,男,無,陰性
23262,40-49歲,女,無,陰性
23263,50-59歲,男,無,陰性
23264,40-49歲,男,無,陰性
23265,50-59歲,男,二級,陽性
23266,30-39歲,男,無,陰性
23267,50-59歲,男,無,陰性
23268,50-59歲,男,無,陰性
23269,50-59歲,男,無,陰性
23270,30-39歲,男,無,陰性
23271,40-49歲,男,無,陰性
23272,40-49歲,男,無,陰性
23273,30-39歲,男,二級,陽性
23274,30-39歲,男,無,陰性
23275,60歲以上,男,無,陰性
23276,60歲以上,男,無,陰性
23277,30-39歲,男,二級,陽性
23278,50-59歲,男,二級,陽性
23279,30-39歲,男,二級,陽性
23280,30-39歲,女,無,陰性
23281,30-39歲,男,二級,陽性
23282,40-49歲,男,無,陰性
23283,50-59歲,男,無,陰性
23284,40-49歲,男,無,陰性
23285,40-49歲,男,無,陰性
23286,40-49歲,男,無,陰性
23287,40-49歲,女,無,陰性
23288,50-59歲,男,無,陰性
23289,50-59歲,男,二級,陽性
23290,40-49歲,男,無,陰性
23291,50-59歲,女,無,陰性
23292,60歲以上,男,二級,陽性
23293,50-59歲,男,無,陰性
23294,40-49歲,男,一級,陽性
23295,40-49歲,男,二級,陽性
23296,40-49歲,男,無,陰性
23297,50-59歲,男,無,陰性
23298,60歲以上,男,二級,陽性
23299,40-49歲,女,一級,陽性
23300,40-49歲,男,無,陰性
23301,50-59歲,女,無,陰性
23302,40-49歲,男,三級,陽性
23303,40-49歲,男,無,陰性
23304,40-49歲,男,無,陰性
23305,40-49歲,男,無,陰性
23306,60歲以上,男,無,陰性
23307,20-29歲,男,無,陰性
23308,40-49歲,女,無,陰性
23309,40-49歲,男,三級,陽性
23310,40-49歲,女,無,陰性
23311,50-59歲,男,無,陰性
23312,60歲以上,男,無,陰性
23313,30-39歲,男,二級,陽性
23314,40-49歲,男,無,陰性
23315,50-59歲,男,無,陰性
23316,40-49歲,男,無,陰性
23317,40-49歲,男,一級,陽性
23318,60歲以上,男,無,陰性
23319,40-49歲,男,無,陰性
23320,30-39歲,男,無,陰性
23321,50-59歲,男,無,陰性
23322,40-49歲,男,無,陰性
23323,20-29歲,男,無,陰性
23324,50-59歲,男,無,陰性
23325,40-49歲,女,無,陰性
23326,30-39歲,男,無,陰性
23327,40-49歲,女,一級,陽性
23328,60歲以上,女,無,陰性
23329,60歲以上,男,一級,陽性
23330,40-49歲,男,二級,陽性
23331,50-59歲,男,無,陰性
23332,50-59歲,女,無,陰性
23333,19歲以下,男,無,陰性
23334,30-39歲,男,無,陰性
23335,40-49歲,女,二級,陽性
23336,50-59歲,男,無,陰性
23337,50-59歲,男,無,陰性
23338,30-39歲,男,無,陰性
23339,40-49歲,男,無,陰性
23340,40-49歲,男,二級,陽性
23341,60歲以上,男,無,陰性
23342,40-49歲,男,無,陰性
23343,30-39歲,男,二級,陽性
23344,50-59歲,男,無,陰性
23345,50-59歲,男,無,陰性
23346,40-49歲,男,二級,陽性
23347,50-59歲,女,二級,陽性
23348,40-49歲,男,二級,陽性
23349,40-49歲,男,二級,陽性
23350,20-29歲,男,無,陰性
23351,20-29歲,男,一級,陽性
23352,50-59歲,女,二級,陽性
23353,40-49歲,男,二級,陽性
23354,50-59歲,男,無,陰性
23355,30-39歲,男,三級,陽性
23356,30-39歲,男,無,陰性
23357,40-49歲,男,無,陰性
23358,60歲以上,男,無,陰性
23359,19歲以下,男,無,陰性
23360,20-29歲,男,無,陰性
23361,40-49歲,男,無,陰性
23362,40-49歲,男,無,陰性
23363,50-59歲,男,無,陰性
23364,40-49歲,男,無,陰性
23365,40-49歲,男,無,陰性
23366,30-39歲,女,二級,陽性
23367,30-39歲,男,無,陰性
23368,40-49歲,男,無,陰性
23369,50-59歲,男,無,陰性
23370,19歲以下,女,二級,陽性
23371,40-49歲,女,無,陰性
23372,20-29歲,男,無,陰性
23373,40-49歲,男,三級,陽性
23374,50-59歲,男,無,陰性
23375,20-29歲,女,無,陰性
23376,30-39歲,男,二級,陽性
23377,40-49歲,男,無,陰性
23378,60歲以上,男,二級,陽性
23379,30-39歲,男,無,陰性
23380,60歲以上,男,無,陰性
23381,40-49歲,女,無,陰性
23382,40-49歲,男,無,陰性
23383,50-59歲,男,無,陰性
23384,19歲以下,男,無,陰性
23385,20-29歲,男,無,陰性
23386,20-29歲,男,無,陰性
23387,50-59歲,男,無,陰性
23388,50-59歲,男,二級,陽性
23389,40-49歲,男,無,陰性
23390,60歲以上,男,無,陰性
23391,20-29歲,男,無,陰性
23392,40-49歲,男,一級,陽性
23393,50-59歲,男,無,陰性
23394,30-39歲,男,無,陰性
23395,60歲以上,男,無,陰性
23396,40-49歲,男,無,陰性
23397,30-39歲,女,無,陰性
23398,40-49歲,男,無,陰性
23399,30-39歲,男,無,陰性
23400,40-49歲,男,二級,陽性
23401,50-59歲,女,無,陰性
23402,30-39歲,男,無,陰性
23403,50-59歲,男,無,陰性
23404,50-59歲,男,無,陰性
23405,40-49歲,女,無,陰性
23406,50-59歲,男,無,陰性
23407,50-59歲,男,無,陰性
23408,30-39歲,男,無,陰性
23409,20-29歲,男,無,陰性
23410,40-49歲,男,無,陰性
23411,50-59歲,男,二級,陽性
23412,50-59歲,男,無,陰性
23413,20-29歲,女,二級,陽性
23414,50-59歲,男,無,陰性
23415,40-49歲,女,無,陰性
23416,20-29歲,女,無,陰性
23417,60歲以上,男,無,陰性
23418,40-49歲,女,無,陰性
23419,20-29歲,男,無,陰性
23420,40-49歲,男,無,陰性
23421,40-49歲,男,二級,陽性
23422,50-59歲,男,無,陰性
23423,60歲以上,女,無,陰性
23424,50-59歲,男,無,陰性
23425,40-49歲,女,無,陰性
23426,19歲以下,男,無,陰性
23427,40-49歲,女,無,陰性
23428,40-49歲,男,二級,陽性
23429,40-49歲,女,一級,陽性
23430,20-29歲,男,無,陰性
23431,30-39歲,男,無,陰性
23432,60歲以上,男,無,陰性
23433,20-29歲,男,無,陰性
23434,20-29歲,男,二級,陽性
23435,30-39歲,男,無,陰性
23436,50-59歲,男,二級,陽性
23437,30-39歲,男,二級,陽性
23438,60歲以上,女,二級,陽性
23439,40-49歲,男,二級,陽性
23440,60歲以上,男,二級,陽性
23441,40-49歲,男,無,陰性
23442,50-59歲,男,無,陰性
23443,50-59歲,男,無,陰性
23444,50-59歲,男,無,陰性
23445,40-49歲,女,無,陰性
23446,40-49歲,男,無,陰性
23447,40-49歲,男,二級,陽性
23448,40-49歲,男,無,陰性
23449,60歲以上,男,無,陰性
23450,40-49歲,男,無,陰性
23451,40-49歲,男,無,陰性
23452,40-49歲,男,無,陰性
23453,40-49歲,男,二級,陽性
23454,40-49歲,男,二級,陽性
23455,40-49歲,女,無,陰性
23456,30-39歲,男,無,陰性
23457,50-59歲,男,無,陰性
23458,40-49歲,男,無,陰性
23459,50-59歲,男,無,陰性
23460,50-59歲,男,無,陰性
23461,30-39歲,女,三級,陽性
23462,40-49歲,男,二級,陽性
23463,19歲以下,女,一級,陽性
23464,30-39歲,男,無,陰性
23465,50-59歲,男,無,陰性
23466,50-59歲,男,二級,陽性
23467,40-49歲,男,無,陰性
23468,40-49歲,男,無,陰性
23469,30-39歲,男,無,陰性
23470,50-59歲,男,無,陰性
23471,19歲以下,男,無,陰性
23472,40-49歲,男,二級,陽性
23473,30-39歲,男,無,陰性
23474,40-49歲,女,無,陰性
23475,20-29歲,男,無,陰性
23476,40-49歲,男,二級,陽性
23477,19歲以下,女,無,陰性
23478,30-39歲,男,三級,陽性
23479,40-49歲,男,無,陰性
23480,40-49歲,男,無,陰性
23481,60歲以上,女,無,陰性
23482,60歲以上,女,無,陰性
23483,30-39歲,男,無,陰性
23484,40-49歲,男,無,陰性
23485,40-49歲,女,無,陰性
23486,30-39歲,男,無,陰性
23487,40-49歲,男,無,陰性
23488,50-59歲,男,無,陰性
23489,30-39歲,男,無,陰性
23490,30-39歲,男,無,陰性
23491,30-39歲,男,無,陰性
23492,40-49歲,女,無,陰性
23493,40-49歲,男,無,陰性
23494,40-49歲,男,二級,陽性
23495,60歲以上,男,二級,陽性
23496,40-49歲,女,無,陰性
23497,20-29歲,男,無,陰性
23498,40-49歲,男,三級,陽性
23499,50-59歲,男,無,陰性
23500,40-49歲,女,二級,陽性
23501,30-39歲,女,二級,陽性
23502,50-59歲,男,無,陰性
23503,50-59歲,女,二級,陽性
23504,20-29歲,男,二級,陽性
23505,50-59歲,男,無,陰性
23506,20-29歲,男,無,陰性
23507,40-49歲,男,無,陰性
23508,20-29歲,女,二級,陽性
23509,40-49歲,男,無,陰性
23510,50-59歲,男,無,陰性
23511,60歲以上,女,無,陰性
23512,40-49歲,男,一級,陽性
23513,30-39歲,男,無,陰性
23514,40-49歲,男,無,陰性
23515,40-49歲,男,無,陰性
23516,40-49歲,男,無,陰性
23517,30-39歲,男,無,陰性
23518,50-59歲,男,無,陰性
23519,40-49歲,男,無,陰性
23520,40-49歲,男,無,陰性
23521,40-49歲,男,無,陰性
23522,40-49歲,男,無,陰性
23523,40-49歲,男,二級,陽性
23524,40-49歲,男,二級,陽性
23525,40-49歲,男,無,陰性
23526,40-49歲,男,無,陰性
23527,50-59歲,男,二級,陽性
23528,50-59歲,男,三級,陽性
23529,40-49歲,男,無,陰性
23530,50-59歲,男,無,陰性
23531,50-59歲,男,無,陰性
23532,50-59歲,男,二級,陽性
23533,30-39歲,男,二級,陽性
23534,20-29歲,男,無,陰性
23535,40-49歲,男,三級,陽性
23536,60歲以上,女,無,陰性
23537,30-39歲,男,無,陰性
23538,19歲以下,男,無,陰性
23539,30-39歲,男,無,陰性
23540,30-39歲,女,無,陰性
23541,40-49歲,女,無,陰性
23542,19歲以下,男,無,陰性
23543,40-49歲,男,二級,陽性
23544,50-59歲,男,無,陰性
23545,60歲以上,女,三級,陽性
23546,30-39歲,男,一級,陽性
23547,40-49歲,男,二級,陽性
23548,40-49歲,男,無,陰性
23549,40-49歲,男,無,陰性
23550,60歲以上,男,無,陰性
23551,60歲以上,男,無,陰性
23552,20-29歲,女,一級,陽性
23553,60歲以上,男,無,陰性
23554,60歲以上,男,二級,陽性
23555,20-29歲,男,無,陰性
23556,60歲以上,男,無,陰性
23557,50-59歲,男,無,陰性
23558,40-49歲,男,二級,陽性
23559,50-59歲,男,二級,陽性
23560,50-59歲,男,一級,陽性
23561,40-49歲,男,無,陰性
23562,50-59歲,男,無,陰性
23563,40-49歲,男,無,陰性
23564,60歲以上,男,無,陰性
23565,50-59歲,男,二級,陽性
23566,40-49歲,男,二級,陽性
23567,30-39歲,男,無,陰性
23568,40-49歲,男,無,陰性
23569,50-59歲,男,無,陰性
23570,40-49歲,女,二級,陽性
23571,30-39歲,男,無,陰性
23572,50-59歲,男,無,陰性
23573,50-59歲,男,二級,陽性
23574,30-39歲,男,無,陰性
23575,40-49歲,男,無,陰性
23576,40-49歲,女,無,陰性
23577,40-49歲,男,無,陰性
23578,40-49歲,女,無,陰性
23579,40-49歲,男,二級,陽性
23580,40-49歲,男,二級,陽性
23581,40-49歲,男,無,陰性
23582,50-59歲,男,無,陰性
23583,40-49歲,男,二級,陽性
23584,19歲以下,男,二級,陽性
23585,40-49歲,男,二級,陽性
23586,60歲以上,男,無,陰性
23587,40-49歲,男,二級,陽性
23588,50-59歲,男,無,陰性
23589,40-49歲,男,二級,陽性
23590,40-49歲,男,無,陰性
23591,40-49歲,男,三級,陽性
23592,50-59歲,女,無,陰性
23593,30-39歲,男,無,陰性
23594,40-49歲,女,無,陰性
23595,50-59歲,女,無,陰性
23596,40-49歲,男,無,陰性
23597,60歲以上,男,二級,陽性
23598,20-29歲,男,無,陰性
23599,40-49歲,男,無,陰性
23600,40-49歲,女,無,陰性
23601,40-49歲,女,無,陰性
23602,50-59歲,女,二級,陽性
23603,50-59歲,男,無,陰性
23604,40-49歲,女,二級,陽性
23605,50-59歲,男,無,陰性
23606,20-29歲,男,無,陰性
23607,40-49歲,男,無,陰性
23608,50-59歲,男,無,陰性
23609,50-59歲,男,無,陰性
23610,50-59歲,男,無,陰性
23611,40-49歲,男,無,陰性
23612,50-59歲,男,無,陰性
23613,40-49歲,男,無,陰性
23614,19歲以下,男,無,陰性
23615,60歲以上,男,二級,陽性
23616,30-39歲,男,無,陰性
23617,50-59歲,男,無,陰性
23618,60歲以上,女,二級,陽性
23619,30-39歲,女,無,陰性
23620,40-49歲,男,無,陰性
23621,40-49歲,男,無,陰性
23622,30-39歲,女,無,陰性
23623,19歲以下,女,二級,陽性
23624,60歲以上,男,無,陰性
23625,50-59歲,男,二級,陽性
23626,30-39歲,男,無,陰性
23627,50-59歲,女,無,陰性
23628,50-59歲,女,無,陰性
23629,30-39歲,男,無,陰性
23630,40-49歲,女,二級,陽性
23631,40-49歲,男,無,陰性
23632,40-49歲,男,無,陰性
23633,30-39歲,男,二級,陽性
23634,19歲以下,女,無,陰性
23635,40-49歲,男,三級,陽性
23636,20-29歲,女,二級,陽性
23637,50-59歲,男,三級,陽性
23638,20-29歲,男,無,陰性
23639,60歲以上,男,無,陰性
23640,50-59歲,男,二級,陽性
23641,19歲以下,男,無,陰性
23642,30-39歲,男,二級,陽性
23643,40-49歲,男,無,陰性
23644,19歲以下,女,無,陰性
23645,40-49歲,女,三級,陽性
23646,50-59歲,男,無,陰性
23647,40-49歲,男,無,陰性
23648,40-49歲,女,二級,陽性
23649,30-39歲,男,無,陰性
23650,30-39歲,女,無,陰性
23651,60歲以上,男,一級,陽性
23652,20-29歲,男,二級,陽性
23653,50-59歲,男,無,陰性
23654,60歲以上,男,無,陰性
23655,20-29歲,男,無,陰性
23656,19歲以下,男,無,陰性
23657,30-39歲,男,無,陰性
23658,50-59歲,男,無,陰性
23659,50-59歲,男,一級,陽性
23660,50-59歲,男,無,陰性
23661,40-49歲,男,無,陰性
23662,50-59歲,男,二級,陽性
23663,60歲以上,男,無,陰性
23664,30-39歲,男,無,陰性
23665,30-39歲,男,無,陰性
23666,40-49歲,男,無,陰性
23667,40-49歲,男,二級,陽性
23668,30-39歲,男,無,陰性
23669,60歲以上,男,無,陰性
23670,40-49歲,男,無,陰性
23671,40-49歲,男,無,陰性
23672,30-39歲,男,二級,陽性
23673,60歲以上,男,無,陰性
23674,30-39歲,男,無,陰性
23675,19歲以下,男,二級,陽性
23676,60歲以上,女,無,陰性
23677,40-49歲,男,一級,陽性
23678,60歲以上,男,無,陰性
23679,30-39歲,男,無,陰性
23680,20-29歲,男,無,陰性
23681,40-49歲,女,二級,陽性
23682,60歲以上,女,無,陰性
23683,40-49歲,男,無,陰性
23684,30-39歲,男,無,陰性
23685,50-59歲,男,二級,陽性
23686,50-59歲,男,無,陰性
23687,40-49歲,女,無,陰性
23688,40-49歲,男,二級,陽性
23689,60歲以上,男,無,陰性
23690,50-59歲,男,無,陰性
23691,40-49歲,女,二級,陽性
23692,30-39歲,男,無,陰性
23693,20-29歲,男,無,陰性
23694,50-59歲,女,二級,陽性
23695,40-49歲,男,二級,陽性
23696,40-49歲,男,無,陰性
23697,60歲以上,男,無,陰性
23698,50-59歲,女,無,陰性
23699,50-59歲,男,二級,陽性
23700,19歲以下,男,無,陰性
23701,40-49歲,男,二級,陽性
23702,50-59歲,男,無,陰性
23703,40-49歲,男,二級,陽性
23704,30-39歲,男,無,陰性
23705,20-29歲,男,二級,陽性
23706,40-49歲,男,無,陰性
23707,40-49歲,男,二級,陽性
23708,20-29歲,女,無,陰性
23709,40-49歲,男,無,陰性
23710,40-49歲,男,無,陰性
23711,20-29歲,男,二級,陽性
23712,40-49歲,男,無,陰性
23713,40-49歲,男,一級,陽性
23714,20-29歲,男,無,陰性
23715,60歲以上,男,二級,陽性
23716,30-39歲,男,無,陰性
23717,19歲以下,男,無,陰性
23718,50-59歲,男,無,陰性
23719,40-49歲,男,無,陰性
23720,60歲以上,女,無,陰性
23721,40-49歲,男,無,陰性
23722,30-39歲,男,無,陰性
23723,40-49歲,女,無,陰性
23724,60歲以上,男,無,陰性
23725,60歲以上,男,無,陰性
23726,40-49歲,男,無,陰性
23727,40-49歲,女,無,陰性
23728,50-59歲,男,一級,陽性
23729,40-49歲,男,無,陰性
23730,50-59歲,男,無,陰性
23731,40-49歲,男,無,陰性
23732,40-49歲,男,無,陰性
23733,20-29歲,男,無,陰性
23734,50-59歲,男,無,陰性
23735,50-59歲,男,一級,陽性
23736,40-49歲,女,無,陰性
23737,50-59歲,男,二級,陽性
23738,50-59歲,男,無,陰性
23739,40-49歲,女,無,陰性
23740,20-29歲,男,無,陰性
23741,30-39歲,男,二級,陽性
23742,40-49歲,男,無,陰性
23743,30-39歲,男,無,陰性
23744,20-29歲,女,三級,陽性
23745,50-59歲,男,無,陰性
23746,40-49歲,女,無,陰性
23747,30-39歲,男,無,陰性
23748,60歲以上,女,二級,陽性
23749,30-39歲,男,無,陰性
23750,40-49歲,男,無,陰性
23751,50-59歲,男,無,陰性
23752,40-49歲,男,無,陰性
23753,50-59歲,女,無,陰性
23754,40-49歲,男,無,陰性
23755,30-39歲,男,無,陰性
23756,40-49歲,男,無,陰性
23757,50-59歲,男,二級,陽性
23758,40-49歲,男,二級,陽性
23759,30-39歲,男,無,陰性
23760,20-29歲,男,無,陰性
23761,40-49歲,男,一級,陽性
23762,40-49歲,男,無,陰性
23763,40-49歲,男,無,陰性
23764,30-39歲,男,無,陰性
23765,50-59歲,男,三級,陽性
23766,20-29歲,女,二級,陽性
23767,19歲以下,男,無,陰性
23768,20-29歲,男,無,陰性
23769,30-39歲,男,無,陰性
23770,50-59歲,男,無,陰性
23771,40-49歲,男,無,陰性
23772,50-59歲,女,二級,陽性
23773,50-59歲,男,無,陰性
23774,50-59歲,男,二級,陽性
23775,60歲以上,男,無,陰性
23776,40-49歲,男,無,陰性
23777,50-59歲,男,無,陰性
23778,30-39歲,女,一級,陽性
23779,40-49歲,男,無,陰性
23780,40-49歲,男,無,陰性
23781,50-59歲,男,無,陰性
23782,30-39歲,男,無,陰性
23783,30-39歲,男,無,陰性
23784,40-49歲,男,無,陰性
23785,50-59歲,男,無,陰性
23786,20-29歲,女,二級,陽性
23787,50-59歲,男,二級,陽性
23788,20-29歲,女,無,陰性
23789,40-49歲,男,無,陰性
23790,60歲以上,男,無,陰性
23791,40-49歲,男,二級,陽性
23792,40-49歲,女,一級,陽性
23793,40-49歲,男,無,陰性
23794,50-59歲,女,無,陰性
23795,50-59歲,男,無,陰性
23796,20-29歲,男,無,陰性
23797,40-49歲,男,無,陰性
23798,60歲以上,男,二級,陽性
23799,50-59歲,男,無,陰性
23800,20-29歲,男,無,陰性
23801,60歲以上,男,無,陰性
23802,50-59歲,男,一級,陽性
23803,50-59歲,男,無,陰性
23804,40-49歲,男,二級,陽性
23805,30-39歲,男,無,陰性
23806,40-49歲,女,無,陰性
23807,50-59歲,男,無,陰性
23808,30-39歲,男,無,陰性
23809,19歲以下,男,無,陰性
23810,60歲以上,男,無,陰性
23811,20-29歲,男,無,陰性
23812,50-59歲,男,無,陰性
23813,40-49歲,男,無,陰性
23814,50-59歲,女,無,陰性
23815,50-59歲,男,無,陰性
23816,20-29歲,男,無,陰性
23817,60歲以上,女,無,陰性
23818,60歲以上,男,二級,陽性
23819,20-29歲,男,無,陰性
23820,40-49歲,男,二級,陽性
23821,50-59歲,男,無,陰性
23822,50-59歲,男,無,陰性
23823,20-29歲,男,無,陰性
23824,40-49歲,男,無,陰性
23825,40-49歲,男,二級,陽性
23826,40-49歲,男,三級,陽性
23827,50-59歲,女,三級,陽性
23828,50-59歲,男,無,陰性
23829,40-49歲,女,無,陰性
23830,30-39歲,男,二級,陽性
23831,40-49歲,男,無,陰性
23832,60歲以上,男,無,陰性
23833,50-59歲,男,無,陰性
23834,60歲以上,男,無,陰性
23835,30-39歲,男,一級,陽性
23836,50-59歲,男,無,陰性
23837,60歲以上,男,無,陰性
23838,40-49歲,男,無,陰性
23839,30-39歲,男,二級,陽性
23840,30-39歲,男,無,陰性
23841,40-49歲,男,無,陰性
23842,50-59歲,男,無,陰性
23843,40-49歲,男,無,陰性
23844,20-29歲,男,無,陰性
23845,50-59歲,男,無,陰性
23846,40-49歲,男,無,陰性
23847,40-49歲,女,二級,陽性
23848,40-49歲,男,二級,陽性
23849,20-29歲,男,無,陰性
23850,30-39歲,男,二級,陽性
23851,50-59歲,女,無,陰性
23852,19歲以下,男,無,陰性
23853,40-49歲,男,無,陰性
23854,40-49歲,男,無,陰性
23855,19歲以下,女,無,陰性
23856,30-39歲,男,無,陰性
23857,30-39歲,男,無,陰性
23858,50-59歲,男,無,陰性
23859,20-29歲,男,無,陰性
23860,50-59歲,男,無,陰性
23861,50-59歲,男,無,陰性
23862,30-39歲,男,無,陰性
23863,60歲以上,男,二級,陽性
23864,30-39歲,男,無,陰性
23865,50-59歲,男,二級,陽性
23866,50-59歲,女,無,陰性
23867,50-59歲,男,無,陰性
23868,30-39歲,女,三級,陽性
23869,30-39歲,男,無,陰性
23870,40-49歲,男,無,陰性
23871,40-49歲,男,無,陰性
23872,50-59歲,女,無,陰性
23873,20-29歲,男,無,陰性
23874,50-59歲,男,無,陰性
23875,50-59歲,男,無,陰性
23876,40-49歲,男,無,陰性
23877,50-59歲,女,無,陰性
23878,50-59歲,男,無,陰性
23879,50-59歲,男,無,陰性
23880,50-59歲,男,無,陰性
23881,50-59歲,男,無,陰性
23882,19歲以下,男,三級,陽性
23883,40-49歲,女,二級,陽性
23884,20-29歲,男,二級,陽性
23885,40-49歲,男,無,陰性
23886,30-39歲,女,一級,陽性
23887,30-39歲,男,無,陰性
23888,40-49歲,女,無,陰性
23889,50-59歲,男,無,陰性
23890,40-49歲,男,三級,陽性
23891,40-49歲,男,無,陰性
23892,40-49歲,男,無,陰性
23893,50-59歲,男,無,陰性
23894,40-49歲,男,無,陰性
23895,50-59歲,男,無,陰性
23896,20-29歲,男,無,陰性
23897,50-59歲,男,無,陰性
23898,40-49歲,男,二級,陽性
23899,30-39歲,男,無,陰性
23900,30-39歲,男,無,陰性
23901,40-49歲,女,無,陰性
23902,30-39歲,男,無,陰性
23903,19歲以下,男,無,陰性
23904,60歲以上,男,無,陰性
23905,40-49歲,男,無,陰性
23906,40-49歲,男,無,陰性
23907,20-29歲,男,無,陰性
23908,40-49歲,男,無,陰性
23909,40-49歲,男,無,陰性
23910,30-39歲,男,無,陰性
23911,50-59歲,男,無,陰性
23912,50-59歲,男,無,陰性
23913,50-59歲,男,無,陰性
23914,20-29歲,男,無,陰性
23915,50-59歲,女,無,陰性
23916,40-49歲,男,無,陰性
23917,40-49歲,女,一級,陽性
23918,40-49歲,男,無,陰性
23919,20-29歲,女,三級,陽性
23920,50-59歲,男,無,陰性
23921,40-49歲,男,二級,陽性
23922,40-49歲,男,無,陰性
23923,20-29歲,男,無,陰性
23924,60歲以上,男,二級,陽性
23925,40-49歲,男,無,陰性
23926,50-59歲,男,無,陰性
23927,30-39歲,男,無,陰性
23928,50-59歲,男,無,陰性
23929,30-39歲,男,二級,陽性
23930,19歲以下,男,無,陰性
23931,40-49歲,男,二級,陽性
23932,40-49歲,男,二級,陽性
23933,40-49歲,男,無,陰性
23934,50-59歲,女,無,陰性
23935,50-59歲,男,無,陰性
23936,30-39歲,男,無,陰性
23937,60歲以上,男,無,陰性
23938,40-49歲,女,無,陰性
23939,30-39歲,女,無,陰性
23940,40-49歲,男,無,陰性
23941,30-39歲,男,無,陰性
23942,30-39歲,男,無,陰性
23943,60歲以上,男,無,陰性
23944,40-49歲,女,無,陰性
23945,30-39歲,男,無,陰性
23946,50-59歲,男,無,陰性
23947,40-49歲,男,二級,陽性
23948,60歲以上,男,無,陰性
23949,20-29歲,男,無,陰性
23950,50-59歲,男,無,陰性
23951,40-49歲,男,無,陰性
23952,50-59歲,女,無,陰性
23953,20-29歲,男,無,陰性
23954,20-29歲,男,無,陰性
23955,40-49歲,女,無,陰性
23956,50-59歲,女,無,陰性
23957,40-49歲,男,一級,陽性
23958,50-59歲,女,無,陰性
23959,20-29歲,男,無,陰性
23960,50-59歲,男,無,陰性
23961,40-49歲,男,三級,陽性
23962,40-49歲,男,二級,陽性
23963,40-49歲,男,無,陰性
23964,19歲以下,女,二級,陽性
23965,60歲以上,男,無,陰性
23966,50-59歲,男,無,陰性
23967,50-59歲,女,無,陰性
23968,40-49歲,男,無,陰性
23969,40-49歲,女,無,陰性
23970,50-59歲,男,無,陰性
23971,30-39歲,男,無,陰性
23972,40-49歲,男,無,陰性
23973,40-49歲,男,無,陰性
23974,50-59歲,男,無,陰性
23975,20-29歲,男,無,陰性
23976,20-29歲,女,無,陰性
23977,50-59歲,男,無,陰性
23978,40-49歲,男,無,陰性
23979,20-29歲,男,二級,陽性
23980,60歲以上,男,三級,陽性
23981,30-39歲,男,一級,陽性
23982,20-29歲,男,無,陰性
23983,20-29歲,女,無,陰性
23984,50-59歲,男,無,陰性
23985,50-59歲,男,二級,陽性
23986,50-59歲,男,無,陰性
23987,50-59歲,女,二級,陽性
23988,60歲以上,男,二級,陽性
23989,60歲以上,男,無,陰性
23990,50-59歲,男,一級,陽性
23991,50-59歲,女,無,陰性
23992,50-59歲,男,無,陰性
23993,40-49歲,男,無,陰性
23994,40-49歲,女,無,陰性
23995,30-39歲,男,無,陰性
23996,20-29歲,男,無,陰性
23997,40-49歲,女,二級,陽性
23998,50-59歲,男,無,陰性
23999,20-29歲,男,無,陰性
24000,40-49歲,男,無,陰性
24001,50-59歲,男,二級,陽性
24002,40-49歲,男,無,陰性
24003,40-49歲,女,無,陰性
24004,60歲以上,男,二級,陽性
24005,50-59歲,男,無,陰性
24006,50-59歲,男,無,陰性
24007,50-59歲,女,無,陰性
24008,40-49歲,男,無,陰性
24009,40-49歲,男,無,陰性
24010,30-39歲,男,無,陰性
24011,50-59歲,男,無,陰性
24012,50-59歲,男,無,陰性
24013,30-39歲,男,二級,陽性
24014,50-59歲,男,無,陰性
24015,40-49歲,女,無,陰性
24016,40-49歲,男,無,陰性
24017,50-59歲,男,無,陰性
24018,40-49歲,男,二級,陽性
24019,30-39歲,女,二級,陽性
24020,50-59歲,男,無,陰性
24021,30-39歲,男,無,陰性
24022,40-49歲,男,無,陰性
24023,30-39歲,女,無,陰性
24024,60歲以上,男,二級,陽性
24025,40-49歲,男,無,陰性
24026,30-39歲,女,二級,陽性
24027,60歲以上,男,無,陰性
24028,40-49歲,男,無,陰性
24029,40-49歲,男,無,陰性
24030,40-49歲,男,無,陰性
24031,50-59歲,男,無,陰性
24032,30-39歲,男,二級,陽性
24033,40-49歲,女,無,陰性
24034,60歲以上,男,無,陰性
24035,30-39歲,男,無,陰性
24036,30-39歲,男,二級,陽性
24037,50-59歲,男,無,陰性
24038,60歲以上,女,無,陰性
24039,40-49歲,男,無,陰性
24040,30-39歲,男,無,陰性
24041,19歲以下,男,無,陰性
24042,30-39歲,男,無,陰性
24043,50-59歲,男,無,陰性
24044,30-39歲,男,二級,陽性
24045,20-29歲,男,無,陰性
24046,50-59歲,男,無,陰性
24047,40-49歲,女,無,陰性
24048,19歲以下,男,無,陰性
24049,50-59歲,男,無,陰性
24050,20-29歲,男,無,陰性
24051,40-49歲,男,無,陰性
24052,40-49歲,女,二級,陽性
24053,40-49歲,男,無,陰性
24054,50-59歲,男,無,陰性
24055,50-59歲,男,無,陰性
24056,40-49歲,女,無,陰性
24057,30-39歲,男,無,陰性
24058,40-49歲,女,無,陰性
24059,60歲以上,男,無,陰性
24060,40-49歲,男,二級,陽性
24061,40-49歲,男,無,陰性
24062,40-49歲,男,二級,陽性
24063,30-39歲,男,二級,陽性
24064,30-39歲,男,無,陰性
24065,40-49歲,男,無,陰性
24066,40-49歲,男,無,陰性
24067,40-49歲,男,無,陰性
24068,50-59歲,男,無,陰性
24069,40-49歲,男,無,陰性
24070,40-49歲,女,無,陰性
24071,30-39歲,男,無,陰性
24072,40-49歲,男,無,陰性
24073,60歲以上,男,無,陰性
24074,30-39歲,男,無,陰性
24075,60歲以上,女,無,陰性
24076,60歲以上,男,無,陰性
24077,19歲以下,男,無,陰性
24078,50-59歲,女,無,陰性
24079,40-49歲,男,無,陰性
24080,40-49歲,男,無,陰性
24081,50-59歲,男,二級,陽性
24082,60歲以上,男,無,陰性
24083,30-39歲,女,無,陰性
24084,50-59歲,男,無,陰性
24085,40-49歲,男,無,陰性
24086,40-49歲,女,無,陰性
24087,50-59歲,男,三級,陽性
24088,60歲以上,女,無,陰性
24089,50-59歲,男,無,陰性
24090,30-39歲,男,無,陰性
24091,50-59歲,男,無,陰性
24092,60歲以上,男,無,陰性
24093,20-29歲,男,無,陰性
24094,30-39歲,男,二級,陽性
24095,30-39歲,男,無,陰性
24096,50-59歲,男,無,陰性
24097,40-49歲,男,無,陰性
24098,50-59歲,男,無,陰性
24099,50-59歲,男,無,陰性
24100,30-39歲,男,無,陰性
24101,50-59歲,男,無,陰性
24102,60歲以上,女,無,陰性
24103,60歲以上,男,無,陰性
24104,40-49歲,男,一級,陽性
24105,50-59歲,男,無,陰性
24106,50-59歲,男,三級,陽性
24107,40-49歲,男,三級,陽性
24108,50-59歲,男,無,陰性
24109,40-49歲,女,無,陰性
24110,50-59歲,男,無,陰性
24111,30-39歲,男,無,陰性
24112,30-39歲,男,無,陰性
24113,30-39歲,男,二級,陽性
24114,30-39歲,男,無,陰性
24115,19歲以下,男,無,陰性
24116,30-39歲,男,無,陰性
24117,40-49歲,女,三級,陽性
24118,40-49歲,男,無,陰性
24119,40-49歲,女,無,陰性
24120,50-59歲,女,無,陰性
24121,40-49歲,男,無,陰性
24122,50-59歲,男,二級,陽性
24123,40-49歲,女,無,陰性
24124,30-39歲,男,二級,陽性
24125,40-49歲,男,二級,陽性
24126,40-49歲,男,無,陰性
24127,40-49歲,男,二級,陽性
24128,19歲以下,男,無,陰性
24129,50-59歲,女,二級,陽性
24130,40-49歲,男,二級,陽性
24131,60歲以上,男,無,陰性
24132,50-59歲,女,無,陰性
24133,30-39歲,男,二級,陽性
24134,30-39歲,男,無,陰性
24135,40-49歲,男,無,陰性
24136,30-39歲,男,無,陰性
24137,50-59歲,女,無,陰性
24138,50-59歲,男,無,陰性
24139,50-59歲,男,無,陰性
24140,50-59歲,男,無,陰性
24141,40-49歲,男,無,陰性
24142,30-39歲,男,二級,陽性
24143,50-59歲,男,無,陰性
24144,50-59歲,男,無,陰性
24145,40-49歲,男,無,陰性
24146,40-49歲,男,無,陰性
24147,40-49歲,男,無,陰性
24148,30-39歲,男,無,陰性
24149,50-59歲,男,無,陰性
24150,50-59歲,男,無,陰性
24151,30-39歲,男,無,陰性
24152,40-49歲,男,無,陰性
24153,20-29歲,男,二級,陽性
24154,30-39歲,男,無,陰性
24155,30-39歲,男,三級,陽性
24156,40-49歲,男,無,陰性
24157,40-49歲,男,二級,陽性
24158,20-29歲,男,無,陰性
24159,40-49歲,男,無,陰性
24160,60歲以上,男,無,陰性
24161,50-59歲,男,無,陰性
24162,50-59歲,男,無,陰性
24163,50-59歲,女,無,陰性
24164,60歲以上,女,二級,陽性
24165,20-29歲,女,無,陰性
24166,40-49歲,男,二級,陽性
24167,50-59歲,男,無,陰性
24168,50-59歲,男,無,陰性
24169,40-49歲,男,無,陰性
24170,40-49歲,男,一級,陽性
24171,50-59歲,女,三級,陽性
24172,50-59歲,男,二級,陽性
24173,30-39歲,男,二級,陽性
24174,50-59歲,男,二級,陽性
24175,20-29歲,男,無,陰性
24176,19歲以下,女,無,陰性
24177,50-59歲,男,二級,陽性
24178,40-49歲,男,無,陰性
24179,50-59歲,男,一級,陽性
24180,40-49歲,男,二級,陽性
24181,20-29歲,男,無,陰性
24182,40-49歲,男,無,陰性
24183,50-59歲,男,無,陰性
24184,30-39歲,男,無,陰性
24185,40-49歲,男,三級,陽性
24186,50-59歲,男,無,陰性
24187,40-49歲,男,無,陰性
24188,30-39歲,女,二級,陽性
24189,50-59歲,男,二級,陽性
24190,40-49歲,男,無,陰性
24191,20-29歲,女,無,陰性
24192,40-49歲,男,無,陰性
24193,60歲以上,男,二級,陽性
24194,40-49歲,女,無,陰性
24195,40-49歲,男,三級,陽性
24196,50-59歲,男,無,陰性
24197,40-49歲,男,無,陰性
24198,40-49歲,男,無,陰性
24199,40-49歲,男,二級,陽性
24200,20-29歲,女,無,陰性
24201,19歲以下,男,二級,陽性
24202,30-39歲,男,二級,陽性
24203,40-49歲,女,二級,陽性
24204,40-49歲,男,無,陰性
24205,20-29歲,男,無,陰性
24206,50-59歲,女,二級,陽性
24207,30-39歲,男,無,陰性
24208,60歲以上,男,無,陰性
24209,50-59歲,男,無,陰性
24210,30-39歲,男,無,陰性
24211,20-29歲,男,二級,陽性
24212,30-39歲,女,無,陰性
24213,50-59歲,男,無,陰性
24214,40-49歲,女,無,陰性
24215,20-29歲,男,二級,陽性
24216,50-59歲,男,無,陰性
24217,30-39歲,男,無,陰性
24218,20-29歲,男,二級,陽性
24219,40-49歲,男,無,陰性
24220,30-39歲,男,三級,陽性
24221,30-39歲,男,無,陰性
24222,40-49歲,男,無,陰性
24223,40-49歲,男,二級,陽性
24224,20-29歲,男,一級,陽性
24225,30-39歲,男,無,陰性
24226,50-59歲,男,無,陰性
24227,60歲以上,男,無,陰性
24228,50-59歲,男,無,陰性
24229,50-59歲,男,二級,陽性
24230,50-59歲,男,無,陰性
24231,40-49歲,男,二級,陽性
24232,40-49歲,男,無,陰性
24233,20-29歲,男,二級,陽性
24234,30-39歲,男,三級,陽性
24235,30-39歲,男,二級,陽性
24236,40-49歲,男,無,陰性
24237,20-29歲,男,無,陰性
24238,40-49歲,女,無,陰性
24239,50-59歲,男,無,陰性
24240,50-59歲,男,無,陰性
24241,50-59歲,男,無,陰性
24242,19歲以下,男,無,陰性
24243,50-59歲,男,無,陰性
24244,50-59歲,男,無,陰性
24245,40-49歲,男,二級,陽性
24246,50-59歲,女,無,陰性
24247,40-49歲,男,一級,陽性
24248,40-49歲,男,無,陰性
24249,60歲以上,男,無,陰性
24250,30-39歲,女,二級,陽性
24251,40-49歲,男,無,陰性
24252,60歲以上,男,無,陰性
24253,40-49歲,男,無,陰性
24254,50-59歲,男,三級,陽性
24255,20-29歲,男,無,陰性
24256,40-49歲,男,無,陰性
24257,40-49歲,女,無,陰性
24258,30-39歲,男,一級,陽性
24259,60歲以上,男,無,陰性
24260,40-49歲,男,無,陰性
24261,40-49歲,男,無,陰性
24262,30-39歲,女,無,陰性
24263,30-39歲,男,無,陰性
24264,60歲以上,男,無,陰性
24265,50-59歲,男,無,陰性
24266,40-49歲,男,二級,陽性
24267,40-49歲,男,無,陰性
24268,50-59歲,女,無,陰性
24269,30-39歲,男,無,陰性
24270,40-49歲,男,無,陰性
24271,60歲以上,男,無,陰性
24272,30-39歲,女,無,陰性
24273,50-59歲,男,無,陰性
24274,50-59歲,男,二級,陽性
24275,40-49歲,男,無,陰性
24276,60歲以上,男,無,陰性
24277,50-59歲,女,一級,陽性
24278,20-29歲,男,無,陰性
24279,40-49歲,男,二級,陽性
24280,60歲以上,男,無,陰性
24281,40-49歲,男,無,陰性
24282,50-59歲,男,無,陰性
24283,20-29歲,男,無,陰性
24284,50-59歲,男,無,陰性
24285,60歲以上,男,二級,陽性
24286,50-59歲,男,無,陰性
24287,20-29歲,女,無,陰性
24288,19歲以下,男,無,陰性
24289,40-49歲,男,二級,陽性
24290,50-59歲,女,無,陰性
24291,40-49歲,女,無,陰性
24292,40-49歲,男,無,陰性
24293,40-49歲,男,無,陰性
24294,40-49歲,女,無,陰性
24295,19歲以下,男,三級,陽性
24296,50-59歲,男,三級,陽性
24297,40-49歲,男,無,陰性
24298,20-29歲,男,無,陰性
24299,50-59歲,女,無,陰性
24300,40-49歲,男,二級,陽性
24301,40-49歲,女,二級,陽性
24302,50-59歲,男,無,陰性
24303,40-49歲,男,無,陰性
24304,50-59歲,男,無,陰性
24305,40-49歲,女,無,陰性
24306,40-49歲,男,無,陰性
24307,40-49歲,男,二級,陽性
24308,50-59歲,男,二級,陽性
24309,50-59歲,男,無,陰性
24310,40-49歲,男,無,陰性
24311,30-39歲,男,無,陰性
24312,60歲以上,男,無,陰性
24313,30-39歲,男,無,陰性
24314,20-29歲,男,無,陰性
24315,40-49歲,男,無,陰性
24316,50-59歲,男,無,陰性
24317,40-49歲,女,三級,陽性
24318,40-49歲,男,二級,陽性
24319,30-39歲,女,無,陰性
24320,40-49歲,男,二級,陽性
24321,40-49歲,男,無,陰性
24322,40-49歲,男,無,陰性
24323,40-49歲,男,無,陰性
24324,50-59歲,男,無,陰性
24325,30-39歲,男,無,陰性
24326,20-29歲,女,無,陰性
24327,60歲以上,男,二級,陽性
24328,30-39歲,男,無,陰性
24329,50-59歲,男,無,陰性
24330,50-59歲,男,無,陰性
24331,40-49歲,男,無,陰性
24332,40-49歲,男,無,陰性
24333,40-49歲,男,無,陰性
24334,50-59歲,男,無,陰性
24335,50-59歲,男,無,陰性
24336,30-39歲,女,無,陰性
24337,40-49歲,男,二級,陽性
24338,60歲以上,男,無,陰性
24339,60歲以上,女,無,陰性
24340,50-59歲,男,無,陰性
24341,60歲以上,男,無,陰性
24342,50-59歲,男,無,陰性
24343,40-49歲,男,無,陰性
24344,30-39歲,男,無,陰性
24345,20-29歲,男,無,陰性
24346,20-29歲,男,無,陰性
24347,40-49歲,男,三級,陽性
24348,40-49歲,男,無,陰性
24349,19歲以下,男,無,陰性
24350,40-49歲,男,無,陰性
24351,60歲以上,男,無,陰性
24352,50-59歲,男,二級,陽性
24353,50-59歲,男,無,陰性
24354,60歲以上,男,二級,陽性
24355,50-59歲,男,二級,陽性
24356,40-49歲,男,無,陰性
24357,40-49歲,女,二級,陽性
24358,60歲以上,男,二級,陽性
24359,30-39歲,女,無,陰性
24360,30-39歲,男,無,陰性
24361,30-39歲,女,無,陰性
24362,40-49歲,男,無,陰性
24363,30-39歲,男,無,陰性
24364,40-49歲,男,無,陰性
24365,30-39歲,男,三級,陽性
24366,40-49歲,男,無,陰性
24367,20-29歲,男,一級,陽性
24368,30-39歲,男,無,陰性
24369,50-59歲,男,無,陰性
24370,30-39歲,男,二級,陽性
24371,50-59歲,男,無,陰性
24372,20-29歲,女,無,陰性
24373,40-49歲,男,二級,陽性
24374,50-59歲,男,一級,陽性
24375,50-59歲,男,二級,陽性
24376,30-39歲,男,三級,陽性
24377,30-39歲,男,無,陰性
24378,40-49歲,男,無,陰性
24379,40-49歲,男,無,陰性
24380,50-59歲,男,無,陰性
24381,40-49歲,男,二級,陽性
24382,50-59歲,女,二級,陽性
24383,50-59歲,女,無,陰性
24384,20-29歲,男,無,陰性
24385,40-49歲,男,無,陰性
24386,40-49歲,男,無,陰性
24387,50-59歲,男,無,陰性
24388,50-59歲,女,二級,陽性
24389,50-59歲,女,無,陰性
24390,50-59歲,男,無,陰性
24391,40-49歲,男,無,陰性
24392,50-59歲,男,無,陰性
24393,50-59歲,男,二級,陽性
24394,60歲以上,男,無,陰性
24395,40-49歲,男,無,陰性
24396,60歲以上,男,無,陰性
24397,20-29歲,男,無,陰性
24398,50-59歲,男,無,陰性
24399,30-39歲,男,二級,陽性
24400,20-29歲,男,無,陰性
24401,40-49歲,男,二級,陽性
24402,50-59歲,男,二級,陽性
24403,50-59歲,男,三級,陽性
24404,40-49歲,男,無,陰性
24405,40-49歲,男,無,陰性
24406,50-59歲,男,無,陰性
24407,40-49歲,男,無,陰性
24408,19歲以下,男,無,陰性
24409,40-49歲,男,無,陰性
24410,30-39歲,男,無,陰性
24411,40-49歲,男,無,陰性
24412,40-49歲,男,無,陰性
24413,30-39歲,男,無,陰性
24414,30-39歲,男,無,陰性
24415,40-49歲,男,無,陰性
24416,60歲以上,女,無,陰性
24417,50-59歲,男,無,陰性
24418,30-39歲,男,無,陰性
24419,40-49歲,男,無,陰性
24420,30-39歲,男,無,陰性
24421,50-59歲,男,二級,陽性
24422,20-29歲,男,無,陰性
24423,40-49歲,男,無,陰性
24424,60歲以上,男,二級,陽性
24425,40-49歲,男,無,陰性
24426,50-59歲,男,無,陰性
24427,50-59歲,女,無,陰性
24428,30-39歲,男,二級,陽性
24429,20-29歲,男,二級,陽性
24430,50-59歲,男,無,陰性
24431,30-39歲,男,二級,陽性
24432,40-49歲,女,三級,陽性
24433,50-59歲,男,無,陰性
24434,20-29歲,女,無,陰性
24435,50-59歲,男,無,陰性
24436,50-59歲,男,無,陰性
24437,30-39歲,男,無,陰性
24438,40-49歲,男,無,陰性
24439,60歲以上,男,一級,陽性
24440,40-49歲,男,無,陰性
24441,50-59歲,男,無,陰性
24442,40-49歲,男,無,陰性
24443,50-59歲,男,無,陰性
24444,30-39歲,男,一級,陽性
24445,20-29歲,男,無,陰性
24446,50-59歲,男,無,陰性
24447,40-49歲,男,無,陰性
24448,30-39歲,男,三級,陽性
24449,19歲以下,女,無,陰性
24450,50-59歲,男,無,陰性
24451,50-59歲,男,無,陰性
24452,50-59歲,男,無,陰性
24453,50-59歲,男,二級,陽性
24454,60歲以上,男,無,陰性
24455,50-59歲,女,無,陰性
24456,40-49歲,男,無,陰性
24457,40-49歲,男,無,陰性
24458,30-39歲,男,無,陰性
24459,40-49歲,女,二級,陽性
24460,30-39歲,男,無,陰性
24461,50-59歲,男,無,陰性
24462,50-59歲,男,無,陰性
24463,40-49歲,男,三級,陽性
24464,30-39歲,男,二級,陽性
24465,20-29歲,男,二級,陽性
24466,40-49歲,男,無,陰性
24467,50-59歲,男,無,陰性
24468,60歲以上,男,無,陰性
24469,40-49歲,女,一級,陽性
24470,40-49歲,女,無,陰性
24471,40-49歲,男,無,陰性
24472,50-59歲,男,二級,陽性
24473,50-59歲,男,無,陰性
24474,20-29歲,男,無,陰性
24475,60歲以上,男,無,陰性
24476,60歲以上,女,無,陰性
24477,40-49歲,男,無,陰性
24478,40-49歲,男,二級,陽性
24479,40-49歲,男,無,陰性
24480,60歲以上,男,無,陰性
24481,40-49歲,男,二級,陽性
24482,20-29歲,男,二級,陽性
24483,30-39歲,男,無,陰性
24484,60歲以上,男,無,陰性
24485,30-39歲,男,二級,陽性
24486,50-59歲,女,無,陰性
24487,30-39歲,男,二級,陽性
24488,50-59歲,男,無,陰性
24489,40-49歲,男,無,陰性
24490,50-59歲,男,無,陰性
24491,50-59歲,男,無,陰性
24492,40-49歲,女,無,陰性
24493,40-49歲,女,無,陰性
24494,40-49歲,男,無,陰性
24495,40-49歲,女,無,陰性
24496,40-49歲,男,無,陰性
24497,30-39歲,男,無,陰性
24498,40-49歲,女,無,陰性
24499,40-49歲,男,無,陰性
24500,30-39歲,男,無,陰性
24501,40-49歲,男,二級,陽性
24502,40-49歲,男,無,陰性
24503,40-49歲,男,無,陰性
24504,20-29歲,男,無,陰性
24505,40-49歲,女,無,陰性
24506,50-59歲,女,無,陰性
24507,40-49歲,男,三級,陽性
24508,40-49歲,男,無,陰性
24509,40-49歲,男,無,陰性
24510,40-49歲,男,無,陰性
24511,20-29歲,男,無,陰性
24512,30-39歲,男,無,陰性
24513,40-49歲,男,無,陰性
24514,50-59歲,男,無,陰性
24515,40-49歲,男,無,陰性
24516,40-49歲,男,無,陰性
24517,40-49歲,男,無,陰性
24518,40-49歲,男,無,陰性
24519,40-49歲,男,無,陰性
24520,40-49歲,男,無,陰性
24521,40-49歲,男,無,陰性
24522,30-39歲,男,無,陰性
24523,20-29歲,男,無,陰性
24524,50-59歲,男,二級,陽性
24525,19歲以下,男,無,陰性
24526,20-29歲,男,無,陰性
24527,40-49歲,男,二級,陽性
24528,30-39歲,男,三級,陽性
24529,50-59歲,男,無,陰性
24530,50-59歲,男,二級,陽性
24531,30-39歲,男,無,陰性
24532,20-29歲,男,一級,陽性
24533,40-49歲,男,無,陰性
24534,40-49歲,男,無,陰性
24535,19歲以下,男,二級,陽性
24536,40-49歲,女,無,陰性
24537,40-49歲,男,二級,陽性
24538,50-59歲,女,無,陰性
24539,19歲以下,男,無,陰性
24540,40-49歲,男,無,陰性
24541,50-59歲,男,無,陰性
24542,30-39歲,男,無,陰性
24543,40-49歲,男,無,陰性
24544,50-59歲,男,無,陰性
24545,50-59歲,男,無,陰性
24546,50-59歲,男,無,陰性
24547,50-59歲,男,無,陰性
24548,40-49歲,男,無,陰性
24549,50-59歲,男,無,陰性
24550,50-59歲,男,二級,陽性
24551,60歲以上,女,無,陰性
24552,30-39歲,男,無,陰性
24553,30-39歲,男,無,陰性
24554,40-49歲,男,無,陰性
24555,40-49歲,男,無,陰性
24556,50-59歲,男,無,陰性
24557,19歲以下,男,無,陰性
24558,40-49歲,男,無,陰性
24559,50-59歲,男,無,陰性
24560,40-49歲,男,無,陰性
24561,40-49歲,男,無,陰性
24562,19歲以下,男,無,陰性
24563,40-49歲,男,無,陰性
24564,40-49歲,男,二級,陽性
24565,50-59歲,男,無,陰性
24566,50-59歲,女,無,陰性
24567,40-49歲,男,無,陰性
24568,20-29歲,男,三級,陽性
24569,30-39歲,女,無,陰性
24570,40-49歲,男,無,陰性
24571,30-39歲,男,二級,陽性
24572,60歲以上,男,無,陰性
24573,30-39歲,男,無,陰性
24574,30-39歲,男,無,陰性
24575,20-29歲,男,無,陰性
24576,30-39歲,男,一級,陽性
24577,40-49歲,男,二級,陽性
24578,50-59歲,男,二級,陽性
24579,20-29歲,男,無,陰性
24580,40-49歲,男,無,陰性
24581,50-59歲,男,無,陰性
24582,50-59歲,女,無,陰性
24583,20-29歲,男,無,陰性
24584,30-39歲,男,二級,陽性
24585,60歲以上,男,無,陰性
24586,40-49歲,男,二級,陽性
24587,50-59歲,男,無,陰性
24588,40-49歲,男,無,陰性
24589,40-49歲,男,無,陰性
24590,20-29歲,男,無,陰性
24591,40-49歲,男,無,陰性
24592,40-49歲,男,無,陰性
24593,40-49歲,男,無,陰性
24594,50-59歲,男,無,陰性
24595,60歲以上,男,一級,陽性
24596,30-39歲,男,三級,陽性
24597,40-49歲,男,無,陰性
24598,40-49歲,男,無,陰性
24599,40-49歲,男,無,陰性
24600,19歲以下,男,無,陰性
24601,30-39歲,男,無,陰性
24602,40-49歲,男,無,陰性
24603,50-59歲,女,二級,陽性
24604,30-39歲,男,二級,陽性
24605,60歲以上,男,無,陰性
24606,50-59歲,女,三級,陽性
24607,40-49歲,男,無,陰性
24608,40-49歲,男,無,陰性
24609,40-49歲,男,無,陰性
24610,40-49歲,女,二級,陽性
24611,30-39歲,女,一級,陽性
24612,60歲以上,男,無,陰性
24613,40-49歲,男,無,陰性
24614,50-59歲,男,無,陰性
24615,50-59歲,男,無,陰性
24616,30-39歲,男,無,陰性
24617,30-39歲,男,無,陰性
24618,50-59歲,男,無,陰性
24619,30-39歲,男,無,陰性
24620,40-49歲,女,無,陰性
24621,30-39歲,男,無,陰性
24622,50-59歲,女,無,陰性
24623,40-49歲,男,無,陰性
24624,40-49歲,男,無,陰性
24625,40-49歲,男,二級,陽性
24626,40-49歲,男,無,陰性
24627,20-29歲,女,無,陰性
24628,60歲以上,男,無,陰性
24629,40-49歲,女,無,陰性
24630,50-59歲,男,二級,陽性
24631,40-49歲,男,無,陰性
24632,40-49歲,男,三級,陽性
24633,50-59歲,男,無,陰性
24634,40-49歲,女,二級,陽性
24635,50-59歲,男,三級,陽性
24636,20-29歲,男,無,陰性
24637,30-39歲,男,無,陰性
24638,40-49歲,男,無,陰性
24639,40-49歲,男,無,陰性
24640,50-59歲,男,二級,陽性
24641,50-59歲,男,無,陰性
24642,30-39歲,男,無,陰性
24643,40-49歲,男,無,陰性
24644,20-29歲,男,無,陰性
24645,40-49歲,男,無,陰性
24646,50-59歲,男,無,陰性
24647,60歲以上,男,二級,陽性
24648,40-49歲,男,無,陰性
24649,30-39歲,男,無,陰性
24650,50-59歲,男,無,陰性
24651,60歲以上,男,無,陰性
24652,40-49歲,男,無,陰性
24653,40-49歲,男,無,陰性
24654,50-59歲,男,二級,陽性
24655,30-39歲,男,無,陰性
24656,30-39歲,男,無,陰性
24657,50-59歲,男,三級,陽性
24658,50-59歲,女,無,陰性
24659,40-49歲,男,三級,陽性
24660,19歲以下,男,無,陰性
24661,20-29歲,男,無,陰性
24662,40-49歲,男,無,陰性
24663,50-59歲,男,無,陰性
24664,20-29歲,男,無,陰性
24665,40-49歲,女,無,陰性
24666,40-49歲,男,無,陰性
24667,20-29歲,男,無,陰性
24668,30-39歲,男,無,陰性
24669,50-59歲,男,無,陰性
24670,40-49歲,男,無,陰性
24671,40-49歲,男,無,陰性
24672,40-49歲,女,二級,陽性
24673,30-39歲,男,無,陰性
24674,40-49歲,男,無,陰性
24675,20-29歲,男,無,陰性
24676,30-39歲,男,無,陰性
24677,50-59歲,男,無,陰性
24678,20-29歲,男,無,陰性
24679,60歲以上,男,無,陰性
24680,40-49歲,男,二級,陽性
24681,40-49歲,男,無,陰性
24682,30-39歲,男,二級,陽性
24683,30-39歲,男,無,陰性
24684,50-59歲,男,二級,陽性
24685,50-59歲,男,二級,陽性
24686,50-59歲,男,無,陰性
24687,20-29歲,男,無,陰性
24688,30-39歲,男,無,陰性
24689,40-49歲,男,無,陰性
24690,30-39歲,男,無,陰性
24691,60歲以上,女,無,陰性
24692,40-49歲,男,無,陰性
24693,60歲以上,男,無,陰性
24694,40-49歲,男,無,陰性
24695,40-49歲,男,無,陰性
24696,40-49歲,女,無,陰性
24697,40-49歲,男,無,陰性
24698,40-49歲,女,一級,陽性
24699,40-49歲,男,無,陰性
24700,50-59歲,女,無,陰性
24701,40-49歲,男,三級,陽性
24702,60歲以上,男,無,陰性
24703,30-39歲,女,無,陰性
24704,40-49歲,男,二級,陽性
24705,50-59歲,男,無,陰性
24706,50-59歲,男,無,陰性
24707,20-29歲,男,二級,陽性
24708,50-59歲,男,無,陰性
24709,30-39歲,男,無,陰性
24710,50-59歲,男,一級,陽性
24711,60歲以上,男,無,陰性
24712,30-39歲,男,無,陰性
24713,19歲以下,女,無,陰性
24714,40-49歲,男,無,陰性
24715,50-59歲,男,無,陰性
24716,40-49歲,男,二級,陽性
24717,50-59歲,男,無,陰性
24718,40-49歲,女,無,陰性
24719,30-39歲,男,無,陰性
24720,40-49歲,男,無,陰性
24721,40-49歲,男,無,陰性
24722,40-49歲,男,無,陰性
24723,20-29歲,男,三級,陽性
24724,30-39歲,男,無,陰性
24725,40-49歲,男,無,陰性
24726,50-59歲,男,無,陰性
24727,30-39歲,男,無,陰性
24728,50-59歲,女,無,陰性
24729,40-49歲,男,無,陰性
24730,40-49歲,男,無,陰性
24731,19歲以下,女,無,陰性
24732,30-39歲,男,無,陰性
24733,20-29歲,男,無,陰性
24734,40-49歲,男,無,陰性
24735,50-59歲,男,無,陰性
24736,50-59歲,女,無,陰性
24737,40-49歲,男,無,陰性
24738,50-59歲,男,二級,陽性
24739,50-59歲,男,無,陰性
24740,19歲以下,男,無,陰性
24741,60歲以上,男,無,陰性
24742,40-49歲,女,無,陰性
24743,30-39歲,男,無,陰性
24744,20-29歲,男,無,陰性
24745,20-29歲,女,三級,陽性
24746,40-49歲,男,三級,陽性
24747,60歲以上,男,無,陰性
24748,30-39歲,男,無,陰性
24749,40-49歲,男,無,陰性
24750,40-49歲,男,無,陰性
24751,60歲以上,男,無,陰性
24752,40-49歲,男,無,陰性
24753,40-49歲,男,無,陰性
24754,40-49歲,男,無,陰性
24755,40-49歲,男,無,陰性
24756,19歲以下,男,無,陰性
24757,50-59歲,男,無,陰性
24758,40-49歲,男,無,陰性
24759,20-29歲,男,無,陰性
24760,50-59歲,男,無,陰性
24761,40-49歲,男,二級,陽性
24762,40-49歲,男,無,陰性
24763,50-59歲,男,無,陰性
24764,50-59歲,男,無,陰性
24765,50-59歲,男,無,陰性
24766,40-49歲,女,無,陰性
24767,30-39歲,男,無,陰性
24768,30-39歲,男,無,陰性
24769,50-59歲,男,無,陰性
24770,50-59歲,男,無,陰性
24771,30-39歲,男,二級,陽性
24772,60歲以上,男,無,陰性
24773,40-49歲,男,無,陰性
24774,20-29歲,女,二級,陽性
24775,20-29歲,男,無,陰性
24776,20-29歲,男,二級,陽性
24777,40-49歲,男,無,陰性
24778,40-49歲,男,無,陰性
24779,50-59歲,男,無,陰性
24780,30-39歲,男,無,陰性
24781,40-49歲,男,三級,陽性
24782,40-49歲,男,無,陰性
24783,30-39歲,男,無,陰性
24784,50-59歲,男,無,陰性
24785,19歲以下,女,二級,陽性
24786,40-49歲,男,無,陰性
24787,50-59歲,男,無,陰性
24788,20-29歲,男,無,陰性
24789,19歲以下,男,無,陰性
24790,50-59歲,男,無,陰性
24791,30-39歲,男,無,陰性
24792,50-59歲,女,無,陰性
24793,60歲以上,男,無,陰性
24794,50-59歲,女,二級,陽性
24795,30-39歲,女,無,陰性
24796,40-49歲,女,無,陰性
24797,20-29歲,男,二級,陽性
24798,50-59歲,男,二級,陽性
24799,40-49歲,男,無,陰性
24800,40-49歲,男,無,陰性
24801,30-39歲,男,無,陰性
24802,50-59歲,男,無,陰性
24803,40-49歲,男,無,陰性
24804,30-39歲,男,無,陰性
24805,50-59歲,男,無,陰性
24806,40-49歲,男,二級,陽性
24807,60歲以上,男,二級,陽性
24808,30-39歲,男,無,陰性
24809,40-49歲,女,無,陰性
24810,40-49歲,男,無,陰性
24811,30-39歲,男,三級,陽性
24812,40-49歲,男,二級,陽性
24813,60歲以上,男,無,陰性
24814,40-49歲,男,無,陰性
24815,40-49歲,男,二級,陽性
24816,40-49歲,女,二級,陽性
24817,40-49歲,男,無,陰性
24818,30-39歲,男,二級,陽性
24819,40-49歲,男,無,陰性
24820,40-49歲,男,無,陰性
24821,20-29歲,男,無,陰性
24822,30-39歲,男,三級,陽性
24823,40-49歲,男,無,陰性
24824,30-39歲,男,無,陰性
24825,30-39歲,男,無,陰性
24826,19歲以下,女,二級,陽性
24827,50-59歲,男,二級,陽性
24828,40-49歲,男,三級,陽性
24829,40-49歲,男,二級,陽性
24830,50-59歲,男,無,陰性
24831,30-39歲,男,無,陰性
24832,40-49歲,女,無,陰性
24833,40-49歲,女,無,陰性
24834,40-49歲,男,二級,陽性
24835,40-49歲,男,無,陰性
24836,40-49歲,男,無,陰性
24837,30-39歲,女,無,陰性
24838,30-39歲,男,無,陰性
24839,40-49歲,男,無,陰性
24840,40-49歲,女,無,陰性
24841,60歲以上,女,無,陰性
24842,19歲以下,男,無,陰性
24843,50-59歲,男,無,陰性
24844,40-49歲,女,二級,陽性
24845,30-39歲,男,無,陰性
24846,60歲以上,男,無,陰性
24847,40-49歲,男,無,陰性
24848,30-39歲,男,一級,陽性
24849,50-59歲,男,無,陰性
24850,50-59歲,男,二級,陽性
24851,30-39歲,女,無,陰性
24852,60歲以上,女,二級,陽性
24853,20-29歲,男,無,陰性
24854,30-39歲,男,無,陰性
24855,20-29歲,男,無,陰性
24856,40-49歲,男,無,陰性
24857,60歲以上,男,無,陰性
24858,50-59歲,男,二級,陽性
24859,40-49歲,男,無,陰性
24860,40-49歲,男,二級,陽性
24861,30-39歲,男,二級,陽性
24862,40-49歲,男,無,陰性
24863,20-29歲,男,無,陰性
24864,60歲以上,女,無,陰性
24865,50-59歲,女,無,陰性
24866,50-59歲,女,無,陰性
24867,40-49歲,女,無,陰性
24868,30-39歲,男,二級,陽性
24869,20-29歲,女,無,陰性
24870,40-49歲,男,無,陰性
24871,30-39歲,男,無,陰性
24872,40-49歲,男,無,陰性
24873,50-59歲,男,二級,陽性
24874,30-39歲,男,無,陰性
24875,40-49歲,男,無,陰性
24876,40-49歲,女,無,陰性
24877,40-49歲,男,無,陰性
24878,40-49歲,男,無,陰性
24879,60歲以上,男,二級,陽性
24880,50-59歲,女,二級,陽性
24881,50-59歲,女,二級,陽性
24882,50-59歲,男,無,陰性
24883,40-49歲,男,無,陰性
24884,40-49歲,女,無,陰性
24885,40-49歲,女,無,陰性
24886,19歲以下,男,無,陰性
24887,30-39歲,男,無,陰性
24888,50-59歲,男,無,陰性
24889,50-59歲,男,無,陰性
24890,40-49歲,男,三級,陽性
24891,30-39歲,男,無,陰性
24892,60歲以上,男,無,陰性
24893,50-59歲,男,無,陰性
24894,40-49歲,男,無,陰性
24895,40-49歲,男,一級,陽性
24896,40-49歲,男,無,陰性
24897,50-59歲,女,無,陰性
24898,40-49歲,男,無,陰性
24899,40-49歲,女,無,陰性
24900,40-49歲,女,無,陰性
24901,60歲以上,男,無,陰性
24902,60歲以上,男,無,陰性
24903,50-59歲,男,無,陰性
24904,20-29歲,男,三級,陽性
24905,40-49歲,男,無,陰性
24906,50-59歲,男,二級,陽性
24907,40-49歲,男,無,陰性
24908,60歲以上,男,無,陰性
24909,40-49歲,男,無,陰性
24910,19歲以下,男,無,陰性
24911,40-49歲,男,二級,陽性
24912,40-49歲,男,無,陰性
24913,20-29歲,男,二級,陽性
24914,30-39歲,男,二級,陽性
24915,60歲以上,男,無,陰性
24916,40-49歲,男,無,陰性
24917,30-39歲,女,無,陰性
24918,60歲以上,男,無,陰性
24919,40-49歲,男,三級,陽性
24920,40-49歲,女,無,陰性
24921,40-49歲,男,無,陰性
24922,60歲以上,男,二級,陽性
24923,50-59歲,男,無,陰性
24924,40-49歲,男,二級,陽性
24925,20-29歲,男,二級,陽性
24926,30-39歲,女,無,陰性
24927,50-59歲,男,無,陰性
24928,40-49歲,男,無,陰性
24929,40-49歲,男,無,陰性
24930,50-59歲,男,無,陰性
24931,40-49歲,女,無,陰性
24932,20-29歲,男,無,陰性
24933,40-49歲,男,無,陰性
24934,20-29歲,男,三級,陽性
24935,50-59歲,男,二級,陽性
24936,20-29歲,男,二級,陽性
24937,50-59歲,男,二級,陽性
24938,40-49歲,男,無,陰性
24939,50-59歲,男,無,陰性
24940,40-49歲,女,無,陰性
24941,50-59歲,男,無,陰性
24942,30-39歲,女,無,陰性
24943,40-49歲,女,無,陰性
24944,60歲以上,男,無,陰性
24945,40-49歲,女,無,陰性
24946,40-49歲,女,二級,陽性
24947,30-39歲,男,無,陰性
24948,50-59歲,男,無,陰性
24949,30-39歲,男,二級,陽性
24950,20-29歲,男,無,陰性
24951,50-59歲,男,一級,陽性
24952,40-49歲,男,二級,陽性
24953,40-49歲,男,無,陰性
24954,40-49歲,男,三級,陽性
24955,40-49歲,男,無,陰性
24956,40-49歲,男,無,陰性
24957,40-49歲,男,二級,陽性
24958,50-59歲,男,無,陰性
24959,40-49歲,男,二級,陽性
24960,50-59歲,男,三級,陽性
24961,40-49歲,男,無,陰性
24962,40-49歲,男,無,陰性
24963,50-59歲,男,二級,陽性
24964,40-49歲,男,無,陰性
24965,40-49歲,男,無,陰性
24966,40-49歲,女,無,陰性
24967,50-59歲,男,無,陰性
24968,20-29歲,女,二級,陽性
24969,50-59歲,男,無,陰性
24970,40-49歲,男,二級,陽性
24971,40-49歲,女,三級,陽性
24972,30-39歲,女,無,陰性
24973,60歲以上,女,無,陰性
24974,50-59歲,男,無,陰性
24975,20-29歲,男,無,陰性
24976,30-39歲,男,無,陰性
24977,50-59歲,男,無,陰性
24978,20-29歲,男,無,陰性
24979,60歲以上,男,無,陰性
24980,40-49歲,男,無,陰性
24981,20-29歲,男,無,陰性
24982,40-49歲,男,無,陰性
24983,19歲以下,男,無,陰性
24984,20-29歲,男,一級,陽性
24985,30-39歲,男,三級,陽性
24986,40-49歲,男,無,陰性
24987,40-49歲,女,二級,陽性
24988,40-49歲,男,無,陰性
24989,30-39歲,女,無,陰性
24990,50-59歲,女,無,陰性
24991,50-59歲,男,無,陰性
24992,40-49歲,男,無,陰性
24993,30-39歲,女,無,陰性
24994,50-59歲,男,無,陰性
24995,50-59歲,男,無,陰性
24996,40-49歲,女,無,陰性
24997,40-49歲,男,二級,陽性
24998,40-49歲,男,二級,陽性
24999,30-39歲,女,二級,陽性
25000,50-59歲,男,無,陰性
25001,50-59歲,男,二級,陽性
25002,50-59歲,男,無,陰性
25003,30-39歲,男,無,陰性
25004,40-49歲,男,二級,陽性
25005,30-39歲,女,無,陰性
25006,30-39歲,男,二級,陽性
25007,20-29歲,男,一級,陽性
25008,30-39歲,女,無,陰性
25009,40-49歲,男,二級,陽性
25010,50-59歲,男,無,陰性
25011,20-29歲,男,無,陰性
25012,30-39歲,男,無,陰性
25013,30-39歲,男,無,陰性
25014,30-39歲,男,無,陰性
25015,19歲以下,男,無,陰性
25016,50-59歲,男,無,陰性
25017,40-49歲,女,無,陰性
25018,40-49歲,男,二級,陽性
25019,30-39歲,男,無,陰性
25020,40-49歲,男,無,陰性
25021,40-49歲,男,無,陰性
25022,40-49歲,男,無,陰性
25023,40-49歲,女,三級,陽性
25024,40-49歲,男,無,陰性
25025,50-59歲,男,無,陰性
25026,40-49歲,男,二級,陽性
25027,30-39歲,女,無,陰性
25028,60歲以上,女,無,陰性
25029,40-49歲,男,無,陰性
25030,40-49歲,男,無,陰性
25031,40-49歲,男,無,陰性
25032,40-49歲,男,無,陰性
25033,20-29歲,女,無,陰性
25034,60歲以上,男,無,陰性
25035,50-59歲,男,無,陰性
25036,20-29歲,男,無,陰性
25037,40-49歲,男,無,陰性
25038,20-29歲,男,無,陰性
25039,30-39歲,男,二級,陽性
25040,50-59歲,男,無,陰性
25041,50-59歲,男,無,陰性
25042,30-39歲,男,二級,陽性
25043,60歲以上,女,無,陰性
25044,19歲以下,女,二級,陽性
25045,60歲以上,男,無,陰性
25046,50-59歲,女,無,陰性
25047,50-59歲,男,無,陰性
25048,30-39歲,男,無,陰性
25049,40-49歲,女,二級,陽性
25050,40-49歲,男,二級,陽性
25051,40-49歲,男,無,陰性
25052,40-49歲,男,無,陰性
25053,20-29歲,男,二級,陽性
25054,40-49歲,男,一級,陽性
25055,40-49歲,男,無,陰性
25056,50-59歲,女,無,陰性
25057,30-39歲,男,三級,陽性
25058,40-49歲,男,二級,陽性
25059,40-49歲,男,無,陰性
25060,50-59歲,男,無,陰性
25061,50-59歲,男,無,陰性
25062,50-59歲,男,無,陰性
25063,40-49歲,男,無,陰性
25064,40-49歲,女,無,陰性
25065,30-39歲,男,無,陰性
25066,40-49歲,男,無,陰性
25067,50-59歲,男,二級,陽性
25068,50-59歲,女,無,陰性
25069,40-49歲,女,無,陰性
25070,40-49歲,男,無,陰性
25071,30-39歲,男,無,陰性
25072,20-29歲,男,無,陰性
25073,40-49歲,男,一級,陽性
25074,30-39歲,男,無,陰性
25075,40-49歲,男,無,陰性
25076,20-29歲,男,無,陰性
25077,50-59歲,男,三級,陽性
25078,50-59歲,男,無,陰性
25079,40-49歲,男,無,陰性
25080,60歲以上,男,無,陰性
25081,40-49歲,男,無,陰性
25082,40-49歲,男,二級,陽性
25083,50-59歲,男,無,陰性
25084,60歲以上,男,無,陰性
25085,20-29歲,男,無,陰性
25086,30-39歲,男,二級,陽性
25087,60歲以上,男,無,陰性
25088,20-29歲,男,二級,陽性
25089,40-49歲,男,無,陰性
25090,50-59歲,男,二級,陽性
25091,50-59歲,男,無,陰性
25092,60歲以上,男,二級,陽性
25093,50-59歲,女,無,陰性
25094,30-39歲,男,無,陰性
25095,40-49歲,男,無,陰性
25096,30-39歲,男,無,陰性
25097,40-49歲,男,二級,陽性
25098,50-59歲,女,無,陰性
25099,30-39歲,男,無,陰性
25100,30-39歲,男,無,陰性
25101,60歲以上,女,無,陰性
25102,30-39歲,男,無,陰性
25103,40-49歲,男,一級,陽性
25104,40-49歲,男,二級,陽性
25105,30-39歲,男,無,陰性
25106,40-49歲,女,無,陰性
25107,40-49歲,男,無,陰性
25108,50-59歲,男,無,陰性
25109,60歲以上,男,二級,陽性
25110,50-59歲,男,三級,陽性
25111,40-49歲,男,無,陰性
25112,50-59歲,男,二級,陽性
25113,50-59歲,男,二級,陽性
25114,60歲以上,男,無,陰性
25115,40-49歲,男,無,陰性
25116,50-59歲,男,二級,陽性
25117,19歲以下,男,無,陰性
25118,30-39歲,男,二級,陽性
25119,50-59歲,女,無,陰性
25120,50-59歲,男,無,陰性
25121,60歲以上,男,無,陰性
25122,30-39歲,女,無,陰性
25123,30-39歲,男,二級,陽性
25124,40-49歲,男,二級,陽性
25125,30-39歲,男,二級,陽性
25126,60歲以上,女,無,陰性
25127,30-39歲,男,無,陰性
25128,40-49歲,男,無,陰性
25129,40-49歲,男,無,陰性
25130,40-49歲,女,二級,陽性
25131,50-59歲,男,無,陰性
25132,20-29歲,男,無,陰性
25133,40-49歲,男,無,陰性
25134,40-49歲,男,二級,陽性
25135,60歲以上,男,無,陰性
25136,40-49歲,男,無,陰性
25137,50-59歲,男,無,陰性
25138,50-59歲,男,無,陰性
25139,50-59歲,男,無,陰性
25140,50-59歲,男,二級,陽性
25141,40-49歲,男,無,陰性
25142,40-49歲,男,二級,陽性
25143,30-39歲,男,二級,陽性
25144,40-49歲,女,無,陰性
25145,40-49歲,女,無,陰性
25146,30-39歲,男,二級,陽性
25147,50-59歲,男,無,陰性
25148,30-39歲,男,無,陰性
25149,30-39歲,男,三級,陽性
25150,50-59歲,男,無,陰性
25151,30-39歲,男,二級,陽性
25152,60歲以上,女,無,陰性
25153,60歲以上,男,無,陰性
25154,30-39歲,男,無,陰性
25155,50-59歲,男,三級,陽性
25156,60歲以上,男,二級,陽性
25157,19歲以下,女,無,陰性
25158,19歲以下,男,二級,陽性
25159,40-49歲,男,二級,陽性
25160,60歲以上,女,二級,陽性
25161,40-49歲,男,二級,陽性
25162,30-39歲,男,無,陰性
25163,60歲以上,男,無,陰性
25164,50-59歲,男,無,陰性
25165,30-39歲,男,無,陰性
25166,40-49歲,男,無,陰性
25167,30-39歲,男,二級,陽性
25168,40-49歲,女,無,陰性
25169,20-29歲,男,無,陰性
25170,50-59歲,男,無,陰性
25171,50-59歲,男,無,陰性
25172,50-59歲,男,無,陰性
25173,50-59歲,男,無,陰性
25174,20-29歲,男,無,陰性
25175,40-49歲,男,無,陰性
25176,40-49歲,男,二級,陽性
25177,50-59歲,男,無,陰性
25178,40-49歲,男,無,陰性
25179,30-39歲,男,無,陰性
25180,20-29歲,女,無,陰性
25181,40-49歲,男,一級,陽性
25182,20-29歲,男,無,陰性
25183,60歲以上,男,無,陰性
25184,50-59歲,男,無,陰性
25185,60歲以上,男,三級,陽性
25186,30-39歲,女,無,陰性
25187,40-49歲,男,無,陰性
25188,60歲以上,男,無,陰性
25189,30-39歲,男,無,陰性
25190,40-49歲,男,二級,陽性
25191,50-59歲,男,無,陰性
25192,40-49歲,男,二級,陽性
25193,40-49歲,女,一級,陽性
25194,30-39歲,男,二級,陽性
25195,50-59歲,男,無,陰性
25196,20-29歲,男,無,陰性
25197,19歲以下,男,無,陰性
25198,60歲以上,男,無,陰性
25199,30-39歲,男,二級,陽性
25200,50-59歲,女,無,陰性
25201,30-39歲,男,無,陰性
25202,40-49歲,男,無,陰性
25203,40-49歲,男,無,陰性
25204,50-59歲,男,無,陰性
25205,19歲以下,男,二級,陽性
25206,40-49歲,男,二級,陽性
25207,50-59歲,男,無,陰性
25208,30-39歲,男,無,陰性
25209,30-39歲,男,無,陰性
25210,50-59歲,男,無,陰性
25211,40-49歲,男,無,陰性
25212,40-49歲,男,無,陰性
25213,30-39歲,男,二級,陽性
25214,50-59歲,男,二級,陽性
25215,19歲以下,男,二級,陽性
25216,40-49歲,男,無,陰性
25217,20-29歲,男,無,陰性
25218,20-29歲,男,無,陰性
25219,40-49歲,男,二級,陽性
25220,50-59歲,女,無,陰性
25221,50-59歲,男,無,陰性
25222,20-29歲,男,無,陰性
25223,40-49歲,女,無,陰性
25224,40-49歲,男,無,陰性
25225,50-59歲,女,無,陰性
25226,50-59歲,女,無,陰性
25227,40-49歲,男,無,陰性
25228,50-59歲,男,無,陰性
25229,40-49歲,男,二級,陽性
25230,20-29歲,男,無,陰性
25231,20-29歲,女,二級,陽性
25232,60歲以上,男,無,陰性
25233,40-49歲,男,無,陰性
25234,30-39歲,男,一級,陽性
25235,50-59歲,男,二級,陽性
25236,40-49歲,男,無,陰性
25237,50-59歲,男,無,陰性
25238,60歲以上,男,無,陰性
25239,50-59歲,男,無,陰性
25240,20-29歲,男,無,陰性
25241,40-49歲,男,無,陰性
25242,50-59歲,男,無,陰性
25243,30-39歲,男,無,陰性
25244,40-49歲,男,無,陰性
25245,40-49歲,男,無,陰性
25246,40-49歲,男,無,陰性
25247,40-49歲,男,無,陰性
25248,30-39歲,男,無,陰性
25249,50-59歲,男,無,陰性
25250,40-49歲,男,無,陰性
25251,30-39歲,男,無,陰性
25252,40-49歲,女,無,陰性
25253,50-59歲,男,無,陰性
25254,60歲以上,男,二級,陽性
25255,30-39歲,男,二級,陽性
25256,60歲以上,女,無,陰性
25257,30-39歲,男,三級,陽性
25258,20-29歲,男,二級,陽性
25259,50-59歲,男,無,陰性
25260,30-39歲,男,無,陰性
25261,40-49歲,男,二級,陽性
25262,30-39歲,男,二級,陽性
25263,40-49歲,男,無,陰性
25264,30-39歲,男,無,陰性
25265,40-49歲,女,三級,陽性
25266,60歲以上,男,無,陰性
25267,30-39歲,男,無,陰性
25268,60歲以上,男,無,陰性
25269,19歲以下,男,無,陰性
25270,50-59歲,男,二級,陽性
25271,20-29歲,男,無,陰性
25272,40-49歲,男,無,陰性
25273,40-49歲,男,三級,陽性
25274,50-59歲,女,二級,陽性
25275,40-49歲,男,無,陰性
25276,40-49歲,女,無,陰性
25277,40-49歲,男,無,陰性
25278,50-59歲,男,無,陰性
25279,20-29歲,男,無,陰性
25280,40-49歲,女,無,陰性
25281,40-49歲,女,無,陰性
25282,50-59歲,男,無,陰性
25283,40-49歲,男,一級,陽性
25284,30-39歲,男,無,陰性
25285,30-39歲,男,無,陰性
25286,40-49歲,女,二級,陽性
25287,50-59歲,女,無,陰性
25288,60歲以上,男,無,陰性
25289,30-39歲,男,無,陰性
25290,60歲以上,男,無,陰性
25291,40-49歲,男,無,陰性
25292,50-59歲,男,無,陰性
25293,40-49歲,男,無,陰性
25294,40-49歲,女,無,陰性
25295,50-59歲,男,無,陰性
25296,50-59歲,男,無,陰性
25297,50-59歲,男,一級,陽性
25298,40-49歲,男,無,陰性
25299,40-49歲,男,二級,陽性
25300,19歲以下,男,二級,陽性
25301,50-59歲,男,二級,陽性
25302,40-49歲,男,無,陰性
25303,40-49歲,女,無,陰性
25304,40-49歲,男,無,陰性
25305,40-49歲,男,無,陰性
25306,50-59歲,男,無,陰性
25307,50-59歲,男,無,陰性
25308,40-49歲,男,無,陰性
25309,40-49歲,男,無,陰性
25310,20-29歲,男,無,陰性
25311,40-49歲,男,一級,陽性
25312,50-59歲,男,無,陰性
25313,60歲以上,男,無,陰性
25314,50-59歲,男,無,陰性
25315,20-29歲,女,二級,陽性
25316,50-59歲,男,二級,陽性
25317,20-29歲,男,二級,陽性
25318,40-49歲,男,無,陰性
25319,50-59歲,男,無,陰性
25320,50-59歲,男,無,陰性
25321,50-59歲,男,無,陰性
25322,40-49歲,女,無,陰性
25323,40-49歲,男,無,陰性
25324,20-29歲,男,無,陰性
25325,40-49歲,女,三級,陽性
25326,50-59歲,男,無,陰性
25327,50-59歲,女,無,陰性
25328,50-59歲,男,無,陰性
25329,40-49歲,男,無,陰性
25330,30-39歲,女,二級,陽性
25331,20-29歲,男,二級,陽性
25332,50-59歲,女,無,陰性
25333,40-49歲,男,無,陰性
25334,50-59歲,男,無,陰性
25335,30-39歲,男,無,陰性
25336,40-49歲,男,無,陰性
25337,40-49歲,男,無,陰性
25338,60歲以上,男,無,陰性
25339,30-39歲,男,無,陰性
25340,30-39歲,男,無,陰性
25341,30-39歲,男,無,陰性
25342,30-39歲,女,無,陰性
25343,40-49歲,男,無,陰性
25344,60歲以上,男,無,陰性
25345,40-49歲,男,無,陰性
25346,30-39歲,男,無,陰性
25347,40-49歲,男,無,陰性
25348,50-59歲,男,無,陰性
25349,40-49歲,男,無,陰性
25350,50-59歲,男,無,陰性
25351,40-49歲,男,無,陰性
25352,40-49歲,女,無,陰性
25353,50-59歲,女,二級,陽性
25354,50-59歲,男,無,陰性
25355,60歲以上,男,三級,陽性
25356,50-59歲,女,無,陰性
25357,60歲以上,男,無,陰性
25358,50-59歲,男,無,陰性
25359,40-49歲,女,無,陰性
25360,40-49歲,男,無,陰性
25361,40-49歲,男,無,陰性
25362,40-49歲,男,無,陰性
25363,40-49歲,男,無,陰性
25364,50-59歲,男,無,陰性
25365,19歲以下,男,無,陰性
25366,40-49歲,男,無,陰性
25367,50-59歲,男,無,陰性
25368,20-29歲,男,二級,陽性
25369,40-49歲,男,無,陰性
25370,30-39歲,男,無,陰性
25371,40-49歲,男,無,陰性
25372,30-39歲,男,無,陰性
25373,30-39歲,男,二級,陽性
25374,30-39歲,男,無,陰性
25375,30-39歲,男,無,陰性
25376,40-49歲,男,無,陰性
25377,40-49歲,男,無,陰性
25378,40-49歲,男,無,陰性
25379,40-49歲,男,無,陰性
25380,50-59歲,男,二級,陽性
25381,20-29歲,男,無,陰性
25382,40-49歲,男,無,陰性
25383,50-59歲,男,無,陰性
25384,40-49歲,男,無,陰性
25385,30-39歲,男,二級,陽性
25386,20-29歲,男,無,陰性
25387,30-39歲,男,無,陰性
25388,40-49歲,女,二級,陽性
25389,60歲以上,男,無,陰性
25390,40-49歲,男,無,陰性
25391,40-49歲,男,無,陰性
25392,40-49歲,女,二級,陽性
25393,50-59歲,女,二級,陽性
25394,40-49歲,男,無,陰性
25395,20-29歲,男,無,陰性
25396,40-49歲,男,無,陰性
25397,40-49歲,男,無,陰性
25398,60歲以上,男,無,陰性
25399,40-49歲,男,無,陰性
25400,30-39歲,男,無,陰性
25401,20-29歲,男,無,陰性
25402,50-59歲,男,二級,陽性
25403,50-59歲,男,無,陰性
25404,40-49歲,男,無,陰性
25405,50-59歲,男,二級,陽性
25406,60歲以上,男,二級,陽性
25407,20-29歲,女,無,陰性
25408,50-59歲,男,無,陰性
25409,30-39歲,男,三級,陽性
25410,50-59歲,男,一級,陽性
25411,40-49歲,男,二級,陽性
25412,40-49歲,男,無,陰性
25413,40-49歲,女,無,陰性
25414,60歲以上,男,一級,陽性
25415,40-49歲,男,無,陰性
25416,60歲以上,女,無,陰性
25417,30-39歲,男,無,陰性
25418,30-39歲,男,無,陰性
25419,40-49歲,男,二級,陽性
25420,20-29歲,男,無,陰性
25421,30-39歲,男,無,陰性
25422,40-49歲,男,無,陰性
25423,30-39歲,男,無,陰性
25424,20-29歲,男,無,陰性
25425,40-49歲,男,無,陰性
25426,50-59歲,男,無,陰性
25427,50-59歲,男,無,陰性
25428,50-59歲,男,二級,陽性
25429,50-59歲,男,無,陰性
25430,50-59歲,男,無,陰性
25431,40-49歲,男,無,陰性
25432,60歲以上,男,無,陰性
25433,40-49歲,男,無,陰性
25434,40-49歲,女,無,陰性
25435,40-49歲,男,無,陰性
25436,50-59歲,男,三級,陽性
25437,20-29歲,男,二級,陽性
25438,40-49歲,男,無,陰性
25439,40-49歲,女,無,陰性
25440,30-39歲,男,無,陰性
25441,50-59歲,女,無,陰性
25442,40-49歲,女,無,陰性
25443,50-59歲,男,無,陰性
25444,30-39歲,男,無,陰性
25445,50-59歲,男,無,陰性
25446,60歲以上,女,無,陰性
25447,50-59歲,女,無,陰性
25448,30-39歲,男,無,陰性
25449,60歲以上,男,無,陰性
25450,50-59歲,男,無,陰性
25451,40-49歲,男,無,陰性
25452,20-29歲,男,無,陰性
25453,40-49歲,男,二級,陽性
25454,40-49歲,男,無,陰性
25455,30-39歲,男,無,陰性
25456,30-39歲,男,無,陰性
25457,50-59歲,男,無,陰性
25458,30-39歲,男,無,陰性
25459,20-29歲,男,無,陰性
25460,30-39歲,男,無,陰性
25461,60歲以上,女,無,陰性
25462,19歲以下,男,二級,陽性
25463,50-59歲,男,無,陰性
25464,50-59歲,男,無,陰性
25465,40-49歲,女,無,陰性
25466,60歲以上,男,無,陰性
25467,50-59歲,男,無,陰性
25468,50-59歲,男,無,陰性
25469,50-59歲,男,無,陰性
25470,60歲以上,男,無,陰性
25471,40-49歲,男,二級,陽性
25472,40-49歲,男,無,陰性
25473,60歲以上,男,一級,陽性
25474,50-59歲,男,無,陰性
25475,40-49歲,男,無,陰性
25476,20-29歲,男,無,陰性
25477,30-39歲,男,無,陰性
25478,40-49歲,男,無,陰性
25479,40-49歲,男,無,陰性
25480,40-49歲,男,無,陰性
25481,50-59歲,男,無,陰性
25482,40-49歲,男,無,陰性
25483,40-49歲,男,無,陰性
25484,20-29歲,男,無,陰性
25485,40-49歲,女,二級,陽性
25486,20-29歲,男,無,陰性
25487,50-59歲,男,無,陰性
25488,40-49歲,男,無,陰性
25489,50-59歲,男,無,陰性
25490,30-39歲,男,無,陰性
25491,40-49歲,男,二級,陽性
25492,19歲以下,男,無,陰性
25493,30-39歲,女,無,陰性
25494,40-49歲,男,無,陰性
25495,50-59歲,男,無,陰性
25496,50-59歲,男,二級,陽性
25497,60歲以上,男,無,陰性
25498,30-39歲,女,無,陰性
25499,40-49歲,男,無,陰性
25500,40-49歲,男,無,陰性
25501,30-39歲,男,無,陰性
25502,60歲以上,男,無,陰性
25503,40-49歲,男,無,陰性
25504,30-39歲,男,二級,陽性
25505,30-39歲,男,無,陰性
25506,50-59歲,男,二級,陽性
25507,30-39歲,男,無,陰性
25508,20-29歲,男,無,陰性
25509,30-39歲,男,二級,陽性
25510,40-49歲,男,無,陰性
25511,40-49歲,男,無,陰性
25512,40-49歲,男,無,陰性
25513,60歲以上,男,無,陰性
25514,50-59歲,男,無,陰性
25515,40-49歲,男,無,陰性
25516,40-49歲,男,二級,陽性
25517,50-59歲,男,無,陰性
25518,30-39歲,男,無,陰性
25519,50-59歲,女,二級,陽性
25520,60歲以上,女,無,陰性
25521,40-49歲,男,無,陰性
25522,40-49歲,男,無,陰性
25523,60歲以上,女,無,陰性
25524,40-49歲,男,無,陰性
25525,20-29歲,男,二級,陽性
25526,20-29歲,男,無,陰性
25527,40-49歲,男,無,陰性
25528,20-29歲,男,無,陰性
25529,60歲以上,男,無,陰性
25530,40-49歲,男,無,陰性
25531,40-49歲,男,無,陰性
25532,40-49歲,男,無,陰性
25533,50-59歲,男,無,陰性
25534,30-39歲,男,無,陰性
25535,60歲以上,男,二級,陽性
25536,20-29歲,男,無,陰性
25537,60歲以上,男,無,陰性
25538,30-39歲,男,無,陰性
25539,50-59歲,男,無,陰性
25540,60歲以上,女,無,陰性
25541,40-49歲,男,無,陰性
25542,50-59歲,男,無,陰性
25543,60歲以上,男,無,陰性
25544,30-39歲,男,無,陰性
25545,40-49歲,男,無,陰性
25546,30-39歲,男,一級,陽性
25547,40-49歲,男,無,陰性
25548,40-49歲,男,無,陰性
25549,40-49歲,男,無,陰性
25550,40-49歲,男,無,陰性
25551,50-59歲,女,二級,陽性
25552,60歲以上,男,無,陰性
25553,50-59歲,女,無,陰性
25554,50-59歲,男,無,陰性
25555,30-39歲,男,無,陰性
25556,40-49歲,男,無,陰性
25557,19歲以下,男,無,陰性
25558,40-49歲,男,無,陰性
25559,50-59歲,男,無,陰性
25560,40-49歲,男,二級,陽性
25561,40-49歲,男,二級,陽性
25562,40-49歲,男,二級,陽性
25563,40-49歲,女,無,陰性
25564,30-39歲,女,無,陰性
25565,40-49歲,男,無,陰性
25566,40-49歲,女,二級,陽性
25567,40-49歲,男,無,陰性
25568,40-49歲,男,二級,陽性
25569,30-39歲,男,無,陰性
25570,40-49歲,男,無,陰性
25571,30-39歲,男,無,陰性
25572,30-39歲,男,二級,陽性
25573,50-59歲,男,無,陰性
25574,60歲以上,男,無,陰性
25575,30-39歲,男,無,陰性
25576,40-49歲,男,無,陰性
25577,40-49歲,女,無,陰性
25578,50-59歲,女,一級,陽性
25579,30-39歲,男,無,陰性
25580,50-59歲,男,無,陰性
25581,19歲以下,男,三級,陽性
25582,20-29歲,男,二級,陽性
25583,30-39歲,男,無,陰性
25584,30-39歲,男,無,陰性
25585,50-59歲,女,無,陰性
25586,60歲以上,女,無,陰性
25587,50-59歲,女,無,陰性
25588,40-49歲,男,無,陰性
25589,40-49歲,男,無,陰性
25590,50-59歲,男,無,陰性
25591,60歲以上,男,無,陰性
25592,40-49歲,女,二級,陽性
25593,40-49歲,男,無,陰性
25594,50-59歲,男,無,陰性
25595,50-59歲,男,二級,陽性
25596,50-59歲,女,無,陰性
25597,60歲以上,男,二級,陽性
25598,40-49歲,男,無,陰性
25599,30-39歲,女,無,陰性
25600,50-59歲,男,無,陰性
25601,50-59歲,男,無,陰性
25602,50-59歲,男,三級,陽性
25603,60歲以上,男,二級,陽性
25604,20-29歲,男,一級,陽性
25605,20-29歲,男,無,陰性
25606,50-59歲,男,無,陰性
25607,50-59歲,男,無,陰性
25608,40-49歲,女,二級,陽性
25609,50-59歲,男,無,陰性
25610,40-49歲,男,二級,陽性
25611,40-49歲,男,無,陰性
25612,50-59歲,男,無,陰性
25613,20-29歲,女,無,陰性
25614,40-49歲,女,無,陰性
25615,60歲以上,男,無,陰性
25616,40-49歲,男,無,陰性
25617,40-49歲,男,無,陰性
25618,60歲以上,女,無,陰性
25619,40-49歲,女,無,陰性
25620,50-59歲,男,無,陰性
25621,40-49歲,男,無,陰性
25622,50-59歲,男,二級,陽性
25623,50-59歲,男,無,陰性
25624,40-49歲,男,無,陰性
25625,50-59歲,男,二級,陽性
25626,50-59歲,男,無,陰性
25627,40-49歲,男,無,陰性
25628,40-49歲,男,無,陰性
25629,40-49歲,男,一級,陽性
25630,50-59歲,男,無,陰性
25631,40-49歲,男,三級,陽性
25632,30-39歲,男,無,陰性
25633,50-59歲,女,無,陰性
25634,50-59歲,男,無,陰性
25635,60歲以上,男,無,陰性
25636,30-39歲,男,無,陰性
25637,30-39歲,男,無,陰性
25638,40-49歲,男,無,陰性
25639,40-49歲,女,無,陰性
25640,30-39歲,男,無,陰性
25641,50-59歲,男,無,陰性
25642,40-49歲,男,無,陰性
25643,40-49歲,男,二級,陽性
25644,20-29歲,男,二級,陽性
25645,40-49歲,男,無,陰性
25646,40-49歲,男,無,陰性
25647,40-49歲,女,無,陰性
25648,50-59歲,男,無,陰性
25649,40-49歲,男,無,陰性
25650,50-59歲,女,無,陰性
25651,50-59歲,男,無,陰性
25652,40-49歲,男,二級,陽性
25653,50-59歲,女,無,陰性
25654,40-49歲,男,無,陰性
25655,40-49歲,男,無,陰性
25656,50-59歲,男,二級,陽性
25657,30-39歲,男,無,陰性
25658,19歲以下,男,無,陰性
25659,50-59歲,男,無,陰性
25660,30-39歲,男,無,陰性
25661,30-39歲,男,無,陰性
25662,40-49歲,男,無,陰性
25663,20-29歲,男,一級,陽性
25664,20-29歲,男,無,陰性
25665,40-49歲,男,無,陰性
25666,40-49歲,女,無,陰性
25667,30-39歲,女,無,陰性
25668,60歲以上,女,二級,陽性
25669,50-59歲,男,無,陰性
25670,40-49歲,女,無,陰性
25671,50-59歲,男,無,陰性
25672,40-49歲,男,二級,陽性
25673,50-59歲,男,無,陰性
25674,30-39歲,女,無,陰性
25675,50-59歲,男,無,陰性
25676,50-59歲,女,無,陰性
25677,40-49歲,男,一級,陽性
25678,60歲以上,男,無,陰性
25679,40-49歲,男,無,陰性
25680,40-49歲,男,無,陰性
25681,40-49歲,男,無,陰性
25682,50-59歲,男,無,陰性
25683,40-49歲,男,二級,陽性
25684,40-49歲,男,無,陰性
25685,50-59歲,男,無,陰性
25686,60歲以上,男,三級,陽性
25687,40-49歲,女,二級,陽性
25688,30-39歲,男,一級,陽性
25689,40-49歲,男,三級,陽性
25690,20-29歲,男,無,陰性
25691,50-59歲,男,無,陰性
25692,50-59歲,男,無,陰性
25693,30-39歲,女,無,陰性
25694,40-49歲,男,無,陰性
25695,30-39歲,男,無,陰性
25696,50-59歲,女,二級,陽性
25697,20-29歲,女,無,陰性
25698,50-59歲,男,二級,陽性
25699,50-59歲,男,無,陰性
25700,30-39歲,男,無,陰性
25701,30-39歲,男,無,陰性
25702,40-49歲,男,無,陰性
25703,40-49歲,男,無,陰性
25704,40-49歲,男,二級,陽性
25705,40-49歲,男,三級,陽性
25706,30-39歲,女,無,陰性
25707,40-49歲,男,無,陰性
25708,40-49歲,男,二級,陽性
25709,30-39歲,女,二級,陽性
25710,40-49歲,男,無,陰性
25711,40-49歲,男,無,陰性
25712,50-59歲,女,無,陰性
25713,40-49歲,男,無,陰性
25714,60歲以上,男,無,陰性
25715,60歲以上,男,無,陰性
25716,40-49歲,男,無,陰性
25717,40-49歲,男,無,陰性
25718,30-39歲,男,無,陰性
25719,50-59歲,男,三級,陽性
25720,20-29歲,女,無,陰性
25721,60歲以上,男,三級,陽性
25722,40-49歲,男,無,陰性
25723,50-59歲,男,二級,陽性
25724,60歲以上,男,無,陰性
25725,20-29歲,男,無,陰性
25726,30-39歲,男,無,陰性
25727,40-49歲,男,三級,陽性
25728,60歲以上,男,無,陰性
25729,30-39歲,男,二級,陽性
25730,60歲以上,男,無,陰性
25731,40-49歲,男,無,陰性
25732,40-49歲,男,無,陰性
25733,20-29歲,男,無,陰性
25734,30-39歲,男,無,陰性
25735,40-49歲,男,無,陰性
25736,20-29歲,男,無,陰性
25737,50-59歲,女,無,陰性
25738,50-59歲,男,無,陰性
25739,20-29歲,男,無,陰性
25740,50-59歲,男,二級,陽性
25741,30-39歲,男,無,陰性
25742,40-49歲,男,三級,陽性
25743,50-59歲,男,無,陰性
25744,40-49歲,男,無,陰性
25745,50-59歲,男,無,陰性
25746,40-49歲,男,無,陰性
25747,20-29歲,男,二級,陽性
25748,50-59歲,男,無,陰性
25749,40-49歲,男,無,陰性
25750,30-39歲,男,無,陰性
25751,30-39歲,男,無,陰性
25752,40-49歲,男,無,陰性
25753,40-49歲,男,無,陰性
25754,40-49歲,男,無,陰性
25755,50-59歲,男,無,陰性
25756,50-59歲,男,無,陰性
25757,50-59歲,男,三級,陽性
25758,30-39歲,男,無,陰性
25759,40-49歲,男,二級,陽性
25760,40-49歲,男,無,陰性
25761,40-49歲,男,無,陰性
25762,50-59歲,男,無,陰性
25763,60歲以上,女,無,陰性
25764,30-39歲,女,三級,陽性
25765,60歲以上,女,無,陰性
25766,40-49歲,男,無,陰性
25767,40-49歲,女,無,陰性
25768,40-49歲,男,無,陰性
25769,50-59歲,男,無,陰性
25770,30-39歲,男,二級,陽性
25771,50-59歲,男,二級,陽性
25772,50-59歲,男,無,陰性
25773,50-59歲,女,無,陰性
25774,40-49歲,女,無,陰性
25775,40-49歲,男,無,陰性
25776,40-49歲,男,三級,陽性
25777,30-39歲,男,無,陰性
25778,30-39歲,男,無,陰性
25779,20-29歲,男,無,陰性
25780,40-49歲,男,無,陰性
25781,40-49歲,女,三級,陽性
25782,50-59歲,男,無,陰性
25783,40-49歲,男,無,陰性
25784,50-59歲,男,二級,陽性
25785,30-39歲,男,無,陰性
25786,60歲以上,男,無,陰性
25787,50-59歲,男,無,陰性
25788,60歲以上,男,無,陰性
25789,60歲以上,男,無,陰性
25790,50-59歲,男,無,陰性
25791,50-59歲,男,無,陰性
25792,40-49歲,女,無,陰性
25793,20-29歲,男,無,陰性
25794,40-49歲,男,無,陰性
25795,40-49歲,男,無,陰性
25796,40-49歲,男,二級,陽性
25797,50-59歲,男,三級,陽性
25798,50-59歲,男,無,陰性
25799,30-39歲,男,無,陰性
25800,40-49歲,男,無,陰性
25801,40-49歲,男,無,陰性
25802,30-39歲,男,無,陰性
25803,50-59歲,男,二級,陽性
25804,30-39歲,男,無,陰性
25805,60歲以上,男,無,陰性
25806,40-49歲,男,無,陰性
25807,40-49歲,女,無,陰性
25808,50-59歲,男,無,陰性
25809,50-59歲,男,二級,陽性
25810,40-49歲,男,無,陰性
25811,40-49歲,女,無,陰性
25812,50-59歲,男,無,陰性
25813,40-49歲,男,二級,陽性
25814,40-49歲,男,二級,陽性
25815,50-59歲,男,無,陰性
25816,50-59歲,男,二級,陽性
25817,50-59歲,男,無,陰性
25818,40-49歲,男,無,陰性
25819,40-49歲,男,無,陰性
25820,40-49歲,男,無,陰性
25821,20-29歲,男,無,陰性
25822,60歲以上,男,無,陰性
25823,40-49歲,女,無,陰性
25824,40-49歲,男,無,陰性
25825,30-39歲,男,無,陰性
25826,30-39歲,男,無,陰性
25827,40-49歲,男,二級,陽性
25828,40-49歲,男,無,陰性
25829,40-49歲,男,二級,陽性
25830,60歲以上,男,無,陰性
25831,40-49歲,男,無,陰性
25832,50-59歲,男,無,陰性
25833,40-49歲,男,無,陰性
25834,50-59歲,男,無,陰性
25835,30-39歲,男,無,陰性
25836,40-49歲,女,無,陰性
25837,30-39歲,男,三級,陽性
25838,40-49歲,男,二級,陽性
25839,20-29歲,男,無,陰性
25840,50-59歲,女,無,陰性
25841,40-49歲,男,無,陰性
25842,20-29歲,男,無,陰性
25843,50-59歲,女,無,陰性
25844,40-49歲,男,無,陰性
25845,50-59歲,男,無,陰性
25846,40-49歲,男,無,陰性
25847,40-49歲,男,二級,陽性
25848,40-49歲,男,無,陰性
25849,20-29歲,男,無,陰性
25850,50-59歲,女,無,陰性
25851,40-49歲,男,無,陰性
25852,40-49歲,女,二級,陽性
25853,40-49歲,男,無,陰性
25854,40-49歲,女,二級,陽性
25855,50-59歲,男,無,陰性
25856,20-29歲,男,無,陰性
25857,50-59歲,男,無,陰性
25858,30-39歲,男,無,陰性
25859,50-59歲,男,無,陰性
25860,50-59歲,男,無,陰性
25861,40-49歲,男,二級,陽性
25862,50-59歲,男,無,陰性
25863,50-59歲,男,無,陰性
25864,40-49歲,男,無,陰性
25865,60歲以上,男,無,陰性
25866,40-49歲,男,無,陰性
25867,40-49歲,男,無,陰性
25868,40-49歲,男,無,陰性
25869,50-59歲,男,無,陰性
25870,30-39歲,男,無,陰性
25871,50-59歲,男,無,陰性
25872,40-49歲,男,二級,陽性
25873,40-49歲,男,二級,陽性
25874,60歲以上,男,二級,陽性
25875,50-59歲,男,二級,陽性
25876,50-59歲,女,無,陰性
25877,40-49歲,男,無,陰性
25878,50-59歲,男,無,陰性
25879,50-59歲,女,一級,陽性
25880,50-59歲,女,二級,陽性
25881,40-49歲,男,無,陰性
25882,40-49歲,男,無,陰性
25883,50-59歲,男,無,陰性
25884,50-59歲,男,二級,陽性
25885,50-59歲,男,二級,陽性
25886,30-39歲,男,無,陰性
25887,50-59歲,男,無,陰性
25888,30-39歲,男,無,陰性
25889,19歲以下,男,無,陰性
25890,40-49歲,男,無,陰性
25891,50-59歲,男,無,陰性
25892,50-59歲,男,無,陰性
25893,30-39歲,男,無,陰性
25894,40-49歲,男,無,陰性
25895,40-49歲,男,二級,陽性
25896,40-49歲,女,二級,陽性
25897,20-29歲,女,二級,陽性
25898,40-49歲,男,一級,陽性
25899,50-59歲,男,無,陰性
25900,30-39歲,男,無,陰性
25901,19歲以下,男,二級,陽性
25902,30-39歲,男,無,陰性
25903,50-59歲,男,一級,陽性
25904,30-39歲,男,無,陰性
25905,50-59歲,男,無,陰性
25906,20-29歲,男,無,陰性
25907,60歲以上,男,無,陰性
25908,60歲以上,男,無,陰性
25909,50-59歲,女,無,陰性
25910,50-59歲,女,二級,陽性
25911,19歲以下,女,無,陰性
25912,20-29歲,男,無,陰性
25913,40-49歲,男,二級,陽性
25914,40-49歲,男,無,陰性
25915,30-39歲,男,二級,陽性
25916,40-49歲,女,無,陰性
25917,40-49歲,男,無,陰性
25918,40-49歲,男,無,陰性
25919,60歲以上,男,無,陰性
25920,30-39歲,男,二級,陽性
25921,30-39歲,男,二級,陽性
25922,30-39歲,男,無,陰性
25923,40-49歲,男,二級,陽性
25924,60歲以上,男,無,陰性
25925,50-59歲,男,無,陰性
25926,40-49歲,男,無,陰性
25927,30-39歲,男,無,陰性
25928,50-59歲,男,二級,陽性
25929,40-49歲,女,無,陰性
25930,30-39歲,女,無,陰性
25931,40-49歲,男,無,陰性
25932,40-49歲,男,無,陰性
25933,30-39歲,男,二級,陽性
25934,40-49歲,男,無,陰性
25935,40-49歲,男,無,陰性
25936,50-59歲,男,無,陰性
25937,40-49歲,男,無,陰性
25938,40-49歲,女,二級,陽性
25939,40-49歲,女,無,陰性
25940,40-49歲,男,無,陰性
25941,40-49歲,女,無,陰性
25942,40-49歲,男,一級,陽性
25943,40-49歲,男,無,陰性
25944,50-59歲,男,無,陰性
25945,20-29歲,男,無,陰性
25946,30-39歲,女,二級,陽性
25947,40-49歲,男,無,陰性
25948,20-29歲,男,一級,陽性
25949,60歲以上,男,無,陰性
25950,50-59歲,男,無,陰性
25951,30-39歲,男,無,陰性
25952,50-59歲,男,無,陰性
25953,30-39歲,男,三級,陽性
25954,30-39歲,男,無,陰性
25955,60歲以上,男,無,陰性
25956,40-49歲,男,無,陰性
25957,20-29歲,女,三級,陽性
25958,40-49歲,男,無,陰性
25959,50-59歲,男,無,陰性
25960,60歲以上,男,無,陰性
25961,19歲以下,男,二級,陽性
25962,40-49歲,男,無,陰性
25963,20-29歲,男,無,陰性
25964,20-29歲,女,無,陰性
25965,50-59歲,男,無,陰性
25966,40-49歲,女,無,陰性
25967,30-39歲,女,無,陰性
25968,30-39歲,男,二級,陽性
25969,60歲以上,男,二級,陽性
25970,40-49歲,女,無,陰性
25971,40-49歲,男,無,陰性
25972,60歲以上,男,無,陰性
25973,30-39歲,男,無,陰性
25974,40-49歲,女,無,陰性
25975,40-49歲,男,二級,陽性
25976,50-59歲,女,二級,陽性
25977,40-49歲,男,三級,陽性
25978,50-59歲,男,無,陰性
25979,19歲以下,男,無,陰性
25980,40-49歲,男,二級,陽性
25981,50-59歲,女,無,陰性
25982,50-59歲,男,無,陰性
25983,50-59歲,男,無,陰性
25984,50-59歲,男,無,陰性
25985,40-49歲,男,二級,陽性
25986,40-49歲,男,一級,陽性
25987,60歲以上,女,無,陰性
25988,20-29歲,男,二級,陽性
25989,30-39歲,女,二級,陽性
25990,50-59歲,男,無,陰性
25991,30-39歲,男,無,陰性
25992,20-29歲,男,無,陰性
25993,20-29歲,男,無,陰性
25994,50-59歲,男,無,陰性
25995,50-59歲,男,無,陰性
25996,60歲以上,男,一級,陽性
25997,60歲以上,女,二級,陽性
25998,40-49歲,男,無,陰性
25999,30-39歲,女,三級,陽性
26000,40-49歲,女,無,陰性
26001,60歲以上,男,無,陰性
26002,40-49歲,男,二級,陽性
26003,30-39歲,男,無,陰性
26004,30-39歲,男,無,陰性
26005,40-49歲,男,無,陰性
26006,50-59歲,男,無,陰性
26007,60歲以上,女,一級,陽性
26008,60歲以上,男,無,陰性
26009,30-39歲,男,無,陰性
26010,40-49歲,女,二級,陽性
26011,40-49歲,男,二級,陽性
26012,60歲以上,男,無,陰性
26013,40-49歲,男,無,陰性
26014,60歲以上,男,二級,陽性
26015,50-59歲,男,無,陰性
26016,40-49歲,女,一級,陽性
26017,40-49歲,男,無,陰性
26018,40-49歲,男,二級,陽性
26019,60歲以上,男,無,陰性
26020,50-59歲,男,無,陰性
26021,50-59歲,男,無,陰性
26022,20-29歲,男,無,陰性
26023,60歲以上,男,無,陰性
26024,40-49歲,男,無,陰性
26025,50-59歲,男,無,陰性
26026,40-49歲,女,無,陰性
26027,20-29歲,男,三級,陽性
26028,20-29歲,女,二級,陽性
26029,30-39歲,女,無,陰性
26030,40-49歲,男,三級,陽性
26031,50-59歲,男,無,陰性
26032,40-49歲,男,無,陰性
26033,60歲以上,男,無,陰性
26034,60歲以上,男,無,陰性
26035,40-49歲,男,無,陰性
26036,40-49歲,男,二級,陽性
26037,50-59歲,男,一級,陽性
26038,50-59歲,男,無,陰性
26039,20-29歲,男,無,陰性
26040,40-49歲,男,無,陰性
26041,40-49歲,男,二級,陽性
26042,30-39歲,男,無,陰性
26043,40-49歲,男,一級,陽性
26044,60歲以上,男,無,陰性
26045,40-49歲,男,無,陰性
26046,60歲以上,男,無,陰性
26047,19歲以下,男,無,陰性
26048,19歲以下,男,無,陰性
26049,40-49歲,男,無,陰性
26050,20-29歲,男,無,陰性
26051,50-59歲,男,二級,陽性
26052,40-49歲,男,二級,陽性
26053,30-39歲,女,無,陰性
26054,50-59歲,男,無,陰性
26055,60歲以上,男,無,陰性
26056,20-29歲,男,無,陰性
26057,40-49歲,男,無,陰性
26058,40-49歲,女,無,陰性
26059,60歲以上,女,無,陰性
26060,40-49歲,男,無,陰性
26061,50-59歲,男,無,陰性
26062,60歲以上,女,二級,陽性
26063,40-49歲,男,二級,陽性
26064,40-49歲,男,無,陰性
26065,30-39歲,男,二級,陽性
26066,40-49歲,女,三級,陽性
26067,40-49歲,男,一級,陽性
26068,20-29歲,女,無,陰性
26069,50-59歲,男,二級,陽性
26070,20-29歲,男,二級,陽性
26071,40-49歲,男,一級,陽性
26072,40-49歲,男,無,陰性
26073,30-39歲,女,二級,陽性
26074,40-49歲,男,無,陰性
26075,40-49歲,男,無,陰性
26076,30-39歲,男,無,陰性
26077,50-59歲,男,二級,陽性
26078,40-49歲,女,無,陰性
26079,40-49歲,男,無,陰性
26080,40-49歲,女,二級,陽性
26081,40-49歲,男,無,陰性
26082,40-49歲,女,無,陰性
26083,30-39歲,男,無,陰性
26084,30-39歲,男,無,陰性
26085,50-59歲,男,二級,陽性
26086,40-49歲,男,無,陰性
26087,20-29歲,男,二級,陽性
26088,40-49歲,男,無,陰性
26089,20-29歲,男,一級,陽性
26090,50-59歲,男,無,陰性
26091,30-39歲,男,無,陰性
26092,50-59歲,男,二級,陽性
26093,50-59歲,男,無,陰性
26094,40-49歲,男,二級,陽性
26095,50-59歲,女,無,陰性
26096,40-49歲,男,無,陰性
26097,19歲以下,男,二級,陽性
26098,40-49歲,男,無,陰性
26099,50-59歲,男,無,陰性
26100,30-39歲,男,一級,陽性
26101,30-39歲,男,無,陰性
26102,40-49歲,男,無,陰性
26103,50-59歲,男,無,陰性
26104,30-39歲,男,一級,陽性
26105,50-59歲,男,無,陰性
26106,60歲以上,女,無,陰性
26107,30-39歲,男,無,陰性
26108,40-49歲,男,無,陰性
26109,40-49歲,男,無,陰性
26110,20-29歲,男,無,陰性
26111,40-49歲,男,無,陰性
26112,40-49歲,男,無,陰性
26113,30-39歲,女,無,陰性
26114,40-49歲,男,無,陰性
26115,60歲以上,男,無,陰性
26116,50-59歲,男,無,陰性
26117,50-59歲,男,無,陰性
26118,40-49歲,男,無,陰性
26119,50-59歲,女,無,陰性
26120,50-59歲,男,無,陰性
26121,40-49歲,女,無,陰性
26122,40-49歲,男,二級,陽性
26123,60歲以上,男,無,陰性
26124,40-49歲,男,無,陰性
26125,30-39歲,男,二級,陽性
26126,60歲以上,女,無,陰性
26127,40-49歲,男,無,陰性
26128,30-39歲,男,無,陰性
26129,40-49歲,男,三級,陽性
26130,50-59歲,男,無,陰性
26131,30-39歲,男,無,陰性
26132,50-59歲,女,無,陰性
26133,50-59歲,男,無,陰性
26134,40-49歲,男,一級,陽性
26135,40-49歲,男,無,陰性
26136,50-59歲,男,無,陰性
26137,40-49歲,男,無,陰性
26138,40-49歲,男,無,陰性
26139,50-59歲,男,無,陰性
26140,60歲以上,男,二級,陽性
26141,50-59歲,男,無,陰性
26142,40-49歲,男,無,陰性
26143,30-39歲,男,無,陰性
26144,40-49歲,男,無,陰性
26145,50-59歲,女,無,陰性
26146,50-59歲,男,無,陰性
26147,20-29歲,女,無,陰性
26148,40-49歲,男,二級,陽性
26149,30-39歲,男,無,陰性
26150,40-49歲,女,二級,陽性
26151,60歲以上,男,無,陰性
26152,40-49歲,男,二級,陽性
26153,50-59歲,男,無,陰性
26154,50-59歲,男,無,陰性
26155,40-49歲,女,無,陰性
26156,40-49歲,男,無,陰性
26157,40-49歲,女,無,陰性
26158,60歲以上,男,無,陰性
26159,40-49歲,男,無,陰性
26160,60歲以上,男,無,陰性
26161,60歲以上,男,無,陰性
26162,60歲以上,女,無,陰性
26163,50-59歲,男,無,陰性
26164,50-59歲,男,無,陰性
26165,40-49歲,男,無,陰性
26166,30-39歲,男,三級,陽性
26167,40-49歲,男,無,陰性
26168,50-59歲,男,無,陰性
26169,40-49歲,男,二級,陽性
26170,20-29歲,女,二級,陽性
26171,50-59歲,女,無,陰性
26172,20-29歲,男,無,陰性
26173,40-49歲,男,無,陰性
26174,30-39歲,男,無,陰性
26175,50-59歲,男,二級,陽性
26176,40-49歲,男,無,陰性
26177,30-39歲,男,無,陰性
26178,30-39歲,男,無,陰性
26179,50-59歲,男,二級,陽性
26180,60歲以上,男,二級,陽性
26181,40-49歲,男,無,陰性
26182,50-59歲,男,二級,陽性
26183,40-49歲,男,無,陰性
26184,30-39歲,男,無,陰性
26185,40-49歲,男,無,陰性
26186,50-59歲,男,無,陰性
26187,30-39歲,男,無,陰性
26188,40-49歲,男,一級,陽性
26189,50-59歲,男,無,陰性
26190,40-49歲,男,無,陰性
26191,60歲以上,男,無,陰性
26192,20-29歲,男,無,陰性
26193,30-39歲,女,無,陰性
26194,30-39歲,男,無,陰性
26195,50-59歲,女,無,陰性
26196,30-39歲,女,二級,陽性
26197,40-49歲,男,無,陰性
26198,50-59歲,男,二級,陽性
26199,40-49歲,男,一級,陽性
26200,30-39歲,男,無,陰性
26201,40-49歲,女,無,陰性
26202,30-39歲,男,二級,陽性
26203,50-59歲,男,二級,陽性
26204,40-49歲,男,無,陰性
26205,30-39歲,男,無,陰性
26206,30-39歲,男,無,陰性
26207,30-39歲,男,無,陰性
26208,20-29歲,男,二級,陽性
26209,19歲以下,女,無,陰性
26210,50-59歲,女,無,陰性
26211,40-49歲,女,無,陰性
26212,30-39歲,男,無,陰性
26213,30-39歲,男,無,陰性
26214,40-49歲,男,無,陰性
26215,19歲以下,女,無,陰性
26216,40-49歲,男,無,陰性
26217,40-49歲,女,無,陰性
26218,30-39歲,男,無,陰性
26219,20-29歲,男,一級,陽性
26220,60歲以上,男,無,陰性
26221,30-39歲,男,無,陰性
26222,20-29歲,男,無,陰性
26223,50-59歲,男,無,陰性
26224,40-49歲,男,無,陰性
26225,40-49歲,男,無,陰性
26226,30-39歲,男,無,陰性
26227,50-59歲,男,無,陰性
26228,40-49歲,男,無,陰性
26229,50-59歲,女,無,陰性
26230,40-49歲,男,無,陰性
26231,20-29歲,男,無,陰性
26232,40-49歲,男,二級,陽性
26233,40-49歲,男,二級,陽性
26234,40-49歲,男,無,陰性
26235,50-59歲,男,無,陰性
26236,50-59歲,男,無,陰性
26237,40-49歲,女,三級,陽性
26238,20-29歲,男,無,陰性
26239,30-39歲,男,無,陰性
26240,40-49歲,男,無,陰性
26241,50-59歲,男,無,陰性
26242,40-49歲,男,無,陰性
26243,60歲以上,男,二級,陽性
26244,40-49歲,男,無,陰性
26245,50-59歲,男,無,陰性
26246,40-49歲,男,無,陰性
26247,40-49歲,男,無,陰性
26248,20-29歲,男,無,陰性
26249,40-49歲,男,無,陰性
26250,20-29歲,男,無,陰性
26251,40-49歲,女,無,陰性
26252,20-29歲,男,無,陰性
26253,40-49歲,男,二級,陽性
26254,30-39歲,男,無,陰性
26255,40-49歲,男,無,陰性
26256,50-59歲,男,無,陰性
26257,40-49歲,男,無,陰性
26258,40-49歲,男,無,陰性
26259,50-59歲,男,無,陰性
26260,50-59歲,女,無,陰性
26261,50-59歲,女,二級,陽性
26262,50-59歲,男,無,陰性
26263,60歲以上,男,無,陰性
26264,50-59歲,男,無,陰性
26265,60歲以上,女,二級,陽性
26266,40-49歲,男,一級,陽性
26267,40-49歲,男,無,陰性
26268,50-59歲,男,二級,陽性
26269,40-49歲,男,無,陰性
26270,30-39歲,男,無,陰性
26271,30-39歲,男,無,陰性
26272,50-59歲,男,無,陰性
26273,60歲以上,男,無,陰性
26274,20-29歲,男,無,陰性
26275,40-49歲,男,無,陰性
26276,50-59歲,男,無,陰性
26277,40-49歲,女,無,陰性
26278,50-59歲,女,無,陰性
26279,50-59歲,男,無,陰性
26280,50-59歲,男,二級,陽性
26281,30-39歲,男,無,陰性
26282,19歲以下,女,無,陰性
26283,40-49歲,男,二級,陽性
26284,40-49歲,男,無,陰性
26285,60歲以上,男,無,陰性
26286,20-29歲,男,無,陰性
26287,60歲以上,女,無,陰性
26288,40-49歲,男,無,陰性
26289,50-59歲,男,二級,陽性
26290,40-49歲,男,無,陰性
26291,19歲以下,男,無,陰性
26292,40-49歲,男,無,陰性
26293,30-39歲,女,無,陰性
26294,40-49歲,男,無,陰性
26295,30-39歲,男,無,陰性
26296,60歲以上,男,無,陰性
26297,40-49歲,女,無,陰性
26298,19歲以下,男,無,陰性
26299,19歲以下,女,無,陰性
26300,30-39歲,男,無,陰性
26301,40-49歲,男,無,陰性
26302,50-59歲,男,無,陰性
26303,30-39歲,男,無,陰性
26304,30-39歲,男,二級,陽性
26305,60歲以上,男,無,陰性
26306,50-59歲,女,無,陰性
26307,50-59歲,男,二級,陽性
26308,60歲以上,男,三級,陽性
26309,30-39歲,男,無,陰性
26310,30-39歲,男,三級,陽性
26311,50-59歲,男,無,陰性
26312,60歲以上,女,無,陰性
26313,50-59歲,男,無,陰性
26314,50-59歲,男,無,陰性
26315,40-49歲,男,一級,陽性
26316,30-39歲,男,二級,陽性
26317,30-39歲,男,無,陰性
26318,40-49歲,男,三級,陽性
26319,30-39歲,男,無,陰性
26320,60歲以上,男,無,陰性
26321,30-39歲,男,無,陰性
26322,40-49歲,男,二級,陽性
26323,50-59歲,男,二級,陽性
26324,40-49歲,女,無,陰性
26325,50-59歲,男,無,陰性
26326,50-59歲,男,無,陰性
26327,60歲以上,男,無,陰性
26328,40-49歲,男,無,陰性
26329,40-49歲,男,無,陰性
26330,50-59歲,男,無,陰性
26331,40-49歲,男,二級,陽性
26332,40-49歲,男,二級,陽性
26333,40-49歲,男,無,陰性
26334,40-49歲,男,無,陰性
26335,40-49歲,男,無,陰性
26336,60歲以上,女,無,陰性
26337,40-49歲,男,無,陰性
26338,40-49歲,男,無,陰性
26339,40-49歲,男,無,陰性
26340,20-29歲,男,三級,陽性
26341,50-59歲,男,無,陰性
26342,30-39歲,男,無,陰性
26343,20-29歲,女,二級,陽性
26344,50-59歲,男,二級,陽性
26345,20-29歲,男,無,陰性
26346,60歲以上,男,無,陰性
26347,40-49歲,男,二級,陽性
26348,50-59歲,男,無,陰性
26349,40-49歲,男,無,陰性
26350,50-59歲,男,無,陰性
26351,60歲以上,男,無,陰性
26352,50-59歲,男,無,陰性
26353,40-49歲,男,無,陰性
26354,40-49歲,女,無,陰性
26355,60歲以上,男,二級,陽性
26356,50-59歲,男,無,陰性
26357,20-29歲,男,無,陰性
26358,40-49歲,男,無,陰性
26359,60歲以上,男,無,陰性
26360,50-59歲,男,無,陰性
26361,60歲以上,男,無,陰性
26362,50-59歲,男,二級,陽性
26363,40-49歲,男,無,陰性
26364,60歲以上,男,二級,陽性
26365,30-39歲,女,三級,陽性
26366,40-49歲,女,無,陰性
26367,30-39歲,男,二級,陽性
26368,50-59歲,男,三級,陽性
26369,40-49歲,男,無,陰性
26370,60歲以上,男,無,陰性
26371,30-39歲,男,無,陰性
26372,50-59歲,男,二級,陽性
26373,30-39歲,男,無,陰性
26374,50-59歲,男,無,陰性
26375,20-29歲,男,無,陰性
26376,40-49歲,女,無,陰性
26377,60歲以上,女,無,陰性
26378,50-59歲,男,無,陰性
26379,50-59歲,男,無,陰性
26380,30-39歲,男,無,陰性
26381,50-59歲,女,無,陰性
26382,40-49歲,男,無,陰性
26383,40-49歲,男,二級,陽性
26384,40-49歲,男,無,陰性
26385,30-39歲,男,無,陰性
26386,60歲以上,男,無,陰性
26387,40-49歲,女,二級,陽性
26388,50-59歲,男,無,陰性
26389,20-29歲,女,無,陰性
26390,40-49歲,男,無,陰性
26391,30-39歲,男,無,陰性
26392,40-49歲,女,無,陰性
26393,50-59歲,女,無,陰性
26394,40-49歲,男,無,陰性
26395,20-29歲,男,無,陰性
26396,20-29歲,男,三級,陽性
26397,50-59歲,女,二級,陽性
26398,19歲以下,男,無,陰性
26399,40-49歲,男,一級,陽性
26400,40-49歲,男,二級,陽性
26401,40-49歲,男,無,陰性
26402,40-49歲,女,無,陰性
26403,40-49歲,男,無,陰性
26404,50-59歲,男,無,陰性
26405,50-59歲,男,二級,陽性
26406,30-39歲,男,無,陰性
26407,20-29歲,男,二級,陽性
26408,50-59歲,男,二級,陽性
26409,40-49歲,男,無,陰性
26410,50-59歲,男,二級,陽性
26411,50-59歲,男,無,陰性
26412,50-59歲,男,無,陰性
26413,50-59歲,男,無,陰性
26414,60歲以上,男,無,陰性
26415,50-59歲,男,二級,陽性
26416,20-29歲,男,無,陰性
26417,40-49歲,男,二級,陽性
26418,40-49歲,男,無,陰性
26419,40-49歲,男,無,陰性
26420,40-49歲,男,無,陰性
26421,50-59歲,男,無,陰性
26422,50-59歲,男,無,陰性
26423,40-49歲,男,無,陰性
26424,50-59歲,男,無,陰性
26425,50-59歲,男,無,陰性
26426,20-29歲,男,無,陰性
26427,30-39歲,男,二級,陽性
26428,30-39歲,男,無,陰性
26429,40-49歲,男,二級,陽性
26430,30-39歲,男,無,陰性
26431,30-39歲,男,二級,陽性
26432,50-59歲,男,二級,陽性
26433,40-49歲,男,二級,陽性
26434,50-59歲,男,二級,陽性
26435,30-39歲,女,三級,陽性
26436,50-59歲,男,無,陰性
26437,40-49歲,女,二級,陽性
26438,60歲以上,男,無,陰性
26439,50-59歲,男,無,陰性
26440,40-49歲,男,無,陰性
26441,40-49歲,男,無,陰性
26442,20-29歲,男,二級,陽性
26443,20-29歲,男,無,陰性
26444,40-49歲,男,無,陰性
26445,50-59歲,男,二級,陽性
26446,40-49歲,男,無,陰性
26447,30-39歲,女,三級,陽性
26448,20-29歲,男,二級,陽性
26449,60歲以上,女,一級,陽性
26450,20-29歲,男,無,陰性
26451,30-39歲,男,二級,陽性
26452,50-59歲,女,無,陰性
26453,50-59歲,男,無,陰性
26454,20-29歲,男,三級,陽性
26455,30-39歲,女,無,陰性
26456,30-39歲,男,無,陰性
26457,40-49歲,男,無,陰性
26458,40-49歲,男,無,陰性
26459,50-59歲,男,無,陰性
26460,40-49歲,男,無,陰性
26461,60歲以上,男,二級,陽性
26462,50-59歲,男,無,陰性
26463,19歲以下,女,無,陰性
26464,40-49歲,男,無,陰性
26465,40-49歲,男,無,陰性
26466,30-39歲,男,無,陰性
26467,40-49歲,男,無,陰性
26468,40-49歲,男,無,陰性
26469,30-39歲,男,無,陰性
26470,20-29歲,男,無,陰性
26471,20-29歲,男,無,陰性
26472,50-59歲,男,無,陰性
26473,30-39歲,女,無,陰性
26474,19歲以下,男,無,陰性
26475,20-29歲,男,無,陰性
26476,40-49歲,男,無,陰性
26477,50-59歲,女,二級,陽性
26478,40-49歲,男,無,陰性
26479,50-59歲,男,二級,陽性
26480,30-39歲,男,無,陰性
26481,60歲以上,男,二級,陽性
26482,40-49歲,男,無,陰性
26483,40-49歲,女,二級,陽性
26484,30-39歲,男,無,陰性
26485,50-59歲,女,無,陰性
26486,40-49歲,男,無,陰性
26487,50-59歲,男,二級,陽性
26488,20-29歲,女,無,陰性
26489,50-59歲,男,無,陰性
26490,50-59歲,女,無,陰性
26491,40-49歲,女,無,陰性
26492,50-59歲,男,無,陰性
26493,40-49歲,男,二級,陽性
26494,30-39歲,男,無,陰性
26495,50-59歲,女,無,陰性
26496,40-49歲,女,二級,陽性
26497,40-49歲,男,無,陰性
26498,40-49歲,男,無,陰性
26499,30-39歲,男,二級,陽性
26500,40-49歲,男,無,陰性
26501,30-39歲,男,無,陰性
26502,20-29歲,男,二級,陽性
26503,20-29歲,女,無,陰性
26504,30-39歲,男,三級,陽性
26505,40-49歲,男,二級,陽性
26506,20-29歲,男,三級,陽性
26507,30-39歲,男,無,陰性
26508,50-59歲,男,一級,陽性
26509,40-49歲,男,無,陰性
26510,30-39歲,男,無,陰性
26511,30-39歲,男,無,陰性
26512,50-59歲,男,二級,陽性
26513,40-49歲,男,無,陰性
26514,60歲以上,男,一級,陽性
26515,50-59歲,男,無,陰性
26516,30-39歲,男,無,陰性
26517,50-59歲,男,二級,陽性
26518,50-59歲,女,無,陰性
26519,50-59歲,男,無,陰性
26520,40-49歲,男,無,陰性
26521,20-29歲,男,無,陰性
26522,20-29歲,男,無,陰性
26523,40-49歲,男,無,陰性
26524,40-49歲,男,無,陰性
26525,40-49歲,男,無,陰性
26526,50-59歲,男,二級,陽性
26527,30-39歲,男,無,陰性
26528,50-59歲,男,二級,陽性
26529,40-49歲,女,無,陰性
26530,20-29歲,男,無,陰性
26531,40-49歲,男,無,陰性
26532,50-59歲,男,無,陰性
26533,50-59歲,男,二級,陽性
26534,30-39歲,男,無,陰性
26535,19歲以下,男,二級,陽性
26536,50-59歲,男,無,陰性
26537,30-39歲,男,無,陰性
26538,40-49歲,男,二級,陽性
26539,20-29歲,男,無,陰性
26540,40-49歲,男,二級,陽性
26541,40-49歲,男,無,陰性
26542,50-59歲,男,無,陰性
26543,50-59歲,男,三級,陽性
26544,30-39歲,男,二級,陽性
26545,30-39歲,男,無,陰性
26546,40-49歲,男,二級,陽性
26547,50-59歲,男,無,陰性
26548,50-59歲,男,無,陰性
26549,50-59歲,男,三級,陽性
26550,50-59歲,男,無,陰性
26551,30-39歲,男,無,陰性
26552,40-49歲,男,無,陰性
26553,40-49歲,男,無,陰性
26554,40-49歲,男,無,陰性
26555,60歲以上,男,無,陰性
26556,40-49歲,女,無,陰性
26557,40-49歲,男,二級,陽性
26558,40-49歲,男,無,陰性
26559,20-29歲,男,無,陰性
26560,30-39歲,男,無,陰性
26561,50-59歲,女,無,陰性
26562,30-39歲,男,無,陰性
26563,30-39歲,男,二級,陽性
26564,40-49歲,男,無,陰性
26565,40-49歲,男,無,陰性
26566,50-59歲,女,三級,陽性
26567,50-59歲,女,無,陰性
26568,40-49歲,男,無,陰性
26569,50-59歲,女,無,陰性
26570,40-49歲,女,二級,陽性
26571,50-59歲,男,無,陰性
26572,30-39歲,男,無,陰性
26573,30-39歲,男,無,陰性
26574,20-29歲,女,無,陰性
26575,60歲以上,男,無,陰性
26576,40-49歲,男,二級,陽性
26577,60歲以上,男,無,陰性
26578,40-49歲,男,二級,陽性
26579,30-39歲,女,無,陰性
26580,30-39歲,男,無,陰性
26581,30-39歲,男,無,陰性
26582,40-49歲,男,無,陰性
26583,30-39歲,男,無,陰性
26584,20-29歲,男,無,陰性
26585,40-49歲,男,無,陰性
26586,40-49歲,男,無,陰性
26587,19歲以下,女,無,陰性
26588,40-49歲,男,無,陰性
26589,50-59歲,男,無,陰性
26590,50-59歲,男,無,陰性
26591,60歲以上,男,無,陰性
26592,60歲以上,男,無,陰性
26593,40-49歲,男,無,陰性
26594,30-39歲,男,無,陰性
26595,50-59歲,女,二級,陽性
26596,40-49歲,男,無,陰性
26597,40-49歲,女,無,陰性
26598,50-59歲,女,一級,陽性
26599,40-49歲,男,無,陰性
26600,30-39歲,男,三級,陽性
26601,20-29歲,男,無,陰性
26602,40-49歲,男,無,陰性
26603,60歲以上,男,無,陰性
26604,50-59歲,男,無,陰性
26605,30-39歲,女,無,陰性
26606,50-59歲,男,無,陰性
26607,40-49歲,女,無,陰性
26608,40-49歲,男,二級,陽性
26609,40-49歲,女,無,陰性
26610,40-49歲,男,一級,陽性
26611,60歲以上,男,無,陰性
26612,50-59歲,男,無,陰性
26613,30-39歲,男,無,陰性
26614,20-29歲,男,二級,陽性
26615,50-59歲,男,三級,陽性
26616,60歲以上,男,一級,陽性
26617,40-49歲,男,無,陰性
26618,40-49歲,男,無,陰性
26619,50-59歲,男,無,陰性
26620,60歲以上,女,無,陰性
26621,50-59歲,男,無,陰性
26622,60歲以上,男,無,陰性
26623,40-49歲,男,無,陰性
26624,20-29歲,男,無,陰性
26625,40-49歲,男,三級,陽性
26626,50-59歲,男,無,陰性
26627,30-39歲,男,無,陰性
26628,40-49歲,男,無,陰性
26629,30-39歲,男,無,陰性
26630,50-59歲,男,二級,陽性
26631,50-59歲,男,三級,陽性
26632,50-59歲,女,無,陰性
26633,40-49歲,男,一級,陽性
26634,60歲以上,女,無,陰性
26635,40-49歲,男,無,陰性
26636,40-49歲,女,三級,陽性
26637,40-49歲,男,三級,陽性
26638,50-59歲,男,無,陰性
26639,19歲以下,男,無,陰性
26640,60歲以上,男,無,陰性
26641,50-59歲,男,無,陰性
26642,50-59歲,男,無,陰性
26643,40-49歲,男,二級,陽性
26644,30-39歲,男,無,陰性
26645,50-59歲,男,無,陰性
26646,50-59歲,男,二級,陽性
26647,50-59歲,男,無,陰性
26648,30-39歲,女,無,陰性
26649,60歲以上,男,無,陰性
26650,30-39歲,男,無,陰性
26651,50-59歲,男,無,陰性
26652,19歲以下,男,無,陰性
26653,20-29歲,男,無,陰性
26654,40-49歲,男,二級,陽性
26655,50-59歲,男,無,陰性
26656,50-59歲,男,無,陰性
26657,40-49歲,男,無,陰性
26658,40-49歲,女,無,陰性
26659,40-49歲,男,無,陰性
26660,50-59歲,男,無,陰性
26661,50-59歲,女,無,陰性
26662,30-39歲,男,無,陰性
26663,30-39歲,女,無,陰性
26664,40-49歲,女,無,陰性
26665,40-49歲,男,無,陰性
26666,40-49歲,男,無,陰性
26667,40-49歲,女,無,陰性
26668,50-59歲,男,無,陰性
26669,40-49歲,女,無,陰性
26670,50-59歲,男,二級,陽性
26671,20-29歲,男,一級,陽性
26672,40-49歲,男,無,陰性
26673,60歲以上,男,無,陰性
26674,40-49歲,男,無,陰性
26675,30-39歲,男,無,陰性
26676,60歲以上,男,無,陰性
26677,30-39歲,男,無,陰性
26678,30-39歲,男,二級,陽性
26679,50-59歲,男,無,陰性
26680,60歲以上,男,二級,陽性
26681,40-49歲,男,無,陰性
26682,40-49歲,女,無,陰性
26683,40-49歲,男,無,陰性
26684,40-49歲,男,無,陰性
26685,40-49歲,女,無,陰性
26686,40-49歲,男,二級,陽性
26687,50-59歲,男,無,陰性
26688,40-49歲,男,無,陰性
26689,60歲以上,女,二級,陽性
26690,50-59歲,男,無,陰性
26691,60歲以上,男,二級,陽性
26692,40-49歲,男,無,陰性
26693,30-39歲,男,無,陰性
26694,40-49歲,男,無,陰性
26695,40-49歲,男,無,陰性
26696,60歲以上,女,無,陰性
26697,40-49歲,男,無,陰性
26698,60歲以上,男,無,陰性
26699,40-49歲,女,無,陰性
26700,30-39歲,男,一級,陽性
26701,40-49歲,男,無,陰性
26702,40-49歲,男,二級,陽性
26703,30-39歲,男,無,陰性
26704,50-59歲,男,無,陰性
26705,40-49歲,男,一級,陽性
26706,40-49歲,女,無,陰性
26707,30-39歲,女,無,陰性
26708,40-49歲,男,二級,陽性
26709,50-59歲,男,無,陰性
26710,60歲以上,男,無,陰性
26711,40-49歲,男,二級,陽性
26712,40-49歲,男,二級,陽性
26713,40-49歲,男,無,陰性
26714,30-39歲,男,無,陰性
26715,40-49歲,男,二級,陽性
26716,60歲以上,男,無,陰性
26717,50-59歲,男,無,陰性
26718,40-49歲,男,無,陰性
26719,50-59歲,男,無,陰性
26720,60歲以上,男,三級,陽性
26721,50-59歲,男,無,陰性
26722,40-49歲,男,一級,陽性
26723,20-29歲,女,無,陰性
26724,20-29歲,女,無,陰性
26725,40-49歲,男,無,陰性
26726,30-39歲,男,無,陰性
26727,40-49歲,男,無,陰性
26728,40-49歲,男,無,陰性
26729,30-39歲,男,無,陰性
26730,50-59歲,男,無,陰性
26731,50-59歲,男,三級,陽性
26732,50-59歲,男,無,陰性
26733,40-49歲,男,無,陰性
26734,40-49歲,女,無,陰性
26735,50-59歲,男,無,陰性
26736,60歲以上,男,無,陰性
26737,30-39歲,男,二級,陽性
26738,40-49歲,男,無,陰性
26739,50-59歲,男,無,陰性
26740,40-49歲,男,無,陰性
26741,30-39歲,男,三級,陽性
26742,40-49歲,男,無,陰性
26743,20-29歲,男,二級,陽性
26744,50-59歲,男,無,陰性
26745,40-49歲,男,無,陰性
26746,40-49歲,男,無,陰性
26747,20-29歲,男,無,陰性
26748,50-59歲,女,無,陰性
26749,50-59歲,男,無,陰性
26750,40-49歲,男,二級,陽性
26751,50-59歲,男,無,陰性
26752,50-59歲,男,無,陰性
26753,40-49歲,男,無,陰性
26754,40-49歲,男,一級,陽性
26755,40-49歲,男,無,陰性
26756,50-59歲,女,二級,陽性
26757,40-49歲,男,無,陰性
26758,30-39歲,男,無,陰性
26759,20-29歲,男,二級,陽性
26760,30-39歲,男,無,陰性
26761,50-59歲,男,一級,陽性
26762,20-29歲,男,無,陰性
26763,60歲以上,男,無,陰性
26764,50-59歲,男,無,陰性
26765,40-49歲,男,無,陰性
26766,60歲以上,男,無,陰性
26767,40-49歲,男,無,陰性
26768,20-29歲,女,無,陰性
26769,50-59歲,男,無,陰性
26770,50-59歲,男,無,陰性
26771,50-59歲,男,無,陰性
26772,40-49歲,男,無,陰性
26773,40-49歲,男,二級,陽性
26774,60歲以上,男,二級,陽性
26775,40-49歲,男,二級,陽性
26776,60歲以上,男,無,陰性
26777,30-39歲,女,二級,陽性
26778,19歲以下,女,無,陰性
26779,40-49歲,女,無,陰性
26780,40-49歲,男,二級,陽性
26781,50-59歲,男,無,陰性
26782,50-59歲,女,二級,陽性
26783,20-29歲,男,無,陰性
26784,40-49歲,女,二級,陽性
26785,40-49歲,男,三級,陽性
26786,40-49歲,男,無,陰性
26787,40-49歲,男,無,陰性
26788,40-49歲,男,無,陰性
26789,50-59歲,男,二級,陽性
26790,50-59歲,男,無,陰性
26791,40-49歲,男,無,陰性
26792,50-59歲,男,無,陰性
26793,20-29歲,男,無,陰性
26794,60歲以上,男,無,陰性
26795,50-59歲,女,無,陰性
26796,40-49歲,男,無,陰性
26797,50-59歲,女,二級,陽性
26798,30-39歲,男,無,陰性
26799,40-49歲,男,無,陰性
26800,50-59歲,女,三級,陽性
26801,40-49歲,男,三級,陽性
26802,60歲以上,女,無,陰性
26803,30-39歲,男,無,陰性
26804,40-49歲,男,無,陰性
26805,20-29歲,女,無,陰性
26806,40-49歲,男,無,陰性
26807,30-39歲,男,無,陰性
26808,50-59歲,男,無,陰性
26809,30-39歲,男,無,陰性
26810,40-49歲,男,無,陰性
26811,30-39歲,男,無,陰性
26812,40-49歲,女,無,陰性
26813,40-49歲,男,無,陰性
26814,20-29歲,男,二級,陽性
26815,50-59歲,男,無,陰性
26816,40-49歲,男,無,陰性
26817,20-29歲,男,無,陰性
26818,60歲以上,男,無,陰性
26819,50-59歲,女,無,陰性
26820,50-59歲,女,無,陰性
26821,30-39歲,男,無,陰性
26822,30-39歲,男,無,陰性
26823,30-39歲,男,無,陰性
26824,20-29歲,男,二級,陽性
26825,50-59歲,男,無,陰性
26826,50-59歲,女,無,陰性
26827,30-39歲,男,無,陰性
26828,40-49歲,男,無,陰性
26829,40-49歲,男,無,陰性
26830,40-49歲,女,二級,陽性
26831,50-59歲,男,一級,陽性
26832,50-59歲,男,無,陰性
26833,40-49歲,男,無,陰性
26834,60歲以上,男,無,陰性
26835,40-49歲,男,無,陰性
26836,40-49歲,男,無,陰性
26837,50-59歲,男,三級,陽性
26838,40-49歲,男,無,陰性
26839,60歲以上,男,無,陰性
26840,50-59歲,女,二級,陽性
26841,50-59歲,女,二級,陽性
26842,40-49歲,男,無,陰性
26843,50-59歲,男,無,陰性
26844,40-49歲,男,二級,陽性
26845,20-29歲,男,無,陰性
26846,30-39歲,男,無,陰性
26847,40-49歲,男,無,陰性
26848,50-59歲,男,無,陰性
26849,50-59歲,男,無,陰性
26850,60歲以上,男,無,陰性
26851,50-59歲,男,無,陰性
26852,60歲以上,女,無,陰性
26853,50-59歲,女,無,陰性
26854,50-59歲,男,無,陰性
26855,40-49歲,男,無,陰性
26856,50-59歲,男,無,陰性
26857,40-49歲,男,二級,陽性
26858,30-39歲,男,無,陰性
26859,50-59歲,男,二級,陽性
26860,40-49歲,男,無,陰性
26861,50-59歲,男,無,陰性
26862,40-49歲,男,無,陰性
26863,30-39歲,男,無,陰性
26864,20-29歲,男,無,陰性
26865,40-49歲,男,無,陰性
26866,40-49歲,男,無,陰性
26867,50-59歲,男,無,陰性
26868,30-39歲,女,二級,陽性
26869,40-49歲,女,無,陰性
26870,20-29歲,男,無,陰性
26871,50-59歲,男,無,陰性
26872,50-59歲,男,無,陰性
26873,40-49歲,女,無,陰性
26874,40-49歲,女,無,陰性
26875,40-49歲,男,三級,陽性
26876,40-49歲,男,無,陰性
26877,30-39歲,男,無,陰性
26878,50-59歲,女,二級,陽性
26879,50-59歲,男,無,陰性
26880,30-39歲,男,無,陰性
26881,40-49歲,男,無,陰性
26882,60歲以上,女,無,陰性
26883,50-59歲,男,二級,陽性
26884,30-39歲,男,無,陰性
26885,50-59歲,男,無,陰性
26886,50-59歲,男,無,陰性
26887,30-39歲,男,二級,陽性
26888,30-39歲,男,無,陰性
26889,50-59歲,男,三級,陽性
26890,50-59歲,男,無,陰性
26891,30-39歲,男,無,陰性
26892,20-29歲,男,無,陰性
26893,20-29歲,男,無,陰性
26894,40-49歲,男,無,陰性
26895,30-39歲,男,二級,陽性
26896,40-49歲,男,無,陰性
26897,50-59歲,男,二級,陽性
26898,30-39歲,男,二級,陽性
26899,20-29歲,男,無,陰性
26900,20-29歲,男,無,陰性
26901,40-49歲,男,無,陰性
26902,40-49歲,男,二級,陽性
26903,50-59歲,男,無,陰性
26904,30-39歲,男,二級,陽性
26905,30-39歲,男,無,陰性
26906,19歲以下,男,二級,陽性
26907,20-29歲,男,無,陰性
26908,40-49歲,男,無,陰性
26909,50-59歲,男,無,陰性
26910,40-49歲,男,無,陰性
26911,20-29歲,男,無,陰性
26912,30-39歲,女,無,陰性
26913,50-59歲,男,無,陰性
26914,19歲以下,女,無,陰性
26915,20-29歲,女,無,陰性
26916,60歲以上,男,無,陰性
26917,60歲以上,男,無,陰性
26918,40-49歲,男,無,陰性
26919,50-59歲,男,無,陰性
26920,40-49歲,男,二級,陽性
26921,40-49歲,男,無,陰性
26922,40-49歲,男,無,陰性
26923,60歲以上,男,無,陰性
26924,40-49歲,男,無,陰性
26925,20-29歲,男,二級,陽性
26926,50-59歲,女,無,陰性
26927,40-49歲,女,無,陰性
26928,50-59歲,女,無,陰性
26929,40-49歲,男,二級,陽性
26930,30-39歲,男,無,陰性
26931,50-59歲,男,無,陰性
26932,40-49歲,男,無,陰性
26933,40-49歲,男,無,陰性
26934,30-39歲,男,無,陰性
26935,50-59歲,男,二級,陽性
26936,50-59歲,女,無,陰性
26937,40-49歲,男,無,陰性
26938,30-39歲,男,無,陰性
26939,20-29歲,男,無,陰性
26940,20-29歲,女,無,陰性
26941,30-39歲,男,無,陰性
26942,50-59歲,男,無,陰性
26943,40-49歲,男,無,陰性
26944,30-39歲,男,無,陰性
26945,20-29歲,男,二級,陽性
26946,20-29歲,男,二級,陽性
26947,40-49歲,男,無,陰性
26948,50-59歲,男,無,陰性
26949,40-49歲,男,無,陰性
26950,50-59歲,男,無,陰性
26951,30-39歲,男,二級,陽性
26952,40-49歲,男,無,陰性
26953,20-29歲,男,無,陰性
26954,50-59歲,男,二級,陽性
26955,50-59歲,女,無,陰性
26956,19歲以下,男,二級,陽性
26957,40-49歲,男,一級,陽性
26958,20-29歲,男,一級,陽性
26959,30-39歲,男,無,陰性
26960,20-29歲,男,三級,陽性
26961,30-39歲,男,無,陰性
26962,60歲以上,男,二級,陽性
26963,50-59歲,男,無,陰性
26964,40-49歲,女,無,陰性
26965,50-59歲,男,無,陰性
26966,40-49歲,男,無,陰性
26967,50-59歲,男,無,陰性
26968,40-49歲,男,二級,陽性
26969,50-59歲,男,無,陰性
26970,30-39歲,男,一級,陽性
26971,40-49歲,男,二級,陽性
26972,50-59歲,女,無,陰性
26973,19歲以下,男,無,陰性
26974,30-39歲,男,無,陰性
26975,60歲以上,女,無,陰性
26976,30-39歲,男,無,陰性
26977,20-29歲,女,無,陰性
26978,50-59歲,男,無,陰性
26979,30-39歲,男,無,陰性
26980,60歲以上,男,無,陰性
26981,50-59歲,男,無,陰性
26982,30-39歲,女,無,陰性
26983,40-49歲,女,二級,陽性
26984,40-49歲,男,無,陰性
26985,30-39歲,女,無,陰性
26986,30-39歲,男,二級,陽性
26987,30-39歲,女,無,陰性
26988,40-49歲,男,無,陰性
26989,50-59歲,男,無,陰性
26990,40-49歲,男,無,陰性
26991,40-49歲,男,無,陰性
26992,50-59歲,男,無,陰性
26993,20-29歲,女,無,陰性
26994,30-39歲,女,無,陰性
26995,20-29歲,男,無,陰性
26996,30-39歲,男,三級,陽性
26997,50-59歲,女,無,陰性
26998,50-59歲,男,無,陰性
26999,40-49歲,男,無,陰性
27000,40-49歲,男,無,陰性
27001,20-29歲,女,無,陰性
27002,40-49歲,男,無,陰性
27003,40-49歲,男,無,陰性
27004,50-59歲,男,三級,陽性
27005,50-59歲,男,無,陰性
27006,20-29歲,男,無,陰性
27007,20-29歲,女,無,陰性
27008,40-49歲,男,無,陰性
27009,30-39歲,男,無,陰性
27010,40-49歲,男,無,陰性
27011,19歲以下,女,無,陰性
27012,20-29歲,男,無,陰性
27013,40-49歲,男,無,陰性
27014,50-59歲,男,無,陰性
27015,30-39歲,男,無,陰性
27016,30-39歲,男,一級,陽性
27017,60歲以上,男,二級,陽性
27018,20-29歲,男,無,陰性
27019,30-39歲,女,二級,陽性
27020,40-49歲,男,無,陰性
27021,40-49歲,男,三級,陽性
27022,50-59歲,男,無,陰性
27023,50-59歲,男,無,陰性
27024,20-29歲,男,無,陰性
27025,50-59歲,男,無,陰性
27026,30-39歲,女,無,陰性
27027,20-29歲,女,二級,陽性
27028,19歲以下,男,三級,陽性
27029,20-29歲,女,無,陰性
27030,50-59歲,男,無,陰性
27031,30-39歲,女,無,陰性
27032,40-49歲,男,二級,陽性
27033,50-59歲,男,無,陰性
27034,50-59歲,男,無,陰性
27035,40-49歲,女,無,陰性
27036,50-59歲,男,無,陰性
27037,40-49歲,女,無,陰性
27038,40-49歲,男,無,陰性
27039,40-49歲,男,二級,陽性
27040,50-59歲,男,無,陰性
27041,30-39歲,女,無,陰性
27042,30-39歲,男,無,陰性
27043,20-29歲,男,無,陰性
27044,50-59歲,男,無,陰性
27045,30-39歲,男,無,陰性
27046,40-49歲,男,二級,陽性
27047,60歲以上,男,無,陰性
27048,40-49歲,男,二級,陽性
27049,50-59歲,男,無,陰性
27050,40-49歲,男,二級,陽性
27051,30-39歲,男,無,陰性
27052,20-29歲,男,無,陰性
27053,40-49歲,男,無,陰性
27054,50-59歲,男,三級,陽性
27055,19歲以下,男,無,陰性
27056,40-49歲,男,無,陰性
27057,20-29歲,男,無,陰性
27058,40-49歲,男,無,陰性
27059,60歲以上,女,二級,陽性
27060,20-29歲,男,無,陰性
27061,60歲以上,男,無,陰性
27062,50-59歲,男,二級,陽性
27063,50-59歲,女,無,陰性
27064,40-49歲,男,無,陰性
27065,40-49歲,男,無,陰性
27066,30-39歲,男,無,陰性
27067,30-39歲,男,一級,陽性
27068,40-49歲,男,二級,陽性
27069,40-49歲,男,無,陰性
27070,40-49歲,女,無,陰性
27071,50-59歲,男,無,陰性
27072,50-59歲,男,無,陰性
27073,40-49歲,男,無,陰性
27074,40-49歲,男,無,陰性
27075,50-59歲,男,無,陰性
27076,50-59歲,女,無,陰性
27077,40-49歲,男,無,陰性
27078,20-29歲,男,無,陰性
27079,20-29歲,男,無,陰性
27080,30-39歲,男,無,陰性
27081,20-29歲,男,無,陰性
27082,50-59歲,女,二級,陽性
27083,20-29歲,女,無,陰性
27084,40-49歲,男,二級,陽性
27085,40-49歲,男,無,陰性
27086,30-39歲,男,無,陰性
27087,30-39歲,男,無,陰性
27088,50-59歲,女,無,陰性
27089,50-59歲,女,無,陰性
27090,40-49歲,男,無,陰性
27091,40-49歲,女,無,陰性
27092,60歲以上,男,無,陰性
27093,60歲以上,男,無,陰性
27094,40-49歲,男,無,陰性
27095,50-59歲,男,無,陰性
27096,40-49歲,男,無,陰性
27097,40-49歲,男,無,陰性
27098,40-49歲,男,無,陰性
27099,40-49歲,男,無,陰性
27100,20-29歲,女,無,陰性
27101,40-49歲,女,無,陰性
27102,30-39歲,男,無,陰性
27103,40-49歲,女,無,陰性
27104,50-59歲,男,二級,陽性
27105,40-49歲,男,無,陰性
27106,50-59歲,男,無,陰性
27107,30-39歲,男,無,陰性
27108,40-49歲,男,無,陰性
27109,20-29歲,男,二級,陽性
27110,30-39歲,男,無,陰性
27111,40-49歲,男,二級,陽性
27112,40-49歲,女,無,陰性
27113,50-59歲,男,無,陰性
27114,50-59歲,男,無,陰性
27115,40-49歲,女,無,陰性
27116,40-49歲,男,二級,陽性
27117,50-59歲,男,無,陰性
27118,50-59歲,男,無,陰性
27119,50-59歲,男,無,陰性
27120,50-59歲,男,二級,陽性
27121,50-59歲,男,無,陰性
27122,50-59歲,男,無,陰性
27123,50-59歲,男,無,陰性
27124,30-39歲,男,無,陰性
27125,30-39歲,男,一級,陽性
27126,50-59歲,男,無,陰性
27127,60歲以上,男,無,陰性
27128,40-49歲,男,無,陰性
27129,40-49歲,男,無,陰性
27130,50-59歲,男,無,陰性
27131,50-59歲,男,二級,陽性
27132,60歲以上,女,無,陰性
27133,30-39歲,女,無,陰性
27134,60歲以上,男,無,陰性
27135,40-49歲,男,三級,陽性
27136,60歲以上,女,二級,陽性
27137,40-49歲,男,二級,陽性
27138,50-59歲,男,無,陰性
27139,30-39歲,男,無,陰性
27140,40-49歲,男,二級,陽性
27141,50-59歲,男,無,陰性
27142,30-39歲,男,二級,陽性
27143,40-49歲,男,無,陰性
27144,50-59歲,男,二級,陽性
27145,40-49歲,男,無,陰性
27146,40-49歲,女,無,陰性
27147,40-49歲,男,二級,陽性
27148,19歲以下,男,無,陰性
27149,60歲以上,女,無,陰性
27150,30-39歲,女,無,陰性
27151,40-49歲,男,無,陰性
27152,30-39歲,男,無,陰性
27153,40-49歲,女,二級,陽性
27154,50-59歲,男,無,陰性
27155,40-49歲,女,二級,陽性
27156,20-29歲,男,無,陰性
27157,40-49歲,男,三級,陽性
27158,30-39歲,女,無,陰性
27159,40-49歲,男,無,陰性
27160,50-59歲,男,二級,陽性
27161,50-59歲,男,三級,陽性
27162,60歲以上,女,無,陰性
27163,40-49歲,男,無,陰性
27164,40-49歲,男,無,陰性
27165,60歲以上,男,無,陰性
27166,30-39歲,男,無,陰性
27167,60歲以上,男,三級,陽性
27168,50-59歲,男,二級,陽性
27169,50-59歲,男,無,陰性
27170,30-39歲,女,無,陰性
27171,40-49歲,男,無,陰性
27172,40-49歲,男,二級,陽性
27173,30-39歲,男,無,陰性
27174,30-39歲,男,無,陰性
27175,50-59歲,男,無,陰性
27176,20-29歲,男,無,陰性
27177,50-59歲,男,無,陰性
27178,20-29歲,男,無,陰性
27179,40-49歲,男,無,陰性
27180,40-49歲,女,一級,陽性
27181,30-39歲,男,無,陰性
27182,40-49歲,男,無,陰性
27183,50-59歲,男,無,陰性
27184,30-39歲,男,無,陰性
27185,50-59歲,男,無,陰性
27186,20-29歲,男,無,陰性
27187,40-49歲,男,無,陰性
27188,50-59歲,男,二級,陽性
27189,40-49歲,男,無,陰性
27190,40-49歲,男,無,陰性
27191,50-59歲,男,無,陰性
27192,30-39歲,男,無,陰性
27193,30-39歲,男,無,陰性
27194,30-39歲,男,二級,陽性
27195,30-39歲,男,無,陰性
27196,60歲以上,女,二級,陽性
27197,60歲以上,男,無,陰性
27198,50-59歲,女,無,陰性
27199,40-49歲,男,無,陰性
27200,40-49歲,男,無,陰性
27201,50-59歲,男,無,陰性
27202,50-59歲,男,無,陰性
27203,40-49歲,女,無,陰性
27204,50-59歲,男,二級,陽性
27205,50-59歲,男,無,陰性
27206,40-49歲,男,二級,陽性
27207,60歲以上,男,無,陰性
27208,20-29歲,男,無,陰性
27209,60歲以上,男,無,陰性
27210,40-49歲,男,無,陰性
27211,50-59歲,女,無,陰性
27212,60歲以上,男,無,陰性
27213,30-39歲,男,無,陰性
27214,30-39歲,男,無,陰性
27215,30-39歲,男,無,陰性
27216,50-59歲,男,二級,陽性
27217,50-59歲,男,二級,陽性
27218,40-49歲,男,無,陰性
27219,40-49歲,男,無,陰性
27220,50-59歲,女,無,陰性
27221,50-59歲,男,無,陰性
27222,50-59歲,男,無,陰性
27223,40-49歲,女,二級,陽性
27224,60歲以上,女,二級,陽性
27225,40-49歲,男,三級,陽性
27226,30-39歲,男,無,陰性
27227,50-59歲,男,無,陰性
27228,30-39歲,男,二級,陽性
27229,40-49歲,男,一級,陽性
27230,30-39歲,男,二級,陽性
27231,40-49歲,女,無,陰性
27232,30-39歲,女,無,陰性
27233,40-49歲,男,三級,陽性
27234,40-49歲,男,無,陰性
27235,50-59歲,男,無,陰性
27236,30-39歲,男,無,陰性
27237,60歲以上,男,無,陰性
27238,50-59歲,男,無,陰性
27239,40-49歲,男,無,陰性
27240,20-29歲,男,無,陰性
27241,20-29歲,男,無,陰性
27242,50-59歲,男,無,陰性
27243,40-49歲,男,無,陰性
27244,30-39歲,男,無,陰性
27245,40-49歲,男,一級,陽性
27246,19歲以下,男,二級,陽性
27247,50-59歲,男,無,陰性
27248,50-59歲,男,無,陰性
27249,50-59歲,男,二級,陽性
27250,40-49歲,男,無,陰性
27251,30-39歲,男,無,陰性
27252,50-59歲,男,無,陰性
27253,40-49歲,男,無,陰性
27254,30-39歲,男,無,陰性
27255,20-29歲,男,二級,陽性
27256,40-49歲,男,無,陰性
27257,40-49歲,男,無,陰性
27258,50-59歲,男,無,陰性
27259,40-49歲,男,無,陰性
27260,40-49歲,女,無,陰性
27261,50-59歲,男,無,陰性
27262,20-29歲,男,無,陰性
27263,50-59歲,男,無,陰性
27264,20-29歲,男,三級,陽性
27265,30-39歲,男,無,陰性
27266,50-59歲,女,二級,陽性
27267,40-49歲,女,無,陰性
27268,50-59歲,男,無,陰性
27269,60歲以上,男,無,陰性
27270,40-49歲,女,無,陰性
27271,30-39歲,男,無,陰性
27272,30-39歲,男,無,陰性
27273,30-39歲,男,無,陰性
27274,19歲以下,男,無,陰性
27275,40-49歲,女,無,陰性
27276,50-59歲,男,無,陰性
27277,19歲以下,男,無,陰性
27278,50-59歲,男,無,陰性
27279,50-59歲,男,無,陰性
27280,40-49歲,男,無,陰性
27281,60歲以上,男,無,陰性
27282,40-49歲,男,無,陰性
27283,20-29歲,男,二級,陽性
27284,30-39歲,男,無,陰性
27285,50-59歲,男,無,陰性
27286,40-49歲,男,無,陰性
27287,50-59歲,男,無,陰性
27288,40-49歲,男,無,陰性
27289,40-49歲,男,無,陰性
27290,40-49歲,男,無,陰性
27291,19歲以下,男,無,陰性
27292,60歲以上,男,無,陰性
27293,50-59歲,男,無,陰性
27294,20-29歲,男,三級,陽性
27295,40-49歲,女,無,陰性
27296,50-59歲,男,無,陰性
27297,50-59歲,男,無,陰性
27298,50-59歲,男,無,陰性
27299,50-59歲,男,無,陰性
27300,30-39歲,男,無,陰性
27301,20-29歲,男,無,陰性
27302,20-29歲,女,二級,陽性
27303,20-29歲,男,無,陰性
27304,30-39歲,男,無,陰性
27305,40-49歲,男,無,陰性
27306,50-59歲,男,二級,陽性
27307,40-49歲,女,三級,陽性
27308,19歲以下,男,無,陰性
27309,30-39歲,男,二級,陽性
27310,60歲以上,男,二級,陽性
27311,40-49歲,男,無,陰性
27312,20-29歲,男,三級,陽性
27313,60歲以上,男,無,陰性
27314,60歲以上,男,一級,陽性
27315,60歲以上,男,無,陰性
27316,40-49歲,男,無,陰性
27317,40-49歲,男,無,陰性
27318,40-49歲,男,無,陰性
27319,60歲以上,男,無,陰性
27320,20-29歲,男,二級,陽性
27321,40-49歲,女,無,陰性
27322,40-49歲,男,無,陰性
27323,30-39歲,男,無,陰性
27324,50-59歲,男,無,陰性
27325,50-59歲,男,無,陰性
27326,30-39歲,女,無,陰性
27327,40-49歲,男,無,陰性
27328,50-59歲,女,無,陰性
27329,40-49歲,女,無,陰性
27330,60歲以上,男,無,陰性
27331,60歲以上,男,無,陰性
27332,40-49歲,男,無,陰性
27333,60歲以上,女,無,陰性
27334,40-49歲,男,二級,陽性
27335,60歲以上,男,一級,陽性
27336,19歲以下,男,無,陰性
27337,40-49歲,男,無,陰性
27338,50-59歲,男,無,陰性
27339,60歲以上,男,無,陰性
27340,50-59歲,男,無,陰性
27341,40-49歲,男,無,陰性
27342,40-49歲,男,無,陰性
27343,20-29歲,男,無,陰性
27344,40-49歲,男,無,陰性
27345,30-39歲,男,無,陰性
27346,40-49歲,男,無,陰性
27347,60歲以上,女,無,陰性
27348,40-49歲,男,無,陰性
27349,30-39歲,男,二級,陽性
27350,40-49歲,男,無,陰性
27351,30-39歲,男,無,陰性
27352,40-49歲,男,二級,陽性
27353,50-59歲,男,無,陰性
27354,50-59歲,男,無,陰性
27355,40-49歲,男,無,陰性
27356,60歲以上,女,無,陰性
27357,40-49歲,女,無,陰性
27358,30-39歲,男,無,陰性
27359,40-49歲,男,無,陰性
27360,30-39歲,男,無,陰性
27361,50-59歲,男,無,陰性
27362,20-29歲,男,無,陰性
27363,30-39歲,男,無,陰性
27364,20-29歲,男,無,陰性
27365,60歲以上,女,無,陰性
27366,20-29歲,男,無,陰性
27367,50-59歲,男,無,陰性
27368,50-59歲,女,無,陰性
27369,30-39歲,男,無,陰性
27370,40-49歲,女,無,陰性
27371,30-39歲,女,無,陰性
27372,30-39歲,男,無,陰性
27373,50-59歲,男,無,陰性
27374,40-49歲,女,無,陰性
27375,40-49歲,男,無,陰性
27376,50-59歲,男,無,陰性
27377,50-59歲,女,無,陰性
27378,40-49歲,男,無,陰性
27379,30-39歲,男,無,陰性
27380,30-39歲,女,無,陰性
27381,50-59歲,男,二級,陽性
27382,30-39歲,男,無,陰性
27383,40-49歲,女,無,陰性
27384,40-49歲,男,無,陰性
27385,20-29歲,男,無,陰性
27386,50-59歲,男,無,陰性
27387,40-49歲,男,無,陰性
27388,60歲以上,男,無,陰性
27389,40-49歲,女,無,陰性
27390,20-29歲,男,無,陰性
27391,60歲以上,男,二級,陽性
27392,50-59歲,男,無,陰性
27393,40-49歲,男,無,陰性
27394,30-39歲,男,二級,陽性
27395,50-59歲,女,二級,陽性
27396,60歲以上,女,無,陰性
27397,40-49歲,男,二級,陽性
27398,40-49歲,男,二級,陽性
27399,19歲以下,男,二級,陽性
27400,40-49歲,男,無,陰性
27401,50-59歲,男,二級,陽性
27402,40-49歲,男,二級,陽性
27403,40-49歲,男,無,陰性
27404,60歲以上,男,無,陰性
27405,30-39歲,男,二級,陽性
27406,60歲以上,男,無,陰性
27407,40-49歲,男,無,陰性
27408,50-59歲,女,無,陰性
27409,40-49歲,女,無,陰性
27410,50-59歲,女,無,陰性
27411,40-49歲,男,無,陰性
27412,30-39歲,女,二級,陽性
27413,20-29歲,男,無,陰性
27414,50-59歲,男,無,陰性
27415,50-59歲,男,無,陰性
27416,50-59歲,男,無,陰性
27417,40-49歲,男,無,陰性
27418,40-49歲,男,無,陰性
27419,60歲以上,男,無,陰性
27420,40-49歲,男,無,陰性
27421,40-49歲,男,一級,陽性
27422,20-29歲,男,無,陰性
27423,30-39歲,男,二級,陽性
27424,30-39歲,男,無,陰性
27425,60歲以上,男,無,陰性
27426,20-29歲,男,二級,陽性
27427,40-49歲,男,一級,陽性
27428,50-59歲,男,二級,陽性
27429,20-29歲,男,無,陰性
27430,50-59歲,女,無,陰性
27431,19歲以下,男,無,陰性
27432,50-59歲,男,二級,陽性
27433,60歲以上,男,無,陰性
27434,40-49歲,男,無,陰性
27435,19歲以下,男,無,陰性
27436,50-59歲,女,無,陰性
27437,50-59歲,男,無,陰性
27438,50-59歲,男,無,陰性
27439,50-59歲,男,二級,陽性
27440,20-29歲,男,二級,陽性
27441,50-59歲,男,無,陰性
27442,50-59歲,男,無,陰性
27443,40-49歲,男,無,陰性
27444,40-49歲,女,無,陰性
27445,30-39歲,男,無,陰性
27446,20-29歲,男,無,陰性
27447,50-59歲,男,無,陰性
27448,60歲以上,男,無,陰性
27449,20-29歲,男,無,陰性
27450,50-59歲,男,無,陰性
27451,40-49歲,男,無,陰性
27452,30-39歲,女,無,陰性
27453,40-49歲,男,無,陰性
27454,30-39歲,女,無,陰性
27455,19歲以下,女,無,陰性
27456,30-39歲,男,無,陰性
27457,20-29歲,男,無,陰性
27458,30-39歲,男,無,陰性
27459,30-39歲,男,無,陰性
27460,30-39歲,男,無,陰性
27461,40-49歲,女,無,陰性
27462,60歲以上,女,無,陰性
27463,40-49歲,男,無,陰性
27464,60歲以上,女,無,陰性
27465,60歲以上,男,無,陰性
27466,30-39歲,男,無,陰性
27467,40-49歲,男,無,陰性
27468,40-49歲,男,無,陰性
27469,50-59歲,男,二級,陽性
27470,20-29歲,男,無,陰性
27471,40-49歲,男,無,陰性
27472,40-49歲,男,二級,陽性
27473,40-49歲,男,無,陰性
27474,50-59歲,男,無,陰性
27475,40-49歲,女,無,陰性
27476,20-29歲,男,無,陰性
27477,40-49歲,男,二級,陽性
27478,20-29歲,男,一級,陽性
27479,60歲以上,男,無,陰性
27480,40-49歲,男,無,陰性
27481,40-49歲,男,無,陰性
27482,40-49歲,男,二級,陽性
27483,60歲以上,男,二級,陽性
27484,50-59歲,男,二級,陽性
27485,40-49歲,男,無,陰性
27486,50-59歲,男,二級,陽性
27487,30-39歲,男,二級,陽性
27488,50-59歲,男,無,陰性
27489,50-59歲,男,無,陰性
27490,50-59歲,男,無,陰性
27491,40-49歲,男,二級,陽性
27492,60歲以上,男,無,陰性
27493,60歲以上,男,二級,陽性
27494,40-49歲,男,無,陰性
27495,40-49歲,男,無,陰性
27496,40-49歲,男,無,陰性
27497,20-29歲,女,無,陰性
27498,30-39歲,男,二級,陽性
27499,50-59歲,男,無,陰性
27500,30-39歲,男,無,陰性
27501,20-29歲,男,三級,陽性
27502,50-59歲,女,無,陰性
27503,50-59歲,男,無,陰性
27504,40-49歲,男,無,陰性
27505,40-49歲,男,三級,陽性
27506,40-49歲,男,無,陰性
27507,60歲以上,女,二級,陽性
27508,30-39歲,男,無,陰性
27509,40-49歲,男,無,陰性
27510,30-39歲,男,二級,陽性
27511,50-59歲,男,無,陰性
27512,20-29歲,女,無,陰性
27513,50-59歲,男,無,陰性
27514,50-59歲,男,無,陰性
27515,50-59歲,男,無,陰性
27516,40-49歲,男,無,陰性
27517,50-59歲,男,無,陰性
27518,50-59歲,男,無,陰性
27519,50-59歲,男,無,陰性
27520,30-39歲,男,無,陰性
27521,60歲以上,男,無,陰性
27522,50-59歲,男,二級,陽性
27523,30-39歲,男,無,陰性
27524,50-59歲,男,無,陰性
27525,40-49歲,女,無,陰性
27526,40-49歲,男,無,陰性
27527,30-39歲,男,無,陰性
27528,40-49歲,男,三級,陽性
27529,40-49歲,男,無,陰性
27530,20-29歲,女,無,陰性
27531,30-39歲,男,無,陰性
27532,30-39歲,男,無,陰性
27533,40-49歲,男,無,陰性
27534,60歲以上,男,二級,陽性
27535,60歲以上,男,無,陰性
27536,19歲以下,男,無,陰性
27537,20-29歲,男,無,陰性
27538,40-49歲,男,無,陰性
27539,20-29歲,女,三級,陽性
27540,40-49歲,男,無,陰性
27541,50-59歲,男,一級,陽性
27542,40-49歲,男,無,陰性
27543,19歲以下,男,無,陰性
27544,30-39歲,男,無,陰性
27545,40-49歲,男,無,陰性
27546,50-59歲,男,無,陰性
27547,30-39歲,男,無,陰性
27548,50-59歲,男,無,陰性
27549,30-39歲,男,無,陰性
27550,40-49歲,男,無,陰性
27551,40-49歲,男,二級,陽性
27552,50-59歲,女,二級,陽性
27553,60歲以上,女,無,陰性
27554,50-59歲,男,二級,陽性
27555,40-49歲,男,二級,陽性
27556,50-59歲,女,無,陰性
27557,40-49歲,女,無,陰性
27558,19歲以下,男,無,陰性
27559,60歲以上,男,無,陰性
27560,50-59歲,男,二級,陽性
27561,50-59歲,男,無,陰性
27562,40-49歲,女,無,陰性
27563,40-49歲,男,無,陰性
27564,30-39歲,男,無,陰性
27565,20-29歲,男,無,陰性
27566,50-59歲,男,無,陰性
27567,19歲以下,男,無,陰性
27568,50-59歲,男,無,陰性
27569,20-29歲,男,二級,陽性
27570,40-49歲,男,二級,陽性
27571,30-39歲,男,無,陰性
27572,40-49歲,男,二級,陽性
27573,40-49歲,男,無,陰性
27574,50-59歲,女,無,陰性
27575,40-49歲,女,二級,陽性
27576,30-39歲,女,無,陰性
27577,30-39歲,男,二級,陽性
27578,40-49歲,男,三級,陽性
27579,40-49歲,女,無,陰性
27580,40-49歲,男,無,陰性
27581,50-59歲,男,無,陰性
27582,50-59歲,男,二級,陽性
27583,40-49歲,男,無,陰性
27584,40-49歲,男,無,陰性
27585,40-49歲,男,無,陰性
27586,30-39歲,男,無,陰性
27587,40-49歲,男,無,陰性
27588,60歲以上,男,二級,陽性
27589,40-49歲,男,無,陰性
27590,50-59歲,男,無,陰性
27591,40-49歲,男,無,陰性
27592,30-39歲,男,無,陰性
27593,40-49歲,女,無,陰性
27594,20-29歲,女,無,陰性
27595,19歲以下,男,無,陰性
27596,30-39歲,男,無,陰性
27597,50-59歲,男,無,陰性
27598,40-49歲,男,無,陰性
27599,60歲以上,女,無,陰性
27600,40-49歲,男,無,陰性
27601,50-59歲,男,二級,陽性
27602,50-59歲,男,三級,陽性
27603,50-59歲,男,無,陰性
27604,40-49歲,男,無,陰性
27605,40-49歲,女,無,陰性
27606,40-49歲,男,無,陰性
27607,30-39歲,男,無,陰性
27608,30-39歲,男,無,陰性
27609,20-29歲,男,無,陰性
27610,40-49歲,男,二級,陽性
27611,40-49歲,男,二級,陽性
27612,50-59歲,男,無,陰性
27613,50-59歲,男,三級,陽性
27614,40-49歲,男,三級,陽性
27615,50-59歲,男,三級,陽性
27616,50-59歲,男,二級,陽性
27617,40-49歲,女,無,陰性
27618,40-49歲,男,無,陰性
27619,40-49歲,男,無,陰性
27620,50-59歲,男,二級,陽性
27621,40-49歲,男,無,陰性
27622,30-39歲,男,無,陰性
27623,50-59歲,男,無,陰性
27624,40-49歲,男,無,陰性
27625,50-59歲,女,無,陰性
27626,30-39歲,男,二級,陽性
27627,40-49歲,男,二級,陽性
27628,40-49歲,男,無,陰性
27629,50-59歲,男,無,陰性
27630,40-49歲,男,無,陰性
27631,50-59歲,女,二級,陽性
27632,40-49歲,男,無,陰性
27633,40-49歲,男,無,陰性
27634,30-39歲,男,無,陰性
27635,20-29歲,男,二級,陽性
27636,60歲以上,男,無,陰性
27637,50-59歲,男,無,陰性
27638,40-49歲,男,二級,陽性
27639,50-59歲,男,無,陰性
27640,19歲以下,男,無,陰性
27641,50-59歲,男,無,陰性
27642,40-49歲,男,無,陰性
27643,30-39歲,男,無,陰性
27644,50-59歲,男,無,陰性
27645,30-39歲,男,無,陰性
27646,40-49歲,男,無,陰性
27647,40-49歲,男,無,陰性
27648,40-49歲,男,無,陰性
27649,50-59歲,女,無,陰性
27650,50-59歲,男,無,陰性
27651,20-29歲,男,無,陰性
27652,30-39歲,女,二級,陽性
27653,19歲以下,男,二級,陽性
27654,40-49歲,男,無,陰性
27655,50-59歲,男,二級,陽性
27656,40-49歲,男,無,陰性
27657,40-49歲,女,無,陰性
27658,40-49歲,男,二級,陽性
27659,50-59歲,男,無,陰性
27660,50-59歲,男,無,陰性
27661,40-49歲,男,無,陰性
27662,40-49歲,男,無,陰性
27663,19歲以下,男,無,陰性
27664,20-29歲,男,無,陰性
27665,50-59歲,男,無,陰性
27666,20-29歲,男,無,陰性
27667,50-59歲,男,無,陰性
27668,60歲以上,男,無,陰性
27669,60歲以上,男,無,陰性
27670,40-49歲,男,無,陰性
27671,40-49歲,男,無,陰性
27672,30-39歲,女,二級,陽性
27673,50-59歲,男,二級,陽性
27674,20-29歲,男,無,陰性
27675,20-29歲,男,無,陰性
27676,30-39歲,女,無,陰性
27677,50-59歲,男,無,陰性
27678,40-49歲,男,無,陰性
27679,50-59歲,男,無,陰性
27680,40-49歲,男,無,陰性
27681,40-49歲,男,一級,陽性
27682,20-29歲,男,二級,陽性
27683,40-49歲,男,無,陰性
27684,40-49歲,男,無,陰性
27685,60歲以上,男,無,陰性
27686,40-49歲,男,無,陰性
27687,50-59歲,男,無,陰性
27688,30-39歲,男,無,陰性
27689,50-59歲,男,無,陰性
27690,40-49歲,男,無,陰性
27691,50-59歲,男,無,陰性
27692,60歲以上,男,無,陰性
27693,40-49歲,男,無,陰性
27694,40-49歲,男,無,陰性
27695,40-49歲,男,無,陰性
27696,60歲以上,男,無,陰性
27697,40-49歲,男,無,陰性
27698,60歲以上,男,二級,陽性
27699,30-39歲,女,無,陰性
27700,50-59歲,男,無,陰性
27701,50-59歲,男,無,陰性
27702,30-39歲,男,無,陰性
27703,40-49歲,男,無,陰性
27704,30-39歲,男,二級,陽性
27705,60歲以上,女,三級,陽性
27706,40-49歲,男,無,陰性
27707,40-49歲,男,二級,陽性
27708,20-29歲,男,二級,陽性
27709,40-49歲,男,無,陰性
27710,40-49歲,男,無,陰性
27711,40-49歲,男,二級,陽性
27712,50-59歲,女,三級,陽性
27713,30-39歲,男,無,陰性
27714,40-49歲,女,無,陰性
27715,40-49歲,男,無,陰性
27716,60歲以上,女,二級,陽性
27717,30-39歲,男,二級,陽性
27718,20-29歲,男,無,陰性
27719,40-49歲,男,無,陰性
27720,40-49歲,男,無,陰性
27721,20-29歲,男,無,陰性
27722,50-59歲,男,無,陰性
27723,60歲以上,男,無,陰性
27724,40-49歲,男,無,陰性
27725,50-59歲,男,無,陰性
27726,50-59歲,男,無,陰性
27727,40-49歲,男,無,陰性
27728,40-49歲,女,無,陰性
27729,20-29歲,女,無,陰性
27730,19歲以下,男,二級,陽性
27731,50-59歲,男,無,陰性
27732,40-49歲,男,無,陰性
27733,50-59歲,女,無,陰性
27734,50-59歲,男,無,陰性
27735,50-59歲,女,無,陰性
27736,40-49歲,女,無,陰性
27737,50-59歲,男,無,陰性
27738,60歲以上,女,無,陰性
27739,40-49歲,男,二級,陽性
27740,20-29歲,男,無,陰性
27741,60歲以上,女,無,陰性
27742,50-59歲,男,無,陰性
27743,30-39歲,男,無,陰性
27744,30-39歲,女,無,陰性
27745,30-39歲,男,二級,陽性
27746,20-29歲,男,無,陰性
27747,40-49歲,男,無,陰性
27748,20-29歲,男,無,陰性
27749,20-29歲,男,無,陰性
27750,40-49歲,男,三級,陽性
27751,40-49歲,男,無,陰性
27752,50-59歲,男,無,陰性
27753,30-39歲,男,無,陰性
27754,50-59歲,男,無,陰性
27755,40-49歲,男,無,陰性
27756,60歲以上,男,無,陰性
27757,50-59歲,男,三級,陽性
27758,40-49歲,男,無,陰性
27759,50-59歲,男,二級,陽性
27760,20-29歲,男,無,陰性
27761,19歲以下,男,無,陰性
27762,30-39歲,女,無,陰性
27763,40-49歲,男,無,陰性
27764,40-49歲,男,無,陰性
27765,40-49歲,男,無,陰性
27766,40-49歲,男,無,陰性
27767,40-49歲,男,三級,陽性
27768,50-59歲,男,無,陰性
27769,60歲以上,男,無,陰性
27770,50-59歲,男,無,陰性
27771,60歲以上,男,無,陰性
27772,30-39歲,女,無,陰性
27773,50-59歲,男,無,陰性
27774,40-49歲,男,無,陰性
27775,19歲以下,男,無,陰性
27776,50-59歲,男,三級,陽性
27777,40-49歲,女,無,陰性
27778,50-59歲,男,二級,陽性
27779,40-49歲,男,二級,陽性
27780,40-49歲,男,無,陰性
27781,40-49歲,男,無,陰性
27782,60歲以上,男,無,陰性
27783,30-39歲,男,無,陰性
27784,50-59歲,男,無,陰性
27785,20-29歲,女,無,陰性
27786,40-49歲,男,無,陰性
27787,50-59歲,男,無,陰性
27788,40-49歲,男,無,陰性
27789,40-49歲,男,無,陰性
27790,40-49歲,男,無,陰性
27791,30-39歲,男,無,陰性
27792,40-49歲,男,無,陰性
27793,40-49歲,女,無,陰性
27794,40-49歲,女,無,陰性
27795,20-29歲,女,無,陰性
27796,40-49歲,男,無,陰性
27797,40-49歲,男,無,陰性
27798,40-49歲,男,二級,陽性
27799,60歲以上,男,三級,陽性
27800,50-59歲,男,二級,陽性
27801,40-49歲,男,無,陰性
27802,40-49歲,男,二級,陽性
27803,50-59歲,男,無,陰性
27804,60歲以上,男,無,陰性
27805,40-49歲,男,無,陰性
27806,40-49歲,男,無,陰性
27807,30-39歲,男,無,陰性
27808,40-49歲,男,無,陰性
27809,40-49歲,女,無,陰性
27810,40-49歲,男,無,陰性
27811,40-49歲,男,二級,陽性
27812,50-59歲,男,無,陰性
27813,30-39歲,男,無,陰性
27814,60歲以上,女,無,陰性
27815,30-39歲,男,三級,陽性
27816,40-49歲,男,二級,陽性
27817,40-49歲,男,無,陰性
27818,50-59歲,男,二級,陽性
27819,40-49歲,男,無,陰性
27820,30-39歲,男,無,陰性
27821,40-49歲,女,無,陰性
27822,40-49歲,男,無,陰性
27823,40-49歲,男,二級,陽性
27824,40-49歲,女,無,陰性
27825,40-49歲,男,無,陰性
27826,40-49歲,女,二級,陽性
27827,20-29歲,男,無,陰性
27828,50-59歲,男,無,陰性
27829,40-49歲,男,無,陰性
27830,50-59歲,女,無,陰性
27831,19歲以下,男,無,陰性
27832,40-49歲,男,無,陰性
27833,20-29歲,男,無,陰性
27834,30-39歲,男,無,陰性
27835,50-59歲,男,無,陰性
27836,30-39歲,女,無,陰性
27837,30-39歲,男,無,陰性
27838,30-39歲,男,無,陰性
27839,20-29歲,男,無,陰性
27840,50-59歲,男,無,陰性
27841,40-49歲,男,無,陰性
27842,50-59歲,男,無,陰性
27843,30-39歲,女,無,陰性
27844,50-59歲,男,三級,陽性
27845,50-59歲,女,無,陰性
27846,50-59歲,男,二級,陽性
27847,20-29歲,男,無,陰性
27848,30-39歲,男,無,陰性
27849,30-39歲,男,無,陰性
27850,50-59歲,男,無,陰性
27851,40-49歲,女,無,陰性
27852,30-39歲,女,無,陰性
27853,20-29歲,男,無,陰性
27854,20-29歲,男,二級,陽性
27855,50-59歲,男,無,陰性
27856,40-49歲,男,無,陰性
27857,30-39歲,男,無,陰性
27858,30-39歲,女,無,陰性
27859,40-49歲,女,無,陰性
27860,20-29歲,男,無,陰性
27861,60歲以上,男,三級,陽性
27862,20-29歲,男,無,陰性
27863,50-59歲,男,無,陰性
27864,60歲以上,男,無,陰性
27865,40-49歲,男,無,陰性
27866,40-49歲,男,無,陰性
27867,50-59歲,男,一級,陽性
27868,40-49歲,男,無,陰性
27869,40-49歲,男,無,陰性
27870,40-49歲,男,無,陰性
27871,50-59歲,女,無,陰性
27872,40-49歲,男,無,陰性
27873,40-49歲,男,三級,陽性
27874,50-59歲,男,無,陰性
27875,30-39歲,男,無,陰性
27876,60歲以上,男,二級,陽性
27877,30-39歲,男,無,陰性
27878,40-49歲,男,無,陰性
27879,50-59歲,男,三級,陽性
27880,40-49歲,女,無,陰性
27881,50-59歲,男,無,陰性
27882,40-49歲,男,無,陰性
27883,40-49歲,男,無,陰性
27884,50-59歲,男,無,陰性
27885,40-49歲,男,無,陰性
27886,40-49歲,女,二級,陽性
27887,40-49歲,女,無,陰性
27888,30-39歲,男,無,陰性
27889,60歲以上,男,無,陰性
27890,40-49歲,男,無,陰性
27891,40-49歲,男,無,陰性
27892,40-49歲,男,無,陰性
27893,20-29歲,男,無,陰性
27894,60歲以上,男,無,陰性
27895,40-49歲,女,無,陰性
27896,50-59歲,男,一級,陽性
27897,30-39歲,男,無,陰性
27898,30-39歲,女,無,陰性
27899,30-39歲,男,無,陰性
27900,30-39歲,男,無,陰性
27901,40-49歲,男,二級,陽性
27902,40-49歲,男,二級,陽性
27903,50-59歲,男,三級,陽性
27904,50-59歲,男,二級,陽性
27905,30-39歲,男,無,陰性
27906,40-49歲,男,三級,陽性
27907,50-59歲,男,無,陰性
27908,50-59歲,男,無,陰性
27909,50-59歲,男,無,陰性
27910,30-39歲,男,無,陰性
27911,50-59歲,女,無,陰性
27912,20-29歲,男,無,陰性
27913,40-49歲,男,無,陰性
27914,20-29歲,女,無,陰性
27915,50-59歲,男,三級,陽性
27916,50-59歲,女,無,陰性
27917,50-59歲,男,三級,陽性
27918,40-49歲,男,無,陰性
27919,40-49歲,男,無,陰性
27920,30-39歲,男,無,陰性
27921,40-49歲,男,無,陰性
27922,40-49歲,男,無,陰性
27923,20-29歲,男,二級,陽性
27924,40-49歲,男,二級,陽性
27925,30-39歲,男,無,陰性
27926,40-49歲,男,二級,陽性
27927,50-59歲,男,無,陰性
27928,20-29歲,男,無,陰性
27929,30-39歲,男,無,陰性
27930,40-49歲,女,二級,陽性
27931,40-49歲,男,無,陰性
27932,40-49歲,男,無,陰性
27933,40-49歲,女,無,陰性
27934,50-59歲,男,無,陰性
27935,50-59歲,男,二級,陽性
27936,40-49歲,男,無,陰性
27937,50-59歲,男,二級,陽性
27938,19歲以下,男,無,陰性
27939,40-49歲,男,無,陰性
27940,50-59歲,女,無,陰性
27941,30-39歲,男,無,陰性
27942,40-49歲,男,無,陰性
27943,40-49歲,男,無,陰性
27944,20-29歲,男,無,陰性
27945,50-59歲,男,無,陰性
27946,50-59歲,男,無,陰性
27947,30-39歲,女,無,陰性
27948,50-59歲,男,無,陰性
27949,50-59歲,男,無,陰性
27950,60歲以上,男,無,陰性
27951,40-49歲,男,無,陰性
27952,30-39歲,男,無,陰性
27953,40-49歲,男,無,陰性
27954,30-39歲,男,無,陰性
27955,30-39歲,男,無,陰性
27956,50-59歲,男,二級,陽性
27957,40-49歲,男,無,陰性
27958,40-49歲,男,無,陰性
27959,60歲以上,男,無,陰性
27960,30-39歲,女,無,陰性
27961,50-59歲,男,無,陰性
27962,40-49歲,女,無,陰性
27963,50-59歲,男,無,陰性
27964,40-49歲,女,無,陰性
27965,40-49歲,男,三級,陽性
27966,50-59歲,男,無,陰性
27967,60歲以上,男,三級,陽性
27968,60歲以上,男,無,陰性
27969,50-59歲,男,二級,陽性
27970,40-49歲,男,二級,陽性
27971,40-49歲,女,一級,陽性
27972,30-39歲,男,二級,陽性
27973,30-39歲,女,無,陰性
27974,20-29歲,男,無,陰性
27975,20-29歲,男,二級,陽性
27976,30-39歲,女,三級,陽性
27977,40-49歲,男,無,陰性
27978,50-59歲,男,無,陰性
27979,40-49歲,男,無,陰性
27980,60歲以上,男,無,陰性
27981,30-39歲,男,無,陰性
27982,20-29歲,男,無,陰性
27983,40-49歲,男,無,陰性
27984,30-39歲,男,無,陰性
27985,40-49歲,男,無,陰性
27986,30-39歲,男,無,陰性
27987,40-49歲,男,無,陰性
27988,50-59歲,女,無,陰性
27989,40-49歲,男,三級,陽性
27990,40-49歲,男,無,陰性
27991,40-49歲,男,一級,陽性
27992,40-49歲,男,無,陰性
27993,40-49歲,男,一級,陽性
27994,50-59歲,男,無,陰性
27995,50-59歲,男,無,陰性
27996,20-29歲,男,無,陰性
27997,50-59歲,男,無,陰性
27998,40-49歲,男,二級,陽性
27999,40-49歲,女,二級,陽性
28000,30-39歲,男,無,陰性
28001,50-59歲,男,無,陰性
28002,40-49歲,男,一級,陽性
28003,40-49歲,男,無,陰性
28004,30-39歲,男,三級,陽性
28005,30-39歲,男,無,陰性
28006,60歲以上,男,無,陰性
28007,50-59歲,女,無,陰性
28008,40-49歲,男,無,陰性
28009,40-49歲,女,無,陰性
28010,40-49歲,男,一級,陽性
28011,40-49歲,男,二級,陽性
28012,20-29歲,男,二級,陽性
28013,40-49歲,男,無,陰性
28014,40-49歲,女,無,陰性
28015,50-59歲,男,二級,陽性
28016,20-29歲,男,無,陰性
28017,20-29歲,男,無,陰性
28018,50-59歲,男,二級,陽性
28019,50-59歲,女,無,陰性
28020,40-49歲,女,無,陰性
28021,30-39歲,男,無,陰性
28022,40-49歲,男,無,陰性
28023,19歲以下,男,無,陰性
28024,20-29歲,男,無,陰性
28025,40-49歲,男,無,陰性
28026,50-59歲,男,無,陰性
28027,50-59歲,男,無,陰性
28028,30-39歲,男,無,陰性
28029,60歲以上,男,二級,陽性
28030,40-49歲,男,無,陰性
28031,40-49歲,男,無,陰性
28032,60歲以上,男,無,陰性
28033,40-49歲,男,無,陰性
28034,19歲以下,男,無,陰性
28035,50-59歲,男,三級,陽性
28036,30-39歲,男,二級,陽性
28037,40-49歲,男,無,陰性
28038,30-39歲,女,無,陰性
28039,40-49歲,男,無,陰性
28040,60歲以上,男,無,陰性
28041,30-39歲,男,一級,陽性
28042,40-49歲,男,無,陰性
28043,50-59歲,男,無,陰性
28044,40-49歲,男,無,陰性
28045,50-59歲,男,二級,陽性
28046,50-59歲,女,二級,陽性
28047,40-49歲,女,無,陰性
28048,20-29歲,男,無,陰性
28049,30-39歲,女,無,陰性
28050,50-59歲,男,無,陰性
28051,20-29歲,男,無,陰性
28052,30-39歲,女,二級,陽性
28053,50-59歲,男,無,陰性
28054,40-49歲,女,無,陰性
28055,20-29歲,男,三級,陽性
28056,30-39歲,男,三級,陽性
28057,30-39歲,男,二級,陽性
28058,30-39歲,男,無,陰性
28059,30-39歲,男,無,陰性
28060,50-59歲,女,二級,陽性
28061,60歲以上,女,無,陰性
28062,50-59歲,男,無,陰性
28063,20-29歲,男,二級,陽性
28064,50-59歲,男,無,陰性
28065,50-59歲,男,無,陰性
28066,30-39歲,男,無,陰性
28067,40-49歲,男,無,陰性
28068,40-49歲,男,無,陰性
28069,40-49歲,男,無,陰性
28070,50-59歲,男,無,陰性
28071,30-39歲,男,無,陰性
28072,30-39歲,女,二級,陽性
28073,40-49歲,男,無,陰性
28074,20-29歲,男,二級,陽性
28075,50-59歲,女,無,陰性
28076,30-39歲,女,無,陰性
28077,50-59歲,男,三級,陽性
28078,50-59歲,女,二級,陽性
28079,40-49歲,男,無,陰性
28080,40-49歲,女,無,陰性
28081,40-49歲,男,無,陰性
28082,40-49歲,男,二級,陽性
28083,40-49歲,男,三級,陽性
28084,40-49歲,男,無,陰性
28085,30-39歲,男,二級,陽性
28086,60歲以上,女,無,陰性
28087,40-49歲,女,無,陰性
28088,40-49歲,男,無,陰性
28089,40-49歲,女,無,陰性
28090,50-59歲,男,無,陰性
28091,40-49歲,女,二級,陽性
28092,50-59歲,男,二級,陽性
28093,40-49歲,男,無,陰性
28094,50-59歲,男,二級,陽性
28095,60歲以上,男,二級,陽性
28096,40-49歲,男,三級,陽性
28097,40-49歲,男,無,陰性
28098,40-49歲,男,二級,陽性
28099,30-39歲,男,二級,陽性
28100,50-59歲,男,無,陰性
28101,50-59歲,男,無,陰性
28102,30-39歲,男,無,陰性
28103,50-59歲,男,無,陰性
28104,60歲以上,女,無,陰性
28105,40-49歲,男,無,陰性
28106,40-49歲,男,二級,陽性
28107,60歲以上,男,無,陰性
28108,40-49歲,男,無,陰性
28109,40-49歲,男,二級,陽性
28110,60歲以上,男,無,陰性
28111,50-59歲,男,二級,陽性
28112,50-59歲,女,無,陰性
28113,50-59歲,男,無,陰性
28114,19歲以下,男,無,陰性
28115,40-49歲,男,無,陰性
28116,60歲以上,男,無,陰性
28117,40-49歲,男,無,陰性
28118,50-59歲,男,無,陰性
28119,40-49歲,男,無,陰性
28120,40-49歲,男,二級,陽性
28121,50-59歲,女,無,陰性
28122,19歲以下,男,二級,陽性
28123,30-39歲,男,無,陰性
28124,50-59歲,女,無,陰性
28125,20-29歲,男,無,陰性
28126,30-39歲,男,無,陰性
28127,40-49歲,男,無,陰性
28128,30-39歲,男,無,陰性
28129,20-29歲,女,二級,陽性
28130,40-49歲,女,無,陰性
28131,40-49歲,男,無,陰性
28132,40-49歲,男,無,陰性
28133,60歲以上,男,無,陰性
28134,30-39歲,男,一級,陽性
28135,60歲以上,男,無,陰性
28136,30-39歲,男,無,陰性
28137,30-39歲,男,無,陰性
28138,30-39歲,女,無,陰性
28139,40-49歲,男,無,陰性
28140,40-49歲,男,無,陰性
28141,30-39歲,男,無,陰性
28142,40-49歲,男,無,陰性
28143,50-59歲,男,無,陰性
28144,40-49歲,男,無,陰性
28145,40-49歲,男,無,陰性
28146,50-59歲,男,二級,陽性
28147,30-39歲,男,無,陰性
28148,40-49歲,男,二級,陽性
28149,40-49歲,女,無,陰性
28150,40-49歲,女,無,陰性
28151,20-29歲,女,無,陰性
28152,50-59歲,男,二級,陽性
28153,30-39歲,男,無,陰性
28154,50-59歲,男,無,陰性
28155,40-49歲,男,無,陰性
28156,50-59歲,男,二級,陽性
28157,30-39歲,男,無,陰性
28158,50-59歲,男,三級,陽性
28159,60歲以上,男,無,陰性
28160,50-59歲,男,無,陰性
28161,40-49歲,女,無,陰性
28162,60歲以上,男,三級,陽性
28163,50-59歲,男,無,陰性
28164,30-39歲,男,無,陰性
28165,30-39歲,男,二級,陽性
28166,60歲以上,男,無,陰性
28167,50-59歲,男,無,陰性
28168,30-39歲,男,無,陰性
28169,30-39歲,男,無,陰性
28170,40-49歲,男,無,陰性
28171,50-59歲,女,無,陰性
28172,30-39歲,男,無,陰性
28173,50-59歲,男,無,陰性
28174,50-59歲,男,無,陰性
28175,60歲以上,男,三級,陽性
28176,40-49歲,女,無,陰性
28177,19歲以下,男,無,陰性
28178,60歲以上,男,無,陰性
28179,40-49歲,男,無,陰性
28180,50-59歲,男,無,陰性
28181,40-49歲,男,無,陰性
28182,50-59歲,男,無,陰性
28183,20-29歲,男,二級,陽性
28184,50-59歲,男,無,陰性
28185,30-39歲,男,無,陰性
28186,40-49歲,男,二級,陽性
28187,40-49歲,男,無,陰性
28188,30-39歲,男,三級,陽性
28189,60歲以上,男,無,陰性
28190,40-49歲,男,無,陰性
28191,50-59歲,男,無,陰性
28192,50-59歲,男,無,陰性
28193,50-59歲,男,無,陰性
28194,20-29歲,男,二級,陽性
28195,40-49歲,男,無,陰性
28196,30-39歲,男,無,陰性
28197,50-59歲,男,三級,陽性
28198,50-59歲,男,無,陰性
28199,50-59歲,男,無,陰性
28200,20-29歲,男,無,陰性
28201,30-39歲,男,無,陰性
28202,40-49歲,女,無,陰性
28203,40-49歲,男,無,陰性
28204,50-59歲,男,無,陰性
28205,20-29歲,男,無,陰性
28206,50-59歲,男,三級,陽性
28207,50-59歲,男,三級,陽性
28208,50-59歲,男,二級,陽性
28209,40-49歲,男,無,陰性
28210,40-49歲,男,無,陰性
28211,40-49歲,女,二級,陽性
28212,50-59歲,男,無,陰性
28213,50-59歲,男,二級,陽性
28214,30-39歲,男,無,陰性
28215,30-39歲,男,無,陰性
28216,40-49歲,男,無,陰性
28217,20-29歲,男,無,陰性
28218,30-39歲,女,無,陰性
28219,40-49歲,男,無,陰性
28220,40-49歲,女,二級,陽性
28221,50-59歲,男,二級,陽性
28222,20-29歲,女,三級,陽性
28223,40-49歲,女,無,陰性
28224,50-59歲,女,無,陰性
28225,50-59歲,男,二級,陽性
28226,40-49歲,女,二級,陽性
28227,40-49歲,女,無,陰性
28228,40-49歲,女,無,陰性
28229,40-49歲,男,二級,陽性
28230,40-49歲,男,無,陰性
28231,50-59歲,男,無,陰性
28232,40-49歲,男,二級,陽性
28233,30-39歲,男,無,陰性
28234,20-29歲,男,無,陰性
28235,30-39歲,男,無,陰性
28236,30-39歲,男,二級,陽性
28237,40-49歲,男,無,陰性
28238,40-49歲,男,無,陰性
28239,40-49歲,女,無,陰性
28240,50-59歲,男,無,陰性
28241,50-59歲,男,無,陰性
28242,30-39歲,男,無,陰性
28243,40-49歲,男,無,陰性
28244,40-49歲,男,無,陰性
28245,40-49歲,男,無,陰性
28246,50-59歲,男,無,陰性
28247,40-49歲,男,無,陰性
28248,19歲以下,男,無,陰性
28249,40-49歲,女,無,陰性
28250,40-49歲,男,無,陰性
28251,20-29歲,男,無,陰性
28252,20-29歲,男,二級,陽性
28253,30-39歲,男,二級,陽性
28254,20-29歲,男,無,陰性
28255,40-49歲,男,無,陰性
28256,50-59歲,男,無,陰性
28257,40-49歲,男,二級,陽性
28258,40-49歲,男,無,陰性
28259,40-49歲,男,無,陰性
28260,19歲以下,男,無,陰性
28261,40-49歲,男,二級,陽性
28262,20-29歲,男,無,陰性
28263,60歲以上,男,無,陰性
28264,20-29歲,男,無,陰性
28265,40-49歲,男,無,陰性
28266,30-39歲,男,二級,陽性
28267,40-49歲,男,無,陰性
28268,50-59歲,男,二級,陽性
28269,20-29歲,男,無,陰性
28270,50-59歲,男,無,陰性
28271,40-49歲,男,三級,陽性
28272,40-49歲,男,二級,陽性
28273,30-39歲,男,無,陰性
28274,30-39歲,女,二級,陽性
28275,40-49歲,男,一級,陽性
28276,50-59歲,男,二級,陽性
28277,40-49歲,男,無,陰性
28278,50-59歲,男,無,陰性
28279,40-49歲,男,無,陰性
28280,60歲以上,男,無,陰性
28281,30-39歲,男,無,陰性
28282,50-59歲,男,無,陰性
28283,30-39歲,男,無,陰性
28284,40-49歲,男,二級,陽性
28285,20-29歲,男,無,陰性
28286,30-39歲,男,無,陰性
28287,40-49歲,男,無,陰性
28288,60歲以上,女,無,陰性
28289,50-59歲,女,無,陰性
28290,40-49歲,男,無,陰性
28291,40-49歲,男,無,陰性
28292,40-49歲,男,無,陰性
28293,20-29歲,男,無,陰性
28294,40-49歲,男,無,陰性
28295,40-49歲,男,二級,陽性
28296,19歲以下,男,無,陰性
28297,40-49歲,男,無,陰性
28298,50-59歲,男,一級,陽性
28299,40-49歲,男,二級,陽性
28300,20-29歲,男,無,陰性
28301,50-59歲,男,二級,陽性
28302,50-59歲,女,無,陰性
28303,30-39歲,男,無,陰性
28304,50-59歲,男,無,陰性
28305,60歲以上,男,三級,陽性
28306,50-59歲,男,二級,陽性
28307,40-49歲,男,無,陰性
28308,50-59歲,男,無,陰性
28309,20-29歲,男,無,陰性
28310,50-59歲,女,無,陰性
28311,50-59歲,男,無,陰性
28312,30-39歲,男,無,陰性
28313,40-49歲,男,無,陰性
28314,50-59歲,男,無,陰性
28315,50-59歲,男,無,陰性
28316,50-59歲,男,無,陰性
28317,40-49歲,男,無,陰性
28318,40-49歲,男,無,陰性
28319,40-49歲,男,無,陰性
28320,50-59歲,男,無,陰性
28321,30-39歲,男,二級,陽性
28322,30-39歲,男,無,陰性
28323,60歲以上,男,無,陰性
28324,40-49歲,男,無,陰性
28325,50-59歲,男,無,陰性
28326,40-49歲,男,三級,陽性
28327,40-49歲,女,一級,陽性
28328,50-59歲,男,二級,陽性
28329,30-39歲,男,無,陰性
28330,30-39歲,女,無,陰性
28331,40-49歲,男,無,陰性
28332,20-29歲,男,無,陰性
28333,30-39歲,女,無,陰性
28334,50-59歲,男,三級,陽性
28335,30-39歲,男,無,陰性
28336,20-29歲,男,無,陰性
28337,30-39歲,男,一級,陽性
28338,50-59歲,男,無,陰性
28339,20-29歲,男,無,陰性
28340,30-39歲,男,無,陰性
28341,50-59歲,女,無,陰性
28342,40-49歲,男,無,陰性
28343,30-39歲,男,無,陰性
28344,40-49歲,男,無,陰性
28345,40-49歲,男,無,陰性
28346,40-49歲,男,無,陰性
28347,50-59歲,男,無,陰性
28348,30-39歲,男,無,陰性
28349,60歲以上,男,無,陰性
28350,20-29歲,男,無,陰性
28351,40-49歲,男,無,陰性
28352,40-49歲,男,二級,陽性
28353,50-59歲,女,無,陰性
28354,40-49歲,男,無,陰性
28355,20-29歲,男,無,陰性
28356,50-59歲,男,二級,陽性
28357,50-59歲,男,無,陰性
28358,50-59歲,男,無,陰性
28359,60歲以上,女,二級,陽性
28360,20-29歲,男,二級,陽性
28361,40-49歲,男,二級,陽性
28362,50-59歲,男,無,陰性
28363,40-49歲,男,無,陰性
28364,40-49歲,男,無,陰性
28365,50-59歲,男,無,陰性
28366,20-29歲,男,三級,陽性
28367,60歲以上,女,無,陰性
28368,40-49歲,男,無,陰性
28369,30-39歲,男,無,陰性
28370,50-59歲,男,無,陰性
28371,50-59歲,男,無,陰性
28372,19歲以下,女,無,陰性
28373,30-39歲,男,二級,陽性
28374,50-59歲,男,無,陰性
28375,40-49歲,男,無,陰性
28376,30-39歲,男,無,陰性
28377,40-49歲,男,二級,陽性
28378,60歲以上,男,無,陰性
28379,30-39歲,男,無,陰性
28380,60歲以上,男,二級,陽性
28381,40-49歲,女,無,陰性
28382,40-49歲,女,無,陰性
28383,60歲以上,男,無,陰性
28384,50-59歲,男,二級,陽性
28385,50-59歲,男,二級,陽性
28386,40-49歲,男,無,陰性
28387,30-39歲,男,無,陰性
28388,50-59歲,男,無,陰性
28389,60歲以上,男,無,陰性
28390,40-49歲,女,無,陰性
28391,20-29歲,男,二級,陽性
28392,50-59歲,男,無,陰性
28393,50-59歲,男,無,陰性
28394,40-49歲,男,無,陰性
28395,40-49歲,男,無,陰性
28396,50-59歲,女,無,陰性
28397,30-39歲,女,無,陰性
28398,40-49歲,男,無,陰性
28399,50-59歲,男,無,陰性
28400,40-49歲,男,無,陰性
28401,50-59歲,男,無,陰性
28402,50-59歲,女,無,陰性
28403,20-29歲,女,無,陰性
28404,50-59歲,男,無,陰性
28405,30-39歲,男,無,陰性
28406,50-59歲,男,無,陰性
28407,40-49歲,男,無,陰性
28408,20-29歲,男,無,陰性
28409,50-59歲,女,無,陰性
28410,50-59歲,女,無,陰性
28411,20-29歲,男,無,陰性
28412,30-39歲,男,無,陰性
28413,30-39歲,女,三級,陽性
28414,20-29歲,男,二級,陽性
28415,60歲以上,男,無,陰性
28416,19歲以下,男,無,陰性
28417,40-49歲,男,無,陰性
28418,50-59歲,男,無,陰性
28419,40-49歲,男,無,陰性
28420,40-49歲,男,無,陰性
28421,30-39歲,男,二級,陽性
28422,30-39歲,女,無,陰性
28423,40-49歲,男,無,陰性
28424,30-39歲,男,無,陰性
28425,40-49歲,男,無,陰性
28426,50-59歲,男,無,陰性
28427,20-29歲,男,無,陰性
28428,60歲以上,男,無,陰性
28429,20-29歲,男,無,陰性
28430,40-49歲,女,無,陰性
28431,30-39歲,男,無,陰性
28432,30-39歲,男,無,陰性
28433,30-39歲,男,二級,陽性
28434,40-49歲,男,無,陰性
28435,50-59歲,男,無,陰性
28436,40-49歲,男,無,陰性
28437,30-39歲,男,無,陰性
28438,30-39歲,男,無,陰性
28439,30-39歲,男,無,陰性
28440,50-59歲,男,無,陰性
28441,40-49歲,男,二級,陽性
28442,20-29歲,男,無,陰性
28443,20-29歲,男,無,陰性
28444,60歲以上,男,無,陰性
28445,40-49歲,男,二級,陽性
28446,40-49歲,男,無,陰性
28447,40-49歲,男,一級,陽性
28448,60歲以上,男,無,陰性
28449,50-59歲,女,無,陰性
28450,30-39歲,男,無,陰性
28451,40-49歲,男,二級,陽性
28452,50-59歲,男,無,陰性
28453,50-59歲,男,無,陰性
28454,20-29歲,男,無,陰性
28455,50-59歲,男,無,陰性
28456,40-49歲,男,無,陰性
28457,50-59歲,男,無,陰性
28458,50-59歲,男,無,陰性
28459,40-49歲,男,無,陰性
28460,40-49歲,男,二級,陽性
28461,50-59歲,男,三級,陽性
28462,30-39歲,男,二級,陽性
28463,30-39歲,男,無,陰性
28464,40-49歲,男,無,陰性
28465,50-59歲,男,無,陰性
28466,50-59歲,男,無,陰性
28467,30-39歲,男,無,陰性
28468,60歲以上,女,二級,陽性
28469,40-49歲,女,無,陰性
28470,50-59歲,男,無,陰性
28471,40-49歲,男,無,陰性
28472,19歲以下,男,無,陰性
28473,50-59歲,男,無,陰性
28474,20-29歲,男,無,陰性
28475,30-39歲,男,二級,陽性
28476,50-59歲,男,無,陰性
28477,30-39歲,男,無,陰性
28478,40-49歲,男,無,陰性
28479,50-59歲,男,無,陰性
28480,19歲以下,男,無,陰性
28481,40-49歲,女,無,陰性
28482,30-39歲,女,一級,陽性
28483,40-49歲,女,一級,陽性
28484,50-59歲,男,二級,陽性
28485,30-39歲,男,無,陰性
28486,60歲以上,男,無,陰性
28487,40-49歲,男,無,陰性
28488,40-49歲,男,無,陰性
28489,20-29歲,男,無,陰性
28490,30-39歲,男,無,陰性
28491,30-39歲,男,無,陰性
28492,60歲以上,男,無,陰性
28493,50-59歲,男,無,陰性
28494,20-29歲,女,無,陰性
28495,30-39歲,男,二級,陽性
28496,40-49歲,男,無,陰性
28497,50-59歲,男,無,陰性
28498,50-59歲,女,無,陰性
28499,50-59歲,男,無,陰性
28500,30-39歲,男,無,陰性
28501,20-29歲,女,無,陰性
28502,50-59歲,男,無,陰性
28503,30-39歲,男,無,陰性
28504,50-59歲,男,無,陰性
28505,30-39歲,女,二級,陽性
28506,30-39歲,男,無,陰性
28507,40-49歲,女,一級,陽性
28508,60歲以上,男,無,陰性
28509,30-39歲,男,二級,陽性
28510,50-59歲,男,無,陰性
28511,40-49歲,男,無,陰性
28512,50-59歲,女,無,陰性
28513,30-39歲,男,一級,陽性
28514,60歲以上,女,無,陰性
28515,30-39歲,男,二級,陽性
28516,19歲以下,男,無,陰性
28517,40-49歲,男,無,陰性
28518,20-29歲,女,無,陰性
28519,40-49歲,男,無,陰性
28520,40-49歲,男,無,陰性
28521,30-39歲,男,無,陰性
28522,30-39歲,男,無,陰性
28523,40-49歲,女,二級,陽性
28524,50-59歲,男,二級,陽性
28525,50-59歲,女,無,陰性
28526,60歲以上,男,無,陰性
28527,50-59歲,男,無,陰性
28528,40-49歲,男,無,陰性
28529,20-29歲,男,無,陰性
28530,40-49歲,男,無,陰性
28531,50-59歲,男,無,陰性
28532,50-59歲,女,無,陰性
28533,50-59歲,男,無,陰性
28534,60歲以上,男,二級,陽性
28535,50-59歲,男,無,陰性
28536,50-59歲,男,無,陰性
28537,40-49歲,男,無,陰性
28538,30-39歲,男,一級,陽性
28539,20-29歲,女,無,陰性
28540,30-39歲,男,無,陰性
28541,40-49歲,男,二級,陽性
28542,50-59歲,男,無,陰性
28543,40-49歲,男,無,陰性
28544,30-39歲,男,一級,陽性
28545,50-59歲,男,無,陰性
28546,50-59歲,男,無,陰性
28547,30-39歲,男,無,陰性
28548,50-59歲,男,無,陰性
28549,50-59歲,男,無,陰性
28550,40-49歲,男,無,陰性
28551,40-49歲,女,無,陰性
28552,40-49歲,男,無,陰性
28553,20-29歲,男,二級,陽性
28554,30-39歲,女,無,陰性
28555,20-29歲,男,無,陰性
28556,50-59歲,男,無,陰性
28557,40-49歲,男,無,陰性
28558,30-39歲,男,二級,陽性
28559,50-59歲,男,無,陰性
28560,50-59歲,男,無,陰性
28561,40-49歲,男,二級,陽性
28562,20-29歲,男,無,陰性
28563,60歲以上,男,無,陰性
28564,50-59歲,男,二級,陽性
28565,50-59歲,男,無,陰性
28566,50-59歲,男,無,陰性
28567,40-49歲,男,無,陰性
28568,40-49歲,男,無,陰性
28569,40-49歲,女,無,陰性
28570,60歲以上,女,無,陰性
28571,60歲以上,男,無,陰性
28572,50-59歲,男,三級,陽性
28573,50-59歲,女,無,陰性
28574,40-49歲,男,無,陰性
28575,40-49歲,男,無,陰性
28576,50-59歲,男,二級,陽性
28577,30-39歲,男,無,陰性
28578,40-49歲,男,二級,陽性
28579,30-39歲,男,二級,陽性
28580,30-39歲,男,無,陰性
28581,60歲以上,男,無,陰性
28582,50-59歲,男,無,陰性
28583,40-49歲,男,無,陰性
28584,40-49歲,男,無,陰性
28585,50-59歲,男,無,陰性
28586,30-39歲,男,無,陰性
28587,30-39歲,男,無,陰性
28588,30-39歲,男,無,陰性
28589,40-49歲,男,無,陰性
28590,50-59歲,男,無,陰性
28591,50-59歲,男,無,陰性
28592,40-49歲,女,無,陰性
28593,40-49歲,男,無,陰性
28594,40-49歲,男,三級,陽性
28595,50-59歲,男,無,陰性
28596,60歲以上,女,無,陰性
28597,30-39歲,男,三級,陽性
28598,60歲以上,男,無,陰性
28599,20-29歲,男,二級,陽性
28600,50-59歲,男,無,陰性
28601,40-49歲,男,三級,陽性
28602,40-49歲,男,無,陰性
28603,40-49歲,女,無,陰性
28604,30-39歲,男,無,陰性
28605,50-59歲,男,無,陰性
28606,30-39歲,男,無,陰性
28607,40-49歲,男,無,陰性
28608,20-29歲,男,無,陰性
28609,30-39歲,男,無,陰性
28610,30-39歲,男,無,陰性
28611,30-39歲,男,無,陰性
28612,30-39歲,男,無,陰性
28613,40-49歲,女,無,陰性
28614,60歲以上,男,二級,陽性
28615,20-29歲,男,二級,陽性
28616,40-49歲,男,無,陰性
28617,50-59歲,女,無,陰性
28618,30-39歲,女,二級,陽性
28619,50-59歲,男,三級,陽性
28620,40-49歲,男,無,陰性
28621,60歲以上,男,無,陰性
28622,40-49歲,男,無,陰性
28623,30-39歲,男,無,陰性
28624,50-59歲,男,無,陰性
28625,19歲以下,男,無,陰性
28626,60歲以上,女,二級,陽性
28627,50-59歲,女,二級,陽性
28628,30-39歲,男,無,陰性
28629,30-39歲,男,二級,陽性
28630,30-39歲,男,無,陰性
28631,30-39歲,男,無,陰性
28632,50-59歲,男,無,陰性
28633,40-49歲,男,二級,陽性
28634,50-59歲,男,無,陰性
28635,20-29歲,男,無,陰性
28636,40-49歲,男,無,陰性
28637,20-29歲,男,一級,陽性
28638,50-59歲,女,無,陰性
28639,20-29歲,男,無,陰性
28640,20-29歲,男,無,陰性
28641,60歲以上,男,二級,陽性
28642,40-49歲,男,無,陰性
28643,40-49歲,女,無,陰性
28644,40-49歲,男,無,陰性
28645,40-49歲,男,無,陰性
28646,50-59歲,男,二級,陽性
28647,40-49歲,男,二級,陽性
28648,40-49歲,女,無,陰性
28649,40-49歲,男,無,陰性
28650,40-49歲,男,無,陰性
28651,60歲以上,男,無,陰性
28652,40-49歲,男,無,陰性
28653,60歲以上,男,無,陰性
28654,50-59歲,男,一級,陽性
28655,50-59歲,男,三級,陽性
28656,30-39歲,男,無,陰性
28657,50-59歲,男,無,陰性
28658,40-49歲,男,無,陰性
28659,40-49歲,男,無,陰性
28660,50-59歲,男,無,陰性
28661,40-49歲,女,無,陰性
28662,60歲以上,男,三級,陽性
28663,30-39歲,女,二級,陽性
28664,40-49歲,男,二級,陽性
28665,19歲以下,男,二級,陽性
28666,40-49歲,男,無,陰性
28667,40-49歲,男,無,陰性
28668,40-49歲,男,三級,陽性
28669,40-49歲,男,一級,陽性
28670,50-59歲,男,無,陰性
28671,40-49歲,男,無,陰性
28672,50-59歲,男,無,陰性
28673,50-59歲,男,無,陰性
28674,40-49歲,男,無,陰性
28675,60歲以上,男,無,陰性
28676,30-39歲,男,無,陰性
28677,40-49歲,男,一級,陽性
28678,50-59歲,女,無,陰性
28679,40-49歲,男,無,陰性
28680,60歲以上,男,無,陰性
28681,40-49歲,女,無,陰性
28682,50-59歲,男,二級,陽性
28683,40-49歲,男,無,陰性
28684,50-59歲,男,無,陰性
28685,50-59歲,男,無,陰性
28686,60歲以上,男,無,陰性
28687,30-39歲,女,無,陰性
28688,50-59歲,男,無,陰性
28689,40-49歲,男,無,陰性
28690,60歲以上,男,無,陰性
28691,30-39歲,男,二級,陽性
28692,30-39歲,男,二級,陽性
28693,50-59歲,男,無,陰性
28694,40-49歲,男,三級,陽性
28695,40-49歲,男,二級,陽性
28696,60歲以上,女,無,陰性
28697,50-59歲,男,二級,陽性
28698,50-59歲,男,無,陰性
28699,40-49歲,男,無,陰性
28700,30-39歲,男,無,陰性
28701,50-59歲,男,無,陰性
28702,60歲以上,男,無,陰性
28703,50-59歲,男,三級,陽性
28704,20-29歲,男,無,陰性
28705,30-39歲,男,三級,陽性
28706,50-59歲,女,無,陰性
28707,60歲以上,男,無,陰性
28708,40-49歲,女,無,陰性
28709,50-59歲,男,二級,陽性
28710,40-49歲,男,無,陰性
28711,50-59歲,男,無,陰性
28712,40-49歲,男,無,陰性
28713,40-49歲,男,無,陰性
28714,40-49歲,男,無,陰性
28715,40-49歲,男,無,陰性
28716,30-39歲,男,無,陰性
28717,20-29歲,男,二級,陽性
28718,20-29歲,男,無,陰性
28719,40-49歲,女,無,陰性
28720,50-59歲,女,無,陰性
28721,40-49歲,男,無,陰性
28722,60歲以上,女,二級,陽性
28723,50-59歲,男,二級,陽性
28724,50-59歲,男,無,陰性
28725,40-49歲,男,無,陰性
28726,30-39歲,男,無,陰性
28727,40-49歲,女,無,陰性
28728,40-49歲,男,無,陰性
28729,30-39歲,男,二級,陽性
28730,60歲以上,男,無,陰性
28731,40-49歲,男,無,陰性
28732,40-49歲,男,二級,陽性
28733,40-49歲,男,無,陰性
28734,30-39歲,男,無,陰性
28735,30-39歲,女,二級,陽性
28736,50-59歲,男,二級,陽性
28737,50-59歲,男,無,陰性
28738,30-39歲,男,無,陰性
28739,30-39歲,男,無,陰性
28740,50-59歲,男,二級,陽性
28741,30-39歲,男,無,陰性
28742,40-49歲,女,一級,陽性
28743,60歲以上,男,無,陰性
28744,30-39歲,男,無,陰性
28745,50-59歲,男,無,陰性
28746,30-39歲,男,二級,陽性
28747,19歲以下,男,無,陰性
28748,19歲以下,女,無,陰性
28749,40-49歲,男,無,陰性
28750,30-39歲,女,無,陰性
28751,40-49歲,男,無,陰性
28752,40-49歲,男,無,陰性
28753,20-29歲,女,無,陰性
28754,40-49歲,男,二級,陽性
28755,60歲以上,男,無,陰性
28756,50-59歲,女,無,陰性
28757,40-49歲,男,一級,陽性
28758,50-59歲,男,無,陰性
28759,20-29歲,男,無,陰性
28760,30-39歲,女,無,陰性
28761,50-59歲,男,無,陰性
28762,60歲以上,男,無,陰性
28763,50-59歲,男,無,陰性
28764,40-49歲,男,無,陰性
28765,40-49歲,男,無,陰性
28766,40-49歲,男,無,陰性
28767,50-59歲,男,無,陰性
28768,50-59歲,男,無,陰性
28769,30-39歲,男,無,陰性
28770,30-39歲,女,無,陰性
28771,40-49歲,男,無,陰性
28772,60歲以上,男,無,陰性
28773,60歲以上,男,二級,陽性
28774,50-59歲,男,無,陰性
28775,50-59歲,女,無,陰性
28776,40-49歲,男,二級,陽性
28777,50-59歲,女,二級,陽性
28778,30-39歲,男,二級,陽性
28779,50-59歲,男,無,陰性
28780,30-39歲,女,無,陰性
28781,40-49歲,女,無,陰性
28782,30-39歲,男,無,陰性
28783,30-39歲,男,無,陰性
28784,30-39歲,女,二級,陽性
28785,40-49歲,男,無,陰性
28786,30-39歲,男,無,陰性
28787,40-49歲,男,無,陰性
28788,40-49歲,女,無,陰性
28789,40-49歲,男,無,陰性
28790,30-39歲,女,無,陰性
28791,30-39歲,男,無,陰性
28792,50-59歲,女,無,陰性
28793,40-49歲,女,二級,陽性
28794,30-39歲,男,無,陰性
28795,40-49歲,女,無,陰性
28796,30-39歲,女,無,陰性
28797,40-49歲,男,無,陰性
28798,50-59歲,女,無,陰性
28799,20-29歲,男,無,陰性
28800,30-39歲,女,無,陰性
28801,30-39歲,男,二級,陽性
28802,40-49歲,男,無,陰性
28803,50-59歲,男,三級,陽性
28804,40-49歲,男,無,陰性
28805,20-29歲,男,無,陰性
28806,60歲以上,男,無,陰性
28807,40-49歲,男,無,陰性
28808,30-39歲,男,無,陰性
28809,50-59歲,男,二級,陽性
28810,19歲以下,男,無,陰性
28811,40-49歲,男,無,陰性
28812,40-49歲,男,無,陰性
28813,30-39歲,男,無,陰性
28814,50-59歲,男,二級,陽性
28815,30-39歲,男,無,陰性
28816,50-59歲,男,無,陰性
28817,40-49歲,男,無,陰性
28818,30-39歲,男,無,陰性
28819,40-49歲,男,無,陰性
28820,30-39歲,男,無,陰性
28821,30-39歲,女,無,陰性
28822,40-49歲,女,無,陰性
28823,40-49歲,男,無,陰性
28824,40-49歲,男,無,陰性
28825,50-59歲,女,無,陰性
28826,50-59歲,男,無,陰性
28827,30-39歲,男,無,陰性
28828,30-39歲,女,無,陰性
28829,60歲以上,男,無,陰性
28830,30-39歲,男,無,陰性
28831,20-29歲,男,無,陰性
28832,20-29歲,男,無,陰性
28833,50-59歲,女,無,陰性
28834,40-49歲,男,無,陰性
28835,40-49歲,男,無,陰性
28836,40-49歲,男,二級,陽性
28837,50-59歲,男,無,陰性
28838,60歲以上,男,無,陰性
28839,30-39歲,男,無,陰性
28840,40-49歲,男,無,陰性
28841,50-59歲,男,無,陰性
28842,40-49歲,男,無,陰性
28843,30-39歲,男,二級,陽性
28844,50-59歲,男,無,陰性
28845,19歲以下,男,二級,陽性
28846,60歲以上,男,無,陰性
28847,60歲以上,男,無,陰性
28848,40-49歲,男,無,陰性
28849,50-59歲,男,三級,陽性
28850,40-49歲,男,無,陰性
28851,19歲以下,男,二級,陽性
28852,30-39歲,男,無,陰性
28853,30-39歲,男,無,陰性
28854,30-39歲,男,無,陰性
28855,50-59歲,男,無,陰性
28856,50-59歲,男,無,陰性
28857,40-49歲,男,無,陰性
28858,50-59歲,男,無,陰性
28859,20-29歲,女,無,陰性
28860,60歲以上,男,無,陰性
28861,40-49歲,男,無,陰性
28862,19歲以下,男,無,陰性
28863,40-49歲,男,三級,陽性
28864,40-49歲,男,三級,陽性
28865,20-29歲,男,無,陰性
28866,40-49歲,女,二級,陽性
28867,60歲以上,男,無,陰性
28868,30-39歲,男,二級,陽性
28869,50-59歲,男,一級,陽性
28870,50-59歲,男,無,陰性
28871,19歲以下,男,三級,陽性
28872,50-59歲,男,無,陰性
28873,50-59歲,男,無,陰性
28874,50-59歲,男,二級,陽性
28875,40-49歲,男,無,陰性
28876,40-49歲,女,無,陰性
28877,60歲以上,女,無,陰性
28878,30-39歲,男,無,陰性
28879,40-49歲,男,無,陰性
28880,50-59歲,女,無,陰性
28881,50-59歲,男,無,陰性
28882,20-29歲,男,無,陰性
28883,50-59歲,男,無,陰性
28884,50-59歲,男,二級,陽性
28885,60歲以上,男,無,陰性
28886,40-49歲,男,無,陰性
28887,60歲以上,男,無,陰性
28888,50-59歲,男,無,陰性
28889,20-29歲,男,無,陰性
28890,50-59歲,男,無,陰性
28891,40-49歲,女,無,陰性
28892,40-49歲,男,無,陰性
28893,60歲以上,男,無,陰性
28894,20-29歲,男,二級,陽性
28895,50-59歲,男,無,陰性
28896,30-39歲,男,二級,陽性
28897,60歲以上,男,無,陰性
28898,40-49歲,男,二級,陽性
28899,50-59歲,男,無,陰性
28900,30-39歲,女,無,陰性
28901,19歲以下,男,無,陰性
28902,50-59歲,男,無,陰性
28903,20-29歲,男,三級,陽性
28904,40-49歲,男,一級,陽性
28905,40-49歲,男,無,陰性
28906,60歲以上,男,無,陰性
28907,19歲以下,女,三級,陽性
28908,30-39歲,男,二級,陽性
28909,30-39歲,男,無,陰性
28910,40-49歲,男,二級,陽性
28911,50-59歲,男,無,陰性
28912,40-49歲,男,無,陰性
28913,60歲以上,男,無,陰性
28914,40-49歲,男,無,陰性
28915,40-49歲,男,二級,陽性
28916,50-59歲,男,二級,陽性
28917,40-49歲,女,無,陰性
28918,40-49歲,男,無,陰性
28919,50-59歲,男,無,陰性
28920,50-59歲,男,無,陰性
28921,50-59歲,女,二級,陽性
28922,50-59歲,男,無,陰性
28923,40-49歲,女,二級,陽性
28924,50-59歲,男,無,陰性
28925,50-59歲,女,無,陰性
28926,60歲以上,男,二級,陽性
28927,40-49歲,男,無,陰性
28928,50-59歲,男,無,陰性
28929,20-29歲,男,二級,陽性
28930,40-49歲,男,無,陰性
28931,40-49歲,男,二級,陽性
28932,60歲以上,男,無,陰性
28933,50-59歲,男,無,陰性
28934,20-29歲,女,無,陰性
28935,19歲以下,女,無,陰性
28936,40-49歲,男,無,陰性
28937,40-49歲,男,無,陰性
28938,60歲以上,男,無,陰性
28939,40-49歲,男,一級,陽性
28940,40-49歲,男,無,陰性
28941,40-49歲,男,無,陰性
28942,50-59歲,女,無,陰性
28943,40-49歲,男,無,陰性
28944,60歲以上,男,無,陰性
28945,40-49歲,男,無,陰性
28946,60歲以上,男,無,陰性
28947,50-59歲,女,無,陰性
28948,40-49歲,女,無,陰性
28949,20-29歲,男,無,陰性
28950,40-49歲,男,無,陰性
28951,50-59歲,男,二級,陽性
28952,30-39歲,男,二級,陽性
28953,60歲以上,男,無,陰性
28954,60歲以上,男,無,陰性
28955,60歲以上,男,無,陰性
28956,40-49歲,男,無,陰性
28957,50-59歲,女,無,陰性
28958,20-29歲,男,無,陰性
28959,19歲以下,男,二級,陽性
28960,60歲以上,男,二級,陽性
28961,50-59歲,男,二級,陽性
28962,40-49歲,女,二級,陽性
28963,19歲以下,男,無,陰性
28964,40-49歲,男,無,陰性
28965,40-49歲,男,無,陰性
28966,40-49歲,男,無,陰性
28967,40-49歲,男,二級,陽性
28968,40-49歲,男,無,陰性
28969,40-49歲,女,無,陰性
28970,30-39歲,男,無,陰性
28971,50-59歲,女,無,陰性
28972,20-29歲,男,二級,陽性
28973,60歲以上,女,無,陰性
28974,40-49歲,男,無,陰性
28975,40-49歲,男,無,陰性
28976,40-49歲,女,無,陰性
28977,50-59歲,男,無,陰性
28978,40-49歲,男,無,陰性
28979,40-49歲,男,無,陰性
28980,60歲以上,男,無,陰性
28981,40-49歲,男,二級,陽性
28982,50-59歲,男,無,陰性
28983,30-39歲,男,無,陰性
28984,40-49歲,男,無,陰性
28985,30-39歲,男,三級,陽性
28986,40-49歲,男,無,陰性
28987,60歲以上,男,三級,陽性
28988,50-59歲,男,無,陰性
28989,50-59歲,男,無,陰性
28990,40-49歲,男,無,陰性
28991,50-59歲,男,三級,陽性
28992,50-59歲,男,無,陰性
28993,50-59歲,女,無,陰性
28994,50-59歲,女,無,陰性
28995,50-59歲,男,無,陰性
28996,50-59歲,男,二級,陽性
28997,30-39歲,男,無,陰性
28998,50-59歲,男,三級,陽性
28999,40-49歲,男,無,陰性
29000,50-59歲,男,無,陰性
29001,40-49歲,男,無,陰性
29002,40-49歲,男,無,陰性
29003,50-59歲,男,無,陰性
29004,30-39歲,男,一級,陽性
29005,30-39歲,男,無,陰性
29006,50-59歲,男,無,陰性
29007,40-49歲,男,無,陰性
29008,50-59歲,男,無,陰性
29009,40-49歲,男,無,陰性
29010,30-39歲,男,無,陰性
29011,20-29歲,男,無,陰性
29012,40-49歲,男,二級,陽性
29013,40-49歲,男,無,陰性
29014,60歲以上,男,無,陰性
29015,40-49歲,男,無,陰性
29016,50-59歲,男,無,陰性
29017,40-49歲,男,無,陰性
29018,40-49歲,男,無,陰性
29019,50-59歲,男,無,陰性
29020,60歲以上,男,無,陰性
29021,40-49歲,男,二級,陽性
29022,50-59歲,男,無,陰性
29023,30-39歲,女,無,陰性
29024,30-39歲,男,無,陰性
29025,40-49歲,男,無,陰性
29026,30-39歲,男,無,陰性
29027,19歲以下,男,無,陰性
29028,40-49歲,女,無,陰性
29029,20-29歲,男,無,陰性
29030,50-59歲,男,無,陰性
29031,40-49歲,男,二級,陽性
29032,40-49歲,女,無,陰性
29033,60歲以上,男,無,陰性
29034,50-59歲,男,無,陰性
29035,30-39歲,男,二級,陽性
29036,40-49歲,女,無,陰性
29037,50-59歲,女,二級,陽性
29038,40-49歲,男,無,陰性
29039,40-49歲,男,無,陰性
29040,40-49歲,男,二級,陽性
29041,50-59歲,女,無,陰性
29042,50-59歲,女,無,陰性
29043,60歲以上,男,無,陰性
29044,60歲以上,男,二級,陽性
29045,30-39歲,女,無,陰性
29046,40-49歲,女,無,陰性
29047,30-39歲,男,三級,陽性
29048,40-49歲,男,無,陰性
29049,50-59歲,男,無,陰性
29050,60歲以上,男,無,陰性
29051,50-59歲,男,二級,陽性
29052,40-49歲,男,無,陰性
29053,30-39歲,男,無,陰性
29054,20-29歲,男,二級,陽性
29055,30-39歲,男,二級,陽性
29056,50-59歲,男,二級,陽性
29057,30-39歲,男,三級,陽性
29058,40-49歲,男,二級,陽性
29059,50-59歲,男,無,陰性
29060,20-29歲,男,無,陰性
29061,50-59歲,男,無,陰性
29062,20-29歲,男,無,陰性
29063,40-49歲,女,無,陰性
29064,20-29歲,男,無,陰性
29065,40-49歲,男,無,陰性
29066,60歲以上,男,無,陰性
29067,50-59歲,男,無,陰性
29068,50-59歲,男,無,陰性
29069,30-39歲,男,三級,陽性
29070,20-29歲,男,三級,陽性
29071,50-59歲,男,無,陰性
29072,50-59歲,女,無,陰性
29073,40-49歲,男,二級,陽性
29074,30-39歲,男,無,陰性
29075,40-49歲,女,無,陰性
29076,40-49歲,男,無,陰性
29077,30-39歲,男,無,陰性
29078,60歲以上,男,無,陰性
29079,50-59歲,男,無,陰性
29080,50-59歲,男,無,陰性
29081,50-59歲,男,無,陰性
29082,40-49歲,男,無,陰性
29083,20-29歲,女,無,陰性
29084,50-59歲,男,無,陰性
29085,50-59歲,男,無,陰性
29086,60歲以上,男,一級,陽性
29087,60歲以上,男,無,陰性
29088,50-59歲,女,無,陰性
29089,40-49歲,男,無,陰性
29090,60歲以上,男,無,陰性
29091,50-59歲,男,二級,陽性
29092,40-49歲,男,無,陰性
29093,60歲以上,男,無,陰性
29094,50-59歲,女,無,陰性
29095,40-49歲,男,無,陰性
29096,40-49歲,男,無,陰性
29097,40-49歲,男,無,陰性
29098,40-49歲,女,無,陰性
29099,50-59歲,男,無,陰性
29100,40-49歲,男,無,陰性
29101,40-49歲,男,三級,陽性
29102,50-59歲,男,三級,陽性
29103,20-29歲,男,無,陰性
29104,60歲以上,男,二級,陽性
29105,40-49歲,男,無,陰性
29106,30-39歲,男,二級,陽性
29107,40-49歲,女,無,陰性
29108,50-59歲,男,二級,陽性
29109,50-59歲,男,一級,陽性
29110,50-59歲,男,無,陰性
29111,40-49歲,男,二級,陽性
29112,50-59歲,女,無,陰性
29113,50-59歲,男,二級,陽性
29114,40-49歲,男,二級,陽性
29115,40-49歲,男,二級,陽性
29116,50-59歲,男,無,陰性
29117,20-29歲,男,一級,陽性
29118,20-29歲,男,無,陰性
29119,20-29歲,男,二級,陽性
29120,30-39歲,男,無,陰性
29121,50-59歲,男,無,陰性
29122,30-39歲,女,二級,陽性
29123,40-49歲,男,二級,陽性
29124,20-29歲,男,無,陰性
29125,40-49歲,女,無,陰性
29126,20-29歲,男,無,陰性
29127,50-59歲,男,無,陰性
29128,60歲以上,男,無,陰性
29129,20-29歲,男,無,陰性
29130,40-49歲,男,無,陰性
29131,20-29歲,男,無,陰性
29132,20-29歲,男,無,陰性
29133,40-49歲,男,無,陰性
29134,50-59歲,男,無,陰性
29135,40-49歲,男,無,陰性
29136,40-49歲,男,無,陰性
29137,50-59歲,男,二級,陽性
29138,20-29歲,女,無,陰性
29139,60歲以上,男,無,陰性
29140,20-29歲,男,三級,陽性
29141,30-39歲,男,二級,陽性
29142,20-29歲,男,二級,陽性
29143,40-49歲,男,無,陰性
29144,30-39歲,男,二級,陽性
29145,50-59歲,女,無,陰性
29146,50-59歲,男,無,陰性
29147,19歲以下,男,無,陰性
29148,40-49歲,男,二級,陽性
29149,20-29歲,女,無,陰性
29150,40-49歲,男,無,陰性
29151,30-39歲,男,無,陰性
29152,40-49歲,男,無,陰性
29153,50-59歲,男,二級,陽性
29154,60歲以上,男,無,陰性
29155,20-29歲,男,二級,陽性
29156,30-39歲,男,無,陰性
29157,40-49歲,男,無,陰性
29158,40-49歲,女,無,陰性
29159,40-49歲,女,無,陰性
29160,50-59歲,男,無,陰性
29161,40-49歲,女,無,陰性
29162,30-39歲,男,無,陰性
29163,60歲以上,男,無,陰性
29164,20-29歲,男,無,陰性
29165,60歲以上,男,二級,陽性
29166,40-49歲,男,二級,陽性
29167,40-49歲,男,無,陰性
29168,60歲以上,女,無,陰性
29169,40-49歲,男,二級,陽性
29170,20-29歲,男,二級,陽性
29171,20-29歲,女,無,陰性
29172,40-49歲,男,無,陰性
29173,20-29歲,男,無,陰性
29174,50-59歲,男,三級,陽性
29175,40-49歲,男,無,陰性
29176,50-59歲,男,無,陰性
29177,40-49歲,女,無,陰性
29178,40-49歲,男,一級,陽性
29179,40-49歲,男,無,陰性
29180,40-49歲,男,無,陰性
29181,50-59歲,男,無,陰性
29182,40-49歲,男,無,陰性
29183,50-59歲,男,無,陰性
29184,40-49歲,男,無,陰性
29185,40-49歲,男,二級,陽性
29186,40-49歲,女,無,陰性
29187,40-49歲,男,無,陰性
29188,50-59歲,男,無,陰性
29189,40-49歲,男,無,陰性
29190,40-49歲,男,無,陰性
29191,40-49歲,男,無,陰性
29192,50-59歲,男,無,陰性
29193,40-49歲,男,無,陰性
29194,40-49歲,女,無,陰性
29195,60歲以上,女,無,陰性
29196,20-29歲,女,二級,陽性
29197,19歲以下,男,無,陰性
29198,20-29歲,女,無,陰性
29199,20-29歲,男,二級,陽性
29200,60歲以上,男,無,陰性
29201,50-59歲,男,三級,陽性
29202,30-39歲,男,無,陰性
29203,60歲以上,男,二級,陽性
29204,40-49歲,男,無,陰性
29205,40-49歲,男,無,陰性
29206,40-49歲,女,無,陰性
29207,20-29歲,男,無,陰性
29208,60歲以上,男,無,陰性
29209,40-49歲,男,三級,陽性
29210,40-49歲,男,三級,陽性
29211,50-59歲,男,無,陰性
29212,20-29歲,男,無,陰性
29213,60歲以上,男,無,陰性
29214,40-49歲,女,無,陰性
29215,40-49歲,女,三級,陽性
29216,60歲以上,男,三級,陽性
29217,50-59歲,男,無,陰性
29218,40-49歲,女,無,陰性
29219,20-29歲,男,二級,陽性
29220,40-49歲,男,無,陰性
29221,30-39歲,男,一級,陽性
29222,30-39歲,男,無,陰性
29223,40-49歲,男,二級,陽性
29224,20-29歲,男,無,陰性
29225,30-39歲,男,無,陰性
29226,40-49歲,男,二級,陽性
29227,40-49歲,女,無,陰性
29228,40-49歲,男,二級,陽性
29229,19歲以下,男,無,陰性
29230,50-59歲,男,無,陰性
29231,50-59歲,女,二級,陽性
29232,40-49歲,男,無,陰性
29233,60歲以上,男,無,陰性
29234,60歲以上,女,二級,陽性
29235,40-49歲,男,一級,陽性
29236,50-59歲,男,無,陰性
29237,40-49歲,女,無,陰性
29238,50-59歲,男,二級,陽性
29239,50-59歲,男,無,陰性
29240,40-49歲,男,三級,陽性
29241,50-59歲,男,無,陰性
29242,40-49歲,男,無,陰性
29243,30-39歲,男,二級,陽性
29244,60歲以上,男,一級,陽性
29245,40-49歲,男,二級,陽性
29246,50-59歲,男,二級,陽性
29247,40-49歲,男,無,陰性
29248,20-29歲,男,無,陰性
29249,40-49歲,女,無,陰性
29250,50-59歲,男,二級,陽性
29251,30-39歲,男,三級,陽性
29252,50-59歲,男,二級,陽性
29253,40-49歲,男,無,陰性
29254,19歲以下,男,無,陰性
29255,40-49歲,男,無,陰性
29256,50-59歲,男,無,陰性
29257,30-39歲,男,三級,陽性
29258,40-49歲,男,三級,陽性
29259,40-49歲,男,二級,陽性
29260,40-49歲,女,無,陰性
29261,40-49歲,男,無,陰性
29262,30-39歲,男,無,陰性
29263,30-39歲,男,無,陰性
29264,40-49歲,男,無,陰性
29265,19歲以下,男,無,陰性
29266,50-59歲,女,無,陰性
29267,30-39歲,男,一級,陽性
29268,20-29歲,男,無,陰性
29269,50-59歲,男,二級,陽性
29270,50-59歲,男,二級,陽性
29271,50-59歲,女,二級,陽性
29272,40-49歲,男,無,陰性
29273,30-39歲,女,無,陰性
29274,20-29歲,男,無,陰性
29275,20-29歲,男,無,陰性
29276,19歲以下,男,無,陰性
29277,30-39歲,男,無,陰性
29278,50-59歲,男,無,陰性
29279,60歲以上,男,無,陰性
29280,40-49歲,男,無,陰性
29281,50-59歲,男,無,陰性
29282,19歲以下,男,無,陰性
29283,40-49歲,男,無,陰性
29284,40-49歲,男,二級,陽性
29285,50-59歲,男,無,陰性
29286,60歲以上,男,無,陰性
29287,40-49歲,男,無,陰性
29288,50-59歲,男,二級,陽性
29289,20-29歲,男,無,陰性
29290,30-39歲,女,無,陰性
29291,30-39歲,女,無,陰性
29292,60歲以上,男,無,陰性
29293,50-59歲,男,無,陰性
29294,30-39歲,女,無,陰性
29295,60歲以上,男,無,陰性
29296,30-39歲,男,無,陰性
29297,50-59歲,男,無,陰性
29298,50-59歲,男,無,陰性
29299,30-39歲,女,無,陰性
29300,30-39歲,男,無,陰性
29301,40-49歲,男,無,陰性
29302,40-49歲,男,二級,陽性
29303,40-49歲,男,一級,陽性
29304,60歲以上,男,無,陰性
29305,19歲以下,男,無,陰性
29306,40-49歲,男,二級,陽性
29307,40-49歲,男,無,陰性
29308,30-39歲,男,無,陰性
29309,40-49歲,男,三級,陽性
29310,30-39歲,男,無,陰性
29311,40-49歲,男,無,陰性
29312,40-49歲,男,無,陰性
29313,50-59歲,女,無,陰性
29314,50-59歲,男,無,陰性
29315,60歲以上,男,二級,陽性
29316,40-49歲,女,無,陰性
29317,40-49歲,男,無,陰性
29318,40-49歲,男,二級,陽性
29319,40-49歲,男,無,陰性
29320,40-49歲,男,二級,陽性
29321,50-59歲,男,無,陰性
29322,50-59歲,男,二級,陽性
29323,30-39歲,男,二級,陽性
29324,40-49歲,女,無,陰性
29325,50-59歲,男,無,陰性
29326,50-59歲,女,二級,陽性
29327,60歲以上,男,無,陰性
29328,30-39歲,男,無,陰性
29329,50-59歲,男,無,陰性
29330,30-39歲,男,無,陰性
29331,30-39歲,男,無,陰性
29332,40-49歲,男,二級,陽性
29333,40-49歲,男,無,陰性
29334,20-29歲,男,一級,陽性
29335,40-49歲,男,無,陰性
29336,40-49歲,男,二級,陽性
29337,50-59歲,女,二級,陽性
29338,40-49歲,女,無,陰性
29339,40-49歲,男,無,陰性
29340,50-59歲,男,無,陰性
29341,60歲以上,男,一級,陽性
29342,40-49歲,男,無,陰性
29343,50-59歲,男,無,陰性
29344,20-29歲,女,無,陰性
29345,60歲以上,男,二級,陽性
29346,40-49歲,男,無,陰性
29347,60歲以上,男,無,陰性
29348,30-39歲,男,無,陰性
29349,50-59歲,男,二級,陽性
29350,40-49歲,女,無,陰性
29351,40-49歲,男,無,陰性
29352,20-29歲,男,三級,陽性
29353,30-39歲,男,無,陰性
29354,40-49歲,男,二級,陽性
29355,40-49歲,男,無,陰性
29356,30-39歲,男,無,陰性
29357,50-59歲,男,無,陰性
29358,20-29歲,男,無,陰性
29359,50-59歲,男,三級,陽性
29360,40-49歲,女,無,陰性
29361,50-59歲,男,二級,陽性
29362,40-49歲,男,無,陰性
29363,40-49歲,男,二級,陽性
29364,50-59歲,男,無,陰性
29365,40-49歲,男,無,陰性
29366,40-49歲,男,無,陰性
29367,50-59歲,男,無,陰性
29368,40-49歲,男,無,陰性
29369,40-49歲,男,無,陰性
29370,40-49歲,女,一級,陽性
29371,50-59歲,男,無,陰性
29372,30-39歲,男,無,陰性
29373,20-29歲,男,二級,陽性
29374,60歲以上,男,無,陰性
29375,19歲以下,男,一級,陽性
29376,50-59歲,男,無,陰性
29377,30-39歲,女,三級,陽性
29378,60歲以上,男,無,陰性
29379,40-49歲,男,無,陰性
29380,20-29歲,男,無,陰性
29381,40-49歲,男,無,陰性
29382,50-59歲,男,無,陰性
29383,40-49歲,男,無,陰性
29384,20-29歲,男,二級,陽性
29385,60歲以上,男,三級,陽性
29386,30-39歲,男,三級,陽性
29387,60歲以上,女,無,陰性
29388,30-39歲,男,無,陰性
29389,40-49歲,男,無,陰性
29390,40-49歲,男,無,陰性
29391,30-39歲,男,無,陰性
29392,40-49歲,男,一級,陽性
29393,50-59歲,男,無,陰性
29394,20-29歲,女,無,陰性
29395,20-29歲,男,無,陰性
29396,50-59歲,男,無,陰性
29397,40-49歲,男,無,陰性
29398,30-39歲,男,無,陰性
29399,30-39歲,男,二級,陽性
29400,40-49歲,男,無,陰性
29401,40-49歲,男,無,陰性
29402,30-39歲,男,無,陰性
29403,20-29歲,男,二級,陽性
29404,40-49歲,男,無,陰性
29405,40-49歲,男,無,陰性
29406,40-49歲,男,二級,陽性
29407,60歲以上,男,無,陰性
29408,30-39歲,男,無,陰性
29409,50-59歲,男,無,陰性
29410,40-49歲,男,二級,陽性
29411,20-29歲,男,無,陰性
29412,40-49歲,男,二級,陽性
29413,60歲以上,男,無,陰性
29414,30-39歲,男,無,陰性
29415,20-29歲,男,無,陰性
29416,50-59歲,男,無,陰性
29417,60歲以上,男,無,陰性
29418,60歲以上,男,無,陰性
29419,40-49歲,男,無,陰性
29420,60歲以上,男,無,陰性
29421,50-59歲,男,三級,陽性
29422,40-49歲,男,無,陰性
29423,40-49歲,男,無,陰性
29424,30-39歲,男,一級,陽性
29425,20-29歲,男,無,陰性
29426,50-59歲,女,二級,陽性
29427,40-49歲,女,無,陰性
29428,40-49歲,男,無,陰性
29429,50-59歲,男,無,陰性
29430,20-29歲,男,無,陰性
29431,50-59歲,男,無,陰性
29432,50-59歲,男,無,陰性
29433,40-49歲,男,無,陰性
29434,50-59歲,男,無,陰性
29435,50-59歲,男,一級,陽性
29436,50-59歲,男,無,陰性
29437,50-59歲,女,無,陰性
29438,40-49歲,男,無,陰性
29439,60歲以上,男,無,陰性
29440,60歲以上,男,無,陰性
29441,50-59歲,男,無,陰性
29442,50-59歲,男,無,陰性
29443,60歲以上,男,無,陰性
29444,40-49歲,女,無,陰性
29445,40-49歲,男,無,陰性
29446,40-49歲,女,二級,陽性
29447,50-59歲,男,無,陰性
29448,40-49歲,男,二級,陽性
29449,40-49歲,男,無,陰性
29450,40-49歲,男,無,陰性
29451,50-59歲,男,無,陰性
29452,40-49歲,男,無,陰性
29453,40-49歲,男,無,陰性
29454,50-59歲,男,無,陰性
29455,40-49歲,男,無,陰性
29456,50-59歲,男,無,陰性
29457,50-59歲,男,無,陰性
29458,50-59歲,男,無,陰性
29459,40-49歲,男,無,陰性
29460,60歲以上,男,無,陰性
29461,20-29歲,男,無,陰性
29462,30-39歲,男,無,陰性
29463,60歲以上,女,無,陰性
29464,20-29歲,男,無,陰性
29465,40-49歲,男,無,陰性
29466,40-49歲,女,無,陰性
29467,50-59歲,男,無,陰性
29468,60歲以上,男,無,陰性
29469,20-29歲,男,無,陰性
29470,20-29歲,男,無,陰性
29471,40-49歲,男,無,陰性
29472,30-39歲,男,二級,陽性
29473,50-59歲,男,無,陰性
29474,40-49歲,男,一級,陽性
29475,30-39歲,男,無,陰性
29476,40-49歲,男,無,陰性
29477,20-29歲,男,無,陰性
29478,50-59歲,男,二級,陽性
29479,40-49歲,男,無,陰性
29480,60歲以上,男,無,陰性
29481,30-39歲,男,二級,陽性
29482,40-49歲,男,無,陰性
29483,40-49歲,男,無,陰性
29484,30-39歲,女,無,陰性
29485,40-49歲,女,無,陰性
29486,50-59歲,男,無,陰性
29487,30-39歲,男,無,陰性
29488,50-59歲,男,無,陰性
29489,50-59歲,男,無,陰性
29490,40-49歲,男,無,陰性
29491,40-49歲,女,無,陰性
29492,60歲以上,男,無,陰性
29493,50-59歲,男,無,陰性
29494,40-49歲,男,無,陰性
29495,40-49歲,女,無,陰性
29496,19歲以下,男,無,陰性
29497,50-59歲,男,無,陰性
29498,40-49歲,男,三級,陽性
29499,40-49歲,男,無,陰性
29500,40-49歲,男,無,陰性
29501,30-39歲,男,二級,陽性
29502,20-29歲,男,無,陰性
29503,50-59歲,男,無,陰性
29504,20-29歲,男,二級,陽性
29505,40-49歲,男,無,陰性
29506,40-49歲,男,無,陰性
29507,40-49歲,男,無,陰性
29508,40-49歲,男,無,陰性
29509,30-39歲,男,無,陰性
29510,30-39歲,男,無,陰性
29511,50-59歲,女,無,陰性
29512,40-49歲,男,二級,陽性
29513,30-39歲,男,二級,陽性
29514,50-59歲,男,無,陰性
29515,50-59歲,男,無,陰性
29516,50-59歲,男,三級,陽性
29517,20-29歲,男,無,陰性
29518,19歲以下,男,二級,陽性
29519,40-49歲,男,無,陰性
29520,30-39歲,男,無,陰性
29521,40-49歲,男,無,陰性
29522,30-39歲,男,無,陰性
29523,30-39歲,男,無,陰性
29524,40-49歲,男,無,陰性
29525,40-49歲,女,三級,陽性
29526,40-49歲,女,無,陰性
29527,40-49歲,男,無,陰性
29528,40-49歲,男,無,陰性
29529,40-49歲,女,無,陰性
29530,30-39歲,男,無,陰性
29531,30-39歲,男,無,陰性
29532,40-49歲,男,無,陰性
29533,50-59歲,男,無,陰性
29534,50-59歲,男,無,陰性
29535,50-59歲,女,無,陰性
29536,50-59歲,男,無,陰性
29537,40-49歲,男,無,陰性
29538,50-59歲,女,無,陰性
29539,50-59歲,男,無,陰性
29540,40-49歲,男,無,陰性
29541,50-59歲,男,無,陰性
29542,40-49歲,女,二級,陽性
29543,40-49歲,男,無,陰性
29544,60歲以上,男,無,陰性
29545,40-49歲,男,無,陰性
29546,40-49歲,男,無,陰性
29547,40-49歲,男,二級,陽性
29548,40-49歲,女,無,陰性
29549,20-29歲,男,無,陰性
29550,50-59歲,女,無,陰性
29551,40-49歲,男,無,陰性
29552,30-39歲,男,無,陰性
29553,20-29歲,男,無,陰性
29554,40-49歲,男,無,陰性
29555,60歲以上,女,三級,陽性
29556,50-59歲,男,無,陰性
29557,50-59歲,男,無,陰性
29558,50-59歲,男,無,陰性
29559,50-59歲,男,無,陰性
29560,50-59歲,女,無,陰性
29561,40-49歲,男,三級,陽性
29562,60歲以上,女,無,陰性
29563,40-49歲,女,無,陰性
29564,30-39歲,男,二級,陽性
29565,20-29歲,男,無,陰性
29566,30-39歲,男,無,陰性
29567,60歲以上,男,無,陰性
29568,30-39歲,男,無,陰性
29569,20-29歲,男,無,陰性
29570,40-49歲,女,無,陰性
29571,40-49歲,女,無,陰性
29572,60歲以上,男,二級,陽性
29573,40-49歲,男,二級,陽性
29574,30-39歲,男,無,陰性
29575,50-59歲,男,無,陰性
29576,50-59歲,男,無,陰性
29577,20-29歲,男,無,陰性
29578,40-49歲,女,無,陰性
29579,40-49歲,男,無,陰性
29580,30-39歲,女,無,陰性
29581,50-59歲,男,無,陰性
29582,19歲以下,男,無,陰性
29583,30-39歲,女,無,陰性
29584,40-49歲,男,無,陰性
29585,40-49歲,男,無,陰性
29586,30-39歲,男,三級,陽性
29587,50-59歲,男,無,陰性
29588,50-59歲,女,無,陰性
29589,30-39歲,男,無,陰性
29590,50-59歲,男,無,陰性
29591,50-59歲,男,無,陰性
29592,40-49歲,男,無,陰性
29593,40-49歲,男,無,陰性
29594,60歲以上,男,二級,陽性
29595,50-59歲,男,無,陰性
29596,40-49歲,男,無,陰性
29597,40-49歲,女,無,陰性
29598,50-59歲,男,二級,陽性
29599,40-49歲,男,無,陰性
29600,30-39歲,女,一級,陽性
29601,30-39歲,男,三級,陽性
29602,40-49歲,男,無,陰性
29603,40-49歲,男,三級,陽性
29604,19歲以下,男,無,陰性
29605,40-49歲,男,二級,陽性
29606,40-49歲,男,二級,陽性
29607,30-39歲,男,無,陰性
29608,20-29歲,男,二級,陽性
29609,50-59歲,女,無,陰性
29610,50-59歲,男,無,陰性
29611,30-39歲,男,無,陰性
29612,50-59歲,女,無,陰性
29613,40-49歲,女,無,陰性
29614,40-49歲,男,無,陰性
29615,30-39歲,男,無,陰性
29616,30-39歲,男,一級,陽性
29617,30-39歲,男,無,陰性
29618,50-59歲,男,一級,陽性
29619,40-49歲,男,二級,陽性
29620,40-49歲,男,無,陰性
29621,19歲以下,男,無,陰性
29622,50-59歲,男,無,陰性
29623,50-59歲,男,無,陰性
29624,20-29歲,女,無,陰性
29625,30-39歲,女,無,陰性
29626,40-49歲,男,無,陰性
29627,30-39歲,男,無,陰性
29628,30-39歲,男,無,陰性
29629,40-49歲,男,三級,陽性
29630,40-49歲,男,無,陰性
29631,30-39歲,男,無,陰性
29632,50-59歲,男,無,陰性
29633,30-39歲,男,無,陰性
29634,50-59歲,男,無,陰性
29635,40-49歲,男,二級,陽性
29636,50-59歲,男,二級,陽性
29637,30-39歲,男,二級,陽性
29638,40-49歲,男,無,陰性
29639,40-49歲,男,無,陰性
29640,60歲以上,女,二級,陽性
29641,30-39歲,男,無,陰性
29642,40-49歲,男,無,陰性
29643,50-59歲,女,無,陰性
29644,30-39歲,男,無,陰性
29645,50-59歲,男,無,陰性
29646,30-39歲,男,二級,陽性
29647,40-49歲,男,無,陰性
29648,60歲以上,男,無,陰性
29649,60歲以上,男,無,陰性
29650,40-49歲,男,無,陰性
29651,40-49歲,女,無,陰性
29652,30-39歲,女,無,陰性
29653,40-49歲,男,無,陰性
29654,50-59歲,男,無,陰性
29655,50-59歲,男,無,陰性
29656,19歲以下,男,無,陰性
29657,40-49歲,男,二級,陽性
29658,50-59歲,男,無,陰性
29659,50-59歲,男,無,陰性
29660,60歲以上,男,無,陰性
29661,50-59歲,男,無,陰性
29662,60歲以上,男,無,陰性
29663,50-59歲,男,無,陰性
29664,50-59歲,男,無,陰性
29665,40-49歲,女,無,陰性
29666,40-49歲,男,二級,陽性
29667,50-59歲,男,二級,陽性
29668,20-29歲,男,無,陰性
29669,30-39歲,男,無,陰性
29670,20-29歲,男,無,陰性
29671,60歲以上,男,無,陰性
29672,50-59歲,男,無,陰性
29673,30-39歲,男,無,陰性
29674,40-49歲,男,無,陰性
29675,20-29歲,男,二級,陽性
29676,30-39歲,男,無,陰性
29677,30-39歲,男,無,陰性
29678,40-49歲,男,無,陰性
29679,40-49歲,男,無,陰性
29680,40-49歲,男,無,陰性
29681,40-49歲,男,無,陰性
29682,50-59歲,男,無,陰性
29683,30-39歲,男,無,陰性
29684,40-49歲,男,無,陰性
29685,19歲以下,男,無,陰性
29686,50-59歲,男,無,陰性
29687,40-49歲,男,無,陰性
29688,40-49歲,女,二級,陽性
29689,40-49歲,男,一級,陽性
29690,40-49歲,男,無,陰性
29691,60歲以上,男,無,陰性
29692,40-49歲,男,一級,陽性
29693,40-49歲,男,無,陰性
29694,30-39歲,男,二級,陽性
29695,30-39歲,男,無,陰性
29696,20-29歲,男,無,陰性
29697,30-39歲,男,無,陰性
29698,40-49歲,男,無,陰性
29699,50-59歲,男,一級,陽性
29700,50-59歲,男,無,陰性
29701,50-59歲,男,一級,陽性
29702,30-39歲,女,無,陰性
29703,50-59歲,男,無,陰性
29704,60歲以上,女,二級,陽性
29705,40-49歲,男,三級,陽性
29706,40-49歲,男,無,陰性
29707,30-39歲,男,無,陰性
29708,60歲以上,男,二級,陽性
29709,50-59歲,男,二級,陽性
29710,30-39歲,男,無,陰性
29711,50-59歲,女,無,陰性
29712,20-29歲,女,無,陰性
29713,50-59歲,男,二級,陽性
29714,40-49歲,男,無,陰性
29715,20-29歲,女,無,陰性
29716,40-49歲,男,無,陰性
29717,30-39歲,男,無,陰性
29718,40-49歲,女,無,陰性
29719,60歲以上,女,二級,陽性
29720,60歲以上,男,無,陰性
29721,40-49歲,男,無,陰性
29722,20-29歲,女,無,陰性
29723,20-29歲,女,無,陰性
29724,19歲以下,男,無,陰性
29725,40-49歲,男,二級,陽性
29726,50-59歲,男,無,陰性
29727,50-59歲,男,無,陰性
29728,50-59歲,男,無,陰性
29729,40-49歲,男,無,陰性
29730,50-59歲,男,無,陰性
29731,40-49歲,男,二級,陽性
29732,40-49歲,男,無,陰性
29733,40-49歲,男,無,陰性
29734,40-49歲,女,無,陰性
29735,60歲以上,男,無,陰性
29736,30-39歲,男,無,陰性
29737,40-49歲,女,無,陰性
29738,40-49歲,男,無,陰性
29739,20-29歲,男,三級,陽性
29740,30-39歲,女,無,陰性
29741,19歲以下,女,無,陰性
29742,60歲以上,男,二級,陽性
29743,50-59歲,男,無,陰性
29744,50-59歲,男,無,陰性
29745,30-39歲,男,二級,陽性
29746,40-49歲,男,二級,陽性
29747,50-59歲,女,無,陰性
29748,50-59歲,男,無,陰性
29749,19歲以下,男,無,陰性
29750,40-49歲,男,無,陰性
29751,30-39歲,男,二級,陽性
29752,40-49歲,男,無,陰性
29753,30-39歲,女,無,陰性
29754,50-59歲,女,無,陰性
29755,50-59歲,男,二級,陽性
29756,40-49歲,男,無,陰性
29757,50-59歲,男,無,陰性
29758,20-29歲,男,無,陰性
29759,40-49歲,女,無,陰性
29760,50-59歲,男,無,陰性
29761,40-49歲,男,二級,陽性
29762,50-59歲,男,無,陰性
29763,60歲以上,男,無,陰性
29764,30-39歲,男,無,陰性
29765,60歲以上,女,無,陰性
29766,50-59歲,男,無,陰性
29767,30-39歲,男,無,陰性
29768,20-29歲,男,二級,陽性
29769,20-29歲,女,無,陰性
29770,40-49歲,男,無,陰性
29771,40-49歲,男,無,陰性
29772,60歲以上,男,無,陰性
29773,50-59歲,男,無,陰性
29774,50-59歲,男,無,陰性
29775,40-49歲,男,無,陰性
29776,50-59歲,女,無,陰性
29777,30-39歲,女,無,陰性
29778,30-39歲,男,無,陰性
29779,40-49歲,男,無,陰性
29780,50-59歲,男,二級,陽性
29781,50-59歲,男,無,陰性
29782,30-39歲,男,無,陰性
29783,30-39歲,男,無,陰性
29784,30-39歲,男,三級,陽性
29785,40-49歲,男,三級,陽性
29786,40-49歲,男,無,陰性
29787,19歲以下,男,一級,陽性
29788,40-49歲,男,無,陰性
29789,20-29歲,男,無,陰性
29790,40-49歲,男,無,陰性
29791,60歲以上,男,無,陰性
29792,40-49歲,女,無,陰性
29793,30-39歲,男,無,陰性
29794,40-49歲,女,無,陰性
29795,30-39歲,男,無,陰性
29796,40-49歲,男,無,陰性
29797,50-59歲,男,二級,陽性
29798,40-49歲,男,二級,陽性
29799,50-59歲,男,二級,陽性
29800,20-29歲,男,無,陰性
29801,20-29歲,男,無,陰性
29802,50-59歲,男,無,陰性
29803,40-49歲,男,無,陰性
29804,40-49歲,女,一級,陽性
29805,40-49歲,男,無,陰性
29806,20-29歲,男,無,陰性
29807,60歲以上,男,二級,陽性
29808,50-59歲,男,無,陰性
29809,50-59歲,男,無,陰性
29810,60歲以上,男,無,陰性
29811,60歲以上,男,二級,陽性
29812,40-49歲,男,二級,陽性
29813,30-39歲,男,二級,陽性
29814,40-49歲,男,無,陰性
29815,50-59歲,女,無,陰性
29816,60歲以上,男,無,陰性
29817,40-49歲,男,無,陰性
29818,40-49歲,男,無,陰性
29819,60歲以上,男,無,陰性
29820,20-29歲,男,無,陰性
29821,50-59歲,女,無,陰性
29822,20-29歲,男,無,陰性
29823,50-59歲,男,無,陰性
29824,50-59歲,女,二級,陽性
29825,40-49歲,女,無,陰性
29826,40-49歲,女,無,陰性
29827,50-59歲,男,無,陰性
29828,50-59歲,女,三級,陽性
29829,50-59歲,男,無,陰性
29830,20-29歲,女,無,陰性
29831,40-49歲,男,無,陰性
29832,60歲以上,男,無,陰性
29833,60歲以上,女,無,陰性
29834,40-49歲,男,無,陰性
29835,50-59歲,男,無,陰性
29836,30-39歲,男,無,陰性
29837,40-49歲,女,無,陰性
29838,60歲以上,男,無,陰性
29839,20-29歲,女,無,陰性
29840,40-49歲,男,無,陰性
29841,19歲以下,男,二級,陽性
29842,50-59歲,女,無,陰性
29843,40-49歲,男,無,陰性
29844,20-29歲,男,無,陰性
29845,50-59歲,男,三級,陽性
29846,30-39歲,男,二級,陽性
29847,40-49歲,男,無,陰性
29848,50-59歲,女,無,陰性
29849,50-59歲,女,二級,陽性
29850,20-29歲,男,無,陰性
29851,50-59歲,男,無,陰性
29852,50-59歲,男,無,陰性
29853,60歲以上,男,無,陰性
29854,20-29歲,男,無,陰性
29855,50-59歲,男,二級,陽性
29856,40-49歲,男,無,陰性
29857,50-59歲,男,無,陰性
29858,40-49歲,男,無,陰性
29859,40-49歲,女,無,陰性
29860,30-39歲,男,無,陰性
29861,50-59歲,男,無,陰性
29862,40-49歲,男,一級,陽性
29863,50-59歲,男,二級,陽性
29864,30-39歲,男,無,陰性
29865,30-39歲,男,無,陰性
29866,40-49歲,男,無,陰性
29867,30-39歲,男,三級,陽性
29868,50-59歲,男,無,陰性
29869,50-59歲,女,無,陰性
29870,20-29歲,男,無,陰性
29871,40-49歲,男,無,陰性
29872,40-49歲,男,無,陰性
29873,20-29歲,男,無,陰性
29874,30-39歲,男,一級,陽性
29875,50-59歲,男,二級,陽性
29876,40-49歲,男,無,陰性
29877,40-49歲,男,無,陰性
29878,60歲以上,男,無,陰性
29879,40-49歲,男,無,陰性
29880,40-49歲,男,無,陰性
29881,40-49歲,男,無,陰性
29882,50-59歲,男,無,陰性
29883,19歲以下,女,無,陰性
29884,50-59歲,男,無,陰性
29885,30-39歲,女,二級,陽性
29886,50-59歲,男,無,陰性
29887,30-39歲,男,二級,陽性
29888,50-59歲,女,無,陰性
29889,60歲以上,男,無,陰性
29890,60歲以上,男,無,陰性
29891,20-29歲,男,無,陰性
29892,60歲以上,男,無,陰性
29893,40-49歲,男,二級,陽性
29894,50-59歲,男,二級,陽性
29895,20-29歲,男,二級,陽性
29896,40-49歲,男,無,陰性
29897,30-39歲,男,二級,陽性
29898,50-59歲,男,無,陰性
29899,19歲以下,女,無,陰性
29900,50-59歲,男,無,陰性
29901,50-59歲,男,無,陰性
29902,40-49歲,女,一級,陽性
29903,30-39歲,男,無,陰性
29904,20-29歲,男,無,陰性
29905,50-59歲,男,二級,陽性
29906,40-49歲,男,二級,陽性
29907,30-39歲,男,無,陰性
29908,40-49歲,女,二級,陽性
29909,40-49歲,男,二級,陽性
29910,40-49歲,男,一級,陽性
29911,50-59歲,女,無,陰性
29912,40-49歲,男,無,陰性
29913,20-29歲,男,無,陰性
29914,40-49歲,男,二級,陽性
29915,50-59歲,男,無,陰性
29916,60歲以上,男,無,陰性
29917,40-49歲,男,無,陰性
29918,40-49歲,男,二級,陽性
29919,50-59歲,男,無,陰性
29920,60歲以上,男,無,陰性
29921,30-39歲,男,無,陰性
29922,60歲以上,男,無,陰性
29923,50-59歲,男,無,陰性
29924,30-39歲,男,無,陰性
29925,20-29歲,男,無,陰性
29926,40-49歲,男,無,陰性
29927,50-59歲,男,無,陰性
29928,30-39歲,男,無,陰性
29929,50-59歲,男,無,陰性
29930,50-59歲,女,無,陰性
29931,40-49歲,男,無,陰性
29932,40-49歲,男,無,陰性
29933,30-39歲,男,無,陰性
29934,40-49歲,男,無,陰性
29935,30-39歲,男,二級,陽性
29936,40-49歲,男,無,陰性
29937,40-49歲,男,無,陰性
29938,50-59歲,女,無,陰性
29939,30-39歲,男,無,陰性
29940,60歲以上,男,無,陰性
29941,30-39歲,男,二級,陽性
29942,40-49歲,女,無,陰性
29943,30-39歲,男,二級,陽性
29944,60歲以上,男,二級,陽性
29945,40-49歲,男,二級,陽性
29946,40-49歲,男,二級,陽性
29947,30-39歲,男,無,陰性
29948,50-59歲,女,無,陰性
29949,40-49歲,男,三級,陽性
29950,60歲以上,男,無,陰性
29951,30-39歲,男,無,陰性
29952,40-49歲,女,無,陰性
29953,20-29歲,男,無,陰性
29954,60歲以上,男,無,陰性
29955,40-49歲,男,二級,陽性
29956,40-49歲,男,二級,陽性
29957,50-59歲,男,一級,陽性
29958,60歲以上,男,無,陰性
29959,40-49歲,男,無,陰性
29960,40-49歲,男,無,陰性
29961,40-49歲,女,二級,陽性
29962,40-49歲,男,無,陰性
29963,40-49歲,男,無,陰性
29964,40-49歲,男,二級,陽性
29965,40-49歲,女,無,陰性
29966,40-49歲,男,無,陰性
29967,40-49歲,男,三級,陽性
29968,50-59歲,女,二級,陽性
29969,50-59歲,男,無,陰性
29970,30-39歲,女,無,陰性
29971,30-39歲,男,無,陰性
29972,50-59歲,女,無,陰性
29973,60歲以上,男,無,陰性
29974,60歲以上,男,無,陰性
29975,40-49歲,男,無,陰性
29976,50-59歲,男,無,陰性
29977,20-29歲,男,無,陰性
29978,50-59歲,男,無,陰性
29979,50-59歲,男,無,陰性
29980,30-39歲,男,無,陰性
29981,50-59歲,男,無,陰性
29982,40-49歲,男,無,陰性
29983,40-49歲,男,無,陰性
29984,20-29歲,男,無,陰性
29985,20-29歲,男,無,陰性
29986,40-49歲,女,無,陰性
29987,40-49歲,女,無,陰性
29988,50-59歲,男,無,陰性
29989,40-49歲,男,無,陰性
29990,40-49歲,男,三級,陽性
29991,30-39歲,男,無,陰性
29992,30-39歲,男,無,陰性
29993,40-49歲,男,無,陰性
29994,50-59歲,男,無,陰性
29995,20-29歲,男,無,陰性
29996,40-49歲,男,無,陰性
29997,40-49歲,男,無,陰性
29998,40-49歲,男,一級,陽性
29999,19歲以下,男,無,陰性
30000,40-49歲,女,二級,陽性
30001,40-49歲,男,無,陰性
30002,50-59歲,男,無,陰性
30003,60歲以上,男,無,陰性
30004,20-29歲,男,無,陰性
30005,40-49歲,男,無,陰性
30006,40-49歲,男,無,陰性
30007,30-39歲,男,無,陰性
30008,20-29歲,男,無,陰性
30009,30-39歲,男,無,陰性
30010,40-49歲,男,無,陰性
30011,30-39歲,男,無,陰性
30012,20-29歲,男,無,陰性
30013,40-49歲,男,三級,陽性
30014,50-59歲,男,二級,陽性
30015,30-39歲,女,無,陰性
30016,40-49歲,男,二級,陽性
30017,50-59歲,女,無,陰性
30018,40-49歲,男,無,陰性
30019,50-59歲,男,二級,陽性
30020,40-49歲,男,無,陰性
30021,20-29歲,男,無,陰性
30022,40-49歲,男,無,陰性
30023,60歲以上,女,無,陰性
30024,19歲以下,男,無,陰性
30025,30-39歲,女,二級,陽性
30026,40-49歲,男,無,陰性
30027,19歲以下,男,二級,陽性
30028,30-39歲,男,無,陰性
30029,50-59歲,男,無,陰性
30030,40-49歲,女,無,陰性
30031,50-59歲,男,無,陰性
30032,60歲以上,男,無,陰性
30033,40-49歲,男,無,陰性
30034,40-49歲,男,三級,陽性
30035,50-59歲,男,無,陰性
30036,40-49歲,男,一級,陽性
30037,20-29歲,男,二級,陽性
30038,50-59歲,男,無,陰性
30039,30-39歲,男,無,陰性
30040,50-59歲,男,無,陰性
30041,30-39歲,男,無,陰性
30042,50-59歲,男,二級,陽性
30043,50-59歲,男,無,陰性
30044,30-39歲,男,無,陰性
30045,40-49歲,男,無,陰性
30046,30-39歲,男,二級,陽性
30047,50-59歲,女,無,陰性
30048,40-49歲,男,無,陰性
30049,30-39歲,女,無,陰性
30050,30-39歲,男,無,陰性
30051,40-49歲,男,無,陰性
30052,40-49歲,男,無,陰性
30053,40-49歲,男,二級,陽性
30054,50-59歲,男,無,陰性
30055,50-59歲,男,無,陰性
30056,40-49歲,女,無,陰性
30057,50-59歲,男,無,陰性
30058,40-49歲,男,無,陰性
30059,40-49歲,男,無,陰性
30060,40-49歲,男,無,陰性
30061,60歲以上,男,無,陰性
30062,40-49歲,男,無,陰性
30063,40-49歲,男,二級,陽性
30064,40-49歲,男,二級,陽性
30065,50-59歲,女,無,陰性
30066,20-29歲,女,無,陰性
30067,60歲以上,女,無,陰性
30068,50-59歲,女,無,陰性
30069,40-49歲,男,三級,陽性
30070,50-59歲,男,無,陰性
30071,40-49歲,男,二級,陽性
30072,40-49歲,男,無,陰性
30073,50-59歲,男,無,陰性
30074,30-39歲,男,無,陰性
30075,50-59歲,男,無,陰性
30076,60歲以上,男,無,陰性
30077,20-29歲,男,三級,陽性
30078,30-39歲,女,無,陰性
30079,50-59歲,男,無,陰性
30080,40-49歲,男,無,陰性
30081,30-39歲,男,無,陰性
30082,40-49歲,男,無,陰性
30083,50-59歲,男,無,陰性
30084,40-49歲,男,無,陰性
30085,50-59歲,女,無,陰性
30086,50-59歲,男,無,陰性
30087,40-49歲,男,二級,陽性
30088,50-59歲,女,無,陰性
30089,30-39歲,男,無,陰性
30090,30-39歲,男,一級,陽性
30091,40-49歲,男,二級,陽性
30092,30-39歲,男,無,陰性
30093,20-29歲,男,無,陰性
30094,40-49歲,女,無,陰性
30095,20-29歲,男,無,陰性
30096,40-49歲,男,二級,陽性
30097,50-59歲,男,三級,陽性
30098,40-49歲,女,無,陰性
30099,50-59歲,女,無,陰性
30100,20-29歲,男,無,陰性
30101,30-39歲,男,三級,陽性
30102,20-29歲,男,無,陰性
30103,40-49歲,男,無,陰性
30104,60歲以上,男,無,陰性
30105,40-49歲,男,無,陰性
30106,40-49歲,男,無,陰性
30107,60歲以上,男,無,陰性
30108,40-49歲,男,無,陰性
30109,50-59歲,男,無,陰性
30110,19歲以下,男,無,陰性
30111,60歲以上,男,無,陰性
30112,50-59歲,女,無,陰性
30113,60歲以上,男,無,陰性
30114,50-59歲,男,無,陰性
30115,60歲以上,男,無,陰性
30116,60歲以上,男,無,陰性
30117,50-59歲,男,無,陰性
30118,40-49歲,男,無,陰性
30119,50-59歲,男,一級,陽性
30120,50-59歲,女,無,陰性
30121,30-39歲,男,無,陰性
30122,40-49歲,男,無,陰性
30123,50-59歲,女,無,陰性
30124,30-39歲,女,無,陰性
30125,40-49歲,男,無,陰性
30126,60歲以上,男,二級,陽性
30127,19歲以下,女,無,陰性
30128,19歲以下,男,一級,陽性
30129,40-49歲,男,二級,陽性
30130,40-49歲,女,二級,陽性
30131,40-49歲,男,無,陰性
30132,50-59歲,女,無,陰性
30133,60歲以上,女,二級,陽性
30134,40-49歲,男,二級,陽性
30135,20-29歲,男,二級,陽性
30136,50-59歲,男,二級,陽性
30137,40-49歲,男,二級,陽性
30138,20-29歲,男,無,陰性
30139,19歲以下,女,無,陰性
30140,40-49歲,男,無,陰性
30141,60歲以上,男,無,陰性
30142,50-59歲,女,二級,陽性
30143,30-39歲,男,無,陰性
30144,40-49歲,男,無,陰性
30145,60歲以上,男,二級,陽性
30146,50-59歲,男,無,陰性
30147,30-39歲,男,無,陰性
30148,40-49歲,男,無,陰性
30149,40-49歲,男,無,陰性
30150,40-49歲,男,無,陰性
30151,40-49歲,女,無,陰性
30152,50-59歲,男,無,陰性
30153,50-59歲,男,無,陰性
30154,50-59歲,男,二級,陽性
30155,40-49歲,男,無,陰性
30156,30-39歲,男,三級,陽性
30157,40-49歲,男,二級,陽性
30158,50-59歲,男,一級,陽性
30159,40-49歲,男,無,陰性
30160,40-49歲,男,無,陰性
30161,30-39歲,男,無,陰性
30162,40-49歲,男,無,陰性
30163,19歲以下,男,無,陰性
30164,40-49歲,女,一級,陽性
30165,40-49歲,男,無,陰性
30166,20-29歲,男,無,陰性
30167,50-59歲,女,無,陰性
30168,40-49歲,男,無,陰性
30169,20-29歲,男,無,陰性
30170,50-59歲,男,二級,陽性
30171,40-49歲,男,無,陰性
30172,40-49歲,男,無,陰性
30173,50-59歲,男,無,陰性
30174,30-39歲,女,無,陰性
30175,30-39歲,男,無,陰性
30176,50-59歲,男,無,陰性
30177,20-29歲,男,無,陰性
30178,30-39歲,男,無,陰性
30179,40-49歲,男,無,陰性
30180,50-59歲,男,無,陰性
30181,40-49歲,男,無,陰性
30182,40-49歲,男,無,陰性
30183,40-49歲,男,無,陰性
30184,40-49歲,男,二級,陽性
30185,40-49歲,男,無,陰性
30186,50-59歲,女,二級,陽性
30187,30-39歲,男,無,陰性
30188,50-59歲,男,無,陰性
30189,40-49歲,男,無,陰性
30190,30-39歲,女,無,陰性
30191,40-49歲,男,無,陰性
30192,50-59歲,男,無,陰性
30193,50-59歲,男,無,陰性
30194,40-49歲,女,二級,陽性
30195,30-39歲,男,無,陰性
30196,40-49歲,男,無,陰性
30197,40-49歲,男,無,陰性
30198,30-39歲,男,無,陰性
30199,50-59歲,男,無,陰性
30200,60歲以上,男,二級,陽性
30201,20-29歲,男,無,陰性
30202,30-39歲,男,無,陰性
30203,30-39歲,男,無,陰性
30204,19歲以下,女,二級,陽性
30205,60歲以上,男,無,陰性
30206,40-49歲,男,無,陰性
30207,40-49歲,男,無,陰性
30208,40-49歲,男,無,陰性
30209,50-59歲,男,無,陰性
30210,20-29歲,女,無,陰性
30211,60歲以上,男,無,陰性
30212,50-59歲,女,無,陰性
30213,40-49歲,男,無,陰性
30214,40-49歲,男,二級,陽性
30215,40-49歲,男,一級,陽性
30216,30-39歲,男,無,陰性
30217,30-39歲,男,二級,陽性
30218,20-29歲,男,無,陰性
30219,30-39歲,男,無,陰性
30220,50-59歲,男,無,陰性
30221,19歲以下,男,無,陰性
30222,50-59歲,男,二級,陽性
30223,40-49歲,男,無,陰性
30224,40-49歲,男,無,陰性
30225,50-59歲,男,無,陰性
30226,60歲以上,男,無,陰性
30227,60歲以上,男,一級,陽性
30228,30-39歲,男,二級,陽性
30229,60歲以上,男,無,陰性
30230,60歲以上,女,二級,陽性
30231,50-59歲,男,三級,陽性
30232,40-49歲,男,無,陰性
30233,40-49歲,女,一級,陽性
30234,40-49歲,男,二級,陽性
30235,50-59歲,男,無,陰性
30236,40-49歲,女,無,陰性
30237,60歲以上,男,二級,陽性
30238,50-59歲,男,無,陰性
30239,40-49歲,男,無,陰性
30240,60歲以上,男,無,陰性
30241,50-59歲,男,無,陰性
30242,50-59歲,女,無,陰性
30243,30-39歲,男,無,陰性
30244,50-59歲,男,無,陰性
30245,20-29歲,女,無,陰性
30246,40-49歲,男,無,陰性
30247,20-29歲,男,三級,陽性
30248,40-49歲,男,無,陰性
30249,30-39歲,男,無,陰性
30250,50-59歲,男,無,陰性
30251,50-59歲,男,無,陰性
30252,50-59歲,女,二級,陽性
30253,50-59歲,男,二級,陽性
30254,40-49歲,男,無,陰性
30255,60歲以上,男,二級,陽性
30256,40-49歲,男,一級,陽性
30257,40-49歲,男,無,陰性
30258,40-49歲,男,無,陰性
30259,20-29歲,男,二級,陽性
30260,30-39歲,男,無,陰性
30261,40-49歲,男,無,陰性
30262,30-39歲,男,無,陰性
30263,20-29歲,男,無,陰性
30264,20-29歲,男,無,陰性
30265,60歲以上,女,無,陰性
30266,60歲以上,男,無,陰性
30267,30-39歲,男,無,陰性
30268,50-59歲,男,無,陰性
30269,40-49歲,男,一級,陽性
30270,40-49歲,男,二級,陽性
30271,40-49歲,男,三級,陽性
30272,50-59歲,男,無,陰性
30273,40-49歲,男,無,陰性
30274,60歲以上,男,無,陰性
30275,30-39歲,男,無,陰性
30276,40-49歲,男,二級,陽性
30277,19歲以下,男,無,陰性
30278,40-49歲,女,二級,陽性
30279,40-49歲,男,無,陰性
30280,50-59歲,男,無,陰性
30281,40-49歲,男,無,陰性
30282,50-59歲,男,二級,陽性
30283,40-49歲,男,無,陰性
30284,30-39歲,男,二級,陽性
30285,40-49歲,男,無,陰性
30286,50-59歲,男,無,陰性
30287,40-49歲,女,無,陰性
30288,40-49歲,男,無,陰性
30289,40-49歲,男,無,陰性
30290,30-39歲,男,無,陰性
30291,50-59歲,男,無,陰性
30292,60歲以上,男,三級,陽性
30293,40-49歲,男,三級,陽性
30294,30-39歲,男,無,陰性
30295,40-49歲,男,二級,陽性
30296,60歲以上,男,無,陰性
30297,30-39歲,男,無,陰性
30298,40-49歲,男,無,陰性
30299,19歲以下,男,二級,陽性
30300,50-59歲,男,二級,陽性
30301,60歲以上,男,無,陰性
30302,50-59歲,男,無,陰性
30303,40-49歲,男,無,陰性
30304,40-49歲,女,無,陰性
30305,40-49歲,男,無,陰性
30306,30-39歲,男,無,陰性
30307,60歲以上,男,無,陰性
30308,40-49歲,男,無,陰性
30309,50-59歲,男,無,陰性
30310,40-49歲,女,二級,陽性
30311,40-49歲,男,無,陰性
30312,60歲以上,男,無,陰性
30313,50-59歲,男,無,陰性
30314,20-29歲,男,無,陰性
30315,60歲以上,男,無,陰性
30316,30-39歲,男,無,陰性
30317,40-49歲,男,二級,陽性
30318,50-59歲,男,二級,陽性
30319,50-59歲,男,無,陰性
30320,20-29歲,男,無,陰性
30321,30-39歲,男,二級,陽性
30322,50-59歲,男,無,陰性
30323,40-49歲,男,二級,陽性
30324,40-49歲,男,無,陰性
30325,30-39歲,男,無,陰性
30326,50-59歲,男,無,陰性
30327,50-59歲,男,二級,陽性
30328,60歲以上,男,無,陰性
30329,30-39歲,女,無,陰性
30330,40-49歲,男,無,陰性
30331,60歲以上,男,無,陰性
30332,50-59歲,男,二級,陽性
30333,40-49歲,女,無,陰性
30334,40-49歲,男,二級,陽性
30335,20-29歲,男,無,陰性
30336,50-59歲,男,無,陰性
30337,50-59歲,男,一級,陽性
30338,50-59歲,男,無,陰性
30339,20-29歲,男,無,陰性
30340,60歲以上,男,無,陰性
30341,50-59歲,男,二級,陽性
30342,20-29歲,男,無,陰性
30343,40-49歲,男,無,陰性
30344,30-39歲,男,無,陰性
30345,40-49歲,男,無,陰性
30346,50-59歲,男,無,陰性
30347,60歲以上,男,無,陰性
30348,50-59歲,男,三級,陽性
30349,60歲以上,男,無,陰性
30350,30-39歲,女,無,陰性
30351,50-59歲,男,無,陰性
30352,20-29歲,男,無,陰性
30353,40-49歲,男,三級,陽性
30354,50-59歲,男,無,陰性
30355,40-49歲,男,二級,陽性
30356,40-49歲,女,無,陰性
30357,40-49歲,男,無,陰性
30358,60歲以上,男,無,陰性
30359,50-59歲,女,無,陰性
30360,40-49歲,女,二級,陽性
30361,50-59歲,女,二級,陽性
30362,50-59歲,女,無,陰性
30363,40-49歲,男,無,陰性
30364,40-49歲,男,無,陰性
30365,40-49歲,男,無,陰性
30366,60歲以上,女,無,陰性
30367,60歲以上,男,無,陰性
30368,20-29歲,男,二級,陽性
30369,30-39歲,男,無,陰性
30370,60歲以上,女,無,陰性
30371,50-59歲,男,三級,陽性
30372,50-59歲,男,無,陰性
30373,20-29歲,女,無,陰性
30374,30-39歲,男,無,陰性
30375,40-49歲,男,二級,陽性
30376,19歲以下,男,無,陰性
30377,30-39歲,男,無,陰性
30378,50-59歲,男,無,陰性
30379,30-39歲,男,無,陰性
30380,40-49歲,男,無,陰性
30381,40-49歲,男,無,陰性
30382,50-59歲,男,無,陰性
30383,50-59歲,男,無,陰性
30384,60歲以上,女,無,陰性
30385,60歲以上,男,無,陰性
30386,50-59歲,女,二級,陽性
30387,40-49歲,男,一級,陽性
30388,40-49歲,男,無,陰性
30389,30-39歲,男,無,陰性
30390,40-49歲,男,無,陰性
30391,40-49歲,女,無,陰性
30392,40-49歲,男,二級,陽性
30393,20-29歲,男,二級,陽性
30394,30-39歲,男,二級,陽性
30395,20-29歲,男,一級,陽性
30396,50-59歲,男,無,陰性
30397,40-49歲,女,無,陰性
30398,50-59歲,男,無,陰性
30399,40-49歲,男,無,陰性
30400,50-59歲,男,二級,陽性
30401,20-29歲,男,二級,陽性
30402,50-59歲,男,無,陰性
30403,40-49歲,男,無,陰性
30404,30-39歲,男,二級,陽性
30405,40-49歲,女,無,陰性
30406,50-59歲,男,無,陰性
30407,60歲以上,女,無,陰性
30408,40-49歲,男,無,陰性
30409,40-49歲,男,一級,陽性
30410,40-49歲,男,無,陰性
30411,50-59歲,男,無,陰性
30412,40-49歲,男,無,陰性
30413,20-29歲,男,無,陰性
30414,50-59歲,男,二級,陽性
30415,19歲以下,男,無,陰性
30416,60歲以上,女,三級,陽性
30417,50-59歲,男,無,陰性
30418,30-39歲,男,無,陰性
30419,40-49歲,男,二級,陽性
30420,50-59歲,男,無,陰性
30421,40-49歲,男,無,陰性
30422,40-49歲,男,二級,陽性
30423,50-59歲,女,無,陰性
30424,20-29歲,男,無,陰性
30425,30-39歲,男,無,陰性
30426,50-59歲,男,無,陰性
30427,50-59歲,男,無,陰性
30428,50-59歲,男,無,陰性
30429,40-49歲,男,無,陰性
30430,50-59歲,男,二級,陽性
30431,50-59歲,男,無,陰性
30432,50-59歲,男,無,陰性
30433,50-59歲,男,無,陰性
30434,50-59歲,男,無,陰性
30435,30-39歲,男,無,陰性
30436,40-49歲,男,無,陰性
30437,30-39歲,男,無,陰性
30438,40-49歲,男,無,陰性
30439,40-49歲,女,無,陰性
30440,30-39歲,女,三級,陽性
30441,40-49歲,男,無,陰性
30442,40-49歲,男,無,陰性
30443,30-39歲,男,一級,陽性
30444,30-39歲,男,無,陰性
30445,20-29歲,男,無,陰性
30446,40-49歲,男,無,陰性
30447,30-39歲,男,無,陰性
30448,50-59歲,男,無,陰性
30449,50-59歲,女,無,陰性
30450,40-49歲,男,二級,陽性
30451,40-49歲,男,無,陰性
30452,40-49歲,男,無,陰性
30453,50-59歲,男,二級,陽性
30454,40-49歲,男,無,陰性
30455,40-49歲,男,二級,陽性
30456,50-59歲,男,無,陰性
30457,40-49歲,男,無,陰性
30458,50-59歲,男,無,陰性
30459,40-49歲,男,無,陰性
30460,40-49歲,男,一級,陽性
30461,20-29歲,男,二級,陽性
30462,40-49歲,男,無,陰性
30463,50-59歲,男,無,陰性
30464,20-29歲,男,二級,陽性
30465,40-49歲,男,無,陰性
30466,60歲以上,男,無,陰性
30467,40-49歲,男,二級,陽性
30468,40-49歲,男,無,陰性
30469,40-49歲,男,無,陰性
30470,40-49歲,男,無,陰性
30471,30-39歲,女,無,陰性
30472,50-59歲,女,無,陰性
30473,60歲以上,男,二級,陽性
30474,40-49歲,男,無,陰性
30475,40-49歲,男,無,陰性
30476,40-49歲,男,三級,陽性
30477,30-39歲,男,無,陰性
30478,30-39歲,男,無,陰性
30479,40-49歲,男,二級,陽性
30480,50-59歲,女,無,陰性
30481,40-49歲,男,二級,陽性
30482,40-49歲,男,無,陰性
30483,20-29歲,男,無,陰性
30484,50-59歲,男,無,陰性
30485,40-49歲,男,無,陰性
30486,50-59歲,男,一級,陽性
30487,40-49歲,男,無,陰性
30488,60歲以上,男,無,陰性
30489,30-39歲,女,無,陰性
30490,60歲以上,男,無,陰性
30491,40-49歲,男,無,陰性
30492,40-49歲,男,無,陰性
30493,50-59歲,女,無,陰性
30494,40-49歲,男,無,陰性
30495,20-29歲,男,二級,陽性
30496,60歲以上,女,無,陰性
30497,40-49歲,男,無,陰性
30498,30-39歲,男,無,陰性
30499,40-49歲,男,無,陰性
30500,40-49歲,女,無,陰性
30501,30-39歲,男,無,陰性
30502,50-59歲,男,二級,陽性
30503,30-39歲,女,無,陰性
30504,20-29歲,男,無,陰性
30505,20-29歲,男,二級,陽性
30506,40-49歲,女,無,陰性
30507,50-59歲,男,無,陰性
30508,40-49歲,男,無,陰性
30509,20-29歲,男,無,陰性
30510,50-59歲,男,二級,陽性
30511,40-49歲,男,無,陰性
30512,30-39歲,男,無,陰性
30513,20-29歲,男,無,陰性
30514,20-29歲,男,二級,陽性
30515,20-29歲,男,二級,陽性
30516,20-29歲,男,二級,陽性
30517,40-49歲,男,無,陰性
30518,50-59歲,女,無,陰性
30519,60歲以上,女,二級,陽性
30520,30-39歲,男,一級,陽性
30521,40-49歲,男,三級,陽性
30522,50-59歲,男,無,陰性
30523,30-39歲,女,一級,陽性
30524,40-49歲,女,無,陰性
30525,30-39歲,男,無,陰性
30526,60歲以上,男,二級,陽性
30527,50-59歲,男,無,陰性
30528,60歲以上,男,無,陰性
30529,40-49歲,男,無,陰性
30530,20-29歲,男,無,陰性
30531,50-59歲,男,無,陰性
30532,30-39歲,男,二級,陽性
30533,20-29歲,男,無,陰性
30534,40-49歲,男,無,陰性
30535,40-49歲,男,無,陰性
30536,50-59歲,男,無,陰性
30537,20-29歲,男,三級,陽性
30538,19歲以下,男,無,陰性
30539,60歲以上,男,無,陰性
30540,40-49歲,男,無,陰性
30541,40-49歲,男,二級,陽性
30542,40-49歲,男,二級,陽性
30543,50-59歲,女,二級,陽性
30544,50-59歲,男,無,陰性
30545,40-49歲,女,無,陰性
30546,60歲以上,男,二級,陽性
30547,50-59歲,男,無,陰性
30548,40-49歲,男,無,陰性
30549,50-59歲,男,無,陰性
30550,30-39歲,女,無,陰性
30551,40-49歲,男,無,陰性
30552,40-49歲,男,無,陰性
30553,40-49歲,男,二級,陽性
30554,60歲以上,男,無,陰性
30555,40-49歲,男,無,陰性
30556,40-49歲,女,無,陰性
30557,50-59歲,男,無,陰性
30558,40-49歲,男,三級,陽性
30559,40-49歲,女,無,陰性
30560,50-59歲,女,無,陰性
30561,40-49歲,女,無,陰性
30562,60歲以上,男,無,陰性
30563,20-29歲,男,一級,陽性
30564,40-49歲,女,無,陰性
30565,30-39歲,男,無,陰性
30566,30-39歲,男,無,陰性
30567,60歲以上,男,無,陰性
30568,40-49歲,男,無,陰性
30569,30-39歲,女,無,陰性
30570,40-49歲,男,二級,陽性
30571,40-49歲,男,無,陰性
30572,20-29歲,男,無,陰性
30573,20-29歲,男,無,陰性
30574,40-49歲,男,無,陰性
30575,60歲以上,男,無,陰性
30576,40-49歲,男,無,陰性
30577,40-49歲,男,無,陰性
30578,60歲以上,男,無,陰性
30579,40-49歲,女,二級,陽性
30580,40-49歲,男,無,陰性
30581,40-49歲,男,無,陰性
30582,30-39歲,男,二級,陽性
30583,60歲以上,女,無,陰性
30584,19歲以下,男,無,陰性
30585,60歲以上,男,二級,陽性
30586,30-39歲,男,二級,陽性
30587,40-49歲,男,無,陰性
30588,40-49歲,男,無,陰性
30589,20-29歲,女,無,陰性
30590,19歲以下,男,無,陰性
30591,30-39歲,女,無,陰性
30592,40-49歲,男,無,陰性
30593,40-49歲,男,無,陰性
30594,50-59歲,男,無,陰性
30595,50-59歲,男,無,陰性
30596,40-49歲,男,二級,陽性
30597,30-39歲,女,無,陰性
30598,50-59歲,男,無,陰性
30599,40-49歲,男,無,陰性
30600,30-39歲,男,無,陰性
30601,60歲以上,男,無,陰性
30602,30-39歲,男,無,陰性
30603,50-59歲,男,無,陰性
30604,40-49歲,女,無,陰性
30605,30-39歲,男,無,陰性
30606,30-39歲,男,無,陰性
30607,40-49歲,男,無,陰性
30608,50-59歲,男,二級,陽性
30609,30-39歲,男,三級,陽性
30610,30-39歲,女,無,陰性
30611,30-39歲,男,無,陰性
30612,60歲以上,男,無,陰性
30613,30-39歲,女,無,陰性
30614,50-59歲,男,無,陰性
30615,30-39歲,男,無,陰性
30616,30-39歲,女,無,陰性
30617,50-59歲,女,二級,陽性
30618,30-39歲,男,無,陰性
30619,50-59歲,女,無,陰性
30620,50-59歲,男,無,陰性
30621,60歲以上,男,無,陰性
30622,50-59歲,男,無,陰性
30623,40-49歲,男,二級,陽性
30624,40-49歲,女,無,陰性
30625,40-49歲,男,無,陰性
30626,30-39歲,男,無,陰性
30627,40-49歲,男,無,陰性
30628,60歲以上,女,無,陰性
30629,50-59歲,男,無,陰性
30630,50-59歲,男,一級,陽性
30631,50-59歲,男,無,陰性
30632,30-39歲,女,無,陰性
30633,20-29歲,男,無,陰性
30634,50-59歲,男,無,陰性
30635,19歲以下,男,無,陰性
30636,50-59歲,女,二級,陽性
30637,40-49歲,男,無,陰性
30638,40-49歲,男,無,陰性
30639,50-59歲,女,無,陰性
30640,40-49歲,男,無,陰性
30641,50-59歲,男,二級,陽性
30642,50-59歲,男,無,陰性
30643,40-49歲,男,無,陰性
30644,50-59歲,男,無,陰性
30645,60歲以上,女,無,陰性
30646,50-59歲,男,無,陰性
30647,30-39歲,男,無,陰性
30648,40-49歲,男,無,陰性
30649,40-49歲,男,無,陰性
30650,50-59歲,男,無,陰性
30651,50-59歲,男,無,陰性
30652,40-49歲,男,無,陰性
30653,20-29歲,女,無,陰性
30654,20-29歲,男,無,陰性
30655,50-59歲,女,一級,陽性
30656,30-39歲,女,無,陰性
30657,40-49歲,男,無,陰性
30658,40-49歲,男,無,陰性
30659,20-29歲,女,無,陰性
30660,19歲以下,男,無,陰性
30661,40-49歲,男,無,陰性
30662,30-39歲,男,無,陰性
30663,40-49歲,男,無,陰性
30664,50-59歲,男,無,陰性
30665,40-49歲,女,無,陰性
30666,30-39歲,女,二級,陽性
30667,20-29歲,男,三級,陽性
30668,19歲以下,男,三級,陽性
30669,30-39歲,男,二級,陽性
30670,40-49歲,男,無,陰性
30671,19歲以下,男,無,陰性
30672,30-39歲,男,無,陰性
30673,40-49歲,男,無,陰性
30674,40-49歲,男,無,陰性
30675,20-29歲,男,無,陰性
30676,30-39歲,男,無,陰性
30677,40-49歲,男,無,陰性
30678,60歲以上,男,無,陰性
30679,30-39歲,男,三級,陽性
30680,40-49歲,男,三級,陽性
30681,40-49歲,男,無,陰性
30682,60歲以上,男,一級,陽性
30683,30-39歲,男,無,陰性
30684,40-49歲,男,無,陰性
30685,40-49歲,男,二級,陽性
30686,30-39歲,男,無,陰性
30687,20-29歲,男,無,陰性
30688,40-49歲,男,二級,陽性
30689,50-59歲,男,無,陰性
30690,50-59歲,男,無,陰性
30691,40-49歲,男,無,陰性
30692,40-49歲,女,無,陰性
30693,50-59歲,男,無,陰性
30694,50-59歲,男,無,陰性
30695,50-59歲,男,無,陰性
30696,30-39歲,男,無,陰性
30697,40-49歲,男,無,陰性
30698,50-59歲,男,一級,陽性
30699,40-49歲,男,無,陰性
30700,50-59歲,男,無,陰性
30701,30-39歲,男,無,陰性
30702,50-59歲,男,無,陰性
30703,40-49歲,男,二級,陽性
30704,50-59歲,女,無,陰性
30705,40-49歲,男,無,陰性
30706,30-39歲,女,三級,陽性
30707,60歲以上,男,無,陰性
30708,40-49歲,男,無,陰性
30709,50-59歲,男,三級,陽性
30710,50-59歲,男,無,陰性
30711,40-49歲,男,無,陰性
30712,60歲以上,男,無,陰性
30713,40-49歲,男,無,陰性
30714,30-39歲,女,無,陰性
30715,20-29歲,男,無,陰性
30716,50-59歲,女,無,陰性
30717,20-29歲,男,無,陰性
30718,40-49歲,女,無,陰性
30719,50-59歲,男,無,陰性
30720,50-59歲,男,二級,陽性
30721,50-59歲,男,無,陰性
30722,30-39歲,女,無,陰性
30723,40-49歲,女,無,陰性
30724,20-29歲,男,無,陰性
30725,50-59歲,男,無,陰性
30726,30-39歲,女,無,陰性
30727,50-59歲,男,二級,陽性
30728,40-49歲,女,無,陰性
30729,20-29歲,男,無,陰性
30730,20-29歲,男,無,陰性
30731,40-49歲,男,無,陰性
30732,40-49歲,男,無,陰性
30733,50-59歲,男,無,陰性
30734,50-59歲,女,無,陰性
30735,40-49歲,男,無,陰性
30736,30-39歲,男,二級,陽性
30737,30-39歲,男,二級,陽性
30738,40-49歲,男,無,陰性
30739,50-59歲,男,二級,陽性
30740,40-49歲,男,二級,陽性
30741,50-59歲,女,二級,陽性
30742,60歲以上,男,無,陰性
30743,40-49歲,男,無,陰性
30744,40-49歲,男,無,陰性
30745,50-59歲,男,無,陰性
30746,40-49歲,男,無,陰性
30747,50-59歲,男,無,陰性
30748,20-29歲,男,無,陰性
30749,50-59歲,男,無,陰性
30750,20-29歲,男,無,陰性
30751,20-29歲,男,無,陰性
30752,40-49歲,男,無,陰性
30753,30-39歲,男,二級,陽性
30754,50-59歲,女,無,陰性
30755,40-49歲,女,無,陰性
30756,50-59歲,男,三級,陽性
30757,50-59歲,男,無,陰性
30758,40-49歲,男,三級,陽性
30759,50-59歲,男,無,陰性
30760,40-49歲,男,無,陰性
30761,50-59歲,男,二級,陽性
30762,40-49歲,男,三級,陽性
30763,40-49歲,男,一級,陽性
30764,40-49歲,女,無,陰性
30765,20-29歲,男,無,陰性
30766,50-59歲,男,一級,陽性
30767,40-49歲,女,二級,陽性
30768,50-59歲,男,無,陰性
30769,40-49歲,男,無,陰性
30770,50-59歲,男,無,陰性
30771,50-59歲,男,無,陰性
30772,40-49歲,男,二級,陽性
30773,50-59歲,男,二級,陽性
30774,50-59歲,女,無,陰性
30775,40-49歲,女,無,陰性
30776,20-29歲,男,二級,陽性
30777,20-29歲,男,無,陰性
30778,50-59歲,男,無,陰性
30779,19歲以下,女,無,陰性
30780,50-59歲,男,無,陰性
30781,40-49歲,男,無,陰性
30782,20-29歲,男,無,陰性
30783,50-59歲,男,無,陰性
30784,20-29歲,男,無,陰性
30785,30-39歲,男,無,陰性
30786,30-39歲,男,二級,陽性
30787,40-49歲,男,無,陰性
30788,40-49歲,男,無,陰性
30789,60歲以上,男,無,陰性
30790,40-49歲,男,無,陰性
30791,40-49歲,男,無,陰性
30792,50-59歲,男,二級,陽性
30793,30-39歲,男,無,陰性
30794,60歲以上,男,無,陰性
30795,40-49歲,女,無,陰性
30796,30-39歲,男,無,陰性
30797,20-29歲,男,無,陰性
30798,40-49歲,男,無,陰性
30799,30-39歲,男,無,陰性
30800,60歲以上,男,無,陰性
30801,60歲以上,男,二級,陽性
30802,40-49歲,男,無,陰性
30803,60歲以上,男,無,陰性
30804,40-49歲,男,無,陰性
30805,30-39歲,男,無,陰性
30806,60歲以上,男,無,陰性
30807,20-29歲,男,無,陰性
30808,60歲以上,男,無,陰性
30809,50-59歲,女,二級,陽性
30810,50-59歲,女,無,陰性
30811,40-49歲,男,無,陰性
30812,60歲以上,男,無,陰性
30813,40-49歲,男,無,陰性
30814,20-29歲,女,無,陰性
30815,50-59歲,女,一級,陽性
30816,30-39歲,男,無,陰性
30817,50-59歲,男,無,陰性
30818,30-39歲,男,無,陰性
30819,40-49歲,男,二級,陽性
30820,50-59歲,男,三級,陽性
30821,50-59歲,男,無,陰性
30822,40-49歲,男,無,陰性
30823,50-59歲,男,無,陰性
30824,50-59歲,男,無,陰性
30825,50-59歲,女,無,陰性
30826,20-29歲,男,無,陰性
30827,30-39歲,男,無,陰性
30828,40-49歲,男,無,陰性
30829,40-49歲,男,二級,陽性
30830,60歲以上,女,無,陰性
30831,60歲以上,男,無,陰性
30832,30-39歲,男,無,陰性
30833,40-49歲,男,無,陰性
30834,60歲以上,男,二級,陽性
30835,40-49歲,男,無,陰性
30836,50-59歲,男,二級,陽性
30837,40-49歲,男,一級,陽性
30838,50-59歲,男,二級,陽性
30839,50-59歲,男,二級,陽性
30840,60歲以上,男,無,陰性
30841,40-49歲,男,無,陰性
30842,60歲以上,男,二級,陽性
30843,50-59歲,男,三級,陽性
30844,30-39歲,女,無,陰性
30845,40-49歲,男,二級,陽性
30846,30-39歲,男,無,陰性
30847,30-39歲,男,無,陰性
30848,50-59歲,男,二級,陽性
30849,50-59歲,男,無,陰性
30850,50-59歲,男,二級,陽性
30851,50-59歲,男,無,陰性
30852,50-59歲,男,無,陰性
30853,50-59歲,男,無,陰性
30854,40-49歲,男,二級,陽性
30855,40-49歲,男,無,陰性
30856,40-49歲,男,無,陰性
30857,30-39歲,男,無,陰性
30858,50-59歲,男,無,陰性
30859,60歲以上,男,無,陰性
30860,50-59歲,男,無,陰性
30861,60歲以上,男,無,陰性
30862,40-49歲,男,無,陰性
30863,40-49歲,女,無,陰性
30864,40-49歲,男,二級,陽性
30865,40-49歲,男,無,陰性
30866,50-59歲,男,無,陰性
30867,60歲以上,男,三級,陽性
30868,60歲以上,女,無,陰性
30869,60歲以上,女,無,陰性
30870,60歲以上,男,無,陰性
30871,60歲以上,女,無,陰性
30872,40-49歲,男,無,陰性
30873,60歲以上,男,無,陰性
30874,60歲以上,男,無,陰性
30875,50-59歲,女,無,陰性
30876,50-59歲,男,無,陰性
30877,40-49歲,男,無,陰性
30878,30-39歲,女,無,陰性
30879,50-59歲,男,無,陰性
30880,40-49歲,女,二級,陽性
30881,30-39歲,女,無,陰性
30882,50-59歲,男,無,陰性
30883,20-29歲,男,無,陰性
30884,30-39歲,男,無,陰性
30885,20-29歲,男,二級,陽性
30886,40-49歲,男,無,陰性
30887,50-59歲,男,無,陰性
30888,19歲以下,男,無,陰性
30889,30-39歲,男,無,陰性
30890,20-29歲,男,二級,陽性
30891,50-59歲,男,二級,陽性
30892,20-29歲,男,無,陰性
30893,20-29歲,男,二級,陽性
30894,40-49歲,女,二級,陽性
30895,30-39歲,男,三級,陽性
30896,30-39歲,女,無,陰性
30897,30-39歲,男,一級,陽性
30898,30-39歲,男,無,陰性
30899,30-39歲,男,無,陰性
30900,50-59歲,男,無,陰性
30901,40-49歲,男,無,陰性
30902,50-59歲,男,無,陰性
30903,20-29歲,男,無,陰性
30904,40-49歲,男,無,陰性
30905,50-59歲,男,二級,陽性
30906,19歲以下,男,無,陰性
30907,30-39歲,男,無,陰性
30908,50-59歲,男,二級,陽性
30909,50-59歲,男,無,陰性
30910,40-49歲,男,無,陰性
30911,20-29歲,男,無,陰性
30912,60歲以上,男,無,陰性
30913,50-59歲,男,無,陰性
30914,40-49歲,男,二級,陽性
30915,50-59歲,男,無,陰性
30916,30-39歲,男,二級,陽性
30917,30-39歲,女,無,陰性
30918,20-29歲,男,無,陰性
30919,20-29歲,男,無,陰性
30920,60歲以上,女,二級,陽性
30921,40-49歲,男,無,陰性
30922,20-29歲,男,無,陰性
30923,50-59歲,男,二級,陽性
30924,40-49歲,男,無,陰性
30925,30-39歲,男,二級,陽性
30926,40-49歲,男,無,陰性
30927,40-49歲,男,無,陰性
30928,40-49歲,男,無,陰性
30929,40-49歲,男,二級,陽性
30930,40-49歲,男,無,陰性
30931,60歲以上,男,無,陰性
30932,40-49歲,女,一級,陽性
30933,40-49歲,女,無,陰性
30934,40-49歲,男,無,陰性
30935,30-39歲,男,無,陰性
30936,30-39歲,男,無,陰性
30937,40-49歲,男,無,陰性
30938,40-49歲,女,無,陰性
30939,60歲以上,男,無,陰性
30940,30-39歲,男,無,陰性
30941,40-49歲,男,無,陰性
30942,20-29歲,男,無,陰性
30943,40-49歲,男,無,陰性
30944,20-29歲,男,無,陰性
30945,50-59歲,男,二級,陽性
30946,40-49歲,男,無,陰性
30947,60歲以上,男,無,陰性
30948,50-59歲,男,無,陰性
30949,19歲以下,男,三級,陽性
30950,60歲以上,女,無,陰性
30951,50-59歲,男,無,陰性
30952,40-49歲,男,無,陰性
30953,50-59歲,男,無,陰性
30954,50-59歲,男,無,陰性
30955,40-49歲,男,二級,陽性
30956,40-49歲,男,三級,陽性
30957,40-49歲,女,無,陰性
30958,50-59歲,女,無,陰性
30959,50-59歲,女,無,陰性
30960,60歲以上,男,無,陰性
30961,30-39歲,男,無,陰性
30962,19歲以下,男,無,陰性
30963,30-39歲,男,無,陰性
30964,30-39歲,男,無,陰性
30965,40-49歲,男,無,陰性
30966,30-39歲,男,二級,陽性
30967,40-49歲,男,無,陰性
30968,50-59歲,男,無,陰性
30969,60歲以上,男,無,陰性
30970,30-39歲,男,無,陰性
30971,40-49歲,男,無,陰性
30972,40-49歲,男,無,陰性
30973,50-59歲,男,二級,陽性
30974,40-49歲,男,無,陰性
30975,40-49歲,男,無,陰性
30976,50-59歲,男,二級,陽性
30977,50-59歲,男,無,陰性
30978,40-49歲,男,一級,陽性
30979,30-39歲,男,二級,陽性
30980,30-39歲,男,二級,陽性
30981,40-49歲,男,無,陰性
30982,60歲以上,男,無,陰性
30983,40-49歲,男,無,陰性
30984,40-49歲,男,無,陰性
30985,20-29歲,女,無,陰性
30986,40-49歲,男,二級,陽性
30987,40-49歲,女,無,陰性
30988,50-59歲,男,二級,陽性
30989,40-49歲,男,無,陰性
30990,30-39歲,男,無,陰性
30991,50-59歲,女,無,陰性
30992,60歲以上,男,無,陰性
30993,50-59歲,女,無,陰性
30994,30-39歲,男,無,陰性
30995,40-49歲,男,無,陰性
30996,40-49歲,男,無,陰性
30997,60歲以上,男,無,陰性
30998,20-29歲,男,無,陰性
30999,30-39歲,男,三級,陽性
31000,50-59歲,男,二級,陽性
31001,50-59歲,男,二級,陽性
31002,19歲以下,男,無,陰性
31003,20-29歲,男,無,陰性
31004,40-49歲,男,無,陰性
31005,40-49歲,女,無,陰性
31006,50-59歲,男,二級,陽性
31007,40-49歲,男,無,陰性
31008,60歲以上,女,無,陰性
31009,40-49歲,男,無,陰性
31010,40-49歲,男,無,陰性
31011,40-49歲,男,二級,陽性
31012,30-39歲,男,二級,陽性
31013,40-49歲,女,二級,陽性
31014,40-49歲,男,三級,陽性
31015,40-49歲,男,無,陰性
31016,30-39歲,女,無,陰性
31017,50-59歲,女,無,陰性
31018,50-59歲,男,二級,陽性
31019,40-49歲,男,無,陰性
31020,50-59歲,男,一級,陽性
31021,50-59歲,男,無,陰性
31022,40-49歲,女,無,陰性
31023,60歲以上,女,二級,陽性
31024,50-59歲,男,無,陰性
31025,40-49歲,男,無,陰性
31026,40-49歲,男,無,陰性
31027,30-39歲,男,無,陰性
31028,40-49歲,男,一級,陽性
31029,30-39歲,男,無,陰性
31030,60歲以上,男,無,陰性
31031,40-49歲,男,無,陰性
31032,40-49歲,男,無,陰性
31033,40-49歲,男,無,陰性
31034,40-49歲,男,無,陰性
31035,50-59歲,男,無,陰性
31036,50-59歲,男,無,陰性
31037,30-39歲,男,無,陰性
31038,40-49歲,男,二級,陽性
31039,40-49歲,男,無,陰性
31040,20-29歲,男,無,陰性
31041,40-49歲,男,無,陰性
31042,40-49歲,男,二級,陽性
31043,40-49歲,女,無,陰性
31044,60歲以上,男,二級,陽性
31045,60歲以上,男,無,陰性
31046,20-29歲,男,無,陰性
31047,50-59歲,男,無,陰性
31048,50-59歲,男,一級,陽性
31049,50-59歲,男,二級,陽性
31050,40-49歲,男,三級,陽性
31051,40-49歲,男,二級,陽性
31052,50-59歲,女,二級,陽性
31053,40-49歲,男,無,陰性
31054,20-29歲,男,無,陰性
31055,40-49歲,男,無,陰性
31056,40-49歲,男,無,陰性
31057,40-49歲,男,無,陰性
31058,50-59歲,男,無,陰性
31059,50-59歲,男,無,陰性
31060,40-49歲,男,無,陰性
31061,40-49歲,男,無,陰性
31062,40-49歲,女,無,陰性
31063,50-59歲,男,二級,陽性
31064,20-29歲,男,三級,陽性
31065,40-49歲,男,無,陰性
31066,40-49歲,男,無,陰性
31067,40-49歲,男,無,陰性
31068,20-29歲,男,無,陰性
31069,40-49歲,男,無,陰性
31070,30-39歲,男,無,陰性
31071,40-49歲,男,二級,陽性
31072,20-29歲,女,無,陰性
31073,30-39歲,男,無,陰性
31074,40-49歲,男,無,陰性
31075,60歲以上,女,無,陰性
31076,40-49歲,男,無,陰性
31077,40-49歲,男,無,陰性
31078,50-59歲,男,三級,陽性
31079,60歲以上,男,無,陰性
31080,40-49歲,男,無,陰性
31081,30-39歲,男,無,陰性
31082,50-59歲,女,無,陰性
31083,20-29歲,男,無,陰性
31084,50-59歲,男,無,陰性
31085,60歲以上,男,無,陰性
31086,40-49歲,男,無,陰性
31087,20-29歲,男,一級,陽性
31088,30-39歲,男,無,陰性
31089,40-49歲,男,二級,陽性
31090,30-39歲,男,二級,陽性
31091,19歲以下,男,無,陰性
31092,30-39歲,男,無,陰性
31093,50-59歲,男,無,陰性
31094,40-49歲,男,無,陰性
31095,50-59歲,男,無,陰性
31096,40-49歲,男,無,陰性
31097,19歲以下,男,無,陰性
31098,30-39歲,男,無,陰性
31099,30-39歲,男,無,陰性
31100,19歲以下,女,二級,陽性
31101,19歲以下,男,無,陰性
31102,60歲以上,女,無,陰性
31103,50-59歲,女,無,陰性
31104,30-39歲,男,無,陰性
31105,50-59歲,男,無,陰性
31106,40-49歲,男,無,陰性
31107,60歲以上,男,二級,陽性
31108,40-49歲,男,無,陰性
31109,40-49歲,男,無,陰性
31110,20-29歲,女,無,陰性
31111,50-59歲,男,無,陰性
31112,30-39歲,男,無,陰性
31113,40-49歲,男,無,陰性
31114,40-49歲,男,無,陰性
31115,40-49歲,男,無,陰性
31116,30-39歲,男,無,陰性
31117,40-49歲,男,無,陰性
31118,19歲以下,女,無,陰性
31119,20-29歲,男,無,陰性
31120,19歲以下,女,無,陰性
31121,40-49歲,女,無,陰性
31122,40-49歲,男,無,陰性
31123,40-49歲,男,無,陰性
31124,40-49歲,男,無,陰性
31125,40-49歲,男,無,陰性
31126,50-59歲,女,二級,陽性
31127,40-49歲,男,無,陰性
31128,50-59歲,男,無,陰性
31129,60歲以上,男,無,陰性
31130,40-49歲,男,無,陰性
31131,40-49歲,男,三級,陽性
31132,19歲以下,男,二級,陽性
31133,40-49歲,男,無,陰性
31134,50-59歲,男,無,陰性
31135,50-59歲,男,無,陰性
31136,30-39歲,男,無,陰性
31137,50-59歲,男,無,陰性
31138,30-39歲,男,無,陰性
31139,60歲以上,男,無,陰性
31140,60歲以上,女,無,陰性
31141,50-59歲,男,二級,陽性
31142,30-39歲,男,無,陰性
31143,20-29歲,男,無,陰性
31144,60歲以上,男,無,陰性
31145,19歲以下,男,無,陰性
31146,60歲以上,男,二級,陽性
31147,40-49歲,男,無,陰性
31148,30-39歲,男,無,陰性
31149,20-29歲,男,無,陰性
31150,20-29歲,男,無,陰性
31151,40-49歲,男,二級,陽性
31152,30-39歲,女,無,陰性
31153,50-59歲,男,二級,陽性
31154,20-29歲,男,無,陰性
31155,40-49歲,男,無,陰性
31156,40-49歲,女,無,陰性
31157,40-49歲,女,二級,陽性
31158,50-59歲,男,無,陰性
31159,60歲以上,男,無,陰性
31160,60歲以上,男,無,陰性
31161,50-59歲,男,無,陰性
31162,40-49歲,男,二級,陽性
31163,50-59歲,男,無,陰性
31164,40-49歲,男,無,陰性
31165,50-59歲,男,無,陰性
31166,50-59歲,男,無,陰性
31167,50-59歲,男,無,陰性
31168,30-39歲,男,三級,陽性
31169,50-59歲,男,無,陰性
31170,40-49歲,男,無,陰性
31171,40-49歲,男,無,陰性
31172,40-49歲,男,無,陰性
31173,50-59歲,男,無,陰性
31174,50-59歲,男,二級,陽性
31175,40-49歲,女,無,陰性
31176,50-59歲,男,三級,陽性
31177,40-49歲,男,無,陰性
31178,30-39歲,男,無,陰性
31179,20-29歲,女,無,陰性
31180,40-49歲,男,二級,陽性
31181,30-39歲,男,無,陰性
31182,20-29歲,男,無,陰性
31183,50-59歲,男,無,陰性
31184,20-29歲,男,無,陰性
31185,60歲以上,男,二級,陽性
31186,30-39歲,女,無,陰性
31187,40-49歲,女,無,陰性
31188,60歲以上,男,三級,陽性
31189,30-39歲,女,無,陰性
31190,40-49歲,男,無,陰性
31191,40-49歲,男,二級,陽性
31192,40-49歲,男,無,陰性
31193,40-49歲,男,無,陰性
31194,50-59歲,男,無,陰性
31195,50-59歲,男,無,陰性
31196,20-29歲,女,三級,陽性
31197,50-59歲,男,二級,陽性
31198,60歲以上,男,無,陰性
31199,50-59歲,男,無,陰性
31200,40-49歲,男,無,陰性
31201,50-59歲,男,無,陰性
31202,40-49歲,男,無,陰性
31203,50-59歲,男,三級,陽性
31204,40-49歲,男,無,陰性
31205,40-49歲,男,無,陰性
31206,50-59歲,男,無,陰性
31207,40-49歲,男,無,陰性
31208,50-59歲,男,無,陰性
31209,40-49歲,女,無,陰性
31210,40-49歲,男,無,陰性
31211,40-49歲,男,二級,陽性
31212,30-39歲,男,無,陰性
31213,30-39歲,男,無,陰性
31214,40-49歲,男,無,陰性
31215,50-59歲,男,無,陰性
31216,30-39歲,男,二級,陽性
31217,50-59歲,男,無,陰性
31218,50-59歲,女,無,陰性
31219,20-29歲,男,無,陰性
31220,40-49歲,男,無,陰性
31221,30-39歲,女,二級,陽性
31222,30-39歲,男,無,陰性
31223,40-49歲,男,無,陰性
31224,30-39歲,男,三級,陽性
31225,50-59歲,男,無,陰性
31226,40-49歲,男,無,陰性
31227,40-49歲,男,無,陰性
31228,30-39歲,男,無,陰性
31229,30-39歲,男,三級,陽性
31230,50-59歲,男,一級,陽性
31231,60歲以上,男,無,陰性
31232,40-49歲,男,無,陰性
31233,50-59歲,男,無,陰性
31234,40-49歲,男,無,陰性
31235,40-49歲,女,無,陰性
31236,40-49歲,男,無,陰性
31237,19歲以下,男,三級,陽性
31238,40-49歲,男,無,陰性
31239,30-39歲,男,無,陰性
31240,50-59歲,男,二級,陽性
31241,40-49歲,男,無,陰性
31242,30-39歲,女,無,陰性
31243,40-49歲,男,無,陰性
31244,50-59歲,男,無,陰性
31245,50-59歲,男,無,陰性
31246,30-39歲,男,無,陰性
31247,50-59歲,女,無,陰性
31248,40-49歲,女,無,陰性
31249,50-59歲,男,無,陰性
31250,30-39歲,女,無,陰性
31251,40-49歲,男,無,陰性
31252,40-49歲,男,無,陰性
31253,40-49歲,男,無,陰性
31254,50-59歲,男,無,陰性
31255,40-49歲,男,二級,陽性
31256,40-49歲,男,無,陰性
31257,50-59歲,女,無,陰性
31258,40-49歲,男,二級,陽性
31259,50-59歲,女,無,陰性
31260,60歲以上,男,無,陰性
31261,30-39歲,男,無,陰性
31262,40-49歲,男,無,陰性
31263,50-59歲,男,無,陰性
31264,60歲以上,男,三級,陽性
31265,30-39歲,男,二級,陽性
31266,50-59歲,男,二級,陽性
31267,20-29歲,男,二級,陽性
31268,40-49歲,男,無,陰性
31269,20-29歲,男,二級,陽性
31270,60歲以上,男,二級,陽性
31271,30-39歲,女,無,陰性
31272,20-29歲,女,無,陰性
31273,40-49歲,男,無,陰性
31274,40-49歲,男,無,陰性
31275,40-49歲,男,無,陰性
31276,40-49歲,男,無,陰性
31277,40-49歲,男,二級,陽性
31278,40-49歲,男,無,陰性
31279,50-59歲,男,一級,陽性
31280,50-59歲,男,無,陰性
31281,50-59歲,男,無,陰性
31282,60歲以上,男,無,陰性
31283,40-49歲,男,二級,陽性
31284,40-49歲,男,無,陰性
31285,40-49歲,男,無,陰性
31286,40-49歲,男,無,陰性
31287,40-49歲,女,無,陰性
31288,30-39歲,男,無,陰性
31289,50-59歲,女,無,陰性
31290,30-39歲,男,無,陰性
31291,19歲以下,男,無,陰性
31292,40-49歲,男,二級,陽性
31293,30-39歲,男,無,陰性
31294,50-59歲,女,無,陰性
31295,19歲以下,女,二級,陽性
31296,40-49歲,男,無,陰性
31297,60歲以上,男,無,陰性
31298,40-49歲,男,無,陰性
31299,50-59歲,女,無,陰性
31300,30-39歲,男,無,陰性
31301,60歲以上,女,一級,陽性
31302,50-59歲,男,無,陰性
31303,30-39歲,男,無,陰性
31304,60歲以上,男,無,陰性
31305,40-49歲,男,無,陰性
31306,60歲以上,男,無,陰性
31307,40-49歲,男,無,陰性
31308,50-59歲,男,無,陰性
31309,30-39歲,男,無,陰性
31310,40-49歲,男,無,陰性
31311,50-59歲,男,二級,陽性
31312,20-29歲,男,無,陰性
31313,40-49歲,男,無,陰性
31314,40-49歲,女,無,陰性
31315,50-59歲,女,無,陰性
31316,30-39歲,男,無,陰性
31317,30-39歲,男,無,陰性
31318,50-59歲,女,無,陰性
31319,30-39歲,男,無,陰性
31320,20-29歲,男,無,陰性
31321,50-59歲,女,無,陰性
31322,40-49歲,男,無,陰性
31323,50-59歲,男,無,陰性
31324,60歲以上,男,無,陰性
31325,40-49歲,男,二級,陽性
31326,60歲以上,男,無,陰性
31327,19歲以下,女,無,陰性
31328,50-59歲,男,無,陰性
31329,40-49歲,男,無,陰性
31330,30-39歲,男,無,陰性
31331,60歲以上,男,無,陰性
31332,40-49歲,男,無,陰性
31333,60歲以上,男,無,陰性
31334,40-49歲,女,無,陰性
31335,40-49歲,男,無,陰性
31336,50-59歲,男,無,陰性
31337,30-39歲,男,無,陰性
31338,30-39歲,女,無,陰性
31339,40-49歲,女,二級,陽性
31340,60歲以上,女,無,陰性
31341,40-49歲,男,無,陰性
31342,40-49歲,男,無,陰性
31343,30-39歲,男,無,陰性
31344,40-49歲,女,無,陰性
31345,40-49歲,女,無,陰性
31346,40-49歲,男,三級,陽性
31347,50-59歲,男,無,陰性
31348,40-49歲,女,一級,陽性
31349,40-49歲,男,無,陰性
31350,40-49歲,男,無,陰性
31351,40-49歲,男,無,陰性
31352,30-39歲,男,無,陰性
31353,50-59歲,男,無,陰性
31354,60歲以上,男,無,陰性
31355,40-49歲,男,二級,陽性
31356,50-59歲,男,無,陰性
31357,30-39歲,男,二級,陽性
31358,50-59歲,男,二級,陽性
31359,40-49歲,男,無,陰性
31360,40-49歲,女,二級,陽性
31361,40-49歲,男,無,陰性
31362,50-59歲,男,二級,陽性
31363,30-39歲,男,無,陰性
31364,30-39歲,男,無,陰性
31365,40-49歲,男,無,陰性
31366,40-49歲,男,無,陰性
31367,40-49歲,女,無,陰性
31368,50-59歲,男,無,陰性
31369,50-59歲,男,無,陰性
31370,50-59歲,男,無,陰性
31371,50-59歲,男,二級,陽性
31372,20-29歲,女,無,陰性
31373,20-29歲,女,無,陰性
31374,40-49歲,女,無,陰性
31375,40-49歲,男,無,陰性
31376,40-49歲,男,無,陰性
31377,40-49歲,男,無,陰性
31378,40-49歲,女,二級,陽性
31379,50-59歲,男,無,陰性
31380,50-59歲,男,無,陰性
31381,50-59歲,男,無,陰性
31382,40-49歲,女,二級,陽性
31383,30-39歲,男,無,陰性
31384,30-39歲,男,無,陰性
31385,60歲以上,男,三級,陽性
31386,40-49歲,男,無,陰性
31387,50-59歲,男,二級,陽性
31388,50-59歲,男,無,陰性
31389,50-59歲,男,無,陰性
31390,60歲以上,男,無,陰性
31391,30-39歲,女,無,陰性
31392,20-29歲,男,二級,陽性
31393,50-59歲,男,二級,陽性
31394,50-59歲,男,無,陰性
31395,40-49歲,男,二級,陽性
31396,50-59歲,男,無,陰性
31397,30-39歲,男,二級,陽性
31398,30-39歲,男,無,陰性
31399,40-49歲,女,無,陰性
31400,19歲以下,女,無,陰性
31401,40-49歲,男,無,陰性
31402,50-59歲,男,無,陰性
31403,50-59歲,男,無,陰性
31404,50-59歲,男,無,陰性
31405,30-39歲,男,無,陰性
31406,60歲以上,女,無,陰性
31407,30-39歲,男,無,陰性
31408,30-39歲,男,無,陰性
31409,40-49歲,男,無,陰性
31410,30-39歲,男,無,陰性
31411,40-49歲,女,無,陰性
31412,40-49歲,男,無,陰性
31413,60歲以上,男,無,陰性
31414,40-49歲,女,無,陰性
31415,50-59歲,男,無,陰性
31416,19歲以下,男,無,陰性
31417,40-49歲,男,無,陰性
31418,60歲以上,男,無,陰性
31419,40-49歲,女,無,陰性
31420,40-49歲,男,無,陰性
31421,50-59歲,男,無,陰性
31422,50-59歲,男,無,陰性
31423,19歲以下,男,一級,陽性
31424,40-49歲,男,無,陰性
31425,40-49歲,男,無,陰性
31426,50-59歲,女,無,陰性
31427,50-59歲,男,二級,陽性
31428,50-59歲,男,無,陰性
31429,60歲以上,男,無,陰性
31430,30-39歲,男,無,陰性
31431,20-29歲,女,無,陰性
31432,50-59歲,男,無,陰性
31433,20-29歲,男,無,陰性
31434,40-49歲,男,二級,陽性
31435,50-59歲,男,無,陰性
31436,50-59歲,男,無,陰性
31437,40-49歲,男,無,陰性
31438,50-59歲,女,二級,陽性
31439,40-49歲,男,無,陰性
31440,30-39歲,男,無,陰性
31441,60歲以上,男,無,陰性
31442,20-29歲,女,無,陰性
31443,30-39歲,男,無,陰性
31444,50-59歲,女,無,陰性
31445,30-39歲,男,無,陰性
31446,20-29歲,男,二級,陽性
31447,40-49歲,男,無,陰性
31448,30-39歲,男,二級,陽性
31449,60歲以上,男,無,陰性
31450,30-39歲,男,無,陰性
31451,50-59歲,男,無,陰性
31452,40-49歲,男,二級,陽性
31453,30-39歲,男,二級,陽性
31454,60歲以上,男,無,陰性
31455,40-49歲,男,無,陰性
31456,40-49歲,男,無,陰性
31457,40-49歲,男,無,陰性
31458,40-49歲,男,二級,陽性
31459,20-29歲,女,無,陰性
31460,50-59歲,男,無,陰性
31461,50-59歲,女,無,陰性
31462,19歲以下,男,無,陰性
31463,50-59歲,男,無,陰性
31464,50-59歲,男,無,陰性
31465,50-59歲,男,無,陰性
31466,50-59歲,男,二級,陽性
31467,30-39歲,女,無,陰性
31468,30-39歲,男,無,陰性
31469,60歲以上,男,二級,陽性
31470,60歲以上,男,二級,陽性
31471,50-59歲,男,無,陰性
31472,50-59歲,女,二級,陽性
31473,50-59歲,男,二級,陽性
31474,50-59歲,男,一級,陽性
31475,30-39歲,男,無,陰性
31476,40-49歲,女,無,陰性
31477,30-39歲,男,無,陰性
31478,30-39歲,男,無,陰性
31479,19歲以下,男,無,陰性
31480,50-59歲,男,無,陰性
31481,40-49歲,女,無,陰性
31482,50-59歲,男,無,陰性
31483,50-59歲,男,無,陰性
31484,20-29歲,女,無,陰性
31485,40-49歲,男,三級,陽性
31486,30-39歲,男,二級,陽性
31487,40-49歲,女,無,陰性
31488,30-39歲,男,二級,陽性
31489,60歲以上,男,無,陰性
31490,20-29歲,男,無,陰性
31491,60歲以上,男,無,陰性
31492,40-49歲,男,無,陰性
31493,20-29歲,女,二級,陽性
31494,50-59歲,男,無,陰性
31495,40-49歲,女,無,陰性
31496,30-39歲,男,無,陰性
31497,40-49歲,男,無,陰性
31498,50-59歲,男,二級,陽性
31499,40-49歲,男,無,陰性
31500,40-49歲,女,無,陰性
31501,40-49歲,男,無,陰性
31502,20-29歲,男,無,陰性
31503,40-49歲,男,無,陰性
31504,50-59歲,男,無,陰性
31505,60歲以上,男,無,陰性
31506,40-49歲,男,無,陰性
31507,40-49歲,男,無,陰性
31508,50-59歲,男,二級,陽性
31509,40-49歲,男,無,陰性
31510,50-59歲,女,無,陰性
31511,40-49歲,女,無,陰性
31512,30-39歲,男,二級,陽性
31513,20-29歲,男,無,陰性
31514,30-39歲,男,無,陰性
31515,40-49歲,男,無,陰性
31516,40-49歲,男,二級,陽性
31517,30-39歲,男,無,陰性
31518,40-49歲,男,無,陰性
31519,40-49歲,男,無,陰性
31520,60歲以上,男,二級,陽性
31521,20-29歲,男,無,陰性
31522,50-59歲,女,無,陰性
31523,30-39歲,女,無,陰性
31524,40-49歲,男,二級,陽性
31525,50-59歲,男,無,陰性
31526,30-39歲,男,無,陰性
31527,40-49歲,男,無,陰性
31528,60歲以上,男,二級,陽性
31529,50-59歲,男,無,陰性
31530,40-49歲,男,無,陰性
31531,50-59歲,男,無,陰性
31532,20-29歲,男,無,陰性
31533,40-49歲,男,無,陰性
31534,40-49歲,男,無,陰性
31535,60歲以上,男,三級,陽性
31536,50-59歲,男,無,陰性
31537,50-59歲,男,無,陰性
31538,30-39歲,男,無,陰性
31539,60歲以上,男,無,陰性
31540,40-49歲,女,二級,陽性
31541,30-39歲,男,無,陰性
31542,30-39歲,男,無,陰性
31543,30-39歲,男,無,陰性
31544,40-49歲,男,無,陰性
31545,30-39歲,男,無,陰性
31546,40-49歲,男,無,陰性
31547,19歲以下,男,無,陰性
31548,30-39歲,男,二級,陽性
31549,40-49歲,女,無,陰性
31550,50-59歲,男,二級,陽性
31551,50-59歲,男,無,陰性
31552,50-59歲,男,無,陰性
31553,40-49歲,男,無,陰性
31554,50-59歲,男,無,陰性
31555,40-49歲,男,無,陰性
31556,20-29歲,男,二級,陽性
31557,50-59歲,男,二級,陽性
31558,40-49歲,男,無,陰性
31559,19歲以下,男,三級,陽性
31560,30-39歲,男,無,陰性
31561,40-49歲,男,無,陰性
31562,40-49歲,男,無,陰性
31563,40-49歲,男,二級,陽性
31564,30-39歲,男,二級,陽性
31565,20-29歲,男,一級,陽性
31566,50-59歲,男,二級,陽性
31567,50-59歲,男,無,陰性
31568,30-39歲,男,無,陰性
31569,40-49歲,男,無,陰性
31570,20-29歲,男,無,陰性
31571,50-59歲,男,無,陰性
31572,60歲以上,男,無,陰性
31573,30-39歲,男,無,陰性
31574,40-49歲,男,二級,陽性
31575,40-49歲,男,無,陰性
31576,30-39歲,男,無,陰性
31577,50-59歲,男,二級,陽性
31578,30-39歲,男,無,陰性
31579,60歲以上,男,無,陰性
31580,40-49歲,女,無,陰性
31581,50-59歲,男,無,陰性
31582,30-39歲,男,無,陰性
31583,60歲以上,男,無,陰性
31584,60歲以上,男,二級,陽性
31585,40-49歲,男,無,陰性
31586,60歲以上,男,無,陰性
31587,20-29歲,男,二級,陽性
31588,30-39歲,男,三級,陽性
31589,50-59歲,男,無,陰性
31590,30-39歲,男,無,陰性
31591,40-49歲,男,無,陰性
31592,30-39歲,男,無,陰性
31593,40-49歲,男,無,陰性
31594,40-49歲,男,無,陰性
31595,60歲以上,男,二級,陽性
31596,30-39歲,男,無,陰性
31597,60歲以上,男,無,陰性
31598,50-59歲,男,無,陰性
31599,20-29歲,男,二級,陽性
31600,20-29歲,男,無,陰性
31601,60歲以上,男,無,陰性
31602,60歲以上,女,無,陰性
31603,20-29歲,男,二級,陽性
31604,30-39歲,男,無,陰性
31605,40-49歲,男,無,陰性
31606,60歲以上,男,無,陰性
31607,30-39歲,男,無,陰性
31608,30-39歲,男,無,陰性
31609,20-29歲,男,無,陰性
31610,19歲以下,女,二級,陽性
31611,60歲以上,男,無,陰性
31612,40-49歲,男,無,陰性
31613,60歲以上,女,無,陰性
31614,30-39歲,男,無,陰性
31615,50-59歲,男,無,陰性
31616,40-49歲,男,無,陰性
31617,50-59歲,女,無,陰性
31618,20-29歲,男,無,陰性
31619,50-59歲,男,無,陰性
31620,60歲以上,男,無,陰性
31621,30-39歲,男,無,陰性
31622,40-49歲,男,無,陰性
31623,40-49歲,女,無,陰性
31624,30-39歲,女,無,陰性
31625,30-39歲,男,無,陰性
31626,40-49歲,男,二級,陽性
31627,40-49歲,男,二級,陽性
31628,60歲以上,男,無,陰性
31629,40-49歲,女,無,陰性
31630,20-29歲,男,二級,陽性
31631,30-39歲,男,二級,陽性
31632,20-29歲,男,無,陰性
31633,40-49歲,男,一級,陽性
31634,30-39歲,男,無,陰性
31635,50-59歲,男,無,陰性
31636,30-39歲,女,一級,陽性
31637,40-49歲,男,無,陰性
31638,40-49歲,男,無,陰性
31639,30-39歲,男,二級,陽性
31640,40-49歲,男,無,陰性
31641,20-29歲,男,無,陰性
31642,50-59歲,男,無,陰性
31643,30-39歲,男,無,陰性
31644,50-59歲,男,無,陰性
31645,30-39歲,男,無,陰性
31646,40-49歲,女,無,陰性
31647,50-59歲,男,無,陰性
31648,40-49歲,女,三級,陽性
31649,50-59歲,男,無,陰性
31650,30-39歲,女,無,陰性
31651,60歲以上,男,無,陰性
31652,50-59歲,男,三級,陽性
31653,40-49歲,男,二級,陽性
31654,40-49歲,男,無,陰性
31655,30-39歲,男,無,陰性
31656,40-49歲,男,一級,陽性
31657,40-49歲,男,無,陰性
31658,50-59歲,男,無,陰性
31659,50-59歲,男,無,陰性
31660,40-49歲,男,二級,陽性
31661,40-49歲,男,無,陰性
31662,40-49歲,男,無,陰性
31663,50-59歲,男,無,陰性
31664,40-49歲,男,無,陰性
31665,20-29歲,男,無,陰性
31666,40-49歲,男,無,陰性
31667,40-49歲,男,無,陰性
31668,30-39歲,男,無,陰性
31669,50-59歲,男,無,陰性
31670,50-59歲,男,無,陰性
31671,50-59歲,男,無,陰性
31672,50-59歲,男,無,陰性
31673,50-59歲,男,無,陰性
31674,40-49歲,男,無,陰性
31675,50-59歲,男,無,陰性
31676,20-29歲,女,無,陰性
31677,40-49歲,男,二級,陽性
31678,20-29歲,女,無,陰性
31679,50-59歲,男,無,陰性
31680,50-59歲,男,無,陰性
31681,60歲以上,男,無,陰性
31682,40-49歲,男,無,陰性
31683,40-49歲,女,無,陰性
31684,40-49歲,男,無,陰性
31685,19歲以下,男,無,陰性
31686,20-29歲,男,無,陰性
31687,40-49歲,女,二級,陽性
31688,40-49歲,男,無,陰性
31689,40-49歲,男,無,陰性
31690,40-49歲,男,無,陰性
31691,40-49歲,男,無,陰性
31692,30-39歲,男,無,陰性
31693,20-29歲,男,二級,陽性
31694,20-29歲,男,無,陰性
31695,40-49歲,女,無,陰性
31696,60歲以上,男,無,陰性
31697,50-59歲,男,無,陰性
31698,40-49歲,男,無,陰性
31699,40-49歲,男,無,陰性
31700,40-49歲,男,二級,陽性
31701,50-59歲,男,無,陰性
31702,60歲以上,男,無,陰性
31703,30-39歲,男,無,陰性
31704,20-29歲,女,無,陰性
31705,40-49歲,男,無,陰性
31706,40-49歲,男,無,陰性
31707,40-49歲,男,無,陰性
31708,50-59歲,男,無,陰性
31709,40-49歲,男,無,陰性
31710,30-39歲,女,無,陰性
31711,20-29歲,男,無,陰性
31712,60歲以上,男,無,陰性
31713,30-39歲,男,二級,陽性
31714,60歲以上,男,二級,陽性
31715,19歲以下,男,無,陰性
31716,40-49歲,男,無,陰性
31717,40-49歲,男,無,陰性
31718,40-49歲,男,無,陰性
31719,50-59歲,男,無,陰性
31720,40-49歲,男,無,陰性
31721,40-49歲,男,二級,陽性
31722,40-49歲,男,無,陰性
31723,40-49歲,男,無,陰性
31724,40-49歲,男,無,陰性
31725,40-49歲,男,無,陰性
31726,30-39歲,男,無,陰性
31727,19歲以下,男,無,陰性
31728,30-39歲,男,無,陰性
31729,30-39歲,男,三級,陽性
31730,40-49歲,男,無,陰性
31731,30-39歲,男,無,陰性
31732,50-59歲,男,無,陰性
31733,20-29歲,男,無,陰性
31734,30-39歲,男,無,陰性
31735,60歲以上,男,無,陰性
31736,30-39歲,男,無,陰性
31737,60歲以上,男,無,陰性
31738,60歲以上,女,無,陰性
31739,30-39歲,男,二級,陽性
31740,40-49歲,男,無,陰性
31741,50-59歲,男,二級,陽性
31742,60歲以上,女,無,陰性
31743,50-59歲,男,無,陰性
31744,60歲以上,男,無,陰性
31745,20-29歲,男,無,陰性
31746,60歲以上,男,二級,陽性
31747,40-49歲,男,二級,陽性
31748,30-39歲,男,無,陰性
31749,40-49歲,女,無,陰性
31750,40-49歲,男,無,陰性
31751,50-59歲,男,無,陰性
31752,40-49歲,男,無,陰性
31753,30-39歲,男,一級,陽性
31754,60歲以上,男,無,陰性
31755,40-49歲,男,無,陰性
31756,40-49歲,男,三級,陽性
31757,30-39歲,男,無,陰性
31758,50-59歲,女,無,陰性
31759,40-49歲,男,無,陰性
31760,60歲以上,男,無,陰性
31761,20-29歲,男,無,陰性
31762,40-49歲,女,二級,陽性
31763,30-39歲,男,無,陰性
31764,40-49歲,男,三級,陽性
31765,40-49歲,男,無,陰性
31766,30-39歲,男,無,陰性
31767,40-49歲,女,無,陰性
31768,50-59歲,男,無,陰性
31769,40-49歲,男,二級,陽性
31770,50-59歲,男,一級,陽性
31771,50-59歲,男,無,陰性
31772,30-39歲,男,無,陰性
31773,50-59歲,男,一級,陽性
31774,40-49歲,男,無,陰性
31775,19歲以下,女,無,陰性
31776,40-49歲,男,無,陰性
31777,40-49歲,男,無,陰性
31778,40-49歲,男,二級,陽性
31779,50-59歲,男,無,陰性
31780,40-49歲,男,三級,陽性
31781,50-59歲,男,無,陰性
31782,50-59歲,男,無,陰性
31783,40-49歲,男,無,陰性
31784,50-59歲,男,無,陰性
31785,50-59歲,男,無,陰性
31786,60歲以上,男,二級,陽性
31787,30-39歲,男,無,陰性
31788,20-29歲,男,二級,陽性
31789,40-49歲,男,無,陰性
31790,40-49歲,男,無,陰性
31791,20-29歲,男,無,陰性
31792,50-59歲,男,二級,陽性
31793,40-49歲,男,無,陰性
31794,40-49歲,男,無,陰性
31795,30-39歲,男,無,陰性
31796,40-49歲,男,無,陰性
31797,60歲以上,男,無,陰性
31798,40-49歲,男,無,陰性
31799,50-59歲,女,無,陰性
31800,19歲以下,男,二級,陽性
31801,40-49歲,男,無,陰性
31802,20-29歲,男,二級,陽性
31803,50-59歲,男,無,陰性
31804,40-49歲,男,無,陰性
31805,40-49歲,女,無,陰性
31806,40-49歲,女,二級,陽性
31807,50-59歲,女,無,陰性
31808,30-39歲,男,無,陰性
31809,30-39歲,男,無,陰性
31810,30-39歲,男,無,陰性
31811,50-59歲,男,無,陰性
31812,40-49歲,男,無,陰性
31813,19歲以下,男,無,陰性
31814,60歲以上,男,二級,陽性
31815,50-59歲,男,無,陰性
31816,40-49歲,男,無,陰性
31817,30-39歲,男,無,陰性
31818,50-59歲,男,無,陰性
31819,40-49歲,男,三級,陽性
31820,20-29歲,男,二級,陽性
31821,40-49歲,男,無,陰性
31822,40-49歲,男,二級,陽性
31823,50-59歲,男,無,陰性
31824,40-49歲,男,二級,陽性
31825,50-59歲,女,無,陰性
31826,60歲以上,男,一級,陽性
31827,20-29歲,男,無,陰性
31828,60歲以上,男,無,陰性
31829,50-59歲,女,一級,陽性
31830,20-29歲,女,二級,陽性
31831,30-39歲,女,無,陰性
31832,20-29歲,男,無,陰性
31833,20-29歲,男,無,陰性
31834,30-39歲,男,無,陰性
31835,40-49歲,男,一級,陽性
31836,30-39歲,男,無,陰性
31837,40-49歲,男,無,陰性
31838,60歲以上,男,無,陰性
31839,30-39歲,男,無,陰性
31840,30-39歲,女,無,陰性
31841,19歲以下,男,無,陰性
31842,50-59歲,男,無,陰性
31843,40-49歲,男,無,陰性
31844,50-59歲,男,無,陰性
31845,40-49歲,女,無,陰性
31846,20-29歲,男,無,陰性
31847,30-39歲,男,無,陰性
31848,40-49歲,男,無,陰性
31849,40-49歲,男,二級,陽性
31850,20-29歲,男,二級,陽性
31851,60歲以上,男,無,陰性
31852,50-59歲,男,無,陰性
31853,19歲以下,男,無,陰性
31854,20-29歲,男,無,陰性
31855,30-39歲,男,無,陰性
31856,30-39歲,男,無,陰性
31857,50-59歲,女,無,陰性
31858,60歲以上,男,無,陰性
31859,60歲以上,男,無,陰性
31860,40-49歲,男,二級,陽性
31861,40-49歲,男,無,陰性
31862,50-59歲,男,二級,陽性
31863,50-59歲,男,無,陰性
31864,20-29歲,男,無,陰性
31865,40-49歲,男,無,陰性
31866,20-29歲,男,無,陰性
31867,60歲以上,男,三級,陽性
31868,50-59歲,男,二級,陽性
31869,50-59歲,男,無,陰性
31870,60歲以上,男,無,陰性
31871,20-29歲,男,無,陰性
31872,50-59歲,女,無,陰性
31873,40-49歲,男,無,陰性
31874,20-29歲,男,無,陰性
31875,20-29歲,男,無,陰性
31876,40-49歲,男,無,陰性
31877,30-39歲,男,無,陰性
31878,30-39歲,男,無,陰性
31879,20-29歲,男,無,陰性
31880,30-39歲,男,二級,陽性
31881,50-59歲,男,無,陰性
31882,50-59歲,男,二級,陽性
31883,50-59歲,女,三級,陽性
31884,50-59歲,男,無,陰性
31885,50-59歲,男,無,陰性
31886,20-29歲,男,無,陰性
31887,19歲以下,女,無,陰性
31888,50-59歲,女,二級,陽性
31889,30-39歲,男,無,陰性
31890,40-49歲,男,無,陰性
31891,50-59歲,男,無,陰性
31892,40-49歲,女,無,陰性
31893,40-49歲,女,無,陰性
31894,30-39歲,男,無,陰性
31895,50-59歲,男,二級,陽性
31896,40-49歲,女,無,陰性
31897,50-59歲,男,無,陰性
31898,20-29歲,男,無,陰性
31899,40-49歲,男,無,陰性
31900,40-49歲,男,二級,陽性
31901,50-59歲,男,無,陰性
31902,20-29歲,男,無,陰性
31903,19歲以下,男,無,陰性
31904,60歲以上,男,無,陰性
31905,30-39歲,男,二級,陽性
31906,20-29歲,男,無,陰性
31907,40-49歲,男,無,陰性
31908,50-59歲,女,無,陰性
31909,30-39歲,女,無,陰性
31910,60歲以上,女,無,陰性
31911,40-49歲,男,三級,陽性
31912,30-39歲,男,無,陰性
31913,20-29歲,男,無,陰性
31914,20-29歲,女,無,陰性
31915,40-49歲,男,無,陰性
31916,30-39歲,男,無,陰性
31917,30-39歲,女,無,陰性
31918,40-49歲,男,無,陰性
31919,30-39歲,女,無,陰性
31920,60歲以上,女,無,陰性
31921,20-29歲,男,無,陰性
31922,40-49歲,男,一級,陽性
31923,50-59歲,男,三級,陽性
31924,50-59歲,女,二級,陽性
31925,40-49歲,男,無,陰性
31926,40-49歲,男,無,陰性
31927,60歲以上,男,一級,陽性
31928,30-39歲,男,三級,陽性
31929,40-49歲,男,無,陰性
31930,30-39歲,男,無,陰性
31931,40-49歲,女,無,陰性
31932,30-39歲,男,三級,陽性
31933,60歲以上,男,無,陰性
31934,30-39歲,男,無,陰性
31935,50-59歲,男,二級,陽性
31936,30-39歲,男,三級,陽性
31937,40-49歲,男,無,陰性
31938,50-59歲,男,二級,陽性
31939,30-39歲,男,無,陰性
31940,50-59歲,男,無,陰性
31941,40-49歲,女,無,陰性
31942,60歲以上,女,無,陰性
31943,30-39歲,男,無,陰性
31944,50-59歲,男,無,陰性
31945,60歲以上,女,無,陰性
31946,30-39歲,男,無,陰性
31947,30-39歲,男,無,陰性
31948,50-59歲,男,無,陰性
31949,50-59歲,男,無,陰性
31950,60歲以上,男,三級,陽性
31951,60歲以上,男,無,陰性
31952,30-39歲,男,無,陰性
31953,50-59歲,男,無,陰性
31954,50-59歲,男,二級,陽性
31955,40-49歲,男,二級,陽性
31956,50-59歲,男,無,陰性
31957,20-29歲,男,無,陰性
31958,30-39歲,女,三級,陽性
31959,50-59歲,男,無,陰性
31960,40-49歲,男,無,陰性
31961,50-59歲,男,無,陰性
31962,40-49歲,男,無,陰性
31963,40-49歲,男,二級,陽性
31964,50-59歲,男,二級,陽性
31965,30-39歲,男,二級,陽性
31966,20-29歲,女,無,陰性
31967,40-49歲,男,二級,陽性
31968,50-59歲,男,無,陰性
31969,40-49歲,男,二級,陽性
31970,60歲以上,女,無,陰性
31971,50-59歲,男,無,陰性
31972,60歲以上,男,無,陰性
31973,20-29歲,男,無,陰性
31974,50-59歲,男,無,陰性
31975,50-59歲,女,無,陰性
31976,40-49歲,男,二級,陽性
31977,40-49歲,女,無,陰性
31978,30-39歲,男,無,陰性
31979,40-49歲,男,二級,陽性
31980,40-49歲,男,無,陰性
31981,50-59歲,男,三級,陽性
31982,40-49歲,男,無,陰性
31983,50-59歲,男,無,陰性
31984,30-39歲,男,無,陰性
31985,40-49歲,男,無,陰性
31986,40-49歲,男,二級,陽性
31987,40-49歲,男,無,陰性
31988,60歲以上,女,無,陰性
31989,40-49歲,男,二級,陽性
31990,60歲以上,男,無,陰性
31991,50-59歲,女,無,陰性
31992,40-49歲,男,二級,陽性
31993,50-59歲,女,無,陰性
31994,60歲以上,男,二級,陽性
31995,50-59歲,男,無,陰性
31996,40-49歲,男,無,陰性
31997,50-59歲,男,三級,陽性
31998,40-49歲,男,無,陰性
31999,20-29歲,男,無,陰性
32000,40-49歲,男,無,陰性
32001,40-49歲,男,二級,陽性
32002,30-39歲,女,無,陰性
32003,19歲以下,男,無,陰性
32004,40-49歲,男,無,陰性
32005,40-49歲,男,無,陰性
32006,60歲以上,男,無,陰性
32007,50-59歲,女,無,陰性
32008,20-29歲,男,無,陰性
32009,40-49歲,男,無,陰性
32010,40-49歲,男,無,陰性
32011,30-39歲,男,無,陰性
32012,19歲以下,男,無,陰性
32013,40-49歲,男,無,陰性
32014,40-49歲,男,無,陰性
32015,60歲以上,女,無,陰性
32016,50-59歲,男,無,陰性
32017,30-39歲,男,無,陰性
32018,50-59歲,女,無,陰性
32019,40-49歲,女,無,陰性
32020,40-49歲,女,無,陰性
32021,19歲以下,男,無,陰性
32022,20-29歲,男,二級,陽性
32023,30-39歲,男,無,陰性
32024,60歲以上,男,二級,陽性
32025,60歲以上,男,無,陰性
32026,50-59歲,女,三級,陽性
32027,19歲以下,女,無,陰性
32028,50-59歲,男,無,陰性
32029,50-59歲,男,二級,陽性
32030,60歲以上,男,三級,陽性
32031,30-39歲,女,無,陰性
32032,40-49歲,女,二級,陽性
32033,40-49歲,男,無,陰性
32034,40-49歲,男,無,陰性
32035,40-49歲,男,無,陰性
32036,40-49歲,男,無,陰性
32037,60歲以上,男,無,陰性
32038,40-49歲,男,無,陰性
32039,30-39歲,男,二級,陽性
32040,50-59歲,男,無,陰性
32041,50-59歲,男,無,陰性
32042,50-59歲,女,二級,陽性
32043,50-59歲,男,無,陰性
32044,20-29歲,男,無,陰性
32045,40-49歲,女,無,陰性
32046,40-49歲,男,無,陰性
32047,40-49歲,男,無,陰性
32048,60歲以上,男,無,陰性
32049,40-49歲,男,無,陰性
32050,30-39歲,男,無,陰性
32051,40-49歲,男,三級,陽性
32052,40-49歲,男,二級,陽性
32053,60歲以上,男,一級,陽性
32054,40-49歲,男,無,陰性
32055,50-59歲,男,三級,陽性
32056,50-59歲,男,無,陰性
32057,20-29歲,男,無,陰性
32058,50-59歲,男,無,陰性
32059,40-49歲,男,無,陰性
32060,50-59歲,男,無,陰性
32061,20-29歲,男,三級,陽性
32062,50-59歲,男,無,陰性
32063,40-49歲,男,無,陰性
32064,30-39歲,男,無,陰性
32065,40-49歲,男,無,陰性
32066,50-59歲,男,三級,陽性
32067,40-49歲,男,無,陰性
32068,50-59歲,男,無,陰性
32069,30-39歲,男,三級,陽性
32070,40-49歲,男,無,陰性
32071,50-59歲,女,無,陰性
32072,40-49歲,女,無,陰性
32073,40-49歲,男,二級,陽性
32074,50-59歲,男,無,陰性
32075,60歲以上,男,無,陰性
32076,50-59歲,男,無,陰性
32077,40-49歲,男,二級,陽性
32078,40-49歲,女,無,陰性
32079,50-59歲,男,無,陰性
32080,20-29歲,男,無,陰性
32081,50-59歲,男,無,陰性
32082,50-59歲,男,無,陰性
32083,50-59歲,男,三級,陽性
32084,30-39歲,男,無,陰性
32085,50-59歲,女,無,陰性
32086,40-49歲,女,無,陰性
32087,40-49歲,男,無,陰性
32088,40-49歲,男,無,陰性
32089,60歲以上,男,無,陰性
32090,20-29歲,男,無,陰性
32091,40-49歲,男,三級,陽性
32092,60歲以上,男,二級,陽性
32093,50-59歲,男,無,陰性
32094,30-39歲,男,二級,陽性
32095,50-59歲,男,無,陰性
32096,50-59歲,男,無,陰性
32097,40-49歲,男,無,陰性
32098,60歲以上,男,一級,陽性
32099,60歲以上,男,無,陰性
32100,40-49歲,男,無,陰性
32101,50-59歲,男,二級,陽性
32102,30-39歲,男,二級,陽性
32103,40-49歲,女,二級,陽性
32104,60歲以上,男,無,陰性
32105,60歲以上,男,無,陰性
32106,60歲以上,男,無,陰性
32107,30-39歲,女,無,陰性
32108,50-59歲,男,二級,陽性
32109,19歲以下,女,二級,陽性
32110,30-39歲,男,二級,陽性
32111,50-59歲,男,無,陰性
32112,50-59歲,男,無,陰性
32113,19歲以下,男,無,陰性
32114,20-29歲,男,無,陰性
32115,50-59歲,男,二級,陽性
32116,40-49歲,男,無,陰性
32117,60歲以上,男,無,陰性
32118,50-59歲,男,無,陰性
32119,40-49歲,男,三級,陽性
32120,30-39歲,男,二級,陽性
32121,30-39歲,男,無,陰性
32122,50-59歲,男,無,陰性
32123,30-39歲,女,無,陰性
32124,30-39歲,男,無,陰性
32125,50-59歲,男,無,陰性
32126,50-59歲,女,二級,陽性
32127,40-49歲,男,無,陰性
32128,40-49歲,女,無,陰性
32129,50-59歲,男,無,陰性
32130,30-39歲,男,二級,陽性
32131,40-49歲,女,無,陰性
32132,60歲以上,男,無,陰性
32133,40-49歲,女,二級,陽性
32134,19歲以下,男,無,陰性
32135,40-49歲,女,無,陰性
32136,30-39歲,男,無,陰性
32137,60歲以上,男,二級,陽性
32138,40-49歲,男,無,陰性
32139,50-59歲,男,無,陰性
32140,60歲以上,男,二級,陽性
32141,60歲以上,男,二級,陽性
32142,40-49歲,男,二級,陽性
32143,30-39歲,男,一級,陽性
32144,50-59歲,男,無,陰性
32145,30-39歲,男,無,陰性
32146,50-59歲,男,無,陰性
32147,20-29歲,男,無,陰性
32148,40-49歲,男,無,陰性
32149,30-39歲,男,無,陰性
32150,50-59歲,男,無,陰性
32151,50-59歲,男,無,陰性
32152,40-49歲,男,無,陰性
32153,40-49歲,男,無,陰性
32154,40-49歲,男,二級,陽性
32155,30-39歲,男,二級,陽性
32156,40-49歲,男,無,陰性
32157,40-49歲,女,無,陰性
32158,30-39歲,男,無,陰性
32159,50-59歲,男,無,陰性
32160,50-59歲,男,二級,陽性
32161,40-49歲,女,二級,陽性
32162,30-39歲,女,無,陰性
32163,50-59歲,男,無,陰性
32164,20-29歲,男,無,陰性
32165,40-49歲,女,無,陰性
32166,30-39歲,男,無,陰性
32167,40-49歲,男,無,陰性
32168,30-39歲,男,無,陰性
32169,40-49歲,男,無,陰性
32170,40-49歲,男,無,陰性
32171,60歲以上,男,無,陰性
32172,50-59歲,女,無,陰性
32173,30-39歲,男,三級,陽性
32174,40-49歲,男,無,陰性
32175,50-59歲,男,無,陰性
32176,50-59歲,男,無,陰性
32177,50-59歲,女,無,陰性
32178,30-39歲,男,無,陰性
32179,30-39歲,男,無,陰性
32180,40-49歲,男,無,陰性
32181,40-49歲,男,無,陰性
32182,40-49歲,女,無,陰性
32183,40-49歲,男,二級,陽性
32184,60歲以上,男,無,陰性
32185,40-49歲,女,無,陰性
32186,50-59歲,男,無,陰性
32187,40-49歲,男,無,陰性
32188,50-59歲,男,無,陰性
32189,40-49歲,男,二級,陽性
32190,40-49歲,女,無,陰性
32191,50-59歲,男,無,陰性
32192,50-59歲,男,無,陰性
32193,30-39歲,男,無,陰性
32194,40-49歲,男,無,陰性
32195,30-39歲,男,無,陰性
32196,30-39歲,女,無,陰性
32197,50-59歲,男,無,陰性
32198,30-39歲,男,二級,陽性
32199,60歲以上,男,無,陰性
32200,40-49歲,男,無,陰性
32201,40-49歲,男,三級,陽性
32202,50-59歲,男,無,陰性
32203,40-49歲,女,無,陰性
32204,30-39歲,男,無,陰性
32205,50-59歲,男,無,陰性
32206,20-29歲,女,無,陰性
32207,50-59歲,女,無,陰性
32208,40-49歲,男,無,陰性
32209,30-39歲,男,無,陰性
32210,50-59歲,男,二級,陽性
32211,30-39歲,女,無,陰性
32212,30-39歲,女,無,陰性
32213,40-49歲,男,無,陰性
32214,40-49歲,男,無,陰性
32215,40-49歲,女,三級,陽性
32216,40-49歲,男,無,陰性
32217,50-59歲,男,二級,陽性
32218,40-49歲,男,二級,陽性
32219,50-59歲,男,無,陰性
32220,19歲以下,男,無,陰性
32221,30-39歲,男,無,陰性
32222,50-59歲,男,無,陰性
32223,30-39歲,男,無,陰性
32224,40-49歲,女,無,陰性
32225,40-49歲,男,二級,陽性
32226,50-59歲,女,無,陰性
32227,40-49歲,男,二級,陽性
32228,40-49歲,男,無,陰性
32229,50-59歲,男,二級,陽性
32230,20-29歲,男,無,陰性
32231,30-39歲,男,二級,陽性
32232,40-49歲,女,無,陰性
32233,50-59歲,男,無,陰性
32234,19歲以下,女,無,陰性
32235,60歲以上,男,二級,陽性
32236,40-49歲,男,二級,陽性
32237,60歲以上,男,二級,陽性
32238,50-59歲,男,無,陰性
32239,30-39歲,男,無,陰性
32240,40-49歲,男,無,陰性
32241,50-59歲,男,無,陰性
32242,40-49歲,男,無,陰性
32243,20-29歲,男,無,陰性
32244,40-49歲,男,無,陰性
32245,50-59歲,男,無,陰性
32246,40-49歲,男,無,陰性
32247,60歲以上,男,一級,陽性
32248,60歲以上,男,無,陰性
32249,40-49歲,男,無,陰性
32250,20-29歲,女,無,陰性
32251,50-59歲,男,無,陰性
32252,30-39歲,男,無,陰性
32253,40-49歲,男,一級,陽性
32254,40-49歲,男,二級,陽性
32255,30-39歲,男,無,陰性
32256,60歲以上,男,二級,陽性
32257,40-49歲,男,無,陰性
32258,30-39歲,男,無,陰性
32259,20-29歲,男,無,陰性
32260,30-39歲,男,二級,陽性
32261,50-59歲,男,無,陰性
32262,50-59歲,男,無,陰性
32263,40-49歲,女,無,陰性
32264,50-59歲,男,無,陰性
32265,50-59歲,男,無,陰性
32266,50-59歲,男,無,陰性
32267,50-59歲,男,無,陰性
32268,60歲以上,男,無,陰性
32269,20-29歲,男,無,陰性
32270,40-49歲,女,無,陰性
32271,30-39歲,男,無,陰性
32272,50-59歲,男,無,陰性
32273,40-49歲,女,無,陰性
32274,40-49歲,女,二級,陽性
32275,30-39歲,男,無,陰性
32276,60歲以上,男,無,陰性
32277,40-49歲,男,無,陰性
32278,50-59歲,男,無,陰性
32279,20-29歲,男,無,陰性
32280,60歲以上,男,無,陰性
32281,50-59歲,女,無,陰性
32282,60歲以上,男,無,陰性
32283,40-49歲,男,無,陰性
32284,30-39歲,男,無,陰性
32285,40-49歲,女,無,陰性
32286,40-49歲,男,三級,陽性
32287,40-49歲,女,二級,陽性
32288,50-59歲,女,無,陰性
32289,40-49歲,男,三級,陽性
32290,50-59歲,男,無,陰性
32291,40-49歲,男,無,陰性
32292,40-49歲,男,無,陰性
32293,50-59歲,男,無,陰性
32294,30-39歲,女,二級,陽性
32295,30-39歲,男,無,陰性
32296,50-59歲,男,無,陰性
32297,40-49歲,男,無,陰性
32298,40-49歲,男,二級,陽性
32299,40-49歲,男,無,陰性
32300,20-29歲,男,二級,陽性
32301,60歲以上,女,無,陰性
32302,30-39歲,男,無,陰性
32303,30-39歲,女,無,陰性
32304,50-59歲,女,無,陰性
32305,60歲以上,女,無,陰性
32306,50-59歲,男,無,陰性
32307,19歲以下,男,無,陰性
32308,50-59歲,男,一級,陽性
32309,40-49歲,男,無,陰性
32310,30-39歲,女,無,陰性
32311,20-29歲,男,無,陰性
32312,60歲以上,男,無,陰性
32313,30-39歲,女,無,陰性
32314,40-49歲,男,無,陰性
32315,50-59歲,男,無,陰性
32316,40-49歲,男,無,陰性
32317,40-49歲,男,二級,陽性
32318,40-49歲,男,二級,陽性
32319,40-49歲,男,無,陰性
32320,40-49歲,男,二級,陽性
32321,40-49歲,女,無,陰性
32322,50-59歲,男,無,陰性
32323,40-49歲,男,無,陰性
32324,50-59歲,男,無,陰性
32325,40-49歲,男,無,陰性
32326,40-49歲,女,一級,陽性
32327,40-49歲,男,二級,陽性
32328,40-49歲,男,一級,陽性
32329,60歲以上,男,無,陰性
32330,40-49歲,男,二級,陽性
32331,50-59歲,男,無,陰性
32332,60歲以上,男,無,陰性
32333,50-59歲,男,二級,陽性
32334,40-49歲,男,無,陰性
32335,40-49歲,男,無,陰性
32336,19歲以下,男,無,陰性
32337,40-49歲,男,無,陰性
32338,50-59歲,女,無,陰性
32339,60歲以上,男,無,陰性
32340,50-59歲,男,無,陰性
32341,40-49歲,男,無,陰性
32342,50-59歲,男,無,陰性
32343,40-49歲,男,一級,陽性
32344,40-49歲,男,無,陰性
32345,50-59歲,男,三級,陽性
32346,40-49歲,男,無,陰性
32347,40-49歲,男,二級,陽性
32348,30-39歲,女,無,陰性
32349,50-59歲,男,無,陰性
32350,60歲以上,男,無,陰性
32351,50-59歲,男,二級,陽性
32352,40-49歲,女,無,陰性
32353,50-59歲,男,無,陰性
32354,50-59歲,女,二級,陽性
32355,40-49歲,男,二級,陽性
32356,20-29歲,男,無,陰性
32357,40-49歲,男,一級,陽性
32358,50-59歲,男,無,陰性
32359,50-59歲,男,一級,陽性
32360,60歲以上,男,無,陰性
32361,40-49歲,男,無,陰性
32362,60歲以上,男,無,陰性
32363,40-49歲,男,無,陰性
32364,40-49歲,男,無,陰性
32365,40-49歲,男,無,陰性
32366,50-59歲,男,無,陰性
32367,40-49歲,男,無,陰性
32368,50-59歲,男,無,陰性
32369,40-49歲,男,無,陰性
32370,40-49歲,男,二級,陽性
32371,50-59歲,女,無,陰性
32372,40-49歲,女,無,陰性
32373,50-59歲,男,無,陰性
32374,60歲以上,男,無,陰性
32375,40-49歲,男,無,陰性
32376,50-59歲,男,無,陰性
32377,50-59歲,女,無,陰性
32378,40-49歲,男,無,陰性
32379,40-49歲,男,二級,陽性
32380,19歲以下,男,二級,陽性
32381,30-39歲,男,二級,陽性
32382,40-49歲,女,無,陰性
32383,40-49歲,男,二級,陽性
32384,20-29歲,女,無,陰性
32385,20-29歲,男,無,陰性
32386,20-29歲,男,無,陰性
32387,40-49歲,男,無,陰性
32388,30-39歲,男,無,陰性
32389,60歲以上,男,二級,陽性
32390,50-59歲,女,無,陰性
32391,60歲以上,女,無,陰性
32392,40-49歲,男,無,陰性
32393,40-49歲,男,無,陰性
32394,30-39歲,男,無,陰性
32395,30-39歲,男,無,陰性
32396,30-39歲,女,無,陰性
32397,60歲以上,男,無,陰性
32398,50-59歲,男,無,陰性
32399,30-39歲,男,無,陰性
32400,30-39歲,男,無,陰性
32401,50-59歲,男,二級,陽性
32402,40-49歲,男,二級,陽性
32403,50-59歲,男,二級,陽性
32404,40-49歲,男,無,陰性
32405,40-49歲,男,無,陰性
32406,30-39歲,男,無,陰性
32407,40-49歲,男,無,陰性
32408,50-59歲,男,無,陰性
32409,50-59歲,男,無,陰性
32410,50-59歲,男,二級,陽性
32411,60歲以上,男,一級,陽性
32412,60歲以上,男,無,陰性
32413,30-39歲,男,無,陰性
32414,60歲以上,男,二級,陽性
32415,30-39歲,女,無,陰性
32416,50-59歲,男,無,陰性
32417,40-49歲,女,一級,陽性
32418,40-49歲,男,無,陰性
32419,50-59歲,男,無,陰性
32420,50-59歲,男,無,陰性
32421,40-49歲,女,二級,陽性
32422,50-59歲,男,無,陰性
32423,30-39歲,男,無,陰性
32424,50-59歲,男,無,陰性
32425,20-29歲,男,無,陰性
32426,40-49歲,男,無,陰性
32427,30-39歲,男,無,陰性
32428,50-59歲,女,無,陰性
32429,40-49歲,男,二級,陽性
32430,50-59歲,男,無,陰性
32431,20-29歲,男,無,陰性
32432,50-59歲,女,二級,陽性
32433,40-49歲,男,無,陰性
32434,50-59歲,男,無,陰性
32435,40-49歲,女,無,陰性
32436,60歲以上,男,無,陰性
32437,30-39歲,女,無,陰性
32438,40-49歲,男,三級,陽性
32439,40-49歲,男,二級,陽性
32440,40-49歲,男,無,陰性
32441,50-59歲,男,一級,陽性
32442,40-49歲,男,無,陰性
32443,20-29歲,男,無,陰性
32444,40-49歲,男,無,陰性
32445,40-49歲,女,無,陰性
32446,40-49歲,男,二級,陽性
32447,20-29歲,男,無,陰性
32448,30-39歲,女,無,陰性
32449,20-29歲,男,無,陰性
32450,40-49歲,男,無,陰性
32451,50-59歲,男,二級,陽性
32452,30-39歲,男,無,陰性
32453,50-59歲,男,三級,陽性
32454,30-39歲,男,無,陰性
32455,50-59歲,男,無,陰性
32456,50-59歲,男,無,陰性
32457,50-59歲,男,無,陰性
32458,40-49歲,男,二級,陽性
32459,50-59歲,女,無,陰性
32460,50-59歲,男,無,陰性
32461,40-49歲,男,二級,陽性
32462,60歲以上,男,三級,陽性
32463,40-49歲,男,無,陰性
32464,30-39歲,男,無,陰性
32465,40-49歲,男,無,陰性
32466,30-39歲,男,無,陰性
32467,30-39歲,男,無,陰性
32468,30-39歲,男,無,陰性
32469,30-39歲,男,無,陰性
32470,50-59歲,男,無,陰性
32471,40-49歲,男,無,陰性
32472,40-49歲,女,無,陰性
32473,30-39歲,女,無,陰性
32474,40-49歲,男,無,陰性
32475,50-59歲,男,二級,陽性
32476,20-29歲,男,一級,陽性
32477,40-49歲,男,無,陰性
32478,40-49歲,男,二級,陽性
32479,20-29歲,男,無,陰性
32480,50-59歲,男,二級,陽性
32481,30-39歲,男,無,陰性
32482,40-49歲,男,二級,陽性
32483,40-49歲,男,無,陰性
32484,60歲以上,男,無,陰性
32485,60歲以上,男,二級,陽性
32486,40-49歲,男,無,陰性
32487,60歲以上,男,無,陰性
32488,30-39歲,男,無,陰性
32489,40-49歲,男,二級,陽性
32490,50-59歲,男,二級,陽性
32491,40-49歲,男,二級,陽性
32492,30-39歲,男,無,陰性
32493,50-59歲,女,無,陰性
32494,50-59歲,女,二級,陽性
32495,50-59歲,女,二級,陽性
32496,30-39歲,男,二級,陽性
32497,40-49歲,男,無,陰性
32498,40-49歲,男,無,陰性
32499,40-49歲,女,無,陰性
32500,50-59歲,男,無,陰性
32501,40-49歲,男,二級,陽性
32502,60歲以上,女,二級,陽性
32503,40-49歲,男,無,陰性
32504,40-49歲,男,無,陰性
32505,20-29歲,男,無,陰性
32506,50-59歲,男,無,陰性
32507,50-59歲,男,無,陰性
32508,50-59歲,男,二級,陽性
32509,20-29歲,男,無,陰性
32510,50-59歲,女,無,陰性
32511,50-59歲,男,無,陰性
32512,30-39歲,女,無,陰性
32513,40-49歲,女,無,陰性
32514,60歲以上,男,無,陰性
32515,30-39歲,男,二級,陽性
32516,40-49歲,男,無,陰性
32517,30-39歲,男,無,陰性
32518,50-59歲,男,無,陰性
32519,50-59歲,男,一級,陽性
32520,60歲以上,男,二級,陽性
32521,20-29歲,男,無,陰性
32522,60歲以上,男,無,陰性
32523,50-59歲,男,無,陰性
32524,40-49歲,男,無,陰性
32525,40-49歲,男,二級,陽性
32526,30-39歲,男,無,陰性
32527,40-49歲,女,無,陰性
32528,20-29歲,男,無,陰性
32529,40-49歲,男,無,陰性
32530,20-29歲,女,無,陰性
32531,30-39歲,男,二級,陽性
32532,40-49歲,男,無,陰性
32533,60歲以上,男,無,陰性
32534,40-49歲,男,無,陰性
32535,50-59歲,女,無,陰性
32536,30-39歲,男,無,陰性
32537,50-59歲,男,無,陰性
32538,40-49歲,男,無,陰性
32539,40-49歲,男,無,陰性
32540,30-39歲,男,無,陰性
32541,40-49歲,男,無,陰性
32542,40-49歲,男,無,陰性
32543,40-49歲,男,無,陰性
32544,50-59歲,男,二級,陽性
32545,50-59歲,男,無,陰性
32546,40-49歲,男,無,陰性
32547,40-49歲,男,無,陰性
32548,20-29歲,男,無,陰性
32549,40-49歲,男,無,陰性
32550,40-49歲,男,無,陰性
32551,20-29歲,男,無,陰性
32552,60歲以上,男,二級,陽性
32553,50-59歲,女,二級,陽性
32554,40-49歲,男,無,陰性
32555,30-39歲,男,無,陰性
32556,50-59歲,男,無,陰性
32557,50-59歲,男,二級,陽性
32558,40-49歲,男,無,陰性
32559,30-39歲,男,二級,陽性
32560,40-49歲,男,無,陰性
32561,50-59歲,女,無,陰性
32562,30-39歲,男,無,陰性
32563,30-39歲,男,二級,陽性
32564,30-39歲,男,一級,陽性
32565,30-39歲,男,無,陰性
32566,40-49歲,男,二級,陽性
32567,20-29歲,男,二級,陽性
32568,40-49歲,女,無,陰性
32569,50-59歲,男,無,陰性
32570,40-49歲,男,無,陰性
32571,30-39歲,男,無,陰性
32572,50-59歲,男,三級,陽性
32573,40-49歲,男,無,陰性
32574,50-59歲,男,無,陰性
32575,30-39歲,男,無,陰性
32576,40-49歲,男,三級,陽性
32577,60歲以上,男,無,陰性
32578,50-59歲,男,無,陰性
32579,40-49歲,女,無,陰性
32580,60歲以上,女,無,陰性
32581,20-29歲,男,無,陰性
32582,50-59歲,男,無,陰性
32583,40-49歲,男,無,陰性
32584,40-49歲,男,無,陰性
32585,40-49歲,男,無,陰性
32586,30-39歲,男,無,陰性
32587,60歲以上,男,無,陰性
32588,20-29歲,男,無,陰性
32589,30-39歲,男,無,陰性
32590,50-59歲,男,無,陰性
32591,50-59歲,男,無,陰性
32592,50-59歲,男,無,陰性
32593,50-59歲,男,無,陰性
32594,30-39歲,男,二級,陽性
32595,60歲以上,男,二級,陽性
32596,30-39歲,男,無,陰性
32597,30-39歲,男,無,陰性
32598,60歲以上,男,無,陰性
32599,50-59歲,男,二級,陽性
32600,30-39歲,男,無,陰性
32601,50-59歲,男,二級,陽性
32602,20-29歲,男,二級,陽性
32603,50-59歲,男,無,陰性
32604,30-39歲,男,無,陰性
32605,20-29歲,男,無,陰性
32606,19歲以下,男,無,陰性
32607,50-59歲,男,無,陰性
32608,60歲以上,女,一級,陽性
32609,40-49歲,男,二級,陽性
32610,40-49歲,男,無,陰性
32611,60歲以上,男,無,陰性
32612,40-49歲,男,一級,陽性
32613,40-49歲,男,無,陰性
32614,50-59歲,男,二級,陽性
32615,30-39歲,男,二級,陽性
32616,50-59歲,女,無,陰性
32617,50-59歲,女,無,陰性
32618,50-59歲,男,無,陰性
32619,50-59歲,男,無,陰性
32620,50-59歲,男,無,陰性
32621,50-59歲,男,無,陰性
32622,40-49歲,男,二級,陽性
32623,50-59歲,男,無,陰性
32624,30-39歲,女,無,陰性
32625,30-39歲,男,無,陰性
32626,40-49歲,男,二級,陽性
32627,40-49歲,男,無,陰性
32628,60歲以上,女,無,陰性
32629,40-49歲,男,無,陰性
32630,40-49歲,男,無,陰性
32631,50-59歲,男,三級,陽性
32632,30-39歲,男,無,陰性
32633,40-49歲,男,無,陰性
32634,50-59歲,男,三級,陽性
32635,50-59歲,男,二級,陽性
32636,50-59歲,男,無,陰性
32637,50-59歲,男,無,陰性
32638,40-49歲,男,無,陰性
32639,50-59歲,男,無,陰性
32640,40-49歲,女,三級,陽性
32641,50-59歲,男,無,陰性
32642,20-29歲,男,無,陰性
32643,30-39歲,女,無,陰性
32644,30-39歲,男,無,陰性
32645,40-49歲,男,無,陰性
32646,40-49歲,男,無,陰性
32647,50-59歲,男,二級,陽性
32648,30-39歲,男,無,陰性
32649,50-59歲,男,無,陰性
32650,40-49歲,女,無,陰性
32651,50-59歲,男,無,陰性
32652,20-29歲,男,無,陰性
32653,50-59歲,男,無,陰性
32654,50-59歲,男,無,陰性
32655,30-39歲,男,二級,陽性
32656,40-49歲,男,無,陰性
32657,40-49歲,女,無,陰性
32658,50-59歲,男,二級,陽性
32659,40-49歲,男,二級,陽性
32660,50-59歲,女,無,陰性
32661,20-29歲,男,無,陰性
32662,60歲以上,男,無,陰性
32663,40-49歲,男,無,陰性
32664,60歲以上,男,無,陰性
32665,40-49歲,女,無,陰性
32666,60歲以上,女,無,陰性
32667,40-49歲,男,無,陰性
32668,50-59歲,男,無,陰性
32669,30-39歲,男,無,陰性
32670,30-39歲,男,無,陰性
32671,50-59歲,男,二級,陽性
32672,30-39歲,男,無,陰性
32673,40-49歲,男,無,陰性
32674,40-49歲,男,無,陰性
32675,50-59歲,女,無,陰性
32676,50-59歲,男,無,陰性
32677,50-59歲,男,二級,陽性
32678,40-49歲,男,無,陰性
32679,50-59歲,男,無,陰性
32680,40-49歲,男,無,陰性
32681,40-49歲,男,三級,陽性
32682,40-49歲,男,無,陰性
32683,50-59歲,男,無,陰性
32684,40-49歲,男,無,陰性
32685,60歲以上,男,無,陰性
32686,50-59歲,男,無,陰性
32687,40-49歲,男,無,陰性
32688,40-49歲,男,無,陰性
32689,40-49歲,男,無,陰性
32690,40-49歲,男,無,陰性
32691,40-49歲,女,二級,陽性
32692,40-49歲,男,無,陰性
32693,40-49歲,女,無,陰性
32694,40-49歲,男,二級,陽性
32695,50-59歲,男,二級,陽性
32696,50-59歲,男,無,陰性
32697,40-49歲,女,無,陰性
32698,30-39歲,女,無,陰性
32699,60歲以上,男,無,陰性
32700,40-49歲,男,無,陰性
32701,30-39歲,男,二級,陽性
32702,40-49歲,男,無,陰性
32703,30-39歲,男,無,陰性
32704,40-49歲,男,無,陰性
32705,60歲以上,女,二級,陽性
32706,40-49歲,女,無,陰性
32707,40-49歲,女,無,陰性
32708,19歲以下,男,無,陰性
32709,60歲以上,男,無,陰性
32710,40-49歲,男,無,陰性
32711,19歲以下,男,無,陰性
32712,20-29歲,男,無,陰性
32713,50-59歲,男,無,陰性
32714,50-59歲,男,無,陰性
32715,50-59歲,男,無,陰性
32716,50-59歲,女,無,陰性
32717,50-59歲,男,無,陰性
32718,20-29歲,女,無,陰性
32719,50-59歲,男,無,陰性
32720,40-49歲,男,無,陰性
32721,50-59歲,男,無,陰性
32722,20-29歲,男,無,陰性
32723,40-49歲,男,無,陰性
32724,20-29歲,男,無,陰性
32725,40-49歲,男,無,陰性
32726,20-29歲,男,無,陰性
32727,60歲以上,男,無,陰性
32728,40-49歲,男,無,陰性
32729,50-59歲,男,無,陰性
32730,40-49歲,男,二級,陽性
32731,60歲以上,男,無,陰性
32732,19歲以下,男,二級,陽性
32733,40-49歲,男,無,陰性
32734,40-49歲,男,無,陰性
32735,60歲以上,男,無,陰性
32736,20-29歲,女,無,陰性
32737,20-29歲,男,無,陰性
32738,40-49歲,男,無,陰性
32739,40-49歲,男,一級,陽性
32740,40-49歲,男,無,陰性
32741,40-49歲,女,無,陰性
32742,50-59歲,男,無,陰性
32743,40-49歲,男,二級,陽性
32744,50-59歲,男,無,陰性
32745,40-49歲,男,無,陰性
32746,60歲以上,男,二級,陽性
32747,40-49歲,男,二級,陽性
32748,20-29歲,男,二級,陽性
32749,50-59歲,男,無,陰性
32750,60歲以上,女,二級,陽性
32751,30-39歲,男,二級,陽性
32752,30-39歲,女,無,陰性
32753,40-49歲,男,二級,陽性
32754,40-49歲,男,無,陰性
32755,20-29歲,男,無,陰性
32756,50-59歲,男,二級,陽性
32757,30-39歲,女,無,陰性
32758,50-59歲,男,一級,陽性
32759,30-39歲,男,無,陰性
32760,40-49歲,男,三級,陽性
32761,40-49歲,男,無,陰性
32762,40-49歲,女,無,陰性
32763,40-49歲,男,二級,陽性
32764,50-59歲,男,無,陰性
32765,30-39歲,男,二級,陽性
32766,50-59歲,女,三級,陽性
32767,20-29歲,男,二級,陽性
32768,50-59歲,男,無,陰性
32769,30-39歲,男,二級,陽性
32770,40-49歲,男,無,陰性
32771,50-59歲,男,三級,陽性
32772,40-49歲,男,無,陰性
32773,40-49歲,男,無,陰性
32774,40-49歲,男,無,陰性
32775,50-59歲,女,二級,陽性
32776,60歲以上,男,無,陰性
32777,50-59歲,男,無,陰性
32778,60歲以上,男,一級,陽性
32779,50-59歲,女,無,陰性
32780,30-39歲,男,無,陰性
32781,30-39歲,男,三級,陽性
32782,50-59歲,女,無,陰性
32783,30-39歲,男,無,陰性
32784,40-49歲,女,無,陰性
32785,40-49歲,女,無,陰性
32786,40-49歲,男,無,陰性
32787,40-49歲,男,無,陰性
32788,40-49歲,男,無,陰性
32789,60歲以上,男,無,陰性
32790,40-49歲,男,無,陰性
32791,30-39歲,男,無,陰性
32792,20-29歲,女,無,陰性
32793,40-49歲,男,無,陰性
32794,50-59歲,男,無,陰性
32795,40-49歲,男,無,陰性
32796,30-39歲,男,一級,陽性
32797,40-49歲,女,二級,陽性
32798,40-49歲,男,無,陰性
32799,40-49歲,男,無,陰性
32800,19歲以下,男,無,陰性
32801,60歲以上,男,二級,陽性
32802,19歲以下,男,無,陰性
32803,50-59歲,男,無,陰性
32804,30-39歲,男,無,陰性
32805,30-39歲,男,無,陰性
32806,60歲以上,女,二級,陽性
32807,60歲以上,男,無,陰性
32808,20-29歲,男,無,陰性
32809,60歲以上,男,無,陰性
32810,50-59歲,男,無,陰性
32811,40-49歲,男,無,陰性
32812,40-49歲,男,二級,陽性
32813,60歲以上,男,無,陰性
32814,40-49歲,女,二級,陽性
32815,19歲以下,男,無,陰性
32816,40-49歲,女,無,陰性
32817,50-59歲,男,無,陰性
32818,50-59歲,女,無,陰性
32819,40-49歲,男,無,陰性
32820,50-59歲,男,無,陰性
32821,40-49歲,男,無,陰性
32822,50-59歲,男,無,陰性
32823,40-49歲,男,無,陰性
32824,30-39歲,女,二級,陽性
32825,50-59歲,男,無,陰性
32826,40-49歲,男,無,陰性
32827,50-59歲,男,無,陰性
32828,50-59歲,男,無,陰性
32829,50-59歲,女,無,陰性
32830,19歲以下,男,無,陰性
32831,60歲以上,男,無,陰性
32832,20-29歲,男,無,陰性
32833,30-39歲,女,無,陰性
32834,30-39歲,男,無,陰性
32835,50-59歲,男,無,陰性
32836,19歲以下,男,無,陰性
32837,30-39歲,男,二級,陽性
32838,40-49歲,女,無,陰性
32839,50-59歲,男,無,陰性
32840,60歲以上,男,無,陰性
32841,30-39歲,男,三級,陽性
32842,20-29歲,男,無,陰性
32843,40-49歲,男,無,陰性
32844,40-49歲,男,無,陰性
32845,40-49歲,男,無,陰性
32846,40-49歲,男,無,陰性
32847,40-49歲,男,無,陰性
32848,30-39歲,男,二級,陽性
32849,40-49歲,男,無,陰性
32850,50-59歲,男,二級,陽性
32851,50-59歲,男,無,陰性
32852,40-49歲,女,二級,陽性
32853,40-49歲,男,無,陰性
32854,50-59歲,男,無,陰性
32855,40-49歲,男,無,陰性
32856,40-49歲,女,無,陰性
32857,30-39歲,女,無,陰性
32858,50-59歲,男,無,陰性
32859,40-49歲,男,無,陰性
32860,50-59歲,男,無,陰性
32861,50-59歲,男,二級,陽性
32862,50-59歲,男,三級,陽性
32863,50-59歲,男,無,陰性
32864,40-49歲,男,無,陰性
32865,40-49歲,女,無,陰性
32866,19歲以下,男,無,陰性
32867,40-49歲,男,無,陰性
32868,50-59歲,男,無,陰性
32869,50-59歲,女,無,陰性
32870,50-59歲,男,無,陰性
32871,40-49歲,女,二級,陽性
32872,40-49歲,男,無,陰性
32873,30-39歲,男,無,陰性
32874,50-59歲,男,無,陰性
32875,30-39歲,男,三級,陽性
32876,20-29歲,男,無,陰性
32877,30-39歲,男,無,陰性
32878,40-49歲,男,無,陰性
32879,50-59歲,男,無,陰性
32880,50-59歲,男,無,陰性
32881,50-59歲,男,二級,陽性
32882,30-39歲,男,無,陰性
32883,19歲以下,男,無,陰性
32884,50-59歲,男,無,陰性
32885,30-39歲,男,無,陰性
32886,60歲以上,男,無,陰性
32887,30-39歲,男,二級,陽性
32888,40-49歲,女,無,陰性
32889,40-49歲,男,二級,陽性
32890,60歲以上,女,無,陰性
32891,60歲以上,男,無,陰性
32892,30-39歲,男,無,陰性
32893,60歲以上,男,無,陰性
32894,40-49歲,女,無,陰性
32895,30-39歲,男,無,陰性
32896,50-59歲,男,無,陰性
32897,40-49歲,男,無,陰性
32898,50-59歲,女,無,陰性
32899,30-39歲,男,無,陰性
32900,30-39歲,男,二級,陽性
32901,40-49歲,男,二級,陽性
32902,20-29歲,男,三級,陽性
32903,20-29歲,男,二級,陽性
32904,40-49歲,男,二級,陽性
32905,40-49歲,男,二級,陽性
32906,19歲以下,男,無,陰性
32907,50-59歲,男,二級,陽性
32908,40-49歲,男,無,陰性
32909,40-49歲,男,無,陰性
32910,40-49歲,女,無,陰性
32911,60歲以上,男,無,陰性
32912,40-49歲,男,無,陰性
32913,30-39歲,男,無,陰性
32914,40-49歲,男,無,陰性
32915,40-49歲,男,無,陰性
32916,40-49歲,男,無,陰性
32917,60歲以上,男,無,陰性
32918,30-39歲,男,無,陰性
32919,50-59歲,男,三級,陽性
32920,40-49歲,女,無,陰性
32921,40-49歲,女,無,陰性
32922,40-49歲,女,無,陰性
32923,40-49歲,男,無,陰性
32924,40-49歲,男,無,陰性
32925,30-39歲,男,無,陰性
32926,50-59歲,男,無,陰性
32927,50-59歲,男,無,陰性
32928,20-29歲,女,無,陰性
32929,40-49歲,男,無,陰性
32930,50-59歲,男,無,陰性
32931,40-49歲,女,二級,陽性
32932,30-39歲,女,無,陰性
32933,40-49歲,男,二級,陽性
32934,60歲以上,女,無,陰性
32935,20-29歲,男,無,陰性
32936,19歲以下,男,一級,陽性
32937,50-59歲,男,無,陰性
32938,60歲以上,男,無,陰性
32939,60歲以上,女,無,陰性
32940,40-49歲,男,無,陰性
32941,19歲以下,男,無,陰性
32942,50-59歲,男,無,陰性
32943,40-49歲,男,無,陰性
32944,40-49歲,男,無,陰性
32945,40-49歲,女,無,陰性
32946,50-59歲,男,無,陰性
32947,30-39歲,男,無,陰性
32948,50-59歲,男,無,陰性
32949,40-49歲,男,無,陰性
32950,20-29歲,男,無,陰性
32951,30-39歲,男,無,陰性
32952,40-49歲,男,無,陰性
32953,50-59歲,男,二級,陽性
32954,40-49歲,男,二級,陽性
32955,40-49歲,男,無,陰性
32956,40-49歲,男,無,陰性
32957,50-59歲,男,無,陰性
32958,40-49歲,男,無,陰性
32959,40-49歲,女,一級,陽性
32960,40-49歲,男,二級,陽性
32961,40-49歲,男,無,陰性
32962,50-59歲,男,二級,陽性
32963,40-49歲,男,一級,陽性
32964,20-29歲,男,無,陰性
32965,50-59歲,男,無,陰性
32966,30-39歲,男,無,陰性
32967,20-29歲,女,無,陰性
32968,20-29歲,男,無,陰性
32969,50-59歲,男,無,陰性
32970,40-49歲,男,無,陰性
32971,50-59歲,女,無,陰性
32972,20-29歲,男,無,陰性
32973,50-59歲,男,無,陰性
32974,30-39歲,男,二級,陽性
32975,40-49歲,男,二級,陽性
32976,40-49歲,男,二級,陽性
32977,50-59歲,男,無,陰性
32978,40-49歲,男,無,陰性
32979,60歲以上,男,無,陰性
32980,60歲以上,男,無,陰性
32981,50-59歲,女,二級,陽性
32982,40-49歲,男,一級,陽性
32983,60歲以上,女,無,陰性
32984,60歲以上,男,無,陰性
32985,50-59歲,女,二級,陽性
32986,60歲以上,男,無,陰性
32987,50-59歲,男,無,陰性
32988,50-59歲,男,無,陰性
32989,50-59歲,男,無,陰性
32990,60歲以上,男,無,陰性
32991,50-59歲,男,無,陰性
32992,40-49歲,男,無,陰性
32993,50-59歲,男,一級,陽性
32994,60歲以上,男,無,陰性
32995,30-39歲,男,無,陰性
32996,60歲以上,男,無,陰性
32997,40-49歲,男,無,陰性
32998,50-59歲,男,無,陰性
32999,40-49歲,男,無,陰性
33000,50-59歲,男,無,陰性
33001,30-39歲,男,無,陰性
33002,20-29歲,男,無,陰性
33003,50-59歲,男,無,陰性
33004,19歲以下,男,無,陰性
33005,40-49歲,男,無,陰性
33006,40-49歲,女,無,陰性
33007,40-49歲,男,無,陰性
33008,40-49歲,男,無,陰性
33009,40-49歲,男,無,陰性
33010,50-59歲,男,無,陰性
33011,40-49歲,男,無,陰性
33012,50-59歲,男,無,陰性
33013,50-59歲,女,無,陰性
33014,50-59歲,男,無,陰性
33015,40-49歲,男,無,陰性
33016,50-59歲,男,無,陰性
33017,40-49歲,男,二級,陽性
33018,50-59歲,男,無,陰性
33019,30-39歲,男,無,陰性
33020,30-39歲,女,無,陰性
33021,40-49歲,男,無,陰性
33022,50-59歲,男,無,陰性
33023,30-39歲,男,一級,陽性
33024,40-49歲,女,無,陰性
33025,50-59歲,女,二級,陽性
33026,50-59歲,男,無,陰性
33027,40-49歲,男,無,陰性
33028,20-29歲,男,三級,陽性
33029,40-49歲,男,二級,陽性
33030,50-59歲,女,無,陰性
33031,20-29歲,男,無,陰性
33032,20-29歲,男,無,陰性
33033,40-49歲,男,無,陰性
33034,30-39歲,男,無,陰性
33035,19歲以下,男,無,陰性
33036,20-29歲,男,無,陰性
33037,50-59歲,女,二級,陽性
33038,20-29歲,男,無,陰性
33039,60歲以上,男,無,陰性
33040,40-49歲,男,無,陰性
33041,50-59歲,女,無,陰性
33042,40-49歲,男,二級,陽性
33043,50-59歲,男,無,陰性
33044,50-59歲,女,無,陰性
33045,50-59歲,男,二級,陽性
33046,50-59歲,男,二級,陽性
33047,40-49歲,男,無,陰性
33048,60歲以上,男,無,陰性
33049,60歲以上,女,無,陰性
33050,50-59歲,女,無,陰性
33051,50-59歲,男,無,陰性
33052,50-59歲,男,無,陰性
33053,20-29歲,女,無,陰性
33054,50-59歲,男,無,陰性
33055,30-39歲,男,無,陰性
33056,50-59歲,男,無,陰性
33057,60歲以上,男,二級,陽性
33058,40-49歲,男,無,陰性
33059,60歲以上,男,無,陰性
33060,20-29歲,男,無,陰性
33061,30-39歲,男,無,陰性
33062,40-49歲,男,無,陰性
33063,40-49歲,男,無,陰性
33064,50-59歲,男,二級,陽性
33065,20-29歲,男,無,陰性
33066,40-49歲,男,無,陰性
33067,50-59歲,男,二級,陽性
33068,40-49歲,男,二級,陽性
33069,60歲以上,女,無,陰性
33070,20-29歲,男,二級,陽性
33071,50-59歲,男,二級,陽性
33072,50-59歲,女,無,陰性
33073,40-49歲,男,無,陰性
33074,50-59歲,男,二級,陽性
33075,40-49歲,男,無,陰性
33076,60歲以上,男,三級,陽性
33077,60歲以上,男,無,陰性
33078,50-59歲,女,無,陰性
33079,40-49歲,女,無,陰性
33080,40-49歲,男,二級,陽性
33081,30-39歲,男,無,陰性
33082,50-59歲,女,無,陰性
33083,50-59歲,男,無,陰性
33084,60歲以上,男,二級,陽性
33085,40-49歲,男,三級,陽性
33086,40-49歲,男,二級,陽性
33087,40-49歲,男,無,陰性
33088,40-49歲,男,無,陰性
33089,19歲以下,男,二級,陽性
33090,40-49歲,男,無,陰性
33091,50-59歲,男,二級,陽性
33092,30-39歲,男,無,陰性
33093,30-39歲,女,無,陰性
33094,60歲以上,男,二級,陽性
33095,50-59歲,男,無,陰性
33096,40-49歲,女,無,陰性
33097,20-29歲,女,無,陰性
33098,50-59歲,女,無,陰性
33099,50-59歲,男,無,陰性
33100,50-59歲,男,無,陰性
33101,40-49歲,男,無,陰性
33102,50-59歲,男,無,陰性
33103,40-49歲,男,無,陰性
33104,50-59歲,男,三級,陽性
33105,19歲以下,女,無,陰性
33106,40-49歲,男,無,陰性
33107,30-39歲,男,三級,陽性
33108,30-39歲,男,無,陰性
33109,40-49歲,男,無,陰性
33110,30-39歲,男,無,陰性
33111,19歲以下,男,二級,陽性
33112,50-59歲,男,無,陰性
33113,40-49歲,男,無,陰性
33114,50-59歲,男,無,陰性
33115,20-29歲,男,二級,陽性
33116,50-59歲,男,三級,陽性
33117,30-39歲,男,無,陰性
33118,40-49歲,男,無,陰性
33119,40-49歲,女,無,陰性
33120,20-29歲,男,二級,陽性
33121,30-39歲,男,無,陰性
33122,30-39歲,男,無,陰性
33123,50-59歲,男,無,陰性
33124,40-49歲,男,無,陰性
33125,30-39歲,男,無,陰性
33126,30-39歲,男,無,陰性
33127,30-39歲,男,二級,陽性
33128,30-39歲,男,無,陰性
33129,60歲以上,男,無,陰性
33130,30-39歲,男,無,陰性
33131,40-49歲,男,無,陰性
33132,60歲以上,男,無,陰性
33133,50-59歲,男,二級,陽性
33134,40-49歲,男,無,陰性
33135,50-59歲,男,二級,陽性
33136,30-39歲,男,無,陰性
33137,20-29歲,男,二級,陽性
33138,40-49歲,男,無,陰性
33139,50-59歲,男,無,陰性
33140,19歲以下,男,無,陰性
33141,50-59歲,女,無,陰性
33142,40-49歲,男,無,陰性
33143,40-49歲,男,無,陰性
33144,40-49歲,女,無,陰性
33145,20-29歲,男,二級,陽性
33146,40-49歲,男,一級,陽性
33147,30-39歲,男,無,陰性
33148,30-39歲,女,無,陰性
33149,40-49歲,男,三級,陽性
33150,40-49歲,男,一級,陽性
33151,40-49歲,女,無,陰性
33152,50-59歲,男,二級,陽性
33153,40-49歲,男,無,陰性
33154,50-59歲,男,二級,陽性
33155,40-49歲,女,三級,陽性
33156,19歲以下,男,無,陰性
33157,20-29歲,男,無,陰性
33158,40-49歲,男,無,陰性
33159,30-39歲,男,無,陰性
33160,30-39歲,男,無,陰性
33161,60歲以上,男,無,陰性
33162,60歲以上,男,二級,陽性
33163,60歲以上,男,無,陰性
33164,50-59歲,男,無,陰性
33165,40-49歲,男,無,陰性
33166,50-59歲,男,二級,陽性
33167,30-39歲,男,無,陰性
33168,40-49歲,男,無,陰性
33169,50-59歲,男,無,陰性
33170,60歲以上,男,二級,陽性
33171,60歲以上,男,無,陰性
33172,40-49歲,男,無,陰性
33173,30-39歲,男,無,陰性
33174,50-59歲,男,二級,陽性
33175,40-49歲,男,無,陰性
33176,40-49歲,男,二級,陽性
33177,40-49歲,女,一級,陽性
33178,40-49歲,女,二級,陽性
33179,50-59歲,男,無,陰性
33180,50-59歲,男,二級,陽性
33181,19歲以下,男,無,陰性
33182,40-49歲,男,無,陰性
33183,20-29歲,男,無,陰性
33184,30-39歲,男,無,陰性
33185,50-59歲,男,二級,陽性
33186,30-39歲,男,無,陰性
33187,50-59歲,男,無,陰性
33188,30-39歲,男,一級,陽性
33189,30-39歲,男,無,陰性
33190,40-49歲,男,無,陰性
33191,50-59歲,男,三級,陽性
33192,60歲以上,男,二級,陽性
33193,19歲以下,男,二級,陽性
33194,40-49歲,女,無,陰性
33195,40-49歲,男,無,陰性
33196,40-49歲,男,二級,陽性
33197,20-29歲,男,無,陰性
33198,40-49歲,男,無,陰性
33199,30-39歲,女,無,陰性
33200,50-59歲,男,無,陰性
33201,40-49歲,男,無,陰性
33202,40-49歲,女,無,陰性
33203,50-59歲,男,無,陰性
33204,60歲以上,男,無,陰性
33205,60歲以上,男,三級,陽性
33206,50-59歲,男,無,陰性
33207,50-59歲,男,無,陰性
33208,40-49歲,男,無,陰性
33209,40-49歲,男,無,陰性
33210,30-39歲,男,無,陰性
33211,50-59歲,男,無,陰性
33212,40-49歲,男,無,陰性
33213,40-49歲,男,無,陰性
33214,50-59歲,男,無,陰性
33215,30-39歲,女,一級,陽性
33216,40-49歲,男,無,陰性
33217,40-49歲,男,無,陰性
33218,50-59歲,女,二級,陽性
33219,30-39歲,男,無,陰性
33220,40-49歲,女,無,陰性
33221,40-49歲,男,無,陰性
33222,60歲以上,女,無,陰性
33223,30-39歲,男,無,陰性
33224,50-59歲,男,無,陰性
33225,50-59歲,男,無,陰性
33226,20-29歲,男,無,陰性
33227,40-49歲,男,無,陰性
33228,20-29歲,男,無,陰性
33229,20-29歲,男,無,陰性
33230,60歲以上,男,無,陰性
33231,40-49歲,男,二級,陽性
33232,40-49歲,男,二級,陽性
33233,50-59歲,男,無,陰性
33234,20-29歲,男,無,陰性
33235,30-39歲,女,無,陰性
33236,60歲以上,男,無,陰性
33237,40-49歲,男,無,陰性
33238,50-59歲,男,二級,陽性
33239,40-49歲,男,無,陰性
33240,40-49歲,男,無,陰性
33241,40-49歲,男,無,陰性
33242,30-39歲,女,無,陰性
33243,60歲以上,女,無,陰性
33244,30-39歲,男,無,陰性
33245,60歲以上,男,二級,陽性
33246,50-59歲,男,無,陰性
33247,40-49歲,女,二級,陽性
33248,40-49歲,男,無,陰性
33249,60歲以上,男,二級,陽性
33250,60歲以上,男,無,陰性
33251,50-59歲,女,無,陰性
33252,30-39歲,男,無,陰性
33253,50-59歲,男,無,陰性
33254,60歲以上,女,三級,陽性
33255,50-59歲,男,二級,陽性
33256,50-59歲,男,無,陰性
33257,20-29歲,男,無,陰性
33258,40-49歲,男,無,陰性
33259,50-59歲,男,無,陰性
33260,40-49歲,女,二級,陽性
33261,50-59歲,男,無,陰性
33262,30-39歲,男,無,陰性
33263,40-49歲,男,二級,陽性
33264,60歲以上,男,無,陰性
33265,30-39歲,女,無,陰性
33266,30-39歲,男,無,陰性
33267,60歲以上,男,無,陰性
33268,30-39歲,男,無,陰性
33269,40-49歲,男,無,陰性
33270,40-49歲,男,三級,陽性
33271,40-49歲,男,二級,陽性
33272,30-39歲,男,無,陰性
33273,40-49歲,女,二級,陽性
33274,40-49歲,男,無,陰性
33275,60歲以上,男,無,陰性
33276,40-49歲,男,無,陰性
33277,50-59歲,男,無,陰性
33278,50-59歲,男,無,陰性
33279,20-29歲,男,無,陰性
33280,40-49歲,男,三級,陽性
33281,60歲以上,男,二級,陽性
33282,50-59歲,男,無,陰性
33283,40-49歲,男,二級,陽性
33284,50-59歲,男,二級,陽性
33285,40-49歲,男,無,陰性
33286,20-29歲,女,二級,陽性
33287,30-39歲,男,無,陰性
33288,20-29歲,男,無,陰性
33289,30-39歲,男,無,陰性
33290,40-49歲,男,無,陰性
33291,60歲以上,男,無,陰性
33292,40-49歲,男,無,陰性
33293,40-49歲,男,無,陰性
33294,40-49歲,男,無,陰性
33295,40-49歲,男,無,陰性
33296,30-39歲,女,三級,陽性
33297,60歲以上,男,無,陰性
33298,40-49歲,男,無,陰性
33299,50-59歲,男,無,陰性
33300,50-59歲,女,無,陰性
33301,50-59歲,男,無,陰性
33302,30-39歲,男,無,陰性
33303,19歲以下,女,無,陰性
33304,30-39歲,男,二級,陽性
33305,20-29歲,男,三級,陽性
33306,30-39歲,男,無,陰性
33307,40-49歲,男,二級,陽性
33308,30-39歲,男,無,陰性
33309,40-49歲,男,無,陰性
33310,20-29歲,男,二級,陽性
33311,20-29歲,男,二級,陽性
33312,40-49歲,男,無,陰性
33313,40-49歲,女,無,陰性
33314,50-59歲,男,無,陰性
33315,30-39歲,男,無,陰性
33316,50-59歲,男,無,陰性
33317,40-49歲,男,無,陰性
33318,50-59歲,男,無,陰性
33319,60歲以上,男,二級,陽性
33320,40-49歲,男,二級,陽性
33321,30-39歲,男,二級,陽性
33322,50-59歲,男,無,陰性
33323,40-49歲,男,無,陰性
33324,40-49歲,男,無,陰性
33325,40-49歲,男,無,陰性
33326,20-29歲,男,無,陰性
33327,60歲以上,女,無,陰性
33328,30-39歲,男,二級,陽性
33329,50-59歲,男,二級,陽性
33330,60歲以上,男,二級,陽性
33331,40-49歲,男,無,陰性
33332,60歲以上,男,無,陰性
33333,50-59歲,男,無,陰性
33334,50-59歲,男,三級,陽性
33335,40-49歲,男,無,陰性
33336,50-59歲,男,三級,陽性
33337,40-49歲,男,無,陰性
33338,40-49歲,男,無,陰性
33339,40-49歲,男,無,陰性
33340,30-39歲,男,無,陰性
33341,50-59歲,男,無,陰性
33342,50-59歲,男,無,陰性
33343,40-49歲,男,三級,陽性
33344,40-49歲,男,二級,陽性
33345,40-49歲,男,二級,陽性
33346,50-59歲,男,無,陰性
33347,30-39歲,男,無,陰性
33348,60歲以上,男,三級,陽性
33349,40-49歲,男,三級,陽性
33350,40-49歲,男,無,陰性
33351,40-49歲,男,無,陰性
33352,40-49歲,女,無,陰性
33353,60歲以上,男,二級,陽性
33354,50-59歲,男,無,陰性
33355,40-49歲,男,無,陰性
33356,20-29歲,女,無,陰性
33357,50-59歲,男,無,陰性
33358,30-39歲,男,無,陰性
33359,40-49歲,男,一級,陽性
33360,50-59歲,男,無,陰性
33361,40-49歲,男,無,陰性
33362,40-49歲,男,二級,陽性
33363,60歲以上,男,無,陰性
33364,50-59歲,男,無,陰性
33365,40-49歲,男,無,陰性
33366,50-59歲,男,無,陰性
33367,50-59歲,男,無,陰性
33368,20-29歲,男,無,陰性
33369,50-59歲,男,無,陰性
33370,40-49歲,男,一級,陽性
33371,20-29歲,男,無,陰性
33372,20-29歲,男,二級,陽性
33373,20-29歲,男,無,陰性
33374,40-49歲,男,無,陰性
33375,40-49歲,男,無,陰性
33376,60歲以上,女,三級,陽性
33377,60歲以上,男,二級,陽性
33378,40-49歲,男,二級,陽性
33379,40-49歲,男,無,陰性
33380,20-29歲,男,二級,陽性
33381,20-29歲,男,無,陰性
33382,40-49歲,男,無,陰性
33383,40-49歲,男,二級,陽性
33384,40-49歲,女,三級,陽性
33385,40-49歲,女,無,陰性
33386,50-59歲,男,無,陰性
33387,50-59歲,男,無,陰性
33388,50-59歲,男,無,陰性
33389,20-29歲,男,無,陰性
33390,40-49歲,男,無,陰性
33391,30-39歲,男,無,陰性
33392,30-39歲,男,三級,陽性
33393,40-49歲,男,無,陰性
33394,50-59歲,男,無,陰性
33395,50-59歲,男,無,陰性
33396,50-59歲,男,無,陰性
33397,40-49歲,男,三級,陽性
33398,19歲以下,男,無,陰性
33399,50-59歲,男,三級,陽性
33400,20-29歲,男,無,陰性
33401,50-59歲,男,無,陰性
33402,50-59歲,男,無,陰性
33403,40-49歲,男,無,陰性
33404,19歲以下,男,三級,陽性
33405,40-49歲,男,三級,陽性
33406,60歲以上,男,無,陰性
33407,40-49歲,男,無,陰性
33408,30-39歲,男,無,陰性
33409,50-59歲,男,無,陰性
33410,40-49歲,男,無,陰性
33411,40-49歲,男,三級,陽性
33412,60歲以上,男,無,陰性
33413,50-59歲,男,二級,陽性
33414,30-39歲,男,無,陰性
33415,40-49歲,男,無,陰性
33416,40-49歲,女,無,陰性
33417,40-49歲,男,二級,陽性
33418,20-29歲,男,二級,陽性
33419,20-29歲,男,無,陰性
33420,40-49歲,男,無,陰性
33421,60歲以上,女,無,陰性
33422,40-49歲,男,無,陰性
33423,50-59歲,男,無,陰性
33424,40-49歲,女,無,陰性
33425,20-29歲,男,二級,陽性
33426,50-59歲,男,無,陰性
33427,40-49歲,男,無,陰性
33428,40-49歲,男,無,陰性
33429,50-59歲,男,無,陰性
33430,40-49歲,男,無,陰性
33431,50-59歲,男,無,陰性
33432,40-49歲,女,無,陰性
33433,30-39歲,男,無,陰性
33434,50-59歲,男,無,陰性
33435,40-49歲,男,無,陰性
33436,50-59歲,男,無,陰性
33437,50-59歲,女,無,陰性
33438,20-29歲,男,無,陰性
33439,30-39歲,男,無,陰性
33440,60歲以上,男,無,陰性
33441,60歲以上,男,無,陰性
33442,50-59歲,男,二級,陽性
33443,20-29歲,男,無,陰性
33444,30-39歲,女,無,陰性
33445,40-49歲,男,無,陰性
33446,50-59歲,男,無,陰性
33447,40-49歲,男,無,陰性
33448,40-49歲,男,無,陰性
33449,40-49歲,男,無,陰性
33450,40-49歲,男,二級,陽性
33451,50-59歲,男,無,陰性
33452,50-59歲,男,無,陰性
33453,40-49歲,男,無,陰性
33454,20-29歲,男,無,陰性
33455,40-49歲,女,無,陰性
33456,60歲以上,男,無,陰性
33457,50-59歲,男,無,陰性
33458,50-59歲,男,無,陰性
33459,60歲以上,女,無,陰性
33460,40-49歲,男,無,陰性
33461,40-49歲,女,無,陰性
33462,50-59歲,男,無,陰性
33463,50-59歲,男,無,陰性
33464,40-49歲,男,二級,陽性
33465,60歲以上,男,無,陰性
33466,40-49歲,男,無,陰性
33467,50-59歲,男,無,陰性
33468,50-59歲,男,無,陰性
33469,50-59歲,男,無,陰性
33470,20-29歲,男,無,陰性
33471,20-29歲,男,無,陰性
33472,50-59歲,男,無,陰性
33473,30-39歲,男,無,陰性
33474,40-49歲,男,二級,陽性
33475,40-49歲,男,無,陰性
33476,50-59歲,男,二級,陽性
33477,50-59歲,男,無,陰性
33478,60歲以上,男,無,陰性
33479,50-59歲,男,無,陰性
33480,40-49歲,男,無,陰性
33481,40-49歲,男,無,陰性
33482,20-29歲,男,一級,陽性
33483,60歲以上,男,無,陰性
33484,50-59歲,男,無,陰性
33485,40-49歲,男,一級,陽性
33486,40-49歲,男,二級,陽性
33487,40-49歲,女,無,陰性
33488,40-49歲,男,無,陰性
33489,40-49歲,男,無,陰性
33490,40-49歲,男,二級,陽性
33491,40-49歲,男,無,陰性
33492,50-59歲,男,無,陰性
33493,40-49歲,男,無,陰性
33494,40-49歲,男,無,陰性
33495,30-39歲,男,無,陰性
33496,50-59歲,女,無,陰性
33497,20-29歲,男,無,陰性
33498,60歲以上,女,二級,陽性
33499,40-49歲,男,無,陰性
33500,60歲以上,女,無,陰性
33501,40-49歲,男,無,陰性
33502,50-59歲,男,無,陰性
33503,40-49歲,男,無,陰性
33504,20-29歲,男,無,陰性
33505,20-29歲,男,二級,陽性
33506,30-39歲,男,二級,陽性
33507,50-59歲,男,無,陰性
33508,60歲以上,男,無,陰性
33509,30-39歲,男,無,陰性
33510,60歲以上,男,無,陰性
33511,60歲以上,女,無,陰性
33512,50-59歲,男,二級,陽性
33513,40-49歲,男,無,陰性
33514,40-49歲,女,無,陰性
33515,60歲以上,男,二級,陽性
33516,40-49歲,男,無,陰性
33517,40-49歲,女,三級,陽性
33518,50-59歲,男,三級,陽性
33519,40-49歲,男,無,陰性
33520,50-59歲,女,二級,陽性
33521,40-49歲,男,無,陰性
33522,60歲以上,男,無,陰性
33523,60歲以上,女,無,陰性
33524,60歲以上,男,無,陰性
33525,40-49歲,男,無,陰性
33526,50-59歲,男,無,陰性
33527,50-59歲,女,無,陰性
33528,40-49歲,男,二級,陽性
33529,40-49歲,男,無,陰性
33530,60歲以上,男,無,陰性
33531,40-49歲,女,無,陰性
33532,40-49歲,男,無,陰性
33533,30-39歲,男,無,陰性
33534,60歲以上,男,二級,陽性
33535,20-29歲,男,無,陰性
33536,50-59歲,男,無,陰性
33537,30-39歲,男,無,陰性
33538,50-59歲,男,二級,陽性
33539,20-29歲,男,二級,陽性
33540,40-49歲,男,二級,陽性
33541,30-39歲,男,二級,陽性
33542,40-49歲,男,無,陰性
33543,20-29歲,男,無,陰性
33544,50-59歲,男,無,陰性
33545,60歲以上,女,無,陰性
33546,40-49歲,男,無,陰性
33547,30-39歲,男,無,陰性
33548,40-49歲,男,二級,陽性
33549,50-59歲,男,二級,陽性
33550,60歲以上,男,無,陰性
33551,30-39歲,男,三級,陽性
33552,20-29歲,女,無,陰性
33553,60歲以上,女,無,陰性
33554,40-49歲,男,無,陰性
33555,60歲以上,男,無,陰性
33556,60歲以上,男,無,陰性
33557,40-49歲,男,無,陰性
33558,30-39歲,男,無,陰性
33559,40-49歲,女,無,陰性
33560,20-29歲,男,無,陰性
33561,30-39歲,女,無,陰性
33562,60歲以上,男,無,陰性
33563,50-59歲,男,無,陰性
33564,50-59歲,男,一級,陽性
33565,40-49歲,男,無,陰性
33566,50-59歲,男,無,陰性
33567,19歲以下,男,二級,陽性
33568,50-59歲,男,無,陰性
33569,50-59歲,男,無,陰性
33570,19歲以下,男,無,陰性
33571,20-29歲,男,無,陰性
33572,50-59歲,女,無,陰性
33573,30-39歲,男,無,陰性
33574,60歲以上,男,二級,陽性
33575,30-39歲,男,無,陰性
33576,40-49歲,男,無,陰性
33577,40-49歲,男,無,陰性
33578,50-59歲,男,無,陰性
33579,30-39歲,男,無,陰性
33580,50-59歲,男,無,陰性
33581,60歲以上,女,無,陰性
33582,50-59歲,男,無,陰性
33583,40-49歲,男,無,陰性
33584,40-49歲,男,無,陰性
33585,40-49歲,男,無,陰性
33586,60歲以上,女,無,陰性
33587,30-39歲,男,無,陰性
33588,20-29歲,男,無,陰性
33589,40-49歲,男,無,陰性
33590,60歲以上,男,二級,陽性
33591,30-39歲,女,無,陰性
33592,30-39歲,男,無,陰性
33593,50-59歲,男,無,陰性
33594,40-49歲,男,二級,陽性
33595,50-59歲,男,無,陰性
33596,40-49歲,男,無,陰性
33597,50-59歲,男,無,陰性
33598,19歲以下,男,無,陰性
33599,40-49歲,男,無,陰性
33600,50-59歲,女,無,陰性
33601,40-49歲,男,無,陰性
33602,40-49歲,男,無,陰性
33603,30-39歲,男,無,陰性
33604,50-59歲,女,無,陰性
33605,30-39歲,男,無,陰性
33606,50-59歲,男,無,陰性
33607,20-29歲,男,無,陰性
33608,20-29歲,男,二級,陽性
33609,20-29歲,男,無,陰性
33610,40-49歲,男,二級,陽性
33611,60歲以上,女,無,陰性
33612,50-59歲,男,無,陰性
33613,60歲以上,男,無,陰性
33614,30-39歲,男,二級,陽性
33615,30-39歲,男,無,陰性
33616,30-39歲,男,無,陰性
33617,19歲以下,男,無,陰性
33618,30-39歲,男,無,陰性
33619,50-59歲,男,無,陰性
33620,50-59歲,男,無,陰性
33621,40-49歲,男,三級,陽性
33622,50-59歲,男,無,陰性
33623,50-59歲,女,無,陰性
33624,50-59歲,男,無,陰性
33625,40-49歲,男,一級,陽性
33626,40-49歲,男,一級,陽性
33627,40-49歲,男,無,陰性
33628,40-49歲,男,無,陰性
33629,50-59歲,男,無,陰性
33630,50-59歲,女,無,陰性
33631,30-39歲,男,無,陰性
33632,30-39歲,男,無,陰性
33633,30-39歲,男,一級,陽性
33634,50-59歲,男,無,陰性
33635,50-59歲,男,無,陰性
33636,50-59歲,女,無,陰性
33637,50-59歲,男,無,陰性
33638,40-49歲,女,無,陰性
33639,20-29歲,男,二級,陽性
33640,40-49歲,男,三級,陽性
33641,40-49歲,男,無,陰性
33642,40-49歲,女,無,陰性
33643,60歲以上,男,二級,陽性
33644,40-49歲,男,無,陰性
33645,60歲以上,男,二級,陽性
33646,60歲以上,女,二級,陽性
33647,40-49歲,男,無,陰性
33648,30-39歲,女,無,陰性
33649,50-59歲,男,無,陰性
33650,50-59歲,男,無,陰性
33651,40-49歲,男,無,陰性
33652,20-29歲,男,無,陰性
33653,20-29歲,男,無,陰性
33654,50-59歲,男,無,陰性
33655,50-59歲,男,無,陰性
33656,60歲以上,男,無,陰性
33657,40-49歲,男,二級,陽性
33658,50-59歲,男,無,陰性
33659,50-59歲,男,無,陰性
33660,40-49歲,男,無,陰性
33661,50-59歲,男,無,陰性
33662,50-59歲,男,無,陰性
33663,50-59歲,男,無,陰性
33664,50-59歲,男,無,陰性
33665,50-59歲,男,無,陰性
33666,30-39歲,男,無,陰性
33667,20-29歲,女,無,陰性
33668,40-49歲,男,無,陰性
33669,40-49歲,男,二級,陽性
33670,40-49歲,男,無,陰性
33671,40-49歲,男,無,陰性
33672,40-49歲,男,無,陰性
33673,40-49歲,男,無,陰性
33674,60歲以上,女,二級,陽性
33675,60歲以上,男,無,陰性
33676,50-59歲,男,無,陰性
33677,40-49歲,男,無,陰性
33678,20-29歲,男,無,陰性
33679,50-59歲,女,無,陰性
33680,50-59歲,男,無,陰性
33681,50-59歲,男,無,陰性
33682,20-29歲,男,無,陰性
33683,30-39歲,男,無,陰性
33684,40-49歲,男,二級,陽性
33685,40-49歲,男,二級,陽性
33686,40-49歲,男,無,陰性
33687,50-59歲,男,無,陰性
33688,50-59歲,男,無,陰性
33689,40-49歲,男,無,陰性
33690,50-59歲,男,二級,陽性
33691,30-39歲,男,無,陰性
33692,50-59歲,男,無,陰性
33693,50-59歲,女,無,陰性
33694,40-49歲,男,三級,陽性
33695,50-59歲,男,二級,陽性
33696,60歲以上,男,無,陰性
33697,30-39歲,男,無,陰性
33698,20-29歲,男,無,陰性
33699,30-39歲,男,無,陰性
33700,50-59歲,女,無,陰性
33701,60歲以上,女,無,陰性
33702,60歲以上,男,三級,陽性
33703,50-59歲,男,二級,陽性
33704,40-49歲,男,無,陰性
33705,60歲以上,男,二級,陽性
33706,40-49歲,男,無,陰性
33707,60歲以上,男,無,陰性
33708,50-59歲,男,無,陰性
33709,50-59歲,男,無,陰性
33710,40-49歲,女,無,陰性
33711,60歲以上,女,無,陰性
33712,20-29歲,女,無,陰性
33713,50-59歲,男,無,陰性
33714,20-29歲,男,無,陰性
33715,30-39歲,女,無,陰性
33716,50-59歲,男,無,陰性
33717,60歲以上,男,無,陰性
33718,60歲以上,男,無,陰性
33719,50-59歲,女,無,陰性
33720,40-49歲,男,無,陰性
33721,20-29歲,男,二級,陽性
33722,40-49歲,女,無,陰性
33723,30-39歲,男,二級,陽性
33724,19歲以下,女,無,陰性
33725,50-59歲,男,無,陰性
33726,40-49歲,男,一級,陽性
33727,19歲以下,男,無,陰性
33728,50-59歲,男,無,陰性
33729,20-29歲,男,無,陰性
33730,60歲以上,男,無,陰性
33731,60歲以上,女,一級,陽性
33732,50-59歲,男,無,陰性
33733,60歲以上,男,無,陰性
33734,30-39歲,男,一級,陽性
33735,40-49歲,男,無,陰性
33736,40-49歲,男,無,陰性
33737,50-59歲,女,無,陰性
33738,40-49歲,男,無,陰性
33739,50-59歲,男,三級,陽性
33740,50-59歲,男,三級,陽性
33741,50-59歲,男,無,陰性
33742,50-59歲,男,二級,陽性
33743,50-59歲,男,無,陰性
33744,40-49歲,男,無,陰性
33745,50-59歲,男,無,陰性
33746,50-59歲,男,無,陰性
33747,20-29歲,男,無,陰性
33748,40-49歲,男,無,陰性
33749,50-59歲,女,無,陰性
33750,50-59歲,男,無,陰性
33751,20-29歲,男,無,陰性
33752,40-49歲,男,無,陰性
33753,50-59歲,男,二級,陽性
33754,50-59歲,男,無,陰性
33755,30-39歲,男,無,陰性
33756,40-49歲,男,無,陰性
33757,20-29歲,男,無,陰性
33758,50-59歲,女,無,陰性
33759,40-49歲,男,二級,陽性
33760,40-49歲,男,二級,陽性
33761,40-49歲,男,無,陰性
33762,40-49歲,男,無,陰性
33763,40-49歲,男,無,陰性
33764,50-59歲,男,一級,陽性
33765,50-59歲,女,無,陰性
33766,40-49歲,女,無,陰性
33767,60歲以上,男,無,陰性
33768,60歲以上,女,無,陰性
33769,50-59歲,男,二級,陽性
33770,40-49歲,男,無,陰性
33771,50-59歲,女,二級,陽性
33772,30-39歲,男,無,陰性
33773,60歲以上,男,二級,陽性
33774,40-49歲,男,無,陰性
33775,19歲以下,男,無,陰性
33776,40-49歲,男,三級,陽性
33777,40-49歲,男,無,陰性
33778,30-39歲,男,二級,陽性
33779,60歲以上,男,無,陰性
33780,40-49歲,女,三級,陽性
33781,30-39歲,男,無,陰性
33782,50-59歲,男,無,陰性
33783,40-49歲,男,一級,陽性
33784,60歲以上,男,三級,陽性
33785,40-49歲,男,二級,陽性
33786,50-59歲,女,二級,陽性
33787,40-49歲,男,無,陰性
33788,30-39歲,男,無,陰性
33789,40-49歲,女,無,陰性
33790,40-49歲,男,二級,陽性
33791,20-29歲,男,無,陰性
33792,30-39歲,男,無,陰性
33793,40-49歲,男,無,陰性
33794,40-49歲,女,一級,陽性
33795,40-49歲,男,無,陰性
33796,40-49歲,女,二級,陽性
33797,50-59歲,男,二級,陽性
33798,40-49歲,男,無,陰性
33799,40-49歲,男,無,陰性
33800,30-39歲,男,無,陰性
33801,30-39歲,女,無,陰性
33802,20-29歲,男,二級,陽性
33803,50-59歲,男,無,陰性
33804,50-59歲,男,一級,陽性
33805,30-39歲,男,二級,陽性
33806,30-39歲,男,無,陰性
33807,30-39歲,男,二級,陽性
33808,60歲以上,女,無,陰性
33809,40-49歲,女,無,陰性
33810,40-49歲,男,三級,陽性
33811,40-49歲,男,無,陰性
33812,50-59歲,男,無,陰性
33813,20-29歲,男,無,陰性
33814,50-59歲,男,一級,陽性
33815,30-39歲,男,無,陰性
33816,40-49歲,男,二級,陽性
33817,50-59歲,女,無,陰性
33818,40-49歲,男,無,陰性
33819,30-39歲,男,無,陰性
33820,60歲以上,男,無,陰性
33821,50-59歲,男,無,陰性
33822,40-49歲,男,二級,陽性
33823,40-49歲,男,無,陰性
33824,60歲以上,男,無,陰性
33825,40-49歲,女,二級,陽性
33826,50-59歲,男,一級,陽性
33827,40-49歲,男,二級,陽性
33828,50-59歲,男,無,陰性
33829,30-39歲,男,無,陰性
33830,40-49歲,女,無,陰性
33831,40-49歲,男,無,陰性
33832,50-59歲,男,二級,陽性
33833,30-39歲,男,無,陰性
33834,40-49歲,男,無,陰性
33835,50-59歲,男,無,陰性
33836,40-49歲,男,二級,陽性
33837,60歲以上,女,無,陰性
33838,20-29歲,男,無,陰性
33839,30-39歲,男,無,陰性
33840,30-39歲,男,二級,陽性
33841,50-59歲,男,無,陰性
33842,60歲以上,男,無,陰性
33843,30-39歲,女,無,陰性
33844,30-39歲,男,二級,陽性
33845,40-49歲,男,無,陰性
33846,20-29歲,男,無,陰性
33847,19歲以下,男,二級,陽性
33848,30-39歲,男,無,陰性
33849,40-49歲,男,無,陰性
33850,30-39歲,男,無,陰性
33851,50-59歲,女,二級,陽性
33852,20-29歲,女,無,陰性
33853,30-39歲,男,無,陰性
33854,40-49歲,男,無,陰性
33855,20-29歲,男,無,陰性
33856,60歲以上,男,無,陰性
33857,40-49歲,男,無,陰性
33858,40-49歲,男,無,陰性
33859,40-49歲,男,三級,陽性
33860,20-29歲,女,二級,陽性
33861,20-29歲,男,無,陰性
33862,40-49歲,男,無,陰性
33863,50-59歲,男,無,陰性
33864,20-29歲,男,二級,陽性
33865,30-39歲,男,一級,陽性
33866,50-59歲,男,二級,陽性
33867,30-39歲,男,無,陰性
33868,30-39歲,男,無,陰性
33869,40-49歲,男,無,陰性
33870,40-49歲,男,無,陰性
33871,40-49歲,男,無,陰性
33872,20-29歲,男,無,陰性
33873,40-49歲,男,無,陰性
33874,60歲以上,男,無,陰性
33875,50-59歲,男,無,陰性
33876,40-49歲,男,無,陰性
33877,50-59歲,男,三級,陽性
33878,40-49歲,男,三級,陽性
33879,50-59歲,男,二級,陽性
33880,50-59歲,男,無,陰性
33881,40-49歲,男,無,陰性
33882,50-59歲,男,無,陰性
33883,50-59歲,男,無,陰性
33884,60歲以上,男,無,陰性
33885,40-49歲,男,一級,陽性
33886,30-39歲,男,無,陰性
33887,40-49歲,男,無,陰性
33888,50-59歲,男,無,陰性
33889,40-49歲,男,無,陰性
33890,19歲以下,男,無,陰性
33891,60歲以上,男,無,陰性
33892,40-49歲,男,無,陰性
33893,60歲以上,男,無,陰性
33894,50-59歲,女,二級,陽性
33895,40-49歲,男,無,陰性
33896,50-59歲,男,無,陰性
33897,50-59歲,男,無,陰性
33898,20-29歲,男,無,陰性
33899,40-49歲,男,無,陰性
33900,60歲以上,男,無,陰性
33901,40-49歲,男,無,陰性
33902,30-39歲,男,無,陰性
33903,40-49歲,男,無,陰性
33904,60歲以上,男,二級,陽性
33905,50-59歲,女,無,陰性
33906,40-49歲,男,無,陰性
33907,50-59歲,男,無,陰性
33908,50-59歲,男,無,陰性
33909,20-29歲,男,二級,陽性
33910,30-39歲,女,無,陰性
33911,40-49歲,男,無,陰性
33912,40-49歲,女,無,陰性
33913,40-49歲,女,無,陰性
33914,50-59歲,男,一級,陽性
33915,50-59歲,男,無,陰性
33916,40-49歲,男,一級,陽性
33917,50-59歲,男,無,陰性
33918,40-49歲,男,三級,陽性
33919,40-49歲,女,無,陰性
33920,20-29歲,男,無,陰性
33921,50-59歲,男,三級,陽性
33922,50-59歲,男,三級,陽性
33923,30-39歲,女,無,陰性
33924,20-29歲,男,二級,陽性
33925,40-49歲,男,無,陰性
33926,30-39歲,男,無,陰性
33927,50-59歲,男,無,陰性
33928,40-49歲,女,無,陰性
33929,50-59歲,女,無,陰性
33930,40-49歲,男,無,陰性
33931,40-49歲,男,二級,陽性
33932,40-49歲,男,無,陰性
33933,40-49歲,女,無,陰性
33934,60歲以上,男,無,陰性
33935,60歲以上,女,無,陰性
33936,30-39歲,男,二級,陽性
33937,50-59歲,男,無,陰性
33938,50-59歲,男,無,陰性
33939,40-49歲,男,無,陰性
33940,30-39歲,男,二級,陽性
33941,50-59歲,女,無,陰性
33942,50-59歲,男,無,陰性
33943,40-49歲,男,無,陰性
33944,60歲以上,女,無,陰性
33945,40-49歲,男,無,陰性
33946,20-29歲,女,無,陰性
33947,20-29歲,男,一級,陽性
33948,50-59歲,男,無,陰性
33949,19歲以下,男,二級,陽性
33950,50-59歲,女,無,陰性
33951,40-49歲,男,二級,陽性
33952,60歲以上,男,三級,陽性
33953,50-59歲,男,無,陰性
33954,40-49歲,男,無,陰性
33955,40-49歲,男,無,陰性
33956,50-59歲,男,二級,陽性
33957,30-39歲,女,無,陰性
33958,30-39歲,女,無,陰性
33959,40-49歲,男,無,陰性
33960,40-49歲,女,無,陰性
33961,50-59歲,男,無,陰性
33962,50-59歲,男,無,陰性
33963,50-59歲,男,無,陰性
33964,40-49歲,男,無,陰性
33965,40-49歲,男,無,陰性
33966,60歲以上,男,無,陰性
33967,50-59歲,男,無,陰性
33968,50-59歲,男,無,陰性
33969,40-49歲,男,無,陰性
33970,60歲以上,男,二級,陽性
33971,60歲以上,女,無,陰性
33972,40-49歲,男,二級,陽性
33973,50-59歲,女,無,陰性
33974,40-49歲,男,無,陰性
33975,40-49歲,男,無,陰性
33976,50-59歲,男,無,陰性
33977,19歲以下,男,無,陰性
33978,60歲以上,男,無,陰性
33979,60歲以上,男,無,陰性
33980,40-49歲,男,無,陰性
33981,40-49歲,男,無,陰性
33982,20-29歲,男,無,陰性
33983,50-59歲,男,無,陰性
33984,50-59歲,男,無,陰性
33985,50-59歲,男,無,陰性
33986,50-59歲,男,三級,陽性
33987,30-39歲,男,無,陰性
33988,20-29歲,女,無,陰性
33989,30-39歲,男,無,陰性
33990,40-49歲,男,無,陰性
33991,40-49歲,男,無,陰性
33992,50-59歲,女,無,陰性
33993,30-39歲,男,無,陰性
33994,40-49歲,男,無,陰性
33995,30-39歲,男,無,陰性
33996,50-59歲,男,無,陰性
33997,60歲以上,女,無,陰性
33998,19歲以下,男,無,陰性
33999,40-49歲,男,無,陰性
34000,40-49歲,男,無,陰性
34001,30-39歲,女,無,陰性
34002,40-49歲,女,無,陰性
34003,60歲以上,男,無,陰性
34004,40-49歲,男,無,陰性
34005,50-59歲,女,無,陰性
34006,40-49歲,男,無,陰性
34007,30-39歲,男,無,陰性
34008,30-39歲,女,三級,陽性
34009,40-49歲,男,無,陰性
34010,50-59歲,男,二級,陽性
34011,60歲以上,男,無,陰性
34012,40-49歲,男,無,陰性
34013,50-59歲,男,無,陰性
34014,40-49歲,男,無,陰性
34015,40-49歲,男,無,陰性
34016,50-59歲,男,無,陰性
34017,30-39歲,男,無,陰性
34018,40-49歲,男,無,陰性
34019,60歲以上,男,無,陰性
34020,50-59歲,男,二級,陽性
34021,50-59歲,男,無,陰性
34022,60歲以上,男,無,陰性
34023,40-49歲,男,二級,陽性
34024,40-49歲,男,無,陰性
34025,40-49歲,男,無,陰性
34026,40-49歲,男,二級,陽性
34027,50-59歲,男,無,陰性
34028,40-49歲,男,無,陰性
34029,20-29歲,男,一級,陽性
34030,50-59歲,女,無,陰性
34031,20-29歲,女,無,陰性
34032,50-59歲,男,無,陰性
34033,40-49歲,男,無,陰性
34034,19歲以下,女,二級,陽性
34035,30-39歲,男,二級,陽性
34036,40-49歲,男,無,陰性
34037,50-59歲,男,二級,陽性
34038,40-49歲,男,三級,陽性
34039,60歲以上,男,無,陰性
34040,50-59歲,女,無,陰性
34041,40-49歲,男,二級,陽性
34042,40-49歲,男,無,陰性
34043,30-39歲,男,無,陰性
34044,30-39歲,男,無,陰性
34045,50-59歲,男,無,陰性
34046,40-49歲,男,無,陰性
34047,50-59歲,男,無,陰性
34048,30-39歲,女,無,陰性
34049,30-39歲,男,無,陰性
34050,50-59歲,男,無,陰性
34051,50-59歲,男,無,陰性
34052,50-59歲,男,無,陰性
34053,40-49歲,女,無,陰性
34054,60歲以上,男,無,陰性
34055,50-59歲,女,無,陰性
34056,20-29歲,男,二級,陽性
34057,19歲以下,男,一級,陽性
34058,20-29歲,男,無,陰性
34059,60歲以上,男,二級,陽性
34060,60歲以上,男,無,陰性
34061,30-39歲,男,無,陰性
34062,40-49歲,男,無,陰性
34063,30-39歲,男,無,陰性
34064,50-59歲,男,無,陰性
34065,30-39歲,男,二級,陽性
34066,40-49歲,男,無,陰性
34067,40-49歲,男,無,陰性
34068,40-49歲,男,無,陰性
34069,40-49歲,男,無,陰性
34070,50-59歲,男,無,陰性
34071,30-39歲,男,無,陰性
34072,20-29歲,男,無,陰性
34073,60歲以上,男,無,陰性
34074,50-59歲,男,無,陰性
34075,40-49歲,男,無,陰性
34076,40-49歲,男,無,陰性
34077,20-29歲,男,無,陰性
34078,50-59歲,女,無,陰性
34079,40-49歲,男,無,陰性
34080,50-59歲,男,二級,陽性
34081,40-49歲,男,無,陰性
34082,50-59歲,男,二級,陽性
34083,20-29歲,女,無,陰性
34084,19歲以下,男,無,陰性
34085,50-59歲,男,三級,陽性
34086,50-59歲,女,無,陰性
34087,50-59歲,女,無,陰性
34088,40-49歲,男,無,陰性
34089,40-49歲,男,無,陰性
34090,20-29歲,女,無,陰性
34091,30-39歲,女,無,陰性
34092,20-29歲,男,無,陰性
34093,50-59歲,男,無,陰性
34094,60歲以上,男,二級,陽性
34095,40-49歲,男,無,陰性
34096,50-59歲,男,二級,陽性
34097,30-39歲,男,無,陰性
34098,40-49歲,男,三級,陽性
34099,60歲以上,男,二級,陽性
34100,40-49歲,男,二級,陽性
34101,50-59歲,男,無,陰性
34102,50-59歲,男,二級,陽性
34103,50-59歲,男,無,陰性
34104,60歲以上,男,三級,陽性
34105,60歲以上,男,無,陰性
34106,40-49歲,男,無,陰性
34107,60歲以上,男,二級,陽性
34108,50-59歲,男,無,陰性
34109,30-39歲,男,無,陰性
34110,50-59歲,男,二級,陽性
34111,40-49歲,女,二級,陽性
34112,40-49歲,男,無,陰性
34113,40-49歲,男,無,陰性
34114,40-49歲,男,無,陰性
34115,20-29歲,男,無,陰性
34116,30-39歲,男,無,陰性
34117,19歲以下,男,無,陰性
34118,40-49歲,男,無,陰性
34119,30-39歲,男,無,陰性
34120,20-29歲,男,無,陰性
34121,50-59歲,男,無,陰性
34122,30-39歲,女,無,陰性
34123,50-59歲,男,無,陰性
34124,30-39歲,男,無,陰性
34125,40-49歲,男,無,陰性
34126,30-39歲,男,一級,陽性
34127,60歲以上,女,無,陰性
34128,60歲以上,男,無,陰性
34129,40-49歲,男,無,陰性
34130,50-59歲,女,無,陰性
34131,50-59歲,男,無,陰性
34132,40-49歲,男,無,陰性
34133,40-49歲,男,無,陰性
34134,19歲以下,男,無,陰性
34135,40-49歲,男,無,陰性
34136,40-49歲,男,三級,陽性
34137,60歲以上,女,無,陰性
34138,40-49歲,男,一級,陽性
34139,20-29歲,男,無,陰性
34140,60歲以上,男,無,陰性
34141,40-49歲,女,無,陰性
34142,40-49歲,女,無,陰性
34143,60歲以上,女,無,陰性
34144,50-59歲,男,無,陰性
34145,20-29歲,女,無,陰性
34146,30-39歲,男,二級,陽性
34147,19歲以下,男,無,陰性
34148,40-49歲,男,無,陰性
34149,19歲以下,男,無,陰性
34150,30-39歲,男,無,陰性
34151,50-59歲,女,無,陰性
34152,40-49歲,男,無,陰性
34153,40-49歲,女,無,陰性
34154,60歲以上,男,無,陰性
34155,40-49歲,男,無,陰性
34156,40-49歲,男,二級,陽性
34157,40-49歲,男,無,陰性
34158,40-49歲,男,無,陰性
34159,50-59歲,女,無,陰性
34160,40-49歲,男,無,陰性
34161,40-49歲,男,無,陰性
34162,60歲以上,女,二級,陽性
34163,50-59歲,男,無,陰性
34164,20-29歲,男,無,陰性
34165,40-49歲,女,無,陰性
34166,30-39歲,女,無,陰性
34167,50-59歲,男,二級,陽性
34168,60歲以上,男,無,陰性
34169,30-39歲,男,二級,陽性
34170,40-49歲,男,無,陰性
34171,40-49歲,男,二級,陽性
34172,19歲以下,男,二級,陽性
34173,30-39歲,男,無,陰性
34174,30-39歲,男,三級,陽性
34175,40-49歲,男,無,陰性
34176,30-39歲,男,無,陰性
34177,50-59歲,男,無,陰性
34178,40-49歲,男,無,陰性
34179,60歲以上,男,無,陰性
34180,40-49歲,男,無,陰性
34181,30-39歲,男,一級,陽性
34182,40-49歲,男,二級,陽性
34183,20-29歲,女,無,陰性
34184,50-59歲,男,三級,陽性
34185,30-39歲,男,無,陰性
34186,20-29歲,男,二級,陽性
34187,40-49歲,男,無,陰性
34188,40-49歲,男,無,陰性
34189,40-49歲,男,二級,陽性
34190,50-59歲,男,無,陰性
34191,20-29歲,女,無,陰性
34192,50-59歲,男,無,陰性
34193,40-49歲,男,無,陰性
34194,40-49歲,男,無,陰性
34195,20-29歲,男,一級,陽性
34196,40-49歲,女,一級,陽性
34197,40-49歲,男,無,陰性
34198,50-59歲,男,無,陰性
34199,40-49歲,男,無,陰性
34200,20-29歲,男,無,陰性
34201,19歲以下,男,無,陰性
34202,50-59歲,男,無,陰性
34203,30-39歲,男,無,陰性
34204,50-59歲,男,無,陰性
34205,50-59歲,男,二級,陽性
34206,40-49歲,男,一級,陽性
34207,50-59歲,男,無,陰性
34208,40-49歲,男,無,陰性
34209,30-39歲,男,無,陰性
34210,30-39歲,男,無,陰性
34211,19歲以下,男,無,陰性
34212,40-49歲,男,無,陰性
34213,30-39歲,男,無,陰性
34214,50-59歲,男,無,陰性
34215,40-49歲,男,二級,陽性
34216,50-59歲,男,無,陰性
34217,60歲以上,男,無,陰性
34218,40-49歲,女,無,陰性
34219,50-59歲,男,無,陰性
34220,50-59歲,男,無,陰性
34221,20-29歲,男,無,陰性
34222,40-49歲,男,無,陰性
34223,60歲以上,男,無,陰性
34224,30-39歲,男,無,陰性
34225,40-49歲,男,二級,陽性
34226,30-39歲,男,無,陰性
34227,50-59歲,男,二級,陽性
34228,30-39歲,男,無,陰性
34229,50-59歲,男,無,陰性
34230,30-39歲,女,無,陰性
34231,50-59歲,男,無,陰性
34232,30-39歲,女,三級,陽性
34233,50-59歲,男,無,陰性
34234,30-39歲,男,二級,陽性
34235,50-59歲,男,無,陰性
34236,50-59歲,女,無,陰性
34237,40-49歲,女,無,陰性
34238,20-29歲,男,無,陰性
34239,50-59歲,男,無,陰性
34240,20-29歲,男,無,陰性
34241,30-39歲,男,無,陰性
34242,60歲以上,男,無,陰性
34243,30-39歲,女,無,陰性
34244,20-29歲,男,無,陰性
34245,30-39歲,男,二級,陽性
34246,50-59歲,男,無,陰性
34247,40-49歲,男,無,陰性
34248,30-39歲,男,無,陰性
34249,20-29歲,男,無,陰性
34250,40-49歲,男,無,陰性
34251,20-29歲,男,無,陰性
34252,40-49歲,男,無,陰性
34253,40-49歲,女,無,陰性
34254,30-39歲,男,無,陰性
34255,30-39歲,男,無,陰性
34256,30-39歲,男,無,陰性
34257,30-39歲,女,無,陰性
34258,20-29歲,男,無,陰性
34259,50-59歲,男,無,陰性
34260,30-39歲,男,無,陰性
34261,50-59歲,男,無,陰性
34262,60歲以上,男,二級,陽性
34263,40-49歲,男,無,陰性
34264,30-39歲,男,二級,陽性
34265,19歲以下,男,無,陰性
34266,30-39歲,男,無,陰性
34267,30-39歲,男,二級,陽性
34268,40-49歲,男,無,陰性
34269,30-39歲,男,無,陰性
34270,40-49歲,男,無,陰性
34271,30-39歲,男,無,陰性
34272,30-39歲,女,無,陰性
34273,50-59歲,男,二級,陽性
34274,30-39歲,男,無,陰性
34275,40-49歲,女,無,陰性
34276,50-59歲,女,無,陰性
34277,40-49歲,男,無,陰性
34278,30-39歲,男,無,陰性
34279,40-49歲,男,無,陰性
34280,30-39歲,男,無,陰性
34281,30-39歲,男,無,陰性
34282,30-39歲,男,無,陰性
34283,20-29歲,男,二級,陽性
34284,30-39歲,女,二級,陽性
34285,40-49歲,男,無,陰性
34286,50-59歲,男,無,陰性
34287,50-59歲,男,無,陰性
34288,50-59歲,男,二級,陽性
34289,50-59歲,男,無,陰性
34290,30-39歲,女,無,陰性
34291,60歲以上,男,無,陰性
34292,20-29歲,男,無,陰性
34293,40-49歲,男,二級,陽性
34294,20-29歲,男,無,陰性
34295,60歲以上,女,二級,陽性
34296,50-59歲,男,無,陰性
34297,50-59歲,女,無,陰性
34298,20-29歲,男,無,陰性
34299,40-49歲,女,無,陰性
34300,50-59歲,男,三級,陽性
34301,19歲以下,男,無,陰性
34302,40-49歲,女,二級,陽性
34303,40-49歲,男,無,陰性
34304,50-59歲,男,無,陰性
34305,40-49歲,男,無,陰性
34306,19歲以下,女,二級,陽性
34307,60歲以上,男,無,陰性
34308,40-49歲,男,無,陰性
34309,50-59歲,女,無,陰性
34310,50-59歲,男,無,陰性
34311,40-49歲,男,無,陰性
34312,40-49歲,男,無,陰性
34313,30-39歲,女,無,陰性
34314,20-29歲,男,無,陰性
34315,40-49歲,男,無,陰性
34316,50-59歲,男,一級,陽性
34317,40-49歲,女,無,陰性
34318,40-49歲,女,無,陰性
34319,20-29歲,男,一級,陽性
34320,50-59歲,女,無,陰性
34321,40-49歲,女,無,陰性
34322,50-59歲,男,無,陰性
34323,50-59歲,男,無,陰性
34324,40-49歲,男,無,陰性
34325,40-49歲,男,無,陰性
34326,40-49歲,男,二級,陽性
34327,50-59歲,男,無,陰性
34328,60歲以上,男,無,陰性
34329,60歲以上,男,無,陰性
34330,40-49歲,男,無,陰性
34331,40-49歲,男,無,陰性
34332,50-59歲,男,無,陰性
34333,40-49歲,女,無,陰性
34334,30-39歲,男,無,陰性
34335,30-39歲,男,無,陰性
34336,30-39歲,男,無,陰性
34337,30-39歲,男,無,陰性
34338,50-59歲,男,無,陰性
34339,40-49歲,男,無,陰性
34340,40-49歲,男,二級,陽性
34341,50-59歲,男,無,陰性
34342,60歲以上,男,二級,陽性
34343,40-49歲,男,無,陰性
34344,40-49歲,男,無,陰性
34345,50-59歲,男,無,陰性
34346,40-49歲,男,無,陰性
34347,19歲以下,男,三級,陽性
34348,50-59歲,男,無,陰性
34349,60歲以上,男,無,陰性
34350,30-39歲,男,三級,陽性
34351,50-59歲,男,無,陰性
34352,40-49歲,男,無,陰性
34353,50-59歲,女,無,陰性
34354,40-49歲,男,三級,陽性
34355,30-39歲,男,無,陰性
34356,30-39歲,男,二級,陽性
34357,50-59歲,男,無,陰性
34358,40-49歲,男,無,陰性
34359,40-49歲,女,無,陰性
34360,40-49歲,男,無,陰性
34361,40-49歲,男,無,陰性
34362,30-39歲,男,二級,陽性
34363,50-59歲,女,二級,陽性
34364,50-59歲,男,二級,陽性
34365,30-39歲,女,無,陰性
34366,30-39歲,男,無,陰性
34367,40-49歲,男,無,陰性
34368,20-29歲,男,無,陰性
34369,40-49歲,男,無,陰性
34370,60歲以上,女,無,陰性
34371,60歲以上,男,無,陰性
34372,60歲以上,男,二級,陽性
34373,40-49歲,男,二級,陽性
34374,50-59歲,男,無,陰性
34375,40-49歲,男,無,陰性
34376,50-59歲,男,無,陰性
34377,19歲以下,男,二級,陽性
34378,40-49歲,男,無,陰性
34379,20-29歲,男,無,陰性
34380,50-59歲,女,無,陰性
34381,30-39歲,男,二級,陽性
34382,60歲以上,女,無,陰性
34383,40-49歲,女,無,陰性
34384,50-59歲,女,無,陰性
34385,50-59歲,男,無,陰性
34386,30-39歲,男,無,陰性
34387,20-29歲,男,無,陰性
34388,50-59歲,男,無,陰性
34389,19歲以下,男,無,陰性
34390,50-59歲,男,無,陰性
34391,50-59歲,男,無,陰性
34392,30-39歲,男,二級,陽性
34393,50-59歲,男,無,陰性
34394,50-59歲,女,無,陰性
34395,40-49歲,男,無,陰性
34396,50-59歲,女,無,陰性
34397,40-49歲,女,無,陰性
34398,30-39歲,女,二級,陽性
34399,40-49歲,女,無,陰性
34400,40-49歲,男,無,陰性
34401,30-39歲,男,無,陰性
34402,50-59歲,男,無,陰性
34403,40-49歲,男,無,陰性
34404,40-49歲,男,無,陰性
34405,20-29歲,男,二級,陽性
34406,40-49歲,男,無,陰性
34407,50-59歲,男,無,陰性
34408,20-29歲,男,無,陰性
34409,50-59歲,男,一級,陽性
34410,60歲以上,男,無,陰性
34411,60歲以上,男,無,陰性
34412,50-59歲,男,二級,陽性
34413,20-29歲,女,無,陰性
34414,60歲以上,男,二級,陽性
34415,30-39歲,男,二級,陽性
34416,50-59歲,男,無,陰性
34417,50-59歲,男,無,陰性
34418,20-29歲,男,二級,陽性
34419,50-59歲,女,無,陰性
34420,40-49歲,男,二級,陽性
34421,20-29歲,男,無,陰性
34422,40-49歲,男,二級,陽性
34423,40-49歲,男,無,陰性
34424,40-49歲,男,無,陰性
34425,40-49歲,男,二級,陽性
34426,40-49歲,女,無,陰性
34427,30-39歲,男,二級,陽性
34428,50-59歲,男,無,陰性
34429,60歲以上,男,無,陰性
34430,50-59歲,男,無,陰性
34431,40-49歲,男,無,陰性
34432,60歲以上,男,無,陰性
34433,50-59歲,男,無,陰性
34434,30-39歲,男,無,陰性
34435,30-39歲,男,無,陰性
34436,40-49歲,男,二級,陽性
34437,40-49歲,男,一級,陽性
34438,60歲以上,男,無,陰性
34439,30-39歲,男,無,陰性
34440,30-39歲,男,無,陰性
34441,60歲以上,女,無,陰性
34442,40-49歲,男,無,陰性
34443,30-39歲,男,二級,陽性
34444,20-29歲,男,無,陰性
34445,30-39歲,女,無,陰性
34446,40-49歲,男,無,陰性
34447,60歲以上,女,無,陰性
34448,50-59歲,男,無,陰性
34449,40-49歲,女,無,陰性
34450,50-59歲,男,無,陰性
34451,20-29歲,男,無,陰性
34452,50-59歲,男,無,陰性
34453,40-49歲,男,三級,陽性
34454,60歲以上,男,無,陰性
34455,50-59歲,男,二級,陽性
34456,50-59歲,女,無,陰性
34457,40-49歲,男,無,陰性
34458,30-39歲,男,無,陰性
34459,40-49歲,男,無,陰性
34460,50-59歲,男,無,陰性
34461,60歲以上,男,無,陰性
34462,50-59歲,男,無,陰性
34463,20-29歲,男,無,陰性
34464,20-29歲,男,無,陰性
34465,60歲以上,男,無,陰性
34466,40-49歲,男,三級,陽性
34467,50-59歲,女,無,陰性
34468,50-59歲,男,無,陰性
34469,40-49歲,男,一級,陽性
34470,40-49歲,男,無,陰性
34471,40-49歲,男,三級,陽性
34472,60歲以上,男,二級,陽性
34473,60歲以上,男,無,陰性
34474,20-29歲,男,無,陰性
34475,40-49歲,男,無,陰性
34476,30-39歲,女,無,陰性
34477,19歲以下,男,二級,陽性
34478,60歲以上,女,無,陰性
34479,40-49歲,女,二級,陽性
34480,60歲以上,男,無,陰性
34481,40-49歲,男,無,陰性
34482,40-49歲,男,無,陰性
34483,50-59歲,男,無,陰性
34484,40-49歲,男,二級,陽性
34485,50-59歲,男,無,陰性
34486,60歲以上,男,無,陰性
34487,50-59歲,男,無,陰性
34488,20-29歲,女,無,陰性
34489,19歲以下,男,二級,陽性
34490,50-59歲,男,無,陰性
34491,30-39歲,男,二級,陽性
34492,60歲以上,女,二級,陽性
34493,40-49歲,男,無,陰性
34494,40-49歲,男,無,陰性
34495,60歲以上,男,二級,陽性
34496,40-49歲,男,無,陰性
34497,50-59歲,女,無,陰性
34498,40-49歲,男,無,陰性
34499,40-49歲,女,無,陰性
34500,50-59歲,男,二級,陽性
34501,30-39歲,男,無,陰性
34502,60歲以上,男,一級,陽性
34503,20-29歲,男,二級,陽性
34504,40-49歲,男,二級,陽性
34505,50-59歲,男,無,陰性
34506,40-49歲,女,二級,陽性
34507,40-49歲,男,無,陰性
34508,40-49歲,女,無,陰性
34509,40-49歲,男,二級,陽性
34510,60歲以上,男,二級,陽性
34511,50-59歲,男,無,陰性
34512,40-49歲,男,無,陰性
34513,40-49歲,男,無,陰性
34514,30-39歲,男,三級,陽性
34515,60歲以上,女,無,陰性
34516,20-29歲,男,二級,陽性
34517,50-59歲,男,二級,陽性
34518,40-49歲,男,無,陰性
34519,40-49歲,男,二級,陽性
34520,60歲以上,男,無,陰性
34521,60歲以上,男,無,陰性
34522,20-29歲,男,無,陰性
34523,60歲以上,男,無,陰性
34524,40-49歲,男,無,陰性
34525,40-49歲,女,無,陰性
34526,50-59歲,女,無,陰性
34527,50-59歲,男,無,陰性
34528,40-49歲,男,無,陰性
34529,50-59歲,男,無,陰性
34530,50-59歲,男,二級,陽性
34531,30-39歲,男,無,陰性
34532,40-49歲,男,無,陰性
34533,40-49歲,男,無,陰性
34534,50-59歲,男,無,陰性
34535,50-59歲,男,無,陰性
34536,40-49歲,男,無,陰性
34537,50-59歲,男,三級,陽性
34538,50-59歲,男,無,陰性
34539,30-39歲,男,無,陰性
34540,30-39歲,男,二級,陽性
34541,20-29歲,男,無,陰性
34542,60歲以上,男,三級,陽性
34543,30-39歲,男,無,陰性
34544,40-49歲,女,無,陰性
34545,30-39歲,男,無,陰性
34546,40-49歲,男,無,陰性
34547,40-49歲,男,三級,陽性
34548,20-29歲,男,無,陰性
34549,50-59歲,男,無,陰性
34550,30-39歲,男,無,陰性
34551,40-49歲,男,無,陰性
34552,40-49歲,男,無,陰性
34553,19歲以下,男,無,陰性
34554,40-49歲,女,無,陰性
34555,40-49歲,男,二級,陽性
34556,60歲以上,男,無,陰性
34557,30-39歲,男,無,陰性
34558,40-49歲,女,無,陰性
34559,40-49歲,男,無,陰性
34560,40-49歲,女,無,陰性
34561,40-49歲,男,無,陰性
34562,20-29歲,男,無,陰性
34563,50-59歲,男,無,陰性
34564,40-49歲,男,無,陰性
34565,20-29歲,女,無,陰性
34566,20-29歲,男,無,陰性
34567,30-39歲,男,無,陰性
34568,40-49歲,女,無,陰性
34569,40-49歲,男,無,陰性
34570,40-49歲,男,無,陰性
34571,30-39歲,女,無,陰性
34572,40-49歲,男,無,陰性
34573,40-49歲,男,無,陰性
34574,40-49歲,男,二級,陽性
34575,40-49歲,男,無,陰性
34576,30-39歲,男,二級,陽性
34577,50-59歲,女,無,陰性
34578,50-59歲,男,二級,陽性
34579,30-39歲,男,無,陰性
34580,50-59歲,男,無,陰性
34581,50-59歲,男,無,陰性
34582,30-39歲,男,無,陰性
34583,50-59歲,女,無,陰性
34584,50-59歲,男,無,陰性
34585,40-49歲,女,無,陰性
34586,40-49歲,女,二級,陽性
34587,30-39歲,男,無,陰性
34588,40-49歲,女,無,陰性
34589,40-49歲,男,無,陰性
34590,40-49歲,女,無,陰性
34591,60歲以上,男,無,陰性
34592,30-39歲,男,二級,陽性
34593,40-49歲,男,無,陰性
34594,60歲以上,男,無,陰性
34595,60歲以上,男,無,陰性
34596,40-49歲,男,二級,陽性
34597,60歲以上,男,無,陰性
34598,20-29歲,男,一級,陽性
34599,19歲以下,男,無,陰性
34600,50-59歲,男,一級,陽性
34601,30-39歲,男,無,陰性
34602,30-39歲,男,無,陰性
34603,30-39歲,女,無,陰性
34604,50-59歲,男,二級,陽性
34605,40-49歲,男,無,陰性
34606,60歲以上,男,無,陰性
34607,20-29歲,男,無,陰性
34608,50-59歲,男,無,陰性
34609,20-29歲,男,無,陰性
34610,40-49歲,女,無,陰性
34611,20-29歲,女,無,陰性
34612,40-49歲,女,無,陰性
34613,50-59歲,男,無,陰性
34614,40-49歲,男,無,陰性
34615,40-49歲,男,二級,陽性
34616,40-49歲,男,二級,陽性
34617,40-49歲,男,無,陰性
34618,20-29歲,男,無,陰性
34619,50-59歲,男,二級,陽性
34620,40-49歲,男,無,陰性
34621,30-39歲,男,無,陰性
34622,50-59歲,男,無,陰性
34623,20-29歲,男,無,陰性
34624,40-49歲,男,三級,陽性
34625,50-59歲,男,無,陰性
34626,20-29歲,男,無,陰性
34627,40-49歲,男,無,陰性
34628,60歲以上,男,二級,陽性
34629,40-49歲,男,無,陰性
34630,30-39歲,女,無,陰性
34631,30-39歲,男,二級,陽性
34632,40-49歲,男,無,陰性
34633,50-59歲,男,無,陰性
34634,50-59歲,男,無,陰性
34635,30-39歲,男,無,陰性
34636,20-29歲,男,無,陰性
34637,50-59歲,女,無,陰性
34638,50-59歲,男,二級,陽性
34639,40-49歲,女,一級,陽性
34640,40-49歲,男,無,陰性
34641,50-59歲,男,二級,陽性
34642,60歲以上,男,無,陰性
34643,20-29歲,男,無,陰性
34644,50-59歲,男,二級,陽性
34645,50-59歲,男,無,陰性
34646,50-59歲,男,無,陰性
34647,50-59歲,男,無,陰性
34648,50-59歲,男,無,陰性
34649,40-49歲,男,二級,陽性
34650,50-59歲,女,無,陰性
34651,20-29歲,女,無,陰性
34652,30-39歲,男,無,陰性
34653,40-49歲,男,無,陰性
34654,50-59歲,男,無,陰性
34655,40-49歲,女,無,陰性
34656,50-59歲,男,二級,陽性
34657,40-49歲,男,無,陰性
34658,60歲以上,男,無,陰性
34659,40-49歲,男,無,陰性
34660,30-39歲,男,無,陰性
34661,50-59歲,女,無,陰性
34662,20-29歲,男,一級,陽性
34663,20-29歲,男,無,陰性
34664,40-49歲,男,三級,陽性
34665,50-59歲,男,無,陰性
34666,50-59歲,男,無,陰性
34667,50-59歲,男,一級,陽性
34668,50-59歲,男,無,陰性
34669,40-49歲,男,無,陰性
34670,30-39歲,男,無,陰性
34671,40-49歲,女,無,陰性
34672,40-49歲,男,無,陰性
34673,40-49歲,男,無,陰性
34674,30-39歲,女,無,陰性
34675,50-59歲,女,無,陰性
34676,30-39歲,男,無,陰性
34677,50-59歲,女,無,陰性
34678,40-49歲,男,無,陰性
34679,40-49歲,男,無,陰性
34680,19歲以下,男,無,陰性
34681,50-59歲,男,無,陰性
34682,50-59歲,男,無,陰性
34683,50-59歲,女,二級,陽性
34684,30-39歲,男,無,陰性
34685,40-49歲,男,無,陰性
34686,30-39歲,女,無,陰性
34687,60歲以上,女,一級,陽性
34688,30-39歲,男,二級,陽性
34689,60歲以上,男,無,陰性
34690,30-39歲,男,無,陰性
34691,40-49歲,男,無,陰性
34692,40-49歲,男,二級,陽性
34693,40-49歲,男,無,陰性
34694,60歲以上,男,無,陰性
34695,30-39歲,男,無,陰性
34696,50-59歲,男,無,陰性
34697,40-49歲,女,無,陰性
34698,50-59歲,女,無,陰性
34699,30-39歲,男,二級,陽性
34700,50-59歲,男,無,陰性
34701,40-49歲,男,無,陰性
34702,60歲以上,女,無,陰性
34703,50-59歲,男,無,陰性
34704,40-49歲,男,無,陰性
34705,40-49歲,女,無,陰性
34706,30-39歲,男,無,陰性
34707,50-59歲,女,無,陰性
34708,60歲以上,男,無,陰性
34709,40-49歲,男,無,陰性
34710,50-59歲,男,無,陰性
34711,40-49歲,男,無,陰性
34712,50-59歲,男,無,陰性
34713,40-49歲,男,二級,陽性
34714,19歲以下,男,無,陰性
34715,40-49歲,男,無,陰性
34716,20-29歲,男,無,陰性
34717,50-59歲,女,無,陰性
34718,40-49歲,女,無,陰性
34719,40-49歲,男,無,陰性
34720,20-29歲,男,無,陰性
34721,30-39歲,男,無,陰性
34722,40-49歲,男,無,陰性
34723,40-49歲,女,二級,陽性
34724,60歲以上,男,無,陰性
34725,60歲以上,男,二級,陽性
34726,19歲以下,男,二級,陽性
34727,50-59歲,女,無,陰性
34728,40-49歲,女,無,陰性
34729,50-59歲,男,無,陰性
34730,30-39歲,男,無,陰性
34731,30-39歲,女,無,陰性
34732,50-59歲,男,無,陰性
34733,50-59歲,男,無,陰性
34734,30-39歲,男,無,陰性
34735,20-29歲,男,無,陰性
34736,30-39歲,男,二級,陽性
34737,50-59歲,男,二級,陽性
34738,40-49歲,男,三級,陽性
34739,40-49歲,女,無,陰性
34740,40-49歲,男,無,陰性
34741,30-39歲,男,二級,陽性
34742,40-49歲,男,無,陰性
34743,40-49歲,男,無,陰性
34744,30-39歲,男,無,陰性
34745,40-49歲,男,無,陰性
34746,30-39歲,男,無,陰性
34747,50-59歲,男,三級,陽性
34748,50-59歲,男,二級,陽性
34749,40-49歲,男,無,陰性
34750,40-49歲,男,無,陰性
34751,50-59歲,男,無,陰性
34752,30-39歲,男,無,陰性
34753,40-49歲,男,無,陰性
34754,20-29歲,男,無,陰性
34755,30-39歲,男,無,陰性
34756,30-39歲,男,無,陰性
34757,50-59歲,男,無,陰性
34758,20-29歲,女,無,陰性
34759,20-29歲,男,無,陰性
34760,20-29歲,男,無,陰性
34761,50-59歲,男,無,陰性
34762,40-49歲,男,無,陰性
34763,50-59歲,女,無,陰性
34764,30-39歲,女,無,陰性
34765,40-49歲,男,無,陰性
34766,40-49歲,男,無,陰性
34767,40-49歲,男,無,陰性
34768,60歲以上,男,二級,陽性
34769,50-59歲,男,無,陰性
34770,50-59歲,女,無,陰性
34771,30-39歲,男,一級,陽性
34772,40-49歲,男,無,陰性
34773,30-39歲,男,無,陰性
34774,30-39歲,男,無,陰性
34775,30-39歲,男,二級,陽性
34776,50-59歲,男,一級,陽性
34777,30-39歲,男,無,陰性
34778,50-59歲,男,二級,陽性
34779,40-49歲,男,無,陰性
34780,40-49歲,男,二級,陽性
34781,60歲以上,男,無,陰性
34782,50-59歲,男,無,陰性
34783,60歲以上,男,無,陰性
34784,50-59歲,女,無,陰性
34785,60歲以上,男,無,陰性
34786,40-49歲,男,無,陰性
34787,40-49歲,男,二級,陽性
34788,60歲以上,女,無,陰性
34789,50-59歲,男,三級,陽性
34790,50-59歲,男,無,陰性
34791,40-49歲,男,無,陰性
34792,40-49歲,男,二級,陽性
34793,40-49歲,男,二級,陽性
34794,40-49歲,女,無,陰性
34795,19歲以下,男,無,陰性
34796,30-39歲,男,三級,陽性
34797,20-29歲,女,無,陰性
34798,40-49歲,男,無,陰性
34799,40-49歲,男,無,陰性
34800,40-49歲,男,無,陰性
34801,50-59歲,男,無,陰性
34802,50-59歲,女,二級,陽性
34803,40-49歲,男,無,陰性
34804,50-59歲,男,二級,陽性
34805,30-39歲,男,無,陰性
34806,50-59歲,男,無,陰性
34807,40-49歲,男,無,陰性
34808,40-49歲,男,二級,陽性
34809,40-49歲,男,無,陰性
34810,50-59歲,男,無,陰性
34811,50-59歲,男,無,陰性
34812,50-59歲,男,無,陰性
34813,40-49歲,女,無,陰性
34814,40-49歲,男,無,陰性
34815,30-39歲,男,無,陰性
34816,50-59歲,男,無,陰性
34817,50-59歲,男,無,陰性
34818,40-49歲,男,無,陰性
34819,20-29歲,男,無,陰性
34820,30-39歲,男,無,陰性
34821,40-49歲,男,二級,陽性
34822,50-59歲,女,無,陰性
34823,50-59歲,男,無,陰性
34824,40-49歲,男,無,陰性
34825,60歲以上,女,無,陰性
34826,50-59歲,男,無,陰性
34827,50-59歲,男,無,陰性
34828,50-59歲,男,無,陰性
34829,40-49歲,男,二級,陽性
34830,50-59歲,男,無,陰性
34831,40-49歲,男,無,陰性
34832,40-49歲,男,無,陰性
34833,40-49歲,男,無,陰性
34834,30-39歲,男,無,陰性
34835,40-49歲,男,二級,陽性
34836,30-39歲,男,無,陰性
34837,40-49歲,男,無,陰性
34838,40-49歲,女,無,陰性
34839,20-29歲,男,無,陰性
34840,40-49歲,女,二級,陽性
34841,50-59歲,男,無,陰性
34842,60歲以上,男,無,陰性
34843,40-49歲,男,二級,陽性
34844,30-39歲,男,無,陰性
34845,40-49歲,女,無,陰性
34846,20-29歲,男,二級,陽性
34847,40-49歲,男,無,陰性
34848,60歲以上,男,無,陰性
34849,40-49歲,男,無,陰性
34850,40-49歲,男,二級,陽性
34851,40-49歲,男,無,陰性
34852,30-39歲,男,無,陰性
34853,40-49歲,男,三級,陽性
34854,20-29歲,男,無,陰性
34855,40-49歲,男,無,陰性
34856,50-59歲,男,無,陰性
34857,60歲以上,男,一級,陽性
34858,40-49歲,男,無,陰性
34859,60歲以上,男,三級,陽性
34860,40-49歲,男,無,陰性
34861,50-59歲,女,二級,陽性
34862,60歲以上,女,無,陰性
34863,30-39歲,男,無,陰性
34864,40-49歲,男,無,陰性
34865,20-29歲,女,無,陰性
34866,30-39歲,男,無,陰性
34867,20-29歲,男,無,陰性
34868,40-49歲,女,無,陰性
34869,20-29歲,男,無,陰性
34870,50-59歲,男,無,陰性
34871,20-29歲,女,無,陰性
34872,50-59歲,男,無,陰性
34873,50-59歲,男,無,陰性
34874,30-39歲,女,二級,陽性
34875,20-29歲,男,二級,陽性
34876,50-59歲,男,無,陰性
34877,50-59歲,男,二級,陽性
34878,19歲以下,男,無,陰性
34879,40-49歲,男,無,陰性
34880,50-59歲,男,無,陰性
34881,40-49歲,女,無,陰性
34882,30-39歲,女,無,陰性
34883,40-49歲,男,無,陰性
34884,40-49歲,男,一級,陽性
34885,50-59歲,男,二級,陽性
34886,30-39歲,男,二級,陽性
34887,50-59歲,男,無,陰性
34888,50-59歲,男,無,陰性
34889,20-29歲,女,無,陰性
34890,30-39歲,男,無,陰性
34891,50-59歲,男,無,陰性
34892,30-39歲,男,無,陰性
34893,40-49歲,男,無,陰性
34894,40-49歲,男,無,陰性
34895,50-59歲,男,無,陰性
34896,30-39歲,男,無,陰性
34897,30-39歲,女,無,陰性
34898,40-49歲,男,無,陰性
34899,40-49歲,男,無,陰性
34900,40-49歲,男,無,陰性
34901,50-59歲,男,無,陰性
34902,50-59歲,女,無,陰性
34903,40-49歲,男,無,陰性
34904,60歲以上,女,無,陰性
34905,20-29歲,男,無,陰性
34906,50-59歲,女,無,陰性
34907,40-49歲,男,無,陰性
34908,50-59歲,男,二級,陽性
34909,30-39歲,男,無,陰性
34910,60歲以上,男,一級,陽性
34911,40-49歲,女,二級,陽性
34912,40-49歲,男,無,陰性
34913,40-49歲,男,二級,陽性
34914,40-49歲,男,無,陰性
34915,40-49歲,男,無,陰性
34916,40-49歲,女,一級,陽性
34917,50-59歲,男,無,陰性
34918,40-49歲,男,無,陰性
34919,50-59歲,男,三級,陽性
34920,20-29歲,男,無,陰性
34921,50-59歲,女,無,陰性
34922,40-49歲,女,無,陰性
34923,30-39歲,男,無,陰性
34924,20-29歲,男,無,陰性
34925,40-49歲,男,無,陰性
34926,40-49歲,男,二級,陽性
34927,20-29歲,女,無,陰性
34928,40-49歲,女,無,陰性
34929,40-49歲,男,二級,陽性
34930,30-39歲,男,無,陰性
34931,50-59歲,男,無,陰性
34932,40-49歲,男,無,陰性
34933,30-39歲,男,二級,陽性
34934,40-49歲,男,二級,陽性
34935,40-49歲,男,無,陰性
34936,40-49歲,男,無,陰性
34937,40-49歲,女,無,陰性
34938,60歲以上,男,無,陰性
34939,60歲以上,男,二級,陽性
34940,40-49歲,男,無,陰性
34941,50-59歲,男,無,陰性
34942,30-39歲,男,無,陰性
34943,50-59歲,男,無,陰性
34944,60歲以上,男,無,陰性
34945,40-49歲,男,無,陰性
34946,50-59歲,男,無,陰性
34947,30-39歲,男,二級,陽性
34948,60歲以上,男,二級,陽性
34949,20-29歲,男,無,陰性
34950,60歲以上,女,二級,陽性
34951,19歲以下,男,二級,陽性
34952,50-59歲,男,無,陰性
34953,40-49歲,男,無,陰性
34954,40-49歲,男,無,陰性
34955,40-49歲,男,無,陰性
34956,40-49歲,男,一級,陽性
34957,20-29歲,男,無,陰性
34958,20-29歲,男,無,陰性
34959,30-39歲,男,三級,陽性
34960,40-49歲,男,無,陰性
34961,20-29歲,男,無,陰性
34962,20-29歲,男,無,陰性
34963,50-59歲,女,無,陰性
34964,20-29歲,男,無,陰性
34965,50-59歲,男,無,陰性
34966,40-49歲,男,無,陰性
34967,30-39歲,男,無,陰性
34968,30-39歲,男,無,陰性
34969,40-49歲,男,無,陰性
34970,60歲以上,女,無,陰性
34971,60歲以上,男,二級,陽性
34972,60歲以上,男,三級,陽性
34973,60歲以上,男,無,陰性
34974,40-49歲,男,無,陰性
34975,30-39歲,男,無,陰性
34976,50-59歲,男,二級,陽性
34977,50-59歲,男,無,陰性
34978,40-49歲,男,三級,陽性
34979,20-29歲,男,無,陰性
34980,30-39歲,男,無,陰性
34981,60歲以上,男,無,陰性
34982,30-39歲,男,無,陰性
34983,40-49歲,男,一級,陽性
34984,30-39歲,男,無,陰性
34985,40-49歲,男,三級,陽性
34986,30-39歲,男,無,陰性
34987,50-59歲,男,無,陰性
34988,40-49歲,男,無,陰性
34989,30-39歲,男,無,陰性
34990,30-39歲,男,無,陰性
34991,40-49歲,男,無,陰性
34992,40-49歲,男,二級,陽性
34993,40-49歲,男,無,陰性
34994,40-49歲,男,無,陰性
34995,40-49歲,男,無,陰性
34996,50-59歲,男,無,陰性
34997,50-59歲,男,無,陰性
34998,50-59歲,女,無,陰性
34999,40-49歲,男,無,陰性
35000,30-39歲,女,無,陰性
35001,40-49歲,男,無,陰性
35002,20-29歲,男,無,陰性
35003,30-39歲,男,二級,陽性
35004,30-39歲,男,二級,陽性
35005,19歲以下,男,無,陰性
35006,60歲以上,男,無,陰性
35007,20-29歲,男,無,陰性
35008,40-49歲,男,無,陰性
35009,20-29歲,男,無,陰性
35010,19歲以下,男,三級,陽性
35011,20-29歲,男,無,陰性
35012,50-59歲,男,無,陰性
35013,50-59歲,男,無,陰性
35014,50-59歲,男,無,陰性
35015,30-39歲,男,二級,陽性
35016,50-59歲,男,無,陰性
35017,50-59歲,男,無,陰性
35018,40-49歲,男,無,陰性
35019,30-39歲,男,無,陰性
35020,40-49歲,女,無,陰性
35021,30-39歲,男,無,陰性
35022,40-49歲,男,三級,陽性
35023,40-49歲,男,無,陰性
35024,40-49歲,男,二級,陽性
35025,30-39歲,女,三級,陽性
35026,50-59歲,男,無,陰性
35027,40-49歲,男,無,陰性
35028,30-39歲,男,無,陰性
35029,30-39歲,男,無,陰性
35030,40-49歲,男,無,陰性
35031,60歲以上,男,無,陰性
35032,50-59歲,女,無,陰性
35033,20-29歲,男,無,陰性
35034,30-39歲,男,二級,陽性
35035,60歲以上,男,無,陰性
35036,20-29歲,男,無,陰性
35037,50-59歲,男,無,陰性
35038,40-49歲,男,無,陰性
35039,20-29歲,女,二級,陽性
35040,30-39歲,男,無,陰性
35041,60歲以上,男,無,陰性
35042,50-59歲,男,無,陰性
35043,40-49歲,女,無,陰性
35044,50-59歲,男,無,陰性
35045,20-29歲,男,無,陰性
35046,60歲以上,男,一級,陽性
35047,40-49歲,女,二級,陽性
35048,50-59歲,男,無,陰性
35049,50-59歲,男,無,陰性
35050,30-39歲,男,無,陰性
35051,40-49歲,男,無,陰性
35052,50-59歲,男,無,陰性
35053,40-49歲,男,二級,陽性
35054,60歲以上,男,無,陰性
35055,40-49歲,男,無,陰性
35056,40-49歲,男,無,陰性
35057,50-59歲,男,二級,陽性
35058,40-49歲,男,二級,陽性
35059,50-59歲,男,無,陰性
35060,40-49歲,男,一級,陽性
35061,40-49歲,男,無,陰性
35062,40-49歲,男,無,陰性
35063,30-39歲,女,無,陰性
35064,20-29歲,男,無,陰性
35065,60歲以上,男,無,陰性
35066,60歲以上,男,無,陰性
35067,40-49歲,男,無,陰性
35068,30-39歲,男,無,陰性
35069,50-59歲,男,無,陰性
35070,20-29歲,男,無,陰性
35071,30-39歲,男,無,陰性
35072,19歲以下,女,無,陰性
35073,19歲以下,男,無,陰性
35074,40-49歲,男,無,陰性
35075,40-49歲,男,無,陰性
35076,40-49歲,男,無,陰性
35077,50-59歲,女,二級,陽性
35078,20-29歲,男,無,陰性
35079,50-59歲,女,無,陰性
35080,30-39歲,男,無,陰性
35081,40-49歲,男,無,陰性
35082,50-59歲,女,無,陰性
35083,60歲以上,男,無,陰性
35084,40-49歲,男,無,陰性
35085,40-49歲,男,二級,陽性
35086,40-49歲,男,無,陰性
35087,50-59歲,男,無,陰性
35088,50-59歲,男,無,陰性
35089,40-49歲,男,二級,陽性
35090,30-39歲,男,無,陰性
35091,50-59歲,男,無,陰性
35092,30-39歲,男,無,陰性
35093,20-29歲,女,無,陰性
35094,40-49歲,男,無,陰性
35095,40-49歲,男,無,陰性
35096,40-49歲,男,無,陰性
35097,40-49歲,男,無,陰性
35098,40-49歲,男,二級,陽性
35099,20-29歲,男,無,陰性
35100,40-49歲,男,三級,陽性
35101,40-49歲,女,無,陰性
35102,50-59歲,男,無,陰性
35103,50-59歲,男,無,陰性
35104,60歲以上,男,二級,陽性
35105,50-59歲,男,二級,陽性
35106,19歲以下,男,二級,陽性
35107,60歲以上,男,無,陰性
35108,50-59歲,男,無,陰性
35109,30-39歲,男,二級,陽性
35110,50-59歲,男,無,陰性
35111,40-49歲,男,無,陰性
35112,20-29歲,男,無,陰性
35113,50-59歲,男,無,陰性
35114,40-49歲,男,無,陰性
35115,60歲以上,男,無,陰性
35116,40-49歲,男,無,陰性
35117,40-49歲,男,二級,陽性
35118,60歲以上,男,無,陰性
35119,60歲以上,男,三級,陽性
35120,50-59歲,男,二級,陽性
35121,30-39歲,男,無,陰性
35122,40-49歲,男,無,陰性
35123,30-39歲,男,無,陰性
35124,40-49歲,女,無,陰性
35125,50-59歲,女,無,陰性
35126,50-59歲,男,無,陰性
35127,40-49歲,女,無,陰性
35128,50-59歲,男,無,陰性
35129,50-59歲,男,二級,陽性
35130,60歲以上,男,無,陰性
35131,40-49歲,男,無,陰性
35132,60歲以上,男,二級,陽性
35133,19歲以下,男,無,陰性
35134,60歲以上,男,無,陰性
35135,40-49歲,男,無,陰性
35136,20-29歲,男,無,陰性
35137,50-59歲,男,無,陰性
35138,40-49歲,男,無,陰性
35139,60歲以上,男,無,陰性
35140,40-49歲,男,無,陰性
35141,60歲以上,女,無,陰性
35142,20-29歲,男,無,陰性
35143,60歲以上,男,無,陰性
35144,50-59歲,女,二級,陽性
35145,40-49歲,女,無,陰性
35146,50-59歲,男,無,陰性
35147,50-59歲,男,無,陰性
35148,30-39歲,男,二級,陽性
35149,30-39歲,女,一級,陽性
35150,60歲以上,女,無,陰性
35151,50-59歲,男,二級,陽性
35152,50-59歲,女,無,陰性
35153,20-29歲,男,無,陰性
35154,60歲以上,男,無,陰性
35155,50-59歲,女,無,陰性
35156,30-39歲,男,無,陰性
35157,60歲以上,男,無,陰性
35158,40-49歲,男,無,陰性
35159,40-49歲,男,二級,陽性
35160,60歲以上,男,無,陰性
35161,50-59歲,女,無,陰性
35162,50-59歲,男,無,陰性
35163,40-49歲,男,無,陰性
35164,40-49歲,男,無,陰性
35165,60歲以上,女,無,陰性
35166,60歲以上,女,無,陰性
35167,40-49歲,男,無,陰性
35168,60歲以上,男,無,陰性
35169,19歲以下,男,無,陰性
35170,50-59歲,男,無,陰性
35171,60歲以上,女,無,陰性
35172,20-29歲,男,無,陰性
35173,60歲以上,男,無,陰性
35174,60歲以上,男,無,陰性
35175,40-49歲,男,無,陰性
35176,40-49歲,女,無,陰性
35177,30-39歲,男,無,陰性
35178,40-49歲,女,三級,陽性
35179,50-59歲,女,無,陰性
35180,40-49歲,女,無,陰性
35181,30-39歲,男,無,陰性
35182,20-29歲,男,無,陰性
35183,50-59歲,男,無,陰性
35184,50-59歲,男,二級,陽性
35185,40-49歲,男,二級,陽性
35186,20-29歲,女,無,陰性
35187,50-59歲,男,無,陰性
35188,40-49歲,男,二級,陽性
35189,40-49歲,男,無,陰性
35190,30-39歲,女,無,陰性
35191,30-39歲,男,無,陰性
35192,30-39歲,男,二級,陽性
35193,40-49歲,男,無,陰性
35194,19歲以下,女,無,陰性
35195,50-59歲,男,無,陰性
35196,40-49歲,男,無,陰性
35197,40-49歲,男,無,陰性
35198,40-49歲,男,無,陰性
35199,60歲以上,男,無,陰性
35200,20-29歲,男,無,陰性
35201,30-39歲,男,無,陰性
35202,20-29歲,男,二級,陽性
35203,50-59歲,男,無,陰性
35204,40-49歲,男,二級,陽性
35205,30-39歲,男,無,陰性
35206,40-49歲,男,三級,陽性
35207,30-39歲,女,無,陰性
35208,60歲以上,男,無,陰性
35209,50-59歲,男,無,陰性
35210,30-39歲,男,無,陰性
35211,50-59歲,男,無,陰性
35212,30-39歲,男,無,陰性
35213,40-49歲,男,無,陰性
35214,20-29歲,男,無,陰性
35215,50-59歲,女,無,陰性
35216,30-39歲,男,無,陰性
35217,50-59歲,男,無,陰性
35218,30-39歲,男,二級,陽性
35219,40-49歲,女,無,陰性
35220,60歲以上,女,無,陰性
35221,40-49歲,女,無,陰性
35222,50-59歲,男,無,陰性
35223,40-49歲,男,無,陰性
35224,50-59歲,男,無,陰性
35225,50-59歲,男,無,陰性
35226,40-49歲,男,無,陰性
35227,40-49歲,男,無,陰性
35228,40-49歲,男,二級,陽性
35229,40-49歲,男,無,陰性
35230,50-59歲,男,無,陰性
35231,50-59歲,男,無,陰性
35232,30-39歲,男,無,陰性
35233,20-29歲,男,無,陰性
35234,50-59歲,男,二級,陽性
35235,30-39歲,男,二級,陽性
35236,30-39歲,男,無,陰性
35237,40-49歲,男,無,陰性
35238,30-39歲,男,無,陰性
35239,40-49歲,女,二級,陽性
35240,50-59歲,男,無,陰性
35241,20-29歲,男,二級,陽性
35242,40-49歲,男,無,陰性
35243,40-49歲,男,無,陰性
35244,40-49歲,男,無,陰性
35245,60歲以上,男,無,陰性
35246,40-49歲,男,無,陰性
35247,40-49歲,男,一級,陽性
35248,60歲以上,男,無,陰性
35249,50-59歲,女,無,陰性
35250,60歲以上,男,無,陰性
35251,40-49歲,男,無,陰性
35252,40-49歲,男,無,陰性
35253,50-59歲,男,無,陰性
35254,30-39歲,男,無,陰性
35255,60歲以上,男,二級,陽性
35256,40-49歲,男,無,陰性
35257,30-39歲,男,無,陰性
35258,50-59歲,男,一級,陽性
35259,30-39歲,男,無,陰性
35260,20-29歲,男,無,陰性
35261,40-49歲,男,二級,陽性
35262,30-39歲,男,一級,陽性
35263,40-49歲,男,無,陰性
35264,20-29歲,男,無,陰性
35265,40-49歲,男,無,陰性
35266,40-49歲,男,無,陰性
35267,50-59歲,男,無,陰性
35268,19歲以下,男,無,陰性
35269,40-49歲,女,無,陰性
35270,30-39歲,女,無,陰性
35271,20-29歲,男,無,陰性
35272,50-59歲,女,無,陰性
35273,20-29歲,男,三級,陽性
35274,40-49歲,男,無,陰性
35275,40-49歲,男,無,陰性
35276,30-39歲,男,無,陰性
35277,30-39歲,男,無,陰性
35278,40-49歲,男,無,陰性
35279,50-59歲,男,無,陰性
35280,50-59歲,女,無,陰性
35281,50-59歲,男,無,陰性
35282,50-59歲,男,無,陰性
35283,40-49歲,男,二級,陽性
35284,50-59歲,男,無,陰性
35285,40-49歲,男,無,陰性
35286,50-59歲,女,無,陰性
35287,30-39歲,男,無,陰性
35288,60歲以上,男,無,陰性
35289,60歲以上,男,二級,陽性
35290,50-59歲,女,無,陰性
35291,50-59歲,女,二級,陽性
35292,30-39歲,男,無,陰性
35293,50-59歲,男,無,陰性
35294,40-49歲,女,二級,陽性
35295,30-39歲,男,三級,陽性
35296,40-49歲,男,二級,陽性
35297,40-49歲,男,無,陰性
35298,60歲以上,男,二級,陽性
35299,50-59歲,男,二級,陽性
35300,50-59歲,男,無,陰性
35301,40-49歲,男,無,陰性
35302,40-49歲,男,無,陰性
35303,50-59歲,男,無,陰性
35304,50-59歲,男,無,陰性
35305,50-59歲,男,無,陰性
35306,40-49歲,男,無,陰性
35307,60歲以上,男,二級,陽性
35308,60歲以上,男,無,陰性
35309,50-59歲,男,無,陰性
35310,30-39歲,男,無,陰性
35311,20-29歲,女,無,陰性
35312,50-59歲,男,無,陰性
35313,40-49歲,女,無,陰性
35314,40-49歲,男,二級,陽性
35315,60歲以上,女,二級,陽性
35316,20-29歲,男,無,陰性
35317,50-59歲,男,無,陰性
35318,30-39歲,男,無,陰性
35319,60歲以上,女,二級,陽性
35320,30-39歲,男,無,陰性
35321,50-59歲,男,三級,陽性
35322,40-49歲,男,無,陰性
35323,60歲以上,男,無,陰性
35324,30-39歲,男,無,陰性
35325,50-59歲,男,無,陰性
35326,40-49歲,男,無,陰性
35327,50-59歲,男,無,陰性
35328,30-39歲,男,三級,陽性
35329,40-49歲,男,無,陰性
35330,50-59歲,男,二級,陽性
35331,40-49歲,男,無,陰性
35332,20-29歲,男,無,陰性
35333,50-59歲,女,三級,陽性
35334,50-59歲,男,無,陰性
35335,40-49歲,女,無,陰性
35336,40-49歲,男,無,陰性
35337,50-59歲,男,一級,陽性
35338,50-59歲,男,一級,陽性
35339,40-49歲,男,三級,陽性
35340,20-29歲,男,無,陰性
35341,40-49歲,女,無,陰性
35342,30-39歲,男,無,陰性
35343,60歲以上,男,無,陰性
35344,40-49歲,男,無,陰性
35345,50-59歲,女,無,陰性
35346,50-59歲,男,無,陰性
35347,20-29歲,男,二級,陽性
35348,30-39歲,男,無,陰性
35349,40-49歲,男,無,陰性
35350,50-59歲,男,無,陰性
35351,50-59歲,男,無,陰性
35352,30-39歲,男,無,陰性
35353,50-59歲,男,二級,陽性
35354,40-49歲,男,無,陰性
35355,30-39歲,男,二級,陽性
35356,50-59歲,男,無,陰性
35357,40-49歲,男,二級,陽性
35358,20-29歲,男,二級,陽性
35359,50-59歲,男,無,陰性
35360,60歲以上,男,無,陰性
35361,30-39歲,男,無,陰性
35362,20-29歲,男,無,陰性
35363,60歲以上,男,無,陰性
35364,30-39歲,男,無,陰性
35365,50-59歲,男,無,陰性
35366,40-49歲,男,無,陰性
35367,40-49歲,男,二級,陽性
35368,20-29歲,男,無,陰性
35369,30-39歲,男,無,陰性
35370,40-49歲,女,無,陰性
35371,60歲以上,男,無,陰性
35372,30-39歲,男,二級,陽性
35373,40-49歲,女,無,陰性
35374,40-49歲,男,一級,陽性
35375,30-39歲,男,無,陰性
35376,60歲以上,男,二級,陽性
35377,40-49歲,男,無,陰性
35378,60歲以上,男,無,陰性
35379,40-49歲,男,無,陰性
35380,60歲以上,女,無,陰性
35381,50-59歲,女,無,陰性
35382,20-29歲,女,二級,陽性
35383,50-59歲,男,二級,陽性
35384,40-49歲,女,一級,陽性
35385,40-49歲,男,無,陰性
35386,60歲以上,女,無,陰性
35387,20-29歲,男,二級,陽性
35388,30-39歲,男,無,陰性
35389,20-29歲,男,無,陰性
35390,20-29歲,男,無,陰性
35391,50-59歲,女,無,陰性
35392,30-39歲,男,二級,陽性
35393,40-49歲,女,二級,陽性
35394,20-29歲,男,無,陰性
35395,40-49歲,男,二級,陽性
35396,40-49歲,男,無,陰性
35397,40-49歲,女,無,陰性
35398,30-39歲,男,無,陰性
35399,40-49歲,男,無,陰性
35400,40-49歲,男,無,陰性
35401,40-49歲,男,無,陰性
35402,19歲以下,女,三級,陽性
35403,40-49歲,男,無,陰性
35404,60歲以上,男,無,陰性
35405,20-29歲,男,二級,陽性
35406,30-39歲,女,二級,陽性
35407,60歲以上,男,無,陰性
35408,40-49歲,男,無,陰性
35409,40-49歲,男,無,陰性
35410,40-49歲,男,二級,陽性
35411,40-49歲,男,無,陰性
35412,50-59歲,男,無,陰性
35413,30-39歲,男,無,陰性
35414,30-39歲,男,無,陰性
35415,50-59歲,男,無,陰性
35416,20-29歲,女,二級,陽性
35417,20-29歲,女,無,陰性
35418,50-59歲,男,二級,陽性
35419,40-49歲,女,無,陰性
35420,40-49歲,男,無,陰性
35421,50-59歲,男,三級,陽性
35422,40-49歲,男,無,陰性
35423,20-29歲,女,無,陰性
35424,50-59歲,男,無,陰性
35425,30-39歲,男,無,陰性
35426,40-49歲,男,無,陰性
35427,40-49歲,女,三級,陽性
35428,30-39歲,女,無,陰性
35429,30-39歲,男,無,陰性
35430,40-49歲,女,無,陰性
35431,50-59歲,男,無,陰性
35432,50-59歲,女,無,陰性
35433,40-49歲,男,無,陰性
35434,20-29歲,男,無,陰性
35435,20-29歲,男,無,陰性
35436,30-39歲,女,無,陰性
35437,60歲以上,男,無,陰性
35438,50-59歲,男,無,陰性
35439,40-49歲,男,無,陰性
35440,40-49歲,男,無,陰性
35441,50-59歲,男,無,陰性
35442,50-59歲,男,無,陰性
35443,30-39歲,男,無,陰性
35444,40-49歲,男,無,陰性
35445,40-49歲,男,無,陰性
35446,60歲以上,男,無,陰性
35447,50-59歲,男,無,陰性
35448,40-49歲,男,無,陰性
35449,40-49歲,男,無,陰性
35450,40-49歲,女,無,陰性
35451,50-59歲,男,二級,陽性
35452,30-39歲,男,無,陰性
35453,40-49歲,男,無,陰性
35454,40-49歲,女,二級,陽性
35455,20-29歲,男,三級,陽性
35456,30-39歲,男,三級,陽性
35457,40-49歲,男,一級,陽性
35458,50-59歲,男,無,陰性
35459,30-39歲,男,二級,陽性
35460,19歲以下,男,無,陰性
35461,30-39歲,男,無,陰性
35462,20-29歲,男,無,陰性
35463,30-39歲,男,無,陰性
35464,20-29歲,女,一級,陽性
35465,20-29歲,男,無,陰性
35466,19歲以下,男,二級,陽性
35467,50-59歲,男,二級,陽性
35468,50-59歲,男,無,陰性
35469,50-59歲,男,二級,陽性
35470,40-49歲,男,二級,陽性
35471,40-49歲,男,二級,陽性
35472,50-59歲,男,無,陰性
35473,30-39歲,女,無,陰性
35474,50-59歲,男,無,陰性
35475,40-49歲,男,無,陰性
35476,50-59歲,女,無,陰性
35477,50-59歲,男,三級,陽性
35478,50-59歲,男,二級,陽性
35479,50-59歲,女,二級,陽性
35480,50-59歲,男,無,陰性
35481,40-49歲,男,無,陰性
35482,30-39歲,男,二級,陽性
35483,40-49歲,男,無,陰性
35484,30-39歲,男,無,陰性
35485,40-49歲,男,無,陰性
35486,50-59歲,男,無,陰性
35487,40-49歲,男,無,陰性
35488,60歲以上,男,無,陰性
35489,40-49歲,男,無,陰性
35490,50-59歲,男,無,陰性
35491,50-59歲,男,無,陰性
35492,50-59歲,男,無,陰性
35493,40-49歲,男,三級,陽性
35494,30-39歲,男,無,陰性
35495,40-49歲,男,無,陰性
35496,50-59歲,女,無,陰性
35497,30-39歲,男,無,陰性
35498,40-49歲,女,無,陰性
35499,40-49歲,女,無,陰性
35500,50-59歲,男,無,陰性
35501,19歲以下,男,二級,陽性
35502,50-59歲,男,無,陰性
35503,40-49歲,男,無,陰性
35504,30-39歲,男,二級,陽性
35505,50-59歲,男,無,陰性
35506,20-29歲,男,無,陰性
35507,50-59歲,男,二級,陽性
35508,60歲以上,男,無,陰性
35509,40-49歲,男,無,陰性
35510,40-49歲,男,無,陰性
35511,30-39歲,男,一級,陽性
35512,60歲以上,男,二級,陽性
35513,30-39歲,男,無,陰性
35514,50-59歲,男,無,陰性
35515,40-49歲,男,無,陰性
35516,60歲以上,男,無,陰性
35517,40-49歲,女,二級,陽性
35518,50-59歲,男,二級,陽性
35519,60歲以上,男,無,陰性
35520,20-29歲,男,無,陰性
35521,20-29歲,男,無,陰性
35522,40-49歲,男,無,陰性
35523,30-39歲,男,無,陰性
35524,30-39歲,男,二級,陽性
35525,19歲以下,男,無,陰性
35526,30-39歲,男,無,陰性
35527,30-39歲,男,三級,陽性
35528,50-59歲,男,二級,陽性
35529,40-49歲,男,無,陰性
35530,30-39歲,男,無,陰性
35531,40-49歲,女,無,陰性
35532,50-59歲,男,無,陰性
35533,50-59歲,男,二級,陽性
35534,30-39歲,男,一級,陽性
35535,40-49歲,男,無,陰性
35536,20-29歲,女,無,陰性
35537,60歲以上,男,無,陰性
35538,40-49歲,男,無,陰性
35539,30-39歲,男,二級,陽性
35540,50-59歲,男,無,陰性
35541,19歲以下,男,無,陰性
35542,60歲以上,男,無,陰性
35543,40-49歲,男,無,陰性
35544,50-59歲,男,一級,陽性
35545,40-49歲,女,無,陰性
35546,40-49歲,男,無,陰性
35547,40-49歲,女,無,陰性
35548,50-59歲,女,無,陰性
35549,50-59歲,男,二級,陽性
35550,40-49歲,女,無,陰性
35551,50-59歲,男,無,陰性
35552,40-49歲,男,無,陰性
35553,40-49歲,男,無,陰性
35554,40-49歲,男,二級,陽性
35555,50-59歲,男,三級,陽性
35556,40-49歲,男,二級,陽性
35557,30-39歲,男,無,陰性
35558,60歲以上,男,無,陰性
35559,60歲以上,男,無,陰性
35560,40-49歲,男,無,陰性
35561,40-49歲,男,二級,陽性
35562,50-59歲,女,無,陰性
35563,40-49歲,男,無,陰性
35564,40-49歲,男,無,陰性
35565,50-59歲,男,無,陰性
35566,30-39歲,女,二級,陽性
35567,50-59歲,男,無,陰性
35568,40-49歲,女,一級,陽性
35569,40-49歲,男,無,陰性
35570,40-49歲,男,無,陰性
35571,40-49歲,男,二級,陽性
35572,50-59歲,男,無,陰性
35573,30-39歲,男,一級,陽性
35574,30-39歲,男,無,陰性
35575,20-29歲,男,無,陰性
35576,40-49歲,男,無,陰性
35577,40-49歲,女,無,陰性
35578,40-49歲,男,無,陰性
35579,60歲以上,男,二級,陽性
35580,40-49歲,男,二級,陽性
35581,40-49歲,女,無,陰性
35582,19歲以下,男,無,陰性
35583,50-59歲,男,二級,陽性
35584,40-49歲,男,無,陰性
35585,30-39歲,男,無,陰性
35586,40-49歲,男,無,陰性
35587,50-59歲,男,無,陰性
35588,50-59歲,女,無,陰性
35589,50-59歲,男,無,陰性
35590,30-39歲,男,無,陰性
35591,30-39歲,男,無,陰性
35592,40-49歲,男,無,陰性
35593,50-59歲,女,無,陰性
35594,40-49歲,男,無,陰性
35595,40-49歲,男,二級,陽性
35596,40-49歲,男,無,陰性
35597,60歲以上,男,無,陰性
35598,40-49歲,男,三級,陽性
35599,40-49歲,女,無,陰性
35600,30-39歲,男,無,陰性
35601,60歲以上,男,無,陰性
35602,50-59歲,男,二級,陽性
35603,30-39歲,男,無,陰性
35604,40-49歲,男,無,陰性
35605,60歲以上,男,無,陰性
35606,50-59歲,女,二級,陽性
35607,40-49歲,男,二級,陽性
35608,50-59歲,男,無,陰性
35609,30-39歲,男,無,陰性
35610,20-29歲,男,二級,陽性
35611,50-59歲,男,無,陰性
35612,40-49歲,男,無,陰性
35613,30-39歲,男,無,陰性
35614,30-39歲,男,無,陰性
35615,50-59歲,男,二級,陽性
35616,50-59歲,男,無,陰性
35617,40-49歲,男,無,陰性
35618,40-49歲,男,無,陰性
35619,40-49歲,男,二級,陽性
35620,40-49歲,男,無,陰性
35621,50-59歲,男,無,陰性
35622,40-49歲,男,二級,陽性
35623,40-49歲,男,無,陰性
35624,19歲以下,男,無,陰性
35625,50-59歲,男,無,陰性
35626,40-49歲,女,無,陰性
35627,20-29歲,男,無,陰性
35628,40-49歲,女,三級,陽性
35629,40-49歲,男,無,陰性
35630,60歲以上,男,無,陰性
35631,20-29歲,男,二級,陽性
35632,60歲以上,男,無,陰性
35633,50-59歲,男,一級,陽性
35634,50-59歲,男,二級,陽性
35635,50-59歲,男,一級,陽性
35636,19歲以下,男,無,陰性
35637,30-39歲,男,無,陰性
35638,40-49歲,男,二級,陽性
35639,30-39歲,男,二級,陽性
35640,50-59歲,男,二級,陽性
35641,19歲以下,男,無,陰性
35642,20-29歲,男,無,陰性
35643,30-39歲,男,二級,陽性
35644,50-59歲,男,無,陰性
35645,40-49歲,女,無,陰性
35646,50-59歲,男,二級,陽性
35647,50-59歲,男,無,陰性
35648,19歲以下,男,無,陰性
35649,40-49歲,男,一級,陽性
35650,50-59歲,男,二級,陽性
35651,40-49歲,男,三級,陽性
35652,30-39歲,女,無,陰性
35653,40-49歲,男,無,陰性
35654,40-49歲,女,無,陰性
35655,30-39歲,男,二級,陽性
35656,60歲以上,男,二級,陽性
35657,60歲以上,男,無,陰性
35658,60歲以上,女,無,陰性
35659,30-39歲,男,無,陰性
35660,40-49歲,男,無,陰性
35661,40-49歲,男,無,陰性
35662,50-59歲,男,無,陰性
35663,40-49歲,男,無,陰性
35664,60歲以上,男,二級,陽性
35665,40-49歲,女,無,陰性
35666,40-49歲,男,三級,陽性
35667,40-49歲,男,二級,陽性
35668,19歲以下,男,無,陰性
35669,40-49歲,男,無,陰性
35670,40-49歲,男,無,陰性
35671,60歲以上,男,無,陰性
35672,50-59歲,男,無,陰性
35673,30-39歲,男,二級,陽性
35674,40-49歲,女,無,陰性
35675,50-59歲,男,無,陰性
35676,60歲以上,男,二級,陽性
35677,30-39歲,男,二級,陽性
35678,40-49歲,男,無,陰性
35679,30-39歲,男,無,陰性
35680,40-49歲,男,無,陰性
35681,50-59歲,男,無,陰性
35682,50-59歲,男,無,陰性
35683,50-59歲,男,無,陰性
35684,40-49歲,男,無,陰性
35685,50-59歲,男,無,陰性
35686,50-59歲,男,二級,陽性
35687,60歲以上,女,無,陰性
35688,40-49歲,女,無,陰性
35689,20-29歲,男,無,陰性
35690,40-49歲,男,無,陰性
35691,40-49歲,男,無,陰性
35692,60歲以上,男,無,陰性
35693,40-49歲,男,三級,陽性
35694,20-29歲,男,二級,陽性
35695,20-29歲,女,二級,陽性
35696,20-29歲,女,二級,陽性
35697,50-59歲,女,無,陰性
35698,40-49歲,女,無,陰性
35699,50-59歲,男,無,陰性
35700,30-39歲,男,無,陰性
35701,50-59歲,女,無,陰性
35702,40-49歲,男,二級,陽性
35703,30-39歲,男,無,陰性
35704,30-39歲,男,二級,陽性
35705,50-59歲,男,二級,陽性
35706,30-39歲,女,無,陰性
35707,60歲以上,男,三級,陽性
35708,20-29歲,男,二級,陽性
35709,30-39歲,男,無,陰性
35710,50-59歲,男,無,陰性
35711,50-59歲,男,無,陰性
35712,50-59歲,男,無,陰性
35713,50-59歲,男,二級,陽性
35714,30-39歲,男,無,陰性
35715,40-49歲,女,無,陰性
35716,40-49歲,男,二級,陽性
35717,50-59歲,男,無,陰性
35718,40-49歲,男,無,陰性
35719,20-29歲,男,三級,陽性
35720,50-59歲,男,無,陰性
35721,30-39歲,男,無,陰性
35722,20-29歲,男,無,陰性
35723,30-39歲,男,無,陰性
35724,20-29歲,男,無,陰性
35725,50-59歲,男,無,陰性
35726,50-59歲,男,無,陰性
35727,40-49歲,男,無,陰性
35728,40-49歲,女,無,陰性
35729,40-49歲,男,一級,陽性
35730,40-49歲,男,無,陰性
35731,30-39歲,男,無,陰性
35732,20-29歲,男,無,陰性
35733,60歲以上,男,無,陰性
35734,30-39歲,女,無,陰性
35735,30-39歲,女,二級,陽性
35736,40-49歲,男,無,陰性
35737,50-59歲,男,無,陰性
35738,50-59歲,男,無,陰性
35739,20-29歲,男,二級,陽性
35740,50-59歲,女,二級,陽性
35741,50-59歲,男,無,陰性
35742,30-39歲,男,無,陰性
35743,60歲以上,男,三級,陽性
35744,40-49歲,男,無,陰性
35745,50-59歲,男,無,陰性
35746,40-49歲,男,無,陰性
35747,50-59歲,男,無,陰性
35748,40-49歲,女,無,陰性
35749,40-49歲,男,二級,陽性
35750,50-59歲,男,一級,陽性
35751,50-59歲,男,無,陰性
35752,40-49歲,男,無,陰性
35753,40-49歲,男,無,陰性
35754,30-39歲,男,二級,陽性
35755,30-39歲,女,無,陰性
35756,60歲以上,男,無,陰性
35757,50-59歲,男,無,陰性
35758,20-29歲,女,三級,陽性
35759,40-49歲,男,二級,陽性
35760,30-39歲,男,二級,陽性
35761,19歲以下,男,二級,陽性
35762,30-39歲,男,無,陰性
35763,30-39歲,女,無,陰性
35764,30-39歲,男,無,陰性
35765,30-39歲,男,二級,陽性
35766,50-59歲,男,無,陰性
35767,20-29歲,男,無,陰性
35768,50-59歲,男,無,陰性
35769,30-39歲,男,無,陰性
35770,40-49歲,男,二級,陽性
35771,30-39歲,男,無,陰性
35772,30-39歲,女,一級,陽性
35773,40-49歲,男,無,陰性
35774,50-59歲,男,無,陰性
35775,30-39歲,女,無,陰性
35776,50-59歲,男,無,陰性
35777,50-59歲,男,無,陰性
35778,20-29歲,男,二級,陽性
35779,40-49歲,男,二級,陽性
35780,40-49歲,男,無,陰性
35781,19歲以下,男,無,陰性
35782,40-49歲,男,無,陰性
35783,60歲以上,男,無,陰性
35784,20-29歲,男,二級,陽性
35785,40-49歲,男,無,陰性
35786,20-29歲,男,二級,陽性
35787,50-59歲,男,無,陰性
35788,60歲以上,男,二級,陽性
35789,20-29歲,男,無,陰性
35790,20-29歲,男,無,陰性
35791,40-49歲,男,無,陰性
35792,50-59歲,男,無,陰性
35793,50-59歲,男,無,陰性
35794,50-59歲,女,無,陰性
35795,60歲以上,男,無,陰性
35796,30-39歲,男,二級,陽性
35797,40-49歲,女,無,陰性
35798,60歲以上,男,無,陰性
35799,30-39歲,男,無,陰性
35800,20-29歲,男,無,陰性
35801,30-39歲,男,三級,陽性
35802,50-59歲,男,無,陰性
35803,50-59歲,男,無,陰性
35804,30-39歲,男,無,陰性
35805,60歲以上,男,無,陰性
35806,30-39歲,女,無,陰性
35807,30-39歲,男,無,陰性
35808,30-39歲,男,二級,陽性
35809,30-39歲,女,無,陰性
35810,40-49歲,男,二級,陽性
35811,60歲以上,男,無,陰性
35812,30-39歲,男,無,陰性
35813,40-49歲,男,無,陰性
35814,50-59歲,男,無,陰性
35815,40-49歲,女,無,陰性
35816,50-59歲,男,無,陰性
35817,60歲以上,男,無,陰性
35818,40-49歲,男,無,陰性
35819,30-39歲,男,無,陰性
35820,50-59歲,女,無,陰性
35821,40-49歲,男,無,陰性
35822,30-39歲,男,無,陰性
35823,40-49歲,男,無,陰性
35824,40-49歲,男,無,陰性
35825,30-39歲,男,無,陰性
35826,50-59歲,男,二級,陽性
35827,40-49歲,男,無,陰性
35828,30-39歲,男,無,陰性
35829,60歲以上,男,無,陰性
35830,50-59歲,男,二級,陽性
35831,19歲以下,男,無,陰性
35832,30-39歲,男,無,陰性
35833,50-59歲,男,無,陰性
35834,30-39歲,男,三級,陽性
35835,60歲以上,男,無,陰性
35836,40-49歲,男,無,陰性
35837,60歲以上,男,二級,陽性
35838,40-49歲,男,無,陰性
35839,50-59歲,男,二級,陽性
35840,60歲以上,女,二級,陽性
35841,40-49歲,男,無,陰性
35842,30-39歲,男,二級,陽性
35843,50-59歲,男,無,陰性
35844,40-49歲,女,無,陰性
35845,50-59歲,男,二級,陽性
35846,30-39歲,男,三級,陽性
35847,60歲以上,男,三級,陽性
35848,50-59歲,男,無,陰性
35849,50-59歲,男,無,陰性
35850,50-59歲,男,三級,陽性
35851,40-49歲,男,三級,陽性
35852,20-29歲,男,無,陰性
35853,40-49歲,男,無,陰性
35854,20-29歲,男,無,陰性
35855,30-39歲,女,無,陰性
35856,20-29歲,男,無,陰性
35857,30-39歲,女,無,陰性
35858,60歲以上,男,無,陰性
35859,40-49歲,女,無,陰性
35860,40-49歲,男,無,陰性
35861,50-59歲,男,二級,陽性
35862,40-49歲,男,無,陰性
35863,30-39歲,男,無,陰性
35864,40-49歲,男,無,陰性
35865,40-49歲,男,無,陰性
35866,30-39歲,男,無,陰性
35867,19歲以下,男,無,陰性
35868,40-49歲,女,無,陰性
35869,30-39歲,男,無,陰性
35870,30-39歲,女,無,陰性
35871,50-59歲,男,無,陰性
35872,20-29歲,男,無,陰性
35873,40-49歲,男,無,陰性
35874,40-49歲,女,無,陰性
35875,50-59歲,女,無,陰性
35876,60歲以上,男,無,陰性
35877,30-39歲,女,無,陰性
35878,40-49歲,男,無,陰性
35879,40-49歲,男,二級,陽性
35880,50-59歲,男,無,陰性
35881,40-49歲,女,無,陰性
35882,30-39歲,男,無,陰性
35883,30-39歲,男,無,陰性
35884,40-49歲,男,無,陰性
35885,40-49歲,男,無,陰性
35886,50-59歲,男,無,陰性
35887,50-59歲,男,無,陰性
35888,30-39歲,男,三級,陽性
35889,40-49歲,男,無,陰性
35890,50-59歲,男,二級,陽性
35891,50-59歲,男,無,陰性
35892,40-49歲,女,二級,陽性
35893,40-49歲,男,一級,陽性
35894,30-39歲,男,無,陰性
35895,30-39歲,男,無,陰性
35896,30-39歲,男,無,陰性
35897,20-29歲,女,無,陰性
35898,50-59歲,男,無,陰性
35899,40-49歲,女,無,陰性
35900,30-39歲,男,無,陰性
35901,40-49歲,男,無,陰性
35902,30-39歲,男,無,陰性
35903,50-59歲,男,無,陰性
35904,60歲以上,男,無,陰性
35905,50-59歲,男,無,陰性
35906,30-39歲,男,無,陰性
35907,60歲以上,男,無,陰性
35908,60歲以上,男,無,陰性
35909,40-49歲,男,無,陰性
35910,50-59歲,男,無,陰性
35911,30-39歲,男,無,陰性
35912,30-39歲,男,無,陰性
35913,50-59歲,男,無,陰性
35914,20-29歲,男,無,陰性
35915,30-39歲,男,無,陰性
35916,50-59歲,男,無,陰性
35917,50-59歲,男,無,陰性
35918,20-29歲,男,無,陰性
35919,40-49歲,男,無,陰性
35920,30-39歲,女,三級,陽性
35921,50-59歲,男,三級,陽性
35922,60歲以上,女,無,陰性
35923,30-39歲,男,無,陰性
35924,50-59歲,男,無,陰性
35925,40-49歲,男,無,陰性
35926,50-59歲,男,無,陰性
35927,30-39歲,男,無,陰性
35928,40-49歲,男,無,陰性
35929,40-49歲,男,無,陰性
35930,20-29歲,男,三級,陽性
35931,40-49歲,男,無,陰性
35932,20-29歲,男,二級,陽性
35933,30-39歲,男,三級,陽性
35934,60歲以上,男,無,陰性
35935,20-29歲,女,無,陰性
35936,40-49歲,男,無,陰性
35937,40-49歲,男,二級,陽性
35938,50-59歲,女,無,陰性
35939,30-39歲,女,無,陰性
35940,50-59歲,男,無,陰性
35941,30-39歲,男,無,陰性
35942,40-49歲,男,無,陰性
35943,50-59歲,男,無,陰性
35944,60歲以上,男,二級,陽性
35945,40-49歲,男,無,陰性
35946,50-59歲,男,無,陰性
35947,50-59歲,男,無,陰性
35948,50-59歲,男,二級,陽性
35949,30-39歲,男,二級,陽性
35950,50-59歲,女,無,陰性
35951,40-49歲,男,無,陰性
35952,60歲以上,男,無,陰性
35953,30-39歲,男,無,陰性
35954,40-49歲,女,無,陰性
35955,40-49歲,女,二級,陽性
35956,40-49歲,男,無,陰性
35957,50-59歲,男,無,陰性
35958,50-59歲,男,無,陰性
35959,50-59歲,男,二級,陽性
35960,40-49歲,男,二級,陽性
35961,30-39歲,女,二級,陽性
35962,50-59歲,男,無,陰性
35963,50-59歲,女,無,陰性
35964,50-59歲,男,無,陰性
35965,50-59歲,男,二級,陽性
35966,60歲以上,男,無,陰性
35967,30-39歲,男,無,陰性
35968,40-49歲,男,無,陰性
35969,40-49歲,男,無,陰性
35970,40-49歲,男,無,陰性
35971,40-49歲,男,二級,陽性
35972,40-49歲,男,無,陰性
35973,40-49歲,男,二級,陽性
35974,50-59歲,男,無,陰性
35975,60歲以上,男,二級,陽性
35976,40-49歲,男,二級,陽性
35977,40-49歲,男,無,陰性
35978,20-29歲,男,無,陰性
35979,40-49歲,男,二級,陽性
35980,40-49歲,男,無,陰性
35981,60歲以上,男,無,陰性
35982,20-29歲,男,無,陰性
35983,50-59歲,女,無,陰性
35984,30-39歲,男,無,陰性
35985,50-59歲,女,無,陰性
35986,30-39歲,女,無,陰性
35987,30-39歲,男,無,陰性
35988,60歲以上,男,一級,陽性
35989,50-59歲,男,一級,陽性
35990,40-49歲,女,無,陰性
35991,40-49歲,女,無,陰性
35992,50-59歲,女,無,陰性
35993,40-49歲,男,無,陰性
35994,40-49歲,男,無,陰性
35995,40-49歲,男,二級,陽性
35996,30-39歲,男,二級,陽性
35997,50-59歲,男,無,陰性
35998,30-39歲,女,無,陰性
35999,40-49歲,男,無,陰性
36000,30-39歲,男,無,陰性
36001,60歲以上,男,二級,陽性
36002,50-59歲,男,無,陰性
36003,50-59歲,男,無,陰性
36004,50-59歲,女,無,陰性
36005,40-49歲,男,無,陰性
36006,40-49歲,男,無,陰性
36007,60歲以上,女,無,陰性
36008,50-59歲,男,無,陰性
36009,40-49歲,男,無,陰性
36010,50-59歲,女,無,陰性
36011,40-49歲,女,無,陰性
36012,30-39歲,男,二級,陽性
36013,50-59歲,男,無,陰性
36014,50-59歲,男,二級,陽性
36015,60歲以上,男,無,陰性
36016,30-39歲,男,無,陰性
36017,40-49歲,男,無,陰性
36018,40-49歲,男,無,陰性
36019,40-49歲,男,三級,陽性
36020,50-59歲,男,無,陰性
36021,40-49歲,男,二級,陽性
36022,40-49歲,男,無,陰性
36023,60歲以上,男,無,陰性
36024,30-39歲,男,一級,陽性
36025,50-59歲,男,二級,陽性
36026,50-59歲,男,三級,陽性
36027,60歲以上,男,無,陰性
36028,40-49歲,男,無,陰性
36029,30-39歲,男,無,陰性
36030,50-59歲,男,無,陰性
36031,50-59歲,男,無,陰性
36032,60歲以上,男,無,陰性
36033,40-49歲,男,無,陰性
36034,40-49歲,男,無,陰性
36035,40-49歲,男,二級,陽性
36036,40-49歲,男,無,陰性
36037,40-49歲,男,二級,陽性
36038,30-39歲,男,無,陰性
36039,20-29歲,男,無,陰性
36040,60歲以上,男,無,陰性
36041,60歲以上,男,無,陰性
36042,30-39歲,男,二級,陽性
36043,60歲以上,男,無,陰性
36044,20-29歲,男,無,陰性
36045,20-29歲,男,無,陰性
36046,60歲以上,男,無,陰性
36047,30-39歲,男,無,陰性
36048,50-59歲,女,無,陰性
36049,30-39歲,男,無,陰性
36050,60歲以上,男,無,陰性
36051,19歲以下,男,二級,陽性
36052,30-39歲,男,無,陰性
36053,40-49歲,男,無,陰性
36054,40-49歲,男,無,陰性
36055,40-49歲,男,無,陰性
36056,40-49歲,男,無,陰性
36057,30-39歲,男,二級,陽性
36058,40-49歲,男,一級,陽性
36059,50-59歲,男,三級,陽性
36060,19歲以下,男,無,陰性
36061,20-29歲,女,無,陰性
36062,40-49歲,男,一級,陽性
36063,30-39歲,女,無,陰性
36064,30-39歲,男,三級,陽性
36065,30-39歲,男,無,陰性
36066,60歲以上,男,無,陰性
36067,40-49歲,女,無,陰性
36068,40-49歲,男,無,陰性
36069,40-49歲,男,二級,陽性
36070,30-39歲,男,無,陰性
36071,40-49歲,男,無,陰性
36072,50-59歲,女,無,陰性
36073,60歲以上,男,無,陰性
36074,30-39歲,男,無,陰性
36075,40-49歲,女,無,陰性
36076,50-59歲,男,無,陰性
36077,40-49歲,男,無,陰性
36078,50-59歲,男,無,陰性
36079,60歲以上,女,三級,陽性
36080,60歲以上,男,無,陰性
36081,20-29歲,男,二級,陽性
36082,40-49歲,女,二級,陽性
36083,50-59歲,女,無,陰性
36084,40-49歲,男,二級,陽性
36085,20-29歲,男,無,陰性
36086,50-59歲,男,二級,陽性
36087,40-49歲,男,二級,陽性
36088,40-49歲,男,無,陰性
36089,30-39歲,男,無,陰性
36090,50-59歲,男,無,陰性
36091,30-39歲,女,無,陰性
36092,50-59歲,男,無,陰性
36093,50-59歲,男,無,陰性
36094,50-59歲,女,無,陰性
36095,50-59歲,男,二級,陽性
36096,60歲以上,男,一級,陽性
36097,40-49歲,男,二級,陽性
36098,40-49歲,女,二級,陽性
36099,40-49歲,男,無,陰性
36100,50-59歲,男,無,陰性
36101,50-59歲,男,無,陰性
36102,40-49歲,男,無,陰性
36103,40-49歲,男,無,陰性
36104,40-49歲,男,無,陰性
36105,30-39歲,男,二級,陽性
36106,60歲以上,男,無,陰性
36107,50-59歲,女,二級,陽性
36108,40-49歲,男,無,陰性
36109,50-59歲,女,無,陰性
36110,30-39歲,男,無,陰性
36111,20-29歲,男,二級,陽性
36112,40-49歲,女,無,陰性
36113,30-39歲,男,二級,陽性
36114,40-49歲,男,無,陰性
36115,60歲以上,男,無,陰性
36116,40-49歲,男,無,陰性
36117,50-59歲,男,無,陰性
36118,40-49歲,男,無,陰性
36119,50-59歲,女,一級,陽性
36120,50-59歲,男,無,陰性
36121,50-59歲,女,無,陰性
36122,40-49歲,男,無,陰性
36123,30-39歲,男,無,陰性
36124,40-49歲,男,無,陰性
36125,50-59歲,男,無,陰性
36126,19歲以下,女,無,陰性
36127,40-49歲,男,二級,陽性
36128,50-59歲,男,無,陰性
36129,50-59歲,男,無,陰性
36130,50-59歲,男,無,陰性
36131,50-59歲,男,無,陰性
36132,60歲以上,男,無,陰性
36133,50-59歲,男,無,陰性
36134,20-29歲,男,無,陰性
36135,40-49歲,男,二級,陽性
36136,40-49歲,男,無,陰性
36137,50-59歲,男,無,陰性
36138,40-49歲,男,無,陰性
36139,50-59歲,男,無,陰性
36140,50-59歲,男,無,陰性
36141,50-59歲,男,無,陰性
36142,30-39歲,男,無,陰性
36143,50-59歲,女,無,陰性
36144,40-49歲,男,二級,陽性
36145,40-49歲,男,一級,陽性
36146,40-49歲,男,無,陰性
36147,40-49歲,男,無,陰性
36148,50-59歲,男,無,陰性
36149,50-59歲,男,無,陰性
36150,20-29歲,男,無,陰性
36151,50-59歲,男,無,陰性
36152,50-59歲,男,無,陰性
36153,40-49歲,男,無,陰性
36154,30-39歲,男,無,陰性
36155,40-49歲,男,無,陰性
36156,50-59歲,男,無,陰性
36157,40-49歲,男,無,陰性
36158,19歲以下,男,二級,陽性
36159,20-29歲,男,二級,陽性
36160,60歲以上,男,無,陰性
36161,20-29歲,男,二級,陽性
36162,50-59歲,女,無,陰性
36163,60歲以上,男,無,陰性
36164,40-49歲,男,無,陰性
36165,40-49歲,女,二級,陽性
36166,40-49歲,男,二級,陽性
36167,30-39歲,男,無,陰性
36168,50-59歲,男,二級,陽性
36169,40-49歲,男,一級,陽性
36170,30-39歲,男,無,陰性
36171,50-59歲,男,二級,陽性
36172,60歲以上,男,無,陰性
36173,60歲以上,男,二級,陽性
36174,50-59歲,男,無,陰性
36175,40-49歲,男,無,陰性
36176,40-49歲,男,無,陰性
36177,40-49歲,女,無,陰性
36178,50-59歲,男,無,陰性
36179,50-59歲,男,無,陰性
36180,40-49歲,女,無,陰性
36181,40-49歲,男,無,陰性
36182,40-49歲,男,無,陰性
36183,30-39歲,女,無,陰性
36184,50-59歲,男,無,陰性
36185,40-49歲,女,無,陰性
36186,40-49歲,男,二級,陽性
36187,50-59歲,男,無,陰性
36188,40-49歲,男,無,陰性
36189,40-49歲,男,無,陰性
36190,40-49歲,男,無,陰性
36191,50-59歲,男,無,陰性
36192,20-29歲,男,無,陰性
36193,20-29歲,男,無,陰性
36194,50-59歲,男,無,陰性
36195,50-59歲,男,無,陰性
36196,50-59歲,男,無,陰性
36197,40-49歲,男,一級,陽性
36198,40-49歲,男,無,陰性
36199,50-59歲,男,無,陰性
36200,40-49歲,男,無,陰性
36201,40-49歲,男,無,陰性
36202,30-39歲,男,無,陰性
36203,30-39歲,男,二級,陽性
36204,40-49歲,男,二級,陽性
36205,50-59歲,男,無,陰性
36206,40-49歲,男,無,陰性
36207,30-39歲,女,無,陰性
36208,20-29歲,男,無,陰性
36209,50-59歲,男,無,陰性
36210,50-59歲,男,二級,陽性
36211,30-39歲,男,無,陰性
36212,20-29歲,男,三級,陽性
36213,50-59歲,女,無,陰性
36214,60歲以上,女,無,陰性
36215,30-39歲,男,無,陰性
36216,50-59歲,男,無,陰性
36217,50-59歲,男,無,陰性
36218,60歲以上,男,無,陰性
36219,40-49歲,男,無,陰性
36220,30-39歲,男,無,陰性
36221,40-49歲,男,無,陰性
36222,40-49歲,男,三級,陽性
36223,60歲以上,男,無,陰性
36224,60歲以上,男,無,陰性
36225,19歲以下,女,無,陰性
36226,40-49歲,男,無,陰性
36227,40-49歲,女,三級,陽性
36228,50-59歲,男,無,陰性
36229,40-49歲,男,無,陰性
36230,50-59歲,男,無,陰性
36231,40-49歲,男,無,陰性
36232,40-49歲,男,無,陰性
36233,40-49歲,男,無,陰性
36234,30-39歲,女,二級,陽性
36235,60歲以上,男,無,陰性
36236,19歲以下,女,無,陰性
36237,50-59歲,男,二級,陽性
36238,20-29歲,男,無,陰性
36239,40-49歲,男,無,陰性
36240,40-49歲,女,無,陰性
36241,40-49歲,女,無,陰性
36242,60歲以上,女,無,陰性
36243,30-39歲,男,無,陰性
36244,20-29歲,男,二級,陽性
36245,30-39歲,男,無,陰性
36246,40-49歲,女,一級,陽性
36247,50-59歲,男,無,陰性
36248,30-39歲,男,無,陰性
36249,40-49歲,男,無,陰性
36250,30-39歲,女,無,陰性
36251,40-49歲,女,無,陰性
36252,50-59歲,女,二級,陽性
36253,60歲以上,男,一級,陽性
36254,50-59歲,女,無,陰性
36255,40-49歲,女,二級,陽性
36256,40-49歲,男,無,陰性
36257,40-49歲,男,無,陰性
36258,60歲以上,男,無,陰性
36259,40-49歲,男,無,陰性
36260,40-49歲,男,無,陰性
36261,40-49歲,男,無,陰性
36262,50-59歲,女,無,陰性
36263,40-49歲,男,二級,陽性
36264,50-59歲,男,無,陰性
36265,50-59歲,女,無,陰性
36266,20-29歲,男,一級,陽性
36267,30-39歲,男,無,陰性
36268,50-59歲,男,無,陰性
36269,50-59歲,男,無,陰性
36270,60歲以上,女,無,陰性
36271,19歲以下,女,無,陰性
36272,30-39歲,男,二級,陽性
36273,40-49歲,男,無,陰性
36274,60歲以上,男,無,陰性
36275,30-39歲,女,無,陰性
36276,20-29歲,男,無,陰性
36277,40-49歲,男,無,陰性
36278,30-39歲,男,無,陰性
36279,40-49歲,男,二級,陽性
36280,40-49歲,男,無,陰性
36281,20-29歲,男,無,陰性
36282,20-29歲,女,無,陰性
36283,30-39歲,男,無,陰性
36284,50-59歲,男,無,陰性
36285,30-39歲,男,無,陰性
36286,40-49歲,男,無,陰性
36287,40-49歲,男,無,陰性
36288,40-49歲,男,無,陰性
36289,50-59歲,男,二級,陽性
36290,30-39歲,男,無,陰性
36291,40-49歲,男,三級,陽性
36292,50-59歲,男,二級,陽性
36293,40-49歲,男,無,陰性
36294,50-59歲,男,無,陰性
36295,30-39歲,男,無,陰性
36296,40-49歲,男,無,陰性
36297,60歲以上,男,二級,陽性
36298,40-49歲,男,二級,陽性
36299,40-49歲,男,無,陰性
36300,30-39歲,男,三級,陽性
36301,30-39歲,男,無,陰性
36302,40-49歲,男,無,陰性
36303,50-59歲,男,無,陰性
36304,60歲以上,男,無,陰性
36305,40-49歲,女,無,陰性
36306,40-49歲,男,無,陰性
36307,30-39歲,男,無,陰性
36308,20-29歲,男,無,陰性
36309,40-49歲,男,無,陰性
36310,40-49歲,女,二級,陽性
36311,30-39歲,男,無,陰性
36312,30-39歲,男,一級,陽性
36313,60歲以上,男,二級,陽性
36314,50-59歲,男,無,陰性
36315,40-49歲,男,三級,陽性
36316,30-39歲,男,無,陰性
36317,60歲以上,女,無,陰性
36318,40-49歲,男,二級,陽性
36319,40-49歲,男,二級,陽性
36320,30-39歲,男,無,陰性
36321,40-49歲,女,無,陰性
36322,19歲以下,男,無,陰性
36323,50-59歲,男,無,陰性
36324,60歲以上,男,二級,陽性
36325,50-59歲,男,無,陰性
36326,40-49歲,男,無,陰性
36327,30-39歲,女,無,陰性
36328,40-49歲,男,二級,陽性
36329,60歲以上,男,無,陰性
36330,60歲以上,男,無,陰性
36331,20-29歲,男,無,陰性
36332,40-49歲,男,無,陰性
36333,50-59歲,女,無,陰性
36334,40-49歲,男,一級,陽性
36335,40-49歲,男,二級,陽性
36336,30-39歲,男,無,陰性
36337,50-59歲,男,無,陰性
36338,40-49歲,男,無,陰性
36339,40-49歲,男,無,陰性
36340,50-59歲,男,二級,陽性
36341,40-49歲,男,無,陰性
36342,50-59歲,男,無,陰性
36343,30-39歲,男,三級,陽性
36344,50-59歲,男,無,陰性
36345,50-59歲,男,無,陰性
36346,50-59歲,男,無,陰性
36347,50-59歲,男,無,陰性
36348,20-29歲,男,無,陰性
36349,30-39歲,男,二級,陽性
36350,40-49歲,男,無,陰性
36351,30-39歲,男,無,陰性
36352,30-39歲,男,無,陰性
36353,30-39歲,男,無,陰性
36354,40-49歲,男,無,陰性
36355,40-49歲,男,無,陰性
36356,40-49歲,男,無,陰性
36357,40-49歲,男,無,陰性
36358,30-39歲,男,二級,陽性
36359,50-59歲,男,無,陰性
36360,19歲以下,男,無,陰性
36361,60歲以上,男,無,陰性
36362,40-49歲,男,無,陰性
36363,40-49歲,女,三級,陽性
36364,19歲以下,男,二級,陽性
36365,40-49歲,男,無,陰性
36366,50-59歲,男,無,陰性
36367,50-59歲,男,二級,陽性
36368,40-49歲,男,無,陰性
36369,50-59歲,男,無,陰性
36370,30-39歲,男,三級,陽性
36371,40-49歲,女,二級,陽性
36372,30-39歲,男,二級,陽性
36373,40-49歲,男,二級,陽性
36374,40-49歲,男,一級,陽性
36375,50-59歲,男,無,陰性
36376,30-39歲,女,無,陰性
36377,40-49歲,男,無,陰性
36378,20-29歲,女,無,陰性
36379,30-39歲,女,無,陰性
36380,30-39歲,男,無,陰性
36381,20-29歲,男,無,陰性
36382,30-39歲,男,無,陰性
36383,50-59歲,男,無,陰性
36384,30-39歲,男,三級,陽性
36385,30-39歲,女,二級,陽性
36386,50-59歲,男,二級,陽性
36387,40-49歲,男,一級,陽性
36388,50-59歲,女,無,陰性
36389,50-59歲,男,無,陰性
36390,20-29歲,男,無,陰性
36391,50-59歲,男,無,陰性
36392,40-49歲,男,無,陰性
36393,40-49歲,女,二級,陽性
36394,50-59歲,男,二級,陽性
36395,40-49歲,男,無,陰性
36396,40-49歲,男,二級,陽性
36397,30-39歲,女,三級,陽性
36398,30-39歲,男,無,陰性
36399,40-49歲,男,無,陰性
36400,40-49歲,男,無,陰性
36401,60歲以上,男,無,陰性
36402,30-39歲,男,無,陰性
36403,40-49歲,男,無,陰性
36404,40-49歲,男,無,陰性
36405,50-59歲,女,無,陰性
36406,40-49歲,女,二級,陽性
36407,30-39歲,男,二級,陽性
36408,20-29歲,男,二級,陽性
36409,40-49歲,男,一級,陽性
36410,40-49歲,男,無,陰性
36411,50-59歲,女,無,陰性
36412,50-59歲,男,無,陰性
36413,19歲以下,男,無,陰性
36414,40-49歲,男,一級,陽性
36415,60歲以上,男,無,陰性
36416,40-49歲,男,三級,陽性
36417,50-59歲,男,無,陰性
36418,40-49歲,男,無,陰性
36419,30-39歲,男,無,陰性
36420,20-29歲,男,無,陰性
36421,50-59歲,男,無,陰性
36422,40-49歲,男,無,陰性
36423,30-39歲,男,無,陰性
36424,20-29歲,男,無,陰性
36425,30-39歲,女,無,陰性
36426,50-59歲,男,無,陰性
36427,40-49歲,男,無,陰性
36428,30-39歲,男,無,陰性
36429,40-49歲,男,無,陰性
36430,40-49歲,男,無,陰性
36431,30-39歲,女,無,陰性
36432,60歲以上,男,無,陰性
36433,40-49歲,男,無,陰性
36434,60歲以上,男,無,陰性
36435,40-49歲,男,二級,陽性
36436,50-59歲,男,無,陰性
36437,50-59歲,男,無,陰性
36438,30-39歲,男,無,陰性
36439,40-49歲,男,無,陰性
36440,50-59歲,女,無,陰性
36441,30-39歲,男,無,陰性
36442,40-49歲,男,一級,陽性
36443,60歲以上,男,無,陰性
36444,30-39歲,女,無,陰性
36445,40-49歲,男,三級,陽性
36446,40-49歲,男,無,陰性
36447,40-49歲,男,無,陰性
36448,40-49歲,女,無,陰性
36449,20-29歲,男,無,陰性
36450,19歲以下,男,二級,陽性
36451,50-59歲,男,無,陰性
36452,40-49歲,男,無,陰性
36453,60歲以上,男,無,陰性
36454,50-59歲,男,無,陰性
36455,20-29歲,男,無,陰性
36456,30-39歲,女,無,陰性
36457,50-59歲,女,無,陰性
36458,50-59歲,男,無,陰性
36459,40-49歲,男,無,陰性
36460,20-29歲,男,無,陰性
36461,50-59歲,女,二級,陽性
36462,19歲以下,男,二級,陽性
36463,30-39歲,男,無,陰性
36464,50-59歲,男,一級,陽性
36465,40-49歲,女,一級,陽性
36466,40-49歲,男,無,陰性
36467,50-59歲,男,無,陰性
36468,30-39歲,男,無,陰性
36469,60歲以上,男,無,陰性
36470,60歲以上,男,無,陰性
36471,50-59歲,男,無,陰性
36472,20-29歲,男,二級,陽性
36473,40-49歲,男,二級,陽性
36474,40-49歲,男,無,陰性
36475,30-39歲,男,無,陰性
36476,20-29歲,男,無,陰性
36477,50-59歲,男,無,陰性
36478,60歲以上,男,三級,陽性
36479,40-49歲,男,無,陰性
36480,60歲以上,男,無,陰性
36481,40-49歲,男,無,陰性
36482,50-59歲,女,二級,陽性
36483,40-49歲,男,無,陰性
36484,40-49歲,男,無,陰性
36485,60歲以上,女,無,陰性
36486,40-49歲,男,無,陰性
36487,20-29歲,男,無,陰性
36488,40-49歲,女,無,陰性
36489,40-49歲,女,一級,陽性
36490,40-49歲,男,無,陰性
36491,40-49歲,女,無,陰性
36492,50-59歲,男,無,陰性
36493,40-49歲,女,無,陰性
36494,40-49歲,男,無,陰性
36495,40-49歲,男,二級,陽性
36496,40-49歲,男,無,陰性
36497,40-49歲,男,無,陰性
36498,40-49歲,男,無,陰性
36499,40-49歲,男,無,陰性
36500,30-39歲,女,二級,陽性
36501,50-59歲,男,無,陰性
36502,60歲以上,男,二級,陽性
36503,30-39歲,男,無,陰性
36504,40-49歲,男,二級,陽性
36505,20-29歲,男,無,陰性
36506,40-49歲,男,無,陰性
36507,50-59歲,男,無,陰性
36508,40-49歲,男,無,陰性
36509,30-39歲,男,二級,陽性
36510,60歲以上,男,無,陰性
36511,19歲以下,男,無,陰性
36512,50-59歲,男,無,陰性
36513,40-49歲,男,無,陰性
36514,40-49歲,男,無,陰性
36515,40-49歲,男,無,陰性
36516,40-49歲,男,無,陰性
36517,30-39歲,男,二級,陽性
36518,30-39歲,男,二級,陽性
36519,40-49歲,男,二級,陽性
36520,20-29歲,男,無,陰性
36521,60歲以上,男,二級,陽性
36522,40-49歲,女,無,陰性
36523,40-49歲,男,無,陰性
36524,20-29歲,女,無,陰性
36525,40-49歲,男,無,陰性
36526,60歲以上,男,無,陰性
36527,20-29歲,女,無,陰性
36528,20-29歲,男,無,陰性
36529,30-39歲,女,二級,陽性
36530,40-49歲,男,無,陰性
36531,40-49歲,男,無,陰性
36532,50-59歲,男,無,陰性
36533,19歲以下,女,無,陰性
36534,30-39歲,男,無,陰性
36535,40-49歲,男,二級,陽性
36536,20-29歲,男,無,陰性
36537,50-59歲,男,無,陰性
36538,40-49歲,男,二級,陽性
36539,40-49歲,男,無,陰性
36540,40-49歲,男,無,陰性
36541,50-59歲,男,二級,陽性
36542,40-49歲,女,無,陰性
36543,50-59歲,男,無,陰性
36544,30-39歲,男,無,陰性
36545,40-49歲,男,無,陰性
36546,40-49歲,男,無,陰性
36547,50-59歲,男,無,陰性
36548,50-59歲,男,一級,陽性
36549,40-49歲,男,無,陰性
36550,50-59歲,男,無,陰性
36551,20-29歲,女,無,陰性
36552,60歲以上,男,無,陰性
36553,30-39歲,女,二級,陽性
36554,20-29歲,男,無,陰性
36555,50-59歲,男,無,陰性
36556,50-59歲,女,無,陰性
36557,40-49歲,男,無,陰性
36558,40-49歲,女,二級,陽性
36559,50-59歲,男,無,陰性
36560,40-49歲,男,無,陰性
36561,30-39歲,男,無,陰性
36562,40-49歲,男,無,陰性
36563,19歲以下,女,無,陰性
36564,30-39歲,男,一級,陽性
36565,50-59歲,男,無,陰性
36566,50-59歲,男,無,陰性
36567,40-49歲,女,二級,陽性
36568,40-49歲,男,二級,陽性
36569,60歲以上,男,無,陰性
36570,19歲以下,男,無,陰性
36571,50-59歲,男,無,陰性
36572,40-49歲,男,無,陰性
36573,60歲以上,男,無,陰性
36574,40-49歲,男,無,陰性
36575,30-39歲,女,二級,陽性
36576,40-49歲,男,無,陰性
36577,30-39歲,男,無,陰性
36578,50-59歲,男,二級,陽性
36579,40-49歲,男,無,陰性
36580,20-29歲,男,一級,陽性
36581,40-49歲,男,無,陰性
36582,60歲以上,男,無,陰性
36583,50-59歲,男,無,陰性
36584,50-59歲,女,無,陰性
36585,30-39歲,男,無,陰性
36586,40-49歲,男,無,陰性
36587,20-29歲,男,無,陰性
36588,40-49歲,男,無,陰性
36589,50-59歲,男,無,陰性
36590,20-29歲,男,無,陰性
36591,19歲以下,男,無,陰性
36592,40-49歲,女,無,陰性
36593,40-49歲,男,無,陰性
36594,40-49歲,男,二級,陽性
36595,60歲以上,男,無,陰性
36596,50-59歲,男,無,陰性
36597,50-59歲,男,三級,陽性
36598,30-39歲,男,無,陰性
36599,40-49歲,女,無,陰性
36600,60歲以上,男,無,陰性
36601,30-39歲,男,無,陰性
36602,40-49歲,男,無,陰性
36603,50-59歲,男,無,陰性
36604,50-59歲,男,二級,陽性
36605,30-39歲,女,二級,陽性
36606,40-49歲,男,無,陰性
36607,20-29歲,女,一級,陽性
36608,40-49歲,男,二級,陽性
36609,50-59歲,男,無,陰性
36610,40-49歲,女,二級,陽性
36611,30-39歲,女,二級,陽性
36612,40-49歲,女,無,陰性
36613,19歲以下,女,無,陰性
36614,50-59歲,男,無,陰性
36615,19歲以下,男,二級,陽性
36616,20-29歲,男,無,陰性
36617,50-59歲,男,三級,陽性
36618,20-29歲,男,無,陰性
36619,50-59歲,男,無,陰性
36620,40-49歲,女,無,陰性
36621,40-49歲,男,二級,陽性
36622,60歲以上,男,無,陰性
36623,50-59歲,男,無,陰性
36624,19歲以下,男,無,陰性
36625,40-49歲,男,二級,陽性
36626,30-39歲,男,三級,陽性
36627,40-49歲,男,二級,陽性
36628,40-49歲,男,無,陰性
36629,40-49歲,男,無,陰性
36630,40-49歲,男,一級,陽性
36631,20-29歲,男,無,陰性
36632,40-49歲,男,無,陰性
36633,50-59歲,男,無,陰性
36634,30-39歲,男,無,陰性
36635,50-59歲,男,無,陰性
36636,40-49歲,男,無,陰性
36637,40-49歲,男,無,陰性
36638,20-29歲,男,無,陰性
36639,50-59歲,女,無,陰性
36640,20-29歲,男,無,陰性
36641,40-49歲,男,無,陰性
36642,30-39歲,女,無,陰性
36643,40-49歲,男,三級,陽性
36644,50-59歲,男,無,陰性
36645,40-49歲,男,無,陰性
36646,50-59歲,男,二級,陽性
36647,50-59歲,男,無,陰性
36648,20-29歲,男,二級,陽性
36649,40-49歲,男,無,陰性
36650,40-49歲,男,無,陰性
36651,20-29歲,女,無,陰性
36652,20-29歲,男,無,陰性
36653,30-39歲,男,無,陰性
36654,20-29歲,男,無,陰性
36655,20-29歲,男,二級,陽性
36656,40-49歲,女,無,陰性
36657,50-59歲,男,二級,陽性
36658,50-59歲,男,二級,陽性
36659,20-29歲,男,無,陰性
36660,30-39歲,男,無,陰性
36661,60歲以上,男,無,陰性
36662,40-49歲,男,無,陰性
36663,40-49歲,男,無,陰性
36664,50-59歲,男,無,陰性
36665,30-39歲,男,無,陰性
36666,50-59歲,女,二級,陽性
36667,40-49歲,男,無,陰性
36668,50-59歲,男,一級,陽性
36669,40-49歲,男,無,陰性
36670,30-39歲,男,無,陰性
36671,30-39歲,男,一級,陽性
36672,40-49歲,男,無,陰性
36673,30-39歲,女,無,陰性
36674,40-49歲,男,無,陰性
36675,40-49歲,男,無,陰性
36676,40-49歲,男,二級,陽性
36677,40-49歲,男,無,陰性
36678,50-59歲,男,無,陰性
36679,40-49歲,男,無,陰性
36680,40-49歲,男,無,陰性
36681,50-59歲,男,二級,陽性
36682,40-49歲,男,無,陰性
36683,20-29歲,男,無,陰性
36684,40-49歲,女,二級,陽性
36685,40-49歲,男,無,陰性
36686,50-59歲,男,二級,陽性
36687,40-49歲,男,無,陰性
36688,50-59歲,男,三級,陽性
36689,50-59歲,男,無,陰性
36690,60歲以上,男,無,陰性
36691,50-59歲,男,無,陰性
36692,40-49歲,男,無,陰性
36693,40-49歲,男,無,陰性
36694,30-39歲,女,二級,陽性
36695,50-59歲,男,無,陰性
36696,40-49歲,男,二級,陽性
36697,40-49歲,女,無,陰性
36698,20-29歲,男,二級,陽性
36699,20-29歲,男,二級,陽性
36700,60歲以上,男,無,陰性
36701,40-49歲,女,無,陰性
36702,40-49歲,女,無,陰性
36703,50-59歲,男,無,陰性
36704,20-29歲,男,無,陰性
36705,20-29歲,男,無,陰性
36706,50-59歲,男,無,陰性
36707,50-59歲,男,無,陰性
36708,60歲以上,男,無,陰性
36709,40-49歲,男,無,陰性
36710,40-49歲,男,無,陰性
36711,50-59歲,女,無,陰性
36712,20-29歲,男,二級,陽性
36713,50-59歲,男,二級,陽性
36714,40-49歲,男,無,陰性
36715,30-39歲,男,無,陰性
36716,60歲以上,男,無,陰性
36717,20-29歲,女,無,陰性
36718,40-49歲,男,無,陰性
36719,60歲以上,男,無,陰性
36720,40-49歲,女,無,陰性
36721,40-49歲,男,三級,陽性
36722,40-49歲,女,無,陰性
36723,40-49歲,男,無,陰性
36724,50-59歲,男,無,陰性
36725,50-59歲,男,無,陰性
36726,50-59歲,男,無,陰性
36727,40-49歲,男,無,陰性
36728,50-59歲,男,無,陰性
36729,20-29歲,男,無,陰性
36730,60歲以上,女,無,陰性
36731,60歲以上,男,三級,陽性
36732,30-39歲,男,無,陰性
36733,30-39歲,男,無,陰性
36734,40-49歲,男,二級,陽性
36735,40-49歲,男,二級,陽性
36736,50-59歲,男,無,陰性
36737,40-49歲,男,無,陰性
36738,60歲以上,男,無,陰性
36739,40-49歲,男,無,陰性
36740,30-39歲,男,三級,陽性
36741,40-49歲,男,無,陰性
36742,30-39歲,男,無,陰性
36743,40-49歲,男,無,陰性
36744,40-49歲,男,二級,陽性
36745,40-49歲,男,無,陰性
36746,50-59歲,女,無,陰性
36747,30-39歲,男,無,陰性
36748,40-49歲,男,無,陰性
36749,50-59歲,男,無,陰性
36750,50-59歲,女,二級,陽性
36751,40-49歲,男,無,陰性
36752,40-49歲,男,二級,陽性
36753,50-59歲,男,無,陰性
36754,30-39歲,男,無,陰性
36755,50-59歲,男,無,陰性
36756,40-49歲,男,無,陰性
36757,30-39歲,男,無,陰性
36758,50-59歲,男,無,陰性
36759,60歲以上,男,一級,陽性
36760,30-39歲,女,無,陰性
36761,40-49歲,男,三級,陽性
36762,40-49歲,男,無,陰性
36763,40-49歲,女,二級,陽性
36764,40-49歲,女,無,陰性
36765,50-59歲,女,無,陰性
36766,40-49歲,男,無,陰性
36767,30-39歲,男,無,陰性
36768,40-49歲,男,無,陰性
36769,50-59歲,女,二級,陽性
36770,50-59歲,男,無,陰性
36771,30-39歲,男,無,陰性
36772,19歲以下,男,無,陰性
36773,40-49歲,男,無,陰性
36774,40-49歲,男,無,陰性
36775,40-49歲,女,無,陰性
36776,50-59歲,男,三級,陽性
36777,50-59歲,男,無,陰性
36778,40-49歲,女,無,陰性
36779,50-59歲,男,無,陰性
36780,20-29歲,男,無,陰性
36781,30-39歲,男,二級,陽性
36782,50-59歲,男,無,陰性
36783,40-49歲,男,無,陰性
36784,40-49歲,男,二級,陽性
36785,40-49歲,男,二級,陽性
36786,50-59歲,女,無,陰性
36787,40-49歲,女,無,陰性
36788,50-59歲,男,無,陰性
36789,30-39歲,男,無,陰性
36790,20-29歲,男,無,陰性
36791,40-49歲,男,無,陰性
36792,60歲以上,女,無,陰性
36793,20-29歲,男,無,陰性
36794,40-49歲,女,無,陰性
36795,19歲以下,男,三級,陽性
36796,30-39歲,男,無,陰性
36797,30-39歲,男,二級,陽性
36798,30-39歲,男,無,陰性
36799,50-59歲,女,無,陰性
36800,50-59歲,男,無,陰性
36801,50-59歲,男,無,陰性
36802,40-49歲,女,二級,陽性
36803,40-49歲,女,無,陰性
36804,20-29歲,女,無,陰性
36805,60歲以上,男,無,陰性
36806,20-29歲,男,無,陰性
36807,20-29歲,男,無,陰性
36808,40-49歲,女,無,陰性
36809,30-39歲,男,無,陰性
36810,50-59歲,男,無,陰性
36811,30-39歲,男,二級,陽性
36812,60歲以上,女,無,陰性
36813,40-49歲,男,無,陰性
36814,30-39歲,女,無,陰性
36815,40-49歲,男,無,陰性
36816,30-39歲,男,無,陰性
36817,19歲以下,男,無,陰性
36818,30-39歲,男,無,陰性
36819,40-49歲,女,無,陰性
36820,20-29歲,男,無,陰性
36821,20-29歲,男,二級,陽性
36822,50-59歲,男,無,陰性
36823,40-49歲,男,無,陰性
36824,60歲以上,男,二級,陽性
36825,50-59歲,男,二級,陽性
36826,60歲以上,男,無,陰性
36827,30-39歲,女,二級,陽性
36828,40-49歲,男,無,陰性
36829,50-59歲,男,無,陰性
36830,20-29歲,男,無,陰性
36831,30-39歲,女,無,陰性
36832,40-49歲,男,無,陰性
36833,30-39歲,男,無,陰性
36834,50-59歲,女,無,陰性
36835,50-59歲,男,一級,陽性
36836,30-39歲,男,無,陰性
36837,20-29歲,男,無,陰性
36838,40-49歲,男,無,陰性
36839,40-49歲,男,三級,陽性
36840,30-39歲,男,無,陰性
36841,60歲以上,男,無,陰性
36842,40-49歲,男,無,陰性
36843,50-59歲,男,二級,陽性
36844,40-49歲,男,無,陰性
36845,40-49歲,男,無,陰性
36846,40-49歲,男,無,陰性
36847,20-29歲,男,一級,陽性
36848,40-49歲,男,無,陰性
36849,20-29歲,男,無,陰性
36850,40-49歲,男,二級,陽性
36851,40-49歲,男,無,陰性
36852,60歲以上,男,無,陰性
36853,30-39歲,女,無,陰性
36854,20-29歲,男,無,陰性
36855,40-49歲,男,無,陰性
36856,40-49歲,男,無,陰性
36857,40-49歲,女,無,陰性
36858,40-49歲,男,無,陰性
36859,40-49歲,男,無,陰性
36860,40-49歲,女,無,陰性
36861,60歲以上,男,無,陰性
36862,40-49歲,女,無,陰性
36863,60歲以上,男,無,陰性
36864,40-49歲,男,無,陰性
36865,40-49歲,女,無,陰性
36866,40-49歲,男,無,陰性
36867,50-59歲,男,無,陰性
36868,60歲以上,女,無,陰性
36869,30-39歲,男,無,陰性
36870,30-39歲,男,無,陰性
36871,40-49歲,男,無,陰性
36872,40-49歲,男,二級,陽性
36873,30-39歲,男,無,陰性
36874,30-39歲,男,無,陰性
36875,20-29歲,男,二級,陽性
36876,40-49歲,男,無,陰性
36877,40-49歲,男,無,陰性
36878,30-39歲,女,無,陰性
36879,50-59歲,男,無,陰性
36880,60歲以上,女,二級,陽性
36881,60歲以上,男,二級,陽性
36882,20-29歲,女,無,陰性
36883,50-59歲,男,二級,陽性
36884,30-39歲,女,無,陰性
36885,40-49歲,女,無,陰性
36886,60歲以上,女,無,陰性
36887,30-39歲,男,無,陰性
36888,60歲以上,男,無,陰性
36889,40-49歲,男,二級,陽性
36890,40-49歲,男,無,陰性
36891,60歲以上,男,無,陰性
36892,40-49歲,女,無,陰性
36893,30-39歲,男,無,陰性
36894,20-29歲,男,無,陰性
36895,40-49歲,男,二級,陽性
36896,50-59歲,女,無,陰性
36897,20-29歲,男,無,陰性
36898,30-39歲,男,無,陰性
36899,30-39歲,男,無,陰性
36900,40-49歲,男,無,陰性
36901,60歲以上,男,無,陰性
36902,30-39歲,男,無,陰性
36903,19歲以下,男,無,陰性
36904,30-39歲,男,無,陰性
36905,40-49歲,男,無,陰性
36906,30-39歲,男,無,陰性
36907,40-49歲,男,無,陰性
36908,50-59歲,男,無,陰性
36909,20-29歲,男,無,陰性
36910,40-49歲,男,無,陰性
36911,40-49歲,男,二級,陽性
36912,40-49歲,男,一級,陽性
36913,50-59歲,男,三級,陽性
36914,50-59歲,男,二級,陽性
36915,40-49歲,男,二級,陽性
36916,50-59歲,男,無,陰性
36917,30-39歲,女,三級,陽性
36918,30-39歲,男,無,陰性
36919,50-59歲,男,無,陰性
36920,40-49歲,男,無,陰性
36921,40-49歲,男,無,陰性
36922,60歲以上,男,無,陰性
36923,50-59歲,男,無,陰性
36924,30-39歲,男,無,陰性
36925,40-49歲,男,無,陰性
36926,60歲以上,男,二級,陽性
36927,20-29歲,男,無,陰性
36928,40-49歲,男,無,陰性
36929,40-49歲,男,二級,陽性
36930,19歲以下,男,無,陰性
36931,50-59歲,男,二級,陽性
36932,50-59歲,女,無,陰性
36933,30-39歲,男,無,陰性
36934,30-39歲,男,無,陰性
36935,50-59歲,男,無,陰性
36936,50-59歲,女,二級,陽性
36937,40-49歲,女,二級,陽性
36938,30-39歲,男,無,陰性
36939,60歲以上,男,無,陰性
36940,50-59歲,男,無,陰性
36941,30-39歲,男,無,陰性
36942,40-49歲,男,無,陰性
36943,40-49歲,男,無,陰性
36944,50-59歲,男,二級,陽性
36945,50-59歲,男,無,陰性
36946,50-59歲,男,無,陰性
36947,20-29歲,男,無,陰性
36948,30-39歲,男,無,陰性
36949,40-49歲,男,二級,陽性
36950,40-49歲,男,無,陰性
36951,50-59歲,男,三級,陽性
36952,50-59歲,男,一級,陽性
36953,20-29歲,女,無,陰性
36954,40-49歲,男,無,陰性
36955,20-29歲,男,無,陰性
36956,50-59歲,男,無,陰性
36957,30-39歲,男,無,陰性
36958,30-39歲,男,二級,陽性
36959,40-49歲,男,無,陰性
36960,20-29歲,男,無,陰性
36961,50-59歲,男,二級,陽性
36962,30-39歲,男,二級,陽性
36963,30-39歲,男,無,陰性
36964,19歲以下,男,無,陰性
36965,40-49歲,男,無,陰性
36966,50-59歲,女,無,陰性
36967,50-59歲,男,無,陰性
36968,40-49歲,男,二級,陽性
36969,40-49歲,男,無,陰性
36970,30-39歲,男,無,陰性
36971,40-49歲,女,無,陰性
36972,40-49歲,男,無,陰性
36973,40-49歲,女,無,陰性
36974,30-39歲,男,無,陰性
36975,40-49歲,男,無,陰性
36976,50-59歲,男,無,陰性
36977,30-39歲,男,二級,陽性
36978,50-59歲,男,無,陰性
36979,30-39歲,女,無,陰性
36980,50-59歲,男,無,陰性
36981,40-49歲,男,無,陰性
36982,50-59歲,男,二級,陽性
36983,30-39歲,男,無,陰性
36984,30-39歲,男,二級,陽性
36985,40-49歲,女,二級,陽性
36986,50-59歲,男,無,陰性
36987,40-49歲,男,無,陰性
36988,40-49歲,男,無,陰性
36989,30-39歲,男,無,陰性
36990,30-39歲,男,無,陰性
36991,20-29歲,男,無,陰性
36992,40-49歲,男,無,陰性
36993,50-59歲,女,無,陰性
36994,50-59歲,男,三級,陽性
36995,40-49歲,男,無,陰性
36996,20-29歲,男,三級,陽性
36997,30-39歲,男,無,陰性
36998,50-59歲,男,無,陰性
36999,50-59歲,男,無,陰性
37000,50-59歲,男,無,陰性
37001,50-59歲,男,三級,陽性
37002,40-49歲,男,無,陰性
37003,40-49歲,男,無,陰性
37004,50-59歲,男,無,陰性
37005,30-39歲,女,無,陰性
37006,30-39歲,女,二級,陽性
37007,40-49歲,男,無,陰性
37008,30-39歲,男,無,陰性
37009,20-29歲,男,無,陰性
37010,50-59歲,男,無,陰性
37011,50-59歲,男,無,陰性
37012,60歲以上,女,無,陰性
37013,30-39歲,男,無,陰性
37014,40-49歲,女,無,陰性
37015,40-49歲,男,無,陰性
37016,40-49歲,女,無,陰性
37017,40-49歲,男,無,陰性
37018,20-29歲,男,無,陰性
37019,50-59歲,女,無,陰性
37020,40-49歲,女,無,陰性
37021,20-29歲,男,二級,陽性
37022,50-59歲,男,無,陰性
37023,30-39歲,男,無,陰性
37024,19歲以下,男,無,陰性
37025,30-39歲,男,無,陰性
37026,40-49歲,男,無,陰性
37027,50-59歲,女,無,陰性
37028,20-29歲,男,一級,陽性
37029,30-39歲,男,無,陰性
37030,50-59歲,女,無,陰性
37031,50-59歲,男,無,陰性
37032,30-39歲,男,無,陰性
37033,50-59歲,男,無,陰性
37034,40-49歲,男,無,陰性
37035,30-39歲,男,無,陰性
37036,50-59歲,女,二級,陽性
37037,30-39歲,男,二級,陽性
37038,40-49歲,男,無,陰性
37039,50-59歲,女,二級,陽性
37040,30-39歲,男,無,陰性
37041,30-39歲,男,無,陰性
37042,30-39歲,男,無,陰性
37043,40-49歲,男,三級,陽性
37044,40-49歲,男,二級,陽性
37045,20-29歲,男,無,陰性
37046,50-59歲,男,無,陰性
37047,50-59歲,女,二級,陽性
37048,19歲以下,男,無,陰性
37049,20-29歲,男,無,陰性
37050,40-49歲,男,無,陰性
37051,50-59歲,男,無,陰性
37052,40-49歲,女,無,陰性
37053,60歲以上,男,無,陰性
37054,40-49歲,女,無,陰性
37055,40-49歲,男,無,陰性
37056,40-49歲,女,無,陰性
37057,50-59歲,男,二級,陽性
37058,40-49歲,男,無,陰性
37059,50-59歲,男,無,陰性
37060,30-39歲,男,無,陰性
37061,40-49歲,男,無,陰性
37062,30-39歲,男,無,陰性
37063,40-49歲,女,無,陰性
37064,50-59歲,男,無,陰性
37065,30-39歲,女,無,陰性
37066,30-39歲,男,無,陰性
37067,40-49歲,男,無,陰性
37068,60歲以上,男,無,陰性
37069,30-39歲,男,二級,陽性
37070,40-49歲,男,無,陰性
37071,60歲以上,男,一級,陽性
37072,40-49歲,男,無,陰性
37073,40-49歲,男,無,陰性
37074,30-39歲,男,無,陰性
37075,40-49歲,男,無,陰性
37076,60歲以上,女,無,陰性
37077,40-49歲,男,無,陰性
37078,50-59歲,男,無,陰性
37079,30-39歲,男,無,陰性
37080,50-59歲,男,無,陰性
37081,30-39歲,男,無,陰性
37082,50-59歲,男,無,陰性
37083,40-49歲,女,二級,陽性
37084,30-39歲,男,無,陰性
37085,40-49歲,男,無,陰性
37086,60歲以上,男,無,陰性
37087,40-49歲,男,三級,陽性
37088,50-59歲,男,無,陰性
37089,40-49歲,女,無,陰性
37090,20-29歲,男,無,陰性
37091,40-49歲,男,無,陰性
37092,40-49歲,男,無,陰性
37093,40-49歲,男,無,陰性
37094,50-59歲,男,二級,陽性
37095,30-39歲,男,二級,陽性
37096,30-39歲,男,無,陰性
37097,50-59歲,男,無,陰性
37098,30-39歲,男,三級,陽性
37099,30-39歲,男,無,陰性
37100,30-39歲,女,二級,陽性
37101,40-49歲,男,無,陰性
37102,40-49歲,男,無,陰性
37103,20-29歲,男,二級,陽性
37104,20-29歲,男,無,陰性
37105,30-39歲,男,無,陰性
37106,30-39歲,男,無,陰性
37107,50-59歲,男,無,陰性
37108,50-59歲,女,二級,陽性
37109,50-59歲,男,無,陰性
37110,30-39歲,男,無,陰性
37111,20-29歲,男,二級,陽性
37112,20-29歲,女,二級,陽性
37113,40-49歲,男,無,陰性
37114,60歲以上,男,無,陰性
37115,50-59歲,男,無,陰性
37116,40-49歲,男,無,陰性
37117,40-49歲,男,二級,陽性
37118,30-39歲,女,無,陰性
37119,40-49歲,男,無,陰性
37120,40-49歲,女,無,陰性
37121,50-59歲,男,無,陰性
37122,30-39歲,女,無,陰性
37123,40-49歲,男,無,陰性
37124,40-49歲,女,無,陰性
37125,30-39歲,男,二級,陽性
37126,40-49歲,男,無,陰性
37127,50-59歲,男,無,陰性
37128,20-29歲,女,無,陰性
37129,50-59歲,男,無,陰性
37130,40-49歲,女,二級,陽性
37131,40-49歲,男,無,陰性
37132,50-59歲,男,無,陰性
37133,30-39歲,男,二級,陽性
37134,20-29歲,男,無,陰性
37135,30-39歲,男,無,陰性
37136,40-49歲,男,無,陰性
37137,60歲以上,男,二級,陽性
37138,40-49歲,男,無,陰性
37139,40-49歲,男,二級,陽性
37140,60歲以上,男,無,陰性
37141,20-29歲,男,一級,陽性
37142,50-59歲,男,無,陰性
37143,40-49歲,女,二級,陽性
37144,60歲以上,男,無,陰性
37145,50-59歲,男,二級,陽性
37146,40-49歲,男,無,陰性
37147,60歲以上,男,無,陰性
37148,30-39歲,男,無,陰性
37149,50-59歲,男,二級,陽性
37150,30-39歲,男,無,陰性
37151,50-59歲,男,無,陰性
37152,40-49歲,男,無,陰性
37153,40-49歲,男,三級,陽性
37154,40-49歲,男,無,陰性
37155,60歲以上,女,無,陰性
37156,20-29歲,男,無,陰性
37157,30-39歲,男,二級,陽性
37158,40-49歲,女,二級,陽性
37159,20-29歲,男,無,陰性
37160,30-39歲,男,無,陰性
37161,40-49歲,男,無,陰性
37162,40-49歲,男,無,陰性
37163,50-59歲,女,二級,陽性
37164,40-49歲,男,無,陰性
37165,50-59歲,男,無,陰性
37166,30-39歲,男,無,陰性
37167,40-49歲,男,無,陰性
37168,40-49歲,男,三級,陽性
37169,40-49歲,男,無,陰性
37170,50-59歲,男,無,陰性
37171,30-39歲,男,無,陰性
37172,40-49歲,男,無,陰性
37173,40-49歲,男,無,陰性
37174,40-49歲,男,無,陰性
37175,40-49歲,男,無,陰性
37176,20-29歲,男,二級,陽性
37177,19歲以下,女,無,陰性
37178,50-59歲,男,無,陰性
37179,60歲以上,男,無,陰性
37180,40-49歲,女,無,陰性
37181,30-39歲,男,無,陰性
37182,40-49歲,男,二級,陽性
37183,20-29歲,女,二級,陽性
37184,40-49歲,男,無,陰性
37185,30-39歲,女,無,陰性
37186,50-59歲,男,無,陰性
37187,40-49歲,男,無,陰性
37188,50-59歲,女,一級,陽性
37189,40-49歲,女,二級,陽性
37190,20-29歲,男,無,陰性
37191,50-59歲,女,無,陰性
37192,40-49歲,男,二級,陽性
37193,50-59歲,男,無,陰性
37194,40-49歲,男,無,陰性
37195,40-49歲,男,無,陰性
37196,40-49歲,男,無,陰性
37197,60歲以上,女,無,陰性
37198,50-59歲,男,無,陰性
37199,50-59歲,男,無,陰性
37200,30-39歲,男,無,陰性
37201,50-59歲,男,二級,陽性
37202,50-59歲,男,無,陰性
37203,30-39歲,男,二級,陽性
37204,20-29歲,男,二級,陽性
37205,40-49歲,男,無,陰性
37206,50-59歲,男,無,陰性
37207,40-49歲,男,無,陰性
37208,40-49歲,男,無,陰性
37209,20-29歲,男,無,陰性
37210,40-49歲,男,三級,陽性
37211,40-49歲,女,二級,陽性
37212,50-59歲,男,無,陰性
37213,50-59歲,女,無,陰性
37214,60歲以上,男,無,陰性
37215,60歲以上,女,無,陰性
37216,40-49歲,男,無,陰性
37217,30-39歲,男,二級,陽性
37218,40-49歲,男,二級,陽性
37219,50-59歲,男,二級,陽性
37220,40-49歲,男,無,陰性
37221,40-49歲,女,無,陰性
37222,40-49歲,男,無,陰性
37223,50-59歲,男,二級,陽性
37224,60歲以上,男,無,陰性
37225,30-39歲,男,無,陰性
37226,60歲以上,男,一級,陽性
37227,50-59歲,男,無,陰性
37228,30-39歲,男,無,陰性
37229,50-59歲,男,二級,陽性
37230,40-49歲,男,無,陰性
37231,20-29歲,男,二級,陽性
37232,50-59歲,男,無,陰性
37233,40-49歲,男,無,陰性
37234,20-29歲,女,無,陰性
37235,50-59歲,男,二級,陽性
37236,50-59歲,男,無,陰性
37237,40-49歲,男,無,陰性
37238,40-49歲,男,三級,陽性
37239,50-59歲,男,無,陰性
37240,50-59歲,男,一級,陽性
37241,50-59歲,女,二級,陽性
37242,60歲以上,男,無,陰性
37243,30-39歲,男,無,陰性
37244,50-59歲,男,無,陰性
37245,30-39歲,男,三級,陽性
37246,30-39歲,男,無,陰性
37247,50-59歲,男,無,陰性
37248,40-49歲,女,無,陰性
37249,20-29歲,男,二級,陽性
37250,50-59歲,男,無,陰性
37251,40-49歲,男,無,陰性
37252,19歲以下,女,無,陰性
37253,50-59歲,男,無,陰性
37254,40-49歲,男,無,陰性
37255,19歲以下,男,無,陰性
37256,40-49歲,女,二級,陽性
37257,50-59歲,男,無,陰性
37258,50-59歲,女,無,陰性
37259,50-59歲,女,無,陰性
37260,30-39歲,男,無,陰性
37261,60歲以上,男,無,陰性
37262,40-49歲,男,無,陰性
37263,30-39歲,男,無,陰性
37264,40-49歲,女,無,陰性
37265,20-29歲,男,一級,陽性
37266,40-49歲,女,無,陰性
37267,30-39歲,男,無,陰性
37268,40-49歲,男,無,陰性
37269,50-59歲,男,無,陰性
37270,30-39歲,女,無,陰性
37271,40-49歲,女,三級,陽性
37272,50-59歲,男,一級,陽性
37273,60歲以上,男,無,陰性
37274,60歲以上,男,無,陰性
37275,30-39歲,女,無,陰性
37276,40-49歲,女,二級,陽性
37277,30-39歲,女,三級,陽性
37278,50-59歲,男,無,陰性
37279,50-59歲,男,三級,陽性
37280,20-29歲,男,無,陰性
37281,20-29歲,女,二級,陽性
37282,40-49歲,男,無,陰性
37283,50-59歲,女,二級,陽性
37284,50-59歲,女,無,陰性
37285,50-59歲,男,無,陰性
37286,30-39歲,男,無,陰性
37287,40-49歲,男,無,陰性
37288,60歲以上,男,無,陰性
37289,40-49歲,女,三級,陽性
37290,40-49歲,男,無,陰性
37291,40-49歲,男,無,陰性
37292,50-59歲,男,無,陰性
37293,60歲以上,男,無,陰性
37294,50-59歲,男,無,陰性
37295,30-39歲,男,無,陰性
37296,40-49歲,男,無,陰性
37297,20-29歲,男,無,陰性
37298,50-59歲,女,無,陰性
37299,40-49歲,男,無,陰性
37300,30-39歲,男,無,陰性
37301,60歲以上,女,無,陰性
37302,30-39歲,女,二級,陽性
37303,40-49歲,男,無,陰性
37304,30-39歲,男,無,陰性
37305,50-59歲,男,無,陰性
37306,50-59歲,男,無,陰性
37307,20-29歲,女,無,陰性
37308,50-59歲,女,無,陰性
37309,19歲以下,男,無,陰性
37310,50-59歲,女,無,陰性
37311,40-49歲,男,無,陰性
37312,30-39歲,男,無,陰性
37313,40-49歲,男,二級,陽性
37314,40-49歲,男,無,陰性
37315,50-59歲,女,無,陰性
37316,30-39歲,男,無,陰性
37317,40-49歲,男,無,陰性
37318,40-49歲,男,無,陰性
37319,40-49歲,男,無,陰性
37320,60歲以上,女,無,陰性
37321,60歲以上,男,無,陰性
37322,60歲以上,男,無,陰性
37323,50-59歲,男,無,陰性
37324,30-39歲,男,無,陰性
37325,50-59歲,男,無,陰性
37326,30-39歲,男,無,陰性
37327,40-49歲,男,無,陰性
37328,40-49歲,女,三級,陽性
37329,30-39歲,男,無,陰性
37330,60歲以上,男,無,陰性
37331,19歲以下,男,無,陰性
37332,60歲以上,男,三級,陽性
37333,30-39歲,男,無,陰性
37334,40-49歲,男,無,陰性
37335,20-29歲,男,無,陰性
37336,50-59歲,男,無,陰性
37337,20-29歲,男,二級,陽性
37338,30-39歲,男,無,陰性
37339,40-49歲,男,無,陰性
37340,50-59歲,男,二級,陽性
37341,50-59歲,男,無,陰性
37342,60歲以上,男,無,陰性
37343,20-29歲,男,無,陰性
37344,50-59歲,男,二級,陽性
37345,40-49歲,男,無,陰性
37346,30-39歲,男,無,陰性
37347,30-39歲,男,無,陰性
37348,40-49歲,男,一級,陽性
37349,30-39歲,男,無,陰性
37350,40-49歲,男,無,陰性
37351,50-59歲,男,無,陰性
37352,40-49歲,男,三級,陽性
37353,40-49歲,女,無,陰性
37354,30-39歲,男,無,陰性
37355,50-59歲,男,無,陰性
37356,40-49歲,女,無,陰性
37357,50-59歲,男,二級,陽性
37358,50-59歲,男,無,陰性
37359,30-39歲,男,無,陰性
37360,50-59歲,男,無,陰性
37361,40-49歲,男,無,陰性
37362,60歲以上,男,無,陰性
37363,30-39歲,男,無,陰性
37364,50-59歲,男,無,陰性
37365,50-59歲,男,二級,陽性
37366,40-49歲,男,二級,陽性
37367,30-39歲,男,二級,陽性
37368,40-49歲,男,無,陰性
37369,30-39歲,男,二級,陽性
37370,50-59歲,男,無,陰性
37371,50-59歲,男,無,陰性
37372,40-49歲,男,二級,陽性
37373,50-59歲,男,無,陰性
37374,60歲以上,男,無,陰性
37375,50-59歲,男,無,陰性
37376,30-39歲,男,二級,陽性
37377,40-49歲,女,二級,陽性
37378,30-39歲,男,二級,陽性
37379,40-49歲,男,二級,陽性
37380,30-39歲,男,三級,陽性
37381,60歲以上,男,二級,陽性
37382,40-49歲,男,無,陰性
37383,60歲以上,男,無,陰性
37384,30-39歲,男,無,陰性
37385,50-59歲,男,二級,陽性
37386,50-59歲,男,二級,陽性
37387,50-59歲,女,無,陰性
37388,40-49歲,男,一級,陽性
37389,50-59歲,男,無,陰性
37390,40-49歲,女,二級,陽性
37391,20-29歲,男,無,陰性
37392,40-49歲,男,無,陰性
37393,50-59歲,女,無,陰性
37394,20-29歲,男,無,陰性
37395,30-39歲,男,一級,陽性
37396,50-59歲,男,無,陰性
37397,50-59歲,男,無,陰性
37398,50-59歲,男,無,陰性
37399,50-59歲,男,無,陰性
37400,30-39歲,男,無,陰性
37401,40-49歲,男,無,陰性
37402,30-39歲,男,無,陰性
37403,20-29歲,男,二級,陽性
37404,40-49歲,男,無,陰性
37405,20-29歲,男,二級,陽性
37406,60歲以上,男,二級,陽性
37407,50-59歲,女,二級,陽性
37408,60歲以上,男,無,陰性
37409,50-59歲,男,無,陰性
37410,30-39歲,男,無,陰性
37411,50-59歲,男,無,陰性
37412,40-49歲,男,二級,陽性
37413,50-59歲,男,無,陰性
37414,40-49歲,女,二級,陽性
37415,40-49歲,女,無,陰性
37416,30-39歲,男,二級,陽性
37417,30-39歲,男,無,陰性
37418,30-39歲,男,二級,陽性
37419,30-39歲,男,無,陰性
37420,30-39歲,女,無,陰性
37421,50-59歲,女,無,陰性
37422,40-49歲,男,三級,陽性
37423,40-49歲,男,無,陰性
37424,50-59歲,男,無,陰性
37425,40-49歲,男,無,陰性
37426,50-59歲,男,無,陰性
37427,60歲以上,男,二級,陽性
37428,50-59歲,女,無,陰性
37429,50-59歲,男,無,陰性
37430,60歲以上,男,無,陰性
37431,40-49歲,男,二級,陽性
37432,30-39歲,男,無,陰性
37433,30-39歲,男,無,陰性
37434,50-59歲,男,無,陰性
37435,19歲以下,男,無,陰性
37436,40-49歲,男,無,陰性
37437,50-59歲,男,二級,陽性
37438,40-49歲,男,無,陰性
37439,30-39歲,男,無,陰性
37440,19歲以下,男,無,陰性
37441,40-49歲,男,無,陰性
37442,50-59歲,男,無,陰性
37443,60歲以上,男,二級,陽性
37444,50-59歲,男,無,陰性
37445,50-59歲,男,無,陰性
37446,40-49歲,男,無,陰性
37447,40-49歲,男,無,陰性
37448,40-49歲,男,無,陰性
37449,19歲以下,男,無,陰性
37450,30-39歲,男,無,陰性
37451,60歲以上,男,無,陰性
37452,50-59歲,男,無,陰性
37453,30-39歲,男,無,陰性
37454,40-49歲,男,無,陰性
37455,30-39歲,男,三級,陽性
37456,30-39歲,女,無,陰性
37457,60歲以上,男,無,陰性
37458,40-49歲,男,二級,陽性
37459,30-39歲,女,三級,陽性
37460,50-59歲,男,一級,陽性
37461,60歲以上,男,無,陰性
37462,50-59歲,男,無,陰性
37463,40-49歲,男,無,陰性
37464,60歲以上,女,二級,陽性
37465,40-49歲,男,無,陰性
37466,40-49歲,男,無,陰性
37467,40-49歲,男,無,陰性
37468,40-49歲,女,無,陰性
37469,40-49歲,男,二級,陽性
37470,30-39歲,男,無,陰性
37471,50-59歲,女,無,陰性
37472,30-39歲,男,無,陰性
37473,30-39歲,男,無,陰性
37474,40-49歲,男,無,陰性
37475,40-49歲,女,無,陰性
37476,30-39歲,男,無,陰性
37477,30-39歲,男,二級,陽性
37478,40-49歲,男,無,陰性
37479,60歲以上,女,無,陰性
37480,40-49歲,女,無,陰性
37481,40-49歲,男,無,陰性
37482,30-39歲,男,二級,陽性
37483,30-39歲,男,無,陰性
37484,50-59歲,男,無,陰性
37485,40-49歲,男,無,陰性
37486,60歲以上,女,無,陰性
37487,30-39歲,男,無,陰性
37488,40-49歲,男,一級,陽性
37489,60歲以上,女,無,陰性
37490,50-59歲,男,無,陰性
37491,50-59歲,男,無,陰性
37492,60歲以上,男,無,陰性
37493,50-59歲,男,無,陰性
37494,50-59歲,男,無,陰性
37495,40-49歲,男,無,陰性
37496,40-49歲,男,無,陰性
37497,50-59歲,男,二級,陽性
37498,20-29歲,女,無,陰性
37499,50-59歲,男,無,陰性
37500,60歲以上,男,二級,陽性
37501,60歲以上,男,無,陰性
37502,30-39歲,男,二級,陽性
37503,30-39歲,男,三級,陽性
37504,40-49歲,男,一級,陽性
37505,40-49歲,男,二級,陽性
37506,50-59歲,女,無,陰性
37507,40-49歲,女,無,陰性
37508,20-29歲,男,無,陰性
37509,40-49歲,女,無,陰性
37510,40-49歲,男,無,陰性
37511,50-59歲,男,無,陰性
37512,60歲以上,男,無,陰性
37513,50-59歲,女,無,陰性
37514,50-59歲,男,二級,陽性
37515,60歲以上,男,二級,陽性
37516,30-39歲,女,二級,陽性
37517,60歲以上,女,無,陰性
37518,30-39歲,男,無,陰性
37519,60歲以上,男,無,陰性
37520,19歲以下,男,無,陰性
37521,40-49歲,男,二級,陽性
37522,30-39歲,男,無,陰性
37523,50-59歲,男,無,陰性
37524,50-59歲,男,無,陰性
37525,50-59歲,男,二級,陽性
37526,19歲以下,男,三級,陽性
37527,40-49歲,男,無,陰性
37528,40-49歲,男,無,陰性
37529,50-59歲,男,無,陰性
37530,30-39歲,男,無,陰性
37531,50-59歲,男,無,陰性
37532,40-49歲,男,無,陰性
37533,50-59歲,男,無,陰性
37534,40-49歲,男,無,陰性
37535,40-49歲,女,二級,陽性
37536,30-39歲,男,無,陰性
37537,30-39歲,女,無,陰性
37538,40-49歲,男,二級,陽性
37539,40-49歲,男,二級,陽性
37540,40-49歲,男,二級,陽性
37541,50-59歲,男,二級,陽性
37542,40-49歲,男,二級,陽性
37543,40-49歲,男,無,陰性
37544,40-49歲,男,無,陰性
37545,40-49歲,女,無,陰性
37546,30-39歲,男,二級,陽性
37547,60歲以上,男,無,陰性
37548,40-49歲,男,無,陰性
37549,50-59歲,女,無,陰性
37550,50-59歲,男,無,陰性
37551,50-59歲,男,無,陰性
37552,40-49歲,男,無,陰性
37553,50-59歲,男,無,陰性
37554,30-39歲,男,無,陰性
37555,50-59歲,男,二級,陽性
37556,50-59歲,女,無,陰性
37557,40-49歲,男,二級,陽性
37558,50-59歲,女,二級,陽性
37559,40-49歲,男,二級,陽性
37560,20-29歲,女,二級,陽性
37561,50-59歲,女,一級,陽性
37562,60歲以上,男,無,陰性
37563,30-39歲,男,二級,陽性
37564,19歲以下,男,無,陰性
37565,50-59歲,男,無,陰性
37566,50-59歲,男,無,陰性
37567,30-39歲,男,二級,陽性
37568,50-59歲,男,無,陰性
37569,30-39歲,男,無,陰性
37570,40-49歲,男,二級,陽性
37571,40-49歲,男,無,陰性
37572,40-49歲,男,無,陰性
37573,50-59歲,女,無,陰性
37574,50-59歲,男,無,陰性
37575,50-59歲,男,無,陰性
37576,20-29歲,男,無,陰性
37577,30-39歲,男,無,陰性
37578,50-59歲,男,無,陰性
37579,40-49歲,男,無,陰性
37580,60歲以上,女,無,陰性
37581,60歲以上,男,無,陰性
37582,60歲以上,男,無,陰性
37583,50-59歲,男,無,陰性
37584,19歲以下,男,無,陰性
37585,40-49歲,男,無,陰性
37586,50-59歲,女,無,陰性
37587,60歲以上,女,無,陰性
37588,50-59歲,男,無,陰性
37589,30-39歲,男,二級,陽性
37590,20-29歲,男,無,陰性
37591,40-49歲,男,無,陰性
37592,50-59歲,男,無,陰性
37593,50-59歲,男,無,陰性
37594,40-49歲,女,二級,陽性
37595,50-59歲,男,無,陰性
37596,40-49歲,男,無,陰性
37597,40-49歲,男,無,陰性
37598,30-39歲,男,無,陰性
37599,50-59歲,男,無,陰性
37600,40-49歲,男,二級,陽性
37601,40-49歲,男,無,陰性
37602,50-59歲,男,無,陰性
37603,50-59歲,女,無,陰性
37604,40-49歲,男,無,陰性
37605,40-49歲,女,無,陰性
37606,30-39歲,男,無,陰性
37607,40-49歲,女,一級,陽性
37608,60歲以上,男,無,陰性
37609,50-59歲,男,無,陰性
37610,40-49歲,男,二級,陽性
37611,40-49歲,男,無,陰性
37612,60歲以上,男,無,陰性
37613,20-29歲,男,無,陰性
37614,30-39歲,男,無,陰性
37615,40-49歲,男,無,陰性
37616,40-49歲,男,無,陰性
37617,40-49歲,男,無,陰性
37618,30-39歲,男,無,陰性
37619,60歲以上,男,無,陰性
37620,40-49歲,男,無,陰性
37621,40-49歲,男,二級,陽性
37622,40-49歲,男,無,陰性
37623,50-59歲,男,無,陰性
37624,40-49歲,男,二級,陽性
37625,50-59歲,男,無,陰性
37626,40-49歲,男,二級,陽性
37627,60歲以上,男,無,陰性
37628,30-39歲,女,無,陰性
37629,20-29歲,男,無,陰性
37630,60歲以上,男,二級,陽性
37631,40-49歲,男,無,陰性
37632,40-49歲,女,二級,陽性
37633,60歲以上,男,無,陰性
37634,60歲以上,女,二級,陽性
37635,50-59歲,男,無,陰性
37636,60歲以上,男,無,陰性
37637,40-49歲,男,無,陰性
37638,40-49歲,男,一級,陽性
37639,30-39歲,女,無,陰性
37640,50-59歲,男,無,陰性
37641,50-59歲,男,無,陰性
37642,40-49歲,男,三級,陽性
37643,40-49歲,男,無,陰性
37644,20-29歲,女,二級,陽性
37645,50-59歲,女,無,陰性
37646,50-59歲,男,無,陰性
37647,60歲以上,男,無,陰性
37648,60歲以上,男,無,陰性
37649,30-39歲,女,無,陰性
37650,20-29歲,男,無,陰性
37651,19歲以下,男,無,陰性
37652,30-39歲,女,無,陰性
37653,30-39歲,男,無,陰性
37654,60歲以上,男,無,陰性
37655,20-29歲,男,二級,陽性
37656,40-49歲,男,無,陰性
37657,20-29歲,女,二級,陽性
37658,19歲以下,男,無,陰性
37659,40-49歲,男,無,陰性
37660,40-49歲,男,無,陰性
37661,50-59歲,男,二級,陽性
37662,50-59歲,男,無,陰性
37663,40-49歲,女,無,陰性
37664,30-39歲,女,無,陰性
37665,20-29歲,男,二級,陽性
37666,40-49歲,男,無,陰性
37667,30-39歲,男,無,陰性
37668,40-49歲,男,無,陰性
37669,50-59歲,男,無,陰性
37670,50-59歲,男,無,陰性
37671,60歲以上,男,無,陰性
37672,50-59歲,男,無,陰性
37673,50-59歲,男,無,陰性
37674,60歲以上,男,無,陰性
37675,20-29歲,男,二級,陽性
37676,40-49歲,男,無,陰性
37677,60歲以上,男,二級,陽性
37678,50-59歲,男,二級,陽性
37679,40-49歲,男,無,陰性
37680,20-29歲,男,三級,陽性
37681,40-49歲,男,二級,陽性
37682,50-59歲,男,無,陰性
37683,30-39歲,男,無,陰性
37684,20-29歲,男,無,陰性
37685,30-39歲,男,無,陰性
37686,50-59歲,男,無,陰性
37687,50-59歲,男,無,陰性
37688,40-49歲,男,無,陰性
37689,40-49歲,男,二級,陽性
37690,40-49歲,男,無,陰性
37691,50-59歲,男,無,陰性
37692,40-49歲,男,無,陰性
37693,40-49歲,男,無,陰性
37694,50-59歲,男,無,陰性
37695,40-49歲,男,無,陰性
37696,40-49歲,男,無,陰性
37697,40-49歲,女,二級,陽性
37698,50-59歲,男,無,陰性
37699,50-59歲,男,無,陰性
37700,60歲以上,男,無,陰性
37701,20-29歲,女,無,陰性
37702,50-59歲,男,無,陰性
37703,50-59歲,男,無,陰性
37704,40-49歲,男,無,陰性
37705,30-39歲,男,二級,陽性
37706,30-39歲,女,無,陰性
37707,40-49歲,男,二級,陽性
37708,40-49歲,男,無,陰性
37709,20-29歲,男,二級,陽性
37710,30-39歲,女,無,陰性
37711,50-59歲,男,無,陰性
37712,50-59歲,女,無,陰性
37713,40-49歲,男,二級,陽性
37714,40-49歲,男,二級,陽性
37715,40-49歲,男,無,陰性
37716,40-49歲,男,二級,陽性
37717,20-29歲,男,無,陰性
37718,50-59歲,男,無,陰性
37719,50-59歲,男,無,陰性
37720,40-49歲,男,二級,陽性
37721,30-39歲,男,無,陰性
37722,20-29歲,女,無,陰性
37723,40-49歲,男,二級,陽性
37724,40-49歲,男,三級,陽性
37725,50-59歲,男,無,陰性
37726,19歲以下,男,無,陰性
37727,50-59歲,男,無,陰性
37728,40-49歲,男,無,陰性
37729,50-59歲,男,無,陰性
37730,50-59歲,男,無,陰性
37731,60歲以上,男,無,陰性
37732,50-59歲,男,無,陰性
37733,40-49歲,女,二級,陽性
37734,40-49歲,男,無,陰性
37735,40-49歲,男,無,陰性
37736,40-49歲,男,二級,陽性
37737,30-39歲,男,無,陰性
37738,50-59歲,男,無,陰性
37739,60歲以上,男,無,陰性
37740,40-49歲,男,二級,陽性
37741,50-59歲,男,二級,陽性
37742,50-59歲,女,無,陰性
37743,40-49歲,男,無,陰性
37744,50-59歲,男,無,陰性
37745,40-49歲,男,無,陰性
37746,50-59歲,女,二級,陽性
37747,50-59歲,男,無,陰性
37748,20-29歲,男,無,陰性
37749,40-49歲,男,無,陰性
37750,40-49歲,女,無,陰性
37751,40-49歲,男,無,陰性
37752,30-39歲,男,無,陰性
37753,40-49歲,男,二級,陽性
37754,30-39歲,女,無,陰性
37755,50-59歲,男,無,陰性
37756,40-49歲,男,無,陰性
37757,30-39歲,男,無,陰性
37758,50-59歲,男,二級,陽性
37759,40-49歲,男,無,陰性
37760,30-39歲,男,一級,陽性
37761,40-49歲,男,無,陰性
37762,40-49歲,女,無,陰性
37763,30-39歲,男,無,陰性
37764,50-59歲,男,無,陰性
37765,40-49歲,男,無,陰性
37766,40-49歲,男,二級,陽性
37767,40-49歲,男,無,陰性
37768,40-49歲,女,無,陰性
37769,30-39歲,男,無,陰性
37770,40-49歲,女,二級,陽性
37771,50-59歲,男,無,陰性
37772,40-49歲,男,二級,陽性
37773,20-29歲,女,無,陰性
37774,20-29歲,男,無,陰性
37775,50-59歲,男,二級,陽性
37776,20-29歲,女,無,陰性
37777,50-59歲,男,二級,陽性
37778,50-59歲,男,無,陰性
37779,20-29歲,男,無,陰性
37780,30-39歲,男,無,陰性
37781,30-39歲,男,無,陰性
37782,60歲以上,女,無,陰性
37783,30-39歲,男,無,陰性
37784,40-49歲,男,無,陰性
37785,20-29歲,男,二級,陽性
37786,20-29歲,男,三級,陽性
37787,40-49歲,男,無,陰性
37788,40-49歲,男,無,陰性
37789,50-59歲,男,無,陰性
37790,50-59歲,女,無,陰性
37791,50-59歲,男,無,陰性
37792,30-39歲,男,無,陰性
37793,50-59歲,男,一級,陽性
37794,40-49歲,男,無,陰性
37795,19歲以下,男,二級,陽性
37796,30-39歲,男,一級,陽性
37797,40-49歲,男,一級,陽性
37798,40-49歲,女,無,陰性
37799,50-59歲,男,二級,陽性
37800,50-59歲,男,無,陰性
37801,40-49歲,男,無,陰性
37802,50-59歲,男,無,陰性
37803,40-49歲,男,無,陰性
37804,30-39歲,男,無,陰性
37805,50-59歲,男,無,陰性
37806,40-49歲,女,無,陰性
37807,40-49歲,男,無,陰性
37808,40-49歲,男,二級,陽性
37809,50-59歲,男,無,陰性
37810,30-39歲,男,無,陰性
37811,40-49歲,男,無,陰性
37812,40-49歲,男,無,陰性
37813,40-49歲,女,無,陰性
37814,40-49歲,男,無,陰性
37815,20-29歲,男,無,陰性
37816,60歲以上,女,無,陰性
37817,20-29歲,男,無,陰性
37818,40-49歲,男,二級,陽性
37819,40-49歲,男,無,陰性
37820,50-59歲,男,二級,陽性
37821,40-49歲,男,無,陰性
37822,50-59歲,男,無,陰性
37823,40-49歲,男,二級,陽性
37824,40-49歲,男,無,陰性
37825,50-59歲,男,無,陰性
37826,20-29歲,男,無,陰性
37827,30-39歲,男,無,陰性
37828,50-59歲,男,二級,陽性
37829,40-49歲,男,無,陰性
37830,20-29歲,男,無,陰性
37831,30-39歲,女,無,陰性
37832,40-49歲,男,無,陰性
37833,40-49歲,女,二級,陽性
37834,40-49歲,男,二級,陽性
37835,40-49歲,男,無,陰性
37836,50-59歲,男,一級,陽性
37837,40-49歲,男,無,陰性
37838,30-39歲,男,無,陰性
37839,19歲以下,男,無,陰性
37840,60歲以上,男,二級,陽性
37841,40-49歲,男,二級,陽性
37842,50-59歲,男,無,陰性
37843,40-49歲,男,二級,陽性
37844,40-49歲,男,無,陰性
37845,40-49歲,男,二級,陽性
37846,40-49歲,男,無,陰性
37847,40-49歲,男,二級,陽性
37848,40-49歲,男,無,陰性
37849,19歲以下,女,無,陰性
37850,50-59歲,男,無,陰性
37851,60歲以上,男,一級,陽性
37852,50-59歲,男,無,陰性
37853,40-49歲,男,無,陰性
37854,40-49歲,女,三級,陽性
37855,50-59歲,男,三級,陽性
37856,40-49歲,男,無,陰性
37857,30-39歲,男,二級,陽性
37858,30-39歲,男,二級,陽性
37859,50-59歲,男,無,陰性
37860,20-29歲,女,一級,陽性
37861,40-49歲,男,無,陰性
37862,50-59歲,男,無,陰性
37863,30-39歲,男,二級,陽性
37864,40-49歲,女,無,陰性
37865,40-49歲,男,無,陰性
37866,40-49歲,男,無,陰性
37867,50-59歲,男,無,陰性
37868,50-59歲,男,無,陰性
37869,40-49歲,男,無,陰性
37870,50-59歲,男,無,陰性
37871,50-59歲,女,無,陰性
37872,50-59歲,女,無,陰性
37873,20-29歲,女,無,陰性
37874,40-49歲,女,無,陰性
37875,30-39歲,男,無,陰性
37876,30-39歲,男,無,陰性
37877,50-59歲,男,二級,陽性
37878,50-59歲,男,無,陰性
37879,50-59歲,女,無,陰性
37880,30-39歲,男,無,陰性
37881,50-59歲,男,無,陰性
37882,50-59歲,女,無,陰性
37883,20-29歲,男,無,陰性
37884,40-49歲,男,二級,陽性
37885,60歲以上,男,三級,陽性
37886,20-29歲,男,無,陰性
37887,40-49歲,男,無,陰性
37888,60歲以上,男,無,陰性
37889,30-39歲,男,無,陰性
37890,20-29歲,男,無,陰性
37891,40-49歲,男,無,陰性
37892,60歲以上,男,無,陰性
37893,50-59歲,男,三級,陽性
37894,50-59歲,男,無,陰性
37895,40-49歲,男,三級,陽性
37896,50-59歲,男,無,陰性
37897,40-49歲,男,無,陰性
37898,40-49歲,女,無,陰性
37899,60歲以上,男,無,陰性
37900,40-49歲,男,無,陰性
37901,40-49歲,男,二級,陽性
37902,50-59歲,男,無,陰性
37903,40-49歲,男,無,陰性
37904,20-29歲,男,無,陰性
37905,40-49歲,男,無,陰性
37906,40-49歲,男,無,陰性
37907,40-49歲,男,無,陰性
37908,30-39歲,男,二級,陽性
37909,40-49歲,男,無,陰性
37910,40-49歲,男,無,陰性
37911,20-29歲,男,無,陰性
37912,50-59歲,男,無,陰性
37913,60歲以上,男,無,陰性
37914,30-39歲,男,無,陰性
37915,50-59歲,男,無,陰性
37916,20-29歲,男,一級,陽性
37917,20-29歲,男,三級,陽性
37918,50-59歲,男,無,陰性
37919,50-59歲,男,無,陰性
37920,50-59歲,男,無,陰性
37921,50-59歲,男,無,陰性
37922,20-29歲,女,無,陰性
37923,50-59歲,男,無,陰性
37924,50-59歲,男,無,陰性
37925,20-29歲,女,二級,陽性
37926,40-49歲,男,無,陰性
37927,40-49歲,男,無,陰性
37928,40-49歲,男,無,陰性
37929,40-49歲,男,無,陰性
37930,60歲以上,男,二級,陽性
37931,50-59歲,女,無,陰性
37932,60歲以上,男,無,陰性
37933,50-59歲,男,無,陰性
37934,50-59歲,男,無,陰性
37935,20-29歲,男,無,陰性
37936,40-49歲,男,無,陰性
37937,60歲以上,女,無,陰性
37938,20-29歲,男,無,陰性
37939,20-29歲,男,無,陰性
37940,50-59歲,男,無,陰性
37941,40-49歲,男,無,陰性
37942,20-29歲,男,三級,陽性
37943,50-59歲,男,無,陰性
37944,40-49歲,男,一級,陽性
37945,20-29歲,男,無,陰性
37946,30-39歲,男,無,陰性
37947,50-59歲,男,無,陰性
37948,50-59歲,男,無,陰性
37949,50-59歲,男,無,陰性
37950,30-39歲,男,無,陰性
37951,50-59歲,男,二級,陽性
37952,50-59歲,女,無,陰性
37953,40-49歲,男,無,陰性
37954,40-49歲,男,無,陰性
37955,40-49歲,女,無,陰性
37956,40-49歲,男,二級,陽性
37957,40-49歲,男,無,陰性
37958,60歲以上,男,無,陰性
37959,40-49歲,男,無,陰性
37960,60歲以上,男,無,陰性
37961,50-59歲,男,二級,陽性
37962,30-39歲,男,無,陰性
37963,40-49歲,男,無,陰性
37964,50-59歲,男,無,陰性
37965,30-39歲,男,無,陰性
37966,40-49歲,男,無,陰性
37967,40-49歲,男,無,陰性
37968,40-49歲,男,無,陰性
37969,50-59歲,男,一級,陽性
37970,30-39歲,男,無,陰性
37971,40-49歲,男,一級,陽性
37972,40-49歲,女,無,陰性
37973,20-29歲,男,無,陰性
37974,40-49歲,男,三級,陽性
37975,50-59歲,男,二級,陽性
37976,19歲以下,男,無,陰性
37977,40-49歲,男,三級,陽性
37978,50-59歲,男,無,陰性
37979,50-59歲,男,無,陰性
37980,50-59歲,男,二級,陽性
37981,40-49歲,男,無,陰性
37982,30-39歲,女,無,陰性
37983,40-49歲,男,無,陰性
37984,40-49歲,男,無,陰性
37985,50-59歲,男,二級,陽性
37986,30-39歲,女,無,陰性
37987,50-59歲,男,無,陰性
37988,60歲以上,女,無,陰性
37989,30-39歲,男,無,陰性
37990,20-29歲,女,無,陰性
37991,30-39歲,女,無,陰性
37992,40-49歲,女,二級,陽性
37993,30-39歲,男,無,陰性
37994,50-59歲,男,二級,陽性
37995,50-59歲,男,無,陰性
37996,40-49歲,男,無,陰性
37997,50-59歲,男,無,陰性
37998,30-39歲,男,無,陰性
37999,50-59歲,男,無,陰性
38000,40-49歲,男,無,陰性
38001,60歲以上,男,無,陰性
38002,40-49歲,男,三級,陽性
38003,30-39歲,男,無,陰性
38004,50-59歲,女,二級,陽性
38005,30-39歲,男,二級,陽性
38006,40-49歲,男,一級,陽性
38007,30-39歲,男,無,陰性
38008,50-59歲,男,二級,陽性
38009,50-59歲,女,無,陰性
38010,40-49歲,男,無,陰性
38011,40-49歲,男,無,陰性
38012,50-59歲,男,一級,陽性
38013,40-49歲,男,無,陰性
38014,50-59歲,男,無,陰性
38015,40-49歲,男,無,陰性
38016,20-29歲,男,無,陰性
38017,19歲以下,男,無,陰性
38018,60歲以上,女,三級,陽性
38019,20-29歲,男,無,陰性
38020,40-49歲,男,二級,陽性
38021,30-39歲,男,三級,陽性
38022,40-49歲,男,無,陰性
38023,50-59歲,男,無,陰性
38024,40-49歲,男,無,陰性
38025,50-59歲,女,無,陰性
38026,60歲以上,男,二級,陽性
38027,40-49歲,男,無,陰性
38028,19歲以下,女,無,陰性
38029,20-29歲,男,無,陰性
38030,30-39歲,男,無,陰性
38031,60歲以上,男,無,陰性
38032,20-29歲,男,二級,陽性
38033,40-49歲,男,無,陰性
38034,50-59歲,男,無,陰性
38035,40-49歲,男,無,陰性
38036,60歲以上,男,無,陰性
38037,40-49歲,男,無,陰性
38038,30-39歲,男,無,陰性
38039,40-49歲,男,二級,陽性
38040,30-39歲,男,無,陰性
38041,50-59歲,男,無,陰性
38042,40-49歲,男,無,陰性
38043,20-29歲,男,二級,陽性
38044,50-59歲,男,二級,陽性
38045,20-29歲,女,二級,陽性
38046,40-49歲,男,二級,陽性
38047,60歲以上,女,無,陰性
38048,20-29歲,男,無,陰性
38049,50-59歲,男,無,陰性
38050,40-49歲,男,無,陰性
38051,40-49歲,男,無,陰性
38052,50-59歲,男,無,陰性
38053,60歲以上,男,無,陰性
38054,30-39歲,男,無,陰性
38055,60歲以上,男,二級,陽性
38056,40-49歲,男,無,陰性
38057,40-49歲,男,二級,陽性
38058,50-59歲,男,無,陰性
38059,30-39歲,男,無,陰性
38060,20-29歲,男,無,陰性
38061,30-39歲,女,無,陰性
38062,50-59歲,男,無,陰性
38063,20-29歲,男,無,陰性
38064,40-49歲,男,無,陰性
38065,30-39歲,男,無,陰性
38066,50-59歲,男,無,陰性
38067,40-49歲,男,無,陰性
38068,40-49歲,女,無,陰性
38069,40-49歲,男,無,陰性
38070,50-59歲,男,一級,陽性
38071,50-59歲,男,無,陰性
38072,40-49歲,男,無,陰性
38073,40-49歲,女,無,陰性
38074,40-49歲,男,無,陰性
38075,50-59歲,男,二級,陽性
38076,20-29歲,男,無,陰性
38077,40-49歲,男,無,陰性
38078,50-59歲,男,無,陰性
38079,40-49歲,男,無,陰性
38080,30-39歲,男,無,陰性
38081,40-49歲,女,二級,陽性
38082,40-49歲,男,無,陰性
38083,20-29歲,女,無,陰性
38084,40-49歲,男,二級,陽性
38085,60歲以上,男,無,陰性
38086,50-59歲,男,二級,陽性
38087,50-59歲,男,無,陰性
38088,40-49歲,男,無,陰性
38089,40-49歲,男,無,陰性
38090,40-49歲,女,二級,陽性
38091,60歲以上,男,無,陰性
38092,40-49歲,男,無,陰性
38093,19歲以下,男,無,陰性
38094,40-49歲,男,無,陰性
38095,40-49歲,男,無,陰性
38096,30-39歲,男,無,陰性
38097,40-49歲,男,無,陰性
38098,30-39歲,男,無,陰性
38099,20-29歲,男,無,陰性
38100,30-39歲,女,無,陰性
38101,40-49歲,男,無,陰性
38102,40-49歲,男,無,陰性
38103,40-49歲,男,二級,陽性
38104,50-59歲,男,無,陰性
38105,40-49歲,女,無,陰性
38106,30-39歲,男,無,陰性
38107,50-59歲,男,二級,陽性
38108,50-59歲,男,無,陰性
38109,40-49歲,男,二級,陽性
38110,50-59歲,男,無,陰性
38111,30-39歲,男,無,陰性
38112,50-59歲,男,無,陰性
38113,40-49歲,男,二級,陽性
38114,40-49歲,男,無,陰性
38115,50-59歲,男,無,陰性
38116,40-49歲,男,無,陰性
38117,40-49歲,男,無,陰性
38118,60歲以上,男,無,陰性
38119,50-59歲,男,無,陰性
38120,20-29歲,男,三級,陽性
38121,60歲以上,男,無,陰性
38122,60歲以上,男,無,陰性
38123,40-49歲,男,無,陰性
38124,30-39歲,男,無,陰性
38125,50-59歲,男,無,陰性
38126,40-49歲,男,二級,陽性
38127,40-49歲,男,二級,陽性
38128,30-39歲,男,無,陰性
38129,50-59歲,男,無,陰性
38130,20-29歲,男,無,陰性
38131,19歲以下,男,無,陰性
38132,19歲以下,男,二級,陽性
38133,20-29歲,男,無,陰性
38134,40-49歲,女,無,陰性
38135,60歲以上,男,無,陰性
38136,40-49歲,女,無,陰性
38137,40-49歲,男,二級,陽性
38138,50-59歲,男,無,陰性
38139,40-49歲,男,無,陰性
38140,20-29歲,男,三級,陽性
38141,40-49歲,女,一級,陽性
38142,50-59歲,男,無,陰性
38143,40-49歲,女,二級,陽性
38144,40-49歲,男,無,陰性
38145,30-39歲,男,無,陰性
38146,40-49歲,男,無,陰性
38147,50-59歲,女,無,陰性
38148,50-59歲,男,無,陰性
38149,40-49歲,男,無,陰性
38150,50-59歲,男,二級,陽性
38151,40-49歲,男,無,陰性
38152,50-59歲,男,二級,陽性
38153,50-59歲,男,無,陰性
38154,30-39歲,男,無,陰性
38155,30-39歲,男,無,陰性
38156,30-39歲,女,無,陰性
38157,50-59歲,男,無,陰性
38158,20-29歲,男,無,陰性
38159,40-49歲,男,無,陰性
38160,40-49歲,女,無,陰性
38161,60歲以上,男,無,陰性
38162,30-39歲,女,無,陰性
38163,50-59歲,男,無,陰性
38164,40-49歲,女,二級,陽性
38165,40-49歲,男,無,陰性
38166,30-39歲,男,無,陰性
38167,40-49歲,男,無,陰性
38168,40-49歲,男,無,陰性
38169,40-49歲,女,無,陰性
38170,40-49歲,男,無,陰性
38171,40-49歲,男,二級,陽性
38172,20-29歲,男,二級,陽性
38173,20-29歲,男,無,陰性
38174,40-49歲,男,一級,陽性
38175,20-29歲,男,無,陰性
38176,60歲以上,男,無,陰性
38177,60歲以上,男,無,陰性
38178,40-49歲,男,三級,陽性
38179,30-39歲,男,無,陰性
38180,50-59歲,男,二級,陽性
38181,50-59歲,女,二級,陽性
38182,50-59歲,男,無,陰性
38183,50-59歲,男,無,陰性
38184,50-59歲,女,三級,陽性
38185,30-39歲,男,三級,陽性
38186,50-59歲,男,無,陰性
38187,50-59歲,男,無,陰性
38188,50-59歲,男,無,陰性
38189,50-59歲,男,二級,陽性
38190,50-59歲,男,無,陰性
38191,60歲以上,女,無,陰性
38192,20-29歲,女,三級,陽性
38193,40-49歲,男,無,陰性
38194,40-49歲,女,無,陰性
38195,40-49歲,男,二級,陽性
38196,50-59歲,男,二級,陽性
38197,40-49歲,男,無,陰性
38198,60歲以上,男,無,陰性
38199,40-49歲,男,無,陰性
38200,50-59歲,男,無,陰性
38201,30-39歲,男,無,陰性
38202,60歲以上,女,無,陰性
38203,60歲以上,男,無,陰性
38204,40-49歲,男,無,陰性
38205,30-39歲,男,無,陰性
38206,40-49歲,男,二級,陽性
38207,40-49歲,女,二級,陽性
38208,20-29歲,男,二級,陽性
38209,20-29歲,女,無,陰性
38210,40-49歲,女,無,陰性
38211,40-49歲,男,無,陰性
38212,40-49歲,女,無,陰性
38213,50-59歲,男,無,陰性
38214,60歲以上,男,無,陰性
38215,40-49歲,男,二級,陽性
38216,50-59歲,男,二級,陽性
38217,50-59歲,男,二級,陽性
38218,50-59歲,男,無,陰性
38219,50-59歲,男,無,陰性
38220,40-49歲,男,無,陰性
38221,30-39歲,男,無,陰性
38222,50-59歲,男,無,陰性
38223,50-59歲,男,無,陰性
38224,40-49歲,男,二級,陽性
38225,40-49歲,男,無,陰性
38226,30-39歲,男,二級,陽性
38227,30-39歲,男,無,陰性
38228,40-49歲,男,無,陰性
38229,50-59歲,男,三級,陽性
38230,50-59歲,女,無,陰性
38231,40-49歲,男,無,陰性
38232,50-59歲,男,二級,陽性
38233,40-49歲,男,一級,陽性
38234,60歲以上,男,二級,陽性
38235,30-39歲,男,無,陰性
38236,40-49歲,男,無,陰性
38237,20-29歲,男,無,陰性
38238,40-49歲,男,無,陰性
38239,20-29歲,男,無,陰性
38240,50-59歲,男,二級,陽性
38241,60歲以上,男,無,陰性
38242,40-49歲,女,無,陰性
38243,40-49歲,女,無,陰性
38244,30-39歲,男,無,陰性
38245,50-59歲,男,無,陰性
38246,30-39歲,男,無,陰性
38247,40-49歲,男,三級,陽性
38248,40-49歲,男,二級,陽性
38249,30-39歲,男,無,陰性
38250,40-49歲,男,無,陰性
38251,50-59歲,男,無,陰性
38252,50-59歲,男,一級,陽性
38253,40-49歲,男,無,陰性
38254,20-29歲,男,二級,陽性
38255,50-59歲,男,無,陰性
38256,20-29歲,男,無,陰性
38257,40-49歲,男,二級,陽性
38258,40-49歲,男,二級,陽性
38259,20-29歲,男,無,陰性
38260,40-49歲,男,無,陰性
38261,40-49歲,女,二級,陽性
38262,50-59歲,女,無,陰性
38263,30-39歲,男,無,陰性
38264,40-49歲,男,無,陰性
38265,40-49歲,女,無,陰性
38266,30-39歲,男,無,陰性
38267,50-59歲,男,無,陰性
38268,60歲以上,男,無,陰性
38269,30-39歲,男,無,陰性
38270,30-39歲,男,無,陰性
38271,40-49歲,男,無,陰性
38272,40-49歲,男,三級,陽性
38273,40-49歲,男,無,陰性
38274,40-49歲,女,三級,陽性
38275,50-59歲,男,無,陰性
38276,50-59歲,男,無,陰性
38277,50-59歲,男,無,陰性
38278,40-49歲,男,無,陰性
38279,40-49歲,男,無,陰性
38280,50-59歲,男,無,陰性
38281,20-29歲,男,無,陰性
38282,50-59歲,男,無,陰性
38283,50-59歲,男,三級,陽性
38284,30-39歲,男,二級,陽性
38285,50-59歲,男,無,陰性
38286,50-59歲,男,二級,陽性
38287,40-49歲,女,無,陰性
38288,60歲以上,女,無,陰性
38289,40-49歲,男,無,陰性
38290,40-49歲,男,無,陰性
38291,50-59歲,男,無,陰性
38292,60歲以上,男,無,陰性
38293,40-49歲,男,無,陰性
38294,50-59歲,男,無,陰性
38295,50-59歲,男,無,陰性
38296,40-49歲,男,無,陰性
38297,60歲以上,男,無,陰性
38298,50-59歲,男,無,陰性
38299,50-59歲,男,無,陰性
38300,40-49歲,男,二級,陽性
38301,50-59歲,男,無,陰性
38302,40-49歲,男,無,陰性
38303,40-49歲,男,無,陰性
38304,40-49歲,男,二級,陽性
38305,40-49歲,男,一級,陽性
38306,20-29歲,女,二級,陽性
38307,30-39歲,男,三級,陽性
38308,60歲以上,男,二級,陽性
38309,30-39歲,男,無,陰性
38310,40-49歲,男,無,陰性
38311,50-59歲,男,無,陰性
38312,20-29歲,女,無,陰性
38313,20-29歲,男,一級,陽性
38314,40-49歲,男,二級,陽性
38315,30-39歲,男,無,陰性
38316,30-39歲,男,二級,陽性
38317,50-59歲,女,無,陰性
38318,30-39歲,男,無,陰性
38319,60歲以上,男,二級,陽性
38320,30-39歲,男,一級,陽性
38321,40-49歲,男,二級,陽性
38322,40-49歲,男,無,陰性
38323,50-59歲,女,無,陰性
38324,50-59歲,女,無,陰性
38325,50-59歲,男,無,陰性
38326,40-49歲,女,無,陰性
38327,40-49歲,男,無,陰性
38328,20-29歲,男,無,陰性
38329,20-29歲,男,無,陰性
38330,60歲以上,男,三級,陽性
38331,50-59歲,男,無,陰性
38332,40-49歲,男,無,陰性
38333,20-29歲,女,二級,陽性
38334,40-49歲,男,無,陰性
38335,50-59歲,男,二級,陽性
38336,40-49歲,女,無,陰性
38337,40-49歲,女,無,陰性
38338,60歲以上,男,無,陰性
38339,40-49歲,男,二級,陽性
38340,50-59歲,女,無,陰性
38341,40-49歲,男,無,陰性
38342,50-59歲,男,無,陰性
38343,20-29歲,女,無,陰性
38344,40-49歲,男,無,陰性
38345,40-49歲,男,二級,陽性
38346,50-59歲,男,無,陰性
38347,30-39歲,男,無,陰性
38348,40-49歲,女,二級,陽性
38349,30-39歲,男,二級,陽性
38350,40-49歲,男,二級,陽性
38351,50-59歲,男,一級,陽性
38352,40-49歲,男,無,陰性
38353,40-49歲,男,無,陰性
38354,20-29歲,男,無,陰性
38355,20-29歲,男,無,陰性
38356,40-49歲,男,無,陰性
38357,30-39歲,男,無,陰性
38358,50-59歲,男,無,陰性
38359,30-39歲,男,無,陰性
38360,40-49歲,男,二級,陽性
38361,40-49歲,男,二級,陽性
38362,30-39歲,女,二級,陽性
38363,40-49歲,男,無,陰性
38364,19歲以下,女,二級,陽性
38365,50-59歲,女,無,陰性
38366,40-49歲,男,無,陰性
38367,30-39歲,男,無,陰性
38368,50-59歲,男,三級,陽性
38369,50-59歲,男,三級,陽性
38370,40-49歲,男,二級,陽性
38371,40-49歲,男,無,陰性
38372,19歲以下,男,無,陰性
38373,50-59歲,男,無,陰性
38374,19歲以下,男,無,陰性
38375,40-49歲,男,無,陰性
38376,20-29歲,男,無,陰性
38377,50-59歲,男,無,陰性
38378,60歲以上,女,無,陰性
38379,50-59歲,男,無,陰性
38380,20-29歲,男,無,陰性
38381,30-39歲,男,無,陰性
38382,40-49歲,女,二級,陽性
38383,50-59歲,男,無,陰性
38384,50-59歲,男,二級,陽性
38385,50-59歲,男,無,陰性
38386,50-59歲,男,無,陰性
38387,20-29歲,女,無,陰性
38388,40-49歲,女,無,陰性
38389,40-49歲,男,無,陰性
38390,40-49歲,女,無,陰性
38391,19歲以下,女,二級,陽性
38392,40-49歲,女,二級,陽性
38393,20-29歲,女,無,陰性
38394,50-59歲,女,無,陰性
38395,60歲以上,女,無,陰性
38396,20-29歲,男,二級,陽性
38397,40-49歲,男,一級,陽性
38398,50-59歲,男,無,陰性
38399,30-39歲,男,無,陰性
38400,50-59歲,男,二級,陽性
38401,40-49歲,男,二級,陽性
38402,50-59歲,男,無,陰性
38403,40-49歲,男,無,陰性
38404,50-59歲,男,無,陰性
38405,40-49歲,男,無,陰性
38406,50-59歲,男,無,陰性
38407,50-59歲,女,無,陰性
38408,20-29歲,女,無,陰性
38409,40-49歲,男,無,陰性
38410,30-39歲,男,無,陰性
38411,50-59歲,男,無,陰性
38412,40-49歲,男,二級,陽性
38413,20-29歲,男,無,陰性
38414,30-39歲,男,無,陰性
38415,40-49歲,男,二級,陽性
38416,50-59歲,男,無,陰性
38417,40-49歲,男,無,陰性
38418,40-49歲,男,無,陰性
38419,40-49歲,女,無,陰性
38420,40-49歲,男,無,陰性
38421,50-59歲,男,無,陰性
38422,50-59歲,女,無,陰性
38423,40-49歲,男,無,陰性
38424,40-49歲,男,三級,陽性
38425,20-29歲,男,無,陰性
38426,40-49歲,女,無,陰性
38427,30-39歲,男,無,陰性
38428,40-49歲,男,無,陰性
38429,40-49歲,男,無,陰性
38430,40-49歲,女,無,陰性
38431,20-29歲,男,無,陰性
38432,40-49歲,女,無,陰性
38433,40-49歲,男,無,陰性
38434,40-49歲,男,三級,陽性
38435,60歲以上,男,無,陰性
38436,40-49歲,男,無,陰性
38437,30-39歲,女,無,陰性
38438,60歲以上,男,無,陰性
38439,50-59歲,女,無,陰性
38440,30-39歲,女,一級,陽性
38441,60歲以上,男,三級,陽性
38442,50-59歲,男,無,陰性
38443,40-49歲,男,無,陰性
38444,40-49歲,男,無,陰性
38445,50-59歲,男,無,陰性
38446,20-29歲,男,一級,陽性
38447,40-49歲,女,無,陰性
38448,30-39歲,男,無,陰性
38449,40-49歲,男,無,陰性
38450,40-49歲,男,無,陰性
38451,50-59歲,男,無,陰性
38452,40-49歲,男,無,陰性
38453,50-59歲,男,無,陰性
38454,40-49歲,男,無,陰性
38455,40-49歲,男,無,陰性
38456,30-39歲,男,二級,陽性
38457,40-49歲,男,無,陰性
38458,50-59歲,男,二級,陽性
38459,40-49歲,男,無,陰性
38460,50-59歲,男,無,陰性
38461,40-49歲,男,無,陰性
38462,20-29歲,男,三級,陽性
38463,40-49歲,男,無,陰性
38464,40-49歲,男,無,陰性
38465,40-49歲,女,無,陰性
38466,40-49歲,男,無,陰性
38467,40-49歲,男,無,陰性
38468,50-59歲,男,二級,陽性
38469,40-49歲,男,無,陰性
38470,40-49歲,男,無,陰性
38471,50-59歲,男,無,陰性
38472,30-39歲,男,無,陰性
38473,30-39歲,男,無,陰性
38474,40-49歲,男,無,陰性
38475,30-39歲,男,無,陰性
38476,40-49歲,男,一級,陽性
38477,60歲以上,女,無,陰性
38478,40-49歲,男,無,陰性
38479,60歲以上,男,無,陰性
38480,50-59歲,男,無,陰性
38481,30-39歲,男,二級,陽性
38482,30-39歲,男,無,陰性
38483,20-29歲,女,一級,陽性
38484,19歲以下,男,無,陰性
38485,40-49歲,男,無,陰性
38486,20-29歲,女,無,陰性
38487,60歲以上,男,無,陰性
38488,20-29歲,女,二級,陽性
38489,30-39歲,男,無,陰性
38490,60歲以上,男,二級,陽性
38491,30-39歲,女,無,陰性
38492,50-59歲,男,無,陰性
38493,50-59歲,女,無,陰性
38494,40-49歲,男,無,陰性
38495,50-59歲,男,無,陰性
38496,50-59歲,男,二級,陽性
38497,50-59歲,男,無,陰性
38498,40-49歲,男,無,陰性
38499,20-29歲,男,無,陰性
38500,40-49歲,男,無,陰性
38501,60歲以上,男,無,陰性
38502,30-39歲,男,二級,陽性
38503,40-49歲,男,無,陰性
38504,30-39歲,男,無,陰性
38505,40-49歲,男,無,陰性
38506,60歲以上,男,無,陰性
38507,40-49歲,男,無,陰性
38508,50-59歲,男,無,陰性
38509,50-59歲,男,無,陰性
38510,30-39歲,男,二級,陽性
38511,30-39歲,男,無,陰性
38512,40-49歲,男,一級,陽性
38513,40-49歲,男,無,陰性
38514,50-59歲,男,無,陰性
38515,40-49歲,男,無,陰性
38516,50-59歲,男,無,陰性
38517,30-39歲,男,三級,陽性
38518,40-49歲,男,無,陰性
38519,50-59歲,男,無,陰性
38520,50-59歲,男,無,陰性
38521,40-49歲,女,無,陰性
38522,19歲以下,男,無,陰性
38523,60歲以上,男,無,陰性
38524,20-29歲,男,二級,陽性
38525,50-59歲,男,無,陰性
38526,20-29歲,男,無,陰性
38527,50-59歲,女,二級,陽性
38528,40-49歲,男,二級,陽性
38529,20-29歲,男,無,陰性
38530,30-39歲,男,無,陰性
38531,50-59歲,男,無,陰性
38532,40-49歲,男,無,陰性
38533,50-59歲,男,無,陰性
38534,50-59歲,男,無,陰性
38535,60歲以上,女,無,陰性
38536,50-59歲,男,二級,陽性
38537,30-39歲,男,二級,陽性
38538,50-59歲,男,無,陰性
38539,40-49歲,男,三級,陽性
38540,40-49歲,男,二級,陽性
38541,50-59歲,男,無,陰性
38542,30-39歲,男,無,陰性
38543,40-49歲,男,無,陰性
38544,40-49歲,男,無,陰性
38545,50-59歲,男,無,陰性
38546,50-59歲,男,無,陰性
38547,50-59歲,男,無,陰性
38548,50-59歲,男,二級,陽性
38549,60歲以上,男,無,陰性
38550,40-49歲,男,無,陰性
38551,50-59歲,男,無,陰性
38552,50-59歲,女,無,陰性
38553,60歲以上,女,無,陰性
38554,40-49歲,男,無,陰性
38555,40-49歲,男,無,陰性
38556,30-39歲,男,無,陰性
38557,40-49歲,女,無,陰性
38558,19歲以下,男,無,陰性
38559,30-39歲,男,無,陰性
38560,30-39歲,男,無,陰性
38561,60歲以上,男,二級,陽性
38562,20-29歲,男,無,陰性
38563,40-49歲,男,無,陰性
38564,60歲以上,男,無,陰性
38565,50-59歲,男,三級,陽性
38566,50-59歲,男,一級,陽性
38567,40-49歲,男,二級,陽性
38568,30-39歲,女,一級,陽性
38569,60歲以上,男,無,陰性
38570,60歲以上,男,無,陰性
38571,40-49歲,男,無,陰性
38572,50-59歲,女,無,陰性
38573,40-49歲,男,無,陰性
38574,40-49歲,男,無,陰性
38575,40-49歲,男,無,陰性
38576,50-59歲,男,無,陰性
38577,30-39歲,男,無,陰性
38578,60歲以上,男,二級,陽性
38579,50-59歲,男,無,陰性
38580,40-49歲,男,三級,陽性
38581,19歲以下,男,無,陰性
38582,60歲以上,男,無,陰性
38583,40-49歲,男,二級,陽性
38584,30-39歲,男,無,陰性
38585,50-59歲,男,二級,陽性
38586,30-39歲,男,無,陰性
38587,50-59歲,男,無,陰性
38588,40-49歲,男,無,陰性
38589,40-49歲,男,無,陰性
38590,40-49歲,男,無,陰性
38591,20-29歲,男,無,陰性
38592,40-49歲,男,無,陰性
38593,20-29歲,男,無,陰性
38594,30-39歲,男,無,陰性
38595,20-29歲,男,無,陰性
38596,30-39歲,女,無,陰性
38597,40-49歲,男,無,陰性
38598,60歲以上,男,無,陰性
38599,30-39歲,男,無,陰性
38600,30-39歲,女,二級,陽性
38601,60歲以上,男,無,陰性
38602,60歲以上,男,無,陰性
38603,40-49歲,男,無,陰性
38604,50-59歲,男,無,陰性
38605,30-39歲,男,無,陰性
38606,60歲以上,男,無,陰性
38607,50-59歲,男,無,陰性
38608,30-39歲,男,無,陰性
38609,40-49歲,男,無,陰性
38610,50-59歲,男,無,陰性
38611,40-49歲,男,無,陰性
38612,40-49歲,男,二級,陽性
38613,50-59歲,女,無,陰性
38614,40-49歲,男,二級,陽性
38615,30-39歲,男,無,陰性
38616,60歲以上,男,二級,陽性
38617,30-39歲,女,無,陰性
38618,40-49歲,男,無,陰性
38619,40-49歲,女,無,陰性
38620,60歲以上,男,無,陰性
38621,60歲以上,女,無,陰性
38622,40-49歲,男,無,陰性
38623,30-39歲,男,無,陰性
38624,20-29歲,男,無,陰性
38625,19歲以下,女,無,陰性
38626,40-49歲,男,無,陰性
38627,40-49歲,男,三級,陽性
38628,40-49歲,男,無,陰性
38629,20-29歲,男,無,陰性
38630,40-49歲,男,無,陰性
38631,50-59歲,男,無,陰性
38632,60歲以上,男,二級,陽性
38633,40-49歲,男,無,陰性
38634,50-59歲,男,無,陰性
38635,40-49歲,男,無,陰性
38636,40-49歲,女,無,陰性
38637,40-49歲,女,無,陰性
38638,40-49歲,男,無,陰性
38639,40-49歲,女,無,陰性
38640,40-49歲,男,無,陰性
38641,40-49歲,男,無,陰性
38642,50-59歲,男,無,陰性
38643,50-59歲,男,無,陰性
38644,60歲以上,男,無,陰性
38645,40-49歲,男,無,陰性
38646,40-49歲,男,無,陰性
38647,50-59歲,男,無,陰性
38648,30-39歲,男,無,陰性
38649,20-29歲,男,無,陰性
38650,30-39歲,男,無,陰性
38651,40-49歲,男,無,陰性
38652,50-59歲,男,無,陰性
38653,40-49歲,男,二級,陽性
38654,20-29歲,男,無,陰性
38655,40-49歲,男,無,陰性
38656,20-29歲,男,無,陰性
38657,20-29歲,女,無,陰性
38658,30-39歲,男,無,陰性
38659,40-49歲,男,無,陰性
38660,20-29歲,男,無,陰性
38661,40-49歲,男,無,陰性
38662,20-29歲,女,無,陰性
38663,40-49歲,男,無,陰性
38664,40-49歲,男,無,陰性
38665,50-59歲,男,二級,陽性
38666,40-49歲,男,無,陰性
38667,40-49歲,女,二級,陽性
38668,60歲以上,男,無,陰性
38669,40-49歲,男,無,陰性
38670,40-49歲,男,無,陰性
38671,40-49歲,女,無,陰性
38672,50-59歲,女,無,陰性
38673,50-59歲,男,無,陰性
38674,50-59歲,女,二級,陽性
38675,50-59歲,男,無,陰性
38676,30-39歲,男,無,陰性
38677,60歲以上,男,無,陰性
38678,30-39歲,男,無,陰性
38679,40-49歲,男,無,陰性
38680,50-59歲,男,無,陰性
38681,40-49歲,男,無,陰性
38682,40-49歲,男,二級,陽性
38683,40-49歲,男,無,陰性
38684,40-49歲,女,無,陰性
38685,40-49歲,男,無,陰性
38686,30-39歲,男,二級,陽性
38687,30-39歲,女,無,陰性
38688,50-59歲,女,無,陰性
38689,60歲以上,男,無,陰性
38690,40-49歲,男,無,陰性
38691,50-59歲,男,三級,陽性
38692,40-49歲,男,無,陰性
38693,50-59歲,女,無,陰性
38694,50-59歲,男,無,陰性
38695,40-49歲,男,一級,陽性
38696,40-49歲,男,無,陰性
38697,40-49歲,男,無,陰性
38698,30-39歲,男,二級,陽性
38699,20-29歲,女,無,陰性
38700,40-49歲,男,無,陰性
38701,20-29歲,男,無,陰性
38702,19歲以下,男,無,陰性
38703,60歲以上,女,無,陰性
38704,40-49歲,女,無,陰性
38705,40-49歲,女,二級,陽性
38706,60歲以上,男,無,陰性
38707,30-39歲,男,二級,陽性
38708,20-29歲,男,無,陰性
38709,20-29歲,女,無,陰性
38710,30-39歲,男,無,陰性
38711,30-39歲,男,一級,陽性
38712,50-59歲,男,無,陰性
38713,40-49歲,男,無,陰性
38714,40-49歲,男,無,陰性
38715,30-39歲,女,無,陰性
38716,30-39歲,男,無,陰性
38717,19歲以下,男,無,陰性
38718,40-49歲,男,無,陰性
38719,40-49歲,男,無,陰性
38720,40-49歲,男,一級,陽性
38721,20-29歲,男,無,陰性
38722,30-39歲,女,無,陰性
38723,40-49歲,男,無,陰性
38724,50-59歲,男,無,陰性
38725,40-49歲,男,無,陰性
38726,50-59歲,女,無,陰性
38727,40-49歲,女,無,陰性
38728,50-59歲,女,二級,陽性
38729,40-49歲,女,無,陰性
38730,40-49歲,女,無,陰性
38731,40-49歲,男,無,陰性
38732,20-29歲,男,無,陰性
38733,50-59歲,女,無,陰性
38734,50-59歲,女,無,陰性
38735,60歲以上,男,一級,陽性
38736,40-49歲,男,無,陰性
38737,50-59歲,男,無,陰性
38738,50-59歲,女,無,陰性
38739,50-59歲,男,二級,陽性
38740,50-59歲,女,二級,陽性
38741,40-49歲,男,二級,陽性
38742,50-59歲,男,三級,陽性
38743,19歲以下,女,無,陰性
38744,30-39歲,男,二級,陽性
38745,40-49歲,男,無,陰性
38746,50-59歲,男,無,陰性
38747,40-49歲,男,無,陰性
38748,30-39歲,男,無,陰性
38749,40-49歲,女,無,陰性
38750,40-49歲,男,無,陰性
38751,50-59歲,男,無,陰性
38752,20-29歲,男,無,陰性
38753,40-49歲,男,無,陰性
38754,50-59歲,男,無,陰性
38755,50-59歲,男,無,陰性
38756,30-39歲,男,無,陰性
38757,40-49歲,男,二級,陽性
38758,60歲以上,男,二級,陽性
38759,50-59歲,男,無,陰性
38760,50-59歲,男,無,陰性
38761,40-49歲,男,無,陰性
38762,40-49歲,男,無,陰性
38763,40-49歲,男,無,陰性
38764,30-39歲,男,無,陰性
38765,30-39歲,男,無,陰性
38766,20-29歲,男,無,陰性
38767,50-59歲,女,一級,陽性
38768,50-59歲,男,二級,陽性
38769,19歲以下,女,無,陰性
38770,40-49歲,男,無,陰性
38771,30-39歲,男,無,陰性
38772,60歲以上,女,無,陰性
38773,40-49歲,女,二級,陽性
38774,40-49歲,男,無,陰性
38775,30-39歲,男,無,陰性
38776,30-39歲,男,無,陰性
38777,30-39歲,男,無,陰性
38778,40-49歲,男,三級,陽性
38779,40-49歲,男,無,陰性
38780,30-39歲,男,無,陰性
38781,20-29歲,男,無,陰性
38782,40-49歲,男,無,陰性
38783,30-39歲,男,無,陰性
38784,30-39歲,男,無,陰性
38785,60歲以上,男,無,陰性
38786,30-39歲,男,無,陰性
38787,20-29歲,男,二級,陽性
38788,40-49歲,男,無,陰性
38789,50-59歲,男,無,陰性
38790,30-39歲,女,無,陰性
38791,19歲以下,男,無,陰性
38792,40-49歲,男,無,陰性
38793,30-39歲,男,無,陰性
38794,50-59歲,男,無,陰性
38795,40-49歲,男,三級,陽性
38796,19歲以下,女,無,陰性
38797,20-29歲,男,無,陰性
38798,50-59歲,男,無,陰性
38799,20-29歲,男,無,陰性
38800,60歲以上,男,二級,陽性
38801,60歲以上,男,無,陰性
38802,50-59歲,男,無,陰性
38803,40-49歲,男,無,陰性
38804,19歲以下,男,二級,陽性
38805,30-39歲,男,無,陰性
38806,40-49歲,男,無,陰性
38807,60歲以上,男,無,陰性
38808,20-29歲,女,無,陰性
38809,40-49歲,女,無,陰性
38810,40-49歲,男,無,陰性
38811,40-49歲,女,無,陰性
38812,40-49歲,女,無,陰性
38813,40-49歲,男,無,陰性
38814,50-59歲,男,一級,陽性
38815,40-49歲,男,無,陰性
38816,50-59歲,男,無,陰性
38817,20-29歲,男,無,陰性
38818,40-49歲,男,三級,陽性
38819,30-39歲,男,無,陰性
38820,40-49歲,男,無,陰性
38821,50-59歲,男,無,陰性
38822,50-59歲,女,無,陰性
38823,40-49歲,男,無,陰性
38824,30-39歲,男,無,陰性
38825,30-39歲,男,二級,陽性
38826,50-59歲,男,無,陰性
38827,19歲以下,男,無,陰性
38828,40-49歲,女,無,陰性
38829,40-49歲,男,無,陰性
38830,40-49歲,男,無,陰性
38831,60歲以上,男,二級,陽性
38832,50-59歲,男,無,陰性
38833,40-49歲,男,無,陰性
38834,40-49歲,女,無,陰性
38835,40-49歲,男,無,陰性
38836,50-59歲,男,無,陰性
38837,20-29歲,女,無,陰性
38838,30-39歲,男,無,陰性
38839,60歲以上,男,無,陰性
38840,30-39歲,男,二級,陽性
38841,50-59歲,男,二級,陽性
38842,50-59歲,男,無,陰性
38843,20-29歲,男,二級,陽性
38844,30-39歲,男,無,陰性
38845,50-59歲,男,無,陰性
38846,50-59歲,女,無,陰性
38847,60歲以上,女,無,陰性
38848,50-59歲,男,無,陰性
38849,60歲以上,男,無,陰性
38850,40-49歲,男,無,陰性
38851,20-29歲,男,無,陰性
38852,30-39歲,男,三級,陽性
38853,50-59歲,男,無,陰性
38854,50-59歲,男,無,陰性
38855,40-49歲,男,二級,陽性
38856,60歲以上,男,無,陰性
38857,40-49歲,男,二級,陽性
38858,60歲以上,女,無,陰性
38859,20-29歲,男,無,陰性
38860,30-39歲,男,二級,陽性
38861,60歲以上,女,三級,陽性
38862,30-39歲,男,三級,陽性
38863,40-49歲,女,無,陰性
38864,40-49歲,男,三級,陽性
38865,30-39歲,男,無,陰性
38866,60歲以上,男,三級,陽性
38867,50-59歲,男,無,陰性
38868,50-59歲,男,無,陰性
38869,40-49歲,男,無,陰性
38870,50-59歲,女,一級,陽性
38871,60歲以上,女,無,陰性
38872,50-59歲,男,無,陰性
38873,30-39歲,男,二級,陽性
38874,19歲以下,男,三級,陽性
38875,60歲以上,男,無,陰性
38876,60歲以上,女,無,陰性
38877,20-29歲,男,無,陰性
38878,40-49歲,男,無,陰性
38879,60歲以上,男,無,陰性
38880,60歲以上,男,無,陰性
38881,40-49歲,男,無,陰性
38882,50-59歲,男,無,陰性
38883,40-49歲,女,三級,陽性
38884,50-59歲,女,無,陰性
38885,50-59歲,男,無,陰性
38886,60歲以上,女,無,陰性
38887,50-59歲,男,二級,陽性
38888,30-39歲,男,無,陰性
38889,50-59歲,女,二級,陽性
38890,30-39歲,男,無,陰性
38891,40-49歲,男,無,陰性
38892,40-49歲,男,二級,陽性
38893,40-49歲,男,無,陰性
38894,60歲以上,男,二級,陽性
38895,50-59歲,男,無,陰性
38896,50-59歲,男,無,陰性
38897,30-39歲,男,無,陰性
38898,19歲以下,男,無,陰性
38899,50-59歲,男,三級,陽性
38900,60歲以上,男,無,陰性
38901,40-49歲,男,無,陰性
38902,40-49歲,男,無,陰性
38903,40-49歲,男,無,陰性
38904,40-49歲,男,二級,陽性
38905,40-49歲,男,二級,陽性
38906,50-59歲,男,三級,陽性
38907,50-59歲,女,二級,陽性
38908,40-49歲,女,無,陰性
38909,30-39歲,男,無,陰性
38910,50-59歲,女,無,陰性
38911,60歲以上,男,無,陰性
38912,40-49歲,男,一級,陽性
38913,50-59歲,女,無,陰性
38914,40-49歲,男,無,陰性
38915,60歲以上,女,無,陰性
38916,40-49歲,女,無,陰性
38917,40-49歲,男,無,陰性
38918,40-49歲,男,無,陰性
38919,30-39歲,男,無,陰性
38920,30-39歲,男,無,陰性
38921,40-49歲,男,無,陰性
38922,40-49歲,男,無,陰性
38923,20-29歲,女,三級,陽性
38924,50-59歲,女,無,陰性
38925,50-59歲,男,無,陰性
38926,40-49歲,男,二級,陽性
38927,60歲以上,男,無,陰性
38928,50-59歲,女,二級,陽性
38929,30-39歲,男,無,陰性
38930,60歲以上,男,無,陰性
38931,50-59歲,男,無,陰性
38932,50-59歲,男,無,陰性
38933,40-49歲,男,無,陰性
38934,20-29歲,男,無,陰性
38935,40-49歲,女,無,陰性
38936,50-59歲,男,無,陰性
38937,40-49歲,女,無,陰性
38938,30-39歲,男,無,陰性
38939,50-59歲,男,無,陰性
38940,50-59歲,女,無,陰性
38941,50-59歲,男,無,陰性
38942,30-39歲,女,二級,陽性
38943,60歲以上,男,無,陰性
38944,40-49歲,女,無,陰性
38945,30-39歲,男,無,陰性
38946,30-39歲,男,二級,陽性
38947,60歲以上,男,無,陰性
38948,50-59歲,男,三級,陽性
38949,19歲以下,男,二級,陽性
38950,40-49歲,男,無,陰性
38951,60歲以上,男,一級,陽性
38952,30-39歲,男,無,陰性
38953,40-49歲,女,無,陰性
38954,20-29歲,男,二級,陽性
38955,50-59歲,男,無,陰性
38956,40-49歲,男,三級,陽性
38957,40-49歲,男,無,陰性
38958,40-49歲,男,無,陰性
38959,30-39歲,男,無,陰性
38960,50-59歲,男,無,陰性
38961,20-29歲,男,無,陰性
38962,40-49歲,女,無,陰性
38963,50-59歲,男,無,陰性
38964,50-59歲,男,無,陰性
38965,60歲以上,男,無,陰性
38966,50-59歲,女,無,陰性
38967,30-39歲,男,無,陰性
38968,20-29歲,男,二級,陽性
38969,20-29歲,男,無,陰性
38970,50-59歲,女,無,陰性
38971,40-49歲,男,二級,陽性
38972,60歲以上,男,無,陰性
38973,40-49歲,男,二級,陽性
38974,30-39歲,男,無,陰性
38975,30-39歲,男,無,陰性
38976,40-49歲,男,無,陰性
38977,20-29歲,女,二級,陽性
38978,40-49歲,男,無,陰性
38979,60歲以上,男,無,陰性
38980,50-59歲,男,無,陰性
38981,60歲以上,男,無,陰性
38982,40-49歲,男,無,陰性
38983,30-39歲,男,二級,陽性
38984,20-29歲,男,無,陰性
38985,50-59歲,女,無,陰性
38986,50-59歲,男,一級,陽性
38987,40-49歲,男,無,陰性
38988,30-39歲,男,無,陰性
38989,19歲以下,女,無,陰性
38990,40-49歲,男,無,陰性
38991,40-49歲,男,無,陰性
38992,50-59歲,男,無,陰性
38993,50-59歲,男,無,陰性
38994,60歲以上,男,無,陰性
38995,40-49歲,男,無,陰性
38996,40-49歲,男,二級,陽性
38997,50-59歲,男,無,陰性
38998,40-49歲,女,無,陰性
38999,40-49歲,女,二級,陽性
39000,40-49歲,女,無,陰性
39001,50-59歲,男,無,陰性
39002,50-59歲,男,二級,陽性
39003,50-59歲,男,無,陰性
39004,40-49歲,男,無,陰性
39005,50-59歲,男,無,陰性
39006,40-49歲,女,無,陰性
39007,30-39歲,男,二級,陽性
39008,40-49歲,女,無,陰性
39009,40-49歲,女,二級,陽性
39010,20-29歲,男,無,陰性
39011,20-29歲,男,三級,陽性
39012,20-29歲,男,二級,陽性
39013,50-59歲,男,無,陰性
39014,40-49歲,男,無,陰性
39015,60歲以上,女,無,陰性
39016,20-29歲,女,三級,陽性
39017,30-39歲,男,無,陰性
39018,40-49歲,男,無,陰性
39019,40-49歲,男,無,陰性
39020,50-59歲,女,無,陰性
39021,60歲以上,女,無,陰性
39022,20-29歲,男,無,陰性
39023,50-59歲,男,無,陰性
39024,30-39歲,男,三級,陽性
39025,40-49歲,男,無,陰性
39026,20-29歲,男,無,陰性
39027,30-39歲,男,無,陰性
39028,50-59歲,女,二級,陽性
39029,40-49歲,男,無,陰性
39030,20-29歲,男,無,陰性
39031,40-49歲,男,無,陰性
39032,50-59歲,女,三級,陽性
39033,40-49歲,男,無,陰性
39034,30-39歲,男,無,陰性
39035,60歲以上,男,無,陰性
39036,40-49歲,男,無,陰性
39037,40-49歲,男,無,陰性
39038,30-39歲,男,無,陰性
39039,50-59歲,女,無,陰性
39040,20-29歲,男,無,陰性
39041,50-59歲,女,無,陰性
39042,20-29歲,男,無,陰性
39043,40-49歲,男,無,陰性
39044,30-39歲,男,二級,陽性
39045,40-49歲,男,無,陰性
39046,50-59歲,男,無,陰性
39047,30-39歲,女,三級,陽性
39048,40-49歲,男,無,陰性
39049,40-49歲,男,無,陰性
39050,30-39歲,男,無,陰性
39051,19歲以下,男,無,陰性
39052,60歲以上,男,無,陰性
39053,30-39歲,男,無,陰性
39054,40-49歲,男,無,陰性
39055,40-49歲,男,無,陰性
39056,50-59歲,男,三級,陽性
39057,40-49歲,男,無,陰性
39058,30-39歲,男,無,陰性
39059,50-59歲,男,無,陰性
39060,30-39歲,男,無,陰性
39061,40-49歲,女,無,陰性
39062,20-29歲,男,無,陰性
39063,30-39歲,男,二級,陽性
39064,19歲以下,男,無,陰性
39065,50-59歲,男,無,陰性
39066,50-59歲,男,無,陰性
39067,20-29歲,男,無,陰性
39068,40-49歲,男,無,陰性
39069,20-29歲,男,二級,陽性
39070,60歲以上,女,二級,陽性
39071,50-59歲,男,二級,陽性
39072,40-49歲,男,無,陰性
39073,60歲以上,女,無,陰性
39074,30-39歲,女,無,陰性
39075,40-49歲,男,無,陰性
39076,50-59歲,男,無,陰性
39077,40-49歲,男,二級,陽性
39078,40-49歲,男,二級,陽性
39079,40-49歲,男,無,陰性
39080,50-59歲,男,無,陰性
39081,20-29歲,男,二級,陽性
39082,40-49歲,男,無,陰性
39083,30-39歲,男,無,陰性
39084,40-49歲,男,無,陰性
39085,40-49歲,男,無,陰性
39086,50-59歲,男,無,陰性
39087,40-49歲,男,無,陰性
39088,40-49歲,男,無,陰性
39089,20-29歲,女,無,陰性
39090,50-59歲,男,二級,陽性
39091,50-59歲,女,無,陰性
39092,50-59歲,女,無,陰性
39093,50-59歲,男,無,陰性
39094,40-49歲,女,無,陰性
39095,50-59歲,男,無,陰性
39096,19歲以下,女,無,陰性
39097,60歲以上,女,二級,陽性
39098,30-39歲,男,無,陰性
39099,40-49歲,男,無,陰性
39100,20-29歲,男,無,陰性
39101,50-59歲,男,無,陰性
39102,50-59歲,男,無,陰性
39103,40-49歲,女,無,陰性
39104,30-39歲,男,無,陰性
39105,40-49歲,男,無,陰性
39106,50-59歲,男,無,陰性
39107,30-39歲,男,無,陰性
39108,50-59歲,女,三級,陽性
39109,50-59歲,女,無,陰性
39110,50-59歲,男,一級,陽性
39111,30-39歲,男,無,陰性
39112,40-49歲,男,無,陰性
39113,19歲以下,男,二級,陽性
39114,50-59歲,男,無,陰性
39115,40-49歲,男,無,陰性
39116,30-39歲,男,無,陰性
39117,50-59歲,男,無,陰性
39118,60歲以上,男,無,陰性
39119,50-59歲,男,無,陰性
39120,40-49歲,男,無,陰性
39121,30-39歲,男,二級,陽性
39122,40-49歲,男,無,陰性
39123,40-49歲,男,無,陰性
39124,40-49歲,男,無,陰性
39125,30-39歲,女,一級,陽性
39126,40-49歲,女,二級,陽性
39127,40-49歲,女,二級,陽性
39128,40-49歲,男,無,陰性
39129,40-49歲,男,二級,陽性
39130,40-49歲,男,無,陰性
39131,50-59歲,男,無,陰性
39132,30-39歲,女,三級,陽性
39133,50-59歲,男,無,陰性
39134,40-49歲,男,無,陰性
39135,40-49歲,男,二級,陽性
39136,40-49歲,女,無,陰性
39137,30-39歲,女,二級,陽性
39138,40-49歲,男,無,陰性
39139,60歲以上,男,無,陰性
39140,40-49歲,男,無,陰性
39141,30-39歲,男,無,陰性
39142,50-59歲,男,三級,陽性
39143,50-59歲,女,無,陰性
39144,40-49歲,男,無,陰性
39145,30-39歲,男,無,陰性
39146,60歲以上,女,無,陰性
39147,40-49歲,男,無,陰性
39148,40-49歲,男,無,陰性
39149,30-39歲,男,無,陰性
39150,30-39歲,男,無,陰性
39151,40-49歲,男,二級,陽性
39152,30-39歲,男,無,陰性
39153,60歲以上,男,無,陰性
39154,30-39歲,男,無,陰性
39155,40-49歲,男,二級,陽性
39156,40-49歲,男,無,陰性
39157,40-49歲,女,無,陰性
39158,20-29歲,男,無,陰性
39159,20-29歲,男,無,陰性
39160,40-49歲,男,二級,陽性
39161,60歲以上,男,無,陰性
39162,50-59歲,女,無,陰性
39163,40-49歲,男,無,陰性
39164,40-49歲,男,無,陰性
39165,30-39歲,男,無,陰性
39166,20-29歲,男,無,陰性
39167,60歲以上,男,二級,陽性
39168,19歲以下,男,無,陰性
39169,30-39歲,女,無,陰性
39170,40-49歲,男,無,陰性
39171,30-39歲,男,三級,陽性
39172,40-49歲,女,無,陰性
39173,50-59歲,男,無,陰性
39174,60歲以上,男,無,陰性
39175,40-49歲,男,一級,陽性
39176,40-49歲,男,二級,陽性
39177,40-49歲,男,無,陰性
39178,20-29歲,女,無,陰性
39179,50-59歲,男,無,陰性
39180,40-49歲,男,無,陰性
39181,30-39歲,男,無,陰性
39182,40-49歲,男,無,陰性
39183,30-39歲,女,無,陰性
39184,50-59歲,男,無,陰性
39185,40-49歲,男,無,陰性
39186,60歲以上,男,無,陰性
39187,20-29歲,男,無,陰性
39188,40-49歲,男,無,陰性
39189,50-59歲,女,無,陰性
39190,50-59歲,男,無,陰性
39191,40-49歲,男,無,陰性
39192,50-59歲,男,無,陰性
39193,19歲以下,男,無,陰性
39194,30-39歲,男,無,陰性
39195,30-39歲,男,一級,陽性
39196,40-49歲,女,無,陰性
39197,60歲以上,男,無,陰性
39198,40-49歲,男,一級,陽性
39199,60歲以上,男,無,陰性
39200,20-29歲,男,無,陰性
39201,40-49歲,男,無,陰性
39202,40-49歲,男,無,陰性
39203,50-59歲,男,無,陰性
39204,50-59歲,男,三級,陽性
39205,20-29歲,男,二級,陽性
39206,20-29歲,男,無,陰性
39207,50-59歲,男,無,陰性
39208,50-59歲,女,無,陰性
39209,40-49歲,男,無,陰性
39210,40-49歲,男,二級,陽性
39211,60歲以上,男,無,陰性
39212,50-59歲,男,二級,陽性
39213,30-39歲,男,無,陰性
39214,40-49歲,男,無,陰性
39215,50-59歲,男,無,陰性
39216,40-49歲,男,無,陰性
39217,40-49歲,女,一級,陽性
39218,50-59歲,男,無,陰性
39219,60歲以上,女,無,陰性
39220,30-39歲,女,二級,陽性
39221,40-49歲,男,無,陰性
39222,40-49歲,男,二級,陽性
39223,30-39歲,男,無,陰性
39224,40-49歲,男,無,陰性
39225,40-49歲,男,無,陰性
39226,40-49歲,男,無,陰性
39227,50-59歲,男,無,陰性
39228,50-59歲,男,無,陰性
39229,50-59歲,男,無,陰性
39230,40-49歲,男,無,陰性
39231,40-49歲,男,無,陰性
39232,40-49歲,男,無,陰性
39233,50-59歲,男,二級,陽性
39234,40-49歲,男,無,陰性
39235,50-59歲,男,無,陰性
39236,40-49歲,男,無,陰性
39237,50-59歲,男,無,陰性
39238,40-49歲,男,無,陰性
39239,50-59歲,男,無,陰性
39240,30-39歲,男,無,陰性
39241,40-49歲,男,二級,陽性
39242,40-49歲,男,無,陰性
39243,50-59歲,男,無,陰性
39244,30-39歲,男,無,陰性
39245,50-59歲,女,無,陰性
39246,50-59歲,男,二級,陽性
39247,30-39歲,男,二級,陽性
39248,40-49歲,男,二級,陽性
39249,20-29歲,男,三級,陽性
39250,40-49歲,男,無,陰性
39251,50-59歲,男,二級,陽性
39252,30-39歲,男,無,陰性
39253,19歲以下,男,無,陰性
39254,60歲以上,男,無,陰性
39255,30-39歲,男,無,陰性
39256,40-49歲,男,二級,陽性
39257,19歲以下,男,二級,陽性
39258,40-49歲,男,無,陰性
39259,40-49歲,男,無,陰性
39260,20-29歲,男,無,陰性
39261,40-49歲,女,無,陰性
39262,60歲以上,男,無,陰性
39263,50-59歲,男,無,陰性
39264,20-29歲,男,無,陰性
39265,30-39歲,男,二級,陽性
39266,40-49歲,女,無,陰性
39267,40-49歲,女,無,陰性
39268,40-49歲,男,無,陰性
39269,50-59歲,男,無,陰性
39270,50-59歲,男,無,陰性
39271,30-39歲,男,無,陰性
39272,30-39歲,男,無,陰性
39273,40-49歲,男,無,陰性
39274,20-29歲,男,無,陰性
39275,40-49歲,男,無,陰性
39276,50-59歲,男,二級,陽性
39277,50-59歲,男,二級,陽性
39278,30-39歲,男,無,陰性
39279,50-59歲,女,無,陰性
39280,30-39歲,男,無,陰性
39281,60歲以上,男,無,陰性
39282,40-49歲,男,一級,陽性
39283,20-29歲,男,無,陰性
39284,40-49歲,女,無,陰性
39285,19歲以下,男,無,陰性
39286,40-49歲,男,無,陰性
39287,50-59歲,男,無,陰性
39288,30-39歲,男,三級,陽性
39289,30-39歲,男,無,陰性
39290,40-49歲,男,二級,陽性
39291,40-49歲,男,三級,陽性
39292,40-49歲,男,無,陰性
39293,40-49歲,女,無,陰性
39294,60歲以上,男,無,陰性
39295,40-49歲,男,三級,陽性
39296,40-49歲,男,二級,陽性
39297,40-49歲,男,無,陰性
39298,40-49歲,男,無,陰性
39299,50-59歲,男,無,陰性
39300,50-59歲,男,二級,陽性
39301,40-49歲,男,無,陰性
39302,50-59歲,女,無,陰性
39303,50-59歲,男,二級,陽性
39304,40-49歲,男,無,陰性
39305,19歲以下,男,無,陰性
39306,60歲以上,男,無,陰性
39307,40-49歲,男,無,陰性
39308,40-49歲,男,無,陰性
39309,40-49歲,男,無,陰性
39310,50-59歲,男,無,陰性
39311,40-49歲,男,二級,陽性
39312,19歲以下,男,無,陰性
39313,60歲以上,男,二級,陽性
39314,30-39歲,男,二級,陽性
39315,30-39歲,女,無,陰性
39316,20-29歲,男,二級,陽性
39317,40-49歲,男,無,陰性
39318,50-59歲,男,二級,陽性
39319,30-39歲,男,無,陰性
39320,20-29歲,男,無,陰性
39321,30-39歲,男,二級,陽性
39322,30-39歲,男,無,陰性
39323,50-59歲,男,一級,陽性
39324,50-59歲,男,無,陰性
39325,60歲以上,男,無,陰性
39326,19歲以下,男,無,陰性
39327,30-39歲,男,三級,陽性
39328,19歲以下,女,無,陰性
39329,50-59歲,女,二級,陽性
39330,40-49歲,男,無,陰性
39331,40-49歲,男,無,陰性
39332,50-59歲,男,無,陰性
39333,40-49歲,男,三級,陽性
39334,50-59歲,男,無,陰性
39335,50-59歲,男,無,陰性
39336,40-49歲,男,無,陰性
39337,50-59歲,男,無,陰性
39338,50-59歲,男,三級,陽性
39339,20-29歲,男,無,陰性
39340,40-49歲,女,無,陰性
39341,50-59歲,男,無,陰性
39342,30-39歲,男,二級,陽性
39343,20-29歲,女,無,陰性
39344,60歲以上,男,無,陰性
39345,20-29歲,男,無,陰性
39346,50-59歲,女,無,陰性
39347,50-59歲,男,無,陰性
39348,50-59歲,男,無,陰性
39349,20-29歲,男,無,陰性
39350,60歲以上,男,二級,陽性
39351,40-49歲,男,無,陰性
39352,50-59歲,男,無,陰性
39353,40-49歲,男,無,陰性
39354,30-39歲,男,無,陰性
39355,20-29歲,女,無,陰性
39356,50-59歲,男,無,陰性
39357,30-39歲,男,無,陰性
39358,50-59歲,男,無,陰性
39359,30-39歲,男,無,陰性
39360,50-59歲,女,無,陰性
39361,50-59歲,男,無,陰性
39362,50-59歲,男,三級,陽性
39363,40-49歲,男,二級,陽性
39364,40-49歲,女,無,陰性
39365,50-59歲,男,無,陰性
39366,40-49歲,女,二級,陽性
39367,50-59歲,男,無,陰性
39368,30-39歲,女,無,陰性
39369,40-49歲,男,無,陰性
39370,40-49歲,男,無,陰性
39371,50-59歲,男,二級,陽性
39372,60歲以上,女,無,陰性
39373,40-49歲,男,無,陰性
39374,50-59歲,男,無,陰性
39375,40-49歲,男,二級,陽性
39376,20-29歲,女,無,陰性
39377,40-49歲,男,無,陰性
39378,50-59歲,女,二級,陽性
39379,20-29歲,女,一級,陽性
39380,40-49歲,女,無,陰性
39381,50-59歲,男,無,陰性
39382,50-59歲,男,二級,陽性
39383,50-59歲,男,二級,陽性
39384,40-49歲,男,無,陰性
39385,40-49歲,男,三級,陽性
39386,40-49歲,男,無,陰性
39387,30-39歲,男,無,陰性
39388,20-29歲,男,無,陰性
39389,30-39歲,女,無,陰性
39390,40-49歲,男,無,陰性
39391,40-49歲,女,無,陰性
39392,40-49歲,男,無,陰性
39393,40-49歲,男,無,陰性
39394,50-59歲,女,無,陰性
39395,30-39歲,男,二級,陽性
39396,19歲以下,男,無,陰性
39397,40-49歲,男,二級,陽性
39398,40-49歲,男,三級,陽性
39399,50-59歲,女,無,陰性
39400,60歲以上,男,二級,陽性
39401,30-39歲,男,無,陰性
39402,50-59歲,男,無,陰性
39403,30-39歲,男,二級,陽性
39404,50-59歲,女,無,陰性
39405,50-59歲,男,無,陰性
39406,40-49歲,男,無,陰性
39407,20-29歲,男,無,陰性
39408,60歲以上,女,二級,陽性
39409,60歲以上,男,無,陰性
39410,50-59歲,男,無,陰性
39411,50-59歲,男,無,陰性
39412,40-49歲,男,無,陰性
39413,40-49歲,男,無,陰性
39414,20-29歲,男,無,陰性
39415,50-59歲,男,無,陰性
39416,50-59歲,男,二級,陽性
39417,40-49歲,男,無,陰性
39418,60歲以上,男,無,陰性
39419,40-49歲,男,無,陰性
39420,60歲以上,男,無,陰性
39421,40-49歲,男,無,陰性
39422,20-29歲,男,無,陰性
39423,50-59歲,男,無,陰性
39424,30-39歲,男,無,陰性
39425,50-59歲,男,無,陰性
39426,30-39歲,男,二級,陽性
39427,40-49歲,男,無,陰性
39428,50-59歲,男,無,陰性
39429,20-29歲,女,無,陰性
39430,50-59歲,男,二級,陽性
39431,60歲以上,男,無,陰性
39432,40-49歲,男,無,陰性
39433,60歲以上,男,無,陰性
39434,50-59歲,男,無,陰性
39435,50-59歲,男,無,陰性
39436,40-49歲,男,無,陰性
39437,40-49歲,男,無,陰性
39438,40-49歲,女,無,陰性
39439,40-49歲,男,二級,陽性
39440,50-59歲,男,二級,陽性
39441,60歲以上,男,無,陰性
39442,30-39歲,男,無,陰性
39443,50-59歲,女,無,陰性
39444,50-59歲,女,無,陰性
39445,40-49歲,男,三級,陽性
39446,50-59歲,男,無,陰性
39447,50-59歲,男,無,陰性
39448,40-49歲,男,無,陰性
39449,50-59歲,男,無,陰性
39450,50-59歲,男,無,陰性
39451,60歲以上,男,無,陰性
39452,40-49歲,男,無,陰性
39453,30-39歲,男,二級,陽性
39454,20-29歲,男,二級,陽性
39455,50-59歲,男,二級,陽性
39456,40-49歲,男,無,陰性
39457,40-49歲,男,無,陰性
39458,20-29歲,女,無,陰性
39459,30-39歲,男,二級,陽性
39460,50-59歲,男,無,陰性
39461,40-49歲,男,二級,陽性
39462,40-49歲,男,無,陰性
39463,40-49歲,男,無,陰性
39464,50-59歲,男,無,陰性
39465,50-59歲,男,二級,陽性
39466,60歲以上,男,無,陰性
39467,40-49歲,男,無,陰性
39468,30-39歲,男,無,陰性
39469,60歲以上,男,無,陰性
39470,40-49歲,男,無,陰性
39471,40-49歲,男,無,陰性
39472,40-49歲,男,無,陰性
39473,19歲以下,女,無,陰性
39474,50-59歲,男,無,陰性
39475,60歲以上,男,二級,陽性
39476,40-49歲,男,無,陰性
39477,50-59歲,男,二級,陽性
39478,30-39歲,男,無,陰性
39479,40-49歲,男,無,陰性
39480,40-49歲,男,無,陰性
39481,30-39歲,男,無,陰性
39482,50-59歲,男,無,陰性
39483,50-59歲,男,無,陰性
39484,40-49歲,男,無,陰性
39485,40-49歲,男,無,陰性
39486,50-59歲,男,無,陰性
39487,50-59歲,男,無,陰性
39488,30-39歲,男,無,陰性
39489,60歲以上,男,無,陰性
39490,40-49歲,男,無,陰性
39491,40-49歲,男,一級,陽性
39492,30-39歲,男,無,陰性
39493,30-39歲,男,無,陰性
39494,40-49歲,女,無,陰性
39495,60歲以上,男,二級,陽性
39496,50-59歲,男,無,陰性
39497,30-39歲,男,無,陰性
39498,60歲以上,男,無,陰性
39499,40-49歲,男,無,陰性
39500,60歲以上,男,一級,陽性
39501,40-49歲,男,無,陰性
39502,20-29歲,男,無,陰性
39503,30-39歲,男,一級,陽性
39504,60歲以上,男,無,陰性
39505,30-39歲,男,無,陰性
39506,40-49歲,女,無,陰性
39507,40-49歲,男,無,陰性
39508,19歲以下,男,三級,陽性
39509,50-59歲,男,二級,陽性
39510,30-39歲,女,無,陰性
39511,60歲以上,女,二級,陽性
39512,30-39歲,男,二級,陽性
39513,40-49歲,男,二級,陽性
39514,40-49歲,女,無,陰性
39515,20-29歲,男,無,陰性
39516,40-49歲,男,無,陰性
39517,40-49歲,男,無,陰性
39518,40-49歲,男,無,陰性
39519,40-49歲,女,無,陰性
39520,30-39歲,男,無,陰性
39521,30-39歲,男,無,陰性
39522,60歲以上,女,無,陰性
39523,50-59歲,男,三級,陽性
39524,50-59歲,男,無,陰性
39525,50-59歲,男,二級,陽性
39526,30-39歲,男,無,陰性
39527,50-59歲,女,無,陰性
39528,19歲以下,男,無,陰性
39529,40-49歲,男,無,陰性
39530,60歲以上,男,無,陰性
39531,19歲以下,男,無,陰性
39532,19歲以下,男,無,陰性
39533,40-49歲,男,無,陰性
39534,40-49歲,男,三級,陽性
39535,30-39歲,男,三級,陽性
39536,30-39歲,女,無,陰性
39537,60歲以上,男,無,陰性
39538,50-59歲,男,二級,陽性
39539,30-39歲,男,無,陰性
39540,50-59歲,男,無,陰性
39541,50-59歲,男,無,陰性
39542,50-59歲,女,二級,陽性
39543,20-29歲,男,無,陰性
39544,60歲以上,男,二級,陽性
39545,40-49歲,女,無,陰性
39546,50-59歲,女,無,陰性
39547,50-59歲,男,無,陰性
39548,30-39歲,男,無,陰性
39549,50-59歲,男,無,陰性
39550,40-49歲,男,無,陰性
39551,30-39歲,男,無,陰性
39552,30-39歲,女,無,陰性
39553,20-29歲,女,二級,陽性
39554,50-59歲,女,無,陰性
39555,50-59歲,女,無,陰性
39556,60歲以上,男,無,陰性
39557,40-49歲,男,二級,陽性
39558,50-59歲,男,三級,陽性
39559,40-49歲,男,無,陰性
39560,40-49歲,男,無,陰性
39561,40-49歲,女,二級,陽性
39562,50-59歲,女,三級,陽性
39563,60歲以上,男,無,陰性
39564,30-39歲,男,無,陰性
39565,40-49歲,男,無,陰性
39566,20-29歲,男,無,陰性
39567,20-29歲,男,三級,陽性
39568,50-59歲,男,二級,陽性
39569,50-59歲,男,無,陰性
39570,40-49歲,男,無,陰性
39571,60歲以上,女,無,陰性
39572,30-39歲,女,三級,陽性
39573,20-29歲,男,無,陰性
39574,40-49歲,男,無,陰性
39575,60歲以上,男,三級,陽性
39576,50-59歲,男,二級,陽性
39577,40-49歲,女,無,陰性
39578,50-59歲,男,無,陰性
39579,40-49歲,男,無,陰性
39580,20-29歲,女,無,陰性
39581,20-29歲,男,無,陰性
39582,50-59歲,男,無,陰性
39583,30-39歲,女,無,陰性
39584,30-39歲,男,無,陰性
39585,40-49歲,男,無,陰性
39586,40-49歲,男,三級,陽性
39587,50-59歲,男,無,陰性
39588,30-39歲,女,無,陰性
39589,50-59歲,男,無,陰性
39590,50-59歲,男,無,陰性
39591,50-59歲,男,無,陰性
39592,20-29歲,男,無,陰性
39593,60歲以上,男,無,陰性
39594,30-39歲,男,二級,陽性
39595,40-49歲,女,無,陰性
39596,40-49歲,男,無,陰性
39597,50-59歲,男,無,陰性
39598,40-49歲,男,無,陰性
39599,50-59歲,男,無,陰性
39600,50-59歲,男,無,陰性
39601,50-59歲,男,無,陰性
39602,20-29歲,女,無,陰性
39603,40-49歲,男,無,陰性
39604,30-39歲,男,無,陰性
39605,60歲以上,男,三級,陽性
39606,50-59歲,男,二級,陽性
39607,30-39歲,男,無,陰性
39608,40-49歲,男,二級,陽性
39609,60歲以上,男,無,陰性
39610,40-49歲,男,無,陰性
39611,50-59歲,女,無,陰性
39612,40-49歲,男,無,陰性
39613,30-39歲,男,無,陰性
39614,50-59歲,男,無,陰性
39615,30-39歲,男,無,陰性
39616,50-59歲,男,無,陰性
39617,60歲以上,男,無,陰性
39618,50-59歲,男,無,陰性
39619,40-49歲,男,無,陰性
39620,50-59歲,男,無,陰性
39621,40-49歲,男,二級,陽性
39622,40-49歲,男,二級,陽性
39623,40-49歲,男,無,陰性
39624,40-49歲,男,無,陰性
39625,40-49歲,男,無,陰性
39626,19歲以下,男,無,陰性
39627,30-39歲,男,無,陰性
39628,30-39歲,男,無,陰性
39629,40-49歲,男,無,陰性
39630,40-49歲,男,三級,陽性
39631,40-49歲,男,無,陰性
39632,50-59歲,男,無,陰性
39633,50-59歲,男,無,陰性
39634,40-49歲,男,二級,陽性
39635,40-49歲,男,無,陰性
39636,50-59歲,男,無,陰性
39637,40-49歲,男,一級,陽性
39638,40-49歲,男,二級,陽性
39639,40-49歲,女,二級,陽性
39640,50-59歲,男,無,陰性
39641,30-39歲,男,三級,陽性
39642,40-49歲,男,無,陰性
39643,50-59歲,女,二級,陽性
39644,40-49歲,男,無,陰性
39645,40-49歲,女,無,陰性
39646,40-49歲,男,無,陰性
39647,50-59歲,女,無,陰性
39648,50-59歲,男,二級,陽性
39649,50-59歲,男,二級,陽性
39650,50-59歲,男,無,陰性
39651,30-39歲,男,無,陰性
39652,30-39歲,男,二級,陽性
39653,20-29歲,男,無,陰性
39654,19歲以下,男,無,陰性
39655,40-49歲,女,二級,陽性
39656,60歲以上,男,無,陰性
39657,30-39歲,男,無,陰性
39658,30-39歲,男,無,陰性
39659,60歲以上,男,無,陰性
39660,20-29歲,男,無,陰性
39661,40-49歲,女,二級,陽性
39662,30-39歲,男,無,陰性
39663,50-59歲,男,無,陰性
39664,40-49歲,男,無,陰性
39665,50-59歲,男,無,陰性
39666,50-59歲,女,無,陰性
39667,30-39歲,男,無,陰性
39668,40-49歲,男,無,陰性
39669,50-59歲,男,無,陰性
39670,30-39歲,男,無,陰性
39671,60歲以上,男,無,陰性
39672,30-39歲,男,無,陰性
39673,30-39歲,男,一級,陽性
39674,40-49歲,男,無,陰性
39675,40-49歲,男,無,陰性
39676,50-59歲,男,無,陰性
39677,40-49歲,女,三級,陽性
39678,60歲以上,男,無,陰性
39679,20-29歲,男,無,陰性
39680,50-59歲,男,三級,陽性
39681,40-49歲,男,無,陰性
39682,40-49歲,男,無,陰性
39683,20-29歲,男,無,陰性
39684,30-39歲,女,無,陰性
39685,50-59歲,男,二級,陽性
39686,40-49歲,女,無,陰性
39687,50-59歲,男,二級,陽性
39688,50-59歲,男,無,陰性
39689,40-49歲,女,二級,陽性
39690,19歲以下,女,無,陰性
39691,50-59歲,男,無,陰性
39692,50-59歲,女,無,陰性
39693,30-39歲,男,無,陰性
39694,30-39歲,女,無,陰性
39695,30-39歲,男,無,陰性
39696,40-49歲,男,無,陰性
39697,60歲以上,女,無,陰性
39698,30-39歲,男,無,陰性
39699,40-49歲,男,無,陰性
39700,40-49歲,男,無,陰性
39701,40-49歲,男,無,陰性
39702,40-49歲,男,一級,陽性
39703,19歲以下,男,無,陰性
39704,30-39歲,男,無,陰性
39705,40-49歲,男,無,陰性
39706,30-39歲,男,無,陰性
39707,30-39歲,女,二級,陽性
39708,50-59歲,女,無,陰性
39709,50-59歲,男,無,陰性
39710,40-49歲,男,無,陰性
39711,50-59歲,女,一級,陽性
39712,40-49歲,男,二級,陽性
39713,40-49歲,男,無,陰性
39714,50-59歲,男,無,陰性
39715,60歲以上,男,二級,陽性
39716,50-59歲,女,二級,陽性
39717,50-59歲,男,無,陰性
39718,20-29歲,男,無,陰性
39719,40-49歲,男,二級,陽性
39720,60歲以上,男,無,陰性
39721,40-49歲,男,無,陰性
39722,40-49歲,男,無,陰性
39723,40-49歲,男,無,陰性
39724,20-29歲,男,無,陰性
39725,40-49歲,女,無,陰性
39726,50-59歲,男,無,陰性
39727,19歲以下,男,無,陰性
39728,40-49歲,女,二級,陽性
39729,20-29歲,女,無,陰性
39730,30-39歲,男,無,陰性
39731,50-59歲,男,無,陰性
39732,40-49歲,男,無,陰性
39733,40-49歲,男,無,陰性
39734,30-39歲,男,二級,陽性
39735,40-49歲,男,無,陰性
39736,40-49歲,男,二級,陽性
39737,50-59歲,女,無,陰性
39738,40-49歲,男,無,陰性
39739,40-49歲,男,無,陰性
39740,50-59歲,男,無,陰性
39741,50-59歲,男,無,陰性
39742,40-49歲,男,二級,陽性
39743,50-59歲,女,無,陰性
39744,40-49歲,男,無,陰性
39745,40-49歲,男,二級,陽性
39746,30-39歲,男,無,陰性
39747,60歲以上,男,無,陰性
39748,60歲以上,男,無,陰性
39749,50-59歲,女,二級,陽性
39750,50-59歲,男,無,陰性
39751,40-49歲,男,無,陰性
39752,60歲以上,女,無,陰性
39753,20-29歲,男,無,陰性
39754,60歲以上,男,無,陰性
39755,50-59歲,男,二級,陽性
39756,40-49歲,男,無,陰性
39757,20-29歲,男,一級,陽性
39758,30-39歲,男,無,陰性
39759,60歲以上,男,無,陰性
39760,40-49歲,男,無,陰性
39761,20-29歲,女,無,陰性
39762,40-49歲,男,無,陰性
39763,50-59歲,女,無,陰性
39764,40-49歲,男,無,陰性
39765,40-49歲,男,無,陰性
39766,40-49歲,男,無,陰性
39767,50-59歲,男,無,陰性
39768,50-59歲,男,無,陰性
39769,20-29歲,男,無,陰性
39770,60歲以上,男,無,陰性
39771,30-39歲,男,無,陰性
39772,30-39歲,男,無,陰性
39773,50-59歲,男,二級,陽性
39774,50-59歲,男,無,陰性
39775,40-49歲,男,無,陰性
39776,30-39歲,男,二級,陽性
39777,60歲以上,男,無,陰性
39778,30-39歲,男,一級,陽性
39779,40-49歲,男,無,陰性
39780,60歲以上,男,無,陰性
39781,40-49歲,男,無,陰性
39782,40-49歲,男,無,陰性
39783,30-39歲,男,一級,陽性
39784,50-59歲,女,無,陰性
39785,30-39歲,男,無,陰性
39786,50-59歲,男,二級,陽性
39787,30-39歲,男,二級,陽性
39788,50-59歲,男,三級,陽性
39789,20-29歲,女,無,陰性
39790,40-49歲,男,二級,陽性
39791,30-39歲,男,無,陰性
39792,30-39歲,男,無,陰性
39793,50-59歲,男,二級,陽性
39794,20-29歲,女,二級,陽性
39795,40-49歲,女,無,陰性
39796,50-59歲,男,無,陰性
39797,40-49歲,男,無,陰性
39798,50-59歲,男,無,陰性
39799,50-59歲,男,無,陰性
39800,40-49歲,男,無,陰性
39801,50-59歲,女,無,陰性
39802,40-49歲,女,無,陰性
39803,20-29歲,男,無,陰性
39804,50-59歲,男,三級,陽性
39805,40-49歲,男,二級,陽性
39806,50-59歲,男,無,陰性
39807,19歲以下,男,無,陰性
39808,30-39歲,女,無,陰性
39809,50-59歲,男,無,陰性
39810,30-39歲,男,二級,陽性
39811,50-59歲,男,無,陰性
39812,30-39歲,男,無,陰性
39813,60歲以上,男,無,陰性
39814,40-49歲,男,無,陰性
39815,60歲以上,女,無,陰性
39816,20-29歲,男,無,陰性
39817,50-59歲,男,無,陰性
39818,40-49歲,男,二級,陽性
39819,40-49歲,男,無,陰性
39820,50-59歲,男,無,陰性
39821,30-39歲,男,無,陰性
39822,40-49歲,男,無,陰性
39823,50-59歲,男,無,陰性
39824,50-59歲,男,無,陰性
39825,20-29歲,男,二級,陽性
39826,30-39歲,女,無,陰性
39827,20-29歲,男,無,陰性
39828,20-29歲,男,無,陰性
39829,50-59歲,男,無,陰性
39830,50-59歲,男,無,陰性
39831,50-59歲,男,無,陰性
39832,40-49歲,男,無,陰性
39833,40-49歲,男,無,陰性
39834,40-49歲,男,無,陰性
39835,50-59歲,男,無,陰性
39836,40-49歲,女,無,陰性
39837,40-49歲,男,無,陰性
39838,60歲以上,男,無,陰性
39839,20-29歲,男,無,陰性
39840,30-39歲,男,無,陰性
39841,40-49歲,男,二級,陽性
39842,60歲以上,男,無,陰性
39843,40-49歲,女,無,陰性
39844,50-59歲,男,無,陰性
39845,30-39歲,男,二級,陽性
39846,20-29歲,男,無,陰性
39847,40-49歲,男,無,陰性
39848,30-39歲,男,無,陰性
39849,50-59歲,女,二級,陽性
39850,50-59歲,男,無,陰性
39851,40-49歲,男,無,陰性
39852,40-49歲,女,二級,陽性
39853,30-39歲,男,無,陰性
39854,20-29歲,女,無,陰性
39855,50-59歲,男,二級,陽性
39856,40-49歲,女,二級,陽性
39857,40-49歲,男,無,陰性
39858,30-39歲,男,一級,陽性
39859,50-59歲,男,無,陰性
39860,60歲以上,男,一級,陽性
39861,40-49歲,男,無,陰性
39862,50-59歲,男,無,陰性
39863,40-49歲,男,無,陰性
39864,30-39歲,女,無,陰性
39865,40-49歲,男,二級,陽性
39866,30-39歲,男,無,陰性
39867,60歲以上,男,無,陰性
39868,50-59歲,男,無,陰性
39869,60歲以上,男,無,陰性
39870,60歲以上,男,無,陰性
39871,50-59歲,男,無,陰性
39872,60歲以上,男,二級,陽性
39873,40-49歲,女,二級,陽性
39874,20-29歲,男,無,陰性
39875,60歲以上,男,無,陰性
39876,50-59歲,女,無,陰性
39877,20-29歲,男,無,陰性
39878,50-59歲,男,無,陰性
39879,30-39歲,男,無,陰性
39880,40-49歲,男,無,陰性
39881,40-49歲,男,無,陰性
39882,50-59歲,男,無,陰性
39883,30-39歲,男,無,陰性
39884,40-49歲,男,二級,陽性
39885,50-59歲,男,一級,陽性
39886,40-49歲,男,無,陰性
39887,20-29歲,女,無,陰性
39888,60歲以上,男,二級,陽性
39889,40-49歲,男,無,陰性
39890,50-59歲,女,無,陰性
39891,50-59歲,男,無,陰性
39892,30-39歲,男,無,陰性
39893,40-49歲,男,無,陰性
39894,30-39歲,男,無,陰性
39895,20-29歲,男,二級,陽性
39896,40-49歲,男,無,陰性
39897,40-49歲,男,無,陰性
39898,50-59歲,男,無,陰性
39899,30-39歲,男,三級,陽性
39900,40-49歲,女,無,陰性
39901,40-49歲,男,無,陰性
39902,40-49歲,女,無,陰性
39903,50-59歲,男,無,陰性
39904,60歲以上,男,無,陰性
39905,40-49歲,男,二級,陽性
39906,50-59歲,男,無,陰性
39907,60歲以上,男,無,陰性
39908,40-49歲,男,無,陰性
39909,30-39歲,女,無,陰性
39910,50-59歲,男,無,陰性
39911,50-59歲,女,無,陰性
39912,50-59歲,男,無,陰性
39913,50-59歲,女,無,陰性
39914,50-59歲,男,無,陰性
39915,40-49歲,女,無,陰性
39916,40-49歲,男,無,陰性
39917,20-29歲,男,無,陰性
39918,50-59歲,男,二級,陽性
39919,50-59歲,男,無,陰性
39920,50-59歲,男,無,陰性
39921,40-49歲,男,二級,陽性
39922,30-39歲,男,三級,陽性
39923,30-39歲,男,無,陰性
39924,30-39歲,男,無,陰性
39925,30-39歲,男,無,陰性
39926,40-49歲,女,無,陰性
39927,50-59歲,男,二級,陽性
39928,30-39歲,男,三級,陽性
39929,50-59歲,男,無,陰性
39930,40-49歲,男,無,陰性
39931,40-49歲,女,無,陰性
39932,50-59歲,女,無,陰性
39933,50-59歲,男,無,陰性
39934,30-39歲,男,無,陰性
39935,50-59歲,男,無,陰性
39936,30-39歲,男,二級,陽性
39937,50-59歲,男,二級,陽性
39938,50-59歲,男,無,陰性
39939,40-49歲,男,無,陰性
39940,60歲以上,男,二級,陽性
39941,50-59歲,男,無,陰性
39942,50-59歲,男,無,陰性
39943,40-49歲,男,無,陰性
39944,30-39歲,男,無,陰性
39945,30-39歲,男,無,陰性
39946,20-29歲,男,無,陰性
39947,30-39歲,女,無,陰性
39948,50-59歲,男,無,陰性
39949,40-49歲,男,無,陰性
39950,19歲以下,男,無,陰性
39951,50-59歲,男,無,陰性
39952,30-39歲,男,無,陰性
39953,20-29歲,女,無,陰性
39954,50-59歲,男,二級,陽性
39955,50-59歲,男,二級,陽性
39956,50-59歲,男,無,陰性
39957,30-39歲,男,二級,陽性
39958,40-49歲,男,無,陰性
39959,19歲以下,男,無,陰性
39960,50-59歲,男,無,陰性
39961,40-49歲,男,無,陰性
39962,30-39歲,男,無,陰性
39963,40-49歲,男,無,陰性
39964,20-29歲,男,無,陰性
39965,50-59歲,女,二級,陽性
39966,30-39歲,男,二級,陽性
39967,30-39歲,女,無,陰性
39968,50-59歲,男,無,陰性
39969,40-49歲,男,無,陰性
39970,30-39歲,男,二級,陽性
39971,40-49歲,男,無,陰性
39972,40-49歲,男,二級,陽性
39973,40-49歲,男,無,陰性
39974,60歲以上,男,無,陰性
39975,30-39歲,男,一級,陽性
39976,40-49歲,女,無,陰性
39977,60歲以上,男,無,陰性
39978,30-39歲,男,三級,陽性
39979,30-39歲,男,無,陰性
39980,40-49歲,男,無,陰性
39981,40-49歲,女,無,陰性
39982,40-49歲,男,無,陰性
39983,50-59歲,女,三級,陽性
39984,40-49歲,男,無,陰性
39985,40-49歲,男,無,陰性
39986,50-59歲,男,二級,陽性
39987,50-59歲,女,無,陰性
39988,50-59歲,女,無,陰性
39989,40-49歲,男,二級,陽性
39990,40-49歲,女,二級,陽性
39991,30-39歲,男,無,陰性
39992,20-29歲,男,無,陰性
39993,50-59歲,男,無,陰性
39994,50-59歲,男,無,陰性
39995,30-39歲,男,無,陰性
39996,40-49歲,男,二級,陽性
39997,60歲以上,男,無,陰性
39998,60歲以上,女,二級,陽性
39999,50-59歲,男,無,陰性
40000,40-49歲,男,二級,陽性
40001,20-29歲,女,無,陰性
40002,50-59歲,男,無,陰性
40003,30-39歲,男,無,陰性
40004,40-49歲,女,二級,陽性
40005,50-59歲,男,無,陰性
40006,40-49歲,男,二級,陽性
40007,40-49歲,女,無,陰性
40008,40-49歲,女,無,陰性
40009,50-59歲,男,無,陰性
40010,50-59歲,女,無,陰性
40011,30-39歲,男,無,陰性
40012,40-49歲,男,無,陰性
40013,50-59歲,女,無,陰性
40014,60歲以上,男,無,陰性
40015,30-39歲,男,二級,陽性
40016,40-49歲,男,無,陰性
40017,60歲以上,男,無,陰性
40018,40-49歲,女,無,陰性
40019,50-59歲,男,二級,陽性
40020,30-39歲,男,無,陰性
40021,50-59歲,男,三級,陽性
40022,40-49歲,男,無,陰性
40023,30-39歲,男,無,陰性
40024,30-39歲,女,三級,陽性
40025,30-39歲,女,二級,陽性
40026,20-29歲,男,二級,陽性
40027,60歲以上,男,無,陰性
40028,40-49歲,女,無,陰性
40029,40-49歲,男,一級,陽性
40030,30-39歲,男,無,陰性
40031,30-39歲,男,無,陰性
40032,40-49歲,男,無,陰性
40033,40-49歲,男,無,陰性
40034,40-49歲,男,無,陰性
40035,40-49歲,男,無,陰性
40036,40-49歲,男,無,陰性
40037,50-59歲,男,無,陰性
40038,19歲以下,男,無,陰性
40039,30-39歲,男,一級,陽性
40040,40-49歲,男,無,陰性
40041,50-59歲,男,二級,陽性
40042,50-59歲,女,三級,陽性
40043,40-49歲,男,無,陰性
40044,40-49歲,男,無,陰性
40045,20-29歲,男,一級,陽性
40046,40-49歲,男,二級,陽性
40047,20-29歲,男,無,陰性
40048,40-49歲,男,三級,陽性
40049,50-59歲,男,無,陰性
40050,50-59歲,男,無,陰性
40051,50-59歲,男,無,陰性
40052,40-49歲,男,三級,陽性
40053,30-39歲,男,無,陰性
40054,40-49歲,女,無,陰性
40055,50-59歲,女,無,陰性
40056,50-59歲,女,無,陰性
40057,50-59歲,男,無,陰性
40058,50-59歲,男,無,陰性
40059,30-39歲,男,無,陰性
40060,20-29歲,男,二級,陽性
40061,20-29歲,男,無,陰性
40062,40-49歲,男,無,陰性
40063,40-49歲,男,無,陰性
40064,40-49歲,男,無,陰性
40065,50-59歲,男,二級,陽性
40066,40-49歲,男,無,陰性
40067,30-39歲,男,三級,陽性
40068,50-59歲,男,二級,陽性
40069,40-49歲,男,無,陰性
40070,19歲以下,男,無,陰性
40071,20-29歲,男,無,陰性
40072,50-59歲,男,無,陰性
40073,50-59歲,男,無,陰性
40074,40-49歲,男,無,陰性
40075,30-39歲,女,無,陰性
40076,60歲以上,女,無,陰性
40077,50-59歲,男,無,陰性
40078,40-49歲,男,無,陰性
40079,50-59歲,男,無,陰性
40080,40-49歲,男,無,陰性
40081,40-49歲,男,無,陰性
40082,40-49歲,男,無,陰性
40083,30-39歲,女,三級,陽性
40084,20-29歲,男,無,陰性
40085,50-59歲,女,二級,陽性
40086,40-49歲,男,無,陰性
40087,50-59歲,男,無,陰性
40088,60歲以上,男,無,陰性
40089,50-59歲,男,無,陰性
40090,19歲以下,男,無,陰性
40091,50-59歲,男,一級,陽性
40092,19歲以下,男,二級,陽性
40093,20-29歲,女,無,陰性
40094,60歲以上,男,二級,陽性
40095,50-59歲,男,無,陰性
40096,50-59歲,女,無,陰性
40097,40-49歲,女,無,陰性
40098,50-59歲,女,無,陰性
40099,40-49歲,男,無,陰性
40100,40-49歲,男,無,陰性
40101,40-49歲,女,無,陰性
40102,50-59歲,男,無,陰性
40103,20-29歲,男,一級,陽性
40104,50-59歲,男,無,陰性
40105,40-49歲,男,三級,陽性
40106,50-59歲,男,無,陰性
40107,50-59歲,男,無,陰性
40108,40-49歲,男,無,陰性
40109,60歲以上,男,無,陰性
40110,40-49歲,男,無,陰性
40111,50-59歲,男,無,陰性
40112,60歲以上,男,無,陰性
40113,20-29歲,男,二級,陽性
40114,50-59歲,男,三級,陽性
40115,50-59歲,男,無,陰性
40116,50-59歲,男,無,陰性
40117,50-59歲,女,無,陰性
40118,40-49歲,女,無,陰性
40119,40-49歲,男,無,陰性
40120,60歲以上,男,二級,陽性
40121,30-39歲,男,無,陰性
40122,60歲以上,男,無,陰性
40123,50-59歲,男,二級,陽性
40124,40-49歲,男,無,陰性
40125,40-49歲,男,無,陰性
40126,30-39歲,男,二級,陽性
40127,20-29歲,男,無,陰性
40128,40-49歲,男,無,陰性
40129,60歲以上,男,二級,陽性
40130,19歲以下,男,無,陰性
40131,40-49歲,男,無,陰性
40132,50-59歲,男,無,陰性
40133,30-39歲,男,二級,陽性
40134,60歲以上,男,無,陰性
40135,60歲以上,男,無,陰性
40136,40-49歲,男,無,陰性
40137,30-39歲,男,無,陰性
40138,40-49歲,男,無,陰性
40139,20-29歲,男,無,陰性
40140,50-59歲,女,無,陰性
40141,50-59歲,女,一級,陽性
40142,40-49歲,男,無,陰性
40143,20-29歲,男,無,陰性
40144,30-39歲,男,二級,陽性
40145,30-39歲,男,無,陰性
40146,50-59歲,男,無,陰性
40147,30-39歲,男,無,陰性
40148,40-49歲,男,無,陰性
40149,50-59歲,男,無,陰性
40150,50-59歲,男,無,陰性
40151,20-29歲,男,無,陰性
40152,40-49歲,女,無,陰性
40153,30-39歲,男,二級,陽性
40154,40-49歲,男,三級,陽性
40155,40-49歲,男,二級,陽性
40156,40-49歲,男,無,陰性
40157,20-29歲,男,無,陰性
40158,40-49歲,男,無,陰性
40159,60歲以上,女,無,陰性
40160,40-49歲,男,無,陰性
40161,40-49歲,男,無,陰性
40162,40-49歲,男,無,陰性
40163,40-49歲,女,無,陰性
40164,30-39歲,男,無,陰性
40165,50-59歲,男,二級,陽性
40166,40-49歲,女,無,陰性
40167,40-49歲,男,二級,陽性
40168,20-29歲,男,無,陰性
40169,50-59歲,男,無,陰性
40170,40-49歲,男,無,陰性
40171,50-59歲,男,二級,陽性
40172,40-49歲,男,無,陰性
40173,40-49歲,男,無,陰性
40174,40-49歲,男,無,陰性
40175,40-49歲,男,無,陰性
40176,40-49歲,男,二級,陽性
40177,40-49歲,男,無,陰性
40178,40-49歲,男,二級,陽性
40179,60歲以上,男,無,陰性
40180,30-39歲,男,無,陰性
40181,60歲以上,女,無,陰性
40182,40-49歲,男,無,陰性
40183,50-59歲,男,無,陰性
40184,40-49歲,男,無,陰性
40185,40-49歲,男,無,陰性
40186,50-59歲,女,無,陰性
40187,30-39歲,男,無,陰性
40188,30-39歲,男,無,陰性
40189,40-49歲,男,無,陰性
40190,50-59歲,女,無,陰性
40191,40-49歲,女,二級,陽性
40192,30-39歲,男,二級,陽性
40193,50-59歲,男,無,陰性
40194,19歲以下,男,無,陰性
40195,40-49歲,男,二級,陽性
40196,40-49歲,女,無,陰性
40197,50-59歲,男,二級,陽性
40198,19歲以下,男,無,陰性
40199,20-29歲,男,無,陰性
40200,30-39歲,女,無,陰性
40201,20-29歲,男,無,陰性
40202,30-39歲,男,二級,陽性
40203,30-39歲,男,無,陰性
40204,50-59歲,男,二級,陽性
40205,50-59歲,男,無,陰性
40206,50-59歲,女,一級,陽性
40207,40-49歲,男,無,陰性
40208,50-59歲,男,無,陰性
40209,60歲以上,男,無,陰性
40210,30-39歲,男,無,陰性
40211,40-49歲,男,無,陰性
40212,30-39歲,男,無,陰性
40213,30-39歲,男,無,陰性
40214,19歲以下,男,二級,陽性
40215,30-39歲,女,無,陰性
40216,40-49歲,男,二級,陽性
40217,20-29歲,男,無,陰性
40218,40-49歲,男,無,陰性
40219,50-59歲,男,無,陰性
40220,50-59歲,女,無,陰性
40221,20-29歲,男,無,陰性
40222,50-59歲,男,無,陰性
40223,30-39歲,男,無,陰性
40224,20-29歲,女,無,陰性
40225,50-59歲,男,無,陰性
40226,40-49歲,男,無,陰性
40227,19歲以下,男,無,陰性
40228,30-39歲,男,無,陰性
40229,40-49歲,男,三級,陽性
40230,50-59歲,男,無,陰性
40231,20-29歲,男,二級,陽性
40232,60歲以上,男,二級,陽性
40233,30-39歲,男,無,陰性
40234,20-29歲,男,無,陰性
40235,60歲以上,男,無,陰性
40236,20-29歲,女,無,陰性
40237,40-49歲,男,無,陰性
40238,60歲以上,男,無,陰性
40239,50-59歲,男,無,陰性
40240,50-59歲,女,二級,陽性
40241,60歲以上,男,無,陰性
40242,50-59歲,男,無,陰性
40243,50-59歲,男,無,陰性
40244,40-49歲,男,無,陰性
40245,40-49歲,男,三級,陽性
40246,30-39歲,男,無,陰性
40247,30-39歲,男,無,陰性
40248,30-39歲,男,無,陰性
40249,40-49歲,男,無,陰性
40250,30-39歲,男,無,陰性
40251,50-59歲,女,無,陰性
40252,40-49歲,男,無,陰性
40253,50-59歲,男,無,陰性
40254,40-49歲,男,二級,陽性
40255,20-29歲,男,無,陰性
40256,60歲以上,男,無,陰性
40257,50-59歲,男,一級,陽性
40258,30-39歲,男,二級,陽性
40259,50-59歲,男,無,陰性
40260,60歲以上,男,無,陰性
40261,40-49歲,男,無,陰性
40262,30-39歲,女,無,陰性
40263,50-59歲,男,無,陰性
40264,40-49歲,男,無,陰性
40265,40-49歲,男,無,陰性
40266,19歲以下,男,無,陰性
40267,40-49歲,男,無,陰性
40268,40-49歲,女,無,陰性
40269,60歲以上,男,無,陰性
40270,50-59歲,男,二級,陽性
40271,40-49歲,男,三級,陽性
40272,50-59歲,男,二級,陽性
40273,40-49歲,女,二級,陽性
40274,30-39歲,男,無,陰性
40275,20-29歲,男,無,陰性
40276,20-29歲,男,無,陰性
40277,60歲以上,男,二級,陽性
40278,20-29歲,男,無,陰性
40279,40-49歲,男,無,陰性
40280,60歲以上,男,無,陰性
40281,50-59歲,男,無,陰性
40282,30-39歲,男,二級,陽性
40283,40-49歲,男,二級,陽性
40284,50-59歲,男,無,陰性
40285,50-59歲,男,無,陰性
40286,40-49歲,女,無,陰性
40287,60歲以上,男,無,陰性
40288,40-49歲,男,無,陰性
40289,30-39歲,男,無,陰性
40290,50-59歲,男,無,陰性
40291,50-59歲,男,無,陰性
40292,20-29歲,男,無,陰性
40293,60歲以上,男,無,陰性
40294,40-49歲,男,無,陰性
40295,30-39歲,女,二級,陽性
40296,30-39歲,男,無,陰性
40297,30-39歲,男,無,陰性
40298,50-59歲,男,無,陰性
40299,50-59歲,男,無,陰性
40300,50-59歲,男,無,陰性
40301,30-39歲,男,無,陰性
40302,50-59歲,男,無,陰性
40303,40-49歲,男,無,陰性
40304,50-59歲,男,無,陰性
40305,60歲以上,男,無,陰性
40306,40-49歲,男,二級,陽性
40307,30-39歲,女,無,陰性
40308,30-39歲,男,無,陰性
40309,50-59歲,女,無,陰性
40310,19歲以下,男,無,陰性
40311,40-49歲,男,無,陰性
40312,50-59歲,女,無,陰性
40313,50-59歲,男,無,陰性
40314,20-29歲,男,無,陰性
40315,30-39歲,男,無,陰性
40316,30-39歲,女,二級,陽性
40317,30-39歲,男,無,陰性
40318,20-29歲,男,三級,陽性
40319,50-59歲,男,二級,陽性
40320,30-39歲,男,無,陰性
40321,40-49歲,女,無,陰性
40322,60歲以上,男,無,陰性
40323,50-59歲,男,二級,陽性
40324,50-59歲,男,無,陰性
40325,40-49歲,男,二級,陽性
40326,40-49歲,男,二級,陽性
40327,50-59歲,男,無,陰性
40328,60歲以上,男,無,陰性
40329,40-49歲,男,二級,陽性
40330,20-29歲,女,二級,陽性
40331,60歲以上,男,無,陰性
40332,20-29歲,女,無,陰性
40333,40-49歲,男,無,陰性
40334,50-59歲,男,無,陰性
40335,60歲以上,男,無,陰性
40336,40-49歲,男,無,陰性
40337,40-49歲,女,無,陰性
40338,60歲以上,男,無,陰性
40339,30-39歲,男,無,陰性
40340,50-59歲,男,無,陰性
40341,50-59歲,男,一級,陽性
40342,40-49歲,男,無,陰性
40343,50-59歲,男,二級,陽性
40344,40-49歲,男,無,陰性
40345,50-59歲,男,無,陰性
40346,19歲以下,男,無,陰性
40347,40-49歲,男,二級,陽性
40348,40-49歲,男,無,陰性
40349,40-49歲,男,無,陰性
40350,20-29歲,男,無,陰性
40351,50-59歲,男,無,陰性
40352,60歲以上,男,無,陰性
40353,30-39歲,男,無,陰性
40354,40-49歲,男,無,陰性
40355,60歲以上,男,無,陰性
40356,50-59歲,女,無,陰性
40357,20-29歲,男,無,陰性
40358,40-49歲,男,三級,陽性
40359,60歲以上,男,無,陰性
40360,50-59歲,男,無,陰性
40361,60歲以上,男,無,陰性
40362,50-59歲,男,無,陰性
40363,30-39歲,男,無,陰性
40364,40-49歲,男,無,陰性
40365,50-59歲,男,三級,陽性
40366,20-29歲,男,二級,陽性
40367,50-59歲,男,三級,陽性
40368,19歲以下,女,無,陰性
40369,40-49歲,男,無,陰性
40370,40-49歲,男,無,陰性
40371,40-49歲,女,無,陰性
40372,40-49歲,女,三級,陽性
40373,20-29歲,男,無,陰性
40374,30-39歲,男,無,陰性
40375,40-49歲,男,無,陰性
40376,40-49歲,女,無,陰性
40377,50-59歲,男,無,陰性
40378,60歲以上,男,無,陰性
40379,50-59歲,男,二級,陽性
40380,20-29歲,男,無,陰性
40381,19歲以下,男,無,陰性
40382,30-39歲,男,無,陰性
40383,60歲以上,男,無,陰性
40384,30-39歲,男,無,陰性
40385,40-49歲,男,無,陰性
40386,50-59歲,男,無,陰性
40387,60歲以上,女,無,陰性
40388,50-59歲,男,無,陰性
40389,50-59歲,男,二級,陽性
40390,20-29歲,女,無,陰性
40391,50-59歲,男,無,陰性
40392,40-49歲,女,無,陰性
40393,50-59歲,男,無,陰性
40394,50-59歲,男,無,陰性
40395,30-39歲,女,無,陰性
40396,50-59歲,女,無,陰性
40397,20-29歲,男,無,陰性
40398,30-39歲,男,無,陰性
40399,60歲以上,男,無,陰性
40400,40-49歲,女,無,陰性
40401,60歲以上,男,無,陰性
40402,50-59歲,女,無,陰性
40403,30-39歲,男,二級,陽性
40404,40-49歲,女,無,陰性
40405,30-39歲,男,二級,陽性
40406,40-49歲,女,無,陰性
40407,60歲以上,男,無,陰性
40408,60歲以上,男,無,陰性
40409,40-49歲,男,無,陰性
40410,40-49歲,女,無,陰性
40411,20-29歲,男,無,陰性
40412,40-49歲,男,無,陰性
40413,60歲以上,男,無,陰性
40414,40-49歲,男,無,陰性
40415,40-49歲,男,無,陰性
40416,30-39歲,男,無,陰性
40417,50-59歲,男,無,陰性
40418,60歲以上,女,一級,陽性
40419,50-59歲,男,無,陰性
40420,40-49歲,男,無,陰性
40421,30-39歲,男,無,陰性
40422,60歲以上,男,無,陰性
40423,40-49歲,男,無,陰性
40424,50-59歲,男,三級,陽性
40425,30-39歲,男,無,陰性
40426,40-49歲,男,無,陰性
40427,40-49歲,女,一級,陽性
40428,40-49歲,男,無,陰性
40429,30-39歲,女,無,陰性
40430,40-49歲,男,無,陰性
40431,30-39歲,男,無,陰性
40432,50-59歲,男,二級,陽性
40433,30-39歲,男,三級,陽性
40434,19歲以下,男,無,陰性
40435,40-49歲,男,無,陰性
40436,40-49歲,男,二級,陽性
40437,40-49歲,男,一級,陽性
40438,30-39歲,女,無,陰性
40439,40-49歲,男,無,陰性
40440,40-49歲,男,二級,陽性
40441,40-49歲,男,無,陰性
40442,19歲以下,男,無,陰性
40443,20-29歲,女,無,陰性
40444,30-39歲,男,無,陰性
40445,50-59歲,女,二級,陽性
40446,40-49歲,男,無,陰性
40447,50-59歲,男,無,陰性
40448,50-59歲,男,無,陰性
40449,40-49歲,男,無,陰性
40450,50-59歲,男,無,陰性
40451,50-59歲,男,二級,陽性
40452,30-39歲,女,無,陰性
40453,19歲以下,女,無,陰性
40454,50-59歲,男,二級,陽性
40455,40-49歲,男,無,陰性
40456,40-49歲,男,無,陰性
40457,20-29歲,女,無,陰性
40458,20-29歲,男,無,陰性
40459,20-29歲,男,無,陰性
40460,50-59歲,男,無,陰性
40461,50-59歲,男,二級,陽性
40462,40-49歲,男,無,陰性
40463,20-29歲,女,無,陰性
40464,50-59歲,男,無,陰性
40465,50-59歲,男,無,陰性
40466,50-59歲,男,二級,陽性
40467,40-49歲,男,無,陰性
40468,40-49歲,男,無,陰性
40469,50-59歲,男,無,陰性
40470,50-59歲,男,無,陰性
40471,40-49歲,女,無,陰性
40472,40-49歲,男,無,陰性
40473,20-29歲,男,二級,陽性
40474,40-49歲,男,二級,陽性
40475,30-39歲,男,無,陰性
40476,30-39歲,女,無,陰性
40477,20-29歲,女,三級,陽性
40478,40-49歲,男,無,陰性
40479,40-49歲,女,無,陰性
40480,50-59歲,女,無,陰性
40481,50-59歲,男,無,陰性
40482,40-49歲,男,二級,陽性
40483,50-59歲,男,三級,陽性
40484,30-39歲,男,無,陰性
40485,40-49歲,女,無,陰性
40486,19歲以下,男,無,陰性
40487,60歲以上,男,無,陰性
40488,60歲以上,男,二級,陽性
40489,30-39歲,男,無,陰性
40490,40-49歲,男,無,陰性
40491,40-49歲,男,無,陰性
40492,50-59歲,女,無,陰性
40493,30-39歲,男,無,陰性
40494,40-49歲,男,無,陰性
40495,30-39歲,女,無,陰性
40496,50-59歲,女,無,陰性
40497,40-49歲,男,無,陰性
40498,30-39歲,男,二級,陽性
40499,40-49歲,男,無,陰性
40500,50-59歲,男,二級,陽性
40501,40-49歲,男,無,陰性
40502,20-29歲,男,無,陰性
40503,30-39歲,女,無,陰性
40504,40-49歲,男,無,陰性
40505,40-49歲,男,二級,陽性
40506,50-59歲,女,無,陰性
40507,20-29歲,男,無,陰性
40508,40-49歲,女,二級,陽性
40509,20-29歲,男,無,陰性
40510,19歲以下,男,無,陰性
40511,50-59歲,男,無,陰性
40512,50-59歲,男,無,陰性
40513,50-59歲,男,無,陰性
40514,50-59歲,男,無,陰性
40515,50-59歲,女,無,陰性
40516,40-49歲,女,無,陰性
40517,40-49歲,男,二級,陽性
40518,20-29歲,男,無,陰性
40519,30-39歲,男,無,陰性
40520,50-59歲,男,無,陰性
40521,40-49歲,男,無,陰性
40522,40-49歲,男,無,陰性
40523,50-59歲,男,無,陰性
40524,30-39歲,女,無,陰性
40525,40-49歲,男,無,陰性
40526,60歲以上,男,無,陰性
40527,50-59歲,男,一級,陽性
40528,60歲以上,女,二級,陽性
40529,50-59歲,男,無,陰性
40530,40-49歲,男,二級,陽性
40531,60歲以上,女,無,陰性
40532,40-49歲,男,無,陰性
40533,50-59歲,男,二級,陽性
40534,40-49歲,男,無,陰性
40535,40-49歲,男,無,陰性
40536,20-29歲,男,無,陰性
40537,40-49歲,女,無,陰性
40538,40-49歲,男,無,陰性
40539,40-49歲,男,一級,陽性
40540,20-29歲,男,無,陰性
40541,40-49歲,男,無,陰性
40542,60歲以上,女,無,陰性
40543,40-49歲,男,無,陰性
40544,40-49歲,男,無,陰性
40545,50-59歲,男,無,陰性
40546,19歲以下,男,無,陰性
40547,50-59歲,男,無,陰性
40548,40-49歲,女,無,陰性
40549,40-49歲,男,無,陰性
40550,40-49歲,男,二級,陽性
40551,40-49歲,男,一級,陽性
40552,40-49歲,男,無,陰性
40553,30-39歲,男,二級,陽性
40554,40-49歲,男,二級,陽性
40555,30-39歲,女,無,陰性
40556,60歲以上,男,無,陰性
40557,40-49歲,女,二級,陽性
40558,50-59歲,女,無,陰性
40559,40-49歲,女,無,陰性
40560,50-59歲,男,一級,陽性
40561,30-39歲,女,三級,陽性
40562,50-59歲,女,一級,陽性
40563,40-49歲,男,二級,陽性
40564,50-59歲,女,無,陰性
40565,20-29歲,男,無,陰性
40566,60歲以上,男,一級,陽性
40567,50-59歲,男,無,陰性
40568,50-59歲,男,無,陰性
40569,40-49歲,女,無,陰性
40570,50-59歲,男,二級,陽性
40571,50-59歲,男,無,陰性
40572,30-39歲,男,無,陰性
40573,50-59歲,男,無,陰性
40574,40-49歲,男,無,陰性
40575,30-39歲,男,無,陰性
40576,50-59歲,男,二級,陽性
40577,19歲以下,男,二級,陽性
40578,40-49歲,男,無,陰性
40579,50-59歲,男,無,陰性
40580,50-59歲,女,無,陰性
40581,50-59歲,男,無,陰性
40582,30-39歲,女,無,陰性
40583,40-49歲,男,二級,陽性
40584,50-59歲,女,無,陰性
40585,40-49歲,男,無,陰性
40586,19歲以下,男,無,陰性
40587,50-59歲,男,二級,陽性
40588,50-59歲,女,無,陰性
40589,40-49歲,男,無,陰性
40590,40-49歲,男,二級,陽性
40591,20-29歲,男,無,陰性
40592,40-49歲,男,無,陰性
40593,30-39歲,男,無,陰性
40594,50-59歲,男,二級,陽性
40595,40-49歲,男,無,陰性
40596,40-49歲,男,無,陰性
40597,40-49歲,男,二級,陽性
40598,60歲以上,男,無,陰性
40599,50-59歲,男,無,陰性
40600,60歲以上,男,無,陰性
40601,40-49歲,男,無,陰性
40602,50-59歲,男,一級,陽性
40603,40-49歲,男,三級,陽性
40604,30-39歲,男,無,陰性
40605,40-49歲,男,無,陰性
40606,40-49歲,男,無,陰性
40607,40-49歲,男,無,陰性
40608,30-39歲,男,三級,陽性
40609,30-39歲,男,無,陰性
40610,40-49歲,男,無,陰性
40611,40-49歲,女,無,陰性
40612,30-39歲,女,無,陰性
40613,60歲以上,男,無,陰性
40614,50-59歲,男,無,陰性
40615,30-39歲,男,無,陰性
40616,50-59歲,女,無,陰性
40617,40-49歲,女,無,陰性
40618,20-29歲,男,三級,陽性
40619,30-39歲,男,無,陰性
40620,50-59歲,男,無,陰性
40621,50-59歲,女,無,陰性
40622,50-59歲,男,無,陰性
40623,50-59歲,女,無,陰性
40624,50-59歲,女,無,陰性
40625,40-49歲,男,無,陰性
40626,60歲以上,男,二級,陽性
40627,50-59歲,男,無,陰性
40628,50-59歲,男,無,陰性
40629,30-39歲,男,無,陰性
40630,30-39歲,男,無,陰性
40631,30-39歲,男,無,陰性
40632,50-59歲,男,無,陰性
40633,30-39歲,男,無,陰性
40634,50-59歲,男,二級,陽性
40635,50-59歲,女,無,陰性
40636,40-49歲,男,無,陰性
40637,50-59歲,男,無,陰性
40638,20-29歲,男,無,陰性
40639,50-59歲,男,無,陰性
40640,40-49歲,男,二級,陽性
40641,30-39歲,男,無,陰性
40642,40-49歲,男,無,陰性
40643,40-49歲,女,無,陰性
40644,40-49歲,男,無,陰性
40645,40-49歲,男,二級,陽性
40646,50-59歲,男,無,陰性
40647,19歲以下,女,無,陰性
40648,40-49歲,男,無,陰性
40649,60歲以上,男,無,陰性
40650,30-39歲,男,無,陰性
40651,20-29歲,男,無,陰性
40652,50-59歲,女,無,陰性
40653,30-39歲,男,一級,陽性
40654,60歲以上,男,無,陰性
40655,30-39歲,男,無,陰性
40656,20-29歲,女,無,陰性
40657,40-49歲,男,無,陰性
40658,40-49歲,男,無,陰性
40659,50-59歲,男,無,陰性
40660,30-39歲,男,無,陰性
40661,20-29歲,男,無,陰性
40662,40-49歲,男,無,陰性
40663,20-29歲,女,一級,陽性
40664,40-49歲,女,二級,陽性
40665,30-39歲,男,無,陰性
40666,40-49歲,男,無,陰性
40667,50-59歲,男,無,陰性
40668,40-49歲,男,無,陰性
40669,50-59歲,男,無,陰性
40670,50-59歲,男,無,陰性
40671,20-29歲,男,無,陰性
40672,30-39歲,女,無,陰性
40673,40-49歲,男,無,陰性
40674,50-59歲,女,二級,陽性
40675,60歲以上,男,二級,陽性
40676,60歲以上,男,無,陰性
40677,50-59歲,男,無,陰性
40678,50-59歲,男,二級,陽性
40679,30-39歲,男,無,陰性
40680,40-49歲,男,無,陰性
40681,50-59歲,男,無,陰性
40682,30-39歲,女,無,陰性
40683,40-49歲,男,無,陰性
40684,50-59歲,男,無,陰性
40685,40-49歲,男,無,陰性
40686,40-49歲,男,無,陰性
40687,50-59歲,男,無,陰性
40688,40-49歲,男,無,陰性
40689,50-59歲,男,無,陰性
40690,60歲以上,女,無,陰性
40691,40-49歲,男,無,陰性
40692,50-59歲,男,無,陰性
40693,40-49歲,男,無,陰性
40694,40-49歲,女,無,陰性
40695,30-39歲,女,無,陰性
40696,50-59歲,男,無,陰性
40697,30-39歲,男,一級,陽性
40698,60歲以上,男,無,陰性
40699,30-39歲,男,無,陰性
40700,50-59歲,男,無,陰性
40701,60歲以上,男,無,陰性
40702,30-39歲,男,無,陰性
40703,40-49歲,男,無,陰性
40704,60歲以上,男,無,陰性
40705,40-49歲,男,無,陰性
40706,30-39歲,女,無,陰性
40707,40-49歲,男,無,陰性
40708,40-49歲,女,二級,陽性
40709,20-29歲,男,無,陰性
40710,40-49歲,男,無,陰性
40711,50-59歲,男,無,陰性
40712,30-39歲,男,二級,陽性
40713,30-39歲,男,無,陰性
40714,50-59歲,男,無,陰性
40715,50-59歲,男,無,陰性
40716,30-39歲,男,無,陰性
40717,50-59歲,男,無,陰性
40718,40-49歲,男,無,陰性
40719,30-39歲,男,無,陰性
40720,50-59歲,男,無,陰性
40721,40-49歲,男,無,陰性
40722,60歲以上,男,二級,陽性
40723,40-49歲,女,無,陰性
40724,20-29歲,男,無,陰性
40725,50-59歲,男,無,陰性
40726,60歲以上,男,二級,陽性
40727,40-49歲,男,無,陰性
40728,30-39歲,男,無,陰性
40729,40-49歲,女,無,陰性
40730,40-49歲,男,二級,陽性
40731,40-49歲,男,無,陰性
40732,19歲以下,男,無,陰性
40733,50-59歲,男,無,陰性
40734,30-39歲,女,無,陰性
40735,50-59歲,男,無,陰性
40736,30-39歲,男,無,陰性
40737,60歲以上,男,無,陰性
40738,20-29歲,男,無,陰性
40739,30-39歲,男,無,陰性
40740,19歲以下,女,無,陰性
40741,20-29歲,女,二級,陽性
40742,50-59歲,男,無,陰性
40743,19歲以下,男,無,陰性
40744,50-59歲,男,二級,陽性
40745,20-29歲,男,無,陰性
40746,30-39歲,男,無,陰性
40747,20-29歲,男,無,陰性
40748,40-49歲,男,無,陰性
40749,40-49歲,女,無,陰性
40750,30-39歲,男,無,陰性
40751,40-49歲,男,無,陰性
40752,60歲以上,男,無,陰性
40753,40-49歲,男,無,陰性
40754,20-29歲,男,二級,陽性
40755,40-49歲,男,二級,陽性
40756,30-39歲,男,無,陰性
40757,50-59歲,男,二級,陽性
40758,50-59歲,男,無,陰性
40759,40-49歲,男,無,陰性
40760,20-29歲,男,無,陰性
40761,30-39歲,男,無,陰性
40762,30-39歲,男,無,陰性
40763,40-49歲,男,無,陰性
40764,30-39歲,男,無,陰性
40765,30-39歲,男,二級,陽性
40766,30-39歲,女,無,陰性
40767,40-49歲,男,無,陰性
40768,40-49歲,男,無,陰性
40769,50-59歲,男,無,陰性
40770,60歲以上,男,無,陰性
40771,60歲以上,男,三級,陽性
40772,40-49歲,女,無,陰性
40773,50-59歲,男,無,陰性
40774,20-29歲,男,無,陰性
40775,30-39歲,男,無,陰性
40776,40-49歲,男,無,陰性
40777,50-59歲,女,二級,陽性
40778,40-49歲,男,無,陰性
40779,20-29歲,男,無,陰性
40780,50-59歲,男,二級,陽性
40781,20-29歲,男,無,陰性
40782,20-29歲,女,無,陰性
40783,40-49歲,男,無,陰性
40784,30-39歲,男,一級,陽性
40785,30-39歲,女,無,陰性
40786,30-39歲,男,無,陰性
40787,60歲以上,女,無,陰性
40788,30-39歲,女,無,陰性
40789,50-59歲,男,二級,陽性
40790,50-59歲,男,無,陰性
40791,30-39歲,男,無,陰性
40792,30-39歲,女,無,陰性
40793,50-59歲,男,無,陰性
40794,40-49歲,女,二級,陽性
40795,50-59歲,男,無,陰性
40796,20-29歲,男,無,陰性
40797,40-49歲,男,無,陰性
40798,50-59歲,女,無,陰性
40799,50-59歲,男,無,陰性
40800,50-59歲,男,無,陰性
40801,30-39歲,男,無,陰性
40802,60歲以上,男,無,陰性
40803,40-49歲,男,無,陰性
40804,50-59歲,男,一級,陽性
40805,60歲以上,男,無,陰性
40806,50-59歲,男,無,陰性
40807,60歲以上,男,無,陰性
40808,30-39歲,男,無,陰性
40809,20-29歲,男,無,陰性
40810,50-59歲,男,無,陰性
40811,40-49歲,男,無,陰性
40812,40-49歲,女,無,陰性
40813,30-39歲,男,無,陰性
40814,50-59歲,男,無,陰性
40815,60歲以上,男,無,陰性
40816,40-49歲,男,無,陰性
40817,19歲以下,男,無,陰性
40818,40-49歲,男,無,陰性
40819,50-59歲,男,無,陰性
40820,40-49歲,女,二級,陽性
40821,30-39歲,男,無,陰性
40822,40-49歲,男,無,陰性
40823,40-49歲,男,三級,陽性
40824,50-59歲,男,二級,陽性
40825,50-59歲,女,三級,陽性
40826,50-59歲,男,無,陰性
40827,50-59歲,男,無,陰性
40828,40-49歲,男,無,陰性
40829,20-29歲,男,無,陰性
40830,50-59歲,男,無,陰性
40831,60歲以上,男,無,陰性
40832,50-59歲,男,二級,陽性
40833,60歲以上,女,二級,陽性
40834,40-49歲,男,無,陰性
40835,50-59歲,男,無,陰性
40836,20-29歲,男,無,陰性
40837,40-49歲,男,二級,陽性
40838,40-49歲,男,三級,陽性
40839,60歲以上,男,無,陰性
40840,50-59歲,男,無,陰性
40841,30-39歲,男,無,陰性
40842,40-49歲,男,三級,陽性
40843,60歲以上,男,無,陰性
40844,60歲以上,男,無,陰性
40845,30-39歲,男,無,陰性
40846,40-49歲,男,無,陰性
40847,20-29歲,男,無,陰性
40848,60歲以上,女,無,陰性
40849,40-49歲,男,一級,陽性
40850,20-29歲,男,無,陰性
40851,30-39歲,男,三級,陽性
40852,40-49歲,男,無,陰性
40853,40-49歲,男,二級,陽性
40854,20-29歲,男,二級,陽性
40855,50-59歲,男,二級,陽性
40856,20-29歲,男,無,陰性
40857,20-29歲,女,三級,陽性
40858,50-59歲,男,無,陰性
40859,30-39歲,男,無,陰性
40860,50-59歲,男,一級,陽性
40861,60歲以上,男,無,陰性
40862,40-49歲,男,無,陰性
40863,50-59歲,男,無,陰性
40864,50-59歲,女,三級,陽性
40865,40-49歲,女,無,陰性
40866,40-49歲,男,無,陰性
40867,50-59歲,男,無,陰性
40868,20-29歲,男,無,陰性
40869,60歲以上,男,無,陰性
40870,40-49歲,男,無,陰性
40871,40-49歲,男,無,陰性
40872,40-49歲,男,無,陰性
40873,40-49歲,男,無,陰性
40874,40-49歲,男,二級,陽性
40875,40-49歲,男,無,陰性
40876,30-39歲,男,無,陰性
40877,19歲以下,男,無,陰性
40878,40-49歲,男,三級,陽性
40879,50-59歲,男,無,陰性
40880,60歲以上,男,二級,陽性
40881,50-59歲,男,無,陰性
40882,50-59歲,男,無,陰性
40883,50-59歲,男,無,陰性
40884,40-49歲,男,二級,陽性
40885,30-39歲,男,三級,陽性
40886,30-39歲,男,無,陰性
40887,60歲以上,男,無,陰性
40888,40-49歲,男,無,陰性
40889,40-49歲,男,無,陰性
40890,20-29歲,男,三級,陽性
40891,40-49歲,男,無,陰性
40892,50-59歲,男,無,陰性
40893,30-39歲,男,無,陰性
40894,50-59歲,女,三級,陽性
40895,40-49歲,女,無,陰性
40896,50-59歲,男,無,陰性
40897,40-49歲,女,二級,陽性
40898,40-49歲,女,無,陰性
40899,30-39歲,男,無,陰性
40900,40-49歲,男,無,陰性
40901,20-29歲,男,無,陰性
40902,40-49歲,男,無,陰性
40903,40-49歲,男,二級,陽性
40904,50-59歲,男,無,陰性
40905,60歲以上,男,無,陰性
40906,30-39歲,男,無,陰性
40907,30-39歲,男,無,陰性
40908,40-49歲,男,無,陰性
40909,30-39歲,男,無,陰性
40910,40-49歲,男,無,陰性
40911,30-39歲,男,無,陰性
40912,40-49歲,男,無,陰性
40913,30-39歲,男,無,陰性
40914,60歲以上,男,無,陰性
40915,50-59歲,男,無,陰性
40916,60歲以上,男,無,陰性
40917,50-59歲,男,二級,陽性
40918,50-59歲,男,二級,陽性
40919,60歲以上,女,二級,陽性
40920,50-59歲,男,無,陰性
40921,50-59歲,男,無,陰性
40922,40-49歲,男,無,陰性
40923,50-59歲,男,無,陰性
40924,40-49歲,男,一級,陽性
40925,40-49歲,男,無,陰性
40926,50-59歲,女,二級,陽性
40927,30-39歲,女,無,陰性
40928,60歲以上,男,二級,陽性
40929,40-49歲,女,無,陰性
40930,30-39歲,男,無,陰性
40931,19歲以下,男,無,陰性
40932,30-39歲,男,無,陰性
40933,30-39歲,男,無,陰性
40934,40-49歲,男,無,陰性
40935,50-59歲,男,二級,陽性
40936,50-59歲,男,無,陰性
40937,50-59歲,男,無,陰性
40938,40-49歲,男,無,陰性
40939,50-59歲,男,三級,陽性
40940,40-49歲,男,無,陰性
40941,40-49歲,男,無,陰性
40942,40-49歲,男,無,陰性
40943,40-49歲,男,無,陰性
40944,30-39歲,男,一級,陽性
40945,40-49歲,男,無,陰性
40946,40-49歲,男,無,陰性
40947,30-39歲,女,二級,陽性
40948,50-59歲,男,無,陰性
40949,40-49歲,男,無,陰性
40950,50-59歲,男,無,陰性
40951,50-59歲,男,無,陰性
40952,50-59歲,男,無,陰性
40953,50-59歲,男,無,陰性
40954,40-49歲,男,無,陰性
40955,40-49歲,男,無,陰性
40956,30-39歲,男,無,陰性
40957,40-49歲,男,無,陰性
40958,40-49歲,男,無,陰性
40959,40-49歲,男,無,陰性
40960,40-49歲,女,無,陰性
40961,50-59歲,女,無,陰性
40962,40-49歲,男,無,陰性
40963,40-49歲,男,無,陰性
40964,30-39歲,女,無,陰性
40965,40-49歲,男,無,陰性
40966,30-39歲,男,無,陰性
40967,20-29歲,男,無,陰性
40968,40-49歲,男,無,陰性
40969,50-59歲,男,無,陰性
40970,50-59歲,女,無,陰性
40971,50-59歲,男,無,陰性
40972,30-39歲,女,無,陰性
40973,50-59歲,男,無,陰性
40974,40-49歲,男,二級,陽性
40975,40-49歲,男,無,陰性
40976,20-29歲,男,無,陰性
40977,50-59歲,男,無,陰性
40978,20-29歲,男,無,陰性
40979,30-39歲,女,無,陰性
40980,30-39歲,女,無,陰性
40981,30-39歲,男,二級,陽性
40982,40-49歲,男,無,陰性
40983,40-49歲,男,二級,陽性
40984,50-59歲,男,無,陰性
40985,40-49歲,男,三級,陽性
40986,40-49歲,男,二級,陽性
40987,40-49歲,男,無,陰性
40988,20-29歲,男,無,陰性
40989,40-49歲,男,二級,陽性
40990,50-59歲,男,二級,陽性
40991,60歲以上,男,二級,陽性
40992,19歲以下,男,無,陰性
40993,20-29歲,男,無,陰性
40994,50-59歲,女,二級,陽性
40995,20-29歲,男,無,陰性
40996,30-39歲,男,無,陰性
40997,30-39歲,男,無,陰性
40998,50-59歲,男,無,陰性
40999,40-49歲,男,二級,陽性
41000,50-59歲,男,無,陰性
41001,40-49歲,女,二級,陽性
41002,60歲以上,男,無,陰性
41003,40-49歲,男,無,陰性
41004,40-49歲,男,無,陰性
41005,60歲以上,男,二級,陽性
41006,50-59歲,女,無,陰性
41007,40-49歲,男,無,陰性
41008,50-59歲,男,二級,陽性
41009,30-39歲,男,無,陰性
41010,40-49歲,女,無,陰性
41011,60歲以上,男,無,陰性
41012,20-29歲,男,無,陰性
41013,30-39歲,男,二級,陽性
41014,40-49歲,男,無,陰性
41015,40-49歲,女,一級,陽性
41016,40-49歲,女,無,陰性
41017,40-49歲,女,二級,陽性
41018,50-59歲,男,無,陰性
41019,30-39歲,男,無,陰性
41020,60歲以上,男,無,陰性
41021,20-29歲,男,無,陰性
41022,20-29歲,男,無,陰性
41023,40-49歲,男,二級,陽性
41024,50-59歲,男,二級,陽性
41025,40-49歲,男,無,陰性
41026,40-49歲,男,無,陰性
41027,50-59歲,女,無,陰性
41028,50-59歲,男,三級,陽性
41029,40-49歲,男,二級,陽性
41030,50-59歲,男,無,陰性
41031,40-49歲,男,二級,陽性
41032,30-39歲,男,無,陰性
41033,40-49歲,男,無,陰性
41034,20-29歲,男,無,陰性
41035,30-39歲,男,無,陰性
41036,40-49歲,男,無,陰性
41037,40-49歲,男,無,陰性
41038,40-49歲,男,無,陰性
41039,30-39歲,男,無,陰性
41040,60歲以上,男,無,陰性
41041,30-39歲,男,二級,陽性
41042,20-29歲,男,二級,陽性
41043,30-39歲,男,無,陰性
41044,40-49歲,男,無,陰性
41045,40-49歲,男,二級,陽性
41046,50-59歲,男,無,陰性
41047,40-49歲,男,無,陰性
41048,30-39歲,女,二級,陽性
41049,40-49歲,男,無,陰性
41050,50-59歲,女,無,陰性
41051,50-59歲,男,無,陰性
41052,40-49歲,女,二級,陽性
41053,50-59歲,男,無,陰性
41054,60歲以上,男,無,陰性
41055,60歲以上,男,無,陰性
41056,40-49歲,男,無,陰性
41057,40-49歲,女,無,陰性
41058,40-49歲,男,二級,陽性
41059,40-49歲,男,無,陰性
41060,40-49歲,男,無,陰性
41061,40-49歲,男,無,陰性
41062,50-59歲,女,無,陰性
41063,50-59歲,男,二級,陽性
41064,40-49歲,男,無,陰性
41065,50-59歲,男,無,陰性
41066,60歲以上,男,無,陰性
41067,30-39歲,男,無,陰性
41068,50-59歲,男,無,陰性
41069,50-59歲,男,無,陰性
41070,50-59歲,女,無,陰性
41071,50-59歲,男,二級,陽性
41072,50-59歲,男,二級,陽性
41073,30-39歲,男,三級,陽性
41074,19歲以下,男,無,陰性
41075,60歲以上,女,無,陰性
41076,40-49歲,男,無,陰性
41077,40-49歲,男,無,陰性
41078,40-49歲,男,無,陰性
41079,20-29歲,男,無,陰性
41080,40-49歲,女,二級,陽性
41081,50-59歲,男,無,陰性
41082,40-49歲,男,無,陰性
41083,20-29歲,男,二級,陽性
41084,50-59歲,女,無,陰性
41085,20-29歲,男,無,陰性
41086,60歲以上,男,二級,陽性
41087,40-49歲,男,無,陰性
41088,30-39歲,男,二級,陽性
41089,30-39歲,男,一級,陽性
41090,40-49歲,女,無,陰性
41091,40-49歲,女,無,陰性
41092,40-49歲,男,無,陰性
41093,20-29歲,男,二級,陽性
41094,40-49歲,男,二級,陽性
41095,50-59歲,女,二級,陽性
41096,50-59歲,男,無,陰性
41097,40-49歲,男,二級,陽性
41098,40-49歲,男,無,陰性
41099,40-49歲,男,無,陰性
41100,40-49歲,男,二級,陽性
41101,30-39歲,男,無,陰性
41102,40-49歲,男,二級,陽性
41103,50-59歲,男,無,陰性
41104,50-59歲,男,無,陰性
41105,50-59歲,男,無,陰性
41106,40-49歲,男,二級,陽性
41107,50-59歲,男,無,陰性
41108,40-49歲,男,二級,陽性
41109,50-59歲,男,無,陰性
41110,50-59歲,男,無,陰性
41111,60歲以上,女,無,陰性
41112,40-49歲,男,無,陰性
41113,60歲以上,男,無,陰性
41114,40-49歲,男,無,陰性
41115,60歲以上,男,無,陰性
41116,40-49歲,女,二級,陽性
41117,40-49歲,男,無,陰性
41118,60歲以上,女,二級,陽性
41119,50-59歲,男,無,陰性
41120,40-49歲,男,無,陰性
41121,60歲以上,男,無,陰性
41122,50-59歲,女,二級,陽性
41123,50-59歲,男,無,陰性
41124,60歲以上,男,無,陰性
41125,19歲以下,男,無,陰性
41126,40-49歲,男,無,陰性
41127,40-49歲,男,無,陰性
41128,40-49歲,女,無,陰性
41129,50-59歲,男,二級,陽性
41130,40-49歲,男,無,陰性
41131,60歲以上,女,無,陰性
41132,40-49歲,男,三級,陽性
41133,30-39歲,男,二級,陽性
41134,40-49歲,男,無,陰性
41135,30-39歲,男,無,陰性
41136,60歲以上,男,無,陰性
41137,60歲以上,男,無,陰性
41138,50-59歲,男,無,陰性
41139,30-39歲,男,無,陰性
41140,50-59歲,男,二級,陽性
41141,60歲以上,男,二級,陽性
41142,30-39歲,男,無,陰性
41143,40-49歲,男,無,陰性
41144,50-59歲,男,無,陰性
41145,40-49歲,男,無,陰性
41146,19歲以下,男,二級,陽性
41147,30-39歲,男,無,陰性
41148,40-49歲,男,二級,陽性
41149,20-29歲,男,無,陰性
41150,40-49歲,男,無,陰性
41151,40-49歲,男,無,陰性
41152,60歲以上,男,二級,陽性
41153,40-49歲,男,無,陰性
41154,40-49歲,男,無,陰性
41155,40-49歲,女,無,陰性
41156,50-59歲,男,無,陰性
41157,20-29歲,男,無,陰性
41158,30-39歲,男,無,陰性
41159,50-59歲,男,無,陰性
41160,50-59歲,男,無,陰性
41161,40-49歲,女,無,陰性
41162,40-49歲,女,無,陰性
41163,60歲以上,女,無,陰性
41164,50-59歲,男,無,陰性
41165,50-59歲,男,二級,陽性
41166,40-49歲,男,無,陰性
41167,40-49歲,男,一級,陽性
41168,30-39歲,男,無,陰性
41169,30-39歲,男,無,陰性
41170,40-49歲,男,二級,陽性
41171,30-39歲,男,無,陰性
41172,40-49歲,男,一級,陽性
41173,50-59歲,男,二級,陽性
41174,40-49歲,男,無,陰性
41175,60歲以上,男,無,陰性
41176,60歲以上,女,二級,陽性
41177,60歲以上,男,無,陰性
41178,19歲以下,女,無,陰性
41179,50-59歲,女,無,陰性
41180,30-39歲,男,無,陰性
41181,60歲以上,男,無,陰性
41182,30-39歲,男,無,陰性
41183,30-39歲,女,無,陰性
41184,40-49歲,女,無,陰性
41185,30-39歲,男,三級,陽性
41186,30-39歲,男,無,陰性
41187,50-59歲,男,無,陰性
41188,19歲以下,男,無,陰性
41189,20-29歲,男,無,陰性
41190,30-39歲,男,無,陰性
41191,40-49歲,女,無,陰性
41192,20-29歲,男,二級,陽性
41193,50-59歲,男,無,陰性
41194,50-59歲,男,無,陰性
41195,40-49歲,男,三級,陽性
41196,40-49歲,男,無,陰性
41197,40-49歲,男,二級,陽性
41198,60歲以上,男,無,陰性
41199,40-49歲,男,無,陰性
41200,20-29歲,男,無,陰性
41201,50-59歲,男,無,陰性
41202,20-29歲,女,無,陰性
41203,30-39歲,女,無,陰性
41204,40-49歲,男,無,陰性
41205,30-39歲,男,無,陰性
41206,40-49歲,男,無,陰性
41207,30-39歲,男,無,陰性
41208,60歲以上,男,二級,陽性
41209,30-39歲,男,無,陰性
41210,60歲以上,男,二級,陽性
41211,20-29歲,男,無,陰性
41212,20-29歲,男,無,陰性
41213,50-59歲,男,無,陰性
41214,20-29歲,女,二級,陽性
41215,40-49歲,男,二級,陽性
41216,30-39歲,男,無,陰性
41217,30-39歲,男,無,陰性
41218,40-49歲,男,無,陰性
41219,20-29歲,男,無,陰性
41220,40-49歲,男,無,陰性
41221,50-59歲,男,無,陰性
41222,60歲以上,男,無,陰性
41223,40-49歲,男,二級,陽性
41224,30-39歲,男,無,陰性
41225,40-49歲,男,三級,陽性
41226,60歲以上,男,無,陰性
41227,50-59歲,男,無,陰性
41228,50-59歲,男,無,陰性
41229,40-49歲,男,無,陰性
41230,50-59歲,男,二級,陽性
41231,20-29歲,男,無,陰性
41232,19歲以下,女,無,陰性
41233,40-49歲,男,二級,陽性
41234,30-39歲,男,二級,陽性
41235,20-29歲,男,無,陰性
41236,50-59歲,男,無,陰性
41237,50-59歲,男,無,陰性
41238,50-59歲,男,無,陰性
41239,40-49歲,男,無,陰性
41240,40-49歲,女,無,陰性
41241,50-59歲,女,無,陰性
41242,20-29歲,男,無,陰性
41243,50-59歲,男,無,陰性
41244,50-59歲,男,無,陰性
41245,40-49歲,男,二級,陽性
41246,40-49歲,男,無,陰性
41247,50-59歲,男,無,陰性
41248,50-59歲,女,無,陰性
41249,19歲以下,女,二級,陽性
41250,50-59歲,男,無,陰性
41251,30-39歲,男,三級,陽性
41252,60歲以上,男,無,陰性
41253,50-59歲,男,無,陰性
41254,40-49歲,男,無,陰性
41255,40-49歲,男,無,陰性
41256,40-49歲,男,二級,陽性
41257,19歲以下,男,無,陰性
41258,40-49歲,女,二級,陽性
41259,30-39歲,男,無,陰性
41260,50-59歲,女,無,陰性
41261,30-39歲,男,無,陰性
41262,50-59歲,男,二級,陽性
41263,60歲以上,男,無,陰性
41264,40-49歲,女,無,陰性
41265,50-59歲,男,二級,陽性
41266,50-59歲,男,無,陰性
41267,40-49歲,男,二級,陽性
41268,60歲以上,男,無,陰性
41269,40-49歲,女,無,陰性
41270,30-39歲,男,無,陰性
41271,60歲以上,男,無,陰性
41272,50-59歲,男,二級,陽性
41273,40-49歲,女,無,陰性
41274,40-49歲,男,無,陰性
41275,40-49歲,男,無,陰性
41276,60歲以上,男,無,陰性
41277,30-39歲,男,無,陰性
41278,50-59歲,男,無,陰性
41279,50-59歲,男,無,陰性
41280,20-29歲,男,無,陰性
41281,30-39歲,男,二級,陽性
41282,60歲以上,男,無,陰性
41283,19歲以下,男,無,陰性
41284,30-39歲,男,無,陰性
41285,40-49歲,男,無,陰性
41286,50-59歲,男,無,陰性
41287,50-59歲,男,二級,陽性
41288,50-59歲,女,無,陰性
41289,50-59歲,男,無,陰性
41290,30-39歲,男,無,陰性
41291,40-49歲,女,二級,陽性
41292,60歲以上,男,無,陰性
41293,40-49歲,男,無,陰性
41294,30-39歲,男,無,陰性
41295,40-49歲,女,二級,陽性
41296,60歲以上,男,無,陰性
41297,30-39歲,女,無,陰性
41298,40-49歲,男,一級,陽性
41299,30-39歲,女,無,陰性
41300,60歲以上,男,二級,陽性
41301,40-49歲,男,無,陰性
41302,30-39歲,男,無,陰性
41303,60歲以上,男,無,陰性
41304,20-29歲,男,二級,陽性
41305,50-59歲,男,無,陰性
41306,50-59歲,男,無,陰性
41307,60歲以上,女,二級,陽性
41308,40-49歲,男,無,陰性
41309,40-49歲,男,無,陰性
41310,30-39歲,男,二級,陽性
41311,30-39歲,男,二級,陽性
41312,40-49歲,女,無,陰性
41313,50-59歲,男,無,陰性
41314,60歲以上,男,無,陰性
41315,60歲以上,男,無,陰性
41316,50-59歲,男,無,陰性
41317,30-39歲,男,無,陰性
41318,50-59歲,男,二級,陽性
41319,60歲以上,男,二級,陽性
41320,40-49歲,男,三級,陽性
41321,60歲以上,男,無,陰性
41322,60歲以上,男,無,陰性
41323,19歲以下,男,無,陰性
41324,60歲以上,男,無,陰性
41325,30-39歲,男,二級,陽性
41326,50-59歲,男,三級,陽性
41327,19歲以下,男,無,陰性
41328,50-59歲,男,無,陰性
41329,40-49歲,女,無,陰性
41330,40-49歲,男,無,陰性
41331,30-39歲,女,三級,陽性
41332,40-49歲,男,無,陰性
41333,50-59歲,男,二級,陽性
41334,50-59歲,男,無,陰性
41335,40-49歲,男,無,陰性
41336,50-59歲,女,無,陰性
41337,40-49歲,男,二級,陽性
41338,40-49歲,男,無,陰性
41339,40-49歲,男,無,陰性
41340,30-39歲,男,無,陰性
41341,20-29歲,男,無,陰性
41342,50-59歲,男,無,陰性
41343,40-49歲,男,無,陰性
41344,40-49歲,男,二級,陽性
41345,40-49歲,男,無,陰性
41346,20-29歲,男,無,陰性
41347,30-39歲,男,二級,陽性
41348,40-49歲,男,無,陰性
41349,50-59歲,男,二級,陽性
41350,19歲以下,男,二級,陽性
41351,20-29歲,男,無,陰性
41352,50-59歲,女,無,陰性
41353,60歲以上,男,無,陰性
41354,60歲以上,男,無,陰性
41355,40-49歲,男,二級,陽性
41356,40-49歲,女,無,陰性
41357,40-49歲,男,無,陰性
41358,50-59歲,男,無,陰性
41359,40-49歲,男,無,陰性
41360,50-59歲,男,無,陰性
41361,30-39歲,男,二級,陽性
41362,30-39歲,男,無,陰性
41363,30-39歲,女,無,陰性
41364,20-29歲,男,二級,陽性
41365,40-49歲,女,二級,陽性
41366,50-59歲,男,無,陰性
41367,60歲以上,男,三級,陽性
41368,20-29歲,男,無,陰性
41369,50-59歲,女,無,陰性
41370,50-59歲,男,無,陰性
41371,50-59歲,男,三級,陽性
41372,20-29歲,男,無,陰性
41373,19歲以下,男,無,陰性
41374,30-39歲,男,一級,陽性
41375,30-39歲,男,一級,陽性
41376,40-49歲,女,二級,陽性
41377,40-49歲,男,二級,陽性
41378,50-59歲,男,二級,陽性
41379,40-49歲,男,無,陰性
41380,50-59歲,男,無,陰性
41381,50-59歲,男,無,陰性
41382,40-49歲,男,無,陰性
41383,50-59歲,男,無,陰性
41384,50-59歲,男,無,陰性
41385,40-49歲,男,無,陰性
41386,60歲以上,男,無,陰性
41387,20-29歲,男,三級,陽性
41388,40-49歲,男,無,陰性
41389,30-39歲,男,無,陰性
41390,50-59歲,男,無,陰性
41391,50-59歲,男,無,陰性
41392,50-59歲,男,無,陰性
41393,19歲以下,男,一級,陽性
41394,40-49歲,男,無,陰性
41395,40-49歲,男,無,陰性
41396,60歲以上,男,三級,陽性
41397,50-59歲,男,無,陰性
41398,20-29歲,男,無,陰性
41399,50-59歲,男,二級,陽性
41400,30-39歲,男,無,陰性
41401,50-59歲,男,無,陰性
41402,30-39歲,男,二級,陽性
41403,50-59歲,男,二級,陽性
41404,40-49歲,男,二級,陽性
41405,40-49歲,男,無,陰性
41406,50-59歲,男,無,陰性
41407,50-59歲,男,無,陰性
41408,40-49歲,男,一級,陽性
41409,40-49歲,男,無,陰性
41410,30-39歲,男,無,陰性
41411,30-39歲,男,無,陰性
41412,19歲以下,男,無,陰性
41413,50-59歲,男,無,陰性
41414,40-49歲,男,無,陰性
41415,40-49歲,男,無,陰性
41416,30-39歲,男,無,陰性
41417,40-49歲,男,無,陰性
41418,40-49歲,男,無,陰性
41419,50-59歲,男,無,陰性
41420,30-39歲,男,無,陰性
41421,60歲以上,男,無,陰性
41422,60歲以上,男,無,陰性
41423,40-49歲,男,無,陰性
41424,60歲以上,男,二級,陽性
41425,40-49歲,男,無,陰性
41426,40-49歲,男,無,陰性
41427,30-39歲,男,二級,陽性
41428,40-49歲,男,無,陰性
41429,30-39歲,男,無,陰性
41430,60歲以上,男,無,陰性
41431,40-49歲,男,無,陰性
41432,60歲以上,男,無,陰性
41433,30-39歲,男,無,陰性
41434,30-39歲,男,無,陰性
41435,50-59歲,男,無,陰性
41436,40-49歲,男,無,陰性
41437,20-29歲,男,無,陰性
41438,40-49歲,男,無,陰性
41439,30-39歲,男,無,陰性
41440,30-39歲,男,無,陰性
41441,50-59歲,女,無,陰性
41442,30-39歲,女,無,陰性
41443,40-49歲,男,二級,陽性
41444,50-59歲,男,無,陰性
41445,50-59歲,女,無,陰性
41446,19歲以下,男,無,陰性
41447,60歲以上,男,無,陰性
41448,60歲以上,男,無,陰性
41449,50-59歲,女,二級,陽性
41450,30-39歲,男,無,陰性
41451,30-39歲,男,無,陰性
41452,40-49歲,男,無,陰性
41453,50-59歲,男,無,陰性
41454,30-39歲,男,無,陰性
41455,40-49歲,男,無,陰性
41456,50-59歲,男,無,陰性
41457,40-49歲,男,無,陰性
41458,40-49歲,女,無,陰性
41459,50-59歲,男,無,陰性
41460,50-59歲,男,二級,陽性
41461,50-59歲,男,無,陰性
41462,40-49歲,女,無,陰性
41463,20-29歲,男,無,陰性
41464,40-49歲,男,無,陰性
41465,50-59歲,男,二級,陽性
41466,40-49歲,男,無,陰性
41467,40-49歲,女,無,陰性
41468,40-49歲,男,二級,陽性
41469,20-29歲,男,二級,陽性
41470,19歲以下,男,二級,陽性
41471,20-29歲,男,無,陰性
41472,30-39歲,男,二級,陽性
41473,60歲以上,女,無,陰性
41474,40-49歲,男,無,陰性
41475,40-49歲,男,無,陰性
41476,60歲以上,男,無,陰性
41477,30-39歲,男,二級,陽性
41478,60歲以上,男,無,陰性
41479,19歲以下,男,無,陰性
41480,40-49歲,女,無,陰性
41481,50-59歲,男,無,陰性
41482,40-49歲,男,無,陰性
41483,50-59歲,女,無,陰性
41484,50-59歲,男,無,陰性
41485,20-29歲,男,無,陰性
41486,50-59歲,女,二級,陽性
41487,19歲以下,男,無,陰性
41488,40-49歲,男,二級,陽性
41489,40-49歲,女,無,陰性
41490,50-59歲,男,一級,陽性
41491,40-49歲,女,無,陰性
41492,40-49歲,男,無,陰性
41493,40-49歲,男,二級,陽性
41494,40-49歲,男,無,陰性
41495,50-59歲,男,無,陰性
41496,20-29歲,男,無,陰性
41497,50-59歲,女,二級,陽性
41498,50-59歲,男,無,陰性
41499,40-49歲,男,無,陰性
41500,50-59歲,男,二級,陽性
41501,40-49歲,男,無,陰性
41502,30-39歲,男,二級,陽性
41503,50-59歲,女,二級,陽性
41504,40-49歲,男,無,陰性
41505,60歲以上,男,無,陰性
41506,50-59歲,男,三級,陽性
41507,20-29歲,女,二級,陽性
41508,40-49歲,女,二級,陽性
41509,40-49歲,男,無,陰性
41510,50-59歲,男,二級,陽性
41511,20-29歲,男,無,陰性
41512,40-49歲,男,無,陰性
41513,50-59歲,女,二級,陽性
41514,60歲以上,男,無,陰性
41515,40-49歲,男,無,陰性
41516,20-29歲,男,無,陰性
41517,50-59歲,女,二級,陽性
41518,40-49歲,男,無,陰性
41519,40-49歲,男,無,陰性
41520,50-59歲,男,二級,陽性
41521,20-29歲,男,無,陰性
41522,40-49歲,男,無,陰性
41523,20-29歲,男,二級,陽性
41524,40-49歲,男,無,陰性
41525,50-59歲,男,三級,陽性
41526,30-39歲,男,無,陰性
41527,60歲以上,男,無,陰性
41528,50-59歲,男,無,陰性
41529,60歲以上,女,無,陰性
41530,50-59歲,男,無,陰性
41531,30-39歲,男,無,陰性
41532,40-49歲,男,無,陰性
41533,20-29歲,男,無,陰性
41534,40-49歲,男,無,陰性
41535,40-49歲,男,無,陰性
41536,40-49歲,男,無,陰性
41537,50-59歲,男,無,陰性
41538,30-39歲,男,二級,陽性
41539,30-39歲,男,無,陰性
41540,40-49歲,男,無,陰性
41541,40-49歲,男,無,陰性
41542,19歲以下,男,無,陰性
41543,30-39歲,男,無,陰性
41544,20-29歲,男,無,陰性
41545,30-39歲,女,無,陰性
41546,40-49歲,男,無,陰性
41547,30-39歲,男,無,陰性
41548,20-29歲,男,無,陰性
41549,40-49歲,男,無,陰性
41550,40-49歲,男,無,陰性
41551,40-49歲,女,無,陰性
41552,50-59歲,男,無,陰性
41553,40-49歲,男,無,陰性
41554,40-49歲,男,無,陰性
41555,40-49歲,男,無,陰性
41556,50-59歲,男,二級,陽性
41557,30-39歲,男,無,陰性
41558,40-49歲,男,無,陰性
41559,30-39歲,男,二級,陽性
41560,40-49歲,男,二級,陽性
41561,30-39歲,男,無,陰性
41562,40-49歲,男,無,陰性
41563,50-59歲,男,無,陰性
41564,50-59歲,男,二級,陽性
41565,40-49歲,男,無,陰性
41566,30-39歲,女,無,陰性
41567,50-59歲,女,無,陰性
41568,40-49歲,男,無,陰性
41569,50-59歲,男,無,陰性
41570,50-59歲,男,無,陰性
41571,40-49歲,男,無,陰性
41572,40-49歲,女,無,陰性
41573,50-59歲,男,無,陰性
41574,40-49歲,男,無,陰性
41575,30-39歲,男,無,陰性
41576,40-49歲,男,無,陰性
41577,40-49歲,男,無,陰性
41578,50-59歲,男,無,陰性
41579,30-39歲,男,無,陰性
41580,30-39歲,男,無,陰性
41581,30-39歲,男,無,陰性
41582,50-59歲,男,無,陰性
41583,20-29歲,男,無,陰性
41584,50-59歲,女,無,陰性
41585,30-39歲,男,無,陰性
41586,60歲以上,男,無,陰性
41587,50-59歲,女,二級,陽性
41588,50-59歲,女,無,陰性
41589,50-59歲,男,無,陰性
41590,60歲以上,女,無,陰性
41591,50-59歲,男,二級,陽性
41592,30-39歲,男,無,陰性
41593,30-39歲,男,二級,陽性
41594,40-49歲,女,無,陰性
41595,50-59歲,男,無,陰性
41596,20-29歲,男,二級,陽性
41597,60歲以上,女,無,陰性
41598,40-49歲,男,無,陰性
41599,50-59歲,男,無,陰性
41600,50-59歲,男,無,陰性
41601,40-49歲,男,無,陰性
41602,40-49歲,男,三級,陽性
41603,50-59歲,女,二級,陽性
41604,20-29歲,男,無,陰性
41605,20-29歲,女,無,陰性
41606,20-29歲,男,無,陰性
41607,50-59歲,男,無,陰性
41608,40-49歲,男,無,陰性
41609,40-49歲,男,無,陰性
41610,40-49歲,女,無,陰性
41611,50-59歲,女,無,陰性
41612,40-49歲,男,無,陰性
41613,20-29歲,男,無,陰性
41614,50-59歲,男,無,陰性
41615,20-29歲,男,無,陰性
41616,20-29歲,男,無,陰性
41617,50-59歲,男,二級,陽性
41618,20-29歲,男,無,陰性
41619,50-59歲,男,二級,陽性
41620,40-49歲,男,無,陰性
41621,40-49歲,男,無,陰性
41622,40-49歲,女,無,陰性
41623,40-49歲,男,無,陰性
41624,30-39歲,男,無,陰性
41625,30-39歲,男,無,陰性
41626,19歲以下,女,無,陰性
41627,60歲以上,男,無,陰性
41628,50-59歲,男,無,陰性
41629,40-49歲,女,無,陰性
41630,20-29歲,男,無,陰性
41631,50-59歲,男,一級,陽性
41632,50-59歲,男,無,陰性
41633,50-59歲,男,無,陰性
41634,50-59歲,男,無,陰性
41635,60歲以上,女,無,陰性
41636,40-49歲,男,無,陰性
41637,40-49歲,男,無,陰性
41638,40-49歲,男,二級,陽性
41639,30-39歲,女,無,陰性
41640,20-29歲,男,無,陰性
41641,40-49歲,男,無,陰性
41642,50-59歲,男,無,陰性
41643,50-59歲,男,無,陰性
41644,40-49歲,男,無,陰性
41645,40-49歲,男,無,陰性
41646,50-59歲,女,無,陰性
41647,30-39歲,男,二級,陽性
41648,50-59歲,女,無,陰性
41649,40-49歲,男,無,陰性
41650,40-49歲,男,二級,陽性
41651,20-29歲,男,三級,陽性
41652,40-49歲,男,二級,陽性
41653,30-39歲,男,二級,陽性
41654,60歲以上,男,無,陰性
41655,40-49歲,女,無,陰性
41656,30-39歲,男,無,陰性
41657,60歲以上,男,無,陰性
41658,50-59歲,男,無,陰性
41659,50-59歲,男,無,陰性
41660,60歲以上,男,二級,陽性
41661,60歲以上,男,無,陰性
41662,40-49歲,男,無,陰性
41663,40-49歲,男,無,陰性
41664,60歲以上,男,無,陰性
41665,30-39歲,男,無,陰性
41666,60歲以上,男,無,陰性
41667,40-49歲,女,二級,陽性
41668,60歲以上,女,二級,陽性
41669,40-49歲,男,三級,陽性
41670,40-49歲,男,無,陰性
41671,50-59歲,男,無,陰性
41672,40-49歲,男,無,陰性
41673,60歲以上,男,二級,陽性
41674,50-59歲,男,無,陰性
41675,40-49歲,男,二級,陽性
41676,40-49歲,男,無,陰性
41677,40-49歲,男,無,陰性
41678,40-49歲,女,無,陰性
41679,40-49歲,男,無,陰性
41680,60歲以上,男,無,陰性
41681,40-49歲,男,二級,陽性
41682,40-49歲,男,無,陰性
41683,30-39歲,女,二級,陽性
41684,50-59歲,男,無,陰性
41685,50-59歲,男,二級,陽性
41686,20-29歲,男,無,陰性
41687,60歲以上,女,無,陰性
41688,60歲以上,女,無,陰性
41689,50-59歲,男,無,陰性
41690,30-39歲,男,無,陰性
41691,30-39歲,男,無,陰性
41692,20-29歲,男,無,陰性
41693,50-59歲,女,三級,陽性
41694,30-39歲,男,二級,陽性
41695,40-49歲,男,無,陰性
41696,40-49歲,男,二級,陽性
41697,40-49歲,男,無,陰性
41698,20-29歲,男,三級,陽性
41699,40-49歲,男,二級,陽性
41700,50-59歲,男,無,陰性
41701,40-49歲,男,二級,陽性
41702,60歲以上,男,無,陰性
41703,40-49歲,男,無,陰性
41704,40-49歲,男,三級,陽性
41705,60歲以上,女,無,陰性
41706,50-59歲,女,二級,陽性
41707,50-59歲,女,二級,陽性
41708,20-29歲,男,無,陰性
41709,40-49歲,女,無,陰性
41710,50-59歲,男,無,陰性
41711,40-49歲,男,無,陰性
41712,50-59歲,男,無,陰性
41713,20-29歲,男,無,陰性
41714,50-59歲,男,無,陰性
41715,60歲以上,女,無,陰性
41716,40-49歲,男,無,陰性
41717,50-59歲,女,無,陰性
41718,40-49歲,男,無,陰性
41719,60歲以上,男,無,陰性
41720,40-49歲,男,二級,陽性
41721,60歲以上,男,無,陰性
41722,40-49歲,男,無,陰性
41723,50-59歲,男,無,陰性
41724,20-29歲,男,二級,陽性
41725,50-59歲,女,無,陰性
41726,40-49歲,男,無,陰性
41727,60歲以上,女,無,陰性
41728,19歲以下,男,無,陰性
41729,40-49歲,男,二級,陽性
41730,40-49歲,女,無,陰性
41731,30-39歲,男,無,陰性
41732,20-29歲,男,無,陰性
41733,40-49歲,男,無,陰性
41734,40-49歲,男,無,陰性
41735,40-49歲,男,無,陰性
41736,30-39歲,男,無,陰性
41737,30-39歲,男,無,陰性
41738,60歲以上,男,無,陰性
41739,40-49歲,男,無,陰性
41740,40-49歲,女,無,陰性
41741,30-39歲,男,無,陰性
41742,60歲以上,女,無,陰性
41743,40-49歲,男,無,陰性
41744,50-59歲,男,無,陰性
41745,40-49歲,男,無,陰性
41746,60歲以上,男,無,陰性
41747,30-39歲,男,無,陰性
41748,50-59歲,男,無,陰性
41749,30-39歲,男,無,陰性
41750,50-59歲,男,無,陰性
41751,40-49歲,男,無,陰性
41752,30-39歲,男,二級,陽性
41753,20-29歲,男,無,陰性
41754,20-29歲,男,三級,陽性
41755,40-49歲,女,二級,陽性
41756,60歲以上,男,無,陰性
41757,40-49歲,男,無,陰性
41758,30-39歲,女,一級,陽性
41759,19歲以下,女,無,陰性
41760,40-49歲,女,無,陰性
41761,50-59歲,男,二級,陽性
41762,30-39歲,男,無,陰性
41763,20-29歲,男,無,陰性
41764,50-59歲,男,無,陰性
41765,50-59歲,男,無,陰性
41766,30-39歲,男,無,陰性
41767,30-39歲,男,無,陰性
41768,60歲以上,男,無,陰性
41769,50-59歲,男,無,陰性
41770,50-59歲,男,無,陰性
41771,40-49歲,男,無,陰性
41772,60歲以上,女,無,陰性
41773,20-29歲,男,無,陰性
41774,40-49歲,男,無,陰性
41775,30-39歲,男,二級,陽性
41776,40-49歲,男,無,陰性
41777,40-49歲,男,二級,陽性
41778,40-49歲,男,二級,陽性
41779,40-49歲,男,無,陰性
41780,50-59歲,男,無,陰性
41781,20-29歲,女,二級,陽性
41782,40-49歲,女,無,陰性
41783,20-29歲,男,無,陰性
41784,30-39歲,男,無,陰性
41785,20-29歲,女,無,陰性
41786,50-59歲,女,無,陰性
41787,50-59歲,男,無,陰性
41788,50-59歲,男,無,陰性
41789,50-59歲,男,二級,陽性
41790,20-29歲,男,三級,陽性
41791,60歲以上,男,三級,陽性
41792,40-49歲,男,無,陰性
41793,40-49歲,男,無,陰性
41794,50-59歲,男,無,陰性
41795,40-49歲,男,無,陰性
41796,40-49歲,男,無,陰性
41797,50-59歲,男,一級,陽性
41798,50-59歲,男,無,陰性
41799,40-49歲,男,無,陰性
41800,20-29歲,男,無,陰性
41801,50-59歲,男,無,陰性
41802,20-29歲,男,三級,陽性
41803,30-39歲,男,無,陰性
41804,50-59歲,男,無,陰性
41805,30-39歲,男,無,陰性
41806,60歲以上,男,二級,陽性
41807,50-59歲,男,三級,陽性
41808,30-39歲,女,無,陰性
41809,40-49歲,男,無,陰性
41810,50-59歲,男,無,陰性
41811,60歲以上,男,二級,陽性
41812,50-59歲,男,無,陰性
41813,40-49歲,女,無,陰性
41814,30-39歲,男,無,陰性
41815,40-49歲,女,無,陰性
41816,40-49歲,男,三級,陽性
41817,30-39歲,男,無,陰性
41818,30-39歲,男,無,陰性
41819,40-49歲,男,無,陰性
41820,40-49歲,男,無,陰性
41821,40-49歲,男,無,陰性
41822,30-39歲,男,無,陰性
41823,40-49歲,女,無,陰性
41824,60歲以上,男,二級,陽性
41825,60歲以上,男,無,陰性
41826,60歲以上,男,無,陰性
41827,30-39歲,男,三級,陽性
41828,40-49歲,女,無,陰性
41829,40-49歲,男,無,陰性
41830,60歲以上,男,二級,陽性
41831,40-49歲,男,二級,陽性
41832,40-49歲,女,無,陰性
41833,60歲以上,男,無,陰性
41834,30-39歲,男,二級,陽性
41835,50-59歲,男,無,陰性
41836,50-59歲,男,無,陰性
41837,40-49歲,男,無,陰性
41838,30-39歲,男,無,陰性
41839,40-49歲,男,無,陰性
41840,30-39歲,女,無,陰性
41841,30-39歲,男,無,陰性
41842,30-39歲,男,無,陰性
41843,30-39歲,男,一級,陽性
41844,20-29歲,男,一級,陽性
41845,40-49歲,男,三級,陽性
41846,40-49歲,男,無,陰性
41847,30-39歲,男,無,陰性
41848,40-49歲,男,無,陰性
41849,20-29歲,男,二級,陽性
41850,20-29歲,女,無,陰性
41851,20-29歲,男,二級,陽性
41852,50-59歲,男,二級,陽性
41853,60歲以上,女,無,陰性
41854,30-39歲,男,二級,陽性
41855,40-49歲,男,無,陰性
41856,30-39歲,男,無,陰性
41857,40-49歲,男,無,陰性
41858,20-29歲,男,無,陰性
41859,30-39歲,男,無,陰性
41860,60歲以上,男,無,陰性
41861,30-39歲,男,一級,陽性
41862,40-49歲,男,無,陰性
41863,50-59歲,男,無,陰性
41864,30-39歲,男,無,陰性
41865,50-59歲,男,二級,陽性
41866,50-59歲,男,無,陰性
41867,50-59歲,男,二級,陽性
41868,19歲以下,女,無,陰性
41869,30-39歲,男,無,陰性
41870,19歲以下,男,無,陰性
41871,50-59歲,女,無,陰性
41872,50-59歲,男,二級,陽性
41873,60歲以上,男,一級,陽性
41874,50-59歲,男,二級,陽性
41875,30-39歲,男,無,陰性
41876,30-39歲,男,二級,陽性
41877,40-49歲,男,無,陰性
41878,40-49歲,女,無,陰性
41879,30-39歲,男,三級,陽性
41880,50-59歲,男,無,陰性
41881,40-49歲,女,無,陰性
41882,30-39歲,男,無,陰性
41883,40-49歲,男,二級,陽性
41884,50-59歲,男,無,陰性
41885,50-59歲,女,無,陰性
41886,30-39歲,男,三級,陽性
41887,40-49歲,男,三級,陽性
41888,20-29歲,男,三級,陽性
41889,30-39歲,男,無,陰性
41890,40-49歲,女,無,陰性
41891,30-39歲,男,二級,陽性
41892,20-29歲,女,無,陰性
41893,30-39歲,男,無,陰性
41894,30-39歲,男,無,陰性
41895,30-39歲,男,無,陰性
41896,50-59歲,男,無,陰性
41897,40-49歲,男,無,陰性
41898,50-59歲,女,無,陰性
41899,20-29歲,男,無,陰性
41900,40-49歲,男,無,陰性
41901,30-39歲,男,無,陰性
41902,40-49歲,男,一級,陽性
41903,30-39歲,男,無,陰性
41904,60歲以上,男,二級,陽性
41905,40-49歲,女,無,陰性
41906,50-59歲,男,無,陰性
41907,40-49歲,男,二級,陽性
41908,50-59歲,男,二級,陽性
41909,40-49歲,男,無,陰性
41910,40-49歲,男,無,陰性
41911,50-59歲,男,無,陰性
41912,50-59歲,男,無,陰性
41913,19歲以下,男,無,陰性
41914,20-29歲,男,無,陰性
41915,20-29歲,男,二級,陽性
41916,30-39歲,男,三級,陽性
41917,40-49歲,男,二級,陽性
41918,40-49歲,男,二級,陽性
41919,50-59歲,女,無,陰性
41920,50-59歲,男,無,陰性
41921,30-39歲,男,三級,陽性
41922,40-49歲,女,無,陰性
41923,20-29歲,男,無,陰性
41924,30-39歲,男,二級,陽性
41925,60歲以上,女,無,陰性
41926,60歲以上,男,無,陰性
41927,40-49歲,女,無,陰性
41928,40-49歲,女,無,陰性
41929,40-49歲,男,無,陰性
41930,50-59歲,男,二級,陽性
41931,40-49歲,男,無,陰性
41932,50-59歲,男,無,陰性
41933,40-49歲,女,無,陰性
41934,30-39歲,男,無,陰性
41935,30-39歲,男,無,陰性
41936,40-49歲,男,無,陰性
41937,50-59歲,男,無,陰性
41938,40-49歲,男,無,陰性
41939,60歲以上,男,二級,陽性
41940,40-49歲,女,二級,陽性
41941,60歲以上,女,無,陰性
41942,40-49歲,男,無,陰性
41943,50-59歲,男,無,陰性
41944,40-49歲,男,一級,陽性
41945,50-59歲,男,無,陰性
41946,40-49歲,男,二級,陽性
41947,30-39歲,女,無,陰性
41948,40-49歲,女,無,陰性
41949,60歲以上,女,三級,陽性
41950,20-29歲,男,無,陰性
41951,20-29歲,男,無,陰性
41952,40-49歲,男,三級,陽性
41953,40-49歲,男,二級,陽性
41954,40-49歲,男,無,陰性
41955,50-59歲,男,無,陰性
41956,30-39歲,男,二級,陽性
41957,50-59歲,男,三級,陽性
41958,40-49歲,男,無,陰性
41959,50-59歲,男,無,陰性
41960,30-39歲,男,無,陰性
41961,30-39歲,女,無,陰性
41962,40-49歲,女,無,陰性
41963,50-59歲,男,二級,陽性
41964,50-59歲,男,二級,陽性
41965,40-49歲,男,無,陰性
41966,40-49歲,男,二級,陽性
41967,19歲以下,男,無,陰性
41968,60歲以上,男,二級,陽性
41969,20-29歲,女,無,陰性
41970,40-49歲,男,無,陰性
41971,60歲以上,男,無,陰性
41972,40-49歲,男,二級,陽性
41973,50-59歲,男,無,陰性
41974,40-49歲,女,二級,陽性
41975,50-59歲,男,三級,陽性
41976,40-49歲,男,二級,陽性
41977,50-59歲,男,二級,陽性
41978,40-49歲,男,無,陰性
41979,20-29歲,女,無,陰性
41980,40-49歲,男,無,陰性
41981,50-59歲,男,無,陰性
41982,30-39歲,男,三級,陽性
41983,40-49歲,女,無,陰性
41984,30-39歲,男,一級,陽性
41985,30-39歲,男,無,陰性
41986,40-49歲,男,無,陰性
41987,50-59歲,男,無,陰性
41988,50-59歲,女,無,陰性
41989,40-49歲,女,無,陰性
41990,50-59歲,男,無,陰性
41991,40-49歲,男,無,陰性
41992,40-49歲,女,二級,陽性
41993,20-29歲,女,一級,陽性
41994,40-49歲,男,無,陰性
41995,60歲以上,男,二級,陽性
41996,40-49歲,男,無,陰性
41997,60歲以上,男,無,陰性
41998,40-49歲,女,無,陰性
41999,50-59歲,男,無,陰性
42000,30-39歲,男,無,陰性
42001,50-59歲,男,無,陰性
42002,40-49歲,男,無,陰性
42003,60歲以上,男,二級,陽性
42004,60歲以上,男,無,陰性
42005,50-59歲,男,無,陰性
42006,40-49歲,男,無,陰性
42007,40-49歲,男,二級,陽性
42008,40-49歲,男,二級,陽性
42009,20-29歲,男,無,陰性
42010,50-59歲,男,二級,陽性
42011,20-29歲,女,三級,陽性
42012,40-49歲,男,無,陰性
42013,50-59歲,男,無,陰性
42014,40-49歲,女,無,陰性
42015,50-59歲,男,無,陰性
42016,40-49歲,女,二級,陽性
42017,20-29歲,男,無,陰性
42018,40-49歲,男,無,陰性
42019,50-59歲,男,三級,陽性
42020,40-49歲,男,三級,陽性
42021,40-49歲,男,無,陰性
42022,30-39歲,男,無,陰性
42023,40-49歲,男,無,陰性
42024,50-59歲,男,無,陰性
42025,30-39歲,男,無,陰性
42026,30-39歲,男,無,陰性
42027,40-49歲,男,無,陰性
42028,50-59歲,男,二級,陽性
42029,50-59歲,男,無,陰性
42030,19歲以下,男,無,陰性
42031,40-49歲,女,二級,陽性
42032,50-59歲,男,二級,陽性
42033,40-49歲,男,二級,陽性
42034,60歲以上,男,無,陰性
42035,60歲以上,男,無,陰性
42036,30-39歲,男,無,陰性
42037,50-59歲,男,無,陰性
42038,50-59歲,男,無,陰性
42039,40-49歲,男,無,陰性
42040,40-49歲,男,無,陰性
42041,40-49歲,男,無,陰性
42042,40-49歲,男,無,陰性
42043,40-49歲,男,無,陰性
42044,30-39歲,男,二級,陽性
42045,50-59歲,女,二級,陽性
42046,40-49歲,男,無,陰性
42047,40-49歲,男,無,陰性
42048,50-59歲,男,無,陰性
42049,40-49歲,男,無,陰性
42050,30-39歲,男,無,陰性
42051,30-39歲,男,二級,陽性
42052,40-49歲,女,無,陰性
42053,30-39歲,男,無,陰性
42054,30-39歲,女,三級,陽性
42055,20-29歲,男,無,陰性
42056,40-49歲,男,無,陰性
42057,30-39歲,男,無,陰性
42058,50-59歲,男,無,陰性
42059,30-39歲,男,無,陰性
42060,40-49歲,女,無,陰性
42061,50-59歲,男,無,陰性
42062,50-59歲,男,無,陰性
42063,40-49歲,男,二級,陽性
42064,40-49歲,男,無,陰性
42065,30-39歲,男,無,陰性
42066,20-29歲,女,無,陰性
42067,40-49歲,男,二級,陽性
42068,40-49歲,男,二級,陽性
42069,20-29歲,男,無,陰性
42070,50-59歲,男,無,陰性
42071,40-49歲,男,無,陰性
42072,20-29歲,男,無,陰性
42073,50-59歲,男,無,陰性
42074,40-49歲,男,無,陰性
42075,30-39歲,男,無,陰性
42076,40-49歲,男,無,陰性
42077,60歲以上,男,二級,陽性
42078,40-49歲,男,無,陰性
42079,30-39歲,男,無,陰性
42080,19歲以下,男,二級,陽性
42081,50-59歲,男,無,陰性
42082,50-59歲,男,無,陰性
42083,50-59歲,女,三級,陽性
42084,20-29歲,女,無,陰性
42085,50-59歲,男,無,陰性
42086,20-29歲,男,二級,陽性
42087,30-39歲,男,二級,陽性
42088,40-49歲,男,無,陰性
42089,50-59歲,男,無,陰性
42090,30-39歲,男,無,陰性
42091,40-49歲,男,無,陰性
42092,50-59歲,男,無,陰性
42093,50-59歲,男,二級,陽性
42094,60歲以上,男,無,陰性
42095,50-59歲,男,無,陰性
42096,50-59歲,男,二級,陽性
42097,40-49歲,男,無,陰性
42098,50-59歲,男,二級,陽性
42099,40-49歲,男,無,陰性
42100,20-29歲,男,無,陰性
42101,40-49歲,男,無,陰性
42102,30-39歲,女,無,陰性
42103,50-59歲,男,無,陰性
42104,20-29歲,男,無,陰性
42105,50-59歲,男,無,陰性
42106,40-49歲,男,無,陰性
42107,40-49歲,男,無,陰性
42108,40-49歲,男,一級,陽性
42109,40-49歲,男,無,陰性
42110,30-39歲,女,無,陰性
42111,40-49歲,女,無,陰性
42112,30-39歲,男,二級,陽性
42113,40-49歲,男,無,陰性
42114,50-59歲,男,無,陰性
42115,40-49歲,男,無,陰性
42116,30-39歲,男,無,陰性
42117,50-59歲,女,無,陰性
42118,50-59歲,男,三級,陽性
42119,40-49歲,男,無,陰性
42120,30-39歲,男,無,陰性
42121,40-49歲,男,無,陰性
42122,50-59歲,男,無,陰性
42123,50-59歲,男,無,陰性
42124,60歲以上,男,無,陰性
42125,40-49歲,女,無,陰性
42126,40-49歲,男,無,陰性
42127,50-59歲,男,無,陰性
42128,40-49歲,男,無,陰性
42129,40-49歲,女,無,陰性
42130,50-59歲,男,無,陰性
42131,40-49歲,男,無,陰性
42132,40-49歲,女,二級,陽性
42133,40-49歲,男,無,陰性
42134,20-29歲,女,無,陰性
42135,50-59歲,男,無,陰性
42136,40-49歲,男,無,陰性
42137,60歲以上,男,三級,陽性
42138,19歲以下,男,三級,陽性
42139,40-49歲,男,無,陰性
42140,40-49歲,女,無,陰性
42141,40-49歲,男,無,陰性
42142,50-59歲,男,無,陰性
42143,50-59歲,男,無,陰性
42144,30-39歲,男,無,陰性
42145,50-59歲,男,無,陰性
42146,30-39歲,女,無,陰性
42147,40-49歲,男,無,陰性
42148,40-49歲,男,無,陰性
42149,40-49歲,男,三級,陽性
42150,40-49歲,男,二級,陽性
42151,40-49歲,男,無,陰性
42152,40-49歲,男,二級,陽性
42153,20-29歲,男,無,陰性
42154,50-59歲,男,無,陰性
42155,40-49歲,男,二級,陽性
42156,50-59歲,男,無,陰性
42157,40-49歲,男,無,陰性
42158,50-59歲,男,無,陰性
42159,30-39歲,男,無,陰性
42160,40-49歲,男,無,陰性
42161,50-59歲,男,無,陰性
42162,40-49歲,男,無,陰性
42163,40-49歲,男,無,陰性
42164,40-49歲,男,無,陰性
42165,50-59歲,男,無,陰性
42166,30-39歲,男,無,陰性
42167,40-49歲,男,二級,陽性
42168,30-39歲,男,無,陰性
42169,30-39歲,男,無,陰性
42170,40-49歲,男,無,陰性
42171,40-49歲,男,無,陰性
42172,40-49歲,男,無,陰性
42173,19歲以下,男,一級,陽性
42174,40-49歲,男,無,陰性
42175,40-49歲,男,三級,陽性
42176,50-59歲,女,無,陰性
42177,30-39歲,男,無,陰性
42178,40-49歲,男,無,陰性
42179,50-59歲,男,二級,陽性
42180,30-39歲,男,無,陰性
42181,30-39歲,男,二級,陽性
42182,60歲以上,男,無,陰性
42183,40-49歲,女,無,陰性
42184,50-59歲,男,三級,陽性
42185,40-49歲,男,二級,陽性
42186,30-39歲,女,無,陰性
42187,50-59歲,男,無,陰性
42188,40-49歲,男,二級,陽性
42189,40-49歲,男,無,陰性
42190,40-49歲,男,無,陰性
42191,50-59歲,男,無,陰性
42192,60歲以上,男,無,陰性
42193,50-59歲,男,無,陰性
42194,20-29歲,男,無,陰性
42195,60歲以上,男,無,陰性
42196,40-49歲,男,無,陰性
42197,20-29歲,男,無,陰性
42198,30-39歲,女,無,陰性
42199,20-29歲,男,無,陰性
42200,40-49歲,女,無,陰性
42201,30-39歲,男,三級,陽性
42202,40-49歲,男,三級,陽性
42203,60歲以上,男,無,陰性
42204,30-39歲,男,無,陰性
42205,40-49歲,男,無,陰性
42206,40-49歲,男,無,陰性
42207,30-39歲,男,無,陰性
42208,20-29歲,男,二級,陽性
42209,20-29歲,男,無,陰性
42210,50-59歲,男,無,陰性
42211,20-29歲,男,二級,陽性
42212,30-39歲,女,無,陰性
42213,19歲以下,男,無,陰性
42214,60歲以上,男,二級,陽性
42215,50-59歲,女,無,陰性
42216,30-39歲,男,無,陰性
42217,30-39歲,男,二級,陽性
42218,40-49歲,男,無,陰性
42219,60歲以上,男,無,陰性
42220,50-59歲,男,無,陰性
42221,20-29歲,男,無,陰性
42222,50-59歲,女,無,陰性
42223,40-49歲,男,無,陰性
42224,40-49歲,男,二級,陽性
42225,40-49歲,女,無,陰性
42226,30-39歲,男,無,陰性
42227,40-49歲,女,無,陰性
42228,50-59歲,男,無,陰性
42229,50-59歲,男,無,陰性
42230,40-49歲,男,無,陰性
42231,30-39歲,男,無,陰性
42232,20-29歲,男,無,陰性
42233,40-49歲,男,一級,陽性
42234,40-49歲,男,無,陰性
42235,30-39歲,男,無,陰性
42236,40-49歲,男,無,陰性
42237,50-59歲,男,三級,陽性
42238,40-49歲,男,無,陰性
42239,19歲以下,男,無,陰性
42240,30-39歲,男,無,陰性
42241,40-49歲,男,無,陰性
42242,30-39歲,男,無,陰性
42243,50-59歲,女,二級,陽性
42244,40-49歲,男,無,陰性
42245,60歲以上,女,無,陰性
42246,50-59歲,男,二級,陽性
42247,40-49歲,女,無,陰性
42248,40-49歲,男,無,陰性
42249,40-49歲,男,無,陰性
42250,40-49歲,男,無,陰性
42251,40-49歲,男,無,陰性
42252,40-49歲,男,無,陰性
42253,40-49歲,男,三級,陽性
42254,50-59歲,男,無,陰性
42255,60歲以上,男,無,陰性
42256,20-29歲,男,無,陰性
42257,40-49歲,男,無,陰性
42258,20-29歲,男,無,陰性
42259,60歲以上,男,無,陰性
42260,40-49歲,男,無,陰性
42261,40-49歲,男,二級,陽性
42262,40-49歲,女,無,陰性
42263,40-49歲,男,無,陰性
42264,20-29歲,男,無,陰性
42265,60歲以上,男,一級,陽性
42266,50-59歲,男,無,陰性
42267,20-29歲,男,無,陰性
42268,50-59歲,男,無,陰性
42269,20-29歲,男,二級,陽性
42270,50-59歲,男,無,陰性
42271,40-49歲,男,無,陰性
42272,20-29歲,女,無,陰性
42273,50-59歲,男,無,陰性
42274,40-49歲,男,二級,陽性
42275,50-59歲,男,無,陰性
42276,50-59歲,男,二級,陽性
42277,40-49歲,男,無,陰性
42278,20-29歲,男,三級,陽性
42279,40-49歲,男,無,陰性
42280,40-49歲,女,無,陰性
42281,50-59歲,男,無,陰性
42282,30-39歲,男,無,陰性
42283,50-59歲,男,無,陰性
42284,30-39歲,男,二級,陽性
42285,50-59歲,男,二級,陽性
42286,30-39歲,男,無,陰性
42287,30-39歲,男,無,陰性
42288,60歲以上,女,無,陰性
42289,40-49歲,女,無,陰性
42290,50-59歲,男,無,陰性
42291,40-49歲,男,無,陰性
42292,50-59歲,男,無,陰性
42293,50-59歲,男,無,陰性
42294,30-39歲,男,無,陰性
42295,40-49歲,男,二級,陽性
42296,50-59歲,男,無,陰性
42297,50-59歲,男,無,陰性
42298,50-59歲,男,無,陰性
42299,40-49歲,男,二級,陽性
42300,40-49歲,男,無,陰性
42301,30-39歲,女,無,陰性
42302,20-29歲,女,無,陰性
42303,50-59歲,男,無,陰性
42304,30-39歲,男,無,陰性
42305,60歲以上,男,無,陰性
42306,60歲以上,男,二級,陽性
42307,50-59歲,男,無,陰性
42308,60歲以上,男,無,陰性
42309,40-49歲,男,無,陰性
42310,40-49歲,男,二級,陽性
42311,40-49歲,男,無,陰性
42312,30-39歲,男,無,陰性
42313,30-39歲,女,二級,陽性
42314,40-49歲,男,無,陰性
42315,60歲以上,男,二級,陽性
42316,50-59歲,男,無,陰性
42317,50-59歲,男,無,陰性
42318,60歲以上,男,二級,陽性
42319,50-59歲,男,二級,陽性
42320,40-49歲,男,二級,陽性
42321,40-49歲,女,無,陰性
42322,40-49歲,男,無,陰性
42323,50-59歲,男,無,陰性
42324,50-59歲,女,一級,陽性
42325,60歲以上,男,無,陰性
42326,19歲以下,男,二級,陽性
42327,40-49歲,男,無,陰性
42328,50-59歲,男,無,陰性
42329,50-59歲,男,無,陰性
42330,30-39歲,男,二級,陽性
42331,50-59歲,女,無,陰性
42332,50-59歲,男,無,陰性
42333,60歲以上,男,無,陰性
42334,60歲以上,男,無,陰性
42335,40-49歲,男,無,陰性
42336,20-29歲,男,無,陰性
42337,40-49歲,男,二級,陽性
42338,30-39歲,男,無,陰性
42339,50-59歲,男,無,陰性
42340,30-39歲,男,無,陰性
42341,30-39歲,男,無,陰性
42342,30-39歲,男,無,陰性
42343,40-49歲,男,無,陰性
42344,60歲以上,男,無,陰性
42345,20-29歲,男,無,陰性
42346,40-49歲,女,無,陰性
42347,60歲以上,男,無,陰性
42348,20-29歲,男,無,陰性
42349,40-49歲,男,無,陰性
42350,50-59歲,男,無,陰性
42351,50-59歲,男,無,陰性
42352,50-59歲,女,無,陰性
42353,40-49歲,男,二級,陽性
42354,50-59歲,男,無,陰性
42355,40-49歲,男,二級,陽性
42356,40-49歲,男,無,陰性
42357,60歲以上,男,無,陰性
42358,50-59歲,女,二級,陽性
42359,20-29歲,男,無,陰性
42360,50-59歲,男,二級,陽性
42361,50-59歲,女,無,陰性
42362,50-59歲,女,無,陰性
42363,50-59歲,男,無,陰性
42364,50-59歲,女,無,陰性
42365,20-29歲,男,三級,陽性
42366,40-49歲,男,一級,陽性
42367,30-39歲,男,無,陰性
42368,20-29歲,男,無,陰性
42369,30-39歲,男,無,陰性
42370,60歲以上,男,無,陰性
42371,30-39歲,男,無,陰性
42372,60歲以上,男,無,陰性
42373,40-49歲,男,一級,陽性
42374,19歲以下,男,無,陰性
42375,40-49歲,男,三級,陽性
42376,40-49歲,男,二級,陽性
42377,60歲以上,男,無,陰性
42378,20-29歲,男,無,陰性
42379,40-49歲,女,無,陰性
42380,20-29歲,男,無,陰性
42381,40-49歲,男,無,陰性
42382,40-49歲,男,無,陰性
42383,30-39歲,男,無,陰性
42384,50-59歲,女,無,陰性
42385,40-49歲,男,無,陰性
42386,40-49歲,女,二級,陽性
42387,40-49歲,男,無,陰性
42388,50-59歲,男,二級,陽性
42389,20-29歲,男,無,陰性
42390,50-59歲,男,無,陰性
42391,30-39歲,男,二級,陽性
42392,19歲以下,男,二級,陽性
42393,60歲以上,男,無,陰性
42394,50-59歲,男,無,陰性
42395,40-49歲,男,無,陰性
42396,20-29歲,女,二級,陽性
42397,40-49歲,男,無,陰性
42398,40-49歲,男,無,陰性
42399,20-29歲,男,二級,陽性
42400,30-39歲,男,無,陰性
42401,50-59歲,男,三級,陽性
42402,60歲以上,男,一級,陽性
42403,30-39歲,男,無,陰性
42404,50-59歲,男,二級,陽性
42405,30-39歲,男,無,陰性
42406,50-59歲,女,二級,陽性
42407,40-49歲,男,無,陰性
42408,30-39歲,男,無,陰性
42409,40-49歲,男,無,陰性
42410,60歲以上,女,無,陰性
42411,40-49歲,男,無,陰性
42412,40-49歲,男,無,陰性
42413,50-59歲,女,無,陰性
42414,30-39歲,男,無,陰性
42415,40-49歲,男,無,陰性
42416,50-59歲,男,無,陰性
42417,20-29歲,男,無,陰性
42418,50-59歲,男,無,陰性
42419,40-49歲,男,無,陰性
42420,40-49歲,男,二級,陽性
42421,40-49歲,女,無,陰性
42422,50-59歲,男,無,陰性
42423,50-59歲,男,無,陰性
42424,40-49歲,女,無,陰性
42425,50-59歲,男,無,陰性
42426,20-29歲,女,無,陰性
42427,40-49歲,男,二級,陽性
42428,40-49歲,男,無,陰性
42429,60歲以上,男,無,陰性
42430,50-59歲,女,二級,陽性
42431,50-59歲,男,無,陰性
42432,40-49歲,女,無,陰性
42433,40-49歲,男,無,陰性
42434,40-49歲,男,無,陰性
42435,40-49歲,男,無,陰性
42436,50-59歲,男,無,陰性
42437,50-59歲,男,二級,陽性
42438,60歲以上,男,二級,陽性
42439,60歲以上,女,無,陰性
42440,30-39歲,男,無,陰性
42441,40-49歲,男,無,陰性
42442,40-49歲,男,二級,陽性
42443,60歲以上,男,無,陰性
42444,40-49歲,男,無,陰性
42445,30-39歲,男,二級,陽性
42446,50-59歲,男,無,陰性
42447,40-49歲,男,無,陰性
42448,20-29歲,男,一級,陽性
42449,40-49歲,男,無,陰性
42450,50-59歲,男,無,陰性
42451,50-59歲,男,無,陰性
42452,50-59歲,男,無,陰性
42453,50-59歲,女,無,陰性
42454,60歲以上,男,二級,陽性
42455,50-59歲,男,無,陰性
42456,50-59歲,男,無,陰性
42457,50-59歲,男,無,陰性
42458,50-59歲,男,無,陰性
42459,40-49歲,男,無,陰性
42460,50-59歲,男,無,陰性
42461,20-29歲,男,無,陰性
42462,50-59歲,男,無,陰性
42463,40-49歲,男,二級,陽性
42464,30-39歲,男,二級,陽性
42465,40-49歲,男,無,陰性
42466,30-39歲,男,無,陰性
42467,30-39歲,男,無,陰性
42468,40-49歲,男,二級,陽性
42469,40-49歲,男,無,陰性
42470,30-39歲,男,無,陰性
42471,50-59歲,女,無,陰性
42472,20-29歲,女,無,陰性
42473,50-59歲,男,三級,陽性
42474,60歲以上,男,二級,陽性
42475,40-49歲,男,無,陰性
42476,40-49歲,男,無,陰性
42477,20-29歲,男,無,陰性
42478,20-29歲,男,二級,陽性
42479,40-49歲,男,無,陰性
42480,50-59歲,男,無,陰性
42481,50-59歲,男,二級,陽性
42482,40-49歲,男,無,陰性
42483,40-49歲,男,無,陰性
42484,40-49歲,男,無,陰性
42485,30-39歲,男,二級,陽性
42486,30-39歲,男,無,陰性
42487,30-39歲,男,無,陰性
42488,50-59歲,男,無,陰性
42489,50-59歲,男,無,陰性
42490,40-49歲,女,無,陰性
42491,40-49歲,男,無,陰性
42492,60歲以上,男,一級,陽性
42493,40-49歲,男,無,陰性
42494,50-59歲,男,三級,陽性
42495,40-49歲,男,無,陰性
42496,50-59歲,男,無,陰性
42497,20-29歲,男,無,陰性
42498,50-59歲,男,二級,陽性
42499,40-49歲,女,一級,陽性
42500,30-39歲,男,無,陰性
42501,40-49歲,女,二級,陽性
42502,40-49歲,男,無,陰性
42503,50-59歲,男,無,陰性
42504,30-39歲,男,無,陰性
42505,40-49歲,男,無,陰性
42506,19歲以下,女,無,陰性
42507,50-59歲,男,二級,陽性
42508,50-59歲,女,無,陰性
42509,50-59歲,男,無,陰性
42510,40-49歲,男,二級,陽性
42511,40-49歲,女,無,陰性
42512,60歲以上,男,無,陰性
42513,40-49歲,男,無,陰性
42514,30-39歲,男,二級,陽性
42515,40-49歲,男,無,陰性
42516,60歲以上,男,無,陰性
42517,50-59歲,女,無,陰性
42518,40-49歲,男,二級,陽性
42519,60歲以上,男,無,陰性
42520,30-39歲,男,無,陰性
42521,60歲以上,男,三級,陽性
42522,19歲以下,男,無,陰性
42523,40-49歲,男,無,陰性
42524,50-59歲,男,無,陰性
42525,20-29歲,男,無,陰性
42526,60歲以上,男,無,陰性
42527,30-39歲,男,二級,陽性
42528,40-49歲,男,無,陰性
42529,40-49歲,女,無,陰性
42530,40-49歲,男,無,陰性
42531,20-29歲,男,無,陰性
42532,50-59歲,男,三級,陽性
42533,30-39歲,男,無,陰性
42534,60歲以上,男,無,陰性
42535,40-49歲,男,無,陰性
42536,40-49歲,男,二級,陽性
42537,20-29歲,男,二級,陽性
42538,60歲以上,女,無,陰性
42539,50-59歲,男,無,陰性
42540,40-49歲,男,無,陰性
42541,30-39歲,男,無,陰性
42542,20-29歲,男,無,陰性
42543,30-39歲,男,無,陰性
42544,20-29歲,男,無,陰性
42545,30-39歲,男,無,陰性
42546,19歲以下,男,無,陰性
42547,40-49歲,女,二級,陽性
42548,50-59歲,男,無,陰性
42549,50-59歲,男,無,陰性
42550,30-39歲,男,無,陰性
42551,50-59歲,男,無,陰性
42552,19歲以下,男,無,陰性
42553,20-29歲,男,無,陰性
42554,19歲以下,男,無,陰性
42555,20-29歲,男,無,陰性
42556,50-59歲,男,無,陰性
42557,40-49歲,男,無,陰性
42558,30-39歲,男,無,陰性
42559,60歲以上,男,無,陰性
42560,60歲以上,男,二級,陽性
42561,40-49歲,女,無,陰性
42562,30-39歲,男,無,陰性
42563,20-29歲,女,無,陰性
42564,60歲以上,男,無,陰性
42565,50-59歲,男,無,陰性
42566,20-29歲,男,無,陰性
42567,40-49歲,男,無,陰性
42568,40-49歲,女,二級,陽性
42569,40-49歲,男,無,陰性
42570,40-49歲,男,二級,陽性
42571,40-49歲,男,無,陰性
42572,30-39歲,女,無,陰性
42573,40-49歲,女,無,陰性
42574,20-29歲,女,無,陰性
42575,40-49歲,女,無,陰性
42576,60歲以上,男,無,陰性
42577,40-49歲,男,一級,陽性
42578,40-49歲,男,無,陰性
42579,50-59歲,男,無,陰性
42580,50-59歲,男,二級,陽性
42581,19歲以下,男,無,陰性
42582,40-49歲,男,一級,陽性
42583,30-39歲,男,無,陰性
42584,19歲以下,男,無,陰性
42585,40-49歲,男,無,陰性
42586,30-39歲,男,二級,陽性
42587,40-49歲,女,無,陰性
42588,50-59歲,男,二級,陽性
42589,40-49歲,女,無,陰性
42590,40-49歲,男,無,陰性
42591,30-39歲,男,無,陰性
42592,30-39歲,男,無,陰性
42593,30-39歲,男,二級,陽性
42594,50-59歲,男,無,陰性
42595,50-59歲,男,無,陰性
42596,50-59歲,男,無,陰性
42597,50-59歲,男,無,陰性
42598,40-49歲,男,無,陰性
42599,50-59歲,男,無,陰性
42600,40-49歲,男,無,陰性
42601,40-49歲,男,二級,陽性
42602,20-29歲,男,無,陰性
42603,40-49歲,男,無,陰性
42604,30-39歲,男,無,陰性
42605,40-49歲,男,無,陰性
42606,40-49歲,男,二級,陽性
42607,40-49歲,女,無,陰性
42608,50-59歲,男,三級,陽性
42609,40-49歲,男,二級,陽性
42610,60歲以上,女,無,陰性
42611,30-39歲,男,無,陰性
42612,50-59歲,男,無,陰性
42613,30-39歲,男,無,陰性
42614,40-49歲,男,無,陰性
42615,50-59歲,男,無,陰性
42616,50-59歲,男,無,陰性
42617,30-39歲,男,三級,陽性
42618,60歲以上,女,無,陰性
42619,30-39歲,男,無,陰性
42620,50-59歲,男,二級,陽性
42621,50-59歲,女,無,陰性
42622,50-59歲,男,無,陰性
42623,40-49歲,男,無,陰性
42624,40-49歲,男,無,陰性
42625,50-59歲,男,無,陰性
42626,30-39歲,男,二級,陽性
42627,50-59歲,女,二級,陽性
42628,40-49歲,男,無,陰性
42629,40-49歲,男,無,陰性
42630,60歲以上,男,無,陰性
42631,40-49歲,女,無,陰性
42632,60歲以上,男,無,陰性
42633,40-49歲,男,無,陰性
42634,50-59歲,男,二級,陽性
42635,60歲以上,女,無,陰性
42636,50-59歲,男,二級,陽性
42637,40-49歲,女,無,陰性
42638,30-39歲,女,無,陰性
42639,40-49歲,女,三級,陽性
42640,40-49歲,女,無,陰性
42641,40-49歲,男,無,陰性
42642,30-39歲,男,二級,陽性
42643,40-49歲,男,二級,陽性
42644,20-29歲,男,無,陰性
42645,30-39歲,女,無,陰性
42646,20-29歲,女,一級,陽性
42647,60歲以上,女,無,陰性
42648,40-49歲,男,無,陰性
42649,50-59歲,男,無,陰性
42650,30-39歲,男,無,陰性
42651,30-39歲,男,二級,陽性
42652,60歲以上,男,無,陰性
42653,50-59歲,女,無,陰性
42654,60歲以上,男,三級,陽性
42655,30-39歲,女,無,陰性
42656,50-59歲,男,無,陰性
42657,50-59歲,男,無,陰性
42658,19歲以下,男,無,陰性
42659,40-49歲,女,無,陰性
42660,50-59歲,女,無,陰性
42661,40-49歲,男,無,陰性
42662,40-49歲,男,無,陰性
42663,40-49歲,男,無,陰性
42664,50-59歲,男,二級,陽性
42665,30-39歲,男,無,陰性
42666,50-59歲,男,一級,陽性
42667,40-49歲,男,無,陰性
42668,30-39歲,男,無,陰性
42669,60歲以上,男,無,陰性
42670,60歲以上,男,無,陰性
42671,40-49歲,男,二級,陽性
42672,40-49歲,男,無,陰性
42673,40-49歲,男,無,陰性
42674,50-59歲,男,無,陰性
42675,40-49歲,男,無,陰性
42676,40-49歲,男,二級,陽性
42677,40-49歲,男,無,陰性
42678,50-59歲,男,無,陰性
42679,40-49歲,男,無,陰性
42680,40-49歲,女,無,陰性
42681,30-39歲,男,無,陰性
42682,30-39歲,女,無,陰性
42683,30-39歲,男,二級,陽性
42684,60歲以上,男,無,陰性
42685,40-49歲,男,無,陰性
42686,40-49歲,男,無,陰性
42687,40-49歲,男,無,陰性
42688,40-49歲,男,二級,陽性
42689,50-59歲,男,無,陰性
42690,50-59歲,男,無,陰性
42691,50-59歲,男,無,陰性
42692,60歲以上,男,無,陰性
42693,50-59歲,男,二級,陽性
42694,50-59歲,男,無,陰性
42695,40-49歲,男,二級,陽性
42696,60歲以上,男,無,陰性
42697,40-49歲,男,無,陰性
42698,60歲以上,男,無,陰性
42699,30-39歲,男,無,陰性
42700,50-59歲,男,無,陰性
42701,40-49歲,女,無,陰性
42702,50-59歲,男,無,陰性
42703,60歲以上,男,無,陰性
42704,50-59歲,男,二級,陽性
42705,50-59歲,男,二級,陽性
42706,30-39歲,男,無,陰性
42707,50-59歲,男,無,陰性
42708,50-59歲,女,無,陰性
42709,40-49歲,男,二級,陽性
42710,30-39歲,男,無,陰性
42711,50-59歲,女,無,陰性
42712,20-29歲,男,無,陰性
42713,40-49歲,男,無,陰性
42714,20-29歲,男,無,陰性
42715,20-29歲,男,無,陰性
42716,40-49歲,女,無,陰性
42717,40-49歲,男,無,陰性
42718,40-49歲,男,二級,陽性
42719,40-49歲,男,無,陰性
42720,60歲以上,女,一級,陽性
42721,30-39歲,男,無,陰性
42722,50-59歲,男,無,陰性
42723,40-49歲,男,無,陰性
42724,30-39歲,男,無,陰性
42725,40-49歲,男,無,陰性
42726,50-59歲,男,無,陰性
42727,20-29歲,男,二級,陽性
42728,60歲以上,男,無,陰性
42729,30-39歲,男,三級,陽性
42730,40-49歲,女,無,陰性
42731,30-39歲,女,無,陰性
42732,40-49歲,男,無,陰性
42733,60歲以上,男,無,陰性
42734,40-49歲,男,無,陰性
42735,40-49歲,男,三級,陽性
42736,40-49歲,男,二級,陽性
42737,40-49歲,女,二級,陽性
42738,40-49歲,男,無,陰性
42739,50-59歲,男,無,陰性
42740,40-49歲,男,二級,陽性
42741,20-29歲,男,無,陰性
42742,40-49歲,男,無,陰性
42743,40-49歲,男,無,陰性
42744,40-49歲,男,無,陰性
42745,50-59歲,男,無,陰性
42746,40-49歲,男,無,陰性
42747,30-39歲,男,二級,陽性
42748,60歲以上,女,無,陰性
42749,50-59歲,男,無,陰性
42750,19歲以下,男,二級,陽性
42751,50-59歲,男,無,陰性
42752,30-39歲,男,無,陰性
42753,60歲以上,男,無,陰性
42754,30-39歲,男,無,陰性
42755,40-49歲,男,無,陰性
42756,40-49歲,女,無,陰性
42757,60歲以上,男,無,陰性
42758,40-49歲,男,無,陰性
42759,30-39歲,男,無,陰性
42760,40-49歲,女,無,陰性
42761,19歲以下,男,無,陰性
42762,50-59歲,男,無,陰性
42763,50-59歲,男,無,陰性
42764,40-49歲,女,三級,陽性
42765,40-49歲,男,無,陰性
42766,50-59歲,女,無,陰性
42767,50-59歲,男,二級,陽性
42768,60歲以上,男,無,陰性
42769,60歲以上,男,無,陰性
42770,50-59歲,男,無,陰性
42771,60歲以上,男,三級,陽性
42772,30-39歲,男,無,陰性
42773,60歲以上,男,無,陰性
42774,19歲以下,男,一級,陽性
42775,50-59歲,男,二級,陽性
42776,20-29歲,女,無,陰性
42777,50-59歲,男,二級,陽性
42778,40-49歲,男,無,陰性
42779,40-49歲,男,二級,陽性
42780,30-39歲,男,無,陰性
42781,60歲以上,男,二級,陽性
42782,50-59歲,男,無,陰性
42783,60歲以上,男,無,陰性
42784,50-59歲,男,無,陰性
42785,40-49歲,男,無,陰性
42786,50-59歲,男,無,陰性
42787,20-29歲,男,無,陰性
42788,30-39歲,男,無,陰性
42789,40-49歲,男,一級,陽性
42790,40-49歲,男,無,陰性
42791,50-59歲,女,無,陰性
42792,40-49歲,男,無,陰性
42793,20-29歲,男,無,陰性
42794,50-59歲,男,無,陰性
42795,30-39歲,女,無,陰性
42796,40-49歲,男,無,陰性
42797,50-59歲,男,二級,陽性
42798,30-39歲,女,二級,陽性
42799,20-29歲,女,無,陰性
42800,50-59歲,男,二級,陽性
42801,40-49歲,男,無,陰性
42802,50-59歲,男,無,陰性
42803,40-49歲,男,二級,陽性
42804,50-59歲,男,二級,陽性
42805,30-39歲,男,無,陰性
42806,20-29歲,男,二級,陽性
42807,50-59歲,男,無,陰性
42808,20-29歲,男,無,陰性
42809,19歲以下,男,無,陰性
42810,40-49歲,男,無,陰性
42811,40-49歲,男,二級,陽性
42812,20-29歲,男,無,陰性
42813,40-49歲,男,無,陰性
42814,40-49歲,男,無,陰性
42815,30-39歲,男,無,陰性
42816,40-49歲,男,無,陰性
42817,19歲以下,男,無,陰性
42818,30-39歲,女,二級,陽性
42819,50-59歲,男,無,陰性
42820,40-49歲,女,無,陰性
42821,30-39歲,男,無,陰性
42822,60歲以上,女,三級,陽性
42823,40-49歲,男,二級,陽性
42824,60歲以上,男,無,陰性
42825,40-49歲,男,無,陰性
42826,20-29歲,男,無,陰性
42827,30-39歲,男,無,陰性
42828,20-29歲,男,無,陰性
42829,40-49歲,女,二級,陽性
42830,40-49歲,男,無,陰性
42831,40-49歲,男,二級,陽性
42832,50-59歲,男,無,陰性
42833,30-39歲,男,無,陰性
42834,50-59歲,男,無,陰性
42835,50-59歲,男,二級,陽性
42836,40-49歲,女,無,陰性
42837,40-49歲,男,無,陰性
42838,20-29歲,男,三級,陽性
42839,50-59歲,男,無,陰性
42840,40-49歲,男,二級,陽性
42841,50-59歲,男,無,陰性
42842,50-59歲,男,三級,陽性
42843,60歲以上,男,無,陰性
42844,60歲以上,男,無,陰性
42845,50-59歲,男,二級,陽性
42846,19歲以下,男,無,陰性
42847,40-49歲,男,無,陰性
42848,60歲以上,男,無,陰性
42849,40-49歲,女,無,陰性
42850,19歲以下,男,無,陰性
42851,40-49歲,男,二級,陽性
42852,40-49歲,女,二級,陽性
42853,50-59歲,男,無,陰性
42854,40-49歲,女,無,陰性
42855,60歲以上,男,無,陰性
42856,50-59歲,女,無,陰性
42857,60歲以上,男,無,陰性
42858,60歲以上,男,無,陰性
42859,50-59歲,男,二級,陽性
42860,30-39歲,男,二級,陽性
42861,50-59歲,男,無,陰性
42862,50-59歲,女,無,陰性
42863,40-49歲,男,無,陰性
42864,19歲以下,男,二級,陽性
42865,40-49歲,男,無,陰性
42866,60歲以上,男,二級,陽性
42867,50-59歲,男,無,陰性
42868,40-49歲,男,無,陰性
42869,30-39歲,女,二級,陽性
42870,60歲以上,女,無,陰性
42871,50-59歲,男,無,陰性
42872,19歲以下,男,二級,陽性
42873,40-49歲,女,無,陰性
42874,40-49歲,男,三級,陽性
42875,60歲以上,男,無,陰性
42876,40-49歲,男,無,陰性
42877,40-49歲,男,無,陰性
42878,30-39歲,女,無,陰性
42879,40-49歲,男,無,陰性
42880,60歲以上,男,無,陰性
42881,20-29歲,男,無,陰性
42882,19歲以下,男,無,陰性
42883,50-59歲,男,二級,陽性
42884,50-59歲,男,二級,陽性
42885,30-39歲,男,無,陰性
42886,50-59歲,男,無,陰性
42887,50-59歲,女,二級,陽性
42888,30-39歲,男,無,陰性
42889,50-59歲,男,二級,陽性
42890,40-49歲,男,無,陰性
42891,50-59歲,男,無,陰性
42892,40-49歲,女,無,陰性
42893,50-59歲,女,無,陰性
42894,40-49歲,男,無,陰性
42895,40-49歲,男,無,陰性
42896,30-39歲,男,無,陰性
42897,50-59歲,男,無,陰性
42898,40-49歲,女,二級,陽性
42899,40-49歲,女,無,陰性
42900,30-39歲,男,無,陰性
42901,50-59歲,男,無,陰性
42902,30-39歲,男,無,陰性
42903,40-49歲,女,無,陰性
42904,40-49歲,男,無,陰性
42905,50-59歲,女,無,陰性
42906,40-49歲,男,無,陰性
42907,50-59歲,男,無,陰性
42908,19歲以下,男,無,陰性
42909,60歲以上,男,無,陰性
42910,40-49歲,男,二級,陽性
42911,30-39歲,男,無,陰性
42912,30-39歲,男,無,陰性
42913,20-29歲,男,二級,陽性
42914,60歲以上,女,無,陰性
42915,40-49歲,男,二級,陽性
42916,40-49歲,女,無,陰性
42917,50-59歲,男,無,陰性
42918,30-39歲,男,無,陰性
42919,50-59歲,女,二級,陽性
42920,40-49歲,男,無,陰性
42921,40-49歲,女,無,陰性
42922,50-59歲,男,無,陰性
42923,50-59歲,男,無,陰性
42924,30-39歲,男,無,陰性
42925,60歲以上,男,無,陰性
42926,50-59歲,女,無,陰性
42927,40-49歲,女,無,陰性
42928,40-49歲,男,二級,陽性
42929,30-39歲,男,無,陰性
42930,60歲以上,男,無,陰性
42931,40-49歲,男,無,陰性
42932,50-59歲,男,無,陰性
42933,40-49歲,男,無,陰性
42934,20-29歲,男,無,陰性
42935,30-39歲,女,無,陰性
42936,60歲以上,女,二級,陽性
42937,40-49歲,男,無,陰性
42938,20-29歲,男,無,陰性
42939,50-59歲,男,無,陰性
42940,19歲以下,男,無,陰性
42941,60歲以上,男,二級,陽性
42942,20-29歲,男,無,陰性
42943,60歲以上,男,無,陰性
42944,60歲以上,男,無,陰性
42945,40-49歲,男,無,陰性
42946,20-29歲,男,無,陰性
42947,50-59歲,男,二級,陽性
42948,60歲以上,男,無,陰性
42949,30-39歲,男,無,陰性
42950,60歲以上,男,無,陰性
42951,40-49歲,女,無,陰性
42952,30-39歲,男,無,陰性
42953,50-59歲,男,二級,陽性
42954,40-49歲,男,無,陰性
42955,50-59歲,女,無,陰性
42956,40-49歲,男,無,陰性
42957,60歲以上,男,無,陰性
42958,40-49歲,女,無,陰性
42959,40-49歲,男,無,陰性
42960,40-49歲,男,無,陰性
42961,50-59歲,男,無,陰性
42962,30-39歲,男,無,陰性
42963,40-49歲,女,無,陰性
42964,30-39歲,男,二級,陽性
42965,50-59歲,男,無,陰性
42966,40-49歲,男,三級,陽性
42967,40-49歲,女,無,陰性
42968,40-49歲,男,無,陰性
42969,30-39歲,女,無,陰性
42970,50-59歲,男,無,陰性
42971,30-39歲,男,無,陰性
42972,60歲以上,男,無,陰性
42973,40-49歲,男,無,陰性
42974,30-39歲,男,無,陰性
42975,40-49歲,男,無,陰性
42976,40-49歲,女,無,陰性
42977,50-59歲,女,二級,陽性
42978,20-29歲,男,無,陰性
42979,40-49歲,男,無,陰性
42980,19歲以下,女,無,陰性
42981,30-39歲,男,一級,陽性
42982,40-49歲,男,無,陰性
42983,40-49歲,男,無,陰性
42984,50-59歲,女,無,陰性
42985,50-59歲,女,無,陰性
42986,40-49歲,男,二級,陽性
42987,50-59歲,男,無,陰性
42988,50-59歲,男,無,陰性
42989,40-49歲,男,無,陰性
42990,60歲以上,男,無,陰性
42991,40-49歲,男,無,陰性
42992,50-59歲,男,無,陰性
42993,19歲以下,男,無,陰性
42994,50-59歲,男,二級,陽性
42995,40-49歲,女,無,陰性
42996,40-49歲,男,無,陰性
42997,19歲以下,男,二級,陽性
42998,60歲以上,男,無,陰性
42999,40-49歲,男,無,陰性
43000,20-29歲,女,無,陰性
43001,40-49歲,男,二級,陽性
43002,50-59歲,男,無,陰性
43003,40-49歲,男,無,陰性
43004,20-29歲,男,無,陰性
43005,30-39歲,女,無,陰性
43006,60歲以上,女,無,陰性
43007,50-59歲,男,無,陰性
43008,20-29歲,男,無,陰性
43009,50-59歲,男,無,陰性
43010,40-49歲,男,無,陰性
43011,20-29歲,女,無,陰性
43012,30-39歲,女,無,陰性
43013,30-39歲,男,無,陰性
43014,20-29歲,男,無,陰性
43015,50-59歲,男,無,陰性
43016,40-49歲,男,二級,陽性
43017,40-49歲,男,無,陰性
43018,40-49歲,男,無,陰性
43019,50-59歲,男,二級,陽性
43020,50-59歲,男,無,陰性
43021,40-49歲,男,無,陰性
43022,50-59歲,男,無,陰性
43023,40-49歲,男,無,陰性
43024,60歲以上,男,無,陰性
43025,50-59歲,男,無,陰性
43026,30-39歲,男,無,陰性
43027,30-39歲,男,無,陰性
43028,40-49歲,男,無,陰性
43029,60歲以上,男,無,陰性
43030,40-49歲,男,無,陰性
43031,40-49歲,男,無,陰性
43032,50-59歲,男,二級,陽性
43033,40-49歲,男,無,陰性
43034,40-49歲,男,無,陰性
43035,40-49歲,男,無,陰性
43036,50-59歲,男,二級,陽性
43037,50-59歲,男,無,陰性
43038,50-59歲,男,無,陰性
43039,30-39歲,男,無,陰性
43040,50-59歲,男,無,陰性
43041,40-49歲,男,無,陰性
43042,50-59歲,男,無,陰性
43043,50-59歲,男,無,陰性
43044,40-49歲,男,無,陰性
43045,60歲以上,男,無,陰性
43046,50-59歲,男,二級,陽性
43047,60歲以上,男,無,陰性
43048,50-59歲,男,無,陰性
43049,40-49歲,男,無,陰性
43050,40-49歲,男,無,陰性
43051,50-59歲,女,無,陰性
43052,30-39歲,男,三級,陽性
43053,20-29歲,男,無,陰性
43054,40-49歲,男,無,陰性
43055,50-59歲,男,二級,陽性
43056,40-49歲,男,二級,陽性
43057,50-59歲,男,無,陰性
43058,30-39歲,男,二級,陽性
43059,40-49歲,男,無,陰性
43060,40-49歲,男,二級,陽性
43061,30-39歲,男,無,陰性
43062,40-49歲,女,無,陰性
43063,50-59歲,男,無,陰性
43064,50-59歲,男,二級,陽性
43065,30-39歲,女,無,陰性
43066,30-39歲,男,無,陰性
43067,20-29歲,男,無,陰性
43068,40-49歲,男,三級,陽性
43069,30-39歲,男,無,陰性
43070,50-59歲,男,無,陰性
43071,30-39歲,女,無,陰性
43072,30-39歲,男,二級,陽性
43073,40-49歲,男,無,陰性
43074,50-59歲,男,無,陰性
43075,40-49歲,男,無,陰性
43076,50-59歲,女,無,陰性
43077,40-49歲,男,無,陰性
43078,40-49歲,男,二級,陽性
43079,60歲以上,男,無,陰性
43080,20-29歲,女,無,陰性
43081,60歲以上,女,無,陰性
43082,30-39歲,男,二級,陽性
43083,40-49歲,女,無,陰性
43084,40-49歲,男,無,陰性
43085,20-29歲,男,無,陰性
43086,19歲以下,女,無,陰性
43087,40-49歲,男,無,陰性
43088,30-39歲,男,二級,陽性
43089,60歲以上,男,無,陰性
43090,30-39歲,男,無,陰性
43091,50-59歲,男,無,陰性
43092,20-29歲,男,無,陰性
43093,40-49歲,女,無,陰性
43094,40-49歲,男,無,陰性
43095,19歲以下,男,無,陰性
43096,20-29歲,男,無,陰性
43097,50-59歲,男,無,陰性
43098,50-59歲,男,二級,陽性
43099,30-39歲,男,無,陰性
43100,50-59歲,男,二級,陽性
43101,30-39歲,女,無,陰性
43102,30-39歲,男,無,陰性
43103,50-59歲,男,無,陰性
43104,40-49歲,男,無,陰性
43105,20-29歲,男,無,陰性
43106,40-49歲,男,二級,陽性
43107,40-49歲,男,無,陰性
43108,50-59歲,男,二級,陽性
43109,40-49歲,男,無,陰性
43110,30-39歲,男,無,陰性
43111,50-59歲,男,無,陰性
43112,50-59歲,男,無,陰性
43113,40-49歲,女,三級,陽性
43114,40-49歲,男,無,陰性
43115,50-59歲,男,無,陰性
43116,30-39歲,男,無,陰性
43117,40-49歲,男,無,陰性
43118,50-59歲,男,無,陰性
43119,30-39歲,男,無,陰性
43120,40-49歲,女,三級,陽性
43121,40-49歲,男,二級,陽性
43122,40-49歲,男,無,陰性
43123,20-29歲,女,無,陰性
43124,50-59歲,女,無,陰性
43125,30-39歲,男,一級,陽性
43126,30-39歲,男,無,陰性
43127,50-59歲,男,無,陰性
43128,50-59歲,男,無,陰性
43129,60歲以上,女,一級,陽性
43130,40-49歲,男,三級,陽性
43131,60歲以上,男,二級,陽性
43132,40-49歲,男,無,陰性
43133,50-59歲,男,無,陰性
43134,30-39歲,男,無,陰性
43135,50-59歲,男,無,陰性
43136,50-59歲,男,二級,陽性
43137,30-39歲,男,無,陰性
43138,50-59歲,男,無,陰性
43139,60歲以上,男,二級,陽性
43140,19歲以下,男,無,陰性
43141,50-59歲,男,無,陰性
43142,20-29歲,男,無,陰性
43143,40-49歲,男,無,陰性
43144,40-49歲,男,無,陰性
43145,50-59歲,男,三級,陽性
43146,40-49歲,男,無,陰性
43147,20-29歲,男,二級,陽性
43148,40-49歲,男,二級,陽性
43149,30-39歲,男,無,陰性
43150,50-59歲,男,二級,陽性
43151,30-39歲,女,無,陰性
43152,30-39歲,男,無,陰性
43153,40-49歲,男,無,陰性
43154,40-49歲,女,二級,陽性
43155,40-49歲,男,無,陰性
43156,50-59歲,男,無,陰性
43157,30-39歲,女,無,陰性
43158,50-59歲,男,二級,陽性
43159,40-49歲,男,無,陰性
43160,50-59歲,男,無,陰性
43161,60歲以上,男,無,陰性
43162,40-49歲,男,無,陰性
43163,19歲以下,男,無,陰性
43164,40-49歲,男,二級,陽性
43165,50-59歲,男,二級,陽性
43166,40-49歲,女,無,陰性
43167,20-29歲,男,無,陰性
43168,60歲以上,男,無,陰性
43169,40-49歲,男,三級,陽性
43170,60歲以上,男,無,陰性
43171,30-39歲,男,二級,陽性
43172,40-49歲,男,二級,陽性
43173,20-29歲,男,無,陰性
43174,30-39歲,男,三級,陽性
43175,19歲以下,男,無,陰性
43176,50-59歲,男,無,陰性
43177,40-49歲,男,無,陰性
43178,40-49歲,男,無,陰性
43179,50-59歲,男,無,陰性
43180,60歲以上,男,無,陰性
43181,50-59歲,男,三級,陽性
43182,40-49歲,男,無,陰性
43183,50-59歲,男,二級,陽性
43184,20-29歲,男,無,陰性
43185,40-49歲,男,無,陰性
43186,40-49歲,男,無,陰性
43187,20-29歲,男,無,陰性
43188,20-29歲,男,無,陰性
43189,20-29歲,男,無,陰性
43190,60歲以上,男,無,陰性
43191,40-49歲,女,無,陰性
43192,40-49歲,女,無,陰性
43193,50-59歲,男,二級,陽性
43194,20-29歲,男,無,陰性
43195,40-49歲,男,無,陰性
43196,50-59歲,男,無,陰性
43197,50-59歲,女,無,陰性
43198,20-29歲,男,無,陰性
43199,50-59歲,男,無,陰性
43200,20-29歲,男,無,陰性
43201,50-59歲,男,無,陰性
43202,40-49歲,男,無,陰性
43203,40-49歲,男,無,陰性
43204,40-49歲,男,無,陰性
43205,20-29歲,男,無,陰性
43206,50-59歲,女,無,陰性
43207,50-59歲,男,無,陰性
43208,50-59歲,男,二級,陽性
43209,50-59歲,男,無,陰性
43210,20-29歲,男,無,陰性
43211,50-59歲,男,無,陰性
43212,30-39歲,男,二級,陽性
43213,60歲以上,女,無,陰性
43214,20-29歲,男,三級,陽性
43215,40-49歲,男,無,陰性
43216,50-59歲,女,無,陰性
43217,30-39歲,男,無,陰性
43218,20-29歲,男,無,陰性
43219,50-59歲,男,無,陰性
43220,20-29歲,女,無,陰性
43221,30-39歲,女,無,陰性
43222,50-59歲,女,無,陰性
43223,50-59歲,女,二級,陽性
43224,30-39歲,男,無,陰性
43225,60歲以上,男,無,陰性
43226,50-59歲,男,二級,陽性
43227,30-39歲,男,二級,陽性
43228,40-49歲,男,無,陰性
43229,50-59歲,男,三級,陽性
43230,50-59歲,男,無,陰性
43231,30-39歲,女,二級,陽性
43232,60歲以上,男,無,陰性
43233,50-59歲,男,無,陰性
43234,60歲以上,男,無,陰性
43235,40-49歲,男,無,陰性
43236,40-49歲,男,無,陰性
43237,40-49歲,女,無,陰性
43238,20-29歲,男,無,陰性
43239,30-39歲,男,二級,陽性
43240,60歲以上,男,無,陰性
43241,50-59歲,男,二級,陽性
43242,19歲以下,男,無,陰性
43243,40-49歲,男,無,陰性
43244,60歲以上,男,二級,陽性
43245,40-49歲,男,無,陰性
43246,50-59歲,男,無,陰性
43247,50-59歲,男,無,陰性
43248,50-59歲,男,無,陰性
43249,50-59歲,男,無,陰性
43250,40-49歲,男,無,陰性
43251,50-59歲,男,二級,陽性
43252,60歲以上,男,無,陰性
43253,30-39歲,男,二級,陽性
43254,20-29歲,男,無,陰性
43255,30-39歲,女,無,陰性
43256,50-59歲,男,無,陰性
43257,40-49歲,男,二級,陽性
43258,40-49歲,女,無,陰性
43259,50-59歲,女,無,陰性
43260,30-39歲,男,無,陰性
43261,40-49歲,女,無,陰性
43262,60歲以上,男,無,陰性
43263,40-49歲,男,無,陰性
43264,40-49歲,男,無,陰性
43265,50-59歲,男,無,陰性
43266,40-49歲,男,一級,陽性
43267,50-59歲,男,二級,陽性
43268,50-59歲,男,無,陰性
43269,40-49歲,男,無,陰性
43270,30-39歲,女,無,陰性
43271,30-39歲,男,無,陰性
43272,50-59歲,男,無,陰性
43273,30-39歲,男,無,陰性
43274,40-49歲,男,二級,陽性
43275,60歲以上,男,無,陰性
43276,20-29歲,男,無,陰性
43277,30-39歲,男,二級,陽性
43278,50-59歲,男,無,陰性
43279,60歲以上,女,無,陰性
43280,20-29歲,男,無,陰性
43281,60歲以上,男,無,陰性
43282,19歲以下,男,無,陰性
43283,40-49歲,男,無,陰性
43284,40-49歲,男,無,陰性
43285,50-59歲,女,二級,陽性
43286,50-59歲,男,無,陰性
43287,40-49歲,男,無,陰性
43288,50-59歲,男,無,陰性
43289,19歲以下,男,二級,陽性
43290,50-59歲,男,無,陰性
43291,40-49歲,女,二級,陽性
43292,40-49歲,男,二級,陽性
43293,60歲以上,男,無,陰性
43294,30-39歲,男,一級,陽性
43295,50-59歲,男,二級,陽性
43296,30-39歲,男,無,陰性
43297,30-39歲,男,二級,陽性
43298,40-49歲,女,無,陰性
43299,50-59歲,男,無,陰性
43300,60歲以上,男,二級,陽性
43301,20-29歲,男,無,陰性
43302,50-59歲,男,無,陰性
43303,40-49歲,女,無,陰性
43304,60歲以上,女,無,陰性
43305,50-59歲,男,一級,陽性
43306,50-59歲,男,二級,陽性
43307,60歲以上,女,無,陰性
43308,40-49歲,男,無,陰性
43309,60歲以上,男,無,陰性
43310,60歲以上,男,無,陰性
43311,40-49歲,男,無,陰性
43312,19歲以下,男,無,陰性
43313,60歲以上,男,無,陰性
43314,40-49歲,男,無,陰性
43315,40-49歲,男,無,陰性
43316,40-49歲,男,無,陰性
43317,50-59歲,男,無,陰性
43318,40-49歲,男,無,陰性
43319,60歲以上,男,無,陰性
43320,50-59歲,男,二級,陽性
43321,50-59歲,男,無,陰性
43322,30-39歲,女,無,陰性
43323,40-49歲,男,無,陰性
43324,50-59歲,女,無,陰性
43325,20-29歲,男,無,陰性
43326,30-39歲,女,無,陰性
43327,20-29歲,男,無,陰性
43328,50-59歲,男,無,陰性
43329,40-49歲,男,二級,陽性
43330,40-49歲,男,無,陰性
43331,40-49歲,女,二級,陽性
43332,40-49歲,男,無,陰性
43333,50-59歲,男,二級,陽性
43334,50-59歲,男,無,陰性
43335,40-49歲,男,無,陰性
43336,40-49歲,男,無,陰性
43337,50-59歲,男,二級,陽性
43338,20-29歲,男,二級,陽性
43339,30-39歲,女,無,陰性
43340,30-39歲,男,無,陰性
43341,50-59歲,女,無,陰性
43342,40-49歲,男,無,陰性
43343,40-49歲,男,無,陰性
43344,40-49歲,男,無,陰性
43345,50-59歲,女,二級,陽性
43346,20-29歲,男,二級,陽性
43347,50-59歲,女,無,陰性
43348,30-39歲,男,無,陰性
43349,50-59歲,男,無,陰性
43350,60歲以上,男,無,陰性
43351,40-49歲,男,無,陰性
43352,40-49歲,男,無,陰性
43353,19歲以下,男,無,陰性
43354,40-49歲,男,二級,陽性
43355,19歲以下,男,無,陰性
43356,50-59歲,男,三級,陽性
43357,50-59歲,男,無,陰性
43358,50-59歲,男,無,陰性
43359,60歲以上,男,無,陰性
43360,60歲以上,女,無,陰性
43361,60歲以上,男,無,陰性
43362,40-49歲,男,無,陰性
43363,50-59歲,男,無,陰性
43364,40-49歲,男,無,陰性
43365,40-49歲,男,無,陰性
43366,40-49歲,男,二級,陽性
43367,30-39歲,男,二級,陽性
43368,30-39歲,男,無,陰性
43369,40-49歲,男,無,陰性
43370,30-39歲,男,無,陰性
43371,30-39歲,男,無,陰性
43372,50-59歲,女,無,陰性
43373,30-39歲,女,一級,陽性
43374,50-59歲,男,無,陰性
43375,40-49歲,男,無,陰性
43376,30-39歲,男,無,陰性
43377,60歲以上,男,二級,陽性
43378,50-59歲,男,二級,陽性
43379,40-49歲,男,無,陰性
43380,30-39歲,男,無,陰性
43381,50-59歲,男,無,陰性
43382,40-49歲,男,無,陰性
43383,20-29歲,男,無,陰性
43384,40-49歲,女,無,陰性
43385,40-49歲,男,無,陰性
43386,50-59歲,男,一級,陽性
43387,60歲以上,男,無,陰性
43388,40-49歲,男,三級,陽性
43389,50-59歲,男,二級,陽性
43390,30-39歲,男,無,陰性
43391,30-39歲,男,無,陰性
43392,40-49歲,女,無,陰性
43393,50-59歲,男,無,陰性
43394,30-39歲,女,無,陰性
43395,40-49歲,女,無,陰性
43396,40-49歲,女,無,陰性
43397,50-59歲,男,無,陰性
43398,20-29歲,男,無,陰性
43399,50-59歲,男,二級,陽性
43400,50-59歲,男,無,陰性
43401,40-49歲,女,無,陰性
43402,40-49歲,男,二級,陽性
43403,20-29歲,男,二級,陽性
43404,40-49歲,男,無,陰性
43405,40-49歲,男,三級,陽性
43406,20-29歲,男,無,陰性
43407,30-39歲,男,無,陰性
43408,30-39歲,女,二級,陽性
43409,60歲以上,男,無,陰性
43410,60歲以上,男,無,陰性
43411,50-59歲,男,無,陰性
43412,30-39歲,男,無,陰性
43413,30-39歲,男,一級,陽性
43414,50-59歲,男,二級,陽性
43415,30-39歲,男,無,陰性
43416,19歲以下,男,無,陰性
43417,19歲以下,男,無,陰性
43418,50-59歲,男,無,陰性
43419,19歲以下,男,無,陰性
43420,40-49歲,男,無,陰性
43421,50-59歲,男,無,陰性
43422,30-39歲,男,無,陰性
43423,40-49歲,男,無,陰性
43424,40-49歲,男,無,陰性
43425,40-49歲,男,二級,陽性
43426,60歲以上,男,無,陰性
43427,60歲以上,男,無,陰性
43428,20-29歲,男,二級,陽性
43429,40-49歲,男,無,陰性
43430,40-49歲,男,無,陰性
43431,20-29歲,女,無,陰性
43432,40-49歲,男,無,陰性
43433,50-59歲,男,二級,陽性
43434,40-49歲,男,二級,陽性
43435,40-49歲,女,二級,陽性
43436,30-39歲,男,無,陰性
43437,30-39歲,男,二級,陽性
43438,30-39歲,男,無,陰性
43439,19歲以下,男,無,陰性
43440,40-49歲,男,無,陰性
43441,30-39歲,女,三級,陽性
43442,30-39歲,男,無,陰性
43443,30-39歲,男,無,陰性
43444,40-49歲,男,無,陰性
43445,40-49歲,女,無,陰性
43446,50-59歲,男,無,陰性
43447,50-59歲,男,無,陰性
43448,30-39歲,男,二級,陽性
43449,30-39歲,男,無,陰性
43450,50-59歲,男,二級,陽性
43451,60歲以上,男,無,陰性
43452,30-39歲,男,無,陰性
43453,40-49歲,男,無,陰性
43454,30-39歲,男,一級,陽性
43455,30-39歲,男,三級,陽性
43456,40-49歲,男,二級,陽性
43457,40-49歲,男,二級,陽性
43458,30-39歲,男,二級,陽性
43459,60歲以上,男,無,陰性
43460,40-49歲,男,無,陰性
43461,40-49歲,男,無,陰性
43462,40-49歲,男,無,陰性
43463,30-39歲,男,無,陰性
43464,20-29歲,男,無,陰性
43465,20-29歲,男,三級,陽性
43466,50-59歲,女,無,陰性
43467,30-39歲,男,無,陰性
43468,40-49歲,男,無,陰性
43469,30-39歲,男,二級,陽性
43470,40-49歲,男,二級,陽性
43471,30-39歲,男,二級,陽性
43472,50-59歲,男,無,陰性
43473,40-49歲,女,二級,陽性
43474,40-49歲,男,一級,陽性
43475,40-49歲,男,無,陰性
43476,40-49歲,男,二級,陽性
43477,19歲以下,女,無,陰性
43478,30-39歲,男,無,陰性
43479,30-39歲,男,無,陰性
43480,50-59歲,女,無,陰性
43481,30-39歲,男,無,陰性
43482,50-59歲,男,無,陰性
43483,20-29歲,男,二級,陽性
43484,20-29歲,男,無,陰性
43485,60歲以上,男,無,陰性
43486,40-49歲,男,二級,陽性
43487,40-49歲,男,無,陰性
43488,19歲以下,男,二級,陽性
43489,60歲以上,男,無,陰性
43490,40-49歲,女,無,陰性
43491,40-49歲,女,無,陰性
43492,30-39歲,男,無,陰性
43493,20-29歲,男,無,陰性
43494,30-39歲,男,無,陰性
43495,50-59歲,男,二級,陽性
43496,40-49歲,男,無,陰性
43497,40-49歲,男,一級,陽性
43498,40-49歲,男,無,陰性
43499,50-59歲,男,二級,陽性
43500,60歲以上,男,無,陰性
43501,40-49歲,男,二級,陽性
43502,20-29歲,男,無,陰性
43503,40-49歲,男,無,陰性
43504,30-39歲,女,無,陰性
43505,20-29歲,男,二級,陽性
43506,40-49歲,男,二級,陽性
43507,50-59歲,男,無,陰性
43508,50-59歲,男,無,陰性
43509,50-59歲,男,無,陰性
43510,40-49歲,男,無,陰性
43511,40-49歲,女,無,陰性
43512,60歲以上,男,無,陰性
43513,40-49歲,男,二級,陽性
43514,50-59歲,男,無,陰性
43515,40-49歲,男,無,陰性
43516,30-39歲,男,無,陰性
43517,50-59歲,男,無,陰性
43518,40-49歲,男,無,陰性
43519,50-59歲,男,二級,陽性
43520,50-59歲,男,無,陰性
43521,60歲以上,男,無,陰性
43522,50-59歲,男,無,陰性
43523,40-49歲,男,無,陰性
43524,40-49歲,男,無,陰性
43525,60歲以上,女,一級,陽性
43526,50-59歲,女,無,陰性
43527,20-29歲,男,二級,陽性
43528,40-49歲,男,無,陰性
43529,50-59歲,男,無,陰性
43530,50-59歲,男,無,陰性
43531,40-49歲,女,二級,陽性
43532,30-39歲,男,無,陰性
43533,60歲以上,男,二級,陽性
43534,50-59歲,男,三級,陽性
43535,40-49歲,男,無,陰性
43536,50-59歲,男,無,陰性
43537,40-49歲,男,無,陰性
43538,60歲以上,男,無,陰性
43539,60歲以上,男,無,陰性
43540,50-59歲,男,無,陰性
43541,40-49歲,男,無,陰性
43542,40-49歲,女,無,陰性
43543,30-39歲,男,無,陰性
43544,20-29歲,女,無,陰性
43545,40-49歲,男,二級,陽性
43546,30-39歲,女,二級,陽性
43547,60歲以上,男,二級,陽性
43548,30-39歲,男,無,陰性
43549,50-59歲,男,無,陰性
43550,20-29歲,女,無,陰性
43551,20-29歲,女,無,陰性
43552,50-59歲,男,無,陰性
43553,50-59歲,男,無,陰性
43554,20-29歲,女,二級,陽性
43555,50-59歲,男,無,陰性
43556,50-59歲,男,無,陰性
43557,20-29歲,男,無,陰性
43558,50-59歲,男,無,陰性
43559,40-49歲,男,無,陰性
43560,40-49歲,男,無,陰性
43561,30-39歲,男,無,陰性
43562,50-59歲,男,一級,陽性
43563,20-29歲,男,無,陰性
43564,40-49歲,男,無,陰性
43565,50-59歲,男,二級,陽性
43566,50-59歲,男,無,陰性
43567,50-59歲,男,一級,陽性
43568,50-59歲,女,無,陰性
43569,50-59歲,男,無,陰性
43570,30-39歲,男,無,陰性
43571,30-39歲,男,無,陰性
43572,60歲以上,男,無,陰性
43573,40-49歲,男,無,陰性
43574,50-59歲,男,無,陰性
43575,50-59歲,男,無,陰性
43576,30-39歲,男,二級,陽性
43577,40-49歲,男,無,陰性
43578,30-39歲,男,無,陰性
43579,40-49歲,男,無,陰性
43580,40-49歲,女,二級,陽性
43581,50-59歲,男,三級,陽性
43582,60歲以上,女,二級,陽性
43583,40-49歲,男,三級,陽性
43584,40-49歲,男,無,陰性
43585,50-59歲,男,無,陰性
43586,40-49歲,女,二級,陽性
43587,30-39歲,男,無,陰性
43588,50-59歲,女,二級,陽性
43589,50-59歲,男,無,陰性
43590,40-49歲,男,無,陰性
43591,40-49歲,男,無,陰性
43592,50-59歲,男,二級,陽性
43593,30-39歲,男,無,陰性
43594,40-49歲,男,無,陰性
43595,50-59歲,男,無,陰性
43596,40-49歲,男,無,陰性
43597,50-59歲,男,二級,陽性
43598,50-59歲,男,無,陰性
43599,40-49歲,男,無,陰性
43600,50-59歲,男,無,陰性
43601,50-59歲,男,無,陰性
43602,40-49歲,男,無,陰性
43603,19歲以下,男,無,陰性
43604,20-29歲,男,無,陰性
43605,40-49歲,男,無,陰性
43606,30-39歲,男,無,陰性
43607,50-59歲,男,無,陰性
43608,40-49歲,男,無,陰性
43609,30-39歲,男,二級,陽性
43610,60歲以上,男,無,陰性
43611,20-29歲,男,無,陰性
43612,60歲以上,男,無,陰性
43613,50-59歲,男,無,陰性
43614,60歲以上,男,無,陰性
43615,30-39歲,男,無,陰性
43616,40-49歲,男,無,陰性
43617,20-29歲,男,無,陰性
43618,30-39歲,男,二級,陽性
43619,50-59歲,男,無,陰性
43620,30-39歲,男,無,陰性
43621,60歲以上,男,無,陰性
43622,20-29歲,男,無,陰性
43623,50-59歲,男,無,陰性
43624,30-39歲,女,無,陰性
43625,40-49歲,男,無,陰性
43626,40-49歲,男,無,陰性
43627,40-49歲,男,無,陰性
43628,19歲以下,男,無,陰性
43629,50-59歲,男,無,陰性
43630,50-59歲,男,無,陰性
43631,50-59歲,男,無,陰性
43632,60歲以上,男,二級,陽性
43633,50-59歲,男,無,陰性
43634,40-49歲,男,無,陰性
43635,20-29歲,男,無,陰性
43636,50-59歲,男,無,陰性
43637,20-29歲,女,無,陰性
43638,19歲以下,男,二級,陽性
43639,40-49歲,女,二級,陽性
43640,50-59歲,女,無,陰性
43641,50-59歲,男,二級,陽性
43642,50-59歲,男,二級,陽性
43643,30-39歲,男,無,陰性
43644,30-39歲,男,無,陰性
43645,30-39歲,男,無,陰性
43646,50-59歲,男,無,陰性
43647,30-39歲,男,無,陰性
43648,40-49歲,男,無,陰性
43649,50-59歲,男,無,陰性
43650,19歲以下,男,無,陰性
43651,40-49歲,男,二級,陽性
43652,20-29歲,男,三級,陽性
43653,50-59歲,男,無,陰性
43654,30-39歲,男,二級,陽性
43655,30-39歲,男,無,陰性
43656,60歲以上,男,無,陰性
43657,50-59歲,男,無,陰性
43658,50-59歲,男,無,陰性
43659,30-39歲,女,無,陰性
43660,50-59歲,男,無,陰性
43661,40-49歲,男,無,陰性
43662,30-39歲,女,無,陰性
43663,60歲以上,男,三級,陽性
43664,50-59歲,女,無,陰性
43665,50-59歲,男,二級,陽性
43666,40-49歲,男,無,陰性
43667,40-49歲,男,無,陰性
43668,40-49歲,男,二級,陽性
43669,40-49歲,男,無,陰性
43670,40-49歲,女,三級,陽性
43671,30-39歲,男,無,陰性
43672,40-49歲,男,無,陰性
43673,40-49歲,男,二級,陽性
43674,30-39歲,男,無,陰性
43675,50-59歲,男,無,陰性
43676,50-59歲,男,無,陰性
43677,50-59歲,男,無,陰性
43678,50-59歲,男,無,陰性
43679,50-59歲,男,無,陰性
43680,50-59歲,女,無,陰性
43681,30-39歲,男,無,陰性
43682,50-59歲,男,無,陰性
43683,20-29歲,男,無,陰性
43684,30-39歲,女,無,陰性
43685,30-39歲,男,無,陰性
43686,20-29歲,男,無,陰性
43687,50-59歲,男,二級,陽性
43688,40-49歲,男,三級,陽性
43689,40-49歲,男,無,陰性
43690,60歲以上,男,無,陰性
43691,40-49歲,男,一級,陽性
43692,20-29歲,女,無,陰性
43693,50-59歲,女,一級,陽性
43694,50-59歲,男,無,陰性
43695,40-49歲,女,無,陰性
43696,60歲以上,男,無,陰性
43697,50-59歲,男,無,陰性
43698,50-59歲,男,無,陰性
43699,50-59歲,女,無,陰性
43700,60歲以上,女,無,陰性
43701,40-49歲,女,二級,陽性
43702,20-29歲,男,無,陰性
43703,40-49歲,男,無,陰性
43704,30-39歲,男,三級,陽性
43705,30-39歲,男,無,陰性
43706,50-59歲,男,無,陰性
43707,30-39歲,女,無,陰性
43708,19歲以下,男,無,陰性
43709,60歲以上,男,二級,陽性
43710,40-49歲,男,三級,陽性
43711,40-49歲,男,無,陰性
43712,30-39歲,男,無,陰性
43713,50-59歲,男,無,陰性
43714,40-49歲,男,一級,陽性
43715,40-49歲,男,無,陰性
43716,40-49歲,男,無,陰性
43717,60歲以上,男,無,陰性
43718,40-49歲,男,無,陰性
43719,40-49歲,男,無,陰性
43720,50-59歲,男,無,陰性
43721,40-49歲,男,無,陰性
43722,20-29歲,男,無,陰性
43723,40-49歲,女,無,陰性
43724,40-49歲,男,三級,陽性
43725,40-49歲,女,無,陰性
43726,40-49歲,女,無,陰性
43727,30-39歲,男,無,陰性
43728,40-49歲,男,二級,陽性
43729,40-49歲,男,無,陰性
43730,60歲以上,女,無,陰性
43731,40-49歲,男,二級,陽性
43732,30-39歲,男,一級,陽性
43733,40-49歲,男,無,陰性
43734,50-59歲,男,二級,陽性
43735,50-59歲,男,無,陰性
43736,40-49歲,男,二級,陽性
43737,50-59歲,男,無,陰性
43738,30-39歲,女,二級,陽性
43739,60歲以上,男,無,陰性
43740,30-39歲,女,二級,陽性
43741,50-59歲,男,無,陰性
43742,30-39歲,男,無,陰性
43743,40-49歲,男,二級,陽性
43744,20-29歲,男,無,陰性
43745,60歲以上,男,無,陰性
43746,50-59歲,男,二級,陽性
43747,30-39歲,女,無,陰性
43748,20-29歲,男,無,陰性
43749,40-49歲,男,無,陰性
43750,40-49歲,男,二級,陽性
43751,40-49歲,男,無,陰性
43752,40-49歲,男,無,陰性
43753,30-39歲,男,一級,陽性
43754,40-49歲,男,無,陰性
43755,60歲以上,男,無,陰性
43756,50-59歲,男,無,陰性
43757,40-49歲,男,無,陰性
43758,40-49歲,男,三級,陽性
43759,40-49歲,男,無,陰性
43760,20-29歲,男,二級,陽性
43761,60歲以上,女,無,陰性
43762,40-49歲,男,無,陰性
43763,20-29歲,男,無,陰性
43764,20-29歲,男,無,陰性
43765,50-59歲,女,無,陰性
43766,20-29歲,男,無,陰性
43767,60歲以上,女,無,陰性
43768,30-39歲,男,二級,陽性
43769,20-29歲,男,二級,陽性
43770,60歲以上,男,二級,陽性
43771,40-49歲,男,無,陰性
43772,40-49歲,男,三級,陽性
43773,20-29歲,男,無,陰性
43774,50-59歲,女,無,陰性
43775,40-49歲,男,無,陰性
43776,30-39歲,女,無,陰性
43777,40-49歲,女,無,陰性
43778,30-39歲,男,無,陰性
43779,50-59歲,男,一級,陽性
43780,40-49歲,女,無,陰性
43781,60歲以上,男,一級,陽性
43782,19歲以下,男,二級,陽性
43783,50-59歲,男,二級,陽性
43784,40-49歲,男,二級,陽性
43785,40-49歲,男,無,陰性
43786,50-59歲,男,無,陰性
43787,60歲以上,男,無,陰性
43788,50-59歲,男,無,陰性
43789,40-49歲,女,無,陰性
43790,20-29歲,男,無,陰性
43791,50-59歲,男,無,陰性
43792,50-59歲,男,無,陰性
43793,50-59歲,男,無,陰性
43794,50-59歲,男,無,陰性
43795,30-39歲,男,無,陰性
43796,40-49歲,男,二級,陽性
43797,50-59歲,女,無,陰性
43798,20-29歲,男,無,陰性
43799,40-49歲,男,一級,陽性
43800,40-49歲,男,無,陰性
43801,40-49歲,男,無,陰性
43802,50-59歲,男,二級,陽性
43803,20-29歲,男,二級,陽性
43804,40-49歲,男,無,陰性
43805,50-59歲,女,無,陰性
43806,40-49歲,男,二級,陽性
43807,40-49歲,女,二級,陽性
43808,30-39歲,男,無,陰性
43809,40-49歲,男,三級,陽性
43810,40-49歲,男,無,陰性
43811,40-49歲,女,無,陰性
43812,30-39歲,男,無,陰性
43813,40-49歲,男,無,陰性
43814,40-49歲,男,無,陰性
43815,30-39歲,男,無,陰性
43816,50-59歲,男,無,陰性
43817,20-29歲,男,一級,陽性
43818,20-29歲,男,二級,陽性
43819,20-29歲,男,無,陰性
43820,30-39歲,男,二級,陽性
43821,40-49歲,男,二級,陽性
43822,50-59歲,男,無,陰性
43823,20-29歲,女,無,陰性
43824,50-59歲,男,無,陰性
43825,60歲以上,男,無,陰性
43826,30-39歲,男,無,陰性
43827,40-49歲,男,二級,陽性
43828,40-49歲,男,無,陰性
43829,40-49歲,男,二級,陽性
43830,50-59歲,男,無,陰性
43831,20-29歲,男,無,陰性
43832,60歲以上,女,無,陰性
43833,40-49歲,男,無,陰性
43834,50-59歲,男,無,陰性
43835,60歲以上,男,二級,陽性
43836,40-49歲,男,無,陰性
43837,50-59歲,男,無,陰性
43838,60歲以上,男,無,陰性
43839,30-39歲,男,無,陰性
43840,40-49歲,男,無,陰性
43841,50-59歲,男,無,陰性
43842,30-39歲,女,無,陰性
43843,50-59歲,男,無,陰性
43844,50-59歲,男,無,陰性
43845,40-49歲,男,無,陰性
43846,40-49歲,男,二級,陽性
43847,50-59歲,女,一級,陽性
43848,40-49歲,男,無,陰性
43849,40-49歲,男,無,陰性
43850,30-39歲,男,二級,陽性
43851,30-39歲,男,無,陰性
43852,50-59歲,男,無,陰性
43853,60歲以上,男,無,陰性
43854,40-49歲,男,無,陰性
43855,40-49歲,女,無,陰性
43856,50-59歲,男,無,陰性
43857,60歲以上,男,無,陰性
43858,40-49歲,男,二級,陽性
43859,60歲以上,男,無,陰性
43860,20-29歲,女,無,陰性
43861,30-39歲,男,二級,陽性
43862,60歲以上,男,二級,陽性
43863,40-49歲,女,二級,陽性
43864,50-59歲,男,二級,陽性
43865,60歲以上,男,無,陰性
43866,50-59歲,男,無,陰性
43867,40-49歲,男,三級,陽性
43868,60歲以上,男,無,陰性
43869,50-59歲,男,無,陰性
43870,50-59歲,男,二級,陽性
43871,40-49歲,男,無,陰性
43872,20-29歲,男,三級,陽性
43873,50-59歲,男,二級,陽性
43874,40-49歲,男,無,陰性
43875,30-39歲,男,無,陰性
43876,30-39歲,男,二級,陽性
43877,20-29歲,男,無,陰性
43878,30-39歲,女,二級,陽性
43879,30-39歲,男,無,陰性
43880,50-59歲,男,無,陰性
43881,40-49歲,女,無,陰性
43882,30-39歲,男,三級,陽性
43883,40-49歲,男,無,陰性
43884,50-59歲,女,無,陰性
43885,40-49歲,男,無,陰性
43886,30-39歲,男,三級,陽性
43887,40-49歲,男,無,陰性
43888,40-49歲,男,無,陰性
43889,50-59歲,男,無,陰性
43890,60歲以上,男,無,陰性
43891,50-59歲,男,無,陰性
43892,20-29歲,男,無,陰性
43893,40-49歲,女,無,陰性
43894,20-29歲,女,無,陰性
43895,40-49歲,男,無,陰性
43896,50-59歲,女,二級,陽性
43897,40-49歲,男,二級,陽性
43898,30-39歲,男,無,陰性
43899,60歲以上,男,無,陰性
43900,50-59歲,男,二級,陽性
43901,50-59歲,男,無,陰性
43902,60歲以上,男,無,陰性
43903,40-49歲,男,無,陰性
43904,40-49歲,女,無,陰性
43905,40-49歲,女,無,陰性
43906,20-29歲,男,無,陰性
43907,50-59歲,男,無,陰性
43908,40-49歲,男,無,陰性
43909,60歲以上,男,無,陰性
43910,40-49歲,男,二級,陽性
43911,20-29歲,男,三級,陽性
43912,30-39歲,女,無,陰性
43913,40-49歲,男,二級,陽性
43914,40-49歲,男,無,陰性
43915,40-49歲,男,無,陰性
43916,40-49歲,男,無,陰性
43917,30-39歲,男,無,陰性
43918,40-49歲,男,無,陰性
43919,40-49歲,男,無,陰性
43920,20-29歲,男,無,陰性
43921,60歲以上,男,無,陰性
43922,60歲以上,女,無,陰性
43923,40-49歲,男,無,陰性
43924,20-29歲,男,無,陰性
43925,20-29歲,女,三級,陽性
43926,50-59歲,男,無,陰性
43927,60歲以上,男,無,陰性
43928,30-39歲,男,無,陰性
43929,40-49歲,男,無,陰性
43930,30-39歲,男,無,陰性
43931,60歲以上,男,無,陰性
43932,50-59歲,男,無,陰性
43933,20-29歲,男,無,陰性
43934,30-39歲,男,無,陰性
43935,40-49歲,男,二級,陽性
43936,40-49歲,男,無,陰性
43937,60歲以上,男,無,陰性
43938,50-59歲,男,無,陰性
43939,50-59歲,男,無,陰性
43940,50-59歲,男,無,陰性
43941,50-59歲,男,無,陰性
43942,30-39歲,男,二級,陽性
43943,40-49歲,男,二級,陽性
43944,50-59歲,男,無,陰性
43945,19歲以下,男,無,陰性
43946,40-49歲,男,無,陰性
43947,20-29歲,男,無,陰性
43948,40-49歲,男,無,陰性
43949,40-49歲,男,無,陰性
43950,40-49歲,男,無,陰性
43951,60歲以上,男,無,陰性
43952,40-49歲,男,二級,陽性
43953,40-49歲,男,無,陰性
43954,60歲以上,男,無,陰性
43955,60歲以上,女,二級,陽性
43956,50-59歲,男,無,陰性
43957,40-49歲,男,無,陰性
43958,30-39歲,男,三級,陽性
43959,30-39歲,女,二級,陽性
43960,50-59歲,男,無,陰性
43961,40-49歲,男,二級,陽性
43962,50-59歲,女,三級,陽性
43963,30-39歲,男,無,陰性
43964,50-59歲,男,無,陰性
43965,40-49歲,男,二級,陽性
43966,30-39歲,女,無,陰性
43967,40-49歲,男,三級,陽性
43968,50-59歲,女,無,陰性
43969,60歲以上,男,無,陰性
43970,40-49歲,男,無,陰性
43971,30-39歲,男,無,陰性
43972,50-59歲,男,二級,陽性
43973,20-29歲,男,二級,陽性
43974,40-49歲,男,二級,陽性
43975,40-49歲,男,無,陰性
43976,30-39歲,男,無,陰性
43977,30-39歲,男,無,陰性
43978,40-49歲,男,無,陰性
43979,40-49歲,男,二級,陽性
43980,50-59歲,男,無,陰性
43981,50-59歲,女,二級,陽性
43982,19歲以下,男,無,陰性
43983,40-49歲,男,無,陰性
43984,50-59歲,男,二級,陽性
43985,40-49歲,男,無,陰性
43986,40-49歲,女,無,陰性
43987,40-49歲,女,無,陰性
43988,60歲以上,男,三級,陽性
43989,40-49歲,男,無,陰性
43990,60歲以上,男,無,陰性
43991,40-49歲,男,二級,陽性
43992,20-29歲,男,無,陰性
43993,40-49歲,男,無,陰性
43994,30-39歲,男,無,陰性
43995,40-49歲,男,無,陰性
43996,50-59歲,男,無,陰性
43997,40-49歲,男,二級,陽性
43998,40-49歲,男,無,陰性
43999,60歲以上,女,二級,陽性
44000,20-29歲,男,無,陰性
44001,40-49歲,男,一級,陽性
44002,40-49歲,男,二級,陽性
44003,20-29歲,男,無,陰性
44004,40-49歲,男,二級,陽性
44005,50-59歲,男,二級,陽性
44006,40-49歲,男,無,陰性
44007,40-49歲,男,無,陰性
44008,50-59歲,女,無,陰性
44009,40-49歲,女,無,陰性
44010,40-49歲,男,無,陰性
44011,60歲以上,女,二級,陽性
44012,50-59歲,男,三級,陽性
44013,30-39歲,男,無,陰性
44014,30-39歲,男,無,陰性
44015,50-59歲,男,無,陰性
44016,30-39歲,男,二級,陽性
44017,50-59歲,男,無,陰性
44018,30-39歲,男,無,陰性
44019,50-59歲,男,無,陰性
44020,40-49歲,男,無,陰性
44021,30-39歲,女,無,陰性
44022,40-49歲,女,無,陰性
44023,50-59歲,男,無,陰性
44024,40-49歲,女,無,陰性
44025,40-49歲,男,無,陰性
44026,19歲以下,男,無,陰性
44027,50-59歲,男,無,陰性
44028,50-59歲,男,無,陰性
44029,40-49歲,男,無,陰性
44030,50-59歲,男,無,陰性
44031,40-49歲,男,無,陰性
44032,30-39歲,男,無,陰性
44033,40-49歲,男,無,陰性
44034,60歲以上,女,無,陰性
44035,40-49歲,女,無,陰性
44036,30-39歲,女,無,陰性
44037,50-59歲,男,無,陰性
44038,20-29歲,男,無,陰性
44039,40-49歲,男,無,陰性
44040,50-59歲,男,無,陰性
44041,40-49歲,男,無,陰性
44042,40-49歲,男,二級,陽性
44043,20-29歲,男,無,陰性
44044,40-49歲,男,無,陰性
44045,50-59歲,男,無,陰性
44046,50-59歲,男,無,陰性
44047,60歲以上,女,無,陰性
44048,40-49歲,女,無,陰性
44049,30-39歲,男,無,陰性
44050,40-49歲,男,二級,陽性
44051,60歲以上,男,無,陰性
44052,60歲以上,男,無,陰性
44053,50-59歲,男,一級,陽性
44054,60歲以上,男,無,陰性
44055,60歲以上,男,無,陰性
44056,40-49歲,男,無,陰性
44057,40-49歲,男,一級,陽性
44058,50-59歲,男,無,陰性
44059,30-39歲,男,無,陰性
44060,60歲以上,女,無,陰性
44061,40-49歲,男,二級,陽性
44062,30-39歲,男,無,陰性
44063,30-39歲,女,二級,陽性
44064,50-59歲,女,無,陰性
44065,40-49歲,男,無,陰性
44066,50-59歲,女,無,陰性
44067,50-59歲,男,一級,陽性
44068,40-49歲,男,無,陰性
44069,40-49歲,女,二級,陽性
44070,40-49歲,男,無,陰性
44071,40-49歲,男,無,陰性
44072,40-49歲,男,無,陰性
44073,40-49歲,男,三級,陽性
44074,30-39歲,女,無,陰性
44075,40-49歲,男,無,陰性
44076,40-49歲,男,無,陰性
44077,40-49歲,男,無,陰性
44078,30-39歲,男,無,陰性
44079,50-59歲,男,無,陰性
44080,30-39歲,女,無,陰性
44081,30-39歲,男,二級,陽性
44082,40-49歲,男,二級,陽性
44083,50-59歲,男,無,陰性
44084,50-59歲,男,無,陰性
44085,20-29歲,男,無,陰性
44086,20-29歲,女,二級,陽性
44087,50-59歲,男,無,陰性
44088,40-49歲,男,無,陰性
44089,50-59歲,男,無,陰性
44090,40-49歲,男,無,陰性
44091,40-49歲,女,無,陰性
44092,50-59歲,男,無,陰性
44093,50-59歲,男,二級,陽性
44094,50-59歲,男,無,陰性
44095,40-49歲,女,無,陰性
44096,40-49歲,男,無,陰性
44097,50-59歲,男,無,陰性
44098,20-29歲,男,無,陰性
44099,40-49歲,男,無,陰性
44100,50-59歲,男,無,陰性
44101,50-59歲,女,無,陰性
44102,40-49歲,女,二級,陽性
44103,60歲以上,男,二級,陽性
44104,40-49歲,男,無,陰性
44105,50-59歲,男,無,陰性
44106,50-59歲,男,無,陰性
44107,40-49歲,女,無,陰性
44108,60歲以上,男,無,陰性
44109,50-59歲,男,一級,陽性
44110,60歲以上,男,無,陰性
44111,30-39歲,男,無,陰性
44112,40-49歲,男,無,陰性
44113,40-49歲,男,無,陰性
44114,50-59歲,男,無,陰性
44115,50-59歲,男,無,陰性
44116,40-49歲,女,無,陰性
44117,50-59歲,男,無,陰性
44118,30-39歲,男,無,陰性
44119,60歲以上,男,無,陰性
44120,50-59歲,男,無,陰性
44121,40-49歲,男,無,陰性
44122,40-49歲,女,無,陰性
44123,30-39歲,男,二級,陽性
44124,40-49歲,男,無,陰性
44125,40-49歲,女,無,陰性
44126,30-39歲,男,無,陰性
44127,50-59歲,男,無,陰性
44128,20-29歲,男,無,陰性
44129,60歲以上,男,無,陰性
44130,60歲以上,女,二級,陽性
44131,50-59歲,男,無,陰性
44132,60歲以上,男,二級,陽性
44133,40-49歲,男,無,陰性
44134,50-59歲,男,無,陰性
44135,60歲以上,男,二級,陽性
44136,60歲以上,男,二級,陽性
44137,40-49歲,男,無,陰性
44138,50-59歲,男,無,陰性
44139,60歲以上,女,無,陰性
44140,40-49歲,男,三級,陽性
44141,30-39歲,男,二級,陽性
44142,50-59歲,男,二級,陽性
44143,50-59歲,女,無,陰性
44144,30-39歲,男,無,陰性
44145,40-49歲,女,無,陰性
44146,30-39歲,男,無,陰性
44147,50-59歲,男,無,陰性
44148,20-29歲,男,無,陰性
44149,40-49歲,男,二級,陽性
44150,60歲以上,男,二級,陽性
44151,50-59歲,女,無,陰性
44152,30-39歲,男,無,陰性
44153,60歲以上,男,無,陰性
44154,50-59歲,女,無,陰性
44155,40-49歲,女,無,陰性
44156,40-49歲,男,三級,陽性
44157,30-39歲,男,無,陰性
44158,60歲以上,男,無,陰性
44159,60歲以上,男,無,陰性
44160,40-49歲,男,無,陰性
44161,30-39歲,男,無,陰性
44162,50-59歲,女,無,陰性
44163,40-49歲,男,無,陰性
44164,50-59歲,男,二級,陽性
44165,40-49歲,女,無,陰性
44166,50-59歲,男,無,陰性
44167,20-29歲,男,無,陰性
44168,60歲以上,男,無,陰性
44169,30-39歲,男,無,陰性
44170,40-49歲,男,無,陰性
44171,20-29歲,女,無,陰性
44172,50-59歲,男,無,陰性
44173,40-49歲,男,無,陰性
44174,19歲以下,男,三級,陽性
44175,30-39歲,男,無,陰性
44176,60歲以上,男,無,陰性
44177,50-59歲,男,無,陰性
44178,60歲以上,男,無,陰性
44179,20-29歲,男,二級,陽性
44180,50-59歲,男,一級,陽性
44181,40-49歲,女,二級,陽性
44182,20-29歲,男,無,陰性
44183,40-49歲,女,二級,陽性
44184,60歲以上,男,無,陰性
44185,50-59歲,男,無,陰性
44186,50-59歲,女,無,陰性
44187,60歲以上,女,無,陰性
44188,40-49歲,男,無,陰性
44189,30-39歲,男,二級,陽性
44190,40-49歲,女,一級,陽性
44191,50-59歲,男,無,陰性
44192,40-49歲,男,二級,陽性
44193,30-39歲,男,無,陰性
44194,40-49歲,男,無,陰性
44195,30-39歲,男,無,陰性
44196,30-39歲,男,無,陰性
44197,50-59歲,男,無,陰性
44198,40-49歲,女,無,陰性
44199,30-39歲,女,二級,陽性
44200,40-49歲,男,二級,陽性
44201,30-39歲,男,三級,陽性
44202,40-49歲,男,二級,陽性
44203,20-29歲,男,二級,陽性
44204,50-59歲,男,無,陰性
44205,40-49歲,男,無,陰性
44206,60歲以上,男,無,陰性
44207,50-59歲,男,二級,陽性
44208,50-59歲,男,二級,陽性
44209,40-49歲,女,無,陰性
44210,40-49歲,男,無,陰性
44211,20-29歲,男,二級,陽性
44212,30-39歲,男,無,陰性
44213,50-59歲,男,無,陰性
44214,50-59歲,男,無,陰性
44215,40-49歲,男,二級,陽性
44216,30-39歲,男,二級,陽性
44217,40-49歲,男,無,陰性
44218,30-39歲,男,無,陰性
44219,50-59歲,男,無,陰性
44220,30-39歲,男,無,陰性
44221,50-59歲,男,無,陰性
44222,50-59歲,男,無,陰性
44223,40-49歲,男,無,陰性
44224,40-49歲,女,一級,陽性
44225,60歲以上,男,無,陰性
44226,50-59歲,男,無,陰性
44227,40-49歲,男,無,陰性
44228,50-59歲,男,無,陰性
44229,40-49歲,男,無,陰性
44230,40-49歲,男,無,陰性
44231,40-49歲,男,無,陰性
44232,40-49歲,男,無,陰性
44233,30-39歲,女,無,陰性
44234,40-49歲,男,無,陰性
44235,50-59歲,男,無,陰性
44236,40-49歲,男,無,陰性
44237,50-59歲,男,無,陰性
44238,50-59歲,女,無,陰性
44239,30-39歲,男,無,陰性
44240,50-59歲,男,二級,陽性
44241,40-49歲,男,二級,陽性
44242,50-59歲,男,二級,陽性
44243,40-49歲,男,無,陰性
44244,40-49歲,女,一級,陽性
44245,40-49歲,男,無,陰性
44246,50-59歲,男,無,陰性
44247,50-59歲,男,無,陰性
44248,60歲以上,男,無,陰性
44249,40-49歲,男,無,陰性
44250,50-59歲,男,三級,陽性
44251,20-29歲,女,三級,陽性
44252,30-39歲,男,無,陰性
44253,40-49歲,男,無,陰性
44254,40-49歲,男,三級,陽性
44255,40-49歲,男,無,陰性
44256,40-49歲,男,三級,陽性
44257,40-49歲,男,無,陰性
44258,50-59歲,女,無,陰性
44259,40-49歲,男,無,陰性
44260,50-59歲,男,二級,陽性
44261,30-39歲,男,無,陰性
44262,20-29歲,男,一級,陽性
44263,40-49歲,男,無,陰性
44264,40-49歲,男,二級,陽性
44265,50-59歲,女,無,陰性
44266,30-39歲,男,無,陰性
44267,50-59歲,男,無,陰性
44268,19歲以下,男,無,陰性
44269,50-59歲,女,無,陰性
44270,40-49歲,女,無,陰性
44271,50-59歲,女,二級,陽性
44272,40-49歲,男,無,陰性
44273,40-49歲,男,無,陰性
44274,20-29歲,男,無,陰性
44275,60歲以上,男,無,陰性
44276,50-59歲,男,二級,陽性
44277,50-59歲,女,無,陰性
44278,40-49歲,男,三級,陽性
44279,30-39歲,男,無,陰性
44280,30-39歲,男,無,陰性
44281,50-59歲,男,二級,陽性
44282,20-29歲,男,無,陰性
44283,30-39歲,男,無,陰性
44284,50-59歲,男,二級,陽性
44285,40-49歲,男,三級,陽性
44286,50-59歲,女,無,陰性
44287,50-59歲,男,無,陰性
44288,30-39歲,男,無,陰性
44289,40-49歲,男,無,陰性
44290,30-39歲,男,無,陰性
44291,50-59歲,男,無,陰性
44292,50-59歲,男,無,陰性
44293,30-39歲,女,無,陰性
44294,40-49歲,男,二級,陽性
44295,20-29歲,男,二級,陽性
44296,30-39歲,男,無,陰性
44297,40-49歲,女,無,陰性
44298,19歲以下,男,二級,陽性
44299,30-39歲,女,一級,陽性
44300,60歲以上,男,無,陰性
44301,40-49歲,男,無,陰性
44302,40-49歲,男,二級,陽性
44303,30-39歲,女,無,陰性
44304,40-49歲,男,二級,陽性
44305,40-49歲,男,無,陰性
44306,60歲以上,男,無,陰性
44307,60歲以上,男,無,陰性
44308,30-39歲,男,無,陰性
44309,50-59歲,男,無,陰性
44310,50-59歲,女,三級,陽性
44311,50-59歲,男,無,陰性
44312,30-39歲,男,無,陰性
44313,40-49歲,男,無,陰性
44314,20-29歲,男,無,陰性
44315,50-59歲,女,無,陰性
44316,40-49歲,男,無,陰性
44317,50-59歲,女,二級,陽性
44318,40-49歲,男,一級,陽性
44319,40-49歲,男,無,陰性
44320,50-59歲,男,無,陰性
44321,40-49歲,男,無,陰性
44322,40-49歲,男,無,陰性
44323,50-59歲,男,無,陰性
44324,40-49歲,男,無,陰性
44325,40-49歲,男,無,陰性
44326,60歲以上,男,無,陰性
44327,40-49歲,男,無,陰性
44328,60歲以上,女,三級,陽性
44329,40-49歲,女,無,陰性
44330,40-49歲,男,無,陰性
44331,40-49歲,男,無,陰性
44332,50-59歲,男,無,陰性
44333,50-59歲,男,無,陰性
44334,40-49歲,男,無,陰性
44335,30-39歲,男,無,陰性
44336,40-49歲,男,一級,陽性
44337,40-49歲,女,無,陰性
44338,40-49歲,男,二級,陽性
44339,19歲以下,男,無,陰性
44340,40-49歲,女,無,陰性
44341,40-49歲,女,無,陰性
44342,50-59歲,男,無,陰性
44343,60歲以上,男,無,陰性
44344,50-59歲,男,三級,陽性
44345,30-39歲,男,無,陰性
44346,50-59歲,男,無,陰性
44347,50-59歲,男,無,陰性
44348,19歲以下,男,無,陰性
44349,50-59歲,男,無,陰性
44350,50-59歲,男,二級,陽性
44351,40-49歲,男,無,陰性
44352,60歲以上,男,無,陰性
44353,50-59歲,女,二級,陽性
44354,60歲以上,男,無,陰性
44355,30-39歲,男,三級,陽性
44356,40-49歲,男,無,陰性
44357,60歲以上,男,無,陰性
44358,19歲以下,男,無,陰性
44359,20-29歲,男,無,陰性
44360,50-59歲,男,一級,陽性
44361,40-49歲,男,無,陰性
44362,30-39歲,男,無,陰性
44363,50-59歲,女,無,陰性
44364,40-49歲,女,無,陰性
44365,50-59歲,男,無,陰性
44366,40-49歲,男,無,陰性
44367,40-49歲,男,無,陰性
44368,40-49歲,女,無,陰性
44369,40-49歲,女,無,陰性
44370,40-49歲,男,無,陰性
44371,20-29歲,男,二級,陽性
44372,30-39歲,男,無,陰性
44373,60歲以上,男,三級,陽性
44374,20-29歲,男,無,陰性
44375,40-49歲,女,無,陰性
44376,30-39歲,男,無,陰性
44377,40-49歲,男,無,陰性
44378,20-29歲,女,一級,陽性
44379,30-39歲,男,二級,陽性
44380,40-49歲,男,二級,陽性
44381,40-49歲,女,無,陰性
44382,50-59歲,男,無,陰性
44383,20-29歲,男,無,陰性
44384,40-49歲,男,無,陰性
44385,30-39歲,男,三級,陽性
44386,50-59歲,女,無,陰性
44387,30-39歲,男,無,陰性
44388,30-39歲,男,無,陰性
44389,30-39歲,男,無,陰性
44390,20-29歲,男,無,陰性
44391,40-49歲,男,無,陰性
44392,50-59歲,女,無,陰性
44393,50-59歲,男,無,陰性
44394,40-49歲,男,無,陰性
44395,40-49歲,男,無,陰性
44396,50-59歲,女,無,陰性
44397,40-49歲,男,二級,陽性
44398,50-59歲,男,二級,陽性
44399,50-59歲,男,無,陰性
44400,20-29歲,男,三級,陽性
44401,30-39歲,男,無,陰性
44402,50-59歲,男,無,陰性
44403,30-39歲,女,無,陰性
44404,30-39歲,女,無,陰性
44405,40-49歲,女,無,陰性
44406,40-49歲,男,二級,陽性
44407,50-59歲,男,無,陰性
44408,50-59歲,男,二級,陽性
44409,50-59歲,男,無,陰性
44410,30-39歲,男,二級,陽性
44411,50-59歲,男,無,陰性
44412,40-49歲,男,無,陰性
44413,30-39歲,男,二級,陽性
44414,40-49歲,男,無,陰性
44415,20-29歲,女,無,陰性
44416,50-59歲,男,無,陰性
44417,50-59歲,女,三級,陽性
44418,20-29歲,男,無,陰性
44419,40-49歲,男,二級,陽性
44420,40-49歲,男,無,陰性
44421,40-49歲,男,無,陰性
44422,40-49歲,女,無,陰性
44423,40-49歲,男,無,陰性
44424,40-49歲,男,二級,陽性
44425,19歲以下,女,無,陰性
44426,40-49歲,女,無,陰性
44427,40-49歲,男,無,陰性
44428,50-59歲,男,無,陰性
44429,20-29歲,男,無,陰性
44430,30-39歲,男,無,陰性
44431,40-49歲,男,無,陰性
44432,20-29歲,男,無,陰性
44433,19歲以下,男,二級,陽性
44434,20-29歲,男,無,陰性
44435,30-39歲,男,無,陰性
44436,40-49歲,男,無,陰性
44437,40-49歲,男,一級,陽性
44438,40-49歲,男,無,陰性
44439,40-49歲,男,無,陰性
44440,50-59歲,男,無,陰性
44441,60歲以上,男,無,陰性
44442,50-59歲,女,無,陰性
44443,40-49歲,女,無,陰性
44444,50-59歲,男,三級,陽性
44445,30-39歲,男,無,陰性
44446,50-59歲,男,二級,陽性
44447,30-39歲,女,無,陰性
44448,40-49歲,男,無,陰性
44449,60歲以上,男,無,陰性
44450,50-59歲,男,無,陰性
44451,40-49歲,女,無,陰性
44452,50-59歲,男,無,陰性
44453,50-59歲,男,無,陰性
44454,19歲以下,女,二級,陽性
44455,40-49歲,男,無,陰性
44456,40-49歲,男,無,陰性
44457,30-39歲,女,無,陰性
44458,50-59歲,男,無,陰性
44459,50-59歲,女,無,陰性
44460,40-49歲,男,無,陰性
44461,40-49歲,男,無,陰性
44462,50-59歲,男,二級,陽性
44463,20-29歲,女,無,陰性
44464,50-59歲,男,無,陰性
44465,40-49歲,男,無,陰性
44466,40-49歲,女,無,陰性
44467,40-49歲,男,無,陰性
44468,30-39歲,男,無,陰性
44469,40-49歲,男,二級,陽性
44470,40-49歲,男,無,陰性
44471,40-49歲,男,無,陰性
44472,50-59歲,男,無,陰性
44473,50-59歲,男,二級,陽性
44474,60歲以上,男,無,陰性
44475,40-49歲,女,三級,陽性
44476,50-59歲,男,無,陰性
44477,50-59歲,女,無,陰性
44478,40-49歲,男,無,陰性
44479,50-59歲,男,無,陰性
44480,60歲以上,男,二級,陽性
44481,50-59歲,男,無,陰性
44482,50-59歲,男,無,陰性
44483,40-49歲,男,二級,陽性
44484,60歲以上,男,無,陰性
44485,30-39歲,男,無,陰性
44486,50-59歲,女,無,陰性
44487,60歲以上,男,二級,陽性
44488,50-59歲,男,無,陰性
44489,20-29歲,女,無,陰性
44490,30-39歲,女,無,陰性
44491,30-39歲,男,二級,陽性
44492,19歲以下,男,無,陰性
44493,50-59歲,男,無,陰性
44494,50-59歲,男,無,陰性
44495,30-39歲,男,無,陰性
44496,20-29歲,男,無,陰性
44497,40-49歲,男,無,陰性
44498,40-49歲,男,無,陰性
44499,20-29歲,男,無,陰性
44500,30-39歲,男,無,陰性
44501,30-39歲,男,無,陰性
44502,19歲以下,女,無,陰性
44503,60歲以上,女,三級,陽性
44504,30-39歲,男,三級,陽性
44505,30-39歲,男,無,陰性
44506,30-39歲,男,無,陰性
44507,40-49歲,男,一級,陽性
44508,50-59歲,女,無,陰性
44509,30-39歲,女,無,陰性
44510,40-49歲,女,無,陰性
44511,50-59歲,女,無,陰性
44512,40-49歲,女,無,陰性
44513,30-39歲,男,二級,陽性
44514,50-59歲,男,無,陰性
44515,19歲以下,男,無,陰性
44516,40-49歲,男,無,陰性
44517,20-29歲,男,無,陰性
44518,40-49歲,男,無,陰性
44519,50-59歲,女,無,陰性
44520,50-59歲,男,無,陰性
44521,50-59歲,男,無,陰性
44522,60歲以上,男,無,陰性
44523,60歲以上,男,無,陰性
44524,50-59歲,男,二級,陽性
44525,40-49歲,男,無,陰性
44526,50-59歲,男,一級,陽性
44527,20-29歲,男,無,陰性
44528,50-59歲,男,無,陰性
44529,50-59歲,男,二級,陽性
44530,60歲以上,男,無,陰性
44531,30-39歲,男,無,陰性
44532,30-39歲,男,無,陰性
44533,20-29歲,男,無,陰性
44534,50-59歲,男,無,陰性
44535,30-39歲,男,無,陰性
44536,19歲以下,男,無,陰性
44537,50-59歲,男,無,陰性
44538,50-59歲,男,無,陰性
44539,20-29歲,男,三級,陽性
44540,40-49歲,女,無,陰性
44541,50-59歲,男,二級,陽性
44542,20-29歲,男,無,陰性
44543,19歲以下,男,無,陰性
44544,40-49歲,男,無,陰性
44545,30-39歲,男,無,陰性
44546,40-49歲,男,無,陰性
44547,20-29歲,女,二級,陽性
44548,40-49歲,男,無,陰性
44549,40-49歲,女,無,陰性
44550,40-49歲,男,無,陰性
44551,40-49歲,男,二級,陽性
44552,60歲以上,男,無,陰性
44553,50-59歲,女,無,陰性
44554,40-49歲,女,三級,陽性
44555,50-59歲,男,無,陰性
44556,40-49歲,男,無,陰性
44557,60歲以上,男,無,陰性
44558,20-29歲,男,無,陰性
44559,60歲以上,男,無,陰性
44560,40-49歲,男,無,陰性
44561,50-59歲,女,無,陰性
44562,50-59歲,男,無,陰性
44563,30-39歲,男,無,陰性
44564,40-49歲,女,無,陰性
44565,50-59歲,男,無,陰性
44566,40-49歲,男,無,陰性
44567,20-29歲,男,無,陰性
44568,50-59歲,女,無,陰性
44569,50-59歲,男,無,陰性
44570,50-59歲,男,無,陰性
44571,50-59歲,男,無,陰性
44572,20-29歲,男,無,陰性
44573,40-49歲,男,無,陰性
44574,60歲以上,女,無,陰性
44575,50-59歲,男,無,陰性
44576,20-29歲,男,無,陰性
44577,50-59歲,男,無,陰性
44578,40-49歲,男,無,陰性
44579,40-49歲,男,二級,陽性
44580,50-59歲,男,無,陰性
44581,40-49歲,男,無,陰性
44582,50-59歲,女,無,陰性
44583,40-49歲,男,無,陰性
44584,40-49歲,男,二級,陽性
44585,50-59歲,男,無,陰性
44586,30-39歲,男,無,陰性
44587,20-29歲,男,無,陰性
44588,50-59歲,男,二級,陽性
44589,20-29歲,女,無,陰性
44590,40-49歲,男,二級,陽性
44591,50-59歲,女,無,陰性
44592,50-59歲,男,二級,陽性
44593,40-49歲,男,無,陰性
44594,19歲以下,男,無,陰性
44595,50-59歲,男,無,陰性
44596,50-59歲,男,無,陰性
44597,19歲以下,男,一級,陽性
44598,30-39歲,男,無,陰性
44599,40-49歲,男,二級,陽性
44600,40-49歲,男,無,陰性
44601,50-59歲,男,無,陰性
44602,30-39歲,男,無,陰性
44603,30-39歲,男,無,陰性
44604,30-39歲,男,無,陰性
44605,30-39歲,男,無,陰性
44606,40-49歲,男,二級,陽性
44607,40-49歲,男,一級,陽性
44608,50-59歲,男,無,陰性
44609,40-49歲,男,無,陰性
44610,20-29歲,男,無,陰性
44611,40-49歲,男,三級,陽性
44612,30-39歲,男,三級,陽性
44613,60歲以上,女,無,陰性
44614,50-59歲,男,無,陰性
44615,50-59歲,女,無,陰性
44616,20-29歲,男,無,陰性
44617,20-29歲,男,無,陰性
44618,50-59歲,男,無,陰性
44619,40-49歲,男,無,陰性
44620,40-49歲,男,一級,陽性
44621,30-39歲,男,無,陰性
44622,40-49歲,男,無,陰性
44623,20-29歲,男,無,陰性
44624,50-59歲,男,無,陰性
44625,20-29歲,男,無,陰性
44626,40-49歲,男,無,陰性
44627,40-49歲,女,無,陰性
44628,60歲以上,男,無,陰性
44629,50-59歲,男,二級,陽性
44630,50-59歲,男,無,陰性
44631,60歲以上,男,無,陰性
44632,40-49歲,男,無,陰性
44633,60歲以上,女,無,陰性
44634,20-29歲,男,無,陰性
44635,30-39歲,男,二級,陽性
44636,20-29歲,男,無,陰性
44637,30-39歲,男,無,陰性
44638,30-39歲,男,二級,陽性
44639,40-49歲,男,無,陰性
44640,40-49歲,男,無,陰性
44641,50-59歲,男,無,陰性
44642,50-59歲,男,無,陰性
44643,40-49歲,男,無,陰性
44644,50-59歲,男,無,陰性
44645,40-49歲,男,二級,陽性
44646,40-49歲,男,三級,陽性
44647,20-29歲,女,二級,陽性
44648,40-49歲,男,無,陰性
44649,60歲以上,男,無,陰性
44650,30-39歲,男,無,陰性
44651,30-39歲,男,無,陰性
44652,50-59歲,男,無,陰性
44653,30-39歲,男,無,陰性
44654,40-49歲,男,無,陰性
44655,50-59歲,男,無,陰性
44656,50-59歲,女,無,陰性
44657,40-49歲,女,無,陰性
44658,30-39歲,男,無,陰性
44659,30-39歲,女,無,陰性
44660,40-49歲,男,無,陰性
44661,20-29歲,男,二級,陽性
44662,60歲以上,男,無,陰性
44663,30-39歲,男,無,陰性
44664,50-59歲,女,三級,陽性
44665,50-59歲,男,二級,陽性
44666,30-39歲,男,無,陰性
44667,19歲以下,男,無,陰性
44668,50-59歲,男,無,陰性
44669,40-49歲,男,無,陰性
44670,40-49歲,男,二級,陽性
44671,40-49歲,男,二級,陽性
44672,30-39歲,女,無,陰性
44673,40-49歲,男,無,陰性
44674,60歲以上,男,無,陰性
44675,40-49歲,男,無,陰性
44676,40-49歲,男,二級,陽性
44677,50-59歲,男,二級,陽性
44678,40-49歲,男,無,陰性
44679,50-59歲,男,二級,陽性
44680,40-49歲,男,一級,陽性
44681,50-59歲,男,無,陰性
44682,40-49歲,男,無,陰性
44683,50-59歲,男,二級,陽性
44684,40-49歲,男,一級,陽性
44685,40-49歲,男,無,陰性
44686,40-49歲,男,無,陰性
44687,40-49歲,男,無,陰性
44688,30-39歲,女,無,陰性
44689,50-59歲,男,無,陰性
44690,60歲以上,女,無,陰性
44691,50-59歲,女,無,陰性
44692,60歲以上,男,無,陰性
44693,40-49歲,女,二級,陽性
44694,60歲以上,女,無,陰性
44695,40-49歲,男,無,陰性
44696,20-29歲,男,無,陰性
44697,50-59歲,男,一級,陽性
44698,40-49歲,女,二級,陽性
44699,60歲以上,男,無,陰性
44700,30-39歲,男,二級,陽性
44701,50-59歲,男,無,陰性
44702,30-39歲,女,無,陰性
44703,60歲以上,男,二級,陽性
44704,40-49歲,男,無,陰性
44705,30-39歲,女,二級,陽性
44706,60歲以上,男,無,陰性
44707,40-49歲,男,無,陰性
44708,40-49歲,男,無,陰性
44709,40-49歲,男,無,陰性
44710,50-59歲,男,無,陰性
44711,40-49歲,男,二級,陽性
44712,20-29歲,女,一級,陽性
44713,40-49歲,男,無,陰性
44714,50-59歲,男,二級,陽性
44715,30-39歲,男,無,陰性
44716,20-29歲,男,無,陰性
44717,50-59歲,男,三級,陽性
44718,40-49歲,男,無,陰性
44719,40-49歲,女,無,陰性
44720,40-49歲,男,無,陰性
44721,40-49歲,男,無,陰性
44722,40-49歲,男,二級,陽性
44723,40-49歲,女,無,陰性
44724,20-29歲,男,無,陰性
44725,60歲以上,男,無,陰性
44726,30-39歲,男,無,陰性
44727,30-39歲,女,無,陰性
44728,30-39歲,男,無,陰性
44729,40-49歲,男,無,陰性
44730,40-49歲,男,無,陰性
44731,20-29歲,男,無,陰性
44732,40-49歲,女,二級,陽性
44733,60歲以上,男,無,陰性
44734,30-39歲,男,無,陰性
44735,40-49歲,男,無,陰性
44736,40-49歲,男,無,陰性
44737,30-39歲,男,無,陰性
44738,50-59歲,男,無,陰性
44739,30-39歲,男,無,陰性
44740,40-49歲,男,二級,陽性
44741,40-49歲,男,無,陰性
44742,30-39歲,男,無,陰性
44743,50-59歲,男,無,陰性
44744,20-29歲,男,無,陰性
44745,40-49歲,女,無,陰性
44746,40-49歲,男,無,陰性
44747,30-39歲,男,無,陰性
44748,40-49歲,男,二級,陽性
44749,40-49歲,男,無,陰性
44750,40-49歲,男,無,陰性
44751,50-59歲,男,二級,陽性
44752,40-49歲,男,無,陰性
44753,50-59歲,男,無,陰性
44754,40-49歲,男,無,陰性
44755,50-59歲,男,二級,陽性
44756,50-59歲,女,無,陰性
44757,40-49歲,男,一級,陽性
44758,40-49歲,男,三級,陽性
44759,40-49歲,男,無,陰性
44760,40-49歲,女,無,陰性
44761,50-59歲,男,無,陰性
44762,40-49歲,女,無,陰性
44763,40-49歲,男,二級,陽性
44764,50-59歲,男,無,陰性
44765,30-39歲,男,無,陰性
44766,50-59歲,男,無,陰性
44767,40-49歲,女,無,陰性
44768,40-49歲,女,無,陰性
44769,50-59歲,男,無,陰性
44770,50-59歲,女,無,陰性
44771,50-59歲,男,無,陰性
44772,20-29歲,女,無,陰性
44773,20-29歲,男,無,陰性
44774,40-49歲,男,無,陰性
44775,19歲以下,女,無,陰性
44776,40-49歲,男,二級,陽性
44777,30-39歲,女,二級,陽性
44778,40-49歲,男,無,陰性
44779,50-59歲,男,無,陰性
44780,50-59歲,男,一級,陽性
44781,50-59歲,男,一級,陽性
44782,40-49歲,男,無,陰性
44783,50-59歲,男,無,陰性
44784,30-39歲,男,無,陰性
44785,60歲以上,男,二級,陽性
44786,50-59歲,男,無,陰性
44787,40-49歲,男,無,陰性
44788,30-39歲,女,無,陰性
44789,30-39歲,男,無,陰性
44790,50-59歲,女,無,陰性
44791,20-29歲,男,無,陰性
44792,30-39歲,男,無,陰性
44793,50-59歲,男,二級,陽性
44794,40-49歲,男,無,陰性
44795,50-59歲,男,三級,陽性
44796,60歲以上,男,無,陰性
44797,50-59歲,男,無,陰性
44798,40-49歲,男,二級,陽性
44799,50-59歲,女,無,陰性
44800,60歲以上,女,無,陰性
44801,30-39歲,男,無,陰性
44802,40-49歲,男,無,陰性
44803,40-49歲,男,無,陰性
44804,30-39歲,男,無,陰性
44805,50-59歲,男,無,陰性
44806,19歲以下,女,無,陰性
44807,50-59歲,男,無,陰性
44808,40-49歲,男,二級,陽性
44809,50-59歲,男,無,陰性
44810,50-59歲,男,無,陰性
44811,40-49歲,男,無,陰性
44812,40-49歲,男,無,陰性
44813,40-49歲,男,無,陰性
44814,20-29歲,男,無,陰性
44815,40-49歲,男,無,陰性
44816,50-59歲,女,無,陰性
44817,20-29歲,女,無,陰性
44818,40-49歲,男,無,陰性
44819,50-59歲,男,二級,陽性
44820,40-49歲,男,無,陰性
44821,40-49歲,女,無,陰性
44822,30-39歲,男,無,陰性
44823,40-49歲,男,無,陰性
44824,40-49歲,男,無,陰性
44825,40-49歲,男,二級,陽性
44826,30-39歲,男,無,陰性
44827,40-49歲,男,二級,陽性
44828,40-49歲,男,無,陰性
44829,40-49歲,男,二級,陽性
44830,60歲以上,男,無,陰性
44831,40-49歲,男,無,陰性
44832,40-49歲,男,一級,陽性
44833,40-49歲,男,無,陰性
44834,40-49歲,男,無,陰性
44835,40-49歲,男,無,陰性
44836,60歲以上,男,無,陰性
44837,50-59歲,男,無,陰性
44838,40-49歲,男,無,陰性
44839,40-49歲,男,無,陰性
44840,60歲以上,男,無,陰性
44841,40-49歲,男,無,陰性
44842,40-49歲,男,二級,陽性
44843,50-59歲,男,無,陰性
44844,40-49歲,男,無,陰性
44845,50-59歲,女,無,陰性
44846,40-49歲,男,二級,陽性
44847,50-59歲,男,無,陰性
44848,40-49歲,男,無,陰性
44849,20-29歲,男,一級,陽性
44850,40-49歲,男,無,陰性
44851,50-59歲,男,無,陰性
44852,40-49歲,男,無,陰性
44853,40-49歲,男,無,陰性
44854,40-49歲,男,無,陰性
44855,50-59歲,男,無,陰性
44856,40-49歲,男,無,陰性
44857,50-59歲,男,無,陰性
44858,40-49歲,男,無,陰性
44859,50-59歲,男,無,陰性
44860,40-49歲,女,無,陰性
44861,40-49歲,女,無,陰性
44862,40-49歲,女,無,陰性
44863,20-29歲,男,無,陰性
44864,20-29歲,男,無,陰性
44865,20-29歲,女,三級,陽性
44866,50-59歲,女,無,陰性
44867,40-49歲,男,無,陰性
44868,20-29歲,男,無,陰性
44869,60歲以上,男,無,陰性
44870,40-49歲,男,無,陰性
44871,40-49歲,男,二級,陽性
44872,40-49歲,女,無,陰性
44873,40-49歲,男,無,陰性
44874,50-59歲,女,無,陰性
44875,40-49歲,女,二級,陽性
44876,60歲以上,男,二級,陽性
44877,30-39歲,男,無,陰性
44878,40-49歲,女,無,陰性
44879,40-49歲,男,無,陰性
44880,30-39歲,男,無,陰性
44881,40-49歲,男,無,陰性
44882,50-59歲,男,無,陰性
44883,40-49歲,男,無,陰性
44884,40-49歲,男,無,陰性
44885,50-59歲,男,無,陰性
44886,30-39歲,男,無,陰性
44887,40-49歲,男,無,陰性
44888,50-59歲,男,無,陰性
44889,40-49歲,男,二級,陽性
44890,40-49歲,男,無,陰性
44891,40-49歲,男,無,陰性
44892,20-29歲,女,二級,陽性
44893,50-59歲,男,無,陰性
44894,19歲以下,男,無,陰性
44895,40-49歲,女,無,陰性
44896,50-59歲,男,無,陰性
44897,40-49歲,男,無,陰性
44898,30-39歲,男,二級,陽性
44899,50-59歲,男,無,陰性
44900,50-59歲,男,無,陰性
44901,50-59歲,男,三級,陽性
44902,50-59歲,男,無,陰性
44903,20-29歲,男,二級,陽性
44904,40-49歲,男,無,陰性
44905,40-49歲,女,無,陰性
44906,60歲以上,男,無,陰性
44907,40-49歲,男,無,陰性
44908,50-59歲,男,三級,陽性
44909,50-59歲,女,二級,陽性
44910,40-49歲,男,無,陰性
44911,50-59歲,男,無,陰性
44912,50-59歲,男,無,陰性
44913,60歲以上,男,無,陰性
44914,50-59歲,女,二級,陽性
44915,40-49歲,男,無,陰性
44916,30-39歲,男,無,陰性
44917,20-29歲,男,無,陰性
44918,40-49歲,男,無,陰性
44919,40-49歲,女,無,陰性
44920,30-39歲,男,無,陰性
44921,50-59歲,男,三級,陽性
44922,50-59歲,男,二級,陽性
44923,40-49歲,女,三級,陽性
44924,50-59歲,男,二級,陽性
44925,40-49歲,男,無,陰性
44926,40-49歲,男,無,陰性
44927,30-39歲,男,無,陰性
44928,50-59歲,男,無,陰性
44929,40-49歲,男,無,陰性
44930,40-49歲,男,無,陰性
44931,30-39歲,男,無,陰性
44932,40-49歲,女,二級,陽性
44933,40-49歲,男,無,陰性
44934,50-59歲,男,無,陰性
44935,60歲以上,男,二級,陽性
44936,30-39歲,女,無,陰性
44937,40-49歲,女,三級,陽性
44938,40-49歲,男,無,陰性
44939,40-49歲,男,無,陰性
44940,19歲以下,男,三級,陽性
44941,60歲以上,男,無,陰性
44942,40-49歲,男,無,陰性
44943,50-59歲,男,無,陰性
44944,40-49歲,男,無,陰性
44945,30-39歲,女,無,陰性
44946,40-49歲,男,無,陰性
44947,60歲以上,男,無,陰性
44948,50-59歲,男,無,陰性
44949,20-29歲,男,無,陰性
44950,40-49歲,男,無,陰性
44951,40-49歲,男,無,陰性
44952,30-39歲,男,無,陰性
44953,30-39歲,男,無,陰性
44954,40-49歲,女,無,陰性
44955,60歲以上,男,無,陰性
44956,40-49歲,男,一級,陽性
44957,30-39歲,男,無,陰性
44958,50-59歲,男,無,陰性
44959,60歲以上,男,無,陰性
44960,40-49歲,男,無,陰性
44961,40-49歲,男,無,陰性
44962,40-49歲,女,無,陰性
44963,40-49歲,男,無,陰性
44964,50-59歲,男,二級,陽性
44965,40-49歲,男,二級,陽性
44966,40-49歲,女,無,陰性
44967,40-49歲,女,無,陰性
44968,40-49歲,女,無,陰性
44969,40-49歲,男,無,陰性
44970,40-49歲,女,無,陰性
44971,40-49歲,男,無,陰性
44972,60歲以上,女,二級,陽性
44973,30-39歲,男,無,陰性
44974,50-59歲,女,無,陰性
44975,30-39歲,男,無,陰性
44976,50-59歲,女,無,陰性
44977,40-49歲,男,無,陰性
44978,40-49歲,男,一級,陽性
44979,40-49歲,男,無,陰性
44980,60歲以上,男,二級,陽性
44981,30-39歲,男,無,陰性
44982,50-59歲,男,無,陰性
44983,30-39歲,男,二級,陽性
44984,40-49歲,男,無,陰性
44985,50-59歲,男,三級,陽性
44986,40-49歲,男,無,陰性
44987,30-39歲,男,無,陰性
44988,30-39歲,男,無,陰性
44989,40-49歲,男,無,陰性
44990,30-39歲,男,無,陰性
44991,30-39歲,男,無,陰性
44992,50-59歲,男,無,陰性
44993,50-59歲,男,無,陰性
44994,50-59歲,男,二級,陽性
44995,60歲以上,男,無,陰性
44996,30-39歲,男,無,陰性
44997,40-49歲,男,無,陰性
44998,50-59歲,女,無,陰性
44999,50-59歲,男,無,陰性
45000,20-29歲,男,二級,陽性
45001,30-39歲,男,無,陰性
45002,30-39歲,女,無,陰性
45003,40-49歲,女,二級,陽性
45004,50-59歲,男,一級,陽性
45005,50-59歲,男,無,陰性
45006,40-49歲,女,無,陰性
45007,30-39歲,男,三級,陽性
45008,60歲以上,男,無,陰性
45009,20-29歲,男,無,陰性
45010,40-49歲,男,無,陰性
45011,40-49歲,男,無,陰性
45012,60歲以上,男,無,陰性
45013,40-49歲,男,二級,陽性
45014,40-49歲,男,二級,陽性
45015,60歲以上,男,無,陰性
45016,50-59歲,男,三級,陽性
45017,50-59歲,男,無,陰性
45018,50-59歲,男,二級,陽性
45019,40-49歲,男,無,陰性
45020,40-49歲,男,三級,陽性
45021,20-29歲,男,無,陰性
45022,30-39歲,男,無,陰性
45023,50-59歲,男,二級,陽性
45024,60歲以上,男,無,陰性
45025,30-39歲,男,無,陰性
45026,40-49歲,女,一級,陽性
45027,40-49歲,男,無,陰性
45028,40-49歲,女,二級,陽性
45029,40-49歲,男,無,陰性
45030,50-59歲,女,無,陰性
45031,20-29歲,男,二級,陽性
45032,50-59歲,男,無,陰性
45033,50-59歲,男,無,陰性
45034,40-49歲,男,無,陰性
45035,30-39歲,男,無,陰性
45036,50-59歲,男,二級,陽性
45037,50-59歲,男,無,陰性
45038,40-49歲,男,無,陰性
45039,50-59歲,女,無,陰性
45040,50-59歲,女,無,陰性
45041,50-59歲,男,無,陰性
45042,50-59歲,女,無,陰性
45043,40-49歲,女,無,陰性
45044,40-49歲,男,無,陰性
45045,20-29歲,女,無,陰性
45046,40-49歲,男,無,陰性
45047,40-49歲,女,二級,陽性
45048,30-39歲,男,無,陰性
45049,50-59歲,男,無,陰性
45050,40-49歲,男,無,陰性
45051,30-39歲,男,三級,陽性
45052,50-59歲,男,無,陰性
45053,40-49歲,男,無,陰性
45054,20-29歲,男,無,陰性
45055,30-39歲,男,無,陰性
45056,30-39歲,男,無,陰性
45057,50-59歲,男,無,陰性
45058,40-49歲,男,二級,陽性
45059,60歲以上,男,二級,陽性
45060,50-59歲,男,無,陰性
45061,50-59歲,男,無,陰性
45062,50-59歲,男,二級,陽性
45063,30-39歲,男,無,陰性
45064,20-29歲,男,無,陰性
45065,40-49歲,男,二級,陽性
45066,50-59歲,女,無,陰性
45067,30-39歲,女,無,陰性
45068,60歲以上,男,無,陰性
45069,30-39歲,男,一級,陽性
45070,40-49歲,男,無,陰性
45071,30-39歲,男,二級,陽性
45072,40-49歲,女,無,陰性
45073,30-39歲,女,無,陰性
45074,40-49歲,男,無,陰性
45075,40-49歲,男,無,陰性
45076,50-59歲,男,無,陰性
45077,30-39歲,女,無,陰性
45078,30-39歲,男,無,陰性
45079,40-49歲,男,無,陰性
45080,50-59歲,男,三級,陽性
45081,50-59歲,男,一級,陽性
45082,30-39歲,男,無,陰性
45083,50-59歲,男,二級,陽性
45084,30-39歲,女,二級,陽性
45085,30-39歲,男,二級,陽性
45086,30-39歲,男,無,陰性
45087,60歲以上,男,無,陰性
45088,30-39歲,男,無,陰性
45089,50-59歲,男,無,陰性
45090,50-59歲,男,無,陰性
45091,50-59歲,男,無,陰性
45092,20-29歲,男,無,陰性
45093,40-49歲,男,無,陰性
45094,40-49歲,男,無,陰性
45095,20-29歲,男,二級,陽性
45096,50-59歲,男,三級,陽性
45097,40-49歲,女,三級,陽性
45098,50-59歲,女,無,陰性
45099,60歲以上,男,無,陰性
45100,50-59歲,男,無,陰性
45101,30-39歲,男,一級,陽性
45102,40-49歲,男,無,陰性
45103,30-39歲,男,二級,陽性
45104,20-29歲,女,無,陰性
45105,40-49歲,男,無,陰性
45106,30-39歲,男,無,陰性
45107,60歲以上,男,無,陰性
45108,50-59歲,男,無,陰性
45109,30-39歲,男,無,陰性
45110,30-39歲,男,無,陰性
45111,20-29歲,男,無,陰性
45112,40-49歲,男,無,陰性
45113,40-49歲,男,無,陰性
45114,40-49歲,男,無,陰性
45115,40-49歲,女,無,陰性
45116,30-39歲,男,無,陰性
45117,50-59歲,男,一級,陽性
45118,19歲以下,男,無,陰性
45119,60歲以上,男,無,陰性
45120,40-49歲,女,無,陰性
45121,60歲以上,男,無,陰性
45122,40-49歲,男,無,陰性
45123,40-49歲,女,無,陰性
45124,40-49歲,男,無,陰性
45125,40-49歲,男,無,陰性
45126,30-39歲,男,二級,陽性
45127,50-59歲,男,無,陰性
45128,40-49歲,男,一級,陽性
45129,60歲以上,男,無,陰性
45130,30-39歲,男,無,陰性
45131,40-49歲,男,無,陰性
45132,40-49歲,男,二級,陽性
45133,50-59歲,男,無,陰性
45134,40-49歲,女,無,陰性
45135,20-29歲,男,無,陰性
45136,40-49歲,男,無,陰性
45137,30-39歲,男,無,陰性
45138,20-29歲,男,無,陰性
45139,40-49歲,女,無,陰性
45140,50-59歲,女,無,陰性
45141,40-49歲,男,二級,陽性
45142,20-29歲,男,無,陰性
45143,40-49歲,男,無,陰性
45144,40-49歲,男,三級,陽性
45145,40-49歲,男,無,陰性
45146,30-39歲,男,無,陰性
45147,60歲以上,男,無,陰性
45148,60歲以上,男,無,陰性
45149,60歲以上,男,二級,陽性
45150,50-59歲,男,無,陰性
45151,50-59歲,女,無,陰性
45152,60歲以上,男,二級,陽性
45153,50-59歲,男,二級,陽性
45154,50-59歲,男,無,陰性
45155,30-39歲,男,二級,陽性
45156,30-39歲,女,無,陰性
45157,50-59歲,男,二級,陽性
45158,20-29歲,女,無,陰性
45159,30-39歲,男,無,陰性
45160,50-59歲,男,無,陰性
45161,50-59歲,男,三級,陽性
45162,30-39歲,男,無,陰性
45163,60歲以上,男,無,陰性
45164,19歲以下,男,無,陰性
45165,40-49歲,男,無,陰性
45166,40-49歲,男,無,陰性
45167,60歲以上,女,無,陰性
45168,30-39歲,女,二級,陽性
45169,50-59歲,男,無,陰性
45170,50-59歲,男,無,陰性
45171,40-49歲,女,無,陰性
45172,50-59歲,男,二級,陽性
45173,30-39歲,男,無,陰性
45174,30-39歲,男,無,陰性
45175,60歲以上,男,無,陰性
45176,50-59歲,男,無,陰性
45177,19歲以下,男,無,陰性
45178,40-49歲,男,無,陰性
45179,40-49歲,男,二級,陽性
45180,60歲以上,男,無,陰性
45181,40-49歲,男,二級,陽性
45182,40-49歲,男,無,陰性
45183,40-49歲,男,三級,陽性
45184,50-59歲,男,無,陰性
45185,40-49歲,女,無,陰性
45186,30-39歲,男,無,陰性
45187,60歲以上,男,無,陰性
45188,20-29歲,男,無,陰性
45189,60歲以上,男,二級,陽性
45190,40-49歲,男,無,陰性
45191,19歲以下,女,無,陰性
45192,50-59歲,男,無,陰性
45193,60歲以上,男,無,陰性
45194,50-59歲,男,無,陰性
45195,30-39歲,男,無,陰性
45196,40-49歲,男,無,陰性
45197,40-49歲,女,無,陰性
45198,20-29歲,女,無,陰性
45199,40-49歲,女,無,陰性
45200,19歲以下,男,一級,陽性
45201,50-59歲,男,無,陰性
45202,40-49歲,男,三級,陽性
45203,50-59歲,男,無,陰性
45204,50-59歲,男,無,陰性
45205,50-59歲,女,無,陰性
45206,30-39歲,男,無,陰性
45207,40-49歲,男,二級,陽性
45208,20-29歲,男,無,陰性
45209,40-49歲,女,二級,陽性
45210,60歲以上,男,無,陰性
45211,30-39歲,女,二級,陽性
45212,30-39歲,男,無,陰性
45213,50-59歲,男,無,陰性
45214,20-29歲,男,三級,陽性
45215,60歲以上,男,二級,陽性
45216,40-49歲,男,無,陰性
45217,40-49歲,女,無,陰性
45218,50-59歲,男,無,陰性
45219,40-49歲,男,無,陰性
45220,50-59歲,男,無,陰性
45221,40-49歲,男,無,陰性
45222,20-29歲,女,無,陰性
45223,60歲以上,男,無,陰性
45224,60歲以上,男,無,陰性
45225,19歲以下,女,無,陰性
45226,30-39歲,男,無,陰性
45227,40-49歲,男,二級,陽性
45228,30-39歲,男,二級,陽性
45229,50-59歲,男,無,陰性
45230,50-59歲,女,無,陰性
45231,40-49歲,女,二級,陽性
45232,50-59歲,男,二級,陽性
45233,30-39歲,男,二級,陽性
45234,60歲以上,男,無,陰性
45235,30-39歲,男,二級,陽性
45236,20-29歲,男,二級,陽性
45237,30-39歲,男,無,陰性
45238,30-39歲,男,無,陰性
45239,20-29歲,女,無,陰性
45240,50-59歲,男,無,陰性
45241,30-39歲,男,無,陰性
45242,30-39歲,男,無,陰性
45243,40-49歲,女,無,陰性
45244,40-49歲,男,無,陰性
45245,50-59歲,男,無,陰性
45246,50-59歲,男,二級,陽性
45247,40-49歲,男,無,陰性
45248,40-49歲,男,無,陰性
45249,30-39歲,女,無,陰性
45250,40-49歲,男,三級,陽性
45251,40-49歲,男,無,陰性
45252,40-49歲,男,無,陰性
45253,50-59歲,男,無,陰性
45254,50-59歲,男,無,陰性
45255,19歲以下,男,無,陰性
45256,50-59歲,男,無,陰性
45257,50-59歲,男,無,陰性
45258,30-39歲,女,無,陰性
45259,40-49歲,女,無,陰性
45260,40-49歲,男,無,陰性
45261,30-39歲,男,無,陰性
45262,50-59歲,男,無,陰性
45263,40-49歲,男,無,陰性
45264,50-59歲,男,無,陰性
45265,19歲以下,男,無,陰性
45266,60歲以上,男,無,陰性
45267,50-59歲,男,無,陰性
45268,40-49歲,男,三級,陽性
45269,30-39歲,男,二級,陽性
45270,20-29歲,女,二級,陽性
45271,40-49歲,男,二級,陽性
45272,50-59歲,男,無,陰性
45273,30-39歲,男,三級,陽性
45274,40-49歲,男,無,陰性
45275,50-59歲,女,無,陰性
45276,50-59歲,男,無,陰性
45277,50-59歲,男,無,陰性
45278,40-49歲,男,無,陰性
45279,50-59歲,男,無,陰性
45280,40-49歲,男,無,陰性
45281,40-49歲,男,無,陰性
45282,40-49歲,男,一級,陽性
45283,50-59歲,女,無,陰性
45284,60歲以上,男,無,陰性
45285,60歲以上,男,無,陰性
45286,40-49歲,男,無,陰性
45287,50-59歲,女,無,陰性
45288,50-59歲,男,三級,陽性
45289,19歲以下,男,無,陰性
45290,50-59歲,男,二級,陽性
45291,40-49歲,男,二級,陽性
45292,20-29歲,男,二級,陽性
45293,40-49歲,男,三級,陽性
45294,40-49歲,女,無,陰性
45295,50-59歲,女,無,陰性
45296,40-49歲,男,無,陰性
45297,50-59歲,男,無,陰性
45298,30-39歲,男,無,陰性
45299,50-59歲,男,無,陰性
45300,40-49歲,男,無,陰性
45301,60歲以上,男,無,陰性
45302,40-49歲,男,無,陰性
45303,40-49歲,男,無,陰性
45304,40-49歲,男,無,陰性
45305,50-59歲,男,二級,陽性
45306,40-49歲,男,無,陰性
45307,40-49歲,男,無,陰性
45308,50-59歲,女,無,陰性
45309,50-59歲,男,無,陰性
45310,50-59歲,男,無,陰性
45311,50-59歲,男,無,陰性
45312,50-59歲,男,無,陰性
45313,50-59歲,男,無,陰性
45314,40-49歲,男,無,陰性
45315,50-59歲,男,一級,陽性
45316,50-59歲,男,三級,陽性
45317,50-59歲,男,三級,陽性
45318,30-39歲,男,無,陰性
45319,60歲以上,男,二級,陽性
45320,50-59歲,女,無,陰性
45321,20-29歲,男,無,陰性
45322,40-49歲,男,無,陰性
45323,40-49歲,男,無,陰性
45324,40-49歲,男,無,陰性
45325,50-59歲,男,無,陰性
45326,40-49歲,男,無,陰性
45327,50-59歲,男,二級,陽性
45328,50-59歲,男,無,陰性
45329,50-59歲,男,無,陰性
45330,40-49歲,男,無,陰性
45331,20-29歲,女,無,陰性
45332,50-59歲,男,二級,陽性
45333,50-59歲,男,無,陰性
45334,20-29歲,男,無,陰性
45335,60歲以上,男,二級,陽性
45336,19歲以下,男,無,陰性
45337,50-59歲,男,無,陰性
45338,50-59歲,男,無,陰性
45339,30-39歲,男,無,陰性
45340,30-39歲,男,無,陰性
45341,60歲以上,男,無,陰性
45342,60歲以上,男,無,陰性
45343,30-39歲,男,無,陰性
45344,50-59歲,男,無,陰性
45345,19歲以下,男,無,陰性
45346,60歲以上,男,無,陰性
45347,40-49歲,男,無,陰性
45348,40-49歲,男,無,陰性
45349,20-29歲,男,無,陰性
45350,60歲以上,女,二級,陽性
45351,30-39歲,男,無,陰性
45352,60歲以上,男,無,陰性
45353,60歲以上,男,無,陰性
45354,40-49歲,男,無,陰性
45355,30-39歲,男,二級,陽性
45356,40-49歲,男,無,陰性
45357,40-49歲,男,無,陰性
45358,20-29歲,女,二級,陽性
45359,50-59歲,男,二級,陽性
45360,20-29歲,男,無,陰性
45361,30-39歲,女,無,陰性
45362,40-49歲,男,無,陰性
45363,40-49歲,女,無,陰性
45364,40-49歲,男,無,陰性
45365,40-49歲,男,三級,陽性
45366,40-49歲,男,無,陰性
45367,40-49歲,男,無,陰性
45368,60歲以上,男,無,陰性
45369,30-39歲,男,無,陰性
45370,30-39歲,男,無,陰性
45371,60歲以上,男,三級,陽性
45372,60歲以上,男,無,陰性
45373,30-39歲,男,二級,陽性
45374,40-49歲,女,二級,陽性
45375,50-59歲,男,無,陰性
45376,30-39歲,男,無,陰性
45377,40-49歲,女,無,陰性
45378,60歲以上,男,無,陰性
45379,60歲以上,男,無,陰性
45380,50-59歲,男,二級,陽性
45381,40-49歲,男,無,陰性
45382,60歲以上,男,無,陰性
45383,40-49歲,男,二級,陽性
45384,30-39歲,男,二級,陽性
45385,60歲以上,男,二級,陽性
45386,60歲以上,男,三級,陽性
45387,40-49歲,男,無,陰性
45388,50-59歲,男,無,陰性
45389,40-49歲,男,無,陰性
45390,30-39歲,女,無,陰性
45391,30-39歲,男,無,陰性
45392,30-39歲,男,無,陰性
45393,20-29歲,男,無,陰性
45394,40-49歲,男,二級,陽性
45395,40-49歲,男,無,陰性
45396,20-29歲,男,二級,陽性
45397,20-29歲,男,無,陰性
45398,50-59歲,男,二級,陽性
45399,40-49歲,男,無,陰性
45400,40-49歲,男,無,陰性
45401,20-29歲,男,無,陰性
45402,30-39歲,男,無,陰性
45403,30-39歲,男,無,陰性
45404,50-59歲,男,無,陰性
45405,40-49歲,男,無,陰性
45406,30-39歲,男,無,陰性
45407,30-39歲,男,無,陰性
45408,20-29歲,男,無,陰性
45409,40-49歲,女,無,陰性
45410,30-39歲,男,無,陰性
45411,40-49歲,男,無,陰性
45412,40-49歲,男,無,陰性
45413,30-39歲,男,無,陰性
45414,40-49歲,男,無,陰性
45415,50-59歲,男,二級,陽性
45416,30-39歲,男,無,陰性
45417,30-39歲,女,無,陰性
45418,40-49歲,男,無,陰性
45419,50-59歲,男,無,陰性
45420,40-49歲,男,無,陰性
45421,20-29歲,男,無,陰性
45422,20-29歲,男,無,陰性
45423,40-49歲,男,無,陰性
45424,40-49歲,女,無,陰性
45425,60歲以上,男,無,陰性
45426,20-29歲,男,無,陰性
45427,50-59歲,男,二級,陽性
45428,50-59歲,女,無,陰性
45429,30-39歲,男,無,陰性
45430,40-49歲,男,三級,陽性
45431,50-59歲,男,無,陰性
45432,50-59歲,男,無,陰性
45433,50-59歲,男,一級,陽性
45434,20-29歲,男,二級,陽性
45435,40-49歲,女,二級,陽性
45436,40-49歲,女,無,陰性
45437,50-59歲,男,無,陰性
45438,40-49歲,女,無,陰性
45439,40-49歲,女,無,陰性
45440,30-39歲,男,無,陰性
45441,40-49歲,女,無,陰性
45442,50-59歲,男,無,陰性
45443,50-59歲,男,無,陰性
45444,40-49歲,男,二級,陽性
45445,30-39歲,男,無,陰性
45446,40-49歲,男,無,陰性
45447,30-39歲,男,無,陰性
45448,50-59歲,女,無,陰性
45449,50-59歲,女,無,陰性
45450,40-49歲,男,無,陰性
45451,30-39歲,男,無,陰性
45452,50-59歲,女,無,陰性
45453,50-59歲,男,二級,陽性
45454,50-59歲,男,無,陰性
45455,50-59歲,男,無,陰性
45456,40-49歲,男,無,陰性
45457,40-49歲,男,無,陰性
45458,30-39歲,男,二級,陽性
45459,30-39歲,男,無,陰性
45460,60歲以上,男,無,陰性
45461,50-59歲,男,無,陰性
45462,40-49歲,男,三級,陽性
45463,40-49歲,男,無,陰性
45464,20-29歲,男,無,陰性
45465,60歲以上,男,無,陰性
45466,50-59歲,男,無,陰性
45467,50-59歲,男,三級,陽性
45468,40-49歲,男,無,陰性
45469,60歲以上,男,一級,陽性
45470,50-59歲,男,無,陰性
45471,40-49歲,男,二級,陽性
45472,50-59歲,男,無,陰性
45473,50-59歲,男,無,陰性
45474,60歲以上,男,無,陰性
45475,20-29歲,男,二級,陽性
45476,50-59歲,女,二級,陽性
45477,50-59歲,男,無,陰性
45478,40-49歲,男,無,陰性
45479,40-49歲,女,無,陰性
45480,40-49歲,男,無,陰性
45481,50-59歲,男,二級,陽性
45482,40-49歲,男,二級,陽性
45483,40-49歲,女,二級,陽性
45484,50-59歲,男,一級,陽性
45485,60歲以上,女,無,陰性
45486,50-59歲,女,二級,陽性
45487,40-49歲,男,無,陰性
45488,40-49歲,女,無,陰性
45489,50-59歲,男,無,陰性
45490,40-49歲,男,無,陰性
45491,50-59歲,男,二級,陽性
45492,40-49歲,男,無,陰性
45493,50-59歲,女,二級,陽性
45494,60歲以上,女,無,陰性
45495,20-29歲,男,無,陰性
45496,50-59歲,男,二級,陽性
45497,20-29歲,男,無,陰性
45498,19歲以下,男,無,陰性
45499,30-39歲,男,無,陰性
45500,50-59歲,男,無,陰性
45501,40-49歲,女,無,陰性
45502,30-39歲,男,無,陰性
45503,40-49歲,女,無,陰性
45504,20-29歲,男,無,陰性
45505,30-39歲,男,二級,陽性
45506,60歲以上,男,三級,陽性
45507,50-59歲,男,無,陰性
45508,50-59歲,男,二級,陽性
45509,50-59歲,男,三級,陽性
45510,20-29歲,男,無,陰性
45511,60歲以上,女,二級,陽性
45512,50-59歲,女,無,陰性
45513,40-49歲,女,三級,陽性
45514,50-59歲,男,無,陰性
45515,30-39歲,男,三級,陽性
45516,40-49歲,男,無,陰性
45517,50-59歲,男,二級,陽性
45518,40-49歲,女,二級,陽性
45519,40-49歲,男,無,陰性
45520,30-39歲,男,二級,陽性
45521,40-49歲,女,無,陰性
45522,30-39歲,男,三級,陽性
45523,50-59歲,男,無,陰性
45524,30-39歲,男,無,陰性
45525,30-39歲,男,無,陰性
45526,50-59歲,男,二級,陽性
45527,40-49歲,男,無,陰性
45528,50-59歲,女,無,陰性
45529,40-49歲,男,無,陰性
45530,30-39歲,男,無,陰性
45531,60歲以上,男,無,陰性
45532,40-49歲,男,無,陰性
45533,50-59歲,男,無,陰性
45534,30-39歲,男,二級,陽性
45535,50-59歲,男,無,陰性
45536,40-49歲,女,無,陰性
45537,40-49歲,男,無,陰性
45538,30-39歲,男,無,陰性
45539,60歲以上,男,無,陰性
45540,40-49歲,男,無,陰性
45541,40-49歲,男,二級,陽性
45542,50-59歲,男,無,陰性
45543,20-29歲,女,無,陰性
45544,20-29歲,男,無,陰性
45545,19歲以下,男,無,陰性
45546,50-59歲,男,一級,陽性
45547,40-49歲,男,一級,陽性
45548,40-49歲,男,二級,陽性
45549,50-59歲,男,無,陰性
45550,20-29歲,男,無,陰性
45551,40-49歲,男,無,陰性
45552,40-49歲,女,二級,陽性
45553,50-59歲,男,無,陰性
45554,50-59歲,男,無,陰性
45555,40-49歲,男,無,陰性
45556,40-49歲,男,無,陰性
45557,40-49歲,男,二級,陽性
45558,40-49歲,男,無,陰性
45559,40-49歲,男,無,陰性
45560,30-39歲,男,無,陰性
45561,50-59歲,男,無,陰性
45562,50-59歲,女,無,陰性
45563,40-49歲,男,無,陰性
45564,30-39歲,男,二級,陽性
45565,30-39歲,男,無,陰性
45566,30-39歲,男,無,陰性
45567,40-49歲,男,二級,陽性
45568,50-59歲,女,無,陰性
45569,20-29歲,男,無,陰性
45570,40-49歲,男,二級,陽性
45571,20-29歲,男,無,陰性
45572,50-59歲,男,二級,陽性
45573,30-39歲,男,無,陰性
45574,50-59歲,男,二級,陽性
45575,50-59歲,男,無,陰性
45576,60歲以上,男,無,陰性
45577,20-29歲,男,無,陰性
45578,40-49歲,女,無,陰性
45579,40-49歲,男,無,陰性
45580,20-29歲,男,無,陰性
45581,40-49歲,男,無,陰性
45582,50-59歲,男,二級,陽性
45583,40-49歲,女,無,陰性
45584,50-59歲,男,無,陰性
45585,40-49歲,男,無,陰性
45586,20-29歲,男,無,陰性
45587,40-49歲,男,無,陰性
45588,40-49歲,女,無,陰性
45589,40-49歲,男,無,陰性
45590,50-59歲,男,無,陰性
45591,40-49歲,男,無,陰性
45592,40-49歲,男,無,陰性
45593,50-59歲,男,無,陰性
45594,20-29歲,男,無,陰性
45595,50-59歲,女,無,陰性
45596,50-59歲,男,二級,陽性
45597,20-29歲,男,無,陰性
45598,50-59歲,男,無,陰性
45599,40-49歲,男,無,陰性
45600,19歲以下,男,無,陰性
45601,40-49歲,男,二級,陽性
45602,19歲以下,男,無,陰性
45603,40-49歲,男,一級,陽性
45604,30-39歲,男,無,陰性
45605,50-59歲,女,無,陰性
45606,30-39歲,男,無,陰性
45607,40-49歲,女,二級,陽性
45608,20-29歲,男,二級,陽性
45609,40-49歲,女,三級,陽性
45610,40-49歲,女,二級,陽性
45611,19歲以下,男,無,陰性
45612,40-49歲,男,無,陰性
45613,20-29歲,男,三級,陽性
45614,50-59歲,男,無,陰性
45615,40-49歲,男,無,陰性
45616,40-49歲,男,無,陰性
45617,40-49歲,男,無,陰性
45618,40-49歲,女,無,陰性
45619,20-29歲,男,無,陰性
45620,30-39歲,男,無,陰性
45621,60歲以上,男,無,陰性
45622,40-49歲,男,無,陰性
45623,40-49歲,男,無,陰性
45624,40-49歲,女,無,陰性
45625,30-39歲,女,無,陰性
45626,50-59歲,女,無,陰性
45627,40-49歲,男,無,陰性
45628,40-49歲,男,三級,陽性
45629,60歲以上,女,無,陰性
45630,60歲以上,男,二級,陽性
45631,60歲以上,男,三級,陽性
45632,30-39歲,女,二級,陽性
45633,30-39歲,男,無,陰性
45634,40-49歲,男,無,陰性
45635,60歲以上,男,無,陰性
45636,50-59歲,男,無,陰性
45637,40-49歲,男,無,陰性
45638,40-49歲,男,無,陰性
45639,19歲以下,男,無,陰性
45640,20-29歲,女,無,陰性
45641,50-59歲,女,二級,陽性
45642,40-49歲,男,二級,陽性
45643,30-39歲,男,無,陰性
45644,40-49歲,男,無,陰性
45645,50-59歲,男,無,陰性
45646,40-49歲,男,無,陰性
45647,50-59歲,男,一級,陽性
45648,20-29歲,男,二級,陽性
45649,50-59歲,男,無,陰性
45650,40-49歲,男,三級,陽性
45651,40-49歲,男,二級,陽性
45652,50-59歲,男,無,陰性
45653,50-59歲,男,無,陰性
45654,60歲以上,男,二級,陽性
45655,30-39歲,男,無,陰性
45656,30-39歲,男,二級,陽性
45657,20-29歲,男,二級,陽性
45658,50-59歲,男,無,陰性
45659,40-49歲,男,無,陰性
45660,50-59歲,男,無,陰性
45661,20-29歲,女,無,陰性
45662,20-29歲,男,二級,陽性
45663,40-49歲,男,無,陰性
45664,50-59歲,女,無,陰性
45665,40-49歲,男,二級,陽性
45666,40-49歲,男,二級,陽性
45667,40-49歲,男,二級,陽性
45668,40-49歲,男,無,陰性
45669,30-39歲,女,無,陰性
45670,40-49歲,女,無,陰性
45671,50-59歲,女,無,陰性
45672,50-59歲,男,無,陰性
45673,40-49歲,男,無,陰性
45674,40-49歲,男,無,陰性
45675,30-39歲,女,無,陰性
45676,40-49歲,女,無,陰性
45677,20-29歲,男,無,陰性
45678,60歲以上,男,無,陰性
45679,40-49歲,男,無,陰性
45680,30-39歲,女,無,陰性
45681,40-49歲,男,二級,陽性
45682,60歲以上,男,三級,陽性
45683,50-59歲,男,無,陰性
45684,60歲以上,男,無,陰性
45685,30-39歲,男,無,陰性
45686,40-49歲,男,二級,陽性
45687,60歲以上,男,無,陰性
45688,40-49歲,男,無,陰性
45689,20-29歲,男,無,陰性
45690,60歲以上,女,無,陰性
45691,50-59歲,男,無,陰性
45692,30-39歲,男,二級,陽性
45693,40-49歲,女,三級,陽性
45694,60歲以上,女,無,陰性
45695,50-59歲,男,二級,陽性
45696,50-59歲,男,無,陰性
45697,50-59歲,男,無,陰性
45698,60歲以上,男,無,陰性
45699,40-49歲,男,無,陰性
45700,50-59歲,男,一級,陽性
45701,50-59歲,男,無,陰性
45702,50-59歲,男,無,陰性
45703,40-49歲,男,無,陰性
45704,30-39歲,女,無,陰性
45705,40-49歲,男,三級,陽性
45706,40-49歲,男,二級,陽性
45707,50-59歲,男,無,陰性
45708,40-49歲,男,無,陰性
45709,40-49歲,女,無,陰性
45710,30-39歲,男,無,陰性
45711,30-39歲,男,二級,陽性
45712,50-59歲,男,無,陰性
45713,30-39歲,男,無,陰性
45714,60歲以上,男,無,陰性
45715,50-59歲,男,無,陰性
45716,60歲以上,女,無,陰性
45717,30-39歲,男,無,陰性
45718,40-49歲,男,無,陰性
45719,50-59歲,男,無,陰性
45720,40-49歲,男,一級,陽性
45721,40-49歲,男,無,陰性
45722,20-29歲,男,無,陰性
45723,40-49歲,女,無,陰性
45724,40-49歲,女,無,陰性
45725,50-59歲,男,無,陰性
45726,30-39歲,男,無,陰性
45727,40-49歲,男,無,陰性
45728,40-49歲,女,無,陰性
45729,50-59歲,女,二級,陽性
45730,60歲以上,男,無,陰性
45731,40-49歲,男,無,陰性
45732,40-49歲,男,無,陰性
45733,20-29歲,男,無,陰性
45734,40-49歲,女,無,陰性
45735,20-29歲,男,無,陰性
45736,50-59歲,男,無,陰性
45737,60歲以上,男,三級,陽性
45738,50-59歲,男,無,陰性
45739,40-49歲,男,一級,陽性
45740,60歲以上,男,二級,陽性
45741,40-49歲,男,三級,陽性
45742,40-49歲,男,無,陰性
45743,40-49歲,男,二級,陽性
45744,20-29歲,男,無,陰性
45745,40-49歲,男,無,陰性
45746,20-29歲,男,無,陰性
45747,40-49歲,女,無,陰性
45748,30-39歲,男,無,陰性
45749,40-49歲,男,無,陰性
45750,50-59歲,男,無,陰性
45751,30-39歲,男,無,陰性
45752,40-49歲,女,無,陰性
45753,60歲以上,男,無,陰性
45754,40-49歲,男,無,陰性
45755,40-49歲,男,無,陰性
45756,30-39歲,女,無,陰性
45757,19歲以下,男,無,陰性
45758,40-49歲,男,二級,陽性
45759,40-49歲,男,無,陰性
45760,40-49歲,男,無,陰性
45761,30-39歲,女,無,陰性
45762,60歲以上,男,無,陰性
45763,30-39歲,女,無,陰性
45764,40-49歲,男,無,陰性
45765,30-39歲,男,無,陰性
45766,30-39歲,男,無,陰性
45767,60歲以上,男,無,陰性
45768,20-29歲,男,無,陰性
45769,40-49歲,男,無,陰性
45770,20-29歲,女,三級,陽性
45771,60歲以上,男,無,陰性
45772,40-49歲,男,無,陰性
45773,40-49歲,男,無,陰性
45774,40-49歲,男,無,陰性
45775,40-49歲,男,二級,陽性
45776,40-49歲,男,無,陰性
45777,50-59歲,女,二級,陽性
45778,50-59歲,男,無,陰性
45779,40-49歲,男,二級,陽性
45780,30-39歲,女,二級,陽性
45781,60歲以上,男,無,陰性
45782,50-59歲,男,無,陰性
45783,20-29歲,男,無,陰性
45784,60歲以上,男,無,陰性
45785,40-49歲,女,無,陰性
45786,40-49歲,男,無,陰性
45787,50-59歲,男,無,陰性
45788,50-59歲,男,無,陰性
45789,60歲以上,男,無,陰性
45790,19歲以下,男,無,陰性
45791,40-49歲,男,無,陰性
45792,30-39歲,男,二級,陽性
45793,50-59歲,女,無,陰性
45794,40-49歲,男,二級,陽性
45795,50-59歲,女,無,陰性
45796,30-39歲,女,一級,陽性
45797,40-49歲,男,無,陰性
45798,50-59歲,女,無,陰性
45799,50-59歲,男,無,陰性
45800,19歲以下,男,無,陰性
45801,19歲以下,男,無,陰性
45802,20-29歲,男,無,陰性
45803,20-29歲,男,無,陰性
45804,40-49歲,男,無,陰性
45805,50-59歲,男,無,陰性
45806,40-49歲,男,二級,陽性
45807,50-59歲,男,無,陰性
45808,40-49歲,男,二級,陽性
45809,30-39歲,女,無,陰性
45810,40-49歲,男,二級,陽性
45811,40-49歲,男,無,陰性
45812,40-49歲,男,無,陰性
45813,40-49歲,女,無,陰性
45814,30-39歲,男,無,陰性
45815,40-49歲,男,無,陰性
45816,20-29歲,男,無,陰性
45817,40-49歲,男,三級,陽性
45818,30-39歲,男,無,陰性
45819,40-49歲,男,無,陰性
45820,40-49歲,女,無,陰性
45821,20-29歲,男,無,陰性
45822,40-49歲,男,二級,陽性
45823,60歲以上,男,無,陰性
45824,50-59歲,男,無,陰性
45825,30-39歲,女,無,陰性
45826,60歲以上,男,無,陰性
45827,40-49歲,男,無,陰性
45828,40-49歲,女,一級,陽性
45829,40-49歲,男,無,陰性
45830,20-29歲,男,三級,陽性
45831,30-39歲,男,二級,陽性
45832,50-59歲,男,無,陰性
45833,40-49歲,男,二級,陽性
45834,30-39歲,女,二級,陽性
45835,20-29歲,男,無,陰性
45836,60歲以上,男,無,陰性
45837,50-59歲,女,無,陰性
45838,40-49歲,男,無,陰性
45839,40-49歲,男,無,陰性
45840,30-39歲,男,二級,陽性
45841,60歲以上,女,無,陰性
45842,40-49歲,男,無,陰性
45843,30-39歲,男,無,陰性
45844,20-29歲,男,無,陰性
45845,30-39歲,女,二級,陽性
45846,50-59歲,男,無,陰性
45847,60歲以上,男,無,陰性
45848,20-29歲,男,一級,陽性
45849,50-59歲,男,無,陰性
45850,40-49歲,男,無,陰性
45851,40-49歲,男,無,陰性
45852,30-39歲,女,無,陰性
45853,40-49歲,女,無,陰性
45854,40-49歲,男,無,陰性
45855,20-29歲,男,無,陰性
45856,60歲以上,女,無,陰性
45857,50-59歲,女,無,陰性
45858,20-29歲,男,二級,陽性
45859,40-49歲,男,無,陰性
45860,50-59歲,男,無,陰性
45861,50-59歲,男,無,陰性
45862,40-49歲,男,無,陰性
45863,50-59歲,女,二級,陽性
45864,50-59歲,男,無,陰性
45865,40-49歲,女,無,陰性
45866,40-49歲,男,無,陰性
45867,60歲以上,男,無,陰性
45868,50-59歲,男,無,陰性
45869,50-59歲,男,無,陰性
45870,30-39歲,男,二級,陽性
45871,50-59歲,女,二級,陽性
45872,50-59歲,男,二級,陽性
45873,40-49歲,男,二級,陽性
45874,50-59歲,女,無,陰性
45875,40-49歲,男,無,陰性
45876,40-49歲,男,無,陰性
45877,30-39歲,男,無,陰性
45878,30-39歲,男,無,陰性
45879,50-59歲,男,無,陰性
45880,50-59歲,女,無,陰性
45881,50-59歲,男,無,陰性
45882,50-59歲,男,無,陰性
45883,20-29歲,女,無,陰性
45884,40-49歲,男,一級,陽性
45885,60歲以上,男,無,陰性
45886,50-59歲,男,無,陰性
45887,50-59歲,男,無,陰性
45888,60歲以上,男,無,陰性
45889,40-49歲,男,無,陰性
45890,50-59歲,男,無,陰性
45891,50-59歲,男,無,陰性
45892,19歲以下,男,無,陰性
45893,30-39歲,女,無,陰性
45894,50-59歲,男,無,陰性
45895,30-39歲,男,無,陰性
45896,30-39歲,男,無,陰性
45897,40-49歲,男,無,陰性
45898,50-59歲,男,無,陰性
45899,50-59歲,男,二級,陽性
45900,30-39歲,男,無,陰性
45901,40-49歲,男,無,陰性
45902,30-39歲,男,無,陰性
45903,40-49歲,男,二級,陽性
45904,40-49歲,男,無,陰性
45905,30-39歲,男,無,陰性
45906,60歲以上,男,無,陰性
45907,60歲以上,男,無,陰性
45908,30-39歲,男,無,陰性
45909,50-59歲,男,二級,陽性
45910,40-49歲,男,二級,陽性
45911,60歲以上,男,無,陰性
45912,60歲以上,男,無,陰性
45913,40-49歲,女,二級,陽性
45914,30-39歲,男,二級,陽性
45915,40-49歲,男,無,陰性
45916,30-39歲,男,二級,陽性
45917,30-39歲,男,無,陰性
45918,40-49歲,男,三級,陽性
45919,40-49歲,男,無,陰性
45920,60歲以上,男,無,陰性
45921,19歲以下,男,無,陰性
45922,30-39歲,男,無,陰性
45923,40-49歲,男,無,陰性
45924,50-59歲,女,二級,陽性
45925,40-49歲,女,一級,陽性
45926,40-49歲,男,無,陰性
45927,30-39歲,男,無,陰性
45928,40-49歲,女,二級,陽性
45929,60歲以上,女,無,陰性
45930,30-39歲,男,無,陰性
45931,50-59歲,男,二級,陽性
45932,50-59歲,男,無,陰性
45933,50-59歲,男,一級,陽性
45934,40-49歲,男,二級,陽性
45935,50-59歲,男,無,陰性
45936,40-49歲,男,無,陰性
45937,30-39歲,男,無,陰性
45938,40-49歲,男,無,陰性
45939,40-49歲,男,無,陰性
45940,50-59歲,男,無,陰性
45941,40-49歲,男,無,陰性
45942,40-49歲,男,無,陰性
45943,30-39歲,男,無,陰性
45944,30-39歲,男,二級,陽性
45945,50-59歲,男,二級,陽性
45946,50-59歲,男,無,陰性
45947,40-49歲,男,無,陰性
45948,40-49歲,男,無,陰性
45949,40-49歲,男,無,陰性
45950,50-59歲,男,無,陰性
45951,20-29歲,男,二級,陽性
45952,60歲以上,男,無,陰性
45953,30-39歲,男,無,陰性
45954,50-59歲,男,無,陰性
45955,40-49歲,男,無,陰性
45956,50-59歲,女,無,陰性
45957,40-49歲,男,無,陰性
45958,60歲以上,男,無,陰性
45959,40-49歲,女,無,陰性
45960,40-49歲,男,無,陰性
45961,40-49歲,男,無,陰性
45962,40-49歲,男,無,陰性
45963,30-39歲,男,二級,陽性
45964,60歲以上,女,二級,陽性
45965,50-59歲,男,無,陰性
45966,30-39歲,女,無,陰性
45967,40-49歲,女,無,陰性
45968,20-29歲,男,無,陰性
45969,60歲以上,男,無,陰性
45970,60歲以上,男,二級,陽性
45971,30-39歲,男,無,陰性
45972,50-59歲,男,無,陰性
45973,30-39歲,男,二級,陽性
45974,50-59歲,男,無,陰性
45975,30-39歲,男,無,陰性
45976,30-39歲,男,無,陰性
45977,30-39歲,男,無,陰性
45978,40-49歲,男,無,陰性
45979,50-59歲,男,無,陰性
45980,40-49歲,女,無,陰性
45981,40-49歲,女,無,陰性
45982,19歲以下,男,無,陰性
45983,20-29歲,男,無,陰性
45984,50-59歲,男,無,陰性
45985,20-29歲,女,無,陰性
45986,60歲以上,女,一級,陽性
45987,40-49歲,男,無,陰性
45988,50-59歲,男,無,陰性
45989,40-49歲,男,無,陰性
45990,60歲以上,男,無,陰性
45991,50-59歲,男,無,陰性
45992,50-59歲,男,無,陰性
45993,60歲以上,男,無,陰性
45994,20-29歲,男,無,陰性
45995,30-39歲,男,無,陰性
45996,30-39歲,男,無,陰性
45997,40-49歲,男,二級,陽性
45998,60歲以上,女,無,陰性
45999,40-49歲,男,無,陰性
46000,30-39歲,男,無,陰性
46001,50-59歲,女,無,陰性
46002,60歲以上,女,無,陰性
46003,50-59歲,男,無,陰性
46004,40-49歲,男,無,陰性
46005,30-39歲,女,無,陰性
46006,50-59歲,男,無,陰性
46007,40-49歲,男,二級,陽性
46008,40-49歲,男,無,陰性
46009,40-49歲,男,一級,陽性
46010,50-59歲,男,無,陰性
46011,40-49歲,男,無,陰性
46012,40-49歲,男,二級,陽性
46013,30-39歲,男,無,陰性
46014,20-29歲,男,三級,陽性
46015,60歲以上,男,二級,陽性
46016,40-49歲,男,無,陰性
46017,30-39歲,女,無,陰性
46018,30-39歲,男,無,陰性
46019,50-59歲,男,無,陰性
46020,40-49歲,男,無,陰性
46021,40-49歲,男,無,陰性
46022,40-49歲,男,一級,陽性
46023,30-39歲,女,二級,陽性
46024,50-59歲,男,無,陰性
46025,30-39歲,男,無,陰性
46026,40-49歲,男,無,陰性
46027,60歲以上,女,無,陰性
46028,50-59歲,男,二級,陽性
46029,50-59歲,女,無,陰性
46030,40-49歲,女,無,陰性
46031,40-49歲,男,二級,陽性
46032,40-49歲,男,無,陰性
46033,50-59歲,男,無,陰性
46034,60歲以上,女,無,陰性
46035,30-39歲,男,無,陰性
46036,50-59歲,男,無,陰性
46037,60歲以上,女,無,陰性
46038,20-29歲,男,無,陰性
46039,40-49歲,男,無,陰性
46040,50-59歲,男,二級,陽性
46041,50-59歲,男,二級,陽性
46042,50-59歲,男,無,陰性
46043,40-49歲,女,二級,陽性
46044,40-49歲,女,二級,陽性
46045,20-29歲,男,無,陰性
46046,50-59歲,女,無,陰性
46047,50-59歲,男,無,陰性
46048,40-49歲,男,無,陰性
46049,40-49歲,男,無,陰性
46050,30-39歲,男,三級,陽性
46051,30-39歲,男,無,陰性
46052,50-59歲,男,無,陰性
46053,30-39歲,男,一級,陽性
46054,40-49歲,男,無,陰性
46055,20-29歲,男,無,陰性
46056,50-59歲,男,二級,陽性
46057,40-49歲,男,無,陰性
46058,20-29歲,男,無,陰性
46059,40-49歲,男,無,陰性
46060,20-29歲,女,無,陰性
46061,40-49歲,男,無,陰性
46062,30-39歲,男,無,陰性
46063,40-49歲,男,無,陰性
46064,60歲以上,男,無,陰性
46065,60歲以上,男,無,陰性
46066,40-49歲,女,無,陰性
46067,40-49歲,男,無,陰性
46068,30-39歲,男,無,陰性
46069,40-49歲,男,二級,陽性
46070,40-49歲,男,無,陰性
46071,50-59歲,男,無,陰性
46072,20-29歲,男,無,陰性
46073,40-49歲,男,無,陰性
46074,60歲以上,男,二級,陽性
46075,40-49歲,男,無,陰性
46076,40-49歲,男,無,陰性
46077,40-49歲,男,無,陰性
46078,40-49歲,男,無,陰性
46079,60歲以上,女,無,陰性
46080,60歲以上,男,無,陰性
46081,40-49歲,男,一級,陽性
46082,30-39歲,男,無,陰性
46083,30-39歲,男,無,陰性
46084,40-49歲,男,無,陰性
46085,30-39歲,男,無,陰性
46086,20-29歲,男,無,陰性
46087,40-49歲,男,二級,陽性
46088,40-49歲,女,無,陰性
46089,40-49歲,男,無,陰性
46090,50-59歲,男,無,陰性
46091,40-49歲,男,二級,陽性
46092,50-59歲,男,無,陰性
46093,50-59歲,男,二級,陽性
46094,60歲以上,男,無,陰性
46095,50-59歲,男,無,陰性
46096,30-39歲,男,二級,陽性
46097,40-49歲,女,無,陰性
46098,40-49歲,男,無,陰性
46099,50-59歲,女,無,陰性
46100,50-59歲,男,無,陰性
46101,50-59歲,男,無,陰性
46102,40-49歲,男,無,陰性
46103,50-59歲,男,無,陰性
46104,40-49歲,男,無,陰性
46105,30-39歲,女,二級,陽性
46106,30-39歲,男,無,陰性
46107,20-29歲,男,無,陰性
46108,50-59歲,男,三級,陽性
46109,20-29歲,男,無,陰性
46110,50-59歲,男,無,陰性
46111,40-49歲,男,二級,陽性
46112,40-49歲,男,無,陰性
46113,40-49歲,男,無,陰性
46114,50-59歲,男,二級,陽性
46115,30-39歲,男,無,陰性
46116,20-29歲,男,無,陰性
46117,50-59歲,男,無,陰性
46118,30-39歲,男,二級,陽性
46119,40-49歲,男,無,陰性
46120,40-49歲,女,無,陰性
46121,40-49歲,女,無,陰性
46122,50-59歲,男,無,陰性
46123,50-59歲,男,無,陰性
46124,30-39歲,男,無,陰性
46125,30-39歲,男,二級,陽性
46126,40-49歲,男,無,陰性
46127,40-49歲,男,三級,陽性
46128,40-49歲,男,無,陰性
46129,60歲以上,女,無,陰性
46130,50-59歲,男,無,陰性
46131,50-59歲,女,無,陰性
46132,40-49歲,男,無,陰性
46133,30-39歲,女,無,陰性
46134,40-49歲,男,無,陰性
46135,50-59歲,男,無,陰性
46136,30-39歲,女,無,陰性
46137,30-39歲,男,無,陰性
46138,60歲以上,男,無,陰性
46139,30-39歲,男,二級,陽性
46140,50-59歲,男,無,陰性
46141,20-29歲,男,無,陰性
46142,50-59歲,男,無,陰性
46143,50-59歲,男,無,陰性
46144,50-59歲,男,二級,陽性
46145,40-49歲,男,無,陰性
46146,20-29歲,男,無,陰性
46147,30-39歲,男,無,陰性
46148,50-59歲,男,無,陰性
46149,40-49歲,男,二級,陽性
46150,60歲以上,男,無,陰性
46151,40-49歲,女,無,陰性
46152,30-39歲,女,二級,陽性
46153,50-59歲,女,無,陰性
46154,60歲以上,男,二級,陽性
46155,40-49歲,男,無,陰性
46156,60歲以上,男,三級,陽性
46157,40-49歲,男,無,陰性
46158,30-39歲,男,二級,陽性
46159,50-59歲,男,無,陰性
46160,20-29歲,男,二級,陽性
46161,40-49歲,男,無,陰性
46162,20-29歲,女,無,陰性
46163,50-59歲,男,無,陰性
46164,30-39歲,男,無,陰性
46165,40-49歲,男,無,陰性
46166,30-39歲,男,三級,陽性
46167,40-49歲,女,無,陰性
46168,40-49歲,男,無,陰性
46169,30-39歲,女,無,陰性
46170,40-49歲,女,無,陰性
46171,50-59歲,男,無,陰性
46172,30-39歲,女,無,陰性
46173,50-59歲,男,無,陰性
46174,40-49歲,男,無,陰性
46175,40-49歲,男,無,陰性
46176,50-59歲,男,無,陰性
46177,60歲以上,男,無,陰性
46178,60歲以上,男,無,陰性
46179,50-59歲,男,無,陰性
46180,40-49歲,男,無,陰性
46181,60歲以上,男,一級,陽性
46182,30-39歲,男,無,陰性
46183,30-39歲,女,無,陰性
46184,50-59歲,男,無,陰性
46185,50-59歲,男,無,陰性
46186,30-39歲,男,無,陰性
46187,50-59歲,女,無,陰性
46188,50-59歲,男,無,陰性
46189,30-39歲,男,無,陰性
46190,50-59歲,女,無,陰性
46191,20-29歲,男,無,陰性
46192,60歲以上,男,無,陰性
46193,20-29歲,男,三級,陽性
46194,50-59歲,男,無,陰性
46195,40-49歲,男,無,陰性
46196,50-59歲,男,無,陰性
46197,40-49歲,男,無,陰性
46198,50-59歲,男,無,陰性
46199,40-49歲,男,無,陰性
46200,30-39歲,男,無,陰性
46201,20-29歲,男,二級,陽性
46202,50-59歲,女,無,陰性
46203,50-59歲,男,無,陰性
46204,40-49歲,男,無,陰性
46205,50-59歲,男,無,陰性
46206,20-29歲,男,無,陰性
46207,60歲以上,男,無,陰性
46208,50-59歲,男,無,陰性
46209,40-49歲,男,無,陰性
46210,20-29歲,男,無,陰性
46211,50-59歲,男,無,陰性
46212,40-49歲,男,無,陰性
46213,40-49歲,男,無,陰性
46214,60歲以上,男,三級,陽性
46215,40-49歲,男,三級,陽性
46216,60歲以上,男,無,陰性
46217,50-59歲,男,二級,陽性
46218,50-59歲,男,無,陰性
46219,60歲以上,男,無,陰性
46220,40-49歲,女,二級,陽性
46221,60歲以上,男,無,陰性
46222,40-49歲,男,無,陰性
46223,60歲以上,男,無,陰性
46224,20-29歲,男,二級,陽性
46225,40-49歲,男,無,陰性
46226,50-59歲,男,無,陰性
46227,50-59歲,女,二級,陽性
46228,50-59歲,男,二級,陽性
46229,50-59歲,男,二級,陽性
46230,40-49歲,女,無,陰性
46231,50-59歲,男,無,陰性
46232,19歲以下,女,無,陰性
46233,40-49歲,男,二級,陽性
46234,60歲以上,男,無,陰性
46235,40-49歲,男,無,陰性
46236,40-49歲,男,無,陰性
46237,20-29歲,男,無,陰性
46238,40-49歲,男,無,陰性
46239,30-39歲,男,無,陰性
46240,40-49歲,男,無,陰性
46241,20-29歲,男,無,陰性
46242,20-29歲,男,無,陰性
46243,40-49歲,男,無,陰性
46244,50-59歲,男,無,陰性
46245,40-49歲,男,二級,陽性
46246,50-59歲,男,無,陰性
46247,50-59歲,女,無,陰性
46248,40-49歲,男,無,陰性
46249,30-39歲,男,無,陰性
46250,50-59歲,男,無,陰性
46251,50-59歲,男,無,陰性
46252,40-49歲,女,三級,陽性
46253,30-39歲,男,二級,陽性
46254,30-39歲,男,無,陰性
46255,50-59歲,男,無,陰性
46256,60歲以上,男,無,陰性
46257,30-39歲,男,無,陰性
46258,40-49歲,男,無,陰性
46259,40-49歲,男,無,陰性
46260,60歲以上,男,無,陰性
46261,50-59歲,男,二級,陽性
46262,60歲以上,男,一級,陽性
46263,30-39歲,男,無,陰性
46264,60歲以上,男,無,陰性
46265,30-39歲,男,無,陰性
46266,20-29歲,男,二級,陽性
46267,60歲以上,男,無,陰性
46268,60歲以上,男,無,陰性
46269,50-59歲,男,無,陰性
46270,40-49歲,男,無,陰性
46271,40-49歲,男,二級,陽性
46272,20-29歲,女,一級,陽性
46273,50-59歲,男,無,陰性
46274,60歲以上,男,無,陰性
46275,40-49歲,男,無,陰性
46276,60歲以上,男,二級,陽性
46277,50-59歲,男,二級,陽性
46278,40-49歲,男,無,陰性
46279,60歲以上,男,無,陰性
46280,30-39歲,男,無,陰性
46281,40-49歲,女,無,陰性
46282,20-29歲,男,一級,陽性
46283,60歲以上,男,二級,陽性
46284,19歲以下,男,無,陰性
46285,40-49歲,男,無,陰性
46286,30-39歲,男,無,陰性
46287,20-29歲,女,無,陰性
46288,30-39歲,男,無,陰性
46289,20-29歲,男,無,陰性
46290,60歲以上,男,三級,陽性
46291,30-39歲,男,無,陰性
46292,40-49歲,男,無,陰性
46293,40-49歲,男,無,陰性
46294,50-59歲,男,無,陰性
46295,60歲以上,男,二級,陽性
46296,50-59歲,男,無,陰性
46297,40-49歲,男,無,陰性
46298,20-29歲,女,無,陰性
46299,19歲以下,男,無,陰性
46300,40-49歲,女,無,陰性
46301,50-59歲,男,無,陰性
46302,50-59歲,男,無,陰性
46303,40-49歲,男,無,陰性
46304,40-49歲,男,無,陰性
46305,30-39歲,男,無,陰性
46306,50-59歲,男,無,陰性
46307,40-49歲,男,無,陰性
46308,30-39歲,女,二級,陽性
46309,40-49歲,男,無,陰性
46310,40-49歲,男,無,陰性
46311,30-39歲,男,無,陰性
46312,40-49歲,男,二級,陽性
46313,30-39歲,男,三級,陽性
46314,50-59歲,男,二級,陽性
46315,30-39歲,男,無,陰性
46316,40-49歲,女,無,陰性
46317,50-59歲,男,二級,陽性
46318,40-49歲,男,無,陰性
46319,30-39歲,男,三級,陽性
46320,60歲以上,男,無,陰性
46321,30-39歲,男,無,陰性
46322,50-59歲,男,無,陰性
46323,60歲以上,男,二級,陽性
46324,40-49歲,男,無,陰性
46325,20-29歲,男,無,陰性
46326,30-39歲,男,無,陰性
46327,40-49歲,男,無,陰性
46328,40-49歲,男,無,陰性
46329,30-39歲,男,二級,陽性
46330,40-49歲,男,無,陰性
46331,40-49歲,男,無,陰性
46332,40-49歲,男,一級,陽性
46333,50-59歲,女,無,陰性
46334,40-49歲,男,無,陰性
46335,50-59歲,男,二級,陽性
46336,60歲以上,男,無,陰性
46337,30-39歲,男,無,陰性
46338,40-49歲,男,無,陰性
46339,50-59歲,女,無,陰性
46340,20-29歲,男,無,陰性
46341,50-59歲,男,無,陰性
46342,40-49歲,男,無,陰性
46343,60歲以上,男,無,陰性
46344,40-49歲,男,無,陰性
46345,50-59歲,女,無,陰性
46346,40-49歲,男,無,陰性
46347,50-59歲,男,二級,陽性
46348,40-49歲,男,無,陰性
46349,50-59歲,男,無,陰性
46350,20-29歲,男,三級,陽性
46351,60歲以上,男,一級,陽性
46352,60歲以上,男,二級,陽性
46353,40-49歲,男,無,陰性
46354,40-49歲,女,無,陰性
46355,50-59歲,男,三級,陽性
46356,40-49歲,男,無,陰性
46357,50-59歲,男,無,陰性
46358,50-59歲,男,無,陰性
46359,30-39歲,女,無,陰性
46360,50-59歲,男,無,陰性
46361,60歲以上,男,無,陰性
46362,30-39歲,女,無,陰性
46363,60歲以上,男,無,陰性
46364,60歲以上,男,無,陰性
46365,60歲以上,男,無,陰性
46366,40-49歲,男,無,陰性
46367,50-59歲,女,無,陰性
46368,20-29歲,男,無,陰性
46369,20-29歲,男,無,陰性
46370,40-49歲,女,無,陰性
46371,60歲以上,男,無,陰性
46372,30-39歲,男,無,陰性
46373,30-39歲,男,無,陰性
46374,30-39歲,男,無,陰性
46375,50-59歲,男,無,陰性
46376,30-39歲,男,無,陰性
46377,40-49歲,女,無,陰性
46378,60歲以上,男,無,陰性
46379,20-29歲,男,無,陰性
46380,40-49歲,女,三級,陽性
46381,40-49歲,女,無,陰性
46382,40-49歲,男,無,陰性
46383,50-59歲,男,二級,陽性
46384,50-59歲,男,二級,陽性
46385,40-49歲,男,無,陰性
46386,30-39歲,男,無,陰性
46387,40-49歲,男,無,陰性
46388,40-49歲,男,無,陰性
46389,60歲以上,男,無,陰性
46390,60歲以上,男,無,陰性
46391,40-49歲,男,無,陰性
46392,40-49歲,男,三級,陽性
46393,30-39歲,男,無,陰性
46394,40-49歲,男,無,陰性
46395,40-49歲,女,無,陰性
46396,50-59歲,女,無,陰性
46397,30-39歲,男,無,陰性
46398,50-59歲,男,二級,陽性
46399,40-49歲,男,無,陰性
46400,40-49歲,女,無,陰性
46401,50-59歲,女,無,陰性
46402,40-49歲,男,一級,陽性
46403,40-49歲,男,無,陰性
46404,50-59歲,男,二級,陽性
46405,20-29歲,男,無,陰性
46406,50-59歲,男,無,陰性
46407,30-39歲,男,二級,陽性
46408,50-59歲,男,無,陰性
46409,40-49歲,男,二級,陽性
46410,30-39歲,男,無,陰性
46411,19歲以下,女,無,陰性
46412,50-59歲,女,無,陰性
46413,40-49歲,男,無,陰性
46414,40-49歲,女,二級,陽性
46415,50-59歲,男,無,陰性
46416,30-39歲,男,無,陰性
46417,20-29歲,女,無,陰性
46418,60歲以上,男,無,陰性
46419,40-49歲,男,無,陰性
46420,30-39歲,男,二級,陽性
46421,40-49歲,男,無,陰性
46422,50-59歲,男,無,陰性
46423,40-49歲,女,無,陰性
46424,40-49歲,男,二級,陽性
46425,60歲以上,男,無,陰性
46426,20-29歲,女,無,陰性
46427,30-39歲,男,無,陰性
46428,50-59歲,男,無,陰性
46429,50-59歲,男,無,陰性
46430,60歲以上,男,無,陰性
46431,50-59歲,男,無,陰性
46432,50-59歲,男,無,陰性
46433,40-49歲,男,無,陰性
46434,40-49歲,男,無,陰性
46435,50-59歲,男,一級,陽性
46436,30-39歲,女,無,陰性
46437,50-59歲,男,三級,陽性
46438,40-49歲,男,三級,陽性
46439,19歲以下,男,無,陰性
46440,50-59歲,男,無,陰性
46441,50-59歲,男,二級,陽性
46442,30-39歲,男,二級,陽性
46443,50-59歲,男,無,陰性
46444,50-59歲,男,無,陰性
46445,50-59歲,男,無,陰性
46446,20-29歲,男,二級,陽性
46447,50-59歲,男,無,陰性
46448,40-49歲,男,無,陰性
46449,20-29歲,男,無,陰性
46450,50-59歲,女,無,陰性
46451,40-49歲,女,無,陰性
46452,50-59歲,男,二級,陽性
46453,40-49歲,男,無,陰性
46454,60歲以上,男,無,陰性
46455,30-39歲,男,無,陰性
46456,50-59歲,女,無,陰性
46457,50-59歲,男,無,陰性
46458,50-59歲,男,三級,陽性
46459,50-59歲,男,無,陰性
46460,60歲以上,男,無,陰性
46461,19歲以下,男,二級,陽性
46462,30-39歲,男,無,陰性
46463,60歲以上,男,無,陰性
46464,40-49歲,男,無,陰性
46465,20-29歲,男,無,陰性
46466,50-59歲,男,無,陰性
46467,30-39歲,男,無,陰性
46468,50-59歲,女,無,陰性
46469,50-59歲,男,無,陰性
46470,60歲以上,男,無,陰性
46471,60歲以上,男,二級,陽性
46472,20-29歲,女,無,陰性
46473,60歲以上,男,無,陰性
46474,50-59歲,男,二級,陽性
46475,40-49歲,男,二級,陽性
46476,30-39歲,男,無,陰性
46477,30-39歲,男,無,陰性
46478,60歲以上,男,三級,陽性
46479,40-49歲,男,無,陰性
46480,30-39歲,男,無,陰性
46481,30-39歲,女,無,陰性
46482,19歲以下,男,無,陰性
46483,50-59歲,男,無,陰性
46484,40-49歲,男,無,陰性
46485,40-49歲,男,無,陰性
46486,50-59歲,男,無,陰性
46487,40-49歲,男,二級,陽性
46488,30-39歲,男,無,陰性
46489,50-59歲,男,無,陰性
46490,40-49歲,女,無,陰性
46491,50-59歲,男,無,陰性
46492,50-59歲,男,無,陰性
46493,40-49歲,男,無,陰性
46494,30-39歲,男,無,陰性
46495,50-59歲,男,無,陰性
46496,50-59歲,男,無,陰性
46497,40-49歲,男,一級,陽性
46498,40-49歲,男,無,陰性
46499,40-49歲,男,無,陰性
46500,30-39歲,男,無,陰性
46501,40-49歲,女,無,陰性
46502,60歲以上,男,無,陰性
46503,30-39歲,男,二級,陽性
46504,50-59歲,男,二級,陽性
46505,50-59歲,女,無,陰性
46506,40-49歲,男,無,陰性
46507,60歲以上,男,無,陰性
46508,20-29歲,男,無,陰性
46509,50-59歲,男,無,陰性
46510,60歲以上,男,無,陰性
46511,60歲以上,男,無,陰性
46512,50-59歲,男,無,陰性
46513,40-49歲,男,三級,陽性
46514,40-49歲,男,無,陰性
46515,50-59歲,男,無,陰性
46516,60歲以上,女,無,陰性
46517,40-49歲,女,無,陰性
46518,50-59歲,男,無,陰性
46519,20-29歲,男,二級,陽性
46520,30-39歲,男,無,陰性
46521,40-49歲,男,無,陰性
46522,50-59歲,男,無,陰性
46523,40-49歲,男,二級,陽性
46524,50-59歲,男,無,陰性
46525,50-59歲,男,二級,陽性
46526,50-59歲,男,無,陰性
46527,30-39歲,男,無,陰性
46528,30-39歲,男,二級,陽性
46529,50-59歲,男,無,陰性
46530,50-59歲,男,三級,陽性
46531,40-49歲,女,無,陰性
46532,60歲以上,男,無,陰性
46533,40-49歲,男,無,陰性
46534,40-49歲,男,無,陰性
46535,60歲以上,男,無,陰性
46536,60歲以上,男,無,陰性
46537,40-49歲,男,無,陰性
46538,40-49歲,男,無,陰性
46539,40-49歲,男,無,陰性
46540,20-29歲,男,二級,陽性
46541,40-49歲,男,無,陰性
46542,50-59歲,男,無,陰性
46543,50-59歲,男,無,陰性
46544,40-49歲,男,無,陰性
46545,40-49歲,男,無,陰性
46546,50-59歲,男,無,陰性
46547,40-49歲,男,二級,陽性
46548,30-39歲,男,無,陰性
46549,40-49歲,男,無,陰性
46550,20-29歲,男,無,陰性
46551,40-49歲,女,三級,陽性
46552,40-49歲,男,無,陰性
46553,40-49歲,男,無,陰性
46554,30-39歲,男,無,陰性
46555,30-39歲,男,無,陰性
46556,60歲以上,男,無,陰性
46557,50-59歲,女,二級,陽性
46558,60歲以上,男,無,陰性
46559,30-39歲,男,二級,陽性
46560,40-49歲,男,無,陰性
46561,40-49歲,男,無,陰性
46562,50-59歲,男,無,陰性
46563,60歲以上,女,無,陰性
46564,40-49歲,男,二級,陽性
46565,40-49歲,男,無,陰性
46566,30-39歲,男,無,陰性
46567,20-29歲,男,無,陰性
46568,30-39歲,男,二級,陽性
46569,19歲以下,女,無,陰性
46570,50-59歲,男,無,陰性
46571,20-29歲,男,無,陰性
46572,40-49歲,男,無,陰性
46573,40-49歲,男,無,陰性
46574,60歲以上,男,無,陰性
46575,40-49歲,男,無,陰性
46576,30-39歲,男,無,陰性
46577,30-39歲,男,二級,陽性
46578,50-59歲,男,無,陰性
46579,30-39歲,男,二級,陽性
46580,40-49歲,男,無,陰性
46581,30-39歲,男,無,陰性
46582,40-49歲,男,無,陰性
46583,30-39歲,女,無,陰性
46584,20-29歲,男,無,陰性
46585,30-39歲,男,無,陰性
46586,50-59歲,男,無,陰性
46587,20-29歲,男,二級,陽性
46588,30-39歲,男,無,陰性
46589,40-49歲,男,無,陰性
46590,30-39歲,男,二級,陽性
46591,30-39歲,男,無,陰性
46592,30-39歲,男,無,陰性
46593,40-49歲,男,無,陰性
46594,40-49歲,男,無,陰性
46595,20-29歲,男,無,陰性
46596,40-49歲,男,無,陰性
46597,50-59歲,女,無,陰性
46598,30-39歲,男,無,陰性
46599,50-59歲,男,二級,陽性
46600,50-59歲,男,無,陰性
46601,50-59歲,男,無,陰性
46602,60歲以上,男,無,陰性
46603,40-49歲,男,無,陰性
46604,60歲以上,女,無,陰性
46605,50-59歲,男,無,陰性
46606,40-49歲,女,無,陰性
46607,40-49歲,女,無,陰性
46608,60歲以上,男,無,陰性
46609,50-59歲,男,二級,陽性
46610,20-29歲,男,無,陰性
46611,40-49歲,男,無,陰性
46612,40-49歲,男,無,陰性
46613,40-49歲,男,無,陰性
46614,50-59歲,男,無,陰性
46615,40-49歲,男,無,陰性
46616,30-39歲,男,無,陰性
46617,40-49歲,男,無,陰性
46618,60歲以上,男,無,陰性
46619,60歲以上,男,無,陰性
46620,30-39歲,男,二級,陽性
46621,30-39歲,女,無,陰性
46622,40-49歲,男,三級,陽性
46623,50-59歲,女,無,陰性
46624,50-59歲,女,無,陰性
46625,20-29歲,男,無,陰性
46626,40-49歲,男,三級,陽性
46627,20-29歲,男,無,陰性
46628,40-49歲,女,無,陰性
46629,30-39歲,男,二級,陽性
46630,30-39歲,男,無,陰性
46631,40-49歲,男,無,陰性
46632,60歲以上,男,二級,陽性
46633,30-39歲,男,無,陰性
46634,40-49歲,女,無,陰性
46635,40-49歲,男,無,陰性
46636,60歲以上,男,無,陰性
46637,40-49歲,男,二級,陽性
46638,50-59歲,男,二級,陽性
46639,40-49歲,男,無,陰性
46640,50-59歲,男,無,陰性
46641,40-49歲,男,一級,陽性
46642,50-59歲,男,無,陰性
46643,30-39歲,男,無,陰性
46644,40-49歲,女,無,陰性
46645,40-49歲,女,無,陰性
46646,50-59歲,男,無,陰性
46647,19歲以下,男,無,陰性
46648,20-29歲,男,無,陰性
46649,40-49歲,男,無,陰性
46650,50-59歲,男,無,陰性
46651,30-39歲,女,無,陰性
46652,40-49歲,男,二級,陽性
46653,30-39歲,男,無,陰性
46654,40-49歲,男,無,陰性
46655,40-49歲,男,無,陰性
46656,30-39歲,男,無,陰性
46657,50-59歲,男,無,陰性
46658,20-29歲,男,無,陰性
46659,40-49歲,女,無,陰性
46660,40-49歲,男,三級,陽性
46661,40-49歲,男,無,陰性
46662,40-49歲,男,無,陰性
46663,20-29歲,男,二級,陽性
46664,20-29歲,男,無,陰性
46665,60歲以上,女,無,陰性
46666,40-49歲,男,二級,陽性
46667,60歲以上,女,無,陰性
46668,50-59歲,男,無,陰性
46669,40-49歲,男,二級,陽性
46670,30-39歲,男,無,陰性
46671,50-59歲,男,無,陰性
46672,30-39歲,男,無,陰性
46673,40-49歲,男,二級,陽性
46674,50-59歲,男,無,陰性
46675,40-49歲,男,無,陰性
46676,40-49歲,男,無,陰性
46677,50-59歲,男,無,陰性
46678,40-49歲,男,無,陰性
46679,40-49歲,女,三級,陽性
46680,20-29歲,男,無,陰性
46681,40-49歲,男,無,陰性
46682,60歲以上,女,無,陰性
46683,60歲以上,男,二級,陽性
46684,50-59歲,男,無,陰性
46685,60歲以上,男,無,陰性
46686,60歲以上,男,無,陰性
46687,50-59歲,男,無,陰性
46688,40-49歲,女,無,陰性
46689,20-29歲,男,無,陰性
46690,50-59歲,男,無,陰性
46691,20-29歲,男,無,陰性
46692,40-49歲,男,無,陰性
46693,30-39歲,男,無,陰性
46694,50-59歲,男,無,陰性
46695,40-49歲,男,無,陰性
46696,50-59歲,男,無,陰性
46697,40-49歲,男,二級,陽性
46698,50-59歲,男,無,陰性
46699,40-49歲,男,二級,陽性
46700,40-49歲,男,三級,陽性
46701,20-29歲,男,三級,陽性
46702,20-29歲,男,無,陰性
46703,60歲以上,男,無,陰性
46704,50-59歲,男,無,陰性
46705,20-29歲,男,無,陰性
46706,50-59歲,男,無,陰性
46707,30-39歲,男,無,陰性
46708,20-29歲,男,二級,陽性
46709,40-49歲,男,無,陰性
46710,30-39歲,男,無,陰性
46711,50-59歲,男,無,陰性
46712,50-59歲,男,無,陰性
46713,50-59歲,男,無,陰性
46714,40-49歲,男,無,陰性
46715,30-39歲,男,無,陰性
46716,40-49歲,男,無,陰性
46717,30-39歲,女,無,陰性
46718,40-49歲,男,無,陰性
46719,40-49歲,男,二級,陽性
46720,30-39歲,男,無,陰性
46721,30-39歲,男,無,陰性
46722,30-39歲,男,二級,陽性
46723,40-49歲,男,無,陰性
46724,30-39歲,男,無,陰性
46725,30-39歲,男,無,陰性
46726,50-59歲,男,二級,陽性
46727,19歲以下,男,無,陰性
46728,60歲以上,男,無,陰性
46729,40-49歲,男,無,陰性
46730,50-59歲,男,無,陰性
46731,50-59歲,男,無,陰性
46732,20-29歲,女,無,陰性
46733,30-39歲,男,無,陰性
46734,40-49歲,男,無,陰性
46735,30-39歲,男,無,陰性
46736,40-49歲,男,無,陰性
46737,20-29歲,男,二級,陽性
46738,30-39歲,男,無,陰性
46739,30-39歲,男,無,陰性
46740,50-59歲,男,一級,陽性
46741,20-29歲,男,無,陰性
46742,60歲以上,男,無,陰性
46743,20-29歲,男,無,陰性
46744,50-59歲,女,無,陰性
46745,30-39歲,男,無,陰性
46746,40-49歲,男,無,陰性
46747,30-39歲,男,二級,陽性
46748,40-49歲,男,無,陰性
46749,40-49歲,男,無,陰性
46750,40-49歲,男,無,陰性
46751,30-39歲,男,二級,陽性
46752,50-59歲,男,無,陰性
46753,50-59歲,男,無,陰性
46754,50-59歲,男,無,陰性
46755,30-39歲,男,無,陰性
46756,20-29歲,女,無,陰性
46757,20-29歲,男,二級,陽性
46758,30-39歲,男,無,陰性
46759,30-39歲,男,無,陰性
46760,40-49歲,男,無,陰性
46761,30-39歲,男,無,陰性
46762,60歲以上,女,無,陰性
46763,30-39歲,男,無,陰性
46764,40-49歲,男,無,陰性
46765,40-49歲,女,無,陰性
46766,50-59歲,男,無,陰性
46767,40-49歲,男,無,陰性
46768,40-49歲,男,無,陰性
46769,50-59歲,男,二級,陽性
46770,30-39歲,男,無,陰性
46771,30-39歲,女,二級,陽性
46772,40-49歲,男,無,陰性
46773,60歲以上,男,無,陰性
46774,30-39歲,男,無,陰性
46775,30-39歲,男,無,陰性
46776,50-59歲,男,無,陰性
46777,40-49歲,男,無,陰性
46778,19歲以下,男,無,陰性
46779,50-59歲,男,無,陰性
46780,50-59歲,男,二級,陽性
46781,40-49歲,男,無,陰性
46782,40-49歲,女,無,陰性
46783,50-59歲,男,無,陰性
46784,30-39歲,女,無,陰性
46785,50-59歲,女,無,陰性
46786,50-59歲,男,無,陰性
46787,40-49歲,男,三級,陽性
46788,60歲以上,男,二級,陽性
46789,20-29歲,男,無,陰性
46790,40-49歲,男,無,陰性
46791,40-49歲,男,無,陰性
46792,40-49歲,女,無,陰性
46793,20-29歲,男,無,陰性
46794,20-29歲,男,無,陰性
46795,20-29歲,男,無,陰性
46796,30-39歲,女,無,陰性
46797,40-49歲,女,無,陰性
46798,30-39歲,男,無,陰性
46799,60歲以上,男,無,陰性
46800,60歲以上,男,無,陰性
46801,50-59歲,男,無,陰性
46802,40-49歲,男,無,陰性
46803,30-39歲,男,無,陰性
46804,40-49歲,男,無,陰性
46805,40-49歲,男,三級,陽性
46806,50-59歲,男,二級,陽性
46807,60歲以上,女,無,陰性
46808,40-49歲,女,三級,陽性
46809,30-39歲,男,二級,陽性
46810,40-49歲,男,二級,陽性
46811,40-49歲,男,無,陰性
46812,20-29歲,男,無,陰性
46813,60歲以上,男,無,陰性
46814,50-59歲,男,無,陰性
46815,50-59歲,女,無,陰性
46816,30-39歲,男,二級,陽性
46817,40-49歲,女,二級,陽性
46818,40-49歲,女,無,陰性
46819,40-49歲,女,無,陰性
46820,19歲以下,男,無,陰性
46821,40-49歲,男,無,陰性
46822,40-49歲,男,無,陰性
46823,40-49歲,男,二級,陽性
46824,20-29歲,男,無,陰性
46825,50-59歲,男,二級,陽性
46826,60歲以上,女,二級,陽性
46827,40-49歲,男,一級,陽性
46828,60歲以上,女,無,陰性
46829,40-49歲,男,無,陰性
46830,40-49歲,男,無,陰性
46831,50-59歲,男,無,陰性
46832,40-49歲,男,無,陰性
46833,20-29歲,男,無,陰性
46834,30-39歲,女,無,陰性
46835,30-39歲,男,無,陰性
46836,50-59歲,男,無,陰性
46837,60歲以上,男,無,陰性
46838,30-39歲,男,無,陰性
46839,40-49歲,男,無,陰性
46840,40-49歲,男,無,陰性
46841,50-59歲,女,無,陰性
46842,40-49歲,女,二級,陽性
46843,40-49歲,男,無,陰性
46844,50-59歲,女,無,陰性
46845,40-49歲,女,無,陰性
46846,20-29歲,男,無,陰性
46847,30-39歲,男,無,陰性
46848,40-49歲,男,無,陰性
46849,50-59歲,男,無,陰性
46850,19歲以下,男,無,陰性
46851,40-49歲,男,無,陰性
46852,40-49歲,男,三級,陽性
46853,40-49歲,女,一級,陽性
46854,50-59歲,男,無,陰性
46855,40-49歲,男,無,陰性
46856,60歲以上,男,無,陰性
46857,40-49歲,男,無,陰性
46858,50-59歲,男,無,陰性
46859,50-59歲,男,無,陰性
46860,60歲以上,男,無,陰性
46861,30-39歲,男,無,陰性
46862,40-49歲,女,無,陰性
46863,30-39歲,男,二級,陽性
46864,50-59歲,男,無,陰性
46865,50-59歲,女,無,陰性
46866,40-49歲,男,二級,陽性
46867,50-59歲,男,無,陰性
46868,40-49歲,男,無,陰性
46869,50-59歲,男,無,陰性
46870,30-39歲,女,無,陰性
46871,50-59歲,男,三級,陽性
46872,40-49歲,男,二級,陽性
46873,50-59歲,男,無,陰性
46874,50-59歲,男,二級,陽性
46875,30-39歲,男,無,陰性
46876,50-59歲,男,無,陰性
46877,20-29歲,女,無,陰性
46878,40-49歲,女,二級,陽性
46879,30-39歲,男,無,陰性
46880,40-49歲,男,無,陰性
46881,40-49歲,男,二級,陽性
46882,40-49歲,男,無,陰性
46883,50-59歲,男,二級,陽性
46884,40-49歲,男,無,陰性
46885,20-29歲,男,無,陰性
46886,20-29歲,男,無,陰性
46887,30-39歲,男,三級,陽性
46888,50-59歲,男,無,陰性
46889,20-29歲,男,無,陰性
46890,20-29歲,男,無,陰性
46891,50-59歲,男,無,陰性
46892,40-49歲,男,無,陰性
46893,19歲以下,女,無,陰性
46894,60歲以上,男,無,陰性
46895,30-39歲,男,二級,陽性
46896,40-49歲,男,無,陰性
46897,50-59歲,男,無,陰性
46898,50-59歲,男,無,陰性
46899,40-49歲,男,二級,陽性
46900,30-39歲,男,無,陰性
46901,60歲以上,男,二級,陽性
46902,20-29歲,女,無,陰性
46903,50-59歲,女,無,陰性
46904,40-49歲,女,無,陰性
46905,50-59歲,男,無,陰性
46906,20-29歲,男,無,陰性
46907,40-49歲,男,二級,陽性
46908,40-49歲,男,無,陰性
46909,50-59歲,男,無,陰性
46910,60歲以上,男,二級,陽性
46911,30-39歲,男,無,陰性
46912,60歲以上,男,無,陰性
46913,40-49歲,女,無,陰性
46914,30-39歲,女,無,陰性
46915,30-39歲,男,無,陰性
46916,40-49歲,男,無,陰性
46917,60歲以上,男,無,陰性
46918,19歲以下,男,二級,陽性
46919,40-49歲,男,無,陰性
46920,20-29歲,男,無,陰性
46921,40-49歲,男,無,陰性
46922,50-59歲,女,二級,陽性
46923,50-59歲,男,一級,陽性
46924,40-49歲,男,無,陰性
46925,60歲以上,男,二級,陽性
46926,40-49歲,男,無,陰性
46927,30-39歲,男,無,陰性
46928,50-59歲,男,二級,陽性
46929,50-59歲,男,無,陰性
46930,40-49歲,男,無,陰性
46931,30-39歲,男,二級,陽性
46932,50-59歲,男,二級,陽性
46933,30-39歲,男,無,陰性
46934,60歲以上,男,無,陰性
46935,50-59歲,女,無,陰性
46936,60歲以上,男,無,陰性
46937,50-59歲,男,無,陰性
46938,60歲以上,男,無,陰性
46939,30-39歲,男,二級,陽性
46940,50-59歲,女,無,陰性
46941,60歲以上,男,無,陰性
46942,40-49歲,男,無,陰性
46943,40-49歲,男,無,陰性
46944,40-49歲,男,二級,陽性
46945,50-59歲,男,無,陰性
46946,50-59歲,男,無,陰性
46947,50-59歲,男,無,陰性
46948,30-39歲,男,無,陰性
46949,40-49歲,男,無,陰性
46950,40-49歲,男,無,陰性
46951,40-49歲,男,無,陰性
46952,30-39歲,男,二級,陽性
46953,40-49歲,男,無,陰性
46954,30-39歲,男,三級,陽性
46955,30-39歲,男,無,陰性
46956,50-59歲,男,無,陰性
46957,60歲以上,男,無,陰性
46958,20-29歲,男,無,陰性
46959,50-59歲,男,無,陰性
46960,60歲以上,女,無,陰性
46961,20-29歲,男,無,陰性
46962,40-49歲,女,無,陰性
46963,50-59歲,男,無,陰性
46964,19歲以下,男,二級,陽性
46965,50-59歲,男,無,陰性
46966,60歲以上,男,無,陰性
46967,40-49歲,男,無,陰性
46968,50-59歲,男,無,陰性
46969,20-29歲,男,無,陰性
46970,50-59歲,男,無,陰性
46971,50-59歲,男,無,陰性
46972,40-49歲,男,無,陰性
46973,30-39歲,男,無,陰性
46974,20-29歲,男,二級,陽性
46975,30-39歲,男,無,陰性
46976,50-59歲,男,無,陰性
46977,40-49歲,女,二級,陽性
46978,60歲以上,男,無,陰性
46979,19歲以下,男,無,陰性
46980,50-59歲,女,無,陰性
46981,40-49歲,男,無,陰性
46982,30-39歲,男,無,陰性
46983,60歲以上,女,無,陰性
46984,30-39歲,男,無,陰性
46985,40-49歲,女,無,陰性
46986,30-39歲,男,一級,陽性
46987,40-49歲,女,無,陰性
46988,50-59歲,女,無,陰性
46989,50-59歲,男,無,陰性
46990,30-39歲,女,無,陰性
46991,50-59歲,男,無,陰性
46992,40-49歲,男,無,陰性
46993,50-59歲,男,一級,陽性
46994,40-49歲,男,無,陰性
46995,40-49歲,女,無,陰性
46996,40-49歲,男,二級,陽性
46997,40-49歲,男,無,陰性
46998,20-29歲,男,二級,陽性
46999,40-49歲,男,無,陰性
47000,40-49歲,男,三級,陽性
47001,40-49歲,男,無,陰性
47002,40-49歲,男,無,陰性
47003,30-39歲,男,無,陰性
47004,30-39歲,男,無,陰性
47005,40-49歲,女,三級,陽性
47006,30-39歲,男,無,陰性
47007,19歲以下,男,無,陰性
47008,50-59歲,男,三級,陽性
47009,30-39歲,男,二級,陽性
47010,40-49歲,男,無,陰性
47011,30-39歲,男,無,陰性
47012,50-59歲,男,無,陰性
47013,40-49歲,男,無,陰性
47014,40-49歲,男,無,陰性
47015,40-49歲,男,無,陰性
47016,40-49歲,男,無,陰性
47017,40-49歲,男,無,陰性
47018,30-39歲,男,二級,陽性
47019,50-59歲,男,二級,陽性
47020,60歲以上,男,二級,陽性
47021,40-49歲,女,無,陰性
47022,30-39歲,男,無,陰性
47023,50-59歲,男,無,陰性
47024,50-59歲,男,無,陰性
47025,40-49歲,女,無,陰性
47026,40-49歲,男,無,陰性
47027,60歲以上,男,無,陰性
47028,20-29歲,女,無,陰性
47029,40-49歲,男,無,陰性
47030,40-49歲,男,無,陰性
47031,50-59歲,男,無,陰性
47032,40-49歲,男,無,陰性
47033,50-59歲,男,無,陰性
47034,60歲以上,男,二級,陽性
47035,60歲以上,男,無,陰性
47036,50-59歲,男,無,陰性
47037,40-49歲,男,無,陰性
47038,30-39歲,男,無,陰性
47039,30-39歲,男,無,陰性
47040,50-59歲,男,無,陰性
47041,50-59歲,女,無,陰性
47042,50-59歲,男,二級,陽性
47043,40-49歲,男,二級,陽性
47044,30-39歲,女,二級,陽性
47045,40-49歲,男,二級,陽性
47046,40-49歲,男,無,陰性
47047,40-49歲,男,無,陰性
47048,50-59歲,男,無,陰性
47049,19歲以下,男,無,陰性
47050,40-49歲,男,一級,陽性
47051,30-39歲,男,三級,陽性
47052,60歲以上,男,無,陰性
47053,40-49歲,男,無,陰性
47054,40-49歲,女,二級,陽性
47055,40-49歲,女,無,陰性
47056,60歲以上,男,一級,陽性
47057,20-29歲,男,無,陰性
47058,30-39歲,男,二級,陽性
47059,50-59歲,女,無,陰性
47060,30-39歲,男,無,陰性
47061,40-49歲,男,無,陰性
47062,50-59歲,男,二級,陽性
47063,30-39歲,男,無,陰性
47064,30-39歲,男,二級,陽性
47065,50-59歲,男,二級,陽性
47066,40-49歲,男,無,陰性
47067,30-39歲,男,無,陰性
47068,40-49歲,男,無,陰性
47069,50-59歲,男,三級,陽性
47070,50-59歲,男,無,陰性
47071,30-39歲,男,無,陰性
47072,40-49歲,女,二級,陽性
47073,50-59歲,男,無,陰性
47074,30-39歲,男,無,陰性
47075,19歲以下,男,無,陰性
47076,20-29歲,男,無,陰性
47077,30-39歲,男,二級,陽性
47078,50-59歲,男,無,陰性
47079,20-29歲,男,無,陰性
47080,50-59歲,男,無,陰性
47081,40-49歲,男,無,陰性
47082,30-39歲,男,無,陰性
47083,50-59歲,女,無,陰性
47084,60歲以上,男,無,陰性
47085,60歲以上,男,無,陰性
47086,19歲以下,女,無,陰性
47087,20-29歲,女,無,陰性
47088,30-39歲,女,二級,陽性
47089,60歲以上,女,無,陰性
47090,19歲以下,男,二級,陽性
47091,40-49歲,男,二級,陽性
47092,30-39歲,男,一級,陽性
47093,20-29歲,男,無,陰性
47094,50-59歲,男,無,陰性
47095,60歲以上,男,無,陰性
47096,40-49歲,男,無,陰性
47097,50-59歲,男,二級,陽性
47098,30-39歲,男,無,陰性
47099,50-59歲,男,無,陰性
47100,60歲以上,男,二級,陽性
47101,20-29歲,男,無,陰性
47102,40-49歲,男,無,陰性
47103,30-39歲,女,無,陰性
47104,60歲以上,男,無,陰性
47105,30-39歲,女,無,陰性
47106,40-49歲,男,無,陰性
47107,50-59歲,男,二級,陽性
47108,20-29歲,男,無,陰性
47109,60歲以上,男,二級,陽性
47110,40-49歲,女,無,陰性
47111,50-59歲,男,無,陰性
47112,50-59歲,男,無,陰性
47113,50-59歲,女,無,陰性
47114,60歲以上,男,二級,陽性
47115,60歲以上,女,無,陰性
47116,50-59歲,男,無,陰性
47117,30-39歲,男,無,陰性
47118,50-59歲,男,二級,陽性
47119,40-49歲,男,無,陰性
47120,30-39歲,男,無,陰性
47121,30-39歲,男,一級,陽性
47122,40-49歲,男,無,陰性
47123,60歲以上,女,無,陰性
47124,40-49歲,男,無,陰性
47125,30-39歲,男,三級,陽性
47126,19歲以下,男,無,陰性
47127,40-49歲,男,無,陰性
47128,50-59歲,女,二級,陽性
47129,50-59歲,男,無,陰性
47130,40-49歲,女,二級,陽性
47131,40-49歲,女,三級,陽性
47132,30-39歲,男,二級,陽性
47133,20-29歲,男,無,陰性
47134,40-49歲,男,無,陰性
47135,40-49歲,男,無,陰性
47136,50-59歲,男,二級,陽性
47137,50-59歲,男,二級,陽性
47138,50-59歲,女,無,陰性
47139,60歲以上,男,無,陰性
47140,40-49歲,男,無,陰性
47141,40-49歲,男,無,陰性
47142,20-29歲,男,無,陰性
47143,50-59歲,男,無,陰性
47144,40-49歲,男,二級,陽性
47145,40-49歲,男,一級,陽性
47146,50-59歲,男,無,陰性
47147,40-49歲,女,無,陰性
47148,20-29歲,男,無,陰性
47149,40-49歲,男,無,陰性
47150,60歲以上,男,無,陰性
47151,50-59歲,男,無,陰性
47152,50-59歲,男,無,陰性
47153,40-49歲,男,無,陰性
47154,40-49歲,女,無,陰性
47155,40-49歲,男,無,陰性
47156,40-49歲,男,無,陰性
47157,50-59歲,女,無,陰性
47158,60歲以上,男,一級,陽性
47159,50-59歲,男,無,陰性
47160,40-49歲,男,無,陰性
47161,40-49歲,女,無,陰性
47162,20-29歲,男,無,陰性
47163,30-39歲,男,無,陰性
47164,30-39歲,男,二級,陽性
47165,50-59歲,男,無,陰性
47166,50-59歲,女,無,陰性
47167,50-59歲,男,無,陰性
47168,40-49歲,男,無,陰性
47169,30-39歲,男,無,陰性
47170,40-49歲,女,無,陰性
47171,30-39歲,男,一級,陽性
47172,20-29歲,男,無,陰性
47173,60歲以上,女,無,陰性
47174,50-59歲,男,無,陰性
47175,19歲以下,男,無,陰性
47176,40-49歲,女,無,陰性
47177,30-39歲,男,無,陰性
47178,40-49歲,男,無,陰性
47179,50-59歲,男,無,陰性
47180,50-59歲,男,無,陰性
47181,40-49歲,男,無,陰性
47182,20-29歲,男,三級,陽性
47183,20-29歲,女,無,陰性
47184,50-59歲,男,無,陰性
47185,20-29歲,男,三級,陽性
47186,50-59歲,男,無,陰性
47187,20-29歲,男,一級,陽性
47188,30-39歲,男,無,陰性
47189,50-59歲,男,無,陰性
47190,30-39歲,男,無,陰性
47191,40-49歲,女,無,陰性
47192,20-29歲,男,無,陰性
47193,50-59歲,男,無,陰性
47194,20-29歲,男,無,陰性
47195,60歲以上,男,無,陰性
47196,40-49歲,男,無,陰性
47197,20-29歲,男,無,陰性
47198,50-59歲,男,無,陰性
47199,60歲以上,男,無,陰性
47200,50-59歲,女,無,陰性
47201,60歲以上,男,無,陰性
47202,30-39歲,男,無,陰性
47203,60歲以上,男,無,陰性
47204,20-29歲,男,無,陰性
47205,40-49歲,男,無,陰性
47206,50-59歲,男,無,陰性
47207,20-29歲,男,無,陰性
47208,40-49歲,男,三級,陽性
47209,40-49歲,男,無,陰性
47210,30-39歲,男,無,陰性
47211,50-59歲,男,三級,陽性
47212,20-29歲,男,無,陰性
47213,40-49歲,男,無,陰性
47214,40-49歲,女,二級,陽性
47215,40-49歲,男,無,陰性
47216,60歲以上,男,無,陰性
47217,30-39歲,女,一級,陽性
47218,50-59歲,男,無,陰性
47219,40-49歲,男,無,陰性
47220,50-59歲,男,無,陰性
47221,50-59歲,男,無,陰性
47222,40-49歲,男,二級,陽性
47223,50-59歲,男,無,陰性
47224,40-49歲,女,二級,陽性
47225,30-39歲,男,無,陰性
47226,50-59歲,男,無,陰性
47227,19歲以下,男,無,陰性
47228,40-49歲,男,二級,陽性
47229,60歲以上,男,無,陰性
47230,50-59歲,男,二級,陽性
47231,40-49歲,男,二級,陽性
47232,30-39歲,男,無,陰性
47233,50-59歲,女,無,陰性
47234,30-39歲,男,無,陰性
47235,19歲以下,男,無,陰性
47236,60歲以上,男,無,陰性
47237,40-49歲,女,無,陰性
47238,30-39歲,女,無,陰性
47239,50-59歲,男,無,陰性
47240,50-59歲,男,無,陰性
47241,40-49歲,女,無,陰性
47242,40-49歲,男,三級,陽性
47243,50-59歲,男,無,陰性
47244,50-59歲,男,無,陰性
47245,50-59歲,男,無,陰性
47246,40-49歲,男,二級,陽性
47247,40-49歲,男,無,陰性
47248,40-49歲,男,無,陰性
47249,30-39歲,男,無,陰性
47250,40-49歲,男,無,陰性
47251,40-49歲,男,無,陰性
47252,30-39歲,女,無,陰性
47253,40-49歲,女,無,陰性
47254,40-49歲,男,無,陰性
47255,60歲以上,男,無,陰性
47256,40-49歲,男,無,陰性
47257,50-59歲,男,無,陰性
47258,50-59歲,男,二級,陽性
47259,40-49歲,女,三級,陽性
47260,30-39歲,男,無,陰性
47261,40-49歲,男,無,陰性
47262,30-39歲,男,二級,陽性
47263,40-49歲,男,無,陰性
47264,40-49歲,女,一級,陽性
47265,50-59歲,男,二級,陽性
47266,40-49歲,男,三級,陽性
47267,60歲以上,男,無,陰性
47268,19歲以下,男,無,陰性
47269,50-59歲,男,無,陰性
47270,40-49歲,男,無,陰性
47271,20-29歲,男,無,陰性
47272,40-49歲,男,無,陰性
47273,40-49歲,男,無,陰性
47274,40-49歲,男,無,陰性
47275,50-59歲,女,二級,陽性
47276,30-39歲,男,無,陰性
47277,30-39歲,男,無,陰性
47278,50-59歲,男,一級,陽性
47279,40-49歲,男,無,陰性
47280,40-49歲,男,無,陰性
47281,20-29歲,男,無,陰性
47282,50-59歲,男,無,陰性
47283,50-59歲,男,無,陰性
47284,60歲以上,男,無,陰性
47285,20-29歲,男,二級,陽性
47286,30-39歲,男,無,陰性
47287,40-49歲,男,無,陰性
47288,30-39歲,男,無,陰性
47289,20-29歲,男,無,陰性
47290,50-59歲,男,無,陰性
47291,50-59歲,男,無,陰性
47292,19歲以下,男,二級,陽性
47293,30-39歲,男,二級,陽性
47294,40-49歲,男,無,陰性
47295,20-29歲,女,無,陰性
47296,40-49歲,女,二級,陽性
47297,40-49歲,男,無,陰性
47298,50-59歲,男,無,陰性
47299,30-39歲,男,二級,陽性
47300,50-59歲,男,無,陰性
47301,50-59歲,男,二級,陽性
47302,30-39歲,男,無,陰性
47303,60歲以上,男,無,陰性
47304,60歲以上,男,無,陰性
47305,40-49歲,男,無,陰性
47306,30-39歲,男,無,陰性
47307,20-29歲,男,二級,陽性
47308,40-49歲,男,無,陰性
47309,50-59歲,男,無,陰性
47310,20-29歲,女,二級,陽性
47311,60歲以上,女,無,陰性
47312,50-59歲,男,二級,陽性
47313,60歲以上,男,無,陰性
47314,50-59歲,男,無,陰性
47315,40-49歲,男,二級,陽性
47316,60歲以上,女,二級,陽性
47317,50-59歲,男,無,陰性
47318,30-39歲,男,無,陰性
47319,50-59歲,男,二級,陽性
47320,20-29歲,男,無,陰性
47321,50-59歲,男,無,陰性
47322,20-29歲,男,無,陰性
47323,20-29歲,男,無,陰性
47324,50-59歲,女,二級,陽性
47325,40-49歲,男,無,陰性
47326,40-49歲,男,無,陰性
47327,50-59歲,男,無,陰性
47328,30-39歲,男,二級,陽性
47329,50-59歲,男,二級,陽性
47330,40-49歲,男,無,陰性
47331,50-59歲,男,無,陰性
47332,40-49歲,男,一級,陽性
47333,30-39歲,男,無,陰性
47334,40-49歲,男,無,陰性
47335,40-49歲,男,無,陰性
47336,50-59歲,女,無,陰性
47337,40-49歲,女,二級,陽性
47338,40-49歲,男,無,陰性
47339,50-59歲,男,二級,陽性
47340,50-59歲,男,無,陰性
47341,60歲以上,男,無,陰性
47342,20-29歲,男,無,陰性
47343,50-59歲,男,無,陰性
47344,60歲以上,男,無,陰性
47345,40-49歲,女,無,陰性
47346,40-49歲,男,無,陰性
47347,30-39歲,男,二級,陽性
47348,50-59歲,男,無,陰性
47349,60歲以上,男,無,陰性
47350,20-29歲,女,無,陰性
47351,40-49歲,男,無,陰性
47352,60歲以上,男,無,陰性
47353,60歲以上,男,無,陰性
47354,30-39歲,男,無,陰性
47355,50-59歲,男,無,陰性
47356,50-59歲,男,二級,陽性
47357,20-29歲,男,無,陰性
47358,40-49歲,女,無,陰性
47359,30-39歲,男,三級,陽性
47360,40-49歲,男,無,陰性
47361,40-49歲,女,無,陰性
47362,50-59歲,男,無,陰性
47363,40-49歲,男,無,陰性
47364,30-39歲,男,無,陰性
47365,60歲以上,男,無,陰性
47366,40-49歲,男,無,陰性
47367,60歲以上,男,無,陰性
47368,50-59歲,女,二級,陽性
47369,60歲以上,男,三級,陽性
47370,30-39歲,男,無,陰性
47371,30-39歲,男,無,陰性
47372,20-29歲,男,二級,陽性
47373,50-59歲,男,無,陰性
47374,30-39歲,男,無,陰性
47375,40-49歲,男,無,陰性
47376,40-49歲,男,無,陰性
47377,30-39歲,男,二級,陽性
47378,50-59歲,男,無,陰性
47379,19歲以下,男,無,陰性
47380,40-49歲,男,無,陰性
47381,30-39歲,男,無,陰性
47382,40-49歲,男,無,陰性
47383,20-29歲,男,無,陰性
47384,40-49歲,男,無,陰性
47385,60歲以上,男,二級,陽性
47386,40-49歲,男,無,陰性
47387,40-49歲,男,無,陰性
47388,40-49歲,男,無,陰性
47389,60歲以上,男,無,陰性
47390,60歲以上,男,無,陰性
47391,19歲以下,男,無,陰性
47392,40-49歲,男,無,陰性
47393,30-39歲,男,無,陰性
47394,20-29歲,男,二級,陽性
47395,40-49歲,男,二級,陽性
47396,50-59歲,女,無,陰性
47397,30-39歲,男,無,陰性
47398,50-59歲,男,無,陰性
47399,50-59歲,男,無,陰性
47400,40-49歲,男,無,陰性
47401,50-59歲,男,無,陰性
47402,50-59歲,男,無,陰性
47403,20-29歲,男,二級,陽性
47404,30-39歲,男,二級,陽性
47405,40-49歲,男,三級,陽性
47406,40-49歲,女,無,陰性
47407,20-29歲,男,二級,陽性
47408,40-49歲,男,無,陰性
47409,40-49歲,男,無,陰性
47410,50-59歲,男,二級,陽性
47411,20-29歲,女,無,陰性
47412,30-39歲,女,無,陰性
47413,40-49歲,女,無,陰性
47414,40-49歲,男,無,陰性
47415,40-49歲,男,無,陰性
47416,40-49歲,女,無,陰性
47417,40-49歲,男,無,陰性
47418,60歲以上,男,無,陰性
47419,20-29歲,男,三級,陽性
47420,30-39歲,男,無,陰性
47421,50-59歲,男,無,陰性
47422,40-49歲,男,無,陰性
47423,50-59歲,女,無,陰性
47424,20-29歲,女,無,陰性
47425,60歲以上,女,無,陰性
47426,50-59歲,女,二級,陽性
47427,50-59歲,男,無,陰性
47428,40-49歲,男,無,陰性
47429,50-59歲,男,無,陰性
47430,50-59歲,男,無,陰性
47431,40-49歲,男,無,陰性
47432,50-59歲,男,一級,陽性
47433,50-59歲,男,無,陰性
47434,40-49歲,男,無,陰性
47435,50-59歲,男,無,陰性
47436,20-29歲,男,無,陰性
47437,50-59歲,男,無,陰性
47438,20-29歲,男,二級,陽性
47439,40-49歲,男,無,陰性
47440,30-39歲,男,無,陰性
47441,50-59歲,男,無,陰性
47442,40-49歲,男,無,陰性
47443,40-49歲,男,二級,陽性
47444,20-29歲,男,無,陰性
47445,40-49歲,男,無,陰性
47446,50-59歲,男,無,陰性
47447,30-39歲,男,二級,陽性
47448,30-39歲,女,無,陰性
47449,30-39歲,男,二級,陽性
47450,50-59歲,男,三級,陽性
47451,30-39歲,女,無,陰性
47452,40-49歲,男,無,陰性
47453,60歲以上,男,無,陰性
47454,50-59歲,男,無,陰性
47455,40-49歲,男,無,陰性
47456,60歲以上,男,無,陰性
47457,30-39歲,男,無,陰性
47458,40-49歲,男,無,陰性
47459,40-49歲,女,無,陰性
47460,40-49歲,男,二級,陽性
47461,60歲以上,男,無,陰性
47462,50-59歲,男,無,陰性
47463,50-59歲,男,無,陰性
47464,60歲以上,女,無,陰性
47465,40-49歲,男,無,陰性
47466,30-39歲,男,無,陰性
47467,50-59歲,男,無,陰性
47468,20-29歲,男,無,陰性
47469,40-49歲,男,無,陰性
47470,50-59歲,男,二級,陽性
47471,40-49歲,男,無,陰性
47472,20-29歲,男,無,陰性
47473,50-59歲,男,無,陰性
47474,40-49歲,男,無,陰性
47475,40-49歲,男,無,陰性
47476,20-29歲,女,二級,陽性
47477,20-29歲,男,無,陰性
47478,50-59歲,男,無,陰性
47479,40-49歲,女,無,陰性
47480,40-49歲,男,無,陰性
47481,40-49歲,男,無,陰性
47482,60歲以上,男,二級,陽性
47483,40-49歲,男,二級,陽性
47484,50-59歲,男,三級,陽性
47485,40-49歲,男,無,陰性
47486,19歲以下,女,無,陰性
47487,20-29歲,男,無,陰性
47488,30-39歲,男,無,陰性
47489,40-49歲,女,無,陰性
47490,40-49歲,男,無,陰性
47491,50-59歲,女,無,陰性
47492,19歲以下,男,無,陰性
47493,20-29歲,男,無,陰性
47494,40-49歲,男,無,陰性
47495,50-59歲,男,無,陰性
47496,40-49歲,男,無,陰性
47497,30-39歲,男,無,陰性
47498,50-59歲,男,二級,陽性
47499,40-49歲,男,二級,陽性
47500,50-59歲,男,無,陰性
47501,40-49歲,男,無,陰性
47502,50-59歲,男,無,陰性
47503,40-49歲,女,無,陰性
47504,19歲以下,男,一級,陽性
47505,50-59歲,男,無,陰性
47506,20-29歲,男,二級,陽性
47507,40-49歲,男,無,陰性
47508,30-39歲,女,無,陰性
47509,30-39歲,男,無,陰性
47510,30-39歲,男,無,陰性
47511,50-59歲,男,二級,陽性
47512,20-29歲,男,無,陰性
47513,20-29歲,女,無,陰性
47514,50-59歲,男,無,陰性
47515,50-59歲,男,無,陰性
47516,30-39歲,男,無,陰性
47517,40-49歲,男,無,陰性
47518,40-49歲,男,無,陰性
47519,40-49歲,男,無,陰性
47520,30-39歲,男,無,陰性
47521,50-59歲,女,無,陰性
47522,50-59歲,男,無,陰性
47523,60歲以上,男,二級,陽性
47524,30-39歲,男,無,陰性
47525,40-49歲,女,無,陰性
47526,40-49歲,男,無,陰性
47527,40-49歲,男,無,陰性
47528,60歲以上,男,無,陰性
47529,30-39歲,女,無,陰性
47530,50-59歲,男,無,陰性
47531,50-59歲,男,無,陰性
47532,50-59歲,男,無,陰性
47533,60歲以上,男,無,陰性
47534,40-49歲,女,無,陰性
47535,40-49歲,男,三級,陽性
47536,40-49歲,男,無,陰性
47537,40-49歲,女,無,陰性
47538,50-59歲,男,一級,陽性
47539,30-39歲,男,無,陰性
47540,50-59歲,男,無,陰性
47541,19歲以下,男,無,陰性
47542,50-59歲,男,無,陰性
47543,60歲以上,男,無,陰性
47544,50-59歲,男,無,陰性
47545,19歲以下,女,無,陰性
47546,30-39歲,男,一級,陽性
47547,50-59歲,男,二級,陽性
47548,50-59歲,男,無,陰性
47549,40-49歲,男,二級,陽性
47550,50-59歲,女,無,陰性
47551,50-59歲,男,無,陰性
47552,50-59歲,女,無,陰性
47553,40-49歲,男,二級,陽性
47554,50-59歲,男,無,陰性
47555,40-49歲,男,無,陰性
47556,30-39歲,男,無,陰性
47557,40-49歲,男,二級,陽性
47558,50-59歲,女,無,陰性
47559,40-49歲,男,二級,陽性
47560,40-49歲,男,無,陰性
47561,20-29歲,男,二級,陽性
47562,50-59歲,男,無,陰性
47563,40-49歲,男,三級,陽性
47564,50-59歲,女,無,陰性
47565,40-49歲,女,無,陰性
47566,50-59歲,男,無,陰性
47567,40-49歲,男,無,陰性
47568,60歲以上,男,二級,陽性
47569,40-49歲,男,無,陰性
47570,40-49歲,男,無,陰性
47571,40-49歲,男,無,陰性
47572,50-59歲,男,二級,陽性
47573,40-49歲,男,無,陰性
47574,50-59歲,男,無,陰性
47575,50-59歲,男,無,陰性
47576,50-59歲,男,無,陰性
47577,40-49歲,女,無,陰性
47578,40-49歲,男,無,陰性
47579,20-29歲,男,無,陰性
47580,60歲以上,男,無,陰性
47581,40-49歲,男,無,陰性
47582,30-39歲,男,無,陰性
47583,50-59歲,男,無,陰性
47584,19歲以下,男,二級,陽性
47585,20-29歲,男,無,陰性
47586,19歲以下,男,無,陰性
47587,20-29歲,男,二級,陽性
47588,30-39歲,女,無,陰性
47589,40-49歲,男,無,陰性
47590,40-49歲,男,無,陰性
47591,40-49歲,男,無,陰性
47592,60歲以上,男,二級,陽性
47593,50-59歲,男,無,陰性
47594,40-49歲,男,無,陰性
47595,30-39歲,男,無,陰性
47596,60歲以上,男,二級,陽性
47597,50-59歲,男,二級,陽性
47598,20-29歲,男,無,陰性
47599,20-29歲,男,無,陰性
47600,40-49歲,女,無,陰性
47601,60歲以上,男,二級,陽性
47602,30-39歲,男,二級,陽性
47603,30-39歲,女,無,陰性
47604,50-59歲,男,二級,陽性
47605,40-49歲,男,無,陰性
47606,40-49歲,男,無,陰性
47607,50-59歲,男,無,陰性
47608,40-49歲,男,二級,陽性
47609,30-39歲,女,無,陰性
47610,50-59歲,男,二級,陽性
47611,50-59歲,男,無,陰性
47612,40-49歲,男,無,陰性
47613,19歲以下,男,無,陰性
47614,30-39歲,男,無,陰性
47615,20-29歲,男,三級,陽性
47616,60歲以上,男,二級,陽性
47617,40-49歲,男,無,陰性
47618,30-39歲,女,無,陰性
47619,40-49歲,男,無,陰性
47620,50-59歲,男,二級,陽性
47621,20-29歲,男,無,陰性
47622,30-39歲,男,無,陰性
47623,60歲以上,男,無,陰性
47624,40-49歲,女,無,陰性
47625,50-59歲,男,無,陰性
47626,30-39歲,男,無,陰性
47627,60歲以上,女,無,陰性
47628,40-49歲,女,無,陰性
47629,60歲以上,男,無,陰性
47630,30-39歲,男,無,陰性
47631,60歲以上,男,無,陰性
47632,50-59歲,女,無,陰性
47633,40-49歲,男,無,陰性
47634,50-59歲,女,二級,陽性
47635,40-49歲,女,無,陰性
47636,50-59歲,男,無,陰性
47637,40-49歲,男,三級,陽性
47638,40-49歲,男,無,陰性
47639,40-49歲,男,無,陰性
47640,40-49歲,男,無,陰性
47641,19歲以下,女,一級,陽性
47642,50-59歲,男,二級,陽性
47643,50-59歲,男,二級,陽性
47644,40-49歲,男,無,陰性
47645,20-29歲,女,無,陰性
47646,60歲以上,女,無,陰性
47647,30-39歲,男,無,陰性
47648,20-29歲,女,無,陰性
47649,30-39歲,男,二級,陽性
47650,50-59歲,男,無,陰性
47651,40-49歲,女,無,陰性
47652,40-49歲,男,無,陰性
47653,40-49歲,男,二級,陽性
47654,19歲以下,男,無,陰性
47655,40-49歲,男,無,陰性
47656,60歲以上,女,無,陰性
47657,40-49歲,男,三級,陽性
47658,30-39歲,男,無,陰性
47659,19歲以下,男,二級,陽性
47660,30-39歲,男,無,陰性
47661,20-29歲,男,無,陰性
47662,40-49歲,男,二級,陽性
47663,30-39歲,男,無,陰性
47664,20-29歲,男,二級,陽性
47665,40-49歲,男,無,陰性
47666,60歲以上,男,無,陰性
47667,40-49歲,男,無,陰性
47668,40-49歲,男,無,陰性
47669,30-39歲,男,無,陰性
47670,50-59歲,男,無,陰性
47671,40-49歲,男,無,陰性
47672,40-49歲,女,無,陰性
47673,60歲以上,男,二級,陽性
47674,40-49歲,男,無,陰性
47675,50-59歲,男,無,陰性
47676,20-29歲,男,無,陰性
47677,30-39歲,男,無,陰性
47678,40-49歲,男,二級,陽性
47679,30-39歲,男,二級,陽性
47680,50-59歲,男,無,陰性
47681,50-59歲,女,二級,陽性
47682,60歲以上,男,無,陰性
47683,40-49歲,男,無,陰性
47684,30-39歲,男,無,陰性
47685,40-49歲,男,無,陰性
47686,50-59歲,男,無,陰性
47687,60歲以上,男,無,陰性
47688,30-39歲,男,無,陰性
47689,40-49歲,男,無,陰性
47690,30-39歲,男,無,陰性
47691,60歲以上,女,二級,陽性
47692,30-39歲,女,二級,陽性
47693,20-29歲,男,二級,陽性
47694,60歲以上,男,二級,陽性
47695,40-49歲,女,無,陰性
47696,50-59歲,男,無,陰性
47697,50-59歲,男,無,陰性
47698,40-49歲,男,三級,陽性
47699,40-49歲,男,二級,陽性
47700,40-49歲,男,無,陰性
47701,50-59歲,女,無,陰性
47702,40-49歲,男,無,陰性
47703,40-49歲,男,二級,陽性
47704,60歲以上,男,無,陰性
47705,40-49歲,男,二級,陽性
47706,50-59歲,男,無,陰性
47707,60歲以上,男,無,陰性
47708,40-49歲,男,無,陰性
47709,30-39歲,女,無,陰性
47710,40-49歲,男,無,陰性
47711,60歲以上,男,無,陰性
47712,40-49歲,男,無,陰性
47713,19歲以下,男,二級,陽性
47714,30-39歲,男,無,陰性
47715,60歲以上,男,無,陰性
47716,40-49歲,男,無,陰性
47717,20-29歲,男,無,陰性
47718,30-39歲,男,無,陰性
47719,40-49歲,男,無,陰性
47720,20-29歲,男,二級,陽性
47721,30-39歲,男,無,陰性
47722,30-39歲,女,二級,陽性
47723,30-39歲,男,二級,陽性
47724,20-29歲,男,無,陰性
47725,50-59歲,女,無,陰性
47726,40-49歲,男,無,陰性
47727,40-49歲,男,無,陰性
47728,60歲以上,男,無,陰性
47729,40-49歲,男,三級,陽性
47730,50-59歲,男,無,陰性
47731,50-59歲,男,無,陰性
47732,60歲以上,男,無,陰性
47733,50-59歲,男,無,陰性
47734,40-49歲,女,二級,陽性
47735,40-49歲,男,無,陰性
47736,60歲以上,女,無,陰性
47737,40-49歲,男,二級,陽性
47738,50-59歲,男,無,陰性
47739,50-59歲,男,無,陰性
47740,60歲以上,男,無,陰性
47741,40-49歲,男,無,陰性
47742,40-49歲,女,無,陰性
47743,30-39歲,女,無,陰性
47744,60歲以上,女,二級,陽性
47745,40-49歲,女,無,陰性
47746,60歲以上,男,無,陰性
47747,20-29歲,男,無,陰性
47748,30-39歲,女,無,陰性
47749,40-49歲,男,無,陰性
47750,50-59歲,男,無,陰性
47751,60歲以上,女,無,陰性
47752,60歲以上,男,無,陰性
47753,40-49歲,男,二級,陽性
47754,40-49歲,男,二級,陽性
47755,30-39歲,女,無,陰性
47756,50-59歲,男,無,陰性
47757,40-49歲,男,二級,陽性
47758,20-29歲,女,無,陰性
47759,50-59歲,男,無,陰性
47760,60歲以上,男,二級,陽性
47761,20-29歲,男,無,陰性
47762,40-49歲,男,無,陰性
47763,30-39歲,男,無,陰性
47764,40-49歲,男,無,陰性
47765,50-59歲,男,無,陰性
47766,40-49歲,男,無,陰性
47767,30-39歲,男,三級,陽性
47768,40-49歲,男,無,陰性
47769,40-49歲,男,無,陰性
47770,20-29歲,女,無,陰性
47771,40-49歲,男,無,陰性
47772,30-39歲,男,無,陰性
47773,40-49歲,男,無,陰性
47774,50-59歲,男,無,陰性
47775,40-49歲,男,無,陰性
47776,50-59歲,男,無,陰性
47777,40-49歲,男,無,陰性
47778,30-39歲,女,無,陰性
47779,40-49歲,女,三級,陽性
47780,20-29歲,女,無,陰性
47781,40-49歲,男,二級,陽性
47782,60歲以上,女,無,陰性
47783,40-49歲,男,無,陰性
47784,60歲以上,男,無,陰性
47785,19歲以下,男,無,陰性
47786,50-59歲,男,無,陰性
47787,50-59歲,男,二級,陽性
47788,20-29歲,女,無,陰性
47789,40-49歲,男,無,陰性
47790,40-49歲,男,無,陰性
47791,20-29歲,女,無,陰性
47792,50-59歲,男,無,陰性
47793,40-49歲,男,無,陰性
47794,60歲以上,男,無,陰性
47795,20-29歲,男,無,陰性
47796,20-29歲,男,無,陰性
47797,50-59歲,男,無,陰性
47798,40-49歲,男,無,陰性
47799,40-49歲,男,無,陰性
47800,60歲以上,男,無,陰性
47801,40-49歲,男,無,陰性
47802,40-49歲,男,無,陰性
47803,40-49歲,男,無,陰性
47804,30-39歲,男,無,陰性
47805,40-49歲,男,無,陰性
47806,40-49歲,男,無,陰性
47807,50-59歲,男,無,陰性
47808,50-59歲,男,無,陰性
47809,19歲以下,男,無,陰性
47810,40-49歲,男,無,陰性
47811,30-39歲,女,無,陰性
47812,60歲以上,男,無,陰性
47813,50-59歲,男,二級,陽性
47814,40-49歲,男,無,陰性
47815,40-49歲,男,無,陰性
47816,50-59歲,女,無,陰性
47817,40-49歲,男,無,陰性
47818,40-49歲,男,二級,陽性
47819,60歲以上,男,二級,陽性
47820,20-29歲,女,二級,陽性
47821,50-59歲,男,二級,陽性
47822,40-49歲,男,無,陰性
47823,50-59歲,男,無,陰性
47824,30-39歲,男,三級,陽性
47825,40-49歲,男,無,陰性
47826,40-49歲,女,一級,陽性
47827,40-49歲,女,無,陰性
47828,20-29歲,女,無,陰性
47829,50-59歲,男,無,陰性
47830,50-59歲,男,二級,陽性
47831,40-49歲,女,無,陰性
47832,40-49歲,男,無,陰性
47833,30-39歲,男,無,陰性
47834,40-49歲,男,無,陰性
47835,30-39歲,男,無,陰性
47836,50-59歲,男,無,陰性
47837,30-39歲,男,無,陰性
47838,60歲以上,男,二級,陽性
47839,20-29歲,男,無,陰性
47840,30-39歲,男,二級,陽性
47841,40-49歲,男,無,陰性
47842,40-49歲,男,無,陰性
47843,40-49歲,男,無,陰性
47844,40-49歲,男,三級,陽性
47845,30-39歲,男,二級,陽性
47846,40-49歲,男,無,陰性
47847,40-49歲,男,無,陰性
47848,50-59歲,男,無,陰性
47849,20-29歲,男,無,陰性
47850,40-49歲,男,無,陰性
47851,60歲以上,男,無,陰性
47852,30-39歲,男,無,陰性
47853,20-29歲,男,無,陰性
47854,40-49歲,女,無,陰性
47855,40-49歲,男,二級,陽性
47856,40-49歲,男,無,陰性
47857,30-39歲,男,無,陰性
47858,40-49歲,女,無,陰性
47859,50-59歲,女,二級,陽性
47860,60歲以上,女,無,陰性
47861,50-59歲,男,二級,陽性
47862,60歲以上,男,三級,陽性
47863,30-39歲,男,無,陰性
47864,30-39歲,男,二級,陽性
47865,40-49歲,女,無,陰性
47866,40-49歲,男,無,陰性
47867,50-59歲,男,無,陰性
47868,40-49歲,男,無,陰性
47869,50-59歲,男,無,陰性
47870,40-49歲,女,無,陰性
47871,50-59歲,女,二級,陽性
47872,19歲以下,男,無,陰性
47873,20-29歲,男,無,陰性
47874,20-29歲,男,無,陰性
47875,50-59歲,男,二級,陽性
47876,50-59歲,男,無,陰性
47877,50-59歲,男,無,陰性
47878,30-39歲,男,無,陰性
47879,40-49歲,男,無,陰性
47880,50-59歲,男,無,陰性
47881,60歲以上,男,無,陰性
47882,40-49歲,男,無,陰性
47883,20-29歲,男,無,陰性
47884,30-39歲,男,無,陰性
47885,40-49歲,男,無,陰性
47886,30-39歲,男,無,陰性
47887,40-49歲,男,三級,陽性
47888,50-59歲,男,無,陰性
47889,40-49歲,男,無,陰性
47890,30-39歲,男,無,陰性
47891,40-49歲,男,三級,陽性
47892,19歲以下,男,無,陰性
47893,20-29歲,男,無,陰性
47894,20-29歲,男,無,陰性
47895,40-49歲,男,無,陰性
47896,40-49歲,男,一級,陽性
47897,40-49歲,男,無,陰性
47898,30-39歲,男,無,陰性
47899,20-29歲,男,無,陰性
47900,40-49歲,男,無,陰性
47901,19歲以下,男,無,陰性
47902,40-49歲,男,無,陰性
47903,50-59歲,女,無,陰性
47904,20-29歲,男,無,陰性
47905,40-49歲,男,無,陰性
47906,30-39歲,男,二級,陽性
47907,40-49歲,男,無,陰性
47908,50-59歲,男,二級,陽性
47909,40-49歲,男,無,陰性
47910,30-39歲,男,三級,陽性
47911,40-49歲,男,二級,陽性
47912,20-29歲,女,無,陰性
47913,19歲以下,男,無,陰性
47914,50-59歲,男,無,陰性
47915,40-49歲,男,無,陰性
47916,40-49歲,男,二級,陽性
47917,40-49歲,男,無,陰性
47918,30-39歲,男,二級,陽性
47919,19歲以下,男,三級,陽性
47920,19歲以下,男,無,陰性
47921,30-39歲,男,無,陰性
47922,30-39歲,男,二級,陽性
47923,19歲以下,男,無,陰性
47924,40-49歲,男,無,陰性
47925,40-49歲,男,無,陰性
47926,40-49歲,女,二級,陽性
47927,60歲以上,男,二級,陽性
47928,19歲以下,男,無,陰性
47929,40-49歲,男,無,陰性
47930,40-49歲,男,無,陰性
47931,60歲以上,男,無,陰性
47932,60歲以上,男,三級,陽性
47933,40-49歲,男,無,陰性
47934,40-49歲,男,無,陰性
47935,30-39歲,男,無,陰性
47936,40-49歲,女,二級,陽性
47937,40-49歲,男,無,陰性
47938,19歲以下,男,三級,陽性
47939,50-59歲,男,無,陰性
47940,50-59歲,男,無,陰性
47941,60歲以上,男,二級,陽性
47942,50-59歲,男,無,陰性
47943,50-59歲,男,無,陰性
47944,50-59歲,女,無,陰性
47945,30-39歲,女,無,陰性
47946,50-59歲,男,無,陰性
47947,60歲以上,女,無,陰性
47948,50-59歲,男,無,陰性
47949,40-49歲,男,無,陰性
47950,50-59歲,男,三級,陽性
47951,40-49歲,女,無,陰性
47952,40-49歲,男,無,陰性
47953,50-59歲,男,無,陰性
47954,40-49歲,男,無,陰性
47955,50-59歲,男,無,陰性
47956,20-29歲,男,無,陰性
47957,20-29歲,男,無,陰性
47958,20-29歲,男,無,陰性
47959,20-29歲,男,無,陰性
47960,50-59歲,女,無,陰性
47961,50-59歲,男,無,陰性
47962,30-39歲,男,無,陰性
47963,40-49歲,男,無,陰性
47964,50-59歲,男,無,陰性
47965,30-39歲,男,無,陰性
47966,60歲以上,女,無,陰性
47967,40-49歲,男,無,陰性
47968,20-29歲,男,無,陰性
47969,50-59歲,男,無,陰性
47970,40-49歲,男,無,陰性
47971,40-49歲,男,三級,陽性
47972,40-49歲,男,二級,陽性
47973,50-59歲,男,無,陰性
47974,30-39歲,女,無,陰性
47975,30-39歲,男,無,陰性
47976,40-49歲,女,無,陰性
47977,40-49歲,男,無,陰性
47978,40-49歲,男,無,陰性
47979,40-49歲,女,無,陰性
47980,20-29歲,女,無,陰性
47981,19歲以下,男,無,陰性
47982,20-29歲,男,無,陰性
47983,50-59歲,女,無,陰性
47984,50-59歲,男,無,陰性
47985,50-59歲,男,二級,陽性
47986,50-59歲,男,二級,陽性
47987,40-49歲,男,無,陰性
47988,40-49歲,女,無,陰性
47989,30-39歲,男,無,陰性
47990,20-29歲,男,二級,陽性
47991,40-49歲,女,無,陰性
47992,50-59歲,男,無,陰性
47993,50-59歲,男,一級,陽性
47994,50-59歲,男,無,陰性
47995,40-49歲,男,無,陰性
47996,40-49歲,男,無,陰性
47997,50-59歲,女,二級,陽性
47998,60歲以上,男,無,陰性
47999,60歲以上,女,三級,陽性
48000,60歲以上,男,無,陰性
48001,40-49歲,男,無,陰性
48002,20-29歲,男,無,陰性
48003,20-29歲,男,無,陰性
48004,40-49歲,男,無,陰性
48005,30-39歲,男,無,陰性
48006,40-49歲,女,無,陰性
48007,40-49歲,男,無,陰性
48008,40-49歲,男,二級,陽性
48009,40-49歲,男,二級,陽性
48010,50-59歲,男,二級,陽性
48011,40-49歲,女,二級,陽性
48012,30-39歲,男,無,陰性
48013,40-49歲,男,無,陰性
48014,40-49歲,男,無,陰性
48015,30-39歲,男,無,陰性
48016,40-49歲,男,無,陰性
48017,19歲以下,男,二級,陽性
48018,30-39歲,男,無,陰性
48019,50-59歲,男,無,陰性
48020,40-49歲,男,無,陰性
48021,50-59歲,男,二級,陽性
48022,50-59歲,男,無,陰性
48023,40-49歲,男,無,陰性
48024,20-29歲,男,無,陰性
48025,60歲以上,男,無,陰性
48026,20-29歲,男,無,陰性
48027,60歲以上,女,一級,陽性
48028,40-49歲,男,無,陰性
48029,30-39歲,男,二級,陽性
48030,40-49歲,男,無,陰性
48031,30-39歲,男,無,陰性
48032,30-39歲,男,三級,陽性
48033,40-49歲,男,二級,陽性
48034,60歲以上,男,無,陰性
48035,50-59歲,男,一級,陽性
48036,20-29歲,女,無,陰性
48037,50-59歲,男,無,陰性
48038,40-49歲,男,無,陰性
48039,40-49歲,男,無,陰性
48040,30-39歲,男,無,陰性
48041,60歲以上,女,三級,陽性
48042,30-39歲,男,無,陰性
48043,40-49歲,男,無,陰性
48044,40-49歲,男,無,陰性
48045,20-29歲,男,二級,陽性
48046,60歲以上,女,無,陰性
48047,50-59歲,男,無,陰性
48048,60歲以上,男,無,陰性
48049,20-29歲,男,無,陰性
48050,40-49歲,男,二級,陽性
48051,50-59歲,男,無,陰性
48052,19歲以下,男,無,陰性
48053,50-59歲,男,無,陰性
48054,40-49歲,男,二級,陽性
48055,50-59歲,男,無,陰性
48056,40-49歲,女,無,陰性
48057,40-49歲,男,二級,陽性
48058,40-49歲,男,無,陰性
48059,50-59歲,男,二級,陽性
48060,30-39歲,男,三級,陽性
48061,40-49歲,男,無,陰性
48062,40-49歲,男,無,陰性
48063,40-49歲,男,無,陰性
48064,30-39歲,男,無,陰性
48065,20-29歲,男,無,陰性
48066,40-49歲,女,二級,陽性
48067,40-49歲,男,二級,陽性
48068,40-49歲,男,無,陰性
48069,60歲以上,男,無,陰性
48070,50-59歲,男,無,陰性
48071,50-59歲,男,三級,陽性
48072,50-59歲,男,無,陰性
48073,40-49歲,男,無,陰性
48074,50-59歲,男,無,陰性
48075,50-59歲,男,無,陰性
48076,40-49歲,女,二級,陽性
48077,40-49歲,男,無,陰性
48078,30-39歲,男,無,陰性
48079,50-59歲,男,無,陰性
48080,50-59歲,女,無,陰性
48081,50-59歲,男,無,陰性
48082,30-39歲,男,無,陰性
48083,50-59歲,男,無,陰性
48084,40-49歲,男,無,陰性
48085,40-49歲,男,無,陰性
48086,50-59歲,女,二級,陽性
48087,30-39歲,男,無,陰性
48088,50-59歲,男,二級,陽性
48089,40-49歲,男,一級,陽性
48090,60歲以上,男,無,陰性
48091,30-39歲,女,無,陰性
48092,40-49歲,男,無,陰性
48093,60歲以上,男,三級,陽性
48094,40-49歲,男,無,陰性
48095,60歲以上,女,無,陰性
48096,20-29歲,男,二級,陽性
48097,40-49歲,男,一級,陽性
48098,30-39歲,男,無,陰性
48099,50-59歲,男,無,陰性
48100,50-59歲,女,無,陰性
48101,50-59歲,男,無,陰性
48102,50-59歲,男,無,陰性
48103,30-39歲,男,無,陰性
48104,50-59歲,女,無,陰性
48105,50-59歲,男,無,陰性
48106,50-59歲,男,無,陰性
48107,40-49歲,男,三級,陽性
48108,60歲以上,男,無,陰性
48109,40-49歲,男,三級,陽性
48110,40-49歲,男,無,陰性
48111,30-39歲,男,二級,陽性
48112,30-39歲,男,無,陰性
48113,50-59歲,男,無,陰性
48114,50-59歲,男,無,陰性
48115,60歲以上,男,無,陰性
48116,60歲以上,男,無,陰性
48117,20-29歲,男,二級,陽性
48118,40-49歲,男,無,陰性
48119,30-39歲,男,無,陰性
48120,20-29歲,男,無,陰性
48121,30-39歲,女,無,陰性
48122,50-59歲,男,無,陰性
48123,50-59歲,男,無,陰性
48124,30-39歲,男,無,陰性
48125,40-49歲,男,三級,陽性
48126,60歲以上,男,無,陰性
48127,50-59歲,男,無,陰性
48128,20-29歲,男,無,陰性
48129,40-49歲,男,無,陰性
48130,50-59歲,女,無,陰性
48131,60歲以上,男,一級,陽性
48132,40-49歲,男,無,陰性
48133,60歲以上,男,無,陰性
48134,20-29歲,男,二級,陽性
48135,30-39歲,女,二級,陽性
48136,40-49歲,男,二級,陽性
48137,60歲以上,男,無,陰性
48138,50-59歲,男,無,陰性
48139,19歲以下,男,無,陰性
48140,40-49歲,男,無,陰性
48141,30-39歲,男,無,陰性
48142,19歲以下,男,無,陰性
48143,20-29歲,男,無,陰性
48144,30-39歲,男,無,陰性
48145,40-49歲,女,無,陰性
48146,40-49歲,男,無,陰性
48147,40-49歲,男,無,陰性
48148,40-49歲,男,二級,陽性
48149,30-39歲,男,無,陰性
48150,20-29歲,男,無,陰性
48151,50-59歲,男,無,陰性
48152,40-49歲,男,無,陰性
48153,60歲以上,男,無,陰性
48154,50-59歲,女,無,陰性
48155,20-29歲,女,無,陰性
48156,50-59歲,女,無,陰性
48157,30-39歲,男,無,陰性
48158,40-49歲,女,無,陰性
48159,40-49歲,男,無,陰性
48160,30-39歲,男,無,陰性
48161,50-59歲,女,無,陰性
48162,50-59歲,男,無,陰性
48163,30-39歲,男,二級,陽性
48164,60歲以上,女,二級,陽性
48165,40-49歲,男,二級,陽性
48166,30-39歲,男,無,陰性
48167,50-59歲,男,無,陰性
48168,40-49歲,男,無,陰性
48169,60歲以上,男,無,陰性
48170,50-59歲,男,無,陰性
48171,20-29歲,男,三級,陽性
48172,30-39歲,男,無,陰性
48173,40-49歲,女,無,陰性
48174,50-59歲,男,無,陰性
48175,20-29歲,男,無,陰性
48176,50-59歲,男,無,陰性
48177,20-29歲,男,二級,陽性
48178,40-49歲,男,無,陰性
48179,30-39歲,男,無,陰性
48180,40-49歲,女,三級,陽性
48181,40-49歲,女,無,陰性
48182,50-59歲,男,無,陰性
48183,50-59歲,男,二級,陽性
48184,40-49歲,男,無,陰性
48185,40-49歲,男,無,陰性
48186,50-59歲,男,無,陰性
48187,30-39歲,男,無,陰性
48188,60歲以上,男,無,陰性
48189,19歲以下,男,無,陰性
48190,40-49歲,男,無,陰性
48191,40-49歲,男,無,陰性
48192,20-29歲,男,無,陰性
48193,50-59歲,男,無,陰性
48194,40-49歲,男,二級,陽性
48195,40-49歲,男,無,陰性
48196,40-49歲,男,無,陰性
48197,20-29歲,女,無,陰性
48198,40-49歲,男,無,陰性
48199,30-39歲,男,無,陰性
48200,40-49歲,女,二級,陽性
48201,60歲以上,男,無,陰性
48202,40-49歲,男,無,陰性
48203,50-59歲,男,無,陰性
48204,30-39歲,男,無,陰性
48205,30-39歲,男,無,陰性
48206,40-49歲,男,二級,陽性
48207,50-59歲,女,無,陰性
48208,30-39歲,男,無,陰性
48209,40-49歲,男,無,陰性
48210,40-49歲,女,二級,陽性
48211,60歲以上,男,無,陰性
48212,50-59歲,男,一級,陽性
48213,50-59歲,男,無,陰性
48214,19歲以下,男,無,陰性
48215,60歲以上,男,二級,陽性
48216,50-59歲,男,無,陰性
48217,50-59歲,男,一級,陽性
48218,60歲以上,男,二級,陽性
48219,40-49歲,男,二級,陽性
48220,50-59歲,女,無,陰性
48221,30-39歲,女,二級,陽性
48222,30-39歲,女,二級,陽性
48223,40-49歲,男,無,陰性
48224,40-49歲,男,無,陰性
48225,40-49歲,男,二級,陽性
48226,30-39歲,男,無,陰性
48227,40-49歲,男,三級,陽性
48228,40-49歲,男,無,陰性
48229,40-49歲,男,無,陰性
48230,30-39歲,女,無,陰性
48231,30-39歲,男,無,陰性
48232,60歲以上,男,無,陰性
48233,30-39歲,男,無,陰性
48234,40-49歲,男,無,陰性
48235,50-59歲,男,無,陰性
48236,40-49歲,女,無,陰性
48237,50-59歲,男,無,陰性
48238,50-59歲,女,無,陰性
48239,60歲以上,男,無,陰性
48240,40-49歲,男,二級,陽性
48241,60歲以上,男,二級,陽性
48242,50-59歲,女,無,陰性
48243,30-39歲,男,無,陰性
48244,50-59歲,男,二級,陽性
48245,30-39歲,女,無,陰性
48246,50-59歲,男,無,陰性
48247,50-59歲,男,無,陰性
48248,50-59歲,男,二級,陽性
48249,30-39歲,男,無,陰性
48250,50-59歲,男,無,陰性
48251,19歲以下,男,無,陰性
48252,40-49歲,男,無,陰性
48253,30-39歲,男,無,陰性
48254,50-59歲,男,無,陰性
48255,60歲以上,男,無,陰性
48256,40-49歲,女,無,陰性
48257,60歲以上,男,無,陰性
48258,50-59歲,男,無,陰性
48259,40-49歲,男,無,陰性
48260,40-49歲,男,無,陰性
48261,50-59歲,男,無,陰性
48262,20-29歲,男,無,陰性
48263,60歲以上,男,二級,陽性
48264,50-59歲,男,無,陰性
48265,40-49歲,男,無,陰性
48266,50-59歲,男,二級,陽性
48267,20-29歲,男,無,陰性
48268,50-59歲,男,無,陰性
48269,50-59歲,男,二級,陽性
48270,60歲以上,男,無,陰性
48271,20-29歲,女,無,陰性
48272,40-49歲,男,二級,陽性
48273,20-29歲,男,無,陰性
48274,30-39歲,男,二級,陽性
48275,20-29歲,男,無,陰性
48276,40-49歲,男,無,陰性
48277,30-39歲,男,無,陰性
48278,60歲以上,女,無,陰性
48279,40-49歲,男,無,陰性
48280,60歲以上,男,無,陰性
48281,50-59歲,男,無,陰性
48282,30-39歲,男,二級,陽性
48283,40-49歲,男,無,陰性
48284,40-49歲,男,無,陰性
48285,30-39歲,男,無,陰性
48286,30-39歲,男,無,陰性
48287,50-59歲,女,無,陰性
48288,40-49歲,男,無,陰性
48289,20-29歲,男,無,陰性
48290,40-49歲,男,無,陰性
48291,40-49歲,男,一級,陽性
48292,40-49歲,女,無,陰性
48293,50-59歲,男,無,陰性
48294,40-49歲,男,無,陰性
48295,50-59歲,女,無,陰性
48296,50-59歲,男,無,陰性
48297,19歲以下,男,二級,陽性
48298,60歲以上,女,無,陰性
48299,30-39歲,男,無,陰性
48300,40-49歲,男,無,陰性
48301,40-49歲,男,無,陰性
48302,40-49歲,男,無,陰性
48303,40-49歲,男,一級,陽性
48304,30-39歲,男,無,陰性
48305,50-59歲,男,無,陰性
48306,40-49歲,男,無,陰性
48307,50-59歲,男,無,陰性
48308,50-59歲,男,無,陰性
48309,50-59歲,男,無,陰性
48310,60歲以上,男,無,陰性
48311,40-49歲,男,無,陰性
48312,30-39歲,男,無,陰性
48313,20-29歲,女,無,陰性
48314,50-59歲,男,無,陰性
48315,50-59歲,男,無,陰性
48316,50-59歲,男,無,陰性
48317,50-59歲,女,無,陰性
48318,50-59歲,男,無,陰性
48319,40-49歲,男,無,陰性
48320,40-49歲,男,一級,陽性
48321,60歲以上,男,無,陰性
48322,40-49歲,男,無,陰性
48323,50-59歲,女,無,陰性
48324,30-39歲,男,一級,陽性
48325,60歲以上,男,二級,陽性
48326,19歲以下,男,無,陰性
48327,40-49歲,女,無,陰性
48328,40-49歲,男,無,陰性
48329,30-39歲,男,無,陰性
48330,40-49歲,男,無,陰性
48331,40-49歲,男,無,陰性
48332,40-49歲,女,無,陰性
48333,30-39歲,男,無,陰性
48334,60歲以上,男,無,陰性
48335,30-39歲,女,無,陰性
48336,50-59歲,女,無,陰性
48337,40-49歲,男,無,陰性
48338,19歲以下,男,三級,陽性
48339,40-49歲,男,無,陰性
48340,40-49歲,男,三級,陽性
48341,50-59歲,男,無,陰性
48342,60歲以上,男,二級,陽性
48343,40-49歲,男,無,陰性
48344,40-49歲,男,無,陰性
48345,40-49歲,男,無,陰性
48346,50-59歲,男,無,陰性
48347,40-49歲,女,無,陰性
48348,60歲以上,男,無,陰性
48349,30-39歲,男,無,陰性
48350,40-49歲,男,無,陰性
48351,20-29歲,男,無,陰性
48352,19歲以下,男,無,陰性
48353,50-59歲,男,無,陰性
48354,20-29歲,男,二級,陽性
48355,40-49歲,女,無,陰性
48356,40-49歲,女,無,陰性
48357,20-29歲,男,無,陰性
48358,40-49歲,男,二級,陽性
48359,40-49歲,女,無,陰性
48360,50-59歲,男,無,陰性
48361,30-39歲,男,無,陰性
48362,50-59歲,男,二級,陽性
48363,60歲以上,男,無,陰性
48364,40-49歲,女,無,陰性
48365,40-49歲,男,無,陰性
48366,50-59歲,男,無,陰性
48367,50-59歲,女,無,陰性
48368,40-49歲,男,無,陰性
48369,40-49歲,男,無,陰性
48370,50-59歲,男,二級,陽性
48371,50-59歲,男,無,陰性
48372,20-29歲,男,無,陰性
48373,19歲以下,女,二級,陽性
48374,40-49歲,男,無,陰性
48375,40-49歲,男,無,陰性
48376,40-49歲,男,二級,陽性
48377,40-49歲,女,無,陰性
48378,40-49歲,男,無,陰性
48379,50-59歲,男,無,陰性
48380,40-49歲,男,無,陰性
48381,40-49歲,男,無,陰性
48382,60歲以上,女,無,陰性
48383,30-39歲,男,二級,陽性
48384,60歲以上,男,無,陰性
48385,40-49歲,男,二級,陽性
48386,50-59歲,男,無,陰性
48387,60歲以上,男,無,陰性
48388,30-39歲,男,三級,陽性
48389,30-39歲,男,無,陰性
48390,30-39歲,男,無,陰性
48391,40-49歲,男,二級,陽性
48392,30-39歲,男,無,陰性
48393,40-49歲,男,無,陰性
48394,30-39歲,男,無,陰性
48395,40-49歲,男,無,陰性
48396,40-49歲,女,無,陰性
48397,30-39歲,男,無,陰性
48398,50-59歲,女,無,陰性
48399,40-49歲,男,三級,陽性
48400,20-29歲,男,無,陰性
48401,30-39歲,男,無,陰性
48402,40-49歲,男,無,陰性
48403,20-29歲,男,無,陰性
48404,50-59歲,女,無,陰性
48405,40-49歲,男,無,陰性
48406,40-49歲,男,無,陰性
48407,50-59歲,男,無,陰性
48408,50-59歲,男,三級,陽性
48409,60歲以上,男,二級,陽性
48410,40-49歲,男,二級,陽性
48411,50-59歲,男,無,陰性
48412,50-59歲,男,無,陰性
48413,60歲以上,男,無,陰性
48414,50-59歲,女,二級,陽性
48415,40-49歲,男,無,陰性
48416,40-49歲,男,三級,陽性
48417,60歲以上,男,無,陰性
48418,50-59歲,男,二級,陽性
48419,40-49歲,男,無,陰性
48420,60歲以上,女,無,陰性
48421,20-29歲,女,無,陰性
48422,30-39歲,男,無,陰性
48423,40-49歲,男,無,陰性
48424,40-49歲,女,無,陰性
48425,50-59歲,男,無,陰性
48426,40-49歲,女,無,陰性
48427,40-49歲,男,三級,陽性
48428,30-39歲,男,無,陰性
48429,60歲以上,男,無,陰性
48430,40-49歲,男,無,陰性
48431,20-29歲,男,無,陰性
48432,50-59歲,男,無,陰性
48433,40-49歲,男,無,陰性
48434,30-39歲,男,無,陰性
48435,30-39歲,男,無,陰性
48436,50-59歲,女,無,陰性
48437,50-59歲,男,無,陰性
48438,50-59歲,男,三級,陽性
48439,20-29歲,男,無,陰性
48440,50-59歲,男,無,陰性
48441,30-39歲,男,無,陰性
48442,40-49歲,男,無,陰性
48443,40-49歲,男,無,陰性
48444,20-29歲,男,無,陰性
48445,50-59歲,女,無,陰性
48446,50-59歲,男,二級,陽性
48447,50-59歲,男,無,陰性
48448,60歲以上,男,二級,陽性
48449,20-29歲,男,無,陰性
48450,40-49歲,女,無,陰性
48451,40-49歲,女,無,陰性
48452,19歲以下,男,無,陰性
48453,50-59歲,男,無,陰性
48454,40-49歲,男,無,陰性
48455,50-59歲,男,二級,陽性
48456,50-59歲,男,無,陰性
48457,40-49歲,男,無,陰性
48458,20-29歲,男,無,陰性
48459,40-49歲,男,無,陰性
48460,60歲以上,男,無,陰性
48461,60歲以上,男,無,陰性
48462,50-59歲,男,無,陰性
48463,30-39歲,男,無,陰性
48464,40-49歲,男,二級,陽性
48465,50-59歲,男,無,陰性
48466,50-59歲,男,二級,陽性
48467,50-59歲,女,無,陰性
48468,50-59歲,男,無,陰性
48469,30-39歲,男,無,陰性
48470,60歲以上,男,無,陰性
48471,30-39歲,男,二級,陽性
48472,50-59歲,男,二級,陽性
48473,50-59歲,男,無,陰性
48474,50-59歲,男,無,陰性
48475,40-49歲,男,無,陰性
48476,40-49歲,男,無,陰性
48477,50-59歲,男,三級,陽性
48478,50-59歲,男,一級,陽性
48479,60歲以上,男,無,陰性
48480,50-59歲,女,二級,陽性
48481,50-59歲,男,無,陰性
48482,30-39歲,男,無,陰性
48483,40-49歲,男,無,陰性
48484,50-59歲,女,無,陰性
48485,19歲以下,男,無,陰性
48486,50-59歲,女,二級,陽性
48487,60歲以上,男,無,陰性
48488,40-49歲,女,無,陰性
48489,40-49歲,男,無,陰性
48490,30-39歲,男,無,陰性
48491,60歲以上,女,無,陰性
48492,40-49歲,男,無,陰性
48493,50-59歲,男,無,陰性
48494,30-39歲,男,無,陰性
48495,40-49歲,男,三級,陽性
48496,60歲以上,男,無,陰性
48497,20-29歲,男,無,陰性
48498,50-59歲,男,無,陰性
48499,30-39歲,男,無,陰性
48500,50-59歲,男,二級,陽性
48501,40-49歲,男,無,陰性
48502,20-29歲,男,無,陰性
48503,40-49歲,女,無,陰性
48504,40-49歲,女,無,陰性
48505,50-59歲,男,無,陰性
48506,30-39歲,男,無,陰性
48507,50-59歲,男,無,陰性
48508,40-49歲,男,無,陰性
48509,60歲以上,女,無,陰性
48510,60歲以上,男,無,陰性
48511,40-49歲,男,無,陰性
48512,30-39歲,男,無,陰性
48513,50-59歲,男,無,陰性
48514,19歲以下,女,無,陰性
48515,40-49歲,女,三級,陽性
48516,40-49歲,男,無,陰性
48517,60歲以上,男,無,陰性
48518,30-39歲,男,無,陰性
48519,30-39歲,男,無,陰性
48520,40-49歲,男,無,陰性
48521,40-49歲,女,二級,陽性
48522,50-59歲,男,無,陰性
48523,40-49歲,女,無,陰性
48524,50-59歲,男,無,陰性
48525,40-49歲,女,無,陰性
48526,50-59歲,男,無,陰性
48527,50-59歲,女,無,陰性
48528,50-59歲,男,無,陰性
48529,30-39歲,男,無,陰性
48530,40-49歲,男,無,陰性
48531,30-39歲,女,無,陰性
48532,50-59歲,男,無,陰性
48533,20-29歲,男,無,陰性
48534,40-49歲,男,無,陰性
48535,50-59歲,男,二級,陽性
48536,30-39歲,男,無,陰性
48537,40-49歲,男,無,陰性
48538,60歲以上,男,無,陰性
48539,30-39歲,男,無,陰性
48540,40-49歲,男,無,陰性
48541,30-39歲,男,無,陰性
48542,40-49歲,男,無,陰性
48543,20-29歲,男,無,陰性
48544,40-49歲,男,無,陰性
48545,50-59歲,男,無,陰性
48546,30-39歲,男,無,陰性
48547,40-49歲,男,無,陰性
48548,40-49歲,男,無,陰性
48549,19歲以下,男,無,陰性
48550,30-39歲,男,無,陰性
48551,40-49歲,女,二級,陽性
48552,30-39歲,男,無,陰性
48553,50-59歲,女,無,陰性
48554,20-29歲,男,無,陰性
48555,40-49歲,男,無,陰性
48556,50-59歲,男,無,陰性
48557,30-39歲,男,二級,陽性
48558,40-49歲,男,無,陰性
48559,50-59歲,男,無,陰性
48560,40-49歲,男,無,陰性
48561,20-29歲,女,無,陰性
48562,60歲以上,男,無,陰性
48563,20-29歲,女,無,陰性
48564,40-49歲,男,無,陰性
48565,50-59歲,男,無,陰性
48566,40-49歲,男,無,陰性
48567,50-59歲,男,無,陰性
48568,40-49歲,男,無,陰性
48569,40-49歲,男,無,陰性
48570,30-39歲,男,無,陰性
48571,50-59歲,男,二級,陽性
48572,40-49歲,女,二級,陽性
48573,30-39歲,男,無,陰性
48574,20-29歲,男,無,陰性
48575,50-59歲,男,無,陰性
48576,60歲以上,女,無,陰性
48577,30-39歲,男,無,陰性
48578,50-59歲,女,無,陰性
48579,20-29歲,女,無,陰性
48580,30-39歲,男,無,陰性
48581,50-59歲,男,二級,陽性
48582,60歲以上,女,無,陰性
48583,40-49歲,男,無,陰性
48584,20-29歲,男,無,陰性
48585,30-39歲,男,無,陰性
48586,40-49歲,男,二級,陽性
48587,30-39歲,男,三級,陽性
48588,50-59歲,男,無,陰性
48589,50-59歲,男,無,陰性
48590,50-59歲,男,無,陰性
48591,30-39歲,男,無,陰性
48592,40-49歲,男,無,陰性
48593,30-39歲,男,三級,陽性
48594,30-39歲,男,無,陰性
48595,40-49歲,男,無,陰性
48596,30-39歲,女,無,陰性
48597,40-49歲,男,無,陰性
48598,20-29歲,男,無,陰性
48599,30-39歲,男,無,陰性
48600,40-49歲,男,二級,陽性
48601,50-59歲,男,無,陰性
48602,40-49歲,男,無,陰性
48603,50-59歲,男,無,陰性
48604,40-49歲,男,無,陰性
48605,40-49歲,男,無,陰性
48606,40-49歲,男,無,陰性
48607,30-39歲,男,無,陰性
48608,40-49歲,男,無,陰性
48609,30-39歲,男,二級,陽性
48610,40-49歲,男,無,陰性
48611,30-39歲,男,無,陰性
48612,50-59歲,男,無,陰性
48613,30-39歲,男,無,陰性
48614,50-59歲,男,無,陰性
48615,40-49歲,男,無,陰性
48616,50-59歲,男,無,陰性
48617,40-49歲,男,無,陰性
48618,50-59歲,男,無,陰性
48619,30-39歲,男,二級,陽性
48620,19歲以下,男,無,陰性
48621,20-29歲,男,無,陰性
48622,50-59歲,女,無,陰性
48623,30-39歲,男,無,陰性
48624,40-49歲,男,無,陰性
48625,40-49歲,男,二級,陽性
48626,40-49歲,女,無,陰性
48627,60歲以上,男,無,陰性
48628,30-39歲,男,無,陰性
48629,40-49歲,男,無,陰性
48630,40-49歲,男,無,陰性
48631,50-59歲,男,無,陰性
48632,30-39歲,男,無,陰性
48633,40-49歲,男,無,陰性
48634,60歲以上,男,二級,陽性
48635,50-59歲,男,二級,陽性
48636,50-59歲,女,無,陰性
48637,60歲以上,男,無,陰性
48638,40-49歲,男,無,陰性
48639,30-39歲,女,無,陰性
48640,30-39歲,女,無,陰性
48641,40-49歲,男,無,陰性
48642,40-49歲,男,無,陰性
48643,50-59歲,男,無,陰性
48644,30-39歲,男,無,陰性
48645,20-29歲,男,二級,陽性
48646,50-59歲,男,無,陰性
48647,50-59歲,男,無,陰性
48648,40-49歲,男,無,陰性
48649,19歲以下,男,無,陰性
48650,50-59歲,男,無,陰性
48651,40-49歲,男,無,陰性
48652,40-49歲,男,無,陰性
48653,50-59歲,男,無,陰性
48654,50-59歲,女,無,陰性
48655,20-29歲,男,無,陰性
48656,60歲以上,男,無,陰性
48657,60歲以上,女,無,陰性
48658,50-59歲,女,二級,陽性
48659,20-29歲,男,無,陰性
48660,20-29歲,男,一級,陽性
48661,60歲以上,女,無,陰性
48662,40-49歲,男,無,陰性
48663,20-29歲,男,無,陰性
48664,30-39歲,女,無,陰性
48665,40-49歲,男,無,陰性
48666,40-49歲,男,無,陰性
48667,50-59歲,女,無,陰性
48668,40-49歲,男,無,陰性
48669,40-49歲,男,無,陰性
48670,50-59歲,男,二級,陽性
48671,20-29歲,男,無,陰性
48672,40-49歲,男,無,陰性
48673,60歲以上,男,無,陰性
48674,60歲以上,男,無,陰性
48675,50-59歲,男,三級,陽性
48676,40-49歲,男,二級,陽性
48677,60歲以上,男,無,陰性
48678,50-59歲,男,二級,陽性
48679,40-49歲,男,無,陰性
48680,50-59歲,男,無,陰性
48681,50-59歲,女,無,陰性
48682,60歲以上,男,三級,陽性
48683,20-29歲,女,二級,陽性
48684,40-49歲,男,無,陰性
48685,40-49歲,男,無,陰性
48686,50-59歲,男,無,陰性
48687,50-59歲,女,無,陰性
48688,60歲以上,女,無,陰性
48689,20-29歲,男,二級,陽性
48690,60歲以上,男,無,陰性
48691,50-59歲,男,無,陰性
48692,30-39歲,男,無,陰性
48693,40-49歲,女,無,陰性
48694,40-49歲,男,無,陰性
48695,20-29歲,男,無,陰性
48696,40-49歲,女,無,陰性
48697,40-49歲,男,無,陰性
48698,40-49歲,男,無,陰性
48699,60歲以上,女,無,陰性
48700,50-59歲,男,無,陰性
48701,50-59歲,女,無,陰性
48702,60歲以上,男,二級,陽性
48703,30-39歲,男,無,陰性
48704,50-59歲,男,無,陰性
48705,30-39歲,男,二級,陽性
48706,50-59歲,男,無,陰性
48707,60歲以上,男,無,陰性
48708,50-59歲,男,無,陰性
48709,50-59歲,女,無,陰性
48710,40-49歲,男,二級,陽性
48711,40-49歲,女,無,陰性
48712,60歲以上,男,無,陰性
48713,20-29歲,男,無,陰性
48714,40-49歲,男,無,陰性
48715,40-49歲,男,無,陰性
48716,40-49歲,女,無,陰性
48717,20-29歲,男,無,陰性
48718,30-39歲,男,二級,陽性
48719,50-59歲,女,無,陰性
48720,40-49歲,女,無,陰性
48721,50-59歲,女,無,陰性
48722,19歲以下,男,一級,陽性
48723,30-39歲,男,無,陰性
48724,40-49歲,男,無,陰性
48725,40-49歲,男,無,陰性
48726,40-49歲,男,無,陰性
48727,50-59歲,男,無,陰性
48728,60歲以上,男,無,陰性
48729,40-49歲,男,無,陰性
48730,40-49歲,男,二級,陽性
48731,40-49歲,男,無,陰性
48732,40-49歲,男,無,陰性
48733,20-29歲,男,無,陰性
48734,40-49歲,男,無,陰性
48735,50-59歲,男,無,陰性
48736,60歲以上,男,無,陰性
48737,40-49歲,男,無,陰性
48738,30-39歲,男,二級,陽性
48739,40-49歲,男,無,陰性
48740,40-49歲,女,無,陰性
48741,20-29歲,男,無,陰性
48742,50-59歲,男,無,陰性
48743,20-29歲,男,無,陰性
48744,20-29歲,男,無,陰性
48745,50-59歲,男,無,陰性
48746,40-49歲,男,無,陰性
48747,50-59歲,男,二級,陽性
48748,40-49歲,男,無,陰性
48749,50-59歲,男,二級,陽性
48750,50-59歲,男,無,陰性
48751,50-59歲,男,二級,陽性
48752,20-29歲,男,無,陰性
48753,30-39歲,男,無,陰性
48754,40-49歲,男,無,陰性
48755,40-49歲,男,無,陰性
48756,20-29歲,女,二級,陽性
48757,50-59歲,男,無,陰性
48758,40-49歲,男,一級,陽性
48759,40-49歲,男,無,陰性
48760,60歲以上,男,無,陰性
48761,50-59歲,男,無,陰性
48762,50-59歲,男,無,陰性
48763,40-49歲,男,無,陰性
48764,50-59歲,男,無,陰性
48765,30-39歲,女,無,陰性
48766,50-59歲,男,一級,陽性
48767,40-49歲,男,無,陰性
48768,50-59歲,女,無,陰性
48769,50-59歲,男,無,陰性
48770,50-59歲,男,無,陰性
48771,60歲以上,男,無,陰性
48772,60歲以上,男,無,陰性
48773,40-49歲,男,無,陰性
48774,30-39歲,男,無,陰性
48775,50-59歲,男,無,陰性
48776,40-49歲,男,無,陰性
48777,20-29歲,女,無,陰性
48778,60歲以上,女,無,陰性
48779,30-39歲,女,無,陰性
48780,50-59歲,男,無,陰性
48781,50-59歲,男,二級,陽性
48782,50-59歲,男,無,陰性
48783,60歲以上,女,三級,陽性
48784,50-59歲,男,無,陰性
48785,40-49歲,男,二級,陽性
48786,30-39歲,男,無,陰性
48787,60歲以上,女,無,陰性
48788,30-39歲,男,無,陰性
48789,50-59歲,男,無,陰性
48790,20-29歲,男,無,陰性
48791,40-49歲,男,無,陰性
48792,50-59歲,男,無,陰性
48793,60歲以上,男,無,陰性
48794,20-29歲,男,無,陰性
48795,40-49歲,男,無,陰性
48796,19歲以下,女,三級,陽性
48797,30-39歲,男,無,陰性
48798,30-39歲,男,無,陰性
48799,50-59歲,男,無,陰性
48800,40-49歲,男,無,陰性
48801,40-49歲,女,無,陰性
48802,50-59歲,男,無,陰性
48803,30-39歲,男,二級,陽性
48804,30-39歲,男,無,陰性
48805,50-59歲,男,無,陰性
48806,40-49歲,男,無,陰性
48807,40-49歲,男,無,陰性
48808,30-39歲,男,二級,陽性
48809,19歲以下,男,二級,陽性
48810,50-59歲,男,無,陰性
48811,60歲以上,男,無,陰性
48812,50-59歲,男,三級,陽性
48813,50-59歲,男,無,陰性
48814,20-29歲,男,無,陰性
48815,40-49歲,男,二級,陽性
48816,19歲以下,男,二級,陽性
48817,50-59歲,男,無,陰性
48818,19歲以下,女,無,陰性
48819,50-59歲,男,無,陰性
48820,40-49歲,男,無,陰性
48821,60歲以上,男,無,陰性
48822,40-49歲,男,二級,陽性
48823,40-49歲,男,無,陰性
48824,50-59歲,男,無,陰性
48825,60歲以上,女,一級,陽性
48826,40-49歲,男,無,陰性
48827,50-59歲,男,無,陰性
48828,40-49歲,男,三級,陽性
48829,20-29歲,女,無,陰性
48830,30-39歲,男,無,陰性
48831,20-29歲,男,無,陰性
48832,50-59歲,男,無,陰性
48833,50-59歲,男,無,陰性
48834,40-49歲,男,一級,陽性
48835,50-59歲,男,一級,陽性
48836,60歲以上,男,無,陰性
48837,30-39歲,男,無,陰性
48838,40-49歲,男,無,陰性
48839,40-49歲,女,無,陰性
48840,50-59歲,男,無,陰性
48841,40-49歲,男,無,陰性
48842,20-29歲,男,二級,陽性
48843,40-49歲,女,無,陰性
48844,50-59歲,男,三級,陽性
48845,40-49歲,男,無,陰性
48846,60歲以上,男,二級,陽性
48847,40-49歲,男,二級,陽性
48848,40-49歲,男,無,陰性
48849,20-29歲,女,無,陰性
48850,30-39歲,男,二級,陽性
48851,40-49歲,男,一級,陽性
48852,50-59歲,男,無,陰性
48853,40-49歲,男,無,陰性
48854,40-49歲,男,無,陰性
48855,50-59歲,女,無,陰性
48856,30-39歲,男,無,陰性
48857,40-49歲,男,無,陰性
48858,40-49歲,男,無,陰性
48859,40-49歲,男,無,陰性
48860,30-39歲,男,二級,陽性
48861,50-59歲,男,無,陰性
48862,50-59歲,男,無,陰性
48863,30-39歲,男,無,陰性
48864,60歲以上,男,無,陰性
48865,50-59歲,男,二級,陽性
48866,40-49歲,男,無,陰性
48867,50-59歲,女,無,陰性
48868,30-39歲,男,無,陰性
48869,40-49歲,男,無,陰性
48870,40-49歲,女,無,陰性
48871,40-49歲,男,無,陰性
48872,60歲以上,男,無,陰性
48873,60歲以上,女,無,陰性
48874,30-39歲,男,二級,陽性
48875,50-59歲,男,無,陰性
48876,50-59歲,男,無,陰性
48877,50-59歲,男,二級,陽性
48878,30-39歲,男,無,陰性
48879,40-49歲,男,無,陰性
48880,30-39歲,男,無,陰性
48881,60歲以上,男,無,陰性
48882,19歲以下,男,無,陰性
48883,60歲以上,男,二級,陽性
48884,30-39歲,男,三級,陽性
48885,30-39歲,男,二級,陽性
48886,20-29歲,男,無,陰性
48887,40-49歲,男,無,陰性
48888,40-49歲,女,無,陰性
48889,20-29歲,男,無,陰性
48890,40-49歲,男,無,陰性
48891,30-39歲,男,無,陰性
48892,40-49歲,男,無,陰性
48893,60歲以上,男,無,陰性
48894,50-59歲,男,無,陰性
48895,50-59歲,女,無,陰性
48896,40-49歲,男,無,陰性
48897,60歲以上,男,三級,陽性
48898,40-49歲,男,無,陰性
48899,19歲以下,男,無,陰性
48900,30-39歲,男,無,陰性
48901,60歲以上,男,二級,陽性
48902,40-49歲,男,二級,陽性
48903,20-29歲,女,三級,陽性
48904,40-49歲,女,無,陰性
48905,50-59歲,男,無,陰性
48906,30-39歲,男,無,陰性
48907,50-59歲,男,二級,陽性
48908,60歲以上,男,二級,陽性
48909,50-59歲,女,無,陰性
48910,20-29歲,男,無,陰性
48911,40-49歲,男,無,陰性
48912,50-59歲,男,無,陰性
48913,50-59歲,男,三級,陽性
48914,50-59歲,女,二級,陽性
48915,50-59歲,男,二級,陽性
48916,40-49歲,男,二級,陽性
48917,50-59歲,男,一級,陽性
48918,40-49歲,男,三級,陽性
48919,50-59歲,男,無,陰性
48920,40-49歲,男,二級,陽性
48921,50-59歲,女,無,陰性
48922,50-59歲,男,無,陰性
48923,19歲以下,男,無,陰性
48924,40-49歲,男,無,陰性
48925,30-39歲,男,二級,陽性
48926,60歲以上,男,無,陰性
48927,50-59歲,男,無,陰性
48928,40-49歲,男,二級,陽性
48929,40-49歲,男,無,陰性
48930,40-49歲,男,無,陰性
48931,40-49歲,男,無,陰性
48932,40-49歲,男,無,陰性
48933,50-59歲,女,無,陰性
48934,20-29歲,男,無,陰性
48935,20-29歲,女,無,陰性
48936,60歲以上,男,無,陰性
48937,60歲以上,男,二級,陽性
48938,40-49歲,男,無,陰性
48939,50-59歲,男,無,陰性
48940,40-49歲,女,無,陰性
48941,30-39歲,男,無,陰性
48942,60歲以上,男,無,陰性
48943,30-39歲,男,無,陰性
48944,20-29歲,男,無,陰性
48945,50-59歲,男,無,陰性
48946,40-49歲,男,三級,陽性
48947,40-49歲,男,無,陰性
48948,40-49歲,女,無,陰性
48949,30-39歲,男,二級,陽性
48950,40-49歲,男,無,陰性
48951,30-39歲,男,無,陰性
48952,40-49歲,男,一級,陽性
48953,40-49歲,男,無,陰性
48954,40-49歲,男,無,陰性
48955,40-49歲,女,三級,陽性
48956,40-49歲,男,無,陰性
48957,50-59歲,男,無,陰性
48958,40-49歲,男,無,陰性
48959,40-49歲,女,二級,陽性
48960,50-59歲,男,無,陰性
48961,20-29歲,男,無,陰性
48962,30-39歲,男,無,陰性
48963,30-39歲,男,無,陰性
48964,30-39歲,男,無,陰性
48965,40-49歲,女,無,陰性
48966,50-59歲,男,無,陰性
48967,60歲以上,男,無,陰性
48968,40-49歲,男,無,陰性
48969,50-59歲,男,無,陰性
48970,20-29歲,女,無,陰性
48971,20-29歲,女,無,陰性
48972,40-49歲,男,無,陰性
48973,50-59歲,男,一級,陽性
48974,30-39歲,男,無,陰性
48975,20-29歲,男,無,陰性
48976,40-49歲,男,無,陰性
48977,20-29歲,男,二級,陽性
48978,50-59歲,男,二級,陽性
48979,50-59歲,男,無,陰性
48980,50-59歲,男,無,陰性
48981,40-49歲,男,無,陰性
48982,60歲以上,男,無,陰性
48983,40-49歲,男,無,陰性
48984,40-49歲,男,二級,陽性
48985,30-39歲,男,無,陰性
48986,40-49歲,女,無,陰性
48987,40-49歲,男,無,陰性
48988,30-39歲,男,無,陰性
48989,30-39歲,女,無,陰性
48990,50-59歲,男,二級,陽性
48991,60歲以上,女,無,陰性
48992,40-49歲,男,無,陰性
48993,40-49歲,男,無,陰性
48994,50-59歲,男,二級,陽性
48995,40-49歲,男,無,陰性
48996,40-49歲,男,二級,陽性
48997,40-49歲,男,二級,陽性
48998,20-29歲,男,無,陰性
48999,40-49歲,男,二級,陽性
49000,40-49歲,男,無,陰性
49001,50-59歲,男,無,陰性
49002,30-39歲,男,無,陰性
49003,60歲以上,男,無,陰性
49004,60歲以上,男,無,陰性
49005,40-49歲,男,二級,陽性
49006,40-49歲,男,無,陰性
49007,50-59歲,女,無,陰性
49008,20-29歲,男,三級,陽性
49009,40-49歲,男,無,陰性
49010,40-49歲,男,無,陰性
49011,40-49歲,女,二級,陽性
49012,30-39歲,男,無,陰性
49013,60歲以上,男,無,陰性
49014,60歲以上,男,無,陰性
49015,50-59歲,男,無,陰性
49016,30-39歲,女,無,陰性
49017,50-59歲,男,二級,陽性
49018,50-59歲,男,無,陰性
49019,40-49歲,男,無,陰性
49020,30-39歲,男,二級,陽性
49021,50-59歲,男,無,陰性
49022,50-59歲,女,二級,陽性
49023,20-29歲,男,無,陰性
49024,40-49歲,女,無,陰性
49025,19歲以下,男,無,陰性
49026,30-39歲,男,無,陰性
49027,40-49歲,男,無,陰性
49028,40-49歲,男,二級,陽性
49029,40-49歲,男,無,陰性
49030,50-59歲,男,無,陰性
49031,40-49歲,男,無,陰性
49032,40-49歲,男,三級,陽性
49033,50-59歲,男,無,陰性
49034,60歲以上,女,二級,陽性
49035,40-49歲,男,一級,陽性
49036,50-59歲,男,無,陰性
49037,40-49歲,男,無,陰性
49038,50-59歲,男,無,陰性
49039,50-59歲,男,無,陰性
49040,50-59歲,男,無,陰性
49041,50-59歲,男,無,陰性
49042,20-29歲,男,無,陰性
49043,50-59歲,男,無,陰性
49044,20-29歲,男,無,陰性
49045,40-49歲,男,無,陰性
49046,60歲以上,男,無,陰性
49047,40-49歲,男,無,陰性
49048,40-49歲,男,無,陰性
49049,40-49歲,男,二級,陽性
49050,40-49歲,男,無,陰性
49051,20-29歲,男,二級,陽性
49052,20-29歲,男,二級,陽性
49053,50-59歲,男,無,陰性
49054,40-49歲,男,一級,陽性
49055,40-49歲,女,二級,陽性
49056,30-39歲,男,無,陰性
49057,60歲以上,女,二級,陽性
49058,40-49歲,男,二級,陽性
49059,40-49歲,男,無,陰性
49060,30-39歲,女,無,陰性
49061,40-49歲,男,無,陰性
49062,30-39歲,男,無,陰性
49063,60歲以上,女,無,陰性
49064,40-49歲,男,二級,陽性
49065,30-39歲,女,無,陰性
49066,30-39歲,女,無,陰性
49067,40-49歲,男,無,陰性
49068,40-49歲,男,無,陰性
49069,50-59歲,女,無,陰性
49070,40-49歲,男,無,陰性
49071,19歲以下,男,無,陰性
49072,19歲以下,男,無,陰性
49073,40-49歲,男,無,陰性
49074,30-39歲,男,無,陰性
49075,50-59歲,男,二級,陽性
49076,40-49歲,男,無,陰性
49077,30-39歲,男,無,陰性
49078,60歲以上,男,無,陰性
49079,40-49歲,男,無,陰性
49080,30-39歲,女,無,陰性
49081,60歲以上,女,三級,陽性
49082,20-29歲,男,無,陰性
49083,40-49歲,男,無,陰性
49084,50-59歲,男,無,陰性
49085,60歲以上,男,無,陰性
49086,50-59歲,男,無,陰性
49087,40-49歲,男,無,陰性
49088,40-49歲,男,無,陰性
49089,30-39歲,男,二級,陽性
49090,50-59歲,男,無,陰性
49091,20-29歲,男,二級,陽性
49092,50-59歲,男,二級,陽性
49093,50-59歲,男,無,陰性
49094,40-49歲,男,無,陰性
49095,50-59歲,男,無,陰性
49096,40-49歲,男,無,陰性
49097,40-49歲,男,二級,陽性
49098,20-29歲,男,無,陰性
49099,50-59歲,男,無,陰性
49100,20-29歲,男,無,陰性
49101,60歲以上,男,無,陰性
49102,40-49歲,男,無,陰性
49103,40-49歲,男,無,陰性
49104,40-49歲,男,無,陰性
49105,20-29歲,男,無,陰性
49106,40-49歲,男,無,陰性
49107,50-59歲,男,無,陰性
49108,40-49歲,女,三級,陽性
49109,40-49歲,女,無,陰性
49110,40-49歲,男,無,陰性
49111,20-29歲,男,無,陰性
49112,40-49歲,男,無,陰性
49113,30-39歲,女,無,陰性
49114,50-59歲,男,無,陰性
49115,50-59歲,男,無,陰性
49116,50-59歲,男,無,陰性
49117,30-39歲,男,無,陰性
49118,30-39歲,男,一級,陽性
49119,50-59歲,男,無,陰性
49120,30-39歲,男,無,陰性
49121,60歲以上,男,無,陰性
49122,50-59歲,男,二級,陽性
49123,50-59歲,男,無,陰性
49124,20-29歲,男,二級,陽性
49125,30-39歲,女,無,陰性
49126,40-49歲,男,無,陰性
49127,50-59歲,女,無,陰性
49128,40-49歲,男,無,陰性
49129,40-49歲,男,一級,陽性
49130,20-29歲,男,無,陰性
49131,50-59歲,女,無,陰性
49132,40-49歲,男,無,陰性
49133,40-49歲,男,二級,陽性
49134,30-39歲,男,無,陰性
49135,30-39歲,男,無,陰性
49136,40-49歲,男,二級,陽性
49137,40-49歲,男,無,陰性
49138,30-39歲,男,無,陰性
49139,60歲以上,男,無,陰性
49140,60歲以上,男,無,陰性
49141,30-39歲,女,二級,陽性
49142,30-39歲,男,二級,陽性
49143,40-49歲,男,無,陰性
49144,20-29歲,男,無,陰性
49145,30-39歲,男,無,陰性
49146,30-39歲,男,無,陰性
49147,50-59歲,男,無,陰性
49148,30-39歲,男,二級,陽性
49149,40-49歲,男,無,陰性
49150,40-49歲,男,無,陰性
49151,40-49歲,女,無,陰性
49152,40-49歲,男,無,陰性
49153,50-59歲,男,無,陰性
49154,40-49歲,女,三級,陽性
49155,30-39歲,男,無,陰性
49156,20-29歲,男,無,陰性
49157,30-39歲,男,無,陰性
49158,40-49歲,男,二級,陽性
49159,60歲以上,男,無,陰性
49160,40-49歲,男,無,陰性
49161,40-49歲,女,二級,陽性
49162,40-49歲,男,二級,陽性
49163,40-49歲,男,無,陰性
49164,40-49歲,男,無,陰性
49165,40-49歲,男,二級,陽性
49166,30-39歲,男,無,陰性
49167,40-49歲,男,二級,陽性
49168,40-49歲,男,無,陰性
49169,50-59歲,男,無,陰性
49170,30-39歲,男,無,陰性
49171,40-49歲,男,一級,陽性
49172,20-29歲,女,無,陰性
49173,40-49歲,男,無,陰性
49174,20-29歲,男,二級,陽性
49175,30-39歲,男,無,陰性
49176,50-59歲,男,無,陰性
49177,19歲以下,男,無,陰性
49178,50-59歲,男,無,陰性
49179,50-59歲,女,無,陰性
49180,40-49歲,女,無,陰性
49181,30-39歲,男,無,陰性
49182,50-59歲,女,無,陰性
49183,40-49歲,男,無,陰性
49184,50-59歲,男,無,陰性
49185,50-59歲,男,無,陰性
49186,30-39歲,女,二級,陽性
49187,30-39歲,男,無,陰性
49188,50-59歲,男,無,陰性
49189,50-59歲,女,無,陰性
49190,40-49歲,女,二級,陽性
49191,60歲以上,男,無,陰性
49192,40-49歲,男,無,陰性
49193,50-59歲,男,無,陰性
49194,50-59歲,男,無,陰性
49195,40-49歲,男,無,陰性
49196,40-49歲,男,無,陰性
49197,40-49歲,男,二級,陽性
49198,40-49歲,女,無,陰性
49199,40-49歲,女,二級,陽性
49200,40-49歲,男,無,陰性
49201,30-39歲,男,無,陰性
49202,50-59歲,女,無,陰性
49203,30-39歲,男,無,陰性
49204,30-39歲,男,無,陰性
49205,60歲以上,女,無,陰性
49206,40-49歲,男,無,陰性
49207,30-39歲,男,無,陰性
49208,40-49歲,男,二級,陽性
49209,50-59歲,男,三級,陽性
49210,60歲以上,男,無,陰性
49211,40-49歲,男,無,陰性
49212,20-29歲,男,無,陰性
49213,30-39歲,女,無,陰性
49214,60歲以上,男,無,陰性
49215,40-49歲,女,無,陰性
49216,40-49歲,女,三級,陽性
49217,40-49歲,女,無,陰性
49218,40-49歲,男,無,陰性
49219,20-29歲,男,無,陰性
49220,60歲以上,男,二級,陽性
49221,40-49歲,男,無,陰性
49222,50-59歲,男,無,陰性
49223,40-49歲,男,無,陰性
49224,30-39歲,女,無,陰性
49225,40-49歲,男,無,陰性
49226,50-59歲,男,無,陰性
49227,40-49歲,男,無,陰性
49228,30-39歲,女,二級,陽性
49229,40-49歲,男,二級,陽性
49230,20-29歲,男,無,陰性
49231,50-59歲,男,無,陰性
49232,40-49歲,男,無,陰性
49233,20-29歲,男,無,陰性
49234,40-49歲,男,無,陰性
49235,50-59歲,男,無,陰性
49236,50-59歲,女,二級,陽性
49237,20-29歲,男,無,陰性
49238,40-49歲,女,二級,陽性
49239,40-49歲,男,無,陰性
49240,50-59歲,男,無,陰性
49241,50-59歲,男,無,陰性
49242,40-49歲,男,無,陰性
49243,60歲以上,男,無,陰性
49244,30-39歲,男,無,陰性
49245,60歲以上,男,無,陰性
49246,20-29歲,男,無,陰性
49247,60歲以上,男,無,陰性
49248,40-49歲,男,無,陰性
49249,40-49歲,女,無,陰性
49250,30-39歲,男,無,陰性
49251,30-39歲,男,無,陰性
49252,40-49歲,男,無,陰性
49253,40-49歲,男,無,陰性
49254,60歲以上,男,無,陰性
49255,60歲以上,男,無,陰性
49256,20-29歲,男,無,陰性
49257,50-59歲,女,無,陰性
49258,40-49歲,男,無,陰性
49259,50-59歲,男,無,陰性
49260,60歲以上,男,無,陰性
49261,40-49歲,男,二級,陽性
49262,60歲以上,男,無,陰性
49263,40-49歲,男,二級,陽性
49264,20-29歲,男,無,陰性
49265,50-59歲,男,無,陰性
49266,30-39歲,男,無,陰性
49267,20-29歲,男,二級,陽性
49268,40-49歲,男,無,陰性
49269,30-39歲,女,無,陰性
49270,30-39歲,男,無,陰性
49271,30-39歲,女,無,陰性
49272,30-39歲,男,無,陰性
49273,50-59歲,男,無,陰性
49274,40-49歲,男,二級,陽性
49275,19歲以下,男,一級,陽性
49276,40-49歲,男,無,陰性
49277,40-49歲,男,無,陰性
49278,40-49歲,男,無,陰性
49279,50-59歲,男,無,陰性
49280,30-39歲,女,三級,陽性
49281,20-29歲,女,無,陰性
49282,40-49歲,男,無,陰性
49283,50-59歲,男,無,陰性
49284,60歲以上,男,無,陰性
49285,40-49歲,女,無,陰性
49286,60歲以上,男,二級,陽性
49287,40-49歲,男,無,陰性
49288,20-29歲,男,無,陰性
49289,30-39歲,男,二級,陽性
49290,40-49歲,女,無,陰性
49291,60歲以上,男,無,陰性
49292,30-39歲,女,無,陰性
49293,50-59歲,男,無,陰性
49294,30-39歲,男,無,陰性
49295,60歲以上,男,無,陰性
49296,20-29歲,男,無,陰性
49297,50-59歲,男,二級,陽性
49298,60歲以上,女,無,陰性
49299,40-49歲,男,無,陰性
49300,50-59歲,女,無,陰性
49301,60歲以上,男,二級,陽性
49302,20-29歲,男,無,陰性
49303,40-49歲,男,無,陰性
49304,40-49歲,男,無,陰性
49305,30-39歲,男,無,陰性
49306,50-59歲,男,無,陰性
49307,40-49歲,男,無,陰性
49308,30-39歲,男,無,陰性
49309,30-39歲,男,無,陰性
49310,20-29歲,女,無,陰性
49311,40-49歲,男,無,陰性
49312,40-49歲,男,無,陰性
49313,19歲以下,男,無,陰性
49314,40-49歲,女,三級,陽性
49315,30-39歲,男,無,陰性
49316,50-59歲,男,二級,陽性
49317,40-49歲,男,三級,陽性
49318,19歲以下,男,二級,陽性
49319,30-39歲,男,無,陰性
49320,50-59歲,男,無,陰性
49321,40-49歲,男,無,陰性
49322,40-49歲,男,二級,陽性
49323,50-59歲,女,無,陰性
49324,40-49歲,男,無,陰性
49325,40-49歲,女,無,陰性
49326,40-49歲,男,無,陰性
49327,20-29歲,女,無,陰性
49328,20-29歲,男,二級,陽性
49329,30-39歲,男,無,陰性
49330,20-29歲,男,一級,陽性
49331,50-59歲,男,無,陰性
49332,20-29歲,女,無,陰性
49333,20-29歲,男,二級,陽性
49334,60歲以上,男,無,陰性
49335,20-29歲,男,無,陰性
49336,40-49歲,男,無,陰性
49337,20-29歲,男,無,陰性
49338,50-59歲,男,無,陰性
49339,50-59歲,男,二級,陽性
49340,50-59歲,男,二級,陽性
49341,40-49歲,女,無,陰性
49342,30-39歲,男,無,陰性
49343,60歲以上,男,二級,陽性
49344,60歲以上,女,無,陰性
49345,40-49歲,男,無,陰性
49346,40-49歲,男,無,陰性
49347,40-49歲,女,無,陰性
49348,20-29歲,男,無,陰性
49349,19歲以下,男,二級,陽性
49350,60歲以上,男,一級,陽性
49351,50-59歲,男,無,陰性
49352,20-29歲,男,無,陰性
49353,50-59歲,男,二級,陽性
49354,40-49歲,男,無,陰性
49355,40-49歲,男,無,陰性
49356,50-59歲,男,無,陰性
49357,40-49歲,女,二級,陽性
49358,50-59歲,男,二級,陽性
49359,30-39歲,男,二級,陽性
49360,60歲以上,男,無,陰性
49361,30-39歲,男,無,陰性
49362,40-49歲,男,無,陰性
49363,20-29歲,女,無,陰性
49364,50-59歲,男,三級,陽性
49365,40-49歲,男,無,陰性
49366,50-59歲,男,無,陰性
49367,40-49歲,男,無,陰性
49368,40-49歲,男,無,陰性
49369,40-49歲,男,無,陰性
49370,30-39歲,男,一級,陽性
49371,50-59歲,男,二級,陽性
49372,20-29歲,男,無,陰性
49373,50-59歲,男,二級,陽性
49374,19歲以下,男,無,陰性
49375,30-39歲,男,無,陰性
49376,20-29歲,男,二級,陽性
49377,19歲以下,男,無,陰性
49378,40-49歲,男,二級,陽性
49379,40-49歲,男,二級,陽性
49380,40-49歲,男,二級,陽性
49381,50-59歲,男,二級,陽性
49382,30-39歲,男,無,陰性
49383,50-59歲,女,無,陰性
49384,60歲以上,男,無,陰性
49385,50-59歲,男,無,陰性
49386,30-39歲,男,無,陰性
49387,50-59歲,男,無,陰性
49388,30-39歲,女,無,陰性
49389,40-49歲,男,無,陰性
49390,20-29歲,男,二級,陽性
49391,50-59歲,男,無,陰性
49392,50-59歲,女,無,陰性
49393,30-39歲,男,無,陰性
49394,40-49歲,女,無,陰性
49395,40-49歲,男,無,陰性
49396,30-39歲,男,無,陰性
49397,60歲以上,女,二級,陽性
49398,60歲以上,女,無,陰性
49399,40-49歲,男,無,陰性
49400,30-39歲,男,二級,陽性
49401,50-59歲,男,二級,陽性
49402,40-49歲,男,無,陰性
49403,40-49歲,男,無,陰性
49404,40-49歲,男,一級,陽性
49405,40-49歲,女,無,陰性
49406,40-49歲,男,無,陰性
49407,50-59歲,女,無,陰性
49408,30-39歲,男,無,陰性
49409,50-59歲,男,無,陰性
49410,60歲以上,男,無,陰性
49411,50-59歲,男,無,陰性
49412,50-59歲,女,無,陰性
49413,40-49歲,男,無,陰性
49414,19歲以下,男,無,陰性
49415,60歲以上,男,無,陰性
49416,30-39歲,男,二級,陽性
49417,40-49歲,男,無,陰性
49418,60歲以上,男,無,陰性
49419,40-49歲,男,無,陰性
49420,40-49歲,男,無,陰性
49421,20-29歲,男,無,陰性
49422,40-49歲,男,無,陰性
49423,60歲以上,男,無,陰性
49424,50-59歲,男,二級,陽性
49425,30-39歲,男,無,陰性
49426,50-59歲,男,二級,陽性
49427,60歲以上,女,無,陰性
49428,50-59歲,男,二級,陽性
49429,50-59歲,男,無,陰性
49430,40-49歲,男,三級,陽性
49431,50-59歲,男,一級,陽性
49432,40-49歲,男,無,陰性
49433,20-29歲,男,三級,陽性
49434,30-39歲,男,三級,陽性
49435,40-49歲,男,無,陰性
49436,30-39歲,男,三級,陽性
49437,50-59歲,男,無,陰性
49438,60歲以上,女,無,陰性
49439,30-39歲,男,無,陰性
49440,40-49歲,男,三級,陽性
49441,40-49歲,男,無,陰性
49442,50-59歲,男,無,陰性
49443,40-49歲,男,無,陰性
49444,20-29歲,男,無,陰性
49445,40-49歲,男,無,陰性
49446,50-59歲,男,無,陰性
49447,30-39歲,男,無,陰性
49448,30-39歲,女,無,陰性
49449,40-49歲,男,無,陰性
49450,50-59歲,男,無,陰性
49451,30-39歲,男,無,陰性
49452,40-49歲,女,無,陰性
49453,40-49歲,男,無,陰性
49454,40-49歲,男,無,陰性
49455,40-49歲,男,無,陰性
49456,40-49歲,男,無,陰性
49457,50-59歲,女,無,陰性
49458,40-49歲,男,無,陰性
49459,50-59歲,男,無,陰性
49460,50-59歲,男,二級,陽性
49461,50-59歲,男,無,陰性
49462,30-39歲,男,無,陰性
49463,40-49歲,男,一級,陽性
49464,50-59歲,男,二級,陽性
49465,20-29歲,女,無,陰性
49466,60歲以上,男,二級,陽性
49467,40-49歲,男,無,陰性
49468,40-49歲,男,無,陰性
49469,50-59歲,男,二級,陽性
49470,40-49歲,男,二級,陽性
49471,40-49歲,男,三級,陽性
49472,19歲以下,男,無,陰性
49473,20-29歲,男,二級,陽性
49474,30-39歲,男,無,陰性
49475,20-29歲,男,無,陰性
49476,50-59歲,男,無,陰性
49477,50-59歲,男,無,陰性
49478,50-59歲,女,無,陰性
49479,40-49歲,男,無,陰性
49480,40-49歲,女,無,陰性
49481,30-39歲,男,無,陰性
49482,30-39歲,男,無,陰性
49483,40-49歲,男,無,陰性
49484,60歲以上,男,無,陰性
49485,40-49歲,男,無,陰性
49486,50-59歲,男,無,陰性
49487,30-39歲,男,無,陰性
49488,30-39歲,女,無,陰性
49489,40-49歲,男,無,陰性
49490,20-29歲,男,二級,陽性
49491,40-49歲,男,無,陰性
49492,50-59歲,女,二級,陽性
49493,40-49歲,男,無,陰性
49494,40-49歲,女,無,陰性
49495,40-49歲,男,二級,陽性
49496,50-59歲,男,無,陰性
49497,60歲以上,女,無,陰性
49498,20-29歲,男,無,陰性
49499,60歲以上,男,三級,陽性
49500,40-49歲,女,無,陰性
49501,60歲以上,女,無,陰性
49502,40-49歲,男,無,陰性
49503,40-49歲,男,無,陰性
49504,40-49歲,女,無,陰性
49505,50-59歲,男,無,陰性
49506,50-59歲,男,二級,陽性
49507,60歲以上,男,二級,陽性
49508,30-39歲,男,無,陰性
49509,30-39歲,男,二級,陽性
49510,60歲以上,女,無,陰性
49511,30-39歲,女,無,陰性
49512,40-49歲,男,無,陰性
49513,50-59歲,男,無,陰性
49514,50-59歲,男,無,陰性
49515,19歲以下,男,無,陰性
49516,20-29歲,男,二級,陽性
49517,30-39歲,女,無,陰性
49518,20-29歲,男,無,陰性
49519,19歲以下,男,無,陰性
49520,30-39歲,男,無,陰性
49521,40-49歲,男,無,陰性
49522,20-29歲,男,無,陰性
49523,40-49歲,男,無,陰性
49524,20-29歲,男,無,陰性
49525,40-49歲,女,無,陰性
49526,60歲以上,男,無,陰性
49527,30-39歲,男,無,陰性
49528,40-49歲,男,三級,陽性
49529,50-59歲,男,無,陰性
49530,50-59歲,男,無,陰性
49531,30-39歲,男,無,陰性
49532,60歲以上,男,三級,陽性
49533,50-59歲,男,無,陰性
49534,20-29歲,男,無,陰性
49535,30-39歲,男,二級,陽性
49536,50-59歲,男,無,陰性
49537,40-49歲,男,無,陰性
49538,40-49歲,男,無,陰性
49539,20-29歲,男,無,陰性
49540,40-49歲,男,二級,陽性
49541,50-59歲,男,無,陰性
49542,50-59歲,男,無,陰性
49543,50-59歲,女,無,陰性
49544,60歲以上,男,無,陰性
49545,40-49歲,男,無,陰性
49546,40-49歲,男,無,陰性
49547,50-59歲,男,無,陰性
49548,40-49歲,男,二級,陽性
49549,50-59歲,男,無,陰性
49550,50-59歲,男,無,陰性
49551,40-49歲,男,無,陰性
49552,30-39歲,男,無,陰性
49553,60歲以上,男,一級,陽性
49554,60歲以上,男,無,陰性
49555,19歲以下,男,無,陰性
49556,19歲以下,男,無,陰性
49557,50-59歲,男,無,陰性
49558,40-49歲,女,無,陰性
49559,50-59歲,女,二級,陽性
49560,30-39歲,女,無,陰性
49561,40-49歲,男,無,陰性
49562,40-49歲,男,無,陰性
49563,40-49歲,女,二級,陽性
49564,40-49歲,女,無,陰性
49565,20-29歲,男,二級,陽性
49566,30-39歲,男,二級,陽性
49567,40-49歲,男,三級,陽性
49568,50-59歲,男,無,陰性
49569,40-49歲,女,無,陰性
49570,50-59歲,男,無,陰性
49571,20-29歲,男,無,陰性
49572,20-29歲,男,二級,陽性
49573,40-49歲,男,無,陰性
49574,50-59歲,男,無,陰性
49575,40-49歲,男,無,陰性
49576,50-59歲,男,無,陰性
49577,50-59歲,男,無,陰性
49578,50-59歲,男,無,陰性
49579,30-39歲,男,三級,陽性
49580,40-49歲,男,無,陰性
49581,30-39歲,女,二級,陽性
49582,40-49歲,男,無,陰性
49583,30-39歲,男,無,陰性
49584,40-49歲,男,無,陰性
49585,50-59歲,男,無,陰性
49586,50-59歲,男,無,陰性
49587,40-49歲,女,無,陰性
49588,40-49歲,男,二級,陽性
49589,50-59歲,女,無,陰性
49590,20-29歲,女,二級,陽性
49591,20-29歲,男,二級,陽性
49592,50-59歲,男,無,陰性
49593,40-49歲,男,無,陰性
49594,40-49歲,男,無,陰性
49595,50-59歲,男,無,陰性
49596,60歲以上,女,無,陰性
49597,40-49歲,男,二級,陽性
49598,50-59歲,男,無,陰性
49599,20-29歲,男,無,陰性
49600,40-49歲,男,二級,陽性
49601,20-29歲,男,無,陰性
49602,40-49歲,女,無,陰性
49603,60歲以上,女,無,陰性
49604,50-59歲,男,無,陰性
49605,19歲以下,女,無,陰性
49606,40-49歲,男,無,陰性
49607,20-29歲,男,無,陰性
49608,40-49歲,男,無,陰性
49609,40-49歲,男,無,陰性
49610,40-49歲,男,無,陰性
49611,50-59歲,女,無,陰性
49612,50-59歲,男,無,陰性
49613,30-39歲,男,無,陰性
49614,40-49歲,男,無,陰性
49615,30-39歲,男,三級,陽性
49616,50-59歲,男,二級,陽性
49617,40-49歲,男,無,陰性
49618,30-39歲,男,無,陰性
49619,40-49歲,男,二級,陽性
49620,50-59歲,男,一級,陽性
49621,30-39歲,女,無,陰性
49622,50-59歲,男,三級,陽性
49623,50-59歲,男,無,陰性
49624,30-39歲,男,二級,陽性
49625,50-59歲,男,無,陰性
49626,30-39歲,女,無,陰性
49627,60歲以上,男,無,陰性
49628,30-39歲,男,無,陰性
49629,30-39歲,女,無,陰性
49630,40-49歲,女,無,陰性
49631,50-59歲,男,無,陰性
49632,30-39歲,女,無,陰性
49633,40-49歲,男,無,陰性
49634,60歲以上,男,無,陰性
49635,50-59歲,女,無,陰性
49636,40-49歲,男,無,陰性
49637,50-59歲,男,無,陰性
49638,60歲以上,女,無,陰性
49639,40-49歲,男,無,陰性
49640,40-49歲,女,無,陰性
49641,40-49歲,女,無,陰性
49642,20-29歲,男,無,陰性
49643,50-59歲,男,無,陰性
49644,20-29歲,男,無,陰性
49645,50-59歲,男,無,陰性
49646,40-49歲,男,二級,陽性
49647,40-49歲,男,無,陰性
49648,50-59歲,男,無,陰性
49649,50-59歲,女,無,陰性
49650,40-49歲,男,無,陰性
49651,60歲以上,男,無,陰性
49652,60歲以上,男,無,陰性
49653,40-49歲,男,無,陰性
49654,30-39歲,男,無,陰性
49655,40-49歲,男,無,陰性
49656,20-29歲,男,二級,陽性
49657,60歲以上,女,三級,陽性
49658,40-49歲,男,無,陰性
49659,30-39歲,女,二級,陽性
49660,60歲以上,男,無,陰性
49661,40-49歲,女,無,陰性
49662,60歲以上,男,無,陰性
49663,50-59歲,男,三級,陽性
49664,50-59歲,男,無,陰性
49665,20-29歲,女,二級,陽性
49666,20-29歲,男,二級,陽性
49667,60歲以上,男,無,陰性
49668,20-29歲,男,二級,陽性
49669,50-59歲,男,無,陰性
49670,30-39歲,男,三級,陽性
49671,50-59歲,男,無,陰性
49672,30-39歲,男,無,陰性
49673,40-49歲,男,無,陰性
49674,50-59歲,男,二級,陽性
49675,50-59歲,男,無,陰性
49676,40-49歲,男,無,陰性
49677,50-59歲,男,無,陰性
49678,50-59歲,男,無,陰性
49679,40-49歲,男,無,陰性
49680,60歲以上,男,無,陰性
49681,40-49歲,男,無,陰性
49682,60歲以上,男,無,陰性
49683,30-39歲,男,三級,陽性
49684,40-49歲,男,二級,陽性
49685,40-49歲,女,無,陰性
49686,40-49歲,男,無,陰性
49687,40-49歲,男,無,陰性
49688,20-29歲,男,二級,陽性
49689,40-49歲,男,無,陰性
49690,30-39歲,女,二級,陽性
49691,40-49歲,男,無,陰性
49692,50-59歲,女,二級,陽性
49693,40-49歲,男,無,陰性
49694,40-49歲,女,二級,陽性
49695,50-59歲,女,二級,陽性
49696,30-39歲,男,無,陰性
49697,20-29歲,男,二級,陽性
49698,60歲以上,男,無,陰性
49699,40-49歲,男,無,陰性
49700,50-59歲,女,無,陰性
49701,50-59歲,男,無,陰性
49702,20-29歲,男,無,陰性
49703,40-49歲,男,二級,陽性
49704,30-39歲,男,無,陰性
49705,40-49歲,男,無,陰性
49706,20-29歲,男,二級,陽性
49707,30-39歲,男,三級,陽性
49708,20-29歲,男,無,陰性
49709,19歲以下,男,無,陰性
49710,40-49歲,男,二級,陽性
49711,50-59歲,女,無,陰性
49712,60歲以上,女,無,陰性
49713,60歲以上,男,無,陰性
49714,20-29歲,男,無,陰性
49715,50-59歲,女,二級,陽性
49716,40-49歲,男,無,陰性
49717,50-59歲,男,無,陰性
49718,50-59歲,男,無,陰性
49719,40-49歲,男,無,陰性
49720,19歲以下,男,二級,陽性
49721,40-49歲,男,無,陰性
49722,20-29歲,男,無,陰性
49723,50-59歲,男,無,陰性
49724,20-29歲,男,無,陰性
49725,60歲以上,男,無,陰性
49726,50-59歲,男,無,陰性
49727,50-59歲,男,無,陰性
49728,40-49歲,男,無,陰性
49729,40-49歲,女,二級,陽性
49730,40-49歲,男,三級,陽性
49731,60歲以上,男,二級,陽性
49732,40-49歲,男,二級,陽性
49733,20-29歲,男,無,陰性
49734,50-59歲,男,無,陰性
49735,40-49歲,男,二級,陽性
49736,50-59歲,男,一級,陽性
49737,40-49歲,男,無,陰性
49738,50-59歲,女,無,陰性
49739,40-49歲,男,無,陰性
49740,50-59歲,男,無,陰性
49741,40-49歲,女,無,陰性
49742,50-59歲,男,無,陰性
49743,50-59歲,男,無,陰性
49744,20-29歲,男,無,陰性
49745,30-39歲,男,二級,陽性
49746,50-59歲,男,無,陰性
49747,40-49歲,男,一級,陽性
49748,40-49歲,男,二級,陽性
49749,30-39歲,男,無,陰性
49750,30-39歲,男,一級,陽性
49751,30-39歲,男,無,陰性
49752,60歲以上,女,無,陰性
49753,40-49歲,男,二級,陽性
49754,20-29歲,男,無,陰性
49755,40-49歲,男,無,陰性
49756,30-39歲,男,二級,陽性
49757,50-59歲,女,無,陰性
49758,50-59歲,男,無,陰性
49759,40-49歲,男,無,陰性
49760,40-49歲,女,無,陰性
49761,40-49歲,男,無,陰性
49762,40-49歲,男,二級,陽性
49763,40-49歲,男,無,陰性
49764,50-59歲,男,二級,陽性
49765,40-49歲,男,無,陰性
49766,30-39歲,男,無,陰性
49767,40-49歲,男,無,陰性
49768,30-39歲,男,二級,陽性
49769,60歲以上,男,二級,陽性
49770,50-59歲,女,無,陰性
49771,30-39歲,女,二級,陽性
49772,30-39歲,男,一級,陽性
49773,50-59歲,男,無,陰性
49774,20-29歲,男,無,陰性
49775,40-49歲,男,無,陰性
49776,40-49歲,男,無,陰性
49777,40-49歲,女,無,陰性
49778,60歲以上,男,一級,陽性
49779,40-49歲,男,二級,陽性
49780,40-49歲,男,無,陰性
49781,40-49歲,男,無,陰性
49782,40-49歲,男,二級,陽性
49783,50-59歲,男,無,陰性
49784,40-49歲,女,二級,陽性
49785,40-49歲,男,無,陰性
49786,50-59歲,男,無,陰性
49787,19歲以下,男,三級,陽性
49788,40-49歲,女,無,陰性
49789,40-49歲,男,無,陰性
49790,30-39歲,男,無,陰性
49791,19歲以下,男,無,陰性
49792,40-49歲,男,三級,陽性
49793,20-29歲,男,無,陰性
49794,30-39歲,男,二級,陽性
49795,30-39歲,男,無,陰性
49796,50-59歲,男,無,陰性
49797,30-39歲,男,無,陰性
49798,40-49歲,男,無,陰性
49799,40-49歲,男,二級,陽性
49800,60歲以上,女,無,陰性
49801,19歲以下,男,無,陰性
49802,20-29歲,男,三級,陽性
49803,40-49歲,男,無,陰性
49804,40-49歲,男,無,陰性
49805,50-59歲,女,無,陰性
49806,60歲以上,女,無,陰性
49807,60歲以上,男,無,陰性
49808,40-49歲,女,無,陰性
49809,30-39歲,男,無,陰性
49810,50-59歲,男,無,陰性
49811,50-59歲,男,無,陰性
49812,50-59歲,男,二級,陽性
49813,40-49歲,男,無,陰性
49814,40-49歲,男,無,陰性
49815,30-39歲,男,無,陰性
49816,60歲以上,男,無,陰性
49817,20-29歲,女,無,陰性
49818,60歲以上,男,無,陰性
49819,40-49歲,男,無,陰性
49820,40-49歲,男,無,陰性
49821,60歲以上,男,無,陰性
49822,30-39歲,男,無,陰性
49823,40-49歲,男,無,陰性
49824,40-49歲,男,無,陰性
49825,30-39歲,男,無,陰性
49826,40-49歲,女,無,陰性
49827,20-29歲,男,無,陰性
49828,20-29歲,女,無,陰性
49829,30-39歲,男,無,陰性
49830,50-59歲,男,無,陰性
49831,40-49歲,男,無,陰性
49832,30-39歲,男,二級,陽性
49833,50-59歲,男,二級,陽性
49834,50-59歲,女,無,陰性
49835,40-49歲,男,三級,陽性
49836,30-39歲,男,無,陰性
49837,40-49歲,男,無,陰性
49838,60歲以上,男,無,陰性
49839,30-39歲,男,無,陰性
49840,20-29歲,男,無,陰性
49841,60歲以上,男,無,陰性
49842,40-49歲,男,二級,陽性
49843,40-49歲,男,二級,陽性
49844,40-49歲,男,無,陰性
49845,50-59歲,女,無,陰性
49846,40-49歲,女,無,陰性
49847,19歲以下,男,無,陰性
49848,60歲以上,男,無,陰性
49849,50-59歲,男,無,陰性
49850,50-59歲,男,二級,陽性
49851,60歲以上,男,無,陰性
49852,40-49歲,男,三級,陽性
49853,30-39歲,男,無,陰性
49854,20-29歲,男,無,陰性
49855,40-49歲,男,三級,陽性
49856,60歲以上,男,無,陰性
49857,20-29歲,女,無,陰性
49858,20-29歲,女,三級,陽性
49859,50-59歲,男,無,陰性
49860,30-39歲,男,二級,陽性
49861,20-29歲,男,無,陰性
49862,40-49歲,女,無,陰性
49863,30-39歲,男,無,陰性
49864,40-49歲,男,二級,陽性
49865,50-59歲,男,無,陰性
49866,40-49歲,男,無,陰性
49867,50-59歲,男,無,陰性
49868,50-59歲,男,無,陰性
49869,50-59歲,男,無,陰性
49870,50-59歲,男,無,陰性
49871,50-59歲,男,無,陰性
49872,50-59歲,女,無,陰性
49873,50-59歲,男,無,陰性
49874,40-49歲,男,無,陰性
49875,20-29歲,男,無,陰性
49876,40-49歲,男,無,陰性
49877,60歲以上,男,二級,陽性
49878,40-49歲,男,二級,陽性
49879,60歲以上,女,無,陰性
49880,30-39歲,男,無,陰性
49881,50-59歲,男,三級,陽性
49882,30-39歲,男,無,陰性
49883,20-29歲,男,無,陰性
49884,20-29歲,男,無,陰性
49885,50-59歲,男,無,陰性
49886,40-49歲,男,無,陰性
49887,40-49歲,男,無,陰性
49888,50-59歲,男,二級,陽性
49889,40-49歲,女,無,陰性
49890,60歲以上,男,無,陰性
49891,40-49歲,男,無,陰性
49892,50-59歲,男,無,陰性
49893,60歲以上,男,無,陰性
49894,20-29歲,男,二級,陽性
49895,40-49歲,女,無,陰性
49896,60歲以上,男,無,陰性
49897,60歲以上,男,無,陰性
49898,40-49歲,男,無,陰性
49899,40-49歲,男,一級,陽性
49900,60歲以上,女,無,陰性
49901,40-49歲,男,無,陰性
49902,40-49歲,女,無,陰性
49903,30-39歲,男,無,陰性
49904,40-49歲,男,無,陰性
49905,50-59歲,男,無,陰性
49906,20-29歲,男,無,陰性
49907,50-59歲,男,無,陰性
49908,40-49歲,女,無,陰性
49909,40-49歲,男,無,陰性
49910,30-39歲,男,無,陰性
49911,40-49歲,男,無,陰性
49912,30-39歲,男,無,陰性
49913,60歲以上,男,無,陰性
49914,50-59歲,男,無,陰性
49915,60歲以上,女,無,陰性
49916,20-29歲,男,無,陰性
49917,50-59歲,女,二級,陽性
49918,40-49歲,男,無,陰性
49919,30-39歲,男,三級,陽性
49920,40-49歲,男,二級,陽性
49921,30-39歲,男,無,陰性
49922,50-59歲,男,二級,陽性
49923,40-49歲,男,無,陰性
49924,40-49歲,男,無,陰性
49925,50-59歲,男,無,陰性
49926,40-49歲,男,無,陰性
49927,60歲以上,男,無,陰性
49928,30-39歲,男,無,陰性
49929,19歲以下,男,無,陰性
49930,40-49歲,男,無,陰性
49931,50-59歲,男,無,陰性
49932,60歲以上,男,無,陰性
49933,50-59歲,女,無,陰性
49934,30-39歲,男,無,陰性
49935,40-49歲,男,無,陰性
49936,50-59歲,男,無,陰性
49937,30-39歲,男,無,陰性
49938,20-29歲,男,無,陰性
49939,60歲以上,男,無,陰性
49940,60歲以上,男,無,陰性
49941,50-59歲,女,二級,陽性
49942,30-39歲,男,一級,陽性
49943,30-39歲,女,無,陰性
49944,50-59歲,女,無,陰性
49945,20-29歲,女,無,陰性
49946,50-59歲,男,三級,陽性
49947,40-49歲,男,二級,陽性
49948,50-59歲,男,無,陰性
49949,40-49歲,男,二級,陽性
49950,40-49歲,男,無,陰性
49951,50-59歲,男,無,陰性
49952,40-49歲,男,無,陰性
49953,40-49歲,男,無,陰性
49954,20-29歲,男,無,陰性
49955,50-59歲,男,無,陰性
49956,40-49歲,男,無,陰性
49957,40-49歲,男,一級,陽性
49958,40-49歲,男,無,陰性
49959,19歲以下,男,無,陰性
49960,40-49歲,男,無,陰性
49961,40-49歲,女,無,陰性
49962,50-59歲,女,無,陰性
49963,40-49歲,男,無,陰性
49964,40-49歲,女,無,陰性
49965,50-59歲,男,無,陰性
49966,50-59歲,女,無,陰性
49967,40-49歲,男,無,陰性
49968,50-59歲,男,三級,陽性
49969,40-49歲,男,無,陰性
49970,40-49歲,男,無,陰性
49971,30-39歲,男,無,陰性
49972,40-49歲,男,無,陰性
49973,40-49歲,女,三級,陽性
49974,50-59歲,男,無,陰性
49975,40-49歲,男,無,陰性
49976,40-49歲,男,無,陰性
49977,40-49歲,男,無,陰性
49978,30-39歲,男,一級,陽性
49979,19歲以下,男,無,陰性
49980,40-49歲,女,三級,陽性
49981,40-49歲,男,無,陰性
49982,40-49歲,女,無,陰性
49983,60歲以上,男,二級,陽性
49984,50-59歲,女,無,陰性
49985,50-59歲,女,無,陰性
49986,30-39歲,女,無,陰性
49987,40-49歲,男,無,陰性
49988,40-49歲,男,無,陰性
49989,40-49歲,男,無,陰性
49990,40-49歲,男,無,陰性
49991,19歲以下,男,無,陰性
49992,50-59歲,女,無,陰性
49993,19歲以下,男,二級,陽性
49994,40-49歲,男,無,陰性
49995,30-39歲,男,無,陰性
49996,20-29歲,男,三級,陽性
49997,30-39歲,男,無,陰性
49998,40-49歲,男,無,陰性
49999,30-39歲,男,無,陰性
50000,50-59歲,男,無,陰性
