master_id,hashed_id,event_date,event_hour,county,district,lat_raw,lon_raw,vehicle_type,is_drug_related,suspect_age_group,suspect_gender,casualty_count,prior_offense_flag
2,eb1d81d14c34c3a8,2025/12/13,9,新竹縣,五峰鄉,24.631199,121.119709,小客車(含客、貨兩用)-自用,1,19歲以下,男,1,1
4,febf2d51ced4bfa9,2025/9/10,17,桃園市,大園區,25.073423,121.259463,小客車(含客、貨兩用)-租賃車,1,40-49歲,女,2,1
16,1af8d871dca75815,2025/7/4,16,新北市,石碇區,24.942503,121.666031,大客車-營業用,1,20-29歲,男,2,1
20,b55b42fe3487d14a,2025/9/3,8,高雄市,大寮區,22.602839,120.398762,機車-普通重型,1,40-49歲,男,1,1
30,2a0cfcb57229fd47,2025/3/22,10,新北市,中和區,24.993907,121.498652,機車-普通重型,1,30-39歲,男,1,1
31,651ff7e5d0776924,2025/10/22,18,高雄市,鳳山區,22.644195,120.366013,小客車(含客、貨兩用)-自用,1,20-29歲,男,1,1
33,068b9035185521c5,2025/6/21,9,彰化縣,彰化市,24.070815,120.532117,小客車(含客、貨兩用)-自用,1,40-49歲,男,1,0
38,3e6a22a632bbd3b5,2025/8/8,11,臺北市,北投區,25.121698,121.52332,小客車(含客、貨兩用)-自用,1,40-49歲,男,1,0
43,7e3bb31b76478549,2025/9/19,17,宜蘭縣,羅東鎮,24.66867,121.771885,小客車(含客、貨兩用)-自用,1,60歲以上,男,2,1
46,fcf909924faa1110,2025/5/11,9,桃園市,中壢區,24.988361,121.181055,機車-普通重型,1,40-49歲,女,1,1
49,cf98f394132b44de,2025/1/24,21,桃園市,桃園區,25.029638,121.299391,小客車(含客、貨兩用)-自用,1,40-49歲,男,1,1
52,05ba80aaec0bd5c1,2025/9/16,10,高雄市,鳳山區,22.600006,120.338643,機車-普通重型,1,30-39歲,男,1,1
85,0d1c1e0c13091814,2025/1/25,7,新北市,新莊區,25.029929,121.413332,小客車(含客、貨兩用)-自用,1,50-59歲,男,1,1
88,18af6aefddebdb4d,2025/1/27,19,新北市,永和區,25.018187,121.514939,機車-普通重型,1,40-49歲,男,1,1
103,cb842065a7cf887a,2025/6/13,8,臺中市,東區,24.135687,120.688323,機車-普通重型,1,40-49歲,男,1,1
109,83a5c6ee325fecb3,2025/9/6,7,雲林縣,虎尾鎮,23.706488,120.425042,機車-普通重型,1,60歲以上,女,1,1
110,670c0ebc30b1ed97,2025/8/16,11,彰化縣,彰化市,24.077401,120.541643,小客車(含客、貨兩用)-自用,1,50-59歲,男,1,1
111,39eb523f88f8ea36,2025/1/15,22,臺南市,中西區,22.991187,120.193561,機車-普通重型,1,50-59歲,男,1,1
127,da4659dfc92d4839,2025/4/14,9,臺中市,大里區,24.09865,120.717604,大貨車-營業用,1,40-49歲,男,1,1
133,4419f66be083518e,2025/5/24,10,高雄市,岡山區,22.791996,120.296617,小客車(含客、貨兩用)-自用,1,20-29歲,女,1,1
141,a1c7af06d7892c83,2025/4/25,22,雲林縣,古坑鄉,23.616661,120.541704,機車-普通重型,1,60歲以上,男,1,1
142,c7882d3d49a09311,2025/7/24,20,新北市,淡水區,25.171873,121.437708,小客車(含客、貨兩用)-自用,1,50-59歲,男,1,1
145,9168ce7908d5d9a6,2025/7/9,17,臺南市,善化區,23.130237,120.300454,機車-普通重型,1,40-49歲,男,1,1
147,458ec619c3a00a61,2025/2/8,15,新北市,樹林區,25.000541,121.429721,小客車(含客、貨兩用)-自用,1,50-59歲,女,1,1
150,7521abdbca2f48d0,2025/9/11,19,高雄市,田寮區,22.88512,120.425737,機車-普通重型,1,40-49歲,男,1,1
168,fb34d5f6c394f027,2025/1/4,11,新北市,板橋區,25.022253,121.485541,機車-普通重型,1,30-39歲,男,2,1
181,384535e6a0986c35,2025/12/8,17,桃園市,八德區,24.98258,121.312004,機車-普通重型,1,30-39歲,男,2,1
183,fcc7b63bfdb70b93,2025/2/25,8,苗栗縣,竹南鎮,24.672068,120.866748,機車-普通重型,1,40-49歲,男,2,1
185,c6ec87169c9ad922,2025/8/1,7,臺中市,大雅區,24.224785,120.645344,機車-普通重型,1,50-59歲,男,1,1
193,d570b1677a53afb6,2025/12/24,21,嘉義市,西區,23.487381,120.426453,機車-普通重型,1,40-49歲,女,1,1
216,3d7b2472d0324a95,2025/11/16,9,臺中市,大雅區,24.213289,120.649609,小客車(含客、貨兩用)-自用,1,19歲以下,女,1,0
219,d523a38df8afa32d,2025/1/18,21,高雄市,左營區,22.6817,120.3135,小客車(含客、貨兩用)-自用,1,50-59歲,男,1,1
222,db55a13cbf014c39,2025/11/7,18,高雄市,大寮區,22.586539,120.404479,機車-普通重型,1,50-59歲,女,1,1
224,86cee725735d87c8,2025/11/4,18,雲林縣,麥寮鄉,23.748567,120.256353,機車-普通重型,1,50-59歲,男,2,1
228,f0d286608d3bd089,2025/9/22,21,新北市,土城區,24.977901,121.459959,小客車(含客、貨兩用)-自用,1,20-29歲,男,1,1
237,81295b6fba6f1601,2025/7/6,18,臺中市,北屯區,24.159363,120.726935,機車-普通重型,1,19歲以下,男,1,1
252,5b7ac16f7e4dc943,2025/9/10,12,臺北市,內湖區,25.068849,121.613513,機車-普通重型,1,30-39歲,男,1,1
255,8f44ec6090a2f8f1,2025/9/9,19,新北市,三重區,25.052652,121.485989,機車-普通重型,1,40-49歲,男,2,1
262,5a10f2b97c1d6fb4,2025/11/12,7,嘉義縣,新港鄉,23.551871,120.351083,小客車(含客、貨兩用)-自用,1,30-39歲,女,1,1
265,3dcdf6e8e220b520,2025/12/13,16,高雄市,苓雅區,22.61672,120.3248,機車-普通重型,1,20-29歲,女,1,1
275,7906762255b4f3f1,2025/3/27,19,高雄市,鳳山區,22.62735,120.3561,機車-普通重型,1,40-49歲,男,1,1
287,037efddf96050fed,2025/10/27,6,雲林縣,四湖鄉,23.634909,120.169963,機車-普通重型,1,50-59歲,男,1,1
302,66a597e0bd56bd61,2025/10/31,7,高雄市,岡山區,22.793968,120.295873,小客車(含客、貨兩用)-自用,1,30-39歲,女,1,1
341,e31f2cd3c2f6a2a3,2025/9/19,17,臺南市,永康區,23.045952,120.239829,小客車(含客、貨兩用)-自用,1,50-59歲,男,1,1
344,bfc398c079786167,2025/8/26,10,桃園市,桃園區,25.002976,121.300772,機車-普通重型,1,40-49歲,女,2,1
370,c4beec37be9a061d,2025/8/18,22,桃園市,中壢區,24.954379,121.237147,小客車(含客、貨兩用)-自用,1,50-59歲,男,2,1
394,8322e71232bfe189,2025/3/26,3,臺北市,大安區,25.042089,121.551909,機車-普通重型,1,19歲以下,男,1,1
431,555ebcb6050bbca3,2025/9/11,9,南投縣,仁愛鄉,24.101308,121.186877,機車-普通重型,1,40-49歲,男,2,1
443,2394f63a39986366,2025/4/30,20,臺中市,南屯區,24.13204,120.649991,小客車(含客、貨兩用)-自用,1,40-49歲,女,1,0
457,fa0d8fab3556b59b,2025/12/19,18,臺北市,中正區,25.047326,121.509711,小客車(含客、貨兩用)-自用,1,30-39歲,男,1,1
459,4d3ab79885bf4388,2025/12/7,14,彰化縣,埤頭鄉,23.958482,120.506565,小客車(含客、貨兩用)-自用,1,40-49歲,男,4,1
466,770625ce0634e25b,2025/12/31,20,新北市,新莊區,25.02255,121.421786,機車-普通重型,1,30-39歲,女,1,1
469,105157ffb83443c3,2025/5/14,21,新北市,中和區,24.996098,121.489463,小客車(含客、貨兩用)-自用,1,30-39歲,男,1,0
476,5157ee487f076900,2025/7/31,11,基隆市,七堵區,25.107936,121.732811,機車-普通重型,1,40-49歲,男,1,1
480,97a2d292f932c547,2025/2/11,15,桃園市,桃園區,24.993432,121.307203,小客車(含客、貨兩用)-自用,1,19歲以下,男,1,1
494,98818f3a795f0437,2025/8/8,13,新北市,樹林區,25.009478,121.481254,小客車(含客、貨兩用)-自用,1,40-49歲,男,1,1
503,d92c40ae0be3a5e7,2025/12/6,10,臺南市,仁德區,22.96996,120.255908,機車-普通重型,1,20-29歲,男,2,1
505,089b92f24e417a98,2025/10/6,14,彰化縣,永靖鄉,23.914756,120.538638,機車-普通重型,1,30-39歲,男,2,1
506,d34e3fbbf1c155fe,2025/12/5,9,雲林縣,麥寮鄉,23.761101,120.264382,機車-普通重型,1,40-49歲,女,1,0
516,e35b745a88bb70eb,2025/8/24,7,高雄市,大寮區,22.582685,120.420073,機車-普通重型,1,40-49歲,男,1,1
554,e3210631814338f2,2025/5/1,1,新北市,板橋區,25.006173,121.459662,機車-普通重型,1,40-49歲,男,1,1
564,07c12742da80b5d9,2025/10/30,16,屏東縣,東港鎮,22.480656,120.467033,機車-普通重型,1,50-59歲,女,1,1
577,8a91d7e02bfc7870,2025/11/3,14,彰化縣,埔心鄉,23.947464,120.563613,小客車(含客、貨兩用)-租賃車,1,40-49歲,男,1,1
578,853deecb9271040f,2025/12/24,19,新北市,汐止區,25.069499,121.662794,小客車(含客、貨兩用)-自用,1,30-39歲,男,1,1
588,3395569419486695,2025/3/25,13,彰化縣,福興鄉,24.048771,120.441152,機車-普通重型,1,40-49歲,男,2,1
595,f8bdd36b504421a6,2025/10/24,16,桃園市,龜山區,25.027907,121.33072,機車-普通重型,1,40-49歲,男,1,1
608,a075f49ee2f8f442,2025/10/3,15,臺中市,西區,24.153191,120.666927,小客車(含客、貨兩用)-自用,1,50-59歲,男,1,1
628,acf720be20950d65,2025/9/18,8,南投縣,南投市,23.958037,120.687816,小客車(含客、貨兩用)-自用,1,30-39歲,男,1,1
630,bd66073c2a6b6ba8,2025/1/18,14,臺北市,松山區,25.052116,121.559188,機車-普通重型,1,40-49歲,男,3,1
659,fe7635405516bbb3,2025/5/28,8,桃園市,中壢區,24.950123,121.260308,機車-普通重型,1,30-39歲,男,2,1
662,8e80995ce3b93951,2025/10/30,9,臺中市,南屯區,24.120736,120.631463,機車-普通重型,1,19歲以下,男,1,1
663,9167975621833b49,2025/9/21,19,桃園市,平鎮,24.927276,121.227338,機車-普通重型,1,40-49歲,男,2,1
682,0dd4f20694b9e267,2025/6/30,19,嘉義縣,新港鄉,23.529056,120.339755,小客車(含客、貨兩用)-自用,1,50-59歲,男,2,1
693,e84874e244c062d6,2025/7/21,23,臺中市,大里區,24.083292,120.697478,機車-普通重型,1,20-29歲,男,2,0
697,9319250d85f44817,2025/1/19,6,桃園市,桃園區,25.003957,121.296567,機車-普通重型,1,50-59歲,男,2,1
708,0dcd81be49aa9c31,2025/2/18,11,桃園市,龜山區,25.039006,121.373521,小客車(含客、貨兩用)-自用,1,50-59歲,男,1,0
713,e14e9dcf29e6d8dd,2025/11/20,11,新北市,新莊區,25.025923,121.434996,小客車(含客、貨兩用)-自用,1,60歲以上,男,1,1
714,a79947c00dc848d0,2025/8/10,18,嘉義縣,水上鄉,23.449333,120.412027,機車-普通重型,1,40-49歲,男,3,1
717,3ad8a03f2fd9ed28,2025/8/24,16,基隆市,仁愛區,25.116835,121.74324,小客車(含客、貨兩用)-自用,1,30-39歲,女,1,1
724,5b13e6f1847a3254,2025/2/1,22,新竹縣,竹北市,24.822691,121.010455,機車-普通重型,1,60歲以上,男,1,1
727,5b58e4ef47765614,2025/5/30,17,新北市,萬里區,25.212898,121.646051,小客車(含客、貨兩用)-自用,1,30-39歲,男,1,1
732,460ab017ddb83ed1,2025/9/30,10,基隆市,七堵區,25.111974,121.727365,小貨車-營業用,1,60歲以上,女,1,1
733,754a91d994fdeffd,2025/10/22,3,高雄市,大社區,22.731675,120.340879,機車-普通重型,1,50-59歲,男,1,1
757,628f629dddb002cd,2025/9/21,15,臺中市,東區,24.12955,120.706427,機車-普通重型,1,40-49歲,男,1,1
771,4d7f26bb9f1b2b59,2025/6/30,15,臺東縣,臺東市,22.751169,121.155645,機車-普通重型,1,50-59歲,男,2,1
790,892de157ed08c247,2025/4/25,11,新北市,中和區,24.998804,121.487974,機車-普通重型,1,50-59歲,男,1,0
794,d4c5f01cede264bf,2025/4/19,17,新北市,新莊區,25.042082,121.445796,機車-普通重型,1,20-29歲,男,2,1
803,bb525334749727fa,2025/3/11,21,嘉義縣,民雄鄉,23.550395,120.423421,小客車(含客、貨兩用)-自用,1,60歲以上,男,2,0
804,62fdcd66c35a7009,2025/11/13,19,新北市,新莊區,25.051685,121.464412,小客車(含客、貨兩用)-自用,1,40-49歲,男,1,1
812,3d46ac0b3d4bcd2f,2025/9/24,23,彰化縣,彰化市,24.082352,120.546282,小客車(含客、貨兩用)-自用,1,20-29歲,男,2,1
829,ce5954536b0f260c,2025/7/8,8,宜蘭縣,五結鄉,24.682721,121.823347,小客車(含客、貨兩用)-自用,1,30-39歲,男,1,1
843,99fa097a034967dc,2025/8/26,11,嘉義市,東區,23.473321,120.462844,小客車(含客、貨兩用)-自用,1,40-49歲,男,1,1
846,d324fe41858ea503,2025/6/13,18,新竹市,東區,24.776477,121.028221,機車-普通重型,1,40-49歲,男,1,1
865,588c9b3c2f458918,2025/8/18,18,臺中市,南屯區,24.15155,120.637184,機車-普通重型,1,40-49歲,男,1,1
885,7e1d3570a4258e32,2025/5/25,17,高雄市,前鎮,22.60835,120.3322,機車-普通重型,1,30-39歲,男,2,1
887,d0521144eca6d797,2025/10/8,11,高雄市,左營區,22.675043,120.305003,小客車(含客、貨兩用)-自用,1,40-49歲,男,1,1
890,d7619a5e151e1aa1,2025/3/25,12,高雄市,新興區,22.623766,120.305245,機車-普通重型,1,30-39歲,男,2,1
898,789a6fd3966f5747,2025/10/21,20,桃園市,龜山區,25.051135,121.353075,機車-普通重型,1,40-49歲,男,1,1
902,f44b4bced9565a47,2025/11/28,19,臺東縣,臺東市,22.78311,121.127863,小客車(含客、貨兩用)-自用,1,50-59歲,男,1,1
906,c54748cb21c950a2,2025/1/27,8,臺中市,太平區,24.157417,120.711581,小客車(含客、貨兩用)-自用,1,50-59歲,男,1,1
927,694e80bcd0a0725f,2025/1/24,22,臺中市,龍井區,24.193306,120.546188,機車-普通重型,1,30-39歲,女,1,0
941,a3a41790ab1f626e,2025/7/23,7,苗栗縣,竹南鎮,24.691894,120.880729,小客車(含客、貨兩用)-自用,1,60歲以上,男,1,1
943,65ad9f41433023d3,2025/1/2,5,臺中市,西屯區,24.181307,120.63946,機車-普通重型,1,50-59歲,男,1,1
945,506cb6828c335825,2025/5/7,19,臺東縣,大武鄉,22.362591,120.907123,機車-普通重型,1,30-39歲,男,1,1
947,8b5b20a3a8593982,2025/8/14,9,高雄市,大寮區,22.589352,120.379992,曳引車-營業用,1,40-49歲,男,1,1
951,5c27535843fb986f,2025/6/4,17,新北市,板橋區,25.013802,121.44785,機車-普通重型,1,20-29歲,男,1,1
952,31c3e8ed0ed9555e,2025/8/12,15,基隆市,安樂區,25.164619,121.70725,機車-普通重型,1,40-49歲,男,1,1
993,0adbf2cc6b75cc60,2025/12/27,9,桃園市,桃園區,25.003564,121.29718,小客車(含客、貨兩用)-自用,1,30-39歲,男,2,0
1011,5ae06538791dd918,2025/5/11,1,屏東縣,潮州鎮,22.552885,120.549248,小客車(含客、貨兩用)-自用,1,60歲以上,男,1,0
1020,118c62202040daf9,2025/12/29,18,新北市,中和區,24.999048,121.479982,機車-普通重型,1,50-59歲,男,2,1
1032,d35483447c2fd418,2025/1/26,17,臺中市,北區,24.162492,120.680973,小客車(含客、貨兩用)-自用,1,60歲以上,男,2,1
1037,d33b441219715971,2025/10/22,13,高雄市,鳳山區,22.639543,120.351101,機車-普通重型,1,40-49歲,男,2,1
1038,bbfb473669c75529,2025/1/22,4,雲林縣,古坑鄉,23.627898,120.567075,大貨車-自用,1,40-49歲,男,1,1
1040,05c827495bda3589,2025/3/9,13,新北市,新莊區,25.047287,121.457741,機車-普通重型,1,40-49歲,男,1,1
1047,a12717261d5fd52b,2025/5/26,13,苗栗縣,頭份市,24.688199,120.914113,機車-普通重型,1,50-59歲,男,1,1
1066,e92742c6e69538da,2025/4/22,11,新北市,三重區,25.074235,121.499208,機車-普通重型,1,50-59歲,女,2,1
1072,c0f1bf9a7e85b6a7,2025/4/14,10,新竹縣,竹北市,24.813264,121.023321,機車-普通重型,1,50-59歲,男,1,0
1075,3e4d06eea27b7c41,2025/11/10,17,基隆市,仁愛區,25.129066,121.739799,小客車(含客、貨兩用)-自用,1,30-39歲,男,1,1
1079,8ee64d9949a467cf,2025/4/26,16,屏東縣,屏東市,22.670171,120.501991,機車-普通重型,1,50-59歲,男,1,1
1086,a801d1185945b422,2025/12/2,13,新北市,瑞芳區,25.120101,121.797738,機車-普通重型,1,30-39歲,女,1,1
1102,4acc4ffb8279b5ea,2025/6/11,21,雲林縣,斗六市,23.69834,120.538116,機車-普通重型,1,40-49歲,男,2,1
1118,71724a1f1447cb83,2025/5/6,22,宜蘭縣,五結鄉,24.693218,121.76953,機車-普通重型,1,30-39歲,男,1,1
1124,97a858d17c535be5,2025/12/5,17,南投縣,草屯鎮,23.975258,120.664149,機車-普通重型,1,19歲以下,女,1,0
1156,aa7fa60f3f11288a,2025/1/2,6,基隆市,信義區,25.133168,121.782273,小客車(含客、貨兩用)-自用,1,40-49歲,男,1,1
1163,1eb3554c828d79ea,2025/10/16,15,嘉義市,西區,23.47478,120.437932,小客車(含客、貨兩用)-自用,1,20-29歲,男,1,1
1167,83422ec962eb8396,2025/7/30,16,高雄市,新興區,22.62551,120.3015,機車-普通重型,1,60歲以上,男,1,1
1175,91222917b68f27f3,2025/7/2,18,桃園市,平鎮,24.930892,121.21405,小客車(含客、貨兩用)-自用,1,50-59歲,男,2,1
1187,f0ebb3951b9252bc,2025/5/3,19,臺北市,大安區,25.022593,121.550023,小客車(含客、貨兩用)-計程車,1,30-39歲,男,2,1
1188,d6052d9f9fa6a512,2025/12/27,17,臺北市,大安區,25.031436,121.526809,機車-大型重型2(250-550C.C.),1,50-59歲,男,1,1
1190,ddbfc566750fc0f2,2025/9/15,8,臺北市,士林區,25.085129,121.509682,小客車(含客、貨兩用)-自用,1,30-39歲,男,2,1
1202,5771e77143e47487,2025/11/5,23,新竹市,北區,24.825447,120.927336,小客車(含客、貨兩用)-自用,1,40-49歲,男,1,1
1205,eea6623d1819c18a,2025/5/9,16,臺中市,大里區,24.103827,120.700383,小客車(含客、貨兩用)-自用,1,40-49歲,男,1,1
1212,5c7fd4afe813e0e0,2025/12/24,12,桃園市,大園區,25.090798,121.229672,大貨車-自用,1,40-49歲,男,1,1
1217,8bd0a561b826bbf2,2025/10/7,10,臺南市,中西區,22.991491,120.192884,小貨車-自用,1,40-49歲,男,2,1
1221,b53195731abb7e8d,2025/10/28,23,臺中市,南區,24.129044,120.674508,機車-普通重型,1,40-49歲,男,2,1
1223,16792ec073e43955,2025/1/26,20,新北市,新莊區,25.029608,121.418597,機車-普通重型,1,40-49歲,男,1,1
1225,9e2a299255f15af8,2025/4/16,16,南投縣,埔里鎮,23.956614,120.966323,機車-普通重型,1,20-29歲,男,1,1
1235,44104a5e8056b35d,2025/7/3,7,屏東縣,屏東市,22.678598,120.472605,機車-普通重型,1,20-29歲,男,1,1
1241,56723db9b133a520,2025/11/16,15,新北市,五股區,25.070343,121.448748,小客車(含客、貨兩用)-自用,1,19歲以下,男,1,0
1245,a28572b709853fad,2025/6/27,20,花蓮縣,吉安鄉,23.985784,121.58443,小客車(含客、貨兩用)-自用,1,40-49歲,男,1,1
1253,d6113bddd75927c1,2025/11/11,18,臺中市,北屯區,24.169379,120.685387,機車-普通重型,1,50-59歲,男,2,1
1255,4674dcd388c2f641,2025/3/30,4,苗栗縣,造橋鄉,24.627496,120.867413,小客車(含客、貨兩用)-自用,1,60歲以上,男,1,0
1258,8255d49d9121ff6e,2025/12/9,19,臺北市,中山區,25.066914,121.527815,小客車(含客、貨兩用)-自用,1,40-49歲,男,1,1
1262,e42b02dd9db17047,2025/12/2,6,屏東縣,新園鄉,22.47873,120.4455,機車-普通重型,1,50-59歲,男,1,1
1267,1ae6e1b1012ebc51,2025/6/13,20,臺中市,沙鹿區,24.231661,120.558762,小客車(含客、貨兩用)-自用,1,20-29歲,女,1,1
1268,f036fd48fcf5365b,2025/11/10,8,臺北市,南港區,24.9903,121.592161,小客車(含客、貨兩用)-自用,1,50-59歲,女,2,0
1290,58b966e7f5461f9a,2025/3/28,20,屏東縣,麟洛鄉,22.649293,120.52803,小客車(含客、貨兩用)-自用,1,40-49歲,男,1,1
1292,112d35ef5bfd3f45,2025/8/12,12,臺北市,大同區,25.056878,121.510384,小客車(含客、貨兩用)-計程車,1,50-59歲,男,1,1
1296,fee4ee827a04bdfa,2025/10/5,19,臺北市,信義區,25.040395,121.563831,機車-大型重型1(550C.C.以上),1,40-49歲,男,2,1
1301,008b542e8935dde2,2025/1/2,9,新北市,蘆洲區,25.086891,121.471524,小客車(含客、貨兩用)-租賃小貨車,1,60歲以上,男,1,1
1304,edb8ffd02ab2c5c4,2025/8/21,22,彰化縣,花壇鄉,24.027575,120.5375,小客車(含客、貨兩用)-自用,1,30-39歲,男,1,0
1325,896c7dc12a474d86,2025/8/1,16,新北市,新莊區,25.052287,121.452476,大客車-民營公車,1,30-39歲,男,1,1
1344,5ac20359759bd85d,2025/12/24,18,桃園市,桃園區,24.986564,121.287359,機車-普通重型,1,30-39歲,男,1,1
1375,4ba1ee7c3f6a7ca2,2025/6/21,23,桃園市,中壢區,24.955294,121.226113,小客車(含客、貨兩用)-自用,1,20-29歲,女,1,1
1383,75bca148af3b6a93,2025/9/30,16,新北市,蘆洲區,25.086216,121.460198,小客車(含客、貨兩用)-自用,1,30-39歲,男,1,0
1395,54d776e21a5fc865,2025/7/18,17,臺東縣,臺東市,22.797725,121.127591,小客車(含客、貨兩用)-自用,1,30-39歲,男,2,1
1406,2bacfe8a9ba92154,2025/7/30,7,雲林縣,虎尾鎮,23.705582,120.424197,機車-普通重型,1,30-39歲,男,1,1
1420,c969882bf6929a88,2025/4/9,8,桃園市,楊梅區,24.906468,121.058549,小客車(含客、貨兩用)-自用,1,60歲以上,男,1,1
1421,e895ffe365015d52,2025/10/21,19,臺中市,大甲區,24.403068,120.6414,小客車(含客、貨兩用)-自用,1,50-59歲,男,1,1
1438,bccbd8fdb479529d,2025/5/15,16,高雄市,小港區,22.52242,120.3479,小客車(含客、貨兩用)-自用,1,50-59歲,男,1,1
1441,7d286091a55393b2,2025/10/29,7,高雄市,楠梓區,22.731998,120.317656,小客車(含客、貨兩用)-自用,1,50-59歲,男,2,1
1449,ba1eb94d8d21d46f,2025/9/25,9,臺中市,神岡區,24.252669,120.674062,小客車(含客、貨兩用)-自用,1,40-49歲,男,1,1
1450,7b5cc70e3545051f,2025/3/21,20,臺南市,東區,22.975132,120.215698,機車-普通重型,1,40-49歲,男,1,1
1457,8cd16d9f0784a0d8,2025/10/12,21,臺中市,北區,24.165307,120.682344,小客車(含客、貨兩用)-自用,1,20-29歲,男,1,1
1466,1fcad63f1fdfe0d6,2025/4/28,6,新北市,板橋區,25.032818,121.471094,機車-普通重型,1,20-29歲,男,1,1
1470,f0626e097f1c3168,2025/7/8,11,新北市,板橋區,25.024776,121.467701,小客車(含客、貨兩用)-自用,1,50-59歲,男,1,1
1479,39246a5a99f661c5,2025/12/24,9,桃園市,龜山區,24.985915,121.327304,機車-普通重型,1,30-39歲,男,1,1
1483,03c4f09a31948c9d,2025/1/13,16,臺南市,東區,22.976238,120.219066,機車-普通重型,1,60歲以上,男,1,1
1505,261d74dd2562eae2,2025/11/18,6,桃園市,龍潭區,24.875762,121.232582,機車-普通重型,1,50-59歲,女,1,1
1520,05d41c125f84a3f7,2025/1/11,3,臺東縣,臺東市,22.792362,121.18601,機車-普通重型,1,40-49歲,女,1,1
1529,dd57467e5414a9c8,2025/7/8,11,雲林縣,北港鎮,23.572493,120.30072,小客車(含客、貨兩用)-自用,1,50-59歲,女,1,1
1536,2f15f3248ccf0d96,2025/6/7,7,雲林縣,虎尾鎮,23.735806,120.464802,曳引車-營業用,1,30-39歲,男,2,1
1537,04ea2d370ec7e5f1,2025/4/13,0,新北市,泰山區,25.06335,121.429309,小客車(含客、貨兩用)-自用,1,60歲以上,男,1,1
1546,b65f105a0150680e,2025/5/3,14,臺北市,中山區,25.04588,121.536344,機車-普通重型,1,30-39歲,女,1,1
1554,4b7a0b2f4037b768,2025/7/27,12,宜蘭縣,頭城鎮,24.922016,121.88344,小客車(含客、貨兩用)-自用,1,40-49歲,男,4,1
1557,712b7ddd86bd6487,2025/2/11,8,新北市,中和區,25.005751,121.478911,小客車(含客、貨兩用)-租賃車,1,40-49歲,男,1,0
1559,9de16b68ff8ba7d8,2025/6/26,16,彰化縣,和美鎮,24.08179,120.492607,機車-普通重型,1,40-49歲,男,1,1
1561,0098434bc8440af5,2025/3/25,20,嘉義縣,梅山鄉,23.582604,120.555395,機車-普通重型,1,60歲以上,男,2,1
1587,fec747f470860411,2025/11/4,19,臺中市,龍井區,24.205356,120.544258,機車-普通重型,1,30-39歲,男,2,1
1594,64f51e0b4f9641b7,2025/7/18,7,高雄市,橋頭區,22.763543,120.307837,機車-普通重型,1,50-59歲,男,1,1
1599,366752f72048e4af,2025/12/30,6,南投縣,埔里鎮,23.97814,120.949136,小貨車-自用,1,30-39歲,男,1,1
1606,5e256bd0749e3355,2025/8/28,20,臺中市,中區,24.139358,120.681402,小客車(含客、貨兩用)-自用,1,60歲以上,男,1,0
1615,1bf5fb633df7669b,2025/3/3,17,臺中市,西屯區,24.187171,120.620195,小客車(含客、貨兩用)-自用,1,40-49歲,女,1,1
1624,24793eab66e4145b,2025/12/5,23,桃園市,蘆竹區,25.047407,121.293929,小客車(含客、貨兩用)-自用,1,40-49歲,男,1,1
1625,7249213b2e8f41a2,2025/7/12,19,高雄市,新興區,22.632221,120.313456,小客車(含客、貨兩用)-自用,1,50-59歲,男,2,1
1630,3e7663025e83bbeb,2025/2/17,19,桃園市,大溪區,24.904388,121.284645,機車-普通重型,1,20-29歲,男,1,1
1634,07afdc22fec1ddba,2025/7/16,18,高雄市,橋頭區,22.757594,120.294505,機車-普通重型,1,50-59歲,男,2,1
1657,b2e77ba3ac0bd4a9,2025/12/5,20,桃園市,桃園區,25.001295,121.30599,小客車(含客、貨兩用)-自用,1,50-59歲,男,1,1
1662,474c8925e74ce866,2025/1/6,13,臺北市,士林區,25.13796,121.545042,小客車(含客、貨兩用)-自用,1,30-39歲,男,2,1
1666,e253ac185fb5deac,2025/2/25,2,新北市,中和區,25.00367,121.496319,機車-普通重型,1,60歲以上,男,2,1
1678,ef50a59a55340acb,2025/8/15,18,高雄市,左營區,22.670705,120.302284,機車-普通重型,1,40-49歲,男,1,1
1684,502434f33023008b,2025/6/27,9,新北市,新莊區,25.026591,121.439311,機車-普通重型,1,40-49歲,男,1,1
1694,b1e3d095cebfb47b,2025/1/13,13,新竹縣,新豐鄉,24.865126,120.98691,機車-普通重型,1,30-39歲,男,1,0
1700,9475bf2ac6bf17c6,2025/2/17,7,臺中市,西屯區,24.173063,120.628495,機車-普通重型,1,50-59歲,男,2,0
1715,c39f65921c7ff683,2025/3/14,22,桃園市,桃園區,24.999899,121.310574,小客車(含客、貨兩用)-自用,1,50-59歲,女,1,1
1721,85903c7ff9438be4,2025/8/24,8,臺北市,萬華區,25.04257,121.504731,機車-普通重型,1,30-39歲,女,1,1
1728,e60c3be601651a03,2025/5/28,19,新竹縣,竹北市,24.836343,121.00958,機車-普通重型,1,40-49歲,男,2,1
1729,997d9f295c80fea6,2025/3/5,7,臺中市,大肚區,24.167391,120.578132,小客車(含客、貨兩用)-自用,1,60歲以上,男,2,1
1732,2f36a47b3505760a,2025/1/16,16,桃園市,平鎮,24.948673,121.202713,小客車(含客、貨兩用)-自用,1,20-29歲,男,1,1
1734,f573b4265a82e511,2025/1/2,21,臺中市,南區,24.130048,120.675147,小客車(含客、貨兩用)-自用,1,60歲以上,女,1,0
1756,a55285bfe7f8696a,2025/6/10,6,桃園市,中壢區,24.958935,121.211573,機車-普通重型,1,40-49歲,男,3,1
1761,592e66b7e3d63c38,2025/8/28,22,新竹縣,新豐鄉,24.899854,120.98685,小客車(含客、貨兩用)-自用,1,30-39歲,男,1,1
1819,5f166cb801af388e,2025/6/25,16,基隆市,中正區,25.151188,121.766794,大客車-公營公車,1,20-29歲,男,1,1
1823,4f02f880283f2cf4,2025/10/25,22,桃園市,中壢區,24.971169,121.254399,機車-普通重型,1,50-59歲,男,1,1
1829,12c2acff63d1c719,2025/8/23,12,高雄市,鳳山區,22.606642,120.343788,小客車(含客、貨兩用)-自用,1,40-49歲,男,4,1
1837,d555646d3f7ae9c0,2025/10/25,19,臺中市,梧棲區,24.247096,120.544331,小客車(含客、貨兩用)-自用,1,60歲以上,男,2,1
1838,5784d41a5b488167,2025/9/4,20,臺南市,新化區,23.039578,120.308898,機車-普通重型,1,40-49歲,男,1,1
1853,e26ac20ec55067bf,2025/11/17,7,桃園市,復興區,24.819073,121.350764,小客車(含客、貨兩用)-自用,1,40-49歲,男,1,1
1857,edca3bc9635701e9,2025/12/23,18,臺南市,永康區,23.008494,120.233862,機車-普通重型,1,40-49歲,女,4,1
1861,ca6cfa6880a3df1b,2025/8/15,8,嘉義縣,水上鄉,23.429001,120.400275,機車-普通重型,1,30-39歲,男,1,0
1873,5cefe784bb5bd549,2025/6/11,17,高雄市,燕巢區,22.79136,120.3591,機車-普通重型,1,50-59歲,男,2,1
1875,2ebcbcc07b259232,2025/1/6,18,高雄市,新興區,22.631248,120.302946,機車-普通重型,1,50-59歲,男,1,1
1876,331e7cb62c82ab35,2025/4/30,10,新北市,新莊區,25.022569,121.414011,機車-普通重型,1,40-49歲,男,1,1
1879,863c2f6ad366bb70,2025/8/11,12,臺南市,北區,22.997773,120.20905,機車-普通重型,1,60歲以上,男,1,1
1886,9e9b456fdb589aeb,2025/4/19,10,花蓮縣,花蓮市,23.964975,121.606923,機車-普通重型,1,50-59歲,男,1,1
1908,fad958f60b033fab,2025/10/6,4,桃園市,八德區,24.930971,121.280982,小貨車-自用,1,40-49歲,男,1,1
1928,f325446fcdb3ddc6,2025/9/22,16,新北市,林口區,25.077528,121.396693,大客車-遊覽車,1,60歲以上,男,2,1
1940,5cde56b9372a9c4e,2025/1/24,16,臺中市,大里區,24.096217,120.706538,機車-普通重型,1,40-49歲,男,3,1
1942,5f54e8049a682f34,2025/2/1,11,苗栗縣,公館鄉,24.487883,120.828675,小客車(含客、貨兩用)-自用,1,40-49歲,男,1,1
1947,c8d6dc6809bbe191,2025/10/15,20,新北市,新莊區,25.021597,121.423624,機車-普通重型,1,20-29歲,男,1,1
1958,efe3ec2098cd8cdc,2025/4/15,17,新北市,蘆洲區,25.081406,121.474313,機車-普通重型,1,50-59歲,男,2,0
1965,2b471ee10bd4f772,2025/9/30,9,臺中市,西屯區,24.184465,120.612469,機車-普通重型,1,50-59歲,男,1,1
1966,12adcc14d6d68757,2025/1/14,8,臺中市,東區,24.13311,120.693177,機車-普通重型,1,40-49歲,女,1,1
1983,1d6da26f20634f58,2025/12/18,16,新北市,三重區,25.047328,121.479684,機車-普通重型,1,50-59歲,男,1,1
1989,1ec19e29b7ce54bc,2025/2/6,7,新北市,三重區,25.062635,121.497613,機車-普通重型,1,40-49歲,男,1,1
2005,b64edf86e1287121,2025/5/30,7,高雄市,橋頭區,22.762669,120.330072,小客車(含客、貨兩用)-自用,1,60歲以上,男,1,0
2037,c0f10ca2d932777c,2025/1/20,7,臺中市,大里區,24.093665,120.720087,機車-普通重型,1,60歲以上,男,2,1
2044,42c8ca42bb9f554e,2025/1/19,3,新北市,中和區,24.994256,121.478989,機車-普通重型,1,50-59歲,男,1,1
2062,2321a5a487beb6a4,2025/10/6,23,新竹縣,竹北市,24.816097,121.022205,機車-普通重型,1,30-39歲,男,1,0
2090,dde0f4a9e1704dc3,2025/5/21,9,臺北市,大同區,25.049376,121.507872,小客車(含客、貨兩用)-自用,1,40-49歲,男,1,1
2094,562045e4d7caf0dd,2025/8/28,12,新北市,新莊區,25.021361,121.415979,機車-普通重型,1,30-39歲,男,1,1
2095,3dfdfabd494883d1,2025/2/27,9,雲林縣,斗六市,23.698535,120.537056,小客車(含客、貨兩用)-自用,1,40-49歲,男,1,0
2096,baec87c28a232c3c,2025/5/30,16,南投縣,南投市,23.909541,120.692898,小貨車-自用,1,40-49歲,女,1,1
2104,6358a72fa774524a,2025/7/4,13,臺北市,中山區,25.053212,121.537686,小客車(含客、貨兩用)-自用,1,30-39歲,男,1,1
2108,bfb01d07a9b35086,2025/2/8,2,高雄市,楠梓區,22.718548,120.300298,小貨車-自用,1,50-59歲,男,1,1
2112,cf512ac9d8a61d40,2025/3/8,9,臺北市,大同區,25.048523,121.510166,小客車(含客、貨兩用)-計程車,1,50-59歲,女,1,1
2115,0b7cf66149c02d95,2025/8/3,16,南投縣,竹山鎮,23.778682,120.677339,小客車(含客、貨兩用)-自用,1,19歲以下,男,2,0
2116,3a4cec5fa84cce35,2025/6/2,9,基隆市,安樂區,25.149375,121.708185,小貨車-營業用,1,60歲以上,男,1,1
2136,f8b96b5380fb0b88,2025/1/13,17,新北市,土城區,24.990908,121.45928,小客車(含客、貨兩用)-自用,1,40-49歲,女,1,1
2137,7b21d363d09b077b,2025/1/27,11,屏東縣,長治鄉,22.685666,120.54293,機車-普通重型,1,30-39歲,男,1,1
2156,5e8c1dc95283dd3e,2025/2/24,9,臺中市,梧棲區,24.25791,120.550198,小貨車-自用,1,19歲以下,男,1,1
2157,99b47527c0a46328,2025/9/9,7,嘉義市,東區,23.460975,120.450258,機車-普通重型,1,50-59歲,男,1,1
2160,90d9471ff90a258b,2025/2/22,16,苗栗縣,頭份市,24.697628,120.91105,機車-普通重型,1,30-39歲,男,1,1
2164,1b3e90a4198db314,2025/5/15,16,臺南市,新營區,23.312834,120.310101,小客車(含客、貨兩用)-自用,1,30-39歲,男,1,1
2165,8cb4687c16b2891f,2025/12/20,23,高雄市,左營區,22.680469,120.32188,機車-普通重型,1,50-59歲,女,1,1
2167,eaae8967f26fa0d5,2025/9/14,15,高雄市,鳳山區,22.62256,120.3605,機車-普通重型,1,40-49歲,男,1,1
2170,dca116ac39d77d9e,2025/3/20,9,新竹縣,芎林鄉,24.772519,121.075795,機車-普通重型,1,20-29歲,男,1,1
2171,c2c9049d05af042b,2025/10/8,0,嘉義縣,朴子市,23.448845,120.289367,小客車(含客、貨兩用)-自用,1,40-49歲,男,1,1
2172,c943153fc0b27e4b,2025/2/10,5,新北市,三重區,25.076863,121.501128,機車-普通重型,1,20-29歲,男,1,1
2177,0b6157fae4c6a4c7,2025/2/20,4,苗栗縣,頭份市,24.680698,120.901927,小客車(含客、貨兩用)-自用,1,50-59歲,女,2,1
2194,654b54e7545b9ea7,2025/5/23,10,臺中市,西區,24.156542,120.663182,機車-大型重型2(250-550C.C.),1,60歲以上,男,1,1
2204,d5c2d57adec58e66,2025/5/13,20,臺中市,大里區,24.109649,120.680679,機車-普通重型,1,60歲以上,男,1,0
2218,8c6a2ef53dc7a4ce,2025/4/9,9,高雄市,苓雅區,22.630382,120.317373,小客車(含客、貨兩用)-自用,1,60歲以上,男,1,1
2221,ef60ac2d6063c4e4,2025/4/2,3,臺中市,烏日區,24.10647,120.613851,小客車(含客、貨兩用)-自用,1,30-39歲,女,1,1
2229,984985f26c52dc85,2025/5/23,7,彰化縣,和美鎮,24.112806,120.489255,小客車(含客、貨兩用)-自用,1,40-49歲,女,1,1
2257,cae3de97aa7ae729,2025/2/25,19,屏東縣,林邊鄉,22.433937,120.512906,小客車(含客、貨兩用)-自用,1,40-49歲,男,1,1
2279,33eab2e762fa0394,2025/2/20,4,臺北市,萬華區,25.019039,121.498002,小貨車-自用,1,30-39歲,男,1,1
2282,fb87b5606dea27be,2025/12/12,15,臺南市,中西區,23.000184,120.191819,小貨車-租賃小貨車,1,40-49歲,女,1,1
2289,32c1944250ef09d6,2025/10/8,6,新北市,淡水區,25.176791,121.438274,小客車(含客、貨兩用)-自用,1,40-49歲,女,1,1
2294,8d4927513a9b11d7,2025/6/8,23,臺北市,北投區,25.127156,121.466671,機車-普通重型,1,60歲以上,女,3,1
2300,e4f9d6615cf8600b,2025/7/26,5,臺中市,南屯區,24.153381,120.617882,機車-普通重型,1,60歲以上,男,1,1
2303,dba185b4d753881f,2025/4/26,19,基隆市,信義區,25.130547,121.781199,機車-普通重型,1,30-39歲,男,2,1
2344,546ca33119974a25,2025/8/17,13,臺北市,中正區,25.024916,121.519629,小客車(含客、貨兩用)-計程車,1,50-59歲,男,1,1
2362,f5e785b064c5bd93,2025/12/10,21,臺南市,東區,22.98697,120.218,小客車(含客、貨兩用)-自用,1,50-59歲,男,1,1
2367,63899eaece107c6c,2025/11/10,17,彰化縣,和美鎮,24.101479,120.521379,小客車(含客、貨兩用)-自用,1,50-59歲,男,1,1
2369,3af4a130c79e2091,2025/9/12,14,嘉義市,西區,23.476157,120.446566,機車-普通重型,1,30-39歲,女,2,1
2372,05e62788da38e084,2025/12/11,9,屏東縣,里港鄉,22.773234,120.494193,機車-普通重型,1,40-49歲,男,2,1
2377,c1e7831b044ca9ab,2025/12/1,16,臺北市,大同區,25.056993,121.513639,小客車(含客、貨兩用)-自用,1,40-49歲,男,1,1
2393,aadc70181fc51623,2025/8/22,17,嘉義縣,民雄鄉,23.55497,120.415632,小客車(含客、貨兩用)-自用,1,40-49歲,男,1,1
2402,b5d679994e80c188,2025/2/4,16,新北市,泰山區,25.042923,121.424688,大客車-民營公車,1,40-49歲,男,1,1
2416,7d5a6d01fb85462d,2025/5/17,19,桃園市,新屋區,24.9722,121.108319,小客車(含客、貨兩用)-自用,1,20-29歲,男,1,1
2423,0b34a2c6909aa224,2025/7/4,16,桃園市,蘆竹區,25.03891,121.30019,小客車(含客、貨兩用)-自用,1,60歲以上,男,1,1
2428,6feea4013c9a4d45,2025/3/18,22,桃園市,中壢區,24.955662,121.220669,小客車(含客、貨兩用)-自用,1,40-49歲,男,1,0
2429,f9d62c206f31b286,2025/8/11,21,新北市,中和區,25.008302,121.492015,機車-普通重型,1,50-59歲,男,1,1
2438,d4ef86f112f63882,2025/12/5,17,臺北市,南港區,25.053474,121.599687,小客車(含客、貨兩用)-自用,1,60歲以上,男,1,1
2453,0c4540f715e82ef8,2025/1/6,17,臺中市,南屯區,24.146855,120.643827,小客車(含客、貨兩用)-自用,1,30-39歲,男,1,0
2459,2835d4041c93a886,2025/9/27,2,臺中市,東勢區,24.22074,120.838795,小客車(含客、貨兩用)-自用,1,20-29歲,男,1,1
2474,ff5cbc136dca85af,2025/11/26,18,臺北市,松山區,25.050917,121.559141,機車-普通輕型,1,40-49歲,男,2,1
2482,d03034819f250d3e,2025/2/11,17,臺南市,新營區,23.295158,120.280435,機車-普通重型,1,60歲以上,男,2,0
2484,dbf59ff92ed038d8,2025/4/19,19,桃園市,中壢區,24.947568,121.228892,小客車(含客、貨兩用)-自用,1,50-59歲,男,1,1
2495,f11576f02c0ffc36,2025/4/4,20,新北市,樹林區,24.98059,121.419107,小客車(含客、貨兩用)-自用,1,40-49歲,男,1,1
2497,d89574bb808bef8f,2025/12/22,17,新北市,新莊區,25.04483,121.445974,小客車(含客、貨兩用)-計程車,1,40-49歲,男,1,1
2500,74ae3cb89dd23120,2025/7/11,0,雲林縣,古坑鄉,23.645981,120.547006,機車-普通重型,1,50-59歲,男,1,1
2507,955973c88341fa32,2025/1/10,11,苗栗縣,苑裡鎮,24.444742,120.65685,小客車(含客、貨兩用)-自用,1,40-49歲,男,1,1
2516,3844b6e0233a8b01,2025/10/4,7,桃園市,龜山區,25.00602,121.351926,機車-普通重型,1,60歲以上,男,3,0
2520,b16753ced75e4c32,2025/12/8,10,桃園市,龜山區,25.02339,121.36598,曳引車-營業用,1,40-49歲,男,1,1
2531,354fb6fad4afb147,2025/3/14,23,新北市,新莊區,25.034784,121.445265,機車-普通重型,1,20-29歲,男,1,1
2532,d266c078d6e8eb9c,2025/3/26,12,桃園市,中壢區,24.967439,121.259709,小客車(含客、貨兩用)-自用,1,30-39歲,男,1,1
2533,ac829ab27aa77f56,2025/7/28,15,嘉義市,東區,23.482459,120.45038,小客車(含客、貨兩用)-自用,1,50-59歲,男,1,1
2552,83d94472e91aeb63,2025/8/17,6,宜蘭縣,蘇澳鎮,24.595951,121.848883,小客車(含客、貨兩用)-自用,1,30-39歲,男,1,1
2554,d43fdba19cde69d1,2025/9/26,16,新北市,三重區,25.056353,121.49809,機車-普通重型,1,40-49歲,男,2,1
2561,9b8dcf825c43892e,2025/8/6,10,臺中市,潭子區,24.201358,120.70411,機車-普通重型,1,30-39歲,女,1,1
2569,4c7e6c0e472ddedc,2025/2/5,8,新北市,五股區,25.078945,121.423817,小客車(含客、貨兩用)-自用,1,20-29歲,男,1,1
2573,522f6c1cf8252f77,2025/11/25,10,彰化縣,彰化市,24.082798,120.594726,小客車(含客、貨兩用)-自用,1,40-49歲,男,2,1
2580,720195a645cd4453,2025/10/5,22,宜蘭縣,五結鄉,24.651055,121.827123,小客車(含客、貨兩用)-自用,1,50-59歲,男,1,1
2586,d1e73c64f9793bba,2025/1/27,0,彰化縣,員林市,23.947763,120.573488,小客車(含客、貨兩用)-自用,1,30-39歲,男,1,1
2588,921c0f495e8cf43a,2025/6/15,20,新北市,八里區,25.150368,121.404744,機車-普通重型,1,50-59歲,男,1,1
2590,0661a0e304d98b0d,2025/3/19,8,新竹市,東區,24.776067,121.021747,機車-普通重型,1,30-39歲,男,1,1
2591,cf6efa42a994bfa4,2025/6/25,20,嘉義縣,東石鄉,23.488074,120.201842,機車-普通重型,1,50-59歲,男,1,1
2594,96e038a01f395803,2025/11/29,22,臺南市,東區,22.998578,120.23239,機車-普通重型,1,20-29歲,女,2,1
2615,c399cd062ac71b58,2025/6/26,4,高雄市,鳳山區,22.600779,120.339581,機車-普通重型,1,50-59歲,男,1,1
2645,c6147dfaa25423fe,2025/4/4,11,高雄市,大社區,22.743965,120.382774,小貨車-營業用,1,40-49歲,男,1,1
2652,a5d620c2f1ffd108,2025/12/10,6,桃園市,龜山區,25.033862,121.379885,小客車(含客、貨兩用)-自用,1,20-29歲,男,1,1
2653,483846c73402de32,2025/12/6,21,澎湖縣,湖西鄉,23.591502,119.669012,機車-普通重型,1,30-39歲,男,1,1
2656,7762859242f05cf7,2025/9/27,18,屏東縣,恆春鎮,21.972466,120.733753,機車-普通重型,1,40-49歲,女,1,1
2678,29173e5075d1f2f0,2025/12/25,8,花蓮縣,吉安鄉,23.976099,121.58482,小貨車-自用,1,40-49歲,男,1,1
2680,1e74df8e06cbd650,2025/6/13,8,臺南市,永康區,23.02131,120.221703,機車-普通重型,1,60歲以上,男,3,1
2688,750c0b8fc0c59dd8,2025/2/12,8,高雄市,楠梓區,22.719938,120.302558,小客車(含客、貨兩用)-自用,1,50-59歲,男,1,1
2715,2fa19796210005d2,2025/3/1,9,臺北市,士林區,25.099367,121.549106,小客車(含客、貨兩用)-自用,1,30-39歲,男,1,1
2720,64fd8b34b4cdf576,2025/4/17,8,高雄市,楠梓區,22.722307,120.298543,機車-普通重型,1,40-49歲,女,2,1
2724,f2acdd17428eee80,2025/9/23,8,高雄市,三民區,22.640708,120.284222,機車-普通重型,1,30-39歲,男,2,1
2731,0f452075aeb17204,2025/12/7,10,彰化縣,田中鎮,23.855139,120.586282,小客車(含客、貨兩用)-自用,1,40-49歲,男,1,0
2732,a4b781de880ecdd3,2025/3/26,17,臺中市,潭子區,24.212038,120.690245,小貨車-自用,1,60歲以上,女,1,0
2750,a4883f1272a96a10,2025/10/13,18,雲林縣,斗南鎮,23.666812,120.480772,小客車(含客、貨兩用)-自用,1,30-39歲,男,1,1
2762,136c61920b4ec9c7,2025/8/16,16,高雄市,三民區,22.669601,120.325411,小客車(含客、貨兩用)-自用,1,40-49歲,男,1,1
2779,7dbf999fe541764c,2025/12/23,8,彰化縣,北斗鎮,23.878303,120.508657,小貨車-自用,1,50-59歲,男,1,1
2785,a8d2740ff69944cb,2025/3/2,16,桃園市,桃園區,24.982941,121.289782,小貨車-自用,1,40-49歲,男,1,1
2812,006118caebb103a4,2025/1/29,10,高雄市,橋頭區,22.737962,120.294752,小貨車-自用,1,60歲以上,男,1,1
2814,81727925e1e27ef7,2025/4/5,16,桃園市,中壢區,24.930089,121.247784,小客車(含客、貨兩用)-自用,1,40-49歲,男,1,1
2819,33d84b9131eba40c,2025/1/26,19,新北市,板橋區,24.990141,121.464962,小客車(含客、貨兩用)-自用,1,50-59歲,男,1,1
2823,c6bd204753503416,2025/5/3,21,彰化縣,秀水鄉,24.049458,120.487121,小客車(含客、貨兩用)-自用,1,50-59歲,男,1,1
2828,e63308497d93a1ab,2025/5/30,15,苗栗縣,竹南鎮,24.679598,120.86933,機車-普通重型,1,40-49歲,女,2,1
2840,6ed7c0dc4dc2ca4d,2025/6/7,5,新北市,鶯歌區,24.958767,121.332913,小客車(含客、貨兩用)-自用,1,60歲以上,男,1,0
2850,10431719b0baac46,2025/3/30,11,臺南市,安平區,22.997336,120.163515,機車-普通重型,1,50-59歲,女,2,1
2861,8a9f4c4b24652945,2025/12/26,7,雲林縣,口湖鄉,23.576487,120.187516,大客車-民營公車,1,19歲以下,男,1,1
2885,2c022b4e23f36e03,2025/8/5,14,臺北市,北投區,25.119193,121.522159,小客車(含客、貨兩用)-自用,1,50-59歲,男,1,1
2888,c31e387dedbb3f6b,2025/7/3,8,臺南市,歸仁區,22.973661,120.279635,機車-普通重型,1,30-39歲,男,1,1
2968,85f72f66e31a2067,2025/12/17,19,臺北市,中正區,25.036844,121.508674,大客車-民營公車,1,30-39歲,男,1,1
2980,b17f858384be228d,2025/8/24,10,臺南市,安平區,22.991003,120.170855,小客車(含客、貨兩用)-自用,1,50-59歲,男,2,0
2981,14a67c08a88f49ea,2025/10/2,22,嘉義縣,太保市,23.454959,120.291197,機車-普通重型,1,50-59歲,男,3,1
2993,cd383ccebe22f3ca,2025/1/1,14,桃園市,桃園區,24.987041,121.307119,機車-普通重型,1,30-39歲,女,2,1
3003,6c179cec5109b9f3,2025/7/9,21,新北市,深坑區,25.004466,121.599453,小客車(含客、貨兩用)-自用,1,20-29歲,男,1,1
3012,114177c8193c3ead,2025/9/8,13,臺中市,西區,24.157107,120.65714,機車-普通重型,1,30-39歲,女,3,1
3050,93f3b1633b7f38e2,2025/8/16,17,新北市,蘆洲區,25.086784,121.475487,小客車(含客、貨兩用)-自用,1,40-49歲,男,1,1
3067,c4d77338a96e9961,2025/2/27,7,基隆市,信義區,25.127433,121.767132,大客車-遊覽車,1,40-49歲,男,1,1
3069,effbbd24bd2f9b55,2025/4/22,7,臺中市,烏日區,24.095355,120.641817,機車-普通重型,1,40-49歲,男,2,1
3078,8f8b9329b1981e29,2025/12/21,12,桃園市,八德區,24.958168,121.29472,機車-普通重型,1,19歲以下,男,2,1
3091,591b9d442ef7a6ed,2025/1/10,18,臺中市,太平區,24.159352,120.706675,機車-普通重型,1,50-59歲,男,1,1
3093,ebd0d218b7f4a4e9,2025/1/22,12,花蓮縣,吉安鄉,23.974493,121.563928,機車-普通重型,1,40-49歲,男,1,1
3101,b4db35af6c761e38,2025/12/16,7,臺中市,北屯區,24.172714,120.694321,小客車(含客、貨兩用)-自用,1,40-49歲,男,1,1
3107,33a380372764b434,2025/12/17,7,苗栗縣,三義鄉,24.409156,120.76734,機車-大型重型2(250-550C.C.),1,60歲以上,男,1,0
3111,6ed5e726cc4eaac2,2025/9/19,9,臺北市,萬華區,25.045392,121.503973,機車-普通重型,1,40-49歲,男,1,1
3139,954f9a6b512ba4a4,2025/8/16,22,桃園市,桃園區,24.963048,121.293614,機車-普通重型,1,60歲以上,男,1,1
3140,f01c1b3968592e81,2025/3/10,16,臺南市,東區,22.961783,120.232073,機車-普通重型,1,50-59歲,男,3,1
3150,b8d378254365b62a,2025/9/22,22,新北市,新莊區,25.026623,121.445317,小客車(含客、貨兩用)-自用,1,40-49歲,女,1,1
3155,7ff2f0aba456912a,2025/3/5,17,臺南市,仁德區,22.957413,120.228757,小客車(含客、貨兩用)-自用,1,40-49歲,男,1,1
3158,426ca55c4cf32478,2025/9/26,13,苗栗縣,苑裡鎮,24.418876,120.655308,小貨車-自用,1,50-59歲,男,1,1
3180,bceec11e3e710478,2025/10/3,9,新北市,新莊區,25.044849,121.442353,機車-普通重型,1,40-49歲,男,2,1
3183,642c443d719d08f6,2025/11/18,7,新北市,三重區,25.071761,121.482015,機車-普通重型,1,50-59歲,女,1,1
3191,72302695ff88f739,2025/8/22,8,嘉義市,西區,23.476277,120.439852,機車-普通重型,1,50-59歲,男,1,1
3207,1f962fa196a89008,2025/7/18,17,高雄市,左營區,22.68304,120.3079,小客車(含客、貨兩用)-自用,1,60歲以上,男,1,1
3208,3080dad807556ce8,2025/4/16,23,新北市,淡水區,25.162564,121.457658,機車-普通重型,1,20-29歲,男,1,1
3209,5e8a8a38f1ad8b30,2025/8/11,7,桃園市,蘆竹區,25.105813,121.258508,機車-普通重型,1,50-59歲,男,2,1
3222,15777a9f0e3b6620,2025/5/28,16,臺中市,西屯區,24.183733,120.629346,小客車(含客、貨兩用)-自用,1,50-59歲,男,1,0
3223,1c5ca7dab2ecf11a,2025/10/27,11,基隆市,安樂區,25.121181,121.721988,機車-普通重型,1,40-49歲,男,2,1
3236,0810c79ca7d8d294,2025/9/6,18,新北市,中和區,24.999852,121.476474,小客車(含客、貨兩用)-計程車,1,30-39歲,男,1,1
3242,5172afba82afbe9c,2025/9/12,1,臺南市,安平區,22.996911,120.178679,小客車(含客、貨兩用)-自用,1,30-39歲,女,1,1
3248,56b8e5a30e52ad98,2025/8/25,12,桃園市,中壢區,25.00623,121.216108,機車-普通重型,1,30-39歲,男,1,1
3249,1fa9b1851a7f4b9e,2025/11/5,8,臺南市,永康區,23.018392,120.240413,機車-普通重型,1,50-59歲,女,2,1
3253,8f31d4318ceff97b,2025/12/27,22,新北市,新莊區,25.030762,121.44241,機車-普通重型,1,50-59歲,男,1,0
3266,fdb01cbf1ee98e4d,2025/12/23,13,臺中市,烏日區,24.109371,120.642819,機車-普通重型,1,40-49歲,男,1,1
3278,239828dd70cc5e83,2025/12/20,23,臺東縣,臺東市,22.745203,121.139661,機車-普通重型,1,20-29歲,男,1,0
3280,63848a2e5bf3befd,2025/7/4,10,新北市,板橋區,25.02547,121.462228,大客車-民營公車,1,50-59歲,女,1,1
3291,1e954e8936307299,2025/12/11,8,高雄市,左營區,22.67951,120.2981,機車-普通重型,1,50-59歲,男,2,1
3295,975cb3af3ed1b5a1,2025/10/13,8,新竹縣,新豐鄉,24.906901,120.983359,機車-普通重型,1,19歲以下,男,1,0
3297,38c2c335e85d0506,2025/6/4,8,桃園市,龜山區,24.993989,121.324797,小客車(含客、貨兩用)-計程車,1,40-49歲,男,1,1
3306,45cd7dc40c08c119,2025/9/21,17,新北市,深坑區,25.006196,121.631342,小客車(含客、貨兩用)-自用,1,40-49歲,女,1,1
3318,f6738dba0a9ded24,2025/9/28,13,桃園市,中壢區,24.956375,121.237833,小客車(含客、貨兩用)-自用,1,30-39歲,男,1,1
3319,e52d0e91ba995de6,2025/10/4,10,臺南市,安南區,23.044386,120.12726,機車-普通重型,1,50-59歲,男,2,1
3324,87c6a0d1ed3b629f,2025/8/3,18,臺南市,善化區,23.127115,120.318774,小客車(含客、貨兩用)-自用,1,50-59歲,男,1,1
3328,7cff24e69b5890fc,2025/11/19,18,嘉義市,西區,23.489102,120.443029,小客車(含客、貨兩用)-自用,1,30-39歲,男,1,1
3337,18f56774b85f8125,2025/9/23,13,臺南市,安平區,22.989903,120.167105,小客車(含客、貨兩用)-自用,1,40-49歲,男,2,1
3346,08079891702ad02b,2025/4/2,19,桃園市,桃園區,25.012845,121.306534,小客車(含客、貨兩用)-自用,1,40-49歲,男,1,1
3373,4693016ab031134a,2025/9/18,18,臺中市,北屯區,24.185871,120.663814,機車-普通重型,1,50-59歲,男,1,1
3376,c10c4f5cef122d7a,2025/11/23,11,彰化縣,芬園鄉,24.009751,120.654136,機車-普通重型,1,40-49歲,女,2,1
3396,51e233dd3236a906,2025/12/12,3,臺中市,大里區,24.093231,120.686708,小客車(含客、貨兩用)-自用,1,40-49歲,女,1,1
3401,777fb24b86c1aa29,2025/10/17,19,高雄市,鳥松區,22.64994,120.3483,機車-普通重型,1,40-49歲,男,2,1
3403,b9c2f3ee729cb902,2025/3/7,22,臺中市,西屯區,24.177602,120.637449,小客車(含客、貨兩用)-自用,1,40-49歲,男,1,1
3406,a9a6a6bfde57e216,2025/11/14,0,高雄市,鳳山區,22.622687,120.361632,小客車(含客、貨兩用)-自用,1,20-29歲,男,1,0
3415,666835a23b32d2d9,2025/12/16,18,嘉義市,西區,23.49245,120.427991,小客車(含客、貨兩用)-自用,1,60歲以上,男,1,1
3419,1effa9abd0054313,2025/1/30,18,嘉義市,西區,23.473456,120.445636,機車-普通重型,1,50-59歲,男,1,1
3430,ad953d6079277141,2025/11/24,21,基隆市,中正區,25.142757,121.764788,小客車(含客、貨兩用)-自用,1,40-49歲,男,1,1
3438,fb305b4a97ff69dd,2025/6/10,9,新北市,蘆洲區,25.083717,121.467186,機車-普通重型,1,20-29歲,男,2,1
3444,19fb08c251618e05,2025/6/24,21,臺南市,北區,23.006243,120.210208,機車-普通重型,1,50-59歲,男,1,0
3446,aabef14e6866b927,2025/12/22,21,高雄市,鼓山區,22.652001,120.281454,小客車(含客、貨兩用)-自用,1,40-49歲,男,2,1
3453,800c5d262e82c982,2025/9/6,1,臺中市,西屯區,24.178055,120.66454,小客車(含客、貨兩用)-計程車,1,60歲以上,男,1,1
3454,2bc632cb3828fb38,2025/11/19,7,臺南市,東區,22.984834,120.221647,機車-普通重型,1,40-49歲,男,1,1
3459,13d9f410570946fc,2025/12/2,7,臺南市,永康區,23.008534,120.236912,機車-普通重型,1,30-39歲,男,1,0
3462,7ecaad7f9876a098,2025/1/15,17,新北市,三重區,25.051925,121.49261,機車-普通重型,1,30-39歲,男,2,1
3467,8508310923b9295b,2025/3/25,23,臺北市,內湖區,25.077932,121.613567,小客車(含客、貨兩用)-自用,1,40-49歲,男,1,1
3468,87942f00fe4a3294,2025/8/3,9,澎湖縣,馬公市,23.564779,119.565236,大貨車-自用,1,40-49歲,男,1,1
3477,ff69f95c22905cf8,2025/2/8,23,新竹市,東區,24.806413,120.978456,小客車(含客、貨兩用)-計程車,1,40-49歲,男,1,1
3486,908d90b6532be49c,2025/4/18,17,新竹縣,北埔鄉,24.708344,121.066969,小客車(含客、貨兩用)-自用,1,50-59歲,男,1,1
3503,14cd06445e806fe6,2025/9/11,7,臺北市,中正區,25.024441,121.511022,小客車(含客、貨兩用)-自用,1,50-59歲,男,2,0
3509,db6fb87fdeb9bef7,2025/2/6,22,新北市,三峽區,24.931233,121.421306,小客車(含客、貨兩用)-自用,1,40-49歲,男,1,1
3520,159beb1a1cba6501,2025/3/12,7,南投縣,南投市,23.95691,120.686102,小客車(含客、貨兩用)-自用,1,50-59歲,男,1,1
3530,84d26f2e13d445a5,2025/2/28,10,高雄市,苓雅區,22.6206,120.3304,機車-普通重型,1,40-49歲,男,1,1
3533,467594632b34bf02,2025/12/19,0,嘉義市,西區,23.495194,120.4468,機車-普通重型,1,20-29歲,男,1,1
3535,5aca67ef8e805580,2025/4/27,19,新北市,板橋區,25.02214,121.461685,機車-普通重型,1,30-39歲,男,2,0
3539,39a64dfc34db63f0,2025/11/21,21,桃園市,平鎮,24.908171,121.250939,小客車(含客、貨兩用)-自用,1,40-49歲,男,2,1
3543,86bf174ed0b2e51b,2025/6/20,19,臺南市,永康區,23.016725,120.228424,小客車(含客、貨兩用)-自用,1,40-49歲,男,2,1
3545,d8543c92b9d02421,2025/12/4,17,高雄市,鳳山區,22.586974,120.33315,機車-普通重型,1,50-59歲,男,2,0
3569,9228533761f807c3,2025/12/24,16,基隆市,中正區,25.140708,121.765052,機車-普通重型,1,40-49歲,男,2,0
3601,ad6ee5d030fdcb61,2025/10/18,12,新北市,土城區,24.988791,121.457293,機車-普通輕型,1,50-59歲,男,1,1
3605,ed46d41c6bfe0aae,2025/11/5,15,新竹市,東區,24.771574,121.009171,小貨車-自用,1,50-59歲,男,1,1
3610,f6c3dd4c1e8d4b17,2025/1/6,7,臺中市,西區,24.13766,120.655119,小客車(含客、貨兩用)-自用,1,60歲以上,男,1,1
3631,04c6a57b0ce9892a,2025/5/22,17,彰化縣,和美鎮,24.1076,120.493932,機車-普通重型,1,40-49歲,男,1,1
3642,77f2acf94b8f572f,2025/12/8,18,彰化縣,和美鎮,24.106517,120.501354,機車-普通重型,1,60歲以上,男,2,1
3646,2eafb417a49bf433,2025/7/24,8,嘉義市,東區,23.516114,120.441897,機車-普通重型,1,20-29歲,女,1,0
3655,75187af9abe49679,2025/10/29,10,臺中市,大甲區,24.212797,120.583786,小客車(含客、貨兩用)-自用,1,40-49歲,男,2,1
3659,1d4a05360721c992,2025/3/21,16,高雄市,三民區,22.643448,120.307114,機車-普通輕型,1,40-49歲,男,1,1
3667,0fb50f833f38a55f,2025/11/13,0,臺中市,南屯區,24.153615,120.646995,小客車(含客、貨兩用)-自用,1,40-49歲,男,2,1
3681,2afaca703a01c427,2025/6/28,11,臺北市,北投區,25.121743,121.488707,大貨車-自用,1,40-49歲,男,1,1
3683,1532f89dcb0b3426,2025/2/1,17,高雄市,苓雅區,22.62442,120.3413,小客車(含客、貨兩用)-自用,1,50-59歲,女,1,1
3694,f9229b2ec22a1135,2025/9/5,19,新竹縣,竹北市,24.825276,121.024187,機車-普通重型,1,50-59歲,女,1,1
3716,b95c1a23e2d7d819,2025/9/25,7,屏東縣,屏東市,22.684308,120.473093,機車-普通重型,1,40-49歲,男,1,1
3723,d068edea74eeb2f6,2025/4/11,18,高雄市,苓雅區,22.61829,120.3027,機車-普通重型,1,50-59歲,男,3,1
3731,6560fbaa0bf8eda1,2025/6/6,17,臺中市,北區,24.159219,120.673651,機車-普通輕型,1,40-49歲,男,2,1
3738,be858cb79d4ce50f,2025/7/15,15,桃園市,楊梅區,24.924171,121.085,機車-普通重型,1,40-49歲,男,2,1
3743,753f14e0c2a96601,2025/11/12,20,新北市,樹林區,24.978587,121.416661,機車-普通重型,1,40-49歲,女,2,0
3750,c259fd3104505963,2025/6/9,8,臺北市,士林區,25.090554,121.500607,機車-大型重型2(250-550C.C.),1,40-49歲,男,1,1
3778,2ed75aa2dbea3d2e,2025/9/22,21,桃園市,中壢區,24.951935,121.225277,機車-普通重型,1,40-49歲,男,2,1
3790,8f9530014c0ad627,2025/6/24,19,臺中市,大雅區,24.22906,120.642091,機車-普通重型,1,20-29歲,男,1,1
3825,ca1d4e4b036b03af,2025/12/5,18,宜蘭縣,羅東鎮,24.676406,121.767985,小客車(含客、貨兩用)-自用,1,40-49歲,男,1,1
3828,7a5c8c122d25538f,2025/10/16,18,嘉義市,西區,23.489575,120.428069,機車-普通重型,1,19歲以下,女,1,1
3829,0fe24c740a1b61d2,2025/11/3,7,臺北市,松山區,25.060481,121.544891,小客車(含客、貨兩用)-自用,1,40-49歲,男,1,0
3845,bf166e845bf0e434,2025/4/11,23,臺南市,永康區,23.056688,120.275181,機車-普通重型,1,60歲以上,男,1,1
3861,aabaea23ee050381,2025/8/6,17,苗栗縣,苑裡鎮,24.448876,120.655694,機車-普通重型,1,40-49歲,女,2,1
3868,29a4bfe4cb97a38f,2025/8/9,11,桃園市,桃園區,24.991367,121.307918,小客車(含客、貨兩用)-自用,1,40-49歲,男,1,1
3878,faf10431943daea6,2025/9/13,18,新北市,深坑區,25.003741,121.61814,機車-普通重型,1,20-29歲,男,2,1
3883,20e2b6cc4e8727ef,2025/9/17,13,臺北市,中正區,25.045178,121.517153,機車-普通重型,1,50-59歲,男,1,1
3927,0026ab72dfa07330,2025/9/11,13,高雄市,大樹區,22.645075,120.417689,小貨車-自用,1,20-29歲,男,1,1
3960,06ac63c94d671f41,2025/4/25,19,基隆市,七堵區,25.081787,121.695095,機車-普通重型,1,20-29歲,男,1,1
3980,6535dbb3673e5d95,2025/3/21,22,新北市,三峽區,24.925049,121.372833,機車-普通重型,1,40-49歲,男,1,0
3982,9d277a8db1cc429a,2025/1/15,7,臺北市,中正區,25.02715,121.516158,機車-普通重型,1,40-49歲,男,2,1
3983,2cf68c6c1b5b8816,2025/12/13,16,高雄市,苓雅區,22.617807,120.303514,小客車(含客、貨兩用)-自用,1,50-59歲,男,1,1
3988,39f37998ddb69d68,2025/6/11,8,臺中市,西屯區,24.16097,120.656645,小客車(含客、貨兩用)-租賃車,1,60歲以上,女,1,1
4004,ea1591f0ec8446b7,2025/3/16,20,彰化縣,田尾鄉,23.895719,120.536397,機車-普通重型,1,40-49歲,女,1,1
4032,643b1ffaa7775122,2025/5/9,20,彰化縣,彰化市,24.095951,120.545483,小客車(含客、貨兩用)-自用,1,50-59歲,男,1,1
4038,11081e3fdbf3c24a,2025/4/11,13,新北市,林口區,25.093609,121.378954,小客車(含客、貨兩用)-計程車,1,60歲以上,男,1,1
4040,4ff82a9874b29ba2,2025/10/17,7,臺中市,西屯區,24.185896,120.623157,機車-普通重型,1,50-59歲,男,1,0
4044,918b35a0faf64a88,2025/8/13,8,新北市,永和區,25.017967,121.512515,機車-普通重型,1,50-59歲,男,1,1
4046,d964af09ab5be4e5,2025/8/21,22,苗栗縣,頭份市,24.691595,120.889157,機車-普通重型,1,30-39歲,男,1,1
4048,2009ffcd3ba4ebb1,2025/4/23,9,雲林縣,虎尾鎮,23.704532,120.433979,機車-普通重型,1,40-49歲,男,2,1
4050,3227719dae520c8a,2025/5/17,11,屏東縣,萬丹鄉,22.587779,120.474945,大貨車-自用,1,50-59歲,男,1,1
4051,94fc443976fbab01,2025/10/18,11,新北市,永和區,24.998033,121.520046,小客車(含客、貨兩用)-自用,1,50-59歲,女,1,1
4053,eb9d88effb1f78fd,2025/6/17,19,高雄市,苓雅區,22.616924,120.302116,機車-普通重型,1,40-49歲,男,1,1
4060,35f6f846952d1bfb,2025/11/6,4,臺北市,大同區,25.055822,121.516691,機車-普通重型,1,20-29歲,男,1,1
4069,40a824337065519d,2025/7/4,18,雲林縣,斗六市,23.700229,120.537026,小客車(含客、貨兩用)-自用,1,50-59歲,男,1,1
4070,c4e91996b0a41577,2025/7/27,21,新北市,淡水區,25.172895,121.438879,小客車(含客、貨兩用)-自用,1,40-49歲,男,1,1
4071,778ba7d0053140ca,2025/5/6,21,臺中市,北區,24.158953,120.680708,機車-普通重型,1,60歲以上,男,1,1
4081,6e4ea001da2e99b8,2025/5/3,20,臺中市,南屯區,24.142655,120.613725,小客車(含客、貨兩用)-自用,1,20-29歲,女,1,1
4098,0f7dde78107f5afd,2025/2/18,18,臺南市,北區,23.016343,120.203163,機車-普通重型,1,40-49歲,男,4,1
4102,df647fb22ec25cb4,2025/1/15,17,南投縣,南投市,23.927316,120.679714,機車-普通重型,1,40-49歲,男,1,1
4127,a5ebed5766d98ef7,2025/9/27,12,臺南市,東區,22.992875,120.232594,小貨車-租賃小貨車,1,40-49歲,男,1,1
4157,a8366706c4b1d387,2025/6/21,12,屏東縣,內埔鄉,22.646369,120.584699,小客車(含客、貨兩用)-自用,1,50-59歲,男,1,1
4165,cdabd7d410e9aa44,2025/8/23,10,新北市,新莊區,25.014276,121.438118,小客車(含客、貨兩用)-自用,1,40-49歲,男,1,1
4173,1a4eb2b6534d426f,2025/10/26,0,臺南市,楠西區,23.219056,120.544702,小客車(含客、貨兩用)-自用,1,50-59歲,男,1,1
4187,055dcb1f7c1e8a1c,2025/4/11,0,新北市,板橋區,24.993377,121.44956,小客車(含客、貨兩用)-自用,1,60歲以上,男,1,1
4188,82f0a9b72adc012d,2025/6/27,5,高雄市,仁武區,22.68648,120.329453,機車-普通重型,1,30-39歲,女,1,1
4200,ea77774ebc76e7cc,2025/12/25,14,臺南市,北區,23.018897,120.212823,機車-普通重型,1,40-49歲,男,1,1
4205,d800999634b79cfb,2025/2/16,8,臺南市,白河區,23.34896,120.40519,小客車(含客、貨兩用)-自用,1,19歲以下,男,1,1
4209,905e1dfb843269c4,2025/6/2,17,臺南市,永康區,23.01741,120.238734,小客車(含客、貨兩用)-自用,1,30-39歲,男,2,1
4217,3bc3bcba64511e47,2025/5/25,14,新北市,中和區,24.998851,121.483893,機車-普通重型,1,60歲以上,男,2,1
4218,e9a9c1881dbf7395,2025/12/15,21,宜蘭縣,冬山鄉,24.615707,121.810967,機車-普通重型,1,20-29歲,女,1,1
4227,700dd9b36c3b713f,2025/11/7,14,臺中市,烏日區,24.072203,120.64673,機車-普通重型,1,40-49歲,男,2,1
4229,6d433ba8d549dc64,2025/8/12,8,嘉義縣,民雄鄉,23.530587,120.459022,小貨車-自用,1,50-59歲,男,1,1
4239,a4bc4d2dfd3c9064,2025/7/1,19,高雄市,林園區,22.503296,120.388373,機車-普通重型,1,40-49歲,男,3,1
4256,7abd471a20710ac9,2025/4/20,13,高雄市,苓雅區,22.618667,120.303557,機車-普通重型,1,20-29歲,男,1,1
4257,ebb539ea4e32eddc,2025/2/5,6,新北市,三重區,25.054763,121.491902,機車-普通重型,1,50-59歲,男,2,1
4272,f23d6f84b1d9d45d,2025/1/13,13,高雄市,路竹區,22.832465,120.268551,小貨車-自用,1,40-49歲,男,1,1
4281,a2822aafe9961395,2025/6/28,16,桃園市,平鎮,24.946279,121.188527,小貨車-營業用,1,50-59歲,男,1,1
4290,bd9044d1ae7d4747,2025/5/22,8,高雄市,三民區,22.639306,120.326982,機車-普通重型,1,30-39歲,女,3,1
4292,2a2a49a7ac2990f5,2025/7/20,4,臺南市,北區,23.02327,120.205515,機車-普通重型,1,50-59歲,男,1,1
4293,247a95d217f102bb,2025/6/27,6,高雄市,仁武區,22.67614,120.358595,機車-普通重型,1,40-49歲,男,2,1
4296,80b457e79e14ee61,2025/6/20,20,臺南市,安南區,23.038616,120.198513,機車-普通輕型,1,30-39歲,男,2,1
4297,32717114580ad8fc,2025/4/19,11,嘉義市,西區,23.474789,120.424453,機車-普通重型,1,40-49歲,男,2,1
4306,0019004261f3af6f,2025/8/15,21,臺中市,后里區,24.331922,120.729681,小客車(含客、貨兩用)-自用,1,40-49歲,男,2,1
4314,a07940e144ec6dcc,2025/10/2,15,基隆市,暖暖區,25.106227,121.736686,小客車(含客、貨兩用)-自用,1,40-49歲,男,1,1
4315,d6e7918a5bed863a,2025/4/4,0,臺中市,北區,24.152297,120.698631,機車-普通重型,1,60歲以上,女,1,1
4322,a031ab690ad93191,2025/6/25,22,澎湖縣,湖西鄉,23.600629,119.613233,小客車(含客、貨兩用)-自用,1,40-49歲,男,3,1
4327,cd2e54f3b8de3dd7,2025/2/12,14,臺南市,將軍區,23.197115,120.158233,小客車(含客、貨兩用)-自用,1,40-49歲,男,1,1
4345,41181e579f92d649,2025/11/12,8,臺中市,豐原區,24.251714,120.71999,機車-普通重型,1,40-49歲,男,1,1
4350,391b0e31fc7bcb49,2025/8/16,17,臺中市,北屯區,24.191694,120.681195,小客車(含客、貨兩用)-自用,1,30-39歲,男,1,1
4365,09096a9a1d5d881a,2025/7/20,16,屏東縣,竹田鄉,22.613829,120.511905,小客車(含客、貨兩用)-自用,1,40-49歲,女,2,1
4372,10c6e2eac529331e,2025/1/16,18,臺中市,豐原區,24.256239,120.727608,機車-普通重型,1,40-49歲,男,3,1
4375,050eba6466cf0330,2025/5/5,10,臺中市,大肚區,24.160205,120.574131,小貨車-自用,1,40-49歲,男,1,1
4386,9d670f9918456dea,2025/5/20,13,高雄市,三民區,22.637715,120.306421,機車-普通重型,1,20-29歲,男,2,0
4387,6f8f97b080b1b8f4,2025/12/8,18,臺中市,西屯區,24.178974,120.59373,機車-普通重型,1,30-39歲,男,1,1
4401,bc6cd354abc7e822,2025/9/23,8,桃園市,桃園區,25.000019,121.31107,機車-普通重型,1,60歲以上,男,2,1
4404,3d0d92de1153fbdc,2025/5/7,1,臺中市,西區,24.139281,120.661687,小貨車-自用,1,50-59歲,男,1,1
4409,2e4185303ab58f9a,2025/10/20,12,臺北市,大安區,25.024639,121.548503,小貨車-自用,1,40-49歲,女,2,1
4437,71475f13eaf1c375,2025/7/15,9,臺中市,霧峰區,24.047016,120.684808,機車-普通重型,1,40-49歲,男,2,1
4447,94068f530e143b77,2025/6/24,15,臺中市,大里區,24.093213,120.703655,機車-普通重型,1,40-49歲,男,1,1
4452,5e2613e2a69d691a,2025/12/14,15,南投縣,埔里鎮,23.913017,121.007272,大貨車-自用,1,20-29歲,男,2,1
4457,0f526729a65b0fdb,2025/5/6,14,高雄市,三民區,22.644202,120.346255,機車-普通重型,1,60歲以上,男,1,0
4462,38381ccc5d558b69,2025/10/13,5,雲林縣,水林鄉,23.568788,120.267032,機車-普通重型,1,60歲以上,男,1,1
4468,ae7e82826cb73d61,2025/4/13,23,新北市,板橋區,25.005354,121.455463,小客車(含客、貨兩用)-自用,1,30-39歲,男,1,1
4475,9b1637f5648cea2a,2025/12/23,13,臺中市,清水區,24.30601,120.596677,大貨車-自用,1,40-49歲,男,1,1
4493,8995af480a8ae861,2025/10/3,11,屏東縣,新埤鄉,22.470195,120.551516,機車-普通重型,1,60歲以上,男,1,1
4494,a791f7345e01ff38,2025/5/2,15,臺中市,西屯區,24.162759,120.645191,小客車(含客、貨兩用)-自用,1,50-59歲,男,1,1
4498,d23aff164b2bb2e4,2025/1/4,12,臺中市,北屯區,24.182836,120.690558,機車-普通重型,1,40-49歲,男,1,1
4499,174022cd7d61f8ac,2025/9/10,18,南投縣,南投市,23.907317,120.686333,小客車(含客、貨兩用)-自用,1,50-59歲,男,1,1
4500,49dfea41d7abfd58,2025/8/17,9,高雄市,大寮區,22.63568,120.4108,小貨車-自用,1,40-49歲,男,1,1
4506,c7527a7430699155,2025/10/10,0,花蓮縣,壽豐鄉,23.889777,121.603134,機車-普通重型,1,40-49歲,男,1,1
4520,47e8fcc84a68f730,2025/7/27,9,新竹縣,竹東鎮,24.718035,121.073824,小客車(含客、貨兩用)-自用,1,30-39歲,男,1,1
4521,2f309cd2e372e0e2,2025/4/22,19,新北市,汐止區,25.064014,121.650618,小客車(含客、貨兩用)-自用,1,40-49歲,男,2,1
4524,b7d17991ce7ca20d,2025/6/28,17,雲林縣,斗六市,23.733958,120.53082,小客車(含客、貨兩用)-自用,1,60歲以上,男,1,1
4532,6a08ca871e003ab9,2025/6/22,20,臺南市,永康區,23.021713,120.221026,機車-普通重型,1,30-39歲,男,1,1
4535,6decb0c4eb4761cc,2025/6/28,1,臺北市,大安區,25.029406,121.557333,機車-普通重型,1,40-49歲,男,1,1
4541,b3268b30db9f491e,2025/5/24,10,嘉義市,西區,23.502444,120.439382,小客車(含客、貨兩用)-自用,1,50-59歲,男,1,1
4552,70611fbc577f37b3,2025/10/4,22,臺北市,中正區,25.042248,121.508545,機車-普通重型,1,30-39歲,女,2,0
4564,5f2b27e5340d8b1a,2025/7/15,17,臺中市,神岡區,24.25797,120.657072,小客車(含客、貨兩用)-自用,1,50-59歲,男,1,1
4567,f501b08317204522,2025/6/16,14,彰化縣,伸港鄉,24.153093,120.486556,小貨車-自用,1,30-39歲,男,1,1
4568,5cc6c9c060ede069,2025/11/15,5,基隆市,中正區,25.130181,121.748296,小客車(含客、貨兩用)-自用,1,19歲以下,男,1,1
4598,b80e43ec76a548e9,2025/4/4,11,桃園市,桃園區,25.016956,121.30879,機車-普通重型,1,30-39歲,男,1,1
4601,58bf3b17d29bc920,2025/7/12,12,新北市,板橋區,25.009483,121.481366,機車-普通重型,1,20-29歲,男,1,1
4607,6eddcbfb28c98cef,2025/10/7,10,雲林縣,斗南鎮,23.683057,120.481431,小客車(含客、貨兩用)-租賃車,1,50-59歲,男,1,1
4615,e19bbf7fbb7a502b,2025/11/24,12,嘉義市,西區,23.484276,120.442,小客車(含客、貨兩用)-自用,1,40-49歲,男,1,1
4638,bf3efa51f82ffe8e,2025/6/17,23,高雄市,茄萣區,22.87599,120.2167,機車-普通重型,1,30-39歲,男,1,1
4653,e2e21eb700d69c89,2025/4/8,9,新北市,三重區,25.04735,121.487541,機車-普通重型,1,40-49歲,男,2,1
4654,5a0687634712c4ef,2025/5/16,12,桃園市,大溪區,24.880267,121.287762,小客車(含客、貨兩用)-自用,1,60歲以上,男,1,1
4656,edc100c4e17f46d4,2025/1/13,15,新竹市,北區,24.811386,120.963541,小客車(含客、貨兩用)-自用,1,40-49歲,男,1,1
4658,8ef14c928f5cde9e,2025/3/17,18,桃園市,龜山區,25.057031,121.364311,機車-普通重型,1,40-49歲,男,1,0
4661,9c1cc23a5ca46116,2025/3/22,14,臺南市,永康區,23.053282,120.243266,機車-普通重型,1,40-49歲,女,1,1
4674,82f6365c6e47b530,2025/4/15,22,新竹市,香山區,24.792275,120.941766,小客車(含客、貨兩用)-自用,1,40-49歲,男,2,1
4680,9d6eda20757a5780,2025/8/28,11,臺北市,大安區,25.02673,121.525342,小客車(含客、貨兩用)-自用,1,50-59歲,男,1,1
4691,e14f45d83c88fe5d,2025/9/18,7,高雄市,左營區,22.67676,120.3012,機車-普通重型,1,60歲以上,男,2,1
4711,3b254ddfec6d5ddd,2025/1/21,18,臺北市,中山區,25.060575,121.52288,機車-普通重型,1,40-49歲,男,2,1
4713,e7f7d1eb62e0a53e,2025/5/30,6,新北市,淡水區,25.010071,121.481763,機車-普通重型,1,30-39歲,男,1,1
4727,b1c36f6bd13fe112,2025/12/9,16,桃園市,平鎮,24.912685,121.231156,小客車(含客、貨兩用)-自用,1,40-49歲,男,1,1
4730,ef1bea8446225277,2025/1/22,23,新北市,新莊區,25.039102,121.457909,機車-普通重型,1,30-39歲,男,1,1
4731,c7dde5a1e2155653,2025/3/16,19,臺北市,南港區,25.055184,121.599264,小客車(含客、貨兩用)-自用,1,40-49歲,男,1,0
4743,08ebe21863f5fa4c,2025/7/15,4,臺中市,沙鹿區,24.236596,120.55852,機車-普通重型,1,50-59歲,男,2,1
4748,0c24a994e4bc6c03,2025/9/3,22,臺南市,北區,23.005375,120.193601,小客車(含客、貨兩用)-自用,1,40-49歲,男,1,1
4761,169b6ec29ce72ddc,2025/6/30,16,高雄市,三民區,22.641303,120.335505,小客車(含客、貨兩用)-自用,1,50-59歲,男,1,1
4769,cb26d7b2520bb1c4,2025/9/12,15,新北市,板橋區,25.023629,121.460627,小客車(含客、貨兩用)-自用,1,20-29歲,男,1,0
4777,96b12b6fac611463,2025/8/16,10,嘉義縣,太保市,23.499665,120.376844,機車-普通重型,1,50-59歲,男,1,0
4779,b66bdb17d2e04bbf,2025/12/2,9,雲林縣,口湖鄉,23.618628,120.145451,小客車(含客、貨兩用)-自用,1,30-39歲,男,1,1
4781,f5c53fdaff96faf6,2025/2/7,17,高雄市,小港區,22.56727,120.364377,機車-普通重型,1,40-49歲,男,1,0
4784,24e4bbb73a9d2dc8,2025/6/2,10,桃園市,八德區,24.933289,121.29755,小客車(含客、貨兩用)-自用,1,40-49歲,男,1,1
4790,bdfd746146f68988,2025/4/18,23,桃園市,中壢區,24.979162,121.244248,小客車(含客、貨兩用)-自用,1,50-59歲,男,2,0
4799,83faa75f56e97ede,2025/11/19,10,花蓮縣,花蓮市,24.002855,121.585544,小客車(含客、貨兩用)-計程車,1,50-59歲,男,1,1
4801,c58c39fa7e0c1c38,2025/10/26,9,臺南市,北區,23.008312,120.22192,機車-普通重型,1,50-59歲,女,1,1
4802,50962a2e46d62c21,2025/3/5,8,彰化縣,彰化市,24.064644,120.537082,小客車(含客、貨兩用)-自用,1,50-59歲,男,1,1
4805,ab7ac195db39d094,2025/1/31,21,高雄市,大社區,22.765769,120.363994,小客車(含客、貨兩用)-自用,1,30-39歲,男,1,1
4810,683d43ec55b78f94,2025/5/14,7,嘉義縣,民雄鄉,23.567467,120.470602,機車-普通重型,1,60歲以上,男,1,1
4822,0101b56814f40be2,2025/6/5,8,高雄市,三民區,22.636259,120.31501,機車-普通重型,1,50-59歲,男,2,1
4834,772ae1bc33723042,2025/10/11,12,桃園市,中壢區,24.960704,121.261214,機車-普通重型,1,40-49歲,男,1,1
4840,42fa65da21e31565,2025/4/22,23,新北市,新莊區,25.034702,121.453775,機車-普通重型,1,40-49歲,男,2,1
4849,e0e508c1481a0a3e,2025/1/16,11,彰化縣,員林市,23.958264,120.571571,機車-普通重型,1,19歲以下,男,2,1
4852,bcd35e0854dae756,2025/11/27,15,臺南市,永康區,22.998853,120.251879,小客車(含客、貨兩用)-自用,1,40-49歲,男,1,1
4861,66ec8777fbf352bd,2025/1/18,11,雲林縣,北港鎮,23.5741,120.299986,機車-普通重型,1,50-59歲,男,1,1
4862,3f429e5e30ac869c,2025/9/9,14,新北市,三峽區,24.936306,121.389259,小客車(含客、貨兩用)-自用,1,19歲以下,女,1,1
4866,8eaf1f14c283e2c3,2025/11/29,23,高雄市,楠梓區,22.730931,120.322936,機車-普通重型,1,40-49歲,男,2,1
4868,d7d67d7ba11248cd,2025/6/17,19,雲林縣,斗南鎮,23.68302,120.431249,機車-普通重型,1,50-59歲,男,1,1
4883,a263078168923aa8,2025/1/10,19,高雄市,阿蓮區,23.019311,120.250743,小客車(含客、貨兩用)-自用,1,30-39歲,男,2,1
4888,d617399df79b7e8a,2025/1/27,16,臺北市,中正區,25.038745,121.517346,機車-普通重型,1,50-59歲,女,1,1
4894,03e665b142ea4bff,2025/10/25,22,臺南市,中西區,23.002128,120.187068,小客車(含客、貨兩用)-自用,1,50-59歲,女,1,1
4906,c852be29fedcd5b8,2025/8/30,2,新竹縣,新埔鎮,24.847852,121.025471,機車-普通重型,1,40-49歲,男,1,1
4917,f5827d93a7ece9ac,2025/3/21,0,新北市,三重區,25.073717,121.482379,機車-普通重型,1,30-39歲,男,2,1
4920,6bd222651035f0ee,2025/7/4,18,雲林縣,斗六市,23.70368,120.561761,小客車(含客、貨兩用)-自用,1,40-49歲,男,1,1
4929,d31de99c067718e1,2025/7/24,11,高雄市,鳥松區,22.652247,120.341647,機車-普通重型,1,40-49歲,男,2,1
4937,c4ef789eb937affe,2025/10/16,15,桃園市,中壢區,24.9763,121.261451,機車-普通重型,1,40-49歲,男,1,1
4941,0028e88a31d855d5,2025/11/13,16,雲林縣,斗六市,23.703713,120.53704,機車-普通重型,1,40-49歲,男,2,0
4976,43e7f5ae53b31b5d,2025/12/26,4,花蓮縣,花蓮市,23.984356,121.614995,小客車(含客、貨兩用)-自用,1,50-59歲,男,1,0
4985,5b09aa0e9858fb01,2025/10/30,7,臺東縣,鹿野鄉,22.909584,121.136234,曳引車-營業用,1,30-39歲,男,1,1
4987,1f8c7c5c433303eb,2025/1/21,22,新北市,土城區,24.971513,121.433659,小客車(含客、貨兩用)-自用,1,40-49歲,男,1,1
4991,6f1f8fba16588350,2025/1/11,23,新北市,泰山區,25.063073,121.433465,機車-普通重型,1,20-29歲,女,1,1
4995,d0389cd59ea32f6f,2025/2/6,9,雲林縣,大埤鄉,23.662944,120.46398,機車-普通重型,1,40-49歲,男,2,1
4996,4ac20e57267ee1d5,2025/10/4,0,屏東縣,枋寮鄉,22.396069,120.585467,小客車(含客、貨兩用)-自用,1,50-59歲,男,4,1
5001,0ac0839aaccb1434,2025/8/13,7,新北市,三重區,25.061538,121.486586,機車-普通重型,0,50-59歲,男,1,0
5002,ae55e00edd1e3518,2025/6/11,8,臺中市,潭子區,24.210912,120.707172,機車-普通重型,0,30-39歲,男,1,0
5003,ea79f8556b84850c,2025/8/16,9,高雄市,前鎮,22.59268,120.3187,機車-普通重型,0,19歲以下,男,1,0
5004,1d40eeb647c3505f,2025/8/12,14,新竹市,東區,24.796637,120.987317,小客車(含客、貨兩用)-自用,0,50-59歲,男,1,0
5005,c665ac2d759c888e,2025/9/19,19,臺中市,南區,24.130849,120.681382,機車-普通重型,0,30-39歲,男,1,0
5006,d9a75d0ed7b4a58a,2025/5/8,11,彰化縣,彰化市,24.071006,120.542463,小客車(含客、貨兩用)-自用,0,19歲以下,男,2,0
5007,22287c64ad540d3a,2025/12/18,8,臺中市,潭子區,24.201014,120.702169,機車-大型重型2(250-550C.C.),0,20-29歲,男,1,0
5008,c1247e68eec7f884,2025/10/24,11,嘉義縣,梅山鄉,23.589314,120.545875,小客車(含客、貨兩用)-自用,0,30-39歲,男,1,0
5009,4d8d0f3d9ae583f8,2025/6/28,23,雲林縣,古坑鄉,23.600612,120.60266,機車-普通重型,0,40-49歲,男,1,0
5010,c4077e81a27ec638,2025/10/19,17,南投縣,埔里鎮,23.994076,120.974012,機車-普通重型,0,50-59歲,男,2,0
5011,abc9efb8364699e0,2025/2/27,17,臺中市,大肚區,24.168822,120.579097,機車-普通重型,0,50-59歲,男,1,0
5012,abffc1d06e72576e,2025/7/15,9,雲林縣,虎尾鎮,23.690781,120.440638,人-輔助代步器材,0,30-39歲,女,2,0
5013,b8af91a1c3bce825,2025/8/17,20,臺中市,太平區,24.148367,120.704635,機車-普通重型,0,40-49歲,男,1,0
5014,0ce5e88bbc5e69f6,2025/3/12,17,新竹縣,竹北市,24.840759,120.983697,機車-普通重型,0,50-59歲,男,3,0
5015,163d1f8d73b54a08,2025/4/28,18,臺南市,下營區,23.248034,120.288109,機車-普通重型,0,40-49歲,男,2,0
5016,607c7ce61cc87c15,2025/8/14,16,桃園市,龜山區,25.049428,121.38141,小客車(含客、貨兩用)-自用,0,40-49歲,女,1,0
5017,d791d2f086be4b26,2025/4/26,12,雲林縣,古坑鄉,23.644078,120.562198,慢車-腳踏自行車,0,30-39歲,男,1,0
5018,e1904889e74abab0,2025/2/21,23,臺南市,下營區,23.206185,120.257064,機車-普通重型,0,50-59歲,男,1,0
5019,0f7d9800285477f9,2025/1/27,6,臺中市,北屯區,24.182422,120.665687,小貨車-自用,0,50-59歲,女,1,0
5020,2527e396e717cd7f,2025/8/18,9,屏東縣,里港鄉,22.771897,120.494426,機車-普通重型,0,40-49歲,男,2,0
5021,f98a922f10bd7436,2025/12/10,16,桃園市,龜山區,25.040023,121.385339,機車-普通重型,0,40-49歲,男,4,0
5022,6ba763643445ed82,2025/6/28,13,屏東縣,車城鄉,22.074323,120.713845,機車-普通重型,0,50-59歲,男,1,0
5023,51c183e533b5ad41,2025/12/2,10,高雄市,楠梓區,22.725815,120.320612,機車-普通重型,0,40-49歲,男,2,0
5024,fbbf3a1bfab052a1,2025/7/18,23,屏東縣,萬丹鄉,22.573753,120.488214,機車-普通重型,0,60歲以上,男,1,0
5025,54a1690e2756ed64,2025/7/14,9,臺南市,新營區,23.342348,120.304459,小客車(含客、貨兩用)-計程車,0,60歲以上,男,1,0
5026,5f52f5c8ea36d9c6,2025/1/20,13,臺南市,東區,22.986904,120.218065,小客車(含客、貨兩用)-自用,0,50-59歲,男,1,0
5027,99509923695d81f7,2025/4/12,14,高雄市,鳥松區,22.654676,120.337126,小客車(含客、貨兩用)-自用,0,20-29歲,男,1,0
5028,87c080ae40493f28,2025/8/15,18,臺南市,永康區,23.020223,120.250269,機車-普通重型,0,50-59歲,男,1,0
5029,22604fcd80df7180,2025/10/4,10,新北市,新莊區,25.048455,121.444845,機車-普通重型,0,30-39歲,男,1,0
5030,12e713b3aabe1b64,2025/4/5,11,桃園市,中壢區,24.970767,121.201677,小客車(含客、貨兩用)-自用,0,40-49歲,男,2,0
5031,828cc344d36dbd1a,2025/7/20,20,新北市,板橋區,25.010719,121.463362,小客車(含客、貨兩用)-計程車,0,30-39歲,男,1,0
5032,ff94fb72dc88c80b,2025/1/14,11,臺中市,南屯區,24.143772,120.647815,小客車(含客、貨兩用)-自用,0,50-59歲,男,1,0
5033,1301029c78b2fbb6,2025/4/14,12,高雄市,鳳山區,22.626,120.3492,機車-普通重型,0,30-39歲,男,1,0
5034,4b8a5c615902461e,2025/2/10,14,彰化縣,福興鄉,24.027887,120.42614,機車-普通重型,0,40-49歲,男,2,0
5035,b0af38a10a605800,2025/10/13,11,新竹市,東區,24.793446,120.963241,機車-普通重型,0,30-39歲,男,1,0
5036,9ad9a3fe04d0b356,2025/11/8,17,彰化縣,彰化市,24.091183,120.535929,慢車-微型電動二輪車,0,40-49歲,女,1,0
5037,e5ed2af4812e0e95,2025/5/13,14,彰化縣,和美鎮,24.103475,120.52368,機車-普通重型,0,40-49歲,男,3,0
5038,c11aae3624ca710b,2025/12/23,19,臺北市,南港區,25.047644,121.61489,小客車(含客、貨兩用)-自用,0,20-29歲,男,1,0
5039,cb39b678e9af5a85,2025/11/26,22,新北市,板橋區,24.98828,121.430447,小客車(含客、貨兩用)-計程車,0,40-49歲,男,1,0
5040,efd671ced3c0786d,2025/4/24,17,臺南市,柳營區,23.27894,120.31778,小客車(含客、貨兩用)-自用,0,40-49歲,男,1,0
5041,4f80a67f5233cfbf,2025/11/6,17,新北市,板橋區,24.991263,121.427937,機車-普通重型,0,30-39歲,男,1,0
5042,4041f0c7ee780545,2025/6/15,16,臺南市,安定區,23.095323,120.228588,小貨車-自用,0,20-29歲,男,1,0
5043,a9c981cff28fb312,2025/3/8,23,臺南市,麻豆區,23.198819,120.211318,小客車(含客、貨兩用)-自用,0,40-49歲,女,7,0
5044,605bdeadb6ded442,2025/12/16,20,臺北市,萬華區,25.041593,121.499186,機車-普通重型,0,40-49歲,男,3,0
5045,182ce37ca0646aa9,2025/9/11,20,臺中市,西區,24.140995,120.671771,機車-普通重型,0,50-59歲,男,1,0
5046,a57542971d3cbc77,2025/5/15,6,桃園市,蘆竹區,25.013692,121.26243,慢車-腳踏自行車,0,60歲以上,男,1,0
5047,bb354c9bdddc6b48,2025/10/2,8,臺北市,中山區,25.061211,121.531712,機車-普通重型,0,50-59歲,女,2,0
5048,3c124b1a84d4d865,2025/8/6,12,新北市,中和區,25.000309,121.472716,機車-普通重型,0,30-39歲,男,2,0
5049,688abebc803e04ee,2025/5/2,21,新北市,三峽區,24.937304,121.361339,小客車(含客、貨兩用)-自用,0,20-29歲,男,1,0
5050,a4afb6bd21564e48,2025/3/20,7,臺中市,龍井區,24.175784,120.581758,機車-普通重型,0,20-29歲,女,2,0
5051,760f1c224ae0aeef,2025/12/27,12,苗栗縣,三灣鄉,24.617019,120.944164,機車-普通重型,0,50-59歲,男,1,0
5052,2f4c798aa265598f,2025/1/20,17,嘉義市,東區,23.490837,120.459533,小客車(含客、貨兩用)-自用,0,40-49歲,男,1,0
5053,97bec802c902e284,2025/7/2,16,彰化縣,芳苑鄉,23.962575,120.37453,小客車(含客、貨兩用)-自用,0,50-59歲,男,1,0
5054,d215ba43627a363d,2025/11/23,13,苗栗縣,竹南鎮,24.71448,120.90532,機車-普通重型,0,40-49歲,男,1,0
5055,74e18e1e6f168fc4,2025/10/7,16,臺中市,潭子區,24.215493,120.704998,機車-普通重型,0,50-59歲,男,1,0
5056,703b82720b78654a,2025/6/26,18,高雄市,小港區,22.570396,120.346765,小客車(含客、貨兩用)-自用,0,60歲以上,男,1,0
5057,69d61c34aff64349,2025/7/18,8,屏東縣,新園鄉,22.494299,120.43818,機車-普通重型,0,30-39歲,男,1,0
5058,3521045e40082bbe,2025/6/1,22,桃園市,中壢區,24.975345,121.255493,機車-普通重型,0,20-29歲,男,1,0
5059,ddb3281bf29311ed,2025/3/9,14,彰化縣,花壇鄉,24.019577,120.534234,慢車-腳踏自行車,0,30-39歲,男,1,0
5060,96a005eb009cb875,2025/1/7,10,臺南市,北區,23.022808,120.205618,小客車(含客、貨兩用)-自用,0,20-29歲,男,1,0
5061,55fa29c936462415,2025/1/17,10,雲林縣,二崙鄉,23.771153,120.409846,大貨車-自用,0,40-49歲,男,1,0
5062,a240a61a0dbad11e,2025/8/26,7,高雄市,仁武區,22.67805,120.3306,機車-普通重型,0,40-49歲,女,1,0
5063,e81acc34daf4ff31,2025/12/8,13,臺中市,西屯區,24.181509,120.622519,機車-普通重型,0,60歲以上,男,1,0
5064,f42a0033ae754bfb,2025/1/22,14,桃園市,中壢區,24.961972,121.216873,機車-普通重型,0,50-59歲,男,1,0
5065,49fb225038cae637,2025/8/18,16,桃園市,桃園區,25.012274,121.310098,機車-普通重型,0,50-59歲,男,2,0
5066,ffa027a48b55090c,2025/6/25,10,臺南市,東區,22.984273,120.21795,機車-普通重型,0,50-59歲,男,1,0
5067,2eac178acc087bbb,2025/7/29,17,雲林縣,斗六市,23.675229,120.532742,機車-普通重型,0,40-49歲,男,1,0
5068,60d4045cf5b22199,2025/3/17,7,嘉義市,東區,23.477069,120.461778,慢車-微型電動二輪車,0,40-49歲,男,1,0
5069,d971372ef60eba19,2025/12/3,2,臺中市,龍井區,24.192852,120.57985,小客車(含客、貨兩用)-自用,0,40-49歲,男,1,0
5070,bedcd9833fd25a6b,2025/1/14,17,新北市,鶯歌區,24.954196,121.34896,人-行人,0,40-49歲,男,1,0
5071,4cb32c127d267325,2025/3/26,8,新竹縣,竹北市,24.808954,121.022101,小客車(含客、貨兩用)-自用,0,50-59歲,女,1,0
5072,39aac4f1d6b3b8db,2025/10/2,16,彰化縣,大村鄉,23.998841,120.552568,小客車(含客、貨兩用)-自用,0,50-59歲,男,1,0
5073,8906639b91258177,2025/11/22,10,彰化縣,彰化市,24.086143,120.537011,慢車-腳踏自行車,0,50-59歲,男,1,0
5074,986d004cf5abef90,2025/6/16,11,苗栗縣,竹南鎮,24.712324,120.894039,慢車-微型電動二輪車,0,40-49歲,男,1,0
5075,7ed422346de29a08,2025/10/17,15,屏東縣,麟洛鄉,22.63882,120.522119,機車-普通重型,0,40-49歲,男,1,0
5076,d0bc40621acc3190,2025/8/15,14,臺北市,松山區,25.049916,121.552665,小貨車-自用,0,40-49歲,男,1,0
5077,52e6857353d1b37a,2025/1/26,9,桃園市,觀音區,25.027879,121.073641,機車-普通重型,0,40-49歲,男,1,0
5078,1c9a04f8e35eff79,2025/3/17,7,桃園市,蘆竹區,25.07456,121.285395,機車-普通重型,0,30-39歲,男,1,0
5079,27d59d8a5141a93d,2025/10/25,10,彰化縣,彰化市,24.065056,120.537255,機車-普通重型,0,60歲以上,男,1,0
5080,b8bb6270b5262069,2025/10/6,10,臺南市,七股區,23.113645,120.161275,機車-普通重型,0,40-49歲,男,2,0
5081,16230276d98be1d1,2025/3/14,20,臺南市,安南區,23.061437,120.133692,機車-普通重型,0,50-59歲,男,2,0
5082,e267cba61fea17aa,2025/8/31,18,臺中市,神岡區,24.260332,120.691597,小客車(含客、貨兩用)-自用,0,40-49歲,男,1,0
5083,6899a8139b09e56c,2025/5/25,15,彰化縣,員林市,23.944772,120.580538,小客車(含客、貨兩用)-自用,0,40-49歲,男,1,0
5084,f4202898410c8e69,2025/7/2,8,桃園市,中壢區,24.97123,121.235476,未知,0,40-49歲,男,1,0
5085,0ccce83bb077afbc,2025/11/11,14,新北市,八里區,25.009721,121.481302,大客車-自用,0,40-49歲,男,1,0
5086,91e90a7ee1595afc,2025/4/6,15,南投縣,魚池鄉,23.90137,120.91092,機車-普通重型,0,20-29歲,男,2,0
5087,4dd30cf6e2d319d7,2025/1/3,14,臺中市,龍井區,24.182397,120.577464,小客車(含客、貨兩用)-自用,0,40-49歲,男,1,0
5088,c2c440eaf69bac04,2025/5/3,13,臺北市,內湖區,25.074714,121.609644,小客車(含客、貨兩用)-自用,0,40-49歲,女,1,0
5089,ee4e712ad9d32ee5,2025/10/14,17,雲林縣,斗六市,23.708628,120.54361,機車-普通重型,0,60歲以上,男,1,0
5090,955af629f0f45b84,2025/9/4,16,臺中市,北屯區,24.169893,120.720953,小客車(含客、貨兩用)-自用,0,50-59歲,男,1,0
5091,e1d692e1d343f08a,2025/11/1,9,臺中市,西屯區,24.16789,120.665649,機車-普通重型,0,50-59歲,男,1,0
5092,0d12e859356bc9ab,2025/5/1,10,臺南市,佳里區,23.154052,120.178219,小客車(含客、貨兩用)-自用,0,50-59歲,男,1,0
5093,f6227f90e54285fa,2025/5/16,7,臺中市,西屯區,24.171717,120.660799,機車-普通重型,0,60歲以上,男,1,0
5094,17b6ae60bb9f60bb,2025/12/3,10,雲林縣,斗六市,23.72236,120.582787,機車-普通重型,0,50-59歲,男,2,0
5095,b9c0e50bc1b9959a,2025/8/3,20,臺中市,東區,24.133172,120.697276,機車-普通重型,0,30-39歲,男,1,0
5096,6a971089669ada8c,2025/7/13,11,高雄市,前鎮,22.60427,120.3093,機車-普通重型,0,19歲以下,男,1,0
5097,a0ea75111a14d287,2025/5/29,19,彰化縣,二林鎮,23.955844,120.41854,機車-普通重型,0,40-49歲,男,1,0
5098,439dcfc45cef5341,2025/1/8,11,臺中市,西屯區,24.164718,120.646442,機車-普通重型,0,50-59歲,男,2,0
5099,46be5d90f35e44a0,2025/7/9,18,新竹縣,新豐鄉,24.869261,120.991987,未知,0,40-49歲,男,1,0
5100,ab667922883b98aa,2025/2/2,14,屏東縣,東港鎮,22.475742,120.462055,小客車(含客、貨兩用)-自用,0,40-49歲,男,1,0
5101,89c2d3ae92b9d05a,2025/1/16,16,臺南市,新市,23.084174,120.28076,小客車(含客、貨兩用)-自用,0,40-49歲,男,1,0
5102,9f56d59388f46303,2025/9/8,12,高雄市,左營區,22.660629,120.308846,機車-普通重型,0,50-59歲,男,1,0
5103,89d0b85cd1242e53,2025/9/3,8,雲林縣,斗六市,23.71701,120.529098,小客車(含客、貨兩用)-自用,0,30-39歲,女,1,0
5104,f3cb7e359fd08b92,2025/1/26,19,新北市,新莊區,25.027673,121.42188,小客車(含客、貨兩用)-自用,0,40-49歲,女,1,0
5105,7f0a663f15965017,2025/6/13,17,臺北市,大同區,25.065055,121.511088,機車-普通輕型,0,50-59歲,男,2,0
5106,8248992885d1c876,2025/2/6,16,高雄市,三民區,22.645497,120.346675,機車-普通重型,0,30-39歲,男,1,0
5107,29e0d742d226125e,2025/3/11,14,花蓮縣,吉安鄉,23.970371,121.58439,小客車(含客、貨兩用)-自用,0,60歲以上,男,1,0
5108,6f66b509b2de1876,2025/2/15,12,臺中市,北屯區,24.197902,120.679272,機車-普通重型,0,60歲以上,女,1,0
5109,6203fbe51ec8d979,2025/9/12,10,新竹市,東區,24.801919,120.976614,機車-普通重型,0,50-59歲,男,1,0
5110,aa150f63acc39175,2025/1/14,19,臺北市,北投區,25.120713,121.466694,機車-普通重型,0,40-49歲,女,1,0
5111,debca7e7fb51eb87,2025/7/1,14,高雄市,鳳山區,22.625306,120.347712,慢車-腳踏自行車,0,50-59歲,男,2,0
5112,a3040cfbac34c757,2025/6/17,20,臺中市,大甲區,24.391524,120.649779,慢車-微型電動二輪車,0,50-59歲,男,1,0
5113,ee892fa535e56561,2025/10/10,18,臺南市,中西區,23.003908,120.176297,機車-普通重型,0,40-49歲,男,1,0
5114,59f0a45df1f91e62,2025/8/20,19,臺中市,南屯區,24.136069,120.635522,小客車(含客、貨兩用)-自用,0,20-29歲,男,1,0
5115,954a5126886ef52e,2025/8/13,15,臺中市,沙鹿區,24.242652,120.561315,機車-普通重型,0,60歲以上,男,2,0
5116,20ef3bcf2a8a768e,2025/4/11,22,臺中市,北屯區,24.18224,120.710719,小客車(含客、貨兩用)-自用,0,60歲以上,男,1,0
5117,17f1f98b09c245d3,2025/10/13,11,高雄市,小港區,22.56978,120.349035,機車-普通重型,0,50-59歲,男,1,0
5118,239f3a6ab8ba52d0,2025/7/30,10,基隆市,中山區,25.149195,121.737082,機車-普通重型,0,50-59歲,男,1,0
5119,2bfff13ab0b3ed47,2025/9/15,7,新北市,土城區,24.969797,121.438966,機車-普通重型,0,40-49歲,男,2,0
5120,faf8d3192d5d74fb,2025/1/9,6,苗栗縣,頭份市,24.697194,120.898472,小客車(含客、貨兩用)-自用,0,50-59歲,女,2,0
5121,86a7618fe530311d,2025/8/16,8,臺中市,大里區,24.109018,120.700401,機車-普通重型,0,50-59歲,男,2,0
5122,fec38675367f29b8,2025/3/19,18,新竹縣,湖口鄉,24.869282,121.028505,小客車(含客、貨兩用)-自用,0,30-39歲,男,1,0
5123,ecf031fc6be7774f,2025/6/10,9,新北市,淡水區,25.17087,121.445762,機車-普通重型,0,50-59歲,男,1,0
5124,218e8a663ba07419,2025/12/18,9,高雄市,湖內區,22.878438,120.251684,小客車(含客、貨兩用)-自用,0,50-59歲,男,1,0
5125,162a882ccf2c215f,2025/8/12,19,新北市,土城區,24.973748,121.43638,機車-普通重型,0,40-49歲,男,3,0
5126,a3ed8702bf537149,2025/6/22,16,彰化縣,員林市,23.959791,120.584014,小客車(含客、貨兩用)-計程車,0,50-59歲,男,1,0
5127,2eb28246d145a6f5,2025/11/3,12,花蓮縣,花蓮市,24.003691,121.619154,人-輔助代步器材,0,40-49歲,男,1,0
5128,74c6c804ee988de5,2025/7/3,16,新竹縣,湖口鄉,24.879456,121.007375,大貨車-自用,0,40-49歲,男,1,0
5129,234d5c697988d4dc,2025/10/27,7,雲林縣,虎尾鎮,23.723566,120.419776,機車-普通重型,0,40-49歲,男,1,0
5130,e29663b85855ce43,2025/10/9,9,臺東縣,東河鄉,22.898603,121.249508,機車-普通重型,0,40-49歲,男,2,0
5131,f7ed564a74e3cd30,2025/4/22,7,高雄市,小港區,22.546485,120.377058,小貨車-自用,0,60歲以上,男,1,0
5132,26e048536019b0a6,2025/7/25,8,臺北市,士林區,25.101854,121.529108,大客車-民營公車,0,30-39歲,女,1,0
5133,8ce03d9e3f492ecf,2025/11/12,21,新竹市,香山區,24.79864,120.94963,機車-普通重型,0,20-29歲,男,1,0
5134,7759df52884f0b74,2025/3/25,17,高雄市,永安區,22.809158,120.238845,慢車-微型電動二輪車,0,40-49歲,女,1,0
5135,c68a88ffff8fd5c9,2025/7/5,15,屏東縣,枋山鄉,22.251749,120.656491,小客車(含客、貨兩用)-自用,0,60歲以上,男,2,0
5136,126f2b75a5f2b116,2025/8/26,16,臺南市,安平區,22.987313,120.186616,機車-普通重型,0,40-49歲,女,2,0
5137,e60cc4a978043df8,2025/7/22,13,雲林縣,北港鎮,23.567765,120.302501,小客車(含客、貨兩用)-自用,0,40-49歲,男,1,0
5138,34cc15173ff45e99,2025/9/19,7,桃園市,中壢區,24.934344,121.235618,機車-普通重型,0,30-39歲,男,1,0
5139,771d449f9aca8861,2025/4/11,16,臺中市,西區,24.135829,120.660522,機車-普通重型,0,40-49歲,男,2,0
5140,7f10f5f227a7d9af,2025/3/10,17,臺中市,大雅區,24.221641,120.649301,機車-普通重型,0,40-49歲,男,1,0
5141,94ec223dd7bbaeaa,2025/7/5,10,臺中市,梧棲區,24.249134,120.550215,機車-普通重型,0,30-39歲,男,2,0
5142,43b5049d8323252b,2025/3/28,10,苗栗縣,大湖鄉,24.401146,120.867139,機車-普通重型,0,50-59歲,男,2,0
5143,a32c2d45012bb24d,2025/10/6,16,臺北市,大同區,25.060191,121.511351,機車-普通重型,0,30-39歲,男,2,0
5144,4fdcaef53f5cad39,2025/3/1,23,臺北市,文山區,24.977501,121.564351,小客車(含客、貨兩用)-自用,0,40-49歲,女,1,0
5145,e891915b8b2d5f47,2025/3/4,16,臺中市,太平區,24.158109,120.712913,小客車(含客、貨兩用)-自用,0,40-49歲,男,1,0
5146,ea1a590387979c27,2025/12/22,15,花蓮縣,吉安鄉,23.977698,121.585422,小貨車-自用,0,40-49歲,男,1,0
5147,b9a0b5aa269d5c77,2025/5/22,16,花蓮縣,吉安鄉,23.986789,121.591986,機車-普通重型,0,30-39歲,男,2,0
5148,8310b9eb7f2be9e9,2025/7/15,14,臺南市,安南區,23.029312,120.192589,機車-普通重型,0,30-39歲,男,2,0
5149,d16904b14909d09f,2025/9/30,17,桃園市,中壢區,24.963736,121.217272,機車-普通重型,0,40-49歲,男,1,0
5150,772606345166c94b,2025/12/8,16,臺南市,新化區,23.03644,120.297613,機車-普通重型,0,40-49歲,男,1,0
5151,a6c10fb83403c9e3,2025/7/12,19,高雄市,橋頭區,22.773122,120.302629,機車-普通重型,0,40-49歲,男,2,0
5152,5c32f59a01be64c2,2025/11/11,7,新竹縣,竹北市,24.827135,120.998043,人-行人,0,40-49歲,男,2,0
5153,226de0510f481d4e,2025/1/20,16,金門縣,金城鎮,24.437049,118.318345,機車-普通重型,0,20-29歲,男,1,0
5154,db14b3fc49036bf5,2025/5/31,0,臺中市,南屯區,24.150047,120.622937,小客車(含客、貨兩用)-自用,0,40-49歲,男,1,0
5155,281cb9a50c5306ab,2025/7/29,6,高雄市,楠梓區,22.719553,120.304043,機車-普通重型,0,40-49歲,男,1,0
5156,597caff9de5f32e4,2025/11/17,22,屏東縣,屏東市,22.666831,120.453801,小客車(含客、貨兩用)-自用,0,30-39歲,男,1,0
5157,d1aa1a7b97bbd0e0,2025/7/30,12,新北市,三重區,25.072874,121.480642,機車-普通重型,0,50-59歲,男,1,0
5158,097b1ff5f70d81e7,2025/4/16,23,屏東縣,屏東市,22.680035,120.488807,機車-普通重型,0,40-49歲,男,1,0
5159,b1d19aa628b383ec,2025/2/27,10,桃園市,中壢區,25.009875,121.185033,小客車(含客、貨兩用)-自用,0,40-49歲,男,4,0
5160,f1259deaae37b915,2025/10/23,7,彰化縣,北斗鎮,23.87035,120.54562,機車-普通重型,0,30-39歲,男,1,0
5161,51e33aa72e44773c,2025/7/31,6,高雄市,大樹區,22.694452,120.424085,小客車(含客、貨兩用)-自用,0,60歲以上,男,1,0
5162,13212e2f63afacbd,2025/11/18,14,臺中市,豐原區,24.240572,120.723964,小客車(含客、貨兩用)-自用,0,50-59歲,男,1,0
5163,3c4d422a413a59bb,2025/8/24,19,臺中市,沙鹿區,24.238389,120.568207,小客車(含客、貨兩用)-自用,0,40-49歲,男,1,0
5164,fea95f3d5f218034,2025/10/16,8,南投縣,南投市,23.930618,120.667299,小客車(含客、貨兩用)-自用,0,60歲以上,女,1,0
5165,8e5770ac110f545d,2025/10/20,5,臺北市,內湖區,25.079442,121.583005,人-行人,0,50-59歲,男,2,0
5166,2966b4501538adf5,2025/2/13,17,新竹市,北區,24.796741,120.960706,小客車(含客、貨兩用)-自用,0,40-49歲,男,2,0
5167,5166cf06012cb404,2025/12/12,9,彰化縣,彰化市,24.096796,120.556623,機車-普通重型,0,40-49歲,男,2,0
5168,348c77321dbc7448,2025/11/26,18,新竹市,東區,24.801803,120.982977,機車-普通重型,0,50-59歲,男,1,0
5169,52b2966acf0e857c,2025/10/1,14,新北市,板橋區,25.027595,121.47046,機車-普通重型,0,50-59歲,男,1,0
5170,e759f117126a712c,2025/12/14,3,桃園市,新屋區,24.956143,121.053472,機車-普通重型,0,40-49歲,女,1,0
5171,863428d8e06f7864,2025/8/20,7,臺南市,永康區,23.045568,120.273037,機車-普通重型,0,50-59歲,男,2,0
5172,ee95c43c8909d680,2025/7/3,17,彰化縣,二林鎮,23.940165,120.435473,機車-普通重型,0,40-49歲,男,1,0
5173,06ff08b4b6d629b7,2025/8/28,9,臺南市,北區,23.000513,120.198838,慢車-微型電動二輪車,0,40-49歲,女,1,0
5174,2e026d03d45008ae,2025/6/2,11,臺中市,西區,24.144954,120.655124,機車-普通重型,0,50-59歲,男,2,0
5175,1331330001d7e956,2025/5/25,10,臺中市,豐原區,24.252343,120.705107,機車-普通重型,0,50-59歲,男,1,0
5176,14807aed202e5a38,2025/4/21,18,新竹縣,竹北市,24.8211,121.027534,小客車(含客、貨兩用)-自用,0,50-59歲,男,1,0
5177,6581e6d07b97ef3b,2025/6/28,18,臺北市,中山區,25.058138,121.530176,小客車(含客、貨兩用)-自用,0,40-49歲,男,1,0
5178,47fe3c270bbbefb2,2025/10/20,17,苗栗縣,苑裡鎮,24.430608,120.661912,機車-普通重型,0,30-39歲,男,2,0
5179,7d65384dc6e0e6ad,2025/3/18,7,高雄市,左營區,22.700359,120.292513,機車-普通重型,0,60歲以上,男,1,0
5180,fcf629a84b0bb885,2025/5/17,8,臺中市,南區,24.109921,120.644832,機車-普通重型,0,40-49歲,男,2,0
5181,9fc04ac341099aef,2025/7/19,15,新竹縣,竹北市,24.829702,121.02056,小客車(含客、貨兩用)-自用,0,50-59歲,男,3,0
5182,553682579db17b45,2025/10/18,13,雲林縣,斗南鎮,23.671229,120.474719,機車-普通重型,0,50-59歲,男,1,0
5183,6c8342db1eb75c22,2025/12/5,20,臺南市,永康區,23.00618,120.23025,機車-普通重型,0,50-59歲,男,1,0
5184,52d1ac0b5f24172e,2025/7/17,9,桃園市,楊梅區,24.930515,121.067207,機車-普通重型,0,40-49歲,男,1,0
5185,9a3049277d2de465,2025/4/29,17,新北市,蘆洲區,25.083579,121.47291,機車-普通重型,0,30-39歲,男,2,0
5186,86d64365a2d0db67,2025/1/6,18,高雄市,楠梓區,22.72862,120.2846,機車-普通重型,0,50-59歲,男,2,0
5187,247a8814ae459b7e,2025/7/11,17,臺南市,中西區,22.990727,120.196816,機車-普通重型,0,50-59歲,男,1,0
5188,8a4222341eea80c9,2025/7/26,6,桃園市,龜山區,25.055961,121.357687,小客車(含客、貨兩用)-自用,0,30-39歲,男,1,0
5189,eb033beb17d17498,2025/7/6,16,新北市,新莊區,25.030626,121.445813,小客車(含客、貨兩用)-自用,0,30-39歲,男,1,0
5190,06c3ef216a8cb0ca,2025/1/14,7,新北市,鶯歌區,24.955321,121.348325,機車-普通重型,0,40-49歲,男,1,0
5191,bcf69af54f70132a,2025/9/17,15,臺中市,西屯區,24.178278,120.665333,機車-普通重型,0,40-49歲,男,2,0
5192,1bebe68e438cb611,2025/8/11,15,臺南市,南區,22.98657,120.196182,機車-普通重型,0,40-49歲,男,1,0
5193,011a0861d2c3ac4e,2025/3/14,18,新北市,三峽區,24.933333,121.366667,小客車(含客、貨兩用)-租賃車,0,50-59歲,男,1,0
5194,1a2544e286c5e19f,2025/5/6,3,高雄市,大寮區,22.56508,120.4166,機車-普通重型,0,50-59歲,女,2,0
5195,4e3c22091805f7b1,2025/8/29,12,屏東縣,屏東市,22.666821,120.456684,小貨車-自用,0,50-59歲,女,1,0
5196,caa9015d5e55c766,2025/7/17,15,花蓮縣,富里鄉,23.223672,121.282761,小客車(含客、貨兩用)-自用,0,20-29歲,男,1,0
5197,89d4ffbd99e21e1d,2025/12/5,9,臺北市,松山區,25.058817,121.561706,機車-普通輕型,0,40-49歲,男,1,0
5198,59ec9a03d725e023,2025/6/16,16,桃園市,中壢區,24.96185,121.22666,小客車(含客、貨兩用)-自用,0,30-39歲,男,1,0
5199,e49c8b151caeee6c,2025/6/2,18,高雄市,三民區,22.652192,120.30467,機車-普通重型,0,30-39歲,男,1,0
5200,48bee37b0a88c209,2025/11/10,17,桃園市,蘆竹區,25.115395,121.259806,大貨車-自用,0,40-49歲,男,1,0
5201,c19a9f7e4cb68da9,2025/10/3,12,桃園市,平鎮,24.911205,121.212685,機車-普通重型,0,40-49歲,男,1,0
5202,734c5493cbf8403c,2025/11/18,8,新北市,泰山區,25.042322,121.416628,機車-普通重型,0,50-59歲,男,1,0
5203,713c570fac918556,2025/4/5,11,雲林縣,北港鎮,23.576192,120.306059,機車-普通重型,0,40-49歲,男,1,0
5204,0a23a2f8c6aa5bc0,2025/3/10,21,彰化縣,彰化市,24.070138,120.542044,小客車(含客、貨兩用)-自用,0,50-59歲,男,1,0
5205,ab0321dda3b90e70,2025/9/5,13,臺南市,新營區,23.304378,120.315185,小客車(含客、貨兩用)-自用,0,40-49歲,男,1,0
5206,a19ab5061b2be2f5,2025/9/30,17,高雄市,大寮區,22.60243,120.3972,未知,0,50-59歲,男,1,0
5207,b08acd1ac6ccd64e,2025/3/14,12,屏東縣,長治鄉,22.692557,120.595081,機車-普通重型,0,30-39歲,男,1,0
5208,1349aad231369343,2025/4/7,7,臺中市,西屯區,24.167604,120.6519,機車-普通重型,0,50-59歲,男,1,0
5209,00d9e054f6a4ca43,2025/5/11,21,桃園市,平鎮,24.945574,121.222096,人-行人,0,20-29歲,女,2,0
5210,0ebeb46582a8c8d8,2025/1/16,9,彰化縣,鹿港鎮,24.070543,120.438963,機車-普通重型,0,19歲以下,女,1,0
5211,44e5fd5cdd8c8256,2025/1/23,9,彰化縣,埔鹽鄉,24.000798,120.464396,小客車(含客、貨兩用)-自用,0,40-49歲,男,1,0
5212,4e7d55386a21c749,2025/1/14,7,新竹縣,竹北市,24.836765,121.01804,小客車(含客、貨兩用)-自用,0,20-29歲,女,1,0
5213,1881ce0f2efe91b3,2025/10/9,21,臺中市,太平區,24.159218,120.708114,慢車-腳踏自行車,0,30-39歲,女,2,0
5214,30060e97c31c589c,2025/7/1,10,彰化縣,鹿港鎮,24.060313,120.428721,機車-普通重型,0,40-49歲,男,1,0
5215,a07a38095ac7e970,2025/11/19,17,新北市,汐止區,25.057895,121.635266,小客車(含客、貨兩用)-計程車,0,40-49歲,女,2,0
5216,e04f23a9544d5530,2025/6/28,13,屏東縣,潮州鎮,22.54951,120.539575,機車-普通重型,0,50-59歲,男,2,0
5217,c384fd41d3452c9c,2025/10/13,16,高雄市,橋頭區,22.743253,120.295126,機車-普通重型,0,40-49歲,男,2,0
5218,28c55ad692e9563e,2025/1/11,11,臺中市,北屯區,24.178107,120.685671,小客車(含客、貨兩用)-自用,0,40-49歲,男,1,0
5219,5969b4ba0bcc339f,2025/6/19,13,新北市,淡水區,25.178105,121.437322,機車-普通重型,0,40-49歲,男,1,0
5220,2ff9679f4ac76049,2025/9/21,9,臺中市,霧峰區,24.058153,120.695445,機車-普通重型,0,50-59歲,女,1,0
5221,9b8c44418b9f86d5,2025/5/9,8,臺南市,永康區,23.006637,120.271638,慢車-微型電動二輪車,0,19歲以下,男,2,0
5222,e788bae972b7a4fa,2025/11/20,19,苗栗縣,後龍鎮,24.617005,120.79087,小客車(含客、貨兩用)-自用,0,60歲以上,男,1,0
5223,9576d4659610e7af,2025/11/1,11,桃園市,八德區,24.975199,121.302341,小客車(含客、貨兩用)-自用,0,40-49歲,男,2,0
5224,2a99966c734209c8,2025/2/28,20,高雄市,大寮區,22.61561,120.4128,機車-普通重型,0,60歲以上,男,3,0
5225,6e3b4f06f4f53160,2025/12/12,18,桃園市,龜山區,25.051735,121.379975,機車-大型重型2(250-550C.C.),0,60歲以上,女,3,0
5226,4e858e77dceb0c0c,2025/2/27,16,臺南市,仁德區,22.912142,120.247874,機車-普通重型,0,50-59歲,男,2,0
5227,20b976f09de501e8,2025/6/24,22,新北市,中和區,24.995711,121.464824,機車-普通重型,0,40-49歲,男,1,0
5228,4cc8673568496d63,2025/3/19,7,新北市,鶯歌區,24.950901,121.351422,機車-普通重型,0,40-49歲,男,2,0
5229,afd0b6d506c6be8e,2025/7/18,11,高雄市,小港區,22.570108,120.345453,小客車(含客、貨兩用)-自用,0,60歲以上,男,1,0
5230,81df3b60633ee8ed,2025/5/29,20,臺南市,永康區,23.017798,120.239294,機車-普通重型,0,40-49歲,女,1,0
5231,02c8c97cc1804efa,2025/5/10,14,花蓮縣,鳳林鎮,23.739967,121.446323,小客車(含客、貨兩用)-自用,0,60歲以上,男,4,0
5232,7dbacdc6e343ec9f,2025/4/4,19,臺南市,麻豆區,23.184503,120.247219,機車-普通重型,0,60歲以上,男,1,0
5233,bff4a63db606db38,2025/12/25,16,新竹市,東區,24.787976,121.01554,小客車(含客、貨兩用)-自用,0,20-29歲,女,1,0
5234,ec650afa0006f99c,2025/6/10,17,臺南市,善化區,23.118974,120.298757,機車-普通重型,0,30-39歲,男,1,0
5235,0396f270f3235eeb,2025/8/29,17,桃園市,中壢區,24.960042,121.229384,小貨車-自用,0,40-49歲,男,2,0
5236,7af7fd36ef07a2c1,2025/7/22,20,臺中市,大甲區,24.349282,120.624688,機車-普通重型,0,50-59歲,男,1,0
5237,c90019c864e1780f,2025/1/1,9,屏東縣,枋寮鄉,22.410405,120.586533,機車-普通重型,0,30-39歲,男,2,0
5238,2d400946b111aff7,2025/2/19,6,新北市,新店區,24.987511,121.536233,小客車(含客、貨兩用)-自用,0,30-39歲,男,1,0
5239,c77ce60c58c65e4d,2025/1/28,18,臺中市,西區,24.13497,120.680119,機車-普通重型,0,40-49歲,男,1,0
5240,415587244a358d49,2025/12/25,19,高雄市,大樹區,22.740223,120.446889,機車-普通重型,0,50-59歲,男,2,0
5241,7868224f851a4666,2025/10/7,10,臺中市,大里區,24.104628,120.681079,機車-普通重型,0,40-49歲,女,1,0
5242,aae5dcc7e06e549c,2025/5/2,7,宜蘭縣,冬山鄉,24.669561,121.747277,機車-普通重型,0,60歲以上,男,2,0
5243,222adf62ff512926,2025/4/4,11,新竹縣,竹東鎮,24.72944,121.091851,小客車(含客、貨兩用)-自用,0,60歲以上,男,1,0
5244,cb33b56763d2359f,2025/1/3,13,高雄市,左營區,22.678038,120.318665,機車-普通重型,0,40-49歲,男,2,0
5245,bcb8082615ba2956,2025/2/7,21,高雄市,小港區,22.567294,120.364358,慢車-腳踏自行車,0,40-49歲,男,1,0
5246,0cd6cebe294a52f3,2025/4/7,22,臺北市,松山區,25.059048,121.566017,小客車(含客、貨兩用)-自用,0,40-49歲,男,1,0
5247,11b8a21ef8587cc0,2025/6/14,12,宜蘭縣,宜蘭市,24.745587,121.753339,機車-普通重型,0,40-49歲,男,2,0
5248,6ae7c17613612db4,2025/7/5,12,新北市,新莊區,25.039451,121.449577,小客車(含客、貨兩用)-自用,0,40-49歲,男,1,0
5249,ed6c2a5a7f76703d,2025/4/22,8,新竹市,北區,24.808311,120.967275,機車-普通重型,0,30-39歲,男,2,0
5250,084132cc67bd3d3b,2025/7/20,6,臺中市,外埔區,24.331503,120.657609,小客車(含客、貨兩用)-自用,0,40-49歲,男,1,0
5251,5ff0360618f3079f,2025/11/11,21,新北市,板橋區,25.009467,121.481395,小客車(含客、貨兩用)-計程車,0,50-59歲,男,1,0
5252,24c44c04a5d9b5d1,2025/3/13,21,桃園市,中壢區,24.959912,121.221825,小客車(含客、貨兩用)-自用,0,40-49歲,女,1,0
5253,dc97fdd9908aaf41,2025/4/1,8,花蓮縣,花蓮市,23.997628,121.560497,機車-普通重型,0,40-49歲,男,2,0
5254,19f80478b2a14baf,2025/10/21,18,高雄市,大寮區,22.61742,120.3853,小客車(含客、貨兩用)-自用,0,30-39歲,男,1,0
5255,bdf874669559ab12,2025/11/27,7,臺南市,安南區,23.046438,120.18777,小客車(含客、貨兩用)-自用,0,40-49歲,男,1,0
5256,45fa7e80c275d639,2025/3/22,19,臺中市,西區,24.134074,120.678,小客車(含客、貨兩用)-自用,0,60歲以上,男,1,0
5257,a24bc29a4c06c9d4,2025/6/20,9,高雄市,旗山區,22.88868,120.4797,小客車(含客、貨兩用)-自用,0,50-59歲,女,1,0
5258,f15e7366a4204ec7,2025/8/25,7,雲林縣,斗六市,23.706934,120.529176,機車-普通重型,0,60歲以上,男,1,0
5259,6b77ef308e330f2d,2025/3/23,10,南投縣,草屯鎮,23.989164,120.704789,小客車(含客、貨兩用)-自用,0,50-59歲,男,2,0
5260,9a2eae6111bb76ce,2025/10/6,20,南投縣,南投市,23.920575,120.674035,小客車(含客、貨兩用)-自用,0,30-39歲,女,1,0
5261,0c53d8298e86771f,2025/12/31,9,臺北市,內湖區,25.066257,121.616381,小客車(含客、貨兩用)-自用,0,50-59歲,男,2,0
5262,05fa24b5380063f3,2025/6/22,9,雲林縣,北港鎮,23.615119,120.289687,慢車-腳踏自行車,0,60歲以上,男,1,0
5263,6a3a3be1d196741b,2025/5/3,16,彰化縣,秀水鄉,24.047805,120.49899,機車-普通重型,0,40-49歲,女,1,0
5264,46045c2511ec3652,2025/6/6,18,臺中市,沙鹿區,24.214943,120.575345,機車-普通重型,0,30-39歲,男,1,0
5265,593dcfe26080c1c9,2025/7/30,10,彰化縣,福興鄉,24.047539,120.420441,小貨車-自用,0,19歲以下,男,1,0
5266,a07d9d6e17adfe34,2025/11/18,4,新北市,五股區,25.103399,121.45272,機車-普通重型,0,40-49歲,男,1,0
5267,798b6378d005b050,2025/8/21,23,雲林縣,虎尾鎮,23.707142,120.427553,機車-普通重型,0,50-59歲,男,2,0
5268,09f190f5cb2506aa,2025/11/19,20,臺中市,西屯區,24.165603,120.659405,機車-普通重型,0,20-29歲,男,1,0
5269,5c657bc42dbae943,2025/11/17,14,高雄市,前鎮,22.610507,120.328683,機車-普通重型,0,19歲以下,男,1,0
5270,2847ba43b62bff44,2025/6/30,14,屏東縣,屏東市,22.689045,120.488973,機車-普通重型,0,50-59歲,男,1,0
5271,727ced6ecab34001,2025/10/1,16,高雄市,大樹區,22.663511,120.423999,機車-普通重型,0,40-49歲,男,3,0
5272,35656f0ff615eeea,2025/12/15,12,高雄市,鳳山區,22.649523,120.355963,慢車-電動輔助自行車,0,30-39歲,男,1,0
5273,9d0eb2b944a4f894,2025/3/18,16,新北市,三重區,25.04517,121.469293,小客車(含客、貨兩用)-自用,0,40-49歲,男,1,0
5274,b654774eaf3b8add,2025/8/17,10,桃園市,龜山區,25.057661,121.370881,小客車(含客、貨兩用)-自用,0,50-59歲,男,1,0
5275,f35ad07acffcdc1b,2025/1/15,11,新北市,瑞芳區,25.107314,121.806901,小客車(含客、貨兩用)-自用,0,20-29歲,男,1,0
5276,461b92bec04b5c39,2025/12/14,13,高雄市,鳥松區,22.655766,120.336559,小客車(含客、貨兩用)-自用,0,40-49歲,女,1,0
5277,6a3c4b77455c0516,2025/6/6,9,桃園市,大溪區,24.878717,121.276058,機車-普通重型,0,40-49歲,男,1,0
5278,b8cccc93e70aa720,2025/12/27,20,高雄市,左營區,22.682992,120.31975,大貨車-自用,0,40-49歲,男,1,0
5279,71ab27e94ffcc07e,2025/12/19,18,宜蘭縣,宜蘭市,24.757117,121.75841,慢車-腳踏自行車,0,40-49歲,女,1,0
5280,95ef79480212d5ea,2025/11/12,18,新北市,板橋區,25.008569,121.454726,機車-普通重型,0,50-59歲,男,1,0
5281,e05bdd117280b0f9,2025/8/30,12,桃園市,平鎮,24.900308,121.209542,機車-普通重型,0,50-59歲,男,1,0
5282,c2eefcfa93856058,2025/11/7,7,基隆市,七堵區,25.101939,121.715587,機車-普通重型,0,40-49歲,男,1,0
5283,87abde348d686c91,2025/7/21,15,新北市,土城區,24.985956,121.466228,小客車(含客、貨兩用)-自用,0,50-59歲,男,1,0
5284,5c8b82b7767f46da,2025/8/14,16,新竹市,北區,24.806354,120.964152,小客車(含客、貨兩用)-自用,0,30-39歲,女,1,0
5285,3a7f3ac48b98d7b7,2025/10/11,7,臺北市,內湖區,25.08115,121.56585,機車-普通重型,0,40-49歲,男,2,0
5286,63fdf0a971c7d687,2025/3/2,9,桃園市,復興區,24.730431,121.358317,小客車(含客、貨兩用)-租賃車,0,20-29歲,男,2,0
5287,f681d373c0a27b63,2025/2/4,7,屏東縣,萬丹鄉,22.542074,120.549678,小客車(含客、貨兩用)-自用,0,30-39歲,男,1,0
5288,53ce7c01f65b1444,2025/6/12,7,桃園市,八德區,24.978214,121.302015,慢車-電動輔助自行車,0,50-59歲,女,2,0
5289,d44d490ed301bd51,2025/1/22,19,臺南市,新市,23.074783,120.291444,機車-普通重型,0,30-39歲,男,2,0
5290,33643e6b02a872ad,2025/2/27,17,宜蘭縣,宜蘭市,24.761822,121.756362,機車-普通重型,0,50-59歲,女,1,0
5291,36599ffc773eaa8a,2025/3/5,5,高雄市,旗山區,22.864241,120.470412,未知,0,60歲以上,男,1,0
5292,56f5560611ac1ce7,2025/1/25,11,桃園市,桃園區,25.006781,121.303458,機車-普通重型,0,50-59歲,男,1,0
5293,cd05f6e3823e2028,2025/1/23,15,臺中市,南屯區,24.151303,120.635213,機車-普通重型,0,50-59歲,男,1,0
5294,1099dc26121c7e70,2025/11/28,16,新北市,中和區,24.999812,121.511115,小客車(含客、貨兩用)-自用,0,40-49歲,男,1,0
5295,fdb546fe3b70a816,2025/1/30,9,彰化縣,鹿港鎮,24.069643,120.43622,小客車(含客、貨兩用)-自用,0,60歲以上,男,1,0
5296,0ea21e9f1fd6b71b,2025/6/13,22,桃園市,平鎮,24.927725,121.218966,小客車(含客、貨兩用)-自用,0,20-29歲,男,1,0
5297,1d3911209da189ba,2025/11/1,12,臺中市,北屯區,24.178157,120.668779,機車-普通重型,0,60歲以上,男,3,0
5298,3722829f49e3844b,2025/2/13,7,臺南市,仁德區,22.943318,120.249845,機車-普通重型,0,20-29歲,男,1,0
5299,ff6fa6c05e173db3,2025/10/20,8,新北市,三峽區,24.921576,121.370462,機車-普通重型,0,40-49歲,男,2,0
5300,cafbdeb2e8176d79,2025/7/18,17,彰化縣,福興鄉,24.03408,120.461138,小客車(含客、貨兩用)-自用,0,40-49歲,女,1,0
5301,2bc124fa8e008a28,2025/11/23,1,高雄市,梓官區,22.74909,120.2615,機車-普通重型,0,50-59歲,男,2,0
5302,99dc9cffc6f417f9,2025/4/13,8,臺東縣,臺東市,22.765756,121.14652,小客車(含客、貨兩用)-自用,0,50-59歲,男,1,0
5303,2b3ade17d1f52fcc,2025/6/22,14,臺中市,北區,24.158092,120.684798,機車-普通重型,0,50-59歲,男,2,0
5304,4e57da337543589b,2025/5/8,9,新北市,新莊區,24.999156,121.485393,小客車(含客、貨兩用)-自用,0,40-49歲,女,1,0
5305,ace411b1a9a473c8,2025/11/18,21,屏東縣,車城鄉,22.071944,120.713888,小客車(含客、貨兩用)-自用,0,60歲以上,男,1,0
5306,75bdc03738c4001c,2025/6/24,17,嘉義縣,民雄鄉,23.534132,120.413738,機車-普通重型,0,60歲以上,男,1,0
5307,446b2b373f162da1,2025/8/23,8,新北市,三峽區,25.009317,121.481388,機車-普通重型,0,50-59歲,男,1,0
5308,6723fa845b2cddf2,2025/10/14,13,桃園市,桃園區,25.009019,121.311198,小客車(含客、貨兩用)-自用,0,40-49歲,男,1,0
5309,02c443d230870528,2025/5/10,7,高雄市,新興區,22.630511,120.309792,機車-普通重型,0,40-49歲,女,1,0
5310,164d0dcd09936fab,2025/3/17,21,彰化縣,鹿港鎮,24.065922,120.401854,機車-普通重型,0,30-39歲,女,1,0
5311,e0a59ad799a90803,2025/11/20,17,新北市,五股區,25.096712,121.448689,機車-普通重型,0,20-29歲,男,2,0
5312,19f6bcb070fdf530,2025/9/15,8,臺北市,信義區,25.028062,121.55665,小客車(含客、貨兩用)-自用,0,30-39歲,男,1,0
5313,951a1485ad965f6c,2025/5/27,20,臺中市,太平區,24.144433,120.713577,小客車(含客、貨兩用)-自用,0,50-59歲,男,2,0
5314,daa9469b4a3861ce,2025/9/18,7,桃園市,蘆竹區,25.042801,121.294422,小客車(含客、貨兩用)-租賃車,0,30-39歲,女,1,0
5315,8b4a563581b7e9d9,2025/3/25,15,新北市,板橋區,25.026891,121.469971,機車-普通重型,0,30-39歲,男,1,0
5316,167c0453ad264da1,2025/3/8,12,臺中市,西屯區,24.186557,120.605422,機車-普通重型,0,50-59歲,男,1,0
5317,63840b1d4b7db35e,2025/9/3,8,雲林縣,虎尾鎮,23.719275,120.4366,機車-普通重型,0,40-49歲,男,2,0
5318,32038f86298c64b9,2025/6/1,12,新北市,三重區,25.079113,121.484719,機車-普通重型,0,20-29歲,男,2,0
5319,5bb0c6e31637e827,2025/10/29,7,彰化縣,鹿港鎮,24.085866,120.474788,小客車(含客、貨兩用)-自用,0,50-59歲,女,1,0
5320,ec09a6387034e816,2025/5/11,19,新北市,三重區,25.061402,121.482697,小客車(含客、貨兩用)-自用,0,50-59歲,男,1,0
5321,642f1018f6388b25,2025/4/1,13,臺中市,北屯區,24.191263,120.680939,機車-普通重型,0,40-49歲,男,2,0
5322,9571518f710a1958,2025/3/1,19,新北市,永和區,25.008394,121.508233,慢車-微型電動二輪車,0,30-39歲,男,3,0
5323,0b7e80c48aeb361c,2025/9/24,8,臺南市,新營區,23.327016,120.311409,小客車(含客、貨兩用)-自用,0,40-49歲,男,3,0
5324,3e8640c3bccf5928,2025/11/19,16,臺南市,永康區,23.030244,120.225267,大貨車-自用,0,40-49歲,男,1,0
5325,ddca09dd6c6d0bfc,2025/12/12,9,新北市,新莊區,25.017829,121.439588,機車-普通重型,0,40-49歲,男,1,0
5326,b29464ebeddea895,2025/12/1,16,新北市,新莊區,25.054179,121.440427,小客車(含客、貨兩用)-營業用,0,50-59歲,男,1,0
5327,f2f275aa7978ddb1,2025/5/3,18,彰化縣,彰化市,24.068118,120.547649,機車-普通重型,0,20-29歲,男,3,0
5328,f8bbc005ba47620a,2025/1/12,16,新北市,三重區,25.068073,121.489965,小客車(含客、貨兩用)-自用,0,40-49歲,男,1,0
5329,cd765190b1177d4d,2025/5/6,17,嘉義市,東區,23.492027,120.470485,小貨車-營業用,0,20-29歲,男,1,0
5330,47847bd1dabcd215,2025/1/12,17,新北市,新店區,24.967121,121.515767,小客車(含客、貨兩用)-自用,0,20-29歲,男,1,0
5331,b85c76fc8e434504,2025/5/15,19,新竹縣,湖口鄉,24.860457,121.007828,小客車(含客、貨兩用)-自用,0,40-49歲,男,1,0
5332,138f83f017faf40c,2025/8/7,11,新竹縣,竹北市,24.835254,121.012215,機車-普通重型,0,20-29歲,男,1,0
5333,83647a65cf447ae9,2025/1/21,20,雲林縣,斗六市,23.706321,120.53969,機車-普通重型,0,50-59歲,男,1,0
5334,6fdb4cdecbcc74b3,2025/10/25,11,彰化縣,埔鹽鄉,24.005757,120.429294,小貨車-自用,0,30-39歲,男,1,0
5335,f7e6ac70e6024d6e,2025/9/18,8,高雄市,三民區,22.661346,120.319191,慢車-腳踏自行車,0,40-49歲,男,2,0
5336,03056b0ee43fefc8,2025/7/4,12,臺中市,清水區,24.268886,120.565786,機車-大型重型1(550C.C.以上),0,40-49歲,男,1,0
5337,042234b65413d4cd,2025/6/18,8,臺北市,信義區,25.029076,121.55677,機車-普通重型,0,40-49歲,男,2,0
5338,a1dc58b70f1999fb,2025/10/10,21,臺中市,潭子區,24.216099,120.703621,人-行人,0,50-59歲,男,2,0
5339,4065a0290c56ead9,2025/11/6,14,桃園市,中壢區,24.958101,121.19709,機車-大型重型1(550C.C.以上),0,20-29歲,女,1,0
5340,e93b7cec27dda82d,2025/5/4,9,彰化縣,和美鎮,24.081123,120.51435,小客車(含客、貨兩用)-自用,0,40-49歲,男,1,0
5341,30c1a0e2dfc2fcf5,2025/12/20,9,桃園市,八德區,24.968805,121.318726,機車-普通重型,0,19歲以下,男,1,0
5342,d5115c8e537c57fb,2025/5/10,20,嘉義縣,民雄鄉,23.55831,120.43024,機車-普通重型,0,50-59歲,男,1,0
5343,10bb3670946826d9,2025/12/19,13,嘉義縣,溪口鄉,23.606217,120.373371,小客車(含客、貨兩用)-自用,0,40-49歲,男,1,0
5344,e84ce92dcc693c3c,2025/2/20,18,雲林縣,西螺鎮,23.798453,120.442928,機車-普通重型,0,30-39歲,男,3,0
5345,f4e49797bb2a4a27,2025/11/15,16,彰化縣,溪湖鎮,23.971058,120.5086,小客車(含客、貨兩用)-自用,0,30-39歲,男,1,0
5346,7453fbe8492cafb5,2025/3/6,17,桃園市,桃園區,24.976718,121.32296,機車-普通重型,0,30-39歲,男,1,0
5347,a1518a2ed706cadb,2025/1/22,14,臺中市,西屯區,24.179581,120.644585,機車-普通重型,0,60歲以上,男,2,0
5348,b0dae91e033b3bb1,2025/10/16,13,彰化縣,和美鎮,24.104984,120.50193,其他車-動力機械,0,30-39歲,女,1,0
5349,f067e1be327ed229,2025/1/21,9,臺中市,太平區,24.134202,120.734489,機車-普通重型,0,30-39歲,女,2,0
5350,5366173f275f7d4a,2025/1/23,17,新北市,汐止區,25.076284,121.667145,機車-普通重型,0,30-39歲,男,1,0
5351,87539f0bbf49babc,2025/6/6,10,宜蘭縣,頭城鎮,24.837613,121.788672,機車-普通重型,0,50-59歲,男,2,0
5352,93e112f9f04ac035,2025/4/25,20,苗栗縣,頭份市,24.691524,120.902437,小客車(含客、貨兩用)-自用,0,50-59歲,男,1,0
5353,09b0678282b45073,2025/2/18,9,臺中市,北區,24.170452,120.66806,小貨車-自用,0,30-39歲,男,1,0
5354,b837433bffd62fff,2025/11/9,17,桃園市,中壢區,24.981038,121.220344,小貨車-自用,0,60歲以上,男,3,0
5355,a232d8fec5884c16,2025/3/31,7,高雄市,路竹區,22.83515,120.2846,機車-普通重型,0,30-39歲,男,3,0
5356,eaa8cfea04ff8f54,2025/6/25,12,嘉義市,西區,23.465336,120.437798,機車-普通重型,0,40-49歲,男,2,0
5357,bc043d527be6331a,2025/2/3,21,臺南市,白河區,23.352583,120.438903,大貨車-營業用,0,50-59歲,男,2,0
5358,2665e38d820524d2,2025/1/21,19,臺中市,大雅區,24.226373,120.656945,小貨車-自用,0,60歲以上,男,1,0
5359,ebd229b2badd334c,2025/9/22,22,宜蘭縣,冬山鄉,24.669586,121.748219,機車-普通重型,0,40-49歲,女,1,0
5360,523bc407b89e42ce,2025/8/13,10,雲林縣,西螺鎮,23.759219,120.435952,機車-普通重型,0,30-39歲,男,1,0
5361,06c19a713ddc77ab,2025/9/16,23,新北市,五股區,25.072207,121.450201,小貨車-自用,0,20-29歲,男,3,0
5362,5dc5d0e1b83f67e8,2025/12/6,8,屏東縣,屏東市,22.65308,120.477768,機車-普通重型,0,50-59歲,男,2,0
5363,33c0c5b9ad8a1f47,2025/1/26,11,高雄市,旗山區,22.77863,120.452109,機車-普通重型,0,20-29歲,女,3,0
5364,a208899df91f4e28,2025/11/13,7,臺中市,南屯區,24.153638,120.643796,機車-普通重型,0,40-49歲,男,2,0
5365,95150daeefbcd577,2025/5/22,17,新北市,石碇區,25.0,121.65,機車-普通重型,0,40-49歲,男,1,0
5366,2804fcc798f37a03,2025/11/3,20,新北市,蘆洲區,25.08084,121.475913,機車-普通重型,0,50-59歲,男,3,0
5367,4db316cbaa3e10ac,2025/11/3,16,新竹市,香山區,24.721631,120.919132,小客車(含客、貨兩用)-自用,0,50-59歲,男,2,0
5368,ba85f4b29e7e3d52,2025/10/10,16,桃園市,中壢區,25.015219,121.210206,小客車(含客、貨兩用)-自用,0,60歲以上,男,1,0
5369,59e28f415912d377,2025/9/5,9,新北市,中和區,25.00819,121.491902,小客車(含客、貨兩用)-自用,0,40-49歲,男,1,0
5370,56dcd98cb8278647,2025/1/17,7,臺中市,神岡區,24.272862,120.702411,小客車(含客、貨兩用)-自用,0,40-49歲,男,1,0
5371,ad590e494cb11be7,2025/5/8,16,雲林縣,斗六市,23.71837,120.551611,小客車(含客、貨兩用)-自用,0,30-39歲,男,1,0
5372,9f4d5ddf163eb7a0,2025/10/30,17,嘉義市,西區,23.487004,120.427749,小客車(含客、貨兩用)-自用,0,40-49歲,男,1,0
5373,d10aa40f4d4da5df,2025/8/8,7,高雄市,鳳山區,22.64131,120.364109,機車-普通重型,0,30-39歲,男,2,0
5374,10f53ab74d3fca4d,2025/1/24,17,新竹市,東區,24.81468,120.972429,機車-普通重型,0,20-29歲,男,2,0
5375,f1f1257c25230d6b,2025/8/28,15,屏東縣,東港鎮,22.480869,120.463517,機車-普通重型,0,40-49歲,男,1,0
5376,ea0a78b4e334e880,2025/10/26,21,臺南市,永康區,23.03915,120.243384,機車-普通重型,0,50-59歲,男,1,0
5377,883cc13e3d7a6a79,2025/3/12,14,嘉義市,東區,23.49783,120.453601,機車-普通重型,0,50-59歲,男,1,0
5378,497a7b30c926c6a1,2025/9/19,16,臺中市,豐原區,24.249914,120.706114,小客車(含客、貨兩用)-自用,0,20-29歲,男,1,0
5379,4adcd9c87b19cb3c,2025/10/3,10,臺中市,北屯區,24.164903,120.69331,機車-普通重型,0,40-49歲,男,1,0
5380,ce2bacfd9e62c9b7,2025/10/22,7,臺中市,中區,24.146489,120.678043,機車-普通重型,0,50-59歲,女,1,0
5381,b9e24f06583b97bb,2025/1/29,6,高雄市,湖內區,22.88103,120.2482,機車-普通重型,0,60歲以上,男,1,0
5382,f9169dc5394d73eb,2025/8/4,6,高雄市,前鎮,22.583611,120.325705,機車-普通重型,0,20-29歲,男,2,0
5383,248f0511f6034fb2,2025/12/5,17,新竹市,北區,24.825657,120.956609,小客車(含客、貨兩用)-自用,0,40-49歲,男,1,0
5384,12e9d4da1dfc7ce7,2025/7/2,7,臺中市,北屯區,24.171134,120.698404,機車-普通重型,0,50-59歲,男,1,0
5385,67d381eff2f74241,2025/12/5,18,彰化縣,和美鎮,24.101452,120.521355,小客車(含客、貨兩用)-自用,0,30-39歲,女,1,0
5386,98020cb3a6cddf68,2025/12/22,17,臺南市,永康區,23.04467,120.23992,慢車-腳踏自行車,0,50-59歲,男,1,0
5387,855d0ffc7e6bf6a5,2025/2/17,18,臺中市,龍井區,24.21038,120.54063,大貨車-自用,0,20-29歲,女,1,0
5388,e500f4b100810813,2025/7/28,12,臺南市,新營區,23.306919,120.312501,小客車(含客、貨兩用)-自用,0,50-59歲,女,1,0
5389,13b67f30abc5ab39,2025/4/20,15,彰化縣,田中鎮,23.854394,120.584018,機車-普通重型,0,50-59歲,男,1,0
5390,ef317c450b4ec3e2,2025/11/4,7,嘉義縣,民雄鄉,23.532259,120.436848,小客車(含客、貨兩用)-自用,0,40-49歲,男,1,0
5391,a46d20952fa80dd5,2025/7/25,9,花蓮縣,吉安鄉,23.987455,121.58347,慢車-微型電動二輪車,0,40-49歲,男,1,0
5392,5435915c68f6bdb6,2025/11/26,8,新竹縣,新埔鎮,24.826573,121.05193,機車-普通重型,0,19歲以下,男,1,0
5393,96f27d64360fe86a,2025/12/16,17,高雄市,大寮區,22.591996,120.42787,大貨車-自用,0,30-39歲,女,1,0
5394,a8b5de0bac307a64,2025/12/10,8,臺中市,南屯區,24.145016,120.628928,機車-普通重型,0,50-59歲,男,2,0
5395,bfdd62f8dac55a9b,2025/3/27,13,新北市,五股區,25.074545,121.435109,小客車(含客、貨兩用)-自用,0,40-49歲,女,1,0
5396,1c0d34b09520b102,2025/12/6,21,臺中市,大里區,24.104603,120.681212,小客車(含客、貨兩用)-自用,0,30-39歲,男,1,0
5397,2e1b05eb29fe55a3,2025/11/14,8,新北市,中和區,25.009482,121.481384,慢車-微型電動二輪車,0,40-49歲,男,1,0
5398,b03557b82a490412,2025/1/25,0,新北市,中和區,25.00367,121.496319,機車-普通重型,0,30-39歲,男,1,0
5399,3ff1ff366bde619d,2025/5/2,11,高雄市,大寮區,22.620302,120.415753,小客車(含客、貨兩用)-自用,0,60歲以上,男,2,0
5400,f3d120e83aeb5f1f,2025/4/11,12,雲林縣,西螺鎮,23.750865,120.456309,機車-普通重型,0,40-49歲,男,1,0
5401,e3728dee55e245e0,2025/4/14,7,彰化縣,鹿港鎮,24.098956,120.478498,機車-普通重型,0,50-59歲,女,2,0
5402,55ad4f3582da6f67,2025/6/27,23,新北市,新莊區,25.011852,121.476638,小客車(含客、貨兩用)-自用,0,40-49歲,男,2,0
5403,2141bd0e03770c8c,2025/1/3,19,新北市,板橋區,24.991032,121.429674,機車-普通重型,0,40-49歲,男,2,0
5404,6fe69c0914f1daad,2025/4/28,16,臺南市,永康區,23.026512,120.249064,機車-普通重型,0,60歲以上,男,1,0
5405,54df25ebe6569b4d,2025/11/29,9,臺北市,大安區,25.032537,121.526946,小客車(含客、貨兩用)-計程車,0,40-49歲,男,3,0
5406,d3ae619136063ad7,2025/1/2,7,彰化縣,鹿港鎮,24.059836,120.440374,小客車(含客、貨兩用)-自用,0,40-49歲,男,1,0
5407,741a5dd161afe282,2025/6/24,0,宜蘭縣,羅東鎮,24.675831,121.772757,機車-普通重型,0,40-49歲,男,1,0
5408,3c10f4f8af31de9f,2025/9/26,8,彰化縣,福興鄉,24.046777,120.429983,機車-普通重型,0,40-49歲,男,1,0
5409,11fd2b94334c13e5,2025/6/30,19,新北市,新莊區,25.049995,121.457794,機車-普通重型,0,30-39歲,男,2,0
5410,87e8559112a3e55d,2025/1/15,16,高雄市,前鎮,22.60138,120.3069,機車-普通重型,0,30-39歲,女,1,0
5411,1026c55ffc222077,2025/9/6,14,新北市,永和區,25.012293,121.509336,小客車(含客、貨兩用)-自用,0,50-59歲,女,1,0
5412,9a7db3a073faf4dd,2025/3/20,23,高雄市,三民區,22.669586,120.325331,小客車(含客、貨兩用)-計程車,0,40-49歲,男,2,0
5413,8a8a8c67ba089006,2025/8/22,20,彰化縣,彰化市,24.080721,120.538426,機車-普通重型,0,50-59歲,男,1,0
5414,ee8c39d9cf9b5942,2025/7/17,16,嘉義市,西區,23.465684,120.434504,小客車(含客、貨兩用)-自用,0,50-59歲,男,1,0
5415,d8ce664709336ed0,2025/3/14,7,新竹市,東區,24.771428,121.009103,機車-普通重型,0,40-49歲,男,2,0
5416,ed29c8746f104f6e,2025/6/23,16,高雄市,鳳山區,22.60221,120.3373,機車-普通重型,0,50-59歲,男,1,0
5417,07189745baa1ac71,2025/10/13,13,高雄市,三民區,22.64431,120.308687,機車-普通重型,0,30-39歲,男,2,0
5418,f9b0e8a1391d9fb6,2025/10/4,17,臺中市,北屯區,24.182331,120.69083,小客車(含客、貨兩用)-自用,0,40-49歲,男,1,0
5419,a542bc8983ddeccb,2025/6/28,12,屏東縣,屏東市,22.661744,120.470185,曳引車-營業用,0,40-49歲,女,1,0
5420,19593a9c6441d022,2025/11/16,11,彰化縣,彰化市,24.083875,120.552069,小客車(含客、貨兩用)-自用,0,40-49歲,男,1,0
5421,6bf70e119b70fb1f,2025/2/12,10,嘉義市,西區,23.475896,120.412228,機車-普通重型,0,40-49歲,女,1,0
5422,1f59771ba41816e6,2025/12/29,21,彰化縣,和美鎮,24.09932,120.52435,小客車(含客、貨兩用)-自用,0,40-49歲,男,1,0
5423,cf3e8767f420add6,2025/2/5,16,新竹市,東區,24.813959,120.976068,小客車(含客、貨兩用)-自用,0,50-59歲,男,1,0
5424,3197f7ac4df1289e,2025/3/21,23,屏東縣,新園鄉,22.507039,120.437741,機車-普通重型,0,30-39歲,男,1,0
5425,2e91cfff15dfa67b,2025/6/4,8,臺中市,龍井區,24.190727,120.547529,機車-普通重型,0,40-49歲,男,2,0
5426,d00f419677b73d62,2025/12/9,15,新北市,新莊區,25.055909,121.467262,機車-普通重型,0,40-49歲,男,1,0
5427,437b7508ba0f42f7,2025/6/9,15,屏東縣,萬丹鄉,22.594761,120.457504,機車-普通重型,0,50-59歲,男,1,0
5428,d0552a9458863d19,2025/6/21,10,臺中市,梧棲區,24.23032,120.546085,小客車(含客、貨兩用)-自用,0,60歲以上,男,1,0
5429,1eb8ef790153e6ba,2025/7/8,4,新北市,泰山區,25.057269,121.438161,大客車-營業用,0,40-49歲,男,1,0
5430,d9b297c2daf630f4,2025/12/15,8,新北市,板橋區,25.009444,121.481329,機車-普通重型,0,50-59歲,男,1,0
5431,47fbb539bff4e9b0,2025/12/5,8,新竹縣,竹北市,24.866198,120.952968,機車-普通重型,0,60歲以上,男,1,0
5432,38721c60c874db00,2025/6/19,7,新北市,新莊區,25.036297,121.452619,小客車(含客、貨兩用)-自用,0,20-29歲,男,1,0
5433,2f0cef820ac99431,2025/7/11,18,臺南市,安南區,23.029299,120.192586,機車-普通重型,0,60歲以上,男,1,0
5434,b386eaaa42be8535,2025/10/3,17,新北市,淡水區,25.176313,121.443037,機車-普通重型,0,60歲以上,女,1,0
5435,cbc6cef241b99a68,2025/4/20,11,新北市,三峽區,24.92922,121.380982,小客車(含客、貨兩用)-自用,0,30-39歲,男,2,0
5436,7aa2336163f19f26,2025/3/28,6,臺南市,新化區,23.034971,120.306432,機車-普通重型,0,19歲以下,男,1,0
5437,20c1dda020bba994,2025/3/8,17,臺中市,清水區,24.275316,120.55327,小客車(含客、貨兩用)-自用,0,30-39歲,男,1,0
5438,7e6a715e2a905f42,2025/12/24,17,新竹縣,竹北市,24.832721,120.990003,人-行人,0,50-59歲,男,2,0
5439,038c7cc22b593167,2025/9/11,11,彰化縣,秀水鄉,24.049638,120.489573,小貨車-自用,0,60歲以上,男,1,0
5440,80580e3e2724434d,2025/9/25,22,臺中市,大里區,24.095062,120.687386,機車-普通重型,0,30-39歲,男,1,0
5441,bb3fb734e3d43cdb,2025/1/4,1,屏東縣,屏東市,22.644147,120.485544,機車-普通重型,0,40-49歲,男,1,0
5442,f8911556dcda8a67,2025/5/26,7,桃園市,桃園區,24.98272,121.303393,小客車(含客、貨兩用)-自用,0,40-49歲,男,1,0
5443,d7cdfeb3019ae0e1,2025/7/21,21,新北市,永和區,25.008223,121.514086,機車-普通重型,0,50-59歲,男,3,0
5444,bdc7cb58d1770f6f,2025/11/2,20,臺中市,沙鹿區,24.237175,120.569743,機車-普通重型,0,19歲以下,男,2,0
5445,aec15bd25005d9e4,2025/8/14,17,南投縣,南投市,23.917964,120.677505,機車-普通重型,0,30-39歲,男,1,0
5446,4e7fa5c0544e8e8a,2025/6/24,10,臺中市,北區,24.154639,120.684065,機車-普通重型,0,20-29歲,男,1,0
5447,7d7fa7b0f386daab,2025/6/2,17,臺中市,后里區,24.313581,120.719819,機車-普通重型,0,20-29歲,女,1,0
5448,bd6281f89e2731f8,2025/5/8,12,屏東縣,潮州鎮,22.534445,120.540758,小客車(含客、貨兩用)-自用,0,40-49歲,女,1,0
5449,7096800fa23787b2,2025/5/25,18,嘉義市,東區,23.50343,120.4603,小客車(含客、貨兩用)-自用,0,40-49歲,男,3,0
5450,bf1892c20236284f,2025/9/20,14,嘉義縣,民雄鄉,23.557326,120.433533,慢車-微型電動二輪車,0,30-39歲,男,2,0
5451,48b7d094eb1b4cd8,2025/12/31,16,嘉義市,西區,23.46557,120.425335,小客車(含客、貨兩用)-自用,0,50-59歲,男,1,0
5452,366b23e8bf96d559,2025/1/16,18,新北市,永和區,25.008223,121.514086,機車-普通重型,0,40-49歲,男,2,0
5453,7eedb022efa51437,2025/9/15,15,臺南市,新營區,23.323457,120.316125,機車-普通重型,0,40-49歲,男,1,0
5454,d16f0dd82aa91b6d,2025/7/31,16,臺南市,善化區,23.131079,120.295207,機車-普通重型,0,20-29歲,男,1,0
5455,89d15cc94ad84449,2025/7/22,21,新北市,中和區,24.995029,121.497548,小客車(含客、貨兩用)-租賃車,0,30-39歲,女,1,0
5456,8d28fc8b37c8e2d2,2025/8/29,9,臺北市,中山區,25.046904,121.542822,小客車(含客、貨兩用)-計程車,0,50-59歲,男,1,0
5457,c2db1295673011c2,2025/9/2,13,臺中市,龍井區,24.190671,120.530548,機車-普通重型,0,30-39歲,男,1,0
5458,eeaf4e9004a28142,2025/7/21,13,臺南市,東區,22.975863,120.237209,機車-普通重型,0,30-39歲,男,1,0
5459,93282999d324c717,2025/11/11,16,臺南市,六甲區,23.230851,120.343923,機車-普通重型,0,40-49歲,男,1,0
5460,978199e416e23b06,2025/12/29,14,新北市,三峽區,24.935623,121.366082,機車-普通重型,0,50-59歲,男,2,0
5461,0c4d7076a2a24afb,2025/2/18,13,新竹縣,竹北市,24.813264,121.023321,小客車(含客、貨兩用)-自用,0,40-49歲,男,1,0
5462,67220ad783822a4c,2025/12/3,8,臺南市,佳里區,23.154473,120.168046,機車-普通重型,0,60歲以上,男,2,0
5463,d73951e7a7922ac4,2025/12/1,14,新北市,新莊區,25.009123,121.480953,小客車(含客、貨兩用)-自用,0,20-29歲,女,1,0
5464,3504f53a685c98c4,2025/7/20,18,臺北市,中正區,25.049274,121.513431,小客車(含客、貨兩用)-計程車,0,60歲以上,男,1,0
5465,24db74f422dfc384,2025/4/19,10,臺南市,中西區,23.003496,120.193782,小客車(含客、貨兩用)-自用,0,40-49歲,男,1,0
5466,bad70dad581a5b25,2025/10/8,18,新北市,土城區,24.965075,121.437048,慢車-個人行動運具,0,50-59歲,女,1,0
5467,5d1a0fe187d6adac,2025/5/28,17,苗栗縣,頭份市,24.687445,120.910866,機車-普通重型,0,40-49歲,男,2,0
5468,db73560ec6ab4259,2025/4/16,14,臺南市,柳營區,23.247716,120.356584,機車-普通重型,0,40-49歲,男,1,0
5469,08f9cd851ba25d09,2025/8/19,11,臺中市,中區,24.140131,120.685677,機車-普通重型,0,40-49歲,男,2,0
5470,7fc5c9bdd3883f33,2025/8/20,7,彰化縣,福興鄉,24.014105,120.464051,機車-普通重型,0,30-39歲,男,1,0
5471,b8e210c9a1f72b57,2025/12/21,8,花蓮縣,壽豐鄉,23.905436,121.537798,小客車(含客、貨兩用)-自用,0,50-59歲,男,1,0
5472,782f890c1887d17b,2025/1/27,12,臺中市,豐原區,24.244339,120.725832,機車-普通重型,0,20-29歲,男,2,0
5473,cb1f1ae7c893a123,2025/12/5,11,臺南市,東區,22.98919,120.211962,機車-普通重型,0,40-49歲,男,1,0
5474,582b8a37430173c5,2025/12/10,11,臺中市,潭子區,24.220265,120.692358,小客車(含客、貨兩用)-自用,0,50-59歲,男,1,0
5475,9dad39618e0eaabc,2025/10/8,18,臺南市,新化區,23.038121,120.302905,機車-普通重型,0,50-59歲,男,1,0
5476,d41cb240f3830bfd,2025/7/11,11,桃園市,中壢區,24.952271,121.266725,機車-普通重型,0,50-59歲,男,1,0
5477,719c4f9068552cd8,2025/12/23,7,臺中市,大肚區,24.150728,120.545421,機車-普通重型,0,50-59歲,男,1,0
5478,31a362a32daad353,2025/6/19,16,臺北市,士林區,25.079403,121.511099,小客車(含客、貨兩用)-計程車,0,50-59歲,男,1,0
5479,00e7ee214bd44d12,2025/7/19,13,新北市,淡水區,25.171629,121.450895,機車-普通重型,0,20-29歲,男,3,0
5480,7c843467264621fa,2025/7/23,19,臺中市,東區,24.125492,120.68406,機車-普通重型,0,30-39歲,男,1,0
5481,7d3dfaa14783d47e,2025/3/7,18,臺北市,中山區,25.053035,121.534827,機車-普通重型,0,50-59歲,男,1,0
5482,c0347416f8935558,2025/5/22,19,新北市,三重區,25.082266,121.489488,小客車(含客、貨兩用)-計程車,0,50-59歲,男,1,0
5483,a71701596f06fe6e,2025/4/7,18,新北市,土城區,24.988986,121.44687,小客車(含客、貨兩用)-計程車,0,60歲以上,男,1,0
5484,faaeabc02adcdda7,2025/8/22,16,高雄市,鳳山區,22.638313,120.357714,慢車-微型電動二輪車,0,30-39歲,男,1,0
5485,c0e34efcff3f384b,2025/5/21,9,新北市,中和區,24.993446,121.501097,小客車(含客、貨兩用)-自用,0,40-49歲,男,1,0
5486,5222f1c0a8390471,2025/8/29,19,高雄市,鳳山區,22.61968,120.355853,小客車(含客、貨兩用)-自用,0,40-49歲,男,2,0
5487,ef082b42666cef1e,2025/6/29,15,桃園市,八德區,24.974312,121.273198,小客車(含客、貨兩用)-自用,0,50-59歲,男,1,0
5488,e4baa3a5382181dd,2025/10/8,9,新北市,三重區,25.048832,121.492318,機車-普通重型,0,50-59歲,男,1,0
5489,f44ad7f52751c0d7,2025/3/24,22,臺南市,左鎮,23.066833,120.380898,機車-普通重型,0,60歲以上,男,1,0
5490,63f76cdfacd5350e,2025/6/12,10,高雄市,三民區,22.64165,120.3379,機車-普通重型,0,60歲以上,男,2,0
5491,da0f11e84df5171e,2025/8/21,15,新北市,板橋區,24.995884,121.460827,機車-普通重型,0,40-49歲,男,2,0
5492,f77dd33dfc25d1f5,2025/10/20,20,屏東縣,九如鄉,22.734757,120.496635,小貨車-自用,0,40-49歲,男,1,0
5493,2e18c42340b1ae29,2025/12/23,11,臺南市,中西區,22.992666,120.186911,小客車(含客、貨兩用)-自用,0,30-39歲,男,1,0
5494,0b60769e93f8f4e6,2025/5/23,7,基隆市,信義區,25.137674,121.778032,機車-普通重型,0,40-49歲,男,2,0
5495,6e847c14f5ec57df,2025/3/20,22,臺北市,大安區,25.017294,121.544585,小客車(含客、貨兩用)-自用,0,40-49歲,男,1,0
5496,e309cdfa10d3fe46,2025/9/24,16,屏東縣,竹田鄉,22.579968,120.524215,機車-普通重型,0,40-49歲,男,1,0
5497,bab772a91d2bcebc,2025/9/30,8,臺北市,中正區,25.03862,121.515216,機車-普通重型,0,40-49歲,女,2,0
5498,b7513592372a57cb,2025/4/24,19,臺中市,西屯區,24.172416,120.645545,小客車(含客、貨兩用)-自用,0,20-29歲,女,1,0
5499,15f43f4c6bee494b,2025/12/3,7,臺北市,信義區,25.024085,121.555833,未知,0,40-49歲,男,1,0
5500,70a91b18c978eb84,2025/3/21,9,桃園市,中壢區,24.93526,121.233926,慢車-電動輔助自行車,0,20-29歲,男,1,0
5501,3b88fd6577b0f732,2025/4/24,18,桃園市,龜山區,25.040252,121.385494,小客車(含客、貨兩用)-自用,0,30-39歲,女,1,0
5502,d4437e78eee75cd2,2025/4/15,6,臺中市,南屯區,24.136148,120.60612,小客車(含客、貨兩用)-自用,0,50-59歲,男,1,0
5503,0015813c793db2b4,2025/12/12,15,臺東縣,臺東市,22.760247,121.120019,小客車(含客、貨兩用)-租賃車,0,40-49歲,男,1,0
5504,5463f4319c72f970,2025/7/8,20,基隆市,信義區,25.12787,121.758777,小客車(含客、貨兩用)-計程車,0,30-39歲,男,1,0
5505,202131d72a57de15,2025/10/4,20,新北市,中和區,25.009303,121.481318,小客車(含客、貨兩用)-計程車,0,60歲以上,男,1,0
5506,518267b5ab78d88f,2025/11/25,7,臺中市,大里區,24.088924,120.709654,機車-普通重型,0,30-39歲,男,1,0
5507,b488b2f97eb9bbe1,2025/3/15,21,苗栗縣,竹南鎮,24.684178,120.866129,機車-普通重型,0,30-39歲,男,1,0
5508,31862c1d18a2ca67,2025/5/5,17,新竹市,東區,24.81042,120.990972,小客車(含客、貨兩用)-自用,0,50-59歲,男,2,0
5509,eac9f30d212ae84d,2025/9/23,9,臺中市,太平區,24.131853,120.716746,機車-普通重型,0,40-49歲,男,2,0
5510,55e1eb6df0146938,2025/9/22,18,臺東縣,臺東市,22.706545,121.054445,機車-普通重型,0,40-49歲,女,1,0
5511,03ea81d70b612f5f,2025/5/19,6,彰化縣,溪湖鎮,23.956802,120.476431,小貨車-自用,0,40-49歲,男,1,0
5512,936f5a27f6a3ad07,2025/3/25,13,臺中市,西區,24.137919,120.67988,小客車(含客、貨兩用)-自用,0,40-49歲,女,1,0
5513,2862247508b8444f,2025/1/24,14,臺北市,大同區,25.07633,121.509531,小客車(含客、貨兩用)-租賃車,0,40-49歲,男,1,0
5514,17b7a1ae2148d74b,2025/3/8,18,新北市,三重區,25.064578,121.492338,機車-普通重型,0,50-59歲,男,1,0
5515,4c1f28f4ac2e4876,2025/8/31,19,新北市,三重區,25.054032,121.496035,機車-普通重型,0,40-49歲,女,2,0
5516,90a8a5dc343ec331,2025/8/4,8,新北市,三重區,25.064028,121.502274,機車-普通重型,0,20-29歲,男,1,0
5517,d9fa9054f4d558e6,2025/7/14,14,臺南市,鹽水區,23.326145,120.278428,小貨車-自用,0,40-49歲,男,1,0
5518,2c68dbf8bc2e865d,2025/1/1,18,新北市,樹林區,24.972673,121.394864,機車-普通重型,0,19歲以下,女,1,0
5519,af1edd27bf12ffb4,2025/1/2,5,高雄市,前鎮,22.607148,120.332197,小貨車-自用,0,60歲以上,男,1,0
5520,92cc2a9dddc0809e,2025/12/18,18,臺中市,神岡區,24.260288,120.691586,小客車(含客、貨兩用)-自用,0,40-49歲,男,1,0
5521,feb30459f2451666,2025/4/23,12,桃園市,楊梅區,24.909332,121.147127,小客車(含客、貨兩用)-自用,0,40-49歲,男,1,0
5522,54fc9f087c41308e,2025/5/2,7,臺南市,永康區,23.012487,120.263469,慢車-微型電動二輪車,0,40-49歲,男,2,0
5523,1def39354bc27ddd,2025/11/29,20,臺東縣,臺東市,22.758927,121.137573,機車-普通重型,0,50-59歲,男,2,0
5524,81eb20ffcd31ed0f,2025/6/7,19,彰化縣,和美鎮,24.115658,120.500675,機車-普通重型,0,40-49歲,男,1,0
5525,50dd9aa449294b43,2025/4/18,16,雲林縣,二崙鄉,23.794068,120.37627,機車-普通重型,0,30-39歲,男,2,0
5526,48763669fb7e22ed,2025/6/30,15,高雄市,鳳山區,22.595514,120.327951,小客車(含客、貨兩用)-自用,0,20-29歲,男,1,0
5527,cab568d7773bfd41,2025/9/3,7,桃園市,蘆竹區,25.026002,121.256017,機車-普通重型,0,40-49歲,男,2,0
5528,ce829c56fc5254d6,2025/12/4,7,彰化縣,永靖鄉,23.910102,120.563399,機車-大型重型2(250-550C.C.),0,50-59歲,男,1,0
5529,196b4c78e409ab5c,2025/1/1,22,屏東縣,屏東市,22.665366,120.480506,小客車(含客、貨兩用)-自用,0,30-39歲,男,1,0
5530,aee03490e31e9bc4,2025/4/25,16,屏東縣,潮州鎮,22.550835,120.53422,慢車-微型電動二輪車,0,60歲以上,男,1,0
5531,5c8c7db5b606e452,2025/12/7,10,宜蘭縣,礁溪鄉,24.822419,121.770076,機車-普通重型,0,30-39歲,男,3,0
5532,544c387bec908e85,2025/1/6,11,嘉義縣,中埔鄉,23.442431,120.538205,曳引車-營業用,0,40-49歲,男,2,0
5533,6b04101d53e9f4b9,2025/3/12,8,雲林縣,斗六市,23.707425,120.540385,機車-普通重型,0,30-39歲,女,1,0
5534,2d23341fe6dfd978,2025/4/15,8,花蓮縣,新城鄉,24.105914,121.618755,小客車(含客、貨兩用)-自用,0,30-39歲,男,1,0
5535,e067993cff6172a1,2025/9/10,6,臺南市,南區,22.962203,120.195348,機車-普通重型,0,40-49歲,男,1,0
5536,a438c01149454594,2025/5/16,18,新竹市,東區,24.805619,120.987407,小客車(含客、貨兩用)-自用,0,30-39歲,男,1,0
5537,274a05d6eb0d7810,2025/6/19,10,臺中市,東區,24.125407,120.70151,小客車(含客、貨兩用)-自用,0,40-49歲,男,1,0
5538,a475f222c192c67f,2025/1/30,11,嘉義縣,民雄鄉,23.522675,120.423492,小客車(含客、貨兩用)-自用,0,40-49歲,男,1,0
5539,c9d4d07ee59e017b,2025/12/27,8,臺北市,中山區,25.062603,121.524395,小客車(含客、貨兩用)-自用,0,50-59歲,男,1,0
5540,5352dab45210938d,2025/10/26,19,臺中市,西屯區,24.171315,120.646543,小客車(含客、貨兩用)-自用,0,50-59歲,男,1,0
5541,8b089b6621cb6fa3,2025/7/11,18,桃園市,桃園區,24.979616,121.266939,機車-普通重型,0,60歲以上,男,1,0
5542,a7022e25dac78f6e,2025/12/11,14,新北市,淡水區,25.19085,121.430715,小客車(含客、貨兩用)-自用,0,30-39歲,女,1,0
5543,4895c9f1e1954018,2025/1/2,15,南投縣,魚池鄉,23.927063,120.890022,未知,0,50-59歲,女,1,0
5544,ae522a27d200e7f7,2025/9/12,10,彰化縣,福興鄉,24.045637,120.436523,機車-普通重型,0,40-49歲,男,2,0
5545,837d46da6edf6869,2025/8/26,6,新北市,板橋區,24.997119,121.452157,機車-普通重型,0,40-49歲,女,1,0
5546,6a01a069f48878ee,2025/8/29,18,高雄市,橋頭區,22.756988,120.295363,小客車(含客、貨兩用)-自用,0,40-49歲,男,1,0
5547,afbf0a5991a77423,2025/2/28,16,臺中市,西區,24.146698,120.658836,機車-普通重型,0,60歲以上,男,2,0
5548,5caffce2023288e6,2025/11/3,7,新北市,蘆洲區,25.088082,121.463414,小客車(含客、貨兩用)-自用,0,40-49歲,男,1,0
5549,5f59cd126e4afa84,2025/7/13,18,彰化縣,芬園鄉,23.967132,120.627791,機車-普通重型,0,50-59歲,男,1,0
5550,6b6be627ae883884,2025/11/3,8,新竹縣,竹北市,24.841714,120.998943,機車-普通重型,0,50-59歲,男,2,0
5551,535c11683ccb1fdf,2025/6/25,20,臺中市,西區,24.152219,120.670484,機車-普通重型,0,40-49歲,女,1,0
5552,7ef0d3a57d144e88,2025/11/4,7,彰化縣,鹿港鎮,24.078407,120.44246,小客車(含客、貨兩用)-自用,0,60歲以上,男,1,0
5553,c2b69b14bfeddd62,2025/5/14,10,臺北市,信義區,25.047693,121.565976,大客車-民營公車,0,19歲以下,女,1,0
5554,5cc9d9a21c71260c,2025/8/29,11,臺中市,豐原區,24.253289,120.719141,機車-普通重型,0,60歲以上,男,2,0
5555,ba391a93354c5fef,2025/6/8,18,臺中市,梧棲區,24.251437,120.532672,機車-普通重型,0,50-59歲,男,1,0
5556,ef50abd2b955d466,2025/1/3,11,臺中市,烏日區,24.103199,120.642025,機車-普通重型,0,40-49歲,女,1,0
5557,ed9c5f1842975c24,2025/4/14,17,臺中市,北屯區,24.173344,120.67834,機車-普通重型,0,40-49歲,女,1,0
5558,df1dd08431677ec8,2025/6/23,0,臺南市,永康區,23.028998,120.228867,機車-普通重型,0,30-39歲,男,1,0
5559,f276df425ebf48a8,2025/4/22,11,新北市,新莊區,25.051482,121.458802,小客車(含客、貨兩用)-自用,0,20-29歲,男,1,0
5560,e9d40f99c40496f5,2025/4/6,11,屏東縣,屏東市,22.683649,120.489332,機車-普通重型,0,40-49歲,男,4,0
5561,e3d000c293e9ea5f,2025/3/31,11,臺中市,大雅區,24.227423,120.65215,機車-普通重型,0,40-49歲,女,2,0
5562,53ca11cf3218e29e,2025/1/14,8,新北市,蘆洲區,25.081681,121.476025,機車-普通重型,0,50-59歲,男,1,0
5563,0c319a1a2f70327b,2025/6/24,22,新北市,新莊區,25.031685,121.442275,小客車(含客、貨兩用)-自用,0,60歲以上,女,1,0
5564,768e5e6fe426372d,2025/11/20,7,臺中市,南屯區,24.13843,120.610166,機車-普通重型,0,40-49歲,男,2,0
5565,f7262f26e7a42652,2025/6/5,10,高雄市,前金區,22.632388,120.295713,機車-普通重型,0,30-39歲,女,1,0
5566,ba0da66781a602f8,2025/1/7,6,宜蘭縣,冬山鄉,24.666082,121.774539,機車-普通重型,0,19歲以下,男,1,0
5567,f4ae3c969f47a1cd,2025/2/13,16,桃園市,觀音區,25.045492,121.09084,機車-普通重型,0,20-29歲,男,2,0
5568,1d1ad1b5602710bf,2025/1/26,16,南投縣,中寮鄉,23.892273,120.721973,機車-普通重型,0,40-49歲,男,1,0
5569,53e8d336fe9ade22,2025/9/17,8,彰化縣,秀水鄉,24.046045,120.508333,小客車(含客、貨兩用)-自用,0,50-59歲,男,1,0
5570,b6caa14ecd1259b9,2025/3/20,17,臺南市,北區,22.997993,120.207652,機車-普通重型,0,40-49歲,男,1,0
5571,e306df997a611473,2025/7/28,21,彰化縣,埔鹽鄉,23.977331,120.49943,小客車(含客、貨兩用)-自用,0,40-49歲,女,1,0
5572,547e46efc57e126a,2025/3/9,21,彰化縣,彰化市,24.090898,120.567047,機車-普通重型,0,40-49歲,男,2,0
5573,75f89445d0ed8748,2025/9/25,17,桃園市,桃園區,25.011894,121.296588,機車-普通重型,0,40-49歲,男,1,0
5574,6ef46b78cd2825df,2025/1/28,15,新北市,樹林區,25.015499,121.416023,小客車(含客、貨兩用)-自用,0,40-49歲,男,1,0
5575,c54cbb76ba079e66,2025/12/28,19,南投縣,埔里鎮,23.998005,121.046218,小客車(含客、貨兩用)-自用,0,40-49歲,男,1,0
5576,cfce5f2f1815aedc,2025/10/5,6,宜蘭縣,蘇澳鎮,24.583765,121.86486,機車-普通重型,0,20-29歲,男,1,0
5577,63d49774075f4740,2025/3/28,8,臺中市,龍井區,24.187747,120.548091,機車-普通重型,0,50-59歲,男,2,0
5578,3d82eff980e85536,2025/8/8,13,桃園市,八德區,24.97748,121.269935,機車-普通重型,0,20-29歲,男,1,0
5579,2d9acb88486607ab,2025/2/12,6,臺北市,中山區,25.067409,121.542035,機車-普通重型,0,19歲以下,男,1,0
5580,d7e24915541fc0ea,2025/2/3,20,臺南市,中西區,23.001533,120.195653,小客車(含客、貨兩用)-自用,0,20-29歲,男,2,0
5581,c085747ebfcbe4f7,2025/10/3,8,高雄市,左營區,22.685671,120.30763,小客車(含客、貨兩用)-自用,0,40-49歲,男,1,0
5582,46b3513f21f5dd70,2025/6/30,17,雲林縣,虎尾鎮,23.714904,120.419426,人-行人,0,20-29歲,男,1,0
5583,1d713b4cffa9f2a8,2025/7/13,10,臺中市,西區,24.134703,120.66795,機車-普通重型,0,50-59歲,男,1,0
5584,24a09f9059988911,2025/1/28,14,彰化縣,竹塘鄉,23.860705,120.426993,機車-普通重型,0,40-49歲,男,1,0
5585,fc3ab8e38dcb9af5,2025/5/7,15,臺南市,東區,22.997207,120.212344,機車-普通輕型,0,40-49歲,女,1,0
5586,02829a6994968d24,2025/11/3,18,新竹市,東區,24.799787,120.968039,機車-普通重型,0,40-49歲,男,1,0
5587,3bd70f4f6cb775ec,2025/1/4,14,新北市,土城區,24.96429,121.43343,機車-普通重型,0,40-49歲,男,2,0
5588,88b7104040bdaf9c,2025/7/21,20,臺南市,東區,22.983954,120.225552,小客車(含客、貨兩用)-自用,0,50-59歲,男,1,0
5589,2ddef7109795c79a,2025/5/3,9,高雄市,大樹區,22.695271,120.433463,機車-普通重型,0,40-49歲,女,1,0
5590,9a639209620a1fa0,2025/2/26,12,臺南市,南區,22.971346,120.211476,小客車(含客、貨兩用)-自用,0,50-59歲,女,1,0
5591,84df18f0a6b117db,2025/6/27,10,嘉義市,西區,23.470525,120.445966,機車-普通重型,0,40-49歲,男,1,0
5592,2915a9352acabec4,2025/4/1,10,新北市,新莊區,25.049779,121.446388,機車-普通重型,0,60歲以上,男,1,0
5593,1eb607009b94b0de,2025/1/15,23,高雄市,岡山區,22.804089,120.303035,機車-普通重型,0,40-49歲,男,2,0
5594,b71b14f1113332ad,2025/8/7,8,臺中市,南區,24.119707,120.648654,小客車(含客、貨兩用)-自用,0,40-49歲,女,1,0
5595,88d75785554ea64d,2025/6/24,0,臺南市,南區,22.947821,120.176392,機車-普通重型,0,50-59歲,男,1,0
5596,325eda1578c57cf4,2025/6/7,15,臺南市,安平區,22.991649,120.169044,機車-普通重型,0,40-49歲,男,1,0
5597,7af890c910dbd351,2025/9/28,13,新北市,淡水區,25.161466,121.45633,機車-普通重型,0,60歲以上,男,2,0
5598,3a49e4a94fc36a02,2025/12/29,1,屏東縣,內埔鄉,22.620876,120.560232,機車-普通重型,0,20-29歲,男,3,0
5599,420537216a5cfe75,2025/6/20,22,臺南市,永康區,23.018557,120.225761,機車-普通重型,0,40-49歲,男,2,0
5600,e70b4c4af1240ed2,2025/3/19,16,桃園市,中壢區,24.974262,121.25596,機車-普通重型,0,40-49歲,男,2,0
5601,1ec7b2662a5b3dd3,2025/10/15,9,花蓮縣,光復鄉,23.645282,121.415315,小客車(含客、貨兩用)-自用,0,19歲以下,男,1,0
5602,925bfb2bb0b210e9,2025/4/17,10,高雄市,楠梓區,22.741319,120.33428,機車-普通重型,0,30-39歲,男,3,0
5603,d0ec2a16499d9f02,2025/3/12,9,彰化縣,彰化市,24.080482,120.540394,小客車(含客、貨兩用)-自用,0,40-49歲,男,1,0
5604,3ca094899b1ae1bf,2025/11/26,11,臺北市,士林區,25.108336,121.530234,機車-普通重型,0,50-59歲,男,2,0
5605,0df98b9a0d21de61,2025/6/26,20,高雄市,楠梓區,22.718329,120.300026,小客車(含客、貨兩用)-自用,0,40-49歲,女,1,0
5606,54cc3202d0e0bf74,2025/11/25,19,屏東縣,屏東市,22.660437,120.51065,機車-普通重型,0,40-49歲,男,1,0
5607,63590e6c8811849d,2025/11/30,1,南投縣,埔里鎮,23.973196,120.971964,機車-大型重型2(250-550C.C.),0,40-49歲,女,1,0
5608,15da637dc6629e1a,2025/7/6,13,宜蘭縣,宜蘭市,24.752979,121.764248,機車-普通重型,0,50-59歲,男,1,0
5609,5aefd79d1841eb70,2025/12/4,11,新北市,板橋區,24.994966,121.454067,小客車(含客、貨兩用)-自用,0,60歲以上,男,1,0
5610,b21b8482e344b6c5,2025/10/4,2,嘉義市,西區,23.49617,120.424699,小客車(含客、貨兩用)-自用,0,20-29歲,男,1,0
5611,5ccba3c2a9bdc113,2025/5/24,12,臺中市,大里區,24.11004,120.699569,機車-普通重型,0,60歲以上,男,1,0
5612,56ffafef223868bd,2025/3/26,21,臺中市,西區,24.144954,120.655124,機車-普通重型,0,20-29歲,男,2,0
5613,487c821b5aecfc71,2025/11/28,15,新北市,五股區,25.106177,121.408169,小客車(含客、貨兩用)-自用,0,40-49歲,男,1,0
5614,65f86ef20d8450fc,2025/5/14,23,嘉義縣,朴子市,23.460949,120.221746,小客車(含客、貨兩用)-自用,0,60歲以上,男,1,0
5615,f14417f8b0303bf6,2025/4/25,21,臺中市,北屯區,24.176135,120.715106,小客車(含客、貨兩用)-自用,0,50-59歲,男,1,0
5616,e9ec01d77260021a,2025/1/13,16,桃園市,楊梅區,24.911757,121.178782,小客車(含客、貨兩用)-自用,0,60歲以上,男,1,0
5617,cde95058a586e92f,2025/9/24,8,新北市,中和區,25.00353,121.501402,機車-普通重型,0,30-39歲,男,2,0
5618,142c065630cabf5b,2025/5/13,14,新竹市,東區,24.789707,121.001657,小客車(含客、貨兩用)-自用,0,19歲以下,男,1,0
5619,8bae08055031afca,2025/6/7,11,臺中市,北區,24.162876,120.684078,小客車(含客、貨兩用)-自用,0,19歲以下,男,2,0
5620,6ccb5c8624daf318,2025/3/15,13,桃園市,中壢區,24.962835,121.231677,小客車(含客、貨兩用)-自用,0,40-49歲,男,2,0
5621,069855e1f9b97519,2025/12/28,20,桃園市,八德區,24.960691,121.279148,小客車(含客、貨兩用)-自用,0,20-29歲,男,1,0
5622,b29e44d98cffa14f,2025/4/30,8,新北市,中和區,24.993801,121.511972,機車-普通重型,0,50-59歲,男,1,0
5623,91ef97870e6e5ca2,2025/7/23,19,宜蘭縣,五結鄉,24.682016,121.777119,小客車(含客、貨兩用)-自用,0,60歲以上,男,1,0
5624,b13aea346df581a5,2025/2/19,19,臺南市,關廟區,22.96788,120.356951,小客車(含客、貨兩用)-自用,0,40-49歲,男,1,0
5625,14a07b33e7b67559,2025/11/18,0,桃園市,楊梅區,24.913082,121.16676,慢車-微型電動二輪車,0,20-29歲,男,1,0
5626,319d2f55bcdd4904,2025/4/12,10,彰化縣,員林市,23.961914,120.592202,機車-普通重型,0,40-49歲,女,1,0
5627,d130e682f2a2c5ad,2025/11/24,2,臺中市,西區,24.155678,120.662609,機車-普通重型,0,30-39歲,男,1,0
5628,878676d27ce429bf,2025/11/27,10,桃園市,桃園區,24.986937,121.290644,小客車(含客、貨兩用)-自用,0,40-49歲,女,1,0
5629,be224f468f140718,2025/1/26,14,臺南市,安定區,23.076192,120.217032,機車-普通重型,0,60歲以上,男,2,0
5630,f13f4345cffe6750,2025/8/21,16,彰化縣,員林市,23.954083,120.590479,小客車(含客、貨兩用)-自用,0,19歲以下,男,1,0
5631,2c6e45c369da713f,2025/4/25,17,桃園市,龜山區,25.055566,121.368128,機車-普通重型,0,30-39歲,女,1,0
5632,cebb7ffd4adc469b,2025/8/26,11,臺中市,豐原區,24.251557,120.702171,機車-普通重型,0,20-29歲,女,2,0
5633,7b138664bbc2af4a,2025/9/8,14,桃園市,中壢區,24.971867,121.234415,小客車(含客、貨兩用)-自用,0,20-29歲,女,1,0
5634,22ba88572ed32562,2025/9/10,8,南投縣,埔里鎮,23.977243,120.989035,小客車(含客、貨兩用)-自用,0,50-59歲,男,4,0
5635,722a03712fa8e39c,2025/8/7,7,高雄市,楠梓區,22.70177,120.291,小客車(含客、貨兩用)-自用,0,50-59歲,男,1,0
5636,7be4d06e098adb06,2025/12/16,20,臺中市,豐原區,24.249641,120.718872,慢車-腳踏自行車,0,30-39歲,男,3,0
5637,fcb0e8007958bbde,2025/5/18,17,臺南市,安南區,23.059211,120.231778,小客車(含客、貨兩用)-自用,0,60歲以上,男,1,0
5638,ccc4f5774e107b58,2025/4/21,21,雲林縣,斗六市,23.71259,120.534848,機車-普通重型,0,40-49歲,男,1,0
5639,c4f1156a12656ec8,2025/3/28,1,桃園市,中壢區,24.954514,121.220017,小客車(含客、貨兩用)-自用,0,40-49歲,男,1,0
5640,7727d6e08cc9f26c,2025/9/5,14,南投縣,埔里鎮,23.972436,120.963326,機車-普通重型,0,30-39歲,男,1,0
5641,7cf198f7ac92d93d,2025/12/22,7,新竹市,北區,24.83228,120.953812,機車-普通重型,0,50-59歲,男,1,0
5642,0d2b9df7733240dc,2025/11/19,10,新竹縣,湖口鄉,24.857708,121.019263,小客車(含客、貨兩用)-自用,0,20-29歲,男,1,0
5643,ca11f6eeee3db7aa,2025/7/6,15,南投縣,埔里鎮,23.957408,120.968544,機車-普通重型,0,40-49歲,男,2,0
5644,ee92172256868881,2025/7/11,8,新竹縣,湖口鄉,24.865745,120.995659,小客車(含客、貨兩用)-自用,0,40-49歲,男,1,0
5645,4eaf01377dd17f7e,2025/10/23,12,臺中市,南屯區,24.144422,120.63423,小客車(含客、貨兩用)-自用,0,40-49歲,女,1,0
5646,8614d6d70d16321f,2025/11/26,19,臺中市,潭子區,24.215965,120.688108,小客車(含客、貨兩用)-自用,0,40-49歲,男,1,0
5647,4b62e0ac7fd5912c,2025/11/4,8,高雄市,楠梓區,22.72964,120.329006,機車-普通重型,0,40-49歲,男,2,0
5648,e4f71447ffedc67d,2025/10/29,15,宜蘭縣,宜蘭市,24.758967,121.756103,小客車(含客、貨兩用)-自用,0,50-59歲,男,1,0
5649,b68f8a04988ee3da,2025/6/13,10,屏東縣,屏東市,22.690635,120.495109,小客車(含客、貨兩用)-自用,0,20-29歲,男,1,0
5650,ac281ad0116ff379,2025/5/16,17,臺中市,大甲區,24.355988,120.633783,機車-普通重型,0,40-49歲,男,1,0
5651,bdefe997c71fbc63,2025/6/26,23,桃園市,中壢區,24.959146,121.224536,機車-普通重型,0,30-39歲,男,2,0
5652,3842f4b9eae2b194,2025/6/30,17,桃園市,桃園區,24.972849,121.289188,小客車(含客、貨兩用)-自用,0,60歲以上,男,1,0
5653,2b596ac6e2fe6ace,2025/9/26,17,臺南市,東區,22.991853,120.221612,小貨車-自用,0,30-39歲,男,1,0
5654,a348eab4791b0075,2025/12/16,4,花蓮縣,鳳林鎮,23.700144,121.411994,小貨車-自用,0,30-39歲,女,2,0
5655,6af3ec127e4ff79c,2025/10/14,16,臺南市,永康區,23.04193,120.254192,小客車(含客、貨兩用)-自用,0,60歲以上,男,2,0
5656,707b3b7fb58cd10d,2025/2/10,17,新北市,三重區,25.068115,121.470825,小客車(含客、貨兩用)-自用,0,20-29歲,男,1,0
5657,656cc9d278168179,2025/7/13,16,苗栗縣,三義鄉,24.410947,120.768322,機車-普通重型,0,40-49歲,男,1,0
5658,ae7fb3c2797e35ed,2025/7/31,11,彰化縣,芳苑鄉,23.892003,120.335519,機車-普通重型,0,60歲以上,男,1,0
5659,4661ed566f4dc1c5,2025/6/17,12,臺東縣,臺東市,22.769826,121.117411,機車-普通重型,0,20-29歲,男,2,0
5660,9990e7d2cd1d6ad5,2025/1/10,5,南投縣,埔里鎮,23.974862,120.981143,大貨車-營業用,0,50-59歲,男,1,0
5661,eff227e6e9d456ca,2025/5/24,11,臺中市,大里區,24.112864,120.68132,機車-普通重型,0,30-39歲,男,1,0
5662,95def63987f0a30f,2025/10/5,16,雲林縣,古坑鄉,23.611024,120.537367,小客車(含客、貨兩用)-自用,0,50-59歲,男,1,0
5663,33abc34eacfc6be2,2025/6/2,8,新北市,汐止區,25.0643,121.633969,小客車(含客、貨兩用)-自用,0,40-49歲,女,1,0
5664,5091621dbab0a415,2025/1/5,6,新北市,鶯歌區,24.948731,121.337853,機車-普通重型,0,60歲以上,男,2,0
5665,6f8985b318546b75,2025/1/6,5,臺中市,大雅區,24.229318,120.665663,小客車(含客、貨兩用)-自用,0,30-39歲,男,1,0
5666,d66cfec632e6b7f6,2025/6/13,12,嘉義縣,民雄鄉,23.522662,120.423435,機車-普通重型,0,40-49歲,男,1,0
5667,4a1248da82ad91a6,2025/4/9,19,臺北市,中山區,25.062472,121.525654,未知,0,60歲以上,男,1,0
5668,8008b75eb583c1db,2025/2/15,12,嘉義市,西區,23.457786,120.443619,小客車(含客、貨兩用)-自用,0,20-29歲,男,1,0
5669,9569842039d93ca0,2025/4/28,8,高雄市,仁武區,22.69193,120.3215,機車-普通重型,0,30-39歲,男,2,0
5670,014ea36aa8210d46,2025/6/19,17,彰化縣,彰化市,24.068562,120.547773,慢車-微型電動二輪車,0,40-49歲,男,2,0
5671,6951529843ce7542,2025/8/26,18,新北市,板橋區,25.028358,121.468508,機車-普通重型,0,50-59歲,男,1,0
5672,6b84a446bc83bdf6,2025/5/7,21,新北市,板橋區,25.009282,121.458003,未知,0,30-39歲,男,1,0
5673,6145a65195c38dcd,2025/9/3,7,南投縣,埔里鎮,23.973514,120.944863,機車-普通重型,0,40-49歲,男,3,0
5674,2147987c02adf598,2025/6/1,11,新竹市,東區,24.800575,120.969054,機車-普通重型,0,40-49歲,女,1,0
5675,9b9f0a057bdb29e8,2025/4/9,23,臺中市,西屯區,24.173858,120.655829,機車-普通重型,0,30-39歲,男,1,0
5676,902fea110a13145c,2025/6/6,18,新北市,新店區,24.974473,121.537259,小客車(含客、貨兩用)-自用,0,50-59歲,男,1,0
5677,21b81a68212ec85f,2025/12/5,18,臺中市,西區,24.15163,120.664285,機車-普通重型,0,40-49歲,女,2,0
5678,d8055561724e7ce3,2025/7/10,14,嘉義市,西區,23.495021,120.44224,小客車(含客、貨兩用)-自用,0,30-39歲,男,1,0
5679,da0bd4152e7cfd41,2025/12/24,16,臺南市,麻豆區,23.180558,120.232163,小客車(含客、貨兩用)-自用,0,60歲以上,男,2,0
5680,326a4a06d87533cd,2025/4/8,21,新北市,三重區,25.060053,121.486059,機車-普通重型,0,50-59歲,男,3,0
5681,92d9c7197c99cba1,2025/12/2,18,彰化縣,花壇鄉,24.045355,120.540528,小客車(含客、貨兩用)-自用,0,50-59歲,女,1,0
5682,13d2bab7fc462d00,2025/12/4,19,桃園市,桃園區,25.02143,121.299591,小客車(含客、貨兩用)-自用,0,50-59歲,男,1,0
5683,103b2b8d7c420d16,2025/5/12,0,桃園市,大園區,25.088099,121.175691,機車-普通重型,0,50-59歲,男,1,0
5684,f9fc0e5d2d956960,2025/3/7,9,臺中市,西屯區,24.15743,120.646488,小客車(含客、貨兩用)-自用,0,40-49歲,男,1,0
5685,409d08281560092e,2025/10/4,11,臺南市,永康區,23.015485,120.235763,機車-普通重型,0,50-59歲,男,1,0
5686,b482a3d6e8dbb7a4,2025/4/29,14,桃園市,平鎮,24.95299,121.221468,機車-普通重型,0,60歲以上,男,3,0
5687,136f3eacbe9dd852,2025/11/3,18,臺南市,北區,23.008311,120.221925,小貨車-租賃小貨車,0,40-49歲,男,2,0
5688,3526d464b7d046b5,2025/2/15,7,臺中市,梧棲區,24.222755,120.52654,小客車(含客、貨兩用)-自用,0,50-59歲,男,1,0
5689,b1c7b53f025098e8,2025/6/25,17,新竹縣,湖口鄉,24.873658,121.016532,小客車(含客、貨兩用)-自用,0,40-49歲,女,1,0
5690,4316419b43e69b67,2025/7/19,8,新北市,板橋區,25.009779,121.48105,機車-普通重型,0,50-59歲,女,1,0
5691,82904f3e4387d187,2025/11/29,17,臺南市,仁德區,22.973885,120.256137,小客車(含客、貨兩用)-自用,0,40-49歲,男,1,0
5692,5701727e78c6e562,2025/6/7,14,臺南市,安南區,23.066779,120.197194,機車-普通重型,0,40-49歲,男,1,0
5693,bf10bf17b7de1ef4,2025/12/31,10,臺南市,南區,22.98161,120.193305,機車-普通重型,0,50-59歲,男,2,0
5694,abe39d857f9276c2,2025/1/4,15,桃園市,桃園區,25.008468,121.29412,小客車(含客、貨兩用)-計程車,0,50-59歲,男,1,0
5695,6d618af397c50a8f,2025/6/10,5,桃園市,中壢區,24.965384,121.23733,機車-普通重型,0,50-59歲,男,2,0
5696,ab828c3292a8e371,2025/12/17,8,高雄市,美濃區,22.89949,120.542,機車-普通重型,0,40-49歲,女,1,0
5697,48c9490e2a00fb65,2025/8/31,19,新北市,蘆洲區,25.087039,121.459828,小客車(含客、貨兩用)-自用,0,50-59歲,女,1,0
5698,de2b12183115f471,2025/2/19,6,桃園市,桃園區,24.993745,121.278205,慢車-電動輔助自行車,0,50-59歲,男,1,0
5699,10f3602e082f9895,2025/4/20,18,臺中市,西屯區,24.202329,120.640332,機車-普通重型,0,30-39歲,男,2,0
5700,72a41bce42848542,2025/7/11,18,新北市,板橋區,25.00939,121.48172,機車-普通重型,0,40-49歲,男,2,0
5701,5d15cc474ec698cb,2025/4/11,17,高雄市,大社區,22.733059,120.35153,機車-普通重型,0,40-49歲,男,2,0
5702,159eaf89cd51f7c8,2025/5/16,7,臺中市,東勢區,24.303471,120.807239,機車-普通重型,0,40-49歲,男,1,0
5703,e679b169316e053a,2025/5/21,19,桃園市,中壢區,25.007973,121.172692,機車-普通重型,0,40-49歲,男,1,0
5704,1c67b51fe9da0ccc,2025/9/19,10,嘉義市,西區,23.494503,120.433234,機車-普通重型,0,40-49歲,女,1,0
5705,1375b0d35e5a6432,2025/1/31,10,雲林縣,虎尾鎮,23.728068,120.459057,機車-普通重型,0,60歲以上,男,1,0
5706,dda6c014fd2fb25b,2025/8/26,15,新北市,中和區,24.993806,121.517386,慢車-腳踏自行車,0,40-49歲,男,1,0
5707,31017f35652b6302,2025/11/9,17,桃園市,平鎮,24.94703,121.220344,小客車(含客、貨兩用)-自用,0,60歲以上,男,1,0
5708,29a50b37749b4352,2025/12/19,23,臺中市,中區,24.140119,120.678201,機車-普通重型,0,40-49歲,男,2,0
5709,643817e67e851602,2025/3/21,8,臺東縣,臺東市,22.75669,121.155663,小客車(含客、貨兩用)-自用,0,30-39歲,男,1,0
5710,6beb2608f2e5e8cd,2025/9/26,15,桃園市,龍潭區,24.846516,121.165805,機車-普通重型,0,30-39歲,男,1,0
5711,4562cc9815de4501,2025/6/20,17,彰化縣,彰化市,24.073454,120.534277,機車-普通重型,0,20-29歲,男,1,0
5712,cd26343575ba696a,2025/7/1,6,新北市,中和區,24.99531,121.501617,小客車(含客、貨兩用)-自用,0,40-49歲,男,1,0
5713,4d7703bd637286aa,2025/5/4,16,高雄市,小港區,22.568769,120.343456,機車-普通重型,0,30-39歲,男,2,0
5714,58dc845afeff1bce,2025/12/4,12,澎湖縣,馬公市,23.56979,119.571999,機車-普通重型,0,40-49歲,男,2,0
5715,860c9630ddefc08e,2025/2/2,11,桃園市,八德區,24.964251,121.300289,機車-普通重型,0,40-49歲,女,1,0
5716,16cd98ff5644466b,2025/5/25,19,彰化縣,大村鄉,23.993842,120.578166,機車-普通重型,0,30-39歲,男,1,0
5717,b4d14ec28153c8f7,2025/5/3,14,彰化縣,彰化市,24.073016,120.537042,機車-普通重型,0,20-29歲,女,2,0
5718,f7473af10a34d36f,2025/1/31,22,高雄市,楠梓區,22.73447,120.32908,機車-普通重型,0,50-59歲,男,1,0
5719,d02157e70bb55e08,2025/6/30,14,新北市,中和區,25.004266,121.503727,小客車(含客、貨兩用)-自用,0,30-39歲,男,1,0
5720,b1b7c6414e57da5c,2025/4/24,17,新北市,三峽區,24.942308,121.401559,機車-普通重型,0,50-59歲,男,1,0
5721,bc1f08c1c51a95df,2025/6/16,7,臺南市,仁德區,22.905081,120.23248,小客車(含客、貨兩用)-自用,0,40-49歲,男,2,0
5722,27beddde3074415f,2025/1/25,15,臺南市,南區,22.964694,120.18392,機車-普通重型,0,50-59歲,男,1,0
5723,0c9a8be766f0f096,2025/5/28,11,新北市,板橋區,25.016382,121.474869,機車-普通重型,0,50-59歲,男,1,0
5724,222c15a51e12476a,2025/2/4,23,臺南市,北區,23.01125,120.210996,機車-普通重型,0,50-59歲,男,1,0
5725,0b3dd2c75e27a37c,2025/2/14,17,屏東縣,屏東市,22.655435,120.465993,機車-普通重型,0,50-59歲,男,2,0
5726,10dea61e14a85d8a,2025/3/14,10,新竹市,東區,24.804561,121.01646,小客車(含客、貨兩用)-自用,0,20-29歲,女,1,0
5727,b0b0133bfb93c4bb,2025/1/24,15,高雄市,楠梓區,22.738791,120.334162,小客車(含客、貨兩用)-自用,0,40-49歲,女,1,0
5728,a70bcc73ed3943b7,2025/12/21,23,高雄市,湖內區,22.89558,120.2185,機車-普通重型,0,50-59歲,男,1,0
5729,a63ea6737b42ab06,2025/10/29,12,臺中市,西屯區,24.1715,120.637018,機車-普通重型,0,60歲以上,男,1,0
5730,e91fc4bbb6a65c26,2025/12/6,21,屏東縣,竹田鄉,22.637553,120.538644,機車-大型重型2(250-550C.C.),0,30-39歲,女,2,0
5731,c667e6cdd967fa9d,2025/1/3,8,新竹市,東區,24.806924,121.009824,機車-普通重型,0,40-49歲,男,2,0
5732,a4fd7e38cabf82c4,2025/7/21,16,屏東縣,竹田鄉,22.568213,120.523797,機車-普通重型,0,60歲以上,男,2,0
5733,05abde27ca326887,2025/12/10,8,南投縣,南投市,23.937838,120.701551,小客車(含客、貨兩用)-自用,0,40-49歲,男,1,0
5734,10ccc1ad73060db4,2025/3/15,7,南投縣,草屯鎮,23.985916,120.683997,小客車(含客、貨兩用)-自用,0,30-39歲,男,1,0
5735,7bf7407865c2a298,2025/5/30,16,臺中市,太平區,24.083246,120.819729,機車-普通重型,0,30-39歲,男,2,0
5736,c481309edfff93fc,2025/7/18,17,桃園市,龜山區,25.017336,121.4025,小客車(含客、貨兩用)-自用,0,40-49歲,男,1,0
5737,961c0f0b9baff132,2025/4/23,7,桃園市,桃園區,25.018627,121.315622,機車-普通重型,0,50-59歲,男,2,0
5738,8d092595f282b6b7,2025/12/31,23,桃園市,中壢區,24.989725,121.178386,機車-普通重型,0,30-39歲,男,2,0
5739,84d872dc24e7fa97,2025/6/17,8,屏東縣,內埔鄉,22.632136,120.595772,機車-普通重型,0,30-39歲,男,2,0
5740,5a6507f3603f674f,2025/11/30,17,桃園市,大溪區,24.901926,121.274264,小客車(含客、貨兩用)-自用,0,50-59歲,男,2,0
5741,d6fe6757cd3aa31f,2025/12/6,5,臺北市,文山區,24.9903,121.592161,未知,0,50-59歲,男,1,0
5742,6832115556f1daac,2025/6/18,21,新竹市,北區,24.833321,120.948043,小客車(含客、貨兩用)-自用,0,30-39歲,男,1,0
5743,d41c97ef19e404f2,2025/4/16,19,臺南市,歸仁區,22.966667,120.294534,機車-普通重型,0,50-59歲,男,1,0
5744,ea87e35561104262,2025/6/29,19,新竹縣,竹東鎮,24.704893,121.096771,小貨車-營業用,0,50-59歲,男,2,0
5745,67e5b8a887ebc4cf,2025/2/4,13,新北市,樹林區,24.968569,121.390575,小客車(含客、貨兩用)-自用,0,60歲以上,男,1,0
5746,47d35477e63b5b07,2025/10/10,17,高雄市,三民區,22.64012,120.296912,機車-普通重型,0,40-49歲,女,3,0
5747,48edb7990b56ee06,2025/2/7,12,臺中市,西屯區,24.17288,120.633383,機車-普通重型,0,50-59歲,男,1,0
5748,da1ef94af008c0ff,2025/10/24,19,臺南市,南區,22.968455,120.195509,小客車(含客、貨兩用)-自用,0,50-59歲,男,1,0
5749,7b0eee3b2daff15f,2025/3/26,19,臺北市,大同區,25.05358,121.51607,機車-普通重型,0,60歲以上,男,1,0
5750,e87b37d986ec3236,2025/5/13,13,桃園市,桃園區,24.997491,121.30149,機車-普通重型,0,40-49歲,女,2,0
5751,5bd4f5d9c6f0ef69,2025/11/27,7,嘉義市,東區,23.484863,120.464329,小客車(含客、貨兩用)-自用,0,60歲以上,男,1,0
5752,ed96289af93345cf,2025/2/20,18,高雄市,三民區,22.658251,120.315686,小客車(含客、貨兩用)-自用,0,50-59歲,男,2,0
5753,661ce4960732f0f6,2025/2/21,17,彰化縣,秀水鄉,24.042931,120.499313,機車-普通重型,0,20-29歲,男,2,0
5754,a5cf423b45718e20,2025/1/25,12,高雄市,左營區,22.683211,120.288638,小客車(含客、貨兩用)-計程車,0,50-59歲,女,3,0
5755,0d3a0aabfb986070,2025/6/20,11,南投縣,埔里鎮,23.967986,120.946591,機車-普通重型,0,30-39歲,女,2,0
5756,8658732119411d97,2025/10/1,7,桃園市,中壢區,24.95564,121.246318,機車-普通重型,0,60歲以上,女,1,0
5757,58ff5abee17f4bc4,2025/1/1,9,臺北市,大安區,25.024152,121.534591,未知,0,50-59歲,女,1,0
5758,3c9c50b322f3a40d,2025/10/23,19,臺北市,文山區,24.98863,121.552261,機車-普通重型,0,30-39歲,女,1,0
5759,37ebdb58ef11da1f,2025/6/7,8,臺中市,烏日區,24.115714,120.604047,小客車(含客、貨兩用)-自用,0,40-49歲,男,1,0
5760,c677e82b29be6a4e,2025/7/11,10,臺南市,永康區,23.004337,120.2343,機車-普通重型,0,50-59歲,男,1,0
5761,503df30cee2e44dc,2025/8/1,10,桃園市,平鎮,24.907985,121.211449,小客車(含客、貨兩用)-計程車,0,40-49歲,男,1,0
5762,5f4b56de906dc3d7,2025/3/9,10,花蓮縣,吉安鄉,23.942951,121.546311,小客車(含客、貨兩用)-自用,0,60歲以上,男,1,0
5763,789ec1285acd4e89,2025/1/22,11,屏東縣,屏東市,22.673799,120.501617,慢車-腳踏自行車,0,30-39歲,男,1,0
5764,82d053a3fb398e24,2025/8/21,17,臺北市,文山區,24.991666,121.573704,機車-普通重型,0,50-59歲,男,1,0
5765,2acc71d30b924903,2025/12/1,17,新北市,八里區,25.117629,121.456985,小客車(含客、貨兩用)-自用,0,30-39歲,女,2,0
5766,951ea3c22c67936b,2025/10/17,12,高雄市,鳳山區,22.603441,120.335471,小貨車-自用,0,40-49歲,男,1,0
5767,91c60c6b99876014,2025/3/14,18,臺中市,東區,24.147958,120.697296,機車-普通重型,0,30-39歲,女,2,0
5768,6a43138460472219,2025/7/6,11,高雄市,前金區,22.629056,120.294429,機車-普通重型,0,40-49歲,男,1,0
5769,8b5c04f141b71c0b,2025/7/5,10,新北市,汐止區,25.063853,121.658991,小客車(含客、貨兩用)-計程車,0,30-39歲,男,1,0
5770,6968eaa6ffbffcf4,2025/12/8,9,臺北市,中正區,25.029998,121.510435,機車-普通重型,0,20-29歲,男,1,0
5771,aa08440fc1d0a7b9,2025/9/2,8,新竹市,東區,24.778799,120.967205,機車-普通重型,0,50-59歲,男,1,0
5772,e428d30b615b1fe8,2025/3/10,17,臺中市,東區,24.147013,120.699385,機車-普通重型,0,40-49歲,男,1,0
5773,fa0694865c86a3cc,2025/10/20,17,臺北市,南港區,25.052614,121.612031,小客車(含客、貨兩用)-租賃車,0,19歲以下,男,1,0
5774,aff65561ec641563,2025/9/23,9,嘉義縣,民雄鄉,23.5576,120.432142,機車-普通重型,0,50-59歲,男,1,0
5775,562b5a9bda9fa0ca,2025/10/1,17,新北市,新莊區,25.008262,121.480701,小客車(含客、貨兩用)-自用,0,40-49歲,男,1,0
5776,aa109bf79bb51b9e,2025/6/6,21,桃園市,楊梅區,24.912867,121.160871,機車-普通重型,0,40-49歲,男,2,0
5777,b5977f071407e77c,2025/1/5,9,臺中市,北屯區,24.17497,120.671159,機車-普通重型,0,40-49歲,女,1,0
5778,183a96efb8c3db47,2025/9/7,16,高雄市,前鎮,22.584673,120.318617,機車-普通重型,0,30-39歲,男,1,0
5779,88eb57d5dd089a8f,2025/7/30,13,臺中市,東區,24.141754,120.701336,機車-普通重型,0,40-49歲,男,1,0
5780,ac63c67feb796939,2025/11/7,17,雲林縣,斗六市,23.696107,120.521595,機車-普通重型,0,40-49歲,男,1,0
5781,d00952e64e008076,2025/6/24,8,桃園市,蘆竹區,25.058753,121.285375,小客車(含客、貨兩用)-自用,0,60歲以上,男,1,0
5782,db1bf16f1ea70ccf,2025/5/9,20,雲林縣,斗南鎮,23.674278,120.477916,機車-普通重型,0,30-39歲,男,2,0
5783,189c97c4fa75afff,2025/10/11,5,新北市,三重區,25.06921,121.478598,慢車-腳踏自行車,0,40-49歲,女,1,0
5784,d51111a52d662572,2025/11/24,7,新北市,鶯歌區,24.975531,121.333855,機車-普通重型,0,40-49歲,男,2,0
5785,6d0b46378efbdf8e,2025/6/13,16,新北市,鶯歌區,24.951636,121.342275,小客車(含客、貨兩用)-計程車,0,30-39歲,男,1,0
5786,3ec1fbbf02871f20,2025/11/20,21,臺中市,太平區,24.126045,120.718262,小客車(含客、貨兩用)-自用,0,19歲以下,男,1,0
5787,fd0288014b8f17e1,2025/1/20,12,新竹市,北區,24.830032,120.98139,機車-普通重型,0,50-59歲,男,1,0
5788,a129d194376777f7,2025/5/10,12,高雄市,三民區,22.64869,120.287938,機車-普通重型,0,60歲以上,男,1,0
5789,e7d86308713df98c,2025/1/2,17,臺中市,清水區,24.269241,120.573575,小客車(含客、貨兩用)-自用,0,50-59歲,男,1,0
5790,853d2b4af4c33255,2025/8/11,21,高雄市,林園區,22.515464,120.388782,小客車(含客、貨兩用)-自用,0,40-49歲,男,2,0
5791,aa50aaaf8db6c792,2025/7/2,22,桃園市,八德區,24.969835,121.306804,機車-普通重型,0,50-59歲,男,1,0
5792,224502dedb3700b3,2025/9/14,11,新竹縣,新豐鄉,24.900797,120.986875,小客車(含客、貨兩用)-自用,0,40-49歲,女,1,0
5793,9e8189bbed11482f,2025/7/30,14,新北市,新店區,24.969214,121.546034,機車-普通重型,0,40-49歲,男,2,0
5794,1c537ff02ee15f61,2025/12/6,17,苗栗縣,頭份市,24.6871,120.902778,機車-普通重型,0,50-59歲,男,2,0
5795,7f429a24bd2b8610,2025/9/7,21,新竹縣,竹北市,24.826529,121.024845,小客車(含客、貨兩用)-自用,0,20-29歲,男,1,0
5796,fa102f361e96a3f7,2025/9/14,17,屏東縣,麟洛鄉,22.652178,120.524792,小客車(含客、貨兩用)-自用,0,50-59歲,男,1,0
5797,ad6bffc786943c6b,2025/8/28,8,高雄市,鳳山區,22.62041,120.3546,機車-普通重型,0,40-49歲,男,3,0
5798,001036d9237c99b5,2025/4/7,7,臺中市,北屯區,24.176059,120.677639,機車-普通重型,0,50-59歲,女,1,0
5799,7dbac96b0592d8d0,2025/5/14,15,新北市,五股區,25.110209,121.455391,機車-普通重型,0,40-49歲,女,1,0
5800,b4311bf5f29d76c9,2025/4/24,20,臺中市,清水區,24.291001,120.582438,機車-普通重型,0,30-39歲,女,1,0
5801,68774a38a5308738,2025/5/28,17,桃園市,楊梅區,24.909334,121.182003,小客車(含客、貨兩用)-自用,0,30-39歲,男,1,0
5802,41ca90c66074d6e7,2025/7/23,17,臺北市,大安區,25.01755,121.53269,小客車(含客、貨兩用)-自用,0,50-59歲,男,1,0
5803,8a23656e91b3e2cc,2025/12/26,7,嘉義縣,朴子市,23.463769,120.243834,機車-普通重型,0,30-39歲,男,2,0
5804,78c9924d799f354b,2025/10/6,6,桃園市,桃園區,25.014155,121.304293,機車-普通重型,0,30-39歲,男,1,0
5805,33cfe5bb4f890ca5,2025/8/23,7,新竹市,東區,24.797531,120.985464,機車-普通重型,0,40-49歲,男,1,0
5806,0ea77d46d5453f21,2025/4/16,20,臺北市,內湖區,25.068271,121.584717,機車-普通重型,0,40-49歲,男,1,0
5807,7b793897e731f7fd,2025/4/25,10,屏東縣,萬丹鄉,22.58781,120.489903,小客車(含客、貨兩用)-自用,0,40-49歲,女,1,0
5808,a5076eeef20158d3,2025/3/8,16,新北市,板橋區,25.007392,121.458208,機車-普通重型,0,50-59歲,男,1,0
5809,acd73d722a6d16a4,2025/11/27,14,臺北市,士林區,25.086862,121.509246,慢車-微型電動二輪車,0,40-49歲,男,1,0
5810,fe925ec8042c9688,2025/10/7,9,臺中市,大里區,24.079409,120.66383,機車-大型重型1(550C.C.以上),0,50-59歲,男,1,0
5811,cb2336d6f3fbab30,2025/7/5,15,花蓮縣,新城鄉,24.009082,121.609053,機車-普通重型,0,50-59歲,男,1,0
5812,f98abb4954120cd2,2025/5/4,15,雲林縣,元長鄉,23.597932,120.354667,小客車(含客、貨兩用)-自用,0,30-39歲,女,2,0
5813,f8f777cf4cafb17f,2025/5/5,14,屏東縣,屏東市,22.684478,120.497089,小客車(含客、貨兩用)-自用,0,50-59歲,男,1,0
5814,030ee15ee45f3263,2025/5/5,7,新北市,新店區,24.98237,121.533527,小客車(含客、貨兩用)-自用,0,50-59歲,女,1,0
5815,5568c860c503b98d,2025/1/5,6,屏東縣,獅子鄉,22.231709,120.801305,機車-普通重型,0,50-59歲,女,2,0
5816,3f2acbbab849289f,2025/6/22,4,臺南市,永康區,23.038379,120.240454,慢車-腳踏自行車,0,30-39歲,女,2,0
5817,e6827a0b3cb2759b,2025/2/19,15,高雄市,大寮區,22.595222,120.401165,機車-普通重型,0,50-59歲,男,2,0
5818,f23f4d650db356e7,2025/5/13,7,新竹縣,新豐鄉,24.868727,120.988756,小客車(含客、貨兩用)-自用,0,50-59歲,男,1,0
5819,9d07e29ebc0b4569,2025/2/12,7,臺中市,神岡區,24.244755,120.686075,小客車(含客、貨兩用)-自用,0,50-59歲,男,1,0
5820,e184ebd55954cc12,2025/6/2,8,臺中市,大雅區,24.229064,120.644474,機車-普通重型,0,30-39歲,女,1,0
5821,e715df64db728f7a,2025/5/2,18,彰化縣,彰化市,24.083377,120.554436,機車-大型重型2(250-550C.C.),0,50-59歲,男,1,0
5822,14347dc6edfa49fe,2025/11/5,11,桃園市,龜山區,25.053211,121.358633,小客車(含客、貨兩用)-計程車,0,50-59歲,男,1,0
5823,cb8adb6ee0971458,2025/8/28,12,臺中市,東區,24.142756,120.69451,機車-普通重型,0,40-49歲,男,3,0
5824,798ba70e07708587,2025/1/2,8,嘉義市,東區,23.496113,120.453632,機車-普通重型,0,50-59歲,女,3,0
5825,5006165d2c55e456,2025/9/25,16,新北市,新莊區,25.051954,121.466192,人-行人,0,50-59歲,男,2,0
5826,40b16ca5b2a9942d,2025/3/10,14,屏東縣,鹽埔鄉,22.735817,120.551954,小客車(含客、貨兩用)-自用,0,50-59歲,男,1,0
5827,3da60bb3177bbfca,2025/7/8,18,雲林縣,四湖鄉,23.630147,120.233149,小客車(含客、貨兩用)-自用,0,50-59歲,男,1,0
5828,11822853c04e2a5c,2025/7/10,8,臺北市,中正區,25.027183,121.516103,小客車(含客、貨兩用)-自用,0,50-59歲,男,1,0
5829,bd1a49cf10d53f6d,2025/7/24,17,桃園市,平鎮,24.946714,121.219491,人-行人,0,40-49歲,男,1,0
5830,fee6b54572b60e72,2025/1/2,15,高雄市,楠梓區,22.714302,120.284251,機車-普通重型,0,50-59歲,女,3,0
5831,d5cdb36244a4713a,2025/4/17,7,屏東縣,滿州鄉,22.066582,120.82641,機車-普通重型,0,30-39歲,男,1,0
5832,ef550fce8a111918,2025/11/26,15,臺南市,仁德區,22.931157,120.223815,機車-普通重型,0,30-39歲,男,1,0
5833,75565c2865d1a289,2025/9/8,7,新竹市,北區,24.801381,120.960462,慢車-微型電動二輪車,0,40-49歲,男,2,0
5834,744289fc2372a772,2025/10/11,10,桃園市,中壢區,25.00404,121.213761,小貨車-自用,0,20-29歲,男,2,0
5835,9c042de471307411,2025/4/23,19,高雄市,三民區,22.665214,120.318335,小客車(含客、貨兩用)-自用,0,40-49歲,男,1,0
5836,7975b9d952d46340,2025/3/11,11,新北市,新莊區,25.026373,121.443493,機車-普通重型,0,30-39歲,男,1,0
5837,e4c3f5add0301048,2025/8/12,16,臺中市,太平區,24.153119,120.705194,機車-普通重型,0,40-49歲,男,1,0
5838,8678a00c64a87653,2025/12/22,10,臺北市,南港區,25.049485,121.58016,機車-普通重型,0,50-59歲,男,1,0
5839,8b6a5aaefd4b2fe9,2025/6/13,13,嘉義縣,民雄鄉,23.519784,120.456446,大貨車-自用,0,20-29歲,女,1,0
5840,46207cdfd179dcc0,2025/7/17,9,臺南市,南區,22.975008,120.200593,機車-普通重型,0,60歲以上,男,2,0
5841,aa9716e7c7ed7de0,2025/10/21,11,桃園市,蘆竹區,25.009522,121.271878,小客車(含客、貨兩用)-自用,0,30-39歲,男,1,0
5842,fe3b525126e03983,2025/12/13,17,桃園市,蘆竹區,25.082935,121.288453,小客車(含客、貨兩用)-租賃車,0,30-39歲,男,1,0
5843,ca1ec410daaa95ae,2025/6/24,23,新北市,中和區,25.002781,121.498939,機車-普通重型,0,40-49歲,男,1,0
5844,c80ee3a018409ef5,2025/5/29,17,桃園市,平鎮,24.904335,121.248998,小客車(含客、貨兩用)-自用,0,60歲以上,男,1,0
5845,05898dcc1a06dcf8,2025/7/1,8,臺南市,新市,23.078028,120.291918,小客車(含客、貨兩用)-自用,0,30-39歲,女,2,0
5846,316b108bd30fd6bb,2025/1/13,7,高雄市,岡山區,22.79132,120.2943,小客車(含客、貨兩用)-自用,0,40-49歲,女,1,0
5847,74a077f2d08ba1ac,2025/11/4,9,花蓮縣,壽豐鄉,23.910359,121.531022,機車-普通重型,0,50-59歲,男,2,0
5848,99100bef609d668c,2025/10/7,11,新北市,板橋區,25.009326,121.481359,機車-普通重型,0,30-39歲,男,1,0
5849,5c076238eb92c6af,2025/1/20,10,彰化縣,彰化市,24.084067,120.57644,慢車-腳踏自行車,0,40-49歲,女,1,0
5850,aca701de6b91dc35,2025/11/28,23,新北市,中和區,24.994523,121.490446,小客車(含客、貨兩用)-計程車,0,50-59歲,男,1,0
5851,efda9ae66a13b2c2,2025/3/21,15,新北市,中和區,25.004266,121.503727,機車-普通重型,0,40-49歲,女,1,0
5852,2c1fd4e6e712c4e5,2025/8/15,17,臺中市,西屯區,24.168114,120.665691,小客車(含客、貨兩用)-自用,0,50-59歲,女,1,0
5853,3e324e67ba0eea06,2025/2/6,22,新竹縣,竹北市,24.83192,121.005236,機車-普通重型,0,40-49歲,男,1,0
5854,72e4c16bb608dda2,2025/3/20,17,臺中市,大里區,24.10534,120.667416,機車-普通重型,0,40-49歲,女,2,0
5855,7e5f74b1020aa1a0,2025/9/26,10,高雄市,小港區,22.568013,120.351613,慢車-電動輔助自行車,0,40-49歲,男,1,0
5856,9a80d710aace2214,2025/12/13,21,臺中市,南區,24.117582,120.658154,機車-普通重型,0,40-49歲,女,1,0
5857,32f8e1e7675cadde,2025/9/3,16,臺中市,太平區,24.146286,120.736197,機車-普通重型,0,40-49歲,男,2,0
5858,57498dc89de71ee4,2025/1/11,20,屏東縣,潮州鎮,22.542022,120.528855,小客車(含客、貨兩用)-自用,0,20-29歲,男,1,0
5859,9239d09d0870b892,2025/6/30,18,臺中市,豐原區,24.246921,120.707584,機車-普通重型,0,50-59歲,男,2,0
5860,d22b98fe029688cf,2025/8/30,9,花蓮縣,花蓮市,23.98651,121.598179,機車-普通重型,0,40-49歲,男,1,0
5861,c0de7704165cb7bb,2025/10/30,8,桃園市,大園區,25.019601,121.218651,小客車(含客、貨兩用)-自用,0,40-49歲,男,3,0
5862,26cdaa35f936ad8f,2025/12/12,20,臺南市,中西區,22.997773,120.196102,機車-普通重型,0,50-59歲,男,1,0
5863,01ab3b29a86043cd,2025/11/10,20,臺南市,南區,22.984991,120.18996,小客車(含客、貨兩用)-自用,0,40-49歲,男,1,0
5864,23e2908647854a17,2025/4/8,1,臺中市,北屯區,24.186518,120.701195,機車-普通重型,0,30-39歲,男,2,0
5865,4dc77bf8fe94b349,2025/4/2,19,臺南市,中西區,23.003857,120.177558,機車-普通重型,0,50-59歲,男,1,0
5866,d008e23830c47358,2025/9/2,8,高雄市,前鎮,22.585242,120.324724,機車-普通重型,0,30-39歲,男,1,0
5867,2f599bbf355f9e83,2025/11/11,8,臺中市,北屯區,24.180079,120.703112,慢車-人力車,0,50-59歲,女,1,0
5868,01ae18f93d4d9b9d,2025/2/16,7,臺南市,柳營區,23.278139,120.312234,機車-普通重型,0,20-29歲,男,2,0
5869,450526a4c4d8609d,2025/9/30,13,新北市,永和區,25.009411,121.514305,機車-普通重型,0,30-39歲,男,2,0
5870,163e9b6dcdfb47a7,2025/3/14,10,彰化縣,溪湖鎮,23.968209,120.494368,機車-普通重型,0,50-59歲,女,1,0
5871,b1b91fac41bddccf,2025/9/11,16,臺中市,大里區,24.100401,120.682367,小客車(含客、貨兩用)-自用,0,30-39歲,男,1,0
5872,be0eeeb65edd90a0,2025/8/29,7,宜蘭縣,羅東鎮,24.680667,121.767765,機車-普通重型,0,40-49歲,男,2,0
5873,353d6fe0739fdf94,2025/7/15,7,桃園市,平鎮,24.950969,121.218859,機車-普通重型,0,40-49歲,男,1,0
5874,20dd3e5ca697f2d8,2025/1/3,10,雲林縣,大埤鄉,23.623402,120.381042,機車-普通重型,0,50-59歲,女,1,0
5875,a87e6bfda542dde4,2025/4/20,14,新北市,板橋區,25.025322,121.465526,機車-普通重型,0,30-39歲,男,3,0
5876,7fe4aef5418a710e,2025/11/8,10,新竹市,北區,24.808839,120.962674,機車-普通重型,0,50-59歲,女,1,0
5877,8c0427ef9e369135,2025/11/5,10,新北市,新店區,24.944821,121.542781,機車-普通重型,0,60歲以上,男,1,0
5878,8889f5bdcd20351c,2025/6/2,13,宜蘭縣,冬山鄉,24.636796,121.787358,機車-普通重型,0,30-39歲,男,2,0
5879,4689b3a6081e8c3e,2025/5/6,16,臺中市,北屯區,24.178233,120.709417,小客車(含客、貨兩用)-自用,0,40-49歲,男,1,0
5880,1999dbbccd175edf,2025/10/7,10,新北市,瑞芳區,25.108388,121.808995,機車-普通重型,0,20-29歲,男,1,0
5881,c7f922ecb46ee4ac,2025/5/12,10,新北市,汐止區,25.064712,121.651338,機車-普通重型,0,20-29歲,男,1,0
5882,a3cd208eaf868026,2025/8/25,21,臺中市,霧峰區,24.067095,120.701339,機車-普通重型,0,30-39歲,男,1,0
5883,3f2ab15793b3aad6,2025/11/26,8,臺中市,西屯區,24.179684,120.633333,機車-普通重型,0,50-59歲,男,2,0
5884,6f3c2e1acc4c1206,2025/3/19,16,臺北市,士林區,25.125888,121.592461,機車-普通重型,0,40-49歲,男,2,0
5885,a3f54586dab864e2,2025/3/21,8,新北市,板橋區,25.00784,121.445822,小客車(含客、貨兩用)-自用,0,50-59歲,男,1,0
5886,0836df32fe36bff5,2025/8/18,19,臺南市,仁德區,22.970036,120.267331,機車-普通重型,0,60歲以上,男,2,0
5887,9900fc365345a7d8,2025/10/5,13,臺東縣,臺東市,22.779563,121.127383,機車-普通重型,0,30-39歲,男,1,0
5888,6e4a9efca852670c,2025/3/25,18,新竹市,東區,24.802715,120.9691,機車-普通重型,0,40-49歲,男,2,0
5889,6c474de8b5e4540c,2025/3/21,7,臺中市,大里區,24.100997,120.679022,機車-普通重型,0,40-49歲,男,2,0
5890,735d5bcbdaeb99c0,2025/2/3,11,臺南市,北區,22.999863,120.208032,小客車(含客、貨兩用)-自用,0,40-49歲,女,2,0
5891,3049491a09ab6b43,2025/1/3,8,臺中市,東勢區,24.261574,120.823546,機車-普通重型,0,40-49歲,男,1,0
5892,da2b2a5407af7d9b,2025/11/27,19,臺南市,新市,23.067197,120.285166,機車-普通重型,0,30-39歲,男,1,0
5893,56342586e222a382,2025/4/28,13,臺中市,大里區,24.092811,120.690508,小客車(含客、貨兩用)-自用,0,30-39歲,女,1,0
5894,96a93f4a71ff478f,2025/9/16,9,臺中市,北屯區,24.175811,120.718751,機車-普通重型,0,40-49歲,男,2,0
5895,42412e541b23c06f,2025/10/7,21,新北市,板橋區,25.007212,121.459512,小客車(含客、貨兩用)-自用,0,40-49歲,男,1,0
5896,642b7477ceeacabd,2025/8/5,20,屏東縣,屏東市,22.660164,120.48199,機車-普通重型,0,19歲以下,男,2,0
5897,914617e3a55d6904,2025/6/20,13,雲林縣,斗六市,23.70139,120.527639,小貨車-自用,0,30-39歲,男,1,0
5898,acc6e948524994d8,2025/9/13,10,彰化縣,秀水鄉,24.033859,120.504484,機車-普通重型,0,40-49歲,男,1,0
5899,43655792b4548653,2025/3/20,7,新北市,板橋區,25.012968,121.463102,小客車(含客、貨兩用)-自用,0,50-59歲,男,1,0
5900,7f814f11d179812e,2025/8/11,8,新竹市,香山區,24.789083,120.931471,機車-普通重型,0,40-49歲,男,2,0
5901,53d7a445f2f4aa08,2025/12/4,14,臺中市,北區,24.159209,120.674583,機車-普通輕型,0,40-49歲,男,2,0
5902,2be4acb8f676c4ff,2025/4/12,18,桃園市,大園區,25.064214,121.194367,機車-普通重型,0,40-49歲,男,2,0
5903,847f1e0034748189,2025/3/28,7,桃園市,八德區,24.959705,121.299471,小客車(含客、貨兩用)-自用,0,30-39歲,男,1,0
5904,73975c12e306fab9,2025/1/15,8,桃園市,桃園區,24.980362,121.314573,機車-普通重型,0,40-49歲,男,1,0
5905,62e94d7c52b947fb,2025/5/17,10,彰化縣,北斗鎮,23.871538,120.525998,機車-普通重型,0,40-49歲,男,1,0
5906,e111978863cead39,2025/4/10,8,宜蘭縣,宜蘭市,24.754722,121.748077,機車-普通重型,0,60歲以上,男,1,0
5907,111ccc02b604b2c0,2025/3/31,17,臺中市,西屯區,24.157612,120.651079,機車-普通重型,0,30-39歲,女,2,0
5908,20baa020a90084a6,2025/4/8,12,新北市,三重區,25.060202,121.486078,機車-普通重型,0,50-59歲,男,1,0
5909,8437b66966a6d3a3,2025/1/2,1,新北市,永和區,25.004198,121.52397,慢車-腳踏自行車,0,50-59歲,男,2,0
5910,8b7f6773aa085765,2025/1/13,16,新竹縣,竹北市,24.854748,120.946652,機車-普通重型,0,50-59歲,男,2,0
5911,d90db4d1c3027081,2025/12/29,12,臺南市,永康區,23.01472,120.229885,慢車-電動輔助自行車,0,50-59歲,男,1,0
5912,45908ec52861e8cc,2025/7/23,12,臺南市,東區,22.97622,120.228548,人-輔助代步器材,0,40-49歲,男,2,0
5913,d33f5b32f13eec9a,2025/5/31,14,高雄市,苓雅區,22.626858,120.319169,小客車(含客、貨兩用)-自用,0,40-49歲,男,1,0
5914,67cb2253344c5869,2025/1/19,20,桃園市,中壢區,24.946569,121.228754,機車-普通重型,0,40-49歲,男,1,0
5915,3abde51b61ddc0c2,2025/5/5,17,桃園市,蘆竹區,25.044678,121.293695,慢車-腳踏自行車,0,40-49歲,男,1,0
5916,8733ddc0af15ad56,2025/6/17,11,宜蘭縣,五結鄉,24.68911,121.770963,機車-普通重型,0,50-59歲,男,1,0
5917,c322050d38bc7240,2025/1/21,6,臺北市,內湖區,25.070308,121.590187,機車-普通重型,0,40-49歲,女,2,0
5918,127f6029872b5ed2,2025/4/2,15,新竹縣,竹北市,24.826212,121.011559,機車-普通重型,0,30-39歲,男,1,0
5919,780eb536470bd802,2025/8/23,5,臺北市,松山區,25.063311,121.565888,機車-普通重型,0,20-29歲,男,2,0
5920,a9bbb11317fb0e6e,2025/12/13,22,臺中市,西區,24.141259,120.658779,機車-普通重型,0,50-59歲,男,2,0
5921,3ec059025a2b0f01,2025/3/19,12,苗栗縣,苗栗市,24.555168,120.825673,小客車(含客、貨兩用)-自用,0,40-49歲,男,1,0
5922,e280db38f546ed2c,2025/6/7,6,臺南市,新市,23.108335,120.306314,機車-普通重型,0,40-49歲,男,1,0
5923,839d9a783e5b45bb,2025/9/29,14,桃園市,大溪區,24.899963,121.276519,機車-普通重型,0,40-49歲,女,2,0
5924,95a2d3aa6674e03f,2025/1/16,9,彰化縣,鹿港鎮,24.059485,120.477404,機車-普通重型,0,40-49歲,男,1,0
5925,b95cf7a956d27681,2025/3/25,9,臺中市,神岡區,24.273725,120.665064,小貨車-自用,0,50-59歲,男,1,0
5926,0bbc22295432ca9e,2025/6/19,7,高雄市,大樹區,22.658615,120.399606,機車-普通重型,0,20-29歲,男,1,0
5927,0acd439d6e7fead8,2025/8/16,20,嘉義縣,水上鄉,23.412483,120.370754,小客車(含客、貨兩用)-自用,0,50-59歲,男,1,0
5928,0ec2ab19f83b836f,2025/2/28,18,雲林縣,虎尾鎮,23.708021,120.433661,小客車(含客、貨兩用)-自用,0,40-49歲,男,1,0
5929,7ea69f3fc595f767,2025/10/23,8,臺中市,太平區,24.127049,120.727106,未知,0,40-49歲,男,1,0
5930,226585f26af6e523,2025/12/18,10,臺南市,南區,22.976219,120.195255,小客車(含客、貨兩用)-自用,0,60歲以上,男,1,0
5931,bdecfe7f11b7bc9c,2025/12/17,16,新竹縣,竹北市,24.841371,121.020157,機車-普通重型,0,50-59歲,男,1,0
5932,c7b21363c57ffa5e,2025/1/7,7,新北市,板橋區,25.029209,121.46501,機車-普通重型,0,50-59歲,男,1,0
5933,0eaff56584bff7d5,2025/5/1,17,臺南市,關廟區,22.94992,120.327284,機車-普通重型,0,50-59歲,男,1,0
5934,bb7537adf351183e,2025/6/30,21,彰化縣,員林市,23.965759,120.579125,機車-普通重型,0,30-39歲,男,1,0
5935,88f3bf7a5ca0ad76,2025/12/30,15,高雄市,左營區,22.680809,120.289688,機車-普通重型,0,30-39歲,女,2,0
5936,608ff20e10426b45,2025/3/19,20,高雄市,燕巢區,22.760647,120.35502,機車-普通重型,0,40-49歲,男,1,0
5937,50334aecf14cda5d,2025/8/23,10,臺中市,南屯區,24.127506,120.649862,機車-普通重型,0,40-49歲,男,2,0
5938,d2090efe83b7cbf9,2025/3/8,13,臺中市,南屯區,24.143033,120.646417,小客車(含客、貨兩用)-自用,0,50-59歲,男,1,0
5939,9721eccedb7add2f,2025/5/26,11,新北市,三重區,25.080111,121.492152,機車-普通重型,0,40-49歲,女,2,0
5940,7860421c2f3bcb0e,2025/7/24,15,基隆市,仁愛區,25.129959,121.74269,機車-普通重型,0,20-29歲,男,1,0
5941,cd734914b2ee272e,2025/8/28,7,新竹縣,湖口鄉,24.874001,121.028023,小客車(含客、貨兩用)-自用,0,60歲以上,男,1,0
5942,0c94c17baa1ad000,2025/5/22,6,南投縣,名間鄉,23.835551,120.698971,機車-普通重型,0,50-59歲,男,1,0
5943,a2f22b8091006de1,2025/2/21,23,臺中市,龍井區,24.188476,120.597443,機車-普通重型,0,30-39歲,男,1,0
5944,7f0678b4d65153d2,2025/4/7,17,臺南市,北區,22.998785,120.231816,機車-普通重型,0,40-49歲,男,1,0
5945,1cc1bb2724de6b4b,2025/5/20,7,新北市,泰山區,25.009278,121.481361,機車-普通重型,0,20-29歲,女,1,0
5946,f03ee1415b9c06cf,2025/6/5,15,臺北市,中山區,25.062046,121.528976,機車-普通重型,0,20-29歲,男,1,0
5947,73613f1d5854918b,2025/4/25,12,臺中市,大里區,24.116603,120.679477,機車-普通重型,0,30-39歲,男,1,0
5948,04f275cd52f22963,2025/6/12,17,桃園市,中壢區,24.925596,121.244091,小客車(含客、貨兩用)-自用,0,20-29歲,男,2,0
5949,4034c1000ef7eb04,2025/4/5,1,南投縣,草屯鎮,23.994599,120.688651,小客車(含客、貨兩用)-自用,0,20-29歲,女,1,0
5950,6329896b03065aeb,2025/4/23,14,臺北市,大安區,25.033176,121.546243,未知,0,20-29歲,男,1,0
5951,7725555a20e23e81,2025/7/17,17,臺南市,佳里區,23.160633,120.178328,小客車(含客、貨兩用)-自用,0,50-59歲,男,1,0
5952,8630909885952388,2025/5/27,11,臺中市,豐原區,24.250994,120.728696,機車-普通重型,0,60歲以上,男,2,0
5953,ec55992e41ff76a1,2025/12/4,9,新北市,新莊區,25.009473,121.481076,機車-普通重型,0,30-39歲,男,3,0
5954,6970d2674ac4f660,2025/3/12,9,澎湖縣,馬公市,23.581076,119.605777,機車-普通重型,0,60歲以上,男,1,0
5955,072fcb47433cbfb4,2025/1/7,17,桃園市,龍潭區,24.874211,121.21344,機車-普通重型,0,50-59歲,男,1,0
5956,1852744681037233,2025/5/1,17,屏東縣,恆春鎮,21.99266,120.74975,小客車(含客、貨兩用)-自用,0,20-29歲,男,1,0
5957,3eeab5f8e6bba12d,2025/4/26,8,新北市,蘆洲區,25.090396,121.482328,機車-普通重型,0,40-49歲,男,1,0
5958,68319a6bab282a4e,2025/4/29,9,新竹縣,竹東鎮,24.737648,121.088804,機車-普通重型,0,19歲以下,男,1,0
5959,c184ced374b61117,2025/12/12,12,屏東縣,崁頂鄉,22.512623,120.510069,機車-普通重型,0,50-59歲,男,1,0
5960,d5bd61337d0e32d4,2025/8/1,21,新竹縣,竹北市,24.833075,121.013571,機車-普通重型,0,30-39歲,男,2,0
5961,243ed49b4198328c,2025/3/10,17,苗栗縣,竹南鎮,24.688769,120.879352,機車-普通重型,0,40-49歲,男,1,0
5962,55499a51421f66f7,2025/9/5,17,新北市,板橋區,25.013035,121.468964,慢車-腳踏自行車,0,60歲以上,男,1,0
5963,5bcefef0217eb765,2025/12/30,18,屏東縣,屏東市,22.673584,120.492659,小客車(含客、貨兩用)-自用,0,20-29歲,男,1,0
5964,01e08362b39563cc,2025/2/13,22,臺南市,北區,23.009045,120.229618,小客車(含客、貨兩用)-自用,0,50-59歲,男,1,0
5965,4fa944b80545104f,2025/5/5,8,高雄市,路竹區,22.839081,120.248086,機車-普通重型,0,40-49歲,男,1,0
5966,899d453334ca5038,2025/12/25,12,桃園市,中壢區,24.98715,121.238006,機車-普通重型,0,50-59歲,男,1,0
5967,e34c088dde52bdbb,2025/6/17,8,臺中市,北區,24.146328,120.675107,機車-普通重型,0,50-59歲,男,2,0
5968,dd867a321c96a224,2025/1/21,19,新北市,瑞芳區,25.106679,121.802067,小客車(含客、貨兩用)-自用,0,40-49歲,男,1,0
5969,bc56810e17bcbac9,2025/12/9,8,臺北市,信義區,25.027365,121.56839,機車-普通重型,0,40-49歲,男,1,0
5970,e55ccad632106efc,2025/9/18,0,桃園市,龜山區,24.992717,121.341013,小客車(含客、貨兩用)-自用,0,50-59歲,男,1,0
5971,518f52ae771bb45e,2025/1/23,15,彰化縣,埔心鄉,23.941325,120.537476,機車-普通重型,0,40-49歲,男,2,0
5972,f4aa8f322b14d963,2025/12/21,11,彰化縣,和美鎮,24.123762,120.491265,小客車(含客、貨兩用)-自用,0,40-49歲,女,1,0
5973,9f71faad599ad903,2025/3/15,19,高雄市,鳳山區,22.626121,120.353517,機車-大型重型2(250-550C.C.),0,40-49歲,男,1,0
5974,f4a55697f3a8dc60,2025/8/17,16,新北市,三芝區,25.248631,121.463372,機車-普通重型,0,20-29歲,男,2,0
5975,083e19056d289d14,2025/11/28,11,臺南市,北區,23.000235,120.227004,小客車(含客、貨兩用)-自用,0,30-39歲,男,1,0
5976,52a0f03d92d0d690,2025/1/21,10,桃園市,龜山區,24.986933,121.329967,機車-普通重型,0,20-29歲,男,1,0
5977,69d7057694de3165,2025/6/23,12,屏東縣,屏東市,22.679441,120.486184,機車-普通重型,0,50-59歲,男,2,0
5978,c8b2c66e10e56cd4,2025/5/11,11,臺南市,麻豆區,23.218718,120.235269,小貨車-自用,0,60歲以上,男,1,0
5979,5e3c1745847a3760,2025/12/2,4,嘉義縣,義竹鄉,23.336798,120.245896,小貨車-自用,0,50-59歲,男,1,0
5980,c6a6df0f53bf25c8,2025/10/27,16,高雄市,三民區,22.643465,120.341418,機車-普通重型,0,30-39歲,女,3,0
5981,78568f0e3da3dece,2025/11/13,21,桃園市,桃園區,25.026624,121.305923,小客車(含客、貨兩用)-自用,0,50-59歲,男,1,0
5982,bedf6f8bb7c14a2b,2025/3/26,14,新北市,新店區,24.959987,121.537292,小客車(含客、貨兩用)-自用,0,50-59歲,男,1,0
5983,6211c67682d0a2b9,2025/10/22,16,高雄市,左營區,22.676946,120.322417,小客車(含客、貨兩用)-自用,0,30-39歲,男,1,0
5984,74b857e3986dc124,2025/11/6,10,苗栗縣,竹南鎮,24.678337,120.877662,機車-普通重型,0,40-49歲,男,1,0
5985,44c6bbfbf9c10e99,2025/11/13,20,花蓮縣,吉安鄉,23.978771,121.566531,慢車-腳踏自行車,0,50-59歲,男,2,0
5986,8c9cf53858391737,2025/1/26,14,嘉義縣,朴子市,23.447112,120.228773,機車-普通重型,0,30-39歲,男,1,0
5987,45f7dec35e296220,2025/5/25,12,臺中市,北區,24.17129,120.66906,小客車(含客、貨兩用)-自用,0,40-49歲,男,1,0
5988,34437ca39efeb1cb,2025/9/9,8,新竹市,香山區,24.749923,120.929098,大貨車-營業用,0,40-49歲,男,2,0
5989,7740dd869d160120,2025/5/18,20,新北市,汐止區,25.067941,121.630808,機車-普通重型,0,50-59歲,男,1,0
5990,cfaf0d44b3755552,2025/12/15,6,臺中市,北屯區,24.170428,120.7085,機車-普通重型,0,40-49歲,女,2,0
5991,149b3e56669090ee,2025/1/6,9,南投縣,南投市,23.930183,120.665809,機車-普通重型,0,30-39歲,男,1,0
5992,b6528b18044a4cdd,2025/12/6,16,臺中市,西屯區,24.193418,120.604942,機車-普通重型,0,40-49歲,男,1,0
5993,a4a6fb3ba277eae1,2025/8/27,19,臺中市,西屯區,24.159939,120.656269,機車-普通重型,0,30-39歲,男,1,0
5994,4add0bcbc4a1e5db,2025/5/6,19,新北市,淡水區,25.221923,121.481682,小客車(含客、貨兩用)-自用,0,50-59歲,男,1,0
5995,819e2c2e00f85edf,2025/3/17,11,雲林縣,口湖鄉,23.614463,120.17716,機車-普通重型,0,20-29歲,女,1,0
5996,3522d6c92a53c473,2025/5/30,13,高雄市,田寮區,22.81976,120.420432,小客車(含客、貨兩用)-自用,0,40-49歲,男,1,0
5997,125ac98a81d58995,2025/6/16,15,宜蘭縣,宜蘭市,24.755681,121.756925,機車-普通重型,0,50-59歲,男,1,0
5998,001a2c867af246d2,2025/9/26,8,臺中市,西屯區,24.164841,120.65094,小客車(含客、貨兩用)-計程車,0,50-59歲,男,1,0
5999,d3c994c5a68b54e7,2025/6/20,19,臺南市,東區,22.98006,120.217349,機車-普通重型,0,30-39歲,女,1,0
6000,0673f39fbd08d494,2025/12/18,9,臺南市,南區,22.981849,120.188155,機車-普通重型,0,50-59歲,男,1,0
6001,c32b0a5932c41017,2025/1/13,12,臺北市,萬華區,25.048941,121.505851,機車-普通重型,0,40-49歲,男,1,0
6002,16218a15e2e8d071,2025/3/3,18,臺南市,東區,22.98488,120.216065,機車-普通重型,0,50-59歲,男,2,0
6003,37be5a574d542468,2025/12/17,9,新北市,土城區,24.990196,121.447943,機車-普通重型,0,40-49歲,男,1,0
6004,fe795a74b2bb0eee,2025/6/23,7,彰化縣,彰化市,24.102725,120.580895,機車-普通重型,0,50-59歲,男,2,0
6005,8b741523e32b036f,2025/3/3,12,新北市,板橋區,25.007016,121.470884,小客車(含客、貨兩用)-租賃車,0,30-39歲,男,1,0
6006,6e9ee8177805d763,2025/12/15,7,苗栗縣,竹南鎮,24.681672,120.867729,小客車(含客、貨兩用)-自用,0,50-59歲,男,2,0
6007,3a39a3b6692f5c1c,2025/10/31,9,臺中市,大里區,24.114969,120.677154,小客車(含客、貨兩用)-自用,0,40-49歲,男,1,0
6008,5e4693c5662b85a0,2025/7/29,17,桃園市,八德區,24.957636,121.268863,小客車(含客、貨兩用)-自用,0,20-29歲,女,1,0
6009,3068689bc48bace7,2025/1/14,18,苗栗縣,竹南鎮,24.67941,120.868084,機車-普通重型,0,40-49歲,男,1,0
6010,b84c7feaaf8e3828,2025/3/15,18,雲林縣,臺西鄉,23.712623,120.201032,機車-普通重型,0,50-59歲,男,2,0
6011,e995db0c657b2172,2025/7/14,16,嘉義縣,新港鄉,23.561519,120.310739,小客車(含客、貨兩用)-自用,0,50-59歲,男,2,0
6012,e8eac1a98f8429f5,2025/7/23,19,臺南市,東區,22.983872,120.225599,小客車(含客、貨兩用)-自用,0,40-49歲,男,1,0
6013,56fe8108e3756f0e,2025/4/28,9,臺中市,太平區,24.142083,120.723159,機車-普通重型,0,30-39歲,男,2,0
6014,ffec1d034b0ac794,2025/11/19,7,臺中市,大雅區,24.221202,120.669287,慢車-微型電動二輪車,0,30-39歲,男,2,0
6015,82d2f91b2c86f2e3,2025/12/26,11,臺中市,大雅區,24.240276,120.629734,小客車(含客、貨兩用)-自用,0,40-49歲,男,1,0
6016,a8fa28b4a88aad46,2025/5/7,7,臺中市,大里區,24.091339,120.688816,機車-普通重型,0,30-39歲,男,1,0
6017,283ba22d4555199a,2025/4/29,19,桃園市,中壢區,24.941147,121.244257,機車-普通重型,0,60歲以上,男,1,0
6018,ba2c71e77f9aed41,2025/6/13,8,新竹縣,竹北市,24.829702,121.02056,全聯結車-自用,0,40-49歲,男,1,0
6019,89ddfa2753210b15,2025/3/6,13,新北市,樹林區,24.994494,121.424582,小客車(含客、貨兩用)-自用,0,40-49歲,女,1,0
6020,a0886f7bab1b3042,2025/12/11,21,花蓮縣,花蓮市,23.971847,121.602194,小客車(含客、貨兩用)-自用,0,60歲以上,男,1,0
6021,d702cf18d0495db1,2025/3/7,8,基隆市,信義區,25.128919,121.748307,機車-普通重型,0,30-39歲,男,1,0
6022,c8049ab02ce51f9c,2025/5/15,23,桃園市,中壢區,24.960274,121.197589,機車-普通重型,0,50-59歲,男,1,0
6023,81f99d0c9c3fd4a1,2025/1/13,11,桃園市,八德區,24.978469,121.30375,小客車(含客、貨兩用)-自用,0,20-29歲,男,1,0
6024,ab3cc5fcc6239813,2025/8/25,13,高雄市,前金區,22.630406,120.29444,機車-普通重型,0,50-59歲,男,1,0
6025,a98de1e5b602483f,2025/11/28,22,桃園市,桃園區,25.005785,121.304717,機車-普通重型,0,50-59歲,男,2,0
6026,cda551835ee54f2d,2025/4/15,8,臺中市,南區,24.119045,120.681109,小貨車-自用,0,50-59歲,男,1,0
6027,3f854700f5f32a51,2025/2/13,17,新北市,瑞芳區,25.107608,121.805214,人-行人,0,19歲以下,男,1,0
6028,6d94d67c5fdefd2b,2025/12/7,17,臺中市,南區,24.119532,120.648466,機車-普通重型,0,40-49歲,男,1,0
6029,bb0fc06d2418958e,2025/10/9,13,臺北市,大同區,25.052592,121.506932,機車-普通重型,0,20-29歲,男,1,0
6030,b6343c07e39bd5e9,2025/9/22,7,雲林縣,斗六市,23.745838,120.539324,機車-普通重型,0,20-29歲,男,1,0
6031,b40609b0c3c3c24a,2025/8/20,18,桃園市,楊梅區,24.913014,121.166443,機車-普通重型,0,20-29歲,男,2,0
6032,1c4f13ad5670f223,2025/8/12,11,高雄市,仁武區,22.701804,120.349445,機車-普通重型,0,60歲以上,男,2,0
6033,b562fae5d9b76ebf,2025/3/25,19,桃園市,桃園區,24.992519,121.305929,機車-普通重型,0,20-29歲,男,1,0
6034,9b74b9ad0328bfdd,2025/5/27,18,高雄市,鳳山區,22.61206,120.3465,機車-普通重型,0,60歲以上,男,2,0
6035,4f214efccffce01d,2025/4/4,16,臺南市,中西區,22.995124,120.207473,機車-普通重型,0,40-49歲,男,1,0
6036,b9ecf7d34977a320,2025/3/19,19,新北市,五股區,25.069995,121.450369,小客車(含客、貨兩用)-自用,0,40-49歲,男,1,0
6037,1422d419c807cf1a,2025/11/9,9,新北市,蘆洲區,25.078914,121.470766,小客車(含客、貨兩用)-自用,0,60歲以上,男,1,0
6038,da2b11dc449c04d0,2025/4/2,16,嘉義縣,鹿草鄉,23.429506,120.31914,小客車(含客、貨兩用)-自用,0,20-29歲,男,2,0
6039,9fc97456f9cf3329,2025/6/20,20,新竹市,東區,24.793925,121.000542,小客車(含客、貨兩用)-自用,0,40-49歲,男,1,0
6040,82c422dbd8d16565,2025/8/16,11,桃園市,中壢區,24.965034,121.239188,機車-普通重型,0,40-49歲,女,1,0
6041,f0be853852c3fb52,2025/11/10,16,臺中市,大安區,24.345794,120.589009,機車-普通重型,0,30-39歲,男,1,0
6042,c2cdfabe276a82cf,2025/7/7,18,彰化縣,二水鄉,23.804996,120.633402,機車-普通重型,0,30-39歲,男,2,0
6043,d436afe53f450728,2025/7/15,21,臺中市,霧峰區,24.032903,120.659685,小客車(含客、貨兩用)-租賃車,0,50-59歲,男,1,0
6044,844ddc7dee457702,2025/1/7,14,臺中市,北屯區,24.173572,120.692203,機車-普通重型,0,40-49歲,女,1,0
6045,c630dc895ff5be0c,2025/6/17,17,桃園市,八德區,24.955605,121.303789,小客車(含客、貨兩用)-自用,0,60歲以上,男,1,0
6046,3cb6f2f6db7d6336,2025/1/8,8,高雄市,大寮區,22.638901,120.395163,機車-普通重型,0,40-49歲,女,1,0
6047,2a07916097b9148f,2025/7/11,8,臺南市,北區,23.00757,120.187881,小客車(含客、貨兩用)-自用,0,40-49歲,女,1,0
6048,d56dafe51b6c7f54,2025/9/18,12,新北市,新莊區,25.046888,121.455789,機車-普通重型,0,40-49歲,女,2,0
6049,be9fb82e31709691,2025/10/25,21,桃園市,中壢區,24.929296,121.251917,機車-普通重型,0,40-49歲,男,2,0
6050,b6d17e7d44530268,2025/7/26,10,嘉義縣,中埔鄉,23.459332,120.471639,機車-普通重型,0,60歲以上,男,1,0
6051,a5a869b0efba5ed1,2025/1/30,12,彰化縣,彰化市,24.076646,120.530469,機車-普通重型,0,40-49歲,男,2,0
6052,e806a7fd071ecaeb,2025/12/30,13,臺中市,南屯區,24.14712,120.637895,機車-普通重型,0,40-49歲,男,1,0
6053,421048b79d0a5795,2025/12/12,18,彰化縣,花壇鄉,24.027998,120.572345,小貨車-租賃小貨車,0,40-49歲,女,1,0
6054,f6c221a84e016028,2025/9/26,16,嘉義縣,竹崎鄉,23.496143,120.526308,機車-普通重型,0,50-59歲,男,3,0
6055,82f2289e881d8cbb,2025/3/3,14,臺中市,北屯區,24.170233,120.683246,機車-普通重型,0,60歲以上,男,2,0
6056,1c84ebb35fd65c52,2025/7/9,10,高雄市,左營區,22.67645,120.3008,小客車(含客、貨兩用)-自用,0,30-39歲,男,1,0
6057,47635ab4663c6523,2025/10/28,8,宜蘭縣,壯圍鄉,24.74624,121.785977,機車-普通重型,0,30-39歲,男,2,0
6058,cb9b25fa2e5da2ff,2025/7/13,8,高雄市,大社區,22.73176,120.3501,機車-普通重型,0,40-49歲,男,2,0
6059,cdfe7a1c85de398f,2025/1/16,11,桃園市,龍潭區,24.865743,121.21312,機車-普通重型,0,50-59歲,男,1,0
6060,5c1fd3e1bcba47e4,2025/11/26,13,臺中市,西屯區,24.1818,120.617529,機車-普通重型,0,30-39歲,男,1,0
6061,f02e55a3f097bfe8,2025/5/4,14,臺中市,北屯區,24.19258,120.705774,機車-普通重型,0,40-49歲,男,1,0
6062,f8c0c7a6571a1a05,2025/9/24,11,桃園市,八德區,24.956458,121.295909,機車-普通重型,0,30-39歲,男,1,0
6063,65a1dab692005516,2025/10/14,19,宜蘭縣,宜蘭市,24.745066,121.743435,機車-普通重型,0,30-39歲,男,2,0
6064,f55dfe7bfa2a52b2,2025/2/24,15,高雄市,梓官區,22.74751,120.261531,機車-普通重型,0,40-49歲,女,1,0
6065,18bbdaf3795418ee,2025/2/17,11,桃園市,楊梅區,24.937419,121.087318,小客車(含客、貨兩用)-自用,0,50-59歲,女,2,0
6066,1574062e7ddd14eb,2025/9/3,13,臺東縣,臺東市,22.762632,121.142139,機車-普通重型,0,50-59歲,男,1,0
6067,59ff4171886ed788,2025/9/30,18,臺中市,東區,24.136469,120.706789,機車-普通重型,0,50-59歲,男,3,0
6068,2f538bead169348d,2025/12/5,9,高雄市,楠梓區,22.731034,120.336193,機車-普通重型,0,40-49歲,女,2,0
6069,f5e22f4e2e1b729b,2025/2/27,16,臺南市,安定區,23.114316,120.255287,機車-普通重型,0,30-39歲,女,2,0
6070,62b6c1b909f5b65f,2025/2/4,7,臺南市,安平區,22.987752,120.17935,小客車(含客、貨兩用)-自用,0,20-29歲,女,1,0
6071,a1c9770b37b088e5,2025/1/1,11,臺北市,信義區,25.021784,121.563675,小貨車-營業用,0,40-49歲,男,1,0
6072,990c55b6abb74589,2025/4/15,7,屏東縣,里港鄉,22.767915,120.475574,機車-普通重型,0,20-29歲,男,2,0
6073,95fef997e692106e,2025/11/24,17,臺北市,中正區,25.039101,121.517253,機車-普通重型,0,40-49歲,男,2,0
6074,6bcb46d70e11c231,2025/6/13,8,新竹市,東區,24.812911,120.967982,小客車(含客、貨兩用)-自用,0,50-59歲,男,1,0
6075,3e2650bfa3ec2942,2025/1/19,18,臺中市,潭子區,24.214171,120.701224,機車-普通重型,0,50-59歲,男,1,0
6076,9ec0330532d8791e,2025/6/24,17,高雄市,三民區,22.634896,120.295574,小客車(含客、貨兩用)-自用,0,40-49歲,男,1,0
6077,6ee5c8f7c09a2404,2025/7/18,12,臺中市,梧棲區,24.256334,120.525667,曳引車-營業用,0,40-49歲,男,1,0
6078,5b2eab6e1629f49d,2025/6/14,11,桃園市,平鎮,24.949997,121.212873,機車-普通重型,0,19歲以下,男,2,0
6079,16bbb548b4c4fdf1,2025/10/20,13,新北市,三峽區,24.932106,121.373681,小客車(含客、貨兩用)-自用,0,50-59歲,男,1,0
6080,608d09804305e40b,2025/8/19,4,臺中市,沙鹿區,24.224373,120.57671,機車-普通重型,0,40-49歲,男,1,0
6081,b4ee31ba3a188c1e,2025/9/22,8,新竹縣,竹北市,24.804729,121.030573,機車-普通重型,0,40-49歲,男,1,0
6082,cf0e0b1c9008fd98,2025/11/15,7,高雄市,三民區,22.653023,120.303373,機車-普通重型,0,40-49歲,男,1,0
6083,c97a8ab60365d1a7,2025/10/19,3,新北市,土城區,24.980967,121.451519,小客車(含客、貨兩用)-計程車,0,40-49歲,男,1,0
6084,7fc0c48a8f78726d,2025/2/24,16,雲林縣,虎尾鎮,23.705488,120.426521,小客車(含客、貨兩用)-租賃車,0,50-59歲,男,1,0
6085,7ed0f54d29b1fe4c,2025/9/8,10,臺東縣,卑南鄉,22.806949,121.091709,機車-普通重型,0,40-49歲,男,1,0
6086,472a1c0c3b4200ba,2025/11/13,5,新北市,新莊區,25.009507,121.481275,機車-普通重型,0,30-39歲,男,2,0
6087,3428aacd7eef277b,2025/8/8,8,宜蘭縣,羅東鎮,24.674268,121.770611,機車-普通重型,0,30-39歲,男,3,0
6088,0276048107b470ef,2025/9/13,19,臺南市,歸仁區,22.951927,120.285885,機車-普通重型,0,40-49歲,男,2,0
6089,2f1d97cfb241fe64,2025/6/26,8,臺東縣,臺東市,22.753937,121.153946,機車-普通重型,0,20-29歲,男,2,0
6090,abadb2588f7392a9,2025/5/30,17,彰化縣,伸港鄉,24.144866,120.492329,慢車-腳踏自行車,0,50-59歲,男,2,0
6091,f814ba2cc25e2ad8,2025/8/9,12,屏東縣,屏東市,22.641942,120.48828,機車-普通重型,0,30-39歲,男,1,0
6092,60c141207d4a40ea,2025/5/8,18,新竹縣,竹東鎮,24.786791,121.039516,小客車(含客、貨兩用)-自用,0,40-49歲,女,2,0
6093,3a61f6d174adc4ac,2025/4/8,8,高雄市,鼓山區,22.653682,120.303771,小客車(含客、貨兩用)-自用,0,50-59歲,男,1,0
6094,356a805e9b5441b8,2025/2/21,6,彰化縣,福興鄉,24.041482,120.436441,小客車(含客、貨兩用)-自用,0,60歲以上,男,2,0
6095,49a543582966f172,2025/10/8,21,臺北市,內湖區,25.071956,121.61801,機車-普通重型,0,30-39歲,男,1,0
6096,5a0a23eb4d7cdae1,2025/5/27,15,臺東縣,臺東市,22.709297,121.064506,機車-普通重型,0,60歲以上,男,1,0
6097,a9114565dd1f4208,2025/10/28,8,桃園市,蘆竹區,25.074651,121.285527,機車-普通重型,0,30-39歲,男,2,0
6098,52f24547b6ff492e,2025/2/5,16,臺中市,北屯區,24.172903,120.680979,機車-普通重型,0,20-29歲,男,1,0
6099,d478fa9a68b144fd,2025/2/2,21,新北市,板橋區,25.015783,121.452513,機車-普通重型,0,50-59歲,男,3,0
6100,c7bc6c1dfbfb6614,2025/7/6,15,彰化縣,彰化市,24.090528,120.532025,小貨車-自用,0,60歲以上,男,1,0
6101,59a92d37add2a63e,2025/1/23,17,新北市,樹林區,24.956545,121.395947,人-行人,0,60歲以上,男,2,0
6102,b15191534f0aee4d,2025/1/7,8,臺中市,烏日區,24.106924,120.625126,小客車(含客、貨兩用)-自用,0,40-49歲,男,1,0
6103,ccb053a54e834d4e,2025/8/28,9,新北市,新莊區,25.063567,121.454429,其他車-動力機械,0,50-59歲,男,1,0
6104,cb4a7a6f99f14114,2025/10/18,8,臺中市,烏日區,24.056431,120.644563,機車-普通重型,0,40-49歲,男,3,0
6105,1f097238c014a90c,2025/6/17,9,臺中市,豐原區,24.258739,120.732737,機車-普通重型,0,60歲以上,男,1,0
6106,0c577d5092b3ccd2,2025/5/21,5,臺中市,霧峰區,24.030036,120.670593,小客車(含客、貨兩用)-自用,0,20-29歲,男,1,0
6107,75b4d7730aa907ce,2025/12/13,0,屏東縣,屏東市,22.662736,120.506278,機車-普通重型,0,40-49歲,女,2,0
6108,c47fac14f10f6131,2025/11/5,0,宜蘭縣,員山鄉,24.737368,121.724515,小客車(含客、貨兩用)-自用,0,30-39歲,男,1,0
6109,51ef2abd7e4ebd34,2025/11/19,8,高雄市,燕巢區,22.78237,120.378138,小客車(含客、貨兩用)-自用,0,40-49歲,男,1,0
6110,f11f0354a941b433,2025/9/8,15,桃園市,大園區,25.063004,121.17797,小客車(含客、貨兩用)-自用,0,40-49歲,男,1,0
6111,4241b0e117e35833,2025/12/4,18,臺南市,新化區,23.031997,120.308601,機車-普通重型,0,50-59歲,男,3,0
6112,75fa2ded4e8c13b9,2025/6/27,17,新北市,五股區,25.082078,121.442476,機車-普通重型,0,30-39歲,男,1,0
6113,6529cbda8943f140,2025/12/31,18,桃園市,桃園區,24.976718,121.32296,人-行人,0,40-49歲,男,2,0
6114,93a4850d8de025a3,2025/1/22,13,新北市,泰山區,25.033083,121.421239,機車-普通重型,0,40-49歲,男,2,0
6115,80ca411e3b79da89,2025/10/24,14,臺中市,西屯區,24.167531,120.66454,機車-普通重型,0,50-59歲,男,2,0
6116,e0c0296af9b4b151,2025/12/10,7,臺中市,清水區,24.267257,120.578317,機車-普通重型,0,40-49歲,男,1,0
6117,9f23440d8d9568bd,2025/10/15,20,新竹市,東區,24.790988,121.004474,機車-普通重型,0,40-49歲,男,2,0
6118,b4a5f9b69edf9054,2025/9/20,8,新北市,中和區,25.009191,121.479129,機車-普通重型,0,30-39歲,男,2,0
6119,856a0cc23be472c1,2025/12/19,19,臺南市,新化區,23.042074,120.306984,小客車(含客、貨兩用)-自用,0,40-49歲,女,1,0
6120,e697c5a03cbec2d0,2025/2/3,17,桃園市,龜山區,25.049891,121.357396,機車-普通重型,0,40-49歲,男,2,0
6121,eb9e9fd7e7843c5b,2025/10/4,13,臺北市,士林區,25.091721,121.517789,小客車(含客、貨兩用)-自用,0,50-59歲,男,1,0
6122,488aa03ff95942d3,2025/12/5,6,臺南市,西港區,23.102038,120.177211,小貨車-自用,0,20-29歲,男,1,0
6123,b5d90cedc9d4aaf7,2025/3/17,14,高雄市,鳥松區,22.65633,120.337487,小客車(含客、貨兩用)-自用,0,30-39歲,男,1,0
6124,8d21215c81e911bb,2025/3/16,7,新竹縣,竹北市,24.823431,121.031374,小客車(含客、貨兩用)-自用,0,20-29歲,男,1,0
6125,f8892ea0fe5705bb,2025/3/10,7,嘉義縣,梅山鄉,23.58924,120.54607,小貨車-自用,0,30-39歲,男,1,0
6126,78529f5d8f737cf0,2025/2/2,11,臺中市,北屯區,24.182553,120.688071,小客車(含客、貨兩用)-自用,0,40-49歲,男,2,0
6127,48e5ba1e4d135f2b,2025/11/29,7,新北市,鶯歌區,24.975085,121.349189,機車-普通重型,0,40-49歲,男,1,0
6128,bdfad0e1abce6f34,2025/10/31,7,基隆市,安樂區,25.126472,121.719085,小客車(含客、貨兩用)-自用,0,30-39歲,男,1,0
6129,fcf71218941ca495,2025/2/1,14,雲林縣,四湖鄉,23.653273,120.216685,小客車(含客、貨兩用)-自用,0,50-59歲,男,1,0
6130,a75905f079975e98,2025/12/11,7,臺中市,北屯區,24.170439,120.695653,機車-普通重型,0,40-49歲,女,1,0
6131,ba528e9b6bb15112,2025/7/2,14,桃園市,桃園區,25.003818,121.307555,機車-普通重型,0,50-59歲,男,1,0
6132,f3ec279dc5a1bff1,2025/2/14,15,桃園市,龜山區,25.055547,121.382489,小客車(含客、貨兩用)-自用,0,30-39歲,男,1,0
6133,bcba03bfaa463b80,2025/3/25,14,新北市,林口區,25.092445,121.385784,小客車(含客、貨兩用)-自用,0,50-59歲,男,3,0
6134,9fefe39df5e575e3,2025/2/20,19,高雄市,仁武區,22.694184,120.3491,機車-普通重型,0,40-49歲,男,4,0
6135,6b9f02fd4e16a96a,2025/11/15,7,臺南市,安南區,23.063379,120.218704,機車-普通重型,0,20-29歲,男,1,0
6136,2941738fb5cc9c10,2025/1/17,23,臺中市,北屯區,24.173548,120.676168,機車-普通重型,0,50-59歲,男,1,0
6137,c26463e0125d161e,2025/7/18,16,桃園市,楊梅區,24.919892,121.187499,機車-普通重型,0,30-39歲,男,1,0
6138,cb8b8b56c92deecf,2025/10/10,16,臺北市,中正區,25.026903,121.517941,小客車(含客、貨兩用)-計程車,0,30-39歲,男,1,0
6139,3c0eccf2fb46c651,2025/8/26,11,臺南市,永康區,23.015474,120.235793,機車-普通重型,0,20-29歲,男,2,0
6140,2803e161c4d3011b,2025/12/16,18,新北市,永和區,25.008914,121.483442,機車-普通重型,0,60歲以上,男,2,0
6141,466db8b2d2fbcc2b,2025/4/24,11,新竹市,東區,24.803321,120.979926,小客車(含客、貨兩用)-自用,0,50-59歲,男,1,0
6142,16d21dd70405f8f1,2025/8/30,7,桃園市,龍潭區,24.864506,121.210916,機車-普通重型,0,40-49歲,女,1,0
6143,d7c4a5d950127b5a,2025/7/1,13,新北市,泰山區,25.061243,121.465545,小客車(含客、貨兩用)-自用,0,40-49歲,女,2,0
6144,7397dc69de8424e1,2025/6/6,7,苗栗縣,竹南鎮,24.703773,120.902366,機車-普通重型,0,20-29歲,男,1,0
6145,8bcf09b0a02a4d46,2025/3/5,12,高雄市,鳳山區,22.601937,120.334113,機車-普通重型,0,30-39歲,男,2,0
6146,5fd1cc6dab6c7619,2025/6/14,12,臺東縣,臺東市,22.741528,121.127924,機車-普通重型,0,60歲以上,男,1,0
6147,a1916b540ee91ae5,2025/8/16,10,臺南市,新化區,23.037078,120.307584,小貨車-自用,0,50-59歲,女,1,0
6148,799602ebfadc0dc6,2025/5/3,2,新北市,樹林區,24.994476,121.424714,機車-普通重型,0,20-29歲,女,1,0
6149,6842818244efc6cb,2025/12/23,19,彰化縣,大城鄉,23.851051,120.328385,小客車(含客、貨兩用)-自用,0,50-59歲,男,1,0
6150,245fdffc9670cdb0,2025/12/29,19,臺南市,中西區,22.996879,120.211585,機車-普通重型,0,40-49歲,男,2,0
6151,36582c04a6a678ce,2025/5/4,19,臺北市,中正區,25.015027,121.532267,小客車(含客、貨兩用)-自用,0,50-59歲,男,1,0
6152,41e9a8bb19d889b3,2025/4/16,7,苗栗縣,苗栗市,24.554619,120.816569,機車-普通重型,0,30-39歲,男,2,0
6153,6eed582c01d321f6,2025/1/21,14,高雄市,三民區,22.63656,120.342881,機車-普通重型,0,50-59歲,女,1,0
6154,4511359d586af5cb,2025/2/15,10,雲林縣,崙背鄉,23.764921,120.342602,小貨車-自用,0,50-59歲,男,1,0
6155,359bcc1f67f5b08b,2025/7/3,9,南投縣,南投市,23.911154,120.683448,小客車(含客、貨兩用)-自用,0,40-49歲,女,1,0
6156,d399bd39c5efc73d,2025/5/3,12,臺北市,北投區,25.144717,121.49664,機車-普通重型,0,19歲以下,男,1,0
6157,5cbb796da7b43502,2025/1/13,11,新北市,蘆洲區,25.08439,121.470117,機車-普通重型,0,40-49歲,男,1,0
6158,e380f0ddf43afee4,2025/1/23,18,臺中市,太平區,24.110467,120.714639,機車-普通重型,0,40-49歲,男,2,0
6159,1de3f8ea471ad0ac,2025/3/8,20,桃園市,八德區,24.982773,121.277393,小客車(含客、貨兩用)-自用,0,19歲以下,男,3,0
6160,1908d07862c79943,2025/5/28,17,彰化縣,埤頭鄉,23.887148,120.496118,小客車(含客、貨兩用)-自用,0,50-59歲,男,1,0
6161,c06793035f70c93b,2025/2/25,16,新竹縣,竹北市,24.817472,121.027944,機車-普通重型,0,40-49歲,男,2,0
6162,46cbc3f6cefec823,2025/7/13,8,桃園市,復興區,24.810533,121.354739,慢車-腳踏自行車,0,60歲以上,男,1,0
6163,e902422a3adb0a5b,2025/5/24,11,臺東縣,成功鎮,23.099868,121.378887,小貨車-自用,0,40-49歲,男,1,0
6164,661aac903da03b30,2025/4/17,18,臺中市,北屯區,24.183313,120.694037,機車-普通重型,0,19歲以下,男,2,0
6165,e29de4a14ffe37ac,2025/3/6,0,臺中市,北區,24.17369,120.67149,機車-普通重型,0,40-49歲,女,2,0
6166,69e1ff9a2e5bf4c5,2025/11/29,15,新北市,淡水區,25.175596,121.428319,小客車(含客、貨兩用)-自用,0,30-39歲,男,1,0
6167,83699603b2f987a6,2025/3/1,11,臺中市,豐原區,24.254896,120.706931,機車-普通重型,0,60歲以上,男,2,0
6168,8d788cbfe46d8c80,2025/2/21,3,臺中市,大雅區,24.22073,120.643987,小客車(含客、貨兩用)-自用,0,40-49歲,女,1,0
6169,97174c33803ffb5d,2025/8/14,20,新北市,樹林區,25.009735,121.479764,機車-普通重型,0,60歲以上,男,1,0
6170,66fbb4fd43ac90f0,2025/11/8,13,臺中市,北屯區,24.1804,120.690014,小客車(含客、貨兩用)-自用,0,60歲以上,女,2,0
6171,f5430f906108b320,2025/9/24,7,高雄市,旗津區,22.602429,120.276319,機車-普通重型,0,50-59歲,女,3,0
6172,ff015fce00d70619,2025/10/15,8,新北市,新莊區,25.051209,121.444754,大客車-公營公車,0,50-59歲,女,1,0
6173,8b2e370a3b051f5a,2025/1/6,7,彰化縣,秀水鄉,24.063459,120.484464,機車-普通重型,0,40-49歲,男,2,0
6174,888b71aa0ff1d86a,2025/5/27,5,新竹縣,湖口鄉,24.871916,121.011307,小客車(含客、貨兩用)-自用,0,50-59歲,男,1,0
6175,7061874d1e31cdff,2025/1/5,16,臺中市,東區,24.136905,120.692804,機車-普通重型,0,20-29歲,男,1,0
6176,dc98bbcf08c04170,2025/4/19,12,桃園市,平鎮,24.914831,121.207031,機車-普通重型,0,40-49歲,男,2,0
6177,4f0d803afddc9b8c,2025/10/16,7,桃園市,龍潭區,24.881225,121.211793,機車-普通重型,0,20-29歲,男,2,0
6178,22120c93d123b471,2025/11/7,19,臺南市,後壁區,23.332477,120.318545,機車-普通重型,0,40-49歲,男,1,0
6179,dfadfab09cca0150,2025/11/13,8,臺中市,沙鹿區,24.228272,120.566151,機車-普通重型,0,30-39歲,男,1,0
6180,7170b44d4c6b6b34,2025/7/13,7,臺中市,太平區,24.129936,120.72388,小客車(含客、貨兩用)-自用,0,40-49歲,男,2,0
6181,9fe374a986725aa9,2025/2/4,9,新北市,新莊區,25.027096,121.42886,機車-普通重型,0,40-49歲,男,2,0
6182,a27699d171823506,2025/3/25,10,新北市,永和區,25.013929,121.517848,小客車(含客、貨兩用)-自用,0,40-49歲,女,1,0
6183,4ee80c6a4dd24401,2025/8/13,7,新竹縣,湖口鄉,24.871007,121.000336,機車-普通重型,0,40-49歲,男,1,0
6184,e2678b7e007d6e67,2025/1/22,22,雲林縣,斗六市,23.708329,120.539942,小客車(含客、貨兩用)-自用,0,40-49歲,男,3,0
6185,778f957bb283bb3c,2025/6/18,17,臺中市,大甲區,24.371184,120.645012,小客車(含客、貨兩用)-自用,0,50-59歲,女,2,0
6186,fcb16915677f951d,2025/6/6,10,宜蘭縣,宜蘭市,24.756066,121.768358,小貨車-自用,0,50-59歲,男,2,0
6187,165a59d27d8f237e,2025/8/27,19,臺南市,永康區,23.014174,120.246305,機車-普通重型,0,40-49歲,男,2,0
6188,726fd80e7e46e915,2025/8/20,9,臺南市,新營區,23.31691,120.325293,機車-普通重型,0,20-29歲,女,1,0
6189,5f21888ce651bbab,2025/11/28,11,彰化縣,社頭鄉,23.899534,120.590928,小客車(含客、貨兩用)-自用,0,30-39歲,男,1,0
6190,458ff7cfe7bc77b0,2025/4/15,8,新北市,板橋區,25.011111,121.445833,機車-普通重型,0,40-49歲,男,1,0
6191,f9895a62e6edb395,2025/5/29,20,彰化縣,鹿港鎮,24.074152,120.423989,機車-普通重型,0,60歲以上,男,1,0
6192,09e278d002185bbb,2025/3/20,22,新北市,板橋區,25.026891,121.469971,機車-普通重型,0,50-59歲,女,1,0
6193,fdb7e1fc9a164f39,2025/1/21,9,臺北市,北投區,25.106692,121.511595,小客車(含客、貨兩用)-自用,0,40-49歲,男,1,0
6194,f0ec0e378377e34c,2025/10/29,14,高雄市,三民區,22.663768,120.314882,機車-普通重型,0,30-39歲,女,1,0
6195,5a1430527ca47da6,2025/12/14,15,桃園市,桃園區,24.990903,121.312854,機車-普通重型,0,40-49歲,男,1,0
6196,fee1eaa0f30412a7,2025/1/8,8,新北市,中和區,25.008307,121.486949,機車-普通重型,0,40-49歲,男,1,0
6197,2e4cc25debcdc154,2025/5/31,10,高雄市,鹽埕區,22.624841,120.286796,慢車-腳踏自行車,0,40-49歲,男,1,0
6198,bf6cf0e9649a58e2,2025/6/19,8,臺中市,霧峰區,24.050688,120.675572,機車-普通重型,0,30-39歲,男,2,0
6199,2b45555e129698bd,2025/9/14,23,嘉義縣,朴子市,23.463896,120.236378,機車-普通重型,0,40-49歲,男,2,0
6200,9b9596e48b994f99,2025/6/8,15,臺中市,南區,24.126533,120.662848,機車-普通重型,0,30-39歲,女,1,0
6201,f8d188978e3874fb,2025/2/14,15,宜蘭縣,五結鄉,24.668331,121.822059,小客車(含客、貨兩用)-自用,0,50-59歲,女,1,0
6202,2d715fe093d34d2c,2025/4/20,13,臺中市,東區,24.140067,120.700116,小客車(含客、貨兩用)-自用,0,30-39歲,女,1,0
6203,96d71255fb5f4166,2025/7/6,20,高雄市,前鎮,22.599293,120.303538,機車-普通重型,0,50-59歲,男,1,0
6204,60306b3e628ab018,2025/10/22,9,臺中市,烏日區,24.115441,120.641611,機車-普通重型,0,30-39歲,男,1,0
6205,114b5fbba84e9de2,2025/6/12,15,臺南市,中西區,22.986327,120.198026,機車-普通重型,0,30-39歲,男,2,0
6206,b378f242294321bd,2025/8/18,7,新竹市,東區,24.773134,121.026145,機車-普通重型,0,50-59歲,男,1,0
6207,152c617136653bd7,2025/3/18,18,臺中市,西屯區,24.1726,120.661386,小客車(含客、貨兩用)-自用,0,50-59歲,男,1,0
6208,5f33892b6259247d,2025/1/6,20,桃園市,平鎮,24.910515,121.201147,機車-普通重型,0,50-59歲,男,1,0
6209,9cd8f76831491168,2025/9/30,18,臺南市,東區,22.988594,120.234648,機車-普通重型,0,40-49歲,女,1,0
6210,ba4fcac3495d2c89,2025/10/13,12,臺北市,大同區,25.056768,121.508151,機車-普通重型,0,30-39歲,女,1,0
6211,11cd0d84ac976340,2025/4/2,16,新北市,三重區,25.0533,121.473469,機車-普通重型,0,40-49歲,女,3,0
6212,d4fbbd24f059e4b8,2025/7/13,9,高雄市,永安區,22.808221,120.251614,慢車-微型電動二輪車,0,50-59歲,女,1,0
6213,9b224fa3bc828f79,2025/6/27,17,臺中市,西屯區,24.170582,120.633728,機車-普通重型,0,40-49歲,女,1,0
6214,e891d5029d5c06c0,2025/11/6,8,高雄市,三民區,22.635835,120.295642,機車-普通重型,0,60歲以上,男,1,0
6215,5ed408c41ea45ddc,2025/4/15,17,臺南市,永康區,23.004393,120.238747,小貨車-營業用,0,30-39歲,女,1,0
6216,a43c21214ada5e7d,2025/12/11,7,彰化縣,大城鄉,23.853255,120.319434,慢車-腳踏自行車,0,20-29歲,男,1,0
6217,f20a1b116cac2459,2025/5/4,9,高雄市,左營區,22.68697,120.3029,機車-普通重型,0,40-49歲,男,2,0
6218,ec07fbc804e5a759,2025/8/12,13,新北市,石碇區,24.944444,121.649374,機車-普通重型,0,40-49歲,男,1,0
6219,7f1203029e10e83a,2025/10/28,17,臺南市,安南區,23.047223,120.183488,機車-普通重型,0,30-39歲,女,2,0
6220,82dfc8396a32d3bf,2025/4/11,6,新北市,新莊區,25.03641,121.454216,小客車(含客、貨兩用)-自用,0,50-59歲,男,1,0
6221,635dd84242b21305,2025/7/21,17,桃園市,中壢區,24.928567,121.241621,小客車(含客、貨兩用)-自用,0,30-39歲,女,2,0
6222,54f875e9947af3ef,2025/1/14,12,高雄市,鼓山區,22.654826,120.307483,小客車(含客、貨兩用)-自用,0,50-59歲,男,1,0
6223,e86df8b5fd91d725,2025/5/5,11,臺中市,大里區,24.086031,120.710857,慢車-腳踏自行車,0,50-59歲,男,2,0
6224,a9553a9a32102412,2025/10/16,16,臺南市,東區,22.982409,120.230672,機車-普通重型,0,50-59歲,男,3,0
6225,22ea2eb92a79896b,2025/12/7,0,嘉義縣,六腳鄉,23.546789,120.295501,小客車(含客、貨兩用)-自用,0,50-59歲,男,1,0
6226,280ee5ff0cba400a,2025/11/23,14,臺南市,仁德區,22.973651,120.244249,小客車(含客、貨兩用)-自用,0,40-49歲,男,1,0
6227,5159796576478d07,2025/3/29,15,新北市,板橋區,25.015287,121.45523,小客車(含客、貨兩用)-自用,0,40-49歲,女,1,0
6228,c8d86800366b2ab5,2025/11/13,16,屏東縣,長治鄉,22.672754,120.512806,小客車(含客、貨兩用)-自用,0,60歲以上,男,1,0
6229,111484a63375365e,2025/9/2,15,臺南市,安平區,22.983143,120.177565,小客車(含客、貨兩用)-自用,0,40-49歲,男,1,0
6230,c503522d00a4050c,2025/3/5,17,臺南市,仁德區,22.934679,120.238298,慢車-腳踏自行車,0,40-49歲,男,2,0
6231,123587aa2b48c5ef,2025/10/26,21,臺中市,北屯區,24.161806,120.725018,機車-普通重型,0,60歲以上,女,1,0
6232,c93a1162b4bcfa2f,2025/12/22,17,新北市,永和區,25.009551,121.481414,機車-普通重型,0,40-49歲,男,1,0
6233,2dc873b0b280f72f,2025/1/1,13,桃園市,中壢區,25.005148,121.214236,小客車(含客、貨兩用)-自用,0,60歲以上,男,1,0
6234,6993251d82909ea3,2025/4/8,19,新北市,瑞芳區,25.109748,121.797341,小客車(含客、貨兩用)-自用,0,30-39歲,男,1,0
6235,647fce81567aad67,2025/10/23,17,花蓮縣,玉里鎮,23.3205,121.336038,人-其他人,0,60歲以上,男,1,0
6236,a235b331aa584674,2025/6/25,17,高雄市,前鎮,22.609433,120.312461,機車-普通重型,0,50-59歲,女,3,0
6237,ccd2bd0fcae0c2d6,2025/8/21,21,屏東縣,潮州鎮,22.550741,120.555679,小客車(含客、貨兩用)-租賃車,0,60歲以上,男,2,0
6238,b70d021b60d6584a,2025/9/24,9,宜蘭縣,宜蘭市,24.750248,121.755971,慢車-腳踏自行車,0,50-59歲,女,1,0
6239,4fdb56705bb81c95,2025/4/13,5,新北市,板橋區,24.99897,121.454002,機車-普通重型,0,40-49歲,女,1,0
6240,a9dffef1984d7b53,2025/9/19,9,雲林縣,斗六市,23.696891,120.53794,小客車(含客、貨兩用)-自用,0,50-59歲,男,1,0
6241,81fa585a23414953,2025/6/9,17,新竹縣,竹北市,24.82374,121.02691,機車-普通重型,0,30-39歲,男,1,0
6242,6d477893194c91af,2025/1/23,20,桃園市,中壢區,24.990266,121.177231,機車-普通重型,0,50-59歲,女,2,0
6243,bc3846b2855674a6,2025/10/18,16,屏東縣,恆春鎮,21.952107,120.725005,機車-普通重型,0,50-59歲,男,1,0
6244,0c4b88eebe237211,2025/1/7,12,臺南市,安南區,23.070073,120.198488,機車-普通重型,0,20-29歲,女,1,0
6245,99772aa65f84a720,2025/8/9,19,彰化縣,埔心鄉,23.947783,120.564224,機車-普通重型,0,50-59歲,男,2,0
6246,d953c5aa2374f01a,2025/4/14,6,臺南市,仁德區,22.96953,120.252246,小客車(含客、貨兩用)-自用,0,30-39歲,男,1,0
6247,525a8a9288a09b4b,2025/11/4,10,彰化縣,埔鹽鄉,23.978524,120.436084,小客車(含客、貨兩用)-自用,0,19歲以下,男,1,0
6248,c6f1951b41461246,2025/10/22,15,高雄市,楠梓區,22.739736,120.334245,機車-普通重型,0,40-49歲,女,1,0
6249,1867d41f7ccef709,2025/9/9,19,臺中市,北屯區,24.174801,120.671484,小貨車-自用,0,40-49歲,男,2,0
6250,f2b77427f61f0cf1,2025/12/30,19,桃園市,觀音區,24.994579,121.165842,機車-普通重型,0,50-59歲,男,2,0
6251,ad40c45d6dc07eab,2025/7/8,15,彰化縣,溪州鄉,23.85292,120.504527,機車-普通重型,0,40-49歲,男,2,0
6252,fe6b6c81d48a5f0c,2025/6/3,16,高雄市,鳳山區,22.625103,120.346001,機車-普通重型,0,40-49歲,男,1,0
6253,44ebd6312bf47e27,2025/4/3,13,新竹縣,芎林鄉,24.773193,121.075119,機車-普通重型,0,30-39歲,男,1,0
6254,2c10d91cd1cb9d97,2025/10/24,13,桃園市,桃園區,25.023134,121.295509,小貨車-營業用,0,40-49歲,男,1,0
6255,aa7fd2eae3084c20,2025/12/18,20,臺東縣,臺東市,22.754654,121.128869,小客車(含客、貨兩用)-自用,0,60歲以上,男,1,0
6256,e92f1119196ff9ee,2025/7/21,18,雲林縣,斗六市,23.693471,120.528782,機車-普通重型,0,20-29歲,男,1,0
6257,e1eaac8c27184290,2025/12/5,17,新竹縣,竹北市,24.814487,121.031516,小客車(含客、貨兩用)-自用,0,40-49歲,女,1,0
6258,717bca437f200bf7,2025/8/19,6,彰化縣,埔鹽鄉,23.986438,120.494692,機車-普通重型,0,40-49歲,男,1,0
6259,ca69ff2028a6373b,2025/9/26,20,新竹縣,竹東鎮,24.768082,121.055412,機車-普通重型,0,20-29歲,男,2,0
6260,70acdf8ce8b6207f,2025/8/4,20,彰化縣,和美鎮,24.106422,120.501312,小貨車-自用,0,30-39歲,男,2,0
6261,c80e19f4c753992d,2025/5/31,17,臺中市,東勢區,24.224446,120.836106,小客車(含客、貨兩用)-自用,0,50-59歲,男,1,0
6262,d4f566a26b9032a1,2025/6/11,9,嘉義縣,民雄鄉,23.556836,120.42661,小客車(含客、貨兩用)-自用,0,40-49歲,男,1,0
6263,7cb583c3d4c35e1f,2025/5/18,17,臺中市,南屯區,24.146869,120.641686,機車-普通重型,0,40-49歲,男,1,0
6264,2aba674c257da476,2025/3/27,9,新北市,中和區,25.008273,121.476685,機車-普通重型,0,40-49歲,男,1,0
6265,dafbd9543b36e84b,2025/4/15,15,臺中市,西屯區,24.18726,120.64279,小客車(含客、貨兩用)-自用,0,50-59歲,男,1,0
6266,48f91dea0c9f627d,2025/7/25,23,臺南市,東區,22.98036,120.237488,小客車(含客、貨兩用)-自用,0,40-49歲,男,1,0
6267,b962379e424d7791,2025/5/17,8,新北市,三重區,25.077998,121.481218,人-行人,0,50-59歲,男,1,0
6268,3cbe394dc2173338,2025/10/14,22,新北市,新莊區,25.022078,121.414214,機車-普通重型,0,50-59歲,男,1,0
6269,16cc9ebd6dcb98e0,2025/3/31,1,嘉義市,東區,23.462306,120.456536,機車-普通重型,0,50-59歲,男,1,0
6270,ae90229a968a9abd,2025/8/8,18,彰化縣,彰化市,24.075469,120.536866,機車-普通重型,0,50-59歲,女,1,0
6271,2b19ff8ae07d54cd,2025/6/9,13,桃園市,龍潭區,24.868917,121.214575,小客車(含客、貨兩用)-自用,0,40-49歲,男,2,0
6272,97004ca103f0ef5f,2025/6/6,19,花蓮縣,鳳林鎮,23.748332,121.447885,機車-普通重型,0,60歲以上,男,2,0
6273,e2f1194f55fd9f6d,2025/2/4,11,宜蘭縣,五結鄉,24.700174,121.791088,機車-普通重型,0,20-29歲,女,1,0
6274,b569dd99627dcaea,2025/8/22,12,新北市,永和區,25.003398,121.522922,小客車(含客、貨兩用)-計程車,0,40-49歲,男,1,0
6275,954387ce1737109c,2025/9/19,12,新北市,樹林區,24.996208,121.42835,機車-普通輕型,0,50-59歲,男,2,0
6276,074d189aad0c3a9e,2025/2/23,10,雲林縣,北港鎮,23.565801,120.298579,機車-普通重型,0,40-49歲,男,1,0
6277,4adb3e6f2cc097c0,2025/9/13,20,臺南市,東區,22.987424,120.236683,機車-普通重型,0,50-59歲,男,3,0
6278,8838d8a21fe0f475,2025/12/15,7,高雄市,左營區,22.65615,120.3127,慢車-微型電動二輪車,0,40-49歲,男,1,0
6279,bf7574ed9243a561,2025/9/29,14,新北市,新店區,24.962631,121.512906,小客車(含客、貨兩用)-自用,0,60歲以上,男,1,0
6280,fc67ceefcc440b84,2025/3/12,12,嘉義市,東區,23.47406,120.45149,機車-普通重型,0,40-49歲,男,2,0
6281,5767c61a60661913,2025/4/1,19,臺中市,北屯區,24.174079,120.722497,機車-普通重型,0,40-49歲,男,1,0
6282,426873a055f91b9c,2025/12/8,5,臺南市,官田區,23.219598,120.323611,人-行人,0,30-39歲,女,2,0
6283,eb858e95856033d1,2025/12/24,10,屏東縣,內埔鄉,22.621953,120.560349,機車-普通重型,0,30-39歲,男,1,0
6284,708f403c6083870c,2025/12/3,20,臺中市,南區,24.124462,120.674197,機車-普通重型,0,40-49歲,女,1,0
6285,1ce9984c2cadc103,2025/3/11,5,臺北市,中山區,25.068326,121.528164,機車-普通重型,0,40-49歲,男,1,0
6286,204524e6ea08fae6,2025/4/22,21,桃園市,中壢區,24.96718,121.23305,機車-普通重型,0,30-39歲,男,1,0
6287,0ec5ddaa62547a2d,2025/8/8,10,臺南市,下營區,23.234351,120.264318,小貨車-自用,0,50-59歲,男,1,0
6288,9eb90e9d6b50def4,2025/4/25,19,高雄市,左營區,22.698524,120.292451,機車-普通重型,0,20-29歲,男,2,0
6289,2d22fd56e414fa01,2025/9/29,17,苗栗縣,後龍鎮,24.614687,120.812363,機車-普通重型,0,19歲以下,男,1,0
6290,94ea79606b920683,2025/1/14,13,高雄市,前鎮,22.613439,120.31432,小客車(含客、貨兩用)-自用,0,60歲以上,男,1,0
6291,8b0d86e12a54cb5b,2025/12/27,9,高雄市,大社區,22.73481,120.373818,機車-普通重型,0,40-49歲,女,1,0
6292,673e10e73a027a3d,2025/12/20,1,臺南市,歸仁區,22.926384,120.285022,機車-普通重型,0,40-49歲,男,1,0
6293,e703689746e5cb1d,2025/1/25,8,彰化縣,溪州鄉,23.824784,120.516395,機車-普通重型,0,40-49歲,男,1,0
6294,a8a6ea96de4b9e01,2025/6/20,14,新北市,中和區,25.003086,121.486631,小客車(含客、貨兩用)-自用,0,30-39歲,男,1,0
6295,d27325c2f1f05af6,2025/12/10,14,基隆市,中正區,25.148334,121.782982,小客車(含客、貨兩用)-自用,0,40-49歲,男,1,0
6296,7864570f0fdd32bf,2025/1/16,7,苗栗縣,南庄鄉,24.641862,120.959879,機車-普通重型,0,50-59歲,男,1,0
6297,a9ab848c713e279b,2025/2/15,19,臺北市,北投區,25.138661,121.502151,機車-普通重型,0,40-49歲,男,1,0
6298,3931f34dee315f1b,2025/5/14,15,桃園市,龍潭區,24.884238,121.237136,小客車(含客、貨兩用)-自用,0,40-49歲,女,1,0
6299,ddedda4f82df5604,2025/4/25,7,桃園市,中壢區,24.96216,121.254325,機車-普通重型,0,50-59歲,女,1,0
6300,4ad511d9cc9569f9,2025/2/18,18,新北市,汐止區,25.06677,121.670229,小客車(含客、貨兩用)-自用,0,50-59歲,女,2,0
6301,48fe353ccecbb40e,2025/4/8,23,臺中市,南屯區,24.151246,120.615853,機車-普通重型,0,40-49歲,男,2,0
6302,481d75439fd707ac,2025/4/10,10,臺中市,霧峰區,24.063702,120.675602,機車-普通重型,0,30-39歲,男,1,0
6303,8ff7398bbcc15c37,2025/11/4,9,高雄市,前鎮,22.605607,120.30585,機車-普通重型,0,40-49歲,男,2,0
6304,1521d4a44ef261e9,2025/1/20,7,嘉義市,西區,23.480356,120.443321,機車-普通重型,0,50-59歲,男,2,0
6305,3a3a50dd212651d4,2025/7/3,17,新北市,土城區,24.979982,121.450529,機車-普通重型,0,50-59歲,男,1,0
6306,15ebd3c4ccd3af63,2025/9/19,23,宜蘭縣,羅東鎮,24.672943,121.795118,機車-普通重型,0,40-49歲,女,2,0
6307,72df5dfce1cffb44,2025/4/19,7,臺中市,大肚區,24.149757,120.548849,機車-普通重型,0,50-59歲,女,2,0
6308,52818ba06e117162,2025/9/4,7,高雄市,鳳山區,22.606346,120.341082,機車-普通重型,0,50-59歲,男,1,0
6309,50b6d76bf51828e8,2025/4/8,17,雲林縣,斗六市,23.706451,120.549461,機車-普通輕型,0,60歲以上,男,1,0
6310,185a88e8e843d9fe,2025/12/18,8,雲林縣,西螺鎮,23.783807,120.474104,機車-普通重型,0,50-59歲,男,2,0
6311,1238b30b0952fb4a,2025/11/18,8,新竹縣,北埔鄉,24.714964,121.07196,小客車(含客、貨兩用)-自用,0,40-49歲,男,1,0
6312,ba1d8c435ff63ca4,2025/5/21,10,臺南市,東區,22.990674,120.247994,機車-普通重型,0,40-49歲,男,1,0
6313,2496fcf8050c9f8a,2025/9/25,10,彰化縣,溪湖鎮,23.951961,120.492959,小貨車-自用,0,20-29歲,男,1,0
6314,b4997e80767b7ddd,2025/8/30,17,臺中市,西屯區,24.184044,120.591151,機車-普通輕型,0,50-59歲,男,1,0
6315,e782a45b5979d0fa,2025/3/22,13,嘉義縣,太保市,23.498079,120.381154,機車-普通重型,0,40-49歲,男,1,0
6316,e3cd6ee797d3032a,2025/3/18,10,臺北市,大安區,25.024037,121.552292,小客車(含客、貨兩用)-自用,0,20-29歲,男,1,0
6317,c14c12fc4a3dfc8c,2025/5/3,6,臺南市,安南區,23.014422,120.182456,小客車(含客、貨兩用)-自用,0,40-49歲,男,1,0
6318,6fe3a445d141eeb1,2025/12/16,20,臺中市,霧峰區,24.073875,120.71517,機車-普通重型,0,30-39歲,男,1,0
6319,4c1aaca21c24c33f,2025/9/20,12,宜蘭縣,礁溪鄉,24.788745,121.780356,小客車(含客、貨兩用)-自用,0,40-49歲,男,1,0
6320,72a33fbafaab7b82,2025/7/22,11,新竹市,香山區,24.817507,120.927374,機車-普通重型,0,60歲以上,男,2,0
6321,be3ac063b3c24e07,2025/12/29,15,桃園市,八德區,24.936425,121.297325,小客車(含客、貨兩用)-自用,0,19歲以下,男,1,0
6322,d796c66fc94d0b6b,2025/5/15,16,臺中市,神岡區,24.242266,120.681509,機車-普通輕型,0,50-59歲,男,1,0
6323,8ae2fcaefe652aa2,2025/3/19,11,臺北市,大同區,25.057374,121.510588,小客車(含客、貨兩用)-自用,0,50-59歲,男,1,0
6324,c55ff6a0219154b2,2025/12/5,22,高雄市,前鎮,22.592475,120.319157,小客車(含客、貨兩用)-自用,0,20-29歲,男,1,0
6325,3629882f31f561e7,2025/4/12,21,臺東縣,臺東市,22.772496,121.144239,慢車-電動輔助自行車,0,50-59歲,女,1,0
6326,a4169f34c16186df,2025/1/16,8,彰化縣,鹿港鎮,24.058279,120.433769,小客車(含客、貨兩用)-自用,0,60歲以上,男,1,0
6327,7529979617d59c0a,2025/12/10,17,臺南市,新營區,23.300625,120.305397,慢車-腳踏自行車,0,50-59歲,男,1,0
6328,d6416912bea4587f,2025/3/23,11,臺南市,東區,22.968693,120.22942,機車-普通重型,0,50-59歲,男,3,0
6329,f875f1a28b03182c,2025/12/14,5,臺中市,中區,24.138635,120.682187,小客車(含客、貨兩用)-自用,0,60歲以上,男,1,0
6330,366205f14d283f40,2025/8/8,17,新北市,蘆洲區,25.076261,121.468537,機車-普通重型,0,40-49歲,男,1,0
6331,407bdb15b5e1a97b,2025/11/8,12,高雄市,阿蓮區,22.880812,120.326621,小客車(含客、貨兩用)-自用,0,50-59歲,男,2,0
6332,4510600991624c29,2025/4/4,16,臺中市,北區,24.154584,120.682089,機車-普通重型,0,40-49歲,女,1,0
6333,73c9bdd5c8bdee6c,2025/5/16,7,臺南市,中西區,22.994466,120.210067,機車-普通重型,0,50-59歲,男,1,0
6334,8b06491ee8aff6a1,2025/10/16,15,臺南市,永康區,23.010182,120.233558,機車-普通重型,0,50-59歲,男,1,0
6335,df250e92b88a9ccf,2025/4/20,19,彰化縣,埔心鄉,23.951608,120.563605,機車-普通重型,0,40-49歲,男,1,0
6336,299e0510b3a1e61e,2025/6/24,17,新竹市,東區,24.797287,120.969149,機車-普通重型,0,50-59歲,男,1,0
6337,0f3eee9edd30e478,2025/1/23,6,彰化縣,鹿港鎮,24.06652,120.437142,小客車(含客、貨兩用)-自用,0,19歲以下,男,2,0
6338,eaacecc167f24cc2,2025/9/25,15,高雄市,彌陀區,22.767073,120.238807,機車-普通重型,0,40-49歲,男,1,0
6339,56e2c1fb2cb9a09f,2025/7/30,12,高雄市,前金區,22.633527,120.29222,小客車(含客、貨兩用)-租賃車,0,40-49歲,男,2,0
6340,bee6a249bd488867,2025/3/31,18,臺中市,西屯區,24.160339,120.657756,小客車(含客、貨兩用)-自用,0,50-59歲,男,1,0
6341,d9ce10ecef3fe708,2025/4/4,19,高雄市,前鎮,22.604928,120.330912,機車-普通重型,0,60歲以上,男,3,0
6342,6ce096bb5a7a747c,2025/12/17,23,高雄市,大寮區,22.632376,120.397814,機車-普通重型,0,50-59歲,男,2,0
6343,6364c6b78c3c54cc,2025/9/9,7,臺中市,潭子區,24.198108,120.703057,機車-普通重型,0,19歲以下,男,3,0
6344,815bcd9c40546796,2025/5/30,10,屏東縣,長治鄉,22.705583,120.554404,小客車(含客、貨兩用)-自用,0,40-49歲,男,1,0
6345,6d443896366040c5,2025/8/14,11,高雄市,仁武區,22.672587,120.331689,小客車(含客、貨兩用)-自用,0,50-59歲,男,1,0
6346,292a46236cc5b7b5,2025/11/23,13,新北市,坪林區,24.941277,121.684753,機車-普通重型,0,30-39歲,女,1,0
6347,468c160bbfa0007e,2025/8/29,15,桃園市,楊梅區,24.948132,121.09698,機車-普通重型,0,50-59歲,男,1,0
6348,f36eafb8bbe73495,2025/8/28,16,彰化縣,彰化市,24.073174,120.536399,機車-普通重型,0,40-49歲,男,1,0
6349,2b3b39d45f9be570,2025/8/3,20,桃園市,蘆竹區,25.056888,121.28843,機車-普通重型,0,50-59歲,男,1,0
6350,e563f86c5027bbf1,2025/7/17,7,高雄市,林園區,22.50679,120.369268,機車-普通重型,0,50-59歲,女,2,0
6351,cdce8046660d0cff,2025/10/14,18,桃園市,平鎮,24.942341,121.191831,機車-普通重型,0,30-39歲,男,1,0
6352,f7e1b2f35cccfce3,2025/2/4,9,桃園市,桃園區,25.007246,121.311697,機車-普通重型,0,50-59歲,男,1,0
6353,43af3a9d18ec284d,2025/4/30,7,新北市,新店區,24.954549,121.495138,機車-普通重型,0,50-59歲,女,1,0
6354,047732ebf00d5c05,2025/8/16,14,臺中市,沙鹿區,24.238393,120.56006,小貨車-自用,0,30-39歲,男,1,0
6355,cff5364cc25625ca,2025/8/18,19,臺中市,神岡區,24.246105,120.682555,小客車(含客、貨兩用)-自用,0,60歲以上,男,1,0
6356,8e885b440782c3b3,2025/2/18,8,臺中市,神岡區,24.234729,120.698441,小客車(含客、貨兩用)-自用,0,50-59歲,男,1,0
6357,c82a035e0089d782,2025/1/26,13,新北市,三重區,25.076563,121.499589,機車-普通重型,0,20-29歲,男,1,0
6358,235989ebe8655ca9,2025/3/21,17,屏東縣,萬丹鄉,22.599425,120.456938,小客車(含客、貨兩用)-自用,0,30-39歲,男,1,0
6359,e722378f3142fe05,2025/7/2,8,新北市,三峽區,24.9178,121.368855,機車-普通重型,0,50-59歲,男,1,0
6360,30c6ee0fea5942f7,2025/8/11,16,高雄市,前金區,22.63098,120.2959,小客車(含客、貨兩用)-自用,0,40-49歲,男,1,0
6361,7b3fe869e573b8dc,2025/10/24,19,嘉義市,西區,23.476475,120.44651,機車-普通重型,0,30-39歲,男,2,0
6362,02c486f0564a2c3b,2025/4/6,21,臺東縣,臺東市,22.744236,121.137666,小客車(含客、貨兩用)-自用,0,50-59歲,男,1,0
6363,7d7948ad8f22fe92,2025/10/7,17,新竹市,香山區,24.814519,120.928835,機車-普通重型,0,40-49歲,男,1,0
6364,91858e4a8982672f,2025/4/18,8,彰化縣,秀水鄉,24.025885,120.494602,機車-普通重型,0,40-49歲,男,2,0
6365,3186e42619b916c0,2025/1/10,13,臺南市,安定區,23.092521,120.205809,小客車(含客、貨兩用)-自用,0,20-29歲,女,1,0
6366,36f7881231c7ca0a,2025/10/2,12,高雄市,鳳山區,22.628643,120.35706,小客車(含客、貨兩用)-自用,0,50-59歲,男,1,0
6367,4307ed333d0bd96d,2025/8/12,11,高雄市,鳳山區,22.602373,120.350531,機車-普通重型,0,20-29歲,男,1,0
6368,12a5e544e7c6ff13,2025/5/22,8,桃園市,中壢區,24.934986,121.240169,機車-普通重型,0,40-49歲,男,1,0
6369,5d6871bbfa6c5804,2025/12/16,17,臺南市,仁德區,22.94121,120.225181,機車-普通重型,0,60歲以上,男,1,0
6370,7f72e7f11a9a3241,2025/5/29,18,宜蘭縣,員山鄉,24.723964,121.721121,小客車(含客、貨兩用)-自用,0,50-59歲,男,1,0
6371,30695247ebc5e55a,2025/7/9,18,高雄市,林園區,22.500988,120.398735,小客車(含客、貨兩用)-自用,0,50-59歲,男,1,0
6372,6d349f3c2b3b90eb,2025/3/4,10,花蓮縣,吉安鄉,23.975224,121.587845,小客車(含客、貨兩用)-計程車,0,50-59歲,男,1,0
6373,10824270b2d7a094,2025/1/1,11,桃園市,桃園區,25.00394,121.301251,人-行人,0,50-59歲,男,1,0
6374,cec17e0e6038ac10,2025/8/15,14,臺東縣,臺東市,22.758365,121.173342,小客車(含客、貨兩用)-自用,0,20-29歲,男,1,0
6375,c4c9d88f556276ee,2025/12/4,18,臺南市,永康區,23.004337,120.2343,機車-普通重型,0,50-59歲,男,3,0
6376,83e6105e325ed134,2025/11/20,14,臺南市,北區,23.014363,120.212738,機車-普通重型,0,50-59歲,男,1,0
6377,025810e6e7f0a957,2025/4/26,18,南投縣,草屯鎮,23.993785,120.688415,機車-普通重型,0,50-59歲,男,3,0
6378,189b62a1e9c0bea8,2025/2/21,19,臺中市,烏日區,24.110071,120.645706,小客車(含客、貨兩用)-自用,0,50-59歲,女,1,0
6379,2aaf8f2b2fab2b60,2025/8/19,12,彰化縣,二林鎮,23.899319,120.374497,小客車(含客、貨兩用)-自用,0,40-49歲,男,1,0
6380,d0647e7173515b40,2025/10/13,5,新竹縣,竹北市,24.83709,121.005309,機車-普通重型,0,50-59歲,男,2,0
6381,f564e708782b2f3c,2025/11/23,10,宜蘭縣,蘇澳鎮,24.595612,121.843878,機車-普通重型,0,60歲以上,男,1,0
6382,a6ee820ab3d2cf8b,2025/3/25,17,臺東縣,臺東市,22.722364,121.083672,未知,0,40-49歲,男,1,0
6383,5e5c9ea039be6d7c,2025/11/5,8,臺中市,太平區,24.126988,120.718844,機車-普通重型,0,50-59歲,男,2,0
6384,3448d47857b4e991,2025/7/2,11,臺中市,北區,24.159162,120.686051,機車-普通重型,0,40-49歲,男,2,0
6385,f778ebb78da0e5b5,2025/8/18,16,花蓮縣,吉安鄉,23.991372,121.576246,慢車-腳踏自行車,0,50-59歲,女,2,0
6386,15fd47597110caf2,2025/4/2,16,彰化縣,彰化市,24.066588,120.538179,機車-普通重型,0,50-59歲,女,1,0
6387,1dc3082ccf07f032,2025/7/4,17,苗栗縣,苗栗市,24.555442,120.810673,機車-普通重型,0,50-59歲,男,1,0
6388,a3d56557f27daff6,2025/1/1,19,南投縣,埔里鎮,23.944122,120.931459,機車-普通重型,0,30-39歲,男,1,0
6389,72635c6ac7b06735,2025/5/24,11,花蓮縣,花蓮市,23.984598,121.603414,機車-普通重型,0,20-29歲,男,1,0
6390,d5389ba948a1d5ec,2025/7/16,15,屏東縣,東港鎮,22.466854,120.448076,機車-普通重型,0,40-49歲,男,2,0
6391,238ed3a7aa95d3da,2025/10/21,13,高雄市,小港區,22.578162,120.364846,機車-普通重型,0,40-49歲,男,2,0
6392,614e0c057991d52e,2025/7/6,12,桃園市,平鎮,24.902177,121.211811,機車-普通重型,0,50-59歲,男,1,0
6393,7f2ac292e346ae14,2025/7/20,14,彰化縣,彰化市,24.076684,120.529916,小客車(含客、貨兩用)-自用,0,40-49歲,男,1,0
6394,cca9946dee49238c,2025/11/15,16,新竹縣,關西鎮,24.799222,121.154363,慢車-腳踏自行車,0,40-49歲,男,1,0
6395,fcfc4a28d3ac38f2,2025/3/29,10,雲林縣,古坑鄉,23.64552,120.56189,小客車(含客、貨兩用)-自用,0,40-49歲,男,1,0
6396,9ead5b3e28a1c0ba,2025/4/12,0,高雄市,小港區,22.567517,120.357111,機車-普通重型,0,19歲以下,女,2,0
6397,4d643b6217fc46f8,2025/8/26,14,高雄市,苓雅區,22.617914,120.296507,機車-普通重型,0,40-49歲,男,1,0
6398,c8972c758e68fc57,2025/8/11,12,臺北市,信義區,25.020425,121.557595,機車-普通重型,0,40-49歲,男,1,0
6399,81e768ab26b493b1,2025/12/11,12,臺中市,南屯區,24.154679,120.653069,機車-普通重型,0,50-59歲,女,2,0
6400,e356e5a2e76d22bf,2025/7/15,19,臺北市,內湖區,25.068973,121.574797,機車-普通重型,0,30-39歲,男,3,0
6401,b0b58f5e3a6d1a3b,2025/2/6,13,臺中市,大安區,24.373725,120.589014,半聯結車-營業用,0,30-39歲,男,1,0
6402,bfecd814d9c8e09a,2025/1/15,5,桃園市,楊梅區,24.907794,121.178623,機車-普通重型,0,50-59歲,男,2,0
6403,8f75226ee10c2181,2025/1/10,10,新北市,新莊區,25.043143,121.452801,小客車(含客、貨兩用)-自用,0,40-49歲,男,1,0
6404,9402345e34f8a48a,2025/7/22,19,嘉義市,東區,23.464261,120.470123,機車-普通重型,0,20-29歲,女,2,0
6405,291dce4a8afa1fc7,2025/8/19,23,臺中市,東區,24.150765,120.697677,小客車(含客、貨兩用)-自用,0,40-49歲,女,1,0
6406,4195fb1cb8ee2d6c,2025/3/21,8,桃園市,八德區,24.980573,121.274794,機車-普通重型,0,40-49歲,男,3,0
6407,01bd7b7b653a6239,2025/9/20,17,高雄市,鼓山區,22.650492,120.278968,小客車(含客、貨兩用)-自用,0,50-59歲,男,1,0
6408,e523487ead949ee9,2025/12/6,11,新北市,中和區,24.999557,121.511673,機車-普通重型,0,40-49歲,男,1,0
6409,5dabd5815e001375,2025/10/7,17,新竹縣,新豐鄉,24.899755,120.987133,機車-普通重型,0,50-59歲,男,1,0
6410,3387d90496818b29,2025/1/18,12,新北市,永和區,24.996749,121.515196,機車-普通重型,0,50-59歲,男,1,0
6411,730ecc98a70a850d,2025/5/22,7,新北市,鶯歌區,24.978312,121.335538,小客車(含客、貨兩用)-自用,0,60歲以上,男,1,0
6412,680b8c9adcef9f0d,2025/1/5,23,高雄市,鳳山區,22.59068,120.358757,小客車(含客、貨兩用)-自用,0,40-49歲,男,1,0
6413,d4f2cabbdda186f5,2025/9/24,12,高雄市,岡山區,22.798558,120.283547,機車-普通重型,0,60歲以上,男,1,0
6414,7f87d711bc0bd3e0,2025/10/19,15,新北市,貢寮區,25.074232,121.917853,機車-普通重型,0,30-39歲,男,3,0
6415,6dc1310c2ef07dd2,2025/6/22,6,臺東縣,大武鄉,22.475797,120.949908,機車-大型重型1(550C.C.以上),0,40-49歲,男,1,0
6416,705e69d40b259a89,2025/10/31,7,臺北市,士林區,25.105059,121.531379,機車-普通重型,0,20-29歲,男,2,0
6417,54d95636d7915bfe,2025/9/12,8,新北市,八里區,25.124926,121.457376,機車-普通重型,0,40-49歲,男,4,0
6418,6acf1d876070e207,2025/10/19,21,臺北市,士林區,25.106527,121.524964,機車-普通重型,0,60歲以上,女,2,0
6419,468815cebad402a6,2025/11/22,21,新北市,新莊區,25.008982,121.481307,機車-普通重型,0,40-49歲,男,1,0
6420,ca9997ab12b31d3d,2025/6/11,6,臺北市,大安區,25.027402,121.556003,小客車(含客、貨兩用)-自用,0,50-59歲,男,1,0
6421,94cfc34567db6318,2025/9/17,6,屏東縣,屏東市,22.665775,120.478574,機車-普通重型,0,50-59歲,男,1,0
6422,9492e28290ee89ae,2025/11/10,8,苗栗縣,頭份市,24.686646,120.906394,小客車(含客、貨兩用)-自用,0,40-49歲,男,1,0
6423,ad0d32a21574862b,2025/10/31,19,桃園市,中壢區,24.953421,121.24323,小客車(含客、貨兩用)-自用,0,50-59歲,男,2,0
6424,e0f7b0403d25b7bb,2025/2/3,18,桃園市,龜山區,24.986393,121.322161,機車-普通重型,0,19歲以下,男,1,0
6425,5c3b83887e8bbc8a,2025/12/5,17,高雄市,大社區,22.765683,120.363925,機車-普通重型,0,30-39歲,女,1,0
6426,26016be27cef8009,2025/5/12,22,臺中市,南區,24.123371,120.660856,大客車-民營客運,0,19歲以下,男,1,0
6427,a00bd5335069b348,2025/2/26,5,臺南市,安南區,23.018697,120.178247,機車-普通重型,0,50-59歲,男,3,0
6428,298dd8135b5b36f0,2025/8/26,5,宜蘭縣,冬山鄉,24.622079,121.808652,機車-普通重型,0,20-29歲,女,2,0
6429,be1107d6ee9944cf,2025/6/23,9,新北市,新莊區,25.030989,121.442716,機車-普通重型,0,50-59歲,男,1,0
6430,9ad6d5c270b36a93,2025/8/19,13,桃園市,桃園區,24.993214,121.296672,小客車(含客、貨兩用)-自用,0,40-49歲,男,1,0
6431,280db23ec232fc1e,2025/7/19,13,臺中市,北區,24.17378,120.67204,機車-普通重型,0,20-29歲,男,1,0
6432,8d763830e0144c28,2025/2/28,12,臺南市,北區,23.003486,120.193894,機車-普通重型,0,40-49歲,男,2,0
6433,3ceaf34ce6555011,2025/12/29,7,雲林縣,元長鄉,23.607367,120.354493,機車-普通重型,0,40-49歲,男,2,0
6434,72c41f267d5708fb,2025/6/23,9,彰化縣,埔鹽鄉,23.980551,120.508977,小客車(含客、貨兩用)-自用,0,30-39歲,男,1,0
6435,67f1c9b4da6090fa,2025/7/19,20,臺中市,梧棲區,24.250983,120.539128,機車-普通重型,0,50-59歲,女,1,0
6436,c8c52d3744cea011,2025/4/8,16,臺中市,北區,24.15812,120.687789,機車-普通重型,0,30-39歲,男,1,0
6437,32982dd7a74bfa7f,2025/8/15,14,臺南市,南區,22.97534,120.191019,小貨車-自用,0,50-59歲,女,2,0
6438,ed302e69f6b9d758,2025/7/16,16,嘉義市,西區,23.475019,120.438769,機車-普通重型,0,30-39歲,男,1,0
6439,66057d40c34816a5,2025/8/27,20,臺中市,沙鹿區,24.215384,120.580857,小客車(含客、貨兩用)-自用,0,20-29歲,女,1,0
6440,d499ff72fa0dd68c,2025/6/16,8,桃園市,大園區,25.062252,121.176131,機車-普通重型,0,60歲以上,男,1,0
6441,3e0a0f6cea04c665,2025/8/13,13,新北市,中和區,24.990203,121.525142,小客車(含客、貨兩用)-計程車,0,40-49歲,男,1,0
6442,78b1fee19a7d94e7,2025/5/28,14,嘉義市,西區,23.485533,120.435352,機車-普通重型,0,40-49歲,男,1,0
6443,634798b8e991c8e4,2025/3/28,18,新北市,蘆洲區,25.094503,121.468872,機車-普通重型,0,30-39歲,男,1,0
6444,5e8d6085b07159f6,2025/5/29,21,雲林縣,虎尾鎮,23.716053,120.415571,機車-普通重型,0,40-49歲,男,1,0
6445,94848cf2e9273ce4,2025/1/17,10,桃園市,平鎮,24.944512,121.222069,機車-普通重型,0,60歲以上,男,2,0
6446,299c6f5d54870cc4,2025/11/20,18,臺南市,新市,23.091846,120.282158,機車-普通重型,0,30-39歲,男,1,0
6447,4d9f071d70dcc610,2025/3/17,13,桃園市,楊梅區,24.907028,121.170229,小客車(含客、貨兩用)-自用,0,50-59歲,男,1,0
6448,a72ac51a1232d843,2025/8/2,7,宜蘭縣,員山鄉,24.741151,121.731753,機車-普通重型,0,50-59歲,男,1,0
6449,442d72ad92f2f456,2025/10/9,18,桃園市,平鎮,24.946622,121.200899,小客車(含客、貨兩用)-自用,0,50-59歲,男,1,0
6450,ce69799205ad6dd0,2025/10/26,0,新竹市,香山區,24.783172,120.914312,機車-普通重型,0,40-49歲,男,2,0
6451,b740cd44059a61ec,2025/7/5,10,彰化縣,秀水鄉,24.051137,120.515474,機車-普通重型,0,50-59歲,男,1,0
6452,bac5d0f52b2c2884,2025/10/11,10,南投縣,仁愛鄉,24.015569,121.127096,機車-普通重型,0,50-59歲,男,1,0
6453,d32970af975b9c9c,2025/7/1,16,新北市,土城區,24.979404,121.459129,小客車(含客、貨兩用)-自用,0,20-29歲,男,1,0
6454,2fef880087cebecf,2025/7/30,7,新北市,石碇區,25.010265,121.681652,小客車(含客、貨兩用)-自用,0,20-29歲,男,1,0
6455,8eee459a0a058941,2025/12/1,21,新北市,中和區,25.008194,121.481559,機車-普通重型,0,50-59歲,男,1,0
6456,c9c064c8e27434df,2025/6/17,7,嘉義縣,太保市,23.459295,120.299295,小客車(含客、貨兩用)-自用,0,50-59歲,男,1,0
6457,5537d960bb112577,2025/6/19,9,臺北市,中正區,25.043402,121.514043,小客車(含客、貨兩用)-自用,0,40-49歲,男,1,0
6458,eda92480bafa9cdd,2025/5/8,12,高雄市,苓雅區,22.620913,120.30634,機車-普通重型,0,50-59歲,男,2,0
6459,072d532aefee69c3,2025/6/17,7,臺中市,大里區,24.103136,120.675125,機車-普通重型,0,40-49歲,男,1,0
6460,598bb4c12b844d86,2025/5/14,19,臺南市,南區,22.97599,120.191053,小客車(含客、貨兩用)-自用,0,20-29歲,男,1,0
6461,7e3321d2aa00adc8,2025/2/22,9,彰化縣,埔鹽鄉,24.010256,120.485998,機車-大型重型1(550C.C.以上),0,50-59歲,男,1,0
6462,7523b7163a59842e,2025/7/25,21,臺中市,西區,24.146705,120.655113,機車-普通重型,0,30-39歲,男,1,0
6463,c5602e5aa98a3e4d,2025/6/28,21,桃園市,桃園區,24.998788,121.308495,機車-普通重型,0,30-39歲,男,1,0
6464,f835b2b4e2e604dd,2025/12/21,18,高雄市,大樹區,22.655642,120.41566,小客車(含客、貨兩用)-自用,0,50-59歲,男,1,0
6465,150e368908c29771,2025/10/3,5,臺南市,永康區,23.02233,120.250252,機車-普通重型,0,50-59歲,男,2,0
6466,24cc1f0c79151462,2025/3/14,7,臺中市,豐原區,24.255263,120.731787,機車-普通重型,0,40-49歲,男,2,0
6467,f06fb08cfa4f7398,2025/1/8,18,臺中市,北屯區,24.178236,120.710578,機車-普通重型,0,40-49歲,男,1,0
6468,c165117ea1ef2ac0,2025/7/4,8,新北市,鶯歌區,24.954616,121.354111,人-行人,0,40-49歲,男,1,0
6469,b08464e50eb117aa,2025/9/11,17,臺中市,北屯區,24.180137,120.719611,機車-普通重型,0,40-49歲,男,1,0
6470,c47135972b7a188c,2025/9/16,10,桃園市,中壢區,24.973902,121.259783,機車-普通重型,0,50-59歲,男,1,0
6471,4cd3bb78d7326786,2025/6/24,18,臺南市,安南區,23.03809,120.208048,機車-普通重型,0,30-39歲,男,1,0
6472,544984bdb6cf09d2,2025/11/13,13,新北市,新莊區,25.008875,121.48128,小客車(含客、貨兩用)-自用,0,50-59歲,男,1,0
6473,e60bd5758a9cdc71,2025/12/17,5,嘉義縣,民雄鄉,23.509824,120.486686,小客車(含客、貨兩用)-自用,0,40-49歲,女,1,0
6474,a2840bc753e7f09b,2025/5/16,10,新竹縣,湖口鄉,24.899296,121.056286,慢車-腳踏自行車,0,50-59歲,女,2,0
6475,9125932cc024ef84,2025/8/26,13,嘉義縣,民雄鄉,23.519208,120.4331,機車-普通重型,0,60歲以上,男,2,0
6476,598a12a8ad3e4646,2025/9/19,10,桃園市,中壢區,24.963694,121.257375,機車-普通重型,0,40-49歲,男,1,0
6477,91b7a6a20757b0be,2025/3/30,9,新竹縣,新埔鎮,24.831073,121.034542,機車-普通重型,0,30-39歲,男,1,0
6478,93d1c81cd93bcb8d,2025/11/9,18,臺北市,大同區,25.06283,121.517913,機車-普通重型,0,40-49歲,男,1,0
6479,2fd68c09c1ba9f48,2025/7/17,16,臺中市,西屯區,24.182197,120.621036,小客車(含客、貨兩用)-自用,0,40-49歲,女,1,0
6480,9ef61b4f472e65fd,2025/8/23,17,桃園市,中壢區,24.966291,121.21653,機車-普通輕型,0,50-59歲,男,1,0
6481,fb8532d8308f8bac,2025/11/2,18,雲林縣,斗六市,23.711174,120.543306,小客車(含客、貨兩用)-自用,0,40-49歲,男,1,0
6482,1ae7a77917548e01,2025/1/12,17,新北市,板橋區,25.018586,121.465128,機車-普通重型,0,50-59歲,男,2,0
6483,3dc8ae2a75d647dc,2025/1/20,12,臺北市,大同區,25.067294,121.517669,小客車(含客、貨兩用)-自用,0,40-49歲,男,1,0
6484,d347ef338b1b125e,2025/4/6,15,臺南市,南區,22.981467,120.183216,機車-普通重型,0,50-59歲,男,2,0
6485,77e8ad8261760262,2025/1/9,6,新竹縣,竹北市,24.863338,120.968308,慢車-微型電動二輪車,0,50-59歲,男,2,0
6486,173485ffda477e6b,2025/12/19,21,新北市,永和區,25.005341,121.517174,慢車-腳踏自行車,0,50-59歲,男,2,0
6487,78008a408bd1feab,2025/8/14,12,新竹市,香山區,24.769012,120.914718,機車-普通重型,0,40-49歲,男,2,0
6488,36804ed4d5286a72,2025/4/2,8,臺南市,安定區,23.131748,120.254548,慢車-腳踏自行車,0,40-49歲,男,3,0
6489,66a14903ac6e3dc4,2025/7/9,9,花蓮縣,花蓮市,23.97294,121.609792,機車-普通重型,0,50-59歲,男,1,0
6490,de747df935d6a294,2025/4/11,12,臺南市,安南區,23.046358,120.19059,機車-普通重型,0,50-59歲,男,1,0
6491,e9550f83d89553ab,2025/1/14,16,臺中市,烏日區,24.112868,120.584206,機車-普通重型,0,40-49歲,女,1,0
6492,a2672cbd96df73ea,2025/4/21,13,彰化縣,芳苑鄉,23.996229,120.382684,機車-普通重型,0,60歲以上,男,2,0
6493,b8779eb974c20cf1,2025/11/23,12,新北市,永和區,25.015172,121.515889,機車-普通重型,0,40-49歲,男,3,0
6494,3d8637a0e040b03d,2025/3/31,8,臺中市,潭子區,24.210318,120.686781,未知,0,40-49歲,男,1,0
6495,f2927bb668a48f0f,2025/4/9,8,臺中市,東區,24.140228,120.698332,小客車(含客、貨兩用)-自用,0,40-49歲,男,1,0
6496,87ea4c1e9b4ebd28,2025/3/8,19,新北市,板橋區,25.016919,121.445612,小客車(含客、貨兩用)-自用,0,40-49歲,女,1,0
6497,a4c6e40df79f16e8,2025/10/16,9,臺中市,北屯區,24.197026,120.686633,小客車(含客、貨兩用)-自用,0,50-59歲,男,1,0
6498,df2bf603c1499ca0,2025/9/27,12,高雄市,林園區,22.50383,120.3866,機車-普通重型,0,50-59歲,男,1,0
6499,1f78d895e1d1b305,2025/6/24,7,新竹市,北區,24.808205,120.961717,機車-普通重型,0,50-59歲,男,1,0
6500,27f4f9aef0d6d9bf,2025/7/30,8,桃園市,龜山區,25.047928,121.359696,慢車-腳踏自行車,0,40-49歲,男,1,0
6501,98a46f54e6055aab,2025/9/3,11,臺中市,大雅區,24.229226,120.653965,小客車(含客、貨兩用)-自用,0,40-49歲,男,1,0
6502,7ab6b35bef0acc25,2025/12/24,16,臺中市,南屯區,24.15096,120.648604,小客車(含客、貨兩用)-自用,0,60歲以上,男,1,0
6503,96be64f1a75710b8,2025/10/25,21,桃園市,桃園區,25.00358,121.304574,小客車(含客、貨兩用)-自用,0,50-59歲,男,1,0
6504,44050ef6dabda9e3,2025/1/20,9,新北市,新莊區,25.021022,121.424974,機車-普通重型,0,40-49歲,男,2,0
6505,711de67f4f92e86a,2025/7/8,8,高雄市,前鎮,22.606659,120.305191,機車-普通重型,0,40-49歲,男,1,0
6506,01a09e16e606f0c8,2025/7/21,2,新北市,永和區,25.014433,121.52082,機車-普通重型,0,40-49歲,女,1,0
6507,138111e5bf5815f3,2025/3/17,22,高雄市,大社區,22.731861,120.347436,機車-普通重型,0,30-39歲,男,2,0
6508,0ced312868620a71,2025/4/26,11,臺南市,北區,22.998703,120.204391,機車-普通重型,0,20-29歲,男,1,0
6509,9613d9d53ecc4008,2025/12/19,12,臺南市,北區,23.007111,120.226173,機車-普通重型,0,40-49歲,男,1,0
6510,e05fb9ead35a7757,2025/1/24,12,高雄市,新興區,22.62906,120.3026,機車-普通重型,0,30-39歲,男,2,0
6511,3ace557d2460a38b,2025/8/5,17,臺中市,南區,24.130133,120.675955,慢車-腳踏自行車,0,20-29歲,男,1,0
6512,24c0af227a7d5e9c,2025/9/8,16,桃園市,龜山區,25.062171,121.372175,小客車(含客、貨兩用)-自用,0,50-59歲,男,1,0
6513,cd8f271681c8b6a5,2025/7/21,8,高雄市,三民區,22.63742,120.313581,機車-普通重型,0,40-49歲,男,1,0
6514,d182eb0cd233e03c,2025/4/22,12,新北市,中和區,25.005638,121.478512,小客車(含客、貨兩用)-自用,0,50-59歲,男,1,0
6515,041b5d63cbb06ce5,2025/1/17,14,臺北市,中正區,25.04041,121.508014,小客車(含客、貨兩用)-自用,0,40-49歲,男,2,0
6516,230f64b52a682a36,2025/4/5,8,彰化縣,彰化市,24.065131,120.538638,小客車(含客、貨兩用)-自用,0,40-49歲,男,1,0
6517,0222305ec14e587e,2025/8/20,8,新北市,板橋區,25.02621,121.484011,機車-普通重型,0,40-49歲,男,2,0
6518,b61dba357d531d9e,2025/4/23,7,臺南市,永康區,23.008238,120.241572,大客車-遊覽車,0,30-39歲,男,1,0
6519,6d99295352b72a12,2025/2/3,7,苗栗縣,後龍鎮,24.60198,120.779568,小客車(含客、貨兩用)-自用,0,20-29歲,男,1,0
6520,926f811fa58ab045,2025/2/11,0,雲林縣,臺西鄉,23.735756,120.216813,機車-普通重型,0,50-59歲,男,1,0
6521,5b64cc3ab765adf9,2025/5/5,12,臺中市,北屯區,24.185968,120.666463,機車-普通重型,0,40-49歲,男,2,0
6522,de5b494631dfbf6b,2025/9/29,19,臺中市,大里區,24.106569,120.687456,機車-普通重型,0,40-49歲,男,1,0
6523,122c4269fe0de863,2025/1/12,16,臺北市,松山區,25.050744,121.565146,小客車(含客、貨兩用)-計程車,0,30-39歲,男,2,0
6524,3f41b99349d6f22c,2025/2/20,7,臺南市,學甲區,23.258277,120.187581,機車-普通重型,0,30-39歲,女,1,0
6525,069537223946bc99,2025/3/24,9,彰化縣,二林鎮,23.867986,120.361643,曳引車-自用,0,40-49歲,男,1,0
6526,3320f062da840564,2025/6/6,15,高雄市,鼓山區,22.6566,120.303196,小客車(含客、貨兩用)-自用,0,20-29歲,男,1,0
6527,3047b1d6154fa2e8,2025/9/27,10,臺北市,大安區,25.042351,121.557582,小客車(含客、貨兩用)-自用,0,30-39歲,男,1,0
6528,7ce880f94516c125,2025/7/30,12,高雄市,鳳山區,22.634451,120.369036,機車-普通重型,0,40-49歲,女,3,0
6529,d10e75538637b41e,2025/6/17,17,新北市,中和區,25.003192,121.472424,小客車(含客、貨兩用)-自用,0,30-39歲,男,1,0
6530,d2f3105446bbcaba,2025/4/26,8,臺中市,北屯區,24.174551,120.685577,機車-普通重型,0,50-59歲,男,1,0
6531,71780a89600e8e47,2025/3/28,14,宜蘭縣,羅東鎮,24.677755,121.762941,機車-普通重型,0,60歲以上,男,2,0
6532,2989065c422d654d,2025/5/3,18,高雄市,大社區,22.734493,120.345746,慢車-腳踏自行車,0,50-59歲,男,1,0
6533,caeb8f982aeedbb8,2025/2/27,18,新北市,淡水區,25.154759,121.461296,小客車(含客、貨兩用)-自用,0,40-49歲,男,1,0
6534,56465a7696b69130,2025/5/29,8,高雄市,楠梓區,22.72369,120.3289,機車-普通重型,0,60歲以上,男,2,0
6535,78db10f9944d137c,2025/5/4,15,臺南市,新化區,23.034619,120.308396,機車-普通重型,0,30-39歲,男,2,0
6536,d34b458832c8b7fa,2025/10/30,0,臺中市,中區,24.146257,120.679862,機車-普通重型,0,20-29歲,男,1,0
6537,2e758972a2d04010,2025/1/30,18,彰化縣,埤頭鄉,23.918691,120.460288,機車-普通重型,0,40-49歲,男,2,0
6538,c53dc77c3681cd39,2025/6/11,12,新北市,中和區,24.997844,121.482241,人-行人,0,19歲以下,男,1,0
6539,f9e71c28de1c6cb6,2025/3/14,17,桃園市,桃園區,25.010572,121.306107,機車-普通重型,0,60歲以上,男,1,0
6540,a8e9b8f60ebf5303,2025/12/18,18,新北市,林口區,25.077376,121.396619,小客車(含客、貨兩用)-自用,0,40-49歲,男,1,0
6541,222a067278545630,2025/9/5,13,臺北市,中山區,25.05236,121.532933,小客車(含客、貨兩用)-自用,0,40-49歲,男,1,0
6542,2ed0a49b3c59d8b5,2025/9/17,8,臺中市,南區,24.114114,120.652994,機車-普通重型,0,30-39歲,男,1,0
6543,2b80d3e23095a9e5,2025/5/9,21,桃園市,中壢區,24.978537,121.220215,機車-普通重型,0,40-49歲,男,1,0
6544,364130c136a0e9b1,2025/1/24,20,臺南市,安南區,23.047065,120.20356,小客車(含客、貨兩用)-自用,0,40-49歲,男,1,0
6545,0347c15b42e28e09,2025/4/29,9,高雄市,鳳山區,22.597787,120.335549,機車-普通重型,0,20-29歲,女,1,0
6546,39271d816ca7cd36,2025/6/14,9,臺中市,大里區,24.113307,120.67879,小客車(含客、貨兩用)-自用,0,40-49歲,男,1,0
6547,d43ad3d52312ca2b,2025/4/16,11,新竹市,北區,24.808904,120.966791,機車-普通重型,0,50-59歲,女,1,0
6548,60ac3176f3b167a4,2025/8/30,16,臺南市,南區,22.967338,120.185297,機車-普通重型,0,40-49歲,男,1,0
6549,b9204ace8d7b17e6,2025/1/15,3,桃園市,蘆竹區,25.085165,121.293795,小客車(含客、貨兩用)-自用,0,50-59歲,男,1,0
6550,671c2f60ea2b0432,2025/8/21,11,臺南市,安南區,23.047759,120.18125,機車-普通重型,0,50-59歲,女,1,0
6551,43df96810437e181,2025/7/1,18,澎湖縣,馬公市,23.558404,119.578278,機車-普通重型,0,40-49歲,男,2,0
6552,5534fc8faaa78cd8,2025/8/1,13,宜蘭縣,三星鄉,24.667401,121.683717,機車-普通重型,0,40-49歲,男,1,0
6553,c6c5edc3c5b691f0,2025/12/1,7,新北市,永和區,25.017422,121.518054,機車-普通重型,0,40-49歲,女,1,0
6554,222d3dc8b317c7e1,2025/10/1,14,高雄市,橋頭區,22.737367,120.309972,機車-普通重型,0,50-59歲,男,1,0
6555,8abbae2f00ddfb3f,2025/1/12,7,臺南市,安南區,23.046185,120.188502,小客車(含客、貨兩用)-自用,0,50-59歲,男,1,0
6556,1dbb4abab67c82dd,2025/4/18,11,臺中市,大里區,24.096756,120.695442,機車-普通重型,0,50-59歲,男,3,0
6557,9eb87b0e79adeaa8,2025/12/25,15,南投縣,仁愛鄉,23.999437,121.067053,小客車(含客、貨兩用)-自用,0,30-39歲,女,3,0
6558,c2c2a52a194a4913,2025/5/6,17,臺南市,歸仁區,22.984845,120.278888,機車-普通重型,0,40-49歲,男,1,0
6559,2fe11c56954b7845,2025/8/12,16,臺南市,永康區,23.030171,120.254364,機車-普通重型,0,50-59歲,男,1,0
6560,e65d9657d2c35eb6,2025/1/26,11,新竹縣,竹北市,24.842048,120.998487,慢車-腳踏自行車,0,40-49歲,男,3,0
6561,71ae80ef97507127,2025/9/8,19,雲林縣,北港鎮,23.590565,120.311063,機車-普通重型,0,40-49歲,男,2,0
6562,67136944492740a2,2025/4/22,14,新北市,樹林區,24.952941,121.390205,機車-普通重型,0,40-49歲,男,1,0
6563,d16c30b388b9a2e4,2025/4/18,13,桃園市,中壢區,24.968239,121.202659,小客車(含客、貨兩用)-自用,0,19歲以下,男,1,0
6564,d4974a7b891d671f,2025/4/19,11,新北市,烏來區,24.856573,121.549113,慢車-腳踏自行車,0,50-59歲,男,2,0
6565,eb64bcf0e4c1a726,2025/12/30,17,臺中市,大甲區,24.367826,120.63681,小客車(含客、貨兩用)-自用,0,30-39歲,男,1,0
6566,4dccedff519a8db0,2025/2/24,16,臺南市,中西區,22.98616,120.209897,機車-普通重型,0,50-59歲,男,1,0
6567,43657854c6ea7f45,2025/6/8,12,臺北市,內湖區,25.078792,121.590268,機車-普通重型,0,20-29歲,男,2,0
6568,9a0704d2cec0c947,2025/7/27,21,臺中市,北屯區,24.17086,120.684598,機車-普通重型,0,19歲以下,男,1,0
6569,416a37b7ebc4ca16,2025/6/6,16,高雄市,岡山區,22.7902,120.284972,小客車(含客、貨兩用)-自用,0,50-59歲,男,1,0
6570,d5aa771b7626706a,2025/3/18,8,宜蘭縣,冬山鄉,24.661204,121.776273,大貨車-自用,0,30-39歲,男,1,0
6571,743abe850deba983,2025/6/23,20,桃園市,中壢區,24.964713,121.235631,機車-普通重型,0,50-59歲,女,1,0
6572,218fcb32263f9637,2025/8/4,14,新北市,板橋區,25.009337,121.481575,機車-普通重型,0,50-59歲,男,2,0
6573,6fb58d0d3eda23d2,2025/1/15,13,屏東縣,長治鄉,22.708741,120.521908,小客車(含客、貨兩用)-自用,0,50-59歲,男,1,0
6574,ad53c37ef6277b3b,2025/2/15,15,高雄市,鳳山區,22.600524,120.334907,機車-普通重型,0,20-29歲,男,2,0
6575,69ba855f02a9556b,2025/9/27,7,彰化縣,彰化市,24.08522,120.54194,機車-普通重型,0,20-29歲,男,1,0
6576,9522c08d21cc0828,2025/3/22,14,彰化縣,芬園鄉,24.013696,120.631624,小客車(含客、貨兩用)-自用,0,50-59歲,男,4,0
6577,d895dc6582a7dea4,2025/7/30,14,彰化縣,福興鄉,24.023217,120.425002,小貨車-自用,0,50-59歲,男,1,0
6578,aa332f11b868eecc,2025/9/23,12,新竹市,東區,24.783972,121.014463,小客車(含客、貨兩用)-自用,0,50-59歲,男,1,0
6579,0186ccc160dbe029,2025/11/22,13,雲林縣,莿桐鄉,23.741476,120.494085,小客車(含客、貨兩用)-自用,0,30-39歲,男,1,0
6580,07c7596fc9ea28ca,2025/9/23,21,臺北市,內湖區,25.08332,121.563453,小客車(含客、貨兩用)-自用,0,40-49歲,男,1,0
6581,e3dcc938979b853c,2025/1/15,8,新北市,八里區,25.140571,121.400119,機車-普通重型,0,50-59歲,男,2,0
6582,dffd792f1b7c3dab,2025/6/4,14,臺南市,中西區,22.989321,120.203062,機車-普通重型,0,40-49歲,男,1,0
6583,abff2c9a52c73e64,2025/11/1,0,高雄市,三民區,22.668706,120.329538,小貨車-自用,0,40-49歲,男,1,0
6584,c7c38fda5b0116a2,2025/1/20,7,桃園市,八德區,24.959501,121.295488,機車-普通重型,0,20-29歲,男,1,0
6585,896904736edc5793,2025/8/2,18,桃園市,觀音區,25.028877,121.107037,小客車(含客、貨兩用)-自用,0,30-39歲,男,1,0
6586,9b0d62196dff1c80,2025/11/12,19,臺東縣,太麻里鄉,22.450404,120.942512,小客車(含客、貨兩用)-自用,0,30-39歲,男,1,0
6587,0d3b534808af665d,2025/1/7,17,臺中市,北區,24.162357,120.680799,小客車(含客、貨兩用)-自用,0,30-39歲,男,1,0
6588,000d6f65296ab733,2025/2/21,17,雲林縣,麥寮鄉,23.7968,120.246801,小客車(含客、貨兩用)-自用,0,40-49歲,男,1,0
6589,32b6689d7966c114,2025/4/4,15,臺南市,佳里區,23.157921,120.165477,機車-普通重型,0,50-59歲,男,2,0
6590,71d1d8e9efc1ca24,2025/3/8,12,臺中市,龍井區,24.189864,120.580157,機車-普通重型,0,40-49歲,男,1,0
6591,7d1f2da9527a029d,2025/2/1,18,臺中市,北區,24.163099,120.685456,機車-普通重型,0,50-59歲,男,3,0
6592,f26f67b0e0aafc0c,2025/1/12,16,臺南市,下營區,23.235541,120.261824,機車-普通重型,0,40-49歲,男,3,0
6593,1f604af043127634,2025/11/28,17,屏東縣,里港鄉,22.767682,120.476286,小貨車-自用,0,50-59歲,男,1,0
6594,784e9abc8e154636,2025/1/4,8,臺北市,大安區,25.021901,121.526942,機車-普通重型,0,30-39歲,男,1,0
6595,afd65bb3a7679166,2025/12/19,14,臺中市,西屯區,24.171371,120.646492,小客車(含客、貨兩用)-自用,0,19歲以下,女,1,0
6596,f3d006dc2df98f39,2025/12/25,18,高雄市,鳳山區,22.635979,120.377815,小客車(含客、貨兩用)-自用,0,60歲以上,男,2,0
6597,8bdf94f4e20d53c8,2025/1/30,16,嘉義縣,朴子市,23.453226,120.229359,小客車(含客、貨兩用)-自用,0,30-39歲,女,6,0
6598,6f325a4597a214ed,2025/7/28,10,新北市,中和區,24.993535,121.50611,機車-普通重型,0,60歲以上,男,1,0
6599,a6e57a3a1b03c45f,2025/10/8,0,雲林縣,斗六市,23.725757,120.575872,機車-普通重型,0,40-49歲,男,1,0
6600,e825c5791fe387cb,2025/2/27,18,臺南市,中西區,22.997798,120.194533,機車-普通重型,0,60歲以上,男,1,0
6601,d8868a4368806336,2025/8/3,12,臺北市,信義區,25.03512,121.557576,小客車(含客、貨兩用)-自用,0,20-29歲,男,1,0
6602,fd38f7443378d8fd,2025/9/11,7,桃園市,龍潭區,24.879491,121.24793,小客車(含客、貨兩用)-自用,0,30-39歲,男,1,0
6603,4af020cd52cd191d,2025/2/27,16,新北市,土城區,24.977442,121.437091,小客車(含客、貨兩用)-自用,0,60歲以上,男,1,0
6604,232caa0164576e50,2025/2/27,9,臺東縣,臺東市,22.755679,121.147833,機車-普通重型,0,20-29歲,男,1,0
6605,689db6f0fb3e1486,2025/1/21,16,臺南市,歸仁區,22.974818,120.29033,小貨車-自用,0,40-49歲,男,1,0
6606,55854da848c0a1dd,2025/6/26,8,高雄市,鳳山區,22.595063,120.33911,機車-普通重型,0,50-59歲,女,1,0
6607,3f72a5082397a7f9,2025/1/21,14,臺南市,中西區,23.003413,120.186844,小客車(含客、貨兩用)-自用,0,40-49歲,男,1,0
6608,5a7fd7445e8490a1,2025/8/18,17,臺中市,神岡區,24.262033,120.656248,小客車(含客、貨兩用)-自用,0,40-49歲,男,1,0
6609,62967933fffa0c43,2025/11/2,12,桃園市,蘆竹區,25.042244,121.287648,小客車(含客、貨兩用)-自用,0,40-49歲,男,1,0
6610,53cf2810ee2d9739,2025/10/22,16,苗栗縣,苗栗市,24.562877,120.829552,機車-普通重型,0,40-49歲,男,1,0
6611,a8aba20482e68d57,2025/4/8,7,臺南市,善化區,23.107828,120.269211,機車-普通重型,0,40-49歲,男,1,0
6612,f51025f4f09709c5,2025/1/20,16,彰化縣,溪州鄉,23.818851,120.554707,機車-普通重型,0,50-59歲,女,2,0
6613,8e6872adb337b143,2025/8/25,15,臺北市,中山區,25.048132,121.547632,小客車(含客、貨兩用)-租賃車,0,30-39歲,女,1,0
6614,456ee5b151c64fa1,2025/4/15,6,臺中市,東區,24.141514,120.697178,機車-普通重型,0,50-59歲,男,1,0
6615,6c5a56a234a78f76,2025/6/5,16,新北市,板橋區,25.029396,121.473327,慢車-腳踏自行車,0,19歲以下,男,1,0
6616,500cf350a5e00f8d,2025/12/18,18,桃園市,楊梅區,24.921076,121.068967,大貨車-自用,0,20-29歲,男,1,0
6617,bbd39aba2e834e6f,2025/8/6,19,臺南市,永康區,23.011097,120.246513,機車-普通重型,0,30-39歲,男,2,0
6618,e646fee880d1670b,2025/1/6,18,臺中市,神岡區,24.246696,120.68286,機車-普通重型,0,30-39歲,男,2,0
6619,483a961911f4c6d5,2025/8/15,19,新北市,淡水區,25.173874,121.434374,機車-普通重型,0,50-59歲,男,1,0
6620,eb88f8bb6209accf,2025/12/6,11,花蓮縣,吉安鄉,23.973519,121.578719,小客車(含客、貨兩用)-自用,0,30-39歲,男,1,0
6621,bb39a4d61b77d7af,2025/12/10,10,新北市,三重區,25.060318,121.480036,機車-普通重型,0,30-39歲,女,2,0
6622,30348eb06835cd24,2025/7/2,8,新竹縣,竹北市,24.810623,121.020002,小客車(含客、貨兩用)-自用,0,40-49歲,男,1,0
6623,2c2ffc58f3077e7e,2025/10/13,15,新北市,新莊區,25.044465,121.459357,機車-普通重型,0,20-29歲,男,1,0
6624,bc8a4d9b45dade02,2025/2/6,21,桃園市,桃園區,25.000406,121.285151,小客車(含客、貨兩用)-自用,0,20-29歲,男,1,0
6625,fa66cfdcb4fa5392,2025/6/16,1,彰化縣,鹿港鎮,24.110862,120.456742,小客車(含客、貨兩用)-自用,0,50-59歲,男,1,0
6626,fd9ea74c26931c8c,2025/3/26,20,高雄市,岡山區,22.80016,120.289412,機車-普通重型,0,40-49歲,男,2,0
6627,7a60c13746afbe20,2025/11/24,18,南投縣,仁愛鄉,24.109565,121.21122,小客車(含客、貨兩用)-自用,0,40-49歲,男,2,0
6628,57d2f4f64e6874dc,2025/10/14,16,臺中市,太平區,24.154124,120.733379,機車-普通重型,0,50-59歲,男,2,0
6629,6a32e707d5d332a7,2025/11/22,13,高雄市,鳳山區,22.634925,120.357974,慢車-微型電動二輪車,0,40-49歲,男,2,0
6630,94ae080d9375c686,2025/3/26,21,臺南市,西港區,23.143097,120.192294,機車-普通重型,0,30-39歲,男,1,0
6631,07ca17d3b6ff16ef,2025/4/21,19,臺南市,歸仁區,22.972082,120.297778,機車-普通重型,0,50-59歲,男,1,0
6632,701f8b0a658eefe7,2025/7/12,11,臺南市,學甲區,23.227824,120.175257,小客車(含客、貨兩用)-自用,0,19歲以下,男,1,0
6633,5f8a3dc94f0e313f,2025/5/30,4,臺中市,北屯區,24.172775,120.717407,小客車(含客、貨兩用)-自用,0,50-59歲,男,1,0
6634,d92071e322c961d2,2025/7/30,22,臺中市,北屯區,24.188253,120.686201,機車-普通重型,0,40-49歲,男,1,0
6635,2362b8cdc3c8ce54,2025/2/5,19,新竹市,東區,24.801776,120.965727,機車-普通重型,0,60歲以上,男,2,0
6636,d1255aaa25b93a06,2025/7/18,9,新竹縣,竹北市,24.821468,121.029731,小客車(含客、貨兩用)-自用,0,50-59歲,女,1,0
6637,ade2bdef29af6aea,2025/1/6,14,臺中市,神岡區,24.262879,120.671983,機車-普通重型,0,40-49歲,男,1,0
6638,9d49040b05d3e8fd,2025/5/13,23,新北市,泰山區,25.058785,121.398532,機車-普通重型,0,40-49歲,男,1,0
6639,9155e45d803f54dd,2025/11/11,7,臺南市,安定區,23.092585,120.210008,機車-普通重型,0,40-49歲,男,1,0
6640,f5b273e3808f91b3,2025/2/17,12,新北市,林口區,25.07925,121.369945,小客車(含客、貨兩用)-自用,0,40-49歲,男,1,0
6641,0fe75ea4a4d81291,2025/4/6,17,臺中市,大雅區,24.238955,120.632026,慢車-腳踏自行車,0,40-49歲,男,1,0
6642,6c91431f08d120ab,2025/6/18,18,嘉義市,東區,23.480634,120.453035,小客車(含客、貨兩用)-自用,0,30-39歲,男,1,0
6643,640d1106d3539f1c,2025/3/4,12,新北市,板橋區,25.007392,121.458208,機車-普通重型,0,50-59歲,女,2,0
6644,ee103123036bce15,2025/10/16,17,新北市,林口區,25.066498,121.38084,機車-普通重型,0,40-49歲,男,2,0
6645,c9cc5aa4b29e6861,2025/5/14,5,臺中市,烏日區,24.102515,120.619425,小貨車-自用,0,50-59歲,男,1,0
6646,30c5af4ab3a0a735,2025/2/27,8,彰化縣,彰化市,24.084307,120.553514,機車-普通重型,0,50-59歲,男,2,0
6647,17f0051cde66d1b5,2025/10/14,14,臺中市,西屯區,24.16489,120.661137,小客車(含客、貨兩用)-自用,0,30-39歲,男,1,0
6648,009aef3267e96ce7,2025/7/14,21,臺南市,仁德區,22.926451,120.242045,機車-普通重型,0,50-59歲,女,2,0
6649,e0953c055ea2e05e,2025/5/26,12,南投縣,草屯鎮,23.981517,120.675751,機車-普通重型,0,50-59歲,女,1,0
6650,9592873cdc4608dd,2025/10/20,0,新北市,鶯歌區,24.937127,121.336146,小客車(含客、貨兩用)-自用,0,30-39歲,女,4,0
6651,5705e9242ac764da,2025/4/7,11,嘉義市,西區,23.47557,120.43457,小客車(含客、貨兩用)-自用,0,40-49歲,男,1,0
6652,36bcd875dd450dba,2025/12/31,18,桃園市,桃園區,24.991488,121.281214,小客車(含客、貨兩用)-自用,0,30-39歲,男,1,0
6653,294b245d9fb23839,2025/10/20,13,臺中市,南屯區,24.153576,120.61653,小客車(含客、貨兩用)-自用,0,40-49歲,男,1,0
6654,be6cba7e37022a98,2025/9/5,15,臺中市,西屯區,24.185506,120.617497,小客車(含客、貨兩用)-自用,0,19歲以下,男,1,0
6655,1d5698b1148f4955,2025/12/6,3,桃園市,楊梅區,24.925187,121.145828,機車-普通重型,0,60歲以上,男,1,0
6656,5e044015b8bb6257,2025/3/2,11,桃園市,楊梅區,24.922995,121.147509,小客車(含客、貨兩用)-自用,0,50-59歲,男,1,0
6657,ff2f6dfd5e3d73d0,2025/10/17,9,臺中市,豐原區,24.260421,120.75145,機車-普通重型,0,40-49歲,男,1,0
6658,2f8d4ff9e7b010eb,2025/5/5,21,基隆市,中正區,25.135584,121.786168,未知,0,40-49歲,女,1,0
6659,ed1b7980ddc38f4e,2025/3/24,20,桃園市,中壢區,25.018534,121.202904,機車-普通重型,0,40-49歲,男,1,0
6660,700c171c7fe21b23,2025/2/7,10,臺北市,中正區,25.034448,121.516713,小客車(含客、貨兩用)-自用,0,40-49歲,男,1,0
6661,ff32dc2a5d24ac0d,2025/5/18,14,臺中市,烏日區,24.111464,120.584101,小客車(含客、貨兩用)-自用,0,30-39歲,男,1,0
6662,8b346ad30e9d9380,2025/12/8,7,臺南市,安平區,22.987141,120.187048,機車-普通重型,0,40-49歲,男,2,0
6663,8e67e8ab32f383fb,2025/5/8,8,新北市,土城區,24.98493,121.465203,機車-普通重型,0,40-49歲,男,1,0
6664,82a8ab06654be440,2025/12/26,7,臺中市,北屯區,24.175702,120.718808,機車-普通重型,0,40-49歲,男,1,0
6665,206f2c7ca7d2777c,2025/11/16,12,嘉義縣,大埔鄉,23.279727,120.590937,機車-普通重型,0,20-29歲,男,1,0
6666,6829725ad1fda72f,2025/1/6,6,新竹縣,竹東鎮,24.781296,121.031296,慢車-腳踏自行車,0,40-49歲,男,1,0
6667,044615d7f34ac1d4,2025/3/12,15,嘉義市,東區,23.475536,120.456305,機車-普通重型,0,40-49歲,男,2,0
6668,ef18071a6785c705,2025/7/18,11,新北市,三峽區,24.909446,121.357063,小客車(含客、貨兩用)-自用,0,40-49歲,女,1,0
6669,9b1a0d2fd4d08ef4,2025/5/16,11,新竹縣,竹北市,24.822994,121.011352,小客車(含客、貨兩用)-自用,0,50-59歲,男,1,0
6670,40d349b0533e29fb,2025/6/11,11,臺中市,北屯區,24.173846,120.691748,小客車(含客、貨兩用)-自用,0,50-59歲,女,1,0
6671,50d13ae4499f32ea,2025/8/4,18,屏東縣,竹田鄉,22.602069,120.527892,小客車(含客、貨兩用)-自用,0,50-59歲,男,2,0
6672,47572559f5005f34,2025/7/21,20,彰化縣,溪湖鎮,23.961456,120.481619,機車-普通重型,0,50-59歲,男,1,0
6673,6522684b30356a88,2025/11/4,18,桃園市,中壢區,25.009372,121.20213,小客車(含客、貨兩用)-自用,0,50-59歲,男,1,0
6674,c27e405079d4c030,2025/2/22,17,臺南市,永康區,23.012572,120.266897,小客車(含客、貨兩用)-自用,0,60歲以上,男,1,0
6675,5a049577b458f7a7,2025/11/25,7,臺中市,南區,24.117587,120.653181,未知,0,30-39歲,男,1,0
6676,4a318aa4e57b6198,2025/1/12,16,臺南市,仁德區,22.954141,120.252216,機車-普通重型,0,50-59歲,男,1,0
6677,b2c287b00dab6bac,2025/8/5,14,嘉義市,西區,23.462169,120.447087,小客車(含客、貨兩用)-自用,0,20-29歲,男,1,0
6678,519252c73376fa8a,2025/9/11,20,臺中市,西屯區,24.176136,120.654292,機車-普通重型,0,20-29歲,男,2,0
6679,d31b6a7ecaaa28b9,2025/5/9,19,臺南市,七股區,23.141416,120.145011,機車-普通重型,0,40-49歲,男,1,0
6680,7fa4ccdc792ec0be,2025/6/16,18,臺中市,豐原區,24.251764,120.714847,機車-普通重型,0,40-49歲,男,1,0
6681,345e5075b7020fc8,2025/2/18,18,新北市,蘆洲區,25.076544,121.468733,機車-普通重型,0,40-49歲,男,1,0
6682,fe7b67537aa9e5c7,2025/9/17,15,臺北市,信義區,25.025201,121.559768,小貨車-營業用,0,20-29歲,男,1,0
6683,e45a2416f3975b00,2025/1/11,18,高雄市,旗山區,22.88436,120.4831,人-行人,0,20-29歲,男,1,0
6684,42dfb1eb90d4027a,2025/6/27,13,桃園市,平鎮,24.945818,121.215336,機車-普通重型,0,30-39歲,男,2,0
6685,901fc64bb6de2f5d,2025/8/4,10,屏東縣,屏東市,22.66378,120.478746,小貨車-自用,0,60歲以上,男,1,0
6686,b815ae577ac6c923,2025/1/22,17,新北市,板橋區,25.002335,121.463725,機車-普通重型,0,60歲以上,男,1,0
6687,021a3b6a95b00bd6,2025/1/12,7,臺南市,安定區,23.111044,120.264395,機車-普通重型,0,30-39歲,男,1,0
6688,3567a4046de8c946,2025/7/9,10,基隆市,信義區,25.128624,121.760206,小客車(含客、貨兩用)-自用,0,40-49歲,男,1,0
6689,1dacd972fc75b069,2025/5/22,17,新北市,鶯歌區,24.948342,121.343649,機車-普通重型,0,50-59歲,男,2,0
6690,3f12e00f1784eeae,2025/7/16,8,臺南市,東區,23.000853,120.218712,機車-普通重型,0,40-49歲,男,2,0
6691,4fd41dca31c3df42,2025/5/17,16,高雄市,美濃區,22.886642,120.528754,小客車(含客、貨兩用)-自用,0,50-59歲,男,1,0
6692,6c60db1da9e08037,2025/4/21,10,雲林縣,虎尾鎮,23.722284,120.417169,小客車(含客、貨兩用)-計程車,0,40-49歲,男,1,0
6693,3ea353ed5e05de9e,2025/6/18,11,臺中市,新社區,24.219993,120.79275,小貨車-自用,0,40-49歲,男,2,0
6694,aacbdd6d0f12dcb8,2025/9/2,22,臺南市,仁德區,22.968299,120.255705,小客車(含客、貨兩用)-自用,0,40-49歲,女,1,0
6695,ea20c7ac99a72b4c,2025/7/9,4,新北市,新莊區,25.06781,121.460671,小客車(含客、貨兩用)-租賃車,0,40-49歲,男,1,0
6696,a38744d935636450,2025/7/21,17,彰化縣,員林市,23.96421,120.571569,小客車(含客、貨兩用)-自用,0,50-59歲,女,1,0
6697,af467d558ba29539,2025/10/21,19,南投縣,南投市,23.90756,120.689513,小客車(含客、貨兩用)-自用,0,40-49歲,女,1,0
6698,3024410a170fe9b2,2025/7/8,8,臺南市,新市,23.105729,120.294772,機車-普通重型,0,40-49歲,男,1,0
6699,3049d366cb9c2024,2025/2/15,23,新北市,汐止區,25.068771,121.638698,機車-普通重型,0,50-59歲,男,2,0
6700,a9b3f46e1986adb5,2025/10/15,8,桃園市,中壢區,24.989293,121.254697,小貨車-營業用,0,40-49歲,女,1,0
6701,95d9d74580df15bc,2025/6/24,7,雲林縣,虎尾鎮,23.708452,120.434354,機車-普通重型,0,60歲以上,男,1,0
6702,debb0321d2459ecd,2025/10/23,11,臺中市,北區,24.156083,120.698382,機車-普通重型,0,40-49歲,男,1,0
6703,ca7fef7028a9edf0,2025/12/11,15,新北市,新莊區,25.043718,121.443825,小客車(含客、貨兩用)-自用,0,30-39歲,男,1,0
6704,a32708ee8e2c1d26,2025/6/14,20,雲林縣,斗六市,23.673776,120.535133,小客車(含客、貨兩用)-自用,0,40-49歲,男,1,0
6705,96b7c56219712541,2025/12/13,9,臺南市,安南區,23.022061,120.191988,小客車(含客、貨兩用)-自用,0,60歲以上,男,1,0
6706,b5c1f328012c1508,2025/6/5,18,桃園市,平鎮,24.940254,121.220182,機車-普通重型,0,50-59歲,男,1,0
6707,2cee677790144293,2025/4/17,7,高雄市,岡山區,22.8033,120.2947,機車-普通重型,0,20-29歲,男,1,0
6708,83ddf3c3becbc379,2025/5/20,16,臺中市,潭子區,24.215903,120.702658,機車-普通重型,0,19歲以下,男,2,0
6709,894eeeb49b45582a,2025/7/14,15,南投縣,鹿谷鄉,23.712884,120.780212,小客車(含客、貨兩用)-自用,0,50-59歲,男,2,0
6710,552cad67c0e408e9,2025/8/17,18,新北市,淡水區,25.168078,121.474784,小客車(含客、貨兩用)-自用,0,20-29歲,男,1,0
6711,4aff3bd586b189cb,2025/8/29,10,雲林縣,土庫鎮,23.688993,120.368256,機車-普通重型,0,50-59歲,女,1,0
6712,fc09e96285966a4b,2025/4/9,10,新竹縣,竹東鎮,24.747643,121.083256,小客車(含客、貨兩用)-自用,0,20-29歲,男,1,0
6713,81dcee8d6f56c3b5,2025/2/21,10,新竹縣,竹北市,24.819808,121.023898,機車-普通重型,0,50-59歲,男,2,0
6714,0eba537dff34d3db,2025/12/12,23,臺中市,大肚區,24.156768,120.550058,小客車(含客、貨兩用)-自用,0,30-39歲,男,1,0
6715,89927077d2fc2e45,2025/9/9,18,雲林縣,虎尾鎮,23.720225,120.423035,機車-普通重型,0,40-49歲,男,1,0
6716,798937b9fd88a817,2025/9/8,9,臺南市,北區,23.008564,120.206926,機車-普通重型,0,19歲以下,女,1,0
6717,1da9ac950baf91ec,2025/4/17,18,臺北市,大同區,25.062959,121.515966,機車-普通重型,0,19歲以下,女,1,0
6718,6f6871d5801808a0,2025/2/9,11,高雄市,路竹區,22.863344,120.262352,小客車(含客、貨兩用)-自用,0,19歲以下,女,1,0
6719,6f3171e06ddedfe9,2025/11/9,7,高雄市,三民區,22.640081,120.28532,機車-普通重型,0,50-59歲,男,2,0
6720,b3201ae4f1cd000c,2025/5/17,15,臺南市,北區,22.999118,120.230535,機車-大型重型2(250-550C.C.),0,60歲以上,男,3,0
6721,57cc4ef6cfba2009,2025/3/11,15,桃園市,桃園區,24.97111,121.289691,小客車(含客、貨兩用)-自用,0,30-39歲,女,1,0
6722,3e7c5320bd4e3387,2025/8/9,10,屏東縣,潮州鎮,22.542071,120.529607,小貨車-自用,0,40-49歲,男,1,0
6723,2b13aee580b77d66,2025/8/14,16,高雄市,苓雅區,22.6171,120.3265,機車-普通重型,0,50-59歲,男,1,0
6724,0c35f01a05139460,2025/12/23,19,高雄市,大寮區,22.63535,120.3913,機車-普通重型,0,50-59歲,男,2,0
6725,3057d74e36d9e874,2025/12/29,17,臺中市,大里區,24.110862,120.670239,機車-普通重型,0,60歲以上,男,1,0
6726,e14439d85ce1a3fe,2025/3/7,9,雲林縣,斗六市,23.712265,120.555395,小貨車-營業用,0,50-59歲,男,1,0
6727,f4e8415c7cfa31dd,2025/1/26,9,嘉義市,西區,23.487449,120.437738,機車-普通重型,0,50-59歲,男,1,0
6728,25ba306c586344c9,2025/12/17,7,高雄市,三民區,22.646365,120.34697,機車-普通重型,0,30-39歲,男,2,0
6729,8bb0ee5a93b6e8b6,2025/3/3,17,臺中市,北屯區,24.185355,120.663467,機車-普通重型,0,50-59歲,男,3,0
6730,e71c59e11c8729f4,2025/12/22,17,高雄市,前鎮,22.5859,120.3371,慢車-腳踏自行車,0,40-49歲,男,1,0
6731,6716add198c873d4,2025/1/22,17,桃園市,中壢區,24.968436,121.257464,機車-普通重型,0,20-29歲,男,1,0
6732,1b357d035cf3b7f0,2025/11/28,13,桃園市,中壢區,24.955873,121.246633,小客車(含客、貨兩用)-自用,0,40-49歲,女,1,0
6733,cbf306b2afb14743,2025/6/21,9,彰化縣,彰化市,24.09593,120.545941,機車-普通重型,0,30-39歲,男,1,0
6734,4cf06c6891760502,2025/9/26,12,桃園市,桃園區,25.029048,121.304583,機車-普通重型,0,40-49歲,男,1,0
6735,93585b12f88cf85b,2025/4/12,21,新竹市,東區,24.814203,120.972495,小客車(含客、貨兩用)-自用,0,40-49歲,男,1,0
6736,a29822d81b0f1c0d,2025/2/11,9,彰化縣,和美鎮,24.101458,120.490937,機車-普通重型,0,50-59歲,男,2,0
6737,11c183cd3d75071f,2025/6/6,9,臺中市,東區,24.126384,120.684998,機車-普通重型,0,40-49歲,女,1,0
6738,380ce8db1e930d20,2025/3/3,7,臺南市,白河區,23.349283,120.41081,機車-普通重型,0,30-39歲,男,2,0
6739,d5aad7b525e323c2,2025/2/19,7,桃園市,中壢區,24.954027,121.23795,機車-普通重型,0,40-49歲,女,1,0
6740,ce17ac34cc998a52,2025/11/7,20,彰化縣,員林市,23.962723,120.562935,小客車(含客、貨兩用)-自用,0,20-29歲,男,1,0
6741,b4bf333b898ad049,2025/3/30,17,臺中市,大里區,24.093122,120.689888,機車-普通重型,0,40-49歲,男,1,0
6742,9cc400d142308afb,2025/2/5,20,新北市,永和區,25.005461,121.514538,機車-普通重型,0,50-59歲,男,2,0
6743,c5a75fe265e62cc0,2025/6/3,19,屏東縣,九如鄉,22.7564,120.491905,小客車(含客、貨兩用)-自用,0,50-59歲,男,4,0
6744,537e3abb240fef36,2025/1/8,11,雲林縣,斗六市,23.709382,120.541637,機車-普通重型,0,40-49歲,男,2,0
6745,f993fd8e349b3b41,2025/5/15,8,臺中市,西屯區,24.18558,120.639009,機車-普通重型,0,50-59歲,男,1,0
6746,c0e9a369d9a590ed,2025/7/19,10,彰化縣,彰化市,24.068125,120.544523,機車-普通重型,0,19歲以下,男,2,0
6747,3e6db61c189a624d,2025/1/2,17,臺中市,神岡區,24.274953,120.650365,機車-普通重型,0,60歲以上,女,1,0
6748,a407171328c22fa4,2025/7/27,1,臺中市,大里區,24.096685,120.667059,小客車(含客、貨兩用)-自用,0,40-49歲,男,2,0
6749,348f5e1aca1aee47,2025/1/30,17,臺北市,北投區,25.126198,121.500744,機車-普通重型,0,30-39歲,男,3,0
6750,a7e598ef74cc7e1d,2025/10/21,20,彰化縣,社頭鄉,23.887846,120.61228,機車-普通重型,0,50-59歲,男,1,0
6751,e662f432863a76cd,2025/11/9,12,新北市,中和區,25.000916,121.478271,小客車(含客、貨兩用)-自用,0,20-29歲,男,1,0
6752,a6326b23b5cdfb02,2025/5/10,18,南投縣,南投市,23.916569,120.67831,人-行人,0,30-39歲,女,2,0
6753,1f80dad10593d976,2025/6/14,17,新北市,板橋區,25.011111,121.445833,機車-普通重型,0,50-59歲,男,2,0
6754,2f4dde1bddb6e827,2025/5/12,13,臺中市,北屯區,24.169405,120.724547,機車-普通重型,0,30-39歲,男,2,0
6755,d32ecd65d528a5bb,2025/3/6,15,雲林縣,虎尾鎮,23.696011,120.406401,機車-普通重型,0,60歲以上,男,1,0
6756,d6a9654f64f066f8,2025/12/13,11,臺南市,南區,22.921431,120.18168,機車-普通重型,0,50-59歲,男,2,0
6757,6cdfd6e2f5cf2274,2025/7/11,16,新竹縣,竹北市,24.823212,121.026796,機車-普通重型,0,40-49歲,男,1,0
6758,69521c67c1199327,2025/9/2,16,新北市,新莊區,25.024949,121.424637,機車-普通重型,0,50-59歲,男,2,0
6759,2ff637beb797be75,2025/11/14,16,臺中市,潭子區,24.189563,120.702434,機車-普通重型,0,20-29歲,女,1,0
6760,2bd9203fb113a060,2025/2/15,19,彰化縣,大城鄉,23.853604,120.320893,機車-普通重型,0,20-29歲,男,1,0
6761,ce6de45a4b6f0c0b,2025/2/12,9,臺南市,永康區,23.020071,120.243813,機車-普通重型,0,30-39歲,男,1,0
6762,4bbc49aa4c96940d,2025/5/13,17,南投縣,草屯鎮,23.989153,120.704788,機車-普通重型,0,20-29歲,男,1,0
6763,b2ffef575628c7de,2025/11/19,17,宜蘭縣,宜蘭市,24.754569,121.754395,小客車(含客、貨兩用)-自用,0,60歲以上,男,1,0
6764,8f0d256a97e9e138,2025/4/7,10,嘉義市,東區,23.470446,120.463777,小客車(含客、貨兩用)-計程車,0,40-49歲,男,1,0
6765,82e7a599a2656ed2,2025/9/19,10,臺中市,北區,24.153951,120.684152,小客車(含客、貨兩用)-自用,0,40-49歲,女,1,0
6766,d1486f9ef3896261,2025/1/5,14,臺北市,士林區,25.088707,121.502528,慢車-腳踏自行車,0,40-49歲,女,2,0
6767,5fd66a431dad6641,2025/12/7,17,高雄市,旗山區,22.88201,120.4865,小貨車-自用,0,30-39歲,男,1,0
6768,2851ad24801f7b04,2025/5/4,8,臺南市,北區,23.002984,120.222433,小客車(含客、貨兩用)-自用,0,40-49歲,男,1,0
6769,2cd38db4f91376db,2025/7/3,8,新北市,新莊區,25.041018,121.445345,機車-普通重型,0,30-39歲,男,1,0
6770,ccc7e0c68573b6ed,2025/1/9,8,高雄市,大寮區,22.603903,120.39483,機車-普通重型,0,50-59歲,男,2,0
6771,d1db4a223038a2aa,2025/3/16,11,臺東縣,臺東市,22.767958,121.140361,機車-普通重型,0,60歲以上,男,1,0
6772,b9f09fd49d254012,2025/1/6,17,新竹市,東區,24.79242,121.013791,小客車(含客、貨兩用)-計程車,0,50-59歲,男,1,0
6773,4b2a375745276765,2025/12/26,18,桃園市,蘆竹區,25.089642,121.2748,小客車(含客、貨兩用)-自用,0,40-49歲,女,3,0
6774,61e355600f087190,2025/4/30,18,新北市,鶯歌區,24.971985,121.339221,機車-普通重型,0,40-49歲,男,1,0
6775,50a9ee75db8083d9,2025/12/9,13,高雄市,楠梓區,22.724643,120.300091,小客車(含客、貨兩用)-自用,0,40-49歲,女,1,0
6776,bd9118096186b91d,2025/8/7,10,彰化縣,彰化市,24.086295,120.546651,機車-普通重型,0,20-29歲,男,2,0
6777,c7a9a892e30b0f40,2025/11/23,15,新北市,板橋區,25.035722,121.481216,小客車(含客、貨兩用)-自用,0,50-59歲,男,2,0
6778,e780d82298564009,2025/12/27,11,新竹市,東區,24.810697,120.963709,機車-普通重型,0,40-49歲,女,1,0
6779,1ae9eace5dec0dc5,2025/8/14,15,臺中市,神岡區,24.271754,120.662825,小貨車-自用,0,50-59歲,男,1,0
6780,d40eb3c827a43805,2025/1/22,12,臺南市,永康區,23.007315,120.267785,機車-普通重型,0,40-49歲,女,2,0
6781,bcf63d3a873d3ea9,2025/8/7,16,臺中市,大雅區,24.232826,120.638429,小客車(含客、貨兩用)-自用,0,30-39歲,男,1,0
6782,b7817c6a7955c384,2025/11/6,21,桃園市,桃園區,24.989903,121.30774,人-行人,0,19歲以下,男,2,0
6783,361b62bb33b77914,2025/6/5,10,桃園市,大園區,25.056309,121.180622,機車-普通重型,0,30-39歲,男,1,0
6784,2ba80897249c3cb9,2025/4/15,16,臺南市,永康區,23.000763,120.236414,小客車(含客、貨兩用)-計程車,0,50-59歲,女,1,0
6785,1e71af9544b112cc,2025/4/5,15,宜蘭縣,羅東鎮,24.677755,121.762942,機車-普通重型,0,30-39歲,男,2,0
6786,2be83d75dd7a8e31,2025/11/6,16,屏東縣,內埔鄉,22.653141,120.585467,機車-普通重型,0,30-39歲,男,2,0
6787,ea3b24b0159251de,2025/5/2,8,桃園市,大溪區,24.866533,121.253018,機車-普通重型,0,30-39歲,男,2,0
6788,fb776ccfcaf02c38,2025/10/23,20,彰化縣,埤頭鄉,23.86947,120.503387,小客車(含客、貨兩用)-自用,0,60歲以上,男,3,0
6789,bcb50ce984811a09,2025/8/29,19,新竹縣,竹東鎮,24.760557,121.065713,小客車(含客、貨兩用)-租賃車,0,60歲以上,男,1,0
6790,3a940d8eb74dd92f,2025/11/22,21,新北市,泰山區,25.037404,121.427314,機車-普通重型,0,40-49歲,男,1,0
6791,7006c5d5c5b725e7,2025/11/2,9,新北市,蘆洲區,25.00853,121.480604,機車-普通重型,0,19歲以下,男,2,0
6792,986b5a261b2feaea,2025/2/1,20,新北市,永和區,25.006442,121.516766,慢車-微型電動二輪車,0,50-59歲,男,1,0
6793,de841360175525c5,2025/5/13,16,苗栗縣,頭份市,24.694322,120.912344,機車-普通重型,0,50-59歲,女,1,0
6794,2fe2389e32277144,2025/3/30,23,高雄市,楠梓區,22.723709,120.328992,小客車(含客、貨兩用)-租賃車,0,50-59歲,男,1,0
6795,b8abff44d988828f,2025/2/20,21,彰化縣,鹿港鎮,24.085836,120.481574,機車-普通重型,0,50-59歲,男,3,0
6796,04c561f21862b5a1,2025/2/20,21,新北市,汐止區,25.067421,121.658882,小客車(含客、貨兩用)-自用,0,40-49歲,男,1,0
6797,4dcf5b665c5c2fee,2025/4/14,20,臺南市,永康區,23.022647,120.219606,小客車(含客、貨兩用)-自用,0,20-29歲,男,2,0
6798,c47969ea6da480da,2025/6/13,23,桃園市,中壢區,24.958634,121.238657,機車-普通重型,0,50-59歲,男,3,0
6799,d756e4fbf546445e,2025/3/30,15,高雄市,岡山區,22.790896,120.296154,機車-普通重型,0,50-59歲,男,1,0
6800,a9cb99b531d77e64,2025/9/14,6,宜蘭縣,宜蘭市,24.761029,121.75957,機車-普通重型,0,40-49歲,女,2,0
6801,e2017ab318b78ed1,2025/9/20,5,臺中市,北屯區,24.182036,120.703957,小客車(含客、貨兩用)-自用,0,40-49歲,女,1,0
6802,11ba81c0c849c245,2025/7/27,19,新北市,新莊區,25.031685,121.442275,小客車(含客、貨兩用)-自用,0,60歲以上,男,1,0
6803,8554881d8df2fd37,2025/4/25,17,新北市,五股區,25.056761,121.442516,小客車(含客、貨兩用)-自用,0,50-59歲,男,3,0
6804,1b69331322ba31ca,2025/5/4,18,臺中市,大里區,24.081382,120.702512,小客車(含客、貨兩用)-自用,0,20-29歲,男,1,0
6805,a5a8342b9351cb99,2025/7/9,18,新竹市,東區,24.785833,121.016248,小客車(含客、貨兩用)-自用,0,60歲以上,男,1,0
6806,906f7f160e10fd81,2025/4/25,17,屏東縣,崁頂鄉,22.503124,120.48184,慢車-腳踏自行車,0,19歲以下,男,2,0
6807,e0b6cdfbcc2c6673,2025/12/29,7,臺中市,烏日區,24.103175,120.641685,機車-普通重型,0,50-59歲,男,1,0
6808,e9b26b063069d726,2025/1/14,19,臺南市,中西區,22.997974,120.200277,機車-普通重型,0,40-49歲,男,1,0
6809,45fbc04ff95c0449,2025/6/21,19,新北市,板橋區,25.008436,121.455592,人-行人,0,40-49歲,男,1,0
6810,2f572d5c2e619074,2025/9/19,18,桃園市,楊梅區,24.912768,121.183998,小客車(含客、貨兩用)-自用,0,30-39歲,男,1,0
6811,d41ad63cddffce6b,2025/7/15,17,桃園市,八德區,24.982606,121.312014,機車-普通重型,0,50-59歲,女,1,0
6812,6a09f90e53d83aeb,2025/1/22,16,臺中市,北區,24.150176,120.676304,小客車(含客、貨兩用)-自用,0,60歲以上,女,1,0
6813,9938d5af69ce73d2,2025/2/4,8,臺中市,龍井區,24.214443,120.534686,小客車(含客、貨兩用)-自用,0,40-49歲,女,1,0
6814,50d8e96c66bf2761,2025/5/23,9,桃園市,平鎮,24.944067,121.197305,小客車(含客、貨兩用)-自用,0,40-49歲,女,1,0
6815,f47ed96ec6a20747,2025/5/15,17,新竹市,北區,24.84095,120.932642,機車-普通重型,0,19歲以下,男,2,0
6816,b536dcf3461db59d,2025/10/9,9,臺北市,大安區,25.021818,121.550924,機車-普通重型,0,30-39歲,男,2,0
6817,93430b2e10c3c596,2025/6/30,7,彰化縣,埤頭鄉,23.911699,120.46949,機車-普通重型,0,20-29歲,男,1,0
6818,485ae6092012f150,2025/10/13,10,臺中市,西屯區,24.178167,120.66739,機車-普通重型,0,19歲以下,男,1,0
6819,052f773b3ca2e44c,2025/1/7,8,新竹縣,湖口鄉,24.873253,121.025648,機車-普通重型,0,40-49歲,男,2,0
6820,0a0d0e0428569708,2025/2/21,9,雲林縣,莿桐鄉,23.755918,120.499384,機車-普通重型,0,20-29歲,男,2,0
6821,14c42424e776b594,2025/3/18,21,桃園市,大園區,25.070967,121.197046,小客車(含客、貨兩用)-租賃車,0,50-59歲,男,1,0
6822,1c5956773c1baf1b,2025/2/22,15,臺中市,梧棲區,24.23271,120.545927,機車-普通重型,0,50-59歲,男,1,0
6823,42290f888e33b7df,2025/3/7,7,花蓮縣,花蓮市,23.995007,121.573588,機車-普通重型,0,60歲以上,男,2,0
6824,f9283cbf72ae46ca,2025/4/25,15,高雄市,小港區,22.57014,120.3616,小客車(含客、貨兩用)-自用,0,60歲以上,男,1,0
6825,8e875efc7cc5474d,2025/12/12,17,彰化縣,彰化市,24.073815,120.536491,小客車(含客、貨兩用)-自用,0,19歲以下,男,1,0
6826,0bf22d3ab75423b5,2025/8/30,16,臺南市,東區,22.980312,120.223644,機車-普通重型,0,30-39歲,男,1,0
6827,bf7e8057966e0de2,2025/1/8,11,南投縣,草屯鎮,23.982369,120.685603,機車-普通重型,0,20-29歲,男,1,0
6828,f4e3b16ff1610c14,2025/4/13,15,南投縣,草屯鎮,23.999821,120.812671,小客車(含客、貨兩用)-自用,0,20-29歲,男,2,0
6829,cb29f76ad808456c,2025/4/3,8,新北市,中和區,24.99244,121.523055,機車-普通重型,0,30-39歲,男,1,0
6830,724e91ad78a3e68e,2025/2/10,17,澎湖縣,馬公市,23.574135,119.580133,機車-普通重型,0,60歲以上,男,1,0
6831,fe33f8433d285d80,2025/8/27,7,高雄市,大寮區,22.644482,120.422449,機車-普通重型,0,40-49歲,男,2,0
6832,6163a75d265ac400,2025/5/14,11,彰化縣,埔鹽鄉,23.980966,120.484505,機車-普通重型,0,30-39歲,男,1,0
6833,bcfbb444c7037669,2025/1/6,19,高雄市,大寮區,22.60419,120.3959,小客車(含客、貨兩用)-自用,0,30-39歲,男,1,0
6834,613404dcf31b0c6c,2025/10/24,10,雲林縣,斗六市,23.726106,120.587483,機車-普通重型,0,50-59歲,男,1,0
6835,8bf2288d8f2d3c2d,2025/10/21,21,嘉義市,西區,23.482373,120.42078,機車-普通重型,0,40-49歲,男,1,0
6836,3ab95acb10f9d80d,2025/2/17,11,臺北市,中正區,25.045886,121.530788,人-行人,0,40-49歲,男,2,0
6837,48c8e897b2918d55,2025/6/26,22,臺北市,大同區,25.07212,121.510547,小客車(含客、貨兩用)-計程車,0,50-59歲,男,1,0
6838,8a66f76ff556626a,2025/12/26,22,彰化縣,北斗鎮,23.849075,120.56645,機車-普通重型,0,20-29歲,男,1,0
6839,8f77cb109874526f,2025/7/14,17,臺中市,南屯區,24.1426,120.647775,小客車(含客、貨兩用)-自用,0,40-49歲,男,2,0
6840,4901096347895670,2025/7/31,19,苗栗縣,後龍鎮,24.616097,120.790887,小貨車-自用,0,40-49歲,女,1,0
6841,1bb74b1673435602,2025/4/17,17,臺南市,安南區,23.026161,120.193622,機車-普通重型,0,30-39歲,女,1,0
6842,bfdc626ff2e72ac3,2025/6/1,23,新北市,土城區,24.984318,121.442548,小客車(含客、貨兩用)-營業用,0,60歲以上,男,1,0
6843,831bd4644948314d,2025/9/29,15,新北市,泰山區,25.061392,121.4408,機車-普通重型,0,40-49歲,男,2,0
6844,762393c4e3d2ebf2,2025/7/27,10,臺南市,南區,22.921578,120.184663,機車-普通重型,0,40-49歲,男,1,0
6845,deb04db0b9701365,2025/12/20,21,新竹縣,竹北市,24.814113,121.016085,小客車(含客、貨兩用)-自用,0,60歲以上,男,1,0
6846,43975b6e71a3c9aa,2025/1/18,16,臺中市,西屯區,24.184562,120.644741,小客車(含客、貨兩用)-自用,0,50-59歲,男,1,0
6847,13389e0ce463284e,2025/12/10,17,彰化縣,埔鹽鄉,23.98957,120.46749,機車-普通重型,0,50-59歲,男,2,0
6848,a3663e4c907caa36,2025/7/5,13,臺中市,北區,24.153151,120.68438,機車-普通重型,0,60歲以上,男,1,0
6849,4c64dd1abc06f9d8,2025/1/24,14,高雄市,大寮區,22.62076,120.4052,機車-普通重型,0,20-29歲,女,1,0
6850,dd06d69f11c98cbf,2025/4/23,7,新北市,板橋區,25.033853,121.475576,機車-普通重型,0,30-39歲,女,2,0
6851,ae48b8df6681b1af,2025/4/2,21,臺南市,永康區,23.00813,120.246342,機車-普通重型,0,40-49歲,女,1,0
6852,4336597ffb647271,2025/6/20,17,臺南市,學甲區,23.216793,120.202355,小客車(含客、貨兩用)-自用,0,40-49歲,男,1,0
6853,5ec28dece53c87ff,2025/9/9,18,新北市,新莊區,25.043778,121.453318,小客車(含客、貨兩用)-自用,0,40-49歲,男,1,0
6854,1f1ed91e9c38e2d3,2025/11/21,7,雲林縣,四湖鄉,23.63734,120.220669,機車-普通重型,0,50-59歲,男,1,0
6855,dc8de9d970fd869c,2025/10/29,8,雲林縣,北港鎮,23.57463,120.300047,小客車(含客、貨兩用)-自用,0,50-59歲,男,3,0
6856,55775cbe27c0d799,2025/11/27,19,新竹市,東區,24.7695,121.02727,機車-普通重型,0,30-39歲,男,1,0
6857,afe59b3f1f499f24,2025/11/6,7,桃園市,平鎮,24.919467,121.22958,小貨車-自用,0,50-59歲,男,1,0
6858,35eac33845093ed7,2025/5/19,23,新竹市,北區,24.821999,120.970044,慢車-腳踏自行車,0,60歲以上,男,1,0
6859,4968c5d7042e91bb,2025/1/28,16,臺南市,永康區,23.001071,120.266258,機車-普通重型,0,30-39歲,男,1,0
6860,df26a5434db7692c,2025/11/14,18,屏東縣,屏東市,22.672839,120.48049,機車-普通重型,0,50-59歲,男,1,0
6861,e5be5451e97e9c10,2025/12/6,17,臺中市,西屯區,24.199884,120.656504,小客車(含客、貨兩用)-自用,0,40-49歲,男,1,0
6862,a572bc4b46674802,2025/4/28,7,臺南市,中西區,22.991932,120.209004,機車-普通重型,0,40-49歲,女,1,0
6863,65b07d6ace2ef4c7,2025/10/6,16,彰化縣,永靖鄉,23.933121,120.554614,慢車-腳踏自行車,0,30-39歲,男,1,0
6864,bd54e2140084485f,2025/3/6,10,新北市,三重區,25.064461,121.466275,機車-普通重型,0,20-29歲,男,2,0
6865,73ff00e05b82f4b8,2025/7/2,17,臺北市,大安區,25.024728,121.546935,小客車(含客、貨兩用)-計程車,0,30-39歲,女,1,0
6866,8f28209a42b36d39,2025/5/20,16,高雄市,大寮區,22.612344,120.391061,小客車(含客、貨兩用)-自用,0,50-59歲,男,1,0
6867,1ecb7249970bab87,2025/1/20,13,臺南市,善化區,23.132331,120.305386,機車-普通重型,0,40-49歲,女,1,0
6868,8e2c90316cf4d38a,2025/6/18,6,高雄市,前鎮,22.605932,120.327508,機車-普通重型,0,40-49歲,男,1,0
6869,59d5f03f9d2e59ff,2025/7/18,18,臺南市,中西區,22.986201,120.20992,小客車(含客、貨兩用)-自用,0,50-59歲,男,1,0
6870,c49a322b72cefa70,2025/7/31,19,臺中市,西屯區,24.178628,120.641205,機車-普通重型,0,40-49歲,男,3,0
6871,e4c56a29b6472445,2025/5/23,8,南投縣,南投市,23.908707,120.686549,機車-普通重型,0,60歲以上,男,2,0
6872,8fb6a5d9dfed5715,2025/7/24,16,臺北市,中山區,25.04996,121.543373,慢車-腳踏自行車,0,40-49歲,男,1,0
6873,a856ee73cc65bf7d,2025/9/22,11,桃園市,桃園區,24.996152,121.317399,機車-普通重型,0,30-39歲,男,1,0
6874,b40abe65b2039d26,2025/9/5,22,臺南市,永康區,23.017186,120.262971,機車-普通重型,0,40-49歲,女,1,0
6875,df5eca6ce1481bbe,2025/9/14,13,臺北市,士林區,25.089324,121.52131,小客車(含客、貨兩用)-自用,0,40-49歲,女,1,0
6876,1d8fa37da64066f5,2025/12/20,8,新竹市,東區,24.771228,121.013041,小客車(含客、貨兩用)-自用,0,40-49歲,女,1,0
6877,260dc2d5097ff396,2025/8/11,17,臺南市,南區,22.958808,120.190325,大貨車-自用,0,40-49歲,男,1,0
6878,9ff2bc7be55c09cf,2025/4/16,20,新竹縣,湖口鄉,24.920536,121.05527,機車-普通重型,0,50-59歲,男,2,0
6879,b8cc726651cd41ea,2025/1/5,9,桃園市,桃園區,24.996314,121.308003,小客車(含客、貨兩用)-自用,0,50-59歲,男,1,0
6880,c9a249d7b7589bb6,2025/1/26,11,臺南市,安南區,23.04509,120.192286,機車-普通重型,0,40-49歲,男,2,0
6881,b26e84855392dee6,2025/4/27,18,彰化縣,大村鄉,24.001774,120.545239,機車-普通重型,0,20-29歲,男,1,0
6882,1e1d47e510107381,2025/4/16,8,雲林縣,虎尾鎮,23.716686,120.440433,機車-普通重型,0,40-49歲,女,5,0
6883,e93e8c94aaff7cc4,2025/8/24,16,屏東縣,南州鄉,22.491739,120.537772,機車-普通重型,0,40-49歲,男,1,0
6884,ad5eee8862489b1b,2025/3/14,7,新北市,汐止區,25.061916,121.653422,機車-普通重型,0,50-59歲,男,1,0
6885,e4bcff7e59c92952,2025/1/4,14,新北市,三重區,25.060956,121.493363,機車-普通重型,0,60歲以上,男,1,0
6886,a6940e889107e2ab,2025/2/24,17,桃園市,楊梅區,24.922715,121.185554,機車-普通重型,0,40-49歲,男,2,0
6887,42ef5e21ae91378e,2025/1/3,15,雲林縣,虎尾鎮,23.70098,120.429527,慢車-腳踏自行車,0,20-29歲,男,2,0
6888,845539b4ede94340,2025/8/19,9,臺南市,新營區,23.29899,120.295597,慢車-腳踏自行車,0,40-49歲,女,1,0
6889,9e85695a9792c0d8,2025/2/28,12,彰化縣,北斗鎮,23.868206,120.525142,機車-普通重型,0,40-49歲,男,2,0
6890,e633e068d4b09a20,2025/10/9,17,臺中市,南區,24.125662,120.652275,小客車(含客、貨兩用)-自用,0,50-59歲,女,1,0
6891,c0d8a6d80cf34645,2025/8/14,6,宜蘭縣,宜蘭市,24.7581,121.757887,機車-普通重型,0,40-49歲,男,2,0
6892,246eed6f827a9365,2025/6/30,17,臺中市,潭子區,24.211671,120.700524,機車-普通重型,0,40-49歲,男,2,0
6893,3fa9643770a6ef1f,2025/2/19,18,彰化縣,鹿港鎮,24.050173,120.436861,機車-普通重型,0,30-39歲,男,3,0
6894,6104a5e3a5181576,2025/10/15,8,嘉義市,東區,23.480581,120.453077,機車-普通重型,0,60歲以上,女,1,0
6895,54f6db71ef20c0bb,2025/1/25,21,臺北市,萬華區,25.038917,121.502627,機車-普通重型,0,20-29歲,男,2,0
6896,df6f1023595c35a2,2025/7/18,20,臺中市,北屯區,24.188906,120.670395,慢車-腳踏自行車,0,50-59歲,男,1,0
6897,fac278a603de199f,2025/5/7,7,高雄市,鳥松區,22.666828,120.373688,小客車(含客、貨兩用)-自用,0,40-49歲,男,1,0
6898,00b4f42e4c3eba0c,2025/10/12,8,臺中市,大雅區,24.221356,120.650001,機車-普通重型,0,20-29歲,男,2,0
6899,d31d7be08150a089,2025/4/1,7,基隆市,仁愛區,25.128431,121.739016,小客車(含客、貨兩用)-自用,0,60歲以上,男,1,0
6900,5231fd833bfb0547,2025/5/26,1,新北市,金山區,25.248907,121.634445,機車-普通重型,0,40-49歲,男,3,0
6901,b52ca3a28b3f0a26,2025/8/31,19,彰化縣,彰化市,24.083889,120.551638,小客車(含客、貨兩用)-自用,0,40-49歲,男,1,0
6902,e53ca8ab01e43519,2025/7/26,13,臺中市,西屯區,24.16135,120.651598,機車-普通重型,0,40-49歲,男,2,0
6903,7d8068b59ea53a13,2025/4/26,16,雲林縣,斗六市,23.724267,120.557416,機車-普通重型,0,30-39歲,男,1,0
6904,8078f9ad9c04ccf1,2025/11/17,16,雲林縣,虎尾鎮,23.724762,120.407598,機車-普通重型,0,30-39歲,男,1,0
6905,07a120c24e6fe2fa,2025/4/17,12,高雄市,岡山區,22.80194,120.2928,小客車(含客、貨兩用)-自用,0,40-49歲,男,1,0
6906,e0cee11a752a88c1,2025/3/23,7,桃園市,龜山區,24.997234,121.343174,小貨車-租賃小貨車,0,30-39歲,男,1,0
6907,4d62ede58c6fa79d,2025/10/15,12,高雄市,苓雅區,22.626275,120.340311,機車-普通重型,0,40-49歲,女,2,0
6908,f9e6b7b5f0c718f4,2025/5/26,6,臺中市,北屯區,24.198594,120.775487,小客車(含客、貨兩用)-自用,0,30-39歲,男,3,0
6909,b23c7c4c9b95d4d3,2025/5/18,11,嘉義市,東區,23.46967,120.4577,機車-普通重型,0,40-49歲,男,4,0
6910,74b5e4cf04a71a7e,2025/9/11,13,新北市,三重區,25.083175,121.49213,大客車-民營公車,0,40-49歲,男,1,0
6911,b007b4c55e106526,2025/4/7,10,花蓮縣,吉安鄉,23.98781,121.586305,小貨車-自用,0,50-59歲,男,1,0
6912,8eaf337e02b0b45c,2025/8/5,12,嘉義縣,竹崎鄉,23.508871,120.543897,小貨車-自用,0,40-49歲,男,1,0
6913,a38fc8046f4b553b,2025/12/18,7,高雄市,小港區,22.571587,120.374673,機車-普通重型,0,20-29歲,男,1,0
6914,8bef2d90515d06cf,2025/10/5,17,新北市,五股區,25.110549,121.455917,機車-普通重型,0,50-59歲,男,1,0
6915,1f8bc9c209a3803d,2025/12/28,18,臺中市,太平區,24.138659,120.744153,機車-大型重型2(250-550C.C.),0,40-49歲,女,1,0
6916,0f314efc8913609e,2025/6/21,9,臺中市,烏日區,24.105785,120.633177,小貨車-自用,0,50-59歲,男,1,0
6917,7c1b7eda59e5984a,2025/8/12,16,臺中市,太平區,24.152491,120.711311,機車-普通重型,0,30-39歲,男,2,0
6918,8e798fc9e589d1ea,2025/5/14,18,新竹縣,竹東鎮,24.767173,121.05598,機車-普通重型,0,50-59歲,男,1,0
6919,4ebf41eee0c64005,2025/6/9,15,南投縣,埔里鎮,23.969669,120.954031,機車-普通重型,0,60歲以上,男,5,0
6920,acede8e5c109a5f7,2025/9/23,7,高雄市,前鎮,22.60751,120.325873,機車-普通重型,0,30-39歲,女,1,0
6921,e082619c7418a839,2025/3/6,2,高雄市,鳳山區,22.61651,120.3533,小客車(含客、貨兩用)-自用,0,40-49歲,男,1,0
6922,33c046adf7f9cab4,2025/7/15,20,臺中市,太平區,24.149013,120.721547,機車-普通重型,0,50-59歲,男,1,0
6923,55fdd627fb44c773,2025/9/25,12,高雄市,三民區,22.640497,120.313839,小客車(含客、貨兩用)-自用,0,60歲以上,女,1,0
6924,17a11fe2a6c78a49,2025/6/17,15,臺中市,大里區,24.088559,120.702239,機車-普通重型,0,40-49歲,男,1,0
6925,e5c4f69512442edb,2025/7/1,11,桃園市,桃園區,24.98686,121.28216,機車-普通重型,0,60歲以上,男,1,0
6926,1a82a1d173cf51d8,2025/12/3,17,臺中市,梧棲區,24.250482,120.534328,機車-普通重型,0,50-59歲,男,1,0
6927,dd6731bff78e6e9e,2025/10/28,11,新北市,泰山區,25.061849,121.44182,小客車(含客、貨兩用)-自用,0,30-39歲,女,1,0
6928,bda43c15ce9e4f06,2025/8/3,10,新北市,石門區,25.009415,121.481366,機車-普通重型,0,40-49歲,男,1,0
6929,03a86fd253708e28,2025/9/8,6,新竹市,東區,24.820894,120.981048,小客車(含客、貨兩用)-自用,0,40-49歲,男,1,0
6930,15721d37aa84e8ed,2025/1/22,18,新北市,汐止區,25.067667,121.630487,機車-普通重型,0,40-49歲,女,1,0
6931,97c49a6b9730b7a9,2025/6/18,17,雲林縣,莿桐鄉,23.75724,120.501317,機車-普通重型,0,30-39歲,男,2,0
6932,13886574fc3b11b1,2025/1/1,18,高雄市,新興區,22.627469,120.301495,機車-普通重型,0,20-29歲,男,1,0
6933,9b9efdfffa0c072d,2025/3/22,14,桃園市,大溪區,24.922068,121.294631,機車-普通重型,0,50-59歲,男,3,0
6934,fb2dd65ee245c75d,2025/7/19,17,嘉義市,東區,23.476987,120.460687,小貨車-自用,0,20-29歲,女,1,0
6935,a97e50d61b4abc5f,2025/3/24,7,臺中市,西區,24.149149,120.672087,小客車(含客、貨兩用)-自用,0,50-59歲,男,2,0
6936,ae341c1876a2e3a0,2025/2/18,8,新北市,中和區,25.005751,121.478911,機車-普通重型,0,30-39歲,女,1,0
6937,f0cb39f509b7c2d5,2025/8/27,18,彰化縣,鹿港鎮,24.069627,120.436226,未知,0,40-49歲,男,1,0
6938,e25a63e6752db64c,2025/7/14,18,臺東縣,臺東市,22.753287,121.115019,小貨車-自用,0,20-29歲,男,1,0
6939,6bad772380891a8c,2025/2/3,10,臺南市,北區,23.00034,120.206438,機車-普通重型,0,50-59歲,男,1,0
6940,beddb84d63315e39,2025/9/14,11,臺中市,南屯區,24.136049,120.654535,機車-普通重型,0,20-29歲,女,1,0
6941,ac66fb3bab7c3df0,2025/3/13,11,臺南市,中西區,22.99087,120.202495,小客車(含客、貨兩用)-自用,0,40-49歲,男,1,0
6942,3eb570d8d8d78792,2025/10/21,11,臺中市,北屯區,24.203421,120.694098,機車-普通重型,0,60歲以上,男,1,0
6943,fc5a94d9dfa37847,2025/8/30,16,臺中市,北屯區,24.172177,120.685498,機車-普通重型,0,30-39歲,男,1,0
6944,ca62e00cc7fe2e0d,2025/8/24,17,臺南市,安南區,23.028792,120.190565,小客車(含客、貨兩用)-自用,0,30-39歲,男,1,0
6945,73cc4f47b142a3d3,2025/3/26,10,臺南市,新營區,23.305972,120.313597,機車-普通重型,0,50-59歲,男,2,0
6946,bb49f25d84f5625e,2025/9/9,7,嘉義市,東區,23.474643,120.45783,機車-普通重型,0,30-39歲,男,1,0
6947,672d0dd89deaf28e,2025/5/24,16,新北市,板橋區,25.018586,121.465128,小客車(含客、貨兩用)-自用,0,40-49歲,男,2,0
6948,a8c394cc093c2168,2025/6/6,16,彰化縣,鹿港鎮,24.058175,120.432765,機車-普通重型,0,30-39歲,女,2,0
6949,f5e8a56e434fc88f,2025/6/30,14,臺中市,太平區,24.125917,120.713444,機車-普通重型,0,19歲以下,女,1,0
6950,56af1437524abf14,2025/11/23,8,嘉義市,東區,23.484124,120.469022,慢車-電動輔助自行車,0,20-29歲,男,1,0
6951,48368b12770f02fd,2025/4/19,8,臺中市,神岡區,24.232686,120.694895,機車-普通重型,0,40-49歲,男,1,0
6952,c0b93a5f8db0b115,2025/1/8,11,嘉義市,西區,23.468211,120.442957,機車-普通重型,0,20-29歲,男,2,0
6953,eb21dffe4a047c49,2025/10/16,11,高雄市,前鎮,22.611185,120.329789,機車-普通重型,0,40-49歲,男,1,0
6954,03a6ff4f18d9de73,2025/4/8,9,臺中市,西區,24.146726,120.652997,機車-普通重型,0,30-39歲,男,2,0
6955,8a8cf1155ccb9af2,2025/11/19,19,新竹市,東區,24.775043,121.012739,機車-普通重型,0,50-59歲,女,1,0
6956,fdcbe0811ffb381a,2025/6/25,17,宜蘭縣,宜蘭市,24.751872,121.747748,機車-普通重型,0,50-59歲,男,1,0
6957,4fc648a649aab899,2025/10/17,16,桃園市,龍潭區,24.867187,121.224452,小客車(含客、貨兩用)-計程車,0,40-49歲,女,1,0
6958,c5349f1344539079,2025/3/4,18,新北市,八里區,25.155288,121.40429,小客車(含客、貨兩用)-自用,0,50-59歲,女,1,0
6959,1a748209674bf430,2025/5/13,12,花蓮縣,壽豐鄉,23.910079,121.532958,機車-普通重型,0,60歲以上,男,2,0
6960,45a0fcb8f9e79c57,2025/2/20,16,新北市,新店區,24.979237,121.543564,機車-普通重型,0,50-59歲,男,1,0
6961,45c2faa7eeba2d5a,2025/7/26,17,彰化縣,社頭鄉,23.897972,120.589731,機車-普通重型,0,50-59歲,男,2,0
6962,6d1df63f3776f711,2025/5/12,7,高雄市,三民區,22.64805,120.309,人-行人,0,40-49歲,男,2,0
6963,22be38b366eaf27d,2025/3/23,10,彰化縣,鹿港鎮,24.062028,120.431758,機車-普通重型,0,30-39歲,女,1,0
6964,e56134419aa1b84e,2025/12/5,8,臺南市,佳里區,23.155209,120.179209,小客車(含客、貨兩用)-自用,0,50-59歲,男,1,0
6965,e8787c9223522091,2025/3/23,15,臺中市,清水區,24.270774,120.579611,小客車(含客、貨兩用)-自用,0,50-59歲,男,1,0
6966,935e24e56c9c669f,2025/11/11,7,新北市,三重區,25.061472,121.503261,機車-普通重型,0,50-59歲,男,1,0
6967,91f23c843d3ee692,2025/11/27,14,臺南市,東區,22.982493,120.216761,小客車(含客、貨兩用)-自用,0,60歲以上,男,1,0
6968,1bf5a594a2b59159,2025/9/20,16,臺南市,東區,22.985005,120.227909,機車-普通重型,0,50-59歲,男,2,0
6969,96a3f17d9b77b515,2025/12/11,8,臺北市,南港區,25.057873,121.605313,小客車(含客、貨兩用)-自用,0,40-49歲,女,1,0
6970,12378c2503261495,2025/9/28,9,新北市,新莊區,25.019477,121.423854,機車-普通重型,0,40-49歲,男,1,0
6971,ea8d98058857e7bf,2025/5/21,15,屏東縣,屏東市,22.677417,120.481805,機車-普通重型,0,40-49歲,男,2,0
6972,a2c1307d6fe88006,2025/7/17,17,桃園市,楊梅區,24.934887,121.086066,機車-普通重型,0,30-39歲,女,1,0
6973,f4eb7019eb4f2627,2025/6/7,23,彰化縣,彰化市,24.069846,120.517055,機車-普通重型,0,20-29歲,男,1,0
6974,fed92789c243c5eb,2025/6/22,13,新竹縣,寶山鄉,24.747353,120.976739,小客車(含客、貨兩用)-自用,0,60歲以上,男,4,0
6975,6fe28b4ef617a5f4,2025/4/9,6,新北市,五股區,25.056761,121.442516,機車-普通重型,0,50-59歲,男,1,0
6976,73d8322dcf90d197,2025/4/3,6,臺中市,大里區,24.102324,120.700999,機車-普通重型,0,20-29歲,女,2,0
6977,ec1ed9b6bba08b67,2025/4/2,16,臺中市,沙鹿區,24.243217,120.562705,機車-普通重型,0,50-59歲,男,3,0
6978,4f01890c8bc345b6,2025/12/15,21,桃園市,大溪區,24.881153,121.290313,機車-普通重型,0,40-49歲,男,2,0
6979,e48c39443d9d79c8,2025/9/16,16,嘉義縣,朴子市,23.465579,120.244742,機車-普通重型,0,30-39歲,男,2,0
6980,22a2a1c075b99201,2025/2/22,9,臺中市,南屯區,24.129898,120.646767,機車-普通重型,0,40-49歲,男,1,0
6981,a85629c72f1114a3,2025/7/9,3,臺中市,西屯區,24.175951,120.623143,機車-普通重型,0,20-29歲,男,1,0
6982,b14ffc8d70bbbb86,2025/10/16,10,臺北市,中正區,25.038805,121.511783,小貨車-租賃小貨車,0,19歲以下,男,2,0
6983,e192759514dfd669,2025/3/22,13,彰化縣,永靖鄉,23.913281,120.543831,小客車(含客、貨兩用)-自用,0,30-39歲,女,1,0
6984,55c9451b15e9bc7d,2025/8/2,14,新北市,蘆洲區,25.083391,121.469744,小客車(含客、貨兩用)-自用,0,50-59歲,男,1,0
6985,6d4d4c92f48e47e4,2025/3/21,7,新北市,蘆洲區,25.084528,121.482577,機車-普通重型,0,30-39歲,男,1,0
6986,a9f3d88d12e3f2b6,2025/10/1,23,嘉義市,西區,23.463731,120.451278,小客車(含客、貨兩用)-自用,0,40-49歲,男,1,0
6987,cb2cba977213b51f,2025/12/3,17,臺北市,松山區,25.055166,121.569799,機車-普通重型,0,40-49歲,男,2,0
6988,e113ede6c4699e02,2025/10/14,9,臺北市,大同區,25.049799,121.511781,小客車(含客、貨兩用)-自用,0,50-59歲,男,1,0
6989,a357ceee1e309786,2025/9/17,8,臺北市,中正區,25.035207,121.520271,機車-普通重型,0,19歲以下,女,1,0
6990,6c9ec44000e96120,2025/5/9,23,臺中市,神岡區,24.25127,120.697609,小客車(含客、貨兩用)-自用,0,30-39歲,男,1,0
6991,a54dbb6d0074b2e4,2025/9/16,22,高雄市,大寮區,22.60688,120.3954,機車-普通重型,0,30-39歲,男,1,0
6992,f89dd3f0721c7b85,2025/5/9,8,臺中市,大雅區,24.207655,120.633416,大貨車-營業用,0,20-29歲,男,1,0
6993,ae0497496cef5310,2025/9/21,12,臺南市,南區,22.926002,120.185549,機車-普通重型,0,30-39歲,男,1,0
6994,c41144d056d2a5a3,2025/7/31,9,臺南市,歸仁區,22.928336,120.292598,機車-普通重型,0,40-49歲,女,1,0
6995,35207a887c1e49fe,2025/7/3,17,基隆市,安樂區,25.122099,121.72122,小客車(含客、貨兩用)-自用,0,50-59歲,男,2,0
6996,ea58a2bebbf077b2,2025/12/30,13,新北市,中和區,25.005922,121.476241,機車-普通重型,0,40-49歲,女,2,0
6997,32caa30b5f9ef48a,2025/7/18,12,臺中市,太平區,24.131597,120.71883,機車-普通重型,0,60歲以上,男,1,0
6998,623b9c72119bc17e,2025/10/28,21,臺南市,永康區,23.034265,120.229265,人-其他人,0,40-49歲,男,2,0
6999,e906d27c5c9bc40e,2025/9/1,11,臺南市,新市,23.07463,120.28253,機車-普通重型,0,40-49歲,男,1,0
7000,382507f9f82d5ec1,2025/5/3,9,雲林縣,西螺鎮,23.781572,120.452933,大貨車-自用,0,50-59歲,女,1,0
7001,533bf55599facc70,2025/4/14,9,桃園市,大溪區,24.905956,121.255177,機車-普通重型,0,40-49歲,男,1,0
7002,b02f8e310ec34d01,2025/3/31,14,嘉義市,東區,23.477139,120.468269,機車-普通重型,0,40-49歲,男,1,0
7003,3e7cff53ee74f3f5,2025/12/9,8,高雄市,左營區,22.686125,120.303134,小客車(含客、貨兩用)-自用,0,20-29歲,男,1,0
7004,2b30a4c45a917cfd,2025/6/13,16,新北市,永和區,24.996749,121.515196,機車-普通重型,0,60歲以上,女,2,0
7005,4fa013577b6d23f8,2025/9/11,16,桃園市,觀音區,24.996147,121.115377,機車-普通重型,0,30-39歲,男,1,0
7006,73432d61be20a273,2025/8/1,22,高雄市,三民區,22.676954,120.334038,小客車(含客、貨兩用)-自用,0,20-29歲,男,2,0
7007,8876eb73167f343b,2025/3/2,21,桃園市,楊梅區,24.931881,121.103996,小客車(含客、貨兩用)-自用,0,40-49歲,男,2,0
7008,d4f5b0ea4005b840,2025/5/23,8,新北市,三重區,25.046823,121.473951,大客車-民營公車,0,50-59歲,男,1,0
7009,b42f1b15785684bd,2025/9/30,10,高雄市,大寮區,22.633187,120.387405,機車-普通重型,0,60歲以上,男,1,0
7010,038976cd93e7085e,2025/3/31,14,臺南市,新市,23.076803,120.29175,小客車(含客、貨兩用)-自用,0,50-59歲,男,1,0
7011,b7165732391cef0d,2025/10/22,12,桃園市,桃園區,24.989861,121.288685,未知,0,20-29歲,男,1,0
7012,fb506983f25b3c4c,2025/11/1,10,桃園市,八德區,24.976445,121.268268,機車-普通重型,0,50-59歲,女,2,0
7013,932d2a16c936082b,2025/5/22,11,苗栗縣,頭份市,24.688091,120.914435,慢車-微型電動二輪車,0,30-39歲,男,1,0
7014,f1d2901983ab8d17,2025/4/16,16,臺北市,大安區,25.026364,121.532859,小客車(含客、貨兩用)-計程車,0,40-49歲,女,1,0
7015,cbe7d8e24dc12ad4,2025/1/30,16,臺中市,太平區,24.130168,120.724328,機車-普通重型,0,30-39歲,男,1,0
7016,69b8eac4d4786995,2025/11/18,7,臺中市,大里區,24.113076,120.687967,未知,0,40-49歲,男,1,0
7017,b1d5fbe69cfd4d14,2025/8/1,7,臺中市,沙鹿區,24.250429,120.578133,機車-普通重型,0,40-49歲,女,1,0
7018,ab32579c6ee4073f,2025/8/30,20,高雄市,林園區,22.498004,120.415481,機車-普通重型,0,50-59歲,男,1,0
7019,24d353aedc249b4f,2025/6/26,18,雲林縣,斗六市,23.710482,120.537189,機車-普通重型,0,40-49歲,男,1,0
7020,544bf4035249b20b,2025/5/20,7,屏東縣,萬丹鄉,22.624697,120.500124,機車-普通重型,0,30-39歲,男,1,0
7021,39db954386d78353,2025/12/26,22,桃園市,中壢區,25.01051,121.184084,小客車(含客、貨兩用)-自用,0,30-39歲,男,1,0
7022,404359bcaba4299b,2025/1/26,20,臺北市,士林區,25.122134,121.531733,小客車(含客、貨兩用)-自用,0,20-29歲,男,1,0
7023,25d18c2208ba47c0,2025/5/27,6,新北市,新莊區,25.036297,121.452619,機車-普通重型,0,60歲以上,男,2,0
7024,562d94e5e3c91dfb,2025/9/3,12,桃園市,中壢區,24.971457,121.223846,機車-普通重型,0,40-49歲,男,1,0
7025,36e8617665f587d4,2025/12/29,6,新竹縣,竹北市,24.836738,121.018197,機車-普通重型,0,50-59歲,男,1,0
7026,8b350bbf373ae40b,2025/2/5,12,雲林縣,斗南鎮,23.672049,120.476159,小客車(含客、貨兩用)-自用,0,50-59歲,男,1,0
7027,e980fcb0dabc4b9c,2025/1/26,16,彰化縣,彰化市,24.064318,120.54584,小客車(含客、貨兩用)-自用,0,50-59歲,男,1,0
7028,6476445b937f7641,2025/9/18,11,桃園市,大園區,25.087908,121.207474,小貨車-營業用,0,40-49歲,男,1,0
7029,712056f6746fe8ef,2025/7/11,17,新竹縣,竹北市,24.849061,121.004926,小客車(含客、貨兩用)-自用,0,40-49歲,男,2,0
7030,8731b806945f21e3,2025/12/23,8,基隆市,信義區,25.133683,121.765315,機車-普通重型,0,50-59歲,女,1,0
7031,4698a5cc0496ee91,2025/1/26,12,高雄市,燕巢區,22.759655,120.363622,機車-普通重型,0,40-49歲,女,1,0
7032,4b60671fff6b9498,2025/11/27,7,桃園市,楊梅區,24.896586,121.153188,機車-普通重型,0,50-59歲,男,2,0
7033,f930603c96073735,2025/1/7,10,高雄市,前鎮,22.603776,120.305841,小客車(含客、貨兩用)-自用,0,40-49歲,男,1,0
7034,4653b8a77f72e14a,2025/12/19,2,臺南市,北區,23.007334,120.22043,機車-普通重型,0,30-39歲,男,1,0
7035,da96803b8c639b9d,2025/4/21,11,新北市,中和區,24.992864,121.514029,人-行人,0,30-39歲,女,1,0
7036,ca66313430720f3e,2025/12/5,9,基隆市,暖暖區,25.105969,121.726613,機車-普通重型,0,40-49歲,男,1,0
7037,83c3ad86eb5e2264,2025/7/1,15,新北市,板橋區,24.996743,121.451744,機車-普通重型,0,40-49歲,男,1,0
7038,ff5c974585814497,2025/3/11,6,新北市,深坑區,25.002299,121.616039,機車-普通重型,0,40-49歲,男,2,0
7039,645c1625297ea3e8,2025/11/30,14,臺南市,安平區,22.99823,120.183424,機車-普通重型,0,60歲以上,男,1,0
7040,5050bf0e8afc1237,2025/10/20,11,臺南市,東區,22.995282,120.217892,慢車-腳踏自行車,0,50-59歲,女,2,0
7041,05cebab3170ee0d9,2025/8/29,17,基隆市,安樂區,25.129301,121.718006,小客車(含客、貨兩用)-自用,0,50-59歲,男,1,0
7042,f509d369300f5ec3,2025/5/6,6,屏東縣,新埤鄉,22.456802,120.61396,小客車(含客、貨兩用)-自用,0,40-49歲,男,2,0
7043,6e007e2a97f0dd29,2025/7/9,17,臺中市,西屯區,24.174642,120.639325,機車-普通重型,0,50-59歲,男,1,0
7044,9ec67b5a2d7f4343,2025/9/2,15,新竹縣,新埔鎮,24.850555,121.029478,機車-普通重型,0,50-59歲,男,1,0
7045,2853f191c7d67614,2025/1/17,20,桃園市,龜山區,25.019836,121.408179,機車-普通重型,0,40-49歲,女,1,0
7046,f658b892ae415d4f,2025/7/5,14,嘉義市,西區,23.504026,120.438391,小客車(含客、貨兩用)-自用,0,50-59歲,男,1,0
7047,71cccf7bc2ef1fd0,2025/11/2,13,嘉義縣,朴子市,23.466078,120.236687,機車-普通重型,0,50-59歲,男,1,0
7048,b1bed642673f5e53,2025/2/19,17,新北市,樹林區,24.984329,121.424782,小客車(含客、貨兩用)-自用,0,40-49歲,男,1,0
7049,9f9249d9f8204859,2025/12/18,17,新北市,五股區,25.071003,121.458567,機車-普通重型,0,50-59歲,女,1,0
7050,0e4a60942bd2e4c2,2025/8/8,8,臺中市,潭子區,24.215704,120.717811,小客車(含客、貨兩用)-自用,0,40-49歲,男,1,0
7051,520b82871ed7048e,2025/9/11,6,彰化縣,秀水鄉,24.012787,120.50355,慢車-腳踏自行車,0,20-29歲,男,1,0
7052,39cf07a096e29469,2025/5/17,19,臺中市,北區,24.157602,120.685093,小客車(含客、貨兩用)-自用,0,30-39歲,男,1,0
7053,3c7bb8cd7929f98b,2025/12/26,21,嘉義市,西區,23.468319,120.433381,機車-普通重型,0,30-39歲,男,1,0
7054,c64687693741ecf5,2025/1/5,9,高雄市,鳳山區,22.610466,120.33772,機車-普通重型,0,50-59歲,男,1,0
7055,38a3d8abe4982ca8,2025/6/28,21,桃園市,中壢區,24.952604,121.221857,機車-普通重型,0,30-39歲,男,1,0
7056,a6657759e9560f4c,2025/12/5,7,臺中市,太平區,24.1233,120.720217,機車-普通重型,0,40-49歲,男,3,0
7057,1781b4f0477e9965,2025/8/5,18,彰化縣,彰化市,24.066493,120.535151,機車-普通重型,0,30-39歲,女,2,0
7058,352f3f573c1e066a,2025/10/19,21,臺中市,西區,24.148857,120.671866,小貨車-自用,0,40-49歲,男,2,0
7059,e7a99c86a972f019,2025/3/7,9,臺北市,中山區,25.044714,121.538697,小客車(含客、貨兩用)-自用,0,40-49歲,男,1,0
7060,9751ce33f063eef2,2025/11/1,12,桃園市,中壢區,24.972872,121.250124,小客車(含客、貨兩用)-自用,0,30-39歲,男,1,0
7061,4f239ed74e1bb0d1,2025/12/17,8,臺中市,南屯區,24.125651,120.646575,機車-普通重型,0,50-59歲,男,2,0
7062,2512e05bdf8b8c11,2025/3/18,15,高雄市,鳳山區,22.612845,120.360377,機車-普通重型,0,40-49歲,女,2,0
7063,7fd9d6d24eed6033,2025/1/20,13,高雄市,楠梓區,22.70183,120.2908,機車-普通重型,0,40-49歲,女,1,0
7064,c33daa5c4f979b45,2025/2/7,10,高雄市,三民區,22.642704,120.341281,機車-普通重型,0,50-59歲,男,2,0
7065,b39e76ee5de07e41,2025/12/16,10,南投縣,草屯鎮,23.973611,120.679874,機車-普通重型,0,50-59歲,男,2,0
7066,228b93722cc93d0a,2025/5/5,10,高雄市,新興區,22.624808,120.30622,慢車-電動輔助自行車,0,60歲以上,男,1,0
7067,ad823c591feba0c6,2025/12/24,9,臺南市,新營區,23.315681,120.306142,小客車(含客、貨兩用)-自用,0,50-59歲,男,2,0
7068,608febc199cb3dcf,2025/3/3,18,臺東縣,臺東市,22.742813,121.140931,小客車(含客、貨兩用)-自用,0,50-59歲,男,2,0
7069,6005a5e910522a81,2025/5/9,0,臺北市,信義區,25.041565,121.580724,機車-普通重型,0,50-59歲,男,1,0
7070,0b9bdd04267e1ea2,2025/6/9,13,臺南市,永康區,23.016729,120.254213,小客車(含客、貨兩用)-自用,0,30-39歲,男,1,0
7071,8bfba38759c2ac1a,2025/10/10,1,嘉義市,東區,23.482227,120.45993,機車-普通重型,0,30-39歲,男,2,0
7072,19f1a0a1f338dbad,2025/10/8,11,臺中市,中區,24.142897,120.682065,機車-普通重型,0,20-29歲,男,1,0
7073,74b54f4cf250e32f,2025/7/23,19,臺北市,萬華區,25.040345,121.497951,機車-普通重型,0,60歲以上,男,1,0
7074,7653068653808e1d,2025/7/30,7,臺中市,神岡區,24.242362,120.681749,小客車(含客、貨兩用)-自用,0,50-59歲,男,1,0
7075,da0dd312d6725a9e,2025/9/9,15,臺南市,永康區,23.049224,120.265985,大貨車-自用,0,40-49歲,女,1,0
7076,e9859ec078eb4c4e,2025/5/13,13,新北市,新莊區,25.033333,121.45,機車-普通重型,0,40-49歲,男,1,0
7077,7c552f376478dc02,2025/8/2,11,臺中市,大雅區,24.223643,120.646135,機車-普通重型,0,40-49歲,男,1,0
7078,76b0c758e1d0ff8a,2025/6/19,11,雲林縣,虎尾鎮,23.707857,120.434336,小貨車-自用,0,20-29歲,男,1,0
7079,660437affec66530,2025/7/22,12,臺中市,霧峰區,24.059649,120.696361,小客車(含客、貨兩用)-自用,0,20-29歲,男,1,0
7080,7483160559c34f8e,2025/5/2,16,新北市,新莊區,25.024534,121.419134,機車-普通重型,0,50-59歲,男,2,0
7081,4ba9330e9e0bcac4,2025/12/27,23,臺南市,永康區,23.018211,120.239958,機車-普通重型,0,50-59歲,男,1,0
7082,bed840f0ce483b1e,2025/6/17,18,臺中市,龍井區,24.182717,120.586431,機車-普通重型,0,20-29歲,男,2,0
7083,fced81fc742043b9,2025/5/5,9,新北市,新店區,24.97396,121.533048,機車-普通重型,0,50-59歲,男,2,0
7084,9d0a6eec618caf12,2025/2/28,21,臺北市,萬華區,25.040091,121.500683,機車-普通重型,0,60歲以上,男,1,0
7085,dd80a7b1040d18b7,2025/1/21,10,臺中市,大甲區,24.355584,120.630279,慢車-腳踏自行車,0,40-49歲,男,1,0
7086,0500a462c56c6898,2025/8/28,12,臺北市,大同區,25.058359,121.520685,未知,0,30-39歲,男,1,0
7087,dba0eaa9d00280e7,2025/7/10,13,臺中市,西屯區,24.165031,120.66452,機車-普通重型,0,60歲以上,男,2,0
7088,00a673671e0d8f28,2025/7/16,7,臺南市,安南區,23.064129,120.145667,小客車(含客、貨兩用)-自用,0,40-49歲,女,1,0
7089,5d431747279a3032,2025/4/12,5,花蓮縣,花蓮市,23.977396,121.601256,慢車-微型電動二輪車,0,40-49歲,男,1,0
7090,1f7b7ad068fcadfd,2025/11/15,11,臺中市,東勢區,24.256688,120.82853,機車-普通重型,0,30-39歲,男,1,0
7091,310b04288087d633,2025/5/1,16,高雄市,鳳山區,22.62488,120.3741,大貨車-營業用,0,40-49歲,女,1,0
7092,5b1b950e2d31b281,2025/7/4,22,高雄市,鼓山區,22.62061,120.2792,慢車-電動輔助自行車,0,50-59歲,男,1,0
7093,c3f8d3c66865a68e,2025/3/7,10,花蓮縣,瑞穗鄉,23.470284,121.357222,曳引車-營業用,0,20-29歲,男,1,0
7094,0194d1d88ed15acd,2025/9/18,7,彰化縣,鹿港鎮,24.11422,120.452548,機車-普通重型,0,40-49歲,男,1,0
7095,00cb3a8b96ee1ec3,2025/9/22,7,苗栗縣,竹南鎮,24.685898,120.885407,機車-普通重型,0,40-49歲,女,1,0
7096,bc81bb3e50f4ff96,2025/11/8,21,雲林縣,北港鎮,23.593812,120.318375,小客車(含客、貨兩用)-自用,0,30-39歲,男,1,0
7097,ac61129692697805,2025/10/24,11,彰化縣,二林鎮,23.875202,120.38609,小客車(含客、貨兩用)-自用,0,40-49歲,男,2,0
7098,d68f0ea17900f52a,2025/9/11,14,屏東縣,屏東市,22.670551,120.481665,機車-普通重型,0,50-59歲,男,1,0
7099,2521e41983e1c4aa,2025/11/17,18,新竹市,東區,24.783321,121.020855,慢車-腳踏自行車,0,50-59歲,男,1,0
7100,f755cd78bb65552b,2025/1/27,9,彰化縣,員林市,23.957987,120.585673,機車-普通重型,0,50-59歲,男,1,0
7101,e575061cde3dc72a,2025/12/29,12,新竹市,東區,24.800387,120.994438,機車-普通重型,0,20-29歲,男,1,0
7102,61f986543b4b993d,2025/6/26,21,彰化縣,員林市,23.956105,120.575906,慢車-電動輔助自行車,0,40-49歲,男,1,0
7103,c74055134b50001c,2025/3/25,10,嘉義市,西區,23.461649,120.440817,小貨車-自用,0,60歲以上,男,1,0
7104,5314136b63160380,2025/6/12,15,高雄市,大社區,22.72401,120.353319,機車-普通重型,0,40-49歲,女,1,0
7105,aae5fdfc084ae732,2025/5/4,8,臺南市,南區,22.974975,120.19621,機車-普通重型,0,50-59歲,女,1,0
7106,8f7623c310ef3662,2025/12/8,12,臺中市,沙鹿區,24.240022,120.561332,小客車(含客、貨兩用)-自用,0,40-49歲,男,1,0
7107,2178a249ae2cf007,2025/5/21,19,臺南市,歸仁區,23.034737,120.28893,小客車(含客、貨兩用)-自用,0,50-59歲,男,2,0
7108,1d807e43c16beb7f,2025/10/3,13,臺南市,南化區,23.016551,120.473566,小客車(含客、貨兩用)-自用,0,60歲以上,男,1,0
7109,49bfa88a167fcd6b,2025/5/27,17,彰化縣,二林鎮,23.897051,120.424662,機車-普通重型,0,50-59歲,女,1,0
7110,d92ec340d33ec2cb,2025/6/27,8,臺東縣,臺東市,22.754843,121.153727,機車-普通重型,0,50-59歲,男,1,0
7111,8af9f982fdfbc680,2025/4/1,7,臺南市,永康區,23.007038,120.267948,機車-普通重型,0,50-59歲,男,1,0
7112,6f6e694c4fb5d57b,2025/7/13,19,彰化縣,埤頭鄉,23.882772,120.499377,小貨車-自用,0,20-29歲,男,1,0
7113,f3ce833ce696d5bd,2025/8/27,7,桃園市,蘆竹區,25.07285,121.279069,機車-普通重型,0,40-49歲,男,1,0
7114,bcbb42b484a425cd,2025/12/2,9,嘉義市,西區,23.464918,120.422325,小客車(含客、貨兩用)-自用,0,40-49歲,女,1,0
7115,4b9730522e701d3c,2025/1/31,14,屏東縣,南州鄉,22.490177,120.532385,小貨車-自用,0,19歲以下,男,3,0
7116,158bfea0fbda465c,2025/1/7,12,彰化縣,花壇鄉,24.045963,120.545226,機車-普通重型,0,30-39歲,男,1,0
7117,d382ccf45a88f9db,2025/12/25,10,新北市,新店區,25.009293,121.480663,小客車(含客、貨兩用)-自用,0,50-59歲,男,1,0
7118,646041b338d7180e,2025/10/13,11,宜蘭縣,宜蘭市,24.753354,121.742314,機車-普通重型,0,60歲以上,男,1,0
7119,28d2f5e616b1c7e6,2025/6/14,23,新北市,板橋區,25.006173,121.459662,機車-普通重型,0,40-49歲,男,1,0
7120,533194e3b7b990cc,2025/1/30,11,臺東縣,關山鎮,23.061021,121.168735,小客車(含客、貨兩用)-自用,0,50-59歲,男,1,0
7121,6744903c4357d667,2025/1/20,21,臺中市,太平區,24.151529,120.700083,機車-普通重型,0,50-59歲,男,1,0
7122,a55ea8e07ed73c53,2025/8/14,8,桃園市,龜山區,25.024662,121.367856,機車-普通重型,0,20-29歲,男,1,0
7123,b2556f1d3d766764,2025/12/20,15,臺中市,北區,24.155899,120.685901,機車-普通輕型,0,40-49歲,男,1,0
7124,c2a9d1e107828de6,2025/5/26,14,桃園市,龜山區,25.06263,121.36925,機車-普通重型,0,40-49歲,男,1,0
7125,de9eb5f11c7d3553,2025/2/17,21,臺北市,內湖區,25.066378,121.617549,小貨車-營業用,0,40-49歲,男,1,0
7126,5bfe6d58972b60c9,2025/9/6,13,高雄市,前鎮,22.58168,120.3229,機車-普通重型,0,40-49歲,男,1,0
7127,95a0b28dfe20c5e4,2025/11/24,7,新北市,板橋區,25.024221,121.479339,機車-大型重型2(250-550C.C.),0,50-59歲,男,1,0
7128,3ea0654d195ad7a0,2025/1/2,18,臺南市,新市,23.097067,120.308525,機車-普通重型,0,40-49歲,男,1,0
7129,1d7953689bdb8fe1,2025/7/24,21,雲林縣,斗六市,23.71746,120.538897,機車-普通重型,0,30-39歲,男,2,0
7130,fbd64dd52ca6def2,2025/6/19,15,彰化縣,員林市,23.928052,120.578904,機車-普通重型,0,20-29歲,男,1,0
7131,e71a7f6a58a65641,2025/1/25,10,桃園市,平鎮,24.934261,121.225289,機車-普通重型,0,60歲以上,男,1,0
7132,e8ed050cba2373c6,2025/7/13,20,臺南市,南區,22.977159,120.199649,小客車(含客、貨兩用)-自用,0,60歲以上,男,2,0
7133,24932c853a4f8042,2025/8/27,12,屏東縣,萬巒鄉,22.582673,120.573252,小貨車-自用,0,40-49歲,男,1,0
7134,1f73dba198bafe32,2025/12/7,20,桃園市,中壢區,24.99931,121.230165,機車-普通重型,0,40-49歲,男,1,0
7135,7df1d6be794cc0c6,2025/7/18,12,嘉義市,東區,23.469856,120.454153,機車-普通重型,0,40-49歲,男,1,0
7136,92f274838dc286da,2025/10/16,17,新北市,樹林區,24.991125,121.425069,機車-普通重型,0,40-49歲,男,1,0
7137,6f00bac76c2c4475,2025/7/15,8,桃園市,八德區,24.93373,121.263815,機車-普通重型,0,30-39歲,男,2,0
7138,c916dac7deb5e1e0,2025/10/3,17,臺中市,北屯區,24.171227,120.706625,機車-普通重型,0,50-59歲,男,1,0
7139,3e97839b4c3aaa21,2025/7/2,6,臺中市,西區,24.154201,120.657737,機車-普通重型,0,40-49歲,男,1,0
7140,ddc3eb99b1fdaab9,2025/9/19,20,高雄市,楠梓區,22.724803,120.313445,小客車(含客、貨兩用)-自用,0,50-59歲,男,1,0
7141,33e017f5949f3f11,2025/3/31,13,宜蘭縣,蘇澳鎮,24.609066,121.855413,機車-普通重型,0,40-49歲,男,2,0
7142,d8dc3bb28a7ce9ec,2025/10/12,13,彰化縣,彰化市,24.072802,120.536283,機車-普通重型,0,60歲以上,女,2,0
7143,edded9a82720771e,2025/4/9,18,桃園市,楊梅區,24.908653,121.166865,小客車(含客、貨兩用)-自用,0,40-49歲,女,1,0
7144,0db960ebcffe76ef,2025/4/18,19,屏東縣,鹽埔鄉,22.730023,120.545014,小客車(含客、貨兩用)-自用,0,50-59歲,男,1,0
7145,deeaa6b27537a19c,2025/12/24,22,臺南市,東區,22.99152,120.212392,機車-普通重型,0,40-49歲,男,1,0
7146,06934bf85bdc6747,2025/1/17,16,高雄市,燕巢區,22.751236,120.362968,小貨車-營業用,0,40-49歲,男,1,0
7147,874c214b7e1dc833,2025/12/26,19,臺中市,后里區,24.310512,120.71185,機車-普通重型,0,60歲以上,男,2,0
7148,cc64826d60c4310d,2025/6/5,18,嘉義縣,民雄鄉,23.55432,120.469995,小客車(含客、貨兩用)-自用,0,40-49歲,男,1,0
7149,5c2c5ee82d165b23,2025/11/5,19,高雄市,岡山區,22.790701,120.298526,機車-普通重型,0,40-49歲,女,3,0
7150,9066cd9f50ac02b2,2025/4/26,10,嘉義市,西區,23.478737,120.445186,機車-普通重型,0,60歲以上,男,1,0
7151,fb9f55067c3df189,2025/2/21,13,臺中市,北區,24.161634,120.674032,機車-普通輕型,0,40-49歲,男,2,0
7152,341cba4d0b999860,2025/4/22,11,嘉義市,西區,23.474103,120.444594,機車-普通重型,0,50-59歲,男,2,0
7153,6024e8859d6b5dd6,2025/10/23,11,新北市,蘆洲區,25.075633,121.471624,小客車(含客、貨兩用)-租賃小貨車,0,40-49歲,男,1,0
7154,4eb438a2ccd52e28,2025/6/25,7,新北市,汐止區,25.066652,121.663395,機車-普通重型,0,50-59歲,男,1,0
7155,df21a09d2d840f8a,2025/6/6,10,高雄市,左營區,22.672436,120.284831,小客車(含客、貨兩用)-自用,0,20-29歲,男,1,0
7156,7a9088f6959cfb0c,2025/5/6,7,新北市,三重區,25.090759,121.490823,機車-普通重型,0,50-59歲,男,1,0
7157,71db8ffdeb6c2e54,2025/6/17,8,臺北市,松山區,25.056152,121.552935,機車-普通重型,0,50-59歲,男,1,0
7158,8c5dc5124fc35d6d,2025/2/15,11,臺南市,安南區,23.046878,120.212164,機車-普通重型,0,60歲以上,男,1,0
7159,fe51c601490e3e3f,2025/1/12,16,臺南市,鹽水區,23.321848,120.267652,機車-普通重型,0,40-49歲,女,1,0
7160,990cbd5d766eb9c6,2025/12/7,13,高雄市,左營區,22.676101,120.305817,機車-普通重型,0,40-49歲,男,1,0
7161,954091ec8eced84c,2025/6/22,17,屏東縣,鹽埔鄉,22.741391,120.55731,機車-普通重型,0,40-49歲,男,2,0
7162,b67975bff0af1fca,2025/6/20,8,彰化縣,彰化市,24.089673,120.536609,慢車-微型電動二輪車,0,30-39歲,男,2,0
7163,5e4ab199b03d2dac,2025/10/5,3,高雄市,大寮區,22.56761,120.363979,機車-普通重型,0,30-39歲,男,1,0
7164,35f267e7114011b5,2025/7/6,11,臺中市,大里區,24.084886,120.701037,機車-普通重型,0,40-49歲,男,2,0
7165,8e9c3c2e8b8482cd,2025/12/29,7,新北市,汐止區,25.070288,121.635544,機車-普通重型,0,20-29歲,男,2,0
7166,18c7c4845ff2ff29,2025/11/8,9,臺中市,北屯區,24.160394,120.727707,小客車(含客、貨兩用)-自用,0,60歲以上,男,1,0
7167,140d4a3604568c47,2025/7/28,12,臺中市,烏日區,24.064495,120.642322,機車-普通重型,0,60歲以上,男,1,0
7168,392d31c9e3e20462,2025/9/24,13,高雄市,梓官區,22.748643,120.259979,小客車(含客、貨兩用)-自用,0,40-49歲,女,1,0
7169,3d8c3c065c1aee61,2025/11/15,17,高雄市,林園區,22.509044,120.390084,機車-普通重型,0,50-59歲,男,2,0
7170,bb33991b1bc6f4a0,2025/11/20,11,臺中市,南屯區,24.140786,120.652937,小貨車-自用,0,40-49歲,男,1,0
7171,0b47071aa96491bd,2025/5/28,9,高雄市,鼓山區,22.65839,120.2925,機車-普通重型,0,60歲以上,男,4,0
7172,c6edcd9e4829d8c3,2025/10/29,16,新竹縣,芎林鄉,24.777343,121.095396,小客車(含客、貨兩用)-自用,0,50-59歲,男,1,0
7173,b5bcb9e9bd77236f,2025/3/25,7,新竹市,東區,24.795978,120.997884,機車-普通重型,0,30-39歲,男,1,0
7174,1640f7a0dc5c5bc4,2025/7/18,17,彰化縣,彰化市,24.085592,120.543459,機車-普通重型,0,30-39歲,男,1,0
7175,5ebf4cbe4b5ae583,2025/7/19,21,桃園市,龜山區,25.059298,121.378827,機車-普通重型,0,30-39歲,女,1,0
7176,b511c85c471793eb,2025/8/14,7,臺南市,永康區,23.014938,120.239521,慢車-腳踏自行車,0,30-39歲,男,2,0
7177,34c820313aca3b9b,2025/6/26,13,桃園市,大園區,25.074351,121.259422,小客車(含客、貨兩用)-自用,0,60歲以上,男,1,0
7178,06da374ea9af2eb4,2025/9/3,14,臺中市,烏日區,24.089614,120.644819,大貨車-營業用,0,50-59歲,女,1,0
7179,db0139f617985bdf,2025/4/7,9,新北市,永和區,25.005941,121.514091,機車-普通重型,0,50-59歲,女,2,0
7180,c00fb557fcd0cf79,2025/11/27,18,臺北市,大同區,25.056016,121.5081,機車-普通重型,0,60歲以上,女,2,0
7181,bfc8a3b6a45ab0b6,2025/8/5,21,臺中市,西屯區,24.179435,120.635172,機車-普通重型,0,40-49歲,男,2,0
7182,9f47ebf990943070,2025/12/1,14,新北市,新莊區,25.009483,121.481296,機車-普通重型,0,19歲以下,男,2,0
7183,a1803995d7124d13,2025/8/26,18,嘉義市,西區,23.48543,120.440979,小客車(含客、貨兩用)-自用,0,50-59歲,女,2,0
7184,9c55c874dd2aa265,2025/6/21,11,臺中市,南區,24.13342,120.683335,小客車(含客、貨兩用)-計程車,0,40-49歲,男,1,0
7185,4ad85160dc9c5050,2025/12/24,13,臺北市,中山區,25.045844,121.531982,機車-普通重型,0,20-29歲,男,1,0
7186,1cefa311b9285cee,2025/3/26,7,臺中市,東區,24.126401,120.690352,機車-普通重型,0,40-49歲,男,1,0
7187,519bfa598a805528,2025/12/16,8,新竹縣,北埔鄉,24.703139,121.051997,機車-普通重型,0,40-49歲,男,1,0
7188,b9031f666bb9d28d,2025/5/14,7,臺中市,西區,24.133741,120.661685,小客車(含客、貨兩用)-自用,0,40-49歲,男,1,0
7189,9f68de365666019f,2025/11/21,20,臺南市,麻豆區,23.180598,120.255327,慢車-腳踏自行車,0,40-49歲,男,2,0
7190,1e1c80cfddf79ba7,2025/6/18,15,桃園市,楊梅區,24.911114,121.167654,小客車(含客、貨兩用)-自用,0,40-49歲,男,1,0
7191,e572dbf5e81d1c5a,2025/2/22,9,臺中市,烏日區,24.113352,120.58983,機車-普通重型,0,50-59歲,男,2,0
7192,23502202c72f239f,2025/9/2,14,新北市,板橋區,25.009064,121.481712,機車-普通重型,0,50-59歲,男,1,0
7193,515d1a98afa70a11,2025/8/1,8,臺北市,信義區,25.043393,121.572095,小客車(含客、貨兩用)-租賃車,0,40-49歲,男,1,0
7194,f24d393028800060,2025/2/11,9,高雄市,大寮區,22.611566,120.409448,機車-普通重型,0,50-59歲,男,2,0
7195,5087daf51709b419,2025/3/23,10,新竹市,東區,24.812661,120.975111,機車-普通重型,0,40-49歲,男,1,0
7196,3c48d3329b93e057,2025/7/1,21,臺中市,西屯區,24.183911,120.614034,機車-普通重型,0,50-59歲,男,1,0
7197,5bb89dacaf55d28d,2025/12/12,10,彰化縣,鹿港鎮,24.107234,120.404242,其他車-其他車,0,20-29歲,女,1,0
7198,3b9ad99ae20fc261,2025/8/9,19,臺南市,安平區,22.995345,120.170448,機車-普通重型,0,30-39歲,男,1,0
7199,0372bc2240e296c0,2025/5/19,19,臺中市,西屯區,24.165967,120.66191,機車-普通重型,0,50-59歲,男,1,0
7200,f8fbbc77345dd224,2025/5/12,7,彰化縣,伸港鄉,24.149547,120.486663,機車-普通重型,0,50-59歲,男,1,0
7201,da787be405125728,2025/7/18,18,桃園市,平鎮,24.943232,121.219653,小客車(含客、貨兩用)-自用,0,50-59歲,男,1,0
7202,a81beb06870e18ed,2025/4/24,16,臺中市,大里區,24.11693,120.68432,機車-普通重型,0,40-49歲,女,2,0
7203,fb6cb0874a3cf805,2025/8/14,6,桃園市,桃園區,25.003121,121.297254,機車-普通重型,0,40-49歲,男,2,0
7204,c2378190e027d394,2025/4/3,20,臺北市,士林區,25.09669,121.532423,小貨車-自用,0,50-59歲,女,1,0
7205,539babf823a744eb,2025/6/10,9,臺南市,北區,23.015445,120.193579,機車-普通重型,0,40-49歲,男,2,0
7206,5e5b4617b84b66a8,2025/4/12,13,屏東縣,枋寮鄉,22.387604,120.593956,小客車(含客、貨兩用)-自用,0,40-49歲,男,1,0
7207,51c9b71b83d8b3fc,2025/7/4,7,宜蘭縣,五結鄉,24.684867,121.797876,小客車(含客、貨兩用)-自用,0,50-59歲,男,1,0
7208,50da11199647ab4e,2025/7/18,20,新竹市,北區,24.816452,120.957391,機車-普通重型,0,20-29歲,男,1,0
7209,852cf374c1b8d106,2025/8/24,10,新竹縣,竹東鎮,24.730029,121.093339,小客車(含客、貨兩用)-自用,0,30-39歲,男,1,0
7210,18fb5b532f21e8b0,2025/4/10,7,新竹縣,新豐鄉,24.900638,120.985708,小客車(含客、貨兩用)-自用,0,60歲以上,男,1,0
7211,699c4438ef78f300,2025/4/11,17,桃園市,中壢區,24.964843,121.220275,機車-普通重型,0,20-29歲,男,1,0
7212,2ceb8dcc0e43e7f8,2025/4/5,12,臺南市,安南區,23.05444,120.139107,小客車(含客、貨兩用)-自用,0,30-39歲,男,1,0
7213,bc39311c0d251a43,2025/5/13,8,新竹縣,竹北市,24.820994,121.006039,機車-普通重型,0,60歲以上,男,2,0
7214,225ded112c51645f,2025/3/1,9,臺中市,沙鹿區,24.206423,120.563492,小客車(含客、貨兩用)-自用,0,50-59歲,男,1,0
7215,4f84627ba2d8d300,2025/10/17,18,臺中市,大雅區,24.21005,120.616566,大客車-民營客運,0,60歲以上,男,1,0
7216,8320c0bfdf834647,2025/11/3,8,臺北市,中正區,25.037037,121.508073,機車-普通重型,0,50-59歲,男,1,0
7217,79fa9dbf07055058,2025/12/9,19,臺南市,東區,22.967609,120.231699,機車-普通重型,0,40-49歲,男,2,0
7218,0c02cf68a90e3eb1,2025/2/5,10,苗栗縣,竹南鎮,24.695245,120.879578,機車-普通重型,0,30-39歲,男,3,0
7219,e6c9aa8a18f6c84e,2025/1/20,7,臺中市,龍井區,24.185217,120.587401,機車-普通重型,0,50-59歲,男,1,0
7220,06ca536ef6cf655b,2025/4/13,22,臺中市,后里區,24.306111,120.708151,小貨車-自用,0,40-49歲,男,1,0
7221,ded1208da0c75164,2025/10/30,11,臺中市,西區,24.141083,120.67522,小客車(含客、貨兩用)-自用,0,30-39歲,男,1,0
7222,9c23d01fca983297,2025/8/13,21,新北市,泰山區,25.0094,121.481431,小客車(含客、貨兩用)-自用,0,40-49歲,男,1,0
7223,842e5b3767208900,2025/9/18,12,高雄市,三民區,22.645536,120.325778,機車-普通重型,0,60歲以上,男,1,0
7224,e6eb19c015fd2f60,2025/12/1,7,臺中市,南屯區,24.112391,120.626293,機車-普通重型,0,60歲以上,男,3,0
7225,66dd539dbb92206e,2025/9/15,10,桃園市,中壢區,24.964641,121.237066,機車-普通重型,0,30-39歲,男,1,0
7226,d0cf4dc15b0e07a0,2025/9/29,19,新北市,三峽區,24.935693,121.365988,機車-大型重型1(550C.C.以上),0,40-49歲,男,2,0
7227,418fc32aa65f8951,2025/1/11,19,臺南市,東區,22.972395,120.225293,機車-普通重型,0,50-59歲,女,1,0
7228,ce9881305cab1064,2025/1/10,7,新竹縣,湖口鄉,24.865961,121.030786,人-行人,0,40-49歲,男,1,0
7229,4609b06a4b33e4fd,2025/9/13,19,臺南市,北區,23.019414,120.206585,小客車(含客、貨兩用)-自用,0,40-49歲,男,1,0
7230,d3c4423ef27bfb0f,2025/10/24,17,臺中市,北區,24.152435,120.686358,機車-普通重型,0,30-39歲,男,3,0
7231,856eb39ef95eaf63,2025/9/12,18,桃園市,大園區,25.061538,121.19525,小客車(含客、貨兩用)-自用,0,50-59歲,男,1,0
7232,f561406de100c30a,2025/6/6,17,臺南市,歸仁區,22.932357,120.276138,機車-普通重型,0,40-49歲,男,1,0
7233,c8ee2f7011c2fcc4,2025/2/26,9,桃園市,蘆竹區,25.0779,121.316941,機車-普通重型,0,50-59歲,女,1,0
7234,a6de04203a44be7e,2025/10/8,17,臺南市,永康區,23.04378,120.259402,機車-普通重型,0,40-49歲,男,1,0
7235,b1f3d3e6eb47871d,2025/6/6,17,高雄市,仁武區,22.688547,120.356024,機車-普通重型,0,40-49歲,女,1,0
7236,173c535aa1f61722,2025/7/21,12,嘉義市,東區,23.497351,120.455413,小客車(含客、貨兩用)-自用,0,60歲以上,男,1,0
7237,641654215c6c9b03,2025/3/18,13,新竹縣,關西鎮,24.769035,121.224733,機車-普通重型,0,40-49歲,女,1,0
7238,8970131d04ddbeda,2025/1/13,15,臺中市,太平區,24.150186,120.731151,機車-普通重型,0,20-29歲,男,1,0
7239,d94d5f7f04c5ba94,2025/4/20,16,桃園市,中壢區,24.97462,121.207862,小客車(含客、貨兩用)-自用,0,40-49歲,男,1,0
7240,0af3ca4ce8a4066f,2025/3/5,0,桃園市,大園區,25.076323,121.23314,小客車(含客、貨兩用)-租賃車,0,30-39歲,男,1,0
7241,e0f5c853e3f2a013,2025/7/30,12,新北市,土城區,24.982778,121.459235,慢車-腳踏自行車,0,40-49歲,男,2,0
7242,8f01a364e797ced6,2025/2/5,20,桃園市,龍潭區,24.885462,121.212308,機車-普通重型,0,40-49歲,女,1,0
7243,b227d53b84b55165,2025/9/25,10,臺南市,中西區,22.990414,120.197838,小客車(含客、貨兩用)-計程車,0,40-49歲,男,1,0
7244,15b2b5f6bd18e6f2,2025/4/27,12,新竹市,北區,24.80452,120.960885,小客車(含客、貨兩用)-自用,0,60歲以上,男,1,0
7245,7e7ddc44eb4a3d1f,2025/2/15,8,臺中市,烏日區,24.081592,120.643625,機車-普通重型,0,60歲以上,男,2,0
7246,7aac63627a4985e7,2025/8/7,10,臺中市,南屯區,24.123412,120.648167,機車-普通重型,0,50-59歲,男,1,0
7247,efdad35f1c3d642c,2025/11/24,23,臺中市,龍井區,24.181512,120.59229,機車-普通重型,0,50-59歲,男,1,0
7248,9d2cbc836f6f6f64,2025/2/15,13,彰化縣,花壇鄉,24.047099,120.558168,機車-普通重型,0,30-39歲,男,1,0
7249,9c639cb7a7275c12,2025/7/5,8,桃園市,八德區,24.963936,121.322347,機車-普通重型,0,40-49歲,男,1,0
7250,ec1720475a0d26ae,2025/11/13,12,臺中市,神岡區,24.248578,120.696128,機車-普通重型,0,40-49歲,男,1,0
7251,5eb94c3873f4a434,2025/5/8,17,臺南市,永康區,23.027575,120.22246,機車-普通重型,0,40-49歲,男,2,0
7252,f5bc0c33916253d9,2025/1/8,19,臺南市,中西區,22.994351,120.207571,機車-普通重型,0,50-59歲,男,3,0
7253,d019645295481bbd,2025/12/29,8,臺中市,清水區,24.258344,120.560484,小客車(含客、貨兩用)-自用,0,40-49歲,男,1,0
7254,7c70624f8479c5f4,2025/2/18,13,嘉義市,西區,23.483839,120.443238,機車-普通重型,0,50-59歲,男,1,0
7255,0b102c6b8e11af01,2025/10/7,1,新北市,淡水區,25.173175,121.458406,機車-普通重型,0,40-49歲,男,2,0
7256,3f1e72fb8f7fb906,2025/10/15,14,高雄市,小港區,22.555217,120.380464,小客車(含客、貨兩用)-自用,0,40-49歲,男,2,0
7257,217b5d7ca2a6f8ac,2025/12/11,14,屏東縣,潮州鎮,22.559708,120.540152,小客車(含客、貨兩用)-租賃車,0,50-59歲,男,2,0
7258,d96df920b01bfd16,2025/1/20,16,桃園市,大溪區,24.896747,121.280843,小客車(含客、貨兩用)-自用,0,30-39歲,男,1,0
7259,8cc691caa0c857d7,2025/1/14,7,桃園市,八德區,24.967972,121.30914,機車-普通重型,0,50-59歲,男,1,0
7260,ea517923fcbf54d1,2025/11/15,22,桃園市,平鎮,24.946408,121.209759,小客車(含客、貨兩用)-自用,0,40-49歲,男,1,0
7261,74ecf01a1c242d08,2025/10/7,17,苗栗縣,苗栗市,24.568379,120.840522,機車-普通重型,0,30-39歲,男,1,0
7262,1b47b76a69588b70,2025/12/11,11,新北市,三峽區,24.930449,121.373893,小客車(含客、貨兩用)-自用,0,60歲以上,男,1,0
7263,a9059acb4c1a96c8,2025/5/30,16,臺南市,南區,22.982608,120.182295,機車-普通重型,0,50-59歲,男,2,0
7264,cc9fec1a69aab50b,2025/5/29,10,新北市,三峽區,24.93302,121.369497,機車-普通重型,0,50-59歲,男,1,0
7265,ae95664789478c73,2025/3/9,20,南投縣,竹山鎮,23.80243,120.714424,小客車(含客、貨兩用)-自用,0,50-59歲,男,2,0
7266,17bcc911d223a9d6,2025/11/3,8,臺北市,大安區,25.013925,121.544004,小客車(含客、貨兩用)-自用,0,30-39歲,男,1,0
7267,cafaae1a8fde5149,2025/2/20,7,臺南市,善化區,23.13269,120.282031,機車-普通重型,0,40-49歲,男,3,0
7268,4be97ef86d547e4b,2025/1/1,10,彰化縣,鹿港鎮,24.053999,120.437564,機車-普通重型,0,19歲以下,女,2,0
7269,27c1057ab11136ad,2025/3/15,15,彰化縣,溪湖鎮,23.963559,120.481195,小貨車-自用,0,20-29歲,女,1,0
7270,b5df8b51c4bbcdc8,2025/9/4,10,桃園市,龜山區,24.983044,121.340811,機車-普通重型,0,40-49歲,男,1,0
7271,15f9f9ba9e3d03d1,2025/7/16,11,臺南市,東區,22.987464,120.233548,小貨車-自用,0,50-59歲,男,1,0
7272,77bf9ce248321d60,2025/6/3,12,臺北市,內湖區,25.069089,121.57644,小客車(含客、貨兩用)-自用,0,40-49歲,女,1,0
7273,53883440b2caf2cf,2025/2/24,14,臺中市,大里區,24.106912,120.680844,機車-普通重型,0,50-59歲,男,1,0
7274,fcbeed6e603a4deb,2025/1/5,7,雲林縣,斗六市,23.709565,120.545238,機車-普通重型,0,50-59歲,男,1,0
7275,cef14787a173e247,2025/8/30,7,彰化縣,社頭鄉,23.900782,120.592337,機車-普通重型,0,40-49歲,男,1,0
7276,5712c1dd824db4b0,2025/5/25,18,新北市,板橋區,25.012537,121.469142,機車-普通重型,0,40-49歲,男,1,0
7277,8ee11282c153dc5a,2025/7/15,18,桃園市,龜山區,25.001512,121.354092,機車-普通重型,0,40-49歲,女,1,0
7278,5c6b398bb5615888,2025/4/15,16,臺南市,安平區,22.989085,120.168669,小貨車-自用,0,40-49歲,男,1,0
7279,8f2bce95a39fc9f7,2025/3/28,12,臺南市,仁德區,22.919053,120.229064,機車-普通重型,0,60歲以上,女,2,0
7280,c638f5b49b660216,2025/4/18,14,彰化縣,和美鎮,24.099611,120.482991,機車-普通重型,0,40-49歲,男,1,0
7281,707818c73c523ba4,2025/12/10,17,高雄市,鳳山區,22.622178,120.352092,機車-普通重型,0,40-49歲,男,1,0
7282,73ff1d1c9643f694,2025/10/10,23,臺南市,中西區,23.003539,120.190637,小客車(含客、貨兩用)-計程車,0,40-49歲,女,1,0
7283,14e4c0355dc6cabe,2025/8/10,18,雲林縣,北港鎮,23.578457,120.301045,機車-普通重型,0,50-59歲,女,2,0
7284,408d149bf6f68ca0,2025/12/15,8,桃園市,八德區,24.951606,121.320778,機車-普通重型,0,50-59歲,女,1,0
7285,03772df3b72de662,2025/11/10,11,嘉義縣,新港鄉,23.567234,120.349258,機車-普通重型,0,40-49歲,男,1,0
7286,279e4b248c9361a1,2025/10/13,10,桃園市,八德區,24.972591,121.274478,小貨車-自用,0,40-49歲,女,1,0
7287,a63e4089bb35e570,2025/5/16,8,臺中市,潭子區,24.193722,120.699508,機車-普通重型,0,50-59歲,男,1,0
7288,409679a83a69ae28,2025/11/26,13,南投縣,信義鄉,23.711989,120.853099,機車-普通重型,0,20-29歲,男,1,0
7289,bf04627474bc0039,2025/6/25,11,新北市,新莊區,25.017273,121.471604,機車-普通重型,0,20-29歲,男,3,0
7290,4a587b239d8af5ed,2025/2/1,12,新北市,新莊區,25.026737,121.42023,機車-普通重型,0,40-49歲,女,1,0
7291,367c545a729bf661,2025/1/26,22,臺北市,松山區,25.050204,121.544089,小客車(含客、貨兩用)-計程車,0,50-59歲,男,1,0
7292,9bc0a463c9a7f497,2025/5/26,19,桃園市,桃園區,24.991588,121.299297,機車-普通重型,0,40-49歲,男,1,0
7293,0f050616f1989edb,2025/7/12,14,苗栗縣,苗栗市,24.568549,120.824798,機車-普通重型,0,20-29歲,女,1,0
7294,b11362738361314e,2025/2/17,14,彰化縣,員林市,23.958384,120.572339,機車-普通重型,0,50-59歲,男,2,0
7295,7dc3f59224d5f2e7,2025/9/13,18,臺中市,東勢區,24.250642,120.833714,慢車-腳踏自行車,0,60歲以上,男,2,0
7296,2ca9706ed20aaca8,2025/4/30,17,新北市,蘆洲區,25.082123,121.473153,機車-普通重型,0,40-49歲,女,1,0
7297,60b799142475b7f5,2025/4/18,11,宜蘭縣,宜蘭市,24.755764,121.767172,慢車-微型電動二輪車,0,40-49歲,男,2,0
7298,a963fc240deb4de9,2025/8/12,10,新北市,中和區,25.005778,121.475723,機車-普通重型,0,30-39歲,女,1,0
7299,b45408f75d197ff9,2025/1/14,10,新竹縣,新埔鎮,24.830706,121.036439,小客車(含客、貨兩用)-自用,0,40-49歲,男,1,0
7300,401cbc2cf5377256,2025/8/5,3,臺中市,北屯區,24.201018,120.694144,小貨車-自用,0,40-49歲,男,1,0
7301,044924c4b04e2ef0,2025/7/16,9,新北市,土城區,24.989384,121.470289,機車-大型重型2(250-550C.C.),0,50-59歲,男,2,0
7302,861dd0ba59816da7,2025/12/3,12,雲林縣,斗六市,23.698892,120.538077,機車-普通重型,0,40-49歲,男,2,0
7303,1e49429359d39411,2025/10/11,7,南投縣,竹山鎮,23.754516,120.681459,機車-普通重型,0,40-49歲,男,1,0
7304,6e958b77784ae85d,2025/1/17,16,高雄市,路竹區,22.8583,120.2581,小客車(含客、貨兩用)-自用,0,40-49歲,男,1,0
7305,42c6496f6d905e17,2025/8/23,12,臺南市,南區,22.972979,120.190697,機車-普通重型,0,40-49歲,男,1,0
7306,d7a838fc34280f4d,2025/10/15,16,新北市,中和區,24.99986,121.511139,機車-普通重型,0,40-49歲,男,1,0
7307,99292b6b673b9a5e,2025/1/11,19,高雄市,橋頭區,22.752266,120.313126,小客車(含客、貨兩用)-自用,0,20-29歲,男,1,0
7308,5cefdb954878efd1,2025/10/17,16,桃園市,大園區,25.086436,121.224486,機車-普通重型,0,50-59歲,男,1,0
7309,a50741fc46b4a1a2,2025/9/24,12,高雄市,大寮區,22.602229,120.409073,機車-普通重型,0,30-39歲,男,1,0
7310,86cdeab1304c19e3,2025/7/23,17,雲林縣,虎尾鎮,23.712856,120.431821,小客車(含客、貨兩用)-自用,0,20-29歲,男,1,0
7311,916288fb6cdd3421,2025/7/22,15,雲林縣,斗六市,23.695974,120.520507,慢車-腳踏自行車,0,20-29歲,男,1,0
7312,48265286b0b1afe3,2025/4/12,9,臺中市,新社區,24.220365,120.806997,機車-普通輕型,0,30-39歲,男,1,0
7313,facf708992b624c3,2025/2/12,15,臺南市,永康區,23.034976,120.244118,小客車(含客、貨兩用)-自用,0,30-39歲,男,1,0
7314,01c81be86601444e,2025/12/10,17,臺中市,大甲區,24.342707,120.623798,機車-普通重型,0,40-49歲,男,2,0
7315,d3b170d9b28393de,2025/2/10,16,新竹縣,湖口鄉,24.865162,121.024125,機車-普通重型,0,30-39歲,女,2,0
7316,13f882c6587aa34e,2025/12/17,11,新北市,土城區,24.989804,121.454818,慢車-微型電動二輪車,0,30-39歲,女,2,0
7317,c0ca366744c07f80,2025/1/28,15,臺北市,大同區,25.060373,121.519947,小客車(含客、貨兩用)-租賃車,0,40-49歲,男,1,0
7318,915d762bd7558a4c,2025/10/3,18,高雄市,三民區,22.66749,120.322431,機車-普通重型,0,50-59歲,男,2,0
7319,5d018e983b91f228,2025/1/4,12,臺南市,東區,22.976477,120.22393,機車-普通輕型,0,30-39歲,女,1,0
7320,346f37ff62f6cbea,2025/10/16,8,新北市,林口區,25.073141,121.365964,小客車(含客、貨兩用)-自用,0,40-49歲,男,1,0
7321,46dd4e4416eb5169,2025/7/24,13,新竹縣,新豐鄉,24.866307,120.980392,機車-普通重型,0,60歲以上,女,1,0
7322,af522808efc54eef,2025/4/5,16,雲林縣,莿桐鄉,23.738415,120.514676,機車-普通重型,0,40-49歲,男,2,0
7323,ed22ae0fdd464fee,2025/7/14,17,臺中市,大里區,24.088456,120.702883,機車-普通重型,0,30-39歲,男,1,0
7324,c9679a9b1633898c,2025/4/3,11,臺北市,北投區,25.130647,121.501208,小客車(含客、貨兩用)-自用,0,40-49歲,女,1,0
7325,b16f055f1cf0dc62,2025/9/30,16,新北市,新莊區,25.032456,121.434803,機車-普通重型,0,40-49歲,男,2,0
7326,ce0972cedce0104c,2025/7/15,6,彰化縣,員林市,23.967631,120.583674,機車-普通重型,0,40-49歲,男,1,0
7327,77bd982e093e7930,2025/5/26,11,臺北市,信義區,25.024038,121.560873,小貨車-自用,0,30-39歲,男,1,0
7328,26fa865f0f71fac2,2025/2/8,20,桃園市,中壢區,24.932348,121.237622,小客車(含客、貨兩用)-自用,0,40-49歲,男,1,0
7329,90b805a2228a5969,2025/12/15,21,新竹市,北區,24.839735,120.929611,小客車(含客、貨兩用)-自用,0,40-49歲,男,1,0
7330,94fde2fd0fd274ad,2025/9/21,14,臺南市,永康區,23.030857,120.251528,小客車(含客、貨兩用)-自用,0,30-39歲,男,1,0
7331,00b28a8b4c66fcd8,2025/7/30,9,臺南市,仁德區,22.936555,120.232844,曳引車-自用,0,50-59歲,男,1,0
7332,dba8cd560c95505d,2025/2/12,15,臺中市,北區,24.154308,120.668073,小客車(含客、貨兩用)-自用,0,60歲以上,男,1,0
7333,579abe48c88e63f2,2025/4/3,20,臺北市,萬華區,25.027171,121.493946,小客車(含客、貨兩用)-計程車,0,40-49歲,男,1,0
7334,3330e8c7c281040c,2025/10/24,10,臺東縣,成功鎮,23.103169,121.378563,小貨車-自用,0,50-59歲,男,1,0
7335,8ba484b2d9c73e00,2025/10/24,10,臺中市,北區,24.169947,120.677096,機車-普通重型,0,40-49歲,男,1,0
7336,42f5155f18bac358,2025/1/9,8,嘉義縣,太保市,23.500482,120.359395,機車-普通重型,0,30-39歲,男,1,0
7337,2d298fd27798a1ab,2025/2/15,16,臺中市,烏日區,24.109154,120.641981,機車-普通重型,0,40-49歲,男,1,0
7338,4f8197f830db442e,2025/12/4,1,屏東縣,內埔鄉,22.640828,120.59307,機車-普通重型,0,50-59歲,男,1,0
7339,b17b7730ff3215b6,2025/9/13,7,雲林縣,北港鎮,23.583412,120.299257,機車-普通重型,0,50-59歲,男,1,0
7340,7d744c19025367ad,2025/12/9,7,新北市,林口區,25.067772,121.379941,小客車(含客、貨兩用)-自用,0,19歲以下,男,1,0
7341,979094b3a2e64213,2025/6/23,6,苗栗縣,竹南鎮,24.694983,120.865436,小客車(含客、貨兩用)-自用,0,30-39歲,女,1,0
7342,ce734d502e4f0159,2025/6/20,17,新竹縣,新豐鄉,24.871301,120.998369,小客車(含客、貨兩用)-自用,0,50-59歲,男,2,0
7343,b2e335f98e01297a,2025/5/12,17,高雄市,仁武區,22.705813,120.328888,小貨車-自用,0,40-49歲,男,2,0
7344,efa395035d42630a,2025/11/4,10,南投縣,南投市,23.908897,120.687517,機車-普通重型,0,20-29歲,男,1,0
7345,332710721d1f58a1,2025/1/4,10,臺北市,大安區,25.024744,121.546713,小客車(含客、貨兩用)-計程車,0,40-49歲,女,1,0
7346,5ce5fe94694cd903,2025/10/14,10,嘉義縣,中埔鄉,23.442209,120.490575,大貨車-自用,0,50-59歲,男,1,0
7347,1b8818de102c1557,2025/10/14,7,新竹縣,湖口鄉,24.892667,121.041291,機車-普通重型,0,50-59歲,男,1,0
7348,9b1a9aa0025f1f94,2025/8/25,13,屏東縣,恆春鎮,22.003347,120.743213,機車-普通重型,0,20-29歲,男,1,0
7349,508d4317923ee04d,2025/8/15,8,桃園市,觀音區,24.995024,121.1339,機車-普通重型,0,40-49歲,女,2,0
7350,cc974f21479d2751,2025/11/14,6,苗栗縣,竹南鎮,24.691609,120.886706,機車-普通重型,0,40-49歲,男,1,0
7351,adcb634d6cae13a2,2025/12/21,18,新北市,三重區,25.0821,121.493211,機車-普通重型,0,40-49歲,女,1,0
7352,2f424a7c0035962b,2025/4/9,7,臺中市,南區,24.117636,120.652502,機車-普通重型,0,60歲以上,男,1,0
7353,ac5c33a687dc2e32,2025/12/30,12,高雄市,仁武區,22.684789,120.340382,機車-普通重型,0,40-49歲,男,1,0
7354,020efefc5fab7dd7,2025/4/15,19,彰化縣,北斗鎮,23.875824,120.540575,機車-普通重型,0,20-29歲,男,1,0
7355,385d6ddb0c495d39,2025/9/30,17,臺中市,霧峰區,24.035658,120.67458,機車-普通重型,0,40-49歲,男,1,0
7356,c73915b18f3749ac,2025/9/11,16,臺中市,南區,24.127813,120.681121,小客車(含客、貨兩用)-自用,0,30-39歲,男,1,0
7357,4ed08e65ed1684e2,2025/1/31,12,新北市,新莊區,25.033547,121.453971,機車-普通重型,0,40-49歲,男,1,0
7358,6ccb6e37f6826ace,2025/12/20,12,桃園市,中壢區,25.014149,121.21716,機車-普通重型,0,60歲以上,女,1,0
7359,54a4513c76d84804,2025/8/13,21,臺中市,后里區,24.308795,120.722941,機車-普通重型,0,60歲以上,男,2,0
7360,9fa2642e55db991f,2025/12/17,13,彰化縣,伸港鄉,24.165811,120.488448,小客車(含客、貨兩用)-自用,0,50-59歲,男,1,0
7361,ef4369d9484c035f,2025/11/25,9,臺中市,烏日區,24.064303,120.642158,機車-普通重型,0,30-39歲,男,1,0
7362,b7cfe4c9e7526013,2025/10/9,19,臺北市,內湖區,25.064463,121.585438,小客車(含客、貨兩用)-計程車,0,30-39歲,男,1,0
7363,5eb3ea160289b913,2025/6/16,15,新北市,板橋區,25.008436,121.455592,機車-大型重型1(550C.C.以上),0,50-59歲,男,2,0
7364,eb2283c5a194fcb1,2025/10/1,8,高雄市,鳳山區,22.619394,120.365464,小貨車-自用,0,20-29歲,女,1,0
7365,eefd818be42d102a,2025/4/30,11,臺南市,善化區,23.132307,120.291198,機車-普通重型,0,60歲以上,男,1,0
7366,16943cba14f16273,2025/5/13,9,高雄市,燕巢區,22.760681,120.367751,半聯結車-營業用,0,20-29歲,男,1,0
7367,41d935c386602822,2025/4/20,21,臺南市,安定區,23.082726,120.228827,小客車(含客、貨兩用)-自用,0,40-49歲,男,4,0
7368,50f34a87565778d3,2025/1/20,8,桃園市,楊梅區,24.907727,121.145583,小客車(含客、貨兩用)-自用,0,50-59歲,男,1,0
7369,c7018806b7b1e55e,2025/12/23,15,臺南市,仁德區,22.923956,120.223238,小客車(含客、貨兩用)-自用,0,40-49歲,女,1,0
7370,f682454c4911fa59,2025/4/22,8,南投縣,南投市,23.913815,120.693085,機車-普通重型,0,30-39歲,男,1,0
7371,12fd5ddce00dfa9f,2025/7/30,7,臺中市,西屯區,24.182084,120.625002,機車-普通重型,0,30-39歲,男,2,0
7372,8c4de136589c18c7,2025/5/30,8,桃園市,桃園區,25.000296,121.314301,機車-普通重型,0,20-29歲,男,2,0
7373,7cac0094f589644c,2025/3/26,15,高雄市,永安區,22.80275,120.243196,機車-普通重型,0,50-59歲,男,2,0
7374,2bf78a8eef32e0fc,2025/10/14,11,苗栗縣,頭份市,24.695713,120.901631,機車-普通重型,0,20-29歲,男,1,0
7375,d438bf7ad704753c,2025/12/10,7,高雄市,旗山區,22.884658,120.485562,小客車(含客、貨兩用)-自用,0,50-59歲,女,1,0
7376,a82571c4ca25e12b,2025/12/23,11,新北市,板橋區,25.033313,121.477844,小客車(含客、貨兩用)-自用,0,50-59歲,男,1,0
7377,feb8cca56036799d,2025/5/15,8,彰化縣,和美鎮,24.080629,120.516096,機車-普通重型,0,40-49歲,男,1,0
7378,7fe58858af0372b9,2025/4/10,15,臺中市,南屯區,24.115365,120.626295,小客車(含客、貨兩用)-自用,0,30-39歲,女,1,0
7379,f0894d37bb8ddb6d,2025/4/8,6,新北市,土城區,24.977037,121.458937,小客車(含客、貨兩用)-自用,0,60歲以上,男,1,0
7380,6c004a15baaf45fe,2025/6/5,18,新竹市,東區,24.796777,120.973084,小客車(含客、貨兩用)-自用,0,40-49歲,男,1,0
7381,9d842d1ad6a66fc6,2025/8/29,19,新北市,蘆洲區,25.082431,121.480433,小客車(含客、貨兩用)-計程車,0,50-59歲,男,1,0
7382,ddb36f1977cd17c9,2025/10/25,18,臺中市,大里區,24.111385,120.683819,小客車(含客、貨兩用)-計程車,0,50-59歲,女,1,0
7383,79887b0a6c32229a,2025/12/8,16,金門縣,金寧鄉,24.430093,118.337501,機車-普通重型,0,20-29歲,男,1,0
7384,f20cbe007f0f9195,2025/8/26,16,桃園市,桃園區,25.0112,121.313016,機車-普通重型,0,20-29歲,男,1,0
7385,07bd43e7f13fa5ed,2025/11/27,18,臺南市,東區,22.990299,120.225942,機車-普通重型,0,30-39歲,男,2,0
7386,9b0fa53c4e68a191,2025/9/7,9,屏東縣,東港鎮,22.468939,120.448703,機車-普通重型,0,50-59歲,男,2,0
7387,b62023c63f7be0ac,2025/11/4,14,高雄市,大寮區,22.608278,120.393301,機車-普通重型,0,60歲以上,男,2,0
7388,d8068e2196f3201f,2025/1/26,9,臺中市,大雅區,24.22412,120.649567,機車-普通重型,0,40-49歲,男,1,0
7389,00815daca63f398f,2025/7/25,7,嘉義縣,六腳鄉,23.532088,120.289141,機車-普通重型,0,30-39歲,男,3,0
7390,b953e411fa2dc7c5,2025/4/9,23,臺北市,中正區,25.028676,121.505351,機車-普通重型,0,40-49歲,男,3,0
7391,c1ea90733985301e,2025/8/9,15,桃園市,桃園區,24.99341,121.296967,小貨車-自用,0,19歲以下,男,1,0
7392,a744516050066f13,2025/4/4,10,新北市,三重區,25.090759,121.490823,機車-普通重型,0,50-59歲,男,2,0
7393,1d707294476bb3f3,2025/4/3,10,苗栗縣,竹南鎮,24.685864,120.85172,機車-普通重型,0,40-49歲,男,1,0
7394,6ee6242d38e5ae2a,2025/2/17,20,桃園市,中壢區,24.960595,121.209375,機車-普通重型,0,30-39歲,女,2,0
7395,c36d6b340daf68a4,2025/6/26,16,南投縣,埔里鎮,23.959886,120.969795,機車-普通重型,0,19歲以下,男,1,0
7396,14ec0d6216fc87ff,2025/11/3,6,苗栗縣,頭份市,24.698846,120.899394,小客車(含客、貨兩用)-自用,0,20-29歲,男,1,0
7397,809c0a4aac82ae93,2025/6/11,15,臺中市,西屯區,24.163931,120.648176,機車-普通重型,0,20-29歲,男,1,0
7398,2ad2ddf6ef29b3d0,2025/9/19,21,高雄市,苓雅區,22.63294,120.3281,機車-普通重型,0,50-59歲,男,1,0
7399,0d44ed236d24f30a,2025/9/7,10,南投縣,仁愛鄉,24.004871,121.088028,機車-普通重型,0,50-59歲,男,2,0
7400,a59bca2b4b973657,2025/9/11,16,臺南市,永康區,23.004362,120.23358,機車-普通重型,0,30-39歲,男,1,0
7401,78a4adaf85431d68,2025/10/6,11,桃園市,平鎮,24.908019,121.223956,小客車(含客、貨兩用)-自用,0,50-59歲,男,1,0
7402,c693cff293e4d686,2025/8/29,7,臺南市,安定區,23.127045,120.25763,機車-普通重型,0,60歲以上,男,2,0
7403,63061b4f59b51738,2025/12/16,15,嘉義縣,大林鎮,23.614885,120.467632,機車-普通重型,0,50-59歲,男,1,0
7404,9405dc6ed2e3ebdc,2025/7/23,9,高雄市,鳳山區,22.59012,120.3657,機車-普通重型,0,60歲以上,男,2,0
7405,01eb17ea0aa78649,2025/12/27,19,苗栗縣,頭份市,24.680323,120.904246,慢車-腳踏自行車,0,50-59歲,女,1,0
7406,ffa900396fc58d2b,2025/11/6,8,新北市,板橋區,25.002171,121.461883,機車-普通重型,0,40-49歲,男,1,0
7407,67aebd419a46ed76,2025/7/11,14,臺北市,信義區,25.048223,121.565844,機車-普通重型,0,40-49歲,男,1,0
7408,46cd80a79ade6472,2025/11/20,8,臺北市,中正區,25.029823,121.515291,機車-普通輕型,0,60歲以上,男,2,0
7409,3bf3e0a6ab0e9f2a,2025/9/8,17,苗栗縣,苗栗市,24.580264,120.825783,機車-普通重型,0,50-59歲,男,2,0
7410,fa3fc11b7cf3b942,2025/12/18,13,雲林縣,虎尾鎮,23.688358,120.413404,大貨車-自用,0,40-49歲,男,1,0
7411,341f119aab46a4a1,2025/8/14,4,新北市,三重區,25.05972,121.496,機車-普通重型,0,40-49歲,女,1,0
7412,6445fc4f0610b60b,2025/4/23,23,新北市,板橋區,25.004944,121.468121,機車-普通重型,0,50-59歲,男,2,0
7413,5b69cdb67dcc6413,2025/9/1,14,高雄市,前鎮,22.607064,120.312073,機車-普通輕型,0,40-49歲,男,2,0
7414,8ce806f60bf38131,2025/11/29,13,新北市,泰山區,25.009133,121.481286,小客車(含客、貨兩用)-自用,0,50-59歲,男,1,0
7415,068448fbd9455206,2025/1/22,18,新竹市,東區,24.804678,120.970266,機車-普通重型,0,40-49歲,女,1,0
7416,8de13ffff0b51f5c,2025/5/23,16,桃園市,桃園區,25.007666,121.295131,小客車(含客、貨兩用)-自用,0,40-49歲,男,1,0
7417,7de704c3ef63e353,2025/9/10,10,新竹縣,竹北市,24.837411,121.024067,機車-普通重型,0,50-59歲,男,1,0
7418,19d8cc194875c388,2025/4/1,11,桃園市,中壢區,24.965416,121.228125,小貨車-自用,0,40-49歲,男,1,0
7419,a2d2f78476256d95,2025/4/29,12,嘉義縣,朴子市,23.438019,120.246249,大貨車-營業用,0,30-39歲,男,1,0
7420,79dca1e7b042f352,2025/6/12,6,桃園市,中壢區,24.957833,121.202383,機車-普通重型,0,50-59歲,男,1,0
7421,9540af94a3c44986,2025/4/15,8,新北市,永和區,25.013929,121.517848,機車-普通重型,0,40-49歲,男,2,0
7422,d1bc705d58869436,2025/12/11,17,彰化縣,和美鎮,24.118505,120.525338,機車-普通重型,0,40-49歲,男,2,0
7423,31dc0d6bfbb8e812,2025/6/3,14,臺南市,東區,22.982499,120.217419,小客車(含客、貨兩用)-租賃車,0,40-49歲,男,1,0
7424,7c7acb494cb8ea71,2025/7/12,17,高雄市,大寮區,22.61356,120.4013,機車-普通重型,0,30-39歲,男,1,0
7425,88a876f6c98b8aaa,2025/10/13,18,桃園市,中壢區,24.968527,121.235588,小客車(含客、貨兩用)-自用,0,50-59歲,男,1,0
7426,63b969bb18a073fa,2025/10/23,9,高雄市,大寮區,22.63519,120.3881,機車-普通重型,0,50-59歲,男,2,0
7427,5defb1e72e6341a3,2025/1/17,9,臺中市,西區,24.131026,120.667845,機車-普通重型,0,40-49歲,男,1,0
7428,6c4d99e47eb05ebb,2025/3/27,14,臺南市,永康區,23.049059,120.237463,機車-普通重型,0,50-59歲,男,1,0
7429,44cd4637877bd4fc,2025/11/5,15,高雄市,阿蓮區,22.87939,120.3343,機車-普通重型,0,50-59歲,男,1,0
7430,f88f00907da178b8,2025/7/5,14,屏東縣,屏東市,22.669895,120.492727,小客車(含客、貨兩用)-自用,0,20-29歲,男,2,0
7431,4fa7bd81f16e9ecb,2025/10/23,21,臺中市,北區,24.146831,120.681472,機車-普通重型,0,20-29歲,男,2,0
7432,1800d872c7d8c995,2025/9/22,7,苗栗縣,苗栗市,24.571529,120.822971,小客車(含客、貨兩用)-自用,0,40-49歲,男,1,0
7433,c53bf53487dede1f,2025/1/1,9,臺南市,六甲區,23.219965,120.349465,機車-普通重型,0,40-49歲,男,2,0
7434,5a10d6735a422317,2025/3/30,16,臺南市,新化區,23.024227,120.289188,小客車(含客、貨兩用)-自用,0,60歲以上,男,1,0
7435,7e3e665bf0c2fc0f,2025/2/28,7,臺南市,麻豆區,23.177366,120.24152,機車-普通重型,0,50-59歲,男,1,0
7436,056e16d5a4d95469,2025/9/11,19,新北市,板橋區,24.999942,121.444735,機車-普通重型,0,40-49歲,男,1,0
7437,f47430a237d7f400,2025/5/12,14,臺北市,松山區,25.054504,121.569887,小客車(含客、貨兩用)-租賃車,0,40-49歲,女,1,0
7438,28a8008bd7e5d8d2,2025/7/5,17,苗栗縣,竹南鎮,24.69549,120.86776,機車-普通重型,0,40-49歲,男,1,0
7439,ea16354f0f811279,2025/3/25,17,彰化縣,彰化市,24.060093,120.54008,小客車(含客、貨兩用)-自用,0,30-39歲,男,1,0
7440,17294da969110112,2025/4/15,12,新北市,三芝區,25.259756,121.497921,機車-普通重型,0,40-49歲,女,1,0
7441,4dd4e4cf48b1e37a,2025/4/21,8,高雄市,大社區,22.732395,120.346469,機車-大型重型1(550C.C.以上),0,40-49歲,男,1,0
7442,9c584095e6f1300b,2025/9/15,11,臺南市,六甲區,23.231047,120.349774,機車-普通重型,0,30-39歲,男,1,0
7443,ebf599740f5e20fe,2025/10/12,11,臺中市,西屯區,24.199972,120.655715,機車-普通重型,0,40-49歲,男,1,0
7444,8aab75664fa6ca3f,2025/10/7,18,臺中市,南區,24.121732,120.651786,機車-普通重型,0,50-59歲,女,1,0
7445,db24601fdd1b8506,2025/8/29,10,彰化縣,員林市,23.954458,120.57447,機車-普通重型,0,50-59歲,女,2,0
7446,0c42d4cc6f5c5476,2025/9/8,9,新竹市,北區,24.814811,120.961677,機車-普通重型,0,20-29歲,男,1,0
7447,40d7a616ac9fe2cc,2025/11/27,17,新北市,五股區,25.085692,121.463436,機車-普通重型,0,30-39歲,男,2,0
7448,8f19d51c9ef0ce76,2025/8/23,8,臺南市,柳營區,23.26607,120.293656,大貨車-自用,0,30-39歲,女,1,0
7449,788a56a7b1e2a290,2025/2/8,8,臺中市,大甲區,24.345062,120.625224,小客車(含客、貨兩用)-自用,0,50-59歲,男,1,0
7450,2adbf22c16b54def,2025/11/19,17,臺中市,北屯區,24.198841,120.675954,機車-普通重型,0,40-49歲,男,1,0
7451,86a5febb367d527a,2025/1/26,19,臺南市,中西區,22.994513,120.197232,機車-普通重型,0,40-49歲,女,1,0
7452,ad4c60c63a817c3e,2025/6/4,0,新北市,三重區,25.052483,121.49142,機車-普通重型,0,20-29歲,男,2,0
7453,a6dafa19bef277f7,2025/4/27,10,高雄市,鳳山區,22.62626,120.3405,機車-普通重型,0,19歲以下,男,2,0
7454,c92e1e81ad64c691,2025/8/13,22,桃園市,中壢區,24.957185,121.223796,機車-普通重型,0,20-29歲,男,3,0
7455,f35762e70197434b,2025/11/6,18,臺中市,霧峰區,24.058716,120.693316,機車-普通重型,0,30-39歲,男,2,0
7456,4f9246fa2a992e98,2025/3/4,8,桃園市,中壢區,24.957555,121.22407,機車-普通重型,0,50-59歲,男,3,0
7457,a2023d385245eb2c,2025/2/1,12,臺中市,霧峰區,24.042357,120.795444,機車-普通重型,0,30-39歲,男,1,0
7458,07407da6f4375368,2025/5/24,11,新北市,三重區,25.071953,121.470996,小客車(含客、貨兩用)-自用,0,40-49歲,男,1,0
7459,4c8394605bde5c3c,2025/2/28,17,新竹市,東區,24.814373,120.975429,小客車(含客、貨兩用)-自用,0,30-39歲,女,1,0
7460,502c9e47ac2a0c55,2025/8/26,11,桃園市,中壢區,24.977769,121.236283,小貨車-自用,0,50-59歲,男,1,0
7461,411d5b1af8888ee6,2025/6/4,19,新竹市,東區,24.803996,120.971704,機車-普通重型,0,30-39歲,女,1,0
7462,ae8940b8b3af0f52,2025/5/26,12,臺南市,歸仁區,22.974149,120.297911,機車-普通重型,0,40-49歲,男,2,0
7463,863b87be01b5391b,2025/6/9,6,新竹縣,新豐鄉,24.864597,120.990246,機車-普通重型,0,40-49歲,女,1,0
7464,14ce19c261da903b,2025/9/2,17,臺中市,神岡區,24.245017,120.671015,小客車(含客、貨兩用)-自用,0,50-59歲,男,1,0
7465,09eabdc5157cb8ff,2025/3/29,16,新北市,三重區,25.063789,121.49205,機車-普通重型,0,60歲以上,男,2,0
7466,7984f416ed3a6ef8,2025/9/4,10,臺南市,仁德區,22.947255,120.251178,小客車(含客、貨兩用)-計程車,0,20-29歲,男,1,0
7467,c80176fb2ac6da0d,2025/8/14,17,臺北市,士林區,25.101905,121.539674,小客車(含客、貨兩用)-自用,0,30-39歲,男,1,0
7468,f2c9458df3428519,2025/11/10,18,臺北市,大安區,25.01358,121.539799,機車-普通重型,0,40-49歲,男,1,0
7469,13b2f9dce4fb38f8,2025/3/13,13,臺南市,中西區,22.987818,120.201797,機車-普通重型,0,50-59歲,男,1,0
7470,73ef33cc4e08ce22,2025/3/30,13,花蓮縣,秀林鄉,24.117253,121.625018,慢車-微型電動二輪車,0,50-59歲,男,3,0
7471,4e817a2f6f0f9fdb,2025/2/12,18,雲林縣,斗六市,23.709477,120.529006,小客車(含客、貨兩用)-自用,0,40-49歲,男,1,0
7472,8fc8ccd521433287,2025/4/5,9,臺南市,東區,22.980031,120.245003,機車-普通重型,0,50-59歲,男,1,0
7473,8825e20159933338,2025/10/18,16,宜蘭縣,宜蘭市,24.758585,121.756687,機車-普通重型,0,20-29歲,女,2,0
7474,075ad870deb685d2,2025/2/22,4,桃園市,蘆竹區,25.057583,121.277915,小客車(含客、貨兩用)-自用,0,50-59歲,男,2,0
7475,e101eaf9c27bf408,2025/12/23,15,臺中市,后里區,24.312691,120.726947,機車-普通重型,0,40-49歲,男,1,0
7476,402686a5f7546830,2025/8/4,7,彰化縣,和美鎮,24.101537,120.521207,機車-普通重型,0,20-29歲,男,1,0
7477,93db7850c53dcccb,2025/9/8,13,臺中市,南區,24.132286,120.678202,機車-普通重型,0,40-49歲,女,1,0
7478,763830fec8cdd330,2025/4/8,11,桃園市,桃園區,25.007415,121.3209,機車-普通重型,0,40-49歲,男,1,0
7479,d2faf35c890fa3ad,2025/7/9,10,宜蘭縣,員山鄉,24.746262,121.728923,機車-普通重型,0,50-59歲,女,2,0
7480,9ed6e764e3ef2c5c,2025/12/25,7,新北市,新莊區,25.01412,121.434631,機車-大型重型2(250-550C.C.),0,40-49歲,男,1,0
7481,ed822da4adaddcb2,2025/7/8,11,臺中市,西屯區,24.170469,120.638058,機車-普通重型,0,40-49歲,男,1,0
7482,7e73689100d04826,2025/6/22,17,南投縣,草屯鎮,23.984381,120.686282,機車-普通重型,0,30-39歲,男,1,0
7483,1ee7222edaad56a5,2025/8/13,19,桃園市,蘆竹區,25.026597,121.266933,機車-普通重型,0,60歲以上,男,3,0
7484,2c3406a41c347925,2025/2/16,14,新竹市,北區,24.805529,120.962897,小客車(含客、貨兩用)-自用,0,30-39歲,男,1,0
7485,dfc5f36e691fe52c,2025/8/7,17,臺中市,霧峰區,24.06215,120.679272,小客車(含客、貨兩用)-自用,0,40-49歲,男,1,0
7486,0b0e71ac409df15b,2025/6/27,7,新竹縣,新埔鎮,24.832037,121.03112,機車-普通重型,0,40-49歲,男,1,0
7487,b738e0f24c5492ac,2025/12/19,15,臺中市,南屯區,24.1394,120.636072,小貨車-自用,0,30-39歲,男,1,0
7488,8b92405b7f6daef6,2025/6/24,11,臺南市,永康區,23.026836,120.229187,機車-普通重型,0,40-49歲,男,1,0
7489,922296b6cf7f8b63,2025/8/5,7,高雄市,楠梓區,22.699774,120.302699,小客車(含客、貨兩用)-自用,0,60歲以上,男,1,0
7490,d0128d4c1d64b4f2,2025/8/21,12,彰化縣,大村鄉,23.993629,120.577976,全聯結車-營業用,0,40-49歲,男,1,0
7491,e6fc5b9730a2d496,2025/6/3,17,桃園市,龜山區,25.058114,121.37311,機車-普通重型,0,60歲以上,男,1,0
7492,61a1630ec9c8c323,2025/7/28,9,高雄市,三民區,22.642851,120.336992,小客車(含客、貨兩用)-自用,0,30-39歲,男,1,0
7493,99c8beff44da2add,2025/2/11,16,桃園市,桃園區,24.975538,121.309181,慢車-微型電動二輪車,0,40-49歲,男,1,0
7494,794b7c5baec4b0c4,2025/10/18,11,新北市,永和區,25.007141,121.515128,機車-普通重型,0,40-49歲,男,2,0
7495,ea445779500c776c,2025/1/27,15,新北市,三重區,25.060881,121.488336,機車-普通重型,0,50-59歲,男,2,0
7496,75d7a2c841e7dce2,2025/12/31,18,臺中市,潭子區,24.20876,120.680853,機車-普通重型,0,20-29歲,男,1,0
7497,cc6d67d3cfa66c3e,2025/7/17,17,屏東縣,萬丹鄉,22.589745,120.462754,機車-普通重型,0,40-49歲,女,2,0
7498,5f4f4a19e3e2f082,2025/5/1,8,桃園市,桃園區,25.008304,121.319334,慢車-腳踏自行車,0,40-49歲,女,1,0
7499,454f19207fe5664f,2025/8/5,9,嘉義市,西區,23.481931,120.420516,小客車(含客、貨兩用)-自用,0,50-59歲,男,1,0
7500,0228a67839758d30,2025/7/22,20,苗栗縣,苗栗市,24.567708,120.82107,機車-普通重型,0,40-49歲,女,3,0
7501,6d10c78e82b9dd40,2025/9/3,8,苗栗縣,三義鄉,24.346656,120.742564,機車-普通重型,0,19歲以下,男,1,0
7502,25463f18bbf9e6c5,2025/8/27,8,新北市,汐止區,25.056956,121.633336,大客車-自用,0,20-29歲,男,1,0
7503,e02510ce4ca2ec8d,2025/8/8,7,臺北市,大安區,25.022737,121.534541,小客車(含客、貨兩用)-自用,0,30-39歲,男,1,0
7504,f11881d3a96c01a0,2025/6/28,11,高雄市,鳥松區,22.652256,120.340154,機車-普通重型,0,60歲以上,男,1,0
7505,b1dc91f454e9ea6b,2025/6/20,11,臺中市,外埔區,24.319922,120.667916,機車-普通重型,0,50-59歲,男,1,0
7506,16bbdeede0eef663,2025/4/7,7,嘉義縣,布袋鎮,23.34269,120.175235,機車-普通重型,0,50-59歲,女,1,0
7507,6f80079cf64697ef,2025/9/28,19,屏東縣,潮州鎮,22.560171,120.533085,小客車(含客、貨兩用)-自用,0,60歲以上,男,1,0
7508,04eff9dd5ae9c238,2025/9/7,16,嘉義縣,民雄鄉,23.529657,120.426228,機車-普通重型,0,40-49歲,男,1,0
7509,75268aa2ce8bf2af,2025/10/16,12,臺中市,北屯區,24.182851,120.66585,機車-普通重型,0,50-59歲,男,1,0
7510,1f1c9ef4622c10a5,2025/6/16,16,彰化縣,線西鄉,24.135916,120.454069,機車-普通重型,0,50-59歲,男,1,0
7511,4f456cee2e10b036,2025/11/18,7,臺中市,太平區,24.156279,120.719889,小客車(含客、貨兩用)-自用,0,50-59歲,男,1,0
7512,4eef0d48a1e5e73b,2025/7/31,13,桃園市,中壢區,24.95299,121.264037,小客車(含客、貨兩用)-自用,0,30-39歲,男,1,0
7513,fe7b746cfd44495d,2025/10/7,1,臺中市,中區,24.140214,120.677239,機車-普通重型,0,50-59歲,男,1,0
7514,7c3929b1e764e495,2025/3/8,9,新竹市,東區,24.786446,121.015048,機車-普通重型,0,50-59歲,男,1,0
7515,47c6f7040ac473b7,2025/8/21,8,桃園市,八德區,24.956295,121.303165,機車-普通重型,0,19歲以下,男,1,0
7516,044abd86d1f2d820,2025/7/19,19,臺南市,永康區,23.045875,120.262046,機車-普通重型,0,50-59歲,男,1,0
7517,8bea47078106c96e,2025/4/28,16,臺中市,北屯區,24.197261,120.675218,未知,0,30-39歲,男,1,0
7518,c822ee5b1a79c248,2025/1/1,12,新竹市,北區,24.811406,120.96354,機車-普通重型,0,40-49歲,男,1,0
7519,fb19acee8b627401,2025/1/21,16,高雄市,前鎮,22.607581,120.316247,小客車(含客、貨兩用)-自用,0,30-39歲,男,2,0
7520,b2bc10814b47eca8,2025/8/1,8,臺中市,北屯區,24.181487,120.686216,機車-普通重型,0,50-59歲,男,2,0
7521,8f14d6c8728be0b6,2025/8/11,8,新北市,汐止區,25.074803,121.6503,機車-普通重型,0,30-39歲,男,1,0
7522,06d548a77b3bad7b,2025/11/26,14,臺南市,安南區,23.033138,120.164821,曳引車-營業用,0,40-49歲,男,1,0
7523,2dc6428b6324aa52,2025/12/19,17,嘉義縣,民雄鄉,23.554643,120.433908,機車-普通重型,0,40-49歲,女,2,0
7524,633852eb3abc9e3e,2025/2/25,11,臺中市,豐原區,24.248438,120.730408,機車-普通重型,0,30-39歲,男,2,0
7525,fcab9a4a83c7c102,2025/9/21,21,臺中市,中區,24.139384,120.684504,小客車(含客、貨兩用)-自用,0,40-49歲,女,1,0
7526,07a4cc8868572760,2025/3/3,20,高雄市,鳥松區,22.650492,120.348013,小客車(含客、貨兩用)-自用,0,50-59歲,男,2,0
7527,17fb600be7e9f47f,2025/12/23,13,高雄市,前鎮,22.6139,120.314696,機車-普通重型,0,50-59歲,男,2,0
7528,9f6b968e5782668b,2025/8/16,9,桃園市,桃園區,25.001203,121.315483,特種車-警備車,0,30-39歲,男,1,0
7529,650775056868b0b9,2025/4/22,8,臺中市,太平區,24.143229,120.726666,機車-普通重型,0,40-49歲,男,2,0
7530,dec5f79921ac37bf,2025/6/11,10,新北市,中和區,24.998164,121.49849,機車-普通重型,0,30-39歲,男,1,0
7531,c1cb5fed5f7a1fce,2025/12/19,10,屏東縣,內埔鄉,22.630076,120.592949,機車-普通重型,0,40-49歲,男,1,0
7532,f1b8fb707ab2f113,2025/5/28,20,臺南市,安南區,23.034533,120.211553,小客車(含客、貨兩用)-自用,0,60歲以上,女,1,0
7533,b28b3979d11db5a7,2025/11/12,15,臺中市,北區,24.149417,120.685224,機車-普通重型,0,40-49歲,男,3,0
7534,2d0b37581b916176,2025/8/4,6,臺中市,清水區,24.266383,120.574787,機車-普通重型,0,40-49歲,男,1,0
7535,7a417a15e509b3ed,2025/11/1,18,雲林縣,北港鎮,23.571372,120.302489,機車-普通重型,0,40-49歲,男,4,0
7536,697594f278edc136,2025/1/1,15,臺南市,安定區,23.093026,120.209834,小客車(含客、貨兩用)-自用,0,20-29歲,女,1,0
7537,50f714a5d29a11b1,2025/12/23,12,桃園市,中壢區,24.981889,121.191046,小貨車-自用,0,30-39歲,男,1,0
7538,2421fde15dd1e9db,2025/8/11,14,臺南市,東山區,23.239938,120.475202,小客車(含客、貨兩用)-自用,0,50-59歲,男,1,0
7539,99485e30122f378b,2025/2/18,17,彰化縣,彰化市,24.083095,120.549786,機車-普通重型,0,30-39歲,男,1,0
7540,7d5d847ed66581f4,2025/12/12,7,雲林縣,四湖鄉,23.641906,120.223064,小客車(含客、貨兩用)-自用,0,50-59歲,男,1,0
7541,5a177bd30ffbeddf,2025/1/7,10,新北市,土城區,24.974083,121.440728,機車-普通重型,0,60歲以上,男,2,0
7542,028af7cb542b60e5,2025/8/13,17,臺中市,東勢區,24.245684,120.843454,機車-普通重型,0,40-49歲,女,2,0
7543,4d27a18a2e1ce381,2025/12/18,20,嘉義縣,民雄鄉,23.52529,120.432352,慢車-微型電動二輪車,0,30-39歲,男,1,0
7544,ee81066b692f9d10,2025/3/8,16,臺南市,柳營區,23.280876,120.319698,機車-普通重型,0,20-29歲,男,2,0
7545,e96a25ec175947cd,2025/8/1,17,桃園市,中壢區,25.000999,121.237874,機車-普通重型,0,50-59歲,男,1,0
7546,6e8a75ca919b08a8,2025/11/27,13,臺北市,信義區,25.046935,121.5767,機車-普通重型,0,20-29歲,女,1,0
7547,af2eb4e108f36f89,2025/2/20,12,臺北市,大同區,25.051533,121.517347,小客車(含客、貨兩用)-自用,0,50-59歲,男,1,0
7548,2bedbf17e71cedf5,2025/10/20,9,彰化縣,花壇鄉,24.019416,120.542991,小貨車-自用,0,50-59歲,女,1,0
7549,92ca75d6dc8da051,2025/5/18,8,桃園市,中壢區,24.955684,121.215382,機車-普通重型,0,50-59歲,男,2,0
7550,507fd406b19ee290,2025/11/11,17,新北市,三重區,25.079822,121.497754,機車-普通重型,0,40-49歲,男,2,0
7551,9b33820c5b2b7e42,2025/11/29,15,高雄市,新興區,22.624665,120.309269,機車-普通重型,0,40-49歲,男,1,0
7552,44d398cde009c44e,2025/1/19,17,新竹市,香山區,24.740154,120.904849,機車-普通重型,0,40-49歲,男,1,0
7553,f54c55738a04c266,2025/4/1,11,臺中市,豐原區,24.247365,120.723818,機車-普通重型,0,40-49歲,男,1,0
7554,3dca62bfb37084d3,2025/6/14,23,嘉義市,東區,23.49609,120.4536,機車-普通重型,0,50-59歲,男,2,0
7555,21594d72f21cba11,2025/5/11,16,彰化縣,彰化市,24.070936,120.535989,小客車(含客、貨兩用)-自用,0,60歲以上,男,1,0
7556,4030559b860fe295,2025/12/29,10,臺中市,西屯區,24.178117,120.663249,慢車-微型電動二輪車,0,20-29歲,男,2,0
7557,508f81882d28ffce,2025/12/17,14,臺北市,內湖區,25.083257,121.574253,小客車(含客、貨兩用)-自用,0,20-29歲,男,2,0
7558,ebe426dd8760a652,2025/11/3,20,臺南市,永康區,23.025907,120.220691,機車-普通重型,0,30-39歲,男,2,0
7559,3deac0a16a16bc58,2025/2/27,23,臺北市,文山區,25.001272,121.596317,機車-普通輕型,0,40-49歲,男,1,0
7560,b61d5252194d13e1,2025/5/22,15,雲林縣,土庫鎮,23.676159,120.390488,機車-普通重型,0,50-59歲,男,1,0
7561,063120bb43d3f97b,2025/1/10,16,高雄市,燕巢區,22.789132,120.343284,機車-普通重型,0,60歲以上,男,1,0
7562,e268c1d53df19d54,2025/4/30,13,臺南市,永康區,23.003811,120.259013,機車-普通重型,0,40-49歲,女,1,0
7563,ed49173b99e54444,2025/4/18,12,臺中市,大里區,24.100429,120.68263,機車-普通重型,0,40-49歲,男,1,0
7564,0da89a43373c7599,2025/9/14,23,高雄市,鼓山區,22.66305,120.303,小客車(含客、貨兩用)-自用,0,20-29歲,男,1,0
7565,f0261681e7858200,2025/6/21,16,臺南市,安南區,23.031699,120.212751,機車-普通重型,0,40-49歲,男,2,0
7566,22dec967459a3b75,2025/11/20,10,新北市,板橋區,25.009313,121.4815,小客車(含客、貨兩用)-自用,0,50-59歲,男,1,0
7567,7881a230e1aa042b,2025/1/14,1,屏東縣,九如鄉,22.719578,120.513232,機車-普通重型,0,40-49歲,女,1,0
7568,4bdedd7c416d9ad0,2025/6/30,12,臺中市,西屯區,24.16119,120.652127,小貨車-營業用,0,40-49歲,男,2,0
7569,a2bab2f0a905d10c,2025/12/4,20,花蓮縣,花蓮市,23.995477,121.60389,機車-普通重型,0,40-49歲,女,1,0
7570,7255214d4586e7ca,2025/5/31,16,臺北市,士林區,25.095652,121.527643,機車-普通重型,0,30-39歲,男,3,0
7571,0b37a9e002981531,2025/6/30,16,臺南市,安南區,23.027105,120.213509,小客車(含客、貨兩用)-計程車,0,40-49歲,男,1,0
7572,83421e8d7181641a,2025/3/10,17,彰化縣,員林市,23.946251,120.593216,慢車-腳踏自行車,0,60歲以上,男,2,0
7573,22970385df3ed7f7,2025/9/23,12,屏東縣,屏東市,22.67263,120.478872,機車-普通重型,0,60歲以上,男,1,0
7574,bb5cb2030b8e602c,2025/4/29,7,基隆市,暖暖區,25.109746,121.734081,機車-普通重型,0,40-49歲,男,1,0
7575,4f034a07a6643952,2025/2/1,17,彰化縣,彰化市,24.082869,120.530279,小客車(含客、貨兩用)-自用,0,50-59歲,男,4,0
7576,199b3b08d855a951,2025/3/11,16,臺北市,士林區,25.089587,121.513995,機車-普通重型,0,30-39歲,女,1,0
7577,bcd1d02cc31c1146,2025/5/18,16,彰化縣,彰化市,24.090154,120.543451,機車-普通重型,0,60歲以上,男,2,0
7578,58a5a6d6a874d53d,2025/11/27,7,臺南市,永康區,23.005831,120.26142,機車-普通重型,0,40-49歲,男,1,0
7579,f66608a45d31db4d,2025/10/20,17,臺中市,烏日區,24.109043,120.597462,機車-普通重型,0,40-49歲,女,2,0
7580,afc1594466fd0871,2025/7/28,9,臺南市,東區,22.978399,120.219325,機車-普通重型,0,20-29歲,男,3,0
7581,96988340b9e5e355,2025/5/1,9,臺北市,大安區,25.026036,121.537542,小客車(含客、貨兩用)-自用,0,60歲以上,男,2,0
7582,626139a520d79651,2025/2/28,8,高雄市,茄萣區,22.89961,120.1801,機車-普通重型,0,40-49歲,女,1,0
7583,8c88555d943aa1bb,2025/9/16,7,桃園市,中壢區,24.957065,121.248083,機車-普通重型,0,30-39歲,女,1,0
7584,39a3721e8db8a3eb,2025/12/9,7,新北市,中和區,24.999899,121.511115,機車-普通重型,0,30-39歲,男,1,0
7585,dcb16a8d0df9641e,2025/6/29,11,臺南市,永康區,23.023648,120.218093,機車-普通重型,0,40-49歲,女,1,0
7586,bec04a0fb4013753,2025/1/29,12,新北市,新莊區,25.033547,121.453971,慢車-腳踏自行車,0,50-59歲,男,1,0
7587,1c005d216683cfca,2025/11/24,10,彰化縣,彰化市,24.100499,120.583169,小貨車-自用,0,50-59歲,女,1,0
7588,3e9cfc5791f30233,2025/6/17,16,新北市,新莊區,24.999849,121.474121,機車-普通重型,0,50-59歲,男,1,0
7589,6dbdd55953d14e77,2025/4/15,17,高雄市,燕巢區,22.75643,120.3382,機車-普通重型,0,40-49歲,男,1,0
7590,2ef174ed31ea38af,2025/7/7,18,臺北市,中正區,25.027139,121.516161,小客車(含客、貨兩用)-自用,0,40-49歲,男,1,0
7591,94e7489824dce866,2025/12/7,10,新竹市,北區,24.822921,120.976821,機車-普通重型,0,30-39歲,女,1,0
7592,40c85f5c21de6076,2025/10/18,17,新北市,五股區,25.072791,121.467354,機車-普通重型,0,40-49歲,男,2,0
7593,8c14754e15c2f643,2025/1/3,20,新北市,土城區,24.990601,121.474034,小客車(含客、貨兩用)-自用,0,50-59歲,女,2,0
7594,0f0ae34aba62d93b,2025/8/1,10,高雄市,鼓山區,22.661187,120.297113,機車-普通重型,0,60歲以上,男,1,0
7595,42f8e9a90f4bb447,2025/11/30,23,臺中市,后里區,24.331952,120.72988,小客車(含客、貨兩用)-自用,0,20-29歲,男,1,0
7596,de5943b88467ec3b,2025/12/20,9,基隆市,中山區,25.146726,121.738501,機車-普通重型,0,40-49歲,男,2,0
7597,ad0fe516d2bd390d,2025/12/29,15,新北市,新店區,24.957838,121.607425,機車-普通重型,0,50-59歲,男,2,0
7598,3fc4479301c73073,2025/6/5,15,彰化縣,員林市,23.958634,120.575252,機車-普通重型,0,40-49歲,男,2,0
7599,776bbdbbee3d0e7c,2025/2/26,14,桃園市,桃園區,25.0151,121.306611,機車-普通重型,0,30-39歲,男,2,0
7600,1a970505c94d731b,2025/5/20,15,宜蘭縣,冬山鄉,24.665781,121.761283,小客車(含客、貨兩用)-自用,0,40-49歲,男,1,0
7601,8c5444e7f5fd2041,2025/12/13,23,桃園市,龜山區,24.994242,121.334514,機車-普通重型,0,50-59歲,男,1,0
7602,88c86ba71ddc088f,2025/7/16,16,高雄市,鳳山區,22.619678,120.345348,機車-普通重型,0,30-39歲,女,1,0
7603,0ab909149c673034,2025/8/20,16,臺東縣,臺東市,22.767964,121.142153,機車-普通重型,0,50-59歲,男,2,0
7604,3ee81cc6f74167f3,2025/11/22,18,彰化縣,溪湖鎮,23.956217,120.486559,小客車(含客、貨兩用)-自用,0,30-39歲,男,3,0
7605,85e3c53b3d227a22,2025/11/10,13,臺中市,南屯區,24.153613,120.646681,機車-普通重型,0,50-59歲,女,1,0
7606,08325939feff3ef8,2025/4/29,12,臺中市,北區,24.151991,120.685079,小客車(含客、貨兩用)-計程車,0,30-39歲,男,1,0
7607,d7e97821e0e5d943,2025/10/4,10,桃園市,桃園區,24.99088,121.29535,機車-普通重型,0,20-29歲,男,1,0
7608,7d405a6ee903651f,2025/11/27,14,新北市,板橋區,25.029671,121.457167,機車-普通重型,0,19歲以下,男,2,0
7609,9f8d8e909d4be546,2025/2/7,12,雲林縣,斗南鎮,23.674661,120.476247,小客車(含客、貨兩用)-自用,0,50-59歲,女,1,0
7610,a6098287d43405a9,2025/5/7,8,臺中市,西屯區,24.180463,120.620102,小客車(含客、貨兩用)-自用,0,40-49歲,男,1,0
7611,09e94d0aead75682,2025/9/6,9,臺南市,安南區,23.043208,120.18586,機車-普通重型,0,40-49歲,男,3,0
7612,505b9dac114ebfca,2025/9/2,17,臺中市,潭子區,24.194379,120.701197,機車-普通重型,0,50-59歲,男,1,0
7613,28e5f7ab494566d7,2025/2/27,7,臺南市,安南區,23.063257,120.218462,機車-普通重型,0,40-49歲,男,1,0
7614,913f559fe96142cf,2025/4/26,8,臺北市,內湖區,25.056377,121.573595,小客車(含客、貨兩用)-自用,0,40-49歲,男,1,0
7615,7d3f72cc8a0a0538,2025/7/10,21,新北市,中和區,25.009322,121.481382,機車-普通重型,0,50-59歲,男,2,0
7616,38dea6f2a8486f2f,2025/4/17,11,臺北市,北投區,25.128883,121.504432,小客車(含客、貨兩用)-自用,0,20-29歲,男,1,0
7617,9a26bff202d23f11,2025/10/3,7,桃園市,龜山區,25.002592,121.370212,機車-普通重型,0,30-39歲,男,1,0
7618,d444be0e769e357e,2025/9/1,20,彰化縣,大村鄉,23.989542,120.554406,機車-普通重型,0,20-29歲,男,1,0
7619,1e5c563cccba5abb,2025/4/24,12,新北市,樹林區,25.00275,121.414118,小客車(含客、貨兩用)-自用,0,50-59歲,男,1,0
7620,07fd0c46c70f596a,2025/4/13,20,桃園市,蘆竹區,25.021964,121.255651,小客車(含客、貨兩用)-自用,0,30-39歲,男,1,0
7621,9b07d5c548831fb2,2025/8/8,12,苗栗縣,頭份市,24.68248,120.88366,小客車(含客、貨兩用)-自用,0,50-59歲,男,1,0
7622,46e92a45e33da4d3,2025/1/27,15,雲林縣,麥寮鄉,23.776137,120.24924,機車-普通重型,0,40-49歲,男,1,0
7623,500799681c0b4574,2025/1/3,12,宜蘭縣,蘇澳鎮,24.625944,121.834638,小客車(含客、貨兩用)-自用,0,30-39歲,女,1,0
7624,164734c95867c948,2025/1/21,10,新北市,汐止區,25.067408,121.619601,小客車(含客、貨兩用)-自用,0,40-49歲,男,1,0
7625,94147abe1393460d,2025/6/19,9,臺中市,西區,24.157107,120.65714,機車-普通重型,0,50-59歲,女,2,0
7626,351f2376f829b34c,2025/11/28,15,臺中市,西屯區,24.179188,120.640368,機車-普通重型,0,40-49歲,女,2,0
7627,80b661468df17ea7,2025/9/19,18,臺南市,鹽水區,23.313843,120.266872,機車-普通重型,0,40-49歲,男,1,0
7628,2b9ed439c586cd65,2025/4/17,11,桃園市,八德區,24.974225,121.301518,機車-普通重型,0,40-49歲,女,2,0
7629,6bbcbbcaa0d09ac6,2025/12/5,16,臺中市,大雅區,24.231701,120.65997,小貨車-自用,0,40-49歲,男,1,0
7630,6bc1030ccf41894e,2025/3/31,7,新北市,新莊區,25.033547,121.453971,小客車(含客、貨兩用)-自用,0,30-39歲,男,1,0
7631,3d9200029bed663c,2025/12/4,16,桃園市,楊梅區,24.913081,121.128657,機車-普通重型,0,50-59歲,男,1,0
7632,29d3a39bf1868fb6,2025/2/25,13,桃園市,桃園區,24.983356,121.312287,小客車(含客、貨兩用)-自用,0,50-59歲,男,1,0
7633,2fb7023129ba00c3,2025/7/17,15,臺中市,新社區,24.20327,120.798337,小客車(含客、貨兩用)-自用,0,50-59歲,男,1,0
7634,a8899f84b9b9c62f,2025/11/21,17,高雄市,路竹區,22.858081,120.25839,機車-普通重型,0,60歲以上,男,1,0
7635,3822ad9e2c5b79b2,2025/5/31,17,臺中市,西區,24.151462,120.670658,機車-普通重型,0,50-59歲,男,1,0
7636,07883958073f49f3,2025/11/17,16,臺南市,東區,22.980218,120.230706,小客車(含客、貨兩用)-自用,0,30-39歲,男,1,0
7637,2dc5ce9dc991e059,2025/11/15,11,臺南市,西港區,23.134313,120.188517,機車-普通重型,0,40-49歲,男,1,0
7638,0b1a008b93c8a9a2,2025/12/23,4,新竹市,北區,24.831766,120.954881,機車-普通重型,0,40-49歲,男,2,0
7639,bce1499c95a2cf0a,2025/7/16,18,新北市,三重區,25.061563,121.469466,大客車-民營公車,0,40-49歲,女,1,0
7640,6f09e1a981e2ed6d,2025/7/30,16,桃園市,中壢區,24.97047,121.239773,機車-普通重型,0,50-59歲,男,2,0
7641,e506e2e2d31758b1,2025/12/2,12,高雄市,左營區,22.68854,120.294116,機車-普通重型,0,30-39歲,男,1,0
7642,023453c6d0a62ad0,2025/2/24,17,彰化縣,溪湖鎮,23.97859,120.468046,小貨車-自用,0,50-59歲,男,1,0
7643,c505d0563cb98358,2025/8/1,12,新北市,中和區,24.998162,121.514769,機車-普通重型,0,50-59歲,男,1,0
7644,4772a50c75993d04,2025/6/14,13,彰化縣,花壇鄉,24.044967,120.533671,機車-普通重型,0,30-39歲,男,1,0
7645,a714dfafbfe45cfc,2025/1/19,8,嘉義縣,中埔鄉,23.453104,120.461508,人-行人,0,60歲以上,男,2,0
7646,5b6fa52871eaabb8,2025/5/6,12,嘉義市,東區,23.476384,120.457625,機車-普通重型,0,30-39歲,男,1,0
7647,57d7a13b1f61bf68,2025/7/13,9,臺南市,新營區,23.318356,120.312157,機車-普通重型,0,30-39歲,男,1,0
7648,b1a668c7cf6e3504,2025/9/4,9,桃園市,大園區,25.054768,121.222579,大貨車-營業用,0,50-59歲,男,1,0
7649,df1cbd08a35327d2,2025/3/5,21,桃園市,楊梅區,24.912502,121.153494,機車-普通重型,0,50-59歲,女,1,0
7650,82027b810c1d7fe6,2025/7/31,19,高雄市,鳳山區,22.62704,120.3409,機車-普通重型,0,50-59歲,男,1,0
7651,a3287738724182d9,2025/4/18,17,新竹市,北區,24.813781,120.954591,小客車(含客、貨兩用)-自用,0,40-49歲,男,1,0
7652,612d4bdecc9f821f,2025/11/24,7,嘉義市,東區,23.490753,120.480163,機車-普通重型,0,50-59歲,男,2,0
7653,b2985bff5d61d33f,2025/10/4,16,高雄市,三民區,22.637671,120.303393,機車-普通重型,0,40-49歲,男,2,0
7654,232815c28d643ad5,2025/4/25,9,臺北市,信義區,25.047128,121.577874,小客車(含客、貨兩用)-計程車,0,40-49歲,男,1,0
7655,866528a84ca552ec,2025/7/14,7,高雄市,鳳山區,22.596696,120.330134,機車-普通重型,0,50-59歲,男,1,0
7656,9dc3c00bd3f9c7f4,2025/6/2,11,嘉義市,東區,23.476426,120.470211,機車-普通重型,0,20-29歲,男,1,0
7657,e10716e0b6807817,2025/3/16,16,臺中市,北區,24.157941,120.690916,機車-普通重型,0,30-39歲,男,2,0
7658,377b96b63c0ace5a,2025/6/6,15,南投縣,草屯鎮,23.988513,120.689106,小客車(含客、貨兩用)-自用,0,50-59歲,男,1,0
7659,f1589efbb9dc09b9,2025/4/9,19,高雄市,岡山區,22.801793,120.292222,小客車(含客、貨兩用)-自用,0,50-59歲,男,1,0
7660,51f570b506bc680e,2025/10/29,17,桃園市,桃園區,24.999653,121.298907,慢車-腳踏自行車,0,40-49歲,男,1,0
7661,c70213983b9addfb,2025/12/5,10,臺中市,沙鹿區,24.250119,120.586322,機車-普通重型,0,50-59歲,男,1,0
7662,52d1f5229b56c12f,2025/4/14,13,臺東縣,臺東市,22.747134,121.143855,機車-普通重型,0,40-49歲,男,1,0
7663,89c11872ebda1397,2025/1/7,8,新北市,三重區,25.056489,121.486229,機車-普通重型,0,50-59歲,男,1,0
7664,77c73eaa4b69fc7d,2025/1/8,16,桃園市,中壢區,24.971716,121.239732,小客車(含客、貨兩用)-自用,0,30-39歲,男,1,0
7665,78f169412c6272ae,2025/7/26,4,彰化縣,鹿港鎮,24.058906,120.438643,機車-普通重型,0,40-49歲,男,1,0
7666,6260109c58e316f0,2025/4/15,10,花蓮縣,花蓮市,23.976262,121.601622,小貨車-自用,0,40-49歲,女,1,0
7667,f2b81566a0c721f9,2025/11/29,14,臺南市,北區,23.017072,120.215006,機車-普通重型,0,19歲以下,男,1,0
7668,4d3368b917f3947b,2025/2/19,7,臺中市,大甲區,24.403068,120.6414,小客車(含客、貨兩用)-自用,0,30-39歲,男,1,0
7669,a86dde07f529cf26,2025/6/3,13,臺南市,永康區,23.023634,120.218151,機車-普通重型,0,60歲以上,男,1,0
7670,e9aefc8f31cdb4b0,2025/11/30,12,新北市,三重區,25.070452,121.484942,機車-普通重型,0,40-49歲,女,2,0
7671,e3f5251ad2c84726,2025/8/16,6,新北市,三重區,25.076616,121.478855,機車-普通重型,0,30-39歲,男,1,0
7672,4f8c250936791a5f,2025/4/18,10,金門縣,金城鎮,24.430995,118.321323,機車-普通重型,0,50-59歲,女,1,0
7673,dc5a6361066046f6,2025/3/14,7,新北市,中和區,25.006871,121.500177,機車-普通重型,0,50-59歲,男,1,0
7674,267c3280b9d53a53,2025/8/8,11,臺南市,安定區,23.09488,120.23952,小客車(含客、貨兩用)-自用,0,30-39歲,女,1,0
7675,9e4e07a66d33378f,2025/9/4,19,臺中市,南屯區,24.134452,120.649769,機車-普通重型,0,40-49歲,男,1,0
7676,884b9eb34615b5a9,2025/2/28,6,臺中市,南區,24.127394,120.673111,機車-普通重型,0,50-59歲,男,2,0
7677,8f0b3c133a1ebc27,2025/10/14,18,新北市,三重區,25.04742,121.475192,小客車(含客、貨兩用)-自用,0,50-59歲,女,2,0
7678,bf444dac5b590abf,2025/3/19,14,高雄市,林園區,22.502055,120.387682,機車-普通重型,0,50-59歲,男,2,0
7679,db7c5cee323603eb,2025/10/15,9,嘉義市,西區,23.473825,120.428104,機車-普通重型,0,20-29歲,男,1,0
7680,1258a643a98934fa,2025/7/3,15,臺北市,大安區,25.021532,121.551327,小客車(含客、貨兩用)-自用,0,50-59歲,男,1,0
7681,397fa8d82441fdbf,2025/5/25,20,臺北市,大安區,25.030037,121.524187,機車-普通重型,0,40-49歲,男,1,0
7682,909c2bb8262e8bd3,2025/3/9,14,基隆市,暖暖區,25.107947,121.733241,機車-普通重型,0,40-49歲,女,1,0
7683,b0abc49ef7025ef7,2025/11/23,12,臺中市,大里區,24.109653,120.681876,機車-普通重型,0,30-39歲,男,1,0
7684,ed2fbb872dc0e62d,2025/10/4,21,彰化縣,鹿港鎮,24.059719,120.446492,小客車(含客、貨兩用)-自用,0,40-49歲,男,1,0
7685,eff4d16ea996e612,2025/3/7,12,臺南市,東區,22.99537,120.218123,機車-普通重型,0,40-49歲,女,2,0
7686,40d931b24763ced8,2025/6/6,7,臺中市,南屯區,24.117198,120.620884,機車-普通重型,0,30-39歲,女,1,0
7687,81758b9bb5fa25ec,2025/3/7,7,臺北市,士林區,25.080793,121.513023,小貨車-自用,0,30-39歲,男,1,0
7688,b25d30d58617864d,2025/4/5,7,臺中市,龍井區,24.223505,120.476694,機車-普通重型,0,30-39歲,男,1,0
7689,6ce3b1319652a9e4,2025/9/2,17,桃園市,龜山區,25.054823,121.376207,小客車(含客、貨兩用)-自用,0,30-39歲,女,1,0
7690,bd5fcc724268ef89,2025/3/17,15,臺中市,北區,24.160367,120.684926,機車-普通重型,0,50-59歲,男,1,0
7691,206cfc3906efe147,2025/5/21,16,新北市,三重區,25.061776,121.483575,機車-普通重型,0,50-59歲,男,1,0
7692,2699da2bf8b6095f,2025/8/21,13,臺南市,南區,22.967824,120.210928,小客車(含客、貨兩用)-自用,0,40-49歲,男,1,0
7693,a2efcde0df35079d,2025/2/15,11,高雄市,前鎮,22.59995,120.3259,機車-普通重型,0,20-29歲,男,2,0
7694,0a6ca1df3bc291ef,2025/7/16,8,嘉義縣,太保市,23.4908,120.33306,其他車-動力機械,0,40-49歲,男,1,0
7695,407b403246a7f5b0,2025/3/22,10,臺中市,大甲區,24.347345,120.620417,機車-普通重型,0,40-49歲,男,1,0
7696,c77c4766b5f528e9,2025/7/16,16,新竹縣,竹東鎮,24.729033,121.088442,機車-普通重型,0,40-49歲,女,2,0
7697,c1c4810c2caf53bf,2025/3/28,9,臺南市,將軍區,23.194601,120.158254,小客車(含客、貨兩用)-自用,0,30-39歲,女,1,0
7698,5e29a56f5a1693df,2025/4/12,8,臺北市,中山區,25.06832,121.532554,機車-普通輕型,0,40-49歲,男,2,0
7699,95979de8db7b8e63,2025/7/24,15,臺南市,永康區,23.028232,120.258694,機車-普通重型,0,50-59歲,男,2,0
7700,77aad6db5c71896e,2025/3/4,12,宜蘭縣,礁溪鄉,24.818561,121.737673,機車-普通重型,0,40-49歲,女,1,0
7701,8b726fa9f11c5721,2025/8/20,16,臺中市,霧峰區,24.055215,120.687685,小客車(含客、貨兩用)-自用,0,20-29歲,女,1,0
7702,763a08219833bd3e,2025/9/30,9,桃園市,桃園區,24.997055,121.3245,小客車(含客、貨兩用)-自用,0,50-59歲,女,1,0
7703,7b4244acf5bfd95d,2025/7/20,9,彰化縣,彰化市,24.078439,120.551282,機車-普通重型,0,40-49歲,男,1,0
7704,4d1d0c0a46b09201,2025/1/6,18,臺北市,松山區,25.054438,121.569932,機車-普通重型,0,60歲以上,女,1,0
7705,d854280daecd03b7,2025/5/23,14,雲林縣,林內鄉,23.753849,120.611983,小客車(含客、貨兩用)-自用,0,40-49歲,女,1,0
7706,3061c4468451b628,2025/4/8,7,高雄市,阿蓮區,22.873997,120.316161,機車-普通重型,0,30-39歲,男,1,0
7707,a83069389577ae65,2025/11/23,0,高雄市,鳳山區,22.640863,120.351754,小客車(含客、貨兩用)-自用,0,30-39歲,男,1,0
7708,aac3c8f63eb8c723,2025/2/5,7,臺南市,白河區,23.345406,120.412348,小客車(含客、貨兩用)-自用,0,20-29歲,男,1,0
7709,2a1f7985c1f0bbf6,2025/3/22,7,臺中市,大甲區,24.344606,120.633858,小客車(含客、貨兩用)-自用,0,40-49歲,男,1,0
7710,52e212ab45c68ecb,2025/3/26,10,臺中市,西區,24.131951,120.670384,機車-普通重型,0,30-39歲,女,1,0
7711,d3fa8c72ff37c805,2025/8/30,12,新北市,五股區,25.010363,121.479848,小客車(含客、貨兩用)-自用,0,40-49歲,男,1,0
7712,401fb7d05897cf03,2025/9/17,7,桃園市,中壢區,24.929412,121.245072,未知,0,50-59歲,男,1,0
7713,39713fe498887562,2025/10/23,16,高雄市,路竹區,22.85361,120.2655,機車-普通重型,0,50-59歲,男,1,0
7714,3c8579719e0cf1a4,2025/2/12,19,臺南市,新營區,23.306919,120.312501,小客車(含客、貨兩用)-自用,0,40-49歲,女,1,0
7715,f9f3933e50f1a044,2025/3/1,9,臺北市,中正區,25.025242,121.516374,機車-普通重型,0,20-29歲,男,2,0
7716,19065ea782703e28,2025/2/14,17,彰化縣,二水鄉,23.814406,120.613449,機車-普通重型,0,50-59歲,女,1,0
7717,b5d3ba305e886c56,2025/1/19,14,臺中市,西屯區,24.170109,120.657371,小客車(含客、貨兩用)-自用,0,50-59歲,男,1,0
7718,2c4bc588b97a1128,2025/2/24,8,臺南市,東區,22.972127,120.233059,機車-普通重型,0,20-29歲,男,2,0
7719,848d9bddf1da2584,2025/1/22,11,臺南市,南區,22.976333,120.177802,小客車(含客、貨兩用)-自用,0,20-29歲,男,1,0
7720,40ebe74986dd7b5d,2025/7/17,18,雲林縣,元長鄉,23.605874,120.354409,機車-普通重型,0,50-59歲,男,1,0
7721,801068df5d3c9187,2025/10/18,13,桃園市,楊梅區,24.921671,121.184734,機車-普通重型,0,50-59歲,男,2,0
7722,b2b46be923637224,2025/6/27,13,南投縣,埔里鎮,23.96957,120.973266,機車-普通重型,0,50-59歲,男,1,0
7723,14615f53b7d10fd6,2025/11/16,8,桃園市,大溪區,24.856367,121.280548,小客車(含客、貨兩用)-自用,0,30-39歲,男,1,0
7724,56c9be79d3426f27,2025/9/29,10,南投縣,竹山鎮,23.764949,120.719978,小客車(含客、貨兩用)-自用,0,30-39歲,男,1,0
7725,ba330ad344dd39c1,2025/2/20,12,新竹縣,關西鎮,24.792835,121.176923,小客車(含客、貨兩用)-自用,0,60歲以上,女,1,0
7726,d0c648c1cc5672a4,2025/6/28,18,彰化縣,埔心鄉,23.951835,120.550383,機車-大型重型2(250-550C.C.),0,20-29歲,男,2,0
7727,27ee24d7a988b7f8,2025/2/9,10,彰化縣,彰化市,24.066571,120.538246,機車-普通重型,0,50-59歲,男,1,0
7728,9519b076ed255a29,2025/11/17,7,彰化縣,員林市,23.960047,120.585938,機車-普通重型,0,40-49歲,男,4,0
7729,948f1a68cac8696e,2025/12/26,20,臺南市,歸仁區,22.943359,120.277338,機車-普通重型,0,50-59歲,男,2,0
7730,44ae08c294c752e5,2025/4/10,15,臺東縣,海端鄉,23.241796,120.985072,小客車(含客、貨兩用)-自用,0,40-49歲,男,1,0
7731,d00c0c30c1037abd,2025/4/2,7,新北市,新莊區,25.042322,121.460423,小客車(含客、貨兩用)-自用,0,50-59歲,男,1,0
7732,1389765455a9ffb5,2025/10/28,19,新北市,淡水區,25.139321,121.461111,機車-普通重型,0,50-59歲,女,2,0
7733,82b2bf15357aabf6,2025/12/19,23,新竹市,東區,24.791072,121.00464,機車-普通重型,0,40-49歲,女,1,0
7734,161c1b049ecb15c9,2025/5/27,18,臺南市,仁德區,22.944051,120.220258,機車-普通重型,0,40-49歲,男,1,0
7735,f984301a03f87645,2025/5/23,17,臺南市,安平區,22.995658,120.186233,機車-普通重型,0,30-39歲,男,2,0
7736,7adf35db1d57f804,2025/3/20,13,嘉義縣,番路鄉,23.40981,120.656573,機車-普通重型,0,30-39歲,女,1,0
7737,d2a474af61fbf6ab,2025/4/21,19,雲林縣,斗六市,23.722399,120.540239,小客車(含客、貨兩用)-自用,0,50-59歲,男,1,0
7738,46e5a74ef208d996,2025/2/8,14,臺北市,中山區,25.054274,121.539091,小客車(含客、貨兩用)-自用,0,30-39歲,男,1,0
7739,447d6bbff679b16b,2025/9/1,11,新北市,新莊區,25.031824,121.412578,機車-普通重型,0,30-39歲,女,1,0
7740,cfff740425b44faf,2025/9/11,7,彰化縣,社頭鄉,23.898864,120.595091,機車-普通重型,0,40-49歲,女,1,0
7741,516740e03a84236c,2025/12/29,15,臺中市,西屯區,24.186314,120.644422,機車-普通重型,0,40-49歲,男,2,0
7742,70c4fb0d91c8bb27,2025/4/29,8,高雄市,鳳山區,22.625585,120.361621,機車-普通重型,0,40-49歲,男,1,0
7743,fa2d9ee970f21740,2025/12/1,14,臺南市,北區,23.016427,120.210756,機車-普通重型,0,20-29歲,女,1,0
7744,9ea2a23a2b0d23d7,2025/9/21,10,南投縣,名間鄉,23.876093,120.688702,機車-普通重型,0,40-49歲,男,1,0
7745,2e89005260086def,2025/5/7,22,新北市,中和區,24.993907,121.498652,小客車(含客、貨兩用)-營業用,0,30-39歲,男,1,0
7746,62c4def59b27e277,2025/12/18,15,彰化縣,彰化市,24.082907,120.535326,機車-普通重型,0,60歲以上,男,1,0
7747,bb2038fba6686c2c,2025/11/13,8,新北市,汐止區,25.063932,121.650777,小客車(含客、貨兩用)-自用,0,50-59歲,男,1,0
7748,4051c23a42b47af3,2025/6/20,7,彰化縣,花壇鄉,24.046485,120.580663,機車-普通重型,0,50-59歲,男,2,0
7749,9481ff71c05ee0e0,2025/12/9,7,高雄市,六龜區,22.964631,120.651303,小貨車-自用,0,30-39歲,女,1,0
7750,6213f3d5c2a37e40,2025/6/30,7,彰化縣,埤頭鄉,23.909063,120.448175,小貨車-自用,0,40-49歲,男,1,0
7751,7321eddfbeee87b1,2025/3/4,8,臺中市,東區,24.147702,120.691082,機車-普通重型,0,20-29歲,男,1,0
7752,a95527d8e67e15f0,2025/10/14,19,嘉義市,西區,23.489421,120.44611,小客車(含客、貨兩用)-自用,0,40-49歲,男,1,0
7753,5b40930dcc244ed1,2025/5/30,19,高雄市,鹽埕區,22.621708,120.287253,小客車(含客、貨兩用)-計程車,0,40-49歲,男,1,0
7754,2950d64d40f5a861,2025/10/15,12,桃園市,楊梅區,24.912253,121.170728,機車-普通重型,0,50-59歲,男,2,0
7755,9d4ab7e245a6039f,2025/3/21,6,臺中市,大雅區,24.214149,120.669569,機車-普通重型,0,40-49歲,男,1,0
7756,a6878e753283b10b,2025/12/24,8,新北市,三重區,25.067485,121.477198,機車-普通重型,0,40-49歲,男,2,0
7757,f024547d14ec4a14,2025/11/17,9,新北市,板橋區,25.024885,121.469602,慢車-腳踏自行車,0,40-49歲,男,1,0
7758,471522a6e291bad8,2025/2/5,18,高雄市,前鎮,22.610577,120.333088,機車-普通重型,0,40-49歲,男,1,0
7759,76c8ce4f855a86c3,2025/5/30,21,新北市,蘆洲區,25.081942,121.461691,機車-普通重型,0,30-39歲,男,1,0
7760,b59c68ac7fb543c3,2025/10/22,9,臺南市,新市,23.100908,120.329564,小客車(含客、貨兩用)-自用,0,30-39歲,男,2,0
7761,20c1192e20b8241b,2025/5/3,11,臺北市,中正區,25.029045,121.508297,機車-普通重型,0,60歲以上,男,1,0
7762,41fdc400d884950d,2025/6/12,8,高雄市,楠梓區,22.723054,120.291101,機車-普通重型,0,30-39歲,女,1,0
7763,db0b1559ecdd7ac4,2025/9/17,9,雲林縣,西螺鎮,23.795409,120.45014,機車-普通重型,0,60歲以上,男,1,0
7764,c13f1172685f4ce3,2025/4/16,23,彰化縣,大城鄉,23.87914,120.33441,未知,0,40-49歲,女,1,0
7765,c692e48dec7e337f,2025/10/16,2,臺東縣,池上鄉,23.122374,121.212565,機車-普通重型,0,30-39歲,女,1,0
7766,f9d4fbafd013cd09,2025/5/2,1,臺南市,中西區,22.991524,120.192789,機車-普通重型,0,60歲以上,男,2,0
7767,81f5d4b55b3d85d2,2025/2/9,13,新北市,三重區,25.056467,121.485874,機車-普通重型,0,50-59歲,男,1,0
7768,af64e5f0f3891d13,2025/11/15,19,彰化縣,彰化市,24.083095,120.602465,小客車(含客、貨兩用)-自用,0,50-59歲,男,3,0
7769,0df3d3cc49f7c007,2025/4/4,17,臺東縣,綠島鄉,22.677189,121.486692,未知,0,30-39歲,男,1,0
7770,3945ee563a6ad69f,2025/6/29,9,臺中市,北區,24.170095,120.672284,小客車(含客、貨兩用)-自用,0,40-49歲,男,1,0
7771,4675fcd53de19d84,2025/5/18,7,桃園市,大溪區,24.885937,121.25758,慢車-腳踏自行車,0,19歲以下,男,1,0
7772,c898f0f4305b7a6d,2025/11/24,9,宜蘭縣,宜蘭市,24.760781,121.757511,小客車(含客、貨兩用)-自用,0,30-39歲,男,1,0
7773,09c7d16b3723e87d,2025/5/12,13,金門縣,金城鎮,24.439912,118.31969,機車-普通重型,0,30-39歲,男,2,0
7774,0b8ee2b1bf895a70,2025/3/15,14,彰化縣,和美鎮,24.094674,120.530141,機車-普通重型,0,40-49歲,女,1,0
7775,c64657715b147ed9,2025/11/21,12,臺南市,北區,23.019819,120.204755,機車-普通重型,0,40-49歲,女,1,0
7776,ee87b7cb929db1b5,2025/10/24,10,臺中市,沙鹿區,24.254782,120.570591,機車-普通重型,0,40-49歲,男,1,0
7777,95de4432a3ec3a2a,2025/5/5,23,彰化縣,員林市,23.965938,120.577321,機車-普通重型,0,40-49歲,男,3,0
7778,5f4d61b96d56304a,2025/3/21,15,臺南市,新市,23.080594,120.252012,小客車(含客、貨兩用)-自用,0,50-59歲,男,1,0
7779,ab486ff10cce4d4a,2025/4/30,10,臺中市,龍井區,24.211237,120.535796,小客車(含客、貨兩用)-自用,0,40-49歲,女,1,0
7780,b8b875fddbc66768,2025/6/20,17,臺中市,北屯區,24.186377,120.744283,機車-普通重型,0,40-49歲,女,1,0
7781,6b3571aa82ce013a,2025/1/22,8,嘉義縣,中埔鄉,23.443817,120.459337,機車-普通重型,0,60歲以上,男,1,0
7782,89cdc32ce5191c1b,2025/7/18,5,臺中市,太平區,24.134921,120.710018,小客車(含客、貨兩用)-租賃車,0,60歲以上,男,1,0
7783,121103a6e4c550ae,2025/8/1,23,臺中市,沙鹿區,24.239527,120.559497,慢車-電動輔助自行車,0,50-59歲,男,1,0
7784,cc2f1a9c97426d77,2025/1/24,16,苗栗縣,苗栗市,24.572339,120.820466,慢車-腳踏自行車,0,40-49歲,男,1,0
7785,11c3a568be15384a,2025/12/8,7,臺中市,北區,24.162923,120.682114,小客車(含客、貨兩用)-自用,0,30-39歲,男,1,0
7786,1e461272795bc467,2025/7/24,9,屏東縣,屏東市,22.681035,120.48894,小客車(含客、貨兩用)-自用,0,50-59歲,男,1,0
7787,bfd6780da0822803,2025/12/20,1,新竹市,東區,24.793778,120.968359,機車-普通重型,0,60歲以上,男,2,0
7788,00de8cbb9e6a20f5,2025/4/15,15,臺中市,西屯區,24.203812,120.61103,小客車(含客、貨兩用)-自用,0,40-49歲,男,1,0
7789,c0b8fda92ece28ee,2025/7/25,7,臺中市,西屯區,24.174088,120.622124,小客車(含客、貨兩用)-自用,0,50-59歲,男,1,0
7790,ef2d87f1938fd37d,2025/9/18,9,嘉義市,西區,23.47237,120.4459,機車-普通重型,0,30-39歲,男,2,0
7791,a00099edbccddda3,2025/9/11,11,高雄市,林園區,22.51073,120.3947,機車-普通重型,0,50-59歲,男,1,0
7792,6ed7ca9784b1ab36,2025/6/26,19,嘉義市,東區,23.48902,120.4528,小客車(含客、貨兩用)-自用,0,50-59歲,男,1,0
7793,e02684162b00d50c,2025/10/12,12,新北市,三峽區,24.849196,121.283882,小客車(含客、貨兩用)-自用,0,40-49歲,男,1,0
7794,69e98e9a5fd3bf4e,2025/11/23,23,臺南市,六甲區,23.231506,120.341186,慢車-腳踏自行車,0,40-49歲,男,1,0
7795,b842c616cdbe6ee5,2025/4/18,7,高雄市,楠梓區,22.718453,120.285029,小客車(含客、貨兩用)-自用,0,40-49歲,女,1,0
7796,debcee40b0ed6e5e,2025/4/11,19,屏東縣,林邊鄉,22.433478,120.517115,小客車(含客、貨兩用)-自用,0,40-49歲,女,1,0
7797,718ef7a0bd1d41a8,2025/10/10,8,花蓮縣,花蓮市,23.964999,121.599979,機車-普通重型,0,50-59歲,男,1,0
7798,3958691e8d5ee8f6,2025/8/9,13,臺中市,烏日區,24.096341,120.655214,機車-普通重型,0,50-59歲,男,1,0
7799,6ef61fa878c87822,2025/8/14,7,臺南市,善化區,23.110354,120.262707,機車-普通重型,0,50-59歲,男,1,0
7800,4874446a194a7c69,2025/1/30,19,彰化縣,彰化市,24.072802,120.536283,機車-普通重型,0,40-49歲,男,1,0
7801,50f3e63ce2834bad,2025/6/22,0,臺中市,南區,24.130078,120.68377,機車-普通重型,0,50-59歲,女,1,0
7802,22f7d245a297b45d,2025/1/24,20,新北市,永和區,25.008394,121.508233,小客車(含客、貨兩用)-自用,0,40-49歲,女,1,0
7803,8e48488dfbdc1e43,2025/7/11,16,花蓮縣,花蓮市,23.978983,121.599526,機車-普通輕型,0,40-49歲,女,2,0
7804,71bab8a44d171d11,2025/7/7,7,桃園市,八德區,24.948141,121.297446,小客車(含客、貨兩用)-自用,0,20-29歲,女,1,0
7805,987ecbbbace739d8,2025/3/27,17,臺南市,永康區,23.01229,120.247516,機車-普通重型,0,50-59歲,女,1,0
7806,d0699fdfe159e079,2025/11/27,9,嘉義縣,六腳鄉,23.492558,120.306747,機車-普通重型,0,20-29歲,男,1,0
7807,1198b2f1940c5e39,2025/5/14,19,臺南市,永康區,23.004531,120.266204,機車-普通重型,0,60歲以上,男,1,0
7808,d5d09f8422bf3567,2025/1/4,11,新竹市,北區,24.813112,120.956544,小客車(含客、貨兩用)-自用,0,40-49歲,女,1,0
7809,5bce9ca89546d30b,2025/6/10,10,臺中市,清水區,24.265881,120.55498,機車-普通重型,0,30-39歲,男,1,0
7810,870881a0e68cce55,2025/1/6,9,新北市,新莊區,25.063049,121.460378,機車-普通重型,0,60歲以上,男,1,0
7811,711296ea0864c971,2025/6/13,9,桃園市,蘆竹區,25.047407,121.293929,機車-普通重型,0,30-39歲,男,1,0
7812,6a2d354bb97c403a,2025/4/1,17,臺北市,信義區,25.045372,121.566826,小客車(含客、貨兩用)-自用,0,20-29歲,男,1,0
7813,0725c467815271b9,2025/4/18,16,新北市,板橋區,25.008555,121.459183,小客車(含客、貨兩用)-自用,0,40-49歲,男,1,0
7814,35d719ea08fa889d,2025/12/6,13,屏東縣,獅子鄉,22.236735,120.857757,機車-大型重型1(550C.C.以上),0,50-59歲,男,1,0
7815,c3313d4658282140,2025/7/17,17,雲林縣,西螺鎮,23.796466,120.467091,機車-普通重型,0,40-49歲,女,1,0
7816,468436c8f14ccc56,2025/4/10,8,臺中市,清水區,24.269662,120.546846,小客車(含客、貨兩用)-自用,0,50-59歲,男,1,0
7817,b64ed5553de307e0,2025/9/24,14,桃園市,桃園區,25.015926,121.310005,小客車(含客、貨兩用)-自用,0,40-49歲,男,2,0
7818,25579229cf4f7908,2025/6/6,11,臺中市,大里區,24.087912,120.695406,機車-普通重型,0,40-49歲,男,1,0
7819,8cca2e5fb66e3d43,2025/5/25,16,宜蘭縣,宜蘭市,24.770527,121.756967,機車-普通重型,0,30-39歲,男,1,0
7820,16cb32f56033879d,2025/12/2,17,臺東縣,臺東市,22.742373,121.147774,機車-普通重型,0,20-29歲,男,1,0
7821,9504e2505e881652,2025/5/29,16,臺中市,龍井區,24.201834,120.523516,小客車(含客、貨兩用)-自用,0,60歲以上,男,1,0
7822,cb2cc4beeccf66e8,2025/2/22,9,高雄市,岡山區,22.80473,120.2962,機車-普通重型,0,50-59歲,男,2,0
7823,0bbe225559f806d6,2025/11/30,18,宜蘭縣,宜蘭市,24.759074,121.758487,小客車(含客、貨兩用)-自用,0,40-49歲,男,1,0
7824,8603e2cfc6c63c5b,2025/5/8,8,新北市,中和區,25.000119,121.490953,慢車-腳踏自行車,0,60歲以上,男,1,0
7825,09bd5cc5f1a9c175,2025/8/13,15,臺中市,東勢區,24.258401,120.827824,機車-普通重型,0,40-49歲,男,1,0
7826,09f1363770c6212d,2025/4/23,16,臺中市,神岡區,24.257161,120.696672,機車-普通重型,0,20-29歲,男,1,0
7827,89a5694384adca3b,2025/2/11,6,桃園市,桃園區,24.999595,121.316061,機車-普通重型,0,30-39歲,男,2,0
7828,91be0d3da9b0e82b,2025/8/29,17,臺南市,永康區,23.021479,120.231443,機車-普通重型,0,60歲以上,男,1,0
7829,afa6667f1718e1eb,2025/4/7,17,嘉義縣,竹崎鄉,23.515238,120.49362,機車-普通重型,0,40-49歲,男,1,0
7830,331c636629ed37f0,2025/1/15,7,臺南市,南區,22.963804,120.195375,小客車(含客、貨兩用)-自用,0,50-59歲,男,1,0
7831,ace0c21a131b600c,2025/5/25,16,高雄市,鳳山區,22.62381,120.3697,機車-普通重型,0,20-29歲,男,1,0
7832,cc427c18e2adb008,2025/6/19,20,臺南市,永康區,23.020951,120.230545,機車-普通重型,0,40-49歲,女,2,0
7833,1a6f33803feb12fb,2025/9/30,15,臺中市,西屯區,24.18648,120.605473,機車-普通重型,0,40-49歲,男,1,0
7834,57f43657f3d44d5a,2025/8/29,9,新竹市,東區,24.782084,120.968195,機車-普通重型,0,40-49歲,男,1,0
7835,73a6fe55a7c75d10,2025/7/12,16,基隆市,仁愛區,25.130201,121.744031,機車-普通重型,0,50-59歲,男,1,0
7836,caf86f2e15d23f04,2025/3/18,11,臺南市,南區,22.926371,120.187224,小客車(含客、貨兩用)-自用,0,40-49歲,男,1,0
7837,608a46def09fd961,2025/9/29,9,南投縣,竹山鎮,23.755933,120.683128,機車-普通重型,0,40-49歲,男,1,0
7838,51538ba6a0d5cf54,2025/7/4,7,臺南市,仁德區,22.929867,120.231086,機車-普通重型,0,40-49歲,男,1,0
7839,798449eeb752b0f5,2025/4/11,22,宜蘭縣,員山鄉,24.749715,121.713696,小客車(含客、貨兩用)-計程車,0,40-49歲,男,1,0
7840,7cd57549b78a44d1,2025/12/19,7,臺中市,太平區,24.13478,120.7159,機車-普通重型,0,20-29歲,男,1,0
7841,966a1e4cb9cdce5f,2025/1/3,17,新北市,新莊區,25.031174,121.448848,機車-普通重型,0,40-49歲,男,1,0
7842,7090c0623c850b3c,2025/3/27,18,雲林縣,麥寮鄉,23.746376,120.251809,慢車-微型電動二輪車,0,40-49歲,男,1,0
7843,0d566b1dd2794c07,2025/7/1,17,桃園市,蘆竹區,25.061295,121.309411,機車-普通重型,0,20-29歲,男,2,0
7844,c5bbc858521398c3,2025/6/19,8,高雄市,前鎮,22.60998,120.304929,小客車(含客、貨兩用)-自用,0,20-29歲,男,1,0
7845,18427f5f73f90a84,2025/12/28,13,臺中市,北區,24.155868,120.676609,機車-普通重型,0,50-59歲,女,1,0
7846,9dac39ccfa0639d0,2025/11/3,8,雲林縣,西螺鎮,23.78709,120.472298,小客車(含客、貨兩用)-自用,0,30-39歲,男,1,0
7847,cb8d7828edab12d3,2025/12/11,19,新北市,板橋區,25.008588,121.48054,小客車(含客、貨兩用)-自用,0,40-49歲,男,2,0
7848,4f1c42e8aa7788df,2025/10/10,6,臺北市,松山區,25.046166,121.552473,小客車(含客、貨兩用)-自用,0,50-59歲,男,1,0
7849,b9cc6246571a09d4,2025/4/30,16,臺中市,大里區,24.108304,120.686005,人-行人,0,30-39歲,男,1,0
7850,14c7d4f2c3e0d14f,2025/6/21,10,臺南市,北區,23.021585,120.204763,機車-普通重型,0,50-59歲,男,1,0
7851,b4235c5928d680cf,2025/4/2,7,南投縣,名間鄉,23.838853,120.720353,機車-普通重型,0,20-29歲,男,1,0
7852,e886063133b45a9a,2025/6/25,11,新北市,五股區,25.082282,121.436901,機車-普通重型,0,40-49歲,男,2,0
7853,99acc07c0d582c74,2025/2/6,18,臺中市,太平區,24.14618,120.714794,小客車(含客、貨兩用)-計程車,0,50-59歲,男,3,0
7854,97b726003566fe0e,2025/10/22,9,臺中市,太平區,24.143407,120.713128,機車-普通重型,0,40-49歲,男,2,0
7855,36ca7385d5f9e9f0,2025/4/9,18,臺北市,中正區,25.043627,121.522993,機車-普通重型,0,40-49歲,男,1,0
7856,21f8704eb0d6affa,2025/7/1,18,彰化縣,員林市,23.958379,120.56646,機車-普通重型,0,40-49歲,男,2,0
7857,b1a0be122ce7bdc4,2025/1/8,16,花蓮縣,花蓮市,23.987115,121.624118,慢車-電動輔助自行車,0,40-49歲,男,1,0
7858,ace3b8144d24b473,2025/11/13,7,臺北市,大安區,25.036438,121.552586,小客車(含客、貨兩用)-自用,0,40-49歲,女,2,0
7859,25bc3e39bbf42eb2,2025/12/26,19,臺中市,太平區,24.103491,120.728843,小客車(含客、貨兩用)-自用,0,40-49歲,男,1,0
7860,19f7c5761e2f15b4,2025/1/22,16,高雄市,鳳山區,22.607514,120.362688,小客車(含客、貨兩用)-自用,0,50-59歲,男,2,0
7861,a7e0a9ac48df5970,2025/5/10,21,苗栗縣,頭份市,24.694281,120.899176,小客車(含客、貨兩用)-自用,0,30-39歲,男,1,0
7862,26c3f365575f4249,2025/6/6,16,新北市,土城區,24.984407,121.462436,機車-普通重型,0,50-59歲,男,1,0
7863,1a08e7e0b6328391,2025/9/9,12,新北市,中和區,25.009337,121.481409,機車-普通重型,0,30-39歲,女,1,0
7864,13ef67e88cd9864e,2025/1/12,18,桃園市,桃園區,25.014247,121.304746,機車-普通重型,0,60歲以上,男,1,0
7865,4b4ebce9b95dfcd1,2025/4/1,17,新北市,新店區,24.967598,121.541678,未知,0,40-49歲,男,1,0
7866,48e313a70034283f,2025/1/7,7,高雄市,鳳山區,22.59459,120.3548,機車-普通重型,0,20-29歲,男,2,0
7867,a643f150d555f648,2025/8/14,18,新北市,淡水區,25.185313,121.482554,機車-普通重型,0,60歲以上,男,3,0
7868,6e5b39a4e7466fe4,2025/6/3,16,臺中市,東區,24.136343,120.704008,機車-普通重型,0,20-29歲,男,1,0
7869,80179c1092610fd9,2025/12/26,15,新竹市,東區,24.804111,120.972107,機車-普通重型,0,50-59歲,女,1,0
7870,1bc44b35381ebabb,2025/3/31,18,桃園市,桃園區,25.013584,121.302959,機車-普通重型,0,40-49歲,男,1,0
7871,aeabb4b8684fd645,2025/1/7,19,宜蘭縣,羅東鎮,24.677195,121.771798,小貨車-自用,0,50-59歲,男,1,0
7872,6b9a99976fb88435,2025/6/1,13,桃園市,新屋區,24.972646,121.125635,小客車(含客、貨兩用)-自用,0,30-39歲,男,1,0
7873,4fd8b1c910aabba3,2025/3/18,19,新北市,新莊區,25.021739,121.42669,機車-普通重型,0,40-49歲,男,2,0
7874,b4ba502a36fe13a7,2025/1/23,15,嘉義縣,梅山鄉,23.553778,120.552152,機車-普通重型,0,60歲以上,男,1,0
7875,bb117a44b832e684,2025/11/25,15,彰化縣,彰化市,24.088981,120.545562,機車-普通重型,0,40-49歲,女,2,0
7876,2f9468e4b094be39,2025/10/24,23,新北市,永和區,25.004359,121.517329,機車-普通重型,0,40-49歲,男,1,0
7877,02ecb438e6fdd1a6,2025/1/24,20,臺南市,永康區,23.009628,120.246337,小客車(含客、貨兩用)-自用,0,50-59歲,女,1,0
7878,6f3439fbf6830246,2025/4/15,16,雲林縣,西螺鎮,23.756698,120.451537,小客車(含客、貨兩用)-自用,0,30-39歲,男,1,0
7879,ead8fdca2716fb12,2025/3/13,17,臺中市,南屯區,24.137865,120.653024,機車-普通重型,0,40-49歲,男,1,0
7880,5ece50096d45c13c,2025/4/10,12,桃園市,桃園區,24.982884,121.28978,機車-普通重型,0,50-59歲,男,1,0
7881,822d41b70a45f8ee,2025/9/26,17,臺南市,北區,23.005273,120.177542,機車-普通重型,0,40-49歲,男,2,0
7882,0773fe0262d3e775,2025/2/7,10,新北市,三重區,25.060506,121.501663,機車-普通重型,0,19歲以下,男,1,0
7883,118e21ba2eb12243,2025/7/5,5,屏東縣,枋寮鄉,22.376496,120.609617,小客車(含客、貨兩用)-自用,0,40-49歲,男,1,0
7884,b5fa5d4308b41a6e,2025/10/31,8,臺中市,西屯區,24.177767,120.642311,機車-普通重型,0,50-59歲,女,1,0
7885,557d585a7933a273,2025/12/17,10,臺中市,西區,24.147867,120.669798,小客車(含客、貨兩用)-自用,0,40-49歲,女,1,0
7886,110c4f0044b7091c,2025/8/15,8,臺南市,佳里區,23.147965,120.180226,小客車(含客、貨兩用)-自用,0,40-49歲,男,1,0
7887,ed9ec85d4fd27736,2025/7/23,12,桃園市,大溪區,24.875001,121.254851,機車-普通重型,0,50-59歲,男,1,0
7888,5c7bbecd14f4ddb1,2025/8/7,11,臺中市,大肚區,24.150537,120.545482,機車-普通重型,0,40-49歲,男,3,0
7889,69f67b6625ee2365,2025/10/31,14,臺南市,安定區,23.107462,120.235669,機車-普通輕型,0,20-29歲,男,1,0
7890,b37da89c2c7b964e,2025/2/11,8,高雄市,左營區,22.665,120.3085,小客車(含客、貨兩用)-自用,0,20-29歲,男,1,0
7891,85134e6a244614e3,2025/12/11,7,高雄市,美濃區,22.888663,120.483273,小客車(含客、貨兩用)-自用,0,20-29歲,男,1,0
7892,16714ac8f191402a,2025/10/5,6,新北市,坪林區,24.941754,121.673756,機車-普通重型,0,60歲以上,男,1,0
7893,88e80b02cebbfad5,2025/2/21,20,高雄市,苓雅區,22.62094,120.3261,機車-普通重型,0,50-59歲,女,2,0
7894,33f7a8f5dc59054d,2025/10/29,21,新北市,萬里區,25.205892,121.663223,機車-大型重型1(550C.C.以上),0,20-29歲,男,1,0
7895,d714fa2a646e73c9,2025/10/4,15,宜蘭縣,壯圍鄉,24.770845,121.815592,小貨車-自用,0,40-49歲,女,1,0
7896,1f69f44b009c3797,2025/9/5,22,高雄市,燕巢區,22.78237,120.378138,小貨車-自用,0,40-49歲,女,1,0
7897,7c1910417f75aa13,2025/10/14,8,臺中市,東區,24.132976,120.693663,機車-普通重型,0,60歲以上,男,3,0
7898,81c76e1e9e6b2132,2025/3/13,15,臺南市,北區,23.000486,120.210443,機車-普通重型,0,30-39歲,男,1,0
7899,2e0a6d85324ffb56,2025/7/21,12,彰化縣,彰化市,24.093927,120.539809,慢車-電動輔助自行車,0,40-49歲,男,1,0
7900,d068132486e460d2,2025/10/20,17,雲林縣,斗六市,23.708506,120.541835,機車-普通重型,0,40-49歲,男,1,0
7901,fd3d217c48c86cca,2025/9/27,8,桃園市,龜山區,24.990083,121.32389,機車-普通重型,0,50-59歲,男,1,0
7902,a4c1ac67ae5509c8,2025/11/11,18,雲林縣,西螺鎮,23.796082,120.46997,小客車(含客、貨兩用)-自用,0,50-59歲,女,1,0
7903,7f61a765adf3f0f3,2025/12/15,9,高雄市,大寮區,22.54729,120.4113,機車-普通重型,0,40-49歲,男,1,0
7904,1c71cbd15ce94646,2025/6/3,5,屏東縣,里港鄉,22.776146,120.494518,小客車(含客、貨兩用)-自用,0,20-29歲,男,1,0
7905,3637d868ea521498,2025/4/11,21,臺中市,中區,24.141336,120.678226,機車-普通重型,0,40-49歲,男,1,0
7906,65a5d243f166317c,2025/8/25,15,臺中市,豐原區,24.245023,120.723969,機車-普通重型,0,50-59歲,男,1,0
7907,95759dc74396ae2b,2025/11/14,7,臺中市,西屯區,24.18455,120.626089,小貨車-自用,0,50-59歲,男,1,0
7908,f36f52d67862b8c9,2025/11/28,14,新北市,板橋區,25.008578,121.454662,小客車(含客、貨兩用)-自用,0,50-59歲,女,1,0
7909,4f634e3572ab9538,2025/7/13,16,嘉義市,東區,23.45713,120.459,慢車-腳踏自行車,0,50-59歲,男,1,0
7910,793c674fa1b2b0b3,2025/12/4,16,雲林縣,麥寮鄉,23.797202,120.272657,小客車(含客、貨兩用)-自用,0,40-49歲,男,1,0
7911,bb059f25a988c1ed,2025/12/2,22,新北市,八里區,25.121187,121.393089,小客車(含客、貨兩用)-自用,0,40-49歲,男,1,0
7912,29d5ca42addf6612,2025/4/1,12,新北市,樹林區,24.990028,121.422703,人-行人,0,30-39歲,男,2,0
7913,d8fea0ef2c7e25dd,2025/4/1,16,臺南市,中西區,22.988672,120.189517,機車-普通重型,0,20-29歲,女,1,0
7914,21f2fe44b1714c8c,2025/11/18,8,臺南市,永康區,23.004542,120.231035,機車-普通重型,0,50-59歲,男,3,0
7915,56ee7e8b30608939,2025/12/23,21,新北市,永和區,25.007754,121.520888,機車-普通重型,0,30-39歲,男,1,0
7916,10877f99aa384f4e,2025/11/9,8,臺東縣,臺東市,22.74879,121.147171,慢車-電動輔助自行車,0,50-59歲,男,1,0
7917,dffbbaa7fc2d3c6b,2025/7/3,18,高雄市,仁武區,22.680662,120.353763,機車-普通重型,0,20-29歲,男,2,0
7918,6c2de2768f85029a,2025/1/25,17,臺中市,北區,24.154777,120.677413,機車-普通重型,0,40-49歲,男,1,0
7919,882a98ed00e36d34,2025/7/28,22,桃園市,蘆竹區,25.041011,121.285856,機車-普通重型,0,50-59歲,男,1,0
7920,b47cd6596852e67e,2025/12/7,13,新北市,三重區,25.0674,121.482648,小客車(含客、貨兩用)-自用,0,40-49歲,男,1,0
7921,995eb5c09106b8a6,2025/12/2,17,新北市,三重區,25.051371,121.501976,機車-普通重型,0,30-39歲,女,2,0
7922,f7d9930a6ecbe4f3,2025/5/4,17,基隆市,暖暖區,25.107862,121.735129,機車-普通重型,0,19歲以下,男,2,0
7923,0b06df067670b4cd,2025/4/3,16,臺中市,東區,24.146888,120.710741,機車-普通重型,0,20-29歲,女,1,0
7924,840e7320926204b7,2025/9/4,14,屏東縣,屏東市,22.682102,120.494927,機車-普通重型,0,50-59歲,男,1,0
7925,41177aadade2e031,2025/11/25,7,臺中市,大里區,24.093172,120.696109,機車-普通重型,0,60歲以上,男,3,0
7926,cc752ab980856bea,2025/11/22,9,臺中市,太平區,24.158543,120.718366,機車-普通重型,0,50-59歲,男,3,0
7927,b28fad2342e48e7f,2025/12/5,21,雲林縣,口湖鄉,23.584566,120.202202,機車-普通重型,0,30-39歲,男,1,0
7928,3d54d28c116c2af9,2025/3/13,14,新北市,新店區,24.981606,121.53762,小客車(含客、貨兩用)-自用,0,40-49歲,男,1,0
7929,8a1dd8f1c7ed60b5,2025/7/16,12,臺中市,霧峰區,24.064266,120.672783,機車-普通重型,0,40-49歲,男,1,0
7930,370a46857374a70a,2025/6/5,20,雲林縣,麥寮鄉,23.741292,120.247131,小客車(含客、貨兩用)-自用,0,40-49歲,男,1,0
7931,8171212c81693bf1,2025/1/7,15,高雄市,橋頭區,22.753709,120.307323,慢車-腳踏自行車,0,30-39歲,女,2,0
7932,eb8556e45101d2e0,2025/4/14,21,高雄市,苓雅區,22.61801,120.3057,慢車-腳踏自行車,0,50-59歲,女,1,0
7933,0f8ea56593677c27,2025/12/17,12,新北市,中和區,25.009619,121.478899,小客車(含客、貨兩用)-自用,0,50-59歲,男,1,0
7934,0bde1a6e7f0e06b6,2025/8/28,15,臺南市,安南區,23.042748,120.203336,機車-普通重型,0,50-59歲,男,2,0
7935,3b083194eb7c38bb,2025/4/28,17,新北市,三重區,25.05227,121.486856,機車-普通重型,0,40-49歲,男,1,0
7936,071551c546052e78,2025/3/13,15,新竹市,北區,24.8073,120.96438,小客車(含客、貨兩用)-自用,0,30-39歲,男,1,0
7937,fd2f4ab607111811,2025/3/3,18,臺中市,西區,24.135218,120.671109,機車-普通重型,0,50-59歲,男,2,0
7938,d374e6a088b2c724,2025/12/5,17,嘉義縣,太保市,23.482815,120.355778,機車-普通重型,0,60歲以上,男,2,0
7939,809b6922c0115cee,2025/11/5,12,雲林縣,虎尾鎮,23.714145,120.440736,機車-普通重型,0,40-49歲,男,2,0
7940,5fc91609a6774c18,2025/3/19,15,新北市,板橋區,25.026865,121.476533,機車-普通重型,0,40-49歲,男,1,0
7941,ac76fbe20e194d27,2025/11/3,7,桃園市,龍潭區,24.864535,121.223749,機車-普通重型,0,50-59歲,男,1,0
7942,a9fefdd10ae6efbd,2025/7/22,7,新北市,五股區,25.075385,121.458371,機車-普通重型,0,50-59歲,男,1,0
7943,8b6abbf9a2719b63,2025/7/4,15,臺中市,梧棲區,24.233716,120.542337,小客車(含客、貨兩用)-自用,0,50-59歲,男,2,0
7944,06ecdb0aebc358bd,2025/4/4,22,花蓮縣,壽豐鄉,23.814117,121.468606,機車-普通重型,0,40-49歲,男,1,0
7945,0ebee6de15493fd9,2025/11/11,8,新竹縣,竹北市,24.847306,121.021607,機車-普通重型,0,50-59歲,男,2,0
7946,ab68b0981bd9597e,2025/8/31,21,屏東縣,屏東市,22.695431,120.505441,小客車(含客、貨兩用)-租賃車,0,40-49歲,女,1,0
7947,2bf9bae76732386d,2025/3/12,8,臺中市,南屯區,24.124107,120.633365,機車-普通重型,0,40-49歲,女,2,0
7948,8ef561ac0fef4842,2025/5/27,8,臺中市,西屯區,24.174765,120.617942,機車-普通重型,0,60歲以上,女,1,0
7949,69386c77e55f8b13,2025/4/22,14,臺中市,太平區,24.146862,120.7131,機車-普通重型,0,30-39歲,男,2,0
7950,ccdbc68664aa7c2e,2025/2/24,17,宜蘭縣,壯圍鄉,24.722056,121.785956,機車-普通重型,0,30-39歲,女,1,0
7951,7730b808fddd973e,2025/3/10,8,新北市,三重區,25.045294,121.498919,機車-普通重型,0,50-59歲,男,2,0
7952,3e38f7809620ee58,2025/11/15,12,臺中市,太平區,24.146087,120.71248,機車-普通重型,0,50-59歲,女,2,0
7953,f5ae03614ac4a365,2025/1/26,18,高雄市,仁武區,22.68634,120.3377,機車-普通重型,0,50-59歲,女,1,0
7954,fca996a92c84f2cb,2025/3/2,15,臺南市,官田區,23.193953,120.307893,小客車(含客、貨兩用)-自用,0,50-59歲,男,2,0
7955,ab5b09d142d882f3,2025/8/29,19,新北市,三重區,25.063956,121.487548,機車-普通重型,0,30-39歲,男,1,0
7956,cc11de35bbb6e393,2025/10/15,12,屏東縣,屏東市,22.683657,120.488088,小客車(含客、貨兩用)-自用,0,40-49歲,男,1,0
7957,b8b417da74013d01,2025/1/31,21,臺南市,東區,22.982264,120.237124,機車-普通重型,0,30-39歲,男,2,0
7958,75512aeef6acc4c5,2025/12/17,20,新北市,淡水區,25.180916,121.444778,機車-普通重型,0,60歲以上,男,1,0
7959,453dacfa30ecc77d,2025/12/24,21,彰化縣,二林鎮,23.898004,120.370094,小貨車-自用,0,40-49歲,男,1,0
7960,3f40c3d1e365a647,2025/7/18,18,臺中市,霧峰區,24.070631,120.701598,小客車(含客、貨兩用)-自用,0,30-39歲,女,1,0
7961,a8e9249c911e4766,2025/8/29,7,屏東縣,屏東市,22.665931,120.498958,小客車(含客、貨兩用)-自用,0,40-49歲,男,1,0
7962,9d2975962c967dfa,2025/9/10,18,新竹市,北區,24.8093,120.963438,機車-普通重型,0,40-49歲,男,1,0
7963,887da0d7406cbd77,2025/10/23,14,雲林縣,虎尾鎮,23.694215,120.420282,小客車(含客、貨兩用)-自用,0,40-49歲,女,1,0
7964,b454d10e5018f1f4,2025/8/19,21,臺北市,信義區,25.041525,121.579109,小客車(含客、貨兩用)-自用,0,60歲以上,男,1,0
7965,529a803679c411ed,2025/1/2,8,新北市,新莊區,25.036297,121.452619,機車-普通重型,0,60歲以上,男,3,0
7966,dcb7e39fab90bed4,2025/8/21,12,桃園市,平鎮,24.953003,121.221458,機車-普通重型,0,60歲以上,男,1,0
7967,ceb02783e51207c8,2025/1/25,21,新北市,林口區,25.070273,121.371712,小客車(含客、貨兩用)-自用,0,30-39歲,男,2,0
7968,bf7dbd095ad1d703,2025/11/12,20,新北市,三重區,25.055305,121.49706,小客車(含客、貨兩用)-自用,0,50-59歲,男,1,0
7969,25693c00f6f71a9d,2025/4/2,15,新北市,新莊區,25.042322,121.460423,機車-普通重型,0,40-49歲,男,1,0
7970,d396ae1787f751da,2025/5/2,11,臺中市,大里區,24.097032,120.718936,小客車(含客、貨兩用)-自用,0,60歲以上,男,1,0
7971,d48176498e074f72,2025/3/21,17,新北市,板橋區,25.009295,121.462445,小客車(含客、貨兩用)-營業用,0,50-59歲,男,2,0
7972,8a15f1f72d6712a5,2025/9/24,17,彰化縣,彰化市,24.095734,120.596718,小客車(含客、貨兩用)-自用,0,19歲以下,女,1,0
7973,0637cefbe4820549,2025/5/3,16,臺南市,安南區,23.0358,120.203202,小客車(含客、貨兩用)-自用,0,50-59歲,男,2,0
7974,b2cd6e777a6c08a1,2025/10/2,13,彰化縣,員林市,23.961189,120.564834,小客車(含客、貨兩用)-自用,0,60歲以上,女,1,0
7975,2974c09ff780889e,2025/11/17,11,屏東縣,東港鎮,22.466589,120.451605,機車-普通重型,0,40-49歲,男,2,0
7976,cabfadaa856d94d2,2025/10/22,14,桃園市,楊梅區,24.907061,121.139564,小客車(含客、貨兩用)-自用,0,40-49歲,男,2,0
7977,1a398dbbb672bbaf,2025/11/27,15,雲林縣,虎尾鎮,23.708452,120.434354,機車-普通重型,0,50-59歲,男,1,0
7978,8a6869c85492f811,2025/2/5,11,高雄市,鼓山區,22.651716,120.281301,機車-普通重型,0,60歲以上,男,1,0
7979,8bb311d32761afa8,2025/6/9,11,彰化縣,彰化市,24.063605,120.557795,機車-普通重型,0,40-49歲,男,1,0
7980,7bf9e8a5641657dd,2025/5/1,15,桃園市,中壢區,24.952592,121.228481,機車-普通重型,0,50-59歲,男,2,0
7981,6a0293c6968d481a,2025/2/18,7,臺中市,北屯區,24.182234,120.711102,機車-普通重型,0,50-59歲,男,1,0
7982,9d5893f615481ba5,2025/7/17,17,桃園市,龜山區,25.051655,121.36949,小客車(含客、貨兩用)-自用,0,20-29歲,男,1,0
7983,a3a2b704893c13cd,2025/1/7,16,臺中市,神岡區,24.259421,120.686116,機車-普通重型,0,40-49歲,男,1,0
7984,33383a405f53919b,2025/7/6,22,臺中市,西區,24.15244,120.65497,小客車(含客、貨兩用)-自用,0,50-59歲,男,1,0
7985,0111523784703121,2025/1/22,20,臺南市,北區,23.005888,120.216595,小客車(含客、貨兩用)-自用,0,30-39歲,男,2,0
7986,36156e047d88189d,2025/1/2,17,南投縣,埔里鎮,23.969677,120.929871,機車-普通重型,0,50-59歲,女,1,0
7987,05aedc0167513bbe,2025/12/31,12,臺中市,烏日區,24.106647,120.620954,機車-普通重型,0,40-49歲,女,2,0
7988,0692ce0c58257007,2025/5/9,21,彰化縣,溪湖鎮,23.956699,120.485221,小客車(含客、貨兩用)-自用,0,40-49歲,男,1,0
7989,d4d522802146b4b1,2025/7/21,15,臺北市,大同區,25.071715,121.516653,小客車(含客、貨兩用)-自用,0,30-39歲,男,1,0
7990,df0784620c29c5a3,2025/9/5,6,臺北市,內湖區,25.057852,121.588719,機車-普通重型,0,30-39歲,女,2,0
7991,4dbe87d0d96c4fe3,2025/1/5,10,新北市,淡水區,25.161253,121.45687,小客車(含客、貨兩用)-營業用,0,40-49歲,男,1,0
7992,863722b6f9455174,2025/7/6,19,南投縣,埔里鎮,23.959004,120.979739,機車-普通重型,0,60歲以上,女,1,0
7993,30f9d3a4039d5438,2025/8/6,7,臺中市,大里區,24.094474,120.709655,小客車(含客、貨兩用)-自用,0,40-49歲,男,1,0
7994,ead39c1d2ade0fcf,2025/11/6,8,桃園市,八德區,24.964357,121.302094,機車-普通重型,0,50-59歲,男,1,0
7995,03494b46d1cde57c,2025/9/15,9,高雄市,鳳山區,22.628111,120.344988,機車-普通重型,0,40-49歲,男,1,0
7996,745da47e48117ba2,2025/5/11,20,高雄市,左營區,22.669439,120.306089,小客車(含客、貨兩用)-自用,0,60歲以上,男,1,0
7997,8905798046317ad1,2025/4/1,18,新北市,永和區,25.005461,121.514538,人-行人,0,60歲以上,男,4,0
7998,7fcce461d660268b,2025/10/22,9,臺東縣,臺東市,22.754622,121.149936,機車-普通重型,0,50-59歲,男,1,0
7999,8998c0975da5f30a,2025/1/27,22,彰化縣,二水鄉,23.814648,120.611187,機車-普通重型,0,50-59歲,男,1,0
8000,2e0ee2234484236e,2025/1/17,10,高雄市,三民區,22.65799,120.319523,人-行人,0,60歲以上,男,2,0
8001,51a25fa39387b70f,2025/4/12,19,桃園市,桃園區,25.000508,121.317171,機車-普通重型,0,30-39歲,女,1,0
8002,4788598e08514732,2025/7/26,7,新竹縣,竹東鎮,24.77284,121.056381,小客車(含客、貨兩用)-自用,0,40-49歲,男,1,0
8003,7534b9f6f0f71efa,2025/6/2,22,新北市,三重區,25.071757,121.498531,機車-普通重型,0,60歲以上,男,2,0
8004,bb165285a36d611c,2025/8/31,16,桃園市,中壢區,24.952383,121.260809,機車-普通重型,0,20-29歲,男,1,0
8005,0675017841be1600,2025/12/15,16,臺南市,東山區,23.313468,120.387369,機車-普通重型,0,50-59歲,女,1,0
8006,ce4dd8d2c5f684db,2025/1/26,2,新北市,中和區,24.998543,121.501965,慢車-腳踏自行車,0,60歲以上,男,3,0
8007,555aa0099fc5c39d,2025/9/23,9,臺南市,官田區,23.181217,120.33844,小客車(含客、貨兩用)-自用,0,50-59歲,男,3,0
8008,6c92f5fda3022f30,2025/9/18,10,高雄市,左營區,22.67099,120.296,小客車(含客、貨兩用)-自用,0,40-49歲,男,1,0
8009,a70e242b03150183,2025/11/21,19,桃園市,中壢區,24.941631,121.225102,機車-普通重型,0,40-49歲,女,2,0
8010,7f4557ec73a96e29,2025/4/22,7,臺中市,南屯區,24.125572,120.641658,小客車(含客、貨兩用)-自用,0,40-49歲,男,1,0
8011,3e29d51812406184,2025/3/25,12,臺中市,北屯區,24.178995,120.669918,機車-普通重型,0,50-59歲,男,1,0
8012,e627b10f69072c2a,2025/3/19,7,新北市,五股區,25.099218,121.409395,機車-普通重型,0,40-49歲,男,2,0
8013,2573f5b3469715d4,2025/9/7,12,臺北市,文山區,24.983459,121.567372,機車-普通重型,0,30-39歲,男,2,0
8014,3d358e169f7b2ac7,2025/9/9,7,桃園市,中壢區,24.964437,121.205279,機車-普通重型,0,60歲以上,男,1,0
8015,f235f05b582891d2,2025/12/30,7,苗栗縣,竹南鎮,24.69157,120.873196,機車-普通重型,0,40-49歲,女,1,0
8016,b80588fdb30ef990,2025/10/24,15,彰化縣,彰化市,24.077992,120.538763,機車-普通重型,0,40-49歲,男,2,0
8017,7dee2592af2569b3,2025/11/4,7,桃園市,中壢區,24.969933,121.249167,機車-普通重型,0,50-59歲,男,3,0
8018,5f207f582c9cc349,2025/12/19,17,臺北市,信義區,25.040334,121.580611,小客車(含客、貨兩用)-計程車,0,50-59歲,男,1,0
8019,c8adff98ad54b43f,2025/4/3,12,臺中市,北區,24.147582,120.681869,機車-普通重型,0,40-49歲,男,2,0
8020,2bf3bc435fb26199,2025/8/8,21,臺南市,南區,22.96909,120.209838,機車-普通重型,0,19歲以下,男,1,0
8021,498c375c7ade0a0f,2025/9/5,18,嘉義市,西區,23.491582,120.442697,小客車(含客、貨兩用)-自用,0,40-49歲,女,1,0
8022,8f5d55483230a130,2025/11/21,13,臺中市,大里區,24.094818,120.71459,機車-普通重型,0,60歲以上,男,1,0
8023,ed531dbdbcc8f4fa,2025/8/28,17,臺中市,烏日區,24.09513,120.654847,機車-普通重型,0,50-59歲,女,1,0
8024,c7845c838e9f3b68,2025/9/10,9,臺東縣,池上鄉,23.120957,121.213339,機車-普通重型,0,30-39歲,男,1,0
8025,f9e5ffb3114687fc,2025/12/27,18,新北市,中和區,25.008302,121.495534,慢車-微型電動二輪車,0,19歲以下,女,1,0
8026,8da5111bead4bb31,2025/5/20,10,臺南市,中西區,22.993625,120.206683,機車-普通輕型,0,40-49歲,男,1,0
8027,934c58c8c079b561,2025/1/13,6,彰化縣,員林市,23.963408,120.579604,機車-普通重型,0,30-39歲,男,2,0
8028,b0dcfb347f48f869,2025/1/27,20,桃園市,大溪區,24.901566,121.27991,慢車-微型電動二輪車,0,40-49歲,男,1,0
8029,a0aaeb98266d816b,2025/4/9,18,高雄市,楠梓區,22.723673,120.328991,機車-普通重型,0,50-59歲,男,4,0
8030,d099fab6675c3701,2025/12/5,7,南投縣,埔里鎮,23.973115,120.967325,小客車(含客、貨兩用)-自用,0,50-59歲,女,1,0
8031,fcb9e90ab41e6618,2025/1/6,14,臺中市,大肚區,24.172059,120.575682,機車-普通重型,0,60歲以上,男,1,0
8032,0817f4a570a8c70c,2025/3/4,16,彰化縣,鹿港鎮,24.064832,120.390599,小客車(含客、貨兩用)-自用,0,50-59歲,男,1,0
8033,2b38ae109b2d907e,2025/5/23,18,新北市,泰山區,25.040286,121.428769,大客車-公營公車,0,40-49歲,男,1,0
8034,201aa7e465539f38,2025/1/29,16,宜蘭縣,蘇澳鎮,24.595365,121.839184,小客車(含客、貨兩用)-自用,0,60歲以上,男,2,0
8035,5a42ca7f1afadf44,2025/12/16,18,臺中市,南區,24.12058,120.650006,機車-普通重型,0,40-49歲,男,2,0
8036,05d10611978ff2ba,2025/6/10,10,新北市,板橋區,24.994147,121.456982,機車-普通重型,0,40-49歲,男,1,0
8037,6a46af554a215955,2025/5/13,20,桃園市,中壢區,24.966013,121.223545,小客車(含客、貨兩用)-自用,0,20-29歲,男,1,0
8038,70abee8c506609c6,2025/10/13,16,花蓮縣,玉里鎮,23.336831,121.317849,機車-普通重型,0,50-59歲,男,4,0
8039,6bf79779c0ca633f,2025/6/19,17,臺中市,西區,24.147577,120.665412,機車-普通重型,0,40-49歲,男,1,0
8040,6c3fa3d2743f741e,2025/1/16,11,桃園市,中壢區,24.964864,121.23732,機車-普通重型,0,40-49歲,女,1,0
8041,202bbd37ba13a863,2025/11/20,8,新竹市,東區,24.807766,120.988521,小客車(含客、貨兩用)-自用,0,40-49歲,女,1,0
8042,48d6a134a384c364,2025/3/24,9,彰化縣,伸港鄉,24.153527,120.477043,小客車(含客、貨兩用)-自用,0,30-39歲,男,1,0
8043,08c8a69752effcc7,2025/4/18,18,彰化縣,彰化市,24.071796,120.527893,人-行人,0,40-49歲,男,1,0
8044,d2c2e6d6c51a412f,2025/12/19,9,臺南市,善化區,23.125724,120.296218,機車-普通重型,0,30-39歲,男,1,0
8045,bd0978df6bb10c9d,2025/11/28,10,南投縣,埔里鎮,23.931955,120.987986,小貨車-自用,0,50-59歲,男,1,0
8046,2926f716d3fd8751,2025/8/22,10,臺南市,安平區,22.991419,120.168964,小客車(含客、貨兩用)-自用,0,30-39歲,女,1,0
8047,4abed9c7426e2154,2025/5/14,18,新竹市,東區,24.805356,120.973194,機車-普通重型,0,40-49歲,男,1,0
8048,b74ff7b6db489fd1,2025/1/15,17,臺中市,北屯區,24.230163,120.689966,機車-普通重型,0,40-49歲,男,2,0
8049,a7200a6b5ab5f80e,2025/4/23,8,臺南市,安平區,22.983058,120.177356,小客車(含客、貨兩用)-自用,0,50-59歲,男,1,0
8050,ba7f57ea6a028aaf,2025/8/7,18,嘉義縣,民雄鄉,23.525809,120.441864,慢車-微型電動二輪車,0,40-49歲,男,1,0
8051,e5138a9ef9fcfa11,2025/8/16,19,臺南市,安南區,23.050259,120.181167,慢車-微型電動二輪車,0,50-59歲,男,1,0
8052,f91640d897577429,2025/6/13,17,臺中市,大里區,24.111282,120.688774,機車-普通重型,0,30-39歲,男,1,0
8053,393075f10b8f7d5d,2025/5/3,9,臺南市,東區,22.997786,120.212413,機車-普通重型,0,40-49歲,男,1,0
8054,238773b9c6a457af,2025/10/27,11,新北市,板橋區,25.009453,121.481366,小客車(含客、貨兩用)-自用,0,50-59歲,男,1,0
8055,0b6f1c2021d5a057,2025/3/25,16,新北市,淡水區,25.151096,121.459479,小客車(含客、貨兩用)-自用,0,19歲以下,女,1,0
8056,662bdff9a869e952,2025/2/26,17,臺南市,新市,23.079542,120.246683,小客車(含客、貨兩用)-自用,0,20-29歲,女,1,0
8057,76e822c1e93092d1,2025/7/12,17,桃園市,桃園區,24.992887,121.288275,機車-普通重型,0,30-39歲,男,1,0
8058,3d7660551e54e818,2025/1/17,17,彰化縣,鹿港鎮,24.050917,120.436159,機車-普通重型,0,50-59歲,女,1,0
8059,a4556decae09d84e,2025/6/8,5,屏東縣,萬丹鄉,22.577884,120.483755,小貨車-自用,0,50-59歲,男,1,0
8060,b52da06209b01eaf,2025/4/4,13,屏東縣,恆春鎮,21.994601,120.755288,機車-普通重型,0,40-49歲,男,2,0
8061,9ef9b6381b76beb8,2025/7/29,10,桃園市,蘆竹區,25.088015,121.287814,未知,0,40-49歲,男,1,0
8062,f90b0d95ae2718ec,2025/7/24,9,桃園市,桃園區,25.014027,121.304279,機車-普通重型,0,40-49歲,男,1,0
8063,0f54349ae7989b5c,2025/10/30,19,臺北市,大同區,25.068114,121.510587,小客車(含客、貨兩用)-自用,0,50-59歲,女,1,0
8064,ebf37905020fa01e,2025/3/25,22,臺北市,中山區,25.046321,121.529698,機車-普通重型,0,40-49歲,男,1,0
8065,bb33699806664575,2025/10/28,10,臺南市,永康區,23.037373,120.232542,小客車(含客、貨兩用)-自用,0,40-49歲,男,1,0
8066,edc9b01b01981afe,2025/3/6,8,臺南市,東區,22.968529,120.224701,機車-普通重型,0,40-49歲,男,3,0
8067,243ddb20217081b7,2025/1/17,9,臺中市,南區,24.130002,120.65963,機車-普通重型,0,20-29歲,男,2,0
8068,834285a64f02b105,2025/6/23,16,金門縣,金湖鎮,24.441747,118.416261,小客車(含客、貨兩用)-租賃車,0,40-49歲,男,1,0
8069,6cbb728a4f47519b,2025/10/24,10,新北市,板橋區,25.009449,121.481602,小客車(含客、貨兩用)-自用,0,60歲以上,男,1,0
8070,bfe7732e937e4002,2025/12/18,12,彰化縣,彰化市,24.078393,120.542369,機車-普通重型,0,40-49歲,男,2,0
8071,d4d7216a34cfda32,2025/7/30,19,新北市,永和區,25.006104,121.520875,小客車(含客、貨兩用)-自用,0,50-59歲,男,1,0
8072,581faa3b33f782bc,2025/4/13,13,臺中市,太平區,24.118856,120.720393,機車-普通重型,0,60歲以上,男,1,0
8073,107e32d0cd1f0647,2025/4/15,8,新北市,新莊區,25.039981,121.452481,機車-普通重型,0,60歲以上,男,1,0
8074,aa5a0df247f01f08,2025/9/22,7,臺中市,太平區,24.113845,120.721396,機車-普通重型,0,40-49歲,男,1,0
8075,abaf7e18d7648489,2025/7/19,14,新北市,三峽區,24.936689,121.373493,機車-普通重型,0,30-39歲,女,1,0
8076,7a987e391f06988d,2025/8/31,16,彰化縣,彰化市,24.07004,120.542088,機車-普通重型,0,40-49歲,女,1,0
8077,8b105cad32a13f31,2025/4/7,7,臺中市,清水區,24.265881,120.55498,機車-普通重型,0,60歲以上,男,1,0
8078,359bad0282f991ba,2025/7/28,9,新北市,新莊區,25.045365,121.455189,機車-普通重型,0,60歲以上,女,3,0
8079,ad61c0671b95f420,2025/8/10,22,高雄市,前鎮,22.57954,120.326296,機車-普通重型,0,30-39歲,男,1,0
8080,828f4f267c0e7a2e,2025/2/19,17,新竹市,香山區,24.740753,120.90995,小客車(含客、貨兩用)-自用,0,40-49歲,男,1,0
8081,1d15ae66aef0f52c,2025/12/3,21,新北市,新莊區,25.05433,121.442152,小客車(含客、貨兩用)-自用,0,40-49歲,男,1,0
8082,43e22828a36622bb,2025/12/25,14,高雄市,小港區,22.570919,120.350961,機車-普通重型,0,30-39歲,女,1,0
8083,e207e25fa39e7fdc,2025/5/14,16,苗栗縣,頭屋鄉,24.574225,120.849364,小客車(含客、貨兩用)-自用,0,60歲以上,男,1,0
8084,03bb10c6536f1b1f,2025/5/9,7,臺中市,豐原區,24.255559,120.743761,機車-普通重型,0,50-59歲,男,1,0
8085,e8f2259d77cf6c09,2025/6/12,17,桃園市,大園區,25.060153,121.199181,機車-普通重型,0,40-49歲,男,1,0
8086,9892ed9bfe233142,2025/5/15,10,高雄市,岡山區,22.807701,120.309324,小客車(含客、貨兩用)-自用,0,50-59歲,男,1,0
8087,2f41494f7f01989e,2025/2/11,11,苗栗縣,苗栗市,24.574643,120.844656,機車-普通重型,0,40-49歲,男,2,0
8088,85ce061cc19b62bd,2025/11/19,15,桃園市,大溪區,24.901367,121.275657,小客車(含客、貨兩用)-自用,0,50-59歲,女,1,0
8089,c8716923c9d8d13c,2025/6/28,10,高雄市,鳥松區,22.655546,120.335987,機車-普通重型,0,40-49歲,男,1,0
8090,538aa83eab5a8a8b,2025/1/17,14,臺中市,大肚區,24.117297,120.573418,小貨車-自用,0,40-49歲,男,1,0
8091,058ad59527268ac7,2025/12/18,23,新北市,林口區,25.079035,121.387998,大貨車-營業用,0,30-39歲,男,1,0
8092,a77e632a7cae22cf,2025/3/7,7,桃園市,八德區,24.930989,121.280085,機車-普通重型,0,40-49歲,男,2,0
8093,50ac19077c6c7801,2025/1/20,14,臺北市,中正區,25.039772,121.512854,小客車(含客、貨兩用)-計程車,0,40-49歲,女,1,0
8094,50d1896ee8f1731e,2025/7/23,20,臺中市,豐原區,24.250204,120.731908,機車-普通重型,0,30-39歲,男,2,0
8095,a3374347f0bc55a4,2025/9/22,12,桃園市,八德區,24.957628,121.300642,小客車(含客、貨兩用)-自用,0,40-49歲,男,1,0
8096,f87f7344c03129f9,2025/2/4,21,臺中市,西屯區,24.183328,120.616733,機車-普通重型,0,60歲以上,男,2,0
8097,49b431094a3900f8,2025/8/13,8,彰化縣,員林市,23.948717,120.565007,慢車-微型電動二輪車,0,30-39歲,女,1,0
8098,b2de4c174e187bb2,2025/12/24,7,桃園市,桃園區,25.004455,121.289701,慢車-微型電動二輪車,0,40-49歲,男,2,0
8099,9fba3d8d02ace7d9,2025/11/6,22,高雄市,新興區,22.622428,120.309451,小客車(含客、貨兩用)-租賃車,0,40-49歲,男,1,0
8100,a326e90345f6e350,2025/6/7,10,臺北市,大同區,25.051642,121.513881,小客車(含客、貨兩用)-自用,0,20-29歲,男,1,0
8101,eb5fc966a59dfb54,2025/1/5,11,新北市,林口區,25.081694,121.379772,小客車(含客、貨兩用)-自用,0,30-39歲,男,1,0
8102,360c8601074a7ffe,2025/7/10,20,臺中市,南屯區,24.143662,120.63898,機車-普通重型,0,40-49歲,男,1,0
8103,f7b8631702a7929a,2025/12/14,0,臺南市,北區,23.01333,120.19814,機車-普通重型,0,19歲以下,男,2,0
8104,d46c7d27a2cb39b1,2025/12/2,9,高雄市,左營區,22.6672,120.3093,小客車(含客、貨兩用)-自用,0,19歲以下,男,1,0
8105,5f6371e8b9fe82bc,2025/10/2,17,臺中市,清水區,24.307195,120.618236,小客車(含客、貨兩用)-自用,0,50-59歲,男,1,0
8106,67a39e50429fc845,2025/12/31,10,臺北市,松山區,25.051457,121.566494,機車-普通重型,0,20-29歲,男,1,0
8107,db538ba1e09cab34,2025/6/9,22,雲林縣,虎尾鎮,23.709608,120.427414,機車-普通重型,0,40-49歲,女,1,0
8108,0a1b0caea099e21a,2025/2/3,7,高雄市,鳳山區,22.614509,120.347762,未知,0,40-49歲,男,2,0
8109,a8566c15c1980abe,2025/4/4,14,屏東縣,恆春鎮,21.945066,120.744671,小客車(含客、貨兩用)-自用,0,40-49歲,男,2,0
8110,e039e3aef8eee4bc,2025/9/21,9,彰化縣,埔心鄉,23.949299,120.558187,小客車(含客、貨兩用)-自用,0,50-59歲,男,1,0
8111,2275860df1e6b713,2025/3/24,11,臺中市,東勢區,24.255336,120.82905,機車-普通重型,0,40-49歲,男,2,0
8112,cf004273316530aa,2025/8/10,12,苗栗縣,苗栗市,24.56094,120.822393,小客車(含客、貨兩用)-自用,0,40-49歲,男,1,0
8113,0d9af00d8bebedda,2025/7/21,19,嘉義市,西區,23.473269,120.441572,機車-普通重型,0,20-29歲,男,1,0
8114,2270fddb5b547bb9,2025/6/25,8,臺中市,北區,24.156796,120.667937,機車-普通重型,0,40-49歲,男,1,0
8115,39b9256b2c7b79ba,2025/3/19,17,高雄市,楠梓區,22.721579,120.291032,機車-普通重型,0,60歲以上,男,2,0
8116,408bf047c0662535,2025/2/16,9,臺南市,楠西區,23.169856,120.488249,機車-普通重型,0,50-59歲,男,1,0
8117,930726bffdf2a2ce,2025/9/3,17,彰化縣,鹿港鎮,24.061902,120.409722,機車-普通重型,0,20-29歲,男,2,0
8118,b4ac855393e784e2,2025/10/20,17,臺中市,東勢區,24.259357,120.826009,機車-普通重型,0,40-49歲,女,1,0
8119,346998fca458873a,2025/3/28,16,彰化縣,彰化市,24.089245,120.537229,小客車(含客、貨兩用)-自用,0,40-49歲,男,1,0
8120,5408e6b353f73ef4,2025/3/29,19,新北市,新莊區,25.039559,121.462764,機車-普通重型,0,40-49歲,女,3,0
8121,04152c01e623471e,2025/5/15,13,桃園市,桃園區,24.992939,121.306055,機車-普通重型,0,40-49歲,男,1,0
8122,3ba6f6d6fff470ee,2025/7/17,7,新竹縣,芎林鄉,24.778046,121.076828,小客車(含客、貨兩用)-自用,0,40-49歲,男,1,0
8123,923f38fb9dfa4b0f,2025/8/3,16,苗栗縣,三義鄉,24.361079,120.738391,機車-普通重型,0,30-39歲,男,1,0
8124,7b26edf63b4a7fad,2025/1/25,18,新北市,三重區,25.071775,121.495069,機車-普通重型,0,30-39歲,男,1,0
8125,8ae07662d3c11387,2025/7/17,21,臺中市,南區,24.12637,120.684248,機車-普通重型,0,30-39歲,男,1,0
8126,443a13547b1c44e6,2025/9/19,18,宜蘭縣,宜蘭市,24.751193,121.746037,機車-普通重型,0,50-59歲,男,2,0
8127,c23398add6123a85,2025/4/4,9,臺中市,沙鹿區,24.229464,120.560679,機車-普通重型,0,40-49歲,男,1,0
8128,d2fafc5836e3d72e,2025/2/15,12,臺北市,中正區,25.041225,121.521249,機車-普通重型,0,20-29歲,女,1,0
8129,9517e2f4c983c8ae,2025/8/26,0,臺中市,北區,24.148782,120.682581,小客車(含客、貨兩用)-自用,0,50-59歲,男,1,0
8130,2c22b2616451f867,2025/11/9,20,臺北市,信義區,25.045017,121.562989,小客車(含客、貨兩用)-自用,0,20-29歲,男,4,0
8131,96c736d1a17cff79,2025/8/2,14,宜蘭縣,羅東鎮,24.676839,121.773063,小客車(含客、貨兩用)-自用,0,30-39歲,男,1,0
8132,70a7fc26babf3995,2025/1/15,15,苗栗縣,苑裡鎮,24.374121,120.717751,機車-普通重型,0,40-49歲,女,1,0
8133,5ef89fc2004c3421,2025/10/17,17,臺北市,文山區,24.988657,121.559878,機車-普通重型,0,40-49歲,男,1,0
8134,5cd49c6942656119,2025/2/24,17,彰化縣,大城鄉,23.859059,120.294278,小貨車-自用,0,50-59歲,女,1,0
8135,cbe8fa8d02630893,2025/7/28,12,嘉義縣,新港鄉,23.559913,120.346045,小客車(含客、貨兩用)-自用,0,40-49歲,男,1,0
8136,7d9d60805fbfc5b0,2025/6/22,19,臺北市,南港區,25.045452,121.587924,慢車-腳踏自行車,0,50-59歲,男,1,0
8137,efc21cd1ecc98977,2025/1/13,9,臺南市,安南區,23.021596,120.182716,小客車(含客、貨兩用)-自用,0,30-39歲,女,1,0
8138,1ca3820e01d0bfc6,2025/2/6,17,臺北市,中正區,25.026962,121.522153,機車-普通重型,0,40-49歲,男,1,0
8139,8a087c5296d3cf34,2025/12/17,21,彰化縣,田中鎮,23.864157,120.598718,小客車(含客、貨兩用)-自用,0,30-39歲,男,1,0
8140,1538b34a4ddc4610,2025/9/26,9,臺中市,大里區,24.087031,120.702393,機車-普通輕型,0,50-59歲,男,1,0
8141,6c900c98c3b4fe58,2025/3/11,7,屏東縣,恆春鎮,22.046529,120.72881,機車-普通重型,0,40-49歲,男,1,0
8142,aa2f56b7f954ce7b,2025/8/6,10,雲林縣,斗六市,23.700013,120.523286,慢車-腳踏自行車,0,50-59歲,男,1,0
8143,590988138aea391f,2025/5/2,12,臺中市,龍井區,24.181192,120.5422,機車-普通重型,0,30-39歲,男,1,0
8144,f6f83eb7b62d1a98,2025/2/15,16,臺中市,東區,24.13319,120.69714,小客車(含客、貨兩用)-自用,0,30-39歲,男,1,0
8145,db9f79f9d939c59f,2025/12/7,20,臺中市,北屯區,24.200892,120.665291,小客車(含客、貨兩用)-自用,0,20-29歲,男,1,0
8146,98780b9b87b33f74,2025/10/28,15,彰化縣,員林市,23.958607,120.573239,機車-普通重型,0,40-49歲,男,1,0
8147,fa192cc9cc50e2b3,2025/6/20,22,新北市,三峽區,24.930049,121.380645,小客車(含客、貨兩用)-自用,0,30-39歲,男,1,0
8148,2b995cc7af1a0750,2025/7/25,16,臺中市,大里區,24.104125,120.703023,機車-普通重型,0,20-29歲,男,1,0
8149,4f0dd66ed34834db,2025/1/1,19,嘉義市,東區,23.46943,120.455197,機車-普通重型,0,50-59歲,男,1,0
8150,4426e05dc98ee31e,2025/5/1,7,嘉義縣,民雄鄉,23.559483,120.451372,機車-普通重型,0,50-59歲,男,1,0
8151,d7d4cd212eb7e68b,2025/12/13,19,臺中市,北區,24.149702,120.684894,小客車(含客、貨兩用)-計程車,0,50-59歲,男,1,0
8152,c521d6645bbe9397,2025/9/12,8,雲林縣,麥寮鄉,23.801022,120.236231,機車-普通重型,0,40-49歲,男,1,0
8153,e7f75a64842f0ce0,2025/5/26,16,臺南市,北區,23.013142,120.222124,小客車(含客、貨兩用)-自用,0,40-49歲,男,1,0
8154,621e4ad9c115a339,2025/7/19,23,臺中市,大里區,24.080774,120.688526,機車-普通重型,0,50-59歲,女,1,0
8155,4788df3e7036f639,2025/4/15,18,臺中市,中區,24.144984,120.681281,慢車-微型電動二輪車,0,20-29歲,女,2,0
8156,8b51185732052e82,2025/1/20,18,彰化縣,大城鄉,23.826022,120.287768,機車-普通重型,0,50-59歲,男,2,0
8157,b5891a00f93b7183,2025/5/28,6,新竹市,東區,24.794652,120.97262,小客車(含客、貨兩用)-自用,0,40-49歲,男,1,0
8158,05076a55e8f6edef,2025/10/11,7,宜蘭縣,羅東鎮,24.668987,121.786693,曳引車-營業用,0,40-49歲,男,1,0
8159,6f6a8cb9576b2afb,2025/11/8,7,桃園市,復興區,24.790066,121.279803,機車-普通重型,0,60歲以上,男,2,0
8160,8762bb4ab04a24d1,2025/10/5,17,高雄市,路竹區,22.873215,120.282532,小客車(含客、貨兩用)-自用,0,30-39歲,男,1,0
8161,c511640b27f643e8,2025/5/2,17,宜蘭縣,冬山鄉,24.666153,121.763112,慢車-腳踏自行車,0,30-39歲,女,1,0
8162,de7052883c3ba125,2025/1/3,18,臺中市,西區,24.142527,120.668285,小客車(含客、貨兩用)-計程車,0,50-59歲,女,1,0
8163,9dd74496f64abd9c,2025/1/16,14,臺南市,東區,22.987361,120.23559,小客車(含客、貨兩用)-自用,0,40-49歲,男,1,0
8164,c1b8e6eca520b66a,2025/9/15,9,高雄市,左營區,22.67018,120.3042,機車-普通重型,0,40-49歲,女,1,0
8165,ad4e79017bffc665,2025/8/12,9,雲林縣,虎尾鎮,23.702473,120.392551,小客車(含客、貨兩用)-自用,0,50-59歲,男,1,0
8166,47dac4ea8a1fe55f,2025/11/28,21,新北市,三重區,25.066732,121.472218,機車-普通重型,0,40-49歲,男,1,0
8167,a8b0c34a4778cfec,2025/1/7,7,桃園市,龍潭區,24.88732,121.188005,小客車(含客、貨兩用)-自用,0,40-49歲,男,1,0
8168,d0929c90edcc0cd9,2025/3/9,13,桃園市,中壢區,24.967281,121.229133,小客車(含客、貨兩用)-自用,0,30-39歲,男,1,0
8169,12427c81a91cdea4,2025/12/21,7,花蓮縣,花蓮市,24.003929,121.614099,機車-普通輕型,0,30-39歲,男,1,0
8170,6eb8704cabeb9a11,2025/4/19,12,桃園市,中壢區,25.007556,121.216972,機車-普通重型,0,40-49歲,女,1,0
8171,e27b69e5ee30de6b,2025/1/2,18,桃園市,平鎮,24.943196,121.185383,機車-普通重型,0,40-49歲,女,1,0
8172,7bc4b1287287bfa8,2025/5/29,7,臺中市,南屯區,24.154799,120.616478,機車-普通重型,0,30-39歲,男,1,0
8173,595355e2f8ed2243,2025/3/10,13,新北市,汐止區,25.078816,121.669674,小客車(含客、貨兩用)-自用,0,40-49歲,女,1,0
8174,e61aabf8a670663a,2025/7/24,7,臺北市,大安區,25.015652,121.542617,小客車(含客、貨兩用)-自用,0,19歲以下,男,3,0
8175,9ef7b565ddb3b2d1,2025/1/17,12,新北市,中和區,25.001437,121.480725,機車-普通重型,0,50-59歲,男,1,0
8176,d161fc2418f263bc,2025/10/10,15,桃園市,桃園區,24.996036,121.287877,小客車(含客、貨兩用)-自用,0,50-59歲,男,2,0
8177,4d7b7a6aafaffe45,2025/6/22,9,臺中市,南區,24.126566,120.670707,機車-大型重型2(250-550C.C.),0,60歲以上,男,1,0
8178,20948b2e454357d8,2025/7/3,19,臺中市,梧棲區,24.235604,120.526266,小客車(含客、貨兩用)-自用,0,30-39歲,男,1,0
8179,520235cc41dd27fd,2025/12/14,17,宜蘭縣,宜蘭市,24.759159,121.762183,小客車(含客、貨兩用)-自用,0,40-49歲,女,1,0
8180,c5302b96228a07a9,2025/8/30,12,新北市,汐止區,25.065441,121.656142,小客車(含客、貨兩用)-計程車,0,20-29歲,男,2,0
8181,7715d2262435fca9,2025/7/28,16,新北市,板橋區,25.022253,121.485541,機車-普通重型,0,30-39歲,男,2,0
8182,e983aa8b710bd54e,2025/7/14,1,花蓮縣,吉安鄉,23.987,121.588001,小客車(含客、貨兩用)-自用,0,40-49歲,男,2,0
8183,56b84cd18186d5b0,2025/3/27,10,嘉義市,西區,23.490241,120.445804,機車-普通重型,0,50-59歲,男,1,0
8184,2e8a3ce5364d486f,2025/12/21,20,嘉義市,東區,23.495966,120.455234,機車-普通重型,0,50-59歲,男,1,0
8185,105d03c325c470b5,2025/10/27,18,桃園市,中壢區,24.980431,121.256827,機車-普通重型,0,19歲以下,男,1,0
8186,ab39d2264f1229f6,2025/2/1,16,南投縣,南投市,23.950862,120.686028,機車-普通重型,0,30-39歲,男,1,0
8187,51c78a7899aef865,2025/4/23,8,臺中市,南屯區,24.11713,120.640363,大貨車-營業用,0,30-39歲,男,1,0
8188,02f24c829f47b96d,2025/9/17,10,屏東縣,屏東市,22.672645,120.48959,慢車-電動輔助自行車,0,20-29歲,男,1,0
8189,dada5a7a668f1f61,2025/10/20,11,屏東縣,恆春鎮,22.005101,120.745744,機車-普通重型,0,40-49歲,男,1,0
8190,b7b635da3f5c0383,2025/1/26,12,臺南市,東山區,23.30774,120.4102,小客車(含客、貨兩用)-自用,0,40-49歲,男,1,0
8191,e898cca7efa40e89,2025/10/27,8,臺中市,北屯區,24.161306,120.698956,機車-普通重型,0,40-49歲,男,1,0
8192,82c1863fe5574e72,2025/9/19,7,臺中市,烏日區,24.106109,120.625907,機車-普通重型,0,30-39歲,女,2,0
8193,4b28c443f5ab96d4,2025/4/24,18,新北市,新莊區,25.029707,121.414391,機車-普通重型,0,50-59歲,男,2,0
8194,b251af851a42c308,2025/10/27,16,臺中市,豐原區,24.257884,120.719167,小客車(含客、貨兩用)-自用,0,50-59歲,女,1,0
8195,c93ae171d629275a,2025/6/3,13,雲林縣,二崙鄉,23.815579,120.40622,小貨車-自用,0,60歲以上,男,1,0
8196,97f687c43d023458,2025/2/1,19,桃園市,八德區,24.953825,121.298569,小客車(含客、貨兩用)-自用,0,40-49歲,女,1,0
8197,7ac9c6493923199c,2025/8/14,9,屏東縣,來義鄉,22.492166,120.624721,機車-普通重型,0,40-49歲,男,1,0
8198,afd2a528059201fb,2025/1/26,9,苗栗縣,獅潭鄉,24.500407,120.903239,機車-普通重型,0,40-49歲,男,1,0
8199,ca41cccb3fc1800e,2025/11/2,8,臺中市,西屯區,24.168311,120.654004,機車-普通重型,0,30-39歲,男,1,0
8200,d6c79fa4af879415,2025/6/23,11,彰化縣,員林市,23.954513,120.571429,機車-普通重型,0,30-39歲,男,2,0
8201,5f5244a2a40d811e,2025/12/13,9,嘉義縣,東石鄉,23.459656,120.173314,小客車(含客、貨兩用)-自用,0,40-49歲,男,1,0
8202,01d4b6aecd139f1e,2025/5/21,17,彰化縣,彰化市,24.086858,120.557495,其他車-動力機械,0,40-49歲,男,1,0
8203,084f29e6ba378cc2,2025/10/28,8,臺南市,安定區,23.124118,120.250022,小客車(含客、貨兩用)-自用,0,40-49歲,男,1,0
8204,5eea36127e431fa0,2025/1/5,14,嘉義縣,水上鄉,23.444835,120.408183,小貨車-自用,0,50-59歲,男,1,0
8205,06c1a43a1d5c94e4,2025/3/25,6,雲林縣,北港鎮,23.590137,120.297419,小客車(含客、貨兩用)-自用,0,60歲以上,男,1,0
8206,836c2b167c577845,2025/10/28,15,高雄市,仁武區,22.685683,120.338538,機車-普通重型,0,40-49歲,男,1,0
8207,5f2d0a14b98a51dc,2025/11/1,19,臺北市,中正區,25.04522,121.532805,小客車(含客、貨兩用)-自用,0,30-39歲,男,1,0
8208,3d90f172e5b206dc,2025/12/31,9,臺中市,南區,24.11832,120.670197,機車-普通重型,0,40-49歲,男,1,0
8209,d3c8264c0f28f4e5,2025/1/15,9,臺南市,仁德區,22.967595,120.249848,小貨車-自用,0,50-59歲,男,1,0
8210,f461847a84fa0450,2025/8/21,14,臺中市,西區,24.148068,120.669639,小客車(含客、貨兩用)-自用,0,20-29歲,男,3,0
8211,d0ace0f1b4aadee2,2025/8/24,15,臺中市,東勢區,24.255032,120.829394,小客車(含客、貨兩用)-自用,0,40-49歲,女,1,0
8212,82af35a3e36aceef,2025/11/17,9,屏東縣,屏東市,22.666944,120.487619,機車-普通重型,0,30-39歲,男,1,0
8213,24c3edd5bb331c2e,2025/2/14,18,桃園市,龍潭區,24.885466,121.226026,小客車(含客、貨兩用)-自用,0,50-59歲,男,1,0
8214,f41c46392572a858,2025/6/11,7,高雄市,仁武區,22.70173,120.349,機車-普通重型,0,60歲以上,男,1,0
8215,c6f08693b0f107f9,2025/11/17,20,桃園市,平鎮,24.899962,121.202508,機車-普通重型,0,60歲以上,男,1,0
8216,8bfe5594facfb55b,2025/5/18,22,桃園市,中壢區,24.979601,121.222928,機車-普通重型,0,40-49歲,男,2,0
8217,f25b60d6b292c4fa,2025/12/6,18,花蓮縣,壽豐鄉,23.756173,121.556993,小客車(含客、貨兩用)-自用,0,50-59歲,男,1,0
8218,585f6d47149ff55d,2025/4/2,23,臺中市,北區,24.154678,120.686359,機車-普通重型,0,40-49歲,女,2,0
8219,6d9db364bb3082f3,2025/9/2,14,臺北市,大安區,25.014679,121.5434,機車-普通重型,0,50-59歲,男,1,0
8220,b79c45ec94b65d4a,2025/11/15,18,臺北市,萬華區,25.034429,121.504175,小客車(含客、貨兩用)-自用,0,20-29歲,女,1,0
8221,b62a8c6f62c5d3a8,2025/11/6,22,臺南市,東區,22.995041,120.218081,機車-普通重型,0,50-59歲,女,2,0
8222,008b02b6e28a8582,2025/4/6,13,花蓮縣,花蓮市,23.980478,121.600208,機車-普通重型,0,40-49歲,男,2,0
8223,00110079bf533f89,2025/12/24,17,彰化縣,溪湖鎮,23.945125,120.481121,機車-普通重型,0,50-59歲,男,2,0
8224,9dafdf391665de37,2025/12/11,1,新北市,永和區,25.0101,121.502668,機車-普通重型,0,50-59歲,男,1,0
8225,e74859439d1f3552,2025/2/12,7,彰化縣,鹿港鎮,24.067392,120.451747,小客車(含客、貨兩用)-自用,0,50-59歲,男,1,0
8226,722df3adb25728cb,2025/7/18,14,雲林縣,二崙鄉,23.815579,120.40622,小客車(含客、貨兩用)-自用,0,30-39歲,女,2,0
8227,b48eaa4eb0a4e0e4,2025/4/23,7,嘉義縣,太保市,23.498514,120.378273,機車-普通重型,0,19歲以下,男,2,0
8228,be731ae52f5695cb,2025/11/16,12,臺北市,士林區,25.088371,121.519848,機車-普通重型,0,40-49歲,男,2,0
8229,acb4de0f363ff943,2025/10/3,13,新竹縣,竹北市,24.86071,120.973474,機車-普通重型,0,20-29歲,女,2,0
8230,3f118b427051eb1a,2025/7/18,12,苗栗縣,苗栗市,24.565716,120.823401,機車-普通重型,0,40-49歲,男,2,0
8231,ab0f2f365f7a6113,2025/7/12,15,花蓮縣,壽豐鄉,23.913659,121.529807,小客車(含客、貨兩用)-自用,0,20-29歲,女,2,0
8232,eaa31eb7532341f6,2025/11/14,10,臺南市,仁德區,22.948114,120.231939,慢車-微型電動二輪車,0,40-49歲,女,1,0
8233,41e7dd897f5deac9,2025/6/30,15,臺中市,東區,24.141741,120.686916,小客車(含客、貨兩用)-自用,0,20-29歲,男,1,0
8234,b373cdd8a156df5a,2025/11/22,12,新竹縣,新埔鎮,24.827452,121.080984,小貨車-自用,0,60歲以上,男,1,0
8235,b5b563705fb26fd0,2025/3/7,16,新北市,中和區,25.00367,121.496319,小客車(含客、貨兩用)-計程車,0,40-49歲,男,1,0
8236,faaf48baf5183db2,2025/8/8,14,臺中市,大里區,24.095206,120.686527,小客車(含客、貨兩用)-自用,0,50-59歲,女,1,0
8237,fb27d9b0202f8aae,2025/6/19,22,新北市,新莊區,25.039959,121.442303,機車-普通重型,0,30-39歲,男,1,0
8238,8223680fd54b3086,2025/12/23,7,宜蘭縣,員山鄉,24.729681,121.728807,機車-普通重型,0,40-49歲,男,1,0
8239,f12f93a5b4ac9d52,2025/8/25,17,新北市,板橋區,25.022818,121.450884,小客車(含客、貨兩用)-自用,0,60歲以上,男,1,0
8240,3330b55e21fd3f9c,2025/3/18,10,高雄市,鳳山區,22.616043,120.336676,大客車-遊覽車,0,60歲以上,男,1,0
8241,9f2527fed8260f5f,2025/1/24,14,桃園市,八德區,24.931375,121.259992,小貨車-自用,0,30-39歲,男,1,0
8242,f6828d3ac0add02e,2025/5/10,10,南投縣,南投市,23.916558,120.677028,機車-普通重型,0,40-49歲,男,1,0
8243,8250eea7db018662,2025/11/17,18,臺中市,大里區,24.105883,120.687886,機車-普通重型,0,50-59歲,男,1,0
8244,792eb3874ecf2718,2025/4/17,22,新北市,三重區,25.062607,121.478542,機車-普通重型,0,50-59歲,男,1,0
8245,52e2f76e382b23e2,2025/6/19,11,嘉義縣,太保市,23.502209,120.359825,機車-普通重型,0,50-59歲,男,1,0
8246,56713064a9d613f1,2025/2/17,11,臺南市,北區,23.003358,120.20494,機車-普通輕型,0,50-59歲,男,2,0
8247,6a35ff8630e8b42f,2025/9/4,8,新竹縣,新埔鎮,24.831756,121.030593,機車-普通重型,0,30-39歲,女,2,0
8248,ab3593e59e311b08,2025/11/21,14,新竹縣,寶山鄉,24.747353,120.976739,小貨車-自用,0,50-59歲,女,1,0
8249,72fdf0cd2cc1b2ef,2025/10/19,0,新北市,新莊區,25.009415,121.480696,小客車(含客、貨兩用)-自用,0,40-49歲,女,1,0
8250,d0648e7dff62c5f3,2025/11/11,13,臺南市,關廟區,22.961067,120.320284,機車-普通重型,0,30-39歲,男,1,0
8251,cd50b6cc257cbcfd,2025/4/25,7,臺南市,北區,23.010606,120.185236,機車-普通重型,0,40-49歲,男,1,0
8252,2779be0b1b64b146,2025/2/19,12,臺中市,北區,24.162662,120.669091,小客車(含客、貨兩用)-租賃車,0,50-59歲,女,1,0
8253,a3b0575d8ec1e533,2025/6/7,5,屏東縣,東港鎮,22.48789,120.482796,人-行人,0,40-49歲,男,2,0
8254,d82b0abcde31ba57,2025/11/10,16,高雄市,三民區,22.665005,120.321866,機車-普通重型,0,50-59歲,女,1,0
8255,4ca0b352bff434e9,2025/10/13,8,雲林縣,虎尾鎮,23.705416,120.430477,機車-普通重型,0,60歲以上,女,2,0
8256,f45aacbf698b2021,2025/3/3,18,高雄市,鳳山區,22.633991,120.350089,小客車(含客、貨兩用)-自用,0,40-49歲,男,1,0
8257,2b0ba0ffde85525a,2025/12/3,7,臺北市,中山區,25.054956,121.525687,機車-普通重型,0,30-39歲,男,1,0
8258,06cfbd03909163d7,2025/2/24,10,臺南市,新營區,23.310721,120.318292,機車-普通重型,0,50-59歲,男,1,0
8259,fb46b41b666554ae,2025/10/23,18,新北市,板橋區,25.016395,121.475143,小客車(含客、貨兩用)-自用,0,50-59歲,男,1,0
8260,18c2aff5ec8afa37,2025/11/4,17,高雄市,苓雅區,22.626867,120.336003,小客車(含客、貨兩用)-自用,0,30-39歲,男,1,0
8261,de840d57ac21f556,2025/7/14,17,宜蘭縣,冬山鄉,24.656587,121.759896,小客車(含客、貨兩用)-自用,0,30-39歲,男,1,0
8262,0c836a4fe37cc49b,2025/9/29,15,苗栗縣,苗栗市,24.571221,120.820907,機車-普通重型,0,30-39歲,男,2,0
8263,a98007881ef90bc0,2025/1/28,3,桃園市,中壢區,24.958086,121.222292,小客車(含客、貨兩用)-自用,0,40-49歲,女,2,0
8264,4b3e96af353f1d4f,2025/10/28,9,臺中市,大里區,24.0915,120.691552,機車-普通重型,0,60歲以上,男,1,0
8265,77ce18c0895adb4c,2025/10/7,14,臺中市,西屯區,24.182191,120.617469,小客車(含客、貨兩用)-自用,0,40-49歲,男,1,0
8266,2bccccb9d230e8e6,2025/1/9,9,新北市,新店區,24.983361,121.542747,小客車(含客、貨兩用)-自用,0,40-49歲,男,2,0
8267,206677937d915332,2025/2/15,7,臺中市,北屯區,24.161868,120.70343,小客車(含客、貨兩用)-自用,0,50-59歲,女,1,0
8268,49f913c276e670f3,2025/10/10,8,臺南市,官田區,23.204119,120.360904,機車-普通重型,0,40-49歲,女,1,0
8269,1d824656e36f8e6b,2025/8/29,6,桃園市,大溪區,24.923287,121.273636,機車-普通重型,0,40-49歲,女,1,0
8270,a430553d0b951b0c,2025/5/11,18,臺中市,大里區,24.078382,120.68253,大客車-遊覽車,0,40-49歲,女,1,0
8271,f37e2a88714b2d06,2025/2/16,10,南投縣,國姓鄉,24.019054,120.822606,機車-普通重型,0,60歲以上,男,1,0
8272,be885b344155c6e5,2025/1/19,21,新竹縣,竹北市,24.825454,121.01313,機車-普通重型,0,50-59歲,男,1,0
8273,0519fbd3f1a20045,2025/1/11,20,臺中市,東區,24.132949,120.693922,小客車(含客、貨兩用)-自用,0,19歲以下,男,1,0
8274,3c6dfcbc96dfa2ae,2025/8/16,17,臺中市,霧峰區,24.06345,120.700575,小貨車-自用,0,40-49歲,男,1,0
8275,113ac9dca668aca1,2025/12/28,15,屏東縣,屏東市,22.652255,120.485992,小客車(含客、貨兩用)-自用,0,40-49歲,男,1,0
8276,202e662584ad6eef,2025/6/7,20,彰化縣,花壇鄉,24.023986,120.554051,小客車(含客、貨兩用)-自用,0,40-49歲,男,3,0
8277,201c48e9eff11f6e,2025/7/8,6,高雄市,鳳山區,22.61238,120.351238,機車-普通重型,0,40-49歲,男,2,0
8278,61453ba724a9b0c4,2025/7/29,22,臺南市,南區,22.981309,120.206455,機車-普通重型,0,50-59歲,女,1,0
8279,046ee983d6f0e013,2025/1/24,23,臺中市,西屯區,24.181812,120.635879,機車-普通重型,0,40-49歲,男,1,0
8280,8e2cc69d9e301dd8,2025/12/31,20,臺北市,大安區,25.027559,121.556051,小客車(含客、貨兩用)-自用,0,50-59歲,男,2,0
8281,012f04d2a76d38fe,2025/2/12,8,高雄市,新興區,22.63471,120.3133,機車-普通重型,0,50-59歲,男,1,0
8282,bff352eaea58b96d,2025/7/25,15,彰化縣,鹿港鎮,24.053255,120.435636,機車-普通重型,0,40-49歲,男,1,0
8283,64e5399fd6cbad40,2025/10/1,10,臺北市,中山區,25.06137,121.520184,慢車-腳踏自行車,0,20-29歲,女,2,0
8284,e487856b00037477,2025/9/13,9,新北市,泰山區,25.057679,121.430734,機車-普通重型,0,19歲以下,男,1,0
8285,63d8e341344dc994,2025/2/9,14,高雄市,三民區,22.65059,120.32576,機車-普通重型,0,40-49歲,女,1,0
8286,4a4092065b9be754,2025/2/23,12,臺北市,萬華區,25.038398,121.506973,機車-普通重型,0,30-39歲,男,1,0
8287,7bf7956e2e85403d,2025/7/14,22,嘉義縣,民雄鄉,23.537936,120.406243,小客車(含客、貨兩用)-租賃車,0,50-59歲,男,2,0
8288,1dd59ea3c140e091,2025/11/12,17,南投縣,南投市,23.913454,120.673795,機車-普通重型,0,40-49歲,男,2,0
8289,11366219d80aa391,2025/3/14,20,苗栗縣,苑裡鎮,24.442033,120.651849,小客車(含客、貨兩用)-租賃車,0,30-39歲,男,2,0
8290,0a8d28240fff830b,2025/9/27,12,苗栗縣,竹南鎮,24.684803,120.883193,機車-普通重型,0,40-49歲,男,1,0
8291,84103f1ed7815506,2025/11/23,11,臺北市,大安區,25.049669,121.537241,特種車-救護車,0,40-49歲,男,4,0
8292,f3d8a37b749ad6ae,2025/5/12,11,花蓮縣,花蓮市,23.990844,121.60216,小客車(含客、貨兩用)-自用,0,40-49歲,男,1,0
8293,cbf4a9cad76930ed,2025/2/15,9,屏東縣,恆春鎮,22.007417,120.741314,機車-普通重型,0,30-39歲,男,2,0
8294,d0b9deae2b690d57,2025/8/19,15,臺北市,松山區,25.051089,121.578082,機車-普通重型,0,40-49歲,女,1,0
8295,11229f8f87d3ebe7,2025/3/12,22,臺中市,西屯區,24.182917,120.602633,人-行人,0,20-29歲,男,2,0
8296,3c856d018e1c0a80,2025/8/9,17,新北市,五股區,25.068751,121.466466,機車-普通重型,0,40-49歲,男,1,0
8297,572d4130a264c800,2025/5/15,17,臺北市,大安區,25.02707,121.525664,機車-普通輕型,0,40-49歲,女,1,0
8298,d189121c4dd33e79,2025/8/24,16,臺南市,六甲區,23.240297,120.31551,機車-普通重型,0,40-49歲,男,2,0
8299,fd2c6e79e9d07f4e,2025/11/30,16,臺中市,北屯區,24.19951,120.762278,機車-普通重型,0,50-59歲,男,1,0
8300,3adb4e88831cf15a,2025/7/5,12,花蓮縣,花蓮市,23.998829,121.592556,機車-普通重型,0,19歲以下,男,2,0
8301,d4d061b07c02840c,2025/3/10,17,新北市,新莊區,25.033469,121.440559,機車-普通重型,0,40-49歲,男,1,0
8302,6bd0e2305be1f32f,2025/1/13,14,高雄市,三民區,22.642081,120.320971,機車-普通重型,0,40-49歲,男,1,0
8303,34395bfb35b7ffc5,2025/11/23,23,臺南市,中西區,22.997623,120.200079,小客車(含客、貨兩用)-自用,0,50-59歲,男,1,0
8304,34cb1d1ff68b63b1,2025/12/24,16,臺中市,西屯區,24.181542,120.642539,機車-普通重型,0,40-49歲,女,2,0
8305,42041d661fd35f95,2025/4/24,8,桃園市,蘆竹區,25.054837,121.299106,小客車(含客、貨兩用)-自用,0,40-49歲,男,1,0
8306,65110ebdd954db34,2025/3/31,10,新北市,三重區,25.067783,121.481841,小客車(含客、貨兩用)-自用,0,20-29歲,男,1,0
8307,25126ef82a637d31,2025/7/27,16,新北市,三重區,25.058541,121.468611,小客車(含客、貨兩用)-自用,0,40-49歲,男,2,0
8308,63ac15e700647136,2025/8/8,13,臺中市,太平區,24.110499,120.712118,機車-普通重型,0,30-39歲,男,1,0
8309,fbe3362d7dfd2efd,2025/6/16,21,桃園市,八德區,24.944161,121.301475,小客車(含客、貨兩用)-自用,0,50-59歲,男,1,0
8310,86b273ad2cd175b9,2025/9/11,10,臺東縣,東河鄉,22.873367,121.235118,機車-普通重型,0,40-49歲,男,2,0
8311,ec8a41e2900e5b7c,2025/2/24,7,臺中市,北區,24.150952,120.677156,機車-普通重型,0,30-39歲,男,1,0
8312,77dafa4e881fbe7f,2025/1/27,18,桃園市,龍潭區,24.885392,121.231709,機車-普通重型,0,60歲以上,男,1,0
8313,a003b58a48692780,2025/4/28,16,屏東縣,屏東市,22.678993,120.478614,機車-普通重型,0,60歲以上,男,2,0
8314,22410cba77a534cf,2025/3/5,14,彰化縣,彰化市,24.06518,120.537415,機車-普通重型,0,30-39歲,女,2,0
8315,75131be150d0643d,2025/12/14,11,臺南市,佳里區,23.208873,120.183812,機車-普通重型,0,60歲以上,男,2,0
8316,fde7b3dafcaffd9f,2025/3/26,11,新北市,中和區,25.005192,121.480075,機車-普通重型,0,30-39歲,男,2,0
8317,e31c40b726911cbd,2025/4/11,9,臺中市,霧峰區,24.05719,120.684967,機車-普通重型,0,50-59歲,男,1,0
8318,1513dbd4bfe94b88,2025/5/7,9,桃園市,中壢區,25.01381,121.220355,小貨車-租賃小貨車,0,50-59歲,男,1,0
8319,dbf77a598a07a03a,2025/12/7,15,高雄市,杉林區,22.96574,120.5334,機車-普通重型,0,19歲以下,男,2,0
8320,856f7c1709940a0b,2025/10/19,11,花蓮縣,鳳林鎮,23.714621,121.422462,小客車(含客、貨兩用)-自用,0,30-39歲,男,1,0
8321,fd6d99d25755f098,2025/10/11,17,臺中市,豐原區,24.251376,120.728542,機車-普通重型,0,30-39歲,女,2,0
8322,c628ccb9e6f80018,2025/5/29,16,新北市,中和區,25.002934,121.492562,機車-普通重型,0,30-39歲,男,2,0
8323,4c1a0b415e871b22,2025/4/29,19,高雄市,路竹區,22.8477,120.2304,小客車(含客、貨兩用)-自用,0,40-49歲,男,1,0
8324,19168a2e10c66662,2025/3/2,14,臺南市,西港區,23.123094,120.202912,小客車(含客、貨兩用)-自用,0,19歲以下,男,1,0
8325,10b922ffea138560,2025/4/21,16,嘉義市,東區,23.476559,120.45592,機車-普通重型,0,30-39歲,男,2,0
8326,bf48733d2e0d6790,2025/12/22,12,臺南市,安定區,23.10165,120.235833,機車-普通重型,0,30-39歲,男,1,0
8327,422607460391b020,2025/12/22,17,臺南市,永康區,22.998669,120.250215,小客車(含客、貨兩用)-自用,0,40-49歲,男,1,0
8328,da90dad14a067ef1,2025/11/11,22,高雄市,岡山區,22.778737,120.312282,機車-普通重型,0,50-59歲,男,3,0
8329,f3b9a9bcee933d5b,2025/1/28,13,臺中市,太平區,24.12554,120.738976,機車-普通重型,0,50-59歲,女,1,0
8330,cd7f78daca7dc038,2025/10/31,11,新北市,汐止區,25.009341,121.481363,小客車(含客、貨兩用)-自用,0,50-59歲,男,1,0
8331,59348047716e3108,2025/12/22,15,南投縣,魚池鄉,23.883375,120.920725,機車-普通重型,0,30-39歲,女,1,0
8332,be700ac160ff26cd,2025/7/28,16,臺中市,后里區,24.325742,120.72827,機車-普通重型,0,40-49歲,女,1,0
8333,2d253aff718344be,2025/9/28,11,彰化縣,社頭鄉,23.931867,120.607247,機車-普通重型,0,60歲以上,女,1,0
8334,e0ba7ada4f2f1077,2025/7/31,12,臺南市,永康區,23.00736,120.248051,機車-普通重型,0,30-39歲,男,1,0
8335,03d2db2620e361bb,2025/9/20,14,南投縣,名間鄉,23.888408,120.701806,機車-普通重型,0,40-49歲,男,1,0
8336,104bd6221afa6169,2025/3/20,7,新竹縣,竹北市,24.834597,121.022839,機車-普通重型,0,40-49歲,男,2,0
8337,f868ec963f8110a7,2025/6/12,16,屏東縣,屏東市,22.683509,120.486478,小貨車-自用,0,40-49歲,男,2,0
8338,66de1f212ecc724a,2025/9/2,17,高雄市,鳥松區,22.70188,120.3492,機車-普通重型,0,60歲以上,男,1,0
8339,19c1ab5ca8929e99,2025/3/8,6,臺中市,龍井區,24.198957,120.518556,機車-普通重型,0,40-49歲,男,1,0
8340,c600dc7f8daf2142,2025/6/14,7,臺南市,永康區,23.017377,120.238536,機車-普通重型,0,50-59歲,男,1,0
8341,e48c837a2bdbb5a5,2025/11/10,20,苗栗縣,頭份市,24.694729,120.905485,機車-普通重型,0,60歲以上,男,2,0
8342,795c3a0489223669,2025/11/18,14,新北市,中和區,24.999491,121.511734,機車-普通重型,0,20-29歲,男,1,0
8343,3fd35dedccd2e348,2025/5/19,8,臺中市,大肚區,24.146775,120.551684,機車-普通重型,0,50-59歲,男,1,0
8344,a15260d4dfd0e0d2,2025/12/14,14,彰化縣,北斗鎮,23.875476,120.519172,小客車(含客、貨兩用)-自用,0,50-59歲,男,1,0
8345,e9e7b97106afaf1d,2025/1/10,19,臺南市,東區,22.986291,120.228136,機車-普通重型,0,20-29歲,男,1,0
8346,661d482426f8d908,2025/10/2,18,臺北市,信義區,25.04064,121.561589,小客車(含客、貨兩用)-自用,0,50-59歲,男,1,0
8347,cd642c96541d02bd,2025/9/14,20,嘉義縣,新港鄉,23.509229,120.336625,機車-普通重型,0,50-59歲,女,1,0
8348,6943f35095290356,2025/4/7,18,新北市,永和區,25.000984,121.522088,機車-普通重型,0,30-39歲,男,2,0
8349,dea649e615235227,2025/3/17,14,花蓮縣,壽豐鄉,23.9054,121.537847,機車-普通重型,0,20-29歲,男,1,0
8350,3e2cc37715b8a5c5,2025/5/27,13,臺北市,文山區,25.010922,121.537032,小客車(含客、貨兩用)-自用,0,50-59歲,男,1,0
8351,164cb1bbfeb8443b,2025/5/10,14,臺中市,大甲區,24.35867,120.621311,機車-普通重型,0,30-39歲,男,1,0
8352,78e919e4cfdcc4ae,2025/4/30,14,臺北市,北投區,25.127632,121.472089,小客車(含客、貨兩用)-自用,0,40-49歲,男,1,0
8353,987890083ea48747,2025/10/1,7,高雄市,左營區,22.690056,120.292304,機車-普通重型,0,40-49歲,男,2,0
8354,4e83b811b24da8b0,2025/8/8,18,臺南市,新化區,23.039876,120.308662,慢車-腳踏自行車,0,50-59歲,男,1,0
8355,401badfae112f749,2025/9/9,7,高雄市,岡山區,22.832561,120.309749,未知,0,40-49歲,男,1,0
8356,d17e84e51dca544f,2025/7/5,17,桃園市,平鎮,24.895885,121.203531,機車-普通重型,0,40-49歲,男,3,0
8357,c4634f34265d3bbe,2025/1/1,19,臺北市,中山區,25.062662,121.522481,小客車(含客、貨兩用)-自用,0,40-49歲,男,2,0
8358,1277d914928b9880,2025/10/15,16,屏東縣,九如鄉,22.757223,120.502881,機車-普通重型,0,50-59歲,男,1,0
8359,daca1abc1b31405f,2025/3/6,9,新竹縣,竹東鎮,24.737648,121.088804,機車-普通重型,0,60歲以上,男,1,0
8360,415dc55f215a85d2,2025/4/3,10,臺南市,善化區,23.132157,120.29353,機車-普通重型,0,60歲以上,男,2,0
8361,1cb148cd93479c8d,2025/7/22,11,新竹市,東區,24.800247,120.989758,機車-普通重型,0,60歲以上,女,2,0
8362,d7a6247d6119d6af,2025/3/19,11,桃園市,平鎮,24.950384,121.214482,機車-普通重型,0,60歲以上,男,1,0
8363,bb363d69c5a793c6,2025/9/10,8,嘉義縣,布袋鎮,23.37778,120.159399,機車-普通重型,0,40-49歲,女,1,0
8364,059f8cd109be7ae6,2025/1/29,15,彰化縣,田中鎮,23.869415,120.557201,小客車(含客、貨兩用)-自用,0,40-49歲,女,1,0
8365,17df05a050f851d1,2025/7/13,22,新竹縣,竹東鎮,24.735652,121.088504,小客車(含客、貨兩用)-自用,0,60歲以上,男,2,0
8366,cd2025b0d4e0187e,2025/11/26,20,高雄市,三民區,22.641973,120.345871,機車-普通重型,0,50-59歲,男,1,0
8367,97dad786a2b44468,2025/4/1,11,新北市,三重區,25.068509,121.494615,小客車(含客、貨兩用)-自用,0,40-49歲,男,1,0
8368,e96ed150ddcefb99,2025/9/17,20,花蓮縣,新城鄉,24.019575,121.60787,機車-普通重型,0,40-49歲,女,1,0
8369,18edde71b336dd82,2025/9/28,3,雲林縣,臺西鄉,23.715383,120.204799,機車-普通重型,0,60歲以上,男,1,0
8370,000277f9ece8c475,2025/8/15,18,臺北市,信義區,25.023073,121.558784,機車-普通重型,0,50-59歲,男,1,0
8371,db5ab0a95f8fd176,2025/12/27,16,桃園市,蘆竹區,25.053471,121.288392,機車-普通重型,0,20-29歲,男,2,0
8372,30823f674d3603ea,2025/4/12,17,桃園市,中壢區,24.956792,121.216431,機車-普通重型,0,50-59歲,男,1,0
8373,f099c67e287a4db3,2025/6/2,9,臺南市,善化區,23.152665,120.343048,小客車(含客、貨兩用)-自用,0,50-59歲,男,2,0
8374,d45411911fb92c31,2025/10/19,7,高雄市,岡山區,22.787813,120.285381,機車-普通重型,0,60歲以上,男,2,0
8375,059c6481c2933880,2025/6/9,16,臺中市,沙鹿區,24.242235,120.603705,機車-普通重型,0,60歲以上,女,1,0
8376,e1e0b8871b61ea95,2025/12/8,16,臺北市,中山區,25.058067,121.528982,機車-普通重型,0,50-59歲,男,2,0
8377,5bd0b3e6c9cb6b26,2025/11/8,9,新北市,五股區,25.083306,121.439559,機車-普通重型,0,40-49歲,男,1,0
8378,996e07cfaccb1f8c,2025/7/7,18,新北市,新莊區,25.021888,121.424495,機車-普通重型,0,40-49歲,男,1,0
8379,2c9cdf27f9087741,2025/1/16,15,新北市,石碇區,25.009361,121.64868,小客車(含客、貨兩用)-自用,0,50-59歲,男,1,0
8380,eb8089806770102a,2025/12/9,7,新北市,板橋區,25.014879,121.474092,機車-普通重型,0,40-49歲,女,1,0
8381,234380791ce879f1,2025/1/18,0,高雄市,鳳山區,22.61846,120.3495,機車-普通重型,0,40-49歲,男,1,0
8382,7b043aeb5d590dd7,2025/1/19,14,臺中市,西屯區,24.163358,120.654366,小客車(含客、貨兩用)-自用,0,50-59歲,男,1,0
8383,97fe6137b1f2de5e,2025/11/3,7,臺中市,大甲區,24.391814,120.65478,機車-普通重型,0,20-29歲,女,1,0
8384,1074a20e2149b390,2025/6/25,10,高雄市,鳳山區,22.644833,120.351992,機車-普通重型,0,40-49歲,男,1,0
8385,770c0d28966fe653,2025/9/8,9,高雄市,左營區,22.675525,120.299555,小客車(含客、貨兩用)-自用,0,40-49歲,男,1,0
8386,6daad80e9f3ed57a,2025/9/1,8,新北市,三重區,25.061611,121.496218,機車-普通重型,0,30-39歲,男,1,0
8387,0a9a4f49bd3d6f8a,2025/1/17,17,南投縣,埔里鎮,23.971798,120.958922,小客車(含客、貨兩用)-自用,0,40-49歲,男,1,0
8388,8dd9b9b64b0c27b8,2025/8/26,10,高雄市,梓官區,22.738435,120.264725,機車-普通重型,0,50-59歲,女,1,0
8389,ac0351deee136e3a,2025/1/11,19,嘉義市,西區,23.444825,120.439251,小客車(含客、貨兩用)-自用,0,30-39歲,男,2,0
8390,e8bcc49003e2a68b,2025/11/22,17,新竹縣,竹北市,24.812863,121.033411,小客車(含客、貨兩用)-自用,0,50-59歲,男,1,0
8391,e57d052efbe80743,2025/12/15,6,臺南市,安南區,23.037798,120.12513,機車-普通輕型,0,30-39歲,男,1,0
8392,a4c59d853ba4619c,2025/7/30,7,高雄市,燕巢區,22.774204,120.405172,機車-普通重型,0,50-59歲,男,1,0
8393,d96e31f544de57c1,2025/12/11,8,臺中市,龍井區,24.194687,120.535054,小客車(含客、貨兩用)-自用,0,50-59歲,女,1,0
8394,12d79ad8544a8012,2025/4/9,16,新北市,三重區,25.074141,121.491368,機車-普通輕型,0,60歲以上,男,1,0
8395,423799806f665e74,2025/3/13,8,屏東縣,萬丹鄉,22.625868,120.461298,機車-普通重型,0,30-39歲,男,1,0
8396,f8ebbcaca9e53ae3,2025/3/3,18,桃園市,中壢區,24.965625,121.258274,機車-普通重型,0,40-49歲,男,2,0
8397,2ce2eba6b5f9e409,2025/8/15,11,新竹市,東區,24.777059,121.020032,機車-普通重型,0,50-59歲,男,1,0
8398,2873a99c73210c57,2025/1/14,18,臺南市,安南區,23.018697,120.178247,機車-普通重型,0,30-39歲,男,2,0
8399,bfde2cff2b01edc5,2025/8/8,8,新竹市,北區,24.808217,120.961733,機車-普通重型,0,30-39歲,男,2,0
8400,f4d88349019d64e4,2025/10/4,15,臺中市,烏日區,24.110409,120.619339,小客車(含客、貨兩用)-自用,0,19歲以下,男,1,0
8401,120e4530df01c6a6,2025/4/29,17,嘉義市,西區,23.481058,120.404209,機車-普通重型,0,40-49歲,男,1,0
8402,539f405134736fd6,2025/2/16,21,臺南市,仁德區,22.935003,120.252624,小客車(含客、貨兩用)-自用,0,50-59歲,男,2,0
8403,035c3e68c36df81b,2025/3/22,6,臺南市,東區,22.97658,120.213906,小客車(含客、貨兩用)-自用,0,60歲以上,男,1,0
8404,b45f4a3fb9f49bc2,2025/10/2,14,高雄市,前鎮,22.580198,120.329327,機車-普通重型,0,20-29歲,男,2,0
8405,9cf450b71be05ef6,2025/1/22,18,桃園市,龍潭區,24.860265,121.21328,機車-普通重型,0,50-59歲,男,2,0
8406,dfa3b2be9dd5db45,2025/11/21,7,臺北市,中正區,25.031487,121.518795,機車-普通重型,0,20-29歲,男,1,0
8407,43595d0a3e7878f6,2025/5/13,13,新北市,淡水區,25.175354,121.439331,慢車-微型電動二輪車,0,19歲以下,男,1,0
8408,d1d6eb7c612da1fe,2025/5/8,16,桃園市,平鎮,24.953774,121.220701,機車-普通重型,0,20-29歲,男,1,0
8409,3bb1ac74be033906,2025/7/31,21,臺中市,北屯區,24.171069,120.694195,小客車(含客、貨兩用)-自用,0,40-49歲,男,1,0
8410,7a68bd9acb45f586,2025/7/18,16,桃園市,龍潭區,24.855111,121.2201,機車-普通重型,0,30-39歲,男,1,0
8411,0c7369937baf5796,2025/9/15,20,高雄市,前鎮,22.5904,120.3139,機車-普通重型,0,40-49歲,男,1,0
8412,181cc1c964306b07,2025/10/25,15,臺南市,中西區,22.987122,120.200187,機車-普通重型,0,20-29歲,男,2,0
8413,087cffd76c89ab53,2025/3/9,9,新竹縣,寶山鄉,24.73072,120.962029,小客車(含客、貨兩用)-自用,0,50-59歲,男,1,0
8414,5735e7e89bdcb78a,2025/12/8,17,臺中市,南屯區,24.140137,120.646135,機車-普通重型,0,40-49歲,男,1,0
8415,ea434a191c22a2fc,2025/5/31,8,彰化縣,彰化市,24.062502,120.544085,機車-普通重型,0,60歲以上,女,2,0
8416,8312c3e36e0330e9,2025/3/25,10,桃園市,中壢區,24.926273,121.245571,慢車-腳踏自行車,0,40-49歲,男,2,0
8417,15326ae1c31f5c81,2025/5/22,15,高雄市,左營區,22.67652,120.3094,小客車(含客、貨兩用)-自用,0,40-49歲,男,1,0
8418,15bdd37421dd250e,2025/10/10,8,新北市,板橋區,25.007339,121.458468,機車-普通重型,0,20-29歲,男,2,0
8419,eced44b78d583c1a,2025/2/28,10,雲林縣,斗六市,23.692432,120.52863,機車-普通重型,0,40-49歲,男,1,0
8420,af8adea82d11b126,2025/8/20,11,臺南市,白河區,23.351913,120.471105,機車-普通重型,0,50-59歲,男,1,0
8421,599ab8bcb991cdaf,2025/9/27,19,澎湖縣,馬公市,23.566197,119.581956,慢車-腳踏自行車,0,60歲以上,男,2,0
8422,a91dedf3087c9f25,2025/6/26,14,臺南市,永康區,23.003634,120.256272,機車-普通重型,0,40-49歲,男,1,0
8423,e3269cdb68f7b5b8,2025/5/6,20,臺南市,中西區,22.991393,120.190684,小客車(含客、貨兩用)-自用,0,30-39歲,男,1,0
8424,bdfad2814dfbd6ed,2025/12/12,18,臺南市,新市,23.078498,120.291924,機車-普通重型,0,20-29歲,男,2,0
8425,7b6812f15a185e7c,2025/1/16,18,桃園市,大溪區,24.881645,121.288127,小客車(含客、貨兩用)-自用,0,60歲以上,男,1,0
8426,e708a1d13905909a,2025/7/18,7,臺南市,歸仁區,22.971214,120.276234,機車-普通重型,0,40-49歲,男,2,0
8427,07b5cad3ff894972,2025/1/24,10,桃園市,蘆竹區,25.032369,121.272009,機車-普通重型,0,60歲以上,女,2,0
8428,56a3e430f8ede000,2025/7/11,18,新竹市,東區,24.763233,121.022391,機車-普通重型,0,40-49歲,男,2,0
8429,597b88bba9d5b620,2025/11/13,8,新北市,中和區,24.99951,121.511696,機車-普通重型,0,50-59歲,男,2,0
8430,cab77f4dd445e7b9,2025/6/15,18,苗栗縣,苗栗市,24.543759,120.816678,機車-普通重型,0,50-59歲,男,1,0
8431,fbcc9c3f45f31afd,2025/3/30,2,雲林縣,斗六市,23.717368,120.57361,小客車(含客、貨兩用)-自用,0,20-29歲,男,1,0
8432,5e104b7e15a7415f,2025/11/7,7,屏東縣,屏東市,22.678451,120.4929,機車-普通重型,0,40-49歲,男,2,0
8433,8f40125396addf7f,2025/4/14,16,桃園市,龍潭區,24.821041,121.217064,小客車(含客、貨兩用)-自用,0,40-49歲,男,1,0
8434,064f0e72cfbedce9,2025/7/9,10,新北市,土城區,24.982818,121.45369,小客車(含客、貨兩用)-計程車,0,40-49歲,男,1,0
8435,8118b93dc1ccb291,2025/1/6,11,新北市,新莊區,25.043251,121.44751,機車-普通重型,0,40-49歲,女,2,0
8436,3fa45ad42b59d28e,2025/6/1,17,新北市,中和區,24.992876,121.50038,機車-普通重型,0,30-39歲,男,1,0
8437,e4afb2d4107de1d8,2025/4/24,0,新北市,板橋區,25.030619,121.47263,機車-普通重型,0,30-39歲,男,1,0
8438,cf7d30d0e939f325,2025/9/29,9,臺南市,佳里區,23.168136,120.178721,小客車(含客、貨兩用)-自用,0,50-59歲,男,1,0
8439,cec0fe6b5e6f39e7,2025/1/20,7,新竹縣,竹北市,24.858838,120.980017,小客車(含客、貨兩用)-自用,0,30-39歲,男,2,0
8440,e5c27eaac9183a15,2025/9/6,4,苗栗縣,大湖鄉,24.428447,120.867805,機車-普通重型,0,40-49歲,男,2,0
8441,1ccd00cc1eee14ac,2025/10/8,12,桃園市,楊梅區,24.918604,121.184178,未知,0,20-29歲,男,1,0
8442,5de0748de3971207,2025/3/9,15,新竹縣,湖口鄉,24.877365,121.049094,機車-普通重型,0,30-39歲,男,1,0
8443,77a5ced8232b0671,2025/12/8,17,新北市,板橋區,25.035805,121.482959,機車-普通重型,0,50-59歲,男,2,0
8444,6470f82545e52a75,2025/12/11,9,臺南市,中西區,22.992136,120.207674,機車-普通重型,0,30-39歲,男,1,0
8445,d37a2ba4a7b34e50,2025/7/14,14,新竹縣,竹東鎮,24.72442,121.080339,機車-普通重型,0,30-39歲,男,1,0
8446,4d0e0cc0415ee3e1,2025/5/31,22,屏東縣,鹽埔鄉,22.755774,120.574673,小客車(含客、貨兩用)-自用,0,40-49歲,男,1,0
8447,0a7443a65a86d9df,2025/11/19,19,花蓮縣,壽豐鄉,23.905646,121.532987,機車-普通重型,0,50-59歲,男,1,0
8448,de1f3bf87a6bbb92,2025/6/11,8,臺南市,鹽水區,23.323958,120.272252,機車-普通重型,0,30-39歲,男,2,0
8449,2d7ee4877bd56e33,2025/7/14,7,高雄市,岡山區,22.757875,120.31046,機車-普通重型,0,40-49歲,男,2,0
8450,a7c7ccbf3b61f50e,2025/2/7,19,宜蘭縣,宜蘭市,24.742528,121.763533,機車-普通重型,0,20-29歲,男,1,0
8451,82ee948665447ed3,2025/3/23,17,屏東縣,鹽埔鄉,22.739329,120.555559,慢車-微型電動二輪車,0,40-49歲,男,2,0
8452,384174fd956abddd,2025/6/23,8,臺南市,新市,23.067489,120.280318,機車-普通重型,0,40-49歲,女,1,0
8453,f1d6427eac0e00c4,2025/1/30,12,新竹縣,竹北市,24.837219,121.004894,小客車(含客、貨兩用)-自用,0,40-49歲,男,2,0
8454,7eaf51938bfc59c3,2025/3/7,7,新竹縣,竹北市,24.846018,121.019929,小客車(含客、貨兩用)-自用,0,30-39歲,男,1,0
8455,11003994433c8e85,2025/5/22,19,臺中市,西屯區,24.194548,120.657199,小客車(含客、貨兩用)-自用,0,40-49歲,男,1,0
8456,5565044b7fbfa24d,2025/9/5,8,彰化縣,彰化市,24.073453,120.534093,機車-普通重型,0,40-49歲,男,2,0
8457,ee2614555e824020,2025/7/13,11,臺北市,大安區,25.016715,121.550639,小客車(含客、貨兩用)-自用,0,50-59歲,男,1,0
8458,1c17d4003081c114,2025/12/25,15,臺南市,麻豆區,23.179686,120.247971,機車-普通重型,0,60歲以上,男,1,0
8459,53fda6013b168e60,2025/10/13,7,臺中市,梧棲區,24.255687,120.526653,機車-普通重型,0,19歲以下,男,2,0
8460,cb23f2c9bc133c35,2025/11/14,6,新北市,新店區,25.009773,121.480639,慢車-腳踏自行車,0,40-49歲,男,1,0
8461,18137b095c37394b,2025/3/9,18,高雄市,苓雅區,22.618588,120.303702,小客車(含客、貨兩用)-自用,0,50-59歲,男,2,0
8462,e9b326b9a9e9fff4,2025/8/1,8,高雄市,林園區,22.507828,120.403825,其他車-其他車,0,40-49歲,女,1,0
8463,3397c10d6f27f65d,2025/3/10,8,屏東縣,潮州鎮,22.540035,120.549966,小客車(含客、貨兩用)-自用,0,60歲以上,男,1,0
8464,bb2c5e17f18b6365,2025/4/7,7,臺中市,潭子區,24.215408,120.705874,機車-普通重型,0,40-49歲,女,2,0
8465,4216b07286282ac8,2025/5/21,0,新北市,三重區,25.090759,121.490823,機車-普通重型,0,20-29歲,男,3,0
8466,c05ef1f2bc0576f7,2025/9/29,17,臺北市,松山區,25.050879,121.570845,慢車-腳踏自行車,0,40-49歲,男,1,0
8467,14d61ff3063f769b,2025/9/30,17,桃園市,龜山區,25.030672,121.376307,機車-普通重型,0,60歲以上,男,1,0
8468,d10752982d699665,2025/7/8,16,臺南市,仁德區,22.916548,120.223953,小貨車-自用,0,40-49歲,男,1,0
8469,6da584b9cdfcd907,2025/1/9,18,新北市,中和區,24.999396,121.468999,機車-普通重型,0,50-59歲,男,1,0
8470,770339f2024ea698,2025/4/10,8,新北市,板橋區,25.033724,121.472868,機車-普通重型,0,30-39歲,女,1,0
8471,80b6a0ae55fd93ee,2025/4/10,17,臺南市,歸仁區,22.926578,120.27854,機車-普通重型,0,30-39歲,男,1,0
8472,544db6a0a54978a0,2025/7/17,8,新北市,汐止區,25.069033,121.638254,機車-普通重型,0,50-59歲,男,1,0
8473,16663acff592cc70,2025/9/8,20,澎湖縣,馬公市,23.569786,119.571641,機車-普通重型,0,40-49歲,男,1,0
8474,8e24c948ef9a36af,2025/12/30,17,苗栗縣,頭份市,24.694535,120.905484,慢車-腳踏自行車,0,40-49歲,男,1,0
8475,a40251ab7b226fb6,2025/11/18,23,臺東縣,卑南鄉,22.789596,121.086491,機車-普通重型,0,40-49歲,男,1,0
8476,2202e556d7438d57,2025/2/25,8,高雄市,左營區,22.676691,120.31612,機車-普通重型,0,50-59歲,女,2,0
8477,2b48ed5d23c2ee86,2025/10/15,16,臺北市,北投區,25.133517,121.498086,人-行人,0,40-49歲,男,1,0
8478,9e714eb211fc436b,2025/7/27,8,彰化縣,鹿港鎮,24.069867,120.414065,小客車(含客、貨兩用)-自用,0,30-39歲,男,1,0
8479,62c06c8b1ce1ae9b,2025/11/10,11,彰化縣,鹿港鎮,24.064181,120.432223,小客車(含客、貨兩用)-自用,0,30-39歲,男,2,0
8480,d6b7692cb3a0596c,2025/7/6,19,新北市,永和區,24.998133,121.52654,小客車(含客、貨兩用)-自用,0,50-59歲,男,1,0
8481,9a41a0d5eb131556,2025/12/4,17,嘉義縣,水上鄉,23.430975,120.400368,機車-普通重型,0,40-49歲,女,1,0
8482,5b41a32e6c50cc93,2025/11/22,13,臺中市,潭子區,24.205805,120.704698,小客車(含客、貨兩用)-自用,0,50-59歲,男,1,0
8483,c6512dfc9aff2090,2025/9/17,7,臺南市,南區,22.964205,120.195408,機車-普通重型,0,30-39歲,女,2,0
8484,ed9cb5fe574d4a4e,2025/3/13,16,彰化縣,溪州鄉,23.852903,120.494864,小客車(含客、貨兩用)-自用,0,30-39歲,女,1,0
8485,17af9df4478893d3,2025/11/30,18,桃園市,龜山區,25.048319,121.382955,機車-普通重型,0,40-49歲,男,1,0
8486,a6e49f2db2508454,2025/3/11,12,新北市,板橋區,25.006434,121.462181,慢車-腳踏自行車,0,50-59歲,男,1,0
8487,f7b0d997f7613b64,2025/12/14,6,新竹縣,湖口鄉,24.908497,121.048968,機車-普通重型,0,60歲以上,男,2,0
8488,0d5d6faa381b7b08,2025/4/3,13,新竹縣,湖口鄉,24.869729,121.03321,小客車(含客、貨兩用)-自用,0,60歲以上,男,1,0
8489,8007f82d6415b42e,2025/7/14,14,屏東縣,屏東市,22.669001,120.478628,機車-普通重型,0,40-49歲,男,1,0
8490,e27dcad3e7c17df7,2025/6/28,10,臺南市,將軍區,23.214811,120.135101,機車-普通重型,0,60歲以上,男,1,0
8491,6e5159368b21d040,2025/2/24,9,高雄市,鳳山區,22.62458,120.3531,機車-普通重型,0,50-59歲,男,2,0
8492,a069593953a5cbda,2025/3/27,10,高雄市,鳳山區,22.636863,120.353373,小客車(含客、貨兩用)-自用,0,50-59歲,男,1,0
8493,75b6557a45a19c6c,2025/5/22,20,花蓮縣,吉安鄉,23.94182,121.595129,小客車(含客、貨兩用)-自用,0,60歲以上,男,2,0
8494,1fb334c4103e5083,2025/9/7,14,花蓮縣,吉安鄉,23.988836,121.57006,小客車(含客、貨兩用)-自用,0,40-49歲,男,3,0
8495,551f578367603384,2025/2/12,10,臺南市,學甲區,23.23223,120.179884,機車-普通重型,0,40-49歲,男,1,0
8496,38e148df8df13652,2025/1/28,15,臺南市,安南區,23.041159,120.200803,慢車-微型電動二輪車,0,40-49歲,男,3,0
8497,4332eab9ab1e90ba,2025/12/22,18,新北市,新莊區,25.03346,121.453203,小客車(含客、貨兩用)-自用,0,40-49歲,男,2,0
8498,6706eed88448f7ec,2025/6/21,7,臺中市,龍井區,24.210065,120.505882,小客車(含客、貨兩用)-自用,0,19歲以下,男,1,0
8499,8f6c29bebd5e406e,2025/8/22,13,臺北市,中正區,25.038409,121.527782,機車-普通重型,0,40-49歲,男,1,0
8500,050b47f282529aca,2025/3/20,8,桃園市,蘆竹區,25.059189,121.27858,機車-普通重型,0,60歲以上,男,1,0
8501,6c445ed3b0b3301d,2025/7/11,20,臺南市,永康區,23.041989,120.254803,小客車(含客、貨兩用)-計程車,0,50-59歲,男,2,0
8502,b261d59e5c7115fe,2025/5/14,21,臺北市,大安區,25.037763,121.557186,機車-普通重型,0,50-59歲,男,2,0
8503,5a7faaeaeebc45a7,2025/2/19,14,臺南市,東區,23.000579,120.224668,小客車(含客、貨兩用)-租賃車,0,50-59歲,男,1,0
8504,6dde1151b624db57,2025/9/27,7,雲林縣,虎尾鎮,23.697806,120.409146,小客車(含客、貨兩用)-自用,0,40-49歲,男,1,0
8505,c1cb4304f786f6ae,2025/6/18,14,宜蘭縣,南澳鄉,24.436078,121.783763,機車-大型重型2(250-550C.C.),0,20-29歲,男,1,0
8506,03ac2bee098fcb0d,2025/4/1,12,臺南市,六甲區,23.230284,120.353861,慢車-腳踏自行車,0,40-49歲,男,1,0
8507,d447c1ae427fb392,2025/6/24,17,彰化縣,永靖鄉,23.919424,120.568415,小客車(含客、貨兩用)-自用,0,50-59歲,男,1,0
8508,b3476589737dd54c,2025/4/30,9,臺中市,西屯區,24.169586,120.66221,慢車-腳踏自行車,0,50-59歲,女,1,0
8509,06e7d08e60031390,2025/6/20,8,高雄市,鳳山區,22.634323,120.350099,機車-普通重型,0,50-59歲,男,1,0
8510,9508d83432ee232b,2025/2/21,8,彰化縣,彰化市,24.077791,120.521938,小貨車-自用,0,19歲以下,女,1,0
8511,e512b857850028b3,2025/8/20,17,雲林縣,虎尾鎮,23.71726,120.413335,機車-普通重型,0,30-39歲,男,1,0
8512,de3b1a5dceeca3e2,2025/5/27,22,臺中市,大里區,24.11017,120.687453,機車-普通重型,0,50-59歲,男,1,0
8513,311f29dab41a98ef,2025/4/19,10,花蓮縣,花蓮市,24.001734,121.607096,小客車(含客、貨兩用)-自用,0,50-59歲,男,2,0
8514,96af86658d422a40,2025/12/6,16,臺中市,龍井區,24.191694,120.509391,機車-普通重型,0,50-59歲,男,2,0
8515,02a193f886e40bc3,2025/4/3,15,桃園市,龍潭區,24.870964,121.217552,小客車(含客、貨兩用)-自用,0,60歲以上,男,2,0
8516,0f68bc94c582798e,2025/8/9,13,苗栗縣,苑裡鎮,24.443757,120.640742,機車-普通重型,0,30-39歲,女,1,0
8517,61a7859647f2cbac,2025/11/22,8,臺南市,安南區,23.041343,120.159096,機車-普通重型,0,30-39歲,男,3,0
8518,d58ba6cd36b1c2ad,2025/5/17,7,臺南市,永康區,23.014407,120.245421,機車-普通重型,0,50-59歲,男,1,0
8519,d6f6850114839e0a,2025/6/19,15,臺南市,永康區,23.022889,120.21607,小客車(含客、貨兩用)-自用,0,30-39歲,男,1,0
8520,b2a77a5294687861,2025/11/20,17,臺北市,文山區,24.998573,121.54465,機車-普通重型,0,40-49歲,男,1,0
8521,155df614fe9e342e,2025/6/3,18,臺南市,中西區,22.99567,120.196831,機車-普通重型,0,40-49歲,男,1,0
8522,d9328c7c34a0c052,2025/4/18,13,臺中市,太平區,24.144663,120.735342,機車-普通重型,0,50-59歲,男,2,0
8523,15cecdd23b1644f2,2025/4/8,14,桃園市,八德區,24.933438,121.286461,機車-普通重型,0,20-29歲,男,1,0
8524,73a08b7630108a4d,2025/3/16,13,桃園市,中壢區,25.017158,121.212769,機車-普通重型,0,50-59歲,女,1,0
8525,0651459fe21ce5cc,2025/11/3,9,臺東縣,臺東市,22.763537,121.151585,機車-普通重型,0,40-49歲,男,3,0
8526,58de341a7c687c7c,2025/9/20,15,彰化縣,彰化市,24.060157,120.590944,小客車(含客、貨兩用)-自用,0,40-49歲,女,4,0
8527,86008aeeb3c8b343,2025/8/28,11,雲林縣,虎尾鎮,23.708617,120.434501,機車-普通重型,0,40-49歲,男,1,0
8528,e2801ea49ba48990,2025/7/5,8,高雄市,大社區,22.732113,120.345496,機車-普通重型,0,50-59歲,男,2,0
8529,7b2aac9b3e86feea,2025/12/11,15,南投縣,魚池鄉,23.903046,120.924636,小客車(含客、貨兩用)-自用,0,30-39歲,男,1,0
8530,6f7a13bf98f4496a,2025/9/27,8,屏東縣,新園鄉,22.525122,120.4537,機車-普通重型,0,40-49歲,男,2,0
8531,466c11265efa959d,2025/2/24,16,臺南市,安南區,23.040843,120.203005,人-行人,0,40-49歲,男,2,0
8532,0e0a6945e84cfcf5,2025/2/7,8,臺中市,外埔區,24.343538,120.639698,機車-普通重型,0,20-29歲,男,1,0
8533,9dd5bca3f7ff48ce,2025/4/28,23,彰化縣,鹿港鎮,24.075666,120.444631,機車-普通重型,0,50-59歲,男,2,0
8534,76a7115ef35f03f2,2025/2/16,14,高雄市,鹽埕區,22.624962,120.286835,小客車(含客、貨兩用)-自用,0,30-39歲,男,1,0
8535,8740d01b590b17ee,2025/6/27,23,嘉義縣,民雄鄉,23.558286,120.440814,機車-普通重型,0,40-49歲,男,1,0
8536,d2cc0178969a9846,2025/11/17,17,新竹市,東區,24.780326,121.020252,機車-普通重型,0,30-39歲,男,1,0
8537,4167f3b82310eaea,2025/1/18,13,臺中市,北區,24.144531,120.672332,小客車(含客、貨兩用)-自用,0,40-49歲,男,1,0
8538,b54b71b178d1f811,2025/7/27,11,屏東縣,琉球鄉,22.336313,120.372938,機車-普通重型,0,19歲以下,男,2,0
8539,0c766df7f217dc9f,2025/1/8,17,澎湖縣,馬公市,23.533861,119.602248,機車-普通重型,0,30-39歲,男,2,0
8540,d9fc1832c4baf030,2025/3/28,20,宜蘭縣,員山鄉,24.722923,121.709049,小客車(含客、貨兩用)-自用,0,60歲以上,男,1,0
8541,0fd76c48457fd5ea,2025/7/16,11,臺中市,潭子區,24.220166,120.704023,慢車-微型電動二輪車,0,40-49歲,男,1,0
8542,35eb03a3422c0a03,2025/4/4,9,臺南市,東區,22.974889,120.219664,機車-普通重型,0,40-49歲,男,1,0
8543,f103ec5130020e22,2025/9/13,17,彰化縣,芳苑鄉,23.95964,120.368271,小客車(含客、貨兩用)-自用,0,20-29歲,男,1,0
8544,3fde616da22089ad,2025/9/18,15,屏東縣,屏東市,22.6927,120.488869,機車-普通重型,0,40-49歲,男,1,0
8545,9f95f12a0da0de7c,2025/6/7,13,臺中市,大甲區,24.346083,120.620836,機車-普通重型,0,50-59歲,女,1,0
8546,9cf93594e786bfe4,2025/1/9,13,臺中市,西屯區,24.182635,120.646158,機車-普通重型,0,50-59歲,男,1,0
8547,5ed79bb917e25f98,2025/1/20,9,彰化縣,花壇鄉,24.040901,120.534865,機車-普通重型,0,40-49歲,男,1,0
8548,41299621176d64c7,2025/8/16,8,臺中市,大雅區,24.237748,120.666856,機車-普通重型,0,40-49歲,男,1,0
8549,1aacdf720f8916a3,2025/9/10,18,臺南市,仁德區,22.938928,120.227441,機車-普通重型,0,40-49歲,男,2,0
8550,33374244a751be73,2025/11/21,17,新北市,汐止區,25.009034,121.481148,小客車(含客、貨兩用)-自用,0,50-59歲,男,1,0
8551,5bc09c38d88e7ad1,2025/2/15,8,臺南市,安定區,23.121735,120.236643,慢車-腳踏自行車,0,60歲以上,男,1,0
8552,25d98c6f16a36d68,2025/1/13,8,新竹市,東區,24.774512,121.025948,機車-普通重型,0,40-49歲,女,1,0
8553,c83c3e1b86518a8a,2025/10/10,7,嘉義縣,大林鎮,23.594559,120.52466,機車-普通重型,0,30-39歲,男,1,0
8554,e4c9333a515cc501,2025/8/16,17,臺中市,西屯區,24.183397,120.622302,小客車(含客、貨兩用)-自用,0,40-49歲,男,1,0
8555,50667dbac07fa874,2025/10/24,17,臺南市,柳營區,23.276024,120.309515,機車-普通重型,0,40-49歲,男,1,0
8556,67909197a958dd8e,2025/8/9,11,桃園市,蘆竹區,25.116597,121.276704,機車-普通重型,0,40-49歲,男,1,0
8557,00a4c34a77c8f63d,2025/2/14,16,嘉義縣,民雄鄉,23.536504,120.425089,慢車-微型電動二輪車,0,50-59歲,男,2,0
8558,0f877d64de70e39a,2025/10/6,19,屏東縣,新園鄉,22.481741,120.443527,機車-普通重型,0,40-49歲,女,1,0
8559,21f04bd2e0663057,2025/12/8,7,高雄市,橋頭區,22.75437,120.310028,機車-普通重型,0,40-49歲,女,1,0
8560,0fbd10406a3a1f87,2025/8/3,8,桃園市,中壢區,24.971609,121.229659,小客車(含客、貨兩用)-自用,0,40-49歲,女,1,0
8561,bd0c6b309c0db922,2025/10/10,5,新北市,汐止區,25.063953,121.651668,機車-普通重型,0,50-59歲,男,1,0
8562,0553d0d1ca0c074f,2025/11/17,7,新北市,板橋區,24.993954,121.433355,機車-普通重型,0,20-29歲,男,2,0
8563,cfe5179af3422a51,2025/3/28,20,臺南市,北區,23.008369,120.180746,小客車(含客、貨兩用)-自用,0,40-49歲,女,1,0
8564,00fd2bc534045915,2025/11/11,17,彰化縣,彰化市,24.061215,120.508231,機車-普通重型,0,30-39歲,男,1,0
8565,895e2a221ba8150e,2025/8/23,8,臺南市,新市,23.089461,120.261828,機車-普通重型,0,40-49歲,男,1,0
8566,9371d0d51cda3aa4,2025/11/17,8,新北市,中和區,25.00639,121.472531,機車-普通重型,0,30-39歲,女,1,0
8567,5969a8522e2cda0d,2025/12/1,9,彰化縣,彰化市,24.08432,120.547154,機車-普通重型,0,40-49歲,男,1,0
8568,5ff3fed568d2ae96,2025/6/27,10,臺北市,萬華區,25.025926,121.507851,小貨車-自用,0,40-49歲,男,1,0
8569,4e03e829036d8d85,2025/7/2,18,臺南市,新營區,23.313863,120.312288,機車-普通重型,0,40-49歲,女,1,0
8570,fa77364c52d3300f,2025/12/27,8,新北市,新莊區,25.043852,121.443731,機車-普通重型,0,40-49歲,女,1,0
8571,16ddbb28b047a9fd,2025/1/6,16,臺中市,南屯區,24.144078,120.610521,小貨車-自用,0,20-29歲,男,1,0
8572,10dd6b53bf27062c,2025/4/18,20,新北市,三重區,25.069947,121.470845,機車-普通重型,0,60歲以上,男,1,0
8573,188bcd0c2e58b187,2025/6/9,19,高雄市,前鎮,22.583027,120.335116,機車-普通重型,0,50-59歲,女,2,0
8574,37037be5a4c1dbfb,2025/5/17,9,屏東縣,新園鄉,22.481072,120.443401,機車-普通重型,0,40-49歲,男,2,0
8575,257083108e8c8a71,2025/11/14,7,嘉義市,西區,23.474587,120.433675,機車-普通重型,0,50-59歲,女,2,0
8576,a6e4ba32a8efc3a0,2025/5/24,8,新北市,中和區,25.00367,121.496319,機車-普通重型,0,40-49歲,男,1,0
8577,8bcbafca1adc8de6,2025/1/9,8,苗栗縣,竹南鎮,24.709009,120.91016,小客車(含客、貨兩用)-自用,0,50-59歲,女,1,0
8578,81d140d42c51036c,2025/7/18,20,南投縣,草屯鎮,23.980633,120.678625,小客車(含客、貨兩用)-自用,0,30-39歲,男,1,0
8579,b3dab2329d6ed93a,2025/2/11,11,彰化縣,北斗鎮,23.874121,120.531061,慢車-腳踏自行車,0,40-49歲,男,2,0
8580,ffb9d5dcb8829cb6,2025/7/3,7,高雄市,鳥松區,22.659229,120.370175,小客車(含客、貨兩用)-自用,0,40-49歲,男,1,0
8581,75974550710ceb2c,2025/2/23,11,臺南市,東區,22.979077,120.220161,機車-普通重型,0,20-29歲,男,1,0
8582,894b154cf4ab3fd2,2025/7/4,16,桃園市,中壢區,24.97876,121.234565,機車-普通重型,0,40-49歲,男,1,0
8583,75f44d5297688036,2025/5/20,7,桃園市,八德區,24.977466,121.270243,機車-普通重型,0,40-49歲,女,1,0
8584,d9175c09a0559819,2025/12/24,12,新竹縣,芎林鄉,24.772116,121.083726,小客車(含客、貨兩用)-自用,0,40-49歲,女,1,0
8585,80ecf0e5c6611e66,2025/6/18,14,高雄市,梓官區,22.76065,120.2658,小客車(含客、貨兩用)-自用,0,50-59歲,男,1,0
8586,6a527836ba24cc9b,2025/10/4,9,南投縣,草屯鎮,23.981999,120.669543,小客車(含客、貨兩用)-自用,0,30-39歲,女,2,0
8587,6cd804a0f2be708a,2025/4/2,14,宜蘭縣,羅東鎮,24.673313,121.767065,機車-普通重型,0,20-29歲,男,1,0
8588,87498597e626de66,2025/3/15,17,彰化縣,二林鎮,23.936232,120.382501,慢車-微型電動二輪車,0,19歲以下,男,1,0
8589,b28fa36040cd458d,2025/7/14,17,桃園市,中壢區,24.957919,121.221509,機車-普通重型,0,40-49歲,男,1,0
8590,2dd0290cce7112aa,2025/3/31,16,桃園市,桃園區,25.020393,121.303895,小客車(含客、貨兩用)-自用,0,50-59歲,男,1,0
8591,3c3c3fc60a3a85f1,2025/7/24,16,嘉義市,西區,23.486386,120.436809,小客車(含客、貨兩用)-自用,0,40-49歲,男,1,0
8592,2d7f5323777aec4d,2025/1/25,21,新北市,三重區,25.070496,121.494882,機車-普通重型,0,60歲以上,男,2,0
8593,64fb641a565f5255,2025/5/26,16,彰化縣,溪州鄉,23.868944,120.512846,小貨車-自用,0,40-49歲,男,1,0
8594,5992f86905b7cea0,2025/3/8,14,新北市,三重區,25.061508,121.486918,機車-普通重型,0,50-59歲,男,2,0
8595,11199e53882d8d31,2025/12/17,12,南投縣,竹山鎮,23.7527,120.677968,慢車-微型電動二輪車,0,60歲以上,男,1,0
8596,2196606f602765f7,2025/1/18,16,新北市,板橋區,25.024028,121.473923,機車-普通重型,0,20-29歲,男,3,0
8597,3b38b8bbecf6f7b9,2025/11/1,22,臺中市,北屯區,24.195159,120.682456,小客車(含客、貨兩用)-自用,0,40-49歲,男,1,0
8598,7d3679dd887479e1,2025/1/25,8,新北市,淡水區,25.186395,121.484744,小客車(含客、貨兩用)-自用,0,60歲以上,男,1,0
8599,00dc8e5afd9e04de,2025/1/20,13,臺北市,大同區,25.050245,121.510718,未知,0,19歲以下,男,1,0
8600,e8a9c63a881d1882,2025/2/3,15,桃園市,中壢區,24.957065,121.248083,機車-普通重型,0,40-49歲,男,2,0
8601,8e087ae73d74124f,2025/3/20,17,新北市,三重區,25.050892,121.482941,機車-普通重型,0,20-29歲,男,2,0
8602,281805f0fc4857d5,2025/8/12,16,臺中市,南屯區,24.151512,120.636623,小客車(含客、貨兩用)-自用,0,50-59歲,男,1,0
8603,77ef3744af9f1425,2025/10/18,8,花蓮縣,秀林鄉,24.12886,121.635763,小客車(含客、貨兩用)-自用,0,60歲以上,女,1,0
8604,e96f467ed49d10f5,2025/9/15,19,桃園市,八德區,24.930245,121.291684,機車-普通重型,0,30-39歲,女,1,0
8605,dbb3087d7ecc7388,2025/5/10,7,南投縣,竹山鎮,23.75442,120.682769,機車-普通重型,0,20-29歲,男,1,0
8606,6c2fd2afa6f93848,2025/11/5,14,臺北市,中山區,25.062989,121.522438,機車-普通重型,0,50-59歲,男,2,0
8607,b7c6d2249697cacf,2025/11/28,13,高雄市,鳳山區,22.62231,120.3706,機車-普通重型,0,50-59歲,男,1,0
8608,453a88c2a6a057c1,2025/11/22,13,新北市,蘆洲區,25.091395,121.471254,機車-普通重型,0,40-49歲,男,1,0
8609,153b2994f4ce5d61,2025/9/11,15,新北市,板橋區,25.009473,121.481398,小客車(含客、貨兩用)-自用,0,50-59歲,男,1,0
8610,dd3b0392619ac253,2025/3/19,21,臺中市,大里區,24.099933,120.680391,慢車-微型電動二輪車,0,50-59歲,男,1,0
8611,0f8a1d2b9bfb2ec3,2025/1/4,12,桃園市,桃園區,24.982254,121.261633,機車-普通重型,0,50-59歲,男,1,0
8612,be8e6f289393e15f,2025/11/25,21,高雄市,鳳山區,22.62843,120.3625,小客車(含客、貨兩用)-自用,0,40-49歲,女,3,0
8613,829fcc4394e771c0,2025/3/8,11,花蓮縣,花蓮市,23.988072,121.60619,小客車(含客、貨兩用)-自用,0,60歲以上,男,1,0
8614,96c292095fd5e1fa,2025/8/27,19,臺南市,安平區,23.001402,120.166045,小客車(含客、貨兩用)-自用,0,50-59歲,男,1,0
8615,bebec18fd2f18551,2025/3/18,18,臺中市,梧棲區,24.25772,120.532702,機車-普通重型,0,40-49歲,男,2,0
8616,838f703fc661bc1e,2025/1/5,14,新北市,坪林區,24.901738,121.720231,機車-普通重型,0,50-59歲,男,2,0
8617,21c7f3c144805124,2025/9/24,23,桃園市,八德區,24.930484,121.292455,慢車-微型電動二輪車,0,60歲以上,男,1,0
8618,a615e68c5fb5e790,2025/1/20,8,桃園市,桃園區,25.01251,121.297882,小客車(含客、貨兩用)-自用,0,20-29歲,男,1,0
8619,9ca17e284fb2e10f,2025/2/8,9,臺南市,北區,23.013207,120.221153,機車-普通輕型,0,50-59歲,男,2,0
8620,0b40479a6baf26cc,2025/12/21,15,高雄市,旗山區,22.89133,120.483,機車-普通重型,0,40-49歲,男,1,0
8621,b0d3b4d145029d46,2025/4/12,21,屏東縣,東港鎮,22.468937,120.454887,機車-普通重型,0,60歲以上,男,2,0
8622,fd56e5d7e8f26946,2025/2/28,15,臺中市,太平區,24.085979,120.818271,機車-普通重型,0,50-59歲,男,2,0
8623,cef8b85d4142c601,2025/8/19,15,花蓮縣,花蓮市,23.984386,121.611583,未知,0,20-29歲,男,2,0
8624,939518f2d2ad64f3,2025/6/3,10,臺南市,白河區,23.365078,120.429876,機車-普通重型,0,50-59歲,男,1,0
8625,690538fc9dd1aae2,2025/1/15,15,臺中市,東區,24.14461,120.701039,機車-普通重型,0,40-49歲,男,1,0
8626,44c715bc7306bf5f,2025/8/19,23,新北市,泰山區,25.058125,121.43518,機車-普通重型,0,40-49歲,女,2,0
8627,71c146079ffeaa09,2025/11/12,7,南投縣,草屯鎮,23.997592,120.668719,小客車(含客、貨兩用)-自用,0,30-39歲,女,1,0
8628,9c7fb698e02dc6d2,2025/11/27,16,桃園市,桃園區,25.02094,121.305584,慢車-微型電動二輪車,0,20-29歲,男,1,0
8629,783dc2724d2ed279,2025/3/12,10,彰化縣,二水鄉,23.791899,120.641663,其他車-農耕用車(或機械),0,40-49歲,男,1,0
8630,78e2f515b61a5196,2025/10/25,13,臺東縣,臺東市,22.764286,121.135923,機車-普通輕型,0,60歲以上,男,1,0
8631,5638af7fc146dd1a,2025/6/20,13,新北市,新莊區,25.046485,121.443154,機車-普通重型,0,30-39歲,男,1,0
8632,a8b040e6934268be,2025/3/17,12,臺南市,新營區,23.303288,120.311847,機車-普通重型,0,20-29歲,女,2,0
8633,5e236d35630c77e3,2025/7/31,15,新北市,土城區,24.971589,121.440843,機車-普通重型,0,40-49歲,男,1,0
8634,e349fb913d6c03b4,2025/8/26,19,新竹縣,竹北市,24.803792,121.048932,小客車(含客、貨兩用)-自用,0,30-39歲,男,1,0
8635,3378de52f3b83837,2025/8/21,17,雲林縣,臺西鄉,23.714598,120.204507,未知,0,50-59歲,男,1,0
8636,3da9daab436c5226,2025/4/1,23,宜蘭縣,宜蘭市,24.761807,121.778494,慢車-微型電動二輪車,0,50-59歲,男,1,0
8637,a42ebca33cf7e89b,2025/4/24,8,臺中市,西屯區,24.15881,120.65558,機車-普通重型,0,30-39歲,男,2,0
8638,e009e612fb6f04b7,2025/9/4,7,雲林縣,斗南鎮,23.677864,120.482108,機車-普通重型,0,50-59歲,男,2,0
8639,a11ec3e7bed49efb,2025/3/10,14,臺中市,西屯區,24.165079,120.646487,機車-普通重型,0,40-49歲,男,1,0
8640,000985e3f93d094e,2025/10/6,17,高雄市,左營區,22.663371,120.309618,機車-普通重型,0,40-49歲,女,2,0
8641,a57b29e23ad36565,2025/8/21,10,南投縣,埔里鎮,23.963,120.969378,小貨車-自用,0,30-39歲,男,1,0
8642,4dd07320f42876aa,2025/12/3,14,高雄市,前鎮,22.571098,120.321228,機車-普通重型,0,40-49歲,男,2,0
8643,00e893fd3edd2a98,2025/1/21,18,桃園市,中壢區,24.939051,121.231121,機車-普通輕型,0,40-49歲,男,1,0
8644,91be4b41d2b4fe05,2025/7/10,10,基隆市,安樂區,25.138621,121.718271,小客車(含客、貨兩用)-自用,0,40-49歲,女,1,0
8645,919e0aed02a933e3,2025/11/14,19,彰化縣,溪湖鎮,23.963851,120.479316,機車-普通重型,0,30-39歲,男,2,0
8646,2b3cedc3e3cf802f,2025/5/15,22,新北市,板橋區,25.022253,121.485541,小客車(含客、貨兩用)-自用,0,50-59歲,男,1,0
8647,f182d1beb23af597,2025/5/6,21,新竹縣,新豐鄉,24.870012,120.989731,機車-普通重型,0,60歲以上,男,1,0
8648,d50aa7a01301319c,2025/11/10,21,臺中市,西屯區,24.177498,120.627016,小客車(含客、貨兩用)-自用,0,40-49歲,男,1,0
8649,0d83ecf001de69ef,2025/8/4,17,彰化縣,鹿港鎮,24.076729,120.416676,大貨車-自用,0,40-49歲,男,2,0
8650,870971dd74a1b336,2025/1/14,23,桃園市,桃園區,24.967364,121.29219,大貨車-自用,0,20-29歲,男,2,0
8651,bba8ef26cc093747,2025/5/7,7,臺中市,西屯區,24.173659,120.646954,人-行人,0,19歲以下,男,1,0
8652,edc2767cfdbb5b9a,2025/12/14,17,桃園市,中壢區,24.958161,121.239247,機車-普通重型,0,40-49歲,男,1,0
8653,f4ef6e07ed6dbb7b,2025/10/18,21,桃園市,桃園區,24.992608,121.28603,機車-普通重型,0,50-59歲,男,2,0
8654,a688a5089bf2121e,2025/9/12,7,桃園市,中壢區,24.977843,121.180068,小客車(含客、貨兩用)-自用,0,20-29歲,男,1,0
8655,9c5965f558d69277,2025/11/3,8,桃園市,龍潭區,24.863877,121.216086,機車-普通重型,0,20-29歲,男,1,0
8656,21f1977cc4cfa5a1,2025/9/9,8,彰化縣,和美鎮,24.108813,120.49505,機車-普通重型,0,50-59歲,男,1,0
8657,4cc3018c8d677f11,2025/8/10,5,桃園市,蘆竹區,25.05471,121.26963,機車-普通重型,0,40-49歲,男,1,0
8658,8ef3c9124d27a436,2025/5/12,18,彰化縣,田中鎮,23.861719,120.579915,機車-普通重型,0,30-39歲,女,1,0
8659,477d039ce8c6eb62,2025/5/21,19,臺中市,后里區,24.310763,120.71038,小客車(含客、貨兩用)-自用,0,30-39歲,男,1,0
8660,c318b47a00814a03,2025/5/8,8,新北市,五股區,25.11131,121.429582,機車-普通重型,0,40-49歲,男,1,0
8661,e480b3b5c4d2b3d5,2025/10/6,17,臺中市,大雅區,24.217821,120.648779,機車-普通重型,0,50-59歲,男,1,0
8662,cc89944f1d36824d,2025/5/29,17,臺中市,北屯區,24.189172,120.7051,機車-普通重型,0,40-49歲,男,1,0
8663,0a5c2fc79a419bfe,2025/5/19,13,雲林縣,斗南鎮,23.684583,120.495121,機車-普通重型,0,40-49歲,男,1,0
8664,c6bb09bcef8aaaba,2025/9/23,16,嘉義市,東區,23.467915,120.454583,小客車(含客、貨兩用)-自用,0,60歲以上,男,1,0
8665,380cc9bdb5f58b84,2025/8/15,15,臺南市,仁德區,22.9527,120.258982,機車-普通重型,0,50-59歲,男,1,0
8666,5f317584036a7c5c,2025/5/9,23,臺中市,太平區,24.149759,120.712558,機車-普通重型,0,50-59歲,男,2,0
8667,ad70a3edac0317bf,2025/11/20,21,新北市,土城區,24.976192,121.45868,機車-普通重型,0,60歲以上,男,1,0
8668,fbb51161a3850a20,2025/8/3,19,桃園市,八德區,24.976089,121.267717,機車-普通重型,0,40-49歲,男,1,0
8669,36e6ed77d4d042fc,2025/5/27,16,彰化縣,北斗鎮,23.88248,120.522511,機車-普通重型,0,50-59歲,男,2,0
8670,1674b03658d459d9,2025/10/5,17,臺南市,北區,23.016981,120.190671,小客車(含客、貨兩用)-自用,0,40-49歲,男,2,0
8671,a991c076678d2204,2025/6/24,17,臺中市,大甲區,24.406503,120.644729,機車-普通重型,0,60歲以上,男,2,0
8672,03a0a0fd6ad41c11,2025/9/14,20,高雄市,旗山區,22.84305,120.4643,機車-普通重型,0,40-49歲,男,1,0
8673,6b095a0aeaf14711,2025/10/9,8,宜蘭縣,礁溪鄉,24.794092,121.765341,小客車(含客、貨兩用)-自用,0,60歲以上,男,1,0
8674,9b12b482348a95e1,2025/1/1,8,宜蘭縣,宜蘭市,24.744805,121.748361,小客車(含客、貨兩用)-自用,0,60歲以上,男,2,0
8675,68c653d4780b1b8f,2025/7/10,8,臺中市,北區,24.159226,120.670531,機車-普通重型,0,40-49歲,男,1,0
8676,6ffce8deda04179f,2025/10/15,15,臺北市,大安區,25.015132,121.54314,小客車(含客、貨兩用)-計程車,0,19歲以下,男,1,0
8677,b0d2425a71506f5c,2025/9/18,12,雲林縣,斗南鎮,23.679462,120.430984,小貨車-自用,0,30-39歲,男,1,0
8678,d869b92d741e2915,2025/3/3,11,花蓮縣,吉安鄉,23.936581,121.595894,機車-普通重型,0,60歲以上,男,1,0
8679,6e6f49cf64306cdc,2025/5/4,19,桃園市,大園區,25.103755,121.242133,小客車(含客、貨兩用)-自用,0,40-49歲,男,1,0
8680,e1dd229b44ca3502,2025/6/8,11,南投縣,南投市,23.908672,120.687155,小客車(含客、貨兩用)-自用,0,20-29歲,男,1,0
8681,bf17405c80706987,2025/6/10,14,金門縣,金城鎮,24.435409,118.319207,機車-普通重型,0,30-39歲,女,1,0
8682,84d06a397a9160e3,2025/10/14,11,臺南市,東區,22.994984,120.221884,機車-普通重型,0,50-59歲,女,2,0
8683,b38131ad50b2f12d,2025/2/24,14,花蓮縣,吉安鄉,23.961345,121.604342,機車-普通重型,0,50-59歲,男,1,0
8684,72f820404fd2fda5,2025/5/24,15,桃園市,大溪區,24.879522,121.288501,小客車(含客、貨兩用)-自用,0,60歲以上,男,1,0
8685,4cadf3f5038e220b,2025/1/13,9,臺中市,神岡區,24.259443,120.708962,機車-普通重型,0,40-49歲,男,1,0
8686,05d6c0fde6251e45,2025/2/28,10,彰化縣,溪湖鎮,23.959958,120.477286,機車-普通輕型,0,40-49歲,男,2,0
8687,4c4781d235cb7816,2025/12/26,21,彰化縣,彰化市,24.07286,120.530959,小客車(含客、貨兩用)-自用,0,40-49歲,男,1,0
8688,9911f10345a8e470,2025/12/6,14,高雄市,鳳山區,22.624914,120.364347,機車-普通重型,0,30-39歲,男,1,0
8689,b2ff61e1890ba2b3,2025/9/23,9,嘉義市,東區,23.475121,120.451716,機車-普通重型,0,50-59歲,男,1,0
8690,5f1f298a2942fc1e,2025/6/12,10,苗栗縣,三灣鄉,24.667192,120.975539,小客車(含客、貨兩用)-自用,0,50-59歲,男,1,0
8691,53a20372cf806dd8,2025/12/7,19,新北市,新莊區,25.028946,121.43711,機車-普通重型,0,30-39歲,男,1,0
8692,0150148269894563,2025/10/13,8,新竹縣,竹北市,24.787896,121.063646,機車-普通重型,0,50-59歲,女,1,0
8693,db0e7fa40907f120,2025/5/10,14,新北市,泰山區,24.998956,121.540403,小客車(含客、貨兩用)-計程車,0,40-49歲,男,2,0
8694,2bc8857038d13148,2025/11/3,17,新北市,新莊區,25.014791,121.428017,小客車(含客、貨兩用)-自用,0,50-59歲,女,1,0
8695,5f5a64dc0fbb4f1c,2025/9/25,7,臺中市,太平區,24.110392,120.714538,機車-普通重型,0,20-29歲,男,1,0
8696,86cfa68a55839e90,2025/10/30,17,桃園市,桃園區,24.996339,121.324076,機車-普通重型,0,40-49歲,女,1,0
8697,6b29f205ec4285c5,2025/5/28,13,臺中市,沙鹿區,24.23353,120.56283,機車-普通重型,0,50-59歲,男,1,0
8698,d14ea464e0667290,2025/3/13,10,桃園市,八德區,24.96082,121.280247,機車-普通重型,0,40-49歲,男,1,0
8699,52dce395ae99a753,2025/3/31,21,新北市,新店區,24.975487,121.535912,小客車(含客、貨兩用)-自用,0,50-59歲,男,1,0
8700,0cd39967c22d5219,2025/9/18,16,桃園市,楊梅區,24.921192,121.182119,機車-普通重型,0,50-59歲,男,1,0
8701,4fff76f5cce747e6,2025/5/24,0,臺中市,西區,24.152919,120.666356,機車-普通重型,0,60歲以上,男,1,0
8702,1f166415a9207984,2025/3/22,16,高雄市,鳥松區,22.650287,120.347789,未知,0,50-59歲,男,1,0
8703,0b43cecd818807cf,2025/9/11,21,臺中市,豐原區,24.242896,120.728502,慢車-腳踏自行車,0,40-49歲,男,1,0
8704,bc71789353803360,2025/7/1,22,臺北市,大同區,25.062915,121.515602,小客車(含客、貨兩用)-自用,0,50-59歲,男,1,0
8705,066c07a7668301b8,2025/7/18,14,新竹縣,竹北市,24.828293,121.014714,機車-普通重型,0,20-29歲,男,2,0
8706,816f71dcc82942e9,2025/3/7,18,屏東縣,屏東市,22.665235,120.477196,小客車(含客、貨兩用)-自用,0,40-49歲,男,1,0
8707,38a9b8e928a39b7d,2025/9/23,14,桃園市,桃園區,24.994927,121.300821,小客車(含客、貨兩用)-自用,0,50-59歲,男,1,0
8708,b139701061ce17ac,2025/2/11,20,高雄市,前鎮,22.611339,120.310814,小客車(含客、貨兩用)-自用,0,50-59歲,女,1,0
8709,defa527293e0f9f5,2025/2/22,12,高雄市,楠梓區,22.721387,120.30421,小客車(含客、貨兩用)-自用,0,40-49歲,男,1,0
8710,5f7b870214adc619,2025/12/12,17,桃園市,平鎮,24.940189,121.218759,小客車(含客、貨兩用)-自用,0,40-49歲,男,2,0
8711,806f525a6e2fb474,2025/3/3,7,臺中市,東區,24.141796,120.710611,小客車(含客、貨兩用)-自用,0,40-49歲,男,1,0
8712,7f01efb9a1bb568e,2025/6/10,18,桃園市,中壢區,24.975416,121.248923,機車-普通重型,0,40-49歲,男,1,0
8713,0633e7ba423dad96,2025/12/25,21,桃園市,桃園區,24.990468,121.317941,機車-普通重型,0,50-59歲,男,2,0
8714,788e5dff8ad7408c,2025/4/24,20,臺中市,大里區,24.105639,120.69324,機車-普通重型,0,30-39歲,女,1,0
8715,3a2ee9b71b76c9ff,2025/12/24,8,彰化縣,員林市,23.965224,120.579192,小貨車-自用,0,20-29歲,男,1,0
8716,1df39c0c0def570f,2025/10/16,19,屏東縣,萬丹鄉,22.590402,120.495146,慢車-微型電動二輪車,0,40-49歲,男,1,0
8717,2b67b15b694619c7,2025/8/19,9,臺中市,霧峰區,24.044526,120.691974,機車-普通重型,0,40-49歲,男,1,0
8718,3b401717d5e36963,2025/6/25,7,高雄市,岡山區,22.770783,120.273838,機車-普通重型,0,50-59歲,男,1,0
8719,9a4bbd0032b4c9b1,2025/3/27,0,臺南市,中西區,22.997554,120.200065,小客車(含客、貨兩用)-計程車,0,50-59歲,男,1,0
8720,8489059212cd5b31,2025/5/26,17,臺中市,龍井區,24.196112,120.524915,機車-普通重型,0,19歲以下,男,2,0
8721,a921a40cb9a8ef0d,2025/6/16,12,臺中市,西屯區,24.18732,120.608091,小客車(含客、貨兩用)-自用,0,30-39歲,男,1,0
8722,294a5c242528295a,2025/10/5,11,臺中市,東區,24.133144,120.694807,機車-普通重型,0,60歲以上,男,2,0
8723,b769518835933093,2025/10/13,13,彰化縣,鹿港鎮,24.050168,120.437167,小貨車-自用,0,40-49歲,男,1,0
8724,de9797e8c7e7101c,2025/1/6,17,臺中市,西區,24.155678,120.662609,小客車(含客、貨兩用)-自用,0,50-59歲,男,1,0
8725,5680022240b726b3,2025/3/12,16,彰化縣,員林市,23.954112,120.585288,機車-普通重型,0,30-39歲,男,1,0
8726,0e6158e46bd908f4,2025/8/17,9,臺北市,大同區,25.062001,121.509658,機車-普通重型,0,40-49歲,男,1,0
8727,4b5c9f107c69ebe8,2025/11/7,8,臺中市,大肚區,24.166619,120.578083,機車-普通重型,0,30-39歲,男,1,0
8728,eb16e06159ab5c30,2025/6/30,7,桃園市,觀音區,25.034707,121.085812,小客車(含客、貨兩用)-自用,0,50-59歲,男,1,0
8729,1c7c074fe6240c9f,2025/10/10,19,高雄市,橋頭區,22.754409,120.303807,機車-普通重型,0,30-39歲,男,1,0
8730,2a0b53d1b29b22f8,2025/10/10,8,高雄市,鳳山區,22.640867,120.360327,小客車(含客、貨兩用)-自用,0,30-39歲,男,1,0
8731,d4e23f45d77ba7f1,2025/9/26,7,臺中市,烏日區,24.056244,120.644459,機車-普通重型,0,50-59歲,男,1,0
8732,ed05c7f08b728f0d,2025/1/13,9,新竹縣,竹北市,24.80615,121.026932,機車-普通重型,0,20-29歲,男,1,0
8733,753b0bcc3da74d79,2025/4/26,20,臺中市,烏日區,24.094232,120.652251,小貨車-自用,0,40-49歲,男,2,0
8734,f70ee953d01f7059,2025/4/25,12,臺中市,中區,24.145044,120.676568,小客車(含客、貨兩用)-自用,0,40-49歲,男,1,0
8735,519618524ace9a4f,2025/1/10,11,桃園市,龍潭區,24.867417,121.207082,機車-普通重型,0,60歲以上,男,2,0
8736,31d074f19356db66,2025/1/22,11,桃園市,龜山區,25.044874,121.357511,小客車(含客、貨兩用)-計程車,0,60歲以上,男,1,0
8737,c56dc281a8c5ae50,2025/3/13,16,臺中市,大里區,24.096492,120.718156,慢車-微型電動二輪車,0,40-49歲,男,2,0
8738,bc8d3fd2a609cc6a,2025/6/13,8,嘉義市,西區,23.472489,120.447061,機車-普通重型,0,40-49歲,女,1,0
8739,2edc7fbfab764479,2025/6/3,9,桃園市,八德區,24.959851,121.299561,小貨車-自用,0,50-59歲,女,2,0
8740,2d67151a9f2b948b,2025/12/29,11,臺中市,大里區,24.11211,120.677761,機車-普通重型,0,40-49歲,女,1,0
8741,a17c53cfd8b54843,2025/6/15,10,宜蘭縣,礁溪鄉,24.825734,121.772799,機車-普通重型,0,50-59歲,女,1,0
8742,3dd9b3f0372b1540,2025/6/12,16,屏東縣,屏東市,22.708745,120.521936,機車-普通重型,0,40-49歲,男,2,0
8743,20ffa782aa4b2d3b,2025/8/26,8,臺中市,北屯區,24.179173,120.683853,機車-普通重型,0,60歲以上,男,1,0
8744,8b6ef12f87cac88f,2025/6/7,15,嘉義市,西區,23.48771,120.4467,機車-普通重型,0,40-49歲,女,2,0
8745,5b64b50de8d28289,2025/9/30,17,桃園市,楊梅區,24.909833,121.182281,小客車(含客、貨兩用)-自用,0,60歲以上,男,1,0
8746,799559950aa00ea5,2025/8/29,7,臺中市,大雅區,24.218967,120.668687,機車-普通重型,0,40-49歲,男,2,0
8747,bc82aef68b8b7842,2025/5/23,10,臺北市,萬華區,25.031288,121.495274,機車-普通重型,0,50-59歲,男,2,0
8748,54209fe4446c29bb,2025/7/18,7,新北市,新店區,24.967378,121.51657,小客車(含客、貨兩用)-自用,0,50-59歲,男,1,0
8749,9a1075c6318a1fcf,2025/9/4,14,彰化縣,鹿港鎮,24.076291,120.475309,大貨車-營業用,0,30-39歲,女,1,0
8750,ae9b630e8ec52fe2,2025/12/13,8,臺中市,北屯區,24.162035,120.723091,機車-大型重型1(550C.C.以上),0,50-59歲,女,1,0
8751,7d60b5268bd7ae8b,2025/12/8,9,新北市,新莊區,25.056817,121.44255,小客車(含客、貨兩用)-自用,0,40-49歲,男,1,0
8752,ab21856c1dd14524,2025/9/24,16,新北市,新莊區,25.030759,121.442168,小客車(含客、貨兩用)-自用,0,40-49歲,男,1,0
8753,6f3197f7da8c4bbd,2025/1/10,0,嘉義縣,中埔鄉,23.398988,120.510119,機車-普通重型,0,50-59歲,男,1,0
8754,e9834fa250ccbbdb,2025/11/16,11,彰化縣,員林市,23.948202,120.575482,機車-普通重型,0,60歲以上,男,2,0
8755,301db4a95e80f37b,2025/5/29,14,新北市,林口區,25.07562,121.36068,小客車(含客、貨兩用)-營業用,0,60歲以上,男,1,0
8756,024f39126816c329,2025/10/14,17,高雄市,鼓山區,22.636127,120.284199,機車-普通重型,0,50-59歲,女,2,0
8757,372504af7feb9293,2025/3/11,7,臺中市,西區,24.1577,120.658896,機車-普通重型,0,50-59歲,男,1,0
8758,bb73e622dfa9f12b,2025/5/24,14,臺南市,歸仁區,22.990722,120.28656,機車-普通重型,0,30-39歲,男,2,0
8759,d132477e9da2abcc,2025/1/5,21,新竹市,香山區,24.796756,120.954698,機車-普通重型,0,50-59歲,男,2,0
8760,3be416f3d8f6d5b4,2025/1/24,21,臺南市,東區,22.968329,120.230722,機車-普通重型,0,50-59歲,男,2,0
8761,90f5aca88d0e9a8a,2025/10/4,12,高雄市,苓雅區,22.614793,120.301776,小客車(含客、貨兩用)-自用,0,50-59歲,男,1,0
8762,c971372959e2574a,2025/5/8,16,新北市,中和區,24.999856,121.474085,機車-普通重型,0,50-59歲,男,1,0
8763,88502bce3e9012ae,2025/10/21,16,新竹縣,竹北市,24.841803,120.998785,小客車(含客、貨兩用)-計程車,0,40-49歲,男,1,0
8764,dd96b64591b4b189,2025/7/18,17,臺中市,大里區,24.101977,120.688622,小客車(含客、貨兩用)-自用,0,40-49歲,女,1,0
8765,978712fe0b61667e,2025/5/12,11,臺中市,西屯區,24.165198,120.64653,小客車(含客、貨兩用)-租賃車,0,40-49歲,男,1,0
8766,ee88a5f3b4e12ac4,2025/8/12,18,彰化縣,福興鄉,24.045927,120.428583,機車-普通重型,0,50-59歲,男,2,0
8767,eaad3ab015c019fd,2025/10/20,15,桃園市,中壢區,24.966067,121.223415,小客車(含客、貨兩用)-自用,0,40-49歲,男,1,0
8768,e74f220953b1523e,2025/10/1,9,新北市,三重區,25.04727,121.48076,機車-普通重型,0,30-39歲,男,1,0
8769,315a60cb0652dfb2,2025/10/20,9,臺中市,龍井區,24.175872,120.543317,小貨車-自用,0,40-49歲,女,1,0
8770,9cdca50d279fbee7,2025/3/20,16,高雄市,大樹區,22.764345,120.265077,曳引車-營業用,0,50-59歲,男,1,0
8771,66e58441d5a3d354,2025/3/4,22,新北市,土城區,24.98819,121.448234,機車-普通重型,0,20-29歲,男,1,0
8772,a074f95e9d83c7fb,2025/3/8,7,新北市,八里區,25.157274,121.418546,機車-普通重型,0,19歲以下,男,1,0
8773,9a93cf11772e94cb,2025/4/7,10,新北市,土城區,24.978702,121.444373,小客車(含客、貨兩用)-自用,0,30-39歲,男,2,0
8774,5bcd93a0580c33dc,2025/11/24,13,屏東縣,屏東市,22.682908,120.476273,機車-普通重型,0,40-49歲,男,2,0
8775,adbd13e1b8dc15d6,2025/6/13,10,彰化縣,彰化市,24.090531,120.532005,小客車(含客、貨兩用)-自用,0,30-39歲,男,1,0
8776,a0f9df88f04b159e,2025/2/19,8,臺中市,南屯區,24.151116,120.608019,機車-普通重型,0,60歲以上,男,1,0
8777,d66ab15bbf50bf97,2025/12/17,13,臺北市,中山區,25.077894,121.544726,小客車(含客、貨兩用)-自用,0,50-59歲,男,1,0
8778,1f5453999a6fe58d,2025/4/28,7,高雄市,新興區,22.63053,120.3157,機車-普通重型,0,20-29歲,男,1,0
8779,0beb0fe47f1a1886,2025/2/25,18,桃園市,桃園區,25.016168,121.311305,機車-普通重型,0,60歲以上,男,1,0
8780,ee7ca2dbb71af646,2025/3/16,14,臺北市,內湖區,25.065694,121.588789,小客車(含客、貨兩用)-自用,0,40-49歲,男,2,0
8781,e2c4c833f9282ee9,2025/3/1,17,高雄市,三民區,22.653458,120.303513,機車-大型重型1(550C.C.以上),0,20-29歲,男,1,0
8782,9ab85842afca08ec,2025/10/7,9,臺中市,潭子區,24.204419,120.716392,機車-普通重型,0,40-49歲,女,1,0
8783,832a4e50a2371892,2025/2/22,11,臺中市,北屯區,24.171463,120.693504,機車-普通重型,0,50-59歲,男,1,0
8784,8edd31d633b86296,2025/1/6,15,屏東縣,萬丹鄉,22.61568,120.467081,小客車(含客、貨兩用)-自用,0,40-49歲,男,1,0
8785,fe1840610eb6dfd9,2025/12/2,16,嘉義縣,水上鄉,23.43283,120.426963,機車-普通重型,0,40-49歲,男,2,0
8786,4ea94548d2ac98fa,2025/10/31,21,臺北市,信義區,25.030364,121.568263,小客車(含客、貨兩用)-自用,0,50-59歲,女,1,0
8787,4b4f8dabf971af1e,2025/1/4,11,高雄市,前鎮,22.595475,120.31603,小客車(含客、貨兩用)-自用,0,30-39歲,男,1,0
8788,976ffb18f639a469,2025/10/7,14,臺中市,西屯區,24.174628,120.639467,機車-普通重型,0,40-49歲,女,1,0
8789,574ab677bc0df8c9,2025/12/24,12,臺中市,東區,24.144746,120.710705,機車-普通重型,0,60歲以上,男,1,0
8790,c80c0738426a65be,2025/7/12,11,宜蘭縣,三星鄉,24.697289,121.744748,小客車(含客、貨兩用)-自用,0,40-49歲,女,2,0
8791,cd90664442d70631,2025/6/1,6,臺南市,鹽水區,23.261457,120.207424,機車-普通重型,0,60歲以上,男,1,0
8792,fa0a2615146265bc,2025/4/11,19,新北市,永和區,25.004198,121.52397,小客車(含客、貨兩用)-自用,0,40-49歲,男,2,0
8793,b199938ee88933e5,2025/11/5,18,臺中市,豐原區,24.239889,120.705274,機車-普通重型,0,50-59歲,男,1,0
8794,b8fccff5bdac1d5b,2025/2/23,19,新北市,汐止區,25.070616,121.665845,慢車-電動輔助自行車,0,40-49歲,男,1,0
8795,ca59a2b2e6304d61,2025/10/19,16,桃園市,中壢區,24.991395,121.234384,機車-普通重型,0,50-59歲,女,1,0
8796,8de9aa7761a21f94,2025/9/15,12,新北市,新莊區,25.021441,121.415655,機車-普通重型,0,50-59歲,男,2,0
8797,307326e3101653d9,2025/9/16,22,新北市,泰山區,25.049763,121.437053,小客車(含客、貨兩用)-計程車,0,30-39歲,男,1,0
8798,103d48beb12d8fc6,2025/12/13,12,新北市,中和區,24.999925,121.501785,小客車(含客、貨兩用)-自用,0,30-39歲,男,1,0
8799,477a7c75826e96e4,2025/5/24,8,新北市,樹林區,25.00655,121.418471,機車-普通重型,0,40-49歲,男,1,0
8800,b60cd4873af8c361,2025/8/29,9,桃園市,楊梅區,24.912707,121.149702,小客車(含客、貨兩用)-自用,0,19歲以下,男,1,0
8801,a05124997eecbf1e,2025/11/18,8,新北市,土城區,24.968739,121.438011,慢車-腳踏自行車,0,40-49歲,女,1,0
8802,26fe6c078c28375c,2025/3/17,19,臺北市,大安區,25.020358,121.556743,小客車(含客、貨兩用)-計程車,0,40-49歲,男,2,0
8803,f40fd4d384c2313b,2025/4/27,13,桃園市,楊梅區,24.942306,121.120109,小客車(含客、貨兩用)-自用,0,40-49歲,男,1,0
8804,fe9e65de11a5060d,2025/8/18,15,南投縣,鹿谷鄉,23.746163,120.75217,小貨車-自用,0,40-49歲,男,1,0
8805,cee77a77191d0ebf,2025/12/11,15,彰化縣,二林鎮,23.900958,120.367569,未知,0,60歲以上,男,1,0
8806,0b08ef7a8eee45f4,2025/5/11,9,花蓮縣,花蓮市,23.989165,121.597969,機車-普通重型,0,30-39歲,男,1,0
8807,c2e05779d49f4c71,2025/8/29,9,新竹縣,竹北市,24.837919,121.010542,小客車(含客、貨兩用)-自用,0,40-49歲,男,1,0
8808,1320cb2ea74caf0d,2025/10/15,17,臺南市,歸仁區,22.969003,120.275243,機車-普通重型,0,40-49歲,女,2,0
8809,68262100fd4cbdc7,2025/3/22,9,桃園市,大園區,25.116517,121.24452,慢車-電動輔助自行車,0,30-39歲,女,1,0
8810,0fa238eeb8776751,2025/12/30,23,桃園市,桃園區,24.990987,121.291114,小客車(含客、貨兩用)-自用,0,50-59歲,女,1,0
8811,499be64b56ccd55e,2025/9/19,10,臺南市,北區,23.015072,120.203066,機車-普通重型,0,50-59歲,男,1,0
8812,14f92063203b4f0b,2025/3/4,15,臺南市,新營區,23.310517,120.311741,小客車(含客、貨兩用)-自用,0,50-59歲,男,1,0
8813,6e9a83a09f6d2989,2025/5/26,7,臺中市,西屯區,24.171177,120.636647,小客車(含客、貨兩用)-租賃車,0,50-59歲,男,1,0
8814,5a25ca79c485f3d0,2025/4/11,16,臺中市,龍井區,24.182298,120.582777,慢車-微型電動二輪車,0,60歲以上,男,2,0
8815,dc6ed62e0d8691b0,2025/9/12,14,高雄市,三民區,22.640774,120.339222,機車-普通重型,0,40-49歲,男,2,0
8816,1e25ee45254e635c,2025/1/18,10,新竹市,東區,24.805758,120.977847,機車-普通重型,0,60歲以上,男,3,0
8817,85e776658222f621,2025/2/6,20,嘉義縣,竹崎鄉,23.501331,120.535501,機車-普通重型,0,30-39歲,男,2,0
8818,9a66bac638806b1e,2025/4/28,7,新北市,中和區,24.995615,121.485129,機車-普通重型,0,50-59歲,女,1,0
8819,e623f8e33eba3df9,2025/7/11,8,臺中市,外埔區,24.331553,120.688974,小客車(含客、貨兩用)-自用,0,50-59歲,男,1,0
8820,2dae3263640fdf93,2025/2/1,21,臺中市,大甲區,24.344482,120.62073,小客車(含客、貨兩用)-自用,0,50-59歲,男,1,0
8821,9c24e4f07b602d4f,2025/11/11,7,高雄市,前鎮,22.60973,120.319624,小客車(含客、貨兩用)-自用,0,40-49歲,女,1,0
8822,fe1bf9751064b8cb,2025/9/26,6,雲林縣,麥寮鄉,23.799827,120.268777,機車-普通重型,0,50-59歲,男,1,0
8823,efa4a4e47db3fda4,2025/11/8,6,桃園市,楊梅區,24.913629,121.143433,機車-普通重型,0,30-39歲,女,1,0
8824,5120ac4119858870,2025/6/28,19,新竹縣,竹北市,24.825965,121.026723,小客車(含客、貨兩用)-自用,0,40-49歲,男,1,0
8825,d2d5893363b53c2c,2025/5/19,10,花蓮縣,花蓮市,23.97543,121.60229,小客車(含客、貨兩用)-自用,0,40-49歲,男,1,0
8826,c350101d089117b4,2025/8/24,14,花蓮縣,花蓮市,23.993872,121.573933,機車-普通重型,0,50-59歲,男,2,0
8827,b0fc0cae9624f1ae,2025/5/19,17,新北市,土城區,24.986701,121.446668,小客車(含客、貨兩用)-自用,0,40-49歲,男,1,0
8828,e761841cd24acad5,2025/6/3,11,高雄市,大樹區,22.745408,120.447456,小客車(含客、貨兩用)-自用,0,60歲以上,男,1,0
8829,22fed2e0bbf76d4a,2025/1/6,12,臺中市,清水區,24.300576,120.577798,小客車(含客、貨兩用)-自用,0,30-39歲,男,1,0
8830,2798fc214492f4e5,2025/7/12,10,屏東縣,枋山鄉,22.296561,120.644019,小客車(含客、貨兩用)-自用,0,50-59歲,男,1,0
8831,bec9aaf9cc16d50a,2025/5/13,18,嘉義縣,民雄鄉,23.524101,120.422102,機車-普通重型,0,40-49歲,男,2,0
8832,1a5cefb5ec05ea1f,2025/9/11,20,苗栗縣,頭份市,24.69811,120.888121,機車-普通重型,0,40-49歲,男,1,0
8833,51e4c21f1fa93340,2025/1/2,12,彰化縣,彰化市,24.071677,120.548219,機車-大型重型2(250-550C.C.),0,60歲以上,男,1,0
8834,4135e96442fcc86b,2025/9/8,7,新北市,土城區,24.985946,121.470793,機車-普通重型,0,50-59歲,男,2,0
8835,ad05e10fdc555cb9,2025/10/27,20,南投縣,南投市,23.909065,120.675805,小客車(含客、貨兩用)-自用,0,50-59歲,男,1,0
8836,287f8417de8bff2b,2025/6/19,23,新北市,新莊區,25.056761,121.442516,機車-普通重型,0,50-59歲,男,1,0
8837,84e18309a44c7e7e,2025/7/2,12,彰化縣,永靖鄉,23.928499,120.551005,機車-普通重型,0,30-39歲,男,2,0
8838,c76f6fe45d945be3,2025/11/2,13,臺南市,仁德區,22.938602,120.264228,機車-普通重型,0,60歲以上,男,2,0
8839,3ee28861aedc2b95,2025/6/15,17,臺中市,大安區,24.360925,120.603463,小客車(含客、貨兩用)-自用,0,30-39歲,男,1,0
8840,d0ed5008700969e1,2025/5/13,8,臺中市,西屯區,24.175478,120.624398,機車-普通重型,0,50-59歲,男,1,0
8841,f55d8a11d0e29563,2025/3/10,8,桃園市,新屋區,24.984652,121.105776,小客車(含客、貨兩用)-自用,0,50-59歲,男,1,0
8842,e15a02eafeffaaa8,2025/9/2,8,雲林縣,斗六市,23.713959,120.560242,機車-普通重型,0,40-49歲,男,1,0
8843,606790795eda8f5b,2025/3/21,9,臺中市,南區,24.114092,120.658623,機車-普通重型,0,40-49歲,男,1,0
8844,7ae41eb68b4d608b,2025/10/6,16,臺中市,南屯區,24.150258,120.635386,機車-普通重型,0,50-59歲,男,1,0
8845,70c3a3add3c52c78,2025/3/6,8,新北市,三重區,25.087112,121.489461,小客車(含客、貨兩用)-自用,0,30-39歲,男,1,0
8846,6650c370d473614e,2025/4/10,0,彰化縣,花壇鄉,24.045226,120.555017,機車-普通重型,0,40-49歲,男,1,0
8847,314b659a722bc8a3,2025/7/30,18,臺中市,西屯區,24.158713,120.640131,小客車(含客、貨兩用)-自用,0,50-59歲,男,1,0
8848,60ad94baf4e3e96f,2025/8/16,15,彰化縣,彰化市,24.100102,120.57977,機車-普通重型,0,40-49歲,男,1,0
8849,82b89e9f81d8a923,2025/10/15,14,高雄市,林園區,22.520471,120.384505,機車-普通重型,0,30-39歲,男,3,0
8850,38cef127fddbff56,2025/1/15,18,桃園市,觀音區,25.051479,121.123394,慢車-電動輔助自行車,0,50-59歲,男,1,0
8851,4e71a1383f9bc80e,2025/11/7,18,新北市,樹林區,24.983488,121.423812,機車-普通重型,0,40-49歲,男,2,0
8852,100edd9a31577d38,2025/2/18,10,臺中市,東區,24.142767,120.696951,機車-普通重型,0,50-59歲,男,1,0
8853,737fdd08754b194b,2025/2/6,12,新北市,新莊區,25.028492,121.412075,小客車(含客、貨兩用)-自用,0,30-39歲,男,3,0
8854,08eac28bf8aa70d8,2025/1/28,19,新北市,中和區,24.993182,121.5232,機車-普通重型,0,40-49歲,女,3,0
8855,d70550d1e45db331,2025/1/14,19,臺北市,南港區,25.052178,121.590586,小客車(含客、貨兩用)-自用,0,30-39歲,男,1,0
8856,67426c2762cc05d8,2025/6/15,19,臺中市,太平區,24.125092,120.719104,小客車(含客、貨兩用)-自用,0,50-59歲,女,1,0
8857,0ef333e0cd315830,2025/4/23,10,臺南市,仁德區,22.959729,120.218699,小貨車-自用,0,20-29歲,男,2,0
8858,2749f6c4238e2f40,2025/7/25,18,臺南市,安定區,23.110609,120.219783,機車-普通重型,0,30-39歲,女,1,0
8859,365ef8b28c519124,2025/2/26,16,新竹縣,新豐鄉,24.871382,120.998283,機車-普通重型,0,60歲以上,男,1,0
8860,a04c6fbc5a065cd7,2025/7/9,12,臺中市,北區,24.163131,120.685751,機車-普通重型,0,50-59歲,男,1,0
8861,2d83b8b229007032,2025/11/6,7,屏東縣,牡丹鄉,22.125641,120.774035,機車-普通重型,0,40-49歲,女,1,0
8862,f5f495de6b4fcc38,2025/1/11,13,嘉義市,西區,23.46428,120.436168,機車-普通重型,0,50-59歲,男,2,0
8863,c5e85f7ccf44cfaa,2025/3/28,18,南投縣,埔里鎮,23.96293,120.969627,機車-普通重型,0,30-39歲,女,1,0
8864,afaa4e09dd76a19a,2025/9/19,19,新竹縣,竹東鎮,24.738989,121.087596,機車-普通重型,0,19歲以下,男,1,0
8865,2a0f9721194dcfe0,2025/9/12,17,臺南市,東區,22.98818,120.219379,機車-普通重型,0,30-39歲,男,2,0
8866,2a7d94db65dd7002,2025/3/17,19,臺中市,豐原區,24.236722,120.720227,小客車(含客、貨兩用)-自用,0,40-49歲,男,1,0
8867,fe306dde73d54ffd,2025/2/3,12,臺中市,南區,24.119164,120.667098,機車-普通重型,0,50-59歲,男,1,0
8868,8cfc0b58d4cdccf0,2025/7/22,17,臺中市,后里區,24.312107,120.690233,機車-普通重型,0,50-59歲,男,1,0
8869,efb6eb321d61165c,2025/9/20,8,臺中市,豐原區,24.252724,120.703405,機車-普通重型,0,50-59歲,男,1,0
8870,5f686742a085786b,2025/8/24,3,屏東縣,屏東市,22.683036,120.4808,小客車(含客、貨兩用)-自用,0,40-49歲,男,1,0
8871,2b70c90be9bf3f14,2025/6/24,10,臺北市,內湖區,25.060732,121.599188,機車-普通重型,0,50-59歲,女,1,0
8872,c7a7fa4adb16761d,2025/9/1,20,宜蘭縣,宜蘭市,24.771518,121.766495,小客車(含客、貨兩用)-自用,0,50-59歲,男,1,0
8873,9bd5b166f9bee8ac,2025/9/5,16,高雄市,鼓山區,22.62226,120.2743,機車-普通重型,0,40-49歲,男,1,0
8874,8e4c6b3cf53d8cb3,2025/4/22,17,彰化縣,埤頭鄉,23.880455,120.499073,機車-普通重型,0,60歲以上,男,1,0
8875,a117ac4643a04235,2025/8/19,21,臺中市,北區,24.166829,120.668305,小客車(含客、貨兩用)-自用,0,40-49歲,男,1,0
8876,fbee0ed606804ea4,2025/10/15,8,臺北市,松山區,25.062756,121.544342,小客車(含客、貨兩用)-自用,0,40-49歲,男,1,0
8877,0337a860ad2d49af,2025/9/12,14,臺中市,南屯區,24.149942,120.650627,小客車(含客、貨兩用)-自用,0,20-29歲,男,1,0
8878,bd527ca40d2e8858,2025/4/14,15,高雄市,仁武區,22.694734,120.331177,機車-普通重型,0,30-39歲,男,2,0
8879,feba398c61860d25,2025/11/5,7,新北市,板橋區,25.009483,121.482579,機車-普通重型,0,50-59歲,男,1,0
8880,583e164211688048,2025/2/20,22,新竹市,東區,24.777147,121.00168,機車-普通重型,0,50-59歲,男,1,0
8881,b05f23ec0bb95b75,2025/10/2,21,高雄市,三民區,22.642833,120.31449,慢車-微型電動二輪車,0,20-29歲,男,2,0
8882,be81134b6ee2c395,2025/5/24,23,臺中市,烏日區,24.091974,120.648655,小客車(含客、貨兩用)-自用,0,50-59歲,男,1,0
8883,b4735f3ec57b07e1,2025/3/18,20,新北市,中和區,24.999307,121.479665,小客車(含客、貨兩用)-自用,0,30-39歲,男,1,0
8884,8d536a623b364124,2025/1/25,17,雲林縣,斗六市,23.706131,120.537056,小客車(含客、貨兩用)-自用,0,50-59歲,男,1,0
8885,923d605ab64cafb8,2025/9/30,16,高雄市,大寮區,22.60721,120.4144,機車-普通重型,0,30-39歲,男,1,0
8886,32f9085423f7603d,2025/7/14,7,高雄市,燕巢區,22.800553,120.360431,小客車(含客、貨兩用)-自用,0,40-49歲,男,1,0
8887,90af2de9300f6a50,2025/3/27,17,新竹縣,湖口鄉,24.904864,121.049351,機車-普通重型,0,40-49歲,男,1,0
8888,35ce4389f5e542eb,2025/11/3,14,臺中市,大甲區,24.345668,120.620732,機車-普通重型,0,40-49歲,男,2,0
8889,b8ed375e7d0452ca,2025/11/29,8,苗栗縣,頭份市,24.698109,120.891739,機車-普通重型,0,30-39歲,男,2,0
8890,5e76c1833bbf1635,2025/4/21,9,臺南市,安南區,23.044071,120.21051,機車-普通重型,0,40-49歲,男,1,0
8891,72e8882a8a8e1873,2025/8/30,17,臺中市,西屯區,24.166092,120.653992,機車-普通重型,0,40-49歲,男,1,0
8892,dfd78ded57813641,2025/11/19,7,屏東縣,潮州鎮,22.547753,120.547694,小客車(含客、貨兩用)-自用,0,50-59歲,男,1,0
8893,dc96dabd204c6dec,2025/9/18,9,新北市,三重區,25.061508,121.494775,小客車(含客、貨兩用)-自用,0,60歲以上,女,1,0
8894,9e73d52620c1603b,2025/7/13,17,新北市,板橋區,25.021354,121.478266,慢車-腳踏自行車,0,40-49歲,男,1,0
8895,496d20ed6de7fd88,2025/2/28,11,新北市,八里區,25.119499,121.456706,小客車(含客、貨兩用)-自用,0,40-49歲,男,1,0
8896,a221f51881810ff6,2025/6/11,17,新北市,板橋區,25.002286,121.462138,大客車-民營公車,0,30-39歲,女,1,0
8897,8e5675e699e3045f,2025/3/11,17,臺中市,大里區,24.109295,120.673657,機車-普通重型,0,50-59歲,男,1,0
8898,bde49612076968da,2025/10/12,17,桃園市,八德區,24.959385,121.295611,機車-普通重型,0,60歲以上,男,1,0
8899,2cb8a20f6c5e2465,2025/4/16,12,嘉義縣,大林鎮,23.584325,120.496503,機車-普通重型,0,20-29歲,男,2,0
8900,76e77acd995a1d7d,2025/2/24,17,臺南市,北區,23.017545,120.215193,慢車-微型電動二輪車,0,50-59歲,男,1,0
8901,70a9f4f17d1b87b3,2025/4/19,22,新北市,三重區,25.06393,121.502287,小客車(含客、貨兩用)-自用,0,60歲以上,男,1,0
8902,5ca29ca7496c7b07,2025/8/25,17,臺中市,北區,24.16616,120.675278,小客車(含客、貨兩用)-計程車,0,40-49歲,女,1,0
8903,2ae1b184eac88154,2025/12/2,13,彰化縣,伸港鄉,24.160944,120.486894,小貨車-自用,0,50-59歲,女,1,0
8904,bd226045400a6413,2025/3/26,22,高雄市,左營區,22.658893,120.306557,機車-普通重型,0,30-39歲,男,1,0
8905,ec9422007f2f58e2,2025/10/25,18,臺南市,仁德區,22.987038,120.258997,機車-普通重型,0,30-39歲,男,2,0
8906,6e82431fa81118d4,2025/11/17,18,臺南市,永康區,23.044245,120.239027,機車-普通重型,0,40-49歲,男,1,0
8907,8c542916ca5b9291,2025/8/24,20,臺中市,豐原區,24.23953,120.704522,機車-普通重型,0,60歲以上,男,1,0
8908,14209ba023ba3174,2025/5/11,13,嘉義市,西區,23.453063,120.44229,小客車(含客、貨兩用)-自用,0,50-59歲,男,3,0
8909,195d5086f785d19f,2025/9/7,9,新北市,板橋區,25.01937,121.470916,機車-普通重型,0,50-59歲,女,1,0
8910,40656728a2ddd9dc,2025/9/14,16,桃園市,中壢區,24.96439,121.2172,小客車(含客、貨兩用)-自用,0,40-49歲,男,1,0
8911,d9f8763dddb9fad1,2025/5/23,14,臺中市,東區,24.137195,120.696502,小客車(含客、貨兩用)-自用,0,40-49歲,女,1,0
8912,446ee879a93d7a78,2025/10/24,10,雲林縣,虎尾鎮,23.709981,120.434756,小客車(含客、貨兩用)-自用,0,30-39歲,男,1,0
8913,f35bf8e997678d15,2025/12/8,12,臺中市,東區,24.144447,120.706016,小客車(含客、貨兩用)-自用,0,40-49歲,男,1,0
8914,db90047f27a3322d,2025/4/2,21,桃園市,中壢區,24.967362,121.169218,機車-普通重型,0,60歲以上,男,2,0
8915,258bd13724c08ab1,2025/1/5,22,屏東縣,九如鄉,22.748921,120.487576,小客車(含客、貨兩用)-自用,0,40-49歲,男,1,0
8916,d2649993ddc455e0,2025/10/8,15,高雄市,苓雅區,22.62401,120.3339,小客車(含客、貨兩用)-自用,0,40-49歲,女,1,0
8917,90741449cf1f679b,2025/5/10,10,宜蘭縣,蘇澳鎮,24.61521,121.83691,機車-普通輕型,0,40-49歲,男,2,0
8918,920a0326eca9be97,2025/1/10,17,南投縣,南投市,23.910507,120.691701,機車-普通重型,0,40-49歲,男,1,0
8919,b97795c25588b4f0,2025/9/22,7,臺中市,東區,24.133226,120.697275,小客車(含客、貨兩用)-自用,0,30-39歲,男,1,0
8920,d939ef6b31f14676,2025/8/22,21,臺南市,學甲區,23.244137,120.189615,機車-普通重型,0,50-59歲,女,1,0
8921,092157446986a86a,2025/6/12,18,臺中市,大里區,24.110218,120.681892,機車-普通重型,0,19歲以下,男,2,0
8922,2e23df8bd1fe456f,2025/1/2,12,高雄市,大寮區,22.588354,120.38309,機車-普通重型,0,30-39歲,女,1,0
8923,8974e4af3dbb1194,2025/1/18,10,臺中市,清水區,24.275422,120.563008,小客車(含客、貨兩用)-自用,0,40-49歲,女,2,0
8924,ec8f66ccb80470db,2025/12/29,9,嘉義市,東區,23.472294,120.483871,機車-普通重型,0,60歲以上,男,1,0
8925,a9fc7e99b850b1aa,2025/4/23,10,彰化縣,永靖鄉,23.924361,120.548147,機車-普通重型,0,30-39歲,男,2,0
8926,cff90eee2d32fcfc,2025/3/28,17,臺南市,新化區,23.054725,120.288437,機車-普通重型,0,40-49歲,女,1,0
8927,5f2b131f78a67618,2025/9/26,9,臺北市,中山區,25.057996,121.527456,小客車(含客、貨兩用)-自用,0,20-29歲,男,1,0
8928,cd1a74c2950f37b3,2025/5/8,21,南投縣,水里鄉,23.80746,120.857262,小客車(含客、貨兩用)-自用,0,40-49歲,男,2,0
8929,ae377335538d6a04,2025/3/7,19,臺中市,北區,24.151219,120.681428,小客車(含客、貨兩用)-自用,0,40-49歲,男,1,0
8930,66468872013cf08a,2025/12/15,15,高雄市,鳳山區,22.6239,120.3767,機車-普通重型,0,50-59歲,男,1,0
8931,3156932a444d9329,2025/8/24,14,嘉義市,東區,23.480124,120.455502,小客車(含客、貨兩用)-自用,0,50-59歲,女,1,0
8932,f2bcbb4341eb0502,2025/10/5,17,彰化縣,溪湖鎮,23.959718,120.470027,小客車(含客、貨兩用)-自用,0,50-59歲,男,1,0
8933,20f629940efe0a1a,2025/1/7,8,臺南市,北區,23.011082,120.226042,小客車(含客、貨兩用)-自用,0,40-49歲,男,1,0
8934,269568b71e082244,2025/3/31,16,新竹縣,竹北市,24.823851,121.013499,小客車(含客、貨兩用)-自用,0,60歲以上,女,1,0
8935,cb985100cda53e92,2025/6/22,16,南投縣,南投市,23.898323,120.683664,機車-普通重型,0,40-49歲,男,1,0
8936,3bf023f8fdae33bc,2025/4/28,21,苗栗縣,頭屋鄉,24.591088,120.914197,機車-普通重型,0,40-49歲,男,1,0
8937,2268addf642a70bd,2025/12/16,10,新北市,永和區,25.007937,121.513942,慢車-腳踏自行車,0,40-49歲,男,2,0
8938,31982573e8ad6152,2025/10/4,13,新北市,汐止區,25.054951,121.620967,小客車(含客、貨兩用)-自用,0,40-49歲,女,1,0
8939,af84a578c3d28ff4,2025/5/10,14,臺南市,永康區,23.015338,120.235594,機車-普通重型,0,50-59歲,男,1,0
8940,fa458bd6c017a546,2025/5/2,5,臺東縣,臺東市,22.755064,121.146563,機車-普通重型,0,30-39歲,男,2,0
8941,229e0298f5f0e9ad,2025/4/17,15,臺南市,永康區,23.029733,120.256238,機車-普通重型,0,30-39歲,男,1,0
8942,3a9b02665749539d,2025/7/1,7,桃園市,中壢區,24.966995,121.241062,機車-普通重型,0,40-49歲,男,1,0
8943,af75e9359017860a,2025/7/19,12,基隆市,仁愛區,25.128409,121.749521,機車-普通重型,0,50-59歲,男,1,0
8944,4bdfe9e1eb762d16,2025/2/11,12,臺中市,北區,24.159093,120.686634,小客車(含客、貨兩用)-自用,0,30-39歲,男,1,0
8945,a28859915f8e5dba,2025/11/13,7,苗栗縣,頭份市,24.676009,120.884154,小客車(含客、貨兩用)-自用,0,20-29歲,男,1,0
8946,fa5130bd555de625,2025/7/15,17,屏東縣,東港鎮,22.474386,120.463482,機車-普通重型,0,40-49歲,女,2,0
8947,4bf8bfc788736328,2025/4/14,18,基隆市,七堵區,25.088362,121.705443,機車-普通重型,0,40-49歲,男,2,0
8948,592758eb6e852759,2025/2/18,17,基隆市,信義區,25.128402,121.752727,機車-普通重型,0,50-59歲,男,1,0
8949,79e21578c7d38892,2025/5/5,15,屏東縣,麟洛鄉,22.652691,120.539267,機車-普通重型,0,50-59歲,男,1,0
8950,6b8630b2ee0306fb,2025/1/21,18,臺南市,南區,22.961724,120.187586,小客車(含客、貨兩用)-自用,0,50-59歲,男,1,0
8951,b12240f59351ec9c,2025/7/2,15,臺中市,潭子區,24.217477,120.694023,慢車-腳踏自行車,0,40-49歲,男,1,0
8952,8f7408ffa6b09e4f,2025/12/12,7,桃園市,觀音區,25.01561,121.134373,小客車(含客、貨兩用)-自用,0,50-59歲,女,1,0
8953,7f684b57d978bd8f,2025/5/12,10,臺南市,佳里區,23.166373,120.194075,小客車(含客、貨兩用)-自用,0,50-59歲,男,1,0
8954,cc2035b4ebb12628,2025/5/6,8,南投縣,埔里鎮,24.010641,120.966678,機車-普通重型,0,40-49歲,男,2,0
8955,4da160501696b5eb,2025/1/24,14,臺北市,大安區,25.022511,121.543456,小客車(含客、貨兩用)-自用,0,20-29歲,男,2,0
8956,382637ab8759bba3,2025/8/19,13,高雄市,彌陀區,22.782382,120.243196,機車-普通重型,0,60歲以上,男,2,0
8957,2ad2b8359ab85765,2025/12/20,7,臺南市,麻豆區,23.177285,120.253457,機車-普通重型,0,50-59歲,男,1,0
8958,4cca31da09dde7d8,2025/4/25,17,高雄市,仁武區,22.681771,120.327711,小客車(含客、貨兩用)-自用,0,40-49歲,男,1,0
8959,987cf7fa80d061bc,2025/8/28,11,新北市,泰山區,25.064113,121.425246,機車-普通重型,0,50-59歲,男,1,0
8960,e0add2837fe811fd,2025/3/18,10,臺中市,南屯區,24.140212,120.654533,曳引車-自用,0,20-29歲,男,1,0
8961,8e41337e6dcd259c,2025/4/15,17,彰化縣,和美鎮,24.108404,120.497363,機車-普通重型,0,30-39歲,男,1,0
8962,48f295a74f54f965,2025/7/22,5,雲林縣,大埤鄉,23.645464,120.470741,全聯結車-營業用,0,30-39歲,男,1,0
8963,fde71826115364d4,2025/6/3,9,新北市,新店區,24.970534,121.543221,機車-普通重型,0,20-29歲,男,1,0
8964,2c160738286f32cf,2025/6/6,10,新北市,三芝區,25.250538,121.508886,人-行人,0,50-59歲,男,1,0
8965,4cc8c2027bbb9f6a,2025/4/28,18,南投縣,南投市,23.952256,120.631953,機車-普通重型,0,60歲以上,男,2,0
8966,f29edbe4adf04c55,2025/9/18,12,桃園市,龍潭區,24.832867,121.193632,機車-普通重型,0,40-49歲,男,2,0
8967,00531f25e3cb6a37,2025/5/28,12,新北市,土城區,24.982137,121.455572,機車-普通重型,0,40-49歲,男,1,0
8968,0e4f5638f10c0c4b,2025/11/2,14,臺中市,北區,24.163352,120.684817,小客車(含客、貨兩用)-自用,0,30-39歲,男,1,0
8969,354f8cb1a466ea49,2025/11/16,14,苗栗縣,大湖鄉,24.453282,120.875505,小客車(含客、貨兩用)-自用,0,40-49歲,男,2,0
8970,17c4b381b7100fa7,2025/6/6,11,雲林縣,斗六市,23.728441,120.551117,機車-普通重型,0,20-29歲,男,1,0
8971,b2765151d1bc3c2b,2025/7/25,11,苗栗縣,竹南鎮,24.68459,120.882871,機車-普通重型,0,19歲以下,男,1,0
8972,991c96c3bcd658e8,2025/1/15,18,雲林縣,西螺鎮,23.79851,120.452139,小貨車-自用,0,50-59歲,男,1,0
8973,95a3be9127555eee,2025/1/17,17,桃園市,八德區,24.963645,121.304072,小客車(含客、貨兩用)-自用,0,40-49歲,男,1,0
8974,81962075b00945d0,2025/9/7,20,苗栗縣,竹南鎮,24.688076,120.884167,小客車(含客、貨兩用)-計程車,0,40-49歲,男,2,0
8975,a8996ff2db4e0b63,2025/3/9,14,新竹縣,竹北市,24.827483,121.014234,小貨車-自用,0,60歲以上,女,1,0
8976,e096fd551e0fc6a1,2025/10/4,10,臺東縣,太麻里鄉,22.62347,121.005895,機車-普通重型,0,60歲以上,男,1,0
8977,ac3c71ae59592564,2025/11/27,17,雲林縣,北港鎮,23.580741,120.309407,小客車(含客、貨兩用)-自用,0,30-39歲,男,1,0
8978,164bdfd45b868e0a,2025/6/9,14,臺北市,信義區,25.040415,121.582711,小客車(含客、貨兩用)-自用,0,30-39歲,女,1,0
8979,8fa22300d0e37d5a,2025/9/15,23,臺中市,北區,24.15924,120.67557,小客車(含客、貨兩用)-自用,0,20-29歲,女,1,0
8980,83f5580d6d511532,2025/11/27,7,高雄市,岡山區,22.806995,120.297595,未知,0,20-29歲,男,1,0
8981,884e2a8f4ca6ca7e,2025/3/5,17,彰化縣,員林市,23.94157,120.578549,機車-普通重型,0,40-49歲,男,2,0
8982,f43589590a3f59a3,2025/1/20,12,臺中市,北屯區,24.181803,120.679428,小客車(含客、貨兩用)-自用,0,50-59歲,男,1,0
8983,b160ffb08480c5d5,2025/11/24,11,金門縣,金湖鎮,24.440586,118.413198,大貨車-自用,0,60歲以上,男,2,0
8984,30310bb4de5f4f97,2025/1/11,18,臺北市,內湖區,25.079006,121.583305,機車-普通重型,0,60歲以上,男,2,0
8985,83fb39f09faecdc4,2025/10/5,19,高雄市,左營區,22.66123,120.304,機車-普通重型,0,50-59歲,男,2,0
8986,7314d51133a9b30c,2025/1/1,4,新北市,蘆洲區,25.094723,121.483287,小客車(含客、貨兩用)-自用,0,40-49歲,男,1,0
8987,a6fd5716a9b8daad,2025/6/24,8,彰化縣,彰化市,24.083505,120.550301,機車-普通重型,0,30-39歲,女,2,0
8988,002ba8cf3a0dded1,2025/11/6,8,臺中市,霧峰區,24.069191,120.699187,小客車(含客、貨兩用)-自用,0,20-29歲,男,1,0
8989,96c371dd1f0919c7,2025/5/2,15,臺中市,烏日區,24.049617,120.650952,小客車(含客、貨兩用)-自用,0,60歲以上,男,1,0
8990,5637c02bea8b2360,2025/9/25,7,臺中市,西屯區,24.166637,120.661426,小客車(含客、貨兩用)-自用,0,50-59歲,女,2,0
8991,6f469172abebe7a5,2025/8/6,15,新竹縣,竹北市,24.836147,121.008363,機車-普通重型,0,50-59歲,男,1,0
8992,0a4571443a891689,2025/1/29,12,臺中市,南屯區,24.138853,120.639724,小客車(含客、貨兩用)-自用,0,30-39歲,男,1,0
8993,8ebcd22c5650d913,2025/5/29,2,臺北市,萬華區,25.028621,121.49189,小客車(含客、貨兩用)-自用,0,40-49歲,男,1,0
8994,cfc8e04c3bbc24b1,2025/12/3,15,臺中市,北屯區,24.193209,120.676983,機車-普通重型,0,50-59歲,男,2,0
8995,e60568eab9539cc6,2025/7/24,12,雲林縣,虎尾鎮,23.70835,120.438468,小客車(含客、貨兩用)-自用,0,50-59歲,男,1,0
8996,0c86c2efad57f8de,2025/11/17,17,臺中市,北屯區,24.176583,120.692469,慢車-腳踏自行車,0,50-59歲,女,1,0
8997,9f8b83dfeb666b5a,2025/5/28,10,桃園市,桃園區,24.99183,121.300982,機車-普通重型,0,40-49歲,男,1,0
8998,1625061d1ec226ed,2025/3/28,6,彰化縣,線西鄉,24.142779,120.466963,小客車(含客、貨兩用)-自用,0,40-49歲,男,1,0
8999,3f3bc44ea9a6db19,2025/4/5,15,桃園市,大園區,25.039095,121.182628,小客車(含客、貨兩用)-自用,0,40-49歲,男,1,0
9000,6f1cdda1fbad4a06,2025/7/19,15,彰化縣,和美鎮,24.123401,120.531141,機車-普通重型,0,20-29歲,男,2,0
9001,aa998bbad2beccec,2025/4/30,14,臺中市,北屯區,24.169186,120.688337,小客車(含客、貨兩用)-自用,0,20-29歲,男,1,0
9002,bd5100efc3ec9184,2025/2/13,7,高雄市,新興區,22.631818,120.313127,機車-普通重型,0,50-59歲,男,1,0
9003,4a17f776c1826ad3,2025/8/15,8,高雄市,前鎮,22.586534,120.320078,機車-普通重型,0,40-49歲,男,1,0
9004,03ce65e91b3a8262,2025/6/7,12,臺中市,北區,24.142316,120.684396,小客車(含客、貨兩用)-自用,0,40-49歲,男,1,0
9005,9449d78fc04f3d80,2025/5/12,17,臺中市,北區,24.172064,120.671574,機車-普通重型,0,20-29歲,男,2,0
9006,45cacfbe3e1b1c22,2025/6/26,8,桃園市,蘆竹區,25.030953,121.273384,機車-普通重型,0,40-49歲,男,1,0
9007,40d3e3e7a15033aa,2025/8/26,14,嘉義市,東區,23.487144,120.457944,機車-普通重型,0,40-49歲,男,1,0
9008,ac1110fbb1dba15a,2025/11/19,7,新北市,新莊區,25.0337,121.441133,機車-普通重型,0,40-49歲,男,1,0
9009,4a6616105c15b5e7,2025/6/25,17,臺中市,大里區,24.09983,120.679056,小客車(含客、貨兩用)-自用,0,50-59歲,男,1,0
9010,d11cafe859802f6e,2025/10/1,13,臺中市,沙鹿區,24.242232,120.620918,機車-普通重型,0,30-39歲,男,1,0
9011,f9d1df65ccc797c1,2025/10/28,16,臺中市,北區,24.147858,120.686721,機車-普通重型,0,50-59歲,男,1,0
9012,efe67c9acadf912a,2025/3/17,17,高雄市,燕巢區,22.755487,120.356992,曳引車-營業用,0,19歲以下,男,1,0
9013,5a622baf28ff6f40,2025/11/6,18,雲林縣,虎尾鎮,23.708209,120.443982,機車-普通重型,0,50-59歲,男,1,0
9014,cb8a91f66c40a1cd,2025/9/14,19,彰化縣,永靖鄉,23.916685,120.518594,機車-普通重型,0,30-39歲,男,1,0
9015,647bbbd1a27c874a,2025/7/17,8,新北市,鶯歌區,24.955537,121.346953,機車-普通重型,0,30-39歲,男,3,0
9016,3936c5f186b261f0,2025/7/19,19,彰化縣,鹿港鎮,24.047875,120.434777,小客車(含客、貨兩用)-自用,0,20-29歲,男,1,0
9017,42684e256d707bf4,2025/12/16,10,新北市,板橋區,25.029068,121.471441,機車-普通重型,0,20-29歲,男,1,0
9018,093e298a35ce1646,2025/8/21,17,嘉義縣,東石鄉,23.454485,120.209078,小客車(含客、貨兩用)-自用,0,40-49歲,男,1,0
9019,4c877adc71d49197,2025/11/21,9,臺中市,東區,24.142704,120.703252,機車-普通重型,0,40-49歲,男,1,0
9020,f0bd1e068965cb44,2025/7/26,13,新北市,中和區,24.98445,121.489964,機車-普通重型,0,50-59歲,女,1,0
9021,32b8bd2ca640f59b,2025/1/10,10,高雄市,林園區,22.507157,120.396394,小客車(含客、貨兩用)-自用,0,60歲以上,男,2,0
9022,f98c85ff5e781b41,2025/5/12,17,彰化縣,二林鎮,23.941036,120.434945,小客車(含客、貨兩用)-自用,0,40-49歲,男,1,0
9023,4638a1cadcc35db2,2025/6/1,20,臺南市,新市,23.079943,120.296933,機車-普通重型,0,50-59歲,男,1,0
9024,03a52baac05aca16,2025/3/21,9,高雄市,三民區,22.65036,120.325108,機車-普通重型,0,50-59歲,男,2,0
9025,1c62f000181a3196,2025/3/28,12,臺中市,大肚區,24.112549,120.581752,機車-普通重型,0,50-59歲,男,1,0
9026,dcfa639cc0ad72b4,2025/7/22,15,嘉義縣,民雄鄉,23.559641,120.434016,小客車(含客、貨兩用)-自用,0,60歲以上,男,1,0
9027,e112415fdcfd88b7,2025/11/24,17,臺南市,永康區,23.040935,120.237708,慢車-微型電動二輪車,0,19歲以下,男,1,0
9028,152ce3ab4c1b6e56,2025/2/28,18,新竹市,北區,24.817634,120.965301,小客車(含客、貨兩用)-自用,0,30-39歲,男,1,0
9029,f7011430ad3884c8,2025/4/23,7,桃園市,龜山區,25.006834,121.369591,小客車(含客、貨兩用)-租賃車,0,30-39歲,男,1,0
9030,c84e4a038502fd2d,2025/3/19,20,臺中市,北區,24.160363,120.680967,小客車(含客、貨兩用)-自用,0,50-59歲,男,1,0
9031,7bddc80c454bb27a,2025/2/28,20,臺南市,東區,22.978597,120.219237,小客車(含客、貨兩用)-自用,0,30-39歲,女,1,0
9032,1ba698b88213ca78,2025/1/10,9,臺南市,西港區,23.124769,120.193622,小客車(含客、貨兩用)-自用,0,40-49歲,男,1,0
9033,5d0aaa3594b78cfe,2025/9/26,18,高雄市,前鎮,22.596263,120.315861,機車-普通重型,0,40-49歲,女,1,0
9034,61fdc45a7a658833,2025/9/25,9,桃園市,桃園區,25.014249,121.299436,機車-普通重型,0,50-59歲,男,2,0
9035,08ae0f2ae6d1cfff,2025/6/30,20,新北市,淡水區,25.138068,121.462381,機車-普通重型,0,40-49歲,男,1,0
9036,dd37cb51d38a68e9,2025/8/7,6,高雄市,橋頭區,22.75758,120.2942,慢車-電動輔助自行車,0,60歲以上,男,1,0
9037,7ffdc905dedd0296,2025/8/11,12,花蓮縣,花蓮市,23.969063,121.601049,小客車(含客、貨兩用)-自用,0,30-39歲,男,1,0
9038,1d0f9162571633b3,2025/11/26,7,桃園市,中壢區,24.954991,121.222569,機車-普通重型,0,50-59歲,男,2,0
9039,56e192514ccf692d,2025/1/25,19,嘉義市,西區,23.489852,120.435854,小客車(含客、貨兩用)-自用,0,50-59歲,男,2,0
9040,8db05c4e7465707e,2025/4/29,18,高雄市,左營區,22.681944,120.319714,小客車(含客、貨兩用)-自用,0,40-49歲,男,1,0
9041,55e14281ec52fe21,2025/12/14,11,臺南市,安南區,23.072804,120.16225,機車-普通重型,0,60歲以上,男,2,0
9042,b7e8504206f27b52,2025/5/8,9,臺北市,士林區,25.120886,121.520958,小客車(含客、貨兩用)-自用,0,30-39歲,男,1,0
9043,838545fde430f8a3,2025/5/17,20,新北市,淡水區,25.173844,121.451945,小客車(含客、貨兩用)-自用,0,20-29歲,男,1,0
9044,c567f51380cafc8f,2025/12/22,10,屏東縣,屏東市,22.658076,120.514645,機車-普通重型,0,60歲以上,男,1,0
9045,6d1dbe28e837a680,2025/4/25,10,臺中市,潭子區,24.209868,120.705278,機車-普通重型,0,50-59歲,女,1,0
9046,bc809e8064d5bc3c,2025/1/8,8,高雄市,前鎮,22.58533,120.3253,機車-普通重型,0,40-49歲,男,2,0
9047,2cc38c16c01af137,2025/8/28,7,新北市,五股區,25.100839,121.449617,機車-普通重型,0,50-59歲,男,2,0
9048,dde971a8e5f2495e,2025/1/10,22,臺北市,大安區,25.042314,121.548609,小客車(含客、貨兩用)-自用,0,30-39歲,女,1,0
9049,0e1697e4790a48a5,2025/4/10,10,雲林縣,斗六市,23.708068,120.539035,小客車(含客、貨兩用)-自用,0,40-49歲,男,1,0
9050,63eb1754f6c23c51,2025/12/18,8,宜蘭縣,五結鄉,24.682306,121.777782,機車-普通重型,0,50-59歲,男,1,0
9051,5b4ab70962b0dfe9,2025/3/20,21,苗栗縣,苑裡鎮,24.415437,120.685268,慢車-微型電動二輪車,0,40-49歲,男,1,0
9052,6a6c73f2b7be8d09,2025/3/17,8,臺中市,豐原區,24.275509,120.757335,機車-普通重型,0,40-49歲,男,2,0
9053,4909a18c727ff8d9,2025/12/4,9,宜蘭縣,礁溪鄉,24.81909,121.73776,機車-普通重型,0,40-49歲,男,1,0
9054,30d9e16ac2de6354,2025/10/24,12,澎湖縣,馬公市,23.569109,119.601708,機車-普通重型,0,50-59歲,男,3,0
9055,d8ddd84c35d33c56,2025/6/20,11,彰化縣,二林鎮,23.899614,120.371359,慢車-腳踏自行車,0,60歲以上,男,2,0
9056,6df82246b295b316,2025/4/25,20,桃園市,中壢區,24.955266,121.21984,小客車(含客、貨兩用)-自用,0,20-29歲,男,1,0
9057,5da6d94da900536d,2025/8/5,18,臺中市,神岡區,24.271425,120.662755,機車-普通重型,0,40-49歲,女,1,0
9058,81f59f5199505a12,2025/2/6,8,臺中市,西區,24.140272,120.658076,機車-普通重型,0,40-49歲,男,1,0
9059,13a3fceb4dedc0c1,2025/5/31,14,雲林縣,東勢鄉,23.73336,120.255116,小客車(含客、貨兩用)-自用,0,60歲以上,女,1,0
9060,9af4585bcedb17b6,2025/4/5,7,新北市,汐止區,25.06824,121.631055,機車-普通重型,0,40-49歲,男,1,0
9061,64f8ece946561380,2025/1/27,17,南投縣,南投市,23.911112,120.693857,機車-普通重型,0,20-29歲,男,1,0
9062,8f41ab43b05de29e,2025/11/10,9,臺北市,萬華區,25.037774,121.505019,機車-普通重型,0,50-59歲,男,1,0
9063,7ad0d005c3ad6d55,2025/10/18,15,雲林縣,斗六市,23.711301,120.547053,小客車(含客、貨兩用)-自用,0,40-49歲,女,1,0
9064,0265c996c025c914,2025/8/20,12,南投縣,水里鄉,23.818548,120.855442,機車-大型重型2(250-550C.C.),0,40-49歲,男,2,0
9065,24cae4cfbb5fce6d,2025/11/10,7,桃園市,八德區,24.975889,121.279042,機車-普通重型,0,50-59歲,男,1,0
9066,e1f6c6eee3d4cc80,2025/5/3,12,新北市,三重區,25.082266,121.489488,機車-普通重型,0,50-59歲,男,2,0
9067,8198146eed74a1e8,2025/6/11,10,桃園市,八德區,24.965204,121.278697,機車-普通重型,0,60歲以上,女,1,0
9068,82f45ead54dddae1,2025/1/27,0,高雄市,鳥松區,22.653993,120.337786,機車-普通重型,0,40-49歲,男,1,0
9069,4b2aa58fe77e1718,2025/1/1,9,屏東縣,崁頂鄉,22.512479,120.509878,小客車(含客、貨兩用)-自用,0,50-59歲,女,1,0
9070,8fddb94193942718,2025/6/8,12,嘉義市,西區,23.481671,120.42131,機車-普通重型,0,40-49歲,男,1,0
9071,3fb13ba75d017056,2025/10/1,9,基隆市,安樂區,25.135864,121.720657,機車-普通重型,0,30-39歲,男,1,0
9072,b757161f0c72e3e3,2025/2/20,15,新竹縣,關西鎮,24.805892,121.194849,機車-普通重型,0,40-49歲,男,1,0
9073,698ab2d3454af999,2025/9/24,18,臺南市,歸仁區,22.970544,120.283733,機車-普通重型,0,50-59歲,女,2,0
9074,3ba6f4834a385eef,2025/3/20,14,臺南市,仁德區,22.937416,120.220909,機車-普通重型,0,60歲以上,男,3,0
9075,fb7646905ca6fca8,2025/7/22,18,臺北市,中山區,25.068214,121.540276,機車-普通重型,0,50-59歲,女,1,0
9076,0fa909347f84dbb1,2025/9/22,10,高雄市,三民區,22.639919,120.33758,小客車(含客、貨兩用)-自用,0,40-49歲,女,2,0
9077,e79e63c5a4d78cce,2025/12/15,6,新北市,林口區,25.078923,121.389573,機車-普通重型,0,30-39歲,男,2,0
9078,d3f6fd5c7aa2e438,2025/1/16,11,高雄市,新興區,22.636322,120.303277,機車-普通重型,0,20-29歲,男,2,0
9079,f4f0adc823169206,2025/8/5,7,新北市,三重區,25.072131,121.494297,小客車(含客、貨兩用)-自用,0,50-59歲,女,1,0
9080,6c3788d1ca4b770e,2025/7/1,17,臺南市,永康區,23.033255,120.257651,小客車(含客、貨兩用)-自用,0,60歲以上,男,1,0
9081,746bd46334073315,2025/1/24,16,新竹縣,竹北市,24.819338,121.011607,小客車(含客、貨兩用)-自用,0,50-59歲,男,1,0
9082,89605b0d9aad060e,2025/3/12,16,高雄市,苓雅區,22.61413,120.2996,小客車(含客、貨兩用)-自用,0,30-39歲,男,1,0
9083,f1e480fbf4c3b527,2025/3/2,17,高雄市,左營區,22.668618,120.312894,機車-普通重型,0,50-59歲,男,1,0
9084,874aef1b64198563,2025/2/6,13,彰化縣,竹塘鄉,23.859235,120.43094,小客車(含客、貨兩用)-自用,0,30-39歲,女,1,0
9085,78df677958a993bf,2025/6/21,12,臺東縣,臺東市,22.785414,121.113879,小客車(含客、貨兩用)-自用,0,30-39歲,男,1,0
9086,74e413955751aefb,2025/2/19,14,高雄市,旗山區,22.88182,120.490702,機車-普通重型,0,60歲以上,男,1,0
9087,fa3d2375e6004617,2025/6/13,13,花蓮縣,吉安鄉,23.992757,121.563038,機車-普通重型,0,40-49歲,男,1,0
9088,9960570165e0ebec,2025/4/2,7,嘉義縣,溪口鄉,23.601506,120.400993,小客車(含客、貨兩用)-自用,0,40-49歲,男,2,0
9089,b363db1f4e11f9c2,2025/12/18,17,宜蘭縣,蘇澳鎮,24.595645,121.842789,小客車(含客、貨兩用)-自用,0,40-49歲,男,1,0
9090,7fd081419728999f,2025/5/17,16,臺中市,潭子區,24.218126,120.714648,慢車-腳踏自行車,0,40-49歲,女,1,0
9091,699c6d95c1cc70f1,2025/9/7,20,臺中市,北屯區,24.179477,120.696538,機車-普通重型,0,20-29歲,男,1,0
9092,62d7b16871897073,2025/3/3,7,高雄市,岡山區,22.806427,120.271364,機車-普通重型,0,30-39歲,男,2,0
9093,17b12ad1ee6c60e4,2025/6/24,9,苗栗縣,苗栗市,24.573029,120.824833,機車-普通重型,0,40-49歲,男,1,0
9094,7b51184e3538860a,2025/3/25,7,新北市,鶯歌區,24.958719,121.334176,機車-普通重型,0,60歲以上,男,2,0
9095,2b64bd452e9af056,2025/5/20,14,宜蘭縣,冬山鄉,24.666837,121.768237,機車-普通重型,0,40-49歲,男,1,0
9096,0821a7f18f49f9a0,2025/12/24,15,臺中市,清水區,24.266231,120.574243,小客車(含客、貨兩用)-自用,0,50-59歲,女,1,0
9097,820f05cc9f83efb5,2025/9/12,17,嘉義縣,太保市,23.482885,120.369269,小客車(含客、貨兩用)-自用,0,20-29歲,女,1,0
9098,94324f19a3406b93,2025/1/3,17,嘉義市,西區,23.497901,120.427019,機車-普通重型,0,20-29歲,男,1,0
9099,9369c4694c20ef5a,2025/3/13,10,高雄市,林園區,22.5092,120.3946,機車-普通重型,0,40-49歲,男,2,0
9100,9e7551aa24c4eb16,2025/4/14,12,臺中市,北屯區,24.176025,120.698139,機車-普通重型,0,50-59歲,男,1,0
9101,15088e05553d17f0,2025/7/16,12,雲林縣,虎尾鎮,23.710597,120.437604,小客車(含客、貨兩用)-自用,0,30-39歲,女,1,0
9102,ccb7a9b275c21c74,2025/6/2,11,嘉義市,西區,23.464378,120.433791,機車-普通重型,0,40-49歲,男,2,0
9103,754655bbfbf7a262,2025/9/29,20,雲林縣,斗六市,23.704533,120.533553,機車-普通重型,0,60歲以上,男,1,0
9104,b27ab8977b16294f,2025/10/2,8,屏東縣,長治鄉,22.691101,120.515431,小客車(含客、貨兩用)-自用,0,30-39歲,女,1,0
9105,611d4658aeab09d8,2025/6/1,7,新北市,蘆洲區,25.081355,121.465518,機車-普通重型,0,40-49歲,男,2,0
9106,6a476b352c3a6c5d,2025/11/21,7,宜蘭縣,三星鄉,24.660865,121.71471,小客車(含客、貨兩用)-自用,0,40-49歲,女,1,0
9107,692277e03e1bae5f,2025/5/6,19,新北市,土城區,24.97973,121.459474,機車-普通重型,0,30-39歲,男,2,0
9108,3a2725b40ff53ab3,2025/1/9,11,臺南市,北區,22.999692,120.201332,小客車(含客、貨兩用)-自用,0,40-49歲,男,1,0
9109,29047341ad5b5371,2025/7/15,18,宜蘭縣,宜蘭市,24.761441,121.779185,小貨車-自用,0,20-29歲,男,2,0
9110,5dfd5f7d6871fb5c,2025/8/26,17,新北市,新莊區,25.013396,121.43263,機車-普通重型,0,40-49歲,男,2,0
9111,d0122c2d198ac82f,2025/12/18,12,高雄市,三民區,22.653493,120.331304,機車-普通重型,0,20-29歲,男,1,0
9112,62daf9d894d474b6,2025/4/26,18,彰化縣,員林市,23.952176,120.571305,機車-普通重型,0,50-59歲,男,2,0
9113,5626b0bc44678ff1,2025/4/17,5,臺中市,大雅區,24.229156,120.649364,機車-普通重型,0,40-49歲,男,1,0
9114,4b99c15cc66d99d9,2025/6/21,21,高雄市,左營區,22.66775,120.3042,小客車(含客、貨兩用)-計程車,0,40-49歲,男,1,0
9115,a8582719212faa27,2025/2/7,11,新北市,新店區,24.956464,121.474802,大客車-民營客運,0,40-49歲,男,1,0
9116,bf72e74ab6cc6bea,2025/10/5,8,桃園市,龍潭區,24.84452,121.237847,小客車(含客、貨兩用)-自用,0,30-39歲,女,1,0
9117,61f4b3aa21958b6e,2025/10/14,15,新竹市,東區,24.808625,120.974648,機車-普通重型,0,40-49歲,男,1,0
9118,c7aef109416b43a4,2025/6/23,17,彰化縣,彰化市,24.073793,120.599865,小客車(含客、貨兩用)-自用,0,50-59歲,男,1,0
9119,0495da2cf9c34307,2025/2/27,19,桃園市,中壢區,24.97148,121.218419,小客車(含客、貨兩用)-自用,0,50-59歲,男,1,0
9120,519d16d11b5f627d,2025/12/11,8,新北市,新莊區,25.065014,121.445554,機車-普通重型,0,40-49歲,男,1,0
9121,dc3b36419dc04d77,2025/7/6,14,南投縣,仁愛鄉,23.916013,121.009671,小客車(含客、貨兩用)-自用,0,40-49歲,女,9,0
9122,d7772b894b8be67b,2025/11/28,18,高雄市,左營區,22.67917,120.3136,未知,0,40-49歲,女,1,0
9123,ba12c7886eef3699,2025/2/12,20,新北市,三重區,25.058119,121.476372,機車-普通重型,0,60歲以上,男,1,0
9124,a4c941a6785c41aa,2025/10/4,10,新北市,八里區,25.154083,121.407101,機車-普通重型,0,40-49歲,男,1,0
9125,0bbca3a34febc939,2025/9/25,21,高雄市,鳳山區,22.625477,120.361377,小客車(含客、貨兩用)-自用,0,50-59歲,女,1,0
9126,1f9283ba156cb293,2025/2/19,9,臺南市,新市,23.073444,120.300049,機車-普通重型,0,30-39歲,男,1,0
9127,d40ec562421bc84a,2025/12/4,10,基隆市,安樂區,25.121338,121.723685,大貨車-營業用,0,40-49歲,男,1,0
9128,ce2aeb26e8276d1b,2025/11/28,6,高雄市,路竹區,22.827427,120.25064,小客車(含客、貨兩用)-自用,0,40-49歲,男,1,0
9129,c2ce1131641929ac,2025/10/14,13,屏東縣,屏東市,22.675258,120.478178,機車-普通重型,0,60歲以上,男,1,0
9130,e41730924bdd909c,2025/5/30,7,臺中市,霧峰區,24.072919,120.699157,小客車(含客、貨兩用)-自用,0,50-59歲,男,1,0
9131,7ebf7458bd9ae00b,2025/5/11,20,臺南市,永康區,23.042093,120.254511,小客車(含客、貨兩用)-自用,0,50-59歲,男,1,0
9132,a3d2b6614ec6fc58,2025/9/15,6,宜蘭縣,羅東鎮,24.672734,121.769865,小貨車-自用,0,50-59歲,女,1,0
9133,793a887861859fa3,2025/1/9,14,臺中市,西屯區,24.182044,120.647571,機車-普通重型,0,60歲以上,男,2,0
9134,f7077be474abb115,2025/10/8,18,嘉義市,東區,23.506466,120.446408,機車-普通重型,0,40-49歲,男,1,0
9135,cf1c834b0e69d2a8,2025/7/11,19,嘉義縣,布袋鎮,23.415775,120.226391,機車-普通重型,0,40-49歲,男,1,0
9136,0c97e72b9bc4fcf0,2025/7/6,18,新北市,板橋區,25.02392,121.478973,小客車(含客、貨兩用)-自用,0,40-49歲,女,1,0
9137,4098f55c10f5dc1f,2025/8/5,12,高雄市,苓雅區,22.63505,120.3265,機車-普通重型,0,50-59歲,男,2,0
9138,74223d52c1b31e09,2025/12/5,17,花蓮縣,壽豐鄉,23.915561,121.532457,慢車-微型電動二輪車,0,50-59歲,男,2,0
9139,ce30d3d8d5556161,2025/7/16,13,彰化縣,鹿港鎮,24.056507,120.428504,小客車(含客、貨兩用)-自用,0,40-49歲,男,1,0
9140,4ab833027709d186,2025/4/14,13,臺北市,中山區,25.063448,121.519716,小客車(含客、貨兩用)-自用,0,40-49歲,男,1,0
9141,8287e040b2bfa9a1,2025/5/17,17,花蓮縣,花蓮市,23.975838,121.611261,小貨車-自用,0,50-59歲,男,1,0
9142,6192328868de0879,2025/6/16,20,新北市,新莊區,25.041018,121.445345,小客車(含客、貨兩用)-自用,0,50-59歲,男,2,0
9143,b1c097d691aa0a45,2025/1/30,12,臺中市,大雅區,24.220638,120.650042,機車-普通重型,0,50-59歲,女,2,0
9144,1e2015b27ce86948,2025/8/18,18,新北市,新莊區,25.020727,121.422036,機車-普通重型,0,50-59歲,女,1,0
9145,51ab235075f18b42,2025/3/31,1,雲林縣,麥寮鄉,23.746507,120.258635,機車-普通重型,0,50-59歲,男,1,0
9146,80f05c1a29a7ba96,2025/1/27,20,臺南市,左鎮,23.064351,120.385655,機車-普通重型,0,30-39歲,男,1,0
9147,a570278b9d5dadc0,2025/2/23,6,屏東縣,恆春鎮,22.037788,120.737228,機車-普通重型,0,40-49歲,男,2,0
9148,a2163c43695a592c,2025/12/24,12,臺南市,柳營區,23.281787,120.300934,小客車(含客、貨兩用)-自用,0,50-59歲,男,1,0
9149,29b31536b1523536,2025/11/26,14,臺中市,豐原區,24.251812,120.715203,機車-普通重型,0,50-59歲,男,2,0
9150,c4d2a81ee0eab357,2025/9/1,7,臺南市,永康區,23.036459,120.241039,慢車-腳踏自行車,0,40-49歲,男,2,0
9151,4fa2171d10f553bb,2025/5/13,7,臺南市,麻豆區,23.179786,120.230542,機車-普通重型,0,60歲以上,男,1,0
9152,8802705cf381b805,2025/10/20,19,新北市,新莊區,25.010037,121.428859,人-行人,0,40-49歲,男,2,0
9153,6fe92ae49700a4b5,2025/3/16,21,臺北市,松山區,25.044781,121.555092,機車-普通重型,0,40-49歲,男,1,0
9154,336c716a90cda505,2025/12/15,16,屏東縣,屏東市,22.674161,120.499965,慢車-腳踏自行車,0,40-49歲,女,1,0
9155,94ef9ad6c9fae4ba,2025/10/24,20,雲林縣,斗六市,23.710857,120.540409,機車-普通重型,0,20-29歲,男,2,0
9156,fc7883f53df66d88,2025/8/3,12,金門縣,金寧鄉,24.44506,118.317573,小客車(含客、貨兩用)-自用,0,40-49歲,女,1,0
9157,22773644c16e2c35,2025/12/20,20,苗栗縣,頭份市,24.693227,120.889127,小客車(含客、貨兩用)-自用,0,19歲以下,男,1,0
9158,c6b7309e2ef543b3,2025/10/12,1,嘉義市,東區,23.481906,120.457756,未知,0,20-29歲,男,1,0
9159,8ec4fd19fabe296f,2025/11/23,12,臺中市,北屯區,24.177167,120.73042,小客車(含客、貨兩用)-自用,0,40-49歲,男,2,0
9160,6d6b3eb98936c426,2025/9/26,18,新竹縣,竹北市,24.821058,121.005928,小客車(含客、貨兩用)-自用,0,40-49歲,男,1,0
9161,9b6f05a6c1e82453,2025/5/1,16,桃園市,龍潭區,24.868697,121.231012,小客車(含客、貨兩用)-自用,0,40-49歲,男,2,0
9162,f37e9fc5e6f344c3,2025/3/10,9,高雄市,鳳山區,22.591553,120.338088,小客車(含客、貨兩用)-計程車,0,50-59歲,男,1,0
9163,ca854eee6966bbba,2025/9/5,11,臺中市,西屯區,24.170099,120.661908,小客車(含客、貨兩用)-自用,0,40-49歲,男,1,0
9164,932a753aa964bea0,2025/10/28,4,南投縣,南投市,23.92141,120.693132,慢車-微型電動二輪車,0,50-59歲,男,2,0
9165,786d650f7f9dd3e1,2025/11/22,1,新北市,蘆洲區,25.009444,121.481382,機車-普通重型,0,40-49歲,女,3,0
9166,b71844ead57079d6,2025/7/7,18,高雄市,岡山區,22.790389,120.286036,機車-普通重型,0,40-49歲,男,1,0
9167,36173cd1748ba0e7,2025/9/28,11,臺東縣,卑南鄉,22.785617,121.082423,機車-普通重型,0,50-59歲,男,2,0
9168,c15e152731868ed1,2025/6/9,17,臺中市,北屯區,24.170539,120.697688,機車-普通重型,0,40-49歲,男,1,0
9169,b032187312c7093c,2025/7/3,10,臺中市,潭子區,24.206876,120.708092,小客車(含客、貨兩用)-自用,0,60歲以上,男,2,0
9170,988a452b88002aec,2025/9/11,9,臺中市,北屯區,24.174444,120.711215,機車-普通重型,0,60歲以上,男,1,0
9171,e6e2053120499cbd,2025/7/30,15,新北市,三重區,25.010635,121.482165,機車-普通重型,0,40-49歲,男,1,0
9172,612dff4865394315,2025/5/5,12,桃園市,八德區,24.929304,121.286688,機車-普通重型,0,60歲以上,男,1,0
9173,619bd484c4d41fb2,2025/9/20,12,臺北市,萬華區,25.046975,121.505252,小客車(含客、貨兩用)-計程車,0,40-49歲,女,1,0
9174,e0ccfbf35dca65f3,2025/10/10,23,高雄市,前鎮,22.588251,120.32168,機車-普通重型,0,60歲以上,男,1,0
9175,16ec232bcddae921,2025/4/26,17,新竹市,東區,24.787435,121.010241,機車-普通重型,0,40-49歲,女,1,0
9176,254afd6cfaf856fd,2025/3/19,13,臺南市,東區,22.998592,120.232079,機車-普通重型,0,40-49歲,男,2,0
9177,5dc3f176fdc0d2c6,2025/1/17,8,新竹市,東區,24.80779,120.988491,機車-普通重型,0,40-49歲,男,1,0
9178,d7468111e81a92ab,2025/3/27,20,雲林縣,斗六市,23.694118,120.5381,機車-普通重型,0,40-49歲,男,1,0
9179,765002bf3b976655,2025/9/15,11,臺中市,西區,24.136454,120.678385,機車-普通輕型,0,30-39歲,女,2,0
9180,da42144512c6e4d4,2025/3/21,10,臺北市,中正區,25.017882,121.528009,機車-普通重型,0,30-39歲,女,1,0
9181,4dc9312c661b56cc,2025/12/9,7,彰化縣,埔鹽鄉,23.969649,120.456981,機車-普通重型,0,50-59歲,男,2,0
9182,fd35e086041ebb72,2025/5/1,7,臺中市,大雅區,24.230486,120.656966,機車-普通重型,0,40-49歲,男,2,0
9183,6256c399e09096b5,2025/8/26,11,嘉義市,東區,23.498305,120.456929,機車-普通重型,0,40-49歲,女,1,0
9184,779fd607457c6d90,2025/11/18,18,基隆市,信義區,25.131913,121.781974,小客車(含客、貨兩用)-自用,0,60歲以上,男,1,0
9185,132bf226aa7f279e,2025/7/17,21,高雄市,苓雅區,22.6246,120.3119,慢車-腳踏自行車,0,50-59歲,男,1,0
9186,d20bc063e3fef07e,2025/11/4,12,桃園市,中壢區,24.959591,121.260656,小客車(含客、貨兩用)-自用,0,40-49歲,女,1,0
9187,0bd977e92a78a05a,2025/11/19,17,雲林縣,斗南鎮,23.679438,120.481255,小客車(含客、貨兩用)-自用,0,60歲以上,男,1,0
9188,9c21e1d660a30771,2025/3/20,20,雲林縣,斗六市,23.710135,120.542056,小客車(含客、貨兩用)-自用,0,19歲以下,男,1,0
9189,c66c58579e4bd4ce,2025/12/16,1,高雄市,三民區,22.665244,120.318308,機車-普通重型,0,50-59歲,男,2,0
9190,17ae0958c787992f,2025/9/12,20,臺南市,東區,22.977763,120.231587,小客車(含客、貨兩用)-自用,0,20-29歲,男,1,0
9191,62646a39af1fa380,2025/4/6,17,新北市,三芝區,25.262339,121.479725,機車-普通重型,0,30-39歲,男,1,0
9192,bf1ac899336f4a22,2025/5/22,18,高雄市,小港區,22.557686,120.370069,機車-普通重型,0,40-49歲,女,2,0
9193,10d89819dbcf7bbc,2025/1/23,18,臺中市,大雅區,24.22918,120.644736,機車-普通重型,0,50-59歲,男,1,0
9194,7cea344805286d4f,2025/7/19,19,新北市,汐止區,25.069607,121.638563,機車-普通重型,0,50-59歲,男,2,0
9195,dd40670ed26096f2,2025/7/29,8,嘉義縣,竹崎鄉,23.518699,120.553736,機車-普通重型,0,60歲以上,男,1,0
9196,631c199ed675ad97,2025/4/10,7,新北市,新莊區,24.999847,121.43328,小客車(含客、貨兩用)-自用,0,50-59歲,男,1,0
9197,fddf2a7ebe8a67fc,2025/12/2,9,彰化縣,永靖鄉,23.922586,120.551873,機車-普通重型,0,40-49歲,男,1,0
9198,aca5e0f3897e47d9,2025/10/13,12,高雄市,苓雅區,22.62012,120.3095,機車-普通重型,0,60歲以上,男,2,0
9199,d1e59b8dd15543fe,2025/12/17,15,臺北市,中正區,25.038648,121.517786,機車-普通重型,0,40-49歲,男,1,0
9200,6116f3d08840ecb4,2025/3/26,5,桃園市,八德區,24.957969,121.280933,機車-普通重型,0,40-49歲,男,1,0
9201,9b618d6f6973e56b,2025/3/17,10,彰化縣,福興鄉,24.047669,120.420342,小客車(含客、貨兩用)-自用,0,30-39歲,女,2,0
9202,7c69e75b742f57e8,2025/11/14,17,桃園市,楊梅區,24.914602,121.185539,機車-普通重型,0,50-59歲,男,2,0
9203,e17886700c895d3f,2025/4/14,9,新北市,新莊區,25.033333,121.45,機車-普通重型,0,50-59歲,男,1,0
9204,2f2899d071185882,2025/11/16,13,新竹縣,竹北市,24.835932,121.017241,機車-普通重型,0,30-39歲,男,2,0
9205,5aafe45e30d67457,2025/12/14,21,新北市,板橋區,25.009347,121.481382,機車-普通重型,0,50-59歲,女,1,0
9206,bbe98f35ad647275,2025/12/3,7,南投縣,草屯鎮,23.956646,120.718711,機車-普通重型,0,50-59歲,男,1,0
9207,cc3693966142375d,2025/9/21,8,臺南市,官田區,23.219342,120.329947,機車-普通重型,0,40-49歲,男,2,0
9208,0fc76138fc7546bc,2025/11/23,8,臺南市,中西區,23.002336,120.189903,機車-普通重型,0,50-59歲,女,2,0
9209,1d14df57294dd8c8,2025/4/16,8,臺北市,大安區,25.022196,121.528297,機車-普通重型,0,50-59歲,男,2,0
9210,e682d296f69bae96,2025/5/25,11,新北市,鶯歌區,24.95554,121.352101,機車-普通重型,0,40-49歲,男,1,0
9211,0bbcf5c8fd89fc10,2025/12/2,8,桃園市,蘆竹區,25.102298,121.260093,小客車(含客、貨兩用)-自用,0,60歲以上,男,1,0
9212,e56c973d3313d9cf,2025/11/18,13,臺中市,沙鹿區,24.240882,120.560503,機車-普通重型,0,40-49歲,女,1,0
9213,5e6fee9242cdbb0e,2025/2/5,7,臺南市,仁德區,22.991681,120.265583,小客車(含客、貨兩用)-自用,0,30-39歲,男,1,0
9214,bd2c2a3e0b25e3f1,2025/4/22,8,臺南市,中西區,22.991276,120.191667,機車-普通重型,0,50-59歲,男,2,0
9215,cdd761c340662531,2025/5/29,8,彰化縣,大村鄉,23.999294,120.578462,大客車-民營客運,0,40-49歲,男,1,0
9216,a220e66afb12210f,2025/7/21,17,新北市,三重區,25.082545,121.487261,機車-普通重型,0,50-59歲,男,1,0
9217,57476e5850a63f20,2025/5/30,8,臺中市,北屯區,24.169017,120.702043,機車-普通重型,0,30-39歲,男,2,0
9218,5b9063cfa40c28b4,2025/9/24,17,桃園市,龍潭區,24.865281,121.218903,慢車-腳踏自行車,0,20-29歲,男,1,0
9219,a9cc71bcce4232be,2025/10/24,11,雲林縣,褒忠鄉,23.696531,120.313846,機車-普通重型,0,40-49歲,男,2,0
9220,52d94a1f4d771eb3,2025/12/21,20,桃園市,八德區,24.967286,121.303327,機車-普通重型,0,20-29歲,女,1,0
9221,e3e9f39a50d5b529,2025/10/7,13,嘉義縣,朴子市,23.458688,120.283886,機車-普通重型,0,40-49歲,男,1,0
9222,ef676f33a0f2aeb9,2025/11/16,18,宜蘭縣,蘇澳鎮,24.595904,121.850444,小客車(含客、貨兩用)-自用,0,60歲以上,男,1,0
9223,e8d371dbf90678d3,2025/3/25,19,苗栗縣,頭份市,24.688232,120.908515,小客車(含客、貨兩用)-自用,0,40-49歲,女,1,0
9224,63107c598dcf8864,2025/7/18,18,新北市,新店區,24.972848,121.516621,小客車(含客、貨兩用)-自用,0,50-59歲,女,1,0
9225,ff0d7ea9e28381cc,2025/2/10,19,新竹縣,竹東鎮,24.732932,121.090025,小客車(含客、貨兩用)-自用,0,20-29歲,男,1,0
9226,9c7c73e6ab2c3e0a,2025/7/4,11,桃園市,大溪區,24.902934,121.293008,機車-普通重型,0,50-59歲,男,1,0
9227,1c5876671366ac9b,2025/5/2,9,高雄市,新興區,22.629307,120.304508,小客車(含客、貨兩用)-自用,0,40-49歲,男,1,0
9228,7d21ba9b6a5cadee,2025/12/7,8,臺中市,北屯區,24.16938,120.685361,小客車(含客、貨兩用)-自用,0,40-49歲,男,1,0
9229,c5203626cbcc6838,2025/7/21,12,宜蘭縣,頭城鎮,24.841088,121.787678,機車-普通重型,0,50-59歲,女,1,0
9230,01970d10b7d0fa88,2025/12/15,8,高雄市,鳥松區,22.65022,120.3482,機車-普通重型,0,19歲以下,男,1,0
9231,b61fad3454a4878f,2025/8/8,9,桃園市,龍潭區,24.845533,121.223145,慢車-微型電動二輪車,0,50-59歲,男,2,0
9232,dfe28737531d6e8b,2025/4/24,17,彰化縣,永靖鄉,23.903792,120.538797,機車-普通重型,0,50-59歲,男,2,0
9233,be33ebea987c5888,2025/6/10,17,新北市,新莊區,25.032862,121.433017,機車-普通重型,0,40-49歲,男,2,0
9234,0c632c9917e8ee25,2025/7/4,21,雲林縣,斗六市,23.723716,120.509867,小客車(含客、貨兩用)-自用,0,30-39歲,男,1,0
9235,5cf84abdc8430504,2025/9/7,14,基隆市,仁愛區,25.127979,121.752959,小客車(含客、貨兩用)-租賃車,0,40-49歲,男,1,0
9236,c509489f472f1550,2025/11/27,6,嘉義縣,水上鄉,23.455485,120.417605,慢車-腳踏自行車,0,60歲以上,男,2,0
9237,a7aac0c4d8c55d92,2025/9/15,20,苗栗縣,通霄鎮,24.490239,120.685102,小客車(含客、貨兩用)-自用,0,30-39歲,男,1,0
9238,b3c07c1231cf3613,2025/12/4,8,臺南市,中西區,22.986758,120.209511,小客車(含客、貨兩用)-自用,0,30-39歲,男,1,0
9239,55593e863d0a719c,2025/10/11,13,嘉義縣,六腳鄉,23.49928,120.291582,慢車-腳踏自行車,0,60歲以上,男,1,0
9240,9ad7dc073c15c2d1,2025/9/5,20,臺南市,北區,23.009671,120.193869,機車-普通重型,0,60歲以上,男,2,0
9241,4374182ecf13fc2c,2025/3/4,17,桃園市,龜山區,25.04923,121.381224,小貨車-自用,0,40-49歲,女,1,0
9242,75f7ce123afa7c3f,2025/7/16,14,南投縣,草屯鎮,23.977374,120.771251,機車-普通重型,0,40-49歲,男,1,0
9243,d98fc47ade2b75d4,2025/5/16,18,臺南市,新化區,23.036856,120.307643,機車-普通重型,0,60歲以上,男,2,0
9244,d791f4d831d68bff,2025/1/1,2,屏東縣,屏東市,22.666259,120.488825,機車-普通重型,0,50-59歲,男,3,0
9245,b3ee84beadc9e68a,2025/6/26,8,基隆市,安樂區,25.139304,121.716036,機車-普通重型,0,40-49歲,男,1,0
9246,e04b265fa811b519,2025/6/5,19,花蓮縣,花蓮市,23.982895,121.607414,人-行人,0,50-59歲,女,1,0
9247,2c5e519a34605e4c,2025/11/15,15,高雄市,苓雅區,22.624503,120.325398,小客車(含客、貨兩用)-計程車,0,40-49歲,男,2,0
9248,650fe9b0dd58403d,2025/1/20,12,新北市,新店區,24.957576,121.503006,機車-普通重型,0,60歲以上,男,2,0
9249,046adf8a76fd303e,2025/11/27,17,桃園市,平鎮,24.911321,121.204037,機車-普通重型,0,40-49歲,女,1,0
9250,186ef1a654806c64,2025/11/17,17,桃園市,桃園區,25.002337,121.302328,人-行人,0,30-39歲,男,2,0
9251,22274b5913cdc74f,2025/2/17,12,臺中市,大里區,24.106314,120.689571,小客車(含客、貨兩用)-自用,0,50-59歲,女,1,0
9252,55167bc6d9e0aaed,2025/1/16,11,臺南市,東區,22.987935,120.231627,機車-普通重型,0,50-59歲,女,1,0
9253,8345b7a8580d2d2c,2025/9/8,18,宜蘭縣,宜蘭市,24.746008,121.75502,機車-普通重型,0,50-59歲,男,1,0
9254,58d523aaf404d69d,2025/1/16,0,桃園市,龜山區,25.03557,121.391696,機車-普通重型,0,30-39歲,女,1,0
9255,615891513d953585,2025/9/18,13,桃園市,中壢區,24.96633,121.226633,機車-普通重型,0,40-49歲,女,1,0
9256,6766b1b126b00f1a,2025/5/27,13,臺北市,松山區,25.058199,121.555044,大客車-公營公車,0,40-49歲,女,3,0
9257,8f1001477493b109,2025/7/12,9,新竹縣,竹東鎮,24.757574,121.05802,小客車(含客、貨兩用)-自用,0,60歲以上,女,2,0
9258,a9060899d8ba8bbc,2025/1/15,19,臺中市,西屯區,24.165148,120.653501,機車-普通重型,0,50-59歲,男,2,0
9259,4e83904f5d03c15e,2025/12/22,10,桃園市,桃園區,24.975518,121.266137,小客車(含客、貨兩用)-自用,0,50-59歲,男,1,0
9260,cdd2824f067f1e61,2025/6/3,9,臺南市,中西區,22.994132,120.207611,小貨車-自用,0,50-59歲,男,2,0
9261,2b32ce3496ffed49,2025/2/28,9,宜蘭縣,南澳鄉,24.472626,121.786584,小貨車-自用,0,50-59歲,男,1,0
9262,095ac91c2b38b64d,2025/7/9,7,新竹縣,竹北市,24.814385,121.036675,小客車(含客、貨兩用)-自用,0,50-59歲,男,1,0
9263,caab0a5c7548ecee,2025/11/8,18,臺中市,東區,24.144208,120.690925,機車-普通重型,0,30-39歲,男,1,0
9264,1bb321a1ecb5489a,2025/6/30,12,臺東縣,臺東市,22.76343,121.125487,慢車-腳踏自行車,0,60歲以上,男,2,0
9265,2386133d8e5356ff,2025/5/7,0,新竹縣,湖口鄉,24.869422,121.0202,小客車(含客、貨兩用)-自用,0,50-59歲,男,2,0
9266,5648b7594bb3c1dd,2025/7/2,7,高雄市,路竹區,22.85766,120.2585,大貨車-營業用,0,50-59歲,女,1,0
9267,4015aed14adcc4be,2025/8/30,10,彰化縣,彰化市,24.066195,120.530835,機車-普通重型,0,40-49歲,男,2,0
9268,0d04254c25ad6e77,2025/10/13,7,新北市,新莊區,25.06035,121.457642,機車-普通重型,0,40-49歲,女,1,0
9269,191e35c4521a0bf7,2025/11/20,10,新北市,樹林區,24.991329,121.425147,機車-普通重型,0,60歲以上,男,2,0
9270,93bb959b2f643fbe,2025/6/4,6,高雄市,楠梓區,22.728345,120.321154,人-行人,0,50-59歲,男,1,0
9271,f33c2f34280c7e67,2025/4/15,10,新北市,新莊區,25.036297,121.452619,機車-普通重型,0,20-29歲,男,1,0
9272,58d9863babb503af,2025/5/19,9,南投縣,埔里鎮,23.970569,120.974007,機車-普通重型,0,20-29歲,男,2,0
9273,e98a279d0fdb0b8b,2025/11/14,20,臺南市,安南區,23.029752,120.213579,小客車(含客、貨兩用)-自用,0,40-49歲,男,1,0
9274,ced7e1ef9d32750f,2025/3/7,17,臺南市,南區,22.974986,120.193232,機車-普通重型,0,30-39歲,女,1,0
9275,dac9988a0dfd0e1a,2025/11/7,12,臺南市,南區,22.956521,120.195675,機車-普通重型,0,50-59歲,女,2,0
9276,19aaf28c6fc2123b,2025/8/30,14,雲林縣,麥寮鄉,23.756863,120.26794,機車-普通重型,0,30-39歲,男,1,0
9277,c14f57d0ae17425c,2025/2/15,10,苗栗縣,苑裡鎮,24.433121,120.645715,機車-普通重型,0,50-59歲,女,1,0
9278,ab95de5c856d356a,2025/9/12,17,彰化縣,彰化市,24.059296,120.515484,機車-普通重型,0,19歲以下,男,1,0
9279,cb19142597111281,2025/2/15,15,彰化縣,員林市,23.964534,120.581152,小客車(含客、貨兩用)-自用,0,20-29歲,男,1,0
9280,5bfbaa4f63f4278b,2025/7/2,10,臺南市,安南區,23.018086,120.188147,機車-普通重型,0,30-39歲,女,1,0
9281,d5fe551daf2aa41e,2025/5/2,19,臺北市,大同區,25.067828,121.510903,慢車-腳踏自行車,0,40-49歲,男,1,0
9282,e57373b6695b06a9,2025/2/10,12,新竹縣,竹北市,24.837145,121.009961,機車-普通重型,0,50-59歲,男,2,0
9283,ba933f1651a9a1cf,2025/9/2,17,桃園市,中壢區,24.933126,121.255801,慢車-腳踏自行車,0,60歲以上,男,1,0
9284,85aeb90ac05c66e7,2025/9/17,20,臺南市,南區,22.967525,120.197639,小客車(含客、貨兩用)-自用,0,60歲以上,男,1,0
9285,33b1f410f2409f1b,2025/2/24,14,屏東縣,麟洛鄉,22.64201,120.534282,人-輔助代步器材,0,40-49歲,男,1,0
9286,7a7324331f2f3851,2025/6/21,16,高雄市,大寮區,22.601689,120.409032,機車-普通重型,0,50-59歲,男,1,0
9287,9dffa8692a99e0d5,2025/2/25,17,高雄市,前鎮,22.59262,120.3082,慢車-腳踏自行車,0,50-59歲,男,1,0
9288,a38de13480ed3796,2025/10/28,9,臺北市,北投區,25.138584,121.491249,小客車(含客、貨兩用)-自用,0,50-59歲,男,1,0
9289,2fe7fd342f6835f8,2025/6/16,5,高雄市,楠梓區,22.719847,120.28256,機車-普通重型,0,30-39歲,女,1,0
9290,e1922c49529dcf0c,2025/9/8,17,桃園市,龜山區,24.988048,121.334343,機車-普通重型,0,50-59歲,男,1,0
9291,e35477cbfbcc9552,2025/3/4,18,臺中市,霧峰區,24.057879,120.691718,機車-普通重型,0,50-59歲,男,2,0
9292,d8a2f99fb7f6193a,2025/2/6,19,新竹市,東區,24.799988,120.994249,機車-普通重型,0,30-39歲,男,2,0
9293,1ea98ba6cc74e852,2025/11/14,18,臺中市,西屯區,24.165267,120.663224,小貨車-自用,0,50-59歲,男,1,0
9294,d1418f912b48933a,2025/11/8,14,彰化縣,彰化市,24.069818,120.548016,慢車-腳踏自行車,0,50-59歲,男,3,0
9295,3a6750d7b69be119,2025/1/16,8,新竹縣,竹北市,24.806534,121.025277,機車-普通重型,0,40-49歲,女,1,0
9296,30cd9fb2230c1fa5,2025/10/4,5,基隆市,七堵區,25.076966,121.69244,機車-普通重型,0,50-59歲,男,1,0
9297,9457e4137478d8d4,2025/5/1,13,臺中市,大里區,24.104141,120.698573,慢車-腳踏自行車,0,40-49歲,男,2,0
9298,0ac03cc882a1ff80,2025/7/11,17,新北市,板橋區,25.000503,121.453385,機車-普通重型,0,50-59歲,男,1,0
9299,52d7c83d2010a088,2025/4/9,8,桃園市,八德區,24.967824,121.299354,機車-普通重型,0,60歲以上,男,2,0
9300,321439bbbebecd00,2025/11/22,17,桃園市,桃園區,24.978343,121.269683,機車-普通重型,0,50-59歲,男,2,0
9301,05f8dd963a7761ae,2025/7/6,12,臺中市,太平區,24.150459,120.719147,機車-普通重型,0,50-59歲,女,1,0
9302,bd6e258830676a69,2025/7/23,9,南投縣,草屯鎮,23.987376,120.678727,小客車(含客、貨兩用)-自用,0,50-59歲,男,1,0
9303,724549c1ac7ab441,2025/12/16,10,嘉義縣,番路鄉,23.442111,120.658821,小客車(含客、貨兩用)-自用,0,50-59歲,男,1,0
9304,9def573411fca4c0,2025/6/28,8,苗栗縣,造橋鄉,24.659775,120.863027,機車-普通重型,0,50-59歲,男,1,0
9305,7d347dd239a9cdbc,2025/2/1,20,臺北市,北投區,25.113777,121.52534,小客車(含客、貨兩用)-計程車,0,50-59歲,男,1,0
9306,6123b6ccabac7948,2025/6/13,19,新北市,蘆洲區,25.088148,121.479892,機車-普通重型,0,40-49歲,女,1,0
9307,f7fb190eebcf632b,2025/10/31,15,臺南市,永康區,23.030244,120.225267,小客車(含客、貨兩用)-自用,0,20-29歲,男,1,0
9308,0738abd87db49fb8,2025/5/13,7,高雄市,岡山區,22.80809,120.2846,機車-普通重型,0,30-39歲,男,1,0
9309,0014ffb8c5902319,2025/5/2,9,嘉義市,東區,23.472853,120.461738,機車-普通重型,0,19歲以下,男,2,0
9310,13b76ae36254a823,2025/8/23,9,臺南市,永康區,22.997075,120.24752,機車-普通重型,0,40-49歲,男,2,0
9311,3f2bd65af36adeb7,2025/5/20,9,屏東縣,枋山鄉,22.193576,120.692121,機車-普通重型,0,60歲以上,男,1,0
9312,663273db5439439a,2025/8/27,12,高雄市,左營區,22.670376,120.296752,機車-普通重型,0,50-59歲,男,1,0
9313,56161169b79564b8,2025/9/18,19,新北市,三重區,25.050759,121.492567,慢車-腳踏自行車,0,30-39歲,男,1,0
9314,68b005fa3f2eb1d8,2025/12/13,12,雲林縣,虎尾鎮,23.711758,120.436125,小客車(含客、貨兩用)-自用,0,50-59歲,男,1,0
9315,bf72cc60e4124a07,2025/10/20,12,桃園市,中壢區,24.974406,121.197856,機車-普通重型,0,40-49歲,男,1,0
9316,39e1d87b1be0e7f0,2025/12/17,12,高雄市,燕巢區,22.781627,120.322922,小客車(含客、貨兩用)-自用,0,40-49歲,男,1,0
9317,952516f959342a8d,2025/3/11,8,臺中市,南屯區,24.142453,120.637724,機車-普通重型,0,20-29歲,男,2,0
9318,b350677cdae5d020,2025/6/28,12,新北市,淡水區,25.172059,121.440516,機車-普通重型,0,30-39歲,男,1,0
9319,f6152cbe49602891,2025/12/22,14,彰化縣,田中鎮,23.85342,120.597526,機車-普通重型,0,40-49歲,男,1,0
9320,43b9469431dbcb71,2025/3/6,17,臺中市,西屯區,24.179776,120.59367,小客車(含客、貨兩用)-自用,0,60歲以上,男,2,0
9321,7e06517af022de3e,2025/7/22,0,雲林縣,莿桐鄉,23.776512,120.522878,機車-普通重型,0,50-59歲,男,1,0
9322,b703de2368394549,2025/1/16,20,臺南市,新市,23.07156,120.292598,慢車-微型電動二輪車,0,20-29歲,男,1,0
9323,250acd7da49d0478,2025/3/24,19,臺北市,中山區,25.052621,121.520863,機車-普通重型,0,50-59歲,男,1,0
9324,5e1602d0d4571071,2025/9/18,21,臺中市,東區,24.144528,120.686226,機車-普通重型,0,40-49歲,女,1,0
9325,903aca9deb3aff68,2025/12/16,9,臺北市,南港區,25.056283,121.598789,小客車(含客、貨兩用)-自用,0,20-29歲,男,1,0
9326,641241b1a354e420,2025/4/3,17,臺中市,太平區,24.141865,120.716728,機車-普通重型,0,30-39歲,女,1,0
9327,29ffe2d431d258b2,2025/5/6,13,桃園市,龜山區,24.998365,121.340571,機車-普通重型,0,50-59歲,男,2,0
9328,62b984625c42677c,2025/10/19,10,高雄市,三民區,22.63761,120.3105,小客車(含客、貨兩用)-自用,0,40-49歲,男,1,0
9329,51280aa012dfa5a3,2025/2/23,12,臺中市,大里區,24.079818,120.688867,小客車(含客、貨兩用)-自用,0,50-59歲,男,1,0
9330,67baa6191524df7d,2025/4/5,11,臺中市,西區,24.148654,120.674235,機車-普通重型,0,40-49歲,男,1,0
9331,cd0a2489d17fa6e7,2025/9/8,17,新北市,汐止區,25.009297,121.481374,大客車-民營公車,0,30-39歲,男,1,0
9332,a96d3187a3ecba94,2025/7/9,6,桃園市,龜山區,24.996157,121.355895,機車-普通重型,0,40-49歲,男,1,0
9333,60eaa213a2c94364,2025/1/22,14,嘉義市,東區,23.465331,120.454925,機車-普通重型,0,40-49歲,女,1,0
9334,3fb76e3664d48ae6,2025/6/9,7,臺中市,神岡區,24.255192,120.672306,機車-普通重型,0,40-49歲,男,1,0
9335,1c29e1c0ffc1e51c,2025/7/14,11,高雄市,三民區,22.6491,120.3084,小客車(含客、貨兩用)-計程車,0,19歲以下,男,1,0
9336,da18cfe6fc6ff8f0,2025/2/28,17,彰化縣,員林市,23.951577,120.595881,機車-普通重型,0,50-59歲,男,1,0
9337,79aee21a4fda9aeb,2025/2/19,20,桃園市,桃園區,24.987669,121.28408,未知,0,50-59歲,男,1,0
9338,9490a55504549f9e,2025/12/5,7,屏東縣,東港鎮,22.462077,120.448882,小客車(含客、貨兩用)-自用,0,50-59歲,男,1,0
9339,ead89aaa983fef58,2025/2/28,18,新北市,新莊區,25.031897,121.434855,機車-普通重型,0,40-49歲,男,1,0
9340,be72500121ea5fe0,2025/3/20,7,嘉義市,西區,23.466262,120.440152,機車-普通重型,0,40-49歲,女,1,0
9341,849fe1bdb46caae0,2025/12/18,13,高雄市,甲仙區,23.107361,120.602326,大貨車-營業用,0,40-49歲,男,1,0
9342,879831104b1520df,2025/5/13,9,新北市,永和區,25.005965,121.518309,小客車(含客、貨兩用)-自用,0,30-39歲,男,1,0
9343,aee6d79fe949d6ca,2025/3/8,23,新竹市,北區,24.804391,120.966872,機車-普通重型,0,50-59歲,男,1,0
9344,07d18622810c1866,2025/7/21,7,高雄市,楠梓區,22.721678,120.324983,機車-普通重型,0,40-49歲,男,1,0
9345,51758987488ed6f8,2025/12/26,8,臺北市,中山區,25.077399,121.544637,機車-普通重型,0,30-39歲,男,2,0
9346,914a8044f88108b3,2025/7/31,13,臺中市,神岡區,24.23592,120.696641,小客車(含客、貨兩用)-自用,0,50-59歲,男,1,0
9347,6726450b4a843db0,2025/1/18,22,桃園市,桃園區,24.998404,121.303602,小客車(含客、貨兩用)-自用,0,60歲以上,男,2,0
9348,5aa11bd546c484b5,2025/2/12,18,臺北市,萬華區,25.045903,121.502791,機車-普通重型,0,40-49歲,男,1,0
9349,bb88ae2507404ea3,2025/11/25,11,新北市,蘆洲區,25.081426,121.479945,機車-普通重型,0,50-59歲,男,1,0
9350,efbc59d810405f3c,2025/10/23,9,新竹縣,竹東鎮,24.766126,121.056864,小客車(含客、貨兩用)-自用,0,60歲以上,男,1,0
9351,26eee5970871dabe,2025/9/8,23,新北市,新店區,24.976695,121.542829,機車-普通重型,0,40-49歲,女,1,0
9352,54082be382bb827a,2025/6/11,8,臺南市,中西區,22.990249,120.19145,機車-普通重型,0,50-59歲,男,1,0
9353,f8ac86be7adae80d,2025/2/18,8,臺中市,南屯區,24.135702,120.637514,機車-普通重型,0,60歲以上,男,2,0
9354,029d58aa5fbbfaf1,2025/2/18,12,高雄市,大寮區,22.635056,120.392105,機車-普通重型,0,40-49歲,女,1,0
9355,3b85894ca61413b2,2025/11/21,16,彰化縣,彰化市,24.065023,120.534607,小客車(含客、貨兩用)-自用,0,60歲以上,女,1,0
9356,d0a37d0036ef8b14,2025/5/7,9,臺南市,安平區,22.990705,120.173758,小客車(含客、貨兩用)-自用,0,30-39歲,男,2,0
9357,7cfbc4e99fad9c26,2025/6/5,13,新北市,汐止區,25.065799,121.662345,小客車(含客、貨兩用)-自用,0,50-59歲,男,1,0
9358,6bdd8114b4986b34,2025/11/20,7,臺南市,安南區,23.024703,120.191447,機車-普通重型,0,40-49歲,男,1,0
9359,e77f6a28257f4e95,2025/10/20,0,臺南市,永康區,23.0157,120.229238,機車-普通重型,0,60歲以上,女,1,0
9360,ae1225bb53e69f66,2025/10/8,21,桃園市,桃園區,24.986622,121.30725,機車-普通重型,0,30-39歲,男,3,0
9361,225e1b29aa3b1d45,2025/1/16,19,新竹縣,竹北市,24.833962,121.007077,機車-普通重型,0,40-49歲,男,1,0
9362,9b421b5cbc79fa8a,2025/10/3,6,新竹市,北區,24.808509,120.965953,機車-普通重型,0,40-49歲,男,1,0
9363,e154c23f3a8ff1e3,2025/12/31,18,臺北市,中山區,25.047877,121.524161,機車-普通重型,0,30-39歲,男,1,0
9364,9fb04e70a47925d0,2025/2/20,18,高雄市,橋頭區,22.738574,120.295409,機車-普通重型,0,60歲以上,男,1,0
9365,35634ffe7276c07d,2025/8/10,19,高雄市,三民區,22.673044,120.32081,機車-普通重型,0,40-49歲,男,3,0
9366,93bdb6b4b68dbfd4,2025/3/30,9,新竹縣,湖口鄉,24.91502,121.051774,小客車(含客、貨兩用)-自用,0,50-59歲,男,2,0
9367,3a8524dae1bfeff4,2025/2/2,17,新北市,淡水區,25.179598,121.44423,機車-普通重型,0,60歲以上,男,1,0
9368,2eb251e7b1a9a947,2025/1/16,12,臺南市,南區,22.987155,120.191907,機車-普通重型,0,20-29歲,男,1,0
9369,a1c84979495fbc27,2025/12/2,17,桃園市,中壢區,24.946993,121.22842,小客車(含客、貨兩用)-自用,0,40-49歲,男,2,0
9370,44d33cd75f90582a,2025/2/18,19,高雄市,鳳山區,22.61261,120.351,機車-普通重型,0,50-59歲,女,2,0
9371,6bc552143bd858f5,2025/4/7,19,桃園市,中壢區,24.937069,121.249588,機車-普通重型,0,60歲以上,男,1,0
9372,545c199212153b0a,2025/10/27,8,臺中市,烏日區,24.115445,120.604285,機車-普通重型,0,50-59歲,男,1,0
9373,69a840d91f148eb3,2025/8/28,14,苗栗縣,苗栗市,24.569198,120.816513,機車-普通重型,0,30-39歲,男,1,0
9374,5497539de3daddf1,2025/12/1,9,桃園市,平鎮,24.935612,121.215738,小客車(含客、貨兩用)-自用,0,50-59歲,男,2,0
9375,16ae6845e93a1835,2025/7/16,11,臺北市,大安區,25.032064,121.557364,小貨車-自用,0,40-49歲,男,1,0
9376,536cbe97b8993b69,2025/8/4,16,高雄市,苓雅區,22.6178,120.2941,小貨車-自用,0,20-29歲,男,1,0
9377,b030913e6e4bddfa,2025/8/22,7,新北市,蘆洲區,25.08986,121.458873,機車-普通重型,0,40-49歲,男,1,0
9378,8004ad1e7f63cd1f,2025/11/7,6,屏東縣,萬丹鄉,22.56458,120.485957,機車-普通重型,0,40-49歲,男,1,0
9379,b6bd953a01fef68c,2025/12/6,20,雲林縣,虎尾鎮,23.716218,120.42424,機車-普通重型,0,30-39歲,男,2,0
9380,d53fe4072a5c6908,2025/1/2,10,臺南市,東區,22.9959,120.221487,機車-普通重型,0,40-49歲,男,1,0
9381,25c278a18e37e740,2025/11/18,7,臺南市,安南區,23.058534,120.135835,機車-普通重型,0,60歲以上,男,3,0
9382,42125544bdc8ecdf,2025/12/18,17,高雄市,路竹區,22.858285,120.237087,小客車(含客、貨兩用)-自用,0,50-59歲,男,1,0
9383,b73f3fee2f10f1cd,2025/1/25,14,高雄市,楠梓區,22.720348,120.317786,小貨車-自用,0,40-49歲,男,1,0
9384,a24b40c8d7435395,2025/5/3,9,新北市,五股區,25.087518,121.441337,機車-普通重型,0,40-49歲,男,2,0
9385,8440a80e41318411,2025/9/25,8,彰化縣,北斗鎮,23.875321,120.514105,小客車(含客、貨兩用)-自用,0,30-39歲,女,1,0
9386,2936dddfaa6e2781,2025/1/26,20,高雄市,大寮區,22.54252,120.4045,機車-普通重型,0,20-29歲,男,2,0
9387,65a0ce9ad9440e15,2025/10/5,5,臺中市,霧峰區,24.05584,120.685695,機車-普通重型,0,50-59歲,男,2,0
9388,62c6b25c87c39df8,2025/2/23,21,新北市,樹林區,24.993648,121.427543,機車-普通重型,0,60歲以上,男,3,0
9389,8c3c0fca47298757,2025/8/22,9,屏東縣,獅子鄉,22.213443,120.782488,大貨車-自用,0,30-39歲,男,1,0
9390,9ff58df925cfebb3,2025/2/14,10,臺南市,中西區,22.997535,120.200035,小客車(含客、貨兩用)-租賃車,0,40-49歲,男,1,0
9391,438c2692eb793612,2025/4/4,17,南投縣,南投市,23.922004,120.667124,機車-普通重型,0,40-49歲,男,1,0
9392,606194a12d869a2f,2025/6/22,21,雲林縣,西螺鎮,23.775353,120.472625,小客車(含客、貨兩用)-自用,0,20-29歲,男,4,0
9393,f4396f34679660fb,2025/6/28,10,花蓮縣,花蓮市,23.99491,121.629875,小客車(含客、貨兩用)-自用,0,40-49歲,男,1,0
9394,3c106c1838dc11c1,2025/9/8,7,臺南市,南區,22.97488,120.187573,機車-普通重型,0,30-39歲,男,1,0
9395,cf7b62821ec9c665,2025/8/21,10,臺北市,士林區,25.096234,121.514429,機車-普通重型,0,40-49歲,男,2,0
9396,588efd1f4e5afc25,2025/9/18,18,嘉義市,西區,23.470147,120.441986,慢車-微型電動二輪車,0,40-49歲,女,1,0
9397,14bfc60a9d483f03,2025/8/21,20,臺南市,中西區,22.996126,120.193894,小客車(含客、貨兩用)-自用,0,50-59歲,男,1,0
9398,a2afe96e36b01d58,2025/5/10,20,新北市,三重區,25.064813,121.482547,小客車(含客、貨兩用)-計程車,0,30-39歲,男,1,0
9399,9f8eca9a534770d6,2025/1/11,21,新北市,永和區,25.001829,121.52177,小客車(含客、貨兩用)-計程車,0,50-59歲,男,1,0
9400,3aaaeb3ab96c3665,2025/8/15,10,新北市,中和區,24.993135,121.508786,慢車-微型電動二輪車,0,40-49歲,男,1,0
9401,918f0caa6bca2c74,2025/4/27,12,屏東縣,屏東市,22.670149,120.484763,機車-普通重型,0,60歲以上,男,2,0
9402,bd0dcb3d35efd459,2025/6/11,21,臺北市,北投區,25.124341,121.464893,小客車(含客、貨兩用)-自用,0,60歲以上,男,1,0
9403,13fa8ab65dd3e123,2025/5/5,8,臺東縣,臺東市,22.766726,121.115658,慢車-腳踏自行車,0,40-49歲,男,1,0
9404,2191fb3a0a1399df,2025/1/18,13,桃園市,中壢區,24.948832,121.224444,機車-普通重型,0,20-29歲,男,1,0
9405,9728553e23bdc95e,2025/3/22,7,苗栗縣,竹南鎮,24.672207,120.854599,小客車(含客、貨兩用)-自用,0,40-49歲,男,1,0
9406,45a91a45b6ed0a54,2025/10/23,10,彰化縣,員林市,23.961159,120.580116,小客車(含客、貨兩用)-自用,0,50-59歲,男,1,0
9407,f3eaf83b9f9db4e7,2025/2/4,10,新北市,泰山區,25.060823,121.44111,小客車(含客、貨兩用)-自用,0,40-49歲,女,1,0
9408,0e3fa328f791e44c,2025/9/18,13,新北市,板橋區,25.02281,121.468017,機車-普通重型,0,30-39歲,男,2,0
9409,f25d8ffbe459d83e,2025/11/29,8,新竹縣,芎林鄉,24.766718,121.088735,機車-普通重型,0,50-59歲,男,1,0
9410,48ae0c1be0fed29f,2025/9/24,20,臺中市,北屯區,24.172948,120.698333,小客車(含客、貨兩用)-自用,0,50-59歲,男,1,0
9411,71979f16028776cf,2025/7/12,13,嘉義市,東區,23.49711,120.45201,小客車(含客、貨兩用)-自用,0,40-49歲,男,2,0
9412,37d4ad5d1c574590,2025/6/19,16,屏東縣,屏東市,22.651904,120.488284,小客車(含客、貨兩用)-自用,0,50-59歲,男,1,0
9413,195a803deb7dc269,2025/10/5,17,高雄市,路竹區,22.886661,120.275337,小貨車-自用,0,40-49歲,男,1,0
9414,8760ddc8940a3f7e,2025/9/2,7,臺南市,歸仁區,22.951891,120.273662,小客車(含客、貨兩用)-自用,0,40-49歲,男,1,0
9415,7644a83860fbcade,2025/4/27,10,彰化縣,二林鎮,23.894032,120.363861,小客車(含客、貨兩用)-自用,0,40-49歲,男,1,0
9416,3ec1a383edd37379,2025/1/30,15,臺南市,永康區,23.021033,120.222257,小客車(含客、貨兩用)-自用,0,40-49歲,男,1,0
9417,169fb283e9e7a30d,2025/5/23,8,新北市,土城區,25.000537,121.472778,機車-普通重型,0,50-59歲,女,2,0
9418,2670282acd6e2771,2025/8/23,13,嘉義市,西區,23.48982,120.4428,機車-普通重型,0,60歲以上,男,2,0
9419,a6722979d40b9ec4,2025/2/22,13,嘉義市,西區,23.467865,120.437684,機車-普通重型,0,40-49歲,女,1,0
9420,bf31986e71e96c0a,2025/8/13,13,臺中市,大里區,24.116446,120.688889,機車-普通重型,0,40-49歲,男,2,0
9421,380920a7337efb50,2025/4/23,18,桃園市,大溪區,24.85539,121.291818,小客車(含客、貨兩用)-自用,0,50-59歲,男,1,0
9422,def672b31290d2bf,2025/2/23,7,高雄市,大樹區,22.731386,120.411805,機車-普通重型,0,60歲以上,男,1,0
9423,8ebb7c9933010260,2025/3/24,18,桃園市,大園區,25.012006,121.226465,機車-普通重型,0,50-59歲,男,1,0
9424,4a503b4e743227ff,2025/7/27,20,臺中市,梧棲區,24.261004,120.539071,慢車-腳踏自行車,0,30-39歲,男,1,0
9425,740a9064c702a238,2025/9/28,16,花蓮縣,花蓮市,23.995877,121.566453,小客車(含客、貨兩用)-自用,0,20-29歲,女,2,0
9426,9fc63dee0ad3c683,2025/9/19,20,高雄市,楠梓區,22.701815,120.291093,慢車-微型電動二輪車,0,20-29歲,男,2,0
9427,1fdd9109f357b089,2025/6/23,11,臺中市,大肚區,24.156992,120.544156,機車-普通重型,0,20-29歲,男,1,0
9428,ac4d41fda4ff79a3,2025/12/16,8,臺中市,西屯區,24.178153,120.637597,小貨車-自用,0,30-39歲,男,1,0
9429,b38d3333247f0d8b,2025/8/12,8,臺北市,信義區,25.048035,121.565848,機車-普通重型,0,40-49歲,男,2,0
9430,689e34172e2402f4,2025/8/30,13,臺北市,中山區,25.06243,121.531228,機車-普通重型,0,50-59歲,男,2,0
9431,74008c2d611575fb,2025/12/15,11,高雄市,旗山區,22.88051,120.4959,小客車(含客、貨兩用)-自用,0,30-39歲,男,1,0
9432,34a117e237873b61,2025/8/30,8,臺南市,西港區,23.126441,120.18421,小客車(含客、貨兩用)-自用,0,40-49歲,男,1,0
9433,2c0139f3b0fab434,2025/9/6,2,新竹縣,竹北市,24.818565,121.02685,未知,0,20-29歲,男,1,0
9434,c710685929179d0e,2025/4/30,7,新北市,土城區,24.975916,121.4485,機車-普通重型,0,40-49歲,男,2,0
9435,bb6dd8ecf9b086cd,2025/3/12,18,彰化縣,芬園鄉,24.014749,120.630708,小客車(含客、貨兩用)-自用,0,60歲以上,男,1,0
9436,b716654a01c938cf,2025/12/10,14,臺北市,北投區,25.112853,121.514693,機車-普通重型,0,50-59歲,男,2,0
9437,f0f4be62ce504f5e,2025/9/5,6,彰化縣,社頭鄉,23.895583,120.5809,小客車(含客、貨兩用)-自用,0,50-59歲,男,1,0
9438,7f37d24002ab53c8,2025/10/25,23,高雄市,林園區,22.499138,120.406365,小客車(含客、貨兩用)-租賃車,0,40-49歲,男,2,0
9439,1701b95e0e976cdc,2025/12/3,18,臺中市,北屯區,24.164875,120.733307,機車-普通重型,0,40-49歲,男,1,0
9440,4474848f975d9cec,2025/4/19,15,桃園市,中壢區,24.952072,121.237113,機車-普通重型,0,20-29歲,女,2,0
9441,27b5e9c7686ede6c,2025/3/4,9,高雄市,三民區,22.659863,120.313994,機車-普通重型,0,30-39歲,男,4,0
9442,32b4321cc30a846e,2025/6/8,22,新竹市,香山區,24.798191,120.950058,機車-普通重型,0,40-49歲,男,1,0
9443,3be8d370aa0ac2dc,2025/11/28,10,新竹縣,竹北市,24.821662,121.022521,慢車-微型電動二輪車,0,40-49歲,男,1,0
9444,68a0161dc8648b0c,2025/3/2,12,臺中市,西屯區,24.179898,120.653834,機車-普通重型,0,40-49歲,女,1,0
9445,ff2f1e6b59eae829,2025/12/28,17,彰化縣,鹿港鎮,24.085434,120.483371,慢車-微型電動二輪車,0,40-49歲,男,1,0
9446,1258530b0543a97f,2025/7/23,17,高雄市,小港區,22.56741,120.3643,小客車(含客、貨兩用)-計程車,0,40-49歲,男,1,0
9447,67f182fd05ead738,2025/1/26,17,臺中市,烏日區,24.110523,120.600665,機車-普通重型,0,30-39歲,男,1,0
9448,2307679c54994635,2025/12/3,7,雲林縣,西螺鎮,23.752847,120.47412,小客車(含客、貨兩用)-自用,0,30-39歲,男,3,0
9449,fc151044f656833a,2025/5/13,18,臺南市,善化區,23.11762,120.281253,小客車(含客、貨兩用)-自用,0,20-29歲,女,1,0
9450,0b9ba58f265cd8b2,2025/7/24,9,高雄市,美濃區,22.88733,120.530187,機車-普通重型,0,30-39歲,男,1,0
9451,fccd2f3b8c39dedc,2025/5/17,8,新竹縣,竹東鎮,24.740533,121.086069,機車-普通重型,0,50-59歲,男,1,0
9452,fcddbf4b9c1006d2,2025/5/29,14,新北市,三重區,25.068032,121.499906,小客車(含客、貨兩用)-自用,0,20-29歲,男,1,0
9453,0457033677a93f42,2025/12/13,17,新北市,樹林區,25.009332,121.481382,機車-普通重型,0,20-29歲,男,1,0
9454,e268b262024bbb1d,2025/2/26,18,彰化縣,芳苑鄉,23.982269,120.393284,機車-普通重型,0,30-39歲,男,1,0
9455,5e78f17ddb44f106,2025/7/23,10,宜蘭縣,蘇澳鎮,24.632619,121.831789,機車-普通重型,0,40-49歲,男,1,0
9456,03510c60a4c055fd,2025/11/15,21,臺南市,北區,23.005485,120.205719,機車-普通重型,0,40-49歲,男,1,0
9457,36f0dd6c4714e771,2025/7/30,11,桃園市,平鎮,24.952895,121.208695,機車-普通重型,0,50-59歲,男,2,0
9458,544a8d128fcd0c40,2025/6/23,12,彰化縣,彰化市,24.074209,120.537322,機車-普通重型,0,60歲以上,男,2,0
9459,e20a9c1ad7c41762,2025/11/7,15,臺中市,大肚區,24.133266,120.553611,小貨車-自用,0,20-29歲,男,2,0
9460,69aa2c8e461fd108,2025/3/13,17,高雄市,旗山區,22.8836,120.4975,未知,0,30-39歲,男,1,0
9461,23561e28c3320319,2025/8/24,15,新北市,泰山區,25.00921,121.481452,機車-普通重型,0,30-39歲,女,1,0
9462,504c8c27bb04ea2b,2025/1/7,21,桃園市,平鎮,24.943742,121.217331,機車-普通重型,0,40-49歲,男,2,0
9463,85e5919da4048e9f,2025/6/22,14,臺南市,北區,23.006229,120.206018,機車-普通重型,0,40-49歲,男,1,0
9464,2a014086a3d2b4b9,2025/3/22,14,屏東縣,潮州鎮,22.542198,120.543296,機車-普通重型,0,60歲以上,男,1,0
9465,2a6ee234e30d905f,2025/9/11,20,臺南市,仁德區,22.929233,120.244847,機車-普通重型,0,30-39歲,男,1,0
9466,310d0a6c0f545a18,2025/11/27,3,新北市,泰山區,25.032572,121.42199,機車-普通重型,0,20-29歲,男,1,0
9467,29e3463c20e196d3,2025/11/25,7,臺中市,太平區,24.142818,120.71216,機車-普通重型,0,60歲以上,男,1,0
9468,ba48f124f2f16747,2025/7/24,8,臺北市,中山區,25.062579,121.530536,機車-普通重型,0,60歲以上,男,2,0
9469,01e1768b3cb4b41e,2025/4/20,10,新北市,三重區,25.080264,121.49497,機車-普通重型,0,30-39歲,男,2,0
9470,c75962dbcc0a31ee,2025/8/18,17,彰化縣,溪湖鎮,23.948318,120.485127,機車-普通重型,0,20-29歲,男,1,0
9471,bbf5150cfc5e1be4,2025/12/27,18,高雄市,湖內區,22.87846,120.2516,小客車(含客、貨兩用)-自用,0,40-49歲,男,2,0
9472,a7ffc60398e7d5cc,2025/4/1,10,臺南市,中西區,22.990219,120.197781,小客車(含客、貨兩用)-自用,0,50-59歲,男,1,0
9473,69d5e0819351d319,2025/3/2,12,宜蘭縣,壯圍鄉,24.779083,121.786098,小客車(含客、貨兩用)-自用,0,50-59歲,男,2,0
9474,54a5e28959b22bbd,2025/4/25,13,臺中市,龍井區,24.18389,120.589663,小客車(含客、貨兩用)-自用,0,40-49歲,男,1,0
9475,02d6f04f34ddca50,2025/10/24,7,雲林縣,西螺鎮,23.756929,120.434404,小貨車-自用,0,20-29歲,男,1,0
9476,7fbec2c9635d30c6,2025/4/25,17,彰化縣,彰化市,24.06322,120.533385,機車-普通重型,0,50-59歲,女,1,0
9477,af5ef0a159b83c5c,2025/1/9,19,臺中市,北屯區,24.164592,120.704135,小客車(含客、貨兩用)-自用,0,20-29歲,女,1,0
9478,cbe03054935287df,2025/6/5,17,臺南市,南區,22.975183,120.189816,機車-普通重型,0,40-49歲,男,1,0
9479,f77ade8571af5770,2025/2/7,13,新北市,三重區,25.061453,121.486711,機車-普通重型,0,40-49歲,男,1,0
9480,17eecd412725022c,2025/5/11,17,臺南市,南區,22.966465,120.190013,機車-普通重型,0,50-59歲,男,1,0
9481,af91bd50538f8388,2025/4/12,23,苗栗縣,頭份市,24.6941,120.897015,機車-普通重型,0,50-59歲,男,1,0
9482,6518357246ce86d3,2025/11/3,14,桃園市,楊梅區,24.908284,121.15671,機車-普通重型,0,50-59歲,男,1,0
9483,c06e766fa130800f,2025/1/29,15,臺中市,南屯區,24.137162,120.646596,小客車(含客、貨兩用)-自用,0,30-39歲,男,1,0
9484,6b5246fbaad782b1,2025/3/4,16,臺南市,官田區,23.219234,120.326598,小貨車-自用,0,20-29歲,男,1,0
9485,df2d9ccd47400340,2025/10/8,7,彰化縣,永靖鄉,23.911175,120.543741,慢車-腳踏自行車,0,19歲以下,男,1,0
9486,433af03961955093,2025/11/19,9,新竹縣,芎林鄉,24.749482,121.096178,機車-普通重型,0,30-39歲,男,2,0
9487,314759c3d8d98e04,2025/6/25,16,臺南市,南區,22.961681,120.18772,機車-普通重型,0,40-49歲,男,2,0
9488,a8f8b53469a0787e,2025/6/29,9,嘉義縣,水上鄉,23.431072,120.414244,小客車(含客、貨兩用)-自用,0,40-49歲,女,1,0
9489,ed6b474504aed9a7,2025/8/13,9,新竹市,北區,24.824406,120.957536,慢車-腳踏自行車,0,60歲以上,男,1,0
9490,86f38c2ff4e6d06f,2025/7/22,19,臺中市,外埔區,24.334296,120.655459,機車-普通重型,0,30-39歲,男,1,0
9491,34374fb740ba8964,2025/8/24,4,臺中市,后里區,24.308798,120.717615,機車-普通重型,0,40-49歲,男,1,0
9492,9ddc757b620f1f51,2025/11/10,14,高雄市,三民區,22.660129,120.32316,機車-普通重型,0,40-49歲,男,1,0
9493,ccd39c031a02df35,2025/7/28,7,新竹縣,竹東鎮,24.770176,121.052579,小客車(含客、貨兩用)-自用,0,40-49歲,男,1,0
9494,ce03c76bcbab1785,2025/1/26,8,桃園市,八德區,24.963173,121.306757,機車-普通重型,0,60歲以上,男,3,0
9495,a790be130fafe732,2025/3/27,7,嘉義縣,民雄鄉,23.573786,120.427936,機車-普通重型,0,30-39歲,男,2,0
9496,ffc4160ab4414a58,2025/11/23,15,新竹縣,竹北市,24.863468,120.949834,小客車(含客、貨兩用)-自用,0,40-49歲,男,1,0
9497,96c9e64a8246e449,2025/2/16,13,苗栗縣,公館鄉,24.528985,120.819357,慢車-腳踏自行車,0,30-39歲,男,1,0
9498,6a4a7b60e230fc71,2025/7/3,8,彰化縣,芳苑鄉,23.997314,120.389245,大貨車-自用,0,40-49歲,男,1,0
9499,5b86f0ca5debed18,2025/3/3,17,臺北市,內湖區,25.067178,121.616373,小客車(含客、貨兩用)-自用,0,50-59歲,男,1,0
9500,47736d5710c516e2,2025/9/25,19,桃園市,楊梅區,24.943064,121.121353,機車-普通重型,0,60歲以上,男,1,0
9501,5398b06ce0e0e6d1,2025/1/18,13,臺南市,佳里區,23.172536,120.150881,小客車(含客、貨兩用)-自用,0,60歲以上,男,1,0
9502,dc657d6d1cb8d6c9,2025/7/10,19,宜蘭縣,礁溪鄉,24.786095,121.761547,機車-普通重型,0,40-49歲,男,1,0
9503,897d2971bd2d5d8a,2025/6/24,14,臺中市,北區,24.166854,120.669519,機車-普通重型,0,40-49歲,男,2,0
9504,1e74d4dfe1d7d6b2,2025/5/27,17,新北市,新莊區,25.033333,121.45,小客車(含客、貨兩用)-自用,0,40-49歲,男,1,0
9505,0ff6b7dbfeac9212,2025/5/8,8,臺北市,萬華區,25.048989,121.50534,機車-普通重型,0,40-49歲,男,1,0
9506,118b61b23a734722,2025/10/22,19,桃園市,中壢區,24.955941,121.225009,機車-普通重型,0,50-59歲,男,1,0
9507,6915fa316898de93,2025/8/4,14,臺北市,松山區,25.060935,121.547894,機車-普通重型,0,50-59歲,男,2,0
9508,2f15055f16704c46,2025/2/7,15,臺中市,神岡區,24.233632,120.684692,機車-普通重型,0,40-49歲,男,1,0
9509,aedf9192b21c3851,2025/5/25,23,新北市,新店區,24.978758,121.547359,小客車(含客、貨兩用)-自用,0,50-59歲,女,1,0
9510,0bf6f8b96789a814,2025/12/3,8,臺中市,西屯區,24.170554,120.666454,機車-普通重型,0,60歲以上,男,1,0
9511,8df11ab3c013e53b,2025/3/2,11,桃園市,楊梅區,24.913367,121.177501,機車-普通重型,0,40-49歲,男,3,0
9512,f80df77e899b8bf9,2025/1/10,14,新北市,新莊區,25.054693,121.465262,小客車(含客、貨兩用)-計程車,0,30-39歲,男,1,0
9513,f134617e13e313d3,2025/10/8,7,雲林縣,褒忠鄉,23.69607,120.309426,小客車(含客、貨兩用)-自用,0,40-49歲,男,1,0
9514,19d302c922f934c6,2025/11/13,11,臺東縣,臺東市,22.7744,121.09283,小貨車-自用,0,50-59歲,男,1,0
9515,604859a88caaf1db,2025/12/16,9,新北市,新莊區,25.039868,121.456701,慢車-腳踏自行車,0,40-49歲,男,2,0
9516,3a9150adcea86d68,2025/10/28,9,臺北市,萬華區,25.019879,121.504317,小客車(含客、貨兩用)-自用,0,50-59歲,男,1,0
9517,ca639e3a8c05be45,2025/6/3,17,屏東縣,屏東市,22.657415,120.467494,小客車(含客、貨兩用)-自用,0,40-49歲,男,1,0
9518,43448929e9967638,2025/2/19,16,臺南市,後壁區,23.338969,120.377581,小貨車-自用,0,30-39歲,男,1,0
9519,ea3bc28562fdd391,2025/3/19,18,雲林縣,虎尾鎮,23.707445,120.432519,慢車-腳踏自行車,0,40-49歲,男,1,0
9520,9c8fb2e64863ee22,2025/11/19,18,臺南市,安南區,23.051299,120.23961,機車-普通重型,0,40-49歲,男,1,0
9521,8816a041791c74d8,2025/2/5,10,臺北市,士林區,25.079913,121.521843,機車-普通重型,0,50-59歲,男,2,0
9522,d0e24272ea7b5234,2025/12/31,17,屏東縣,東港鎮,22.49514,120.484922,機車-普通重型,0,40-49歲,男,2,0
9523,7bc9dec47d0353a3,2025/5/8,12,臺中市,北屯區,24.175632,120.688179,小貨車-自用,0,40-49歲,男,1,0
9524,cebc291428f7c92b,2025/9/19,14,桃園市,桃園區,24.993344,121.277307,小貨車-自用,0,40-49歲,男,1,0
9525,f0afe365a007d7dd,2025/9/5,10,新北市,永和區,25.004334,121.51256,慢車-腳踏自行車,0,40-49歲,男,1,0
9526,8e38ae085ea484a2,2025/5/30,16,高雄市,茂林區,22.910415,120.715403,小客車(含客、貨兩用)-自用,0,50-59歲,男,1,0
9527,c591e6f02c5478a4,2025/2/27,7,臺南市,新市,23.094647,120.276233,小客車(含客、貨兩用)-自用,0,50-59歲,男,1,0
9528,5f2df8bd629ad4e1,2025/1/7,16,臺中市,后里區,24.30546,120.720357,機車-普通重型,0,60歲以上,男,4,0
9529,fd733916b04b4046,2025/6/2,20,嘉義縣,竹崎鄉,23.518045,120.549366,機車-普通重型,0,19歲以下,男,1,0
9530,6ae67221095a2e53,2025/3/27,11,雲林縣,水林鄉,23.583843,120.232999,機車-普通重型,0,40-49歲,男,2,0
9531,8abe3850e4dfa088,2025/9/10,17,新北市,板橋區,25.016848,121.445001,機車-普通重型,0,40-49歲,男,1,0
9532,b5c4b7b716fe6e11,2025/4/8,17,臺中市,南屯區,24.157646,120.612113,機車-普通重型,0,60歲以上,男,2,0
9533,22a50d6d554a01ca,2025/7/20,7,金門縣,金寧鄉,24.441911,118.311738,機車-普通重型,0,30-39歲,男,1,0
9534,ae18d3b246cf9070,2025/11/27,12,高雄市,楠梓區,22.730861,120.294369,機車-普通重型,0,20-29歲,男,1,0
9535,c91c8bf6c7616b91,2025/4/19,17,臺中市,北屯區,24.184036,120.664289,機車-普通重型,0,20-29歲,女,1,0
9536,bb14e523e3d82916,2025/2/18,17,苗栗縣,竹南鎮,24.715425,120.890722,小客車(含客、貨兩用)-自用,0,30-39歲,女,1,0
9537,d502fab46a80d16b,2025/6/14,14,新竹市,香山區,24.768849,120.916379,機車-普通重型,0,30-39歲,男,2,0
9538,dd16bb7a26f00097,2025/8/24,9,彰化縣,溪湖鎮,23.958717,120.471506,小客車(含客、貨兩用)-自用,0,60歲以上,男,1,0
9539,1f96bc0914ba1756,2025/8/9,20,高雄市,左營區,22.66049,120.3117,機車-普通重型,0,40-49歲,男,2,0
9540,32b5c544b54985fa,2025/4/11,11,嘉義市,西區,23.490409,120.42874,小客車(含客、貨兩用)-自用,0,50-59歲,女,1,0
9541,5d789aebab07626c,2025/4/26,7,臺中市,豐原區,24.240514,120.724262,機車-普通重型,0,40-49歲,男,2,0
9542,663dfe25b1519f37,2025/3/10,15,高雄市,鳳山區,22.62644,120.3568,機車-普通重型,0,40-49歲,男,1,0
9543,7259ba782a08a874,2025/12/23,8,屏東縣,屏東市,22.672104,120.480846,機車-普通重型,0,20-29歲,女,1,0
9544,9e332c8e509ff043,2025/7/1,22,桃園市,八德區,24.955743,121.293807,小客車(含客、貨兩用)-自用,0,40-49歲,男,1,0
9545,f83b0de21580df04,2025/7/26,7,宜蘭縣,蘇澳鎮,24.647811,121.827338,機車-普通重型,0,20-29歲,男,1,0
9546,96537907c4b97989,2025/2/27,7,桃園市,中壢區,24.940324,121.243813,大客車-遊覽車,0,30-39歲,男,1,0
9547,6403ffa5caf398cd,2025/5/19,9,臺中市,南區,24.116903,120.660534,小客車(含客、貨兩用)-自用,0,50-59歲,男,1,0
9548,616079ce4e9a4d03,2025/12/10,17,高雄市,新興區,22.621078,120.301946,小客車(含客、貨兩用)-自用,0,40-49歲,女,1,0
9549,933523225b3e6c92,2025/10/9,14,彰化縣,福興鄉,24.025909,120.410465,慢車-微型電動二輪車,0,50-59歲,女,3,0
9550,b72a9664f2399b24,2025/2/11,17,宜蘭縣,礁溪鄉,24.829331,121.781802,機車-普通重型,0,40-49歲,男,3,0
9551,0d480ab324dcf595,2025/8/23,14,高雄市,鼓山區,22.649719,120.276679,機車-普通重型,0,19歲以下,男,1,0
9552,09ce5661efe49230,2025/5/12,11,屏東縣,屏東市,22.672675,120.496231,機車-普通重型,0,40-49歲,男,2,0
9553,cabb02d5f8b222ed,2025/7/21,19,臺南市,新營區,23.311101,120.321399,小客車(含客、貨兩用)-自用,0,50-59歲,男,1,0
9554,e4c1ea45af057a3c,2025/8/22,11,屏東縣,崁頂鄉,22.510244,120.525025,小客車(含客、貨兩用)-自用,0,40-49歲,男,2,0
9555,7784bdf868e7eb1c,2025/10/16,13,臺南市,東區,22.98961,120.229132,機車-普通重型,0,60歲以上,女,1,0
9556,4ca5542bb62d99a1,2025/12/15,13,新北市,三重區,25.06405,121.477504,機車-普通重型,0,60歲以上,男,1,0
9557,9463d6794d1ef25f,2025/1/12,12,嘉義市,西區,23.491736,120.429948,小客車(含客、貨兩用)-自用,0,50-59歲,男,1,0
9558,395812277a1e0e41,2025/8/6,7,桃園市,平鎮,24.921464,121.228922,小客車(含客、貨兩用)-自用,0,50-59歲,男,1,0
9559,d81403c43d9c500c,2025/3/7,17,臺中市,北屯區,24.18233,120.70977,慢車-腳踏自行車,0,40-49歲,男,1,0
9560,3d40c3c9b9e74af5,2025/4/25,21,臺南市,永康區,23.041221,120.242183,機車-普通重型,0,30-39歲,男,3,0
9561,3f02e4381b696c19,2025/6/27,14,宜蘭縣,五結鄉,24.713649,121.772065,機車-普通重型,0,30-39歲,男,1,0
9562,afa498563748de76,2025/2/3,12,桃園市,平鎮,24.918305,121.211277,小客車(含客、貨兩用)-自用,0,30-39歲,男,1,0
9563,2d401a11d9381d13,2025/5/4,22,高雄市,楠梓區,22.714788,120.325648,機車-普通重型,0,20-29歲,男,2,0
9564,25cdc1ef1617852b,2025/8/12,16,彰化縣,和美鎮,24.094397,120.508444,小貨車-自用,0,30-39歲,男,1,0
9565,11988ac968900304,2025/9/2,17,新北市,新店區,24.952897,121.541397,小客車(含客、貨兩用)-自用,0,50-59歲,男,1,0
9566,1413b24fd3efa64f,2025/7/25,12,臺中市,清水區,24.267397,120.550302,慢車-腳踏自行車,0,30-39歲,男,2,0
9567,a7205ee94710403a,2025/3/27,17,嘉義市,西區,23.479225,120.431417,小客車(含客、貨兩用)-自用,0,20-29歲,男,1,0
9568,b6fadb1ba0d1206b,2025/12/4,19,高雄市,三民區,22.649059,120.322288,小客車(含客、貨兩用)-自用,0,50-59歲,女,2,0
9569,5cd04351adac8f3f,2025/5/10,20,嘉義市,東區,23.476644,120.456954,小客車(含客、貨兩用)-自用,0,20-29歲,男,1,0
9570,b5279319cbcb3bc0,2025/1/20,11,桃園市,平鎮,24.912181,121.232043,慢車-腳踏自行車,0,50-59歲,男,1,0
9571,ab71207facf0b1f4,2025/5/9,17,臺中市,北區,24.146227,120.68616,小客車(含客、貨兩用)-計程車,0,50-59歲,男,3,0
9572,804ac237553dba92,2025/7/26,23,臺北市,北投區,25.108857,121.519703,小客車(含客、貨兩用)-自用,0,40-49歲,男,2,0
9573,c1eaa763772466eb,2025/5/16,15,臺中市,大里區,24.080344,120.688489,小客車(含客、貨兩用)-自用,0,20-29歲,男,1,0
9574,a5425347b2a536f8,2025/7/23,1,臺南市,安南區,23.024703,120.191447,機車-普通重型,0,20-29歲,男,1,0
9575,f898d25fe131b613,2025/8/28,17,臺中市,潭子區,24.187657,120.701873,機車-普通重型,0,50-59歲,男,1,0
9576,3d3ced988acfd2ba,2025/8/21,18,臺中市,沙鹿區,24.255863,120.569109,機車-普通重型,0,40-49歲,男,2,0
9577,115885fc9d1659ce,2025/2/21,9,彰化縣,埤頭鄉,23.884341,120.491736,小客車(含客、貨兩用)-租賃車,0,50-59歲,男,1,0
9578,19ed640855bcc31f,2025/9/28,10,彰化縣,花壇鄉,24.035042,120.570718,未知,0,19歲以下,男,1,0
9579,81f755fe28de7319,2025/7/31,8,桃園市,桃園區,24.992188,121.30123,小客車(含客、貨兩用)-計程車,0,40-49歲,男,1,0
9580,5b537c886f7a9d5d,2025/6/26,1,新北市,永和區,25.013089,121.511511,機車-普通重型,0,40-49歲,男,1,0
9581,708adbe971026b74,2025/5/14,12,臺南市,北區,23.005294,120.226138,機車-普通重型,0,50-59歲,男,1,0
9582,01cb9e0fc1fd2a08,2025/12/1,19,新竹市,東區,24.794809,120.972493,小客車(含客、貨兩用)-自用,0,60歲以上,男,8,0
9583,df7a6b07a4f2c145,2025/4/7,17,臺南市,永康區,23.039137,120.231628,小客車(含客、貨兩用)-自用,0,40-49歲,男,1,0
9584,2a5dddd2f4f97546,2025/8/11,21,臺南市,安南區,23.026008,120.205024,小客車(含客、貨兩用)-自用,0,40-49歲,男,1,0
9585,420948c203a1cec7,2025/3/18,10,新竹市,北區,24.805371,120.954635,小客車(含客、貨兩用)-計程車,0,30-39歲,女,1,0
9586,844a9a2151fe96df,2025/8/19,13,宜蘭縣,羅東鎮,24.672756,121.769775,小客車(含客、貨兩用)-自用,0,60歲以上,男,1,0
9587,4e6d429d3c40f181,2025/10/20,15,臺南市,七股區,23.103209,120.164036,小客車(含客、貨兩用)-自用,0,50-59歲,女,1,0
9588,48d52b6a132ec0b1,2025/12/1,17,新北市,三峽區,24.932234,121.373745,機車-普通重型,0,50-59歲,男,1,0
9589,3708f5ef5a9e26d5,2025/6/5,13,臺中市,豐原區,24.249231,120.716656,機車-普通重型,0,50-59歲,男,2,0
9590,64cd98f3a954cf9a,2025/2/27,11,臺南市,麻豆區,23.187036,120.238288,小客車(含客、貨兩用)-自用,0,50-59歲,女,1,0
9591,6f02a1e846db1047,2025/2/17,14,彰化縣,溪湖鎮,23.962185,120.470707,機車-普通重型,0,20-29歲,男,1,0
9592,980e568404fcab01,2025/3/30,14,臺中市,東區,24.150258,120.698358,機車-普通重型,0,50-59歲,女,2,0
9593,f78fd772115e8807,2025/7/22,17,彰化縣,鹿港鎮,24.078407,120.44246,小貨車-自用,0,40-49歲,男,1,0
9594,8bd15ebe45abad38,2025/12/10,18,桃園市,中壢區,24.971124,121.254396,機車-普通重型,0,40-49歲,男,2,0
9595,8ced18bedc28d6aa,2025/10/3,17,嘉義縣,朴子市,23.457685,120.290667,機車-普通重型,0,40-49歲,男,1,0
9596,11639b44288550f6,2025/11/13,14,高雄市,彌陀區,22.784194,120.242934,未知,0,50-59歲,男,1,0
9597,5abefd526e477f12,2025/2/28,12,桃園市,八德區,24.952281,121.324685,小客車(含客、貨兩用)-自用,0,20-29歲,女,1,0
9598,ab84ba82653a310e,2025/2/3,5,新北市,土城區,24.989029,121.465581,機車-普通重型,0,40-49歲,男,1,0
9599,da25d3fdfc34e7fb,2025/8/8,20,高雄市,左營區,22.6801,120.2875,機車-普通重型,0,40-49歲,男,1,0
9600,7ff1d3fd954c50c7,2025/9/17,18,臺南市,東區,22.988959,120.237526,機車-普通重型,0,40-49歲,女,1,0
9601,fb2aa82b9bdeedd7,2025/8/29,9,臺北市,中正區,25.038829,121.51543,小客車(含客、貨兩用)-自用,0,50-59歲,男,1,0
9602,5c26a6ead5fd779f,2025/9/3,9,高雄市,小港區,22.536761,120.366548,機車-普通重型,0,60歲以上,男,1,0
9603,b78239dd71e0be62,2025/1/22,10,臺中市,豐原區,24.2514,120.720646,機車-普通重型,0,40-49歲,男,2,0
9604,232eb6005e1a5c10,2025/9/4,12,桃園市,八德區,24.953981,121.326169,小客車(含客、貨兩用)-自用,0,40-49歲,男,1,0
9605,6ffc19d230ae2b79,2025/9/8,15,桃園市,八德區,24.929895,121.289599,小客車(含客、貨兩用)-自用,0,30-39歲,男,1,0
9606,d3cfbfc33144f65a,2025/2/17,12,桃園市,桃園區,25.005168,121.302064,小客車(含客、貨兩用)-自用,0,30-39歲,男,2,0
9607,805f684437661c9b,2025/6/11,11,臺中市,北區,24.155216,120.686497,小客車(含客、貨兩用)-自用,0,40-49歲,女,1,0
9608,19eda52c222e3a0b,2025/4/11,8,嘉義縣,水上鄉,23.433778,120.395912,小客車(含客、貨兩用)-自用,0,19歲以下,男,1,0
9609,452dde5badc35c94,2025/6/10,22,臺中市,西屯區,24.174041,120.661821,小客車(含客、貨兩用)-自用,0,50-59歲,男,1,0
9610,d5e571258313b20d,2025/10/26,19,臺中市,南區,24.125657,120.658242,機車-普通重型,0,40-49歲,女,2,0
9611,ec979f9112a702ea,2025/11/21,19,臺中市,西區,24.146503,120.662419,機車-普通重型,0,30-39歲,男,1,0
9612,b1b2ae000250ecbe,2025/9/17,7,臺北市,北投區,25.112597,121.515599,機車-普通輕型,0,50-59歲,男,2,0
9613,376ab7fb268b8c87,2025/6/1,9,臺南市,佳里區,23.179353,120.163275,機車-普通重型,0,50-59歲,男,2,0
9614,9e8fd3e893a22fc5,2025/1/1,20,嘉義縣,中埔鄉,23.453223,120.460008,小客車(含客、貨兩用)-自用,0,40-49歲,女,1,0
9615,2e0261eda1a605a3,2025/12/11,7,花蓮縣,壽豐鄉,23.860142,121.515057,機車-普通重型,0,30-39歲,男,2,0
9616,9851817f254a4858,2025/11/18,10,臺南市,東區,22.993307,120.234133,機車-普通重型,0,20-29歲,男,1,0
9617,67be6dd667bad212,2025/1/12,19,桃園市,桃園區,24.993877,121.278078,小客車(含客、貨兩用)-自用,0,40-49歲,女,1,0
9618,77b863769e347304,2025/11/14,22,宜蘭縣,宜蘭市,24.750816,121.752422,機車-普通重型,0,40-49歲,男,1,0
9619,76d6deab55816acd,2025/11/26,9,臺東縣,臺東市,22.727866,121.104286,曳引車-營業用,0,40-49歲,男,1,0
9620,464e996fdce85d53,2025/7/20,21,彰化縣,北斗鎮,23.870072,120.533674,機車-普通重型,0,30-39歲,女,1,0
9621,38144da20fd61ebe,2025/2/12,17,臺中市,神岡區,24.262581,120.702333,機車-普通重型,0,40-49歲,女,3,0
9622,ef82db8b473464c2,2025/5/19,0,彰化縣,大村鄉,23.986856,120.565801,機車-普通重型,0,20-29歲,男,2,0
9623,7a54b287a9b4d471,2025/8/5,14,新竹縣,竹北市,24.808053,121.034009,機車-普通重型,0,50-59歲,男,2,0
9624,0177e5271683a7cf,2025/6/19,17,臺中市,西屯區,24.157264,120.654694,機車-普通重型,0,40-49歲,女,1,0
9625,04f977b168c26f54,2025/4/30,19,臺東縣,臺東市,22.744255,121.137936,小客車(含客、貨兩用)-自用,0,40-49歲,男,1,0
9626,848ab626828a4263,2025/6/17,9,臺中市,東區,24.146582,120.694495,機車-普通輕型,0,50-59歲,男,2,0
9627,c0dfcfbcfcfeffa8,2025/11/1,18,新北市,土城區,24.98696,121.452886,機車-大型重型2(250-550C.C.),0,50-59歲,男,2,0
9628,f8f6e97523d41743,2025/6/22,16,彰化縣,鹿港鎮,24.078357,120.442476,小客車(含客、貨兩用)-計程車,0,30-39歲,男,1,0
9629,f4ab3417bcda6c12,2025/6/25,8,臺南市,永康區,22.998521,120.25308,小客車(含客、貨兩用)-自用,0,40-49歲,男,1,0
9630,e71c3e9453ee1865,2025/11/4,18,高雄市,小港區,22.568162,120.350409,機車-普通重型,0,50-59歲,男,1,0
9631,11c0af2890e75eab,2025/8/14,5,臺南市,北區,23.013327,120.197705,機車-普通重型,0,60歲以上,男,2,0
9632,6888e2ad55845c23,2025/9/27,7,臺東縣,關山鎮,23.071665,121.173151,機車-普通重型,0,30-39歲,男,2,0
9633,3ab843c70d685d13,2025/4/19,12,彰化縣,員林市,23.963266,120.574265,小客車(含客、貨兩用)-自用,0,40-49歲,男,1,0
9634,3ba424bf16eb6dd2,2025/4/23,14,新北市,板橋區,24.997796,121.430542,機車-普通重型,0,50-59歲,男,1,0
9635,c53dd7c2e9924bea,2025/4/24,12,臺中市,北區,24.152449,120.680584,小客車(含客、貨兩用)-自用,0,40-49歲,男,1,0
9636,f7a4edc1ba0e630a,2025/5/25,8,宜蘭縣,宜蘭市,24.758218,121.749591,小客車(含客、貨兩用)-自用,0,50-59歲,男,1,0
9637,6e796271e3928958,2025/9/7,6,桃園市,大園區,25.014255,121.224304,機車-普通重型,0,40-49歲,男,1,0
9638,a0999b5333fbfcbb,2025/8/20,18,臺中市,豐原區,24.279066,120.716851,小客車(含客、貨兩用)-自用,0,30-39歲,男,1,0
9639,b7397b7cb8f556ea,2025/9/12,18,新竹縣,湖口鄉,24.893229,121.061929,小客車(含客、貨兩用)-自用,0,60歲以上,男,1,0
9640,1dd2da7e0c53d97c,2025/3/27,17,新竹縣,竹東鎮,24.784672,121.04982,機車-普通重型,0,40-49歲,男,1,0
9641,e561ec06543e4503,2025/8/25,16,新竹縣,寶山鄉,24.764391,120.989448,機車-普通重型,0,50-59歲,男,2,0
9642,cc19e9b03e91863a,2025/6/6,4,苗栗縣,苗栗市,24.572171,120.83237,小客車(含客、貨兩用)-自用,0,19歲以下,男,1,0
9643,d46aa94cf27e38b3,2025/7/4,8,新北市,中和區,25.00937,121.48132,機車-普通重型,0,30-39歲,男,1,0
9644,1c11f7fe36ac91c7,2025/7/19,12,嘉義市,西區,23.468207,120.442265,小客車(含客、貨兩用)-自用,0,40-49歲,男,1,0
9645,5286ec1457a5f593,2025/4/19,16,新北市,蘆洲區,25.09249,121.488603,慢車-腳踏自行車,0,40-49歲,男,1,0
9646,959acc8aa0472264,2025/9/2,19,高雄市,前鎮,22.615508,120.297311,機車-普通重型,0,50-59歲,男,2,0
9647,b7e0e32d2b6d493e,2025/1/25,10,臺北市,士林區,25.108533,121.530633,機車-普通重型,0,20-29歲,男,1,0
9648,83b720ecbe4d60bc,2025/12/18,13,彰化縣,員林市,23.959122,120.561232,小客車(含客、貨兩用)-自用,0,19歲以下,男,1,0
9649,9818676dafb309b2,2025/4/14,6,新竹縣,湖口鄉,24.880273,121.007489,機車-普通重型,0,20-29歲,男,1,0
9650,fdfefb8a57de35a3,2025/1/17,10,臺中市,烏日區,24.122656,120.607188,機車-普通重型,0,50-59歲,女,1,0
9651,a43c35d9fd7e0b03,2025/10/23,18,新竹縣,竹東鎮,24.784427,121.034353,機車-普通重型,0,50-59歲,男,2,0
9652,e97c3dfda3c95ba6,2025/12/5,8,屏東縣,恆春鎮,21.987076,120.736908,機車-普通重型,0,40-49歲,男,2,0
9653,37aea5f32a1fcb2f,2025/1/8,8,臺中市,梧棲區,24.250803,120.555957,小客車(含客、貨兩用)-自用,0,50-59歲,男,1,0
9654,81874068105e84d6,2025/8/27,11,彰化縣,北斗鎮,23.876692,120.520047,小客車(含客、貨兩用)-自用,0,30-39歲,男,1,0
9655,62af75ac52d457c3,2025/11/25,11,新北市,新店區,25.009507,121.481447,小客車(含客、貨兩用)-自用,0,30-39歲,男,1,0
9656,34e21bbc875f2549,2025/8/19,16,桃園市,中壢區,25.004572,121.213562,機車-普通重型,0,30-39歲,男,2,0
9657,d795f87394095d76,2025/12/19,7,桃園市,中壢區,24.953905,121.22209,機車-普通重型,0,40-49歲,男,1,0
9658,16475ea018244bff,2025/7/18,13,新北市,板橋區,25.0022,121.455398,機車-普通重型,0,40-49歲,女,1,0
9659,7171d043ea385042,2025/3/30,12,基隆市,信義區,25.127836,121.754557,機車-普通重型,0,40-49歲,男,1,0
9660,6b948380b3438116,2025/8/8,7,桃園市,平鎮,24.911676,121.231431,小客車(含客、貨兩用)-自用,0,50-59歲,男,1,0
9661,ed3fe778b20392eb,2025/9/28,10,臺北市,大同區,25.062082,121.50975,機車-普通重型,0,40-49歲,男,2,0
9662,3e90d9d4b22b82c2,2025/4/12,13,高雄市,旗山區,22.88702,120.4831,機車-普通重型,0,60歲以上,男,2,0
9663,2aff3dd1a272b484,2025/4/13,16,桃園市,中壢區,24.955979,121.213718,機車-普通重型,0,20-29歲,男,3,0
9664,70607daa15e4b70d,2025/8/12,9,高雄市,三民區,22.663761,120.314866,機車-普通重型,0,60歲以上,男,1,0
9665,ba9aba56affcdbc4,2025/1/15,21,高雄市,三民區,22.641105,120.306728,人-行人,0,20-29歲,男,1,0
9666,8a26dfdd44b5c5df,2025/9/4,16,桃園市,中壢區,24.958443,121.193082,小客車(含客、貨兩用)-自用,0,40-49歲,男,1,0
9667,507faef890de30a1,2025/9/2,19,臺中市,西區,24.149861,120.657267,小客車(含客、貨兩用)-租賃車,0,19歲以下,男,1,0
9668,7b64bccd117e41db,2025/8/22,14,屏東縣,屏東市,22.697008,120.509054,機車-普通重型,0,40-49歲,男,1,0
9669,563927b32fad342a,2025/1/30,11,宜蘭縣,冬山鄉,24.671412,121.753578,小客車(含客、貨兩用)-自用,0,40-49歲,女,1,0
9670,9b9278667eb309fc,2025/7/20,19,臺中市,潭子區,24.213104,120.710792,小客車(含客、貨兩用)-自用,0,40-49歲,女,1,0
9671,2d62f0414a5b1391,2025/3/17,13,臺中市,龍井區,24.196617,120.546774,小客車(含客、貨兩用)-自用,0,50-59歲,男,1,0
9672,d732bf10dd64b2c2,2025/11/11,22,嘉義市,西區,23.472275,120.442559,慢車-腳踏自行車,0,20-29歲,男,1,0
9673,600ac729c7848811,2025/4/27,17,臺中市,北區,24.150283,120.676172,小客車(含客、貨兩用)-自用,0,40-49歲,男,1,0
9674,119b4a5bcf8cdaad,2025/11/29,9,臺北市,中山區,25.05253,121.52247,小客車(含客、貨兩用)-租賃車,0,40-49歲,男,1,0
9675,9401b0f5002e19e7,2025/9/30,15,宜蘭縣,宜蘭市,24.769911,121.756756,小客車(含客、貨兩用)-自用,0,40-49歲,男,1,0
9676,1518091cc67128bd,2025/7/21,18,桃園市,大園區,25.062491,121.195478,機車-普通重型,0,50-59歲,男,1,0
9677,e1e3a5000fd29faa,2025/5/2,23,臺中市,南屯區,24.145059,120.623057,小客車(含客、貨兩用)-自用,0,30-39歲,男,1,0
9678,94682224ebb59045,2025/12/24,11,新竹縣,芎林鄉,24.765792,121.108024,機車-普通重型,0,30-39歲,男,1,0
9679,80e5d1811047f17f,2025/3/30,13,嘉義縣,新港鄉,23.556365,120.347948,人-行人,0,40-49歲,男,2,0
9680,7767be95008b2b0b,2025/1/9,14,新竹市,東區,24.804325,120.984698,機車-普通重型,0,20-29歲,女,1,0
9681,42bc3372d58fc448,2025/12/7,15,新北市,新店區,24.953712,121.562873,未知,0,40-49歲,男,1,0
9682,605bd0964c393030,2025/9/13,3,雲林縣,虎尾鎮,23.70166,120.444463,機車-普通重型,0,50-59歲,男,1,0
9683,8964872a981ef830,2025/8/6,7,彰化縣,二林鎮,23.90378,120.368248,機車-普通重型,0,40-49歲,男,1,0
9684,a13eae30ca464b7d,2025/4/23,9,臺中市,西屯區,24.17544,120.649532,機車-普通重型,0,40-49歲,男,1,0
9685,02c265aaf87be25b,2025/3/10,8,臺北市,中正區,25.031888,121.520157,小客車(含客、貨兩用)-自用,0,40-49歲,男,1,0
9686,6b90a9a1a7c96e28,2025/12/26,18,臺中市,西區,24.139253,120.665758,小客車(含客、貨兩用)-自用,0,20-29歲,男,1,0
9687,8d5c3ee6ead37d8d,2025/2/4,11,高雄市,大寮區,22.61076,120.392709,機車-普通重型,0,40-49歲,女,1,0
9688,25185003f09ded58,2025/7/18,22,臺中市,北區,24.168581,120.678502,小客車(含客、貨兩用)-自用,0,19歲以下,男,1,0
9689,fb2f9f0ec7328200,2025/11/3,16,桃園市,大溪區,24.903559,121.265373,小客車(含客、貨兩用)-自用,0,40-49歲,男,1,0
9690,101f35f702f0c60f,2025/4/28,8,臺東縣,臺東市,22.70644,121.041842,機車-普通重型,0,50-59歲,男,1,0
9691,def193633820ba03,2025/11/8,13,高雄市,岡山區,22.757809,120.310685,小客車(含客、貨兩用)-自用,0,60歲以上,男,2,0
9692,661915cacb86090a,2025/5/24,11,桃園市,中壢區,24.954324,121.244167,機車-普通重型,0,40-49歲,男,1,0
9693,177ef4d8e2879a4b,2025/2/27,17,新北市,永和區,25.012497,121.522546,機車-普通重型,0,30-39歲,男,1,0
9694,e2e0bf508a6c4918,2025/4/4,17,臺南市,北區,23.006453,120.200061,機車-普通重型,0,60歲以上,男,2,0
9695,967934ef06eb61d3,2025/1/2,17,花蓮縣,富里鄉,23.268399,121.304519,小客車(含客、貨兩用)-自用,0,40-49歲,男,1,0
9696,e9d0f9444c0ff219,2025/12/9,17,嘉義市,東區,23.479528,120.456956,慢車-腳踏自行車,0,60歲以上,男,2,0
9697,aa32ee9be63222a8,2025/6/24,13,雲林縣,二崙鄉,23.796354,120.42575,小客車(含客、貨兩用)-租賃車,0,20-29歲,男,1,0
9698,fa7eafc8f4467980,2025/10/5,15,新北市,板橋區,24.99692,121.452464,機車-普通重型,0,60歲以上,男,3,0
9699,d0f5eee52158fd3f,2025/7/28,16,宜蘭縣,宜蘭市,24.737167,121.76141,機車-普通重型,0,30-39歲,女,1,0
9700,587f77b9b73bc495,2025/12/4,12,宜蘭縣,羅東鎮,24.672291,121.77765,小客車(含客、貨兩用)-自用,0,50-59歲,男,1,0
9701,f893a7cd633dea67,2025/9/15,10,桃園市,八德區,24.953539,121.291467,機車-普通重型,0,40-49歲,男,1,0
9702,88f256b4e5f51c12,2025/11/10,7,桃園市,八德區,24.945342,121.288431,機車-普通重型,0,50-59歲,男,1,0
9703,57e3566c2a1c8112,2025/11/11,9,臺南市,永康區,23.03233,120.247149,機車-普通重型,0,40-49歲,女,1,0
9704,31fdede7f01998c7,2025/1/19,15,桃園市,新屋區,24.975279,121.017961,機車-普通重型,0,20-29歲,男,1,0
9705,c9eaa8c073ca1808,2025/9/1,8,桃園市,中壢區,24.960047,121.168822,機車-普通重型,0,50-59歲,女,2,0
9706,83fbb2581c1e1cc6,2025/4/26,8,桃園市,桃園區,25.015705,121.316852,機車-普通重型,0,40-49歲,男,1,0
9707,d431397d606217c1,2025/12/25,16,臺南市,歸仁區,23.000521,120.273986,小客車(含客、貨兩用)-自用,0,30-39歲,男,1,0
9708,617fd24789c4d12f,2025/10/23,10,臺中市,外埔區,24.341841,120.638317,機車-普通重型,0,40-49歲,女,2,0
9709,e94dff00e6121c95,2025/2/14,8,新北市,林口區,25.083611,121.380233,小客車(含客、貨兩用)-自用,0,50-59歲,男,1,0
9710,90c03ed9dcf65a99,2025/2/13,18,臺中市,大雅區,24.237681,120.626904,慢車-微型電動二輪車,0,50-59歲,女,1,0
9711,2e7ac188962becdf,2025/4/27,22,臺南市,北區,23.001605,120.209018,機車-普通重型,0,50-59歲,男,1,0
9712,d9a56ad0bcfded6a,2025/8/26,6,彰化縣,和美鎮,24.117416,120.498699,機車-普通輕型,0,50-59歲,男,2,0
9713,2cd3f0aeefd3e1a2,2025/6/3,18,臺北市,大安區,25.030536,121.524314,慢車-腳踏自行車,0,20-29歲,男,1,0
9714,ffd06d0f79af2bd5,2025/3/30,16,臺南市,中西區,22.991847,120.209173,機車-普通重型,0,40-49歲,男,1,0
9715,95f5be19e19827d3,2025/8/26,21,桃園市,中壢區,24.975643,121.255368,機車-普通重型,0,40-49歲,女,1,0
9716,e401545a62891127,2025/5/12,6,金門縣,金城鎮,24.411519,118.330775,機車-普通重型,0,50-59歲,男,1,0
9717,8a6540b700b481c2,2025/4/8,10,臺東縣,成功鎮,23.101068,121.379995,機車-普通重型,0,19歲以下,男,2,0
9718,c02b1591e7709b04,2025/10/31,11,臺中市,北屯區,24.186994,120.691423,小貨車-自用,0,20-29歲,男,1,0
9719,6e1f80a7c8180ed5,2025/11/21,9,苗栗縣,苗栗市,24.574924,120.839975,機車-普通重型,0,30-39歲,女,1,0
9720,9d77130a5e34c55e,2025/9/24,8,臺中市,北區,24.16408,120.678197,小客車(含客、貨兩用)-自用,0,19歲以下,男,1,0
9721,e39faf2497c9e094,2025/1/20,17,新竹市,北區,24.815617,120.961017,機車-普通重型,0,20-29歲,男,2,0
9722,a92af59570b80c5d,2025/12/17,7,屏東縣,恆春鎮,21.991793,120.747269,機車-普通重型,0,40-49歲,男,3,0
9723,06341089db554151,2025/1/30,12,南投縣,名間鄉,23.821473,120.692182,機車-普通重型,0,50-59歲,男,2,0
9724,58449629b68d8e67,2025/2/25,11,臺南市,中西區,23.004282,120.193711,機車-普通重型,0,50-59歲,男,1,0
9725,e49227c163a3286c,2025/1/2,9,臺中市,北區,24.155327,120.669119,小客車(含客、貨兩用)-自用,0,40-49歲,男,4,0
9726,3101d869164a204e,2025/12/6,11,桃園市,蘆竹區,25.085501,121.286422,機車-普通重型,0,40-49歲,男,1,0
9727,b9426d66e8815c9b,2025/9/28,16,屏東縣,佳冬鄉,22.423643,120.556255,機車-普通重型,0,30-39歲,女,1,0
9728,d22e8f2fdfb638a3,2025/7/19,9,臺中市,大里區,24.104458,120.686606,機車-普通重型,0,40-49歲,男,1,0
9729,0238e0b7f153437d,2025/12/26,14,彰化縣,北斗鎮,23.872999,120.521954,機車-普通重型,0,50-59歲,男,2,0
9730,d47cde9202d5fb86,2025/11/27,7,臺中市,龍井區,24.194494,120.536107,機車-普通重型,0,40-49歲,男,2,0
9731,f03565bd9d489064,2025/7/23,9,桃園市,龍潭區,24.87734,121.211547,機車-普通重型,0,20-29歲,男,1,0
9732,a7685cd15deebce7,2025/3/19,17,新北市,新莊區,25.051503,121.451899,機車-普通重型,0,20-29歲,男,2,0
9733,2b930af99532ceec,2025/12/20,21,屏東縣,屏東市,22.669504,120.493781,機車-普通重型,0,50-59歲,男,2,0
9734,975cdb70ceb28d5a,2025/12/17,15,桃園市,蘆竹區,25.025246,121.260278,機車-普通重型,0,50-59歲,男,2,0
9735,426bd0c49bfc751b,2025/7/29,7,新竹市,東區,24.774073,121.026081,機車-普通重型,0,20-29歲,女,1,0
9736,a6d0700fd13054b0,2025/3/28,6,新竹縣,湖口鄉,24.872351,121.015558,小客車(含客、貨兩用)-自用,0,50-59歲,男,1,0
9737,0b15269b0cdfc56b,2025/8/19,18,臺南市,新化區,23.035918,120.308075,小客車(含客、貨兩用)-自用,0,40-49歲,男,1,0
9738,e89bd1ff0a28b5a0,2025/6/16,13,新北市,土城區,24.993307,121.501204,機車-大型重型2(250-550C.C.),0,50-59歲,女,1,0
9739,da159f506613558b,2025/2/5,12,宜蘭縣,五結鄉,24.692211,121.796986,慢車-腳踏自行車,0,50-59歲,男,1,0
9740,39bc27d4ad287cd1,2025/8/23,17,臺中市,南區,24.128577,120.669051,小客車(含客、貨兩用)-自用,0,19歲以下,女,2,0
9741,f0c5ff762da85e39,2025/1/26,20,新北市,三重區,25.079592,121.481755,小客車(含客、貨兩用)-計程車,0,60歲以上,男,1,0
9742,d3e487f4017ff8d8,2025/9/11,15,桃園市,八德區,24.93295,121.271195,機車-普通重型,0,60歲以上,男,1,0
9743,dbaf460765ca03d2,2025/5/21,21,臺南市,佳里區,23.165418,120.17818,小客車(含客、貨兩用)-自用,0,40-49歲,男,1,0
9744,ba24e9c6d7e1a678,2025/11/4,18,臺北市,士林區,25.101222,121.532839,小客車(含客、貨兩用)-自用,0,30-39歲,男,1,0
9745,16140fa859d8b0c5,2025/3/26,15,苗栗縣,竹南鎮,24.672408,120.856503,機車-普通重型,0,20-29歲,男,1,0
9746,0276dc98b824676a,2025/7/1,17,臺南市,新營區,23.303399,120.310687,小客車(含客、貨兩用)-自用,0,40-49歲,男,1,0
9747,8eda71d64e72e1e3,2025/7/27,14,桃園市,大園區,25.078322,121.259436,機車-普通重型,0,60歲以上,男,2,0
9748,05bc3e2851e9d6a1,2025/1/29,17,新北市,新莊區,25.036297,121.452619,機車-普通重型,0,30-39歲,女,2,0
9749,557f3a4245769525,2025/9/10,18,臺南市,南區,22.987186,120.191883,機車-普通重型,0,50-59歲,男,1,0
9750,0e48400d7c99299b,2025/3/30,17,桃園市,平鎮,24.941635,121.215726,小客車(含客、貨兩用)-自用,0,30-39歲,女,1,0
9751,c82fa720e66b933a,2025/12/23,14,臺南市,永康區,23.008186,120.257919,機車-普通重型,0,60歲以上,女,3,0
9752,ea94e96a0ee8f973,2025/12/8,14,臺中市,梧棲區,24.254278,120.532002,小客車(含客、貨兩用)-自用,0,20-29歲,男,1,0
9753,89da82d643cbc811,2025/12/11,13,臺南市,東區,22.964713,120.22103,小貨車-營業用,0,50-59歲,男,1,0
9754,90d22c359ef52b26,2025/9/18,16,高雄市,三民區,22.633692,120.320159,小客車(含客、貨兩用)-自用,0,40-49歲,男,1,0
9755,410ea150c00ab490,2025/8/8,17,桃園市,桃園區,24.989861,121.288685,小客車(含客、貨兩用)-自用,0,40-49歲,男,1,0
9756,bbe426abf371997a,2025/8/6,8,臺南市,新營區,23.30293,120.307233,機車-普通重型,0,40-49歲,男,2,0
9757,4fea64ca2a0d92ad,2025/3/6,7,臺中市,西屯區,24.173385,120.657324,機車-普通重型,0,30-39歲,男,1,0
9758,08516ff6454aa7fe,2025/3/3,12,桃園市,龜山區,24.997079,121.329534,機車-普通重型,0,50-59歲,男,1,0
9759,c3dc2b327e697620,2025/2/3,7,花蓮縣,鳳林鎮,23.747154,121.453379,機車-普通重型,0,20-29歲,男,1,0
9760,cb37cd84205ef15e,2025/5/26,8,桃園市,桃園區,24.987914,121.318105,機車-普通重型,0,40-49歲,男,1,0
9761,935ab5a6a6797268,2025/12/31,8,臺中市,太平區,24.131595,120.719402,機車-普通重型,0,40-49歲,女,2,0
9762,acfd77c16448b800,2025/11/20,10,桃園市,八德區,24.948055,121.29757,機車-普通重型,0,30-39歲,女,1,0
9763,44cc4bfb49c2596f,2025/7/7,10,雲林縣,斗六市,23.695271,120.538098,小客車(含客、貨兩用)-自用,0,40-49歲,男,1,0
9764,38c705b104cde7fd,2025/9/22,10,嘉義縣,民雄鄉,23.524634,120.440309,機車-普通重型,0,50-59歲,男,2,0
9765,88fa18dd80f772c6,2025/8/24,19,高雄市,苓雅區,22.618426,120.302617,機車-普通重型,0,40-49歲,女,1,0
9766,a6bc7cff4ed1e155,2025/9/8,16,彰化縣,和美鎮,24.106388,120.501373,機車-普通重型,0,50-59歲,女,2,0
9767,e440df2156c5473e,2025/1/8,14,彰化縣,彰化市,24.076158,120.547294,機車-普通重型,0,60歲以上,男,2,0
9768,d4fe95b301343fc7,2025/6/7,13,彰化縣,彰化市,24.063414,120.533411,機車-普通重型,0,20-29歲,男,1,0
9769,519903750986b495,2025/8/10,9,彰化縣,彰化市,24.080699,120.542645,小客車(含客、貨兩用)-自用,0,50-59歲,男,1,0
9770,7ca43f160aecd50d,2025/11/17,12,桃園市,蘆竹區,25.060449,121.271643,小客車(含客、貨兩用)-自用,0,20-29歲,男,1,0
9771,642b67e3b9b0c05c,2025/12/4,11,新北市,中和區,24.999557,121.511673,小客車(含客、貨兩用)-計程車,0,50-59歲,男,1,0
9772,2d0cfe55860892ac,2025/5/22,4,高雄市,小港區,22.53045,120.3582,機車-普通重型,0,50-59歲,男,1,0
9773,eecc1fb1c97369bd,2025/9/30,17,新竹市,北區,24.806354,120.964152,小客車(含客、貨兩用)-自用,0,20-29歲,男,1,0
9774,2e059051f1bb6f30,2025/12/11,12,高雄市,大寮區,22.60011,120.3998,小客車(含客、貨兩用)-自用,0,30-39歲,男,1,0
9775,c57f4124923c605a,2025/7/14,15,高雄市,仁武區,22.67031,120.36,機車-普通重型,0,20-29歲,男,2,0
9776,393814990603e904,2025/12/31,21,臺北市,內湖區,25.060902,121.60145,機車-普通重型,0,60歲以上,男,2,0
9777,930b4cc99838024a,2025/9/26,7,屏東縣,屏東市,22.682718,120.492209,小客車(含客、貨兩用)-自用,0,20-29歲,女,1,0
9778,f6ea4f378bcdd139,2025/9/23,9,臺中市,西屯區,24.188074,120.641386,機車-普通重型,0,40-49歲,男,1,0
9779,2261540d33cd0b4b,2025/7/25,8,臺中市,豐原區,24.274463,120.746503,未知,0,40-49歲,男,1,0
9780,f150e31f2b776ada,2025/6/16,8,臺南市,仁德區,22.97166,120.251601,小客車(含客、貨兩用)-自用,0,40-49歲,男,1,0
9781,6694130e2d85d708,2025/8/22,10,宜蘭縣,宜蘭市,24.75067,121.750823,機車-普通重型,0,40-49歲,女,1,0
9782,b45f57e43c0f730a,2025/3/12,17,臺中市,大肚區,24.16109,120.557558,機車-普通重型,0,19歲以下,男,1,0
9783,97a77bd1ea303948,2025/3/22,12,臺北市,大安區,25.029689,121.548453,機車-普通重型,0,50-59歲,男,1,0
9784,c8a85193cce204bf,2025/1/9,8,桃園市,中壢區,24.972151,121.205396,機車-普通重型,0,50-59歲,男,1,0
9785,6ddbc7141767f3cb,2025/6/16,18,臺中市,太平區,24.157022,120.727214,機車-普通重型,0,50-59歲,男,1,0
9786,ed5377060e765af1,2025/3/2,17,高雄市,仁武區,22.68549,120.3389,機車-普通重型,0,19歲以下,男,2,0
9787,1879428210062fea,2025/6/23,15,臺中市,大雅區,24.211205,120.650431,小貨車-自用,0,40-49歲,男,1,0
9788,1b6c385438966cf8,2025/7/21,18,高雄市,前鎮,22.567405,120.364457,機車-普通重型,0,40-49歲,男,1,0
9789,9a1da85b89b97aee,2025/2/6,15,臺南市,永康區,23.005583,120.26901,機車-普通重型,0,40-49歲,女,2,0
9790,de7352883a34ee97,2025/10/23,7,新北市,鶯歌區,24.957211,121.346054,機車-普通重型,0,40-49歲,男,1,0
9791,0a6fddc0480bc67e,2025/2/3,19,彰化縣,田中鎮,23.855794,120.59683,小客車(含客、貨兩用)-自用,0,19歲以下,男,1,0
9792,663db17eb118ce76,2025/1/17,19,嘉義市,西區,23.48232,120.433855,小客車(含客、貨兩用)-自用,0,50-59歲,男,3,0
9793,a0405eb9b01e47a4,2025/1/21,7,臺中市,北屯區,24.188229,120.689664,機車-普通重型,0,30-39歲,男,1,0
9794,c2c809dee70358ac,2025/7/16,4,基隆市,安樂區,25.147414,121.702445,機車-普通重型,0,40-49歲,男,1,0
9795,b191a704ea3b1206,2025/4/29,10,彰化縣,彰化市,24.086979,120.549811,機車-普通重型,0,30-39歲,男,1,0
9796,0531e44b2d080e94,2025/6/4,7,臺南市,仁德區,22.955959,120.247621,機車-普通重型,0,40-49歲,男,2,0
9797,d0b1ca3969cead2d,2025/12/17,14,南投縣,南投市,23.908314,120.686183,小客車(含客、貨兩用)-自用,0,20-29歲,男,1,0
9798,ef70665511012cba,2025/5/16,16,南投縣,埔里鎮,23.967358,120.946637,機車-普通重型,0,40-49歲,女,2,0
9799,b4fd4bf546a4de84,2025/5/12,8,新竹縣,竹東鎮,24.771569,121.051041,機車-普通重型,0,30-39歲,男,1,0
9800,0bbe8f522369d4fa,2025/9/5,13,新北市,鶯歌區,24.955781,121.343648,機車-普通重型,0,30-39歲,男,2,0
9801,c3bfa3f057a945f8,2025/9/24,9,臺中市,霧峰區,24.077927,120.670667,機車-普通重型,0,30-39歲,女,2,0
9802,2a27f0c184ef0775,2025/5/6,12,臺中市,北屯區,24.190526,120.690464,機車-普通重型,0,50-59歲,男,1,0
9803,2bac9bb4cde3fe81,2025/10/14,8,新北市,板橋區,25.004242,121.462333,機車-普通重型,0,40-49歲,男,2,0
9804,49eea33cfcf97a61,2025/5/13,18,臺中市,北屯區,24.162233,120.722992,小客車(含客、貨兩用)-自用,0,50-59歲,男,1,0
9805,6d94bf15efefd2da,2025/5/29,6,臺中市,北屯區,24.178908,120.698684,機車-普通重型,0,30-39歲,男,1,0
9806,a0e3712dfd9bae11,2025/6/16,18,臺北市,內湖區,25.0647,121.590538,小客車(含客、貨兩用)-租賃車,0,30-39歲,女,1,0
9807,978f2b51be24b128,2025/11/14,10,臺南市,安平區,22.990911,120.172163,機車-普通重型,0,50-59歲,女,2,0
9808,1acb31316ef7e8e2,2025/12/31,12,桃園市,中壢區,24.960635,121.231903,機車-普通重型,0,40-49歲,男,2,0
9809,75e12cc36c4e0236,2025/12/17,19,高雄市,楠梓區,22.727789,120.329744,小貨車-租賃小貨車,0,19歲以下,男,3,0
9810,7d08defe14f751ae,2025/5/1,18,彰化縣,彰化市,24.061377,120.53308,機車-普通重型,0,19歲以下,男,1,0
9811,99746652b381d2ad,2025/6/14,9,雲林縣,虎尾鎮,23.725804,120.462593,小貨車-自用,0,50-59歲,男,1,0
9812,eef7f81c25601fc3,2025/3/9,15,嘉義市,東區,23.47745,120.45654,機車-普通重型,0,19歲以下,男,2,0
9813,89928f5430927aa2,2025/9/19,20,新北市,蘆洲區,25.081493,121.45978,小客車(含客、貨兩用)-自用,0,40-49歲,男,1,0
9814,8f4ee426aaf1cce2,2025/10/27,22,高雄市,鳥松區,22.656814,120.340843,機車-普通重型,0,40-49歲,男,2,0
9815,bb9b13e2686c4901,2025/10/9,15,桃園市,中壢區,24.957013,121.216219,機車-普通重型,0,60歲以上,男,2,0
9816,b65b24f805a93014,2025/7/16,12,高雄市,前金區,22.62336,120.2938,機車-普通重型,0,40-49歲,男,1,0
9817,e975ba13b3fe49fa,2025/9/6,8,臺中市,南屯區,24.154416,120.620487,機車-普通重型,0,50-59歲,男,2,0
9818,74ed4e096b9e8907,2025/3/5,20,新北市,土城區,24.973265,121.435084,機車-普通重型,0,50-59歲,男,1,0
9819,22f289982f95f49f,2025/2/24,13,臺南市,東區,22.970394,120.230536,機車-普通重型,0,60歲以上,男,1,0
9820,64ecf234bfe23b11,2025/5/22,10,花蓮縣,花蓮市,23.991302,121.596481,機車-普通輕型,0,40-49歲,女,1,0
9821,60ce62d883152d65,2025/10/15,19,臺中市,梧棲區,24.241617,120.54708,機車-普通重型,0,19歲以下,男,1,0
9822,edd9be09c43e6dd7,2025/10/3,16,新竹縣,新豐鄉,24.866764,120.990079,機車-普通重型,0,50-59歲,男,1,0
9823,8ff4df479782112a,2025/7/3,7,嘉義市,東區,23.485626,120.452075,機車-普通重型,0,50-59歲,男,2,0
9824,242e0d17d8dd4c99,2025/10/9,8,苗栗縣,竹南鎮,24.716881,120.905935,機車-普通重型,0,50-59歲,男,2,0
9825,12384a4846a45423,2025/1/17,9,臺中市,太平區,24.150132,120.728598,機車-普通重型,0,20-29歲,男,1,0
9826,23fd3cf9c1a061f4,2025/9/11,11,高雄市,大寮區,22.54734,120.4089,機車-普通重型,0,50-59歲,男,2,0
9827,64b594486737a454,2025/8/17,11,彰化縣,和美鎮,24.095764,120.512605,機車-普通重型,0,20-29歲,男,2,0
9828,4a63c14810f307c8,2025/1/20,15,臺北市,中正區,25.047578,121.520374,機車-普通重型,0,60歲以上,男,1,0
9829,7d655f973fb5b0a3,2025/1/24,12,桃園市,大溪區,24.903276,121.266397,小客車(含客、貨兩用)-自用,0,50-59歲,男,1,0
9830,f3016d6f3f772cd0,2025/10/22,10,彰化縣,彰化市,24.086807,120.539453,機車-普通重型,0,20-29歲,男,1,0
9831,3fa5a35556396d78,2025/7/6,21,基隆市,中山區,25.145924,121.738616,小客車(含客、貨兩用)-自用,0,50-59歲,男,1,0
9832,ac1044a8723b053a,2025/1/25,12,新竹縣,新埔鎮,24.782844,121.079406,小客車(含客、貨兩用)-自用,0,30-39歲,女,1,0
9833,a1025c09a00c9787,2025/5/29,6,澎湖縣,馬公市,23.575917,119.571117,機車-普通重型,0,50-59歲,男,1,0
9834,a0080b59fc4754b6,2025/3/6,0,臺北市,松山區,25.05,121.572144,未知,0,40-49歲,男,1,0
9835,dd51c5c24878acce,2025/2/9,16,彰化縣,彰化市,24.057848,120.534269,機車-普通重型,0,30-39歲,女,1,0
9836,dd8f1f213323177e,2025/7/2,8,苗栗縣,竹南鎮,24.687945,120.849732,機車-普通重型,0,19歲以下,男,1,0
9837,945ac1f9eba0c70c,2025/4/2,18,臺中市,太平區,24.110367,120.71469,機車-普通重型,0,40-49歲,男,2,0
9838,20b94fc09f5a1afe,2025/4/23,21,桃園市,桃園區,24.997315,121.319137,人-其他人,0,20-29歲,男,2,0
9839,5dc40ca8369dbc42,2025/5/27,16,新竹縣,新埔鎮,24.844535,121.129901,未知,0,40-49歲,女,1,0
9840,2b76be45ad6a6e5f,2025/3/4,10,高雄市,前鎮,22.612328,120.332741,小客車(含客、貨兩用)-自用,0,30-39歲,男,1,0
9841,03ff99328545dece,2025/5/17,8,彰化縣,彰化市,24.065089,120.525041,小客車(含客、貨兩用)-自用,0,50-59歲,男,1,0
9842,6f3ca075e33f89ef,2025/2/13,8,新竹縣,新埔鎮,24.825514,121.086848,機車-普通重型,0,40-49歲,男,1,0
9843,e490966043e7d0d0,2025/2/6,15,臺中市,西屯區,24.166699,120.647488,小貨車-自用,0,50-59歲,男,1,0
9844,ac936dfe9c0cc2c8,2025/9/4,16,宜蘭縣,頭城鎮,24.826836,121.820253,機車-普通重型,0,60歲以上,男,1,0
9845,9043982739748f2c,2025/6/10,19,臺南市,永康區,23.017094,120.243208,機車-普通重型,0,30-39歲,男,2,0
9846,542164a913523c37,2025/7/13,10,嘉義市,西區,23.479536,120.424644,機車-普通重型,0,30-39歲,男,1,0
9847,b93f3c5a9d8be383,2025/4/24,22,臺中市,大里區,24.121728,120.692419,機車-普通重型,0,40-49歲,男,1,0
9848,1f8385b999b775e8,2025/12/17,21,新北市,三重區,25.064507,121.49721,小客車(含客、貨兩用)-自用,0,50-59歲,男,1,0
9849,69e7b5f729bc8c98,2025/11/1,11,臺中市,大肚區,24.168684,120.579598,小貨車-自用,0,40-49歲,男,1,0
9850,91bd1fa80913654d,2025/12/2,8,高雄市,三民區,22.64799,120.316855,小客車(含客、貨兩用)-自用,0,40-49歲,男,1,0
9851,3078e7760df35882,2025/4/25,7,苗栗縣,苗栗市,24.570159,120.825016,機車-普通重型,0,40-49歲,男,1,0
9852,a6a5d471bc02743f,2025/2/1,19,臺南市,仁德區,22.97004,120.267344,小客車(含客、貨兩用)-自用,0,40-49歲,男,1,0
9853,d9cd66e01a929817,2025/5/3,6,臺東縣,臺東市,22.780833,121.122303,小客車(含客、貨兩用)-租賃車,0,40-49歲,男,1,0
9854,425265df44362e29,2025/5/9,18,新北市,新莊區,25.033547,121.453971,機車-普通重型,0,20-29歲,男,2,0
9855,6552793c387830bd,2025/11/5,9,高雄市,楠梓區,22.751589,120.331592,小客車(含客、貨兩用)-自用,0,50-59歲,男,1,0
9856,7335ef99a68579e3,2025/2/18,7,臺中市,北區,24.167106,120.67272,機車-普通重型,0,50-59歲,女,1,0
9857,1ac05c7faf14613a,2025/9/24,18,臺中市,西屯區,24.17576,120.637402,機車-普通重型,0,40-49歲,男,1,0
9858,905d3d684c712513,2025/10/30,8,臺南市,仁德區,22.927277,120.221539,小貨車-自用,0,40-49歲,男,1,0
9859,1be8ee984b386195,2025/1/12,19,高雄市,三民區,22.63788,120.298,小客車(含客、貨兩用)-自用,0,30-39歲,男,1,0
9860,821041925f2732ae,2025/3/25,16,宜蘭縣,冬山鄉,24.656271,121.760318,小客車(含客、貨兩用)-自用,0,50-59歲,男,1,0
9861,a7c56ecc5c2f1c8c,2025/4/8,8,雲林縣,斗六市,23.711212,120.543234,小客車(含客、貨兩用)-自用,0,50-59歲,男,1,0
9862,68d0ffae1f076a40,2025/1/23,9,臺北市,大同區,25.0516,121.513915,小客車(含客、貨兩用)-自用,0,20-29歲,男,1,0
9863,15f9df13ff7a41a1,2025/4/29,11,桃園市,中壢區,24.962754,121.263753,機車-普通重型,0,20-29歲,男,1,0
9864,f04c06f29454c7b7,2025/12/2,16,臺南市,新營區,23.309291,120.320072,機車-普通重型,0,30-39歲,男,2,0
9865,a0d6e2289ed7d010,2025/7/10,19,嘉義市,西區,23.48695,120.425584,機車-普通重型,0,19歲以下,男,1,0
9866,f0d3cd22d09a85e5,2025/9/25,15,臺南市,安平區,22.982761,120.181145,機車-普通重型,0,40-49歲,女,1,0
9867,b7b1de4a12ba85c7,2025/7/4,11,新北市,中和區,24.980473,121.469241,小客車(含客、貨兩用)-租賃車,0,20-29歲,男,1,0
9868,fc57011cdc33de1d,2025/10/8,18,屏東縣,麟洛鄉,22.655779,120.549871,機車-普通重型,0,50-59歲,男,1,0
9869,7fc930eda7423b9d,2025/5/31,18,新北市,汐止區,25.072434,121.663043,人-行人,0,40-49歲,男,2,0
9870,379b6ab1c9b17d8e,2025/10/1,7,雲林縣,古坑鄉,23.624072,120.555138,機車-普通重型,0,40-49歲,男,1,0
9871,bb88b7340dc7a7d8,2025/4/15,11,臺中市,北區,24.15462,120.677124,機車-普通重型,0,40-49歲,男,1,0
9872,7b872bc0ab6b9267,2025/12/1,19,臺中市,西屯區,24.168905,120.639043,機車-普通重型,0,60歲以上,男,1,0
9873,cd7c503c7ee6a738,2025/4/19,9,臺南市,東區,22.968141,120.235956,小客車(含客、貨兩用)-自用,0,40-49歲,男,1,0
9874,618ac3f65cde342a,2025/4/10,18,桃園市,蘆竹區,25.024254,121.246985,小客車(含客、貨兩用)-自用,0,30-39歲,女,1,0
9875,585140dcd7879346,2025/3/16,21,新北市,五股區,25.071225,121.444257,機車-普通重型,0,60歲以上,男,1,0
9876,e8fb78f48d7531f4,2025/2/13,6,新北市,鶯歌區,24.951132,121.339677,機車-普通重型,0,50-59歲,男,2,0
9877,c3f82362e31f1e01,2025/4/25,15,彰化縣,福興鄉,24.04564,120.45998,小客車(含客、貨兩用)-自用,0,50-59歲,女,1,0
9878,1b85f9bdafe3e11d,2025/2/5,6,臺北市,士林區,25.088442,121.512724,機車-普通重型,0,40-49歲,男,1,0
9879,171a5ff9d1ce5a58,2025/11/23,15,臺北市,中正區,25.041358,121.513094,機車-普通重型,0,60歲以上,男,5,0
9880,fab8f9586cb04025,2025/11/19,7,新竹縣,湖口鄉,24.858153,121.016335,機車-普通重型,0,50-59歲,男,1,0
9881,6790f3505fe4b477,2025/6/7,2,新北市,新莊區,25.047323,121.452654,小客車(含客、貨兩用)-計程車,0,40-49歲,男,1,0
9882,6a88eaa7432988b4,2025/11/19,12,嘉義縣,大林鎮,23.602494,120.462033,小客車(含客、貨兩用)-自用,0,20-29歲,男,1,0
9883,b371d3f289492f4c,2025/5/12,10,臺中市,北屯區,24.186891,120.662644,慢車-電動輔助自行車,0,40-49歲,男,1,0
9884,04e069ba7c90e463,2025/1/12,12,高雄市,前鎮,22.603351,120.335152,機車-普通重型,0,40-49歲,男,1,0
9885,9b17932d2c3cf916,2025/5/22,10,臺南市,歸仁區,22.987809,120.292539,機車-普通重型,0,40-49歲,男,1,0
9886,ea8ff7ce515d643b,2025/7/28,18,嘉義縣,民雄鄉,23.562114,120.466823,機車-普通重型,0,50-59歲,男,1,0
9887,a0e71066c1005edb,2025/7/28,7,臺中市,北屯區,24.180137,120.719611,機車-普通重型,0,50-59歲,男,1,0
9888,1d440a5c2dd84f77,2025/11/19,7,新北市,蘆洲區,25.084352,121.471092,機車-普通重型,0,20-29歲,女,1,0
9889,38ebadcb9aa5a253,2025/11/7,18,高雄市,大寮區,22.61772,120.3848,小貨車-自用,0,50-59歲,女,3,0
9890,073e77d4684cd699,2025/5/16,10,新北市,新莊區,25.055632,121.441252,小客車(含客、貨兩用)-計程車,0,20-29歲,男,2,0
9891,40b1630d93f853e2,2025/2/21,14,新北市,三重區,25.075917,121.479152,人-行人,0,40-49歲,男,1,0
9892,4e3ad0df38e3ed9f,2025/6/26,9,嘉義縣,民雄鄉,23.562294,120.432458,機車-普通重型,0,20-29歲,男,1,0
9893,56c4876f8c076c30,2025/6/30,18,新竹市,北區,24.823661,120.978754,小客車(含客、貨兩用)-自用,0,19歲以下,男,1,0
9894,a4c344b959ab2b2a,2025/11/5,17,彰化縣,芬園鄉,24.013697,120.63572,小客車(含客、貨兩用)-自用,0,30-39歲,女,1,0
9895,da3e4c2d9d11b581,2025/11/15,7,高雄市,左營區,22.6869,120.3133,機車-普通重型,0,50-59歲,男,1,0
9896,e8a1a910b3110f81,2025/11/22,15,高雄市,大樹區,22.673983,120.406367,機車-普通重型,0,50-59歲,男,1,0
9897,1e0471576a15a74d,2025/2/23,22,高雄市,鳳山區,22.623527,120.360068,機車-普通重型,0,20-29歲,男,3,0
9898,f20e0022266f293b,2025/10/25,9,桃園市,桃園區,25.018392,121.30135,人-行人,0,60歲以上,男,2,0
9899,1ce771dfa4195a45,2025/6/16,11,臺北市,內湖區,25.084737,121.597875,小客車(含客、貨兩用)-自用,0,50-59歲,男,1,0
9900,e6ab9312423f335c,2025/10/19,12,高雄市,三民區,22.6499,120.3091,小客車(含客、貨兩用)-自用,0,19歲以下,男,1,0
9901,e54ba118f7aee3ff,2025/6/23,16,桃園市,八德區,24.958399,121.295818,機車-普通重型,0,40-49歲,男,2,0
9902,184a0bd7a49b733e,2025/8/31,23,新竹市,東區,24.799869,120.991003,機車-普通重型,0,40-49歲,女,1,0
9903,680ca2f4e042983c,2025/5/3,6,新北市,石碇區,24.989467,121.663062,小客車(含客、貨兩用)-自用,0,30-39歲,男,1,0
9904,d520f70e317b2452,2025/11/14,6,新北市,新莊區,25.022353,121.434999,機車-普通重型,0,20-29歲,女,2,0
9905,5edf6e8fff9ba86c,2025/1/23,15,新竹縣,竹北市,24.841123,120.985559,機車-普通重型,0,40-49歲,男,2,0
9906,9801ef4976864251,2025/4/29,15,新竹縣,湖口鄉,24.89594,121.043156,小客車(含客、貨兩用)-自用,0,40-49歲,男,1,0
9907,f04383a31fa28725,2025/9/24,7,新北市,中和區,24.9961,121.511501,機車-普通重型,0,30-39歲,男,3,0
9908,deb34bd679daf69f,2025/11/7,20,高雄市,橋頭區,22.750267,120.313933,機車-普通重型,0,50-59歲,女,1,0
9909,ddeb53389d4023a5,2025/12/6,20,屏東縣,東港鎮,22.466395,120.46198,小客車(含客、貨兩用)-自用,0,50-59歲,男,1,0
9910,93a09a2554feff10,2025/7/20,19,臺中市,沙鹿區,24.261276,120.588394,小客車(含客、貨兩用)-計程車,0,40-49歲,男,1,0
9911,5f663d2c89043435,2025/8/22,10,臺南市,永康區,22.999771,120.246353,小客車(含客、貨兩用)-自用,0,19歲以下,女,2,0
9912,0a9bb895917015b6,2025/8/13,22,新北市,板橋區,25.015355,121.462231,機車-普通重型,0,30-39歲,男,1,0
9913,d4ad1ff94a2f7fec,2025/10/28,10,桃園市,平鎮,24.948498,121.211236,小客車(含客、貨兩用)-計程車,0,40-49歲,男,1,0
9914,52f94518e0041b59,2025/10/29,14,臺北市,北投區,25.114633,121.506639,機車-普通重型,0,60歲以上,男,1,0
9915,057c1c898a8689be,2025/1/18,12,臺北市,中山區,25.057466,121.533007,小客車(含客、貨兩用)-自用,0,40-49歲,女,1,0
9916,ef57bbc06ab5abc6,2025/8/6,17,高雄市,大寮區,22.5961,120.401979,機車-普通重型,0,50-59歲,男,3,0
9917,7fe89092e77c29b7,2025/6/7,10,彰化縣,社頭鄉,23.932406,120.60275,小貨車-自用,0,30-39歲,男,1,0
9918,0fcb05e168bdd9b7,2025/4/17,17,新北市,土城區,24.988461,121.446735,機車-普通重型,0,50-59歲,男,1,0
9919,de67ca8cf6a8415f,2025/5/6,17,高雄市,三民區,22.668237,120.316838,機車-普通重型,0,40-49歲,男,1,0
9920,281df67bd15ba2f9,2025/10/28,11,臺中市,西區,24.147989,120.665177,小客車(含客、貨兩用)-自用,0,40-49歲,男,1,0
9921,2cf82d599beeaf43,2025/4/28,19,臺南市,仁德區,22.968638,120.259253,小客車(含客、貨兩用)-自用,0,40-49歲,女,1,0
9922,e03999c7015319de,2025/7/1,7,臺南市,安定區,23.09749,120.213703,機車-普通重型,0,50-59歲,男,1,0
9923,4e34d10371b208e9,2025/10/30,8,臺南市,安南區,23.043723,120.200031,機車-普通重型,0,30-39歲,男,1,0
9924,bae917831d5ce0ce,2025/11/17,12,嘉義市,西區,23.457534,120.443658,小客車(含客、貨兩用)-自用,0,20-29歲,男,1,0
9925,9fd0d620cd8efcfe,2025/6/6,12,新北市,三重區,25.047488,121.475623,機車-普通重型,0,30-39歲,男,2,0
9926,e8792843820ab0db,2025/5/24,11,新北市,板橋區,25.009199,121.454786,小客車(含客、貨兩用)-自用,0,50-59歲,女,1,0
9927,b3fe3ebc14e57ad2,2025/7/12,9,屏東縣,內埔鄉,22.608224,120.565483,其他車-動力機械,0,40-49歲,男,1,0
9928,58ddd74f966b2d04,2025/2/21,23,臺中市,豐原區,24.245314,120.713677,小客車(含客、貨兩用)-自用,0,20-29歲,女,1,0
9929,82021b5abb859574,2025/5/1,9,屏東縣,新園鄉,22.473918,120.44475,小貨車-自用,0,40-49歲,男,2,0
9930,21465c4736ad2d85,2025/12/24,7,桃園市,龜山區,25.043844,121.297695,小客車(含客、貨兩用)-自用,0,40-49歲,男,2,0
9931,e84f8523e03df73c,2025/7/19,19,桃園市,平鎮,24.933778,121.215025,機車-普通重型,0,50-59歲,男,1,0
9932,0f667334a1c3727c,2025/3/25,13,臺南市,中西區,22.987541,120.18688,小貨車-自用,0,50-59歲,男,1,0
9933,6aeaf556223230f9,2025/9/13,14,苗栗縣,泰安鄉,24.424662,121.01339,小客車(含客、貨兩用)-自用,0,40-49歲,男,1,0
9934,ab98d91113a57af9,2025/11/25,19,新竹縣,竹東鎮,24.753127,121.074473,機車-普通重型,0,40-49歲,男,1,0
9935,723b59ffcb5b44d0,2025/4/18,23,彰化縣,員林市,23.956455,120.566629,小客車(含客、貨兩用)-自用,0,40-49歲,男,2,0
9936,6e3a306a23348686,2025/6/27,9,南投縣,埔里鎮,23.973158,120.967344,機車-普通重型,0,60歲以上,男,1,0
9937,eddb23c463fc47e5,2025/10/17,9,臺南市,善化區,23.140261,120.308954,機車-普通重型,0,40-49歲,男,1,0
9938,3dbbacc733af22f8,2025/11/17,16,臺北市,信義區,25.033102,121.56116,小客車(含客、貨兩用)-自用,0,19歲以下,男,1,0
9939,bf8cf459bf7e58c5,2025/8/1,11,苗栗縣,苗栗市,24.578925,120.824095,慢車-腳踏自行車,0,30-39歲,男,1,0
9940,6b0bdfce258d7cdd,2025/6/30,7,新北市,新莊區,25.056761,121.442516,機車-普通重型,0,30-39歲,男,2,0
9941,fa9738a4206c51d6,2025/1/9,22,臺中市,霧峰區,24.078444,120.714064,小客車(含客、貨兩用)-自用,0,40-49歲,男,1,0
9942,d13d110b4be3979a,2025/2/12,18,新北市,深坑區,25.001894,121.615705,小客車(含客、貨兩用)-自用,0,19歲以下,男,1,0
9943,4b889997b9d1df17,2025/5/9,20,臺中市,大雅區,24.225776,120.645845,機車-普通重型,0,20-29歲,男,2,0
9944,1e61ce3db7aacfef,2025/1/28,11,基隆市,仁愛區,25.128425,121.741301,人-行人,0,50-59歲,男,1,0
9945,6fd20cb364096c38,2025/11/15,4,花蓮縣,新城鄉,24.073727,121.608707,小客車(含客、貨兩用)-自用,0,50-59歲,女,2,0
9946,dd878af4825f69a0,2025/2/15,9,臺北市,大安區,25.029299,121.533937,小客車(含客、貨兩用)-自用,0,50-59歲,男,1,0
9947,369ac32b394b1b30,2025/2/11,11,新竹市,北區,24.808873,120.950602,人-行人,0,40-49歲,男,2,0
9948,1a3e61451105ab1b,2025/1/27,16,新北市,新店區,24.982728,121.519294,機車-普通重型,0,40-49歲,男,2,0
9949,a6ba3ab9a6563c02,2025/4/12,11,新竹市,東區,24.775953,121.020046,機車-普通重型,0,40-49歲,男,1,0
9950,c420a719b71f591c,2025/8/15,16,新北市,鶯歌區,24.948461,121.338319,機車-普通重型,0,40-49歲,男,1,0
9951,554b3ad319cccc4f,2025/1/14,18,新北市,五股區,25.09678,121.446304,機車-普通重型,0,40-49歲,男,2,0
9952,f90ed8519ba3cfd5,2025/8/25,6,基隆市,中正區,25.152481,121.768391,機車-普通重型,0,40-49歲,女,2,0
9953,ade6a5fc022b3e8e,2025/4/7,18,新北市,板橋區,25.020913,121.456427,機車-普通重型,0,40-49歲,男,1,0
9954,ebe5487290363229,2025/5/27,14,南投縣,埔里鎮,23.962359,120.975868,小客車(含客、貨兩用)-自用,0,40-49歲,男,1,0
9955,c660f7a8bf38770c,2025/10/17,8,臺中市,東區,24.13503,120.682706,機車-普通重型,0,30-39歲,男,1,0
9956,bc1ffecec924933d,2025/8/12,8,臺南市,麻豆區,23.160098,120.221487,機車-普通重型,0,30-39歲,男,1,0
9957,413ee0765d5dbadc,2025/4/16,8,南投縣,埔里鎮,23.966211,120.964729,機車-普通重型,0,40-49歲,男,1,0
9958,0b82187648360d2e,2025/2/11,13,桃園市,八德區,24.919976,121.263742,小客車(含客、貨兩用)-自用,0,30-39歲,男,1,0
9959,337a828d90f573ff,2025/3/28,18,雲林縣,斗南鎮,23.669397,120.480707,機車-普通重型,0,50-59歲,男,1,0
9960,978d511a297546d6,2025/1/2,5,臺北市,松山區,25.048174,121.547556,小貨車-自用,0,50-59歲,男,1,0
9961,edcd8ec79ab09e9f,2025/9/29,8,屏東縣,新埤鄉,22.477002,120.606668,機車-普通重型,0,50-59歲,男,1,0
9962,ddb2480fafac9844,2025/1/16,17,新北市,中和區,24.996628,121.481272,人-乘客,0,20-29歲,男,1,0
9963,ffad7b19dd4d8c70,2025/2/15,12,高雄市,橋頭區,22.75783,120.3103,機車-普通重型,0,60歲以上,女,2,0
9964,564f87092bdaeb8b,2025/6/23,19,嘉義市,東區,23.494592,120.467872,機車-普通重型,0,40-49歲,女,2,0
9965,2dc0044e2128088d,2025/7/31,17,臺南市,中西區,22.99682,120.20564,機車-普通重型,0,40-49歲,男,2,0
9966,6fca715ad31a4768,2025/6/8,8,臺南市,永康區,23.001409,120.25545,機車-普通重型,0,50-59歲,男,2,0
9967,4f1339e825d30beb,2025/6/21,12,彰化縣,花壇鄉,24.021035,120.57754,小貨車-自用,0,50-59歲,男,1,0
9968,e42d72850f50b741,2025/2/19,13,彰化縣,花壇鄉,24.03592,120.575881,小客車(含客、貨兩用)-自用,0,50-59歲,男,1,0
9969,bffc1b537b45392a,2025/10/7,20,臺南市,中西區,23.004787,120.192032,慢車-微型電動二輪車,0,40-49歲,男,2,0
9970,12858b1fde556879,2025/9/15,17,臺南市,北區,23.004887,120.202977,機車-普通重型,0,50-59歲,女,1,0
9971,6c8df07df7112bc3,2025/12/31,18,臺中市,豐原區,24.242789,120.703301,小客車(含客、貨兩用)-自用,0,40-49歲,男,1,0
9972,12fc1a6587274f9a,2025/9/28,16,桃園市,龍潭區,24.880443,121.229263,機車-普通重型,0,60歲以上,男,1,0
9973,00d36cc7f0be4c61,2025/4/24,18,新北市,淡水區,25.1702,121.445652,小客車(含客、貨兩用)-自用,0,40-49歲,男,1,0
9974,1496766d626a1c05,2025/6/8,16,高雄市,仁武區,22.680685,120.341733,曳引車-營業用,0,50-59歲,男,1,0
9975,0ef67bc133471e4b,2025/7/28,11,臺中市,南屯區,24.14615,120.634569,小客車(含客、貨兩用)-計程車,0,40-49歲,女,1,0
9976,262c0eb499bcf824,2025/8/31,14,桃園市,八德區,24.977364,121.273961,機車-普通重型,0,50-59歲,男,1,0
9977,d14a0cb9c8a97be8,2025/4/11,23,桃園市,大溪區,24.91618,121.290311,小客車(含客、貨兩用)-自用,0,30-39歲,男,1,0
9978,4d6758440272d309,2025/2/14,9,臺中市,西屯區,24.18064,120.64406,機車-普通重型,0,40-49歲,男,1,0
9979,15c76b8c4bc1ff23,2025/3/4,11,臺中市,沙鹿區,24.247168,120.558535,機車-普通重型,0,40-49歲,男,1,0
9980,aae747fcd51eece0,2025/5/2,16,臺南市,東區,22.988716,120.233522,小客車(含客、貨兩用)-自用,0,60歲以上,男,1,0
9981,5f0159eb5c81eb7a,2025/11/15,21,新北市,瑞芳區,25.110663,121.775379,小客車(含客、貨兩用)-自用,0,30-39歲,男,1,0
9982,f95aaf6cc95cb8be,2025/3/24,10,新北市,板橋區,25.006173,121.459662,小客車(含客、貨兩用)-自用,0,40-49歲,男,1,0
9983,fb8ec8c8f5403a3d,2025/4/8,9,臺中市,西區,24.137324,120.674223,小客車(含客、貨兩用)-自用,0,30-39歲,男,1,0
9984,9efac1b92eb7e526,2025/4/11,11,臺東縣,臺東市,22.774459,121.092834,機車-普通重型,0,30-39歲,男,1,0
9985,f14bf65615408d70,2025/4/24,7,臺中市,西區,24.1337,120.658452,機車-普通重型,0,30-39歲,男,1,0
9986,42016c25c0d86df9,2025/7/31,0,臺南市,永康區,23.008408,120.23123,小貨車-自用,0,20-29歲,男,1,0
9987,dd6bef72446e3825,2025/6/15,13,臺中市,霧峰區,24.041142,120.691951,小客車(含客、貨兩用)-自用,0,60歲以上,男,1,0
9988,aaa00ab178c189a3,2025/12/1,9,臺南市,東區,22.967438,120.229219,機車-普通重型,0,50-59歲,男,1,0
9989,f5e44bc913accb09,2025/4/17,8,雲林縣,土庫鎮,23.706604,120.37176,其他車-其他車,0,40-49歲,男,1,0
9990,05507c0b84441b7b,2025/7/24,21,桃園市,桃園區,25.00669,121.320994,機車-普通重型,0,50-59歲,男,1,0
9991,053cac6e6b4ad697,2025/10/31,16,屏東縣,內埔鄉,22.616546,120.567707,機車-普通重型,0,60歲以上,男,2,0
9992,5475534a67e438b6,2025/4/14,17,臺中市,西區,24.146717,120.668198,機車-普通重型,0,40-49歲,男,1,0
9993,6d45c56baf6215ab,2025/3/28,10,臺北市,大安區,25.02401,121.552286,機車-普通重型,0,40-49歲,男,1,0
9994,98c1583873fb9168,2025/9/11,6,臺中市,大里區,24.090028,120.727934,機車-普通重型,0,40-49歲,女,1,0
9995,2299b65cc5423287,2025/10/21,8,臺中市,東區,24.150909,120.696724,機車-普通重型,0,50-59歲,男,3,0
9996,44033af1b1f392bf,2025/8/29,12,屏東縣,屏東市,22.659913,120.506047,小客車(含客、貨兩用)-自用,0,40-49歲,男,1,0
9997,23b3b808b6f956ca,2025/1/2,14,高雄市,三民區,22.635144,120.344439,小客車(含客、貨兩用)-自用,0,40-49歲,女,1,0
9998,c5a5995c508b4a4a,2025/5/14,17,新北市,中和區,25.003418,121.496098,機車-普通重型,0,30-39歲,女,1,0
9999,042a2de59962ccee,2025/3/20,8,新北市,五股區,25.081495,121.441968,機車-普通重型,0,40-49歲,男,2,0
10000,66b480f0ce30e88c,2025/10/24,14,桃園市,八德區,24.93756,121.307005,機車-普通重型,0,40-49歲,男,1,0
10001,5dc8d6e018f4e952,2025/7/4,12,新竹市,香山區,24.786461,120.916694,小客車(含客、貨兩用)-自用,0,60歲以上,男,1,0
10002,8bcddc2ee6015c0d,2025/4/24,12,臺中市,西區,24.137023,120.667313,機車-普通重型,0,30-39歲,男,2,0
10003,a72469f5d906aff0,2025/6/28,18,南投縣,埔里鎮,23.968787,120.971851,機車-普通重型,0,50-59歲,女,2,0
10004,0e0bc968a1191449,2025/3/3,21,苗栗縣,竹南鎮,24.692841,120.877201,機車-普通重型,0,40-49歲,男,1,0
10005,53ced47b8ed04d48,2025/5/24,21,桃園市,桃園區,24.995883,121.305775,機車-普通重型,0,60歲以上,女,1,0
10006,72f9b0267d21d464,2025/12/29,10,彰化縣,芳苑鄉,23.999975,120.377447,小客車(含客、貨兩用)-自用,0,20-29歲,男,2,0
10007,8b0180f838338b78,2025/6/24,21,彰化縣,彰化市,24.056476,120.525844,機車-普通重型,0,50-59歲,男,2,0
10008,2a08387ebc1217a8,2025/1/14,22,臺南市,北區,23.002624,120.224789,小客車(含客、貨兩用)-計程車,0,40-49歲,男,1,0
10009,8492023d0b55e6a2,2025/11/10,13,南投縣,南投市,23.953246,120.682139,小客車(含客、貨兩用)-自用,0,50-59歲,女,2,0
10010,9291fd97569f20ab,2025/10/27,9,嘉義市,東區,23.47531,120.461818,機車-普通重型,0,50-59歲,男,1,0
10011,cc7ca30f92e9fb3d,2025/5/8,7,桃園市,平鎮,24.949638,121.203444,機車-普通重型,0,40-49歲,男,1,0
10012,fc3e0c7bbdb2fb7b,2025/4/30,8,屏東縣,恆春鎮,21.994546,120.745917,機車-普通重型,0,40-49歲,女,2,0
10013,107efd61f04b2f8d,2025/6/26,18,新竹縣,竹北市,24.835675,121.020343,機車-普通重型,0,40-49歲,男,1,0
10014,9c70f44656fc5788,2025/4/11,11,臺北市,大安區,25.016375,121.532821,小客車(含客、貨兩用)-自用,0,50-59歲,男,1,0
10015,9d89d8af08e85342,2025/10/4,10,臺中市,梧棲區,24.255391,120.545542,小客車(含客、貨兩用)-自用,0,50-59歲,女,1,0
10016,29575b4f1efeba40,2025/5/6,18,高雄市,左營區,22.68052,120.3194,小客車(含客、貨兩用)-自用,0,60歲以上,女,1,0
10017,f4c92ccf12b2f806,2025/10/4,14,新北市,林口區,25.075084,121.359436,機車-普通重型,0,60歲以上,男,1,0
10018,2451023fffb6fcdb,2025/4/1,7,臺中市,大里區,24.101394,120.703628,機車-普通重型,0,40-49歲,女,1,0
10019,afbccd6ac6d9b210,2025/1/14,17,臺北市,文山區,24.998763,121.545665,小客車(含客、貨兩用)-自用,0,30-39歲,男,1,0
10020,e4d6afcdb62d2140,2025/1/23,7,臺中市,西屯區,24.198329,120.642642,機車-普通重型,0,50-59歲,男,1,0
10021,ff1afec73579a544,2025/7/9,8,臺南市,東區,22.988705,120.231893,小貨車-自用,0,60歲以上,女,1,0
10022,b128a51e4c78db63,2025/7/22,17,彰化縣,社頭鄉,23.895696,120.580897,機車-普通重型,0,60歲以上,女,3,0
10023,42c3a6c48feb8db5,2025/3/20,21,臺中市,東區,24.127289,120.700722,小客車(含客、貨兩用)-自用,0,40-49歲,女,1,0
10024,0f77f90e698e81c8,2025/10/27,18,花蓮縣,吉安鄉,23.964443,121.589443,小客車(含客、貨兩用)-自用,0,60歲以上,男,1,0
10025,dd5214c5294a45cf,2025/6/17,8,雲林縣,崙背鄉,23.760702,120.353615,機車-普通重型,0,30-39歲,男,1,0
10026,f720881918d9492d,2025/10/3,11,新北市,土城區,24.981699,121.443284,大客車-自用,0,40-49歲,男,1,0
10027,cb91ce43491753cf,2025/10/7,5,桃園市,中壢區,24.932648,121.233072,機車-普通重型,0,50-59歲,男,1,0
10028,08cc6bad8e88d9de,2025/4/14,10,彰化縣,員林市,23.958653,120.575272,機車-普通重型,0,19歲以下,男,1,0
10029,fc1401e2dc0057b3,2025/7/2,10,臺北市,大同區,25.053902,121.516162,機車-普通重型,0,19歲以下,女,3,0
10030,3e03703e273ca6c1,2025/7/11,17,新竹縣,芎林鄉,24.770616,121.076987,小客車(含客、貨兩用)-自用,0,19歲以下,男,1,0
10031,5405e068d5a58cf2,2025/3/18,8,桃園市,龍潭區,24.841517,121.244469,小客車(含客、貨兩用)-自用,0,30-39歲,男,1,0
10032,d771d4f22cdb5906,2025/12/30,17,南投縣,南投市,23.924071,120.688105,慢車-微型電動二輪車,0,40-49歲,男,2,0
10033,2097b4fc9da1c029,2025/5/25,11,新北市,新店區,24.974473,121.537259,慢車-電動輔助自行車,0,50-59歲,男,1,0
10034,445474b351529573,2025/6/19,16,臺南市,新營區,23.305301,120.286189,機車-普通重型,0,40-49歲,女,1,0
10035,96a7aea19672dd34,2025/5/13,1,基隆市,暖暖區,25.108071,121.732873,小客車(含客、貨兩用)-自用,0,60歲以上,女,1,0
10036,0b6c571205f0ea49,2025/5/5,7,臺南市,中西區,22.996583,120.195618,機車-普通重型,0,40-49歲,男,2,0
10037,9acadbd83a9e0965,2025/11/28,8,桃園市,中壢區,24.972537,121.191674,小客車(含客、貨兩用)-自用,0,19歲以下,男,1,0
10038,3e86d8aa715768cf,2025/3/7,15,臺中市,太平區,24.13312,120.720574,慢車-微型電動二輪車,0,20-29歲,男,1,0
10039,262787ecf7e040e5,2025/3/24,13,桃園市,桃園區,25.018433,121.300657,機車-普通重型,0,40-49歲,女,1,0
10040,5f9b0d3bc6022312,2025/4/22,19,屏東縣,屏東市,22.65676,120.516959,機車-普通重型,0,30-39歲,男,2,0
10041,3a5d3de9b54f5e94,2025/4/7,5,嘉義市,西區,23.494534,120.438027,小客車(含客、貨兩用)-自用,0,40-49歲,男,1,0
10042,f82fecdf8e51da1c,2025/3/1,13,新北市,永和區,25.003271,121.517945,小客車(含客、貨兩用)-自用,0,50-59歲,男,1,0
10043,403a23e712a91d70,2025/4/3,10,臺南市,永康區,23.03209,120.281787,機車-普通重型,0,30-39歲,男,1,0
10044,4673c3a2a92fdbc7,2025/9/15,11,新竹縣,湖口鄉,24.861589,121.00479,機車-普通重型,0,40-49歲,男,1,0
10045,6eadf7de62953611,2025/2/27,20,臺中市,沙鹿區,24.207047,120.559548,小客車(含客、貨兩用)-自用,0,40-49歲,男,1,0
10046,2fa0634b5701e532,2025/7/16,0,高雄市,三民區,22.645176,120.309429,慢車-腳踏自行車,0,40-49歲,男,1,0
10047,22771b20e72e91df,2025/2/17,6,臺中市,南區,24.119524,120.66301,小客車(含客、貨兩用)-自用,0,40-49歲,男,1,0
10048,277c9a38c4e694f7,2025/9/30,11,嘉義市,東區,23.47985,120.4555,小客車(含客、貨兩用)-自用,0,30-39歲,男,1,0
10049,d73686bd0b4dffc0,2025/4/20,13,臺北市,中山區,25.046462,121.536813,小客車(含客、貨兩用)-計程車,0,50-59歲,男,3,0
10050,84e40060359b4cdd,2025/6/6,9,新北市,蘆洲區,25.089692,121.459412,機車-普通重型,0,60歲以上,男,2,0
10051,89d411f669629362,2025/10/17,7,新竹縣,竹北市,24.835347,121.01188,機車-普通重型,0,20-29歲,男,1,0
10052,9bef76483155a7b8,2025/4/27,17,高雄市,三民區,22.648009,120.303373,機車-普通重型,0,50-59歲,男,1,0
10053,61cbc1e0e2b0af7c,2025/10/9,6,嘉義市,西區,23.474976,120.437872,機車-普通重型,0,50-59歲,男,1,0
10054,e117bdf4044c63f8,2025/10/23,17,臺南市,永康區,23.025097,120.255033,機車-普通重型,0,40-49歲,男,2,0
10055,ed5a5af9402326cd,2025/3/18,18,屏東縣,東港鎮,22.467056,120.459643,機車-普通重型,0,60歲以上,男,1,0
10056,464e0caa77cec55e,2025/3/16,15,雲林縣,斗六市,23.711046,120.541139,機車-普通重型,0,40-49歲,男,1,0
10057,3a44b3b021c68b5d,2025/12/7,18,新竹市,東區,24.802309,120.978518,機車-普通重型,0,30-39歲,男,2,0
10058,6dbb8e40ea85af76,2025/1/2,22,臺中市,南屯區,24.148211,120.622879,慢車-腳踏自行車,0,30-39歲,男,1,0
10059,1de6028e35e777e4,2025/12/24,6,臺北市,中山區,25.058057,121.526439,小客車(含客、貨兩用)-租賃車,0,50-59歲,男,1,0
10060,9b99aa8a8737e3e1,2025/8/14,7,彰化縣,彰化市,24.087971,120.538845,機車-普通重型,0,60歲以上,男,2,0
10061,011ecc00865f76a0,2025/5/21,14,澎湖縣,馬公市,23.562219,119.585584,機車-普通重型,0,40-49歲,女,1,0
10062,80c6a7053f36e4a9,2025/11/3,15,屏東縣,潮州鎮,22.549262,120.555406,慢車-電動輔助自行車,0,60歲以上,男,1,0
10063,4d4133c3ceb04ac6,2025/4/11,17,臺中市,烏日區,24.102876,120.612685,機車-普通重型,0,20-29歲,男,1,0
10064,d2eb4e89272b5d68,2025/10/18,12,新竹縣,橫山鄉,24.706018,121.175684,小客車(含客、貨兩用)-自用,0,40-49歲,男,1,0
10065,534cf0877bdd15a3,2025/12/12,20,嘉義市,西區,23.468319,120.434187,小貨車-自用,0,50-59歲,男,1,0
10066,a2786ee00ff1c5d5,2025/2/19,17,臺中市,北屯區,24.175497,120.698903,小客車(含客、貨兩用)-自用,0,50-59歲,男,1,0
10067,aa739801f85525ba,2025/9/5,9,高雄市,岡山區,22.820142,120.309953,機車-普通輕型,0,20-29歲,男,2,0
10068,d52d38812d35610d,2025/9/22,7,屏東縣,潮州鎮,22.553014,120.538945,機車-普通重型,0,30-39歲,女,1,0
10069,a83da7824a133543,2025/1/21,18,臺中市,大甲區,24.390498,120.653761,人-行人,0,40-49歲,男,2,0
10070,8d63c1636119160a,2025/3/16,11,臺中市,北屯區,24.205497,120.793172,大客車-公營公車,0,50-59歲,男,1,0
10071,9e44683f9e4a3949,2025/7/3,10,屏東縣,屏東市,22.646899,120.464648,機車-普通重型,0,30-39歲,男,1,0
10072,d9ea5201b77559d8,2025/5/2,14,屏東縣,萬丹鄉,22.589496,120.485011,機車-普通重型,0,50-59歲,男,1,0
10073,c4584c6ef44d6658,2025/1/10,19,新北市,三重區,25.05594,121.49092,機車-普通重型,0,50-59歲,男,1,0
10074,5d11422c518802e6,2025/4/14,8,屏東縣,屏東市,22.67473,120.480777,慢車-微型電動二輪車,0,30-39歲,女,2,0
10075,06d18afb529e82ea,2025/6/20,8,臺南市,中西區,22.996833,120.199775,機車-普通重型,0,50-59歲,男,2,0
10076,a43def3518bf7ee6,2025/10/20,19,臺南市,永康區,23.026252,120.258651,機車-普通重型,0,30-39歲,男,1,0
10077,264d5349de1ab5bb,2025/5/19,7,高雄市,大寮區,22.578838,120.428756,慢車-微型電動二輪車,0,60歲以上,男,3,0
10078,99ffea242271bc30,2025/2/12,21,屏東縣,長治鄉,22.678162,120.528731,小客車(含客、貨兩用)-自用,0,40-49歲,男,1,0
10079,90bbc5bd69fa0b35,2025/1/22,13,金門縣,金城鎮,24.429126,118.321999,慢車-腳踏自行車,0,40-49歲,男,1,0
10080,5ede9bd27db63302,2025/1/6,18,桃園市,八德區,24.963663,121.317129,機車-普通重型,0,40-49歲,男,2,0
10081,8957edfb89e79088,2025/11/10,11,臺南市,安平區,22.99375,120.17423,機車-普通重型,0,50-59歲,男,2,0
10082,61cacd684737f9ea,2025/8/31,10,新竹市,東區,24.773661,120.966528,機車-普通重型,0,60歲以上,男,2,0
10083,f75cefc9938688e5,2025/4/17,19,臺中市,大里區,24.114933,120.676251,小客車(含客、貨兩用)-自用,0,40-49歲,男,2,0
10084,494853ef4acbd2e8,2025/8/8,6,屏東縣,潮州鎮,22.542852,120.552757,機車-普通重型,0,50-59歲,男,1,0
10085,19c8f4a151cd0288,2025/3/21,19,臺中市,南區,24.124027,120.656732,機車-普通重型,0,40-49歲,男,1,0
10086,3fa6de4ad62d5c8f,2025/3/16,18,臺南市,東區,22.993365,120.228233,機車-普通重型,0,20-29歲,女,2,0
10087,5b2a87deb94ba844,2025/8/9,10,臺南市,新營區,23.298101,120.316934,機車-普通重型,0,40-49歲,男,1,0
10088,8f7841e343896fad,2025/9/5,11,桃園市,桃園區,25.01586,121.312196,機車-普通重型,0,40-49歲,男,2,0
10089,aee246bd37d3ea17,2025/4/2,7,苗栗縣,頭份市,24.695489,120.889066,慢車-腳踏自行車,0,20-29歲,女,1,0
10090,a12b3503f09db8fb,2025/8/27,17,彰化縣,溪州鄉,23.85348,120.490986,小客車(含客、貨兩用)-自用,0,40-49歲,男,1,0
10091,cc3d6a76bc27d6ee,2025/8/14,17,新北市,林口區,25.075082,121.368944,小客車(含客、貨兩用)-自用,0,40-49歲,男,1,0
10092,b26936205978c1d9,2025/6/16,7,彰化縣,溪州鄉,23.852581,120.497102,機車-普通重型,0,40-49歲,女,1,0
10093,68217f8f171b0294,2025/7/25,17,臺南市,佳里區,23.161393,120.167778,小客車(含客、貨兩用)-自用,0,50-59歲,男,1,0
10094,91789fa376fcdf47,2025/3/8,21,嘉義縣,新港鄉,23.567742,120.349619,機車-普通重型,0,40-49歲,男,1,0
10095,21dd3c80363dec45,2025/7/3,13,雲林縣,北港鎮,23.574917,120.29153,小客車(含客、貨兩用)-自用,0,40-49歲,男,1,0
10096,6260f94234b19877,2025/9/7,8,嘉義市,西區,23.495472,120.443472,慢車-微型電動二輪車,0,40-49歲,男,1,0
10097,57d86dc964ca4f27,2025/1/20,17,新北市,樹林區,24.996929,121.423579,機車-普通重型,0,30-39歲,男,1,0
10098,c801f821f42859a1,2025/3/29,18,新北市,三重區,25.046352,121.472979,機車-普通重型,0,50-59歲,男,2,0
10099,681f8e3c6e56edda,2025/3/29,9,雲林縣,崙背鄉,23.760185,120.351615,慢車-電動輔助自行車,0,50-59歲,男,1,0
10100,d04b46fc1ec54b6f,2025/3/23,20,臺中市,西屯區,24.17669,120.63609,機車-普通重型,0,40-49歲,男,1,0
10101,75742cb26a9eaefa,2025/10/7,12,臺中市,西屯區,24.173254,120.630524,機車-普通重型,0,60歲以上,男,2,0
10102,f2991f137cb9fe2d,2025/1/6,18,臺中市,南屯區,24.126548,120.632125,機車-普通重型,0,40-49歲,男,1,0
10103,c92e991d48512fbf,2025/1/31,12,屏東縣,泰武鄉,22.569202,120.661539,小客車(含客、貨兩用)-自用,0,30-39歲,男,1,0
10104,df2fbd08012e22eb,2025/9/2,15,新竹縣,芎林鄉,24.779547,121.076486,小客車(含客、貨兩用)-自用,0,40-49歲,女,2,0
10105,a78d27526c708b09,2025/7/30,6,臺北市,信義區,25.043317,121.566092,小客車(含客、貨兩用)-租賃車,0,60歲以上,男,1,0
10106,2b4296e658ca8cfa,2025/5/27,14,彰化縣,和美鎮,24.136206,120.509963,小客車(含客、貨兩用)-自用,0,30-39歲,男,1,0
10107,e24ff28f86f1d071,2025/2/25,12,新竹市,東區,24.798126,120.962979,小客車(含客、貨兩用)-自用,0,50-59歲,女,1,0
10108,e41cc271cb32a11b,2025/9/25,17,彰化縣,芬園鄉,24.018641,120.627472,小客車(含客、貨兩用)-自用,0,60歲以上,男,1,0
10109,66b060cc31497522,2025/5/30,22,桃園市,大園區,25.061624,121.209018,小客車(含客、貨兩用)-租賃車,0,30-39歲,男,1,0
10110,9dd77f2551033104,2025/8/7,9,新北市,三峽區,24.935849,121.368177,機車-普通重型,0,40-49歲,女,2,0
10111,3c43187e1678a2c8,2025/8/14,14,新北市,三峽區,24.936338,121.36874,小客車(含客、貨兩用)-自用,0,30-39歲,男,1,0
10112,322c9af2b7cdd425,2025/12/27,1,臺南市,安南區,23.060298,120.191265,大貨車-營業用,0,50-59歲,男,1,0
10113,fdd08e996e9c8c34,2025/12/7,9,臺南市,北區,23.003676,120.217618,機車-普通重型,0,40-49歲,男,1,0
10114,fa0a4b77ec832cff,2025/7/14,13,桃園市,桃園區,24.989203,121.306107,機車-普通重型,0,60歲以上,男,1,0
10115,4f52e81d3fe0bcab,2025/6/30,7,彰化縣,大城鄉,23.847342,120.294219,機車-普通重型,0,40-49歲,男,1,0
10116,ba1c94b5943ebd69,2025/6/5,10,桃園市,大園區,25.043583,121.194244,機車-普通重型,0,40-49歲,男,1,0
10117,91d4f1c5c845b513,2025/5/15,23,臺中市,南屯區,24.126164,120.634897,慢車-微型電動二輪車,0,50-59歲,男,1,0
10118,2a359ea218173754,2025/10/30,12,臺北市,中正區,25.012159,121.535512,機車-普通重型,0,40-49歲,女,2,0
10119,712f427cb67830a8,2025/1/25,1,高雄市,前鎮,22.586974,120.322722,小客車(含客、貨兩用)-自用,0,40-49歲,男,2,0
10120,76cd41ba67c88d58,2025/6/21,16,屏東縣,竹田鄉,22.600375,120.537029,慢車-電動輔助自行車,0,30-39歲,男,1,0
10121,b0aca630c683ea6c,2025/11/1,12,臺中市,北屯區,24.183728,120.665131,機車-普通重型,0,50-59歲,男,1,0
10122,3414817ec5062c7e,2025/5/3,11,臺南市,東區,22.99282,120.228094,機車-普通重型,0,20-29歲,男,1,0
10123,f0bc37383bdfcd2a,2025/5/17,14,彰化縣,彰化市,24.092917,120.568118,機車-普通重型,0,40-49歲,女,2,0
10124,6c20d4410df799c0,2025/7/15,10,高雄市,新興區,22.630655,120.311549,機車-普通重型,0,50-59歲,男,1,0
10125,5bb6cf80f7826ddd,2025/9/3,6,新北市,新莊區,25.009006,121.481307,小客車(含客、貨兩用)-計程車,0,40-49歲,男,1,0
10126,997479fab6437a4c,2025/12/27,14,新北市,樹林區,25.009769,121.480175,機車-普通重型,0,20-29歲,男,1,0
10127,39edf1f7b0bff017,2025/8/12,7,臺南市,新市,23.07767,120.295591,機車-普通重型,0,40-49歲,男,1,0
10128,390503323ab7639a,2025/5/13,8,澎湖縣,馬公市,23.563471,119.580617,機車-普通重型,0,50-59歲,男,2,0
10129,737f859b4906644a,2025/10/3,18,臺南市,南區,22.976491,120.191153,機車-普通重型,0,40-49歲,男,2,0
10130,3083565dd0b8d653,2025/6/2,7,臺中市,太平區,24.13329,120.725776,機車-普通重型,0,30-39歲,男,2,0
10131,3863f1e8a8dcedd6,2025/5/7,9,南投縣,草屯鎮,23.979859,120.68316,機車-普通重型,0,40-49歲,男,2,0
10132,45d1a65be56bd195,2025/3/22,17,臺中市,豐原區,24.236557,120.722498,機車-普通重型,0,50-59歲,男,2,0
10133,45c34b2564d41960,2025/11/16,11,臺中市,太平區,24.129061,120.717832,慢車-腳踏自行車,0,50-59歲,男,2,0
10134,fea5b347a56086f4,2025/5/28,17,新北市,八里區,25.134812,121.449562,機車-普通重型,0,50-59歲,男,1,0
10135,d776a8fccd23f322,2025/8/12,16,南投縣,埔里鎮,23.967406,120.962255,機車-普通重型,0,40-49歲,男,1,0
10136,3948c2d6ba0f9dff,2025/8/14,13,臺中市,大肚區,24.159632,120.540742,機車-普通重型,0,40-49歲,男,2,0
10137,ac0b81e3e6ec3bbd,2025/10/9,15,桃園市,蘆竹區,25.031117,121.232853,機車-普通重型,0,50-59歲,女,3,0
10138,0ee086a29a1ab258,2025/7/4,19,新北市,板橋區,25.014331,121.463636,小客車(含客、貨兩用)-計程車,0,40-49歲,男,1,0
10139,4e2e1687a3f532b1,2025/12/16,16,臺中市,大甲區,24.345879,120.622886,機車-普通重型,0,50-59歲,男,1,0
10140,16369e89fbdc9b2c,2025/5/31,20,臺南市,仁德區,22.947249,120.251201,未知,0,50-59歲,女,1,0
10141,c319f00c1e1fa4d6,2025/4/18,6,桃園市,八德區,24.926887,121.296652,機車-普通重型,0,40-49歲,男,1,0
10142,e42b73fc5f26f652,2025/8/5,9,桃園市,中壢區,25.01547,121.18474,小貨車-營業用,0,60歲以上,男,2,0
10143,282882dd0c28c0c9,2025/9/26,7,臺南市,麻豆區,23.167993,120.220181,機車-普通重型,0,30-39歲,男,3,0
10144,7a7a5c752dde05ca,2025/9/8,13,桃園市,中壢區,24.976304,121.249999,機車-普通重型,0,60歲以上,男,1,0
10145,b0b4155067f8b1f9,2025/8/26,16,臺南市,歸仁區,22.973369,120.272698,小客車(含客、貨兩用)-自用,0,40-49歲,男,1,0
10146,f7f46323cfc2fc74,2025/5/16,17,新北市,汐止區,25.070157,121.631214,機車-普通重型,0,50-59歲,男,2,0
10147,2335905199f6eac7,2025/11/20,7,新竹縣,竹北市,24.821576,121.025977,小客車(含客、貨兩用)-自用,0,30-39歲,男,1,0
10148,e53380ac4b179ec6,2025/9/25,7,高雄市,鳳山區,22.614566,120.351878,機車-普通重型,0,50-59歲,男,3,0
10149,29c484237b729f26,2025/8/18,8,桃園市,觀音區,25.035591,121.077685,未知,0,50-59歲,男,1,0
10150,c5d5369547b1b0a7,2025/3/21,10,彰化縣,埔心鄉,23.936892,120.511265,未知,0,40-49歲,男,1,0
10151,f3f45d53459d80a3,2025/9/8,7,桃園市,中壢區,24.996079,121.179905,機車-普通重型,0,50-59歲,男,2,0
10152,fb178cadb3d7e863,2025/5/9,9,彰化縣,埔鹽鄉,23.992856,120.476573,機車-普通重型,0,30-39歲,男,1,0
10153,18b65da625822d7e,2025/8/6,7,桃園市,大園區,25.079706,121.260107,機車-普通重型,0,19歲以下,男,2,0
10154,3135556eb42e6113,2025/1/24,17,雲林縣,斗六市,23.720967,120.542954,機車-普通重型,0,50-59歲,男,4,0
10155,d366f11e595fffca,2025/11/26,21,新北市,新店區,24.976724,121.524172,小客車(含客、貨兩用)-計程車,0,50-59歲,男,1,0
10156,de4a01e504eeb01c,2025/4/18,17,桃園市,桃園區,25.025973,121.282338,機車-普通重型,0,30-39歲,男,2,0
10157,3a50b6ef3f91aa56,2025/1/9,17,桃園市,蘆竹區,25.061494,121.296899,小客車(含客、貨兩用)-自用,0,20-29歲,男,1,0
10158,9239487891b09467,2025/4/29,10,臺中市,中區,24.141737,120.680572,機車-普通重型,0,20-29歲,男,1,0
10159,0807c2eb547fbde3,2025/8/17,9,宜蘭縣,冬山鄉,24.662605,121.760943,小客車(含客、貨兩用)-自用,0,40-49歲,女,1,0
10160,10edb38f15a06b11,2025/8/23,14,高雄市,甲仙區,23.049285,120.558376,機車-普通重型,0,50-59歲,男,1,0
10161,acb715a73dcbc14f,2025/6/2,10,新北市,新莊區,25.033547,121.453971,大客車-自用,0,50-59歲,男,1,0
10162,ad68954b5e855c3a,2025/5/6,10,澎湖縣,馬公市,23.582843,119.571296,機車-普通重型,0,50-59歲,男,2,0
10163,84ff4ff8e1076abf,2025/2/12,9,桃園市,中壢區,24.9839,121.193588,機車-普通重型,0,50-59歲,男,2,0
10164,2623689fed7f81e6,2025/8/20,7,高雄市,鳥松區,22.66145,120.3639,機車-普通重型,0,40-49歲,女,1,0
10165,29e7ad138ff1289d,2025/3/5,13,高雄市,三民區,22.635356,120.296273,機車-普通重型,0,50-59歲,男,2,0
10166,2d91a8753e19d8de,2025/3/26,12,新竹市,香山區,24.789831,120.927616,人-行人,0,40-49歲,男,2,0
10167,ab578f8e515c5c34,2025/8/25,12,桃園市,龍潭區,24.860221,121.213273,機車-普通重型,0,40-49歲,女,2,0
10168,c51c9ca501e186c7,2025/1/20,14,臺北市,松山區,25.062027,121.554665,機車-普通重型,0,20-29歲,男,1,0
10169,6b3b65d9cc3be240,2025/5/9,10,新北市,三重區,25.080034,121.485996,機車-普通重型,0,40-49歲,男,1,0
10170,4f4aaace2b48d5e9,2025/4/5,11,新北市,淡水區,25.185654,121.424043,機車-普通重型,0,20-29歲,男,2,0
10171,713148d2cb440ed8,2025/4/7,15,臺南市,南區,22.966786,120.195498,小客車(含客、貨兩用)-自用,0,20-29歲,男,1,0
10172,16184b79867a62bc,2025/4/28,16,臺中市,豐原區,24.243559,120.721573,小客車(含客、貨兩用)-自用,0,50-59歲,女,1,0
10173,8cbf93e664b3920c,2025/5/12,12,臺東縣,綠島鄉,22.662089,121.490144,機車-普通輕型,0,50-59歲,女,1,0
10174,16a0bf9074a397db,2025/4/19,19,臺南市,將軍區,23.196191,120.158214,小客車(含客、貨兩用)-自用,0,20-29歲,男,1,0
10175,f9d6a10c32ce7cf5,2025/10/8,17,屏東縣,內埔鄉,22.633817,120.58911,小客車(含客、貨兩用)-自用,0,40-49歲,女,1,0
10176,fc7db07446da42b4,2025/8/12,11,臺南市,永康區,23.01642,120.251172,慢車-腳踏自行車,0,50-59歲,男,1,0
10177,45103657fbf28d05,2025/2/13,20,臺南市,安平區,22.998261,120.178279,人-行人,0,40-49歲,女,2,0
10178,46915057e9e8564a,2025/5/5,10,屏東縣,屏東市,22.669499,120.493464,機車-普通重型,0,40-49歲,男,1,0
10179,dfdcd98e8401eeb4,2025/4/16,11,臺南市,白河區,23.345325,120.412345,小客車(含客、貨兩用)-自用,0,40-49歲,男,1,0
10180,38e397cf92430dc4,2025/10/29,12,桃園市,楊梅區,24.909436,121.16741,機車-普通重型,0,40-49歲,女,2,0
10181,3684fd36537cbbf4,2025/4/25,16,高雄市,三民區,22.644348,120.34572,機車-普通重型,0,40-49歲,男,2,0
10182,0db4173226c567b7,2025/3/4,17,臺南市,東區,22.983584,120.217114,機車-普通重型,0,40-49歲,男,1,0
10183,099d991bde45316d,2025/7/9,17,臺中市,西屯區,24.178581,120.625462,機車-普通重型,0,20-29歲,男,1,0
10184,171157331377f840,2025/1/23,8,南投縣,南投市,23.912188,120.681147,小客車(含客、貨兩用)-自用,0,20-29歲,男,1,0
10185,7b4e001ae0f1f131,2025/8/21,7,臺中市,南屯區,24.119215,120.628088,機車-普通重型,0,40-49歲,男,2,0
10186,86bb46ec0061d5d2,2025/5/20,10,新北市,蘆洲區,25.160305,121.419406,機車-普通重型,0,50-59歲,男,3,0
10187,4d9a6e76bd1de53b,2025/5/26,12,桃園市,桃園區,24.993404,121.275869,小客車(含客、貨兩用)-自用,0,40-49歲,男,1,0
10188,5c88b11260828643,2025/8/7,17,屏東縣,長治鄉,22.691485,120.535197,小客車(含客、貨兩用)-自用,0,50-59歲,男,1,0
10189,7365251880316f53,2025/12/31,7,新竹市,東區,24.780615,121.017306,機車-普通重型,0,40-49歲,男,1,0
10190,46894bbc3c5c2dba,2025/11/4,8,臺南市,永康區,23.021623,120.248679,機車-普通重型,0,60歲以上,男,2,0
10191,f8b47fd571aee38d,2025/3/21,11,桃園市,八德區,24.964783,121.272618,小客車(含客、貨兩用)-自用,0,40-49歲,男,1,0
10192,a46d0d31885be244,2025/4/22,15,屏東縣,屏東市,22.685671,120.491396,小貨車-營業用,0,50-59歲,男,1,0
10193,e467d561bd386d31,2025/11/21,12,高雄市,三民區,22.646518,120.346963,機車-普通重型,0,50-59歲,男,1,0
10194,92239e966349bbb8,2025/3/30,12,宜蘭縣,礁溪鄉,24.810763,121.792172,小客車(含客、貨兩用)-自用,0,50-59歲,男,1,0
10195,5316c8dd3a116aa0,2025/7/30,16,新北市,三重區,25.058272,121.489359,大客車-民營公車,0,50-59歲,女,1,0
10196,37cf7e3618c36d0d,2025/4/11,21,臺南市,永康區,23.013519,120.231608,人-行人,0,50-59歲,女,2,0
10197,357b838c38384db3,2025/9/4,11,桃園市,新屋區,24.973356,121.103415,機車-普通重型,0,30-39歲,男,1,0
10198,d6f7bded968b113e,2025/6/17,10,嘉義縣,朴子市,23.471432,120.2431,機車-普通重型,0,40-49歲,男,1,0
10199,0e38b20af6a01357,2025/8/18,17,彰化縣,花壇鄉,24.013798,120.570448,機車-普通重型,0,60歲以上,男,2,0
10200,a26b4f267436dc54,2025/9/15,18,桃園市,桃園區,24.988097,121.284389,機車-普通重型,0,40-49歲,男,1,0
10201,33411e2c5fd1211b,2025/6/16,5,新北市,淡水區,25.170321,121.443783,慢車-腳踏自行車,0,50-59歲,男,2,0
10202,24d07f86fc0cff58,2025/6/8,10,高雄市,新興區,22.63156,120.3119,機車-普通重型,0,50-59歲,男,2,0
10203,5ddc591ce0e2fb9e,2025/10/3,12,新竹縣,竹北市,24.817635,121.02408,小客車(含客、貨兩用)-自用,0,40-49歲,男,1,0
10204,351315797559b08e,2025/8/10,14,臺南市,安平區,22.997656,120.165421,機車-普通重型,0,30-39歲,男,1,0
10205,30a7d6aa1c483126,2025/10/30,10,新北市,五股區,25.084078,121.448085,機車-普通重型,0,19歲以下,男,2,0
10206,c26a7d8822bc8ed7,2025/6/25,11,臺中市,大雅區,24.220142,120.664416,機車-普通重型,0,19歲以下,男,1,0
10207,caff1f56ba166f18,2025/12/4,10,高雄市,仁武區,22.70387,120.350902,慢車-人力車,0,40-49歲,男,1,0
10208,6cf83c5638cd2cda,2025/4/1,18,新竹市,北區,24.808146,120.961596,機車-普通重型,0,40-49歲,男,1,0
10209,aa236fa84adfbc2d,2025/8/18,13,嘉義市,東區,23.477615,120.451373,機車-普通重型,0,50-59歲,男,1,0
10210,eaad2ed2a3b46f55,2025/6/28,10,臺北市,中正區,25.035419,121.516711,機車-普通重型,0,30-39歲,男,1,0
10211,5aa17f612bcfb47c,2025/4/29,7,嘉義市,西區,23.476851,120.426168,機車-普通重型,0,30-39歲,男,3,0
10212,3c29ad2476f05071,2025/10/9,16,嘉義縣,大林鎮,23.606821,120.458572,小客車(含客、貨兩用)-自用,0,40-49歲,男,1,0
10213,5336ed32bc52f1a6,2025/7/16,10,臺中市,南區,24.13186,120.657359,機車-普通重型,0,30-39歲,女,2,0
10214,725a5c912484b606,2025/2/10,13,彰化縣,埔心鄉,23.95616,120.55902,慢車-微型電動二輪車,0,40-49歲,男,2,0
10215,a083793440756786,2025/9/5,13,花蓮縣,吉安鄉,23.975777,121.585672,小客車(含客、貨兩用)-自用,0,40-49歲,男,1,0
10216,9a1a55bd606bd97b,2025/7/27,11,高雄市,鳳山區,22.62776,120.3794,機車-普通重型,0,40-49歲,女,1,0
10217,c90f6b815f743170,2025/7/10,16,臺南市,歸仁區,22.913596,120.291713,機車-普通重型,0,40-49歲,男,1,0
10218,c9f1701eaf58d12a,2025/4/30,14,雲林縣,古坑鄉,23.648337,120.549625,機車-普通重型,0,40-49歲,男,1,0
10219,2483c4e95d4f9976,2025/5/19,16,苗栗縣,三義鄉,24.334788,120.774832,機車-普通重型,0,40-49歲,男,1,0
10220,eb789890ad0b594b,2025/5/21,15,桃園市,蘆竹區,25.043067,121.294625,小客車(含客、貨兩用)-計程車,0,50-59歲,男,1,0
10221,aa454ead50dbb887,2025/11/13,23,苗栗縣,苗栗市,24.54269,120.816034,小客車(含客、貨兩用)-自用,0,19歲以下,男,1,0
10222,94431ab73104a2b4,2025/10/26,13,彰化縣,大城鄉,23.879222,120.296871,機車-普通重型,0,50-59歲,男,2,0
10223,f0c89588e2459668,2025/6/28,7,臺中市,霧峰區,24.059415,120.698553,機車-普通重型,0,50-59歲,男,1,0
10224,9d258186450ed421,2025/11/24,7,雲林縣,虎尾鎮,23.71165,120.414475,機車-普通重型,0,30-39歲,男,2,0
10225,7be244798cc121e1,2025/9/3,16,高雄市,小港區,22.566655,120.359078,慢車-微型電動二輪車,0,50-59歲,男,1,0
10226,55ff81122533a5f1,2025/8/6,18,臺南市,新市,23.06501,120.296449,小客車(含客、貨兩用)-自用,0,20-29歲,男,1,0
10227,53089a749edba43a,2025/6/2,7,高雄市,小港區,22.5457,120.3685,機車-普通重型,0,40-49歲,男,2,0
10228,de12ecfbe111ce89,2025/4/25,17,彰化縣,鹿港鎮,24.103301,120.454992,機車-普通重型,0,50-59歲,男,2,0
10229,25fe3f9e560a7dd8,2025/3/3,16,臺南市,學甲區,23.246843,120.192701,小客車(含客、貨兩用)-自用,0,50-59歲,男,1,0
10230,aea93e9d3a2223c3,2025/9/22,8,新北市,樹林區,25.010231,121.414601,機車-普通重型,0,50-59歲,女,2,0
10231,e55d76cabe6012b4,2025/8/16,7,臺中市,大雅區,24.215844,120.65499,機車-普通重型,0,30-39歲,男,1,0
10232,19399054a46f9128,2025/9/2,17,南投縣,南投市,23.929958,120.669017,小客車(含客、貨兩用)-自用,0,50-59歲,男,1,0
10233,41a8240b8df31657,2025/9/18,17,彰化縣,田中鎮,23.857959,120.586955,機車-普通重型,0,50-59歲,女,1,0
10234,e9e7194cff8d9bcf,2025/10/3,16,臺東縣,臺東市,22.756201,121.152796,機車-普通重型,0,30-39歲,男,1,0
10235,e63927f3e4d602b3,2025/11/16,11,臺中市,太平區,24.112823,120.717441,機車-普通重型,0,40-49歲,男,2,0
10236,f34e3aead5e22e73,2025/3/13,21,高雄市,三民區,22.662898,120.313146,小客車(含客、貨兩用)-自用,0,40-49歲,男,1,0
10237,9f208366f05db444,2025/11/10,16,新北市,新莊區,25.042011,121.446712,機車-普通重型,0,60歲以上,男,1,0
10238,e0db0d979957da87,2025/10/6,9,新北市,三重區,25.063685,121.486055,機車-普通重型,0,40-49歲,男,1,0
10239,d140bd744c80e60d,2025/9/3,19,基隆市,仁愛區,25.130201,121.744031,機車-普通重型,0,30-39歲,男,2,0
10240,d1fbc331787d5b2c,2025/4/14,8,新北市,新莊區,25.022788,121.423029,機車-普通重型,0,30-39歲,男,1,0
10241,62c78c0a09286f53,2025/4/19,17,南投縣,信義鄉,23.671469,120.871967,小客車(含客、貨兩用)-自用,0,60歲以上,男,1,0
10242,7802bc127b73305e,2025/3/31,14,新北市,瑞芳區,25.108163,121.805678,小客車(含客、貨兩用)-自用,0,50-59歲,女,1,0
10243,665afcf47797dd02,2025/11/17,17,桃園市,大園區,25.064673,121.201846,機車-普通重型,0,40-49歲,男,1,0
10244,2d035c0b9adba64a,2025/11/26,4,桃園市,中壢區,24.937708,121.24958,機車-普通重型,0,19歲以下,男,1,0
10245,ef12ae3bb794def3,2025/3/20,8,新竹市,北區,24.804788,120.955528,小客車(含客、貨兩用)-自用,0,30-39歲,男,1,0
10246,0b63c25927858374,2025/2/3,8,臺中市,豐原區,24.252733,120.719915,小客車(含客、貨兩用)-自用,0,50-59歲,男,2,0
10247,8de9685e2775f3f6,2025/6/24,6,新竹縣,竹北市,24.838181,121.016621,小客車(含客、貨兩用)-自用,0,60歲以上,男,1,0
10248,858299285a9e8748,2025/5/15,17,新北市,土城區,24.988461,121.446735,機車-普通重型,0,40-49歲,男,2,0
10249,0e1bd7b60e5e62d1,2025/3/31,12,臺東縣,臺東市,22.758944,121.147804,機車-普通重型,0,60歲以上,男,1,0
10250,0b8501221bf424f6,2025/4/15,13,高雄市,橋頭區,22.767556,120.294012,機車-普通重型,0,30-39歲,男,1,0
10251,f5f7f3986e1fe4b8,2025/10/16,18,新北市,泰山區,25.052438,121.428806,機車-普通重型,0,40-49歲,女,1,0
10252,ca13212a58385945,2025/5/8,18,臺中市,西區,24.155678,120.662609,機車-普通重型,0,20-29歲,男,1,0
10253,28164f6c13fa9a12,2025/9/9,7,桃園市,蘆竹區,25.00783,121.271097,機車-普通重型,0,19歲以下,男,1,0
10254,86ea6f7c516f84ed,2025/6/4,22,桃園市,桃園區,24.992841,121.307456,小客車(含客、貨兩用)-自用,0,50-59歲,男,1,0
10255,ae0980baee13b13b,2025/12/31,17,桃園市,中壢區,24.954501,121.22746,慢車-腳踏自行車,0,40-49歲,男,1,0
10256,0be9925ad33fd62b,2025/4/16,12,臺中市,霧峰區,24.07678,120.710473,機車-普通重型,0,50-59歲,男,2,0
10257,09e77c807ae48650,2025/1/24,19,新北市,板橋區,24.993532,121.431669,小客車(含客、貨兩用)-自用,0,20-29歲,男,1,0
10258,2be3176eb1baeed2,2025/6/3,13,新北市,淡水區,25.186336,121.428788,機車-普通重型,0,20-29歲,女,2,0
10259,9a38072d606d5003,2025/12/11,7,苗栗縣,通霄鎮,24.486412,120.682622,機車-普通重型,0,20-29歲,男,1,0
10260,7bd6950cd8a47bf0,2025/8/24,17,臺南市,北區,23.006572,120.193589,小客車(含客、貨兩用)-自用,0,20-29歲,女,1,0
10261,4ac5c0658ff4ebcb,2025/9/7,10,高雄市,鳳山區,22.611364,120.350252,機車-普通重型,0,30-39歲,女,1,0
10262,ef6b4dd1c9f31091,2025/11/14,8,新北市,永和區,25.009565,121.480497,機車-普通重型,0,50-59歲,男,2,0
10263,d4aff5a2a5a2f3e2,2025/3/23,8,新北市,永和區,25.008991,121.499881,機車-普通重型,0,40-49歲,男,2,0
10264,0225c84d19a396e2,2025/7/22,7,新竹市,東區,24.783609,121.013487,機車-普通重型,0,50-59歲,男,2,0
10265,5336cc9d0b772f18,2025/4/20,8,新北市,中和區,24.975283,121.451915,小客車(含客、貨兩用)-自用,0,50-59歲,男,1,0
10266,7ef1d934eb9a2fdf,2025/2/19,10,桃園市,桃園區,24.997954,121.321086,機車-普通重型,0,50-59歲,男,1,0
10267,0576ada3df590f30,2025/6/4,8,新北市,樹林區,25.015464,121.417631,機車-普通重型,0,30-39歲,男,1,0
10268,dcaac84de9059f89,2025/9/13,11,新竹市,北區,24.810323,120.9689,機車-普通重型,0,50-59歲,男,1,0
10269,27b99858c274d094,2025/11/14,7,臺中市,北屯區,24.19176,120.722544,機車-普通重型,0,40-49歲,男,1,0
10270,4e204f8f9d1c3d90,2025/8/26,14,桃園市,蘆竹區,25.03891,121.30019,大貨車-營業用,0,30-39歲,男,2,0
10271,0b00be6bddf8cc00,2025/4/11,16,桃園市,桃園區,25.02214,121.308752,機車-普通重型,0,40-49歲,男,2,0
10272,e3e2a4c3d95bcc2b,2025/7/2,17,彰化縣,和美鎮,24.105921,120.501559,機車-普通重型,0,30-39歲,男,1,0
10273,23a575c9d4e272d0,2025/9/4,7,桃園市,龜山區,25.043534,121.354755,機車-普通重型,0,50-59歲,男,2,0
10274,2c17dc96339d9651,2025/9/17,14,新北市,土城區,24.988419,121.466201,機車-普通重型,0,30-39歲,男,2,0
10275,8fba0075ec6aad70,2025/11/30,14,臺中市,北屯區,24.178691,120.670895,慢車-腳踏自行車,0,40-49歲,男,2,0
10276,eacab47cdac2350b,2025/9/26,6,苗栗縣,竹南鎮,24.687682,120.861407,小客車(含客、貨兩用)-自用,0,40-49歲,男,1,0
10277,63232996a72330d9,2025/2/28,11,臺南市,柳營區,23.29189,120.325542,機車-普通重型,0,40-49歲,男,1,0
10278,37ebd82cd77c9a4b,2025/12/28,17,臺中市,大雅區,24.214896,120.635344,小客車(含客、貨兩用)-計程車,0,40-49歲,男,1,0
10279,67fa370cf1589445,2025/11/6,7,臺南市,新營區,23.30366,120.304652,機車-普通重型,0,60歲以上,男,1,0
10280,bcdf0d1ffd9f6382,2025/10/1,21,屏東縣,屏東市,22.626905,120.494026,機車-普通重型,0,50-59歲,男,1,0
10281,63689a47a1441a36,2025/9/28,16,新北市,樹林區,24.950125,121.384522,機車-普通重型,0,20-29歲,男,1,0
10282,495ed173ced1c763,2025/8/20,10,臺南市,南區,22.935257,120.183451,機車-普通重型,0,40-49歲,男,2,0
10283,da8a72a51bcbc2ea,2025/10/20,16,高雄市,旗山區,22.883281,120.496497,機車-普通重型,0,60歲以上,男,1,0
10284,38ccdb9b02664562,2025/2/27,13,嘉義縣,中埔鄉,23.42016,120.535994,機車-普通重型,0,50-59歲,男,1,0
10285,2dfdb7518b8560e5,2025/9/17,17,臺中市,沙鹿區,24.211911,120.554259,機車-普通重型,0,20-29歲,女,1,0
10286,3df3f5babae58999,2025/9/22,16,新北市,新莊區,25.056999,121.463208,小客車(含客、貨兩用)-自用,0,40-49歲,男,1,0
10287,f9d7f0ae515d317a,2025/8/24,14,新北市,三重區,25.068236,121.47245,機車-普通重型,0,20-29歲,男,2,0
10288,6c2cb2e9e12ba85a,2025/10/18,7,澎湖縣,馬公市,23.570089,119.571124,機車-普通重型,0,30-39歲,男,2,0
10289,ce24b8cd9f376545,2025/3/24,7,宜蘭縣,宜蘭市,24.754333,121.75004,慢車-腳踏自行車,0,40-49歲,男,2,0
10290,827f2a9ec322120a,2025/10/25,17,嘉義市,東區,23.463959,120.455772,慢車-腳踏自行車,0,30-39歲,男,1,0
10291,01c1dca8720d6ded,2025/6/17,17,臺北市,北投區,25.138051,121.4752,機車-普通重型,0,50-59歲,女,1,0
10292,123c518b8542d2f4,2025/7/12,12,新北市,蘆洲區,25.079103,121.469374,小客車(含客、貨兩用)-計程車,0,40-49歲,男,2,0
10293,2befa15050093222,2025/11/19,23,臺中市,沙鹿區,24.224408,120.576665,機車-普通重型,0,60歲以上,男,2,0
10294,b6bcb4e9c5abb260,2025/3/25,16,彰化縣,彰化市,24.075959,120.532741,機車-普通重型,0,60歲以上,男,1,0
10295,2cbe7f595fd405cb,2025/9/1,17,臺北市,信義區,25.040885,121.576755,大客車-民營公車,0,60歲以上,女,1,0
10296,19365f3b21a4ba41,2025/7/28,15,臺北市,萬華區,25.027245,121.505463,機車-普通重型,0,60歲以上,女,1,0
10297,3676ca2bd26d7e3e,2025/4/15,9,臺中市,北屯區,24.172787,120.698241,機車-普通重型,0,40-49歲,男,1,0
10298,f7fc82c466103014,2025/2/14,18,新北市,三重區,25.069511,121.488334,機車-普通重型,0,50-59歲,男,2,0
10299,96af94008ded52cc,2025/11/2,14,新北市,土城區,24.974536,121.445706,機車-普通重型,0,40-49歲,男,1,0
10300,98dc90fb6106e807,2025/8/9,19,彰化縣,溪湖鎮,23.936718,120.489992,機車-普通重型,0,40-49歲,男,1,0
10301,b9473030cef8e876,2025/9/30,21,新北市,板橋區,24.998982,121.457945,機車-普通重型,0,30-39歲,男,1,0
10302,25cbd9ff2018ff39,2025/3/12,16,臺南市,永康區,23.03465,120.259457,小客車(含客、貨兩用)-自用,0,30-39歲,男,1,0
10303,91913fcbaa8f90e5,2025/9/15,18,雲林縣,斗六市,23.742264,120.536317,小客車(含客、貨兩用)-自用,0,30-39歲,男,1,0
10304,ffa3b99994e20fc9,2025/6/23,16,臺南市,東區,22.977309,120.213743,機車-普通重型,0,50-59歲,男,2,0
10305,62c8703783bea8f5,2025/8/16,8,桃園市,八德區,24.952121,121.297508,機車-普通重型,0,40-49歲,男,3,0
10306,07bf23ff31b982b0,2025/10/31,18,彰化縣,線西鄉,24.133716,120.427601,機車-普通重型,0,40-49歲,男,1,0
10307,9ac927b2dd24c2a7,2025/12/21,20,高雄市,鳳山區,22.624993,120.372452,機車-普通重型,0,60歲以上,男,2,0
10308,acea990099a9bff3,2025/11/2,16,高雄市,鳳山區,22.61452,120.3629,機車-普通重型,0,40-49歲,男,1,0
10309,84ee1b74ac957594,2025/10/8,22,臺南市,東區,22.976395,120.225111,小客車(含客、貨兩用)-自用,0,50-59歲,男,1,0
10310,dc37612ffc27d080,2025/6/18,12,屏東縣,里港鄉,22.782885,120.496928,小客車(含客、貨兩用)-自用,0,60歲以上,男,1,0
10311,02e98f680ba2f40e,2025/2/12,17,新竹縣,竹東鎮,24.723497,121.077971,小客車(含客、貨兩用)-自用,0,40-49歲,男,1,0
10312,0be192e9f9109283,2025/12/21,11,臺中市,大雅區,24.238099,120.633296,機車-普通重型,0,20-29歲,男,3,0
10313,57c278ddd5e2e6ba,2025/9/15,7,臺中市,大里區,24.103055,120.688554,機車-普通重型,0,30-39歲,男,1,0
10314,7ca3777764468a93,2025/8/9,17,新北市,三峽區,24.889344,121.376885,機車-普通重型,0,40-49歲,女,1,0
10315,31279a7eabec23a8,2025/7/5,7,彰化縣,彰化市,24.07187,120.593229,機車-普通重型,0,19歲以下,男,1,0
10316,bca4506e35f7a300,2025/9/1,7,臺南市,善化區,23.132106,120.296481,機車-普通重型,0,50-59歲,男,1,0
10317,7ae0e677f9ffa2b7,2025/9/7,17,苗栗縣,銅鑼鄉,24.482025,120.786622,小客車(含客、貨兩用)-自用,0,20-29歲,男,1,0
10318,81c40cbfd05c9f3d,2025/6/27,20,高雄市,茄萣區,22.89979,120.1843,機車-普通重型,0,50-59歲,男,1,0
10319,288bfb25d2d941d0,2025/11/17,16,宜蘭縣,宜蘭市,24.74496,121.742145,慢車-腳踏自行車,0,40-49歲,男,1,0
10320,903d1af0d138471e,2025/8/2,13,臺中市,北區,24.163255,120.683564,機車-普通重型,0,30-39歲,女,1,0
10321,b9371f74de55131d,2025/9/18,19,桃園市,蘆竹區,25.024893,121.255155,小客車(含客、貨兩用)-自用,0,50-59歲,男,1,0
10322,e60d8b7bf4246367,2025/1/23,10,花蓮縣,吉安鄉,23.992803,121.569395,小客車(含客、貨兩用)-自用,0,50-59歲,女,1,0
10323,0153f56287925b23,2025/11/12,18,新北市,樹林區,25.000598,121.416089,機車-普通重型,0,50-59歲,男,2,0
10324,c7087d97e84e9268,2025/12/29,23,桃園市,中壢區,25.00505,121.25594,小客車(含客、貨兩用)-自用,0,20-29歲,男,2,0
10325,a46c3c8f9695135a,2025/12/6,17,高雄市,鼓山區,22.659388,120.290188,小客車(含客、貨兩用)-自用,0,30-39歲,男,1,0
10326,c88d4c41bf721d1a,2025/5/29,11,雲林縣,斗六市,23.702513,120.536879,小客車(含客、貨兩用)-自用,0,30-39歲,男,1,0
10327,8ee198979fcc66c2,2025/9/20,19,嘉義市,東區,23.472451,120.456928,機車-普通重型,0,40-49歲,男,2,0
10328,d29e52a1ac3a9432,2025/4/22,9,臺中市,北屯區,24.170272,120.698786,小客車(含客、貨兩用)-自用,0,50-59歲,女,1,0
10329,fadf32d7f83187e1,2025/3/19,16,臺南市,佳里區,23.162934,120.167661,小貨車-自用,0,50-59歲,男,1,0
10330,8f021a86a1f01346,2025/9/9,19,新北市,板橋區,25.002659,121.46534,人-行人,0,19歲以下,女,2,0
10331,019ef19e83190e9b,2025/7/19,11,南投縣,埔里鎮,23.98217,120.971975,小客車(含客、貨兩用)-自用,0,50-59歲,男,1,0
10332,319679d923e6791e,2025/8/29,9,新北市,汐止區,25.06415,121.642089,機車-普通重型,0,40-49歲,女,1,0
10333,e193622ee71dfca7,2025/8/12,20,桃園市,龜山區,25.014818,121.360506,機車-普通重型,0,40-49歲,男,2,0
10334,cb938efcf26034f1,2025/10/13,15,臺南市,永康區,23.017513,120.228752,機車-普通重型,0,50-59歲,男,2,0
10335,0650463cf1d0e9ef,2025/5/6,18,澎湖縣,馬公市,23.561048,119.611496,機車-普通重型,0,19歲以下,男,2,0
10336,5a46a97f3016a429,2025/9/26,21,南投縣,南投市,23.906618,120.682807,機車-普通重型,0,40-49歲,男,2,0
10337,95fa38dd72857545,2025/8/7,21,臺北市,中山區,25.079775,121.559607,小客車(含客、貨兩用)-自用,0,60歲以上,男,1,0
10338,e35172542c33bc2f,2025/7/3,16,臺北市,大同區,25.05696,121.513347,機車-普通重型,0,20-29歲,男,2,0
10339,55b46e90e95baa6b,2025/4/6,8,桃園市,龍潭區,24.8774,121.23396,機車-普通重型,0,50-59歲,女,1,0
10340,6eb3a7164d68563c,2025/11/4,15,臺中市,北屯區,24.198392,120.750712,小客車(含客、貨兩用)-自用,0,40-49歲,男,1,0
10341,5f71b1740f00f41e,2025/11/5,8,新北市,永和區,24.996762,121.519848,機車-普通重型,0,50-59歲,男,1,0
10342,c63dd88cc8667e73,2025/5/14,11,新北市,中和區,24.989759,121.504555,機車-普通重型,0,40-49歲,男,1,0
10343,b4f2e04af2f966a7,2025/10/16,10,屏東縣,新園鄉,22.523735,120.452887,小客車(含客、貨兩用)-自用,0,50-59歲,男,3,0
10344,0107bc517f5f0714,2025/1/7,17,高雄市,左營區,22.680553,120.322179,機車-普通重型,0,50-59歲,男,2,0
10345,2aaa3dfa96eadfd3,2025/3/1,19,新北市,林口區,25.072268,121.367389,小客車(含客、貨兩用)-計程車,0,60歲以上,男,1,0
10346,b6bb3b167056cfb6,2025/1/20,11,臺中市,西區,24.140611,120.671917,機車-普通重型,0,30-39歲,女,1,0
10347,92ca6e04f2656aae,2025/8/17,9,彰化縣,和美鎮,24.105748,120.500588,人-行人,0,40-49歲,女,2,0
10348,c05f3deba7fb4742,2025/7/27,22,臺南市,南區,22.987398,120.197502,小客車(含客、貨兩用)-租賃車,0,30-39歲,男,1,0
10349,98848fdac56d8d66,2025/12/12,19,新北市,中和區,25.002451,121.477629,小客車(含客、貨兩用)-自用,0,50-59歲,女,1,0
10350,736850dfbdd6313a,2025/6/25,15,臺北市,松山區,25.049566,121.565376,機車-普通重型,0,50-59歲,男,1,0
10351,d48028b04b39eba2,2025/3/6,14,臺南市,東區,22.975515,120.218942,小貨車-自用,0,40-49歲,男,1,0
10352,c642aad20f5998c7,2025/11/6,8,彰化縣,伸港鄉,24.144897,120.472654,機車-普通重型,0,20-29歲,男,2,0
10353,6fdbcd4a71256ebc,2025/1/26,19,新北市,鶯歌區,24.977748,121.331568,人-行人,0,40-49歲,男,2,0
10354,12fbe7f269a1c68c,2025/6/28,8,臺中市,太平區,24.111709,120.732279,慢車-微型電動二輪車,0,40-49歲,女,1,0
10355,721549d76c438f15,2025/1/29,10,臺南市,鹽水區,23.315655,120.266522,機車-普通重型,0,30-39歲,女,2,0
10356,a1914cdb576bdab0,2025/5/17,17,臺中市,南屯區,24.145651,120.614962,機車-普通重型,0,50-59歲,男,1,0
10357,5384dd334bbabcc0,2025/4/30,17,屏東縣,九如鄉,22.750103,120.510099,機車-普通重型,0,40-49歲,男,1,0
10358,f1d68c7c9debad9d,2025/12/1,18,新北市,中和區,25.008749,121.479269,機車-普通重型,0,40-49歲,女,1,0
10359,a8370c56a0124e76,2025/1/13,7,彰化縣,線西鄉,24.130296,120.470928,小客車(含客、貨兩用)-自用,0,40-49歲,男,1,0
10360,10e6db562c9f8079,2025/8/3,9,新竹市,香山區,24.80507,120.941968,機車-普通重型,0,30-39歲,男,1,0
10361,bdc83b6c7feba97a,2025/5/21,7,臺中市,西屯區,24.182236,120.616611,小客車(含客、貨兩用)-自用,0,40-49歲,男,2,0
10362,3ded50fa124837d7,2025/5/6,19,桃園市,中壢區,24.979599,121.250333,小客車(含客、貨兩用)-自用,0,40-49歲,男,2,0
10363,4512ca5848274b9d,2025/10/31,20,桃園市,八德區,24.92651,121.259095,小客車(含客、貨兩用)-自用,0,20-29歲,男,2,0
10364,be0e2c62d34e50ca,2025/1/17,17,新北市,板橋區,25.004569,121.458848,小客車(含客、貨兩用)-計程車,0,50-59歲,男,1,0
10365,42a795a335c7ce29,2025/8/22,6,桃園市,楊梅區,24.902476,121.149595,小客車(含客、貨兩用)-自用,0,50-59歲,男,1,0
10366,dde4124e992afd9b,2025/12/8,17,桃園市,中壢區,24.966643,121.222762,機車-普通重型,0,40-49歲,男,1,0
10367,74aedcacff0fe880,2025/8/31,16,桃園市,中壢區,24.976779,121.244957,機車-普通重型,0,40-49歲,男,1,0
10368,22dcc3281bc0f292,2025/7/9,7,臺中市,龍井區,24.208437,120.505191,小客車(含客、貨兩用)-自用,0,40-49歲,男,1,0
10369,3e6c095321cb30fe,2025/9/1,12,彰化縣,彰化市,24.083401,120.550456,機車-普通重型,0,40-49歲,男,2,0
10370,b7efd90b76670946,2025/4/16,17,新北市,汐止區,25.066204,121.635884,機車-普通重型,0,40-49歲,男,1,0
10371,01a654cd0809787a,2025/3/14,10,新北市,三重區,25.050857,121.48211,機車-普通重型,0,20-29歲,男,1,0
10372,e0e81dabacc31289,2025/6/5,7,臺中市,霧峰區,24.07278,120.66531,機車-普通重型,0,30-39歲,男,1,0
10373,9e58ac09e8ce0ed4,2025/9/11,7,苗栗縣,竹南鎮,24.706978,120.92557,機車-普通重型,0,30-39歲,男,1,0
10374,5b8d1fbbeba8a801,2025/3/31,13,桃園市,楊梅區,24.90746,121.149474,未知,0,40-49歲,男,1,0
10375,e59cb30c66318b42,2025/11/27,14,彰化縣,二林鎮,23.903373,120.374139,大貨車-自用,0,50-59歲,男,1,0
10376,b8f5763c1175bb9c,2025/1/13,7,新竹市,東區,24.785867,121.022585,機車-普通重型,0,50-59歲,男,1,0
10377,edfeb8846d67a6f6,2025/6/2,16,臺南市,東山區,23.306275,120.362742,機車-普通重型,0,40-49歲,男,2,0
10378,171280e708aa80e0,2025/7/25,21,彰化縣,彰化市,24.067732,120.537642,機車-普通重型,0,60歲以上,男,1,0
10379,4928f04855d56481,2025/8/17,13,臺東縣,綠島鄉,22.673237,121.469912,機車-普通重型,0,60歲以上,女,1,0
10380,159128503a21283e,2025/3/9,20,臺中市,大甲區,24.35486,120.632264,機車-普通重型,0,30-39歲,女,1,0
10381,d502b2014af1438a,2025/1/1,7,彰化縣,員林市,23.961995,120.600798,未知,0,50-59歲,男,1,0
10382,007e08475c4c24f1,2025/4/28,16,新北市,新莊區,25.044012,121.455499,機車-普通重型,0,50-59歲,女,1,0
10383,0b928372906058ff,2025/2/12,12,桃園市,桃園區,25.000325,121.314317,機車-普通重型,0,50-59歲,女,1,0
10384,7d337df86f42e350,2025/10/22,16,彰化縣,田中鎮,23.857972,120.586811,機車-普通輕型,0,40-49歲,男,1,0
10385,1f8bc1984f988c6a,2025/11/1,11,南投縣,國姓鄉,23.990101,120.855647,小客車(含客、貨兩用)-自用,0,50-59歲,女,6,0
10386,5c708491cd280de7,2025/7/23,18,宜蘭縣,宜蘭市,24.756231,121.752467,機車-普通重型,0,40-49歲,女,1,0
10387,2088694a13ae1a02,2025/4/17,18,新竹市,北區,24.804918,120.965303,機車-普通重型,0,40-49歲,女,2,0
10388,1b27fc195fb6d880,2025/12/28,15,雲林縣,北港鎮,23.573791,120.292903,機車-普通重型,0,30-39歲,男,1,0
10389,36db21cad5c21441,2025/11/23,16,臺中市,神岡區,24.255821,120.656581,慢車-腳踏自行車,0,40-49歲,男,1,0
10390,0f7d26cf7e4ebbae,2025/11/24,9,桃園市,中壢區,24.966162,121.21794,小客車(含客、貨兩用)-自用,0,30-39歲,女,1,0
10391,78216b8aa62c9863,2025/3/5,17,雲林縣,斗六市,23.713665,120.509667,小客車(含客、貨兩用)-自用,0,50-59歲,男,1,0
10392,bf43af35353d07f2,2025/3/4,15,高雄市,橋頭區,22.758014,120.310418,機車-普通重型,0,30-39歲,男,2,0
10393,32522c98c4898105,2025/6/13,16,南投縣,南投市,23.888109,120.689821,機車-普通重型,0,50-59歲,男,1,0
10394,0ca9361810ab4d17,2025/11/10,8,桃園市,桃園區,24.986131,121.313131,機車-普通重型,0,50-59歲,女,1,0
10395,c569d5d81940ab32,2025/2/25,18,臺中市,東區,24.144694,120.696864,機車-普通重型,0,40-49歲,男,1,0
10396,4d7a48d5559f0e74,2025/9/1,8,澎湖縣,馬公市,23.570204,119.575587,機車-普通重型,0,20-29歲,男,2,0
10397,c3be985fbd7c5e9f,2025/11/14,18,桃園市,桃園區,24.99594,121.323519,小客車(含客、貨兩用)-計程車,0,40-49歲,男,1,0
10398,9199b056ca1ef810,2025/4/23,13,臺南市,北區,23.00315,120.196102,機車-普通重型,0,40-49歲,男,1,0
10399,b34e7714f8601488,2025/2/2,12,雲林縣,崙背鄉,23.764896,120.36483,小客車(含客、貨兩用)-自用,0,20-29歲,女,1,0
10400,48273f2545e0b431,2025/5/26,17,桃園市,桃園區,25.026038,121.277668,機車-普通重型,0,20-29歲,男,2,0
10401,2e614fba4f05c24e,2025/7/18,19,苗栗縣,通霄鎮,24.473718,120.679906,其他車-其他車,0,50-59歲,男,2,0
10402,970ec8a360486129,2025/8/16,22,嘉義市,西區,23.466631,120.445983,慢車-微型電動二輪車,0,40-49歲,女,2,0
10403,5df3bfa1e6bdef93,2025/6/2,17,彰化縣,員林市,23.962243,120.56699,機車-普通重型,0,50-59歲,男,2,0
10404,03a353414290e220,2025/3/14,11,臺中市,清水區,24.269786,120.544531,小貨車-自用,0,40-49歲,男,1,0
10405,645ba6d2a48288aa,2025/11/23,19,桃園市,平鎮,24.928497,121.227381,機車-普通重型,0,50-59歲,男,2,0
10406,54841dd47b43a52b,2025/1/1,15,高雄市,鼓山區,22.654731,120.291948,小客車(含客、貨兩用)-自用,0,30-39歲,男,2,0
10407,56802a654b219333,2025/5/3,17,彰化縣,鹿港鎮,24.09451,120.47327,慢車-腳踏自行車,0,19歲以下,男,1,0
10408,0e1eec77c408844a,2025/7/8,17,花蓮縣,花蓮市,23.974963,121.5971,機車-普通重型,0,40-49歲,男,1,0
10409,d9aeb4cacb0d0ccf,2025/8/5,7,臺北市,內湖區,25.066919,121.590191,小客車(含客、貨兩用)-自用,0,40-49歲,女,1,0
10410,36cdb39cdb82b3c6,2025/2/16,9,新北市,新莊區,25.036297,121.452619,小客車(含客、貨兩用)-自用,0,20-29歲,男,1,0
10411,c2db7a48e9e62a65,2025/10/10,11,宜蘭縣,五結鄉,24.683411,121.828756,小客車(含客、貨兩用)-自用,0,40-49歲,男,2,0
10412,a5df2ce22e8e4142,2025/4/13,20,臺中市,烏日區,24.113243,120.586718,機車-普通重型,0,30-39歲,男,1,0
10413,f5705dfaeba4e77d,2025/3/15,15,宜蘭縣,宜蘭市,24.754113,121.756305,機車-普通重型,0,40-49歲,女,1,0
10414,61fa5c6b3727d37c,2025/8/2,14,新北市,淡水區,25.168963,121.444547,小客車(含客、貨兩用)-自用,0,40-49歲,男,1,0
10415,8a864b5a6488ca64,2025/12/8,18,高雄市,鳳山區,22.61436,120.3475,機車-普通重型,0,30-39歲,男,1,0
10416,bbcdc5de9996c977,2025/6/10,8,新竹市,北區,24.840429,120.936111,機車-普通重型,0,19歲以下,男,2,0
10417,b1dec3033ab10215,2025/12/29,7,臺中市,南屯區,24.155547,120.597027,機車-普通重型,0,50-59歲,男,1,0
10418,8bbfd57a38b0703e,2025/7/15,7,臺中市,北屯區,24.192111,120.67686,小客車(含客、貨兩用)-自用,0,60歲以上,男,1,0
10419,5f767ca7c564df2d,2025/3/13,12,高雄市,鳳山區,22.59779,120.3355,機車-普通重型,0,40-49歲,男,2,0
10420,f629ad7508118c83,2025/1/1,20,桃園市,平鎮,24.946592,121.205035,機車-普通重型,0,30-39歲,男,1,0
10421,7e328969984b7d3e,2025/11/15,9,臺南市,安南區,23.035901,120.187253,機車-普通重型,0,50-59歲,男,2,0
10422,cb57c6809c2ee3ec,2025/12/15,19,金門縣,金城鎮,24.438061,118.319295,機車-普通重型,0,30-39歲,男,2,0
10423,ca1278d639e122ce,2025/2/24,10,臺中市,西屯區,24.181622,120.601678,機車-普通重型,0,50-59歲,男,1,0
10424,bff1084bda2413f8,2025/5/22,16,新北市,新莊區,25.053583,121.44247,小客車(含客、貨兩用)-自用,0,40-49歲,女,1,0
10425,8aff42a963e291a6,2025/5/1,19,臺中市,霧峰區,24.059512,120.696901,機車-普通重型,0,50-59歲,男,2,0
10426,02b6ac47626220e1,2025/9/17,7,新北市,淡水區,25.178656,121.446146,機車-普通重型,0,40-49歲,男,1,0
10427,7c0ac045e57d36f9,2025/1/26,11,屏東縣,枋寮鄉,22.390379,120.598283,機車-普通重型,0,50-59歲,男,1,0
10428,2821c1b2ded8843e,2025/6/10,7,高雄市,大寮區,22.640708,120.408961,機車-普通重型,0,50-59歲,男,2,0
10429,cf704bcdd90b1dd7,2025/7/9,15,臺南市,永康區,23.02118,120.262788,機車-普通重型,0,50-59歲,男,1,0
10430,46a242a0752f607f,2025/7/13,10,桃園市,新屋區,24.981374,121.017536,慢車-其他慢車,0,50-59歲,男,2,0
10431,eda2417f87f28809,2025/8/27,18,新北市,土城區,24.983823,121.452749,機車-普通重型,0,40-49歲,女,1,0
10432,602444550b36195b,2025/11/13,10,臺中市,豐原區,24.255786,120.739143,機車-普通重型,0,30-39歲,男,2,0
10433,fca0ff0c9c552376,2025/1/16,19,新北市,永和區,24.99966,121.507531,機車-大型重型2(250-550C.C.),0,40-49歲,男,2,0
10434,cad7f83a4715f4af,2025/10/29,13,花蓮縣,吉安鄉,23.995272,121.567655,小客車(含客、貨兩用)-自用,0,50-59歲,女,1,0
10435,e4caab6bd394b8b0,2025/7/23,10,臺北市,文山區,24.997595,121.574018,大客車-民營公車,0,50-59歲,男,1,0
10436,12e2bf3874e7e92b,2025/10/4,12,臺北市,信義區,25.037951,121.581185,機車-普通重型,0,50-59歲,女,1,0
10437,10dfae60c231dcc3,2025/3/13,11,臺中市,豐原區,24.231649,120.704246,機車-普通重型,0,50-59歲,男,1,0
10438,5fa201927311971e,2025/2/4,17,臺南市,中西區,22.99359,120.194671,機車-普通重型,0,40-49歲,女,1,0
10439,18050180cd9b1961,2025/5/17,11,彰化縣,秀水鄉,24.031769,120.491317,機車-普通重型,0,40-49歲,男,2,0
10440,0b8e037d82fd45e3,2025/6/11,20,新竹縣,湖口鄉,24.898621,121.044014,機車-普通重型,0,40-49歲,女,3,0
10441,37fdc050ea8029f6,2025/12/2,12,宜蘭縣,蘇澳鎮,24.609341,121.855653,機車-普通重型,0,30-39歲,女,1,0
10442,c1fd3b50ca1e9a87,2025/3/18,9,嘉義市,西區,23.488914,120.446472,機車-普通重型,0,30-39歲,女,1,0
10443,1babf454f16e0da2,2025/9/12,17,臺中市,霧峰區,24.0728,120.698908,小客車(含客、貨兩用)-自用,0,20-29歲,男,1,0
10444,f42c1a146e283482,2025/12/29,10,臺北市,大安區,25.028092,121.548992,小客車(含客、貨兩用)-計程車,0,50-59歲,男,1,0
10445,28d536bef6f99452,2025/1/23,12,新竹縣,湖口鄉,24.905113,121.045421,機車-普通重型,0,60歲以上,女,1,0
10446,f9ce234a8f1e2d40,2025/6/9,5,臺中市,北屯區,24.197749,120.748858,小客車(含客、貨兩用)-租賃車,0,20-29歲,男,1,0
10447,431f2e9c7b59bd14,2025/10/20,14,雲林縣,虎尾鎮,23.680989,120.405156,小客車(含客、貨兩用)-自用,0,30-39歲,女,1,0
10448,035c4bed53a6038f,2025/4/30,11,臺中市,太平區,24.149741,120.725334,機車-普通重型,0,40-49歲,男,2,0
10449,1b8ce2cef5e2cb8a,2025/10/23,10,臺中市,西屯區,24.198434,120.657721,機車-普通重型,0,50-59歲,女,1,0
10450,a8745b4659e5fe08,2025/10/29,11,臺南市,歸仁區,22.972616,120.299814,機車-普通重型,0,60歲以上,男,1,0
10451,80463a5fcb7c0700,2025/12/16,9,臺北市,松山區,25.051434,121.56735,機車-普通重型,0,20-29歲,男,1,0
10452,616931450f00185e,2025/10/7,9,高雄市,岡山區,22.788694,120.287673,小客車(含客、貨兩用)-自用,0,40-49歲,女,2,0
10453,65eb8dc4c564bc27,2025/8/26,11,新北市,中和區,24.998227,121.499845,機車-普通重型,0,40-49歲,男,1,0
10454,9bed5984d81655fd,2025/4/7,9,臺中市,外埔區,24.331714,120.653344,機車-普通重型,0,40-49歲,男,3,0
10455,f7f0c31889f1182b,2025/11/6,18,臺南市,新營區,23.314449,120.315167,機車-普通重型,0,40-49歲,男,1,0
10456,01ead35eec2b633d,2025/10/30,15,桃園市,桃園區,24.98907,121.306312,機車-普通重型,0,20-29歲,男,2,0
10457,2abe187ab269cf71,2025/2/14,18,新竹市,東區,24.805311,120.976674,小客車(含客、貨兩用)-自用,0,50-59歲,男,1,0
10458,5638385c21563926,2025/8/4,21,臺南市,新營區,23.309748,120.282115,機車-普通重型,0,50-59歲,男,1,0
10459,717d51e3cc36d3f2,2025/3/10,18,桃園市,楊梅區,24.93426,121.145167,小客車(含客、貨兩用)-自用,0,40-49歲,男,1,0
10460,41464ce0552550a2,2025/1/28,23,臺中市,霧峰區,24.06539,120.682421,機車-普通重型,0,40-49歲,男,1,0
10461,6c4ea1436ead15e4,2025/2/25,19,南投縣,埔里鎮,23.973445,120.9452,小客車(含客、貨兩用)-自用,0,40-49歲,男,1,0
10462,f6b42cad3eaf840e,2025/6/23,13,澎湖縣,湖西鄉,23.584785,119.660209,小客車(含客、貨兩用)-自用,0,40-49歲,男,1,0
10463,1859470a07cadb17,2025/3/13,8,嘉義市,西區,23.453054,120.43295,小客車(含客、貨兩用)-自用,0,40-49歲,男,1,0
10464,806dfde4149d229c,2025/4/21,13,彰化縣,員林市,23.958123,120.570782,小客車(含客、貨兩用)-自用,0,30-39歲,男,1,0
10465,cdc9ed4787a4ab29,2025/12/26,18,宜蘭縣,宜蘭市,24.746855,121.74935,小客車(含客、貨兩用)-自用,0,60歲以上,男,1,0
10466,cef5bd0df57d28fc,2025/10/6,17,雲林縣,北港鎮,23.56838,120.302429,小客車(含客、貨兩用)-自用,0,30-39歲,男,1,0
10467,f21a70482709a3d7,2025/3/12,19,新竹縣,竹東鎮,24.764768,121.058686,機車-普通重型,0,40-49歲,男,1,0
10468,0a29659dde516699,2025/3/29,8,桃園市,桃園區,24.996414,121.302326,人-行人,0,50-59歲,男,1,0
10469,3bfa56d334bf1318,2025/9/5,16,高雄市,橋頭區,22.749322,120.306017,小客車(含客、貨兩用)-自用,0,30-39歲,女,2,0
10470,17816cff955336fe,2025/9/11,11,臺北市,大安區,25.044633,121.549408,機車-普通重型,0,40-49歲,男,3,0
10471,3d41c4586c35d76b,2025/1/11,16,臺南市,永康區,23.019015,120.241227,機車-普通重型,0,30-39歲,男,1,0
10472,e0fcb735b6b83c31,2025/11/28,10,桃園市,新屋區,24.973426,121.09961,小客車(含客、貨兩用)-自用,0,40-49歲,男,1,0
10473,fad55d4d9e819e6a,2025/1/6,8,新竹市,東區,24.803717,120.983749,機車-普通重型,0,50-59歲,男,1,0
10474,ed763c3480704329,2025/11/8,12,苗栗縣,頭份市,24.711447,120.935784,機車-普通重型,0,40-49歲,女,1,0
10475,cb7e5de9a9ea2893,2025/3/5,13,嘉義市,西區,23.485293,120.441012,機車-普通重型,0,60歲以上,男,2,0
10476,c3a37a3eda12b100,2025/6/9,7,臺北市,中正區,25.049215,121.513558,機車-普通重型,0,40-49歲,男,1,0
10477,a30b5461dac6fd80,2025/8/23,10,桃園市,桃園區,24.999157,121.31624,機車-普通重型,0,40-49歲,男,3,0
10478,39f6e1fc6f1be575,2025/11/19,17,新竹市,東區,24.771348,121.008974,小客車(含客、貨兩用)-自用,0,60歲以上,男,1,0
10479,9cb8366dfdbebad2,2025/8/24,17,彰化縣,和美鎮,24.108276,120.501668,機車-普通重型,0,40-49歲,男,3,0
10480,7e187e604df31b80,2025/6/9,15,新北市,新店區,24.963411,121.548354,小客車(含客、貨兩用)-自用,0,40-49歲,女,1,0
10481,acaa6dfa1a6510fd,2025/9/3,12,新北市,新莊區,25.032772,121.435356,機車-普通重型,0,50-59歲,男,1,0
10482,fedcbb9be950774e,2025/6/16,7,嘉義市,西區,23.48223,120.42,機車-普通重型,0,40-49歲,男,1,0
10483,7a1f75d968c83ed2,2025/3/19,7,新竹市,東區,24.763904,121.018829,機車-普通重型,0,60歲以上,女,1,0
10484,1667e32371d26d04,2025/7/2,9,高雄市,旗山區,22.88842,120.4577,機車-普通重型,0,40-49歲,男,1,0
10485,d5ee1a69e532a0a0,2025/8/27,21,高雄市,仁武區,22.675331,120.355,機車-普通重型,0,40-49歲,男,1,0
10486,b816b74d51aabbe5,2025/3/24,9,高雄市,燕巢區,22.780793,120.423514,機車-普通重型,0,50-59歲,男,2,0
10487,bc71e9d77f762f89,2025/10/25,1,臺南市,七股區,23.157393,120.134655,機車-普通重型,0,40-49歲,男,2,0
10488,ff6276a09be19989,2025/7/22,11,嘉義市,東區,23.480914,120.454186,機車-普通重型,0,60歲以上,男,1,0
10489,f53b06049a621b96,2025/9/20,12,桃園市,中壢區,24.95462,121.233062,機車-普通重型,0,40-49歲,男,1,0
10490,39a9cbaa58b41aac,2025/3/11,19,臺南市,山上區,23.103704,120.352029,機車-普通重型,0,50-59歲,女,1,0
10491,3a3077fe68fed6d0,2025/10/23,18,高雄市,美濃區,22.86176,120.5578,小客車(含客、貨兩用)-自用,0,50-59歲,男,2,0
10492,a647d05316462a1d,2025/6/27,11,嘉義縣,民雄鄉,23.549352,120.433206,小客車(含客、貨兩用)-自用,0,50-59歲,男,1,0
10493,3b5b8ad7d8ce5ce5,2025/11/7,8,屏東縣,恆春鎮,22.008083,120.747999,機車-普通重型,0,20-29歲,男,2,0
10494,9e59fe058c5ce1a6,2025/5/29,18,臺南市,中西區,22.993637,120.206681,機車-普通重型,0,40-49歲,男,2,0
10495,5403a5cc9ed0a40d,2025/3/9,11,新竹市,東區,24.814878,120.974177,機車-普通重型,0,19歲以下,女,1,0
10496,03760117efdb1e07,2025/2/21,8,高雄市,小港區,22.567889,120.362599,機車-普通重型,0,40-49歲,男,1,0
10497,dc606d7ff27c19a2,2025/4/30,13,臺中市,東區,24.147945,120.69499,機車-普通重型,0,40-49歲,女,1,0
10498,a8d8cc2a0c06aca0,2025/5/2,15,桃園市,平鎮,24.907844,121.197575,機車-普通重型,0,40-49歲,女,1,0
10499,69b7e7da3808cfca,2025/11/22,17,新北市,板橋區,25.002018,121.455145,機車-普通重型,0,40-49歲,男,1,0
10500,66191f4abe8e4591,2025/10/19,16,花蓮縣,吉安鄉,23.992135,121.574473,慢車-微型電動二輪車,0,30-39歲,男,1,0
10501,71aad0cc4b772f17,2025/6/19,7,新竹縣,湖口鄉,24.880578,121.068308,機車-普通重型,0,50-59歲,女,2,0
10502,c6947596f54e5147,2025/6/5,14,彰化縣,員林市,23.960382,120.580341,小客車(含客、貨兩用)-自用,0,50-59歲,男,1,0
10503,7bb9d9fda7785630,2025/6/11,1,桃園市,中壢區,24.98212,121.207295,小客車(含客、貨兩用)-自用,0,20-29歲,男,1,0
10504,fc87b1cf22694a47,2025/1/9,17,臺中市,北區,24.168041,120.672725,機車-普通重型,0,50-59歲,男,2,0
10505,4de5de4b96eb5497,2025/10/3,19,新北市,土城區,24.978752,121.450955,機車-普通重型,0,50-59歲,男,2,0
10506,9f6cf4917d799313,2025/6/2,7,新北市,三芝區,25.17118,121.457321,小客車(含客、貨兩用)-自用,0,40-49歲,男,1,0
10507,66898090d3161a51,2025/1/9,10,雲林縣,斗六市,23.700707,120.530218,機車-普通重型,0,50-59歲,男,1,0
10508,3548019113dfd9a7,2025/1/8,18,臺中市,南區,24.125019,120.679208,機車-普通重型,0,50-59歲,男,1,0
10509,6b77a9a0e9c13439,2025/5/27,12,高雄市,橋頭區,22.745375,120.2943,小客車(含客、貨兩用)-自用,0,30-39歲,男,1,0
10510,37b7ea828a6533d9,2025/10/14,16,臺中市,龍井區,24.208696,120.54991,小客車(含客、貨兩用)-自用,0,50-59歲,女,1,0
10511,20e73a6ed119a3a6,2025/7/28,18,臺中市,西屯區,24.162098,120.637193,小客車(含客、貨兩用)-自用,0,60歲以上,男,1,0
10512,d0382a471c7985ff,2025/8/12,18,臺北市,大安區,25.044799,121.548395,小客車(含客、貨兩用)-自用,0,40-49歲,男,1,0
10513,3f8ef719b1cacc9f,2025/1/2,10,臺南市,佳里區,23.16311,120.18245,小客車(含客、貨兩用)-自用,0,19歲以下,男,1,0
10514,df931cfbde9054ba,2025/9/17,16,高雄市,楠梓區,22.718529,120.285176,小客車(含客、貨兩用)-自用,0,40-49歲,男,1,0
10515,af9840f8e725cd0f,2025/10/7,8,臺南市,東區,22.984877,120.226432,機車-普通重型,0,30-39歲,男,2,0
10516,b685f176d42f4011,2025/4/13,0,臺中市,西屯區,24.174475,120.644522,機車-普通重型,0,50-59歲,男,2,0
10517,0a0c5dde5bffcd39,2025/11/6,13,花蓮縣,新城鄉,24.032288,121.612338,小客車(含客、貨兩用)-自用,0,40-49歲,男,1,0
10518,4594c6c31e7ceceb,2025/10/9,17,彰化縣,永靖鄉,23.921732,120.541295,機車-普通重型,0,50-59歲,男,1,0
10519,520dc8507ae5f7ab,2025/1/22,11,雲林縣,北港鎮,23.573445,120.299665,慢車-微型電動二輪車,0,50-59歲,男,1,0
10520,c68f3c25d0966738,2025/11/19,18,桃園市,桃園區,25.006596,121.303579,小客車(含客、貨兩用)-計程車,0,30-39歲,男,1,0
10521,601bd6adb1cdd2ed,2025/4/20,11,臺中市,清水區,24.26975,120.607813,小客車(含客、貨兩用)-自用,0,30-39歲,男,1,0
10522,80a1e6bf818ca207,2025/11/2,12,花蓮縣,花蓮市,23.986974,121.600745,機車-普通重型,0,30-39歲,男,1,0
10523,6400a725bba68bc3,2025/1/15,12,桃園市,中壢區,25.013886,121.222597,小客車(含客、貨兩用)-自用,0,30-39歲,男,1,0
10524,331be93f807cafcc,2025/3/14,8,臺南市,東區,22.991555,120.211615,機車-普通重型,0,40-49歲,男,1,0
10525,2b63ff6ca466177d,2025/3/17,19,桃園市,八德區,24.932077,121.297387,慢車-微型電動二輪車,0,40-49歲,男,2,0
10526,00f9e3dce97cb790,2025/4/12,10,高雄市,苓雅區,22.623598,120.333216,機車-普通重型,0,60歲以上,女,1,0
10527,f9ec75089bc3e81e,2025/11/4,21,高雄市,楠梓區,22.735495,120.335504,機車-普通重型,0,50-59歲,男,1,0
10528,6bdbfa59bfc46580,2025/1/11,3,新北市,板橋區,25.001951,121.442454,小客車(含客、貨兩用)-自用,0,50-59歲,男,2,0
10529,781e527136885f45,2025/5/19,13,新北市,淡水區,25.185209,121.444266,小客車(含客、貨兩用)-計程車,0,30-39歲,女,1,0
10530,b5e2f7e57cae071f,2025/12/19,21,臺南市,南區,22.940234,120.17555,慢車-微型電動二輪車,0,40-49歲,男,1,0
10531,ec75cb81ccd40a6d,2025/6/24,8,新北市,永和區,24.998957,121.525415,機車-普通重型,0,40-49歲,女,1,0
10532,8bfa45535ff08c91,2025/10/18,6,高雄市,燕巢區,22.796987,120.32917,其他車-農耕用車(或機械),0,20-29歲,男,2,0
10533,071ac6827398d302,2025/11/1,7,新北市,淡水區,25.192437,121.446626,機車-普通重型,0,40-49歲,男,1,0
10534,45ebe9c9e994bff7,2025/9/2,14,桃園市,桃園區,25.009159,121.286426,機車-普通重型,0,50-59歲,男,1,0
10535,352a04d8fecf2600,2025/7/29,13,彰化縣,員林市,23.945143,120.576059,機車-普通重型,0,50-59歲,男,1,0
10536,4e5a1b1fba192cd9,2025/10/26,16,嘉義市,西區,23.464371,120.436206,慢車-腳踏自行車,0,50-59歲,女,1,0
10537,0f74bffc0ea2a818,2025/1/11,9,臺中市,西屯區,24.180243,120.616363,機車-普通重型,0,20-29歲,男,1,0
10538,7435856937970c2b,2025/2/18,15,臺中市,豐原區,24.249732,120.710801,小客車(含客、貨兩用)-自用,0,50-59歲,男,1,0
10539,6daa783c2ae847be,2025/3/20,14,臺北市,士林區,25.12577,121.540672,機車-普通重型,0,19歲以下,女,2,0
10540,a25622700c89930a,2025/10/9,7,新竹市,東區,24.789231,121.005208,小貨車-自用,0,30-39歲,男,1,0
10541,8b0cdfae3cdc01b0,2025/7/19,8,高雄市,三民區,22.653208,120.303369,機車-普通重型,0,40-49歲,男,1,0
10542,16488abd342ef5a2,2025/9/8,15,雲林縣,斗六市,23.676296,120.554992,機車-普通重型,0,40-49歲,男,2,0
10543,c3671eb4a3a71bcf,2025/12/4,7,南投縣,南投市,23.927923,120.691743,小客車(含客、貨兩用)-自用,0,20-29歲,男,1,0
10544,d32c5a4e6fe1f173,2025/4/23,13,澎湖縣,馬公市,23.560215,119.596299,慢車-腳踏自行車,0,20-29歲,男,1,0
10545,4977fde0e71e9344,2025/5/14,7,臺中市,北區,24.167689,120.673193,機車-普通重型,0,60歲以上,男,1,0
10546,aae54615e6daf544,2025/4/15,8,高雄市,鳳山區,22.634718,120.372244,小客車(含客、貨兩用)-自用,0,30-39歲,女,1,0
10547,d830beb345acf32e,2025/5/1,7,高雄市,前金區,22.6222,120.2945,機車-普通重型,0,50-59歲,男,2,0
10548,38e960df0d86cfb5,2025/4/19,16,雲林縣,土庫鎮,23.652278,120.352466,小客車(含客、貨兩用)-自用,0,30-39歲,男,2,0
10549,1b2b6cc8084672df,2025/5/29,11,嘉義市,東區,23.490626,120.45787,機車-普通重型,0,40-49歲,男,2,0
10550,88843d520202a3be,2025/4/23,7,彰化縣,和美鎮,24.106858,120.498904,機車-普通重型,0,50-59歲,女,1,0
10551,a4a5840c5bd0a293,2025/11/14,8,高雄市,橋頭區,22.759919,120.309473,慢車-微型電動二輪車,0,50-59歲,女,1,0
10552,c8e56d0c1a5ebdf9,2025/10/4,10,高雄市,前金區,22.619217,120.296908,小客車(含客、貨兩用)-自用,0,50-59歲,男,1,0
10553,c12a8a0936f9c283,2025/2/10,9,新竹縣,竹北市,24.817577,121.018298,小客車(含客、貨兩用)-自用,0,40-49歲,男,1,0
10554,940d3af90f2b52b9,2025/12/21,13,臺北市,信義區,25.035857,121.562333,小客車(含客、貨兩用)-租賃車,0,30-39歲,女,1,0
10555,acc145339f7282d5,2025/4/10,17,臺南市,南區,22.932574,120.197612,小客車(含客、貨兩用)-自用,0,20-29歲,男,1,0
10556,7e8229c21087b04d,2025/11/9,18,雲林縣,北港鎮,23.574128,120.292532,小客車(含客、貨兩用)-自用,0,20-29歲,男,1,0
10557,aabd57618fc989d3,2025/1/28,7,新竹市,東區,24.795534,120.97166,機車-普通重型,0,60歲以上,男,2,0
10558,acffa0068407d53e,2025/10/18,8,臺中市,西區,24.150825,120.658813,小客車(含客、貨兩用)-自用,0,50-59歲,男,1,0
10559,64d83035f3162459,2025/12/24,19,嘉義縣,梅山鄉,23.552781,120.519478,小客車(含客、貨兩用)-自用,0,60歲以上,男,1,0
10560,95fac987e7fe2b8f,2025/8/29,7,臺中市,梧棲區,24.257118,120.536326,小客車(含客、貨兩用)-自用,0,20-29歲,男,1,0
10561,a786da06158c2ce5,2025/1/18,15,南投縣,埔里鎮,23.992121,120.957118,小客車(含客、貨兩用)-自用,0,20-29歲,女,2,0
10562,cc4b7e8677c847e4,2025/3/19,7,新竹市,東區,24.77586,121.015194,機車-普通重型,0,60歲以上,男,2,0
10563,1ccdd7b435f79b10,2025/1/20,8,高雄市,大寮區,22.640185,120.383177,小貨車-租賃小貨車,0,40-49歲,男,1,0
10564,500d186044d74c62,2025/12/12,3,桃園市,大園區,25.066874,121.220694,小客車(含客、貨兩用)-租賃車,0,40-49歲,男,1,0
10565,3ea03493df0692d4,2025/2/8,8,新北市,板橋區,24.989064,121.42563,機車-普通重型,0,40-49歲,男,1,0
10566,801e95d7a0930086,2025/12/22,6,新北市,新莊區,25.030881,121.41489,機車-普通重型,0,50-59歲,男,2,0
10567,0196ce9718939f3b,2025/3/2,16,臺北市,中山區,25.054646,121.540545,機車-普通重型,0,40-49歲,男,1,0
10568,c21cc25652ef8cb2,2025/10/27,23,臺南市,仁德區,22.918822,120.227359,機車-普通重型,0,40-49歲,男,1,0
10569,c868889e94b2e376,2025/4/23,20,花蓮縣,光復鄉,23.644761,121.415321,小客車(含客、貨兩用)-自用,0,30-39歲,男,1,0
10570,ed987ac5a352241a,2025/2/13,19,高雄市,前鎮,22.613341,120.314632,機車-普通重型,0,40-49歲,男,1,0
10571,3bc159be706e3cda,2025/9/4,17,臺中市,北屯區,24.172024,120.688933,機車-普通重型,0,50-59歲,女,1,0
10572,6b13512d526ed36b,2025/7/3,7,宜蘭縣,礁溪鄉,24.784542,121.76939,機車-普通重型,0,50-59歲,男,2,0
10573,262640bdde38b9f7,2025/7/22,7,高雄市,三民區,22.636942,120.328242,機車-普通重型,0,40-49歲,女,1,0
10574,28873e92a58d1d84,2025/6/21,18,臺南市,仁德區,22.952914,120.258075,機車-普通重型,0,60歲以上,男,2,0
10575,97dd1b66fff78dbb,2025/9/18,16,嘉義市,東區,23.507353,120.44714,小客車(含客、貨兩用)-自用,0,50-59歲,男,1,0
10576,6727079d791f8c40,2025/3/3,19,臺中市,豐原區,24.240827,120.724942,機車-普通重型,0,40-49歲,男,1,0
10577,bc94137e314a6415,2025/1/2,20,臺中市,西區,24.150028,120.660209,慢車-腳踏自行車,0,50-59歲,男,2,0
10578,d23bda9c053a0cd1,2025/6/17,14,新北市,土城區,24.988532,121.459091,機車-普通重型,0,50-59歲,男,1,0
10579,aee84c03a59e4037,2025/11/15,8,新竹縣,竹東鎮,24.740533,121.086069,小客車(含客、貨兩用)-自用,0,40-49歲,男,1,0
10580,1cdbacb5ddfb584a,2025/4/23,12,臺中市,北區,24.152984,120.684417,機車-普通重型,0,50-59歲,男,2,0
10581,7074e1b3faf413fa,2025/11/23,1,新北市,三峽區,24.908,121.366324,機車-普通重型,0,30-39歲,女,1,0
10582,f5a936cc66b65d33,2025/1/23,21,臺南市,東區,22.991842,120.234063,機車-普通重型,0,30-39歲,男,1,0
10583,1f60f53773fa16c9,2025/1/19,9,宜蘭縣,宜蘭市,24.756458,121.753854,小客車(含客、貨兩用)-自用,0,50-59歲,女,1,0
10584,a08f9ac88f37d130,2025/8/30,20,嘉義市,西區,23.469947,120.435769,小客車(含客、貨兩用)-自用,0,40-49歲,男,1,0
10585,55ab5db056a131cf,2025/4/14,21,臺北市,內湖區,25.07864,121.595276,機車-普通重型,0,20-29歲,男,2,0
10586,4e5d4cae288d9c6b,2025/3/8,13,桃園市,平鎮,24.950777,121.218253,機車-普通重型,0,60歲以上,男,3,0
10587,5619904548bb43af,2025/1/24,23,新竹市,香山區,24.756789,120.952454,機車-普通重型,0,60歲以上,男,1,0
10588,d4a9c42014d3756b,2025/2/10,16,新竹市,北區,24.839598,120.93878,小客車(含客、貨兩用)-自用,0,30-39歲,男,1,0
10589,ef3aa0ed99d0dbde,2025/2/12,19,臺南市,善化區,23.128772,120.302955,小客車(含客、貨兩用)-自用,0,60歲以上,男,1,0
10590,ea8c0b735ae7cf4f,2025/9/4,13,臺中市,東區,24.14589,120.696983,機車-普通重型,0,60歲以上,男,1,0
10591,402ce98c909eab75,2025/7/25,17,臺中市,東區,24.14275,120.696201,機車-普通重型,0,30-39歲,男,1,0
10592,4a83f65a706036f9,2025/8/21,10,臺中市,西屯區,24.181638,120.617888,機車-普通重型,0,40-49歲,女,1,0
10593,f563003fbddbbc8e,2025/9/25,16,臺中市,西屯區,24.181224,120.63847,小客車(含客、貨兩用)-租賃車,0,20-29歲,男,1,0
10594,cc816cf864e1c760,2025/7/21,12,臺中市,北屯區,24.186892,120.686936,小客車(含客、貨兩用)-自用,0,40-49歲,男,1,0
10595,60f91af132afcb2d,2025/5/28,7,高雄市,岡山區,22.807386,120.298519,小貨車-自用,0,40-49歲,男,1,0
10596,a4a0f5cab3d0444b,2025/4/23,17,臺北市,大安區,25.041353,121.554501,機車-普通重型,0,50-59歲,男,1,0
10597,6abad65d0df8e9e0,2025/10/5,16,新北市,八里區,25.142055,121.390815,小客車(含客、貨兩用)-計程車,0,40-49歲,男,1,0
10598,48c1c29e0c7e5378,2025/2/11,17,雲林縣,斗六市,23.729321,120.526904,未知,0,19歲以下,男,1,0
10599,67db39356db261bb,2025/4/18,19,屏東縣,萬巒鄉,22.587875,120.603998,未知,0,50-59歲,男,1,0
10600,3c316f4418cb47e4,2025/6/23,7,臺中市,北屯區,24.167529,120.701879,機車-普通重型,0,20-29歲,女,2,0
10601,d71c880c594ba872,2025/3/13,7,臺南市,永康區,23.035247,120.261254,機車-普通重型,0,30-39歲,女,3,0
10602,7b03289ca7b07b8a,2025/2/11,18,臺南市,安平區,22.997996,120.186551,機車-普通重型,0,20-29歲,男,2,0
10603,b53a962cefacce3c,2025/12/23,18,彰化縣,埔心鄉,23.956048,120.556733,小客車(含客、貨兩用)-自用,0,30-39歲,女,2,0
10604,0d8f3065d1d9b48c,2025/8/8,10,桃園市,中壢區,24.966754,121.20306,半聯結車-營業用,0,40-49歲,女,1,0
10605,ca3ddce678bd47cc,2025/5/22,4,嘉義縣,民雄鄉,23.569074,120.471027,未知,0,40-49歲,男,1,0
10606,613c6acf44a67893,2025/11/12,14,新竹市,北區,24.821624,120.95965,機車-普通重型,0,40-49歲,男,1,0
10607,224d11c7319a9b60,2025/10/30,10,彰化縣,員林市,23.979421,120.591746,小客車(含客、貨兩用)-自用,0,50-59歲,男,1,0
10608,fe485963d5b9e0fe,2025/1/5,15,臺中市,龍井區,24.1922,120.588007,機車-普通重型,0,30-39歲,女,2,0
10609,d485a9687e08f449,2025/12/24,17,桃園市,中壢區,24.987655,121.185304,機車-普通重型,0,20-29歲,男,2,0
10610,58151a9eacdf69cd,2025/2/18,15,新北市,板橋區,25.021906,121.45332,小客車(含客、貨兩用)-自用,0,40-49歲,男,1,0
10611,6ef12e1a6b4b2e2d,2025/7/29,20,屏東縣,屏東市,22.638172,120.485453,機車-普通重型,0,40-49歲,男,1,0
10612,9200f86bf2dac406,2025/5/23,20,新竹市,東區,24.801116,120.991786,小客車(含客、貨兩用)-自用,0,50-59歲,男,2,0
10613,ce23cdc767d7496f,2025/7/10,7,高雄市,楠梓區,22.72132,120.304579,機車-普通重型,0,40-49歲,男,2,0
10614,44bcb69530d5f18e,2025/6/15,14,桃園市,中壢區,25.024434,121.202385,機車-普通重型,0,20-29歲,男,2,0
10615,dfe8793a50c00b84,2025/10/16,9,桃園市,八德區,24.953373,121.291614,機車-普通重型,0,50-59歲,男,1,0
10616,f45713b3736012a3,2025/2/15,18,新北市,淡水區,25.138057,121.459908,小客車(含客、貨兩用)-自用,0,20-29歲,男,1,0
10617,a8bf1b00720bdbd5,2025/7/9,16,臺中市,北屯區,24.166707,120.693882,機車-普通重型,0,50-59歲,男,2,0
10618,31e5613455eeb1e6,2025/5/27,15,新北市,板橋區,25.031412,121.465165,小客車(含客、貨兩用)-計程車,0,40-49歲,男,1,0
10619,ddfaef4dc9df7d4c,2025/1/13,11,花蓮縣,吉安鄉,23.971568,121.571462,小貨車-自用,0,30-39歲,女,1,0
10620,96412aac938a3c8d,2025/12/1,16,宜蘭縣,蘇澳鎮,24.594131,121.845994,機車-普通重型,0,19歲以下,男,1,0
10621,79d86228f30cdc7d,2025/5/10,3,桃園市,蘆竹區,25.069614,121.341597,小客車(含客、貨兩用)-租賃車,0,40-49歲,男,1,0
10622,bbb3fe8b5a30f72f,2025/9/17,15,新北市,淡水區,25.173004,121.437849,慢車-腳踏自行車,0,50-59歲,男,1,0
10623,374fdf6ae1488349,2025/10/3,16,高雄市,苓雅區,22.618521,120.303552,機車-普通重型,0,20-29歲,男,1,0
10624,f518d7cea23b4a53,2025/12/23,8,臺南市,學甲區,23.229042,120.185905,大客車-遊覽車,0,30-39歲,男,1,0
10625,bf7bf2918035f0cd,2025/5/13,17,嘉義縣,太保市,23.487631,120.387238,小貨車-自用,0,50-59歲,男,1,0
10626,0a4a87fbefdceeee,2025/7/5,11,臺中市,南區,24.124985,120.659934,機車-普通重型,0,40-49歲,男,1,0
10627,2ba5518166bf426c,2025/6/24,14,臺中市,北區,24.154102,120.665639,機車-普通重型,0,50-59歲,男,1,0
10628,274648fd35891581,2025/10/2,14,彰化縣,彰化市,24.07537,120.547155,機車-普通重型,0,50-59歲,男,1,0
10629,00d907e10c64351d,2025/11/9,22,桃園市,大溪區,24.88164,121.295422,小客車(含客、貨兩用)-自用,0,30-39歲,男,1,0
10630,ba27b5d20b35d8fe,2025/9/15,21,新北市,新莊區,25.000489,121.435318,機車-普通重型,0,30-39歲,男,1,0
10631,7a239c4f482c43c4,2025/9/20,8,臺北市,信義區,25.038931,121.573994,小客車(含客、貨兩用)-自用,0,30-39歲,男,1,0
10632,562ee22fea5bb58f,2025/3/11,18,新北市,八里區,25.156994,121.435929,大客車-自用,0,60歲以上,男,4,0
10633,ef78782201047e63,2025/6/4,7,臺中市,烏日區,24.111886,120.607517,小客車(含客、貨兩用)-計程車,0,40-49歲,男,1,0
10634,8133b2fe7df8cb9e,2025/6/8,13,臺中市,梧棲區,24.24265,120.556701,小客車(含客、貨兩用)-自用,0,40-49歲,男,1,0
10635,1f25eb323fed8f5a,2025/11/20,16,屏東縣,屏東市,22.665636,120.478268,機車-普通重型,0,40-49歲,男,2,0
10636,6576a2058652e417,2025/10/12,8,臺南市,鹽水區,23.322713,120.271347,機車-普通重型,0,20-29歲,男,2,0
10637,c6df1eff642549b1,2025/5/30,8,臺中市,大里區,24.120785,120.693898,小客車(含客、貨兩用)-自用,0,30-39歲,男,1,0
10638,fc719c0ff9d011b1,2025/9/29,9,嘉義市,西區,23.47724,120.4278,小客車(含客、貨兩用)-自用,0,19歲以下,男,1,0
10639,30f6f354e63d3f6c,2025/8/7,10,臺北市,內湖區,25.057092,121.587518,小客車(含客、貨兩用)-自用,0,20-29歲,男,1,0
10640,7d6ba29e955c484a,2025/12/15,20,高雄市,鳳山區,22.599231,120.327198,機車-普通重型,0,20-29歲,男,1,0
10641,30a01df0197c3681,2025/5/30,22,臺北市,萬華區,25.025385,121.48987,慢車-腳踏自行車,0,50-59歲,女,1,0
10642,2aff31406a4470ca,2025/4/29,8,嘉義縣,水上鄉,23.451737,120.414157,機車-普通重型,0,40-49歲,女,2,0
10643,1814b31dd7b1c37c,2025/5/16,16,彰化縣,大村鄉,23.992824,120.562882,機車-普通重型,0,60歲以上,男,2,0
10644,22cf6e2cdc55b23d,2025/2/1,6,臺中市,南屯區,24.125572,120.641658,機車-普通重型,0,40-49歲,男,1,0
10645,66c8910060b54a7d,2025/11/28,13,高雄市,前鎮,22.60342,120.3075,小客車(含客、貨兩用)-自用,0,30-39歲,男,1,0
10646,62084f3a10449649,2025/6/14,10,高雄市,三民區,22.661794,120.319113,機車-普通重型,0,20-29歲,男,2,0
10647,ea2a1cfc938760cf,2025/7/23,18,桃園市,大園區,25.018685,121.230079,機車-普通重型,0,50-59歲,男,1,0
10648,091ef17978a7a794,2025/1/14,18,臺中市,西屯區,24.182843,120.632516,機車-普通重型,0,40-49歲,男,1,0
10649,d494dbeada6fa19b,2025/6/19,8,新竹市,東區,24.793823,120.970546,機車-普通重型,0,20-29歲,男,1,0
10650,0e5eda97ddf307ce,2025/8/20,17,雲林縣,土庫鎮,23.689827,120.39288,小客車(含客、貨兩用)-自用,0,40-49歲,女,1,0
10651,77838e0ccbc9d956,2025/2/21,8,彰化縣,彰化市,24.061091,120.523896,機車-普通重型,0,30-39歲,男,1,0
10652,d75439806f169582,2025/12/6,13,新北市,三重區,25.074616,121.487246,機車-普通重型,0,20-29歲,男,1,0
10653,7be43ff879795ed5,2025/10/2,18,臺中市,東區,24.141574,120.688137,機車-普通重型,0,40-49歲,女,3,0
10654,5b5a335914c20e3c,2025/7/18,16,雲林縣,古坑鄉,23.624064,120.549898,機車-普通重型,0,50-59歲,男,1,0
10655,4afe05e3bb1350e8,2025/2/21,11,臺南市,仁德區,22.95377,120.250908,機車-普通重型,0,30-39歲,男,2,0
10656,a0de422d237ecd79,2025/8/8,19,彰化縣,彰化市,24.084071,120.562148,慢車-微型電動二輪車,0,50-59歲,男,1,0
10657,bcf36913d34db5cc,2025/12/29,16,臺中市,南區,24.129381,120.670758,小客車(含客、貨兩用)-自用,0,30-39歲,男,1,0
10658,3f0c14507b5706db,2025/12/2,18,臺南市,南區,22.978158,120.184558,機車-普通重型,0,50-59歲,男,2,0
10659,8b29388184855a3c,2025/4/30,18,新北市,鶯歌區,24.951636,121.342275,機車-普通重型,0,40-49歲,男,3,0
10660,4df328c895dc862c,2025/1/9,7,桃園市,楊梅區,24.933517,121.145494,小客車(含客、貨兩用)-自用,0,40-49歲,女,1,0
10661,ac919b8fa6c5a4f6,2025/12/23,14,臺南市,北區,23.008952,120.223022,機車-普通重型,0,30-39歲,男,2,0
10662,d7f1f7e6a3265fa4,2025/10/3,19,桃園市,龜山區,24.995921,121.339795,小客車(含客、貨兩用)-自用,0,40-49歲,男,1,0
10663,8ac8d7773f36d5bc,2025/5/16,22,高雄市,鳳山區,22.60023,120.3415,機車-大型重型1(550C.C.以上),0,40-49歲,男,2,0
10664,c34338dc571ae7b7,2025/2/25,15,花蓮縣,花蓮市,23.974255,121.608801,機車-普通重型,0,20-29歲,男,1,0
10665,0306cf8b7cd4a139,2025/6/16,7,臺南市,歸仁區,22.929827,120.311828,機車-普通重型,0,40-49歲,男,1,0
10666,093d00cbe2f59d00,2025/5/22,11,新竹市,北區,24.803533,120.959506,機車-普通重型,0,50-59歲,男,1,0
10667,a6b4860b48f6fe3a,2025/2/10,7,臺南市,安南區,23.030901,120.212908,機車-普通重型,0,40-49歲,男,2,0
10668,9f440a6bde4819cc,2025/7/24,17,臺北市,文山區,24.999451,121.56905,慢車-電動輔助自行車,0,40-49歲,男,1,0
10669,52c7558e625ad3d6,2025/11/30,16,臺中市,豐原區,24.243453,120.729824,機車-普通重型,0,30-39歲,女,1,0
10670,006c2996e4455e42,2025/10/13,18,臺南市,新化區,23.036161,120.309131,機車-普通重型,0,20-29歲,男,2,0
10671,9f04dcf258be7010,2025/7/15,22,嘉義縣,竹崎鄉,23.522618,120.507482,機車-普通重型,0,40-49歲,男,1,0
10672,79c57ae01df24fbc,2025/7/27,19,彰化縣,員林市,23.957719,120.579044,小客車(含客、貨兩用)-自用,0,50-59歲,男,1,0
10673,9a1904ae35a961c5,2025/7/30,14,臺南市,安南區,23.047179,120.183912,小客車(含客、貨兩用)-自用,0,40-49歲,女,1,0
10674,4848ecac90965415,2025/11/13,18,桃園市,蘆竹區,25.043891,121.295153,人-行人,0,50-59歲,男,1,0
10675,5d3e31ffe6d445a1,2025/4/11,8,臺北市,信義區,25.041581,121.58673,機車-普通重型,0,50-59歲,男,1,0
10676,d75327ca139f04bf,2025/4/1,17,臺南市,佳里區,23.163139,120.177467,機車-普通重型,0,20-29歲,男,2,0
10677,b47039d8edcee5a9,2025/11/22,12,臺中市,太平區,24.109528,120.729916,小客車(含客、貨兩用)-自用,0,40-49歲,女,1,0
10678,9e9666b707f2efa3,2025/2/13,15,新竹市,北區,24.811891,120.964512,機車-普通重型,0,40-49歲,女,1,0
10679,1d04dab40f54b906,2025/11/19,10,宜蘭縣,宜蘭市,24.760878,121.758176,機車-普通重型,0,40-49歲,女,1,0
10680,ff010942e8281f10,2025/4/24,16,嘉義縣,民雄鄉,23.555511,120.470004,小客車(含客、貨兩用)-自用,0,40-49歲,男,1,0
10681,154272bc9effdcf6,2025/5/4,19,臺北市,內湖區,25.068613,121.584507,小客車(含客、貨兩用)-計程車,0,50-59歲,男,1,0
10682,cd516faa3326be86,2025/8/25,12,新北市,土城區,24.950319,121.4051,小貨車-自用,0,40-49歲,男,2,0
10683,9929cce771315e6d,2025/5/4,12,新北市,新莊區,25.038919,121.456554,機車-普通重型,0,19歲以下,女,1,0
10684,e566ab5bb0978eab,2025/12/22,7,臺中市,烏日區,24.107877,120.638081,慢車-腳踏自行車,0,50-59歲,女,1,0
10685,9eb27ea519847f0e,2025/6/10,17,桃園市,中壢區,24.962882,121.258219,機車-普通重型,0,19歲以下,男,2,0
10686,d109ab4a64184001,2025/1/22,21,臺北市,文山區,25.000188,121.577317,機車-普通重型,0,30-39歲,男,2,0
10687,774af862bb822404,2025/3/7,20,新北市,新莊區,25.051503,121.451899,小客車(含客、貨兩用)-自用,0,40-49歲,男,1,0
10688,2a6f7163b628923f,2025/1/17,18,臺中市,烏日區,24.108325,120.632827,人-行人,0,50-59歲,男,2,0
10689,0960bcc11a850b04,2025/1/28,14,臺南市,佳里區,23.14623,120.166686,機車-普通重型,0,50-59歲,男,1,0
10690,0b38e38511246e90,2025/8/7,20,雲林縣,土庫鎮,23.708699,120.346978,小貨車-自用,0,40-49歲,男,1,0
10691,f2b6432f1c93e75f,2025/12/15,21,臺中市,豐原區,24.249657,120.731195,小客車(含客、貨兩用)-自用,0,40-49歲,男,1,0
10692,58428601c652a199,2025/3/20,7,雲林縣,崙背鄉,23.761208,120.356928,機車-普通重型,0,50-59歲,男,1,0
10693,ae796706d996c447,2025/11/21,15,嘉義市,東區,23.493801,120.452678,機車-普通重型,0,40-49歲,男,2,0
10694,9c5960e53d96c33d,2025/6/5,7,臺北市,信義區,25.032932,121.55962,機車-普通重型,0,20-29歲,女,1,0
10695,1c6838ad071917a4,2025/5/9,7,臺中市,梧棲區,24.257192,120.541363,小客車(含客、貨兩用)-自用,0,40-49歲,女,1,0
10696,01f662ae583b26eb,2025/10/20,17,臺南市,永康區,23.008624,120.240428,機車-普通重型,0,40-49歲,男,2,0
10697,ecac678eb5087ebd,2025/12/6,18,臺北市,士林區,25.098453,121.523699,機車-普通重型,0,40-49歲,女,3,0
10698,d4cdd7f35ddb38d8,2025/10/31,11,臺東縣,臺東市,22.757846,121.149258,機車-普通重型,0,40-49歲,男,1,0
10699,666e0aeb856560dc,2025/5/20,7,新北市,林口區,25.084812,121.380642,機車-普通重型,0,50-59歲,女,1,0
10700,c7cd2089a900ceb1,2025/1/14,11,嘉義市,西區,23.461865,120.444079,機車-普通重型,0,40-49歲,男,1,0
10701,0ff5fb372e771193,2025/10/4,11,新北市,三芝區,25.260124,121.493797,機車-普通重型,0,20-29歲,男,1,0
10702,3de6a70b65432c35,2025/3/17,15,臺中市,中區,24.144681,120.677538,小客車(含客、貨兩用)-自用,0,40-49歲,女,1,0
10703,0ba9e96ebc49ba77,2025/3/31,19,彰化縣,彰化市,24.081534,120.59911,小客車(含客、貨兩用)-自用,0,20-29歲,男,2,0
10704,1cd813e20cd6127b,2025/1/6,13,屏東縣,崁頂鄉,22.510722,120.510783,機車-普通重型,0,40-49歲,男,1,0
10705,f47dc02fd3f658b2,2025/12/14,19,彰化縣,永靖鄉,23.922755,120.551992,機車-普通重型,0,60歲以上,男,2,0
10706,fc4defee6bc2dc49,2025/7/31,7,桃園市,中壢區,24.963708,121.165324,小客車(含客、貨兩用)-自用,0,50-59歲,男,1,0
10707,5eb356aa9dca1460,2025/2/5,8,屏東縣,屏東市,22.657768,120.484953,機車-普通輕型,0,40-49歲,男,1,0
10708,8a8222bd6f4840a7,2025/4/9,23,桃園市,桃園區,24.991246,121.293646,機車-普通重型,0,40-49歲,男,1,0
10709,ad84d75ca5ac8f05,2025/5/21,11,高雄市,三民區,22.650511,120.325498,機車-普通重型,0,60歲以上,男,1,0
10710,0567cd9d85c84d7c,2025/8/29,21,新北市,蘆洲區,25.08821,121.458621,機車-普通重型,0,30-39歲,男,1,0
10711,ab6cbe8e3c7a9bcf,2025/12/1,8,臺北市,中正區,25.047212,121.520425,機車-普通重型,0,20-29歲,男,1,0
10712,2f5dbc1d3bb26edf,2025/5/18,21,新北市,中和區,25.004738,121.485729,機車-普通重型,0,40-49歲,女,2,0
10713,44f9a6617815c0a6,2025/10/31,9,嘉義市,西區,23.485887,120.447092,機車-普通重型,0,50-59歲,女,2,0
10714,8df6040561469f66,2025/2/25,19,嘉義市,西區,23.487711,120.446701,慢車-腳踏自行車,0,40-49歲,男,2,0
10715,121f87d5207516b9,2025/9/2,7,桃園市,楊梅區,24.950603,121.161507,小客車(含客、貨兩用)-自用,0,40-49歲,男,1,0
10716,85d4639072ea3044,2025/12/13,11,臺中市,大里區,24.099719,120.679488,慢車-腳踏自行車,0,50-59歲,男,2,0
10717,d71561907370a767,2025/4/10,20,苗栗縣,南庄鄉,24.634085,121.014439,機車-普通重型,0,20-29歲,男,1,0
10718,b3f8ba405a15e0b4,2025/11/20,9,新北市,新莊區,25.009385,121.481372,機車-普通重型,0,50-59歲,男,1,0
10719,e11699db62d08b0b,2025/4/23,17,新北市,三峽區,24.934735,121.37133,機車-普通重型,0,40-49歲,男,1,0
10720,29b2477309e0a6d4,2025/10/21,7,臺南市,歸仁區,22.960289,120.298924,機車-普通重型,0,40-49歲,男,4,0
10721,19b9746af39e8460,2025/4/20,22,臺北市,大安區,25.03851,121.549351,機車-普通重型,0,50-59歲,女,2,0
10722,8b30bb53efad782d,2025/12/17,7,花蓮縣,吉安鄉,23.9481,121.562721,機車-普通重型,0,40-49歲,男,2,0
10723,1e9c1b793643e32a,2025/12/12,7,臺南市,永康區,23.020387,120.223147,慢車-腳踏自行車,0,40-49歲,女,1,0
10724,92ec660ae8ca1097,2025/2/28,7,臺南市,西港區,23.126634,120.216606,小客車(含客、貨兩用)-自用,0,50-59歲,男,1,0
10725,7632299bf13ffb3b,2025/10/30,17,新北市,板橋區,25.00939,121.481511,機車-普通重型,0,30-39歲,男,1,0
10726,07fd03f191082fdf,2025/1/31,23,彰化縣,伸港鄉,24.18616,120.505356,其他車-動力機械,0,60歲以上,男,2,0
10727,d22c8af824cd9489,2025/8/22,8,新北市,土城區,24.961403,121.413886,小客車(含客、貨兩用)-自用,0,40-49歲,男,1,0
10728,03de808350b975d6,2025/6/5,14,嘉義市,東區,23.461487,120.450756,機車-普通重型,0,40-49歲,男,1,0
10729,4cd36a6e24912b79,2025/5/29,8,新北市,三重區,25.044136,121.468543,機車-普通重型,0,50-59歲,男,2,0
10730,c865e5c109b2b1f1,2025/1/26,15,屏東縣,九如鄉,22.746725,120.50496,機車-普通重型,0,50-59歲,男,2,0
10731,5f5788367d187b1c,2025/3/17,8,花蓮縣,吉安鄉,23.944501,121.547441,機車-普通重型,0,40-49歲,男,1,0
10732,c818fa5e85a8257d,2025/9/28,17,嘉義市,東區,23.48721,120.459446,慢車-微型電動二輪車,0,20-29歲,男,3,0
10733,ae33bbe6f27ee755,2025/6/22,11,雲林縣,虎尾鎮,23.711755,120.439051,機車-普通重型,0,40-49歲,男,1,0
10734,a4fc3ae088a8a80c,2025/4/7,5,彰化縣,和美鎮,24.119058,120.503247,小客車(含客、貨兩用)-自用,0,30-39歲,男,1,0
10735,3e33c8a8f19dc207,2025/11/27,17,嘉義縣,大林鎮,23.594402,120.464165,機車-普通重型,0,40-49歲,男,1,0
10736,716bd2c41686439e,2025/7/17,16,臺中市,西屯區,24.173275,120.646411,機車-普通重型,0,50-59歲,男,1,0
10737,2b8770a1f3badf0c,2025/6/27,17,桃園市,八德區,24.956428,121.302256,機車-普通重型,0,50-59歲,男,1,0
10738,20f5d19bf1f86dae,2025/2/19,7,臺中市,后里區,24.325362,120.719425,機車-普通重型,0,30-39歲,女,1,0
10739,b06fbbaa76edf2bc,2025/8/12,7,臺南市,永康區,23.003621,120.264745,機車-普通重型,0,40-49歲,男,3,0
10740,b4dcfb44757409f9,2025/11/26,14,臺南市,白河區,23.340349,120.500961,機車-普通重型,0,30-39歲,男,1,0
10741,bb901ef541c39ab6,2025/6/20,18,彰化縣,社頭鄉,23.891185,120.57008,機車-普通重型,0,30-39歲,男,1,0
10742,d566d01716ba8a9d,2025/1/21,8,新北市,土城區,24.974254,121.444827,機車-普通重型,0,40-49歲,男,2,0
10743,b6acc9dcf9dd2c96,2025/10/7,7,臺南市,麻豆區,23.199412,120.241127,機車-普通重型,0,30-39歲,男,1,0
10744,1bc0bb79955d356c,2025/4/7,19,新北市,三重區,25.078178,121.48688,人-行人,0,50-59歲,男,2,0
10745,8b339edc5e95a9ad,2025/12/26,14,新北市,板橋區,25.026251,121.476568,機車-普通重型,0,19歲以下,男,1,0
10746,fd114907d14577b0,2025/8/16,6,嘉義市,西區,23.476997,120.444368,小客車(含客、貨兩用)-自用,0,50-59歲,男,1,0
10747,3b8909e468d70b12,2025/7/10,17,新北市,新莊區,25.034412,121.448673,機車-普通重型,0,20-29歲,男,1,0
10748,3b6930616cdcea18,2025/3/20,13,嘉義縣,朴子市,23.466533,120.252025,小客車(含客、貨兩用)-自用,0,50-59歲,男,1,0
10749,c4e41cafb869ea31,2025/5/7,9,彰化縣,員林市,23.959698,120.566631,小貨車-自用,0,50-59歲,男,1,0
10750,7709712ff4b2f1f3,2025/9/20,21,基隆市,七堵區,25.090722,121.720227,小客車(含客、貨兩用)-自用,0,30-39歲,女,1,0
10751,a36ef212be667893,2025/8/24,9,臺南市,後壁區,23.367285,120.385527,機車-普通重型,0,50-59歲,男,1,0
10752,5dbdd2fa21b8eb45,2025/3/12,18,桃園市,大溪區,24.921442,121.293696,小客車(含客、貨兩用)-自用,0,40-49歲,男,1,0
10753,f527f901a366dad4,2025/11/4,23,高雄市,大寮區,22.608228,120.39548,機車-普通重型,0,40-49歲,男,1,0
10754,f389a11d24b859be,2025/4/13,17,臺中市,南屯區,24.15176,120.633663,機車-普通重型,0,50-59歲,男,1,0
10755,bbf93f681e485c32,2025/9/8,18,新竹縣,湖口鄉,24.902286,121.033322,小客車(含客、貨兩用)-自用,0,40-49歲,男,1,0
10756,0d6259489d69446b,2025/11/23,15,臺中市,北屯區,24.164931,120.691147,機車-普通重型,0,40-49歲,男,1,0
10757,fc49094a64fb6984,2025/7/2,18,新北市,板橋區,25.033439,121.47109,機車-普通重型,0,40-49歲,男,1,0
10758,fceabf3d0211ac2a,2025/1/7,11,高雄市,三民區,22.63706,120.2938,機車-普通重型,0,20-29歲,女,2,0
10759,f1123feb73bdc661,2025/12/22,18,臺中市,后里區,24.306832,120.719466,慢車-腳踏自行車,0,40-49歲,男,1,0
10760,99b2a7c4b6b42a26,2025/4/27,16,新北市,板橋區,25.009411,121.465108,機車-普通重型,0,40-49歲,男,2,0
10761,3ef42026835df340,2025/3/19,21,臺南市,安南區,23.064283,120.224922,機車-普通重型,0,30-39歲,男,1,0
10762,2715003d038e5050,2025/4/14,12,新竹市,東區,24.81417,120.974219,機車-普通重型,0,50-59歲,男,2,0
10763,d441a4618d41497a,2025/1/26,10,臺南市,南區,22.961405,120.189422,機車-普通重型,0,20-29歲,男,1,0
10764,55e0132f35645090,2025/7/29,7,臺中市,后里區,24.31233,120.719374,慢車-微型電動二輪車,0,40-49歲,男,2,0
10765,4819fe16bb0b894b,2025/3/25,14,新竹市,北區,24.839114,120.933938,小客車(含客、貨兩用)-自用,0,20-29歲,男,1,0
10766,18ab452ca1b5efde,2025/3/1,11,桃園市,平鎮,24.954496,121.204574,小客車(含客、貨兩用)-自用,0,40-49歲,女,1,0
10767,659812492047dd47,2025/8/18,7,新竹市,東區,24.773134,121.026136,機車-普通重型,0,40-49歲,男,1,0
10768,774c1ada07f8410d,2025/11/7,8,雲林縣,麥寮鄉,23.795877,120.27893,大客車-民營公車,0,50-59歲,女,1,0
10769,2b54da34c130980a,2025/2/1,15,宜蘭縣,冬山鄉,24.669328,121.732785,機車-普通重型,0,19歲以下,男,1,0
10770,7181e43ae81e1c54,2025/8/10,7,新竹縣,湖口鄉,24.878126,121.043206,小客車(含客、貨兩用)-自用,0,50-59歲,男,2,0
10771,7fec9346baea12c0,2025/4/11,21,臺中市,神岡區,24.247592,120.680921,機車-普通重型,0,19歲以下,男,1,0
10772,eb80256cb6f0f751,2025/12/31,8,彰化縣,員林市,23.945375,120.562708,機車-普通重型,0,30-39歲,女,2,0
10773,f87c8736be9190c6,2025/12/5,12,臺中市,烏日區,24.095717,120.641583,機車-普通重型,0,40-49歲,女,3,0
10774,56380122beaf661d,2025/11/9,15,桃園市,觀音區,25.051742,121.118136,小客車(含客、貨兩用)-自用,0,30-39歲,女,2,0
10775,c0503a8731eb06be,2025/12/12,8,花蓮縣,花蓮市,23.970278,121.605343,小客車(含客、貨兩用)-自用,0,40-49歲,女,1,0
10776,7381b480ad8d5353,2025/12/12,8,臺中市,南屯區,24.143835,120.653924,機車-普通輕型,0,40-49歲,男,1,0
10777,06b920d015584faf,2025/7/15,7,宜蘭縣,壯圍鄉,24.724047,121.813872,小客車(含客、貨兩用)-自用,0,30-39歲,男,1,0
10778,a5adb39de4e37726,2025/5/17,12,新竹縣,寶山鄉,24.747773,121.015086,機車-普通重型,0,40-49歲,男,1,0
10779,27760c7670b99481,2025/12/10,17,臺中市,豐原區,24.231668,120.704086,機車-普通重型,0,30-39歲,男,2,0
10780,c4fa2a03cb228ae1,2025/1/25,11,澎湖縣,馬公市,23.572772,119.574711,機車-普通重型,0,40-49歲,男,1,0
10781,8caf50eace1dbba8,2025/1/10,8,桃園市,蘆竹區,25.069717,121.273869,小貨車-自用,0,50-59歲,男,1,0
10782,28d130c77b7085c4,2025/3/23,10,臺北市,北投區,25.144909,121.493576,小客車(含客、貨兩用)-自用,0,40-49歲,男,2,0
10783,96ef7a0a0ceef244,2025/4/27,12,臺中市,南區,24.120293,120.650576,機車-普通重型,0,40-49歲,男,2,0
10784,0ec41e07a452755f,2025/3/14,16,屏東縣,潮州鎮,22.546074,120.53719,小貨車-自用,0,40-49歲,男,1,0
10785,4ae418307f65d90e,2025/9/4,7,臺北市,信義區,25.041339,121.578721,小客車(含客、貨兩用)-自用,0,30-39歲,男,2,0
10786,3098c970471cab49,2025/3/22,9,彰化縣,福興鄉,24.042685,120.449117,機車-普通重型,0,30-39歲,男,1,0
10787,a9ca81eea53930b1,2025/1/11,17,臺中市,西屯區,24.18739,120.644392,機車-普通重型,0,30-39歲,男,2,0
10788,1077af7e99745513,2025/1/15,18,屏東縣,長治鄉,22.700828,120.562447,慢車-微型電動二輪車,0,30-39歲,男,1,0
10789,f8d844f146d39190,2025/10/7,8,臺北市,松山區,25.049991,121.549232,小客車(含客、貨兩用)-自用,0,50-59歲,男,1,0
10790,9442757e602f5192,2025/3/31,15,彰化縣,彰化市,24.056912,120.512711,小客車(含客、貨兩用)-自用,0,40-49歲,女,1,0
10791,8e54acc6da8fe332,2025/8/15,10,新竹縣,竹北市,24.80872,121.031585,小客車(含客、貨兩用)-自用,0,30-39歲,男,1,0
10792,da9b858e402745ed,2025/10/23,17,桃園市,楊梅區,24.908729,121.166875,小客車(含客、貨兩用)-租賃車,0,40-49歲,男,1,0
10793,7ce6cc8c21f74d75,2025/7/11,19,新竹市,東區,24.785132,120.988727,機車-普通重型,0,30-39歲,男,1,0
10794,be369a066b152c96,2025/3/11,8,新北市,三重區,25.062667,121.486873,機車-普通重型,0,40-49歲,男,1,0
10795,6da383a070c38432,2025/10/12,19,桃園市,龍潭區,24.879467,121.211566,機車-普通重型,0,20-29歲,男,3,0
10796,8423610e1ccf3aac,2025/11/18,12,彰化縣,員林市,23.954761,120.602486,機車-普通重型,0,60歲以上,男,2,0
10797,d9a5e3eed701b9d8,2025/10/13,13,新北市,三重區,25.069631,121.484056,機車-普通重型,0,50-59歲,男,1,0
10798,9f188dc687de5d2f,2025/6/22,20,桃園市,中壢區,24.979191,121.239849,機車-普通重型,0,20-29歲,女,1,0
10799,6bc65550e773bde3,2025/12/9,8,嘉義縣,太保市,23.448601,120.353609,機車-普通重型,0,40-49歲,男,1,0
10800,5e67108a17af77f3,2025/1/11,16,屏東縣,萬丹鄉,22.549335,120.499972,小客車(含客、貨兩用)-自用,0,40-49歲,男,1,0
10801,a12aaed1702eb8c3,2025/6/24,8,雲林縣,虎尾鎮,23.7263,120.42001,機車-普通重型,0,50-59歲,男,2,0
10802,4e53b2bd42927c47,2025/12/10,18,臺中市,潭子區,24.200816,120.70939,機車-普通重型,0,19歲以下,女,1,0
10803,d40336b1cb0d9eba,2025/7/31,12,臺南市,安定區,23.127674,120.259629,機車-普通重型,0,40-49歲,男,1,0
10804,53d503d67e2f13b3,2025/11/28,8,桃園市,桃園區,24.98309,121.303775,機車-普通重型,0,40-49歲,男,3,0
10805,6e1012f6020a58e2,2025/8/23,17,臺南市,南區,22.97428,120.188699,機車-普通重型,0,60歲以上,女,2,0
10806,417843f73b651188,2025/10/11,14,宜蘭縣,五結鄉,24.694881,121.790813,小客車(含客、貨兩用)-自用,0,40-49歲,男,2,0
10807,2c97c8cfcaf5d74d,2025/6/14,13,嘉義縣,中埔鄉,23.451507,120.463714,機車-普通重型,0,50-59歲,男,1,0
10808,673896f5674c9bf5,2025/5/5,21,臺中市,北區,24.153867,120.684981,機車-普通重型,0,40-49歲,男,2,0
10809,70cbc998fb8d99dd,2025/5/27,7,臺中市,南屯區,24.148665,120.616507,機車-普通重型,0,60歲以上,男,2,0
10810,60ab7507a273348e,2025/8/20,18,新北市,土城區,24.969245,121.440481,小客車(含客、貨兩用)-自用,0,30-39歲,男,1,0
10811,1b898caf7e91b8ef,2025/8/28,7,新北市,中和區,25.006866,121.499463,機車-普通重型,0,40-49歲,男,2,0
10812,c647b3baa380ea55,2025/10/8,10,南投縣,埔里鎮,23.980204,120.956731,機車-普通重型,0,50-59歲,男,1,0
10813,027cdfcdac7390af,2025/4/16,18,臺中市,大雅區,24.215243,120.613962,小客車(含客、貨兩用)-自用,0,50-59歲,女,1,0
10814,1fc8fbb9821a2d6a,2025/2/21,3,高雄市,三民區,22.64763,120.3139,機車-普通重型,0,40-49歲,女,1,0
10815,a98418578907c498,2025/5/28,9,南投縣,水里鄉,23.808774,120.856626,機車-普通重型,0,30-39歲,男,1,0
10816,aa6ce8443e92c732,2025/10/27,11,雲林縣,西螺鎮,23.75379,120.451228,小客車(含客、貨兩用)-自用,0,40-49歲,男,2,0
10817,f0bc86e674a891b3,2025/12/17,13,臺南市,新市,23.066274,120.280819,小客車(含客、貨兩用)-自用,0,20-29歲,女,1,0
10818,6316ef1132ad7120,2025/8/12,18,新竹縣,竹北市,24.823594,121.025578,機車-普通重型,0,40-49歲,女,1,0
10819,5290472eef9550fd,2025/5/19,16,臺北市,士林區,25.091413,121.500348,機車-普通重型,0,50-59歲,男,2,0
10820,98c12ae2a14cc07a,2025/7/12,16,南投縣,竹山鎮,23.618596,120.656778,未知,0,50-59歲,男,2,0
10821,f1a039f4db1d345c,2025/3/27,9,桃園市,桃園區,24.992987,121.306131,機車-普通重型,0,40-49歲,男,1,0
10822,f6007d280c386dce,2025/8/11,8,臺中市,北屯區,24.170641,120.687566,機車-普通重型,0,60歲以上,男,1,0
10823,db7c8bc2727a07d6,2025/12/13,13,臺中市,清水區,24.263689,120.573384,機車-普通重型,0,40-49歲,男,1,0
10824,543507a173f99b85,2025/7/7,9,花蓮縣,壽豐鄉,23.92394,121.603616,機車-普通重型,0,50-59歲,男,1,0
10825,f407a04f27fe733d,2025/12/17,7,臺南市,歸仁區,22.922361,120.27705,機車-普通重型,0,30-39歲,女,2,0
10826,9e8bece47dc7dfc7,2025/6/9,7,花蓮縣,吉安鄉,23.980965,121.593931,機車-普通重型,0,40-49歲,男,3,0
10827,6f9337efddddd819,2025/7/8,8,臺中市,北區,24.15567,120.675022,機車-普通重型,0,40-49歲,男,2,0
10828,de577449d41a546f,2025/8/15,21,屏東縣,屏東市,22.6812,120.480675,慢車-腳踏自行車,0,50-59歲,男,2,0
10829,bedeb877303e1a89,2025/6/18,12,新竹市,東區,24.812561,120.976661,機車-普通重型,0,50-59歲,男,2,0
10830,a0894dcc93f329cd,2025/1/24,19,新北市,鶯歌區,24.956035,121.341134,慢車-腳踏自行車,0,30-39歲,女,2,0
10831,386c4cc091b929ec,2025/1/13,10,南投縣,魚池鄉,23.897155,120.935958,小客車(含客、貨兩用)-自用,0,40-49歲,男,1,0
10832,f2f1f543269ee2a5,2025/9/29,3,新竹市,北區,24.809741,120.959335,小客車(含客、貨兩用)-自用,0,50-59歲,男,1,0
10833,0d5d665cb5e8038f,2025/7/21,7,臺中市,龍井區,24.228725,120.501718,小客車(含客、貨兩用)-自用,0,40-49歲,男,1,0
10834,9c354fa111fc1252,2025/11/19,8,屏東縣,長治鄉,22.690742,120.533162,小客車(含客、貨兩用)-自用,0,30-39歲,男,1,0
10835,41d697c3574408f1,2025/6/30,15,新竹市,香山區,24.800475,120.968168,慢車-微型電動二輪車,0,50-59歲,女,2,0
10836,f16209669f17bf25,2025/9/17,8,花蓮縣,鳳林鎮,23.73989,121.446235,小貨車-營業用,0,30-39歲,女,1,0
10837,245b53ab8bbfd367,2025/12/26,8,臺中市,神岡區,24.24243,120.676893,機車-普通重型,0,50-59歲,男,1,0
10838,6140c5129a48197d,2025/7/25,2,臺中市,外埔區,24.337025,120.642742,小客車(含客、貨兩用)-自用,0,19歲以下,女,2,0
10839,79e4e6129aff36fb,2025/4/18,16,新北市,新莊區,25.064366,121.459818,機車-普通重型,0,60歲以上,男,2,0
10840,a5c50671087b5d12,2025/3/7,16,桃園市,桃園區,24.993595,121.277733,小客車(含客、貨兩用)-租賃車,0,40-49歲,女,1,0
10841,757948a685d86140,2025/2/7,10,苗栗縣,銅鑼鄉,24.490317,120.802336,小客車(含客、貨兩用)-自用,0,50-59歲,男,1,0
10842,5b65e1c66dd51e8f,2025/3/9,5,臺南市,安平區,22.991366,120.171427,機車-普通重型,0,19歲以下,女,1,0
10843,5510b20b01270811,2025/11/11,20,臺南市,北區,23.014536,120.212047,機車-普通重型,0,30-39歲,女,1,0
10844,01a5ded5a58ef6d0,2025/2/5,17,臺南市,北區,23.010134,120.212683,機車-普通重型,0,40-49歲,男,2,0
10845,bda5c458bf68a5d0,2025/11/1,15,高雄市,苓雅區,22.616552,120.32347,機車-普通重型,0,40-49歲,男,1,0
10846,1449e59e7f5af851,2025/1/18,15,新北市,板橋區,25.014331,121.463636,小客車(含客、貨兩用)-自用,0,40-49歲,男,1,0
10847,2cb28da994dea83a,2025/1/23,19,臺中市,北屯區,24.172205,120.685404,小客車(含客、貨兩用)-自用,0,50-59歲,男,2,0
10848,2a4561980c3d77bc,2025/1/8,1,桃園市,中壢區,24.959725,121.217466,機車-普通重型,0,50-59歲,男,1,0
10849,5028a2a686c3f36a,2025/10/2,22,桃園市,大溪區,24.907659,121.284637,小客車(含客、貨兩用)-自用,0,50-59歲,男,2,0
10850,28b97e3be9b5573b,2025/3/3,16,高雄市,鼓山區,22.63649,120.283766,小客車(含客、貨兩用)-自用,0,40-49歲,男,1,0
10851,d0807829877216d2,2025/10/2,18,臺中市,東勢區,24.168465,120.842804,機車-普通重型,0,40-49歲,男,2,0
10852,ec114eaf42078a6c,2025/2/24,21,桃園市,龍潭區,24.864314,121.214402,小客車(含客、貨兩用)-自用,0,40-49歲,男,1,0
10853,999e69149682fec7,2025/12/22,14,彰化縣,鹿港鎮,24.056948,120.440139,小客車(含客、貨兩用)-自用,0,40-49歲,男,1,0
10854,c64b864f36ba2e23,2025/3/20,7,桃園市,楊梅區,24.935495,121.080474,機車-普通重型,0,30-39歲,男,1,0
10855,a22ba8fdb49f342e,2025/6/30,12,臺中市,西區,24.129099,120.667066,小客車(含客、貨兩用)-自用,0,40-49歲,男,1,0
10856,31be00236773e081,2025/12/1,14,臺南市,安南區,23.026199,120.191103,小客車(含客、貨兩用)-租賃車,0,30-39歲,男,1,0
10857,8d04f6ff011c9dc1,2025/9/19,15,屏東縣,里港鄉,22.774015,120.488991,機車-普通重型,0,50-59歲,女,1,0
10858,c6018ced5076c6e8,2025/3/16,7,新北市,板橋區,25.003087,121.464992,機車-普通重型,0,50-59歲,男,1,0
10859,5c3fc4c0e64ae911,2025/11/23,18,雲林縣,斗六市,23.710919,120.545226,機車-普通重型,0,40-49歲,男,1,0
10860,b52ef174865039d1,2025/4/10,22,臺南市,南區,22.919733,120.184179,機車-普通重型,0,60歲以上,男,1,0
10861,87de3615567f1bec,2025/3/30,11,臺中市,大里區,24.110029,120.699508,機車-普通重型,0,60歲以上,男,1,0
10862,63c2e9a9a398cc04,2025/1/25,10,南投縣,南投市,23.909848,120.684293,小客車(含客、貨兩用)-自用,0,50-59歲,男,1,0
10863,82411a6476a92b88,2025/1/24,7,屏東縣,內埔鄉,22.673294,120.600651,機車-普通重型,0,50-59歲,男,1,0
10864,3950faa4fe265be4,2025/4/4,17,彰化縣,員林市,23.979193,120.554833,小客車(含客、貨兩用)-自用,0,60歲以上,女,1,0
10865,1050ebf590f3d60d,2025/1/5,15,彰化縣,彰化市,24.070877,120.542397,機車-普通輕型,0,40-49歲,男,1,0
10866,b1d962133e23110b,2025/12/15,8,屏東縣,萬丹鄉,22.586632,120.489595,小客車(含客、貨兩用)-自用,0,50-59歲,男,1,0
10867,b7538effe04d6725,2025/1/15,17,臺中市,西屯區,24.171023,120.664639,機車-普通重型,0,50-59歲,男,2,0
10868,33f2badf90a86027,2025/7/18,8,雲林縣,北港鎮,23.595863,120.285885,小客車(含客、貨兩用)-自用,0,40-49歲,男,1,0
10869,1387083996972bf2,2025/6/29,21,桃園市,龍潭區,24.870901,121.218347,小客車(含客、貨兩用)-自用,0,50-59歲,男,1,0
10870,f9452ac2037c3cc5,2025/11/13,15,屏東縣,萬丹鄉,22.60767,120.470354,小客車(含客、貨兩用)-自用,0,40-49歲,男,1,0
10871,88daf61f47db79f7,2025/3/6,7,新竹縣,竹北市,24.851119,121.004316,小客車(含客、貨兩用)-自用,0,60歲以上,女,1,0
10872,4b77d3ebf225ba15,2025/12/4,16,臺北市,北投區,25.122885,121.469524,小客車(含客、貨兩用)-自用,0,40-49歲,男,1,0
10873,483d836fcd29e0ff,2025/10/31,16,桃園市,八德區,24.933066,121.269595,未知,0,30-39歲,男,1,0
10874,2d5dcecd59ce6400,2025/1/13,17,彰化縣,鹿港鎮,24.059082,120.427543,機車-普通重型,0,40-49歲,男,1,0
10875,f45d5ccd8e33f16f,2025/2/22,17,新北市,板橋區,25.010911,121.463775,機車-普通重型,0,20-29歲,男,1,0
10876,be5a22f851b92c94,2025/8/5,10,臺南市,北區,23.009222,120.215729,慢車-微型電動二輪車,0,40-49歲,女,1,0
10877,db3a9d91ce48494e,2025/2/8,10,屏東縣,潮州鎮,22.552905,120.538894,小客車(含客、貨兩用)-自用,0,40-49歲,女,1,0
10878,1f42d1645cfdaaf2,2025/8/11,9,桃園市,大園區,25.06467,121.181549,曳引車-營業用,0,30-39歲,男,1,0
10879,406935f959276e83,2025/10/22,18,花蓮縣,花蓮市,23.992528,121.598251,機車-普通重型,0,40-49歲,男,1,0
10880,81064c2b5bf8434e,2025/1/18,14,臺南市,下營區,23.211922,120.25114,小客車(含客、貨兩用)-自用,0,20-29歲,男,2,0
10881,e17de3d602fe728e,2025/1/5,18,新北市,新莊區,25.02416,121.423086,機車-普通重型,0,30-39歲,男,2,0
10882,9cf364229597459d,2025/5/5,18,桃園市,楊梅區,24.91637,121.175645,機車-普通重型,0,50-59歲,男,1,0
10883,a9f92cce39c87069,2025/6/23,19,苗栗縣,竹南鎮,24.708536,120.895859,機車-普通重型,0,20-29歲,男,1,0
10884,06cfda46e88c2374,2025/12/2,18,新北市,板橋區,24.991822,121.452905,機車-普通重型,0,50-59歲,男,1,0
10885,212672831e0f1c3b,2025/6/27,22,桃園市,大溪區,24.886098,121.294783,小客車(含客、貨兩用)-自用,0,50-59歲,男,2,0
10886,39182b8546053f87,2025/5/1,12,臺中市,西區,24.139856,120.665785,機車-普通重型,0,30-39歲,男,2,0
10887,70f575df5f0b9905,2025/7/4,15,新北市,中和區,24.994172,121.481143,小客車(含客、貨兩用)-租賃車,0,40-49歲,男,1,0
10888,c6641c090592c791,2025/4/23,17,雲林縣,虎尾鎮,23.709311,120.404654,小客車(含客、貨兩用)-自用,0,50-59歲,男,3,0
10889,cc7fe8e83c1166b3,2025/9/30,10,臺中市,豐原區,24.252324,120.727136,機車-普通重型,0,40-49歲,男,1,0
10890,e0bb46afcd61a043,2025/11/29,9,臺南市,東區,22.985518,120.214286,機車-普通重型,0,20-29歲,男,1,0
10891,b340d1a62d0478e5,2025/6/19,6,高雄市,前鎮,22.591973,120.308859,機車-普通重型,0,40-49歲,男,1,0
10892,ec6d486a75fbb2c1,2025/11/27,13,花蓮縣,吉安鄉,23.9793,121.583593,機車-普通重型,0,60歲以上,男,1,0
10893,0010ae4fc1aa80ee,2025/4/17,18,新北市,林口區,25.070273,121.371712,機車-普通重型,0,50-59歲,男,2,0
10894,cf5c30f0fe5be4bf,2025/6/12,21,新竹市,東區,24.79756,120.998185,機車-普通重型,0,50-59歲,女,2,0
10895,77ca63980294d9f9,2025/6/15,14,桃園市,桃園區,24.987088,121.311072,小客車(含客、貨兩用)-租賃車,0,40-49歲,男,1,0
10896,56ad6a36aba0c9ac,2025/4/8,10,臺中市,北屯區,24.1672,120.717359,小客車(含客、貨兩用)-自用,0,40-49歲,女,1,0
10897,be76943158d133cd,2025/8/13,7,臺中市,后里區,24.321096,120.727372,小客車(含客、貨兩用)-自用,0,50-59歲,男,1,0
10898,d0088441b7928c0f,2025/4/7,16,宜蘭縣,冬山鄉,24.666355,121.76777,機車-普通重型,0,60歲以上,女,1,0
10899,76d9c8b9bf02c54b,2025/6/14,8,新北市,樹林區,24.992052,121.427474,機車-普通重型,0,50-59歲,男,1,0
10900,027e4421d427b3c1,2025/4/21,12,新北市,瑞芳區,25.122113,121.842028,大客車-自用,0,19歲以下,男,2,0
10901,58e9572ea204c828,2025/11/1,19,臺北市,萬華區,25.039608,121.501951,機車-普通重型,0,19歲以下,男,2,0
10902,873b2f2c641a99f6,2025/8/19,17,臺中市,后里區,24.304948,120.710503,機車-普通重型,0,30-39歲,女,2,0
10903,904d57ebf0a05781,2025/6/15,12,新北市,板橋區,25.01069,121.463302,機車-普通重型,0,40-49歲,女,1,0
10904,1de8b729ec0fd2e4,2025/3/5,20,嘉義縣,中埔鄉,23.397454,120.515794,小客車(含客、貨兩用)-自用,0,40-49歲,男,1,0
10905,22244dba2e74515d,2025/1/6,14,高雄市,新興區,22.627715,120.308046,小客車(含客、貨兩用)-租賃車,0,40-49歲,男,1,0
10906,88003f20e0d56fe6,2025/12/28,12,臺中市,東區,24.144585,120.690589,人-行人,0,50-59歲,女,2,0
10907,a0e78c497c5388b4,2025/4/20,15,桃園市,中壢區,24.972916,121.258237,小客車(含客、貨兩用)-自用,0,30-39歲,女,1,0
10908,f9a87c6f1965a039,2025/7/8,7,雲林縣,虎尾鎮,23.735735,120.426924,小客車(含客、貨兩用)-自用,0,50-59歲,女,1,0
10909,ea6459f69aa885dc,2025/9/23,19,屏東縣,竹田鄉,22.584329,120.545663,機車-普通重型,0,40-49歲,男,2,0
10910,9fef433530a1b095,2025/4/26,7,臺中市,北屯區,24.184084,120.743619,慢車-腳踏自行車,0,20-29歲,男,1,0
10911,d115d70524919fe7,2025/7/11,15,臺中市,南屯區,24.138461,120.611568,機車-普通重型,0,50-59歲,男,1,0
10912,b3884c14b809b0b6,2025/11/27,17,高雄市,左營區,22.678635,120.307997,小客車(含客、貨兩用)-自用,0,40-49歲,男,1,0
10913,8501025f56ba51f1,2025/3/13,13,新竹市,東區,24.814313,120.975809,小客車(含客、貨兩用)-自用,0,20-29歲,男,2,0
10914,9418f0ef56799b03,2025/7/8,8,屏東縣,屏東市,22.68767,120.496033,機車-普通重型,0,30-39歲,女,2,0
10915,e45bc66f7619ca71,2025/1/14,16,臺中市,西屯區,24.161514,120.659304,機車-普通重型,0,40-49歲,女,1,0
10916,febfdc8a8e398fe9,2025/10/22,17,高雄市,左營區,22.680388,120.319229,人-行人,0,30-39歲,男,2,0
10917,3a6d9da632404417,2025/11/24,19,新北市,板橋區,25.000926,121.465203,機車-普通重型,0,30-39歲,男,2,0
10918,f931cc75e50bf3e6,2025/10/6,21,臺中市,沙鹿區,24.216539,120.570676,小客車(含客、貨兩用)-自用,0,30-39歲,男,1,0
10919,c48f2d88077ffc62,2025/3/15,11,宜蘭縣,員山鄉,24.740173,121.732826,機車-普通重型,0,60歲以上,男,2,0
10920,36c99ec636f96c32,2025/9/21,18,新北市,泰山區,25.061338,121.433019,機車-普通重型,0,60歲以上,男,2,0
10921,46c14f8b424ec605,2025/4/10,14,南投縣,水里鄉,23.822997,120.855928,機車-普通重型,0,60歲以上,男,1,0
10922,cf867aa709ed40a1,2025/9/24,17,臺中市,太平區,24.142079,120.724009,機車-普通重型,0,40-49歲,男,1,0
10923,490f5251664c0f3d,2025/4/27,22,桃園市,八德區,24.941083,121.287901,小客車(含客、貨兩用)-自用,0,60歲以上,男,1,0
10924,01b040398c0a8419,2025/6/25,20,桃園市,八德區,24.96237,121.306599,小客車(含客、貨兩用)-自用,0,40-49歲,女,1,0
10925,d59285131745c5c0,2025/5/10,9,桃園市,八德區,24.942413,121.299416,慢車-電動輔助自行車,0,40-49歲,男,3,0
10926,6ff720a5bfd8d80d,2025/1/7,5,高雄市,三民區,22.644468,120.296422,小客車(含客、貨兩用)-自用,0,20-29歲,女,1,0
10927,b4fda037e47a9f91,2025/12/15,11,新北市,中和區,24.994626,121.497203,小客車(含客、貨兩用)-自用,0,30-39歲,男,1,0
10928,4543b5a544a5f602,2025/4/29,18,臺南市,北區,23.001058,120.212951,機車-普通重型,0,50-59歲,男,2,0
10929,cf8f41f36b5828e4,2025/7/31,18,新竹市,東區,24.785184,121.012613,機車-普通重型,0,30-39歲,男,2,0
10930,1c90c143d10ac9d2,2025/4/2,18,新北市,蘆洲區,25.077394,121.466901,人-行人,0,60歲以上,男,2,0
10931,b4e1ef753650827d,2025/2/8,12,臺中市,西屯區,24.168639,120.648871,機車-普通重型,0,40-49歲,男,1,0
10932,c1b4e548574e875b,2025/9/13,9,彰化縣,彰化市,24.065065,120.524907,小貨車-自用,0,30-39歲,男,1,0
10933,6cf6b2af6546a119,2025/9/8,12,高雄市,大寮區,22.5776,120.4108,小客車(含客、貨兩用)-自用,0,40-49歲,女,1,0
10934,f4ba79189168e596,2025/5/9,7,新北市,新莊區,25.033672,121.441468,機車-普通重型,0,30-39歲,男,1,0
10935,81f2a096c932a33a,2025/7/11,18,臺中市,北屯區,24.168127,120.692835,機車-普通重型,0,30-39歲,男,1,0
10936,ef4b5600c32dde4a,2025/11/6,20,臺中市,北區,24.151586,120.675424,小客車(含客、貨兩用)-自用,0,60歲以上,男,1,0
10937,3e1e30f32cd39c64,2025/9/23,8,高雄市,梓官區,22.745229,120.262283,機車-普通重型,0,40-49歲,男,1,0
10938,5b61ec7065a6c949,2025/11/24,9,新北市,永和區,25.009371,121.481463,大客車-民營公車,0,40-49歲,男,1,0
10939,3c6bb734f05ce6a1,2025/6/16,18,桃園市,中壢區,24.962552,121.220476,機車-普通重型,0,30-39歲,男,1,0
10940,2b7aa12b59fa92b4,2025/11/8,11,桃園市,中壢區,24.970162,121.242518,慢車-腳踏自行車,0,50-59歲,男,1,0
10941,df0c8e02880c433c,2025/10/20,9,臺北市,文山區,24.990745,121.552143,特種車-消防車,0,40-49歲,男,1,0
10942,f8bc382544f852ac,2025/2/24,16,臺中市,大里區,24.087596,120.706019,機車-普通重型,0,50-59歲,女,1,0
10943,236ff00d9cc26835,2025/7/3,8,臺中市,西屯區,24.162759,120.645191,機車-普通重型,0,19歲以下,男,1,0
10944,65c6883d2939458c,2025/1/22,16,高雄市,大寮區,22.561148,120.409632,曳引車-營業用,0,50-59歲,男,1,0
10945,44878c9e0aab20b9,2025/10/13,14,臺南市,仁德區,22.991269,120.251843,小客車(含客、貨兩用)-自用,0,20-29歲,男,1,0
10946,9938745618eac3fc,2025/7/27,16,桃園市,桃園區,24.997535,121.31301,機車-普通重型,0,50-59歲,男,1,0
10947,e043b505665bf408,2025/4/23,11,臺中市,東勢區,24.251164,120.833575,小客車(含客、貨兩用)-自用,0,60歲以上,男,1,0
10948,a88de96c051db208,2025/12/17,18,桃園市,大園區,25.065355,121.190904,機車-普通重型,0,40-49歲,男,2,0
10949,00f4c0ff6417c083,2025/4/14,7,臺中市,西區,24.153412,120.670492,機車-普通重型,0,60歲以上,男,3,0
10950,67511949f2079181,2025/3/20,15,臺中市,北屯區,24.170333,120.685138,機車-普通重型,0,30-39歲,男,1,0
10951,2d769d4e92c43fc2,2025/8/1,15,臺中市,西區,24.141113,120.670869,人-行人,0,40-49歲,男,1,0
10952,31d7223f0494cd6f,2025/4/15,13,新北市,汐止區,25.064712,121.651338,小客車(含客、貨兩用)-自用,0,30-39歲,男,1,0
10953,2aedccfbc8249628,2025/2/14,11,臺北市,北投區,25.128392,121.530969,小客車(含客、貨兩用)-自用,0,60歲以上,男,2,0
10954,9bfbf1f688d344cf,2025/3/3,11,彰化縣,埔鹽鄉,23.995417,120.465894,慢車-腳踏自行車,0,60歲以上,男,1,0
10955,e8fec3e956764e6d,2025/8/19,9,新北市,新莊區,25.024139,121.422948,機車-普通重型,0,50-59歲,女,1,0
10956,680fdd394b464ac1,2025/3/10,10,桃園市,八德區,24.956986,121.325566,小客車(含客、貨兩用)-自用,0,40-49歲,男,1,0
10957,cb48554922e58ee1,2025/12/25,7,新竹市,北區,24.796791,120.958801,小客車(含客、貨兩用)-自用,0,30-39歲,女,1,0
10958,b8f98c331a3b022a,2025/8/24,19,桃園市,蘆竹區,25.066356,121.290713,機車-普通重型,0,50-59歲,女,1,0
10959,732de283ba1dd59b,2025/12/27,16,新北市,三重區,25.063438,121.497492,機車-普通重型,0,40-49歲,男,1,0
10960,eb460c202da6117f,2025/10/8,10,臺中市,北屯區,24.201289,120.689327,機車-普通重型,0,30-39歲,男,1,0
10961,9807b52d4e72275a,2025/4/25,17,高雄市,三民區,22.63884,120.3087,機車-普通重型,0,30-39歲,女,2,0
10962,1d837538c0f2258f,2025/7/1,18,臺南市,新市,23.059984,120.296612,機車-普通重型,0,50-59歲,男,2,0
10963,9e71bc8a706cf820,2025/5/2,15,高雄市,左營區,22.666913,120.303609,機車-普通重型,0,30-39歲,男,2,0
10964,b70a381bf1807e8b,2025/12/24,16,新竹縣,竹北市,24.82407,121.028473,小客車(含客、貨兩用)-自用,0,60歲以上,男,1,0
10965,e0e9aca354fb9108,2025/7/2,6,花蓮縣,吉安鄉,23.968769,121.592765,機車-普通重型,0,40-49歲,女,1,0
10966,c6aa028e0b5fd013,2025/9/5,11,高雄市,鳳山區,22.641663,120.363715,機車-普通重型,0,50-59歲,男,1,0
10967,a2ca43eef4b8289f,2025/7/20,15,新竹縣,竹北市,24.841157,120.985511,機車-普通重型,0,40-49歲,男,1,0
10968,6b5a900f317d93aa,2025/11/17,20,新北市,新莊區,25.003146,121.433296,大客車-自用,0,30-39歲,男,1,0
10969,0b9d7f36c606e301,2025/6/2,7,桃園市,中壢區,24.985209,121.256216,機車-普通重型,0,50-59歲,男,2,0
10970,66df45aca1c552cc,2025/4/2,16,臺中市,豐原區,24.249404,120.701959,機車-普通重型,0,50-59歲,男,1,0
10971,31c680f7b7531801,2025/2/25,11,新竹市,東區,24.802933,120.972692,機車-普通重型,0,20-29歲,男,1,0
10972,ed44ea61f4cd384e,2025/6/7,13,臺北市,北投區,25.121163,121.495155,機車-普通重型,0,40-49歲,男,1,0
10973,77aa4a84021fb075,2025/8/18,6,臺中市,大雅區,24.214939,120.630912,機車-普通重型,0,50-59歲,女,1,0
10974,696e71ef8eebfda7,2025/11/18,17,桃園市,中壢區,24.960217,121.246539,機車-普通重型,0,40-49歲,女,1,0
10975,21bc49c2eeb79b06,2025/8/13,7,雲林縣,元長鄉,23.644225,120.312676,小客車(含客、貨兩用)-自用,0,40-49歲,男,1,0
10976,59bf56aac3eca771,2025/1/12,21,嘉義縣,民雄鄉,23.557371,120.43204,未知,0,50-59歲,男,1,0
10977,48583d1010c9a265,2025/10/17,19,新竹縣,湖口鄉,24.903527,121.045833,小貨車-自用,0,50-59歲,男,1,0
10978,2e171f5de367a7ca,2025/9/4,11,臺南市,新營區,23.308464,120.289466,機車-普通重型,0,40-49歲,男,1,0
10979,f6f914d389835875,2025/11/10,8,臺中市,烏日區,24.107633,120.634854,小客車(含客、貨兩用)-自用,0,30-39歲,男,1,0
10980,9e5aee11dc55ab81,2025/11/2,17,臺中市,中區,24.141513,120.683678,機車-普通重型,0,20-29歲,女,2,0
10981,8607f54df9ef2a36,2025/3/13,21,新北市,五股區,25.118256,121.430174,慢車-腳踏自行車,0,60歲以上,男,1,0
10982,d07937d4aef7b2da,2025/7/18,11,嘉義縣,大林鎮,23.606408,120.455875,小客車(含客、貨兩用)-自用,0,20-29歲,女,2,0
10983,03340c60fd9332ca,2025/9/7,19,臺中市,西屯區,24.169234,120.636065,小客車(含客、貨兩用)-自用,0,40-49歲,男,1,0
10984,d6bdeab62c69f2d0,2025/6/28,6,彰化縣,員林市,23.952604,120.578352,機車-普通重型,0,60歲以上,男,2,0
10985,0ab625d81addd0bc,2025/5/26,18,高雄市,苓雅區,22.628921,120.318242,小客車(含客、貨兩用)-自用,0,60歲以上,男,2,0
10986,87204d2d3895c365,2025/2/17,8,臺中市,北區,24.15629,120.667035,機車-普通重型,0,60歲以上,男,1,0
10987,304f94b046326b68,2025/6/16,17,新北市,深坑區,25.000781,121.610906,小客車(含客、貨兩用)-自用,0,30-39歲,男,1,0
10988,d0a0a178fc5c387c,2025/2/2,21,新竹市,東區,24.810394,120.971801,機車-普通重型,0,40-49歲,女,1,0
10989,f0cda07d4434cac5,2025/9/28,12,花蓮縣,花蓮市,23.990858,121.604,機車-普通重型,0,60歲以上,女,2,0
10990,d25586a9ed640a87,2025/2/2,14,新竹市,東區,24.794795,120.96519,小客車(含客、貨兩用)-自用,0,50-59歲,男,1,0
10991,847803a10cf7d832,2025/7/29,6,臺東縣,太麻里鄉,22.614844,121.007267,小客車(含客、貨兩用)-自用,0,30-39歲,男,1,0
10992,05e488dfd1ef3538,2025/9/19,7,基隆市,暖暖區,25.110848,121.735916,小客車(含客、貨兩用)-自用,0,40-49歲,男,1,0
10993,c4bea2472c8eb956,2025/12/8,10,嘉義縣,水上鄉,23.415975,120.395374,小貨車-自用,0,20-29歲,男,2,0
10994,3e140d2106b862e2,2025/12/23,16,屏東縣,屏東市,22.664368,120.492345,小客車(含客、貨兩用)-自用,0,50-59歲,男,2,0
10995,3133f94082efa138,2025/8/5,17,臺南市,佳里區,23.156604,120.179009,機車-普通重型,0,60歲以上,男,1,0
10996,360a0c45eb64cf53,2025/4/27,16,桃園市,桃園區,24.989295,121.300529,小客車(含客、貨兩用)-自用,0,50-59歲,男,1,0
10997,84724ddcff9c1570,2025/12/6,8,臺中市,大雅區,24.225795,120.645893,機車-普通重型,0,40-49歲,男,2,0
10998,067fa0123aa1c5be,2025/4/7,10,新北市,林口區,25.117991,121.298025,小客車(含客、貨兩用)-自用,0,50-59歲,男,1,0
10999,6fc9e0a517b8836b,2025/2/28,13,彰化縣,和美鎮,24.09997,120.49027,機車-普通重型,0,60歲以上,男,1,0
11000,d085f4f58793f147,2025/6/9,7,臺北市,中山區,25.06289,121.523075,機車-普通重型,0,50-59歲,男,2,0
11001,5f1cae861444ee33,2025/6/27,17,桃園市,蘆竹區,25.095425,121.262964,機車-普通重型,0,30-39歲,男,1,0
11002,a3526adcb0a8ff35,2025/3/27,18,桃園市,龍潭區,24.867463,121.207123,機車-普通重型,0,30-39歲,男,1,0
11003,e54dd7a393321a9c,2025/11/11,11,臺東縣,臺東市,22.764884,121.146521,機車-普通重型,0,40-49歲,男,1,0
11004,f1e7e319a1aa4770,2025/9/16,14,宜蘭縣,壯圍鄉,24.738551,121.780719,小客車(含客、貨兩用)-自用,0,30-39歲,男,1,0
11005,1ed4299800584cfa,2025/8/5,3,苗栗縣,頭份市,24.689712,120.904476,小客車(含客、貨兩用)-自用,0,50-59歲,男,1,0
11006,02f2e1fe1b463e65,2025/9/6,13,彰化縣,埔鹽鄉,24.023302,120.444134,機車-普通重型,0,50-59歲,男,1,0
11007,b0766a74970d0521,2025/12/4,9,臺中市,西屯區,24.191577,120.610228,機車-普通重型,0,40-49歲,男,2,0
11008,e9b1c1db2c370e44,2025/9/13,16,臺中市,沙鹿區,24.231102,120.552211,機車-普通重型,0,40-49歲,女,2,0
11009,2fdcede6da3e8572,2025/1/29,21,新北市,三重區,25.059305,121.48871,小客車(含客、貨兩用)-自用,0,60歲以上,男,1,0
11010,91a9a873ba07d659,2025/7/1,18,彰化縣,和美鎮,24.099781,120.48468,小客車(含客、貨兩用)-自用,0,40-49歲,男,1,0
11011,d32a9a2773309e6a,2025/8/23,17,臺南市,安南區,23.063549,120.215485,機車-普通重型,0,40-49歲,男,2,0
11012,c1bc6a8f5a5e4d95,2025/11/8,17,新北市,中和區,25.00938,121.481417,機車-普通重型,0,40-49歲,男,2,0
11013,c043d7dfa588994f,2025/8/14,12,臺中市,太平區,24.151294,120.709763,慢車-腳踏自行車,0,50-59歲,男,1,0
11014,5b1c03b1dcac2cc0,2025/1/14,14,高雄市,大寮區,22.630975,120.406976,小客車(含客、貨兩用)-自用,0,40-49歲,男,1,0
11015,1e58788861b537f7,2025/9/15,17,臺中市,東區,24.125213,120.699654,機車-普通重型,0,50-59歲,男,1,0
11016,8cbaa0f225a180c4,2025/7/26,15,臺中市,霧峰區,24.059765,120.662997,機車-普通重型,0,19歲以下,男,1,0
11017,6d361645e46f7a55,2025/7/13,13,新竹縣,竹北市,24.827316,121.027805,小客車(含客、貨兩用)-自用,0,40-49歲,男,1,0
11018,21d367ae42f57be0,2025/2/28,12,臺中市,沙鹿區,24.25638,120.569048,小客車(含客、貨兩用)-自用,0,30-39歲,男,3,0
11019,464cfeb8215e67b2,2025/3/15,5,臺中市,后里區,24.309142,120.72707,人-行人,0,40-49歲,男,1,0
11020,b337ab6a896757c6,2025/4/15,22,彰化縣,福興鄉,24.035863,120.420161,機車-普通重型,0,50-59歲,男,1,0
11021,aa628ddab895b505,2025/9/17,4,新北市,淡水區,25.009706,121.481237,機車-普通重型,0,50-59歲,男,1,0
11022,1d8e7ff6dd57c35f,2025/2/7,19,新竹市,東區,24.80837,120.974805,機車-普通重型,0,40-49歲,男,1,0
11023,b49d54ec6b5d0a25,2025/10/23,19,南投縣,名間鄉,23.841672,120.700276,機車-普通重型,0,50-59歲,女,2,0
11024,5f6fc007dae4900d,2025/1/12,22,新北市,中和區,25.00367,121.496319,機車-普通重型,0,30-39歲,男,1,0
11025,45d80730ea1b28ed,2025/5/15,14,嘉義縣,六腳鄉,23.500014,120.278897,慢車-微型電動二輪車,0,50-59歲,女,1,0
11026,2dfb4cb883b728df,2025/5/2,15,臺北市,北投區,25.115745,121.514909,機車-普通重型,0,30-39歲,男,1,0
11027,925b31a2cc422ecc,2025/10/24,11,桃園市,楊梅區,24.912309,121.073884,小客車(含客、貨兩用)-自用,0,40-49歲,女,1,0
11028,f44c516f02b00836,2025/11/29,20,高雄市,三民區,22.643497,120.332025,機車-普通重型,0,20-29歲,男,3,0
11029,cc3ea5c0bda2d63c,2025/11/8,6,臺南市,新市,23.101521,120.260649,機車-普通重型,0,30-39歲,女,1,0
11030,ddeb9f446e93544f,2025/6/18,11,高雄市,小港區,22.567232,120.339656,機車-普通重型,0,50-59歲,男,2,0
11031,e02b787a84f79802,2025/12/18,12,臺中市,沙鹿區,24.234137,120.560782,慢車-腳踏自行車,0,60歲以上,男,1,0
11032,9e26127bebd0d15d,2025/5/21,23,新北市,永和區,25.008394,121.508233,機車-普通輕型,0,19歲以下,男,1,0
11033,8b13c30e588aadd8,2025/8/4,9,臺南市,永康區,23.023762,120.252676,機車-普通重型,0,40-49歲,女,1,0
11034,daa5990a3c13d313,2025/2/15,9,桃園市,平鎮,24.915844,121.253052,機車-普通重型,0,50-59歲,男,2,0
11035,454479d1c2d67520,2025/12/8,7,臺中市,潭子區,24.217444,120.699576,機車-普通重型,0,40-49歲,男,2,0
11036,a91f89aae81aa064,2025/1/22,11,臺南市,歸仁區,22.966079,120.295254,慢車-腳踏自行車,0,40-49歲,男,2,0
11037,0a182141a1855d6e,2025/7/6,18,嘉義市,東區,23.500144,120.450692,未知,0,40-49歲,男,1,0
11038,55b9c9b53fc9d489,2025/10/23,12,臺中市,北屯區,24.165741,120.699705,機車-普通重型,0,50-59歲,男,1,0
11039,67b1ecbfd2382821,2025/3/18,11,臺中市,龍井區,24.212035,120.524822,小客車(含客、貨兩用)-自用,0,40-49歲,女,1,0
11040,4a2d3b5fedbdf590,2025/11/17,12,臺中市,北區,24.160492,120.679181,機車-普通重型,0,40-49歲,男,2,0
11041,ad5119c34b670513,2025/5/14,11,新竹市,香山區,24.787893,120.92868,機車-普通輕型,0,40-49歲,男,1,0
11042,e02ec02940137012,2025/6/2,16,嘉義縣,水上鄉,23.433002,120.398341,機車-普通重型,0,30-39歲,男,3,0
11043,e769e8f8a4cf0be0,2025/4/26,21,臺中市,西屯區,24.163729,120.662554,人-行人,0,60歲以上,男,2,0
11044,938fe9b1f7fac8fd,2025/9/19,11,彰化縣,員林市,23.959789,120.585185,小客車(含客、貨兩用)-自用,0,30-39歲,男,1,0
11045,3830c8e827ff9cbe,2025/8/9,20,桃園市,楊梅區,24.899924,121.11924,機車-普通重型,0,30-39歲,男,1,0
11046,cd544af8ae42a0a4,2025/7/9,11,宜蘭縣,礁溪鄉,24.806865,121.7822,小貨車-自用,0,20-29歲,男,2,0
11047,00b0839f8180d9ad,2025/5/16,10,新北市,三重區,25.049162,121.47143,小客車(含客、貨兩用)-計程車,0,40-49歲,男,1,0
11048,2125805fea699dc9,2025/4/16,17,臺中市,大里區,24.108045,120.671793,機車-普通重型,0,40-49歲,男,1,0
11049,f5a2f48a908983de,2025/7/8,7,臺中市,北區,24.160295,120.68669,機車-普通重型,0,40-49歲,女,1,0
11050,2b5510dc477f2001,2025/1/1,1,臺中市,大肚區,24.152243,120.573483,機車-普通重型,0,20-29歲,女,1,0
11051,ccbdd19578a819dd,2025/8/21,12,南投縣,魚池鄉,23.866863,120.910555,慢車-腳踏自行車,0,40-49歲,男,1,0
11052,01b3dc3a1365fede,2025/12/6,9,雲林縣,斗南鎮,23.675411,120.47774,小客車(含客、貨兩用)-自用,0,50-59歲,女,2,0
11053,93b806ba3675194b,2025/12/27,13,臺中市,北區,24.173613,120.671537,機車-普通重型,0,40-49歲,男,2,0
11054,d23433143f31e108,2025/4/11,22,桃園市,平鎮,24.94072,121.222491,慢車-微型電動二輪車,0,50-59歲,女,2,0
11055,3d7f70c2da2bae53,2025/9/16,8,臺中市,龍井區,24.219603,120.518619,小客車(含客、貨兩用)-自用,0,50-59歲,男,1,0
11056,a254d3364f67b391,2025/1/15,22,新北市,土城區,24.981379,121.438912,機車-普通重型,0,50-59歲,男,1,0
11057,321a5a1761c4cc70,2025/5/19,20,花蓮縣,瑞穗鄉,23.500941,121.377179,小客車(含客、貨兩用)-自用,0,50-59歲,男,1,0
11058,ad1b2ef10dd08670,2025/10/31,19,臺中市,神岡區,24.278856,120.656581,機車-大型重型1(550C.C.以上),0,50-59歲,男,1,0
11059,88297435006eb28b,2025/11/22,13,臺中市,北屯區,24.193472,120.675679,機車-普通重型,0,40-49歲,男,1,0
11060,667e8b3c55e1883f,2025/4/1,8,屏東縣,屏東市,22.681135,120.501035,機車-普通重型,0,30-39歲,男,1,0
11061,d916558cd24e6e23,2025/9/12,8,臺中市,南屯區,24.140258,120.654345,小客車(含客、貨兩用)-自用,0,60歲以上,男,1,0
11062,af1c1394a672a163,2025/12/11,8,新竹縣,新豐鄉,24.872856,120.995377,人-行人,0,40-49歲,男,1,0
11063,f043c724b8072054,2025/4/17,7,臺中市,太平區,24.141452,120.714693,機車-普通重型,0,20-29歲,男,3,0
11064,154a17962bae43ef,2025/1/31,14,臺中市,石岡區,24.276023,120.778798,慢車-電動輔助自行車,0,40-49歲,男,1,0
11065,8f536996b8963991,2025/1/22,11,桃園市,桃園區,25.002339,121.305335,慢車-微型電動二輪車,0,50-59歲,女,1,0
11066,ae066374621b0f5d,2025/8/6,17,臺中市,西屯區,24.209466,120.612608,機車-普通重型,0,50-59歲,女,1,0
11067,0297c98cf6f6d5cb,2025/10/6,18,新北市,三峽區,24.937337,121.362485,小客車(含客、貨兩用)-自用,0,60歲以上,男,1,0
11068,662e527d9cc680d6,2025/11/11,12,彰化縣,北斗鎮,23.881074,120.519116,小貨車-營業用,0,20-29歲,男,1,0
11069,1034f1c7412262bd,2025/7/1,2,新北市,永和區,25.007664,121.518821,人-行人,0,40-49歲,男,2,0
11070,b5b57daf664592b4,2025/8/1,10,彰化縣,伸港鄉,24.149083,120.49828,機車-普通重型,0,20-29歲,男,1,0
11071,cd1d810f7d96f893,2025/1/24,10,臺東縣,臺東市,22.71349,121.068788,機車-普通重型,0,20-29歲,男,2,0
11072,a770d0b00c83ec9f,2025/11/14,16,苗栗縣,苗栗市,24.552812,120.820986,機車-普通重型,0,30-39歲,男,1,0
11073,436dd45fe53626a9,2025/6/11,7,南投縣,南投市,23.945691,120.663076,小客車(含客、貨兩用)-自用,0,50-59歲,男,1,0
11074,0e14fd8c41b9c7e7,2025/6/29,10,雲林縣,斗南鎮,23.674571,120.480896,小客車(含客、貨兩用)-自用,0,40-49歲,女,1,0
11075,dd61ab2af533d0c5,2025/2/20,18,新竹市,東區,24.789177,121.003593,機車-普通重型,0,40-49歲,男,1,0
11076,90922b5701b0a839,2025/5/19,18,臺中市,西屯區,24.164113,120.636707,機車-普通重型,0,50-59歲,女,2,0
11077,e25b0adfee1be023,2025/6/18,17,臺北市,中山區,25.044765,121.53954,小客車(含客、貨兩用)-自用,0,20-29歲,男,1,0
11078,d6d78915dcbb9065,2025/8/4,17,臺中市,龍井區,24.183735,120.578989,小客車(含客、貨兩用)-自用,0,30-39歲,男,1,0
11079,41ea9187ca4ba84e,2025/11/6,13,臺北市,士林區,25.137224,121.550278,小客車(含客、貨兩用)-自用,0,40-49歲,男,1,0
11080,da4c0e3a2f670a09,2025/5/13,22,臺南市,仁德區,22.954931,120.252482,機車-普通重型,0,60歲以上,男,1,0
11081,21beb67c3d88cbb1,2025/12/31,9,臺中市,西區,24.132109,120.668032,小客車(含客、貨兩用)-自用,0,60歲以上,男,1,0
11082,2423acf7ef7f19b1,2025/2/6,1,臺北市,內湖區,25.067496,121.574778,機車-普通重型,0,40-49歲,男,1,0
11083,041d337e681a2e56,2025/1/20,14,雲林縣,斗六市,23.711257,120.541394,機車-普通重型,0,20-29歲,男,2,0
11084,30c326115bef1f19,2025/3/22,11,新竹縣,竹北市,24.819908,121.025447,機車-普通重型,0,40-49歲,女,1,0
11085,26a9f55541ebe04f,2025/11/12,16,桃園市,中壢區,24.999484,121.201488,機車-普通重型,0,50-59歲,男,1,0
11086,017d1992bec80cef,2025/8/11,11,新北市,中和區,24.994561,121.497274,機車-普通重型,0,40-49歲,男,2,0
11087,a41c23bfb6f377ce,2025/4/29,7,彰化縣,二林鎮,23.897855,120.411631,機車-普通重型,0,40-49歲,男,1,0
11088,a0fa1445ae15e870,2025/7/16,18,臺中市,西屯區,24.180171,120.638827,機車-普通重型,0,40-49歲,男,1,0
11089,aa4b36fa9cee442c,2025/11/22,11,桃園市,中壢區,25.004084,121.213866,機車-普通重型,0,60歲以上,男,1,0
11090,e4ed4892d69ed505,2025/8/24,17,新竹縣,竹北市,24.830299,121.026683,小客車(含客、貨兩用)-自用,0,50-59歲,女,1,0
11091,38adbe49056d65eb,2025/3/5,7,高雄市,大寮區,22.589989,120.420825,機車-普通重型,0,60歲以上,女,1,0
11092,9dae1867fefbabc8,2025/11/5,19,臺北市,北投區,25.107773,121.519899,機車-普通重型,0,50-59歲,男,1,0
11093,da5f8bd60a9059ec,2025/12/29,10,新北市,五股區,25.078185,121.45081,機車-普通重型,0,60歲以上,男,1,0
11094,2c5199965913f1ed,2025/5/14,8,新竹市,東區,24.781038,120.99716,小客車(含客、貨兩用)-自用,0,60歲以上,男,1,0
11095,2cdf8bdc9d7ba6ba,2025/3/12,13,臺中市,西區,24.146726,120.652997,小客車(含客、貨兩用)-自用,0,30-39歲,女,1,0
11096,1b71ca9513a910c1,2025/12/6,8,臺中市,豐原區,24.24847,120.712061,機車-普通重型,0,50-59歲,男,2,0
11097,5b84aa3a1415c99f,2025/12/17,17,高雄市,小港區,22.569468,120.357651,小客車(含客、貨兩用)-自用,0,40-49歲,男,2,0
11098,2a20205b74b028a0,2025/7/11,9,臺北市,士林區,25.092188,121.527584,機車-普通重型,0,50-59歲,男,1,0
11099,a83596415b735dee,2025/11/24,8,臺東縣,臺東市,22.761761,121.146549,小客車(含客、貨兩用)-自用,0,40-49歲,女,1,0
11100,267c1a9549f0bbcf,2025/12/21,20,新竹縣,竹東鎮,24.745599,121.090585,機車-普通重型,0,40-49歲,男,1,0
11101,ba7f0b14f5cfbd0a,2025/3/18,19,新北市,鶯歌區,24.956608,121.359548,機車-普通重型,0,50-59歲,男,1,0
11102,deeb2c4e93c954a9,2025/11/20,8,臺南市,永康區,23.011863,120.237171,機車-普通重型,0,40-49歲,女,1,0
11103,15fe0e24d9989e24,2025/2/25,18,高雄市,大社區,22.728614,120.347038,機車-普通重型,0,50-59歲,男,3,0
11104,596dbdeda24c8e15,2025/8/11,7,雲林縣,二崙鄉,23.766791,120.406607,小貨車-自用,0,50-59歲,男,1,0
11105,ddf67d3d5a200823,2025/4/22,11,雲林縣,斗六市,23.678281,120.538271,大貨車-自用,0,40-49歲,男,1,0
11106,819f49a6e2ad61fe,2025/11/26,10,臺南市,永康區,23.038486,120.23417,小客車(含客、貨兩用)-自用,0,40-49歲,男,1,0
11107,2521958f6d9f1044,2025/5/17,12,高雄市,鳳山區,22.60842,120.360684,機車-普通重型,0,40-49歲,男,2,0
11108,45329d8221f5a69c,2025/11/28,7,新竹縣,竹北市,24.80625,121.038849,機車-普通重型,0,30-39歲,男,2,0
11109,49230be5550d7ed4,2025/10/19,18,臺南市,七股區,23.149546,120.146377,小貨車-自用,0,50-59歲,男,1,0
11110,5907fb3a9e40a492,2025/5/16,12,新北市,新店區,24.975235,121.535003,機車-普通重型,0,30-39歲,男,2,0
11111,2f7c087b359de922,2025/1/14,19,臺中市,龍井區,24.21276,120.527258,機車-普通重型,0,40-49歲,男,1,0
11112,0a48d1984196f759,2025/9/14,10,高雄市,梓官區,22.76009,120.2671,小客車(含客、貨兩用)-自用,0,30-39歲,男,1,0
11113,e1f2bb20e10d28fa,2025/1/7,9,臺中市,大里區,24.115,120.679339,機車-普通重型,0,30-39歲,男,1,0
11114,5fd9a018fafa3179,2025/11/29,17,桃園市,龜山區,24.996628,121.336773,小客車(含客、貨兩用)-自用,0,30-39歲,男,1,0
11115,bdb2ce0d97d11e78,2025/3/3,12,臺中市,霧峰區,24.064208,120.697019,機車-普通重型,0,50-59歲,男,1,0
11116,cbd74c4f27595c3d,2025/7/30,21,彰化縣,伸港鄉,24.146643,120.482137,慢車-微型電動二輪車,0,40-49歲,男,1,0
11117,485a491a4a260364,2025/3/27,8,屏東縣,東港鎮,22.449122,120.454784,小客車(含客、貨兩用)-自用,0,40-49歲,女,1,0
11118,6ca1339e501f544e,2025/4/19,9,臺中市,南屯區,24.138165,120.644956,大貨車-營業用,0,20-29歲,男,1,0
11119,93e0517b7df5d99f,2025/6/18,7,新北市,瑞芳區,25.101948,121.791414,未知,0,40-49歲,男,1,0
11120,156a1bb092ca144d,2025/11/25,6,苗栗縣,竹南鎮,24.691145,120.873666,小客車(含客、貨兩用)-自用,0,60歲以上,男,1,0
11121,f284dafcfa86a54e,2025/1/13,17,嘉義縣,民雄鄉,23.535822,120.4122,機車-普通重型,0,40-49歲,女,1,0
11122,068433c16bf29143,2025/9/10,10,臺中市,北區,24.160338,120.691613,小貨車-營業用,0,50-59歲,男,1,0
11123,7e2d7fe60eb8f2b1,2025/3/11,15,桃園市,龜山區,25.018192,121.406344,小客車(含客、貨兩用)-計程車,0,40-49歲,男,1,0
11124,d95460a9cb4a2727,2025/11/24,17,新竹市,香山區,24.740557,120.901018,小客車(含客、貨兩用)-自用,0,30-39歲,男,1,0
11125,cf489100a8351963,2025/7/20,10,桃園市,中壢區,24.983432,121.247114,小客車(含客、貨兩用)-自用,0,20-29歲,女,1,0
11126,5109e347e6b93363,2025/8/9,10,臺中市,潭子區,24.210297,120.708269,機車-普通重型,0,30-39歲,男,1,0
11127,f6f5736ae8366a6d,2025/11/27,20,嘉義縣,民雄鄉,23.536518,120.4254,機車-普通重型,0,50-59歲,男,1,0
11128,6608ccdcdce8f685,2025/12/2,14,新北市,三重區,25.066093,121.489426,小客車(含客、貨兩用)-自用,0,30-39歲,女,1,0
11129,182fcda73c2427f3,2025/12/22,8,臺中市,南屯區,24.143849,120.637313,機車-普通重型,0,50-59歲,男,2,0
11130,6f5c929eb3bcf352,2025/7/11,16,彰化縣,鹿港鎮,24.074733,120.421563,小客車(含客、貨兩用)-自用,0,60歲以上,男,1,0
11131,3d395f3adb7321e9,2025/12/6,12,彰化縣,埔心鄉,23.937877,120.558325,機車-普通重型,0,50-59歲,男,1,0
11132,730d61c6e545f5dd,2025/3/2,9,宜蘭縣,蘇澳鎮,24.646223,121.825423,小客車(含客、貨兩用)-自用,0,50-59歲,男,1,0
11133,786d5f4c584c78e9,2025/5/6,19,臺南市,永康區,23.011036,120.24934,小客車(含客、貨兩用)-自用,0,50-59歲,女,2,0
11134,23fea2a6953a4ef0,2025/12/14,10,高雄市,大寮區,22.628031,120.362898,機車-普通重型,0,50-59歲,女,1,0
11135,d0f4211a819afbe2,2025/8/21,11,屏東縣,屏東市,22.683036,120.4808,機車-普通輕型,0,40-49歲,男,1,0
11136,06b3c328aeee8bd9,2025/9/28,16,臺中市,南屯區,24.155778,120.634395,機車-普通重型,0,40-49歲,男,2,0
11137,9fbfa52b5a3a81d9,2025/4/9,15,桃園市,中壢區,24.979504,121.246897,小客車(含客、貨兩用)-自用,0,50-59歲,男,1,0
11138,0ec66f03208e1199,2025/2/9,21,新北市,板橋區,24.994966,121.452643,機車-普通重型,0,40-49歲,男,1,0
11139,17eac253893efb2b,2025/12/13,22,臺中市,東區,24.152202,120.693094,機車-普通重型,0,50-59歲,男,1,0
11140,1e795f503b357c24,2025/11/19,15,新北市,新店區,24.966172,121.515449,機車-普通重型,0,50-59歲,男,1,0
11141,5db1a2c145c4f2bb,2025/9/9,17,南投縣,埔里鎮,23.966734,120.9672,機車-普通重型,0,50-59歲,男,3,0
11142,33aa1b4cc051c896,2025/4/9,17,嘉義市,東區,23.475288,120.471877,小客車(含客、貨兩用)-自用,0,60歲以上,男,1,0
11143,6d2e175c5a8d3b26,2025/10/21,19,臺南市,東區,22.972872,120.22746,小客車(含客、貨兩用)-自用,0,50-59歲,男,1,0
11144,8e25de184342035e,2025/8/29,18,新北市,新莊區,25.000586,121.435382,機車-普通重型,0,19歲以下,男,1,0
11145,468c3029bd26e84d,2025/11/6,7,臺中市,后里區,24.313942,120.728807,機車-普通重型,0,30-39歲,男,1,0
11146,bdc567fd1ef1a7c4,2025/12/31,20,桃園市,龜山區,25.048396,121.359049,機車-普通重型,0,40-49歲,男,1,0
11147,840ad131981bca08,2025/7/30,7,臺南市,南區,22.968524,120.175738,其他車-動力機械,0,40-49歲,男,1,0
11148,cd9cf44aee75c804,2025/12/5,8,彰化縣,溪湖鎮,23.963015,120.477465,小客車(含客、貨兩用)-自用,0,30-39歲,男,1,0
11149,38e1b29de83d1e1e,2025/1/1,4,臺中市,南區,24.13155,120.676605,小客車(含客、貨兩用)-自用,0,40-49歲,男,1,0
11150,2e9f3251a31e0522,2025/11/20,18,臺中市,沙鹿區,24.242946,120.565097,機車-普通重型,0,40-49歲,男,1,0
11151,92450e3d1a530026,2025/4/27,12,臺中市,南屯區,24.115317,120.626026,小客車(含客、貨兩用)-自用,0,60歲以上,女,2,0
11152,0901d71c14bbcec8,2025/7/8,20,高雄市,大寮區,22.616156,120.386215,機車-普通重型,0,40-49歲,男,2,0
11153,c0813854dcaf8388,2025/8/31,13,臺中市,北區,24.153271,120.682617,機車-普通重型,0,40-49歲,男,2,0
11154,fcce72c69c89ecfc,2025/9/9,20,彰化縣,鹿港鎮,24.058166,120.432791,機車-普通重型,0,50-59歲,男,2,0
11155,84f7c991329df5da,2025/3/5,9,桃園市,中壢區,24.989024,121.246408,機車-普通重型,0,50-59歲,男,1,0
11156,503eb6899425300d,2025/1/7,15,桃園市,八德區,24.960252,121.27765,機車-普通重型,0,50-59歲,男,1,0
11157,53333165760530e3,2025/10/17,18,宜蘭縣,礁溪鄉,24.797602,121.737921,慢車-腳踏自行車,0,40-49歲,男,1,0
11158,bc571366f62c0164,2025/8/28,18,臺中市,北區,24.159684,120.70262,機車-普通重型,0,40-49歲,女,1,0
11159,d6e2a0f61933bb57,2025/8/25,11,桃園市,龍潭區,24.872447,121.228755,小客車(含客、貨兩用)-自用,0,20-29歲,男,1,0
11160,e0778984f642e0f1,2025/12/13,14,南投縣,南投市,23.911827,120.673108,機車-普通重型,0,30-39歲,男,1,0
11161,e49c3bc246ded0e1,2025/9/20,13,臺南市,東區,22.986806,120.218264,機車-普通重型,0,40-49歲,男,1,0
11162,f63be417f53edd80,2025/4/14,14,新北市,新店區,24.987953,121.534453,小客車(含客、貨兩用)-自用,0,50-59歲,男,2,0
11163,525fe0020495f6b7,2025/10/7,12,新北市,中和區,24.990974,121.521414,機車-普通重型,0,50-59歲,女,1,0
11164,d80c25d888918369,2025/7/30,15,彰化縣,彰化市,24.093324,120.539743,小客車(含客、貨兩用)-自用,0,50-59歲,女,1,0
11165,0edbe55382f53a41,2025/8/29,16,新北市,三重區,25.057609,121.486747,機車-普通重型,0,30-39歲,女,1,0
11166,b98c4e205012ebc4,2025/6/5,15,臺中市,北區,24.146173,120.68252,小客車(含客、貨兩用)-自用,0,40-49歲,男,2,0
11167,c3eb0df704d1b4f5,2025/11/23,11,桃園市,龜山區,25.026253,121.370995,機車-普通重型,0,20-29歲,女,1,0
11168,6bae016acd69c48f,2025/4/7,21,嘉義市,東區,23.492057,120.453085,慢車-微型電動二輪車,0,50-59歲,男,1,0
11169,ca0c8edabf1866c4,2025/2/13,7,苗栗縣,苗栗市,24.570647,120.831329,機車-普通重型,0,20-29歲,男,1,0
11170,0bde0da5860b44bd,2025/6/26,15,高雄市,仁武區,22.682308,120.330642,小客車(含客、貨兩用)-自用,0,40-49歲,女,1,0
11171,2bcdd34d732f8256,2025/11/26,20,嘉義縣,水上鄉,23.434448,120.39915,機車-普通重型,0,40-49歲,男,1,0
11172,5368daa7d4eb8453,2025/5/11,14,新北市,三峽區,24.937949,121.369862,小客車(含客、貨兩用)-自用,0,50-59歲,男,1,0
11173,29e55a2713b41a26,2025/8/9,11,新北市,板橋區,25.009457,121.48176,機車-普通重型,0,40-49歲,男,2,0
11174,41f40447d6d0cb26,2025/7/14,7,臺南市,永康區,23.015191,120.242725,機車-普通重型,0,60歲以上,男,1,0
11175,eac9455073146988,2025/7/18,9,高雄市,前鎮,22.58289,120.3368,機車-普通重型,0,19歲以下,男,2,0
11176,c089237852b829f5,2025/1/3,20,臺中市,太平區,24.141098,120.711284,慢車-電動輔助自行車,0,50-59歲,男,2,0
11177,336fe8a3189e27ae,2025/8/3,20,臺中市,西屯區,24.199887,120.655601,機車-普通重型,0,40-49歲,男,1,0
11178,01301242a2d1b042,2025/6/13,18,南投縣,草屯鎮,23.978106,120.677381,機車-普通重型,0,50-59歲,男,1,0
11179,42ae90535272bd61,2025/2/8,14,新北市,樹林區,24.980843,121.417428,機車-普通重型,0,50-59歲,男,1,0
11180,db1a3db1213006e8,2025/12/19,12,臺中市,北屯區,24.18224,120.710719,機車-普通重型,0,30-39歲,男,2,0
11181,f5210f40829ec6be,2025/8/26,10,新北市,新店區,25.009564,121.480472,小客車(含客、貨兩用)-自用,0,30-39歲,男,2,0
11182,0cea210b25460f28,2025/6/15,10,高雄市,岡山區,22.757785,120.310414,小客車(含客、貨兩用)-租賃車,0,40-49歲,女,2,0
11183,7e7f04a493f84559,2025/6/19,12,花蓮縣,花蓮市,23.991302,121.596481,機車-普通重型,0,50-59歲,男,1,0
11184,72bbf033acdb8723,2025/1/1,0,基隆市,仁愛區,25.129889,121.744706,未知,0,50-59歲,女,1,0
11185,f4da5c78a70d114c,2025/8/31,13,高雄市,三民區,22.644168,120.314372,小客車(含客、貨兩用)-自用,0,40-49歲,男,1,0
11186,39d3dfc1ee7962b8,2025/6/21,20,臺北市,中山區,25.048439,121.529655,小客車(含客、貨兩用)-自用,0,50-59歲,男,4,0
11187,8f4a8cc053ea5415,2025/5/22,7,新竹縣,竹北市,24.837366,121.013663,機車-普通輕型,0,60歲以上,男,1,0
11188,e7c0692ed4e9df7e,2025/7/18,7,高雄市,左營區,22.66085,120.3105,機車-普通重型,0,60歲以上,男,2,0
11189,a0d4f7ea3381af3b,2025/3/21,8,新北市,土城區,24.957817,121.416463,小客車(含客、貨兩用)-自用,0,40-49歲,女,1,0
11190,c37aead386a32942,2025/1/20,0,桃園市,蘆竹區,25.112405,121.269915,機車-大型重型1(550C.C.以上),0,50-59歲,男,1,0
11191,504917714a9f77d1,2025/4/12,14,臺中市,北屯區,24.159574,120.703886,機車-普通重型,0,20-29歲,男,1,0
11192,e3ddeafe876ca72a,2025/12/30,7,新北市,中和區,25.004767,121.496792,機車-普通重型,0,50-59歲,男,2,0
11193,17ccd7d38bac7f2a,2025/9/9,12,臺中市,北區,24.152434,120.679786,機車-普通重型,0,40-49歲,男,1,0
11194,823e3a623822bc2d,2025/8/5,8,臺中市,太平區,24.154646,120.702446,機車-普通重型,0,19歲以下,男,1,0
11195,33ca922893026455,2025/8/7,14,臺中市,西屯區,24.163017,120.629029,小客車(含客、貨兩用)-自用,0,30-39歲,男,1,0
11196,5f4d515387496a9e,2025/10/17,23,新北市,新莊區,25.019468,121.421542,機車-普通重型,0,50-59歲,男,2,0
11197,59b085e0f92ea806,2025/2/2,17,臺北市,大同區,25.066964,121.513682,大客車-民營客運,0,60歲以上,男,2,0
11198,80f95110cbfc1701,2025/6/3,16,屏東縣,屏東市,22.666518,120.482865,機車-普通重型,0,50-59歲,男,1,0
11199,efe02e6120a95f0e,2025/4/29,8,桃園市,龍潭區,24.885222,121.22085,機車-普通重型,0,50-59歲,男,1,0
11200,b6c9c95257dc66de,2025/12/25,23,臺北市,大同區,25.076579,121.511999,小客車(含客、貨兩用)-自用,0,40-49歲,男,1,0
11201,0401b23e7078e56e,2025/1/24,18,宜蘭縣,羅東鎮,24.672102,121.761391,機車-普通重型,0,50-59歲,男,2,0
11202,6f39f92b18a74a25,2025/12/2,16,嘉義市,東區,23.45957,120.457657,慢車-微型電動二輪車,0,40-49歲,女,2,0
11203,8715e4c307485c97,2025/3/26,11,高雄市,橋頭區,22.754442,120.312322,小客車(含客、貨兩用)-自用,0,20-29歲,男,1,0
11204,4437cf545ea6e027,2025/5/17,17,桃園市,中壢區,24.963719,121.256342,機車-普通重型,0,19歲以下,男,2,0
11205,062d2be0e348d3df,2025/10/31,18,臺北市,中正區,25.010301,121.530693,慢車-腳踏自行車,0,30-39歲,男,1,0
11206,b8f753758edb21b3,2025/6/30,17,新北市,三重區,25.066667,121.5,機車-普通重型,0,50-59歲,男,1,0
11207,e39f4f95dde4aa1e,2025/6/30,12,花蓮縣,吉安鄉,23.983103,121.5959,機車-普通重型,0,19歲以下,男,3,0
11208,06bbbb0f591b7134,2025/7/2,8,臺南市,安南區,23.065297,120.224289,機車-普通重型,0,50-59歲,女,1,0
11209,cda4eb613752ca1f,2025/7/16,11,新北市,新莊區,25.027538,121.443436,小客車(含客、貨兩用)-租賃車,0,40-49歲,女,1,0
11210,3158898eef8f2bfb,2025/1/21,8,臺中市,南屯區,24.153607,120.649773,小客車(含客、貨兩用)-自用,0,50-59歲,男,1,0
11211,c33334ddb7ddc69b,2025/8/29,9,新北市,蘆洲區,25.091163,121.484138,機車-普通重型,0,40-49歲,男,2,0
11212,638246b73d81b952,2025/8/11,9,雲林縣,斗六市,23.707429,120.540377,機車-普通重型,0,30-39歲,男,1,0
11213,78a6245aed586967,2025/1/2,15,新北市,三芝區,25.258479,121.503309,機車-普通重型,0,60歲以上,男,1,0
11214,6edd4fe7eaeec175,2025/12/7,22,桃園市,龜山區,25.053492,121.35882,機車-普通重型,0,40-49歲,男,2,0
11215,463b5356914bfe92,2025/10/2,6,桃園市,八德區,24.985841,121.282737,機車-普通重型,0,20-29歲,男,2,0
11216,fd00ae3c2dbaeb73,2025/4/16,0,臺中市,西區,24.152547,120.661687,機車-普通重型,0,50-59歲,男,2,0
11217,92352806aa96ad5c,2025/11/5,6,臺中市,西屯區,24.163157,120.62904,大貨車-自用,0,60歲以上,男,1,0
11218,2dc054faef81e6d1,2025/11/10,8,臺東縣,臺東市,22.759515,121.146004,機車-普通重型,0,50-59歲,男,1,0
11219,64237ffa2969e2f5,2025/8/25,9,高雄市,仁武區,22.708878,120.353109,機車-普通重型,0,40-49歲,男,1,0
11220,ef4bdcbb63764f46,2025/1/26,11,彰化縣,埤頭鄉,23.893335,120.489931,機車-普通重型,0,40-49歲,男,1,0
11221,f91ff20992ed07c3,2025/10/10,11,雲林縣,麥寮鄉,23.781192,120.239959,機車-普通重型,0,50-59歲,女,1,0
11222,82ad7194500c5779,2025/4/28,23,新北市,淡水區,25.177474,121.448758,機車-普通重型,0,30-39歲,女,2,0
11223,a77e54ca84c5fb27,2025/2/5,8,新竹縣,北埔鄉,24.697958,121.059524,機車-普通重型,0,40-49歲,男,1,0
11224,17d751a6c07b40c5,2025/3/7,8,臺中市,北屯區,24.171241,120.687573,機車-普通重型,0,20-29歲,男,1,0
11225,e421db6cd346f6ef,2025/8/17,11,高雄市,楠梓區,22.722582,120.295945,小客車(含客、貨兩用)-自用,0,20-29歲,男,2,0
11226,20ee907d1ea7e3a7,2025/12/20,18,臺南市,安平區,22.99393,120.172298,機車-普通重型,0,40-49歲,男,1,0
11227,9451b87ff4364f33,2025/1/17,8,彰化縣,彰化市,24.076908,120.546088,小客車(含客、貨兩用)-自用,0,60歲以上,女,1,0
11228,180f5690b8e75855,2025/11/20,17,臺中市,西屯區,24.187392,120.639847,機車-普通重型,0,30-39歲,男,1,0
11229,788ea2981f430679,2025/9/27,19,桃園市,蘆竹區,25.064897,121.288486,機車-普通重型,0,50-59歲,男,2,0
11230,119e8d9b3a41c5ee,2025/5/22,17,臺南市,中西區,22.983099,120.203923,人-行人,0,50-59歲,女,2,0
11231,6dd93bfa9484ca83,2025/2/17,7,桃園市,楊梅區,24.957008,121.161802,小客車(含客、貨兩用)-自用,0,20-29歲,男,2,0
11232,b098edd19efa6d25,2025/6/8,15,臺北市,松山區,25.04803,121.546082,小客車(含客、貨兩用)-自用,0,30-39歲,男,1,0
11233,24efa4b260230944,2025/7/31,11,臺中市,南屯區,24.150789,120.64636,機車-普通重型,0,30-39歲,男,1,0
11234,fe43a16feb5e272d,2025/11/19,18,臺南市,南區,22.967131,120.192306,小客車(含客、貨兩用)-自用,0,20-29歲,男,1,0
11235,e27d737f2dcbcacf,2025/7/15,16,屏東縣,枋山鄉,22.257219,120.653737,大貨車-營業用,0,50-59歲,男,4,0
11236,3e13499da668ef0b,2025/11/20,21,彰化縣,伸港鄉,24.148923,120.489198,機車-普通重型,0,40-49歲,男,3,0
11237,04b0c2e3917f788c,2025/9/10,18,新北市,新莊區,25.03971,121.455368,慢車-腳踏自行車,0,40-49歲,女,1,0
11238,a1556f9ea6581c7f,2025/3/29,13,花蓮縣,秀林鄉,24.053722,121.600367,小客車(含客、貨兩用)-自用,0,50-59歲,女,1,0
11239,aa911603b6197512,2025/4/30,7,桃園市,中壢區,24.972803,121.234575,機車-普通重型,0,30-39歲,男,1,0
11240,4bdc28e320031199,2025/6/3,7,桃園市,平鎮,24.883299,121.211939,小客車(含客、貨兩用)-自用,0,40-49歲,男,1,0
11241,cabe1f1a4bdbace0,2025/2/11,7,新北市,樹林區,25.006894,121.412441,機車-普通重型,0,40-49歲,女,3,0
11242,7a656e050b9d2583,2025/6/10,18,屏東縣,東港鎮,22.469318,120.478625,機車-普通重型,0,19歲以下,男,1,0
11243,1851d8733beab80e,2025/12/8,8,桃園市,中壢區,24.965208,121.17256,機車-普通重型,0,60歲以上,男,1,0
11244,00fe95e9895a62b1,2025/12/29,21,臺中市,大肚區,24.158225,120.550946,機車-普通重型,0,30-39歲,男,1,0
11245,217e55438b65508f,2025/10/12,10,臺南市,楠西區,23.156371,120.488997,機車-普通重型,0,40-49歲,男,2,0
11246,221dfa7710b7168b,2025/9/25,14,臺中市,霧峰區,24.049998,120.694104,慢車-微型電動二輪車,0,40-49歲,男,2,0
11247,ca89fa09d1107cad,2025/9/10,17,新竹縣,寶山鄉,24.761682,121.018402,小客車(含客、貨兩用)-自用,0,40-49歲,男,1,0
11248,fa4de97dd448043d,2025/2/14,18,臺中市,南屯區,24.15702,120.594844,機車-普通重型,0,50-59歲,男,2,0
11249,d27dbf609b2697ce,2025/10/21,14,臺中市,北屯區,24.189209,120.663533,小客車(含客、貨兩用)-自用,0,40-49歲,女,1,0
11250,dfaab95b85cf1365,2025/7/31,7,新北市,新店區,25.008349,121.47992,機車-普通重型,0,50-59歲,女,2,0
11251,d87ee48f276bb9c4,2025/2/4,15,高雄市,苓雅區,22.626825,120.32683,未知,0,60歲以上,女,1,0
11252,8ae221307ea4d67c,2025/9/10,17,彰化縣,彰化市,24.070178,120.553855,機車-普通重型,0,40-49歲,男,1,0
11253,fea920304e21e75b,2025/6/11,8,新竹縣,湖口鄉,24.89115,121.047871,小貨車-自用,0,20-29歲,男,1,0
11254,3d7a90b6fe59649c,2025/5/24,18,臺中市,西屯區,24.165818,120.643643,機車-普通重型,0,40-49歲,男,1,0
11255,48c7bf34e296f60f,2025/4/8,10,新竹市,東區,24.808546,120.978246,小客車(含客、貨兩用)-自用,0,60歲以上,男,1,0
11256,54807165263cc36d,2025/3/24,7,臺中市,烏日區,24.113754,120.610918,機車-普通重型,0,50-59歲,男,1,0
11257,519991e3282bf483,2025/11/18,8,基隆市,中山區,25.130846,121.735598,機車-普通重型,0,40-49歲,男,2,0
11258,9b1da3557b36cee5,2025/11/14,18,彰化縣,彰化市,24.083616,120.546966,機車-普通重型,0,20-29歲,男,1,0
11259,24dee225c70f76c4,2025/7/29,9,臺中市,烏日區,24.111124,120.634775,機車-普通重型,0,40-49歲,女,2,0
11260,efb9e774b9b3aeda,2025/1/24,20,臺南市,安平區,23.000173,120.162369,機車-普通重型,0,60歲以上,男,1,0
11261,ce821ef61f277c3a,2025/12/22,21,臺南市,下營區,23.205745,120.272833,小客車(含客、貨兩用)-自用,0,50-59歲,男,1,0
11262,9dfdf728693ad49d,2025/11/19,8,高雄市,左營區,22.67488,120.299737,機車-普通重型,0,50-59歲,男,1,0
11263,59dcd15000593def,2025/11/22,8,彰化縣,溪湖鎮,23.964989,120.482766,小客車(含客、貨兩用)-自用,0,60歲以上,男,1,0
11264,49396b670614c464,2025/6/6,19,新北市,三重區,25.063106,121.499932,小客車(含客、貨兩用)-自用,0,40-49歲,女,1,0
11265,ddea3b2c2116aa1a,2025/8/17,9,新北市,新店區,24.951538,121.549384,機車-普通重型,0,40-49歲,男,2,0
11266,8f9afdf4d1d65f93,2025/8/13,9,桃園市,龜山區,25.003422,121.350742,小客車(含客、貨兩用)-計程車,0,40-49歲,男,1,0
11267,b90fb01adf3a5c4e,2025/1/4,12,臺南市,安南區,23.065762,120.218263,小客車(含客、貨兩用)-自用,0,40-49歲,女,1,0
11268,ca537b7a97e96b04,2025/12/16,13,彰化縣,和美鎮,24.111879,120.54094,機車-普通重型,0,20-29歲,男,1,0
11269,54beadc01a604e30,2025/12/6,18,臺北市,大安區,25.037997,121.539748,小客車(含客、貨兩用)-自用,0,40-49歲,男,1,0
11270,a350fcf436f5b708,2025/1/17,14,新竹縣,竹北市,24.816902,121.029434,機車-普通重型,0,20-29歲,男,1,0
11271,92333da13fbd990a,2025/11/29,16,花蓮縣,吉安鄉,23.974648,121.583841,機車-普通重型,0,40-49歲,女,1,0
11272,2e50f1b87ac333d2,2025/7/30,15,臺中市,北區,24.171452,120.675884,小客車(含客、貨兩用)-自用,0,50-59歲,男,1,0
11273,28f9dac93a2f544b,2025/1/7,6,新北市,板橋區,24.985595,121.427469,機車-普通重型,0,30-39歲,男,2,0
11274,6b830f63d42609ff,2025/12/21,23,高雄市,左營區,22.668019,120.309544,機車-普通重型,0,40-49歲,女,3,0
11275,a0de1c5956a117e9,2025/12/11,7,臺中市,外埔區,24.337447,120.670731,機車-普通重型,0,50-59歲,男,2,0
11276,20fbb33646000149,2025/3/20,21,臺中市,中區,24.145419,120.676778,小客車(含客、貨兩用)-自用,0,30-39歲,男,2,0
11277,8f9479ed68234f05,2025/7/16,7,高雄市,仁武區,22.677529,120.335673,機車-普通重型,0,30-39歲,男,1,0
11278,bfcc7370e8f185b5,2025/4/18,9,臺北市,中山區,25.062601,121.52467,機車-普通重型,0,50-59歲,男,1,0
11279,ab75bc699339c0d4,2025/4/18,16,屏東縣,潮州鎮,22.543192,120.545292,機車-普通重型,0,40-49歲,男,2,0
11280,bba4a00fd4ad9089,2025/11/18,18,新竹市,北區,24.815903,120.959549,機車-普通重型,0,50-59歲,女,1,0
11281,db1b17b3f7c3bd65,2025/10/6,12,桃園市,中壢區,24.959172,121.214512,機車-普通重型,0,40-49歲,男,2,0
11282,367fb3afeffe9053,2025/11/14,12,屏東縣,恆春鎮,21.99713,120.745354,機車-普通重型,0,50-59歲,男,1,0
11283,0d0e73770e400e65,2025/11/15,13,臺南市,安平區,22.984691,120.167817,機車-普通重型,0,50-59歲,男,1,0
11284,26e18e0ef54ba0cb,2025/2/18,21,臺中市,神岡區,24.242756,120.677101,機車-普通重型,0,40-49歲,男,1,0
11285,0f5ac4ea064f3980,2025/4/14,17,臺南市,北門區,23.267346,120.124726,機車-普通重型,0,50-59歲,男,1,0
11286,ffe073bced1714cb,2025/9/30,17,桃園市,楊梅區,24.89849,121.183759,機車-普通重型,0,20-29歲,男,2,0
11287,bc2aca1b42232e72,2025/11/26,14,臺中市,梧棲區,24.261095,120.53268,機車-普通重型,0,60歲以上,男,4,0
11288,0f6d038f2e3fceda,2025/4/25,21,臺中市,潭子區,24.196106,120.701133,機車-普通重型,0,40-49歲,男,1,0
11289,1f74f913343f01ad,2025/4/14,14,臺中市,大里區,24.09696,120.684212,小客車(含客、貨兩用)-自用,0,30-39歲,男,1,0
11290,2ff85a55cce1b1e3,2025/3/28,20,新北市,蘆洲區,25.081034,121.474292,機車-普通重型,0,50-59歲,男,1,0
11291,ba4b606c9958cda1,2025/5/25,1,彰化縣,員林市,23.954445,120.569785,小客車(含客、貨兩用)-自用,0,40-49歲,女,1,0
11292,bbec864466a993ca,2025/7/16,8,臺南市,南區,22.942524,120.175421,機車-普通重型,0,40-49歲,女,2,0
11293,c114ccc4f1878cdd,2025/3/12,10,桃園市,中壢區,25.000696,121.205101,小客車(含客、貨兩用)-自用,0,40-49歲,男,1,0
11294,389d2e475c77399d,2025/2/2,4,彰化縣,員林市,23.953544,120.572725,機車-普通重型,0,60歲以上,男,1,0
11295,aa05bf89d005a9f0,2025/6/18,14,臺中市,北區,24.143067,120.684793,機車-普通重型,0,30-39歲,女,1,0
11296,3609228a3b9fc710,2025/10/1,10,新北市,板橋區,25.009347,121.481028,小客車(含客、貨兩用)-自用,0,40-49歲,男,1,0
11297,9dce515ee1ef3542,2025/11/2,6,雲林縣,臺西鄉,23.6944,120.187371,慢車-電動輔助自行車,0,50-59歲,男,1,0
11298,b48dd5655489fd9f,2025/3/31,2,宜蘭縣,宜蘭市,24.750221,121.755827,小客車(含客、貨兩用)-租賃車,0,50-59歲,男,1,0
11299,d4997b05633a2a36,2025/1/3,7,臺中市,外埔區,24.324758,120.629112,機車-普通重型,0,30-39歲,男,1,0
11300,834bdaf26802bbfc,2025/5/16,14,臺中市,南屯區,24.133305,120.652403,小客車(含客、貨兩用)-自用,0,50-59歲,男,2,0
11301,48b4d85e3840201b,2025/10/14,10,臺北市,中正區,25.030996,121.518051,人-行人,0,30-39歲,男,1,0
11302,e3dccd2915b5ff52,2025/6/2,8,臺南市,七股區,23.094551,120.131673,小客車(含客、貨兩用)-自用,0,40-49歲,男,1,0
11303,9fe19536d85d1c6a,2025/3/24,7,彰化縣,芳苑鄉,23.90776,120.345277,機車-普通重型,0,20-29歲,男,1,0
11304,cca85262b6544528,2025/7/22,21,新北市,汐止區,25.070651,121.666451,機車-普通重型,0,20-29歲,男,2,0
11305,c8422f6ba79117c7,2025/5/9,8,臺北市,文山區,24.991058,121.57109,慢車-腳踏自行車,0,50-59歲,男,1,0
11306,181b50d15018f3e2,2025/1/13,19,新北市,三重區,25.068085,121.484893,小客車(含客、貨兩用)-自用,0,60歲以上,男,2,0
11307,340cdf176800f4f9,2025/5/4,8,南投縣,魚池鄉,23.850804,120.922063,機車-普通重型,0,50-59歲,男,1,0
11308,6140be6a3a0508c4,2025/5/2,17,桃園市,中壢區,24.958664,121.238753,機車-普通重型,0,40-49歲,男,1,0
11309,df8532cb467ccf94,2025/6/17,11,雲林縣,斗六市,23.721447,120.525654,小客車(含客、貨兩用)-自用,0,50-59歲,女,1,0
11310,fd6bb1d45bbd4dc4,2025/12/9,18,臺北市,中正區,25.043219,121.519392,小客車(含客、貨兩用)-自用,0,30-39歲,女,2,0
11311,10761ec948cdada4,2025/1/8,15,臺中市,豐原區,24.242889,120.706088,小客車(含客、貨兩用)-自用,0,20-29歲,男,1,0
11312,8714e29c576bd51c,2025/10/29,10,新北市,新店區,25.009439,121.4815,小客車(含客、貨兩用)-自用,0,50-59歲,男,1,0
11313,e8a22481877d2867,2025/3/24,21,桃園市,八德區,24.973762,121.308185,機車-普通重型,0,20-29歲,男,2,0
11314,704ec4cfc98dff70,2025/9/15,15,高雄市,左營區,22.668393,120.308676,機車-普通重型,0,30-39歲,男,1,0
11315,f906b679b3dc5fe1,2025/3/17,15,桃園市,桃園區,25.021989,121.294584,小客車(含客、貨兩用)-自用,0,40-49歲,男,1,0
11316,b470da3c665e045b,2025/3/20,16,桃園市,龍潭區,24.858326,121.21738,機車-普通重型,0,50-59歲,男,1,0
11317,b3a2ae3c96850b3e,2025/1/11,13,新北市,新店區,24.974169,121.530691,小客車(含客、貨兩用)-自用,0,60歲以上,男,1,0
11318,d95e4b2a198bdb60,2025/6/25,20,臺南市,新營區,23.299326,120.31265,小客車(含客、貨兩用)-自用,0,40-49歲,男,1,0
11319,21d6994781391585,2025/6/1,7,臺北市,大同區,25.063098,121.51461,慢車-腳踏自行車,0,30-39歲,男,2,0
11320,a7862c8e5e1d92c9,2025/4/30,17,彰化縣,員林市,23.962152,120.575204,小客車(含客、貨兩用)-自用,0,30-39歲,女,1,0
11321,4b8188dd64e59c6b,2025/3/2,8,高雄市,鳳山區,22.62954,120.3606,機車-普通重型,0,30-39歲,女,2,0
11322,3d0dc21a1a670239,2025/11/18,9,桃園市,桃園區,25.006103,121.312269,機車-普通重型,0,40-49歲,男,1,0
11323,f9d3c62b4c128800,2025/7/17,11,桃園市,八德區,24.933215,121.26629,機車-普通重型,0,40-49歲,男,1,0
11324,d70c46b565dec26c,2025/12/29,17,南投縣,南投市,23.8878,120.690169,慢車-腳踏自行車,0,40-49歲,男,2,0
11325,f45d30a8914628cf,2025/10/28,10,苗栗縣,苗栗市,24.555772,120.817186,機車-普通重型,0,50-59歲,男,2,0
11326,398ca293ae11123a,2025/4/6,17,新北市,淡水區,25.179598,121.44423,機車-普通輕型,0,40-49歲,男,1,0
11327,39f1574b6e910430,2025/7/13,16,桃園市,大園區,25.088613,121.188066,機車-普通重型,0,40-49歲,男,2,0
11328,062652dae97a6269,2025/7/23,19,臺中市,烏日區,24.102888,120.641503,機車-普通重型,0,20-29歲,男,1,0
11329,ab901077966c9745,2025/6/6,11,高雄市,鳳山區,22.641316,120.368947,小貨車-營業用,0,40-49歲,男,1,0
11330,3cd5847d2b445a8a,2025/11/30,10,臺中市,北屯區,24.164133,120.697831,機車-普通重型,0,40-49歲,男,2,0
11331,c5999f2d463c8fc2,2025/2/5,7,屏東縣,屏東市,22.655746,120.466432,小客車(含客、貨兩用)-自用,0,30-39歲,男,1,0
11332,fc971cc507022c8b,2025/4/21,23,桃園市,蘆竹區,25.034878,121.240011,機車-普通重型,0,40-49歲,男,2,0
11333,d433182c5ca77186,2025/3/5,20,臺北市,萬華區,25.024755,121.496994,機車-普通重型,0,20-29歲,男,3,0
11334,f32605a517503e07,2025/2/12,12,花蓮縣,吉安鄉,23.981229,121.5928,小貨車-自用,0,50-59歲,男,1,0
11335,41e0756778700ffa,2025/10/13,20,新北市,新店區,24.974475,121.537349,未知,0,40-49歲,男,1,0
11336,80157653e800aed8,2025/7/13,10,臺中市,大里區,24.08643,120.70961,小客車(含客、貨兩用)-自用,0,30-39歲,男,1,0
11337,92a58d63bc5b32b3,2025/1/17,21,臺南市,永康區,23.022098,120.216249,小客車(含客、貨兩用)-自用,0,40-49歲,男,1,0
11338,dc26d45725c77e94,2025/12/11,15,臺北市,士林區,25.112821,121.56457,機車-普通重型,0,60歲以上,男,1,0
11339,b9e73197e528bee4,2025/8/20,8,高雄市,鳥松區,22.64709,120.346105,小客車(含客、貨兩用)-自用,0,60歲以上,男,1,0
11340,172b0f0920b6eca0,2025/7/19,7,臺中市,西區,24.146693,120.660194,小客車(含客、貨兩用)-自用,0,40-49歲,男,1,0
11341,f3445299b80f0731,2025/11/21,18,桃園市,中壢區,25.009128,121.18782,機車-普通重型,0,50-59歲,男,1,0
11342,0c2af3080913d5b5,2025/3/7,16,新北市,五股區,25.071275,121.430461,機車-普通重型,0,40-49歲,男,1,0
11343,3a478188da2e3a30,2025/7/16,13,宜蘭縣,壯圍鄉,24.775068,121.815244,機車-普通重型,0,40-49歲,男,1,0
11344,b574a5ba6a219353,2025/4/11,16,新北市,板橋區,25.019563,121.480802,小客車(含客、貨兩用)-自用,0,40-49歲,男,1,0
11345,fa60ef9319793f0f,2025/3/20,13,桃園市,蘆竹區,25.046199,121.294112,機車-普通重型,0,40-49歲,男,1,0
11346,8e727f0fae2d0de9,2025/4/29,8,苗栗縣,頭份市,24.649717,120.880042,機車-普通重型,0,50-59歲,男,2,0
11347,09d200d0bb46ba3c,2025/4/3,22,臺中市,太平區,24.142889,120.732746,機車-普通重型,0,40-49歲,男,1,0
11348,30094955ba83d69f,2025/11/3,17,花蓮縣,吉安鄉,23.978483,121.56644,小客車(含客、貨兩用)-自用,0,40-49歲,男,1,0
11349,e673166d33648f00,2025/7/8,8,桃園市,桃園區,24.991651,121.293639,機車-普通重型,0,30-39歲,女,1,0
11350,908b5574de305c20,2025/12/11,19,桃園市,八德區,24.964292,121.297284,小客車(含客、貨兩用)-自用,0,30-39歲,男,1,0
11351,eae4abcfc39a2362,2025/2/18,8,臺南市,中西區,22.991934,120.209002,機車-普通重型,0,50-59歲,男,2,0
11352,8427ff704f2c7fd8,2025/11/30,11,臺北市,大安區,25.044549,121.542406,小客車(含客、貨兩用)-自用,0,50-59歲,男,1,0
11353,66ac04118aa6dc82,2025/1/31,8,彰化縣,芬園鄉,24.019324,120.6267,小客車(含客、貨兩用)-自用,0,40-49歲,男,2,0
11354,460a176dae2bc550,2025/6/12,19,臺北市,信義區,25.038013,121.583861,小客車(含客、貨兩用)-自用,0,30-39歲,男,1,0
11355,007b97cd89bf0b11,2025/12/22,9,新竹縣,竹北市,24.83994,121.002585,機車-普通重型,0,40-49歲,女,1,0
11356,2c8da5b0211cb0ff,2025/5/28,9,金門縣,金城鎮,24.438314,118.316291,小客車(含客、貨兩用)-自用,0,50-59歲,男,1,0
11357,fe89f8f11f1f2cc9,2025/6/10,7,臺中市,東區,24.147849,120.695377,小客車(含客、貨兩用)-自用,0,40-49歲,男,2,0
11358,3b142335e9743250,2025/7/21,7,桃園市,大園區,25.06996,121.178558,機車-普通重型,0,30-39歲,男,1,0
11359,6b603f130e077b2c,2025/4/3,15,新北市,板橋區,25.017604,121.457023,機車-普通重型,0,20-29歲,男,1,0
11360,49b24257936a2f99,2025/2/27,14,臺南市,安南區,23.035447,120.203504,機車-普通重型,0,40-49歲,男,2,0
11361,1232a04a65f55e14,2025/12/22,21,臺中市,烏日區,24.111134,120.639233,機車-普通重型,0,40-49歲,男,3,0
11362,aafb36d04e3af825,2025/9/29,11,嘉義縣,梅山鄉,23.587599,120.549421,小客車(含客、貨兩用)-自用,0,50-59歲,女,2,0
11363,d39a5600a98d4b8c,2025/2/20,17,臺南市,安平區,22.997883,120.160441,小客車(含客、貨兩用)-自用,0,50-59歲,男,1,0
11364,1df49782174d58d4,2025/4/9,17,高雄市,左營區,22.668275,120.307372,機車-普通重型,0,30-39歲,女,2,0
11365,ac71f6eba6364a1e,2025/9/10,16,臺中市,北屯區,24.186872,120.68695,機車-普通重型,0,60歲以上,女,1,0
11366,5e02f8ae52118ddf,2025/2/18,20,桃園市,中壢區,24.952339,121.241922,機車-普通重型,0,30-39歲,男,1,0
11367,33bcf69038bd9819,2025/7/8,13,桃園市,八德區,24.937395,121.288324,小貨車-營業用,0,50-59歲,男,1,0
11368,876989773d27fc13,2025/12/22,8,臺南市,南區,22.937403,120.176317,小貨車-自用,0,40-49歲,男,1,0
11369,af21b36f185e22da,2025/5/6,17,桃園市,楊梅區,24.935225,121.088392,小客車(含客、貨兩用)-自用,0,50-59歲,男,1,0
11370,4e74231b24b9a959,2025/7/1,11,臺南市,楠西區,23.173365,120.486814,機車-普通重型,0,50-59歲,男,2,0
11371,089ed1beca572465,2025/7/22,10,臺南市,山上區,23.112953,120.342496,機車-普通重型,0,50-59歲,女,1,0
11372,6c0a7510b723d49f,2025/5/12,7,彰化縣,溪湖鎮,23.933128,120.470961,機車-普通重型,0,30-39歲,男,1,0
11373,e17b09d10adf9887,2025/11/4,18,屏東縣,內埔鄉,22.643909,120.596118,慢車-腳踏自行車,0,19歲以下,男,1,0
11374,97610a107a4558ad,2025/11/12,7,新北市,新店區,25.009444,121.481516,機車-普通重型,0,40-49歲,男,1,0
11375,65c50f3ab1169284,2025/3/20,14,高雄市,三民區,22.64972,120.3092,機車-普通重型,0,50-59歲,男,1,0
11376,d4a986efdf85ec18,2025/4/7,19,臺南市,東區,22.980933,120.212254,機車-普通重型,0,40-49歲,男,1,0
11377,53d1f0e56cd525d6,2025/9/23,17,臺中市,沙鹿區,24.229515,120.574128,機車-普通重型,0,20-29歲,男,2,0
11378,d87f1ae5dabd0abb,2025/8/9,13,新竹市,北區,24.821988,120.95927,小客車(含客、貨兩用)-自用,0,40-49歲,男,1,0
11379,459bd45c77318361,2025/5/17,8,臺中市,大雅區,24.215366,120.666055,小客車(含客、貨兩用)-自用,0,20-29歲,男,1,0
11380,b4a0591aa52ad70e,2025/11/21,13,嘉義縣,大林鎮,23.604512,120.452569,小客車(含客、貨兩用)-自用,0,30-39歲,男,1,0
11381,c1859e658b10cec4,2025/4/22,16,臺南市,安南區,23.046872,120.167822,小貨車-自用,0,20-29歲,男,1,0
11382,c2a6c2838715d92a,2025/11/26,15,臺中市,北區,24.165552,120.683687,機車-普通重型,0,40-49歲,男,1,0
11383,d72bd02966cfc7fe,2025/6/4,22,新竹縣,竹北市,24.833434,121.006609,小客車(含客、貨兩用)-自用,0,20-29歲,男,1,0
11384,c29c2e2aa437fdd9,2025/4/10,17,新北市,三重區,25.073332,121.497995,機車-普通重型,0,19歲以下,男,1,0
11385,7e6062d7550dced1,2025/5/18,12,嘉義縣,中埔鄉,23.361786,120.579645,機車-普通重型,0,60歲以上,男,1,0
11386,cfda01ddd6a9287a,2025/5/21,9,彰化縣,芳苑鄉,23.993301,120.382209,機車-普通重型,0,40-49歲,男,1,0
11387,9f3988559c2e6b8e,2025/7/1,21,新竹縣,竹東鎮,24.759272,121.053439,小客車(含客、貨兩用)-自用,0,20-29歲,女,2,0
11388,c665813eb2c7f382,2025/12/16,12,高雄市,前鎮,22.611203,120.31075,機車-普通重型,0,50-59歲,男,2,0
11389,c928d9368e794c5e,2025/8/20,10,桃園市,中壢區,24.979535,121.250341,機車-普通重型,0,40-49歲,男,1,0
11390,05fa19bcf7bbd6dd,2025/1/27,8,屏東縣,枋山鄉,22.27574,120.649593,小客車(含客、貨兩用)-自用,0,50-59歲,男,1,0
11391,1f4e4e9658cc8bd3,2025/2/7,15,臺中市,南屯區,24.150896,120.646707,機車-普通重型,0,40-49歲,男,1,0
11392,84fc8994a6907b1c,2025/8/26,7,彰化縣,彰化市,24.081984,120.564906,機車-普通重型,0,60歲以上,男,1,0
11393,eb2ad7be7257ea01,2025/12/7,19,臺中市,東勢區,24.258673,120.827637,機車-普通重型,0,50-59歲,男,1,0
11394,c9bd3be8f62658c7,2025/8/14,10,高雄市,苓雅區,22.615765,120.31035,機車-普通重型,0,50-59歲,男,1,0
11395,0204ea551b3a58f1,2025/12/6,19,屏東縣,琉球鄉,22.347165,120.377619,機車-普通重型,0,50-59歲,男,3,0
11396,e0fb558a8b928ead,2025/11/8,15,彰化縣,溪湖鎮,23.959408,120.477991,機車-普通重型,0,50-59歲,男,2,0
11397,f15022b6f7e2c320,2025/6/7,15,屏東縣,佳冬鄉,22.425721,120.569114,機車-普通重型,0,60歲以上,女,1,0
11398,f2e929044ba8ad3f,2025/6/13,8,新竹市,北區,24.805131,120.948386,機車-普通重型,0,19歲以下,男,1,0
11399,90d68488ffec93db,2025/11/12,17,新竹縣,竹北市,24.872529,120.956818,小客車(含客、貨兩用)-自用,0,40-49歲,男,1,0
11400,e6b2984136199c0f,2025/12/10,18,桃園市,楊梅區,24.90811,121.15763,小客車(含客、貨兩用)-自用,0,50-59歲,女,1,0
11401,9586a3a7537a003a,2025/4/29,19,臺中市,大雅區,24.217487,120.647484,機車-普通重型,0,40-49歲,男,2,0
11402,10bfe6558b2df8a4,2025/7/31,17,高雄市,大寮區,22.62403,120.4162,機車-普通重型,0,40-49歲,男,1,0
11403,7e9d157169ede4be,2025/1/4,13,新北市,新店區,24.971185,121.544467,機車-普通重型,0,20-29歲,男,3,0
11404,0012f1abcef129cb,2025/10/2,15,彰化縣,大城鄉,23.843357,120.322378,小客車(含客、貨兩用)-自用,0,40-49歲,男,1,0
11405,5fe8349b3092378b,2025/2/10,12,高雄市,苓雅區,22.621859,120.319576,機車-普通重型,0,50-59歲,男,1,0
11406,a8503a04855d5076,2025/5/13,19,臺南市,中西區,22.996242,120.211976,機車-普通重型,0,60歲以上,男,1,0
11407,241ad7b0f3935113,2025/6/12,8,高雄市,前金區,22.6297,120.2916,機車-普通重型,0,50-59歲,男,2,0
11408,81e4b412312b26c8,2025/3/7,6,屏東縣,屏東市,22.671619,120.478953,機車-普通重型,0,50-59歲,男,1,0
11409,4af03e40dd44d955,2025/4/22,3,高雄市,三民區,22.643157,120.314091,機車-普通重型,0,50-59歲,男,1,0
11410,f18ea09d7396447b,2025/11/13,11,臺南市,安平區,22.990185,120.164165,機車-普通重型,0,60歲以上,男,2,0
11411,02df71ebefeac8eb,2025/3/27,15,彰化縣,埔鹽鄉,24.005181,120.460519,機車-普通重型,0,40-49歲,女,1,0
11412,a11d2a7c776ec01d,2025/1/19,16,新北市,淡水區,25.180069,121.44279,機車-普通重型,0,40-49歲,男,1,0
11413,7bbb1fbaa08a771e,2025/11/12,10,高雄市,鳳山區,22.61945,120.359208,人-行人,0,30-39歲,男,1,0
11414,2440e2f2e7677b85,2025/8/16,23,臺東縣,東河鄉,22.925658,121.267312,機車-普通重型,0,40-49歲,男,1,0
11415,b69f2f2f5b74605a,2025/3/1,9,嘉義市,西區,23.468539,120.446439,小客車(含客、貨兩用)-自用,0,30-39歲,女,3,0
11416,8e1a07b286768a56,2025/5/5,18,苗栗縣,苗栗市,24.552219,120.817341,人-行人,0,60歲以上,男,1,0
11417,f220cf0d82e7880f,2025/1/10,8,臺中市,中區,24.144207,120.675565,機車-普通重型,0,60歲以上,男,1,0
11418,2b43058e81c7bfb4,2025/9/25,6,彰化縣,溪湖鎮,23.948295,120.483259,小客車(含客、貨兩用)-自用,0,30-39歲,男,1,0
11419,9cc0726aa994e69e,2025/2/7,8,臺中市,西區,24.150475,120.661365,機車-普通重型,0,60歲以上,男,1,0
11420,a48984dcc3930f48,2025/12/3,21,臺中市,西屯區,24.179387,120.622422,機車-普通輕型,0,60歲以上,男,3,0
11421,08ad3690ac8bec64,2025/10/20,16,臺中市,太平區,24.149865,120.712228,機車-普通重型,0,60歲以上,男,1,0
11422,89d8d208eada3b83,2025/2/13,8,新竹縣,竹北市,24.811015,121.037278,小客車(含客、貨兩用)-自用,0,40-49歲,男,1,0
11423,c2d30214371eaa1a,2025/9/28,9,南投縣,南投市,23.918486,120.677284,小客車(含客、貨兩用)-自用,0,20-29歲,男,1,0
11424,98cd35d24e2cfe1f,2025/3/6,7,桃園市,楊梅區,24.91015,121.172854,小客車(含客、貨兩用)-自用,0,60歲以上,男,1,0
11425,559d321957be9d57,2025/8/3,8,桃園市,桃園區,24.992185,121.300867,小客車(含客、貨兩用)-自用,0,40-49歲,男,1,0
11426,9462265cadfa1536,2025/8/14,7,桃園市,大園區,25.050392,121.224221,機車-普通重型,0,20-29歲,男,1,0
11427,b6b69f09975f6a92,2025/8/13,17,臺中市,大里區,24.100697,120.697024,機車-普通重型,0,20-29歲,男,1,0
11428,54109e3e41387296,2025/5/20,10,苗栗縣,竹南鎮,24.68755,120.861696,小客車(含客、貨兩用)-自用,0,40-49歲,男,2,0
11429,559a2d10dff91137,2025/9/1,17,臺中市,南區,24.126086,120.659436,機車-普通重型,0,50-59歲,男,2,0
11430,0b9f5c260bca06cb,2025/4/5,1,屏東縣,恆春鎮,22.007202,120.749902,小客車(含客、貨兩用)-自用,0,30-39歲,男,2,0
11431,39403de6b184beec,2025/7/12,16,嘉義市,西區,23.492593,120.411761,機車-普通重型,0,60歲以上,男,1,0
11432,20170f696df0c4a5,2025/9/24,6,彰化縣,溪湖鎮,23.967523,120.479799,小客車(含客、貨兩用)-自用,0,50-59歲,女,1,0
11433,a495185e0c6ccd40,2025/6/11,6,臺中市,大甲區,24.407516,120.654192,機車-普通重型,0,40-49歲,男,1,0
11434,091a94db9a7d0b30,2025/1/22,13,新北市,三峽區,24.936006,121.396003,小客車(含客、貨兩用)-自用,0,40-49歲,男,1,0
11435,33cc5d4884a9fde9,2025/1/6,15,新竹縣,竹東鎮,24.759243,121.050255,機車-普通重型,0,50-59歲,男,1,0
11436,7327e231c38a5008,2025/6/2,19,苗栗縣,頭份市,24.681156,120.907317,小客車(含客、貨兩用)-租賃車,0,30-39歲,男,1,0
11437,802e543e5b39c724,2025/2/15,12,桃園市,龜山區,25.045931,121.378392,機車-普通重型,0,40-49歲,男,1,0
11438,e20c2c89880710da,2025/5/1,7,臺中市,西區,24.153339,120.665769,機車-普通重型,0,50-59歲,男,1,0
11439,0889e603f50172e4,2025/9/9,14,臺中市,北區,24.154596,120.686123,機車-普通重型,0,30-39歲,男,1,0
11440,85dc51ae9b85a58c,2025/2/7,12,臺北市,中山區,25.052782,121.522491,機車-普通重型,0,40-49歲,男,2,0
11441,897922cae93b4208,2025/3/31,17,花蓮縣,鳳林鎮,23.731274,121.442454,機車-大型重型2(250-550C.C.),0,50-59歲,男,1,0
11442,0a72754e1e53a7e0,2025/12/2,10,臺東縣,關山鎮,23.05846,121.168181,慢車-腳踏自行車,0,20-29歲,男,1,0
11443,d4298769a987ea51,2025/6/17,16,桃園市,大園區,25.014308,121.225478,小客車(含客、貨兩用)-自用,0,40-49歲,男,2,0
11444,bd37af277decbd0a,2025/8/18,12,屏東縣,里港鄉,22.775612,120.495113,機車-普通重型,0,40-49歲,女,2,0
11445,e13dba82d66d2a81,2025/2/16,13,宜蘭縣,頭城鎮,24.840725,121.790203,小客車(含客、貨兩用)-自用,0,40-49歲,女,1,0
11446,42d6e8fd34cce972,2025/12/17,9,新北市,板橋區,25.008335,121.481125,機車-普通重型,0,30-39歲,女,2,0
11447,ac93ace417e01b82,2025/9/21,21,高雄市,新興區,22.630452,120.299275,小客車(含客、貨兩用)-自用,0,50-59歲,男,2,0
11448,7d25b00e16d97bc7,2025/2/27,19,臺南市,佳里區,23.162382,120.171078,機車-普通重型,0,50-59歲,女,2,0
11449,cb82f4b81ffa4ab4,2025/2/14,16,嘉義市,東區,23.480012,120.464349,小客車(含客、貨兩用)-自用,0,60歲以上,男,1,0
11450,00e76247ca4b98ee,2025/10/21,11,彰化縣,彰化市,24.0762,120.539201,小貨車-自用,0,40-49歲,男,1,0
11451,89e8718b3a70a541,2025/11/12,15,嘉義縣,六腳鄉,23.501469,120.307578,機車-普通重型,0,20-29歲,女,2,0
11452,86553ee0bbf3fed2,2025/1/15,4,南投縣,草屯鎮,23.960302,120.673455,小客車(含客、貨兩用)-自用,0,50-59歲,女,1,0
11453,5cd8efdbf86a405a,2025/10/13,8,臺北市,萬華區,25.039348,121.504131,慢車-腳踏自行車,0,60歲以上,男,1,0
11454,060c2c84cea144d2,2025/6/14,13,嘉義市,西區,23.487047,120.433674,慢車-微型電動二輪車,0,30-39歲,男,2,0
11455,0021ead40b4eb9ea,2025/2/28,7,桃園市,八德區,24.931416,121.297337,小客車(含客、貨兩用)-自用,0,40-49歲,男,1,0
11456,962b8a760b926709,2025/10/10,12,高雄市,梓官區,22.745347,120.262133,小客車(含客、貨兩用)-自用,0,50-59歲,男,1,0
11457,475124ef11c7302b,2025/5/13,8,臺中市,南屯區,24.13873,120.595649,機車-普通重型,0,40-49歲,男,1,0
11458,f18c7d33c91adcb7,2025/1/5,13,新北市,三峽區,24.938666,121.364879,機車-普通重型,0,50-59歲,女,1,0
11459,dee150bab5f9ba39,2025/7/31,18,臺中市,西區,24.142307,120.656129,人-行人,0,40-49歲,男,1,0
11460,eae7a981f1978f00,2025/11/6,7,新北市,土城區,24.991628,121.455746,機車-普通重型,0,40-49歲,男,1,0
11461,07ee4f9b8a3143ca,2025/7/1,10,臺中市,北屯區,24.172802,120.690629,機車-普通重型,0,50-59歲,男,1,0
11462,73ffc99999436e1d,2025/1/3,7,臺中市,大里區,24.111237,120.697118,機車-普通重型,0,60歲以上,女,1,0
11463,108ef1076942c857,2025/2/9,15,彰化縣,北斗鎮,23.873433,120.5173,機車-普通重型,0,50-59歲,男,2,0
11464,df4934482dc98325,2025/7/12,16,雲林縣,土庫鎮,23.704994,120.360148,慢車-腳踏自行車,0,40-49歲,男,1,0
11465,fb3750aa7fbf8507,2025/12/25,9,臺中市,北區,24.166978,120.670579,機車-普通重型,0,19歲以下,男,2,0
11466,801353af4f9222bc,2025/8/1,16,雲林縣,虎尾鎮,23.69136,120.407647,小客車(含客、貨兩用)-自用,0,60歲以上,男,1,0
11467,c4805594b58c7f67,2025/4/11,18,臺中市,南屯區,24.138884,120.617382,小貨車-自用,0,60歲以上,男,1,0
11468,9264e9200755b416,2025/4/2,15,高雄市,前金區,22.623938,120.297738,機車-普通重型,0,30-39歲,男,1,0
11469,4e77e4c9fea85951,2025/9/29,11,彰化縣,員林市,23.964139,120.601188,機車-普通重型,0,40-49歲,男,1,0
11470,162a82eb745faf32,2025/6/20,7,臺北市,大安區,25.025109,121.531441,小客車(含客、貨兩用)-自用,0,50-59歲,男,1,0
11471,dec2b36af04a3094,2025/3/20,17,新竹市,東區,24.798073,120.965102,機車-普通重型,0,50-59歲,男,2,0
11472,86a5c00964b8ac80,2025/6/4,20,桃園市,龜山區,25.046394,121.377825,小客車(含客、貨兩用)-自用,0,30-39歲,男,1,0
11473,7e232d2dc65f869b,2025/7/6,13,苗栗縣,竹南鎮,24.684414,120.869054,機車-普通重型,0,40-49歲,男,1,0
11474,0fc1e78496899748,2025/6/18,18,新北市,林口區,25.07454,121.383081,機車-普通重型,0,30-39歲,男,2,0
11475,a2b9e403f566a02f,2025/8/15,7,臺中市,南屯區,24.146563,120.615063,小客車(含客、貨兩用)-自用,0,50-59歲,男,1,0
11476,a97da7bc5b43c4b4,2025/4/1,14,雲林縣,褒忠鄉,23.695033,120.313013,小客車(含客、貨兩用)-自用,0,50-59歲,男,1,0
11477,a099ad46ecb75891,2025/5/5,21,宜蘭縣,礁溪鄉,24.815267,121.767695,機車-普通重型,0,40-49歲,男,2,0
11478,90b503814dc9da01,2025/9/11,9,屏東縣,東港鎮,22.470648,120.45636,人-輔助代步器材,0,20-29歲,男,1,0
11479,9208865494264613,2025/4/19,18,臺南市,永康區,23.007624,120.253181,機車-普通重型,0,50-59歲,女,2,0
11480,3176fe4c4971b55f,2025/10/20,11,嘉義市,東區,23.467718,120.466748,機車-普通重型,0,50-59歲,男,2,0
11481,4fcb74d9c65aff03,2025/4/18,16,臺南市,歸仁區,22.95309,120.333441,機車-普通重型,0,50-59歲,男,2,0
11482,e4eae3cbcff903c7,2025/5/24,18,新竹市,東區,24.781354,121.024084,機車-普通重型,0,30-39歲,男,1,0
11483,0e6d06828be8aeeb,2025/3/21,16,高雄市,鳳山區,22.61261,120.351,慢車-微型電動二輪車,0,19歲以下,男,2,0
11484,c74a8322dc9ed21c,2025/7/31,11,臺南市,永康區,23.020381,120.245416,機車-普通重型,0,40-49歲,女,2,0
11485,d1d82fb7434eee10,2025/5/10,12,桃園市,桃園區,24.988523,121.31067,機車-普通輕型,0,50-59歲,男,1,0
11486,aa74806eec2d379b,2025/12/13,20,高雄市,三民區,22.636531,120.336709,機車-普通重型,0,30-39歲,女,1,0
11487,e37ff9942381699f,2025/4/30,8,高雄市,鳳山區,22.622055,120.34576,未知,0,60歲以上,男,1,0
11488,a208f42a85ab4710,2025/7/15,6,屏東縣,屏東市,22.651007,120.461882,小客車(含客、貨兩用)-自用,0,30-39歲,女,1,0
11489,0806426780ebbf34,2025/9/4,16,臺中市,西屯區,24.183045,120.593133,小客車(含客、貨兩用)-自用,0,20-29歲,女,2,0
11490,c208f4c0591e31d2,2025/12/24,14,新竹市,東區,24.782759,120.997254,小客車(含客、貨兩用)-租賃車,0,30-39歲,女,2,0
11491,027fcf8008b3114c,2025/2/14,3,高雄市,仁武區,22.674109,120.335776,機車-普通重型,0,50-59歲,男,1,0
11492,6f49c5844beb4778,2025/11/26,22,高雄市,鳳山區,22.593642,120.331224,小客車(含客、貨兩用)-自用,0,40-49歲,女,1,0
11493,fca9cc274a6316d0,2025/8/4,11,高雄市,旗津區,22.598294,120.27987,機車-普通重型,0,50-59歲,男,1,0
11494,a1ead60c9f0b9639,2025/4/2,14,臺中市,北屯區,24.182717,120.696368,小客車(含客、貨兩用)-計程車,0,30-39歲,男,1,0
11495,8f3b959cf3df3e94,2025/3/1,9,新北市,新店區,24.968838,121.542496,人-乘客,0,50-59歲,男,1,0
11496,aa9316df2c6a99f6,2025/11/7,12,臺中市,沙鹿區,24.249138,120.568055,機車-普通重型,0,40-49歲,男,2,0
11497,32cc3ca4bdb17784,2025/1/6,17,高雄市,新興區,22.633881,120.299259,小客車(含客、貨兩用)-自用,0,19歲以下,男,1,0
11498,f508baea3f3eb818,2025/2/12,7,臺中市,北區,24.159223,120.686625,小客車(含客、貨兩用)-自用,0,60歲以上,男,1,0
11499,1f306d33831c92f5,2025/12/9,14,臺南市,新營區,23.314312,120.316588,小客車(含客、貨兩用)-自用,0,20-29歲,男,1,0
11500,b62c5c3285997320,2025/12/9,8,臺中市,南屯區,24.14963,120.651235,人-行人,0,40-49歲,男,2,0
11501,21ad8247e6eb89c0,2025/2/12,15,高雄市,橋頭區,22.7544,120.3121,小客車(含客、貨兩用)-自用,0,40-49歲,男,1,0
11502,c5d929a8b6ef4c49,2025/2/25,20,高雄市,苓雅區,22.618908,120.336353,小客車(含客、貨兩用)-自用,0,50-59歲,男,1,0
11503,6e82ff599297a99f,2025/12/15,21,新北市,泰山區,25.056078,121.432534,小客車(含客、貨兩用)-自用,0,30-39歲,男,1,0
11504,a1e4cd8ab64268ca,2025/4/6,3,新北市,板橋區,25.031605,121.465034,機車-普通重型,0,50-59歲,男,1,0
11505,184c0f2d55594d87,2025/9/25,10,彰化縣,二水鄉,23.788022,120.636456,小貨車-自用,0,60歲以上,男,1,0
11506,d36f203f01e0fae0,2025/7/18,18,嘉義市,東區,23.479794,120.451186,慢車-微型電動二輪車,0,30-39歲,女,2,0
11507,2047e83a63de6435,2025/5/13,14,高雄市,楠梓區,22.728043,120.32792,機車-普通重型,0,20-29歲,男,2,0
11508,6acf05672318ee9c,2025/12/5,13,屏東縣,東港鎮,22.467434,120.454624,大貨車-自用,0,40-49歲,女,1,0
11509,723fff332e9d833f,2025/4/16,12,花蓮縣,吉安鄉,23.982554,121.585005,小客車(含客、貨兩用)-自用,0,50-59歲,男,1,0
11510,84abdb3673501baa,2025/6/10,11,新北市,蘆洲區,25.093032,121.471509,機車-普通重型,0,50-59歲,男,1,0
11511,4acdcfc439911e8f,2025/12/9,11,臺中市,大肚區,24.120093,120.552698,機車-普通重型,0,30-39歲,男,2,0
11512,4ab1e493cbdc425b,2025/10/24,13,臺北市,士林區,25.096051,121.514223,小客車(含客、貨兩用)-自用,0,50-59歲,男,1,0
11513,70b7993b32da9fb4,2025/1/1,17,屏東縣,新園鄉,22.545354,120.462081,小客車(含客、貨兩用)-自用,0,20-29歲,男,1,0
11514,38394a4b26aa1155,2025/4/4,18,花蓮縣,花蓮市,23.970665,121.606223,小客車(含客、貨兩用)-自用,0,50-59歲,男,1,0
11515,69bb971710de0cd1,2025/7/20,15,新竹市,北區,24.80137,120.960477,機車-普通重型,0,20-29歲,男,3,0
11516,39475f3c6f45248f,2025/11/2,7,屏東縣,高樹鄉,22.849585,120.610147,未知,0,50-59歲,男,1,0
11517,4c2df8003af55dfd,2025/3/20,7,桃園市,中壢區,24.961365,121.22661,機車-普通重型,0,19歲以下,男,2,0
11518,199e1e4fe1fc2a4c,2025/6/30,17,高雄市,三民區,22.63588,120.334273,機車-普通重型,0,20-29歲,男,1,0
11519,684230953432a185,2025/7/21,17,屏東縣,屏東市,22.65889,120.505567,小客車(含客、貨兩用)-自用,0,20-29歲,男,2,0
11520,8c4725eb8eff8c30,2025/11/27,17,臺南市,東區,22.996772,120.234447,小客車(含客、貨兩用)-自用,0,30-39歲,女,1,0
11521,cf39bdb73af34ac9,2025/2/17,8,桃園市,八德區,24.95794,121.309875,小客車(含客、貨兩用)-計程車,0,30-39歲,男,1,0
11522,72edde89a1f863cf,2025/12/19,19,新竹縣,竹北市,24.799198,121.037398,機車-普通重型,0,40-49歲,女,1,0
11523,101b7ebc14479930,2025/6/27,18,新北市,中和區,24.99506,121.465992,小客車(含客、貨兩用)-自用,0,19歲以下,男,1,0
11524,b6a65791122c7d4f,2025/2/15,11,嘉義市,東區,23.516878,120.441406,小客車(含客、貨兩用)-自用,0,19歲以下,男,1,0
11525,bb40fdc373368904,2025/8/16,11,桃園市,龍潭區,24.869363,121.20508,機車-普通重型,0,20-29歲,女,2,0
11526,bbefe540f583235a,2025/12/23,13,高雄市,三民區,22.640248,120.309969,機車-普通重型,0,50-59歲,男,2,0
11527,751b514566c53c73,2025/8/14,19,高雄市,燕巢區,22.785948,120.340988,人-行人,0,40-49歲,男,2,0
11528,6cca423a3127957a,2025/9/26,21,臺中市,西屯區,24.164454,120.646454,機車-普通重型,0,40-49歲,男,1,0
11529,0cc0e4b46ec22577,2025/3/6,12,新竹市,東區,24.793698,120.969043,機車-普通重型,0,40-49歲,女,2,0
11530,d4a8b3dff3fe8442,2025/11/25,10,臺中市,大雅區,24.222202,120.599639,機車-普通重型,0,30-39歲,男,1,0
11531,ce7a4aaf44b63020,2025/2/19,19,高雄市,大寮區,22.59781,120.3989,機車-普通重型,0,40-49歲,男,2,0
11532,bdb45f5ded635f13,2025/9/26,7,臺中市,北屯區,24.173224,120.713472,小客車(含客、貨兩用)-自用,0,30-39歲,男,1,0
11533,d0890db230d74a22,2025/4/9,7,雲林縣,褒忠鄉,23.723034,120.325065,小客車(含客、貨兩用)-自用,0,40-49歲,男,2,0
11534,e6e9df3b9c42bac6,2025/7/27,22,新北市,三重區,25.050691,121.482117,機車-普通重型,0,40-49歲,男,2,0
11535,329109ce0b70dda2,2025/11/4,16,桃園市,龜山區,25.053492,121.35882,小客車(含客、貨兩用)-自用,0,20-29歲,女,1,0
11536,75e5287f2c73e5ce,2025/1/19,10,嘉義市,西區,23.472477,120.44698,機車-普通重型,0,20-29歲,男,3,0
11537,7fc2814aec322753,2025/7/25,16,宜蘭縣,冬山鄉,24.662831,121.775091,機車-普通重型,0,50-59歲,男,1,0
11538,bfd36113fd6107bb,2025/2/22,9,臺南市,東區,22.977702,120.227166,機車-普通重型,0,40-49歲,男,1,0
11539,a695f07587e1bdcc,2025/1/21,16,桃園市,大園區,25.036617,121.234207,機車-普通重型,0,40-49歲,男,1,0
11540,9eb8de77221d0020,2025/1/25,1,臺北市,萬華區,25.035902,121.491206,小客車(含客、貨兩用)-自用,0,30-39歲,男,1,0
11541,3e26321d650d07a0,2025/4/15,17,新竹縣,竹北市,24.863969,120.966682,機車-普通重型,0,40-49歲,男,1,0
11542,36c0b912e6f2e517,2025/9/16,18,桃園市,桃園區,25.015381,121.302027,慢車-腳踏自行車,0,40-49歲,男,1,0
11543,67aa4dff79e99015,2025/1/30,16,彰化縣,鹿港鎮,24.081849,120.47392,機車-普通重型,0,40-49歲,男,3,0
11544,13cd5ea51d719e9d,2025/10/17,10,彰化縣,秀水鄉,24.048902,120.494157,小貨車-自用,0,60歲以上,男,1,0
11545,755311c6606eebdb,2025/12/23,11,桃園市,觀音區,25.00987,121.140857,大貨車-自用,0,30-39歲,男,1,0
11546,a858487c45b373b8,2025/5/27,19,宜蘭縣,五結鄉,24.682975,121.825569,小客車(含客、貨兩用)-自用,0,50-59歲,男,1,0
11547,2033c492bf139c16,2025/9/17,19,高雄市,大社區,22.739531,120.348574,小客車(含客、貨兩用)-自用,0,20-29歲,男,3,0
11548,06cd020ba366d77e,2025/9/20,17,臺北市,內湖區,25.069206,121.583789,機車-普通重型,0,50-59歲,男,1,0
11549,33a9f59aa0010269,2025/4/11,16,宜蘭縣,壯圍鄉,24.779563,121.789188,小貨車-自用,0,50-59歲,男,1,0
11550,fb0e94862740f64a,2025/10/25,15,雲林縣,土庫鎮,23.676619,120.385567,小客車(含客、貨兩用)-自用,0,40-49歲,男,1,0
11551,94daf7a3010a7a50,2025/12/10,7,嘉義縣,新港鄉,23.522728,120.392398,小客車(含客、貨兩用)-自用,0,50-59歲,男,1,0
11552,cfbd04bcf650e972,2025/1/24,17,屏東縣,萬丹鄉,22.58806,120.490584,機車-普通重型,0,50-59歲,男,2,0
11553,84f67d29c8f19a8d,2025/2/1,17,高雄市,鳥松區,22.65545,120.3428,機車-普通重型,0,50-59歲,男,1,0
11554,b0fd5c2937acf6d8,2025/12/28,12,屏東縣,恆春鎮,22.006547,120.743163,機車-普通重型,0,50-59歲,男,2,0
11555,cc7fc1cb963dba8a,2025/6/20,23,桃園市,中壢區,24.964357,121.236428,小客車(含客、貨兩用)-自用,0,40-49歲,男,1,0
11556,46fe8f739ce8c2aa,2025/9/19,14,臺南市,永康區,23.007868,120.237973,機車-普通重型,0,40-49歲,男,2,0
11557,2f849ac55d06ef6a,2025/1/10,11,金門縣,金寧鄉,24.454845,118.335021,機車-普通重型,0,50-59歲,男,1,0
11558,2bdb9ea73fe6e29b,2025/7/11,16,苗栗縣,三義鄉,24.39263,120.758018,小客車(含客、貨兩用)-自用,0,40-49歲,男,1,0
11559,e57b3ec246c5c531,2025/11/28,11,桃園市,楊梅區,24.906316,121.143145,小客車(含客、貨兩用)-自用,0,60歲以上,男,1,0
11560,6f8115e8d8e764b2,2025/3/21,10,新北市,泰山區,25.041872,121.426031,小客車(含客、貨兩用)-計程車,0,30-39歲,男,1,0
11561,e84994396b0be36a,2025/4/26,12,臺北市,松山區,25.051682,121.577988,慢車-腳踏自行車,0,40-49歲,男,1,0
11562,fc8092a60e298843,2025/12/3,18,嘉義市,東區,23.471277,120.468676,機車-普通重型,0,30-39歲,男,2,0
11563,e99cd141f98288c9,2025/3/23,7,桃園市,中壢區,24.967045,121.244413,機車-普通重型,0,40-49歲,女,2,0
11564,9ffedb8f2de6bdcf,2025/10/15,11,高雄市,燕巢區,22.76572,120.3765,機車-普通重型,0,60歲以上,男,1,0
11565,ec980ffc5479a781,2025/3/2,16,臺南市,安南區,23.041776,120.21602,慢車-微型電動二輪車,0,40-49歲,男,1,0
11566,3ed1a045e595d28c,2025/9/26,17,苗栗縣,竹南鎮,24.707896,120.894389,機車-普通重型,0,40-49歲,男,1,0
11567,001d3ed3222a4ba7,2025/4/12,11,彰化縣,田中鎮,23.862409,120.593818,機車-普通重型,0,40-49歲,男,2,0
11568,8df0ed2cd97f1e9b,2025/5/3,11,臺南市,歸仁區,22.970358,120.283331,機車-普通重型,0,20-29歲,男,1,0
11569,8b52f6ac0210ad6e,2025/7/21,14,臺中市,中區,24.141475,120.680894,機車-普通重型,0,50-59歲,男,1,0
11570,563549756be6010d,2025/6/26,20,臺中市,中區,24.142684,120.68379,人-行人,0,50-59歲,男,1,0
11571,fa557068d103a5cc,2025/3/15,8,臺北市,信義區,25.03741,121.563677,機車-普通重型,0,60歲以上,男,1,0
11572,81209e4672503aab,2025/12/9,18,彰化縣,彰化市,24.06841,120.55218,小貨車-自用,0,40-49歲,男,1,0
11573,98e8732711a89068,2025/11/22,17,桃園市,楊梅區,24.900977,121.153059,小客車(含客、貨兩用)-自用,0,40-49歲,男,2,0
11574,fa926f449e778c48,2025/12/11,17,彰化縣,溪湖鎮,23.953743,120.503234,機車-普通重型,0,40-49歲,男,1,0
11575,86212e963def439b,2025/12/2,7,彰化縣,彰化市,24.084917,120.543835,機車-普通重型,0,40-49歲,女,2,0
11576,b8ce04fa2b9e83f8,2025/5/16,13,臺中市,西屯區,24.177422,120.623828,小客車(含客、貨兩用)-租賃車,0,50-59歲,男,1,0
11577,f6d27f386a70f694,2025/2/14,10,嘉義縣,義竹鄉,23.336036,120.243876,小客車(含客、貨兩用)-自用,0,50-59歲,男,1,0
11578,d715cf2504ee3046,2025/1/10,9,彰化縣,彰化市,24.068015,120.517799,小客車(含客、貨兩用)-自用,0,40-49歲,男,1,0
11579,ac3f37e6f684e3bc,2025/9/27,15,臺南市,永康區,22.999002,120.251468,機車-普通重型,0,40-49歲,男,2,0
11580,5043ff1e7d3bd59c,2025/5/18,7,高雄市,楠梓區,22.744351,120.334431,機車-普通重型,0,30-39歲,男,1,0
11581,cab6d20d80643f81,2025/5/23,21,花蓮縣,壽豐鄉,23.905765,121.539096,機車-普通重型,0,40-49歲,女,1,0
11582,89496687152912e4,2025/1/25,13,彰化縣,福興鄉,24.028802,120.413118,小客車(含客、貨兩用)-自用,0,50-59歲,男,1,0
11583,89c3965cc3e768a1,2025/10/13,7,新北市,新莊區,25.020313,121.433183,人-行人,0,50-59歲,男,2,0
11584,fafbfcb6d90c0c42,2025/2/5,0,臺南市,北區,23.020305,120.199251,小客車(含客、貨兩用)-自用,0,40-49歲,男,1,0
11585,dc66d690b09656f6,2025/1/24,8,臺南市,新營區,23.30617,120.316161,小客車(含客、貨兩用)-自用,0,30-39歲,男,1,0
11586,d763ccbb6c9aa8f6,2025/3/31,17,臺南市,中西區,22.997996,120.191409,機車-普通重型,0,40-49歲,男,1,0
11587,de42327ca59c6fb9,2025/10/13,19,新北市,永和區,25.012463,121.519488,慢車-腳踏自行車,0,20-29歲,男,2,0
11588,bfa9e429af9b16f6,2025/12/3,15,新竹市,東區,24.809849,121.003712,特種車-警備車,0,30-39歲,男,2,0
11589,a1fb1f971f798310,2025/8/7,6,雲林縣,水林鄉,23.579491,120.239306,機車-普通重型,0,30-39歲,男,1,0
11590,f54d0220c11d3124,2025/4/17,16,臺南市,永康區,23.003811,120.259013,機車-普通重型,0,40-49歲,男,2,0
11591,c9bee5643486a2c8,2025/8/30,9,新北市,土城區,24.97971,121.469013,小客車(含客、貨兩用)-自用,0,30-39歲,男,1,0
11592,1479dde4ef574650,2025/5/12,19,臺北市,內湖區,25.056876,121.581686,機車-普通重型,0,30-39歲,男,2,0
11593,a6ede1ad65e84c6f,2025/4/25,7,新北市,五股區,25.074487,121.461724,機車-普通重型,0,40-49歲,男,2,0
11594,20b7791f0aef247e,2025/2/6,10,臺北市,信義區,25.044092,121.581988,小客車(含客、貨兩用)-自用,0,30-39歲,男,1,0
11595,cc818160f90ba19c,2025/11/17,12,花蓮縣,花蓮市,23.971733,121.598968,機車-普通重型,0,60歲以上,女,1,0
11596,79e62fc1ba9e598a,2025/2/5,14,臺中市,太平區,24.116852,120.732824,小貨車-自用,0,40-49歲,男,2,0
11597,a092686b591a8b1d,2025/4/8,7,臺中市,太平區,24.153635,120.714837,小客車(含客、貨兩用)-自用,0,40-49歲,男,1,0
11598,0e04aa97d304233b,2025/6/5,10,臺中市,北區,24.163174,120.680976,機車-普通輕型,0,40-49歲,女,1,0
11599,e2db47b7bdbbd03b,2025/5/27,21,臺南市,歸仁區,23.003253,120.28403,小客車(含客、貨兩用)-自用,0,20-29歲,男,2,0
11600,4a8b3739a04c0937,2025/2/3,9,屏東縣,屏東市,22.660782,120.509777,機車-普通重型,0,40-49歲,男,2,0
11601,0d0edb328edf285e,2025/10/8,17,桃園市,八德區,24.963511,121.296223,小客車(含客、貨兩用)-自用,0,40-49歲,男,1,0
11602,d2102ecabfee9e21,2025/8/25,8,新竹市,香山區,24.798495,120.933213,小客車(含客、貨兩用)-自用,0,50-59歲,男,2,0
11603,109dbeb65c7cc614,2025/11/12,23,苗栗縣,頭份市,24.688185,120.91442,機車-普通重型,0,50-59歲,男,1,0
11604,2741e2725dbd2cdb,2025/12/25,19,新北市,五股區,25.074069,121.435302,小客車(含客、貨兩用)-自用,0,50-59歲,男,1,0
11605,11dbe6d5b5fd3f18,2025/11/1,2,高雄市,苓雅區,22.625158,120.340771,機車-普通重型,0,30-39歲,男,1,0
11606,4a49e9df8cf01b86,2025/8/15,22,高雄市,三民區,22.652449,120.318116,小客車(含客、貨兩用)-計程車,0,50-59歲,男,1,0
11607,12c646e459bdc04d,2025/2/12,7,雲林縣,斗六市,23.726344,120.537657,機車-普通重型,0,50-59歲,男,2,0
11608,0f5c76413d9d2980,2025/12/21,21,屏東縣,林邊鄉,22.468083,120.539859,未知,0,40-49歲,女,2,0
11609,fc377c2bd43107d2,2025/3/12,5,新北市,五股區,25.056761,121.442516,機車-普通重型,0,50-59歲,男,1,0
11610,4bcd517d9193bda7,2025/4/29,15,臺中市,外埔區,24.337443,120.64567,機車-普通重型,0,40-49歲,男,1,0
11611,1d242e7eb370abba,2025/7/23,16,臺南市,中西區,22.997788,120.199039,機車-普通重型,0,30-39歲,男,1,0
11612,c60719e8d5636954,2025/9/7,17,臺中市,潭子區,24.208139,120.706147,小客車(含客、貨兩用)-自用,0,20-29歲,男,1,0
11613,f4c6900930f8265b,2025/11/26,14,雲林縣,水林鄉,23.573617,120.211988,機車-普通重型,0,20-29歲,男,1,0
11614,35b5f704c466e5c0,2025/3/6,5,新北市,新莊區,25.02416,121.423086,機車-普通重型,0,60歲以上,女,1,0
11615,92401544535ff69a,2025/9/6,17,臺中市,太平區,24.142562,120.724874,小客車(含客、貨兩用)-自用,0,19歲以下,男,1,0
11616,5fbba696ac1318a8,2025/9/30,9,嘉義縣,梅山鄉,23.563826,120.605176,小客車(含客、貨兩用)-租賃車,0,50-59歲,男,1,0
11617,1b1259f0df8a9d7c,2025/10/16,9,臺中市,西屯區,24.17593,120.633868,機車-普通重型,0,30-39歲,男,1,0
11618,fcb4cd9e8d059902,2025/12/3,17,臺中市,太平區,24.110365,120.714665,小客車(含客、貨兩用)-自用,0,50-59歲,男,1,0
11619,4757a0f3ae89f9cf,2025/11/24,18,臺北市,中正區,25.039302,121.507656,小客車(含客、貨兩用)-自用,0,40-49歲,男,1,0
11620,c150a2e2dd99c818,2025/5/3,7,臺中市,烏日區,24.106656,120.604354,小客車(含客、貨兩用)-自用,0,60歲以上,男,1,0
11621,d5a7cfcb3c3d49f3,2025/9/8,11,臺北市,中山區,25.064223,121.522233,機車-普通重型,0,30-39歲,男,2,0
11622,975da75c74583784,2025/1/17,20,彰化縣,鹿港鎮,24.059611,120.436839,機車-普通重型,0,19歲以下,男,1,0
11623,6e37808a0d63b473,2025/6/4,17,新竹縣,新豐鄉,24.861677,121.011103,小客車(含客、貨兩用)-自用,0,30-39歲,男,1,0
11624,6699f313d40bb315,2025/10/12,18,臺東縣,臺東市,22.746017,121.141546,小客車(含客、貨兩用)-自用,0,50-59歲,男,1,0
11625,6081d1ead6433aa7,2025/3/28,20,屏東縣,屏東市,22.658518,120.513462,機車-普通重型,0,40-49歲,女,1,0
11626,fdfff9ee9d69eef6,2025/12/29,20,高雄市,三民區,22.63632,120.291038,慢車-微型電動二輪車,0,40-49歲,女,1,0
11627,8a2e3921043d395a,2025/9/2,12,桃園市,八德區,24.986727,121.28224,機車-普通重型,0,20-29歲,女,1,0
11628,6a3728e3da71d620,2025/2/27,8,臺南市,東區,23.001738,120.206269,慢車-微型電動二輪車,0,30-39歲,男,2,0
11629,6185a9b93073dc6b,2025/10/3,13,彰化縣,員林市,23.966487,120.578961,機車-普通重型,0,50-59歲,男,2,0
11630,d4f996cbbf38cfcc,2025/9/15,8,雲林縣,斗南鎮,23.686073,120.471334,小客車(含客、貨兩用)-自用,0,40-49歲,女,1,0
11631,129dcdec533d0309,2025/9/23,17,高雄市,鳳山區,22.629056,120.347634,機車-普通重型,0,40-49歲,男,1,0
11632,26e640de3edc31e3,2025/9/22,19,新竹市,東區,24.775871,121.0132,機車-普通重型,0,19歲以下,男,1,0
11633,eb70b7b14d554110,2025/5/29,12,高雄市,左營區,22.671766,120.286327,機車-普通重型,0,50-59歲,男,1,0
11634,0ca17fb11ff508ab,2025/10/30,18,高雄市,岡山區,22.797882,120.295208,機車-普通重型,0,40-49歲,男,2,0
11635,c3d3bd9318585f6d,2025/1/19,3,嘉義市,西區,23.477694,120.444464,小客車(含客、貨兩用)-自用,0,60歲以上,男,1,0
11636,07af915847378e00,2025/12/11,7,高雄市,岡山區,22.808199,120.256991,小客車(含客、貨兩用)-自用,0,30-39歲,男,2,0
11637,d06f206604d4618f,2025/12/28,18,嘉義市,東區,23.48652,120.453343,未知,0,30-39歲,男,1,0
11638,f67bb4b5f6e5ebf9,2025/12/24,7,高雄市,左營區,22.687033,120.292811,小客車(含客、貨兩用)-自用,0,19歲以下,男,1,0
11639,c43ae6539c0c6046,2025/7/25,7,臺南市,安南區,23.051442,120.195494,機車-普通重型,0,19歲以下,女,2,0
11640,10928863978c2e5e,2025/9/21,8,桃園市,中壢區,24.972399,121.256949,機車-普通重型,0,40-49歲,女,1,0
11641,ca28aba0712a4c69,2025/2/27,22,屏東縣,屏東市,22.670089,120.492096,小客車(含客、貨兩用)-自用,0,50-59歲,女,1,0
11642,48ffb2558835e0c9,2025/6/26,20,雲林縣,虎尾鎮,23.709587,120.431351,機車-普通重型,0,40-49歲,男,1,0
11643,2b2486b3ea66f1ce,2025/4/7,17,新北市,土城區,24.990283,121.459705,小客車(含客、貨兩用)-自用,0,40-49歲,女,1,0
11644,a324ee44e974dd77,2025/4/22,14,臺南市,北區,23.002983,120.217779,機車-普通重型,0,40-49歲,男,1,0
11645,0f29b90fd0794217,2025/11/10,20,新北市,板橋區,24.99295,121.465072,機車-普通重型,0,50-59歲,男,1,0
11646,3034301244a38dfc,2025/7/16,11,宜蘭縣,礁溪鄉,24.785074,121.766097,小貨車-自用,0,30-39歲,男,1,0
11647,a85801f07ab6bde6,2025/1/1,2,桃園市,大園區,25.065485,121.18419,機車-普通重型,0,20-29歲,男,2,0
11648,087f07f615594877,2025/3/17,18,臺南市,永康區,23.019458,120.261293,機車-普通重型,0,50-59歲,男,1,0
11649,828f2de3730e43f5,2025/3/24,19,新北市,新莊區,25.036297,121.452619,機車-普通重型,0,40-49歲,男,1,0
11650,f18c0a2e17c47fc0,2025/5/12,15,臺中市,北區,24.163032,120.676357,機車-普通重型,0,60歲以上,男,1,0
11651,a7181f1f362e12a2,2025/1/22,13,臺南市,北區,23.000071,120.212511,機車-普通重型,0,40-49歲,男,1,0
11652,b90388a01de78b95,2025/1/12,14,高雄市,楠梓區,22.710598,120.295918,小客車(含客、貨兩用)-計程車,0,30-39歲,男,2,0
11653,baed2e3ad37938f3,2025/6/13,16,新竹縣,竹北市,24.847821,121.01015,小客車(含客、貨兩用)-自用,0,40-49歲,男,1,0
11654,6156f991a8e81554,2025/8/10,14,桃園市,桃園區,25.008969,121.314901,機車-普通重型,0,20-29歲,男,1,0
11655,63c9dfd87a076745,2025/3/4,7,臺北市,內湖區,25.06706,121.61682,機車-普通重型,0,40-49歲,男,2,0
11656,42b8761f1077e215,2025/12/22,20,臺北市,大同區,25.050374,121.508336,小客車(含客、貨兩用)-自用,0,50-59歲,男,2,0
11657,832844a3b7c40237,2025/7/7,7,新北市,瑞芳區,24.851635,121.850504,機車-普通重型,0,20-29歲,女,1,0
11658,4cf6fc3a49c177bf,2025/6/3,17,臺北市,文山區,24.987751,121.552315,機車-普通輕型,0,20-29歲,男,1,0
11659,4ae655c316568aec,2025/10/10,19,新竹縣,新豐鄉,24.870544,120.995922,小客車(含客、貨兩用)-自用,0,40-49歲,男,1,0
11660,5fc9dcb3c6c1a263,2025/9/11,21,嘉義市,西區,23.48645,120.436796,機車-普通重型,0,50-59歲,男,2,0
11661,6249b857f430f031,2025/7/28,6,新北市,泰山區,25.056269,121.43616,小客車(含客、貨兩用)-自用,0,30-39歲,女,1,0
11662,8827af58e07eb96c,2025/6/28,1,桃園市,桃園區,25.020372,121.305361,機車-普通重型,0,50-59歲,男,1,0
11663,8f94b0ac3c28108b,2025/10/1,9,臺中市,西屯區,24.17291,120.642992,小客車(含客、貨兩用)-自用,0,30-39歲,男,1,0
11664,32cd38e5267e9353,2025/2/6,7,新北市,汐止區,25.072991,121.651282,小客車(含客、貨兩用)-自用,0,60歲以上,男,1,0
11665,ae9a295d9c6f24bb,2025/1/6,16,高雄市,鳳山區,22.585891,120.356321,機車-普通重型,0,50-59歲,男,2,0
11666,327080cf4bb2a017,2025/3/18,8,高雄市,苓雅區,22.631399,120.33976,機車-普通重型,0,30-39歲,男,1,0
11667,14e84e51b6679ceb,2025/3/25,12,臺南市,佳里區,23.153562,120.183419,機車-普通重型,0,40-49歲,女,1,0
11668,2263bbc85afd0eb7,2025/8/26,14,臺北市,大安區,25.024163,121.552158,小客車(含客、貨兩用)-自用,0,30-39歲,男,1,0
11669,e7d993a80f8bb2ec,2025/12/23,15,新竹市,東區,24.789231,121.005208,小客車(含客、貨兩用)-自用,0,19歲以下,女,2,0
11670,0a4f9db4098233c8,2025/7/7,20,桃園市,桃園區,25.006475,121.303687,小客車(含客、貨兩用)-自用,0,50-59歲,男,1,0
11671,0fe96399bcb903c9,2025/12/12,19,臺南市,安定區,23.093309,120.210088,小貨車-自用,0,30-39歲,男,1,0
11672,d9cb04fd8c57da19,2025/3/13,17,高雄市,岡山區,22.793078,120.302737,機車-普通重型,0,30-39歲,男,2,0
11673,1274937389dd1694,2025/6/15,20,高雄市,左營區,22.667981,120.306867,機車-普通重型,0,40-49歲,男,1,0
11674,197d96efd3ac76c5,2025/11/24,20,臺中市,龍井區,24.200752,120.564378,小客車(含客、貨兩用)-自用,0,50-59歲,男,1,0
11675,75a243a83b67cd9a,2025/6/2,15,臺北市,南港區,25.054419,121.616474,機車-普通重型,0,50-59歲,男,1,0
11676,f2b80349175c59bf,2025/12/21,16,屏東縣,屏東市,22.682548,120.489412,機車-普通重型,0,50-59歲,男,1,0
11677,97c9ac9e496f35bf,2025/9/22,14,新竹縣,湖口鄉,24.898746,121.043884,小客車(含客、貨兩用)-自用,0,60歲以上,男,1,0
11678,5757d31a3cb9758a,2025/6/26,11,嘉義市,西區,23.478837,120.446257,小客車(含客、貨兩用)-自用,0,40-49歲,男,1,0
11679,0b63b94582dbebe7,2025/8/15,16,臺中市,北屯區,24.176355,120.696734,人-行人,0,40-49歲,男,2,0
11680,36c929734376b9de,2025/3/31,17,高雄市,大社區,22.732363,120.342729,小客車(含客、貨兩用)-自用,0,40-49歲,男,1,0
11681,d0d77ef2ef20e103,2025/4/5,19,桃園市,龜山區,24.979204,121.346426,小客車(含客、貨兩用)-自用,0,30-39歲,女,1,0
11682,d903e36f0fcd5180,2025/12/18,12,臺南市,東區,22.995028,120.226538,機車-普通重型,0,50-59歲,男,1,0
11683,8f316609b73dc071,2025/6/4,18,嘉義縣,朴子市,23.462669,120.2365,慢車-腳踏自行車,0,20-29歲,男,1,0
11684,27703d7b9140cf2c,2025/9/18,11,新竹縣,竹東鎮,24.729438,121.091849,機車-普通重型,0,40-49歲,男,1,0
11685,921c7644aa98499b,2025/8/11,12,臺中市,北屯區,24.163433,120.693708,機車-普通重型,0,40-49歲,男,1,0
11686,216005c4ff6e85d1,2025/3/8,18,臺北市,松山區,25.053388,121.553779,小客車(含客、貨兩用)-自用,0,40-49歲,女,1,0
11687,808f714344e25440,2025/3/28,23,桃園市,蘆竹區,25.10094,121.26106,機車-普通重型,0,30-39歲,男,1,0
11688,936b09ee55abf55c,2025/7/5,9,新北市,土城區,24.964859,121.429898,大客車-民營客運,0,50-59歲,男,1,0
11689,40a39d76152d9a4c,2025/1/14,15,新北市,三重區,25.053163,121.468905,機車-普通重型,0,50-59歲,男,2,0
11690,f04ce98bcf428599,2025/3/12,17,臺南市,關廟區,22.961148,120.319875,小貨車-自用,0,19歲以下,男,2,0
11691,af9514b0894b1e35,2025/12/27,23,宜蘭縣,冬山鄉,24.658921,121.772864,機車-普通重型,0,50-59歲,男,1,0
11692,37798ee3eb409ef6,2025/1/15,16,臺中市,南區,24.123758,120.660395,小客車(含客、貨兩用)-自用,0,30-39歲,男,1,0
11693,72707e3ef28aadd3,2025/4/21,7,臺中市,大甲區,24.356994,120.614948,機車-普通重型,0,50-59歲,男,2,0
11694,71b5f357b0cdd5a0,2025/1/23,0,高雄市,田寮區,22.88408,120.3879,機車-普通重型,0,50-59歲,男,1,0
11695,b092d141ed327958,2025/6/27,7,新竹縣,竹東鎮,24.736949,121.087163,小客車(含客、貨兩用)-自用,0,40-49歲,女,1,0
11696,ea1462be1b120a3f,2025/1/16,21,新竹市,北區,24.810779,120.954903,機車-普通重型,0,30-39歲,男,1,0
11697,b22cf6d72ed907e9,2025/2/26,7,嘉義市,西區,23.461914,120.44445,小貨車-自用,0,40-49歲,男,2,0
11698,c0643a6f400edc29,2025/5/24,21,臺南市,南區,22.987587,120.194779,機車-普通重型,0,50-59歲,男,2,0
11699,2aaf05894a76b957,2025/6/6,16,屏東縣,屏東市,22.67468,120.500278,人-行人,0,20-29歲,男,2,0
11700,161fd8440d733877,2025/5/10,11,屏東縣,屏東市,22.676015,120.500588,小客車(含客、貨兩用)-自用,0,30-39歲,女,1,0
11701,2c9f48585fa80194,2025/7/23,17,臺南市,歸仁區,22.964624,120.290076,機車-普通重型,0,60歲以上,男,2,0
11702,bae0033058fa8e7c,2025/2/20,7,嘉義市,東區,23.482802,120.452581,機車-普通重型,0,40-49歲,男,1,0
11703,d297d0f571bef6cf,2025/1/26,13,新北市,土城區,24.962666,121.426506,小客車(含客、貨兩用)-自用,0,40-49歲,男,2,0
11704,4f6b6f2eda013a00,2025/7/14,9,臺中市,西區,24.146291,120.652164,機車-普通重型,0,30-39歲,女,2,0
11705,d74930e7e238b937,2025/6/27,10,臺南市,仁德區,22.991844,120.27221,機車-普通重型,0,40-49歲,女,1,0
11706,18ab9aad76b0d1af,2025/11/20,8,桃園市,桃園區,24.992133,121.304243,小客車(含客、貨兩用)-自用,0,30-39歲,男,1,0
11707,3503865d9d5f5b4f,2025/1/14,11,臺中市,烏日區,24.100518,120.640832,小貨車-自用,0,30-39歲,女,1,0
11708,388ffb701e38b690,2025/6/14,10,新北市,三重區,25.058415,121.497456,機車-普通重型,0,50-59歲,男,1,0
11709,d41a48b2d2949778,2025/9/5,9,花蓮縣,新城鄉,24.016058,121.610794,機車-普通輕型,0,40-49歲,男,2,0
11710,a42588bf794536c9,2025/12/18,8,高雄市,三民區,22.6493,120.3067,機車-普通重型,0,50-59歲,男,1,0
11711,334355555a3cd8ae,2025/12/19,14,彰化縣,彰化市,24.075046,120.54529,機車-普通重型,0,19歲以下,男,1,0
11712,f655383ec974b85e,2025/1/1,8,嘉義縣,阿里山鄉,23.409585,120.654431,機車-普通重型,0,30-39歲,女,1,0
11713,fb30eaca97bb4896,2025/3/11,11,高雄市,新興區,22.630857,120.307297,小客車(含客、貨兩用)-自用,0,50-59歲,男,1,0
11714,397cf92238da3c32,2025/11/5,12,新北市,新莊區,25.009526,121.481334,機車-普通重型,0,60歲以上,男,1,0
11715,782e5df19f964cb6,2025/2/11,8,臺北市,中正區,25.04774,121.52348,機車-普通重型,0,40-49歲,男,1,0
11716,8ff9f6f75e992df7,2025/7/16,19,臺北市,士林區,25.083767,121.523568,小客車(含客、貨兩用)-自用,0,30-39歲,男,1,0
11717,9378ef76ef741945,2025/10/21,21,桃園市,大溪區,24.898654,121.281781,機車-普通重型,0,40-49歲,男,1,0
11718,d981c1d603adee22,2025/4/29,17,臺南市,東區,22.989382,120.241385,小客車(含客、貨兩用)-自用,0,40-49歲,男,2,0
11719,5c1ba85dd2e8748d,2025/11/6,9,嘉義縣,太保市,23.443019,120.350947,機車-普通重型,0,40-49歲,男,1,0
11720,c1606873ce0cf07d,2025/4/11,19,臺中市,南區,24.128489,120.668918,機車-普通重型,0,50-59歲,男,3,0
11721,76ce8041afc9ea85,2025/3/24,7,臺中市,北屯區,24.191162,120.67481,小客車(含客、貨兩用)-自用,0,50-59歲,男,1,0
11722,9c0f622dd7d5fc37,2025/6/11,20,臺中市,太平區,24.133355,120.716329,機車-普通重型,0,40-49歲,男,1,0
11723,b4f7862e6e6324bb,2025/6/17,12,桃園市,蘆竹區,25.016514,121.266038,小客車(含客、貨兩用)-自用,0,19歲以下,男,1,0
11724,c808680cf0c80aee,2025/1/6,19,宜蘭縣,冬山鄉,24.66757,121.768255,機車-普通重型,0,40-49歲,女,1,0
11725,9cda3e9308693d9d,2025/3/17,12,臺中市,西屯區,24.160435,120.642831,小客車(含客、貨兩用)-自用,0,19歲以下,男,1,0
11726,c54309b997e8148d,2025/7/23,7,高雄市,岡山區,22.787986,120.284896,機車-大型重型2(250-550C.C.),0,30-39歲,女,1,0
11727,34f4a936ef6cae6d,2025/10/19,20,桃園市,龜山區,24.986162,121.330707,機車-普通重型,0,50-59歲,男,2,0
11728,2ae9088c06ef58fb,2025/10/22,9,臺中市,北區,24.152943,120.688894,小客車(含客、貨兩用)-計程車,0,30-39歲,男,1,0
11729,44b191e1bf182624,2025/12/1,18,花蓮縣,壽豐鄉,23.905147,121.530166,機車-普通重型,0,40-49歲,男,2,0
11730,a6d72d90cd187a73,2025/10/24,17,臺中市,北屯區,24.172139,120.682299,機車-普通重型,0,30-39歲,男,1,0
11731,495d3334f7fb1d89,2025/3/29,11,彰化縣,大村鄉,23.990372,120.562467,慢車-腳踏自行車,0,50-59歲,男,1,0
11732,60e724ff45372a0e,2025/11/30,16,屏東縣,屏東市,22.67378,120.492409,機車-普通重型,0,40-49歲,男,2,0
11733,32e98a677d5e57ac,2025/1/29,11,嘉義縣,布袋鎮,23.37667,120.157519,小客車(含客、貨兩用)-自用,0,30-39歲,女,3,0
11734,915984e63f80cf7e,2025/6/5,18,新竹縣,竹北市,24.854748,120.946652,小客車(含客、貨兩用)-自用,0,20-29歲,男,1,0
11735,9e27d2452eb6fb69,2025/12/5,17,新北市,淡水區,25.131566,121.458428,機車-普通重型,0,40-49歲,男,1,0
11736,26e3be20c636b7cc,2025/1/20,11,臺南市,新市,23.091107,120.286113,小客車(含客、貨兩用)-自用,0,19歲以下,男,1,0
11737,66e40b9643d22f36,2025/8/26,15,高雄市,楠梓區,22.713483,120.321177,機車-普通重型,0,40-49歲,女,1,0
11738,4c231d77bd40ebc2,2025/5/7,17,桃園市,觀音區,24.976979,121.148127,小客車(含客、貨兩用)-自用,0,60歲以上,男,1,0
11739,6f29f309e245aff7,2025/2/8,13,臺中市,北屯區,24.18421,120.692201,小貨車-自用,0,50-59歲,男,1,0
11740,0bb3f3067a618d68,2025/4/5,17,嘉義市,西區,23.486424,120.407536,小客車(含客、貨兩用)-自用,0,60歲以上,男,1,0
11741,8e5db09ecbc30f34,2025/10/9,7,臺南市,安南區,23.052319,120.221053,小貨車-租賃小貨車,0,50-59歲,男,1,0
11742,1eb81a1e26dd4dc7,2025/6/25,19,彰化縣,秀水鄉,24.005892,120.500365,機車-普通重型,0,40-49歲,女,1,0
11743,89a7f67a16214d41,2025/7/12,18,高雄市,左營區,22.668159,120.303287,小客車(含客、貨兩用)-自用,0,50-59歲,男,1,0
11744,d3a14149fb957641,2025/8/7,9,嘉義市,西區,23.473705,120.440293,機車-普通重型,0,40-49歲,男,1,0
11745,2b7ca1dcc3278ef2,2025/12/28,17,臺南市,北區,23.005499,120.205725,機車-普通重型,0,20-29歲,男,1,0
11746,57e7242a62b7e253,2025/2/15,10,嘉義市,東區,23.466285,120.46761,機車-普通重型,0,40-49歲,男,2,0
11747,d89e12cd4294ef85,2025/8/31,9,高雄市,三民區,22.664881,120.322298,小客車(含客、貨兩用)-自用,0,30-39歲,男,1,0
11748,72cb246bed95f735,2025/10/7,13,彰化縣,溪州鄉,23.853715,120.491135,全聯結車-營業用,0,40-49歲,男,1,0
11749,5e9928a2e91a1dd4,2025/9/21,21,桃園市,蘆竹區,25.008544,121.251557,機車-普通重型,0,30-39歲,男,2,0
11750,0d92412087e8bf35,2025/4/28,7,臺南市,安南區,23.023348,120.186111,機車-普通重型,0,40-49歲,男,2,0
11751,d346eac323891e07,2025/12/1,17,臺南市,麻豆區,23.189599,120.275485,機車-普通重型,0,40-49歲,男,1,0
11752,482cc20422ff6fb3,2025/2/24,17,臺中市,潭子區,24.208183,120.705003,機車-普通重型,0,40-49歲,男,1,0
11753,9f30a2d77bcee672,2025/4/27,9,高雄市,三民區,22.672177,120.329734,小客車(含客、貨兩用)-自用,0,40-49歲,男,1,0
11754,3cc9f78b3c8a1fb8,2025/10/1,16,雲林縣,北港鎮,23.578213,120.298019,機車-普通重型,0,30-39歲,男,1,0
11755,3bf18624f4d327e7,2025/3/6,8,新北市,樹林區,25.014946,121.421591,機車-普通重型,0,20-29歲,女,1,0
11756,0233f5cbf2d368b7,2025/6/23,6,臺中市,北屯區,24.18197,120.710234,機車-普通輕型,0,40-49歲,男,1,0
11757,677c3a730c5b8ea9,2025/5/1,18,新竹市,東區,24.797877,121.008298,機車-普通重型,0,30-39歲,女,1,0
11758,92c35d130310cb07,2025/11/4,21,桃園市,桃園區,24.98686,121.28216,小客車(含客、貨兩用)-自用,0,40-49歲,男,1,0
11759,cab37d516e0012e9,2025/6/19,7,彰化縣,彰化市,24.074646,120.541304,機車-普通重型,0,40-49歲,男,2,0
11760,29a8fb9e38ddf07b,2025/5/16,22,桃園市,龜山區,25.04654,121.300417,小客車(含客、貨兩用)-自用,0,20-29歲,男,1,0
11761,00279148f3a35513,2025/5/29,1,臺中市,北區,24.166922,120.682008,機車-普通重型,0,30-39歲,男,1,0
11762,8c9b2d2884b9a7de,2025/7/2,8,新北市,中和區,24.994731,121.518249,小客車(含客、貨兩用)-計程車,0,50-59歲,男,1,0
11763,d1f165bd01277f2e,2025/11/10,7,澎湖縣,馬公市,23.569041,119.576688,機車-普通重型,0,30-39歲,男,2,0
11764,bf98a953b0d113f3,2025/1/23,10,桃園市,桃園區,24.998212,121.315097,小貨車-租賃小貨車,0,30-39歲,男,1,0
11765,5b526c47dcd29b3e,2025/2/24,9,南投縣,南投市,23.907448,120.688165,機車-普通重型,0,60歲以上,男,2,0
11766,98fdd225e2107de0,2025/1/2,10,臺北市,大安區,25.035747,121.552705,小客車(含客、貨兩用)-計程車,0,40-49歲,男,1,0
11767,4fc53c42e65c22f2,2025/5/19,14,新北市,永和區,25.009159,121.51362,未知,0,40-49歲,男,1,0
11768,6cb32b2271846941,2025/4/25,12,新竹縣,竹北市,24.793098,121.053138,小客車(含客、貨兩用)-自用,0,50-59歲,男,1,0
11769,943f884057671ae8,2025/12/18,14,臺南市,中西區,23.0004,120.189755,機車-普通重型,0,30-39歲,男,2,0
11770,e4a54f13af4561f3,2025/1/11,10,彰化縣,伸港鄉,24.15656,120.503512,機車-普通重型,0,60歲以上,男,1,0
11771,461edb3ee0481428,2025/11/28,21,臺中市,龍井區,24.176878,120.582149,機車-普通重型,0,40-49歲,男,1,0
11772,bb2ae806baf7a4a2,2025/7/7,8,桃園市,平鎮,24.929602,121.205396,機車-普通重型,0,19歲以下,男,1,0
11773,176d7b63e466295a,2025/5/23,18,高雄市,鳳山區,22.59455,120.3605,機車-普通重型,0,20-29歲,男,2,0
11774,a505aa9f5cc3211a,2025/11/16,10,花蓮縣,新城鄉,24.039763,121.603343,小客車(含客、貨兩用)-自用,0,50-59歲,男,1,0
11775,cb05aaa333a6d86f,2025/12/21,16,雲林縣,虎尾鎮,23.720982,120.422969,機車-普通重型,0,40-49歲,男,1,0
11776,233358efb2a7b286,2025/2/6,15,屏東縣,三地門鄉,22.741564,120.681949,機車-普通重型,0,50-59歲,男,1,0
11777,c2a2523d31138016,2025/3/22,8,臺北市,信義區,25.040371,121.571886,小客車(含客、貨兩用)-自用,0,30-39歲,男,1,0
11778,238105b5c0a1f461,2025/4/26,13,新北市,泰山區,25.062688,121.439201,小客車(含客、貨兩用)-自用,0,40-49歲,女,1,0
11779,f1cbb6d6caf497b5,2025/9/6,13,臺中市,西屯區,24.175807,120.668616,小客車(含客、貨兩用)-自用,0,50-59歲,男,2,0
11780,ef3fd5827f9e2df3,2025/10/2,15,高雄市,鳳山區,22.63527,120.362576,小客車(含客、貨兩用)-自用,0,40-49歲,男,2,0
11781,57d0d7265428c1ae,2025/3/7,10,新北市,淡水區,25.170353,121.444659,機車-普通重型,0,30-39歲,女,2,0
11782,2fb49efc02ff87ed,2025/6/10,19,高雄市,鳥松區,22.663172,120.363411,機車-普通重型,0,20-29歲,男,1,0
11783,9d27ec318c776ee2,2025/7/24,12,臺北市,文山區,24.985739,121.579688,小客車(含客、貨兩用)-自用,0,60歲以上,男,1,0
11784,4de03082c65f25ee,2025/11/19,9,宜蘭縣,冬山鄉,24.67027,121.750247,人-行人,0,50-59歲,男,1,0
11785,b96cc3af1db6cc08,2025/12/11,7,彰化縣,和美鎮,24.101452,120.521355,機車-普通重型,0,50-59歲,女,2,0
11786,c65b701f2e732e43,2025/1/28,10,新北市,三峽區,24.937896,121.369143,機車-普通重型,0,60歲以上,男,1,0
11787,c49bea7578cbc8b6,2025/9/4,1,臺南市,東區,22.997793,120.234497,機車-普通重型,0,30-39歲,女,1,0
11788,ccdd55cafe0046d6,2025/2/17,7,彰化縣,田尾鄉,23.906878,120.509047,機車-普通重型,0,30-39歲,男,1,0
11789,39378c79b19894f2,2025/3/27,0,花蓮縣,花蓮市,23.983105,121.607019,機車-普通重型,0,30-39歲,男,2,0
11790,b1b9a81f1bb4c7c9,2025/8/1,8,彰化縣,彰化市,24.086606,120.52502,小客車(含客、貨兩用)-自用,0,40-49歲,男,1,0
11791,86b0f1f9022d2e5b,2025/8/11,9,桃園市,桃園區,24.985783,121.316732,小客車(含客、貨兩用)-自用,0,40-49歲,男,1,0
11792,a03bccdc3fd5690f,2025/1/6,8,新竹市,香山區,24.757738,120.948786,小客車(含客、貨兩用)-自用,0,60歲以上,女,1,0
11793,865c0c01c1470a9b,2025/7/27,22,臺中市,南屯區,24.137679,120.639306,機車-普通重型,0,30-39歲,男,1,0
11794,746450afb03e916a,2025/9/10,19,臺南市,柳營區,23.288322,120.325837,機車-普通重型,0,30-39歲,女,2,0
11795,878ac2b281eb05bd,2025/12/13,10,彰化縣,鹿港鎮,24.061595,120.410576,大貨車-自用,0,50-59歲,男,3,0
11796,8cdbbbc4ec1c7f8d,2025/10/10,16,新北市,八里區,25.15017,121.400208,小客車(含客、貨兩用)-自用,0,60歲以上,男,2,0
11797,11fbc205c6bd42f2,2025/9/2,14,臺北市,中山區,25.058142,121.525047,小客車(含客、貨兩用)-自用,0,40-49歲,女,1,0
11798,6c915b18d3517a60,2025/9/24,8,臺南市,仁德區,22.99114,120.250347,小貨車-自用,0,40-49歲,男,1,0
11799,ef429ce6357e4c04,2025/10/23,15,臺北市,北投區,25.106756,121.511589,小客車(含客、貨兩用)-自用,0,20-29歲,男,2,0
11800,38d4d5223e23389a,2025/6/12,11,彰化縣,二林鎮,23.897716,120.369296,曳引車-營業用,0,40-49歲,男,1,0
11801,513497e08359cd70,2025/6/8,16,嘉義市,東區,23.5161,120.4433,小客車(含客、貨兩用)-自用,0,30-39歲,男,1,0
11802,c3f09d53459e84be,2025/6/15,13,新北市,三峽區,24.931594,121.362257,機車-大型重型1(550C.C.以上),0,40-49歲,男,2,0
11803,463f1a7b57f7731b,2025/2/14,13,嘉義縣,六腳鄉,23.493155,120.29192,小貨車-自用,0,19歲以下,男,1,0
11804,d28e5b7d240acf4f,2025/11/19,11,雲林縣,土庫鎮,23.681405,120.372694,小貨車-自用,0,50-59歲,男,1,0
11805,abaaac7e6a90d755,2025/8/14,16,臺中市,大甲區,24.345248,120.629618,小客車(含客、貨兩用)-自用,0,50-59歲,男,1,0
11806,9232a5a5a28b8286,2025/1/5,17,桃園市,平鎮,24.903601,121.227319,機車-普通重型,0,60歲以上,男,2,0
11807,aefb81c6f00d8310,2025/8/18,13,宜蘭縣,羅東鎮,24.674831,121.776668,機車-普通重型,0,50-59歲,男,1,0
11808,6551fe0896154976,2025/9/8,8,桃園市,龜山區,25.05821,121.365834,機車-普通重型,0,50-59歲,男,1,0
11809,59ab94b84f1f62d1,2025/5/18,19,宜蘭縣,冬山鄉,24.662457,121.787194,小客車(含客、貨兩用)-自用,0,50-59歲,男,1,0
11810,93d137d845106cb0,2025/1/5,10,臺南市,南區,22.981388,120.191623,慢車-微型電動二輪車,0,30-39歲,女,1,0
11811,8796bd6fa13ea1f8,2025/8/3,9,嘉義市,西區,23.483623,120.413806,機車-普通重型,0,60歲以上,男,1,0
11812,3f1c63397a3d0a83,2025/4/4,8,宜蘭縣,宜蘭市,24.754643,121.753111,機車-普通重型,0,50-59歲,男,1,0
11813,b0c9d8675112d0e5,2025/3/20,9,彰化縣,彰化市,24.058302,120.545973,機車-普通重型,0,50-59歲,男,1,0
11814,5d6491abde5bbbff,2025/2/26,22,桃園市,蘆竹區,25.012963,121.261863,小客車(含客、貨兩用)-自用,0,40-49歲,男,1,0
11815,8f24dc1f4d55fb6a,2025/6/9,14,臺中市,西區,24.14209,120.66718,機車-普通重型,0,50-59歲,男,3,0
11816,185d7366ba1c4949,2025/1/20,7,新竹縣,竹北市,24.804025,121.041187,小客車(含客、貨兩用)-自用,0,50-59歲,男,1,0
11817,56a8c54a2b5e2973,2025/9/11,8,臺中市,北屯區,24.169708,120.722536,小客車(含客、貨兩用)-自用,0,30-39歲,男,1,0
11818,8d86cc1b83661775,2025/8/2,11,桃園市,大溪區,24.865477,121.286029,小客車(含客、貨兩用)-自用,0,40-49歲,男,1,0
11819,3843da6c88fd2cde,2025/9/18,8,新北市,板橋區,25.009439,121.481414,機車-普通重型,0,19歲以下,男,2,0
11820,e68d8550af43708a,2025/9/19,7,臺中市,西區,24.162347,120.661724,機車-普通重型,0,40-49歲,男,2,0
11821,01290c0fcde88176,2025/2/16,11,苗栗縣,公館鄉,24.501273,120.8272,小客車(含客、貨兩用)-自用,0,50-59歲,男,1,0
11822,5380541c55191c15,2025/6/18,22,新北市,土城區,24.965708,121.435462,機車-普通重型,0,50-59歲,男,1,0
11823,f3f916093097d00d,2025/4/22,17,臺中市,大肚區,24.146647,120.551179,機車-普通重型,0,30-39歲,男,2,0
11824,24ed16f7e737d0cd,2025/8/15,7,臺南市,仁德區,22.970843,120.25238,機車-普通重型,0,40-49歲,男,1,0
11825,66c9c8a7b0009c6c,2025/2/23,9,高雄市,左營區,22.68973,120.299389,機車-普通重型,0,40-49歲,男,1,0
11826,2590b48eb949f3a0,2025/11/1,10,臺南市,歸仁區,23.004899,120.289318,小客車(含客、貨兩用)-自用,0,30-39歲,女,1,0
11827,321e64d3d638f718,2025/6/5,7,高雄市,三民區,22.640842,120.310193,機車-普通重型,0,30-39歲,男,1,0
11828,941dcc0b543f24b0,2025/12/18,18,臺南市,永康區,23.007059,120.268041,機車-普通重型,0,30-39歲,女,1,0
11829,852ea7c7fdb40224,2025/6/2,7,雲林縣,北港鎮,23.603185,120.305617,機車-普通重型,0,50-59歲,女,2,0
11830,700cbd79d8e5ac99,2025/7/23,9,臺南市,北區,23.002954,120.22252,小客車(含客、貨兩用)-自用,0,30-39歲,女,1,0
11831,d110f078d4a9509c,2025/11/20,7,臺南市,學甲區,23.232861,120.180639,人-輔助代步器材,0,20-29歲,男,2,0
11832,9ca0a358925e60b1,2025/4/10,22,臺南市,新營區,23.299947,120.305351,小客車(含客、貨兩用)-自用,0,50-59歲,男,1,0
11833,ca791f3619b71386,2025/2/7,18,苗栗縣,竹南鎮,24.705624,120.902315,小客車(含客、貨兩用)-自用,0,40-49歲,男,1,0
11834,5eef8db9ea50cec2,2025/8/15,17,臺中市,大里區,24.083414,120.706255,機車-普通重型,0,40-49歲,男,2,0
11835,89ef839e7f0f2e5a,2025/5/29,8,臺南市,南區,22.964294,120.182518,機車-普通重型,0,50-59歲,男,2,0
11836,3d343e24a748ae90,2025/12/25,17,嘉義市,西區,23.47205,120.442093,機車-普通重型,0,40-49歲,女,1,0
11837,872c4a47a48bbe25,2025/8/18,18,高雄市,三民區,22.648964,120.331769,機車-普通重型,0,40-49歲,女,2,0
11838,bb1e6d8aa66f1345,2025/1/17,12,彰化縣,員林市,23.969484,120.579249,機車-普通重型,0,50-59歲,女,2,0
11839,8a1ddb8dad66c62b,2025/1/24,16,新北市,中和區,25.00367,121.496319,機車-普通重型,0,40-49歲,男,1,0
11840,c2e2de5a6f3e0a61,2025/6/13,0,新北市,三重區,25.046352,121.472979,機車-普通重型,0,40-49歲,男,1,0
11841,4bc0d529a1ed7861,2025/2/9,16,新北市,淡水區,25.180581,121.436326,小客車(含客、貨兩用)-自用,0,30-39歲,男,1,0
11842,e3f8a05ca08dc2d5,2025/12/3,23,新北市,板橋區,25.009269,121.481318,小客車(含客、貨兩用)-自用,0,50-59歲,男,1,0
11843,8a7b728410a0d75d,2025/3/31,8,臺中市,西區,24.132177,120.667115,機車-普通重型,0,30-39歲,男,2,0
11844,a55c0c6df7df8753,2025/1/2,13,高雄市,大社區,22.725081,120.360309,機車-普通重型,0,60歲以上,男,2,0
11845,31a7f32f77b2ec72,2025/3/27,16,臺中市,神岡區,24.266068,120.69628,機車-普通重型,0,40-49歲,女,1,0
11846,8a7c38d8218e7e08,2025/1/18,6,新北市,三重區,25.070388,121.494862,機車-普通重型,0,50-59歲,男,1,0
11847,e5eab057ae5fc4c8,2025/2/3,8,花蓮縣,壽豐鄉,23.891077,121.590269,小客車(含客、貨兩用)-自用,0,60歲以上,男,1,0
11848,f91dddc594fa27e2,2025/8/3,18,桃園市,桃園區,24.99138,121.297765,機車-普通重型,0,40-49歲,男,1,0
11849,8c26f2a3065e6b42,2025/1/16,7,新竹市,東區,24.780485,120.967275,小客車(含客、貨兩用)-自用,0,30-39歲,男,2,0
11850,721dec21a818769e,2025/5/10,15,新北市,中和區,24.991245,121.507656,小客車(含客、貨兩用)-計程車,0,50-59歲,男,1,0
11851,0e7ba8b663ba8871,2025/11/1,13,臺中市,南屯區,24.139371,120.632768,機車-普通輕型,0,40-49歲,女,1,0
11852,593f6d8b4cc66f7f,2025/9/26,15,新北市,新莊區,25.008962,121.480529,機車-普通重型,0,40-49歲,男,2,0
11853,ae70eb9d2221ff19,2025/1/24,23,新竹縣,新豐鄉,24.882156,120.986854,機車-普通重型,0,30-39歲,男,1,0
11854,2494da6f40b8ecc4,2025/12/5,7,嘉義市,東區,23.4836,120.477,小客車(含客、貨兩用)-自用,0,50-59歲,男,1,0
11855,b6fe302d9dd7b283,2025/2/13,17,宜蘭縣,宜蘭市,24.748693,121.754449,未知,0,40-49歲,男,1,0
11856,00fc0af1dffe476f,2025/9/24,18,臺北市,信義區,25.040257,121.569809,機車-普通重型,0,50-59歲,男,1,0
11857,326761cf1c1f36ca,2025/11/7,7,嘉義縣,太保市,23.455787,120.294988,小客車(含客、貨兩用)-自用,0,50-59歲,男,1,0
11858,07eae51ca3ad4a2f,2025/6/18,7,臺中市,沙鹿區,24.217461,120.550393,小貨車-自用,0,20-29歲,男,1,0
11859,83b1e32da25cff2f,2025/10/15,18,桃園市,中壢區,24.955644,121.264439,機車-普通重型,0,50-59歲,男,2,0
11860,b0abd17c8cff8e92,2025/4/15,13,桃園市,八德區,24.933152,121.300371,大貨車-自用,0,60歲以上,男,1,0
11861,bb4b026b1014b77b,2025/4/4,10,臺南市,安平區,22.990396,120.177932,小客車(含客、貨兩用)-自用,0,30-39歲,男,1,0
11862,69e7e1f079c8e777,2025/1/21,8,苗栗縣,大湖鄉,24.395867,120.860871,機車-普通重型,0,50-59歲,男,1,0
11863,647b0e0fe7b48e88,2025/5/11,18,臺中市,南屯區,24.152325,120.651377,小客車(含客、貨兩用)-自用,0,20-29歲,男,1,0
11864,11175c96a791b6de,2025/6/19,6,嘉義縣,竹崎鄉,23.486269,120.550423,小貨車-自用,0,19歲以下,男,1,0
11865,c6a7494a0be7bd8e,2025/10/15,17,臺中市,梧棲區,24.249869,120.535996,小客車(含客、貨兩用)-自用,0,30-39歲,男,1,0
11866,fcad422cdd730cb0,2025/9/4,17,臺南市,安定區,23.080734,120.229914,人-輔助代步器材,0,40-49歲,男,2,0
11867,9311fa09a683fc44,2025/9/2,12,臺北市,大同區,25.050228,121.516798,小客車(含客、貨兩用)-自用,0,50-59歲,男,1,0
11868,f65ec090bee033c9,2025/5/2,8,臺中市,清水區,24.260683,120.566449,小客車(含客、貨兩用)-自用,0,30-39歲,男,1,0
11869,802455197cd7fdb5,2025/7/24,15,高雄市,左營區,22.68801,120.3056,機車-普通重型,0,40-49歲,女,2,0
11870,7e4a1bc1c5a2bec3,2025/12/28,7,嘉義縣,朴子市,23.457794,120.259257,小客車(含客、貨兩用)-自用,0,50-59歲,男,1,0
11871,ffd22259b5f1e28c,2025/7/11,10,新竹市,東區,24.800119,121.004013,小客車(含客、貨兩用)-自用,0,40-49歲,女,1,0
11872,6ce76fccb37794af,2025/8/5,18,高雄市,鳳山區,22.63101,120.3679,機車-普通重型,0,40-49歲,男,1,0
11873,7e5ab990a5db07c6,2025/9/27,8,臺南市,新營區,23.309756,120.335446,小貨車-自用,0,30-39歲,男,1,0
11874,24e74945c9a6bf53,2025/1/30,13,臺北市,文山區,25.000928,121.536623,機車-普通重型,0,40-49歲,男,2,0
11875,19f863f70258132f,2025/7/13,12,臺北市,大安區,25.021589,121.541858,機車-普通重型,0,50-59歲,男,2,0
11876,49023ad28f633708,2025/1/23,18,高雄市,楠梓區,22.709742,120.292843,小客車(含客、貨兩用)-自用,0,20-29歲,女,1,0
11877,6cae386011d5659c,2025/9/23,8,臺中市,西屯區,24.197794,120.651812,機車-普通重型,0,30-39歲,男,1,0
11878,9f61d88e4519b359,2025/12/16,17,高雄市,岡山區,22.816064,120.274927,小客車(含客、貨兩用)-自用,0,50-59歲,男,1,0
11879,818e44f88912bae9,2025/4/7,6,臺南市,歸仁區,22.965139,120.283141,機車-普通重型,0,40-49歲,男,2,0
11880,5fb46349a55b2ae2,2025/9/9,18,嘉義市,西區,23.479314,120.443004,慢車-腳踏自行車,0,19歲以下,男,2,0
11881,ac5173df12b439e3,2025/12/3,14,臺中市,南屯區,24.153198,120.616052,機車-普通重型,0,50-59歲,男,1,0
11882,58cc935d5d43775a,2025/6/10,10,新北市,土城區,24.989384,121.470289,小客車(含客、貨兩用)-自用,0,60歲以上,男,1,0
11883,c12acd700a1a15e3,2025/12/15,21,新北市,五股區,25.087154,121.444073,機車-普通重型,0,50-59歲,男,2,0
11884,2e137235de7ce656,2025/11/26,9,桃園市,八德區,24.924743,121.296235,機車-普通重型,0,40-49歲,男,1,0
11885,ceaaf37cc27bf1b1,2025/5/10,19,彰化縣,和美鎮,24.116954,120.502888,機車-普通重型,0,40-49歲,男,1,0
11886,a1787b5aa5912a85,2025/2/28,17,基隆市,信義區,25.1331,121.766215,機車-普通重型,0,50-59歲,男,1,0
11887,3cf0bcb0f3360dae,2025/12/30,8,臺中市,烏日區,24.106547,120.6145,機車-普通重型,0,20-29歲,男,1,0
11888,77c79d33b32fff77,2025/11/13,8,臺南市,佳里區,23.164708,120.177997,機車-普通重型,0,50-59歲,男,2,0
11889,31048f3ac67c2a78,2025/10/6,15,彰化縣,鹿港鎮,24.092083,120.47623,機車-大型重型2(250-550C.C.),0,40-49歲,男,4,0
11890,f0388365b9bb506e,2025/1/18,19,苗栗縣,竹南鎮,24.676724,120.843181,小客車(含客、貨兩用)-自用,0,30-39歲,男,2,0
11891,9581d3ad1de5006b,2025/11/1,15,南投縣,南投市,23.909242,120.68566,機車-普通重型,0,50-59歲,男,2,0
11892,1eddf31c29d5c191,2025/4/3,11,臺南市,安南區,23.025555,120.201379,機車-普通重型,0,30-39歲,男,1,0
11893,0be4d7cd2bf36aae,2025/12/10,16,新北市,中和區,24.999959,121.511039,小客車(含客、貨兩用)-自用,0,50-59歲,男,1,0
11894,f7db8137dc5ca954,2025/5/16,8,新北市,樹林區,24.987903,121.421438,小客車(含客、貨兩用)-自用,0,20-29歲,男,1,0
11895,1494b7fa9f2dd9a8,2025/4/4,11,臺中市,西區,24.146699,120.663096,小客車(含客、貨兩用)-自用,0,40-49歲,男,1,0
11896,98cd64150f01b67b,2025/12/19,19,臺南市,安平區,22.993626,120.175434,慢車-腳踏自行車,0,20-29歲,男,1,0
11897,7a28a8487ea53ab0,2025/1/24,14,基隆市,中正區,25.144312,121.767207,人-行人,0,40-49歲,男,2,0
11898,c51b269deef4295d,2025/6/18,20,桃園市,八德區,24.974664,121.302198,小客車(含客、貨兩用)-自用,0,40-49歲,女,1,0
11899,79f6b981150cec52,2025/4/9,11,臺中市,大里區,24.111538,120.705839,小貨車-營業用,0,50-59歲,男,1,0
11900,39021d8c98b6ae96,2025/8/12,7,新竹縣,竹東鎮,24.783936,121.05356,機車-普通重型,0,40-49歲,男,2,0
11901,16fd00b3af95695b,2025/8/26,19,新竹市,北區,24.810621,120.957707,小客車(含客、貨兩用)-自用,0,20-29歲,女,1,0
11902,91d010e0714bf281,2025/8/25,20,新竹縣,竹北市,24.820081,121.021891,機車-普通重型,0,60歲以上,男,1,0
11903,c8dba297ebabb058,2025/2/11,17,桃園市,中壢區,25.015738,121.219806,小貨車-自用,0,60歲以上,男,4,0
11904,984e439540421afc,2025/12/22,21,高雄市,前金區,22.63159,120.2973,小客車(含客、貨兩用)-自用,0,40-49歲,男,1,0
11905,7e31cf9a17512d6b,2025/8/24,10,宜蘭縣,壯圍鄉,24.731993,121.787106,機車-普通重型,0,50-59歲,男,1,0
11906,ce5ae127f8cfa3fc,2025/11/13,15,宜蘭縣,頭城鎮,24.82919,121.801763,小貨車-自用,0,60歲以上,男,1,0
11907,d5776301bec23f6f,2025/12/12,20,新北市,樹林區,24.988783,121.41746,機車-普通重型,0,40-49歲,男,2,0
11908,77cb16b2a65c09bf,2025/7/21,17,臺南市,永康區,23.018777,120.22574,機車-普通重型,0,40-49歲,男,1,0
11909,7e203b18c733a05b,2025/2/3,11,臺南市,佳里區,23.163113,120.178229,慢車-微型電動二輪車,0,50-59歲,男,2,0
11910,9216fba267bc8998,2025/7/2,17,臺北市,大同區,25.062808,121.518012,機車-普通重型,0,50-59歲,男,1,0
11911,fbd2a1887bc0c1f5,2025/7/2,17,桃園市,中壢區,24.947294,121.245684,機車-普通重型,0,60歲以上,男,1,0
11912,bca1c5d4ac3d9434,2025/5/23,20,彰化縣,員林市,23.96275,120.560723,機車-普通重型,0,30-39歲,男,2,0
11913,07bba9f7162d14b0,2025/8/20,8,臺中市,南區,24.117514,120.656599,機車-普通重型,0,50-59歲,男,1,0
11914,552173ebf0d60184,2025/6/27,11,臺南市,北區,23.00215,120.224607,機車-普通重型,0,50-59歲,男,1,0
11915,74422bf901e6c747,2025/7/15,9,新北市,泰山區,25.059796,121.432001,小客車(含客、貨兩用)-自用,0,30-39歲,男,1,0
11916,f91eb35720f3fefb,2025/6/27,16,臺中市,大甲區,24.355779,120.627152,機車-普通重型,0,60歲以上,男,1,0
11917,36428dfa497a4d03,2025/9/3,17,嘉義市,西區,23.485978,120.417376,機車-普通重型,0,30-39歲,男,1,0
11918,a6e72f6c41fd41f1,2025/10/7,15,新北市,板橋區,25.009356,121.480899,機車-普通重型,0,20-29歲,男,2,0
11919,f2aa7da37d4809e5,2025/4/23,17,臺中市,中區,24.145842,120.678476,機車-普通重型,0,50-59歲,男,2,0
11920,652127e293ae56ee,2025/4/23,18,彰化縣,彰化市,24.085542,120.543444,機車-普通重型,0,50-59歲,男,2,0
11921,caf3a44094664448,2025/12/23,7,臺南市,仁德區,22.970501,120.251729,機車-普通重型,0,50-59歲,男,1,0
11922,17d606f1742fa64c,2025/12/11,8,高雄市,橋頭區,22.745103,120.318611,小客車(含客、貨兩用)-自用,0,50-59歲,女,1,0
11923,b7cb2a0868b79ddd,2025/12/14,7,臺南市,善化區,23.11756,120.27377,小貨車-自用,0,30-39歲,女,1,0
11924,fb89d3556bf14cb3,2025/8/15,13,宜蘭縣,羅東鎮,24.67548,121.763477,機車-普通重型,0,40-49歲,男,2,0
11925,9dac48dd4301fa4f,2025/10/15,8,桃園市,龍潭區,24.870486,121.222447,小客車(含客、貨兩用)-自用,0,40-49歲,女,2,0
11926,7bde11bfdf6f11bd,2025/12/22,16,嘉義縣,梅山鄉,23.550607,120.550004,機車-普通重型,0,40-49歲,男,1,0
11927,b9638a63d5cf2eab,2025/4/2,18,臺中市,豐原區,24.254248,120.722954,小客車(含客、貨兩用)-自用,0,30-39歲,男,1,0
11928,15e32de91d562c83,2025/11/27,11,臺南市,下營區,23.229291,120.26858,小客車(含客、貨兩用)-自用,0,40-49歲,女,2,0
11929,76abe0f0696515fb,2025/11/12,16,嘉義縣,中埔鄉,23.448837,120.458954,機車-普通重型,0,60歲以上,女,1,0
11930,70a412405a15ae85,2025/2/26,12,臺南市,永康區,22.998568,120.239942,小客車(含客、貨兩用)-自用,0,40-49歲,男,1,0
11931,eaf3dbd98dffae39,2025/2/13,14,臺北市,文山區,24.987827,121.552596,機車-普通重型,0,60歲以上,男,2,0
11932,4f6ba202f85d186b,2025/6/5,11,高雄市,前鎮,22.601353,120.32592,機車-普通重型,0,50-59歲,男,3,0
11933,6aa9ea11c95c8b67,2025/12/25,16,臺中市,北屯區,24.185316,120.663539,小客車(含客、貨兩用)-自用,0,40-49歲,男,1,0
11934,5df1bb141de0d860,2025/7/2,17,臺中市,大里區,24.081867,120.718862,機車-普通重型,0,40-49歲,男,2,0
11935,a53e01531b1c310e,2025/4/7,8,臺中市,豐原區,24.24881,120.699346,機車-普通重型,0,30-39歲,男,1,0
11936,08f4e36781b9d159,2025/1/20,9,臺中市,西屯區,24.208667,120.651116,小客車(含客、貨兩用)-自用,0,30-39歲,男,1,0
11937,918065f101f91b4e,2025/5/13,15,臺中市,清水區,24.263853,120.563091,機車-普通重型,0,50-59歲,男,1,0
11938,7dd6ccd292d3fece,2025/2/7,16,嘉義縣,新港鄉,23.522157,120.385389,機車-普通重型,0,20-29歲,男,2,0
11939,ff800e0aa7e7ca42,2025/1/17,19,高雄市,三民區,22.644211,120.332096,小客車(含客、貨兩用)-自用,0,50-59歲,男,1,0
11940,cf0cd3da4b85fc3a,2025/10/7,15,臺北市,內湖區,25.081466,121.580248,機車-普通重型,0,40-49歲,男,2,0
11941,508b012ec069d6e1,2025/2/27,12,彰化縣,溪湖鎮,23.941834,120.50426,小貨車-自用,0,40-49歲,男,1,0
11942,854802780d1e13c0,2025/12/29,7,臺中市,豐原區,24.268519,120.720898,機車-普通重型,0,50-59歲,男,1,0
11943,873c6165c18aa735,2025/7/5,17,新北市,淡水區,25.162024,121.454976,機車-普通重型,0,50-59歲,男,1,0
11944,9a3d9d90fc9b7ac0,2025/4/14,8,桃園市,龜山區,25.050848,121.359411,小客車(含客、貨兩用)-自用,0,40-49歲,男,2,0
11945,b302bb521a9ab6eb,2025/10/16,9,高雄市,小港區,22.526043,120.346894,小客車(含客、貨兩用)-自用,0,20-29歲,男,1,0
11946,654aab7a3daf90e9,2025/7/26,10,臺中市,北屯區,24.168753,120.690674,機車-普通重型,0,20-29歲,男,2,0
11947,69287dfdcb128d3e,2025/7/29,14,新北市,中和區,25.009531,121.481255,機車-普通重型,0,50-59歲,男,1,0
11948,99f1610dd9c830e1,2025/5/27,10,新北市,中和區,24.997401,121.483818,小客車(含客、貨兩用)-自用,0,60歲以上,男,1,0
11949,d04cda56b273eabb,2025/11/17,18,宜蘭縣,頭城鎮,24.856678,121.820563,慢車-電動輔助自行車,0,50-59歲,女,3,0
11950,8822a4f6020f2391,2025/1/15,17,彰化縣,彰化市,24.096143,120.555342,慢車-腳踏自行車,0,50-59歲,男,1,0
11951,45d6f7296996f03b,2025/7/11,7,臺南市,永康區,23.050477,120.240081,機車-普通重型,0,40-49歲,男,1,0
11952,89443953bf9db818,2025/8/22,7,桃園市,中壢區,24.959268,121.218144,機車-普通重型,0,50-59歲,男,1,0
11953,4889cde3b67beecc,2025/11/16,11,南投縣,草屯鎮,23.978432,120.682973,機車-普通重型,0,60歲以上,男,1,0
11954,1b5ebefef4f6947b,2025/8/25,12,高雄市,仁武區,22.675489,120.350168,小客車(含客、貨兩用)-自用,0,50-59歲,男,1,0
11955,ad16936f1c3bd486,2025/3/21,17,新北市,新店區,24.973916,121.520838,小貨車-營業用,0,50-59歲,男,1,0
11956,e298f891db3c3ee8,2025/3/18,17,臺中市,南屯區,24.146888,120.641583,機車-普通重型,0,40-49歲,男,1,0
11957,1dc7af9858811ac0,2025/1/12,13,新北市,淡水區,25.17058,121.450352,機車-普通重型,0,40-49歲,男,1,0
11958,5877e3a646a6d453,2025/12/9,12,臺中市,西屯區,24.19106,120.616491,機車-普通重型,0,20-29歲,男,1,0
11959,ad5107f6cbca1346,2025/1/23,9,桃園市,楊梅區,24.902521,121.150163,未知,0,40-49歲,男,1,0
11960,cfd3fc7e17f74428,2025/4/17,11,嘉義縣,水上鄉,23.435144,120.399787,機車-普通重型,0,50-59歲,男,2,0
11961,8bfc2fd67e346e40,2025/10/5,18,臺北市,北投區,25.134899,121.495744,機車-普通輕型,0,30-39歲,男,3,0
11962,494caccf725644ab,2025/8/29,7,臺北市,大同區,25.074627,121.513947,機車-普通重型,0,20-29歲,女,2,0
11963,6a115beae7bcb8c8,2025/5/14,9,臺南市,永康區,22.998524,120.248489,機車-普通重型,0,40-49歲,男,2,0
11964,1d5677bf87772e85,2025/4/14,20,苗栗縣,苗栗市,24.558237,120.824531,機車-普通重型,0,50-59歲,男,2,0
11965,439dc9f23f242e70,2025/2/26,11,彰化縣,伸港鄉,24.177583,120.49959,小貨車-自用,0,40-49歲,男,1,0
11966,1d6e4fadff35c6ae,2025/2/20,19,高雄市,三民區,22.63758,120.2902,人-行人,0,20-29歲,男,2,0
11967,eacb739f3c1e1d30,2025/10/27,13,臺東縣,臺東市,22.755192,121.154068,機車-普通重型,0,30-39歲,男,1,0
11968,d4fa7105433bab9b,2025/5/1,10,新北市,蘆洲區,25.082647,121.460113,小客車(含客、貨兩用)-自用,0,20-29歲,男,1,0
11969,ca4e69532af10b81,2025/3/15,14,桃園市,龜山區,25.001811,121.341565,小客車(含客、貨兩用)-自用,0,60歲以上,男,1,0
11970,ef96d25083b61348,2025/5/29,21,臺中市,霧峰區,24.065137,120.696982,小客車(含客、貨兩用)-自用,0,40-49歲,女,1,0
11971,ed5f95f24db32fcf,2025/4/2,21,臺中市,西屯區,24.165781,120.664874,機車-普通重型,0,50-59歲,男,2,0
11972,9592716b8e290012,2025/6/28,13,臺中市,東勢區,24.278747,120.810864,慢車-電動輔助自行車,0,30-39歲,男,1,0
11973,340d4ac44e14777e,2025/4/5,0,新北市,樹林區,24.997444,121.429885,小客車(含客、貨兩用)-租賃車,0,20-29歲,女,1,0
11974,92a7d44dc8eaa357,2025/4/23,6,高雄市,橋頭區,22.751234,120.31367,機車-普通重型,0,60歲以上,男,1,0
11975,80b6bbd5bac144d5,2025/8/17,19,新北市,土城區,24.969248,121.440485,機車-普通重型,0,60歲以上,男,1,0
11976,526e67f68df089cf,2025/3/12,16,臺中市,大雅區,24.218716,120.624539,機車-普通重型,0,30-39歲,女,1,0
11977,3d9588f3fe63229f,2025/1/27,9,臺東縣,臺東市,22.760767,121.143931,機車-普通重型,0,50-59歲,男,1,0
11978,bdd82c1edb68a4ed,2025/6/11,14,新竹縣,關西鎮,24.784341,121.18242,大客車-遊覽車,0,40-49歲,男,1,0
11979,f8287ee1b843d244,2025/4/10,7,新北市,新莊區,25.034602,121.445113,小客車(含客、貨兩用)-計程車,0,40-49歲,女,1,0
11980,1d6816bde6933d23,2025/1/4,8,臺中市,龍井區,24.202137,120.52326,小客車(含客、貨兩用)-自用,0,60歲以上,女,1,0
11981,99da740ca7f3218c,2025/6/16,18,臺北市,士林區,25.101801,121.528877,機車-普通重型,0,19歲以下,男,1,0
11982,7e0c5baa2f61aec6,2025/3/13,16,彰化縣,彰化市,24.091707,120.550552,機車-普通重型,0,40-49歲,女,2,0
11983,d8c3d15a4fd479a2,2025/5/3,20,基隆市,中山區,25.13168,121.735435,機車-普通重型,0,40-49歲,男,2,0
11984,3e324b9a0c9a43a3,2025/8/17,16,高雄市,鳳山區,22.589792,120.323804,機車-普通重型,0,30-39歲,女,1,0
11985,9743978ce591c3fa,2025/4/5,16,高雄市,三民區,22.645825,120.342611,機車-普通重型,0,40-49歲,女,1,0
11986,f77bb2f04f3cdfc0,2025/11/6,17,臺中市,和平區,24.290672,120.909509,機車-普通重型,0,50-59歲,男,3,0
11987,0c4a3cc91891794b,2025/9/29,19,臺中市,太平區,24.127598,120.706218,機車-普通重型,0,40-49歲,女,1,0
11988,bccc37f61a995fd1,2025/9/13,15,新北市,汐止區,25.009326,121.481266,小客車(含客、貨兩用)-自用,0,60歲以上,男,2,0
11989,78f53b92552ccc6d,2025/5/20,10,臺南市,新市,23.080603,120.297879,慢車-腳踏自行車,0,40-49歲,女,2,0
11990,ac7853df6ddafe76,2025/3/28,22,屏東縣,潮州鎮,22.548902,120.547976,機車-普通重型,0,50-59歲,男,1,0
11991,6350f1cbce940abf,2025/1/20,11,桃園市,龍潭區,24.86918,121.233117,機車-普通重型,0,19歲以下,男,3,0
11992,4adcf62912580e99,2025/10/17,9,彰化縣,彰化市,24.074454,120.55603,小客車(含客、貨兩用)-自用,0,30-39歲,男,1,0
11993,475cb8cd42727529,2025/3/19,9,澎湖縣,馬公市,23.570055,119.581921,機車-普通重型,0,30-39歲,男,2,0
11994,fa22c2f974a3716c,2025/12/20,14,嘉義縣,水上鄉,23.45834,120.42815,小客車(含客、貨兩用)-自用,0,40-49歲,女,1,0
11995,68792a4cb0ed14d4,2025/8/6,23,高雄市,前鎮,22.615129,120.307911,小客車(含客、貨兩用)-自用,0,50-59歲,男,1,0
11996,3413b960e62a53a5,2025/12/19,23,新北市,三重區,25.051729,121.483786,機車-普通重型,0,40-49歲,男,1,0
11997,15670100004b0cd1,2025/7/7,11,臺南市,柳營區,23.269136,120.313612,小客車(含客、貨兩用)-自用,0,60歲以上,男,1,0
11998,b01f103ae40a863c,2025/7/28,11,南投縣,集集鎮,23.826892,120.779546,小客車(含客、貨兩用)-自用,0,50-59歲,男,1,0
11999,58912025dafb43f7,2025/1/10,19,新北市,新店區,24.983585,121.541468,小客車(含客、貨兩用)-自用,0,40-49歲,男,1,0
12000,da1ea0048dfbaecb,2025/4/18,8,高雄市,大社區,22.742195,120.338989,小客車(含客、貨兩用)-自用,0,50-59歲,男,1,0
12001,14b0af4db2826f6b,2025/6/7,8,臺中市,西屯區,24.203621,120.63783,機車-普通重型,0,60歲以上,男,1,0
12002,115ed21e8e95e5e2,2025/6/19,9,臺中市,南區,24.112835,120.655178,小客車(含客、貨兩用)-自用,0,20-29歲,男,1,0
12003,36f27757124fb487,2025/12/26,7,桃園市,龜山區,25.056364,121.366214,小客車(含客、貨兩用)-自用,0,50-59歲,男,1,0
12004,56b90e501687d0de,2025/9/2,8,臺南市,南區,22.936752,120.179092,小貨車-自用,0,19歲以下,男,1,0
12005,d60245e74f4ff3fd,2025/6/13,10,臺中市,西屯區,24.171412,120.636604,大貨車-營業用,0,19歲以下,男,1,0
12006,94b2a6b5ca5d8261,2025/4/29,17,桃園市,楊梅區,24.907485,121.148617,小客車(含客、貨兩用)-自用,0,60歲以上,男,1,0
12007,a11f4729a9253ed9,2025/9/8,15,新北市,板橋區,25.007582,121.468524,機車-普通重型,0,40-49歲,男,2,0
12008,b8db48517e618aa0,2025/1/8,7,宜蘭縣,宜蘭市,24.761213,121.762345,機車-普通重型,0,50-59歲,男,1,0
12009,18321fb57e2ce66c,2025/6/15,2,臺南市,永康區,23.004378,120.233277,慢車-微型電動二輪車,0,19歲以下,男,1,0
12010,9e551b1453303b71,2025/8/10,16,臺南市,中西區,22.997692,120.187662,小客車(含客、貨兩用)-自用,0,40-49歲,女,1,0
12011,6d75591daf679bbd,2025/5/28,14,新北市,中和區,25.002661,121.492814,機車-普通重型,0,50-59歲,男,2,0
12012,0423661307efc0cc,2025/3/8,12,臺南市,安定區,23.116788,120.241849,小客車(含客、貨兩用)-自用,0,30-39歲,男,1,0
12013,47a1d027887f61e5,2025/10/17,22,屏東縣,萬丹鄉,22.611916,120.464043,機車-普通重型,0,40-49歲,男,2,0
12014,6fc3383ef83aa392,2025/12/10,10,彰化縣,鹿港鎮,24.057546,120.443315,慢車-微型電動二輪車,0,20-29歲,男,1,0
12015,303945710bdaab91,2025/12/3,20,新北市,三重區,25.069801,121.497427,機車-普通重型,0,40-49歲,男,1,0
12016,608b254fcd83a6bb,2025/6/8,15,新竹縣,竹東鎮,24.740028,121.086383,機車-普通重型,0,19歲以下,男,1,0
12017,591fb75dc7535e57,2025/4/21,22,臺中市,大里區,24.099379,120.70179,機車-普通重型,0,20-29歲,男,1,0
12018,f3629e7f9e12d699,2025/8/9,17,苗栗縣,造橋鄉,24.658304,120.863466,機車-普通重型,0,50-59歲,女,2,0
12019,772afbf764b2d7f6,2025/11/14,15,高雄市,鼓山區,22.661096,120.302787,小客車(含客、貨兩用)-自用,0,40-49歲,男,1,0
12020,7db59d9150405289,2025/4/2,19,新竹市,東區,24.807399,120.970429,人-行人,0,30-39歲,男,1,0
12021,5f6220323cedec9d,2025/9/3,9,高雄市,大寮區,22.63608,120.392289,小客車(含客、貨兩用)-自用,0,60歲以上,男,1,0
12022,d83784b9ea3cbe7a,2025/2/15,13,臺中市,西區,24.149686,120.660894,機車-普通重型,0,40-49歲,男,2,0
12023,cfc7dd546cc0463d,2025/7/24,19,新北市,中和區,25.005638,121.478512,機車-普通重型,0,40-49歲,男,2,0
12024,80f81db3045fc258,2025/7/26,18,嘉義縣,民雄鄉,23.524814,120.440568,慢車-微型電動二輪車,0,20-29歲,男,1,0
12025,4d88497f2038e5ea,2025/12/25,10,高雄市,前鎮,22.615024,120.311555,機車-普通重型,0,40-49歲,女,2,0
12026,f838148c7677db48,2025/7/2,7,彰化縣,福興鄉,24.049023,120.4296,機車-普通重型,0,40-49歲,男,1,0
12027,2aac1a342a945451,2025/4/8,15,新竹縣,竹北市,24.824515,121.00817,小客車(含客、貨兩用)-自用,0,50-59歲,男,1,0
12028,b52ec5dae7882194,2025/1/3,20,高雄市,楠梓區,22.731899,120.328223,機車-普通重型,0,60歲以上,男,1,0
12029,8e7a96a485251733,2025/1/23,18,雲林縣,西螺鎮,23.792135,120.449173,小客車(含客、貨兩用)-自用,0,40-49歲,男,1,0
12030,5cb66fd8c9ec255f,2025/12/2,10,高雄市,岡山區,22.826173,120.333303,機車-普通重型,0,20-29歲,男,3,0
12031,e644a6dbe09f507d,2025/8/23,0,屏東縣,新埤鄉,22.495429,120.537582,機車-普通重型,0,20-29歲,男,1,0
12032,b08bea408531cc23,2025/8/11,12,桃園市,八德區,24.933179,121.286442,小客車(含客、貨兩用)-自用,0,20-29歲,男,1,0
12033,4ea6810b33818b3b,2025/5/17,16,新北市,三重區,25.051353,121.475247,小客車(含客、貨兩用)-自用,0,30-39歲,男,1,0
12034,b934ae2ce000a839,2025/1/14,7,雲林縣,斗六市,23.741277,120.545512,機車-普通重型,0,60歲以上,男,1,0
12035,94118b0857366b93,2025/2/25,12,臺中市,西屯區,24.1708,120.646976,機車-普通重型,0,50-59歲,男,2,0
12036,521ecad57da0bc91,2025/10/7,14,南投縣,南投市,23.89381,120.701344,小貨車-自用,0,40-49歲,女,2,0
12037,06bab5fb7d71ddbc,2025/1/17,17,嘉義縣,新港鄉,23.587593,120.354017,小貨車-自用,0,50-59歲,男,1,0
12038,b4199ee76dfa16b3,2025/5/30,21,新北市,新莊區,25.036297,121.452619,機車-普通重型,0,40-49歲,男,3,0
12039,11a10be63c59fdf3,2025/11/10,18,高雄市,大寮區,22.58731,120.417,機車-普通重型,0,30-39歲,男,1,0
12040,92d6d6c84b253a4d,2025/5/26,11,臺中市,北屯區,24.184768,120.744016,小客車(含客、貨兩用)-自用,0,40-49歲,男,1,0
12041,e1712b599803451f,2025/9/22,19,屏東縣,內埔鄉,22.676035,120.600989,慢車-腳踏自行車,0,50-59歲,男,1,0
12042,75ac4c2d0f001841,2025/6/9,7,彰化縣,北斗鎮,23.873042,120.521997,小客車(含客、貨兩用)-自用,0,20-29歲,男,1,0
12043,85c9b1c69b4ab598,2025/2/11,22,嘉義市,西區,23.462005,120.445811,機車-普通重型,0,40-49歲,男,1,0
12044,e3f50f2f4539c830,2025/2/4,20,臺南市,永康區,23.034108,120.263807,小客車(含客、貨兩用)-自用,0,40-49歲,女,1,0
12045,478a0567a3c4f4bb,2025/1/2,7,嘉義市,東區,23.472075,120.454186,機車-普通重型,0,30-39歲,男,1,0
12046,bcea1585b9ece0ac,2025/1/10,19,新竹縣,竹北市,24.822691,121.010455,小客車(含客、貨兩用)-自用,0,30-39歲,男,1,0
12047,74e6c91efeb69eb1,2025/10/6,11,新北市,中和區,25.00221,121.510699,機車-普通重型,0,60歲以上,男,2,0
12048,9aa53f669f7ca672,2025/3/26,18,臺北市,信義區,25.043045,121.57784,小客車(含客、貨兩用)-自用,0,40-49歲,男,1,0
12049,34a16ebe20222d13,2025/8/13,9,臺南市,中西區,23.003093,120.192873,機車-普通重型,0,40-49歲,女,1,0
12050,c64a02f5aa3af4c3,2025/12/31,17,臺中市,烏日區,24.057853,120.64545,小客車(含客、貨兩用)-自用,0,30-39歲,男,1,0
12051,5411bc69bfa13363,2025/3/25,11,彰化縣,田中鎮,23.877904,120.569861,小客車(含客、貨兩用)-自用,0,50-59歲,男,1,0
12052,0e3553087cdf3982,2025/8/24,11,臺北市,大同區,25.05202,121.509379,小客車(含客、貨兩用)-自用,0,30-39歲,男,1,0
12053,8ad290342be075e9,2025/12/11,11,新北市,樹林區,24.9897,121.422376,小客車(含客、貨兩用)-自用,0,40-49歲,女,1,0
12054,fad973228b91d87d,2025/3/29,15,臺北市,中山區,25.062642,121.528897,小客車(含客、貨兩用)-自用,0,40-49歲,女,1,0
12055,8dbab5dbad49ecfc,2025/12/21,14,新北市,三重區,25.067267,121.481624,小客車(含客、貨兩用)-自用,0,60歲以上,女,1,0
12056,35ca9597f3b7b92a,2025/12/17,7,臺南市,北區,23.001479,120.227497,機車-普通重型,0,40-49歲,女,1,0
12057,123d21cea1508684,2025/5/19,14,臺中市,南屯區,24.140879,120.649532,機車-普通重型,0,50-59歲,男,2,0
12058,cc8a519dba98b45f,2025/8/11,17,臺中市,霧峰區,24.058824,120.66473,小客車(含客、貨兩用)-自用,0,40-49歲,男,1,0
12059,6f87ade4e8f1680b,2025/9/28,11,臺東縣,臺東市,22.753981,121.152711,機車-普通重型,0,50-59歲,男,1,0
12060,25c74ce4a9a5b197,2025/9/8,11,臺南市,安南區,23.028501,120.204871,機車-普通重型,0,50-59歲,男,1,0
12061,b298dfbd663363c2,2025/7/10,22,臺東縣,臺東市,22.759423,121.14925,機車-普通重型,0,30-39歲,男,1,0
12062,760b14316a5dc2b8,2025/10/8,14,臺北市,南港區,25.047981,121.581597,小客車(含客、貨兩用)-自用,0,60歲以上,男,1,0
12063,fd06307597a07814,2025/3/2,18,彰化縣,彰化市,24.070117,120.542361,機車-普通重型,0,30-39歲,男,1,0
12064,39072a675f237c77,2025/9/16,7,南投縣,南投市,23.921697,120.673158,小客車(含客、貨兩用)-租賃車,0,50-59歲,男,1,0
12065,d40ccac247794136,2025/4/30,13,高雄市,三民區,22.637515,120.301589,機車-普通重型,0,40-49歲,男,2,0
12066,1a443531f3a88bb9,2025/3/14,7,苗栗縣,苗栗市,24.5571,120.816895,小客車(含客、貨兩用)-自用,0,20-29歲,男,1,0
12067,363508e8fa3454ac,2025/9/28,15,新北市,汐止區,25.075877,121.63915,機車-普通重型,0,30-39歲,男,1,0
12068,618bb0d266aa0e8a,2025/1/16,15,臺南市,南區,22.982556,120.193743,機車-普通重型,0,60歲以上,男,2,0
12069,e4025950d95a98d5,2025/5/8,8,臺北市,南港區,25.035339,121.616683,機車-普通重型,0,20-29歲,男,2,0
12070,f9af8b9c0398a600,2025/8/22,10,金門縣,金寧鄉,24.434657,118.326776,小客車(含客、貨兩用)-自用,0,40-49歲,男,2,0
12071,70d8da72a09109b5,2025/3/29,13,高雄市,仁武區,22.703313,120.35555,機車-普通重型,0,40-49歲,男,1,0
12072,df84b80312c52b36,2025/12/2,19,彰化縣,大村鄉,23.988894,120.586885,機車-普通重型,0,50-59歲,男,1,0
12073,0ed668b6881433c3,2025/2/19,7,高雄市,大寮區,22.594604,120.419101,小貨車-自用,0,50-59歲,女,1,0
12074,d03a126d6aa06878,2025/7/15,12,臺南市,關廟區,22.969845,120.326836,機車-普通重型,0,60歲以上,男,1,0
12075,8a3b7f9a0543b1b8,2025/12/29,8,臺中市,南區,24.117987,120.652727,機車-普通重型,0,40-49歲,男,1,0
12076,f190db478449ec28,2025/8/3,14,屏東縣,竹田鄉,22.572614,120.544069,小客車(含客、貨兩用)-自用,0,30-39歲,女,1,0
12077,93b7091c3c81def6,2025/9/17,9,桃園市,龜山區,25.029982,121.355079,機車-普通重型,0,40-49歲,男,1,0
12078,1a9dbd950fd7c04c,2025/4/23,21,彰化縣,北斗鎮,23.867514,120.512986,小客車(含客、貨兩用)-自用,0,60歲以上,男,1,0
12079,0651b96486689026,2025/9/11,7,新北市,板橋區,25.009065,121.480937,機車-普通重型,0,50-59歲,男,3,0
12080,af8962ca01561229,2025/2/5,8,臺南市,永康區,23.03359,120.228668,機車-普通重型,0,40-49歲,男,1,0
12081,ea91d52eb9572fa1,2025/5/24,22,雲林縣,大埤鄉,23.637219,120.40417,機車-普通重型,0,50-59歲,男,1,0
12082,4ae109213bafdeb7,2025/12/9,10,新竹縣,竹東鎮,24.743724,121.083359,機車-普通重型,0,20-29歲,男,1,0
12083,5496ca766f475212,2025/5/5,14,高雄市,鳥松區,22.701793,120.349107,機車-普通重型,0,50-59歲,女,2,0
12084,f879b6fa46ca8aeb,2025/12/16,17,彰化縣,福興鄉,24.036793,120.421121,機車-普通重型,0,30-39歲,男,1,0
12085,69143f4bf2db2532,2025/5/17,10,彰化縣,田尾鄉,23.888043,120.564613,機車-普通重型,0,30-39歲,男,1,0
12086,e5f403f024521199,2025/7/29,17,臺北市,萬華區,25.044909,121.502967,機車-普通重型,0,60歲以上,男,2,0
12087,b4ce1ccbde338466,2025/11/18,17,花蓮縣,新城鄉,24.01751,121.610207,機車-大型重型1(550C.C.以上),0,30-39歲,男,1,0
12088,ff2208b7a3268ad0,2025/1/1,11,高雄市,三民區,22.6404,120.313802,機車-普通重型,0,50-59歲,男,2,0
12089,5ec6ff25e70e0ce0,2025/9/24,13,臺中市,沙鹿區,24.224373,120.57671,機車-普通重型,0,30-39歲,男,2,0
12090,9b888aed888465b4,2025/11/4,12,嘉義市,東區,23.47013,120.457099,機車-普通重型,0,60歲以上,男,2,0
12091,112ff71b707ba025,2025/8/6,18,臺南市,善化區,23.126621,120.321006,小客車(含客、貨兩用)-自用,0,50-59歲,男,1,0
12092,733eb7c1d6ead891,2025/12/10,21,彰化縣,彰化市,24.089683,120.54313,慢車-微型電動二輪車,0,40-49歲,男,2,0
12093,624fbae63bad3967,2025/3/14,9,桃園市,中壢區,24.978988,121.194425,小貨車-自用,0,40-49歲,男,1,0
12094,7c57194437f5bb07,2025/7/9,15,臺北市,中山區,25.062393,121.537278,機車-普通輕型,0,40-49歲,男,2,0
12095,67619f73fe635237,2025/5/31,21,桃園市,蘆竹區,25.000718,121.269533,小客車(含客、貨兩用)-自用,0,40-49歲,女,2,0
12096,38959f9def0184e6,2025/4/28,14,臺中市,龍井區,24.192441,120.579761,機車-普通重型,0,40-49歲,男,1,0
12097,953b32255c9b7341,2025/2/11,21,桃園市,桃園區,24.99837,121.291974,機車-普通重型,0,20-29歲,男,2,0
12098,29aee86e257329b3,2025/5/31,16,新北市,土城區,24.982137,121.455572,機車-普通重型,0,40-49歲,男,2,0
12099,41749993982954a6,2025/5/20,17,屏東縣,東港鎮,22.465801,120.452447,機車-普通重型,0,60歲以上,男,1,0
12100,e7853665fe2d7846,2025/6/26,7,臺中市,西區,24.139286,120.657261,小客車(含客、貨兩用)-自用,0,50-59歲,男,1,0
12101,69cf0a35443d85b2,2025/3/18,18,高雄市,彌陀區,22.779886,120.252144,機車-普通重型,0,50-59歲,男,2,0
12102,fb33f1185ea3cc33,2025/8/24,17,彰化縣,永靖鄉,23.923619,120.552198,小客車(含客、貨兩用)-自用,0,40-49歲,男,2,0
12103,3bf2bc448f6a9e45,2025/2/13,18,彰化縣,彰化市,24.078091,120.543317,小客車(含客、貨兩用)-租賃車,0,20-29歲,男,1,0
12104,d793fb87a003eff6,2025/8/8,18,屏東縣,九如鄉,22.729326,120.488863,機車-普通重型,0,50-59歲,男,2,0
12105,d4ef9389f25dba38,2025/4/21,16,彰化縣,鹿港鎮,24.089929,120.484255,小客車(含客、貨兩用)-自用,0,50-59歲,男,1,0
12106,213cd8d52c2f0202,2025/11/23,20,高雄市,仁武區,22.675736,120.334289,機車-普通重型,0,50-59歲,男,2,0
12107,cbca73610ca4037a,2025/11/22,18,苗栗縣,苗栗市,24.576796,120.820016,機車-普通重型,0,40-49歲,男,1,0
12108,03dd0350d5a08d6a,2025/4/4,13,臺中市,神岡區,24.257504,120.683318,機車-普通重型,0,40-49歲,女,1,0
12109,906cefe3a7a38ad4,2025/11/8,12,臺北市,中山區,25.065782,121.527379,小客車(含客、貨兩用)-自用,0,40-49歲,男,1,0
12110,93515900d566755d,2025/8/24,13,新北市,永和區,24.999196,121.526247,機車-普通重型,0,50-59歲,男,1,0
12111,f6a70582298b24d5,2025/1/25,9,雲林縣,斗六市,23.695926,120.543114,小客車(含客、貨兩用)-自用,0,60歲以上,男,1,0
12112,70f512eab19dbee8,2025/4/19,17,桃園市,中壢區,24.956601,121.238506,機車-普通重型,0,50-59歲,女,1,0
12113,31d5ecbb2e145237,2025/9/25,19,桃園市,楊梅區,24.929047,121.145938,小貨車-自用,0,19歲以下,女,2,0
12114,4b8451637b9e47bc,2025/6/7,11,高雄市,鳳山區,22.616238,120.355343,機車-普通重型,0,40-49歲,女,1,0
12115,18c7df32161dbdc4,2025/7/14,17,雲林縣,虎尾鎮,23.696366,120.422505,小客車(含客、貨兩用)-自用,0,60歲以上,男,1,0
12116,12816ef39995e047,2025/4/20,12,桃園市,桃園區,24.97573,121.323419,小客車(含客、貨兩用)-自用,0,40-49歲,男,1,0
12117,18d84abdf9781961,2025/1/21,11,宜蘭縣,宜蘭市,24.761298,121.752689,小客車(含客、貨兩用)-自用,0,40-49歲,女,1,0
12118,52c9d54dae5253fd,2025/12/26,17,屏東縣,萬丹鄉,22.597774,120.496185,機車-普通重型,0,50-59歲,男,2,0
12119,c88c8ff634c5657a,2025/7/17,9,彰化縣,彰化市,24.08957,120.542316,機車-普通重型,0,40-49歲,男,2,0
12120,98c4b2f77aeea030,2025/11/22,12,桃園市,桃園區,25.026549,121.301061,機車-普通重型,0,30-39歲,男,1,0
12121,fc7471be03cce700,2025/3/28,18,臺中市,西屯區,24.182498,120.59357,機車-普通重型,0,20-29歲,女,1,0
12122,b96e1e91ab2ead1f,2025/6/10,14,屏東縣,新園鄉,22.551274,120.470088,機車-普通重型,0,50-59歲,男,1,0
12123,f56555b354b582a4,2025/8/30,16,新北市,三重區,25.087554,121.493702,機車-普通重型,0,50-59歲,女,1,0
12124,68990c559554fa4e,2025/9/5,13,桃園市,桃園區,25.006491,121.29336,機車-普通重型,0,40-49歲,男,2,0
12125,18b4361e77c0e32d,2025/2/26,10,臺南市,學甲區,23.232582,120.182238,未知,0,50-59歲,男,1,0
12126,a2ef020b89ab0e1d,2025/10/10,18,嘉義市,西區,23.486472,120.42738,小客車(含客、貨兩用)-自用,0,30-39歲,男,1,0
12127,39d3008772377794,2025/9/2,14,新北市,林口區,25.073331,121.373152,小客車(含客、貨兩用)-自用,0,20-29歲,男,1,0
12128,cd737120334b823a,2025/12/28,8,臺南市,新市,23.078881,120.294124,機車-普通重型,0,30-39歲,男,5,0
12129,6dd34939ceab7c84,2025/11/10,23,臺中市,北屯區,24.167944,120.688938,小客車(含客、貨兩用)-自用,0,50-59歲,男,2,0
12130,94adf8cd929579ab,2025/12/1,11,臺南市,安平區,22.992729,120.186744,機車-普通重型,0,50-59歲,女,4,0
12131,0f59d9d46880b9e5,2025/7/3,15,臺中市,后里區,24.323631,120.709679,機車-普通重型,0,60歲以上,男,1,0
12132,ebafa377d01e0c36,2025/3/25,16,臺中市,北屯區,24.168721,120.727461,慢車-腳踏自行車,0,30-39歲,男,1,0
12133,4623a5bd70f3f5af,2025/5/5,14,新竹市,香山區,24.787348,120.965211,機車-普通重型,0,50-59歲,男,2,0
12134,b6d55559151e153a,2025/9/8,19,高雄市,三民區,22.660453,120.323419,小客車(含客、貨兩用)-自用,0,60歲以上,男,1,0
12135,7b26b8debf27b43e,2025/7/12,22,屏東縣,潮州鎮,22.55357,120.540297,機車-普通重型,0,40-49歲,男,1,0
12136,e4232c7272b6344a,2025/2/2,9,雲林縣,西螺鎮,23.792001,120.457717,小客車(含客、貨兩用)-自用,0,19歲以下,男,1,0
12137,9cb0831d9bc744aa,2025/8/5,8,嘉義市,東區,23.496553,120.453688,小客車(含客、貨兩用)-自用,0,50-59歲,男,1,0
12138,a1cd4fa5cf31a7b2,2025/6/2,6,新竹縣,湖口鄉,24.913333,121.045408,小客車(含客、貨兩用)-自用,0,40-49歲,男,1,0
12139,fdcab02775aa9872,2025/11/13,16,嘉義市,西區,23.474572,120.438172,機車-普通重型,0,30-39歲,男,1,0
12140,c74f117371d85529,2025/7/28,17,桃園市,蘆竹區,25.016109,121.266034,小貨車-自用,0,50-59歲,男,1,0
12141,c45e557f94d1805d,2025/3/26,14,新竹市,東區,24.778007,120.982647,機車-普通重型,0,50-59歲,男,2,0
12142,2ee42d0dcae2b1dc,2025/6/17,15,彰化縣,和美鎮,24.111197,120.499071,機車-普通重型,0,30-39歲,男,1,0
12143,43934693a110d239,2025/2/7,7,臺中市,梧棲區,24.251858,120.53641,小貨車-自用,0,60歲以上,男,1,0
12144,09dcbbdf305a01d4,2025/4/12,9,臺中市,東區,24.145757,120.699517,機車-普通重型,0,30-39歲,女,2,0
12145,ec707b526982c492,2025/4/15,9,臺南市,永康區,23.020699,120.222837,機車-普通重型,0,40-49歲,男,1,0
12146,1d3eda486d37fd78,2025/12/12,11,基隆市,信義區,25.129539,121.750953,小客車(含客、貨兩用)-自用,0,40-49歲,男,1,0
12147,03fd0c864b81ddab,2025/3/5,23,高雄市,鳳山區,22.590039,120.364752,小客車(含客、貨兩用)-自用,0,40-49歲,男,1,0
12148,11b902ce20c42421,2025/10/8,12,臺南市,佳里區,23.135945,120.16259,機車-普通重型,0,50-59歲,男,1,0
12149,674397e068860929,2025/7/11,7,新北市,新莊區,25.018371,121.439859,機車-普通重型,0,40-49歲,男,2,0
12150,85896e0c263f9f5c,2025/7/23,8,桃園市,大溪區,24.825699,121.264441,小客車(含客、貨兩用)-自用,0,50-59歲,男,1,0
12151,594db9d00aae7024,2025/1/26,9,彰化縣,北斗鎮,23.871265,120.534206,機車-普通重型,0,40-49歲,男,1,0
12152,de0cb5d4c61e0ae1,2025/6/18,8,臺中市,太平區,24.127769,120.730381,機車-普通重型,0,20-29歲,男,1,0
12153,35d2c6439ab4bc21,2025/3/6,9,屏東縣,高樹鄉,22.806179,120.607067,小客車(含客、貨兩用)-自用,0,60歲以上,男,1,0
12154,e9fb45a7edf3a486,2025/11/26,19,桃園市,大溪區,24.904892,121.283348,小貨車-自用,0,40-49歲,女,1,0
12155,66d828aaa62e6d68,2025/4/22,16,臺中市,西屯區,24.169474,120.638325,小客車(含客、貨兩用)-自用,0,40-49歲,男,1,0
12156,27788ca44113b89e,2025/6/14,11,臺北市,內湖區,25.071486,121.605967,小客車(含客、貨兩用)-自用,0,40-49歲,男,1,0
12157,2f59dbb97d93fd0b,2025/12/19,21,臺中市,大里區,24.112094,120.692063,小客車(含客、貨兩用)-自用,0,40-49歲,女,1,0
12158,7e15f9a75aee7d57,2025/11/22,21,桃園市,龜山區,25.052706,121.368273,機車-普通重型,0,20-29歲,男,2,0
12159,f50b67f2a7d63cd5,2025/2/22,9,臺中市,北屯區,24.168066,120.716723,機車-普通重型,0,40-49歲,男,1,0
12160,ab35159994f2e5d4,2025/11/26,17,高雄市,鳥松區,22.658248,120.388547,機車-普通重型,0,20-29歲,男,2,0
12161,4604bdd6bd14b502,2025/10/7,16,臺北市,萬華區,25.030037,121.503974,機車-普通重型,0,60歲以上,男,1,0
12162,93fafc084d257918,2025/1/10,16,臺南市,中西區,22.989828,120.210136,機車-普通重型,0,40-49歲,男,1,0
12163,bf66e2fbe59d9597,2025/6/3,19,屏東縣,恆春鎮,21.998918,120.744273,慢車-微型電動二輪車,0,40-49歲,男,1,0
12164,f18347a784af9933,2025/3/7,17,臺南市,永康區,23.024117,120.218487,小客車(含客、貨兩用)-自用,0,50-59歲,男,1,0
12165,de9278a900659873,2025/1/18,23,高雄市,苓雅區,22.627132,120.328514,機車-普通重型,0,50-59歲,男,2,0
12166,4ea29e301d8c5186,2025/9/24,23,高雄市,橋頭區,22.74046,120.318,機車-普通重型,0,30-39歲,男,1,0
12167,ff176f120c5b15f2,2025/6/14,13,新竹市,東區,24.781313,121.024004,小客車(含客、貨兩用)-自用,0,40-49歲,男,1,0
12168,1c0aac3c3b7400b3,2025/4/29,18,屏東縣,長治鄉,22.715237,120.528926,機車-普通重型,0,40-49歲,男,1,0
12169,6f73f5e6404374a7,2025/1/13,18,彰化縣,鹿港鎮,24.059758,120.433925,小客車(含客、貨兩用)-自用,0,30-39歲,女,1,0
12170,10747564649046bb,2025/11/7,11,臺南市,麻豆區,23.188752,120.252184,機車-普通重型,0,20-29歲,女,2,0
12171,029d2f5cfb5ff948,2025/11/26,19,臺中市,南區,24.125689,120.653352,機車-普通重型,0,30-39歲,男,2,0
12172,a63b28eb74d6a155,2025/4/9,7,臺南市,南區,22.967145,120.194721,機車-普通輕型,0,30-39歲,男,1,0
12173,23c35b7606850e30,2025/5/18,13,雲林縣,臺西鄉,23.699221,120.196769,慢車-微型電動二輪車,0,60歲以上,男,2,0
12174,f85672d46d8793e5,2025/5/8,18,桃園市,龍潭區,24.888413,121.211888,機車-普通重型,0,40-49歲,男,1,0
12175,d7fe556f084eba50,2025/4/25,7,新北市,新莊區,25.041018,121.445345,大客車-遊覽車,0,50-59歲,女,1,0
12176,030685fd47b90126,2025/4/22,10,臺中市,大雅區,24.23985,120.631541,小貨車-自用,0,50-59歲,男,1,0
12177,76566c0111620ba8,2025/11/18,7,花蓮縣,花蓮市,23.976256,121.605868,機車-普通重型,0,40-49歲,男,2,0
12178,30d57e2b79fce352,2025/4/1,8,新北市,永和區,25.011411,121.517582,慢車-電動輔助自行車,0,40-49歲,女,2,0
12179,7546af56669a7f3c,2025/7/15,17,金門縣,金湖鎮,24.444756,118.457378,小客車(含客、貨兩用)-租賃車,0,40-49歲,男,1,0
12180,97262638832f92ac,2025/5/4,19,新北市,蘆洲區,25.086167,121.464678,小客車(含客、貨兩用)-自用,0,40-49歲,男,2,0
12181,fd16bdce433fe60c,2025/12/6,18,高雄市,新興區,22.627581,120.301477,機車-普通重型,0,50-59歲,女,1,0
12182,2b67a7a45e94ff27,2025/11/26,11,嘉義縣,中埔鄉,23.452859,120.465684,機車-普通重型,0,40-49歲,男,3,0
12183,6954264c1fadfb77,2025/11/11,7,新竹縣,竹東鎮,24.774922,121.044977,小客車(含客、貨兩用)-自用,0,50-59歲,男,2,0
12184,f08732caea2f96ae,2025/11/4,5,臺中市,中區,24.143695,120.682739,機車-普通重型,0,50-59歲,男,1,0
12185,cddb0f50b858f713,2025/10/28,12,新北市,汐止區,25.067006,121.622872,機車-普通重型,0,30-39歲,男,1,0
12186,c3e691753a0e9e8a,2025/1/9,9,臺南市,新化區,23.047895,120.302388,小貨車-自用,0,40-49歲,男,1,0
12187,ee31f9fe217a5baf,2025/10/1,6,臺北市,文山區,25.000662,121.555245,機車-普通重型,0,40-49歲,男,1,0
12188,1070d1e6c11f17d7,2025/9/3,7,新竹市,北區,24.833839,120.944497,機車-普通重型,0,40-49歲,男,2,0
12189,448e5802d8c19441,2025/4/23,12,臺中市,北屯區,24.186899,120.686598,小客車(含客、貨兩用)-自用,0,30-39歲,男,1,0
12190,d3b3c5ccb63b59ee,2025/7/2,12,嘉義縣,朴子市,23.466303,120.25332,機車-普通重型,0,40-49歲,男,3,0
12191,c376df8d45558c53,2025/2/20,19,桃園市,大園區,25.077968,121.258541,機車-普通重型,0,30-39歲,男,1,0
12192,4fc9e89655a5c585,2025/6/14,11,桃園市,平鎮,24.950708,121.217612,機車-普通重型,0,40-49歲,男,2,0
12193,46021a44a76db002,2025/8/15,6,嘉義縣,水上鄉,23.437906,120.362569,大貨車-營業用,0,40-49歲,男,4,0
12194,996e8d376a79ee50,2025/3/10,17,臺南市,東區,22.990303,120.243006,機車-普通重型,0,40-49歲,男,1,0
12195,f900e45dc88be4cf,2025/11/2,9,彰化縣,花壇鄉,24.036447,120.548023,小貨車-自用,0,50-59歲,男,2,0
12196,b52a9e00b350e4cd,2025/12/18,7,臺中市,霧峰區,24.062834,120.679423,機車-普通重型,0,30-39歲,女,1,0
12197,c7c139e871adf83a,2025/10/26,5,彰化縣,大村鄉,23.989339,120.564001,慢車-電動輔助自行車,0,40-49歲,男,1,0
12198,e66471dda86a402c,2025/9/28,12,屏東縣,恆春鎮,21.950265,120.7409,機車-普通重型,0,40-49歲,女,2,0
12199,55b11e56bb84ffcd,2025/8/25,18,臺南市,善化區,23.130647,120.290766,小客車(含客、貨兩用)-自用,0,60歲以上,男,2,0
12200,61d34ab4c059896f,2025/12/6,21,澎湖縣,馬公市,23.568784,119.574375,人-行人,0,50-59歲,男,1,0
12201,9dd124157a312e27,2025/6/10,17,新竹縣,竹北市,24.851562,121.004226,機車-普通重型,0,40-49歲,男,1,0
12202,83332bb5227c7baa,2025/3/19,17,臺南市,仁德區,22.9244,120.225419,機車-普通重型,0,60歲以上,男,2,0
12203,deb106562a1450ca,2025/2/13,18,嘉義市,西區,23.493578,120.431717,小客車(含客、貨兩用)-自用,0,50-59歲,男,1,0
12204,5308ba5c13748c63,2025/11/4,8,花蓮縣,花蓮市,23.974735,121.596316,慢車-微型電動二輪車,0,40-49歲,男,2,0
12205,8bf3243e6cb5b33c,2025/7/24,11,臺中市,后里區,24.32106,120.725428,機車-普通重型,0,60歲以上,男,1,0
12206,691af1aabe631210,2025/5/16,13,臺南市,新營區,23.306981,120.28586,小客車(含客、貨兩用)-自用,0,40-49歲,女,3,0
12207,7dafbb0704de1563,2025/4/15,8,臺中市,北區,24.1552,120.683981,機車-普通重型,0,40-49歲,男,2,0
12208,0631f05f484e2a25,2025/1/9,17,基隆市,仁愛區,25.129935,121.743057,機車-普通重型,0,40-49歲,男,1,0
12209,475884a9aeea68aa,2025/10/15,9,臺中市,南屯區,24.156502,120.595235,機車-普通重型,0,60歲以上,男,2,0
12210,56d79124b9f0557e,2025/6/5,7,臺南市,永康區,23.045217,120.242166,小客車(含客、貨兩用)-自用,0,20-29歲,男,1,0
12211,57ebb036f7e3cc23,2025/9/4,22,臺中市,北屯區,24.177073,120.676341,機車-普通重型,0,40-49歲,男,1,0
12212,d2bbeec17815b026,2025/3/17,18,臺中市,大里區,24.090888,120.695937,小客車(含客、貨兩用)-自用,0,40-49歲,男,1,0
12213,a062e78b770ad7a1,2025/4/16,13,屏東縣,麟洛鄉,22.634573,120.523175,小客車(含客、貨兩用)-自用,0,40-49歲,男,1,0
12214,6e30638a04a1de38,2025/5/12,18,雲林縣,斗六市,23.698373,120.531129,機車-普通重型,0,50-59歲,女,1,0
12215,ea71b2e5a474d3c1,2025/7/27,4,桃園市,新屋區,24.98266,121.067907,機車-普通重型,0,40-49歲,女,1,0
12216,d755c349229e4238,2025/1/7,22,臺北市,萬華區,25.032743,121.500542,機車-普通重型,0,50-59歲,男,1,0
12217,d91b5db4dbf86c1c,2025/8/16,14,臺南市,仁德區,22.941338,120.262782,機車-普通重型,0,30-39歲,男,1,0
12218,97185fac742f3c07,2025/7/11,11,花蓮縣,吉安鄉,23.969686,121.584522,機車-普通重型,0,30-39歲,男,1,0
12219,0391735140830031,2025/6/2,13,桃園市,復興區,24.826967,121.338592,機車-普通重型,0,50-59歲,男,1,0
12220,72b7eb588dda7975,2025/9/16,10,新北市,新莊區,25.038056,121.45915,機車-普通重型,0,40-49歲,男,1,0
12221,2df6342073b93121,2025/9/24,16,臺中市,大雅區,24.209597,120.615039,人-行人,0,40-49歲,女,2,0
12222,51f1887ae2d3bdad,2025/3/6,10,桃園市,中壢區,24.959335,121.256889,機車-普通重型,0,40-49歲,男,1,0
12223,16e224c4eb3136bd,2025/8/30,16,新北市,新店區,25.009342,121.481393,小客車(含客、貨兩用)-租賃車,0,50-59歲,男,2,0
12224,f7adba7c3a9b44f1,2025/4/18,14,桃園市,桃園區,25.014339,121.292216,機車-普通重型,0,60歲以上,男,1,0
12225,aff9f58c70459a68,2025/12/30,18,基隆市,中正區,25.144982,121.764143,小客車(含客、貨兩用)-自用,0,20-29歲,女,1,0
12226,e831078e2e00309d,2025/9/8,17,桃園市,中壢區,24.976223,121.253529,機車-普通輕型,0,19歲以下,女,1,0
12227,ee8f446beaddccd8,2025/11/20,15,臺南市,仁德區,22.933162,120.230407,小客車(含客、貨兩用)-自用,0,40-49歲,男,1,0
12228,bfffc2496249de79,2025/12/20,10,宜蘭縣,冬山鄉,24.650016,121.734475,其他車-動力機械,0,50-59歲,男,2,0
12229,f682753e71da2b6a,2025/7/31,9,臺北市,中山區,25.052519,121.538483,小客車(含客、貨兩用)-租賃車,0,40-49歲,男,1,0
12230,666380c7d4f0972c,2025/1/2,12,桃園市,八德區,24.975634,121.299144,機車-普通重型,0,50-59歲,男,1,0
12231,115b64067e8f62cf,2025/6/16,12,臺中市,沙鹿區,24.215726,120.597087,機車-普通重型,0,40-49歲,男,1,0
12232,5324abb40149af3e,2025/8/27,7,新北市,泰山區,25.063477,121.42144,機車-普通重型,0,60歲以上,男,1,0
12233,7b724fe465de5ca6,2025/2/23,7,臺中市,北區,24.173398,120.669662,機車-普通重型,0,40-49歲,男,1,0
12234,538d6b3cf8880ae0,2025/7/18,17,澎湖縣,馬公市,23.568777,119.568302,機車-普通重型,0,50-59歲,男,2,0
12235,40de3904a2b02702,2025/1/9,20,新北市,土城區,24.985303,121.470172,機車-普通重型,0,40-49歲,男,1,0
12236,625ef49dd38cf6b8,2025/3/31,11,臺中市,北屯區,24.183827,120.710008,小客車(含客、貨兩用)-自用,0,40-49歲,男,1,0
12237,c75e956540f0069a,2025/8/15,13,桃園市,大溪區,24.914697,121.297997,機車-普通重型,0,50-59歲,男,2,0
12238,0b3eaffc80f621de,2025/10/18,15,新北市,三重區,25.058526,121.498143,未知,0,50-59歲,男,2,0
12239,ed580474c4fc980a,2025/4/13,9,新北市,中和區,24.987258,121.513877,慢車-腳踏自行車,0,40-49歲,男,2,0
12240,44deda4d98a91e87,2025/5/26,13,宜蘭縣,礁溪鄉,24.79098,121.761977,小客車(含客、貨兩用)-自用,0,30-39歲,男,1,0
12241,9f0f159655aa65ab,2025/3/18,16,新北市,板橋區,25.007392,121.458208,小客車(含客、貨兩用)-自用,0,40-49歲,女,1,0
12242,2c46243340428b85,2025/5/31,9,臺南市,東區,22.984879,120.2112,小客車(含客、貨兩用)-自用,0,40-49歲,男,1,0
12243,c2442411ed8ed1a1,2025/11/9,13,桃園市,蘆竹區,25.040964,121.29288,機車-普通重型,0,30-39歲,男,2,0
12244,50a14cab05022acd,2025/6/30,16,桃園市,中壢區,24.971643,121.231798,機車-普通重型,0,20-29歲,女,2,0
12245,ac6e0dc037ce1969,2025/7/1,15,臺南市,安南區,23.051149,120.202775,小貨車-自用,0,40-49歲,男,1,0
12246,3a1d56e6d9d548bf,2025/11/16,23,臺中市,北屯區,24.172179,120.724602,機車-普通重型,0,60歲以上,女,2,0
12247,d19f34b6a2a906a3,2025/6/12,22,高雄市,鳳山區,22.625531,120.361924,機車-普通重型,0,60歲以上,女,1,0
12248,6d13f202712cddaa,2025/1/11,13,新北市,板橋區,24.984397,121.426386,機車-普通重型,0,50-59歲,男,1,0
12249,0b44ae1204e5b4af,2025/11/7,9,花蓮縣,富里鄉,23.148494,121.238248,機車-普通重型,0,50-59歲,男,1,0
12250,de21c08f96421c77,2025/3/23,17,臺南市,佳里區,23.190613,120.188571,小客車(含客、貨兩用)-自用,0,20-29歲,男,1,0
12251,bd88c929f45bb3d0,2025/7/25,6,嘉義縣,民雄鄉,23.543705,120.388445,慢車-微型電動二輪車,0,20-29歲,男,1,0
12252,306ea35dfc8e0387,2025/4/6,11,桃園市,桃園區,25.01226,121.309772,小客車(含客、貨兩用)-自用,0,50-59歲,男,1,0
12253,0bd9531075135000,2025/10/8,11,臺北市,北投區,25.119439,121.501734,機車-普通重型,0,40-49歲,男,1,0
12254,9ce7bd449c0640f2,2025/8/8,11,高雄市,岡山區,22.806359,120.311249,小客車(含客、貨兩用)-自用,0,40-49歲,女,1,0
12255,81d6c23e5ebe0e8d,2025/6/5,19,彰化縣,彰化市,24.072553,120.53945,機車-普通重型,0,20-29歲,男,1,0
12256,15b38034d47fe384,2025/12/12,22,臺南市,新市,23.075888,120.301463,機車-普通重型,0,40-49歲,男,1,0
12257,da14f7ec5cdbad7c,2025/4/13,17,高雄市,鹽埕區,22.628677,120.283773,小客車(含客、貨兩用)-自用,0,60歲以上,男,1,0
12258,5217264dbdfccf8a,2025/8/2,10,桃園市,中壢區,24.935765,121.257522,機車-普通重型,0,30-39歲,男,1,0
12259,f44cb2ea9e5bf834,2025/8/14,17,雲林縣,斗六市,23.720812,120.579196,機車-普通重型,0,50-59歲,男,2,0
12260,ab078ca4ca7167b0,2025/6/3,20,桃園市,桃園區,24.998131,121.311405,機車-普通重型,0,30-39歲,男,1,0
12261,afe8c848053f7fcf,2025/11/16,22,新竹縣,竹北市,24.833831,121.017791,機車-普通重型,0,19歲以下,女,1,0
12262,cab2663b09c1835b,2025/9/20,17,彰化縣,鹿港鎮,24.056426,120.444184,機車-普通重型,0,40-49歲,女,1,0
12263,f44b19127d2e05ae,2025/3/21,22,新竹市,香山區,24.800614,120.95387,小客車(含客、貨兩用)-自用,0,40-49歲,男,1,0
12264,191b691c26964f39,2025/1/8,17,高雄市,楠梓區,22.720205,120.288043,機車-普通重型,0,30-39歲,男,1,0
12265,b719859388dbc6cc,2025/3/14,12,彰化縣,和美鎮,24.106445,120.501092,機車-普通重型,0,40-49歲,男,2,0
12266,255378fbf14bd1be,2025/9/30,18,臺北市,文山區,24.989252,121.570716,機車-普通重型,0,40-49歲,男,1,0
12267,defce8b57c8d4ab7,2025/8/18,18,基隆市,中正區,25.138915,121.794604,機車-普通重型,0,19歲以下,男,1,0
12268,a9b3edb37b54c113,2025/4/20,12,臺北市,南港區,25.049727,121.589684,機車-普通重型,0,30-39歲,男,1,0
12269,a5c079b51e108977,2025/5/19,10,新北市,永和區,25.004138,121.524889,機車-普通重型,0,20-29歲,男,1,0
12270,6e76ade26cc099ea,2025/7/25,14,高雄市,前鎮,22.614064,120.314183,機車-普通重型,0,60歲以上,男,2,0
12271,336a8c48aae9c6f0,2025/1/28,7,高雄市,小港區,22.566251,120.345258,小客車(含客、貨兩用)-自用,0,50-59歲,男,1,0
12272,431a28aeed30326d,2025/11/26,10,高雄市,橋頭區,22.741941,120.296533,機車-普通重型,0,50-59歲,女,2,0
12273,7031258c9c7ecfa5,2025/11/8,9,雲林縣,虎尾鎮,23.720304,120.443658,小貨車-自用,0,60歲以上,女,2,0
12274,277484d549ccf82d,2025/9/2,11,新北市,三重區,25.064004,121.493343,機車-普通重型,0,50-59歲,男,1,0
12275,9e536c446d3efa98,2025/2/1,21,彰化縣,田尾鄉,23.901656,120.493482,機車-普通重型,0,40-49歲,男,1,0
12276,6aaa95a32401b02a,2025/12/9,8,嘉義縣,水上鄉,23.456015,120.408124,機車-普通重型,0,50-59歲,男,1,0
12277,1c1272d2d16d7cc2,2025/7/14,20,新北市,新莊區,25.014673,121.431108,機車-普通重型,0,60歲以上,男,3,0
12278,f167a67106b4c742,2025/7/19,20,臺南市,中西區,22.991932,120.209004,機車-普通重型,0,30-39歲,男,1,0
12279,ab0e73b4dc53a409,2025/6/5,3,嘉義市,東區,23.49361,120.4501,機車-普通重型,0,50-59歲,男,1,0
12280,ae15c8ecc694e735,2025/1/25,8,桃園市,大溪區,24.883432,121.279674,小客車(含客、貨兩用)-自用,0,19歲以下,男,1,0
12281,b2c70c58be18424d,2025/1/14,15,臺南市,安平區,22.996846,120.175877,小客車(含客、貨兩用)-自用,0,30-39歲,男,1,0
12282,2cba76f84c3949ff,2025/4/5,12,雲林縣,東勢鄉,23.684156,120.246331,小客車(含客、貨兩用)-自用,0,40-49歲,男,1,0
12283,cdfaace36a495a53,2025/8/18,9,臺南市,白河區,23.342873,120.433897,機車-普通重型,0,40-49歲,男,1,0
12284,12dc8b23f0d8e7e5,2025/12/29,7,彰化縣,竹塘鄉,23.852142,120.444403,機車-普通重型,0,40-49歲,男,1,0
12285,4f8cae9420d38b3a,2025/4/28,7,臺南市,新市,23.068287,120.292037,機車-普通重型,0,30-39歲,男,1,0
12286,5318a7f3960cac89,2025/3/7,19,新竹市,東區,24.780246,121.015327,機車-普通重型,0,40-49歲,女,1,0
12287,8f4f343e6ac449b5,2025/6/2,18,臺中市,北區,24.165203,120.675581,小客車(含客、貨兩用)-自用,0,60歲以上,男,1,0
12288,f937046f3e11f2fd,2025/1/12,8,臺中市,中區,24.145028,120.676551,機車-普通重型,0,50-59歲,男,2,0
12289,76c8d04c39635054,2025/4/25,15,桃園市,中壢區,25.005255,121.223231,機車-普通重型,0,20-29歲,女,1,0
12290,26abde240466a28a,2025/1/19,8,南投縣,草屯鎮,23.99976,120.690048,小客車(含客、貨兩用)-自用,0,30-39歲,男,1,0
12291,93b20bc2769b186c,2025/5/6,14,雲林縣,斗南鎮,23.676997,120.477259,機車-普通重型,0,20-29歲,男,2,0
12292,99f336dc0495beb5,2025/9/4,8,新北市,新莊區,25.02289,121.414247,機車-普通重型,0,30-39歲,男,2,0
12293,0ddf63947f589791,2025/1/10,1,嘉義縣,新港鄉,23.570598,120.346407,機車-普通重型,0,20-29歲,男,1,0
12294,d12e7cfb43cf22c2,2025/3/4,8,臺中市,北區,24.162721,120.676866,機車-普通輕型,0,40-49歲,男,1,0
12295,31ace57c0c95ffba,2025/3/31,7,臺中市,北屯區,24.170103,120.683227,小客車(含客、貨兩用)-自用,0,40-49歲,女,1,0
12296,312ff8f4b2c2e69c,2025/12/8,15,臺中市,南屯區,24.137173,120.642495,機車-普通重型,0,40-49歲,男,1,0
12297,3cd7822f78d3eb6d,2025/9/19,0,桃園市,楊梅區,24.936476,121.123833,機車-普通重型,0,30-39歲,男,1,0
12298,9c454cf94f79e229,2025/7/29,17,苗栗縣,頭份市,24.691408,120.909883,機車-普通重型,0,40-49歲,女,1,0
12299,f3de7ed89f41ff12,2025/9/30,21,高雄市,燕巢區,22.802967,120.354605,機車-普通重型,0,40-49歲,男,1,0
12300,3ed6a71c442e3258,2025/6/8,16,臺中市,西區,24.138747,120.675551,機車-普通重型,0,30-39歲,女,1,0
12301,6afc8d040e9dde41,2025/8/7,8,雲林縣,斗六市,23.69236,120.519066,小客車(含客、貨兩用)-自用,0,30-39歲,男,1,0
12302,a9423ef0b6f2f67c,2025/9/30,14,臺北市,文山區,24.986783,121.545737,機車-普通重型,0,50-59歲,男,1,0
12303,0995c4ca3e6417a0,2025/10/9,7,臺南市,安南區,23.041995,120.209791,機車-普通重型,0,19歲以下,男,1,0
12304,395cc3a1b2c2aabb,2025/3/6,18,臺中市,豐原區,24.237544,120.719458,小客車(含客、貨兩用)-自用,0,30-39歲,男,1,0
12305,a793c5316f72f079,2025/5/27,8,桃園市,蘆竹區,25.008559,121.250147,機車-普通重型,0,40-49歲,男,1,0
12306,3e7ee1dbf05f5911,2025/1/22,18,臺南市,永康區,23.00439,120.233117,機車-普通重型,0,40-49歲,男,1,0
12307,5407d4bb82169ce7,2025/10/14,7,花蓮縣,花蓮市,23.975838,121.611261,機車-普通重型,0,40-49歲,男,1,0
12308,687f8e8832386563,2025/1/10,15,臺中市,西屯區,24.186342,120.615643,機車-普通重型,0,40-49歲,男,1,0
12309,4d214615cdec2066,2025/6/18,10,宜蘭縣,大同鄉,24.649807,121.474338,機車-普通重型,0,19歲以下,男,1,0
12310,a05a8575c7362d0f,2025/2/15,16,彰化縣,彰化市,24.072905,120.546351,機車-普通重型,0,40-49歲,男,2,0
12311,109b46f88af601cc,2025/8/31,14,南投縣,仁愛鄉,24.020403,121.132686,小客車(含客、貨兩用)-自用,0,40-49歲,男,1,0
12312,3fd76ad7b43f354c,2025/5/11,17,臺南市,仁德區,22.970414,120.261818,機車-普通重型,0,30-39歲,男,1,0
12313,385b5f998c8daf69,2025/1/11,10,花蓮縣,吉安鄉,23.958615,121.569599,小客車(含客、貨兩用)-自用,0,50-59歲,男,2,0
12314,79d345c67e91443d,2025/10/17,11,苗栗縣,苗栗市,24.55949,120.816485,機車-普通重型,0,50-59歲,女,1,0
12315,87f2f21b5b176260,2025/2/11,9,臺中市,大里區,24.108033,120.67174,小客車(含客、貨兩用)-自用,0,60歲以上,女,1,0
12316,cc746ab71ca913a3,2025/11/6,18,雲林縣,虎尾鎮,23.702893,120.431847,小客車(含客、貨兩用)-自用,0,40-49歲,男,1,0
12317,2a82ca933063b31d,2025/11/15,10,屏東縣,屏東市,22.647276,120.476068,機車-普通重型,0,50-59歲,女,2,0
12318,d7ce8a9fc52c6455,2025/10/23,19,新竹市,東區,24.784838,121.018529,機車-普通重型,0,60歲以上,女,2,0
12319,4b87f8bb0b0b2844,2025/4/21,14,桃園市,龍潭區,24.865204,121.222004,小客車(含客、貨兩用)-自用,0,60歲以上,男,1,0
12320,da533968b60929c7,2025/10/28,9,臺南市,歸仁區,22.966149,120.296139,小客車(含客、貨兩用)-自用,0,40-49歲,女,1,0
12321,400fe807ba9a6ee9,2025/12/9,7,苗栗縣,苗栗市,24.565558,120.811414,機車-普通重型,0,50-59歲,男,1,0
12322,8fdffd320a7d2538,2025/12/26,17,新竹市,東區,24.802595,120.994352,小客車(含客、貨兩用)-自用,0,40-49歲,男,1,0
12323,144f22be7e92931b,2025/3/8,8,臺南市,安平區,22.996444,120.185184,機車-普通重型,0,20-29歲,男,1,0
12324,a2ab3af109fd172a,2025/8/30,11,屏東縣,潮州鎮,22.552829,120.53544,小客車(含客、貨兩用)-自用,0,40-49歲,男,1,0
12325,894a32cc78f81da8,2025/7/25,18,彰化縣,福興鄉,24.042632,120.402357,機車-普通重型,0,60歲以上,男,1,0
12326,967a28e6b81fc3a0,2025/5/13,7,南投縣,埔里鎮,23.970062,120.966006,機車-普通重型,0,30-39歲,男,2,0
12327,e988ccb60e58ba0d,2025/9/10,17,嘉義縣,民雄鄉,23.529671,120.457509,機車-普通重型,0,60歲以上,男,4,0
12328,bb7b10517b485ee7,2025/5/22,17,臺中市,沙鹿區,24.238322,120.560044,機車-普通重型,0,40-49歲,男,1,0
12329,e50df622abd3d44e,2025/9/13,16,桃園市,龜山區,25.00581,121.371547,小貨車-自用,0,50-59歲,男,1,0
12330,baf61aa779cdd02f,2025/7/24,17,臺中市,梧棲區,24.262754,120.536299,小客車(含客、貨兩用)-自用,0,50-59歲,男,1,0
12331,ca0d20fb324b8f10,2025/2/16,10,臺南市,仁德區,22.949444,120.251395,小客車(含客、貨兩用)-自用,0,40-49歲,男,1,0
12332,7c803abb6910311a,2025/2/13,8,臺南市,新市,23.103691,120.286262,機車-普通重型,0,40-49歲,男,1,0
12333,98f4d09b8c37decc,2025/5/21,17,新北市,淡水區,25.169938,121.440381,機車-普通重型,0,30-39歲,男,2,0
12334,fd22126f7fcbc109,2025/11/4,10,臺中市,南屯區,24.142809,120.630716,機車-普通重型,0,20-29歲,男,1,0
12335,6e7e093fd83b6d42,2025/7/29,8,新竹縣,竹北市,24.840977,120.97598,機車-普通重型,0,30-39歲,男,1,0
12336,7d5d038329c226a4,2025/10/17,10,苗栗縣,頭份市,24.692829,120.893674,機車-普通重型,0,40-49歲,男,1,0
12337,9a0e76aa71999c13,2025/6/20,15,臺北市,大安區,25.026655,121.52624,小客車(含客、貨兩用)-自用,0,60歲以上,男,1,0
12338,c7c2c8f6dc615394,2025/11/16,10,高雄市,小港區,22.565563,120.346275,小客車(含客、貨兩用)-自用,0,19歲以下,男,1,0
12339,be6e6e07afe6b20b,2025/4/29,8,新北市,汐止區,25.058669,121.654298,人-行人,0,40-49歲,男,2,0
12340,14c72966acd8cdae,2025/6/23,9,臺南市,歸仁區,22.967405,120.28744,機車-普通重型,0,30-39歲,男,2,0
12341,2f5ebca2c8876444,2025/1/24,16,桃園市,蘆竹區,25.039743,121.281625,小客車(含客、貨兩用)-自用,0,50-59歲,男,2,0
12342,6b831fd64f461dbb,2025/2/8,12,嘉義市,西區,23.472253,120.437989,小貨車-自用,0,50-59歲,男,1,0
12343,d7311fb8593c8255,2025/3/16,17,臺中市,潭子區,24.203925,120.695142,機車-普通重型,0,50-59歲,女,1,0
12344,c4cc85363d9df4f1,2025/10/2,16,高雄市,鼓山區,22.615482,120.297236,機車-普通重型,0,30-39歲,男,1,0
12345,c00d71f6c4a0aef9,2025/7/15,8,臺北市,內湖區,25.069345,121.592811,小客車(含客、貨兩用)-自用,0,50-59歲,男,1,0
12346,9d88fc0f94f1d0b3,2025/3/18,20,臺中市,北區,24.173515,120.673225,機車-普通重型,0,40-49歲,男,2,0
12347,ba29e9f7a1115bde,2025/2/15,22,臺北市,士林區,25.091324,121.521486,小客車(含客、貨兩用)-自用,0,40-49歲,男,2,0
12348,15eb146c93abdd8a,2025/10/22,8,屏東縣,屏東市,22.66646,120.49304,慢車-腳踏自行車,0,60歲以上,男,1,0
12349,a6c993fdf7ac1a76,2025/1/8,21,高雄市,苓雅區,22.61983,120.310591,小客車(含客、貨兩用)-自用,0,50-59歲,男,1,0
12350,7c02300603b325ca,2025/10/5,9,新北市,中和區,24.990003,121.527295,機車-普通重型,0,19歲以下,男,1,0
12351,fd72e91f098c79f9,2025/9/6,9,雲林縣,大埤鄉,23.630717,120.460268,機車-普通重型,0,40-49歲,男,1,0
12352,6080872d3f845d33,2025/10/17,20,桃園市,大園區,25.076923,121.180858,機車-普通重型,0,50-59歲,男,1,0
12353,0efad4ebb7ce9ddc,2025/6/15,1,臺北市,文山區,24.9902,121.584161,機車-普通重型,0,40-49歲,男,1,0
12354,19274faaea698615,2025/3/23,14,臺中市,東勢區,24.261046,120.827387,機車-普通重型,0,30-39歲,男,1,0
12355,7b8f3864470a89bf,2025/1/13,8,新北市,三重區,25.071757,121.498531,機車-普通重型,0,40-49歲,男,3,0
12356,a9beed9bfd373675,2025/1/23,6,桃園市,平鎮,24.941653,121.22292,機車-普通重型,0,40-49歲,男,1,0
12357,4c8b7e1d1c93159f,2025/12/7,11,桃園市,中壢區,24.963575,121.234242,機車-普通重型,0,50-59歲,男,1,0
12358,affafc4ba13b499c,2025/11/8,21,新竹縣,竹東鎮,24.727471,121.094755,小客車(含客、貨兩用)-自用,0,50-59歲,男,1,0
12359,8f71df28c9ca6a4b,2025/9/26,8,臺中市,南屯區,24.141254,120.634303,機車-普通重型,0,40-49歲,男,1,0
12360,8fedbae3273b0a5d,2025/8/29,10,臺中市,西屯區,24.156875,120.63841,機車-普通重型,0,40-49歲,男,1,0
12361,dc9e88f592e5ed1a,2025/6/20,12,高雄市,大寮區,22.64128,120.4137,小貨車-自用,0,50-59歲,男,1,0
12362,6da3c55cdbf99706,2025/2/5,12,臺北市,士林區,25.098874,121.518316,小貨車-自用,0,40-49歲,女,1,0
12363,91805dfcae131e52,2025/4/11,9,臺南市,安南區,23.042846,120.203928,機車-普通重型,0,50-59歲,男,1,0
12364,da4c874bd8c80518,2025/3/5,12,臺中市,大雅區,24.214602,120.649362,小客車(含客、貨兩用)-租賃車,0,50-59歲,男,1,0
12365,9522083cf38e8b02,2025/4/1,8,嘉義市,西區,23.485196,120.448334,機車-普通重型,0,40-49歲,男,1,0
12366,b0f4a2eb17f45ec3,2025/6/14,12,臺中市,龍井區,24.179213,120.53063,機車-普通重型,0,20-29歲,男,1,0
12367,484051b1dd02b7aa,2025/5/13,8,臺南市,仁德區,22.926994,120.256266,小貨車-營業用,0,40-49歲,男,2,0
12368,7e239ee086cd992f,2025/9/13,11,高雄市,橋頭區,22.744443,120.318987,小客車(含客、貨兩用)-自用,0,20-29歲,男,1,0
12369,0977fb3470b699cf,2025/10/25,11,臺北市,中山區,25.073276,121.538844,小客車(含客、貨兩用)-自用,0,19歲以下,男,1,0
12370,f654dd15dfe0548f,2025/5/31,20,屏東縣,恆春鎮,22.006323,120.742836,慢車-微型電動二輪車,0,50-59歲,女,1,0
12371,3ecb3648adb7f6b8,2025/8/19,8,雲林縣,莿桐鄉,23.735524,120.509881,機車-普通重型,0,40-49歲,男,1,0
12372,ed10795b264cd6dc,2025/3/10,11,桃園市,新屋區,24.973408,121.106784,小客車(含客、貨兩用)-自用,0,40-49歲,男,1,0
12373,e151bdf145c50517,2025/5/29,18,臺中市,東區,24.127289,120.700722,機車-普通重型,0,30-39歲,女,1,0
12374,8d1656fea947786e,2025/2/2,16,臺南市,佳里區,23.150352,120.185639,小客車(含客、貨兩用)-自用,0,50-59歲,男,1,0
12375,90767838b7f46153,2025/9/12,20,新北市,八里區,25.009254,121.480985,大客車-自用,0,40-49歲,男,2,0
12376,6d86cc30c424d8f7,2025/7/14,17,臺南市,北區,23.003271,120.194245,機車-普通重型,0,60歲以上,男,1,0
12377,26702ff844f54f20,2025/9/8,16,新北市,新店區,24.980532,121.544398,小客車(含客、貨兩用)-自用,0,60歲以上,女,2,0
12378,a8812e2135c114be,2025/10/6,12,新竹市,東區,24.799449,120.980056,小客車(含客、貨兩用)-自用,0,40-49歲,女,1,0
12379,161a55c3cd4808a5,2025/10/1,8,桃園市,桃園區,24.987684,121.294782,機車-普通重型,0,50-59歲,男,2,0
12380,ccd7c0c47a0a84ca,2025/10/23,19,臺北市,大同區,25.050577,121.508196,小客車(含客、貨兩用)-自用,0,50-59歲,男,1,0
12381,aeb5c3a0c9905ea9,2025/11/26,18,新北市,新莊區,25.036845,121.456735,小客車(含客、貨兩用)-自用,0,30-39歲,男,1,0
12382,12c1385b0fd0f2d0,2025/7/15,16,臺中市,西區,24.146717,120.668198,機車-普通重型,0,30-39歲,男,2,0
12383,f400f02c908b09bb,2025/12/15,7,臺南市,永康區,23.012851,120.231032,機車-普通重型,0,19歲以下,女,1,0
12384,8fbc675f2a4cf46d,2025/3/23,13,嘉義市,東區,23.466364,120.454803,機車-普通重型,0,20-29歲,男,1,0
12385,953608a75fd98b22,2025/2/26,18,臺北市,內湖區,25.073515,121.603235,小客車(含客、貨兩用)-自用,0,30-39歲,男,4,0
12386,03f849993f9c1a3c,2025/9/14,21,新北市,中和區,25.0083,121.481347,小客車(含客、貨兩用)-自用,0,20-29歲,男,1,0
12387,90dcfe25aaf917eb,2025/5/20,6,臺中市,沙鹿區,24.237922,120.559953,大客車-民營公車,0,50-59歲,男,1,0
12388,f65f56aef363e313,2025/6/18,12,屏東縣,屏東市,22.682228,120.489485,小客車(含客、貨兩用)-自用,0,40-49歲,男,1,0
12389,933f5cf797322477,2025/3/24,7,新北市,板橋區,25.0006,121.449495,機車-普通重型,0,40-49歲,男,1,0
12390,90ebe9a0e9e71f6c,2025/2/28,8,臺中市,潭子區,24.20724,120.701601,小客車(含客、貨兩用)-自用,0,19歲以下,男,1,0
12391,fbcb2781a71de938,2025/3/21,15,臺中市,霧峰區,24.078307,120.699963,機車-普通重型,0,40-49歲,男,1,0
12392,df9bc162239704d8,2025/3/29,13,彰化縣,彰化市,24.085098,120.554758,小客車(含客、貨兩用)-自用,0,30-39歲,男,1,0
12393,309dd6885799ec53,2025/2/25,21,彰化縣,鹿港鎮,24.05566,120.456834,機車-普通重型,0,50-59歲,男,1,0
12394,fc6270911d03a52e,2025/12/16,17,彰化縣,和美鎮,24.120312,120.526036,小客車(含客、貨兩用)-自用,0,20-29歲,男,1,0
12395,7c0118bae626f151,2025/12/6,17,新竹縣,竹東鎮,24.733567,121.091253,人-行人,0,50-59歲,女,1,0
12396,4149026d8ff8ce27,2025/4/21,15,宜蘭縣,羅東鎮,24.674178,121.763069,機車-普通重型,0,20-29歲,男,2,0
12397,8b4217e8d5bb4bcb,2025/6/2,12,臺中市,大里區,24.10326,120.695519,機車-普通重型,0,30-39歲,男,1,0
12398,f2ae9f7183d5058c,2025/10/4,9,雲林縣,土庫鎮,23.675482,120.389876,慢車-腳踏自行車,0,20-29歲,男,1,0
12399,1bbf1444a5ed5ae0,2025/10/6,9,臺中市,東勢區,24.25397,120.831976,機車-普通輕型,0,50-59歲,男,1,0
12400,3f9ab9a0f165b050,2025/2/13,18,臺中市,梧棲區,24.245967,120.542718,機車-普通重型,0,50-59歲,男,1,0
12401,3279e48f33ce3961,2025/5/15,8,高雄市,鳳山區,22.627798,120.37034,機車-普通重型,0,50-59歲,男,1,0
12402,23a54c706c36986a,2025/6/6,14,新北市,五股區,25.081941,121.439864,小客車(含客、貨兩用)-自用,0,50-59歲,男,1,0
12403,97d5c7ceb991fa9e,2025/5/25,17,臺北市,松山區,25.061271,121.550948,機車-普通重型,0,40-49歲,男,1,0
12404,65ff00e4b5e89609,2025/7/11,17,臺中市,豐原區,24.245532,120.713096,小客車(含客、貨兩用)-自用,0,30-39歲,男,2,0
12405,590cf5ebf891b747,2025/4/16,22,新北市,蘆洲區,25.091173,121.457156,機車-普通重型,0,40-49歲,男,2,0
12406,0ca8b98b1facab94,2025/6/26,13,臺北市,大安區,25.038912,121.549136,機車-普通重型,0,40-49歲,男,1,0
12407,c4e103c7a38df019,2025/8/1,12,新北市,淡水區,25.18743,121.444132,機車-普通重型,0,50-59歲,男,2,0
12408,a283b18e79bdb971,2025/12/30,6,新北市,新店區,24.965172,121.540638,小客車(含客、貨兩用)-自用,0,40-49歲,男,1,0
12409,04f99b69ba5d729e,2025/3/31,7,臺中市,北區,24.155735,120.696202,機車-普通重型,0,40-49歲,男,1,0
12410,c3044195178a36bb,2025/11/24,23,桃園市,中壢區,24.966023,121.223436,機車-普通重型,0,20-29歲,男,1,0
12411,ce9ecebedf906baf,2025/1/25,11,臺北市,北投區,25.114183,121.507198,小客車(含客、貨兩用)-自用,0,50-59歲,男,2,0
12412,f9c609f12857cad1,2025/7/16,14,高雄市,楠梓區,22.70183,120.2909,人-行人,0,30-39歲,女,2,0
12413,135ffcbf2268cee6,2025/3/28,7,彰化縣,溪州鄉,23.860752,120.488313,小客車(含客、貨兩用)-自用,0,40-49歲,男,1,0
12414,a860d6ced775287b,2025/4/21,17,臺南市,東區,22.989828,120.22767,機車-普通重型,0,40-49歲,男,1,0
12415,11e5a5c78e6c90bd,2025/9/24,7,新北市,新店區,24.972785,121.534232,機車-普通重型,0,40-49歲,男,1,0
12416,20ff0ce9bc7dec7b,2025/2/26,8,臺南市,新市,23.102617,120.288386,小客車(含客、貨兩用)-自用,0,40-49歲,男,1,0
12417,5e035c9510586e3f,2025/5/3,11,新北市,三峽區,24.891285,121.451967,小客車(含客、貨兩用)-自用,0,40-49歲,男,1,0
12418,637d922c74374efa,2025/1/26,11,屏東縣,屏東市,22.649746,120.45782,小客車(含客、貨兩用)-自用,0,50-59歲,男,1,0
12419,c769d55990f7c48b,2025/8/26,18,新竹縣,湖口鄉,24.895516,121.043156,小客車(含客、貨兩用)-自用,0,40-49歲,男,1,0
12420,5ef295f542fd4a2a,2025/6/13,8,嘉義縣,大林鎮,23.598905,120.514751,小客車(含客、貨兩用)-自用,0,40-49歲,男,1,0
12421,40deaa668acc66c7,2025/7/10,11,臺南市,中西區,23.003929,120.175551,小客車(含客、貨兩用)-自用,0,50-59歲,男,1,0
12422,77b6beaef3b6c197,2025/4/15,19,屏東縣,竹田鄉,22.602402,120.538012,未知,0,50-59歲,男,1,0
12423,c16d62c9ded7f0bf,2025/10/1,16,臺南市,新市,23.068443,120.286771,機車-普通重型,0,50-59歲,男,2,0
12424,06bf52104fc74aef,2025/4/3,16,桃園市,中壢區,24.965139,121.260755,機車-普通重型,0,40-49歲,男,1,0
12425,b01b0328bb010487,2025/8/12,16,臺中市,西屯區,24.190297,120.598139,機車-普通重型,0,40-49歲,男,1,0
12426,1c33fd0d70d5c9c6,2025/11/9,19,臺中市,西區,24.134659,120.665874,機車-普通重型,0,50-59歲,女,1,0
12427,65357aabfc2f200e,2025/1/30,8,臺南市,東區,22.988989,120.230736,機車-普通重型,0,40-49歲,男,1,0
12428,93374ac0f1be732a,2025/10/10,21,宜蘭縣,冬山鄉,24.662879,121.766527,機車-普通重型,0,30-39歲,男,1,0
12429,d92ecb68d9ed96f0,2025/12/11,9,臺南市,永康區,23.041663,120.243015,小客車(含客、貨兩用)-自用,0,50-59歲,男,1,0
