synth_id,event_month,weekday,event_hour,county,vehicle_group,age_group,gender,accident_class,death_flag,injury_count,prior_offense_flag,test_offset_days_from_event,specimen_type,positive_substance,drug_class,severity_score,recidivism_count,sanction_lag_days_from_event,sanction_basis,sanction_type,sanction_years,lifetime_ban,restore_method
S00001,1,週二,8,高雄市,機車,20-29歲,女,A2,0,1,1,2,尿液,安非他命,二級,2.0,2,61~120,§35 III 十年內再犯：吊銷,吊銷,3,否,重新考領
S00002,4,週日,9,高雄市,機車,30-39歲,男,A2,0,1,1,2,尿液,嗎啡,一級,3.0,1,31~60,§35 III 十年內再犯：吊銷,吊銷,3,否,重新考領
S00003,11,週四,18,臺中市,小客車,40-49歲,女,A2,0,1,1,1,尿液,安非他命,二級,2.0,1,0~30,§35 III 十年內再犯：吊銷,吊銷,3,否,重新考領
S00004,8,週四,8,彰化縣,小客車,40-49歲,男,A2,0,1,0,3,尿液,甲基安非他命,二級,2.0,0,31~60,§35 I 肇事致人受傷：吊扣2-4年,吊扣,2,否,期滿發還
S00005,9,週一,10,新北市,機車,50-59歲,男,A2,0,2,0,0,尿液,甲基安非他命,二級,2.0,0,121~500,§35 I 肇事致人受傷：吊扣2-4年,吊扣,3,否,期滿發還
S00006,10,週四,11,桃園市,小客車,30-39歲,男,A2,0,1,1,3,尿液,愷他命,三級,1.0,1,121~500,§35 III 十年內再犯：吊銷,吊銷,3,否,重新考領
S00007,8,週五,17,苗栗縣,貨車,30-39歲,女,A2,0,1,0,1,尿液,甲基安非他命,二級,2.0,0,0~30,§35 I 肇事致人受傷：吊扣2-4年,吊扣,3,否,期滿發還
S00008,4,週三,20,基隆市,小客車,40-49歲,男,A2,0,2,0,0,尿液,安非他命,二級,2.0,0,0~30,§35 I 肇事致人受傷：吊扣2-4年,吊扣,2,否,期滿發還
S00009,4,週一,19,新北市,小客車,40-49歲,男,A2,0,1,0,0,尿液,安非他命,二級,2.0,0,0~30,§35 I 肇事致人受傷：吊扣2-4年,吊扣,4,否,期滿發還
S00010,1,週四,13,嘉義縣,機車,20-29歲,男,A2,0,1,0,0,血液,甲基安非他命,二級,2.0,0,121~500,§35 I 肇事致人受傷：吊扣2-4年,吊扣,2,否,期滿發還
S00011,9,週一,7,臺中市,小客車,20-29歲,男,A2,0,1,1,2,尿液,甲基安非他命,二級,2.0,1,31~60,§35 III 十年內再犯：吊銷,吊銷,3,否,重新考領
S00012,6,週一,8,臺南市,機車,50-59歲,男,A2,0,2,1,3,尿液,愷他命,三級,1.0,1,0~30,§35 III 十年內再犯：吊銷,吊銷,3,否,重新考領
S00013,1,週日,20,花蓮縣,小客車,30-39歲,男,A2,0,2,1,3,尿液,甲基安非他命,二級,2.0,1,0~30,§35 III 十年內再犯：吊銷,吊銷,3,否,重新考領
S00014,4,週五,15,臺北市,機車,40-49歲,男,A2,0,2,1,1,尿液,安非他命,二級,2.0,4,31~60,§35 III 十年內再犯：吊銷,吊銷,3,否,重新考領
S00015,1,週三,6,宜蘭縣,機車,19歲以下,女,A2,0,1,0,3,尿液,嗎啡,一級,3.0,0,31~60,§35 I 肇事致人受傷：吊扣2-4年,吊扣,4,否,期滿發還
S00016,8,週六,19,新北市,小客車,40-49歲,男,A2,0,1,1,2,尿液,愷他命,三級,1.0,2,31~60,§35 III 十年內再犯：吊銷,吊銷,3,否,重新考領
S00017,2,週二,11,臺南市,小客車,40-49歲,男,A2,0,1,1,0,尿液,甲基安非他命,二級,2.0,2,0~30,§35 III 十年內再犯：吊銷,吊銷,3,否,重新考領
S00018,5,週一,9,臺中市,機車,30-39歲,男,A2,0,1,0,1,尿液,安非他命,二級,2.0,0,0~30,§35 I 肇事致人受傷：吊扣2-4年,吊扣,2,否,期滿發還
S00019,7,週五,22,臺中市,小客車,60歲以上,女,A2,0,1,0,2,尿液,甲基安非他命,二級,2.0,0,121~500,§35 I 肇事致人受傷：吊扣2-4年,吊扣,3,否,期滿發還
S00020,7,週五,22,宜蘭縣,機車,30-39歲,男,A1,1,1,0,2,血液,安非他命,二級,2.0,0,31~60,§35 致人死亡：吊銷並終身不得考領,吊銷,,是,終身不得考領
S00021,11,週一,9,臺北市,機車,50-59歲,男,A2,0,1,0,2,尿液,愷他命,三級,1.0,0,31~60,§35 I 肇事致人受傷：吊扣2-4年,吊扣,2,否,期滿發還
S00022,11,週二,19,臺南市,機車,50-59歲,男,A2,0,1,0,3,尿液,愷他命,三級,1.0,0,0~30,§35 I 肇事致人受傷：吊扣2-4年,吊扣,2,否,期滿發還
S00023,11,週一,7,臺南市,小客車,30-39歲,男,A2,0,1,1,2,尿液,甲基安非他命,二級,2.0,2,31~60,§35 III 十年內再犯：吊銷,吊銷,3,否,重新考領
S00024,5,週一,21,新北市,機車,50-59歲,男,A2,0,1,1,1,尿液,甲基安非他命,二級,2.0,2,61~120,§35 III 十年內再犯：吊銷,吊銷,3,否,重新考領
S00025,9,週日,17,臺北市,機車,40-49歲,男,A2,0,3,0,3,尿液,安非他命,二級,2.0,0,31~60,§35 I 肇事致人受傷：吊扣2-4年,吊扣,4,否,期滿發還
S00026,7,週三,15,臺中市,機車,40-49歲,男,A2,0,1,0,0,尿液,安非他命,二級,2.0,0,0~30,§35 I 肇事致人受傷：吊扣2-4年,吊扣,2,否,期滿發還
S00027,8,週三,21,臺北市,小客車,40-49歲,男,A2,0,1,0,3,尿液,嗎啡,一級,3.0,0,0~30,§35 I 肇事致人受傷：吊扣2-4年,吊扣,2,否,期滿發還
S00028,3,週三,22,雲林縣,機車,20-29歲,男,A2,0,1,1,2,尿液,甲基安非他命,二級,2.0,1,31~60,§35 III 十年內再犯：吊銷,吊銷,3,否,重新考領
S00029,7,週四,16,新北市,機車,50-59歲,女,A2,0,1,1,2,尿液,愷他命,三級,1.0,3,0~30,§35 III 十年內再犯：吊銷,吊銷,3,否,重新考領
S00030,7,週二,11,新北市,機車,60歲以上,男,A2,0,1,0,3,尿液,甲基安非他命,二級,2.0,0,31~60,§35 I 肇事致人受傷：吊扣2-4年,吊扣,2,否,期滿發還
S00031,4,週一,10,桃園市,機車,60歲以上,女,A2,0,1,1,1,尿液,愷他命,三級,1.0,1,0~30,§35 III 十年內再犯：吊銷,吊銷,3,否,重新考領
S00032,11,週三,11,嘉義市,機車,40-49歲,男,A2,0,2,0,3,尿液,愷他命,三級,1.0,0,121~500,§35 I 肇事致人受傷：吊扣2-4年,吊扣,3,否,期滿發還
S00033,1,週六,23,臺北市,機車,40-49歲,男,A2,0,1,1,0,血液,甲基安非他命,二級,2.0,1,121~500,§35 III 十年內再犯：吊銷,吊銷,3,否,重新考領
S00034,8,週二,20,屏東縣,小客車,60歲以上,男,A2,0,1,0,0,尿液,甲基安非他命,二級,2.0,0,31~60,§35 I 肇事致人受傷：吊扣2-4年,吊扣,2,否,期滿發還
S00035,4,週一,16,臺中市,小客車,19歲以下,男,A2,0,1,0,2,尿液,安非他命,二級,2.0,0,61~120,§35 I 肇事致人受傷：吊扣2-4年,吊扣,3,否,期滿發還
S00036,4,週五,17,高雄市,機車,40-49歲,男,A2,0,1,0,1,尿液,嗎啡,一級,3.0,0,31~60,§35 I 肇事致人受傷：吊扣2-4年,吊扣,2,否,期滿發還
S00037,8,週二,23,新竹縣,機車,50-59歲,男,A2,0,1,1,0,尿液,甲基安非他命,二級,2.0,1,0~30,§35 III 十年內再犯：吊銷,吊銷,3,否,重新考領
S00038,7,週一,13,高雄市,小客車,50-59歲,女,A2,0,1,1,1,尿液,安非他命,二級,2.0,2,0~30,§35 III 十年內再犯：吊銷,吊銷,3,否,重新考領
S00039,12,週四,3,宜蘭縣,機車,40-49歲,男,A2,0,1,0,1,尿液,嗎啡,一級,3.0,0,61~120,§35 I 肇事致人受傷：吊扣2-4年,吊扣,2,否,期滿發還
S00040,7,週三,11,臺北市,機車,50-59歲,女,A2,0,1,0,0,尿液,甲基安非他命,二級,2.0,0,0~30,§35 I 肇事致人受傷：吊扣2-4年,吊扣,3,否,期滿發還
S00041,8,週日,17,新竹縣,小客車,30-39歲,男,A2,0,1,1,2,尿液,嗎啡,一級,3.0,1,0~30,§35 III 十年內再犯：吊銷,吊銷,3,否,重新考領
S00042,7,週日,0,嘉義縣,小客車,30-39歲,男,A2,0,2,0,1,尿液,甲基安非他命,二級,2.0,0,0~30,§35 I 肇事致人受傷：吊扣2-4年,吊扣,4,否,期滿發還
S00043,7,週三,15,宜蘭縣,小客車,60歲以上,男,A2,0,2,0,0,尿液,嗎啡,一級,3.0,0,31~60,§35 I 肇事致人受傷：吊扣2-4年,吊扣,2,否,期滿發還
S00044,12,週三,6,高雄市,機車,40-49歲,男,A2,0,4,1,1,尿液,安非他命,二級,2.0,3,121~500,§35 III 十年內再犯：吊銷,吊銷,3,否,重新考領
S00045,7,週一,18,雲林縣,機車,40-49歲,女,A2,0,2,1,0,尿液,愷他命,三級,1.0,3,0~30,§35 III 十年內再犯：吊銷,吊銷,3,否,重新考領
S00046,2,週四,20,新北市,機車,40-49歲,女,A2,0,3,1,2,尿液,安非他命,二級,2.0,1,121~500,§35 III 十年內再犯：吊銷,吊銷,3,否,重新考領
S00047,6,週二,15,臺中市,小客車,20-29歲,男,A2,0,1,1,1,尿液,安非他命,二級,2.0,1,31~60,§35 III 十年內再犯：吊銷,吊銷,3,否,重新考領
S00048,2,週日,18,臺北市,機車,50-59歲,男,A2,0,1,0,0,血液,安非他命,二級,2.0,0,31~60,§35 I 肇事致人受傷：吊扣2-4年,吊扣,2,否,期滿發還
S00049,11,週五,15,雲林縣,機車,50-59歲,男,A2,0,2,1,2,尿液,安非他命,二級,2.0,1,0~30,§35 III 十年內再犯：吊銷,吊銷,3,否,重新考領
S00050,4,週六,7,臺中市,小客車,60歲以上,男,A2,0,1,0,2,尿液,安非他命,二級,2.0,0,61~120,§35 I 肇事致人受傷：吊扣2-4年,吊扣,2,否,期滿發還
S00051,11,週五,10,新北市,小客車,50-59歲,男,A2,0,1,0,0,尿液,安非他命,二級,2.0,0,0~30,§35 I 肇事致人受傷：吊扣2-4年,吊扣,2,否,期滿發還
S00052,5,週六,19,桃園市,機車,50-59歲,男,A2,0,1,1,1,尿液,甲基安非他命,二級,2.0,3,0~30,§35 III 十年內再犯：吊銷,吊銷,3,否,重新考領
S00053,7,週五,20,臺中市,小客車,60歲以上,男,A2,0,2,0,0,尿液,安非他命,二級,2.0,0,31~60,§35 I 肇事致人受傷：吊扣2-4年,吊扣,3,否,期滿發還
S00054,8,週六,9,嘉義縣,小客車,20-29歲,男,A2,0,1,1,2,血液,嗎啡,一級,3.0,2,31~60,§35 III 十年內再犯：吊銷,吊銷,3,否,重新考領
S00055,7,週一,21,彰化縣,機車,60歲以上,男,A2,0,1,0,0,尿液,安非他命,二級,2.0,0,31~60,§35 I 肇事致人受傷：吊扣2-4年,吊扣,2,否,期滿發還
S00056,7,週五,14,臺中市,機車,50-59歲,男,A2,0,3,1,1,尿液,安非他命,二級,2.0,1,31~60,§35 III 十年內再犯：吊銷,吊銷,3,否,重新考領
S00057,9,週四,15,花蓮縣,機車,50-59歲,男,A2,0,1,0,0,尿液,甲基安非他命,二級,2.0,0,31~60,§35 I 肇事致人受傷：吊扣2-4年,吊扣,4,否,期滿發還
S00058,3,週一,7,宜蘭縣,小客車,40-49歲,男,A2,0,1,0,1,尿液,安非他命,二級,2.0,0,31~60,§35 I 肇事致人受傷：吊扣2-4年,吊扣,3,否,期滿發還
S00059,11,週一,21,臺中市,小客車,40-49歲,男,A2,0,1,1,0,尿液,愷他命,三級,1.0,1,31~60,§35 III 十年內再犯：吊銷,吊銷,3,否,重新考領
S00060,5,週一,7,新竹縣,大客車,60歲以上,男,A2,0,1,1,3,尿液,嗎啡,一級,3.0,1,31~60,§35 III 十年內再犯：吊銷,吊銷,3,否,重新考領
S00061,1,週一,15,苗栗縣,大客車,50-59歲,男,A2,0,1,0,2,尿液,安非他命,二級,2.0,0,31~60,§35 I 肇事致人受傷：吊扣2-4年,吊扣,4,否,期滿發還
S00062,10,週一,11,嘉義縣,貨車,40-49歲,女,A2,0,1,1,0,尿液,安非他命,二級,2.0,1,121~500,§35 III 十年內再犯：吊銷,吊銷,3,否,重新考領
S00063,5,週一,7,臺南市,機車,50-59歲,女,A2,0,1,0,0,尿液,甲基安非他命,二級,2.0,0,0~30,§35 I 肇事致人受傷：吊扣2-4年,吊扣,3,否,期滿發還
S00064,2,週六,10,桃園市,小客車,20-29歲,男,A2,0,1,1,1,尿液,安非他命,二級,2.0,2,31~60,§35 III 十年內再犯：吊銷,吊銷,3,否,重新考領
S00065,4,週三,15,高雄市,小客車,30-39歲,男,A2,0,1,0,2,尿液,安非他命,二級,2.0,0,31~60,§35 I 肇事致人受傷：吊扣2-4年,吊扣,4,否,期滿發還
S00066,5,週五,17,臺中市,小客車,30-39歲,男,A2,0,2,0,0,尿液,愷他命,三級,1.0,0,31~60,§35 I 肇事致人受傷：吊扣2-4年,吊扣,2,否,期滿發還
S00067,7,週三,22,新北市,機車,60歲以上,男,A2,0,2,1,2,尿液,愷他命,三級,1.0,1,31~60,§35 III 十年內再犯：吊銷,吊銷,3,否,重新考領
S00068,8,週五,5,高雄市,小客車,30-39歲,男,A2,0,1,1,2,尿液,甲基安非他命,二級,2.0,1,31~60,§35 III 十年內再犯：吊銷,吊銷,3,否,重新考領
S00069,10,週五,15,嘉義市,機車,30-39歲,女,A2,0,1,0,0,尿液,甲基安非他命,二級,2.0,0,61~120,§35 I 肇事致人受傷：吊扣2-4年,吊扣,2,否,期滿發還
S00070,8,週四,11,臺北市,機車,30-39歲,男,A2,0,1,1,0,尿液,安非他命,二級,2.0,2,61~120,§35 III 十年內再犯：吊銷,吊銷,3,否,重新考領
S00071,5,週日,19,新北市,小客車,30-39歲,男,A2,0,1,0,3,尿液,甲基安非他命,二級,2.0,0,61~120,§35 I 肇事致人受傷：吊扣2-4年,吊扣,2,否,期滿發還
S00072,12,週四,15,新竹縣,機車,20-29歲,男,A2,0,1,1,1,尿液,安非他命,二級,2.0,2,121~500,§35 III 十年內再犯：吊銷,吊銷,3,否,重新考領
S00073,2,週日,15,臺北市,機車,30-39歲,男,A2,0,2,1,2,血液,愷他命,三級,1.0,1,31~60,§35 III 十年內再犯：吊銷,吊銷,3,否,重新考領
S00074,5,週三,13,雲林縣,小客車,30-39歲,男,A2,0,0,0,1,尿液,甲基安非他命,二級,2.0,0,0~30,§35 I 肇事致人受傷：吊扣2-4年,吊扣,4,否,期滿發還
S00075,1,週一,13,臺中市,小客車,40-49歲,男,A2,0,2,0,2,尿液,嗎啡,一級,3.0,0,31~60,§35 I 肇事致人受傷：吊扣2-4年,吊扣,4,否,期滿發還
S00076,12,週六,11,臺中市,機車,50-59歲,男,A2,0,1,0,3,尿液,甲基安非他命,二級,2.0,0,31~60,§35 I 肇事致人受傷：吊扣2-4年,吊扣,2,否,期滿發還
S00077,7,週日,15,臺東縣,機車,40-49歲,男,A2,0,1,1,2,尿液,安非他命,二級,2.0,1,0~30,§35 III 十年內再犯：吊銷,吊銷,3,否,重新考領
S00078,9,週一,12,高雄市,機車,60歲以上,男,A2,0,1,1,3,尿液,愷他命,三級,1.0,1,0~30,§35 III 十年內再犯：吊銷,吊銷,3,否,重新考領
S00079,5,週三,21,臺中市,小客車,20-29歲,男,A2,0,1,1,2,尿液,安非他命,二級,2.0,1,0~30,§35 III 十年內再犯：吊銷,吊銷,3,否,重新考領
S00080,7,週二,20,臺北市,大客車,40-49歲,男,A2,0,1,0,1,尿液,嗎啡,一級,3.0,0,0~30,§35 I 肇事致人受傷：吊扣2-4年,吊扣,2,否,期滿發還
S00081,7,週五,22,桃園市,機車,30-39歲,男,A2,0,1,1,2,尿液,甲基安非他命,二級,2.0,1,121~500,§35 III 十年內再犯：吊銷,吊銷,3,否,重新考領
S00082,2,週日,8,臺北市,機車,50-59歲,男,A2,0,1,1,0,尿液,安非他命,二級,2.0,2,31~60,§35 III 十年內再犯：吊銷,吊銷,3,否,重新考領
S00083,10,週五,21,新北市,小客車,20-29歲,女,A2,0,1,0,0,尿液,安非他命,二級,2.0,0,31~60,§35 I 肇事致人受傷：吊扣2-4年,吊扣,4,否,期滿發還
S00084,9,週一,11,新北市,小客車,30-39歲,男,A2,0,1,1,0,尿液,甲基安非他命,二級,2.0,1,31~60,§35 III 十年內再犯：吊銷,吊銷,3,否,重新考領
S00085,12,週六,10,彰化縣,機車,50-59歲,男,A2,0,1,1,3,尿液,安非他命,二級,2.0,1,0~30,§35 III 十年內再犯：吊銷,吊銷,3,否,重新考領
S00086,2,週六,18,桃園市,貨車,50-59歲,女,A2,0,1,1,3,尿液,甲基安非他命,二級,2.0,3,121~500,§35 III 十年內再犯：吊銷,吊銷,3,否,重新考領
S00087,1,週五,2,臺北市,機車,50-59歲,男,A2,0,1,1,0,血液,愷他命,三級,1.0,4,0~30,§35 III 十年內再犯：吊銷,吊銷,3,否,重新考領
S00088,9,週六,19,新北市,小客車,40-49歲,男,A2,0,1,0,3,血液,甲基安非他命,二級,2.0,0,31~60,§35 I 肇事致人受傷：吊扣2-4年,吊扣,2,否,期滿發還
S00089,1,週四,17,桃園市,機車,40-49歲,男,A2,0,1,0,3,尿液,甲基安非他命,二級,2.0,0,31~60,§35 I 肇事致人受傷：吊扣2-4年,吊扣,2,否,期滿發還
S00090,12,週二,18,桃園市,小客車,40-49歲,男,A2,0,1,0,3,尿液,愷他命,三級,1.0,0,31~60,§35 I 肇事致人受傷：吊扣2-4年,吊扣,4,否,期滿發還
S00091,5,週日,15,臺中市,小客車,30-39歲,男,A2,0,1,1,2,尿液,安非他命,二級,2.0,1,31~60,§35 III 十年內再犯：吊銷,吊銷,3,否,重新考領
S00092,1,週四,17,臺南市,小客車,30-39歲,男,A2,0,1,1,0,尿液,甲基安非他命,二級,2.0,1,0~30,§35 III 十年內再犯：吊銷,吊銷,3,否,重新考領
S00093,12,週四,22,臺中市,機車,40-49歲,女,A2,0,1,0,1,血液,嗎啡,一級,3.0,0,0~30,§35 I 肇事致人受傷：吊扣2-4年,吊扣,3,否,期滿發還
S00094,11,週六,21,臺中市,機車,40-49歲,男,A2,0,2,0,2,尿液,愷他命,三級,1.0,0,31~60,§35 I 肇事致人受傷：吊扣2-4年,吊扣,3,否,期滿發還
S00095,5,週二,8,高雄市,小客車,40-49歲,男,A2,0,1,0,3,尿液,甲基安非他命,二級,2.0,0,121~500,§35 I 肇事致人受傷：吊扣2-4年,吊扣,3,否,期滿發還
S00096,8,週日,16,桃園市,小客車,40-49歲,男,A2,0,1,1,1,尿液,安非他命,二級,2.0,1,0~30,§35 III 十年內再犯：吊銷,吊銷,3,否,重新考領
S00097,7,週五,19,臺北市,小客車,50-59歲,男,A2,0,1,1,2,尿液,安非他命,二級,2.0,1,61~120,§35 III 十年內再犯：吊銷,吊銷,3,否,重新考領
S00098,8,週三,18,彰化縣,小客車,30-39歲,男,A2,0,2,1,3,尿液,嗎啡,一級,3.0,1,31~60,§35 III 十年內再犯：吊銷,吊銷,3,否,重新考領
S00099,8,週一,18,雲林縣,貨車,50-59歲,男,A2,0,1,1,0,尿液,安非他命,二級,2.0,1,31~60,§35 III 十年內再犯：吊銷,吊銷,3,否,重新考領
S00100,4,週三,13,臺南市,小客車,30-39歲,男,A2,0,1,0,0,尿液,安非他命,二級,2.0,0,0~30,§35 I 肇事致人受傷：吊扣2-4年,吊扣,2,否,期滿發還
S00101,1,週四,8,嘉義市,小客車,60歲以上,女,A2,0,2,1,0,尿液,安非他命,二級,2.0,1,0~30,§35 III 十年內再犯：吊銷,吊銷,3,否,重新考領
S00102,9,週一,18,臺中市,小客車,40-49歲,女,A2,0,1,0,2,尿液,愷他命,三級,1.0,0,0~30,§35 I 肇事致人受傷：吊扣2-4年,吊扣,2,否,期滿發還
S00103,4,週五,13,高雄市,機車,40-49歲,男,A2,0,2,1,0,血液,安非他命,二級,2.0,1,31~60,§35 III 十年內再犯：吊銷,吊銷,3,否,重新考領
S00104,4,週日,15,宜蘭縣,貨車,30-39歲,男,A2,0,1,0,0,尿液,安非他命,二級,2.0,0,31~60,§35 I 肇事致人受傷：吊扣2-4年,吊扣,2,否,期滿發還
S00105,11,週五,3,臺中市,小客車,30-39歲,男,A2,0,2,1,1,尿液,安非他命,二級,2.0,1,0~30,§35 III 十年內再犯：吊銷,吊銷,3,否,重新考領
S00106,4,週日,9,宜蘭縣,小客車,30-39歲,女,A2,0,1,0,0,尿液,安非他命,二級,2.0,0,31~60,§35 I 肇事致人受傷：吊扣2-4年,吊扣,2,否,期滿發還
S00107,3,週六,12,新北市,小客車,50-59歲,男,A2,0,1,0,1,血液,嗎啡,一級,3.0,0,31~60,§35 I 肇事致人受傷：吊扣2-4年,吊扣,4,否,期滿發還
S00108,7,週六,19,屏東縣,貨車,30-39歲,男,A2,0,1,1,2,尿液,甲基安非他命,二級,2.0,1,121~500,§35 III 十年內再犯：吊銷,吊銷,3,否,重新考領
S00109,3,週三,14,臺中市,機車,30-39歲,男,A2,0,2,0,1,尿液,嗎啡,一級,3.0,0,0~30,§35 I 肇事致人受傷：吊扣2-4年,吊扣,3,否,期滿發還
S00110,7,週三,8,臺南市,小客車,40-49歲,女,A2,0,1,1,0,尿液,安非他命,二級,2.0,2,31~60,§35 III 十年內再犯：吊銷,吊銷,3,否,重新考領
S00111,11,週二,8,桃園市,小客車,40-49歲,男,A2,0,1,1,0,尿液,甲基安非他命,二級,2.0,1,0~30,§35 III 十年內再犯：吊銷,吊銷,3,否,重新考領
S00112,4,週二,16,臺南市,機車,40-49歲,男,A2,0,1,1,0,尿液,愷他命,三級,1.0,1,31~60,§35 III 十年內再犯：吊銷,吊銷,3,否,重新考領
S00113,8,週日,8,新北市,機車,20-29歲,男,A2,0,1,0,2,尿液,甲基安非他命,二級,2.0,0,31~60,§35 I 肇事致人受傷：吊扣2-4年,吊扣,2,否,期滿發還
S00114,3,週三,23,臺北市,貨車,30-39歲,女,A2,0,1,1,1,尿液,安非他命,二級,2.0,1,31~60,§35 III 十年內再犯：吊銷,吊銷,3,否,重新考領
S00115,4,週五,8,宜蘭縣,小客車,20-29歲,男,A2,0,1,0,0,尿液,愷他命,三級,1.0,0,0~30,§35 I 肇事致人受傷：吊扣2-4年,吊扣,4,否,期滿發還
S00116,4,週二,16,新北市,小客車,30-39歲,男,A2,0,2,1,3,尿液,愷他命,三級,1.0,2,61~120,§35 III 十年內再犯：吊銷,吊銷,3,否,重新考領
S00117,1,週四,3,新北市,小客車,40-49歲,男,A2,0,1,0,0,血液,甲基安非他命,二級,2.0,0,61~120,§35 I 肇事致人受傷：吊扣2-4年,吊扣,2,否,期滿發還
S00118,10,週一,15,臺南市,小客車,30-39歲,女,A2,0,1,1,0,尿液,嗎啡,一級,3.0,1,31~60,§35 III 十年內再犯：吊銷,吊銷,3,否,重新考領
S00119,1,週一,17,新竹縣,機車,40-49歲,男,A2,0,2,0,3,尿液,甲基安非他命,二級,2.0,0,61~120,§35 I 肇事致人受傷：吊扣2-4年,吊扣,2,否,期滿發還
S00120,1,週日,20,臺中市,機車,50-59歲,男,A2,0,1,1,1,尿液,嗎啡,一級,3.0,2,31~60,§35 III 十年內再犯：吊銷,吊銷,3,否,重新考領
S00121,10,週二,1,臺北市,小客車,60歲以上,男,A2,0,1,0,1,尿液,甲基安非他命,二級,2.0,0,31~60,§35 I 肇事致人受傷：吊扣2-4年,吊扣,2,否,期滿發還
S00122,4,週五,8,桃園市,機車,20-29歲,男,A2,0,1,1,1,尿液,安非他命,二級,2.0,1,31~60,§35 III 十年內再犯：吊銷,吊銷,3,否,重新考領
S00123,9,週六,7,新北市,貨車,40-49歲,男,A2,0,1,1,1,血液,甲基安非他命,二級,2.0,1,31~60,§35 III 十年內再犯：吊銷,吊銷,3,否,重新考領
S00124,1,週二,10,基隆市,機車,30-39歲,男,A2,0,2,1,0,尿液,嗎啡,一級,3.0,1,0~30,§35 III 十年內再犯：吊銷,吊銷,3,否,重新考領
S00125,2,週六,14,新竹縣,機車,40-49歲,男,A2,0,2,1,3,血液,愷他命,三級,1.0,1,31~60,§35 III 十年內再犯：吊銷,吊銷,3,否,重新考領
S00126,11,週三,19,新竹市,小客車,40-49歲,男,A2,0,1,1,3,尿液,甲基安非他命,二級,2.0,1,0~30,§35 III 十年內再犯：吊銷,吊銷,3,否,重新考領
S00127,10,週五,14,桃園市,機車,50-59歲,男,A2,0,2,1,1,尿液,嗎啡,一級,3.0,1,31~60,§35 III 十年內再犯：吊銷,吊銷,3,否,重新考領
S00128,2,週二,22,新北市,機車,40-49歲,女,A2,0,1,0,3,血液,安非他命,二級,2.0,0,31~60,§35 I 肇事致人受傷：吊扣2-4年,吊扣,2,否,期滿發還
S00129,3,週日,14,屏東縣,小客車,50-59歲,男,A2,0,1,1,1,血液,甲基安非他命,二級,2.0,1,31~60,§35 III 十年內再犯：吊銷,吊銷,3,否,重新考領
S00130,11,週五,16,臺南市,小客車,40-49歲,男,A2,0,1,0,1,尿液,愷他命,三級,1.0,0,31~60,§35 I 肇事致人受傷：吊扣2-4年,吊扣,4,否,期滿發還
S00131,4,週三,22,臺南市,機車,50-59歲,男,A2,0,1,1,1,尿液,甲基安非他命,二級,2.0,1,0~30,§35 III 十年內再犯：吊銷,吊銷,3,否,重新考領
S00132,12,週三,3,宜蘭縣,機車,50-59歲,男,A2,0,1,1,2,尿液,嗎啡,一級,3.0,1,31~60,§35 III 十年內再犯：吊銷,吊銷,3,否,重新考領
S00133,10,週六,14,臺中市,小客車,40-49歲,男,A2,0,1,0,1,尿液,嗎啡,一級,3.0,0,31~60,§35 I 肇事致人受傷：吊扣2-4年,吊扣,3,否,期滿發還
S00134,7,週二,18,臺中市,大客車,19歲以下,男,A2,0,1,1,0,尿液,甲基安非他命,二級,2.0,2,0~30,§35 III 十年內再犯：吊銷,吊銷,3,否,重新考領
S00135,8,週五,7,彰化縣,小客車,40-49歲,男,A2,0,1,1,0,尿液,安非他命,二級,2.0,2,0~30,§35 III 十年內再犯：吊銷,吊銷,3,否,重新考領
S00136,7,週二,13,臺南市,小客車,60歲以上,男,A2,0,1,1,3,尿液,安非他命,二級,2.0,1,31~60,§35 III 十年內再犯：吊銷,吊銷,3,否,重新考領
S00137,6,週二,8,臺南市,機車,40-49歲,男,A2,0,3,1,3,尿液,嗎啡,一級,3.0,1,31~60,§35 III 十年內再犯：吊銷,吊銷,3,否,重新考領
S00138,6,週六,19,嘉義縣,小客車,40-49歲,男,A2,0,2,0,2,尿液,甲基安非他命,二級,2.0,0,31~60,§35 I 肇事致人受傷：吊扣2-4年,吊扣,4,否,期滿發還
S00139,4,週日,16,桃園市,小客車,30-39歲,男,A2,0,2,1,1,尿液,安非他命,二級,2.0,2,31~60,§35 III 十年內再犯：吊銷,吊銷,3,否,重新考領
S00140,5,週日,7,高雄市,大客車,30-39歲,男,A2,0,1,1,0,尿液,嗎啡,一級,3.0,1,0~30,§35 III 十年內再犯：吊銷,吊銷,3,否,重新考領
S00141,7,週日,7,彰化縣,機車,50-59歲,男,A2,0,1,0,2,尿液,安非他命,二級,2.0,0,31~60,§35 I 肇事致人受傷：吊扣2-4年,吊扣,4,否,期滿發還
S00142,10,週五,10,高雄市,機車,50-59歲,女,A2,0,1,1,2,血液,安非他命,二級,2.0,2,0~30,§35 III 十年內再犯：吊銷,吊銷,3,否,重新考領
S00143,6,週六,23,臺中市,小客車,30-39歲,男,A2,0,1,1,1,尿液,愷他命,三級,1.0,2,31~60,§35 III 十年內再犯：吊銷,吊銷,3,否,重新考領
S00144,4,週二,16,新北市,小客車,50-59歲,男,A2,0,1,1,3,尿液,甲基安非他命,二級,2.0,1,31~60,§35 III 十年內再犯：吊銷,吊銷,3,否,重新考領
S00145,2,週四,13,彰化縣,機車,20-29歲,男,A2,0,1,1,3,尿液,安非他命,二級,2.0,1,121~500,§35 III 十年內再犯：吊銷,吊銷,3,否,重新考領
S00146,4,週五,10,桃園市,機車,50-59歲,男,A2,0,1,1,3,尿液,安非他命,二級,2.0,1,31~60,§35 III 十年內再犯：吊銷,吊銷,3,否,重新考領
S00147,7,週四,14,桃園市,小客車,50-59歲,男,A2,0,2,0,1,尿液,嗎啡,一級,3.0,0,121~500,§35 I 肇事致人受傷：吊扣2-4年,吊扣,3,否,期滿發還
S00148,2,週六,7,苗栗縣,機車,40-49歲,女,A2,0,1,0,1,尿液,愷他命,三級,1.0,0,31~60,§35 I 肇事致人受傷：吊扣2-4年,吊扣,4,否,期滿發還
S00149,8,週三,23,嘉義市,小客車,40-49歲,男,A2,0,2,1,3,尿液,愷他命,三級,1.0,2,31~60,§35 III 十年內再犯：吊銷,吊銷,3,否,重新考領
S00150,1,週三,11,桃園市,小客車,60歲以上,男,A2,0,1,1,2,尿液,愷他命,三級,1.0,2,0~30,§35 III 十年內再犯：吊銷,吊銷,3,否,重新考領
S00151,8,週五,9,新北市,小客車,19歲以下,男,A2,0,2,0,2,尿液,安非他命,二級,2.0,0,121~500,§35 I 肇事致人受傷：吊扣2-4年,吊扣,2,否,期滿發還
S00152,11,週日,14,桃園市,小客車,30-39歲,男,A2,0,4,0,2,尿液,安非他命,二級,2.0,0,121~500,§35 I 肇事致人受傷：吊扣2-4年,吊扣,4,否,期滿發還
S00153,11,週二,15,新北市,小客車,40-49歲,男,A2,0,1,1,3,尿液,甲基安非他命,二級,2.0,1,31~60,§35 III 十年內再犯：吊銷,吊銷,3,否,重新考領
S00154,8,週三,22,彰化縣,機車,40-49歲,男,A2,0,1,1,0,尿液,嗎啡,一級,3.0,2,31~60,§35 III 十年內再犯：吊銷,吊銷,3,否,重新考領
S00155,10,週三,7,桃園市,小客車,50-59歲,男,A2,0,2,0,3,尿液,甲基安非他命,二級,2.0,0,0~30,§35 I 肇事致人受傷：吊扣2-4年,吊扣,3,否,期滿發還
S00156,11,週一,14,新竹市,機車,60歲以上,男,A2,0,1,1,0,尿液,安非他命,二級,2.0,1,121~500,§35 III 十年內再犯：吊銷,吊銷,3,否,重新考領
S00157,8,週五,21,宜蘭縣,小客車,60歲以上,女,A2,0,1,1,3,尿液,愷他命,三級,1.0,1,0~30,§35 III 十年內再犯：吊銷,吊銷,3,否,重新考領
S00158,7,週三,14,桃園市,小客車,30-39歲,男,A2,0,1,1,2,尿液,安非他命,二級,2.0,1,61~120,§35 III 十年內再犯：吊銷,吊銷,3,否,重新考領
S00159,7,週四,19,新北市,機車,60歲以上,男,A2,0,1,1,2,尿液,甲基安非他命,二級,2.0,1,31~60,§35 III 十年內再犯：吊銷,吊銷,3,否,重新考領
S00160,10,週三,17,高雄市,機車,20-29歲,男,A2,0,1,1,0,尿液,甲基安非他命,二級,2.0,1,0~30,§35 III 十年內再犯：吊銷,吊銷,3,否,重新考領
S00161,5,週五,7,高雄市,小客車,30-39歲,男,A2,0,1,1,3,尿液,愷他命,三級,1.0,3,61~120,§35 III 十年內再犯：吊銷,吊銷,3,否,重新考領
S00162,1,週五,13,花蓮縣,小客車,30-39歲,男,A2,0,1,1,1,尿液,甲基安非他命,二級,2.0,1,121~500,§35 III 十年內再犯：吊銷,吊銷,3,否,重新考領
S00163,7,週一,23,桃園市,機車,40-49歲,男,A2,0,1,1,0,尿液,嗎啡,一級,3.0,2,31~60,§35 III 十年內再犯：吊銷,吊銷,3,否,重新考領
S00164,1,週二,13,桃園市,貨車,50-59歲,女,A2,0,1,0,0,尿液,愷他命,三級,1.0,0,31~60,§35 I 肇事致人受傷：吊扣2-4年,吊扣,4,否,期滿發還
S00165,1,週二,14,嘉義縣,機車,40-49歲,男,A2,0,1,1,3,尿液,安非他命,二級,2.0,4,31~60,§35 III 十年內再犯：吊銷,吊銷,3,否,重新考領
S00166,4,週五,15,臺中市,機車,30-39歲,男,A1,1,1,0,1,尿液,甲基安非他命,二級,2.0,0,31~60,§35 致人死亡：吊銷並終身不得考領,吊銷,,是,終身不得考領
S00167,11,週六,6,臺中市,機車,50-59歲,男,A2,0,1,0,3,尿液,安非他命,二級,2.0,0,31~60,§35 I 肇事致人受傷：吊扣2-4年,吊扣,3,否,期滿發還
S00168,4,週日,19,臺中市,機車,50-59歲,男,A2,0,1,1,1,尿液,安非他命,二級,2.0,3,31~60,§35 III 十年內再犯：吊銷,吊銷,3,否,重新考領
S00169,7,週六,13,高雄市,大客車,50-59歲,女,A2,0,1,1,0,尿液,甲基安非他命,二級,2.0,1,0~30,§35 III 十年內再犯：吊銷,吊銷,3,否,重新考領
S00170,8,週三,7,臺中市,小客車,60歲以上,男,A2,0,2,0,1,血液,嗎啡,一級,3.0,0,121~500,§35 I 肇事致人受傷：吊扣2-4年,吊扣,3,否,期滿發還
S00171,9,週四,2,臺中市,小客車,30-39歲,男,A2,0,0,1,3,尿液,安非他命,二級,2.0,1,0~30,§35 III 十年內再犯：吊銷,吊銷,3,否,重新考領
S00172,4,週六,19,臺南市,機車,40-49歲,女,A2,0,1,1,3,尿液,安非他命,二級,2.0,1,0~30,§35 III 十年內再犯：吊銷,吊銷,3,否,重新考領
S00173,7,週日,9,雲林縣,大客車,40-49歲,男,A2,0,1,1,1,尿液,安非他命,二級,2.0,2,0~30,§35 III 十年內再犯：吊銷,吊銷,3,否,重新考領
S00174,12,週二,11,臺南市,機車,40-49歲,男,A2,0,1,1,1,尿液,甲基安非他命,二級,2.0,1,61~120,§35 III 十年內再犯：吊銷,吊銷,3,否,重新考領
S00175,6,週日,19,新竹市,貨車,40-49歲,男,A2,0,1,0,1,尿液,愷他命,三級,1.0,0,0~30,§35 I 肇事致人受傷：吊扣2-4年,吊扣,4,否,期滿發還
S00176,12,週日,13,臺中市,機車,30-39歲,男,A2,0,1,0,2,尿液,甲基安非他命,二級,2.0,0,0~30,§35 I 肇事致人受傷：吊扣2-4年,吊扣,4,否,期滿發還
S00177,1,週二,0,桃園市,小客車,30-39歲,男,A2,0,2,1,1,尿液,甲基安非他命,二級,2.0,1,121~500,§35 III 十年內再犯：吊銷,吊銷,3,否,重新考領
S00178,7,週五,13,新竹縣,機車,50-59歲,男,A2,0,1,1,1,尿液,愷他命,三級,1.0,3,31~60,§35 III 十年內再犯：吊銷,吊銷,3,否,重新考領
S00179,1,週六,1,臺南市,機車,20-29歲,男,A2,0,2,1,0,尿液,安非他命,二級,2.0,1,0~30,§35 III 十年內再犯：吊銷,吊銷,3,否,重新考領
S00180,5,週一,16,臺北市,機車,30-39歲,男,A2,0,1,1,2,尿液,安非他命,二級,2.0,2,61~120,§35 III 十年內再犯：吊銷,吊銷,3,否,重新考領
S00181,7,週三,7,新北市,小客車,40-49歲,男,A2,0,1,1,1,尿液,安非他命,二級,2.0,1,121~500,§35 III 十年內再犯：吊銷,吊銷,3,否,重新考領
S00182,8,週五,11,新北市,機車,30-39歲,男,A2,0,1,1,3,血液,安非他命,二級,2.0,1,61~120,§35 III 十年內再犯：吊銷,吊銷,3,否,重新考領
S00183,7,週四,16,新北市,小客車,40-49歲,男,A2,0,1,1,1,尿液,嗎啡,一級,3.0,1,0~30,§35 III 十年內再犯：吊銷,吊銷,3,否,重新考領
S00184,7,週日,21,桃園市,機車,50-59歲,男,A2,0,2,0,2,尿液,愷他命,三級,1.0,0,0~30,§35 I 肇事致人受傷：吊扣2-4年,吊扣,4,否,期滿發還
S00185,8,週四,7,臺中市,機車,30-39歲,男,A2,0,1,1,2,尿液,愷他命,三級,1.0,1,121~500,§35 III 十年內再犯：吊銷,吊銷,3,否,重新考領
S00186,10,週四,8,苗栗縣,機車,40-49歲,男,A2,0,1,1,3,尿液,甲基安非他命,二級,2.0,1,0~30,§35 III 十年內再犯：吊銷,吊銷,3,否,重新考領
S00187,7,週四,19,高雄市,機車,20-29歲,男,A2,0,1,1,3,尿液,安非他命,二級,2.0,2,121~500,§35 III 十年內再犯：吊銷,吊銷,3,否,重新考領
S00188,8,週六,18,臺北市,機車,20-29歲,女,A2,0,1,1,0,尿液,甲基安非他命,二級,2.0,1,31~60,§35 III 十年內再犯：吊銷,吊銷,3,否,重新考領
S00189,1,週六,1,新北市,小客車,20-29歲,男,A2,0,1,1,1,血液,愷他命,三級,1.0,1,0~30,§35 III 十年內再犯：吊銷,吊銷,3,否,重新考領
S00190,1,週日,7,桃園市,機車,20-29歲,男,A2,0,1,0,1,尿液,甲基安非他命,二級,2.0,0,0~30,§35 I 肇事致人受傷：吊扣2-4年,吊扣,4,否,期滿發還
S00191,6,週三,18,新北市,機車,40-49歲,男,A2,0,1,1,3,尿液,甲基安非他命,二級,2.0,4,0~30,§35 III 十年內再犯：吊銷,吊銷,3,否,重新考領
S00192,10,週一,18,臺中市,貨車,30-39歲,男,A2,0,1,1,2,尿液,安非他命,二級,2.0,1,31~60,§35 III 十年內再犯：吊銷,吊銷,3,否,重新考領
S00193,6,週日,7,新北市,小客車,40-49歲,男,A2,0,1,1,2,尿液,愷他命,三級,1.0,1,31~60,§35 III 十年內再犯：吊銷,吊銷,3,否,重新考領
S00194,7,週二,13,桃園市,小客車,40-49歲,男,A2,0,1,0,2,尿液,嗎啡,一級,3.0,0,31~60,§35 I 肇事致人受傷：吊扣2-4年,吊扣,3,否,期滿發還
S00195,10,週四,19,高雄市,機車,20-29歲,男,A2,0,4,1,2,尿液,甲基安非他命,二級,2.0,2,31~60,§35 III 十年內再犯：吊銷,吊銷,3,否,重新考領
S00196,4,週日,13,新北市,機車,50-59歲,女,A2,0,2,1,2,尿液,甲基安非他命,二級,2.0,1,121~500,§35 III 十年內再犯：吊銷,吊銷,3,否,重新考領
S00197,11,週日,19,臺北市,機車,40-49歲,女,A2,0,1,1,2,尿液,甲基安非他命,二級,2.0,2,31~60,§35 III 十年內再犯：吊銷,吊銷,3,否,重新考領
S00198,2,週四,6,臺中市,機車,50-59歲,男,A2,0,1,0,3,尿液,愷他命,三級,1.0,0,0~30,§35 I 肇事致人受傷：吊扣2-4年,吊扣,2,否,期滿發還
S00199,2,週三,0,高雄市,機車,60歲以上,男,A2,0,2,0,3,尿液,甲基安非他命,二級,2.0,0,121~500,§35 I 肇事致人受傷：吊扣2-4年,吊扣,2,否,期滿發還
S00200,3,週一,20,臺南市,貨車,40-49歲,男,A2,0,1,1,0,血液,安非他命,二級,2.0,1,31~60,§35 III 十年內再犯：吊銷,吊銷,3,否,重新考領
S00201,9,週日,15,新北市,大客車,40-49歲,男,A2,0,1,0,0,尿液,安非他命,二級,2.0,0,31~60,§35 I 肇事致人受傷：吊扣2-4年,吊扣,3,否,期滿發還
S00202,12,週三,11,臺中市,小客車,60歲以上,男,A2,0,2,0,2,尿液,甲基安非他命,二級,2.0,0,0~30,§35 I 肇事致人受傷：吊扣2-4年,吊扣,2,否,期滿發還
S00203,7,週一,15,宜蘭縣,小客車,40-49歲,男,A2,0,2,0,2,尿液,甲基安非他命,二級,2.0,0,31~60,§35 I 肇事致人受傷：吊扣2-4年,吊扣,2,否,期滿發還
S00204,6,週五,21,宜蘭縣,小客車,40-49歲,男,A2,0,1,1,0,血液,安非他命,二級,2.0,1,0~30,§35 III 十年內再犯：吊銷,吊銷,3,否,重新考領
S00205,1,週一,7,臺南市,小客車,50-59歲,男,A2,0,1,1,0,尿液,安非他命,二級,2.0,4,0~30,§35 III 十年內再犯：吊銷,吊銷,3,否,重新考領
S00206,6,週二,8,嘉義市,小客車,40-49歲,男,A2,0,2,0,0,尿液,安非他命,二級,2.0,0,31~60,§35 I 肇事致人受傷：吊扣2-4年,吊扣,4,否,期滿發還
S00207,11,週六,18,桃園市,小客車,50-59歲,男,A2,0,1,0,3,尿液,愷他命,三級,1.0,0,61~120,§35 I 肇事致人受傷：吊扣2-4年,吊扣,2,否,期滿發還
S00208,11,週五,17,高雄市,機車,40-49歲,男,A2,0,2,1,2,尿液,甲基安非他命,二級,2.0,1,121~500,§35 III 十年內再犯：吊銷,吊銷,3,否,重新考領
S00209,3,週六,22,高雄市,小客車,50-59歲,男,A2,0,1,1,2,尿液,嗎啡,一級,3.0,1,0~30,§35 III 十年內再犯：吊銷,吊銷,3,否,重新考領
S00210,6,週三,7,高雄市,機車,40-49歲,男,A2,0,2,1,3,尿液,甲基安非他命,二級,2.0,1,61~120,§35 III 十年內再犯：吊銷,吊銷,3,否,重新考領
S00211,11,週三,15,高雄市,小客車,40-49歲,男,A2,0,1,1,0,尿液,甲基安非他命,二級,2.0,1,31~60,§35 III 十年內再犯：吊銷,吊銷,3,否,重新考領
S00212,6,週四,19,嘉義市,機車,40-49歲,女,A2,0,3,1,0,血液,甲基安非他命,二級,2.0,1,0~30,§35 III 十年內再犯：吊銷,吊銷,3,否,重新考領
S00213,9,週日,20,屏東縣,小客車,40-49歲,男,A2,0,1,1,1,尿液,甲基安非他命,二級,2.0,1,31~60,§35 III 十年內再犯：吊銷,吊銷,3,否,重新考領
S00214,5,週二,16,臺中市,機車,30-39歲,男,A2,0,1,1,0,尿液,甲基安非他命,二級,2.0,2,31~60,§35 III 十年內再犯：吊銷,吊銷,3,否,重新考領
S00215,7,週三,18,新北市,機車,50-59歲,女,A2,0,1,1,2,尿液,甲基安非他命,二級,2.0,1,0~30,§35 III 十年內再犯：吊銷,吊銷,3,否,重新考領
S00216,8,週六,8,雲林縣,小客車,40-49歲,女,A2,0,1,0,0,尿液,甲基安非他命,二級,2.0,0,0~30,§35 I 肇事致人受傷：吊扣2-4年,吊扣,3,否,期滿發還
S00217,10,週日,0,嘉義市,小客車,40-49歲,男,A2,0,1,1,0,尿液,甲基安非他命,二級,2.0,1,31~60,§35 III 十年內再犯：吊銷,吊銷,3,否,重新考領
S00218,11,週二,22,臺南市,小客車,60歲以上,男,A2,0,1,1,2,尿液,安非他命,二級,2.0,2,31~60,§35 III 十年內再犯：吊銷,吊銷,3,否,重新考領
S00219,11,週一,12,桃園市,小客車,50-59歲,女,A2,0,1,1,3,尿液,安非他命,二級,2.0,1,0~30,§35 III 十年內再犯：吊銷,吊銷,3,否,重新考領
S00220,8,週六,16,屏東縣,小客車,40-49歲,男,A2,0,2,1,0,尿液,安非他命,二級,2.0,2,31~60,§35 III 十年內再犯：吊銷,吊銷,3,否,重新考領
S00221,7,週四,14,臺北市,機車,50-59歲,男,A2,0,2,1,1,血液,愷他命,三級,1.0,1,31~60,§35 III 十年內再犯：吊銷,吊銷,3,否,重新考領
S00222,7,週四,19,臺北市,機車,40-49歲,男,A2,0,1,1,1,尿液,嗎啡,一級,3.0,3,0~30,§35 III 十年內再犯：吊銷,吊銷,3,否,重新考領
S00223,3,週日,21,高雄市,機車,40-49歲,男,A2,0,1,0,0,尿液,甲基安非他命,二級,2.0,0,31~60,§35 I 肇事致人受傷：吊扣2-4年,吊扣,4,否,期滿發還
S00224,10,週三,10,屏東縣,機車,19歲以下,男,A2,0,1,0,1,尿液,甲基安非他命,二級,2.0,0,31~60,§35 I 肇事致人受傷：吊扣2-4年,吊扣,3,否,期滿發還
S00225,6,週六,13,臺中市,機車,40-49歲,男,A2,0,1,1,1,尿液,安非他命,二級,2.0,1,121~500,§35 III 十年內再犯：吊銷,吊銷,3,否,重新考領
S00226,4,週六,9,基隆市,小客車,50-59歲,男,A2,0,1,1,0,血液,愷他命,三級,1.0,1,31~60,§35 III 十年內再犯：吊銷,吊銷,3,否,重新考領
S00227,7,週五,17,臺中市,機車,50-59歲,男,A2,0,1,0,0,尿液,安非他命,二級,2.0,0,31~60,§35 I 肇事致人受傷：吊扣2-4年,吊扣,4,否,期滿發還
S00228,7,週四,10,基隆市,小客車,50-59歲,男,A2,0,1,1,0,尿液,安非他命,二級,2.0,1,31~60,§35 III 十年內再犯：吊銷,吊銷,3,否,重新考領
S00229,10,週五,17,高雄市,機車,60歲以上,男,A2,0,1,1,3,尿液,安非他命,二級,2.0,1,121~500,§35 III 十年內再犯：吊銷,吊銷,3,否,重新考領
S00230,10,週六,12,高雄市,機車,40-49歲,男,A2,0,2,0,3,尿液,甲基安非他命,二級,2.0,0,121~500,§35 I 肇事致人受傷：吊扣2-4年,吊扣,2,否,期滿發還
S00231,11,週一,17,臺中市,小客車,50-59歲,女,A2,0,1,1,0,尿液,甲基安非他命,二級,2.0,3,61~120,§35 III 十年內再犯：吊銷,吊銷,3,否,重新考領
S00232,10,週五,13,雲林縣,機車,40-49歲,男,A2,0,2,1,0,尿液,甲基安非他命,二級,2.0,1,31~60,§35 III 十年內再犯：吊銷,吊銷,3,否,重新考領
S00233,11,週五,18,新北市,貨車,50-59歲,男,A2,0,1,0,2,尿液,嗎啡,一級,3.0,0,0~30,§35 I 肇事致人受傷：吊扣2-4年,吊扣,4,否,期滿發還
S00234,1,週六,20,臺北市,機車,60歲以上,男,A2,0,1,1,1,尿液,安非他命,二級,2.0,1,31~60,§35 III 十年內再犯：吊銷,吊銷,3,否,重新考領
S00235,2,週六,7,新竹縣,機車,50-59歲,男,A2,0,1,1,0,尿液,安非他命,二級,2.0,1,31~60,§35 III 十年內再犯：吊銷,吊銷,3,否,重新考領
S00236,10,週四,18,臺中市,機車,60歲以上,男,A2,0,2,1,0,尿液,安非他命,二級,2.0,2,0~30,§35 III 十年內再犯：吊銷,吊銷,3,否,重新考領
S00237,7,週四,9,臺中市,機車,40-49歲,男,A2,0,1,1,0,尿液,甲基安非他命,二級,2.0,1,0~30,§35 III 十年內再犯：吊銷,吊銷,3,否,重新考領
S00238,9,週五,19,臺中市,小客車,50-59歲,男,A2,0,1,1,1,尿液,甲基安非他命,二級,2.0,1,0~30,§35 III 十年內再犯：吊銷,吊銷,3,否,重新考領
S00239,4,週一,23,臺北市,機車,20-29歲,女,A2,0,1,1,0,血液,愷他命,三級,1.0,1,31~60,§35 III 十年內再犯：吊銷,吊銷,3,否,重新考領
S00240,7,週一,11,高雄市,小客車,30-39歲,男,A2,0,1,0,0,尿液,安非他命,二級,2.0,0,0~30,§35 I 肇事致人受傷：吊扣2-4年,吊扣,2,否,期滿發還
S00241,1,週二,14,臺中市,小客車,19歲以下,男,A2,0,1,0,1,尿液,安非他命,二級,2.0,0,0~30,§35 I 肇事致人受傷：吊扣2-4年,吊扣,2,否,期滿發還
S00242,8,週六,17,新北市,小客車,40-49歲,男,A2,0,1,1,3,尿液,嗎啡,一級,3.0,1,0~30,§35 III 十年內再犯：吊銷,吊銷,3,否,重新考領
S00243,12,週五,18,桃園市,小客車,20-29歲,男,A2,0,1,1,3,尿液,安非他命,二級,2.0,1,0~30,§35 III 十年內再犯：吊銷,吊銷,3,否,重新考領
S00244,9,週三,8,基隆市,小客車,40-49歲,男,A2,0,1,1,0,尿液,安非他命,二級,2.0,4,0~30,§35 III 十年內再犯：吊銷,吊銷,3,否,重新考領
S00245,7,週五,0,新北市,小客車,40-49歲,男,A2,0,1,1,0,尿液,安非他命,二級,2.0,4,31~60,§35 III 十年內再犯：吊銷,吊銷,3,否,重新考領
S00246,11,週四,4,臺南市,機車,40-49歲,男,A2,0,1,1,1,尿液,安非他命,二級,2.0,1,31~60,§35 III 十年內再犯：吊銷,吊銷,3,否,重新考領
S00247,7,週五,15,臺南市,小客車,50-59歲,女,A2,0,2,0,3,尿液,嗎啡,一級,3.0,0,0~30,§35 I 肇事致人受傷：吊扣2-4年,吊扣,2,否,期滿發還
S00248,4,週四,17,基隆市,小客車,40-49歲,男,A2,0,2,0,2,尿液,甲基安非他命,二級,2.0,0,31~60,§35 I 肇事致人受傷：吊扣2-4年,吊扣,2,否,期滿發還
S00249,11,週六,14,宜蘭縣,小客車,30-39歲,女,A2,0,1,0,1,尿液,甲基安非他命,二級,2.0,0,0~30,§35 I 肇事致人受傷：吊扣2-4年,吊扣,3,否,期滿發還
S00250,7,週二,10,高雄市,貨車,20-29歲,男,A2,0,1,1,3,血液,甲基安非他命,二級,2.0,1,31~60,§35 III 十年內再犯：吊銷,吊銷,3,否,重新考領
S00251,4,週六,19,臺南市,小客車,30-39歲,男,A2,0,2,0,2,尿液,愷他命,三級,1.0,0,31~60,§35 I 肇事致人受傷：吊扣2-4年,吊扣,4,否,期滿發還
S00252,7,週一,10,桃園市,機車,40-49歲,男,A2,0,1,1,3,尿液,安非他命,二級,2.0,2,0~30,§35 III 十年內再犯：吊銷,吊銷,3,否,重新考領
S00253,8,週五,0,高雄市,小客車,40-49歲,男,A2,0,1,1,2,尿液,安非他命,二級,2.0,2,31~60,§35 III 十年內再犯：吊銷,吊銷,3,否,重新考領
S00254,3,週三,12,嘉義市,機車,40-49歲,女,A2,0,2,0,3,尿液,甲基安非他命,二級,2.0,0,61~120,§35 I 肇事致人受傷：吊扣2-4年,吊扣,4,否,期滿發還
S00255,7,週一,16,臺南市,小客車,60歲以上,男,A2,0,1,0,2,尿液,安非他命,二級,2.0,0,0~30,§35 I 肇事致人受傷：吊扣2-4年,吊扣,4,否,期滿發還
S00256,1,週日,4,臺北市,小客車,60歲以上,男,A2,0,1,0,0,尿液,安非他命,二級,2.0,0,0~30,§35 I 肇事致人受傷：吊扣2-4年,吊扣,3,否,期滿發還
S00257,11,週五,7,臺中市,小客車,50-59歲,男,A2,0,3,1,0,尿液,安非他命,二級,2.0,2,31~60,§35 III 十年內再犯：吊銷,吊銷,3,否,重新考領
S00258,10,週二,18,桃園市,機車,40-49歲,女,A2,0,1,1,1,尿液,嗎啡,一級,3.0,1,0~30,§35 III 十年內再犯：吊銷,吊銷,3,否,重新考領
S00259,11,週一,0,臺南市,機車,20-29歲,男,A2,0,1,1,3,尿液,甲基安非他命,二級,2.0,1,31~60,§35 III 十年內再犯：吊銷,吊銷,3,否,重新考領
S00260,5,週五,9,桃園市,機車,50-59歲,女,A2,0,4,0,2,尿液,甲基安非他命,二級,2.0,0,31~60,§35 I 肇事致人受傷：吊扣2-4年,吊扣,2,否,期滿發還
S00261,1,週二,13,臺中市,小客車,50-59歲,男,A2,0,1,0,0,尿液,安非他命,二級,2.0,0,31~60,§35 I 肇事致人受傷：吊扣2-4年,吊扣,4,否,期滿發還
S00262,4,週五,19,臺北市,機車,20-29歲,男,A2,0,1,1,0,尿液,安非他命,二級,2.0,1,0~30,§35 III 十年內再犯：吊銷,吊銷,3,否,重新考領
S00263,10,週三,0,彰化縣,機車,60歲以上,男,A2,0,1,0,2,尿液,甲基安非他命,二級,2.0,0,0~30,§35 I 肇事致人受傷：吊扣2-4年,吊扣,2,否,期滿發還
S00264,4,週日,21,高雄市,小客車,30-39歲,男,A2,0,1,0,1,尿液,甲基安非他命,二級,2.0,0,0~30,§35 I 肇事致人受傷：吊扣2-4年,吊扣,4,否,期滿發還
S00265,9,週一,20,高雄市,機車,20-29歲,男,A2,0,1,1,2,尿液,安非他命,二級,2.0,1,31~60,§35 III 十年內再犯：吊銷,吊銷,3,否,重新考領
S00266,2,週五,16,臺北市,機車,20-29歲,男,A2,0,1,0,2,尿液,安非他命,二級,2.0,0,31~60,§35 I 肇事致人受傷：吊扣2-4年,吊扣,2,否,期滿發還
S00267,8,週日,17,高雄市,小客車,30-39歲,男,A2,0,1,1,1,尿液,甲基安非他命,二級,2.0,4,31~60,§35 III 十年內再犯：吊銷,吊銷,3,否,重新考領
S00268,3,週二,23,基隆市,機車,40-49歲,男,A2,0,1,1,2,尿液,甲基安非他命,二級,2.0,1,0~30,§35 III 十年內再犯：吊銷,吊銷,3,否,重新考領
S00269,1,週一,13,新北市,小客車,40-49歲,男,A2,0,1,1,1,尿液,甲基安非他命,二級,2.0,1,0~30,§35 III 十年內再犯：吊銷,吊銷,3,否,重新考領
S00270,5,週四,8,桃園市,機車,40-49歲,男,A2,0,1,1,1,尿液,嗎啡,一級,3.0,1,0~30,§35 III 十年內再犯：吊銷,吊銷,3,否,重新考領
S00271,1,週五,7,新北市,小客車,50-59歲,男,A2,0,1,1,1,尿液,甲基安非他命,二級,2.0,3,0~30,§35 III 十年內再犯：吊銷,吊銷,3,否,重新考領
S00272,1,週一,23,臺南市,機車,50-59歲,男,A2,0,2,1,2,尿液,安非他命,二級,2.0,1,0~30,§35 III 十年內再犯：吊銷,吊銷,3,否,重新考領
S00273,10,週五,23,臺北市,小客車,40-49歲,男,A2,0,1,0,2,血液,甲基安非他命,二級,2.0,0,31~60,§35 I 肇事致人受傷：吊扣2-4年,吊扣,4,否,期滿發還
S00274,1,週四,18,新北市,機車,40-49歲,男,A2,0,1,0,3,尿液,甲基安非他命,二級,2.0,0,121~500,§35 I 肇事致人受傷：吊扣2-4年,吊扣,3,否,期滿發還
S00275,7,週六,10,臺南市,小客車,40-49歲,男,A2,0,2,1,2,尿液,安非他命,二級,2.0,3,31~60,§35 III 十年內再犯：吊銷,吊銷,3,否,重新考領
S00276,4,週五,19,彰化縣,小客車,50-59歲,男,A2,0,1,0,0,尿液,甲基安非他命,二級,2.0,0,121~500,§35 I 肇事致人受傷：吊扣2-4年,吊扣,4,否,期滿發還
S00277,9,週三,14,桃園市,機車,40-49歲,男,A2,0,1,1,3,尿液,甲基安非他命,二級,2.0,2,31~60,§35 III 十年內再犯：吊銷,吊銷,3,否,重新考領
S00278,12,週四,19,新北市,機車,20-29歲,男,A2,0,1,1,2,尿液,安非他命,二級,2.0,1,31~60,§35 III 十年內再犯：吊銷,吊銷,3,否,重新考領
S00279,9,週日,0,臺中市,小客車,30-39歲,女,A2,0,1,1,1,尿液,甲基安非他命,二級,2.0,1,0~30,§35 III 十年內再犯：吊銷,吊銷,3,否,重新考領
S00280,7,週五,8,高雄市,小客車,50-59歲,男,A2,0,1,1,3,尿液,嗎啡,一級,3.0,1,121~500,§35 III 十年內再犯：吊銷,吊銷,3,否,重新考領
S00281,5,週三,17,雲林縣,貨車,30-39歲,男,A2,0,1,0,3,尿液,嗎啡,一級,3.0,0,121~500,§35 I 肇事致人受傷：吊扣2-4年,吊扣,3,否,期滿發還
S00282,12,週五,23,新竹市,機車,60歲以上,男,A2,0,1,1,1,尿液,安非他命,二級,2.0,1,31~60,§35 III 十年內再犯：吊銷,吊銷,3,否,重新考領
S00283,12,週日,10,雲林縣,機車,60歲以上,男,A2,0,1,1,1,尿液,愷他命,三級,1.0,2,31~60,§35 III 十年內再犯：吊銷,吊銷,3,否,重新考領
S00284,10,週四,8,新北市,機車,30-39歲,男,A2,0,4,1,3,尿液,甲基安非他命,二級,2.0,1,31~60,§35 III 十年內再犯：吊銷,吊銷,3,否,重新考領
S00285,10,週一,13,桃園市,機車,40-49歲,男,A2,0,1,1,2,尿液,甲基安非他命,二級,2.0,2,31~60,§35 III 十年內再犯：吊銷,吊銷,3,否,重新考領
S00286,10,週日,16,臺南市,小客車,50-59歲,男,A2,0,1,1,1,尿液,甲基安非他命,二級,2.0,2,31~60,§35 III 十年內再犯：吊銷,吊銷,3,否,重新考領
S00287,9,週六,9,新北市,機車,50-59歲,女,A2,0,1,0,0,尿液,安非他命,二級,2.0,0,31~60,§35 I 肇事致人受傷：吊扣2-4年,吊扣,2,否,期滿發還
S00288,4,週日,11,桃園市,小客車,50-59歲,女,A2,0,1,1,1,尿液,嗎啡,一級,3.0,1,121~500,§35 III 十年內再犯：吊銷,吊銷,3,否,重新考領
S00289,2,週五,19,高雄市,機車,40-49歲,男,A2,0,1,1,0,尿液,愷他命,三級,1.0,1,0~30,§35 III 十年內再犯：吊銷,吊銷,3,否,重新考領
S00290,1,週日,7,新北市,機車,40-49歲,男,A2,0,3,1,2,尿液,甲基安非他命,二級,2.0,2,0~30,§35 III 十年內再犯：吊銷,吊銷,3,否,重新考領
S00291,1,週四,7,桃園市,機車,40-49歲,女,A2,0,2,0,3,尿液,安非他命,二級,2.0,0,121~500,§35 I 肇事致人受傷：吊扣2-4年,吊扣,4,否,期滿發還
S00292,12,週日,17,新竹縣,機車,30-39歲,男,A2,0,2,1,2,血液,嗎啡,一級,3.0,1,31~60,§35 III 十年內再犯：吊銷,吊銷,3,否,重新考領
S00293,12,週日,11,臺南市,貨車,40-49歲,男,A2,0,2,1,2,尿液,甲基安非他命,二級,2.0,3,31~60,§35 III 十年內再犯：吊銷,吊銷,3,否,重新考領
S00294,7,週四,13,臺中市,小客車,50-59歲,男,A2,0,2,1,0,尿液,愷他命,三級,1.0,2,61~120,§35 III 十年內再犯：吊銷,吊銷,3,否,重新考領
S00295,1,週二,14,臺中市,小客車,30-39歲,男,A2,0,1,0,0,尿液,安非他命,二級,2.0,0,31~60,§35 I 肇事致人受傷：吊扣2-4年,吊扣,4,否,期滿發還
S00296,9,週五,12,屏東縣,機車,40-49歲,男,A2,0,2,0,3,尿液,愷他命,三級,1.0,0,31~60,§35 I 肇事致人受傷：吊扣2-4年,吊扣,3,否,期滿發還
S00297,10,週六,16,新北市,小客車,40-49歲,男,A2,0,1,0,3,尿液,安非他命,二級,2.0,0,31~60,§35 I 肇事致人受傷：吊扣2-4年,吊扣,3,否,期滿發還
S00298,2,週一,12,宜蘭縣,機車,20-29歲,男,A2,0,1,1,0,尿液,甲基安非他命,二級,2.0,1,31~60,§35 III 十年內再犯：吊銷,吊銷,3,否,重新考領
S00299,10,週六,10,桃園市,小客車,30-39歲,男,A2,0,1,0,0,尿液,安非他命,二級,2.0,0,61~120,§35 I 肇事致人受傷：吊扣2-4年,吊扣,4,否,期滿發還
S00300,6,週三,23,臺北市,機車,20-29歲,男,A2,0,3,1,1,尿液,愷他命,三級,1.0,1,0~30,§35 III 十年內再犯：吊銷,吊銷,3,否,重新考領
S00301,7,週二,17,屏東縣,小客車,30-39歲,女,A2,0,1,1,3,血液,安非他命,二級,2.0,1,61~120,§35 III 十年內再犯：吊銷,吊銷,3,否,重新考領
S00302,4,週四,19,嘉義市,機車,60歲以上,男,A2,0,1,1,1,尿液,嗎啡,一級,3.0,3,31~60,§35 III 十年內再犯：吊銷,吊銷,3,否,重新考領
S00303,1,週一,22,桃園市,機車,40-49歲,男,A2,0,2,0,1,尿液,嗎啡,一級,3.0,0,31~60,§35 I 肇事致人受傷：吊扣2-4年,吊扣,3,否,期滿發還
S00304,5,週五,0,臺中市,小客車,20-29歲,男,A2,0,1,0,2,尿液,甲基安非他命,二級,2.0,0,31~60,§35 I 肇事致人受傷：吊扣2-4年,吊扣,2,否,期滿發還
S00305,10,週一,16,臺中市,機車,60歲以上,男,A2,0,1,1,2,尿液,愷他命,三級,1.0,1,121~500,§35 III 十年內再犯：吊銷,吊銷,3,否,重新考領
S00306,10,週三,22,臺北市,小客車,60歲以上,男,A2,0,1,0,2,尿液,甲基安非他命,二級,2.0,0,31~60,§35 I 肇事致人受傷：吊扣2-4年,吊扣,3,否,期滿發還
S00307,5,週三,16,高雄市,機車,50-59歲,女,A2,0,1,1,1,尿液,安非他命,二級,2.0,1,31~60,§35 III 十年內再犯：吊銷,吊銷,3,否,重新考領
S00308,5,週六,12,新北市,機車,50-59歲,男,A2,0,1,0,0,尿液,安非他命,二級,2.0,0,31~60,§35 I 肇事致人受傷：吊扣2-4年,吊扣,4,否,期滿發還
S00309,1,週日,15,新北市,機車,20-29歲,男,A2,0,1,1,3,尿液,安非他命,二級,2.0,2,0~30,§35 III 十年內再犯：吊銷,吊銷,3,否,重新考領
S00310,4,週四,12,基隆市,貨車,40-49歲,男,A2,0,1,1,3,血液,甲基安非他命,二級,2.0,3,31~60,§35 III 十年內再犯：吊銷,吊銷,3,否,重新考領
S00311,4,週五,20,彰化縣,小客車,30-39歲,男,A2,0,1,1,3,尿液,甲基安非他命,二級,2.0,1,31~60,§35 III 十年內再犯：吊銷,吊銷,3,否,重新考領
S00312,7,週三,3,臺中市,機車,20-29歲,男,A2,0,1,1,0,尿液,安非他命,二級,2.0,1,0~30,§35 III 十年內再犯：吊銷,吊銷,3,否,重新考領
S00313,6,週二,12,桃園市,機車,30-39歲,女,A2,0,1,1,1,尿液,甲基安非他命,二級,2.0,4,121~500,§35 III 十年內再犯：吊銷,吊銷,3,否,重新考領
S00314,7,週四,10,屏東縣,小客車,50-59歲,男,A2,0,1,1,1,血液,嗎啡,一級,3.0,2,31~60,§35 III 十年內再犯：吊銷,吊銷,3,否,重新考領
S00315,4,週三,13,臺南市,小客車,40-49歲,女,A2,0,1,1,1,尿液,甲基安非他命,二級,2.0,1,31~60,§35 III 十年內再犯：吊銷,吊銷,3,否,重新考領
S00316,4,週六,18,臺中市,小客車,30-39歲,男,A2,0,1,0,2,尿液,甲基安非他命,二級,2.0,0,31~60,§35 I 肇事致人受傷：吊扣2-4年,吊扣,4,否,期滿發還
S00317,5,週二,13,臺北市,機車,40-49歲,男,A2,0,4,1,3,尿液,愷他命,三級,1.0,1,31~60,§35 III 十年內再犯：吊銷,吊銷,3,否,重新考領
S00318,1,週五,18,臺中市,小客車,40-49歲,男,A2,0,1,1,2,尿液,嗎啡,一級,3.0,2,31~60,§35 III 十年內再犯：吊銷,吊銷,3,否,重新考領
S00319,11,週五,17,臺南市,機車,40-49歲,男,A2,0,1,1,0,尿液,愷他命,三級,1.0,2,121~500,§35 III 十年內再犯：吊銷,吊銷,3,否,重新考領
S00320,10,週二,17,桃園市,小客車,40-49歲,男,A2,0,1,0,0,血液,嗎啡,一級,3.0,0,31~60,§35 I 肇事致人受傷：吊扣2-4年,吊扣,2,否,期滿發還
S00321,7,週五,21,桃園市,機車,40-49歲,男,A2,0,1,1,3,尿液,愷他命,三級,1.0,3,0~30,§35 III 十年內再犯：吊銷,吊銷,3,否,重新考領
S00322,9,週三,15,臺南市,貨車,50-59歲,男,A2,0,1,0,0,尿液,愷他命,三級,1.0,0,0~30,§35 I 肇事致人受傷：吊扣2-4年,吊扣,3,否,期滿發還
S00323,4,週五,10,臺中市,小客車,30-39歲,男,A2,0,1,1,3,尿液,甲基安非他命,二級,2.0,2,0~30,§35 III 十年內再犯：吊銷,吊銷,3,否,重新考領
S00324,12,週三,13,桃園市,大客車,50-59歲,女,A2,0,1,1,2,尿液,甲基安非他命,二級,2.0,1,121~500,§35 III 十年內再犯：吊銷,吊銷,3,否,重新考領
S00325,4,週日,7,臺中市,機車,60歲以上,男,A2,0,1,1,2,尿液,嗎啡,一級,3.0,1,31~60,§35 III 十年內再犯：吊銷,吊銷,3,否,重新考領
S00326,6,週三,8,桃園市,機車,30-39歲,女,A2,0,1,1,2,尿液,嗎啡,一級,3.0,1,31~60,§35 III 十年內再犯：吊銷,吊銷,3,否,重新考領
S00327,7,週日,23,臺東縣,機車,40-49歲,男,A2,0,1,1,0,尿液,安非他命,二級,2.0,2,0~30,§35 III 十年內再犯：吊銷,吊銷,3,否,重新考領
S00328,12,週三,0,花蓮縣,機車,30-39歲,女,A2,0,3,1,1,血液,甲基安非他命,二級,2.0,1,31~60,§35 III 十年內再犯：吊銷,吊銷,3,否,重新考領
S00329,5,週二,7,新北市,小客車,20-29歲,男,A2,0,2,0,2,尿液,安非他命,二級,2.0,0,31~60,§35 I 肇事致人受傷：吊扣2-4年,吊扣,4,否,期滿發還
S00330,5,週四,4,新北市,機車,50-59歲,男,A2,0,1,1,2,尿液,安非他命,二級,2.0,3,121~500,§35 III 十年內再犯：吊銷,吊銷,3,否,重新考領
S00331,4,週日,11,新竹縣,小客車,40-49歲,男,A2,0,2,0,3,尿液,甲基安非他命,二級,2.0,0,0~30,§35 I 肇事致人受傷：吊扣2-4年,吊扣,4,否,期滿發還
S00332,4,週四,9,新北市,機車,30-39歲,男,A2,0,1,1,3,血液,甲基安非他命,二級,2.0,2,0~30,§35 III 十年內再犯：吊銷,吊銷,3,否,重新考領
S00333,10,週一,18,臺南市,機車,40-49歲,男,A2,0,1,1,0,尿液,安非他命,二級,2.0,1,0~30,§35 III 十年內再犯：吊銷,吊銷,3,否,重新考領
S00334,9,週三,0,臺中市,小客車,40-49歲,女,A2,0,1,1,3,尿液,甲基安非他命,二級,2.0,1,121~500,§35 III 十年內再犯：吊銷,吊銷,3,否,重新考領
S00335,7,週五,20,臺中市,小客車,40-49歲,男,A2,0,1,1,1,尿液,嗎啡,一級,3.0,1,31~60,§35 III 十年內再犯：吊銷,吊銷,3,否,重新考領
S00336,11,週四,7,屏東縣,機車,40-49歲,男,A2,0,2,1,1,尿液,安非他命,二級,2.0,1,31~60,§35 III 十年內再犯：吊銷,吊銷,3,否,重新考領
S00337,10,週四,10,屏東縣,小客車,20-29歲,男,A2,0,2,1,2,尿液,安非他命,二級,2.0,1,121~500,§35 III 十年內再犯：吊銷,吊銷,3,否,重新考領
S00338,5,週六,7,桃園市,機車,40-49歲,男,A2,0,4,1,2,尿液,甲基安非他命,二級,2.0,1,0~30,§35 III 十年內再犯：吊銷,吊銷,3,否,重新考領
S00339,6,週三,20,桃園市,機車,40-49歲,男,A2,0,1,0,2,尿液,安非他命,二級,2.0,0,31~60,§35 I 肇事致人受傷：吊扣2-4年,吊扣,4,否,期滿發還
S00340,4,週日,8,彰化縣,機車,30-39歲,男,A2,0,1,1,0,尿液,愷他命,三級,1.0,1,0~30,§35 III 十年內再犯：吊銷,吊銷,3,否,重新考領
S00341,10,週六,22,臺北市,小客車,30-39歲,男,A2,0,3,1,3,尿液,甲基安非他命,二級,2.0,3,31~60,§35 III 十年內再犯：吊銷,吊銷,3,否,重新考領
S00342,4,週三,18,新北市,機車,20-29歲,男,A2,0,2,1,0,血液,甲基安非他命,二級,2.0,1,31~60,§35 III 十年內再犯：吊銷,吊銷,3,否,重新考領
S00343,4,週二,8,臺中市,小客車,40-49歲,男,A2,0,1,0,0,尿液,愷他命,三級,1.0,0,31~60,§35 I 肇事致人受傷：吊扣2-4年,吊扣,2,否,期滿發還
S00344,10,週六,11,桃園市,小客車,60歲以上,男,A2,0,2,0,1,尿液,愷他命,三級,1.0,0,0~30,§35 I 肇事致人受傷：吊扣2-4年,吊扣,4,否,期滿發還
S00345,12,週五,19,桃園市,小客車,40-49歲,男,A2,0,1,1,2,尿液,安非他命,二級,2.0,3,0~30,§35 III 十年內再犯：吊銷,吊銷,3,否,重新考領
S00346,10,週一,19,桃園市,小客車,40-49歲,男,A2,0,2,0,1,尿液,嗎啡,一級,3.0,0,0~30,§35 I 肇事致人受傷：吊扣2-4年,吊扣,2,否,期滿發還
S00347,2,週日,12,屏東縣,小客車,40-49歲,男,A2,0,1,1,1,尿液,愷他命,三級,1.0,1,61~120,§35 III 十年內再犯：吊銷,吊銷,3,否,重新考領
S00348,7,週一,18,新北市,機車,40-49歲,男,A2,0,2,1,1,尿液,甲基安非他命,二級,2.0,1,31~60,§35 III 十年內再犯：吊銷,吊銷,3,否,重新考領
S00349,7,週日,4,新北市,機車,50-59歲,男,A2,0,1,1,0,尿液,甲基安非他命,二級,2.0,1,121~500,§35 III 十年內再犯：吊銷,吊銷,3,否,重新考領
S00350,5,週六,16,臺北市,機車,40-49歲,男,A2,0,1,0,0,尿液,甲基安非他命,二級,2.0,0,31~60,§35 I 肇事致人受傷：吊扣2-4年,吊扣,2,否,期滿發還
S00351,5,週六,10,基隆市,機車,60歲以上,男,A2,0,1,1,1,尿液,安非他命,二級,2.0,2,61~120,§35 III 十年內再犯：吊銷,吊銷,3,否,重新考領
S00352,5,週六,7,新竹縣,機車,40-49歲,男,A2,0,1,1,0,尿液,甲基安非他命,二級,2.0,1,0~30,§35 III 十年內再犯：吊銷,吊銷,3,否,重新考領
S00353,7,週二,15,嘉義縣,小客車,60歲以上,男,A2,0,2,1,2,尿液,愷他命,三級,1.0,1,0~30,§35 III 十年內再犯：吊銷,吊銷,3,否,重新考領
S00354,7,週日,17,桃園市,機車,60歲以上,男,A2,0,1,1,2,尿液,甲基安非他命,二級,2.0,2,0~30,§35 III 十年內再犯：吊銷,吊銷,3,否,重新考領
S00355,12,週一,8,新竹縣,小客車,50-59歲,男,A2,0,2,0,0,尿液,甲基安非他命,二級,2.0,0,31~60,§35 I 肇事致人受傷：吊扣2-4年,吊扣,3,否,期滿發還
S00356,7,週三,12,新北市,機車,30-39歲,男,A2,0,1,0,0,尿液,安非他命,二級,2.0,0,31~60,§35 I 肇事致人受傷：吊扣2-4年,吊扣,2,否,期滿發還
S00357,4,週一,14,新北市,機車,60歲以上,男,A2,0,1,0,2,尿液,甲基安非他命,二級,2.0,0,31~60,§35 I 肇事致人受傷：吊扣2-4年,吊扣,4,否,期滿發還
S00358,5,週四,23,嘉義市,小客車,50-59歲,男,A2,0,2,1,3,尿液,嗎啡,一級,3.0,1,0~30,§35 III 十年內再犯：吊銷,吊銷,3,否,重新考領
S00359,4,週五,13,臺中市,機車,20-29歲,男,A2,0,3,0,0,尿液,安非他命,二級,2.0,0,31~60,§35 I 肇事致人受傷：吊扣2-4年,吊扣,3,否,期滿發還
S00360,7,週三,20,臺南市,機車,60歲以上,男,A2,0,1,1,2,尿液,嗎啡,一級,3.0,2,0~30,§35 III 十年內再犯：吊銷,吊銷,3,否,重新考領
S00361,3,週一,20,宜蘭縣,小客車,50-59歲,男,A2,0,1,0,2,尿液,安非他命,二級,2.0,0,31~60,§35 I 肇事致人受傷：吊扣2-4年,吊扣,4,否,期滿發還
S00362,2,週四,14,臺東縣,小客車,20-29歲,男,A2,0,1,1,2,尿液,安非他命,二級,2.0,1,31~60,§35 III 十年內再犯：吊銷,吊銷,3,否,重新考領
S00363,4,週六,10,新北市,機車,40-49歲,女,A2,0,1,1,0,尿液,安非他命,二級,2.0,2,31~60,§35 III 十年內再犯：吊銷,吊銷,3,否,重新考領
S00364,5,週一,0,新北市,機車,60歲以上,男,A2,0,1,0,0,尿液,甲基安非他命,二級,2.0,0,0~30,§35 I 肇事致人受傷：吊扣2-4年,吊扣,4,否,期滿發還
S00365,6,週三,18,基隆市,貨車,40-49歲,男,A2,0,1,1,0,尿液,安非他命,二級,2.0,1,31~60,§35 III 十年內再犯：吊銷,吊銷,3,否,重新考領
S00366,7,週日,8,臺中市,機車,40-49歲,男,A2,0,1,1,3,尿液,甲基安非他命,二級,2.0,1,31~60,§35 III 十年內再犯：吊銷,吊銷,3,否,重新考領
S00367,7,週五,17,嘉義市,機車,30-39歲,女,A2,0,1,1,3,尿液,安非他命,二級,2.0,2,0~30,§35 III 十年內再犯：吊銷,吊銷,3,否,重新考領
S00368,9,週二,14,臺中市,機車,60歲以上,男,A2,0,1,1,1,尿液,嗎啡,一級,3.0,1,31~60,§35 III 十年內再犯：吊銷,吊銷,3,否,重新考領
S00369,7,週五,15,嘉義市,小客車,50-59歲,女,A2,0,1,1,0,尿液,安非他命,二級,2.0,1,31~60,§35 III 十年內再犯：吊銷,吊銷,3,否,重新考領
S00370,9,週三,15,雲林縣,小客車,60歲以上,男,A2,0,1,1,0,尿液,甲基安非他命,二級,2.0,1,0~30,§35 III 十年內再犯：吊銷,吊銷,3,否,重新考領
S00371,6,週日,7,臺北市,貨車,50-59歲,男,A2,0,1,0,3,尿液,安非他命,二級,2.0,0,31~60,§35 I 肇事致人受傷：吊扣2-4年,吊扣,4,否,期滿發還
S00372,8,週三,7,雲林縣,小客車,50-59歲,男,A2,0,1,0,2,血液,安非他命,二級,2.0,0,31~60,§35 I 肇事致人受傷：吊扣2-4年,吊扣,2,否,期滿發還
S00373,10,週六,10,高雄市,機車,60歲以上,男,A2,0,2,1,2,尿液,安非他命,二級,2.0,3,61~120,§35 III 十年內再犯：吊銷,吊銷,3,否,重新考領
S00374,11,週二,14,臺中市,機車,40-49歲,男,A2,0,2,0,3,尿液,甲基安非他命,二級,2.0,0,61~120,§35 I 肇事致人受傷：吊扣2-4年,吊扣,3,否,期滿發還
S00375,7,週日,22,桃園市,機車,40-49歲,男,A2,0,1,1,1,血液,甲基安非他命,二級,2.0,2,0~30,§35 III 十年內再犯：吊銷,吊銷,3,否,重新考領
S00376,11,週一,23,新北市,機車,40-49歲,男,A2,0,1,0,2,尿液,安非他命,二級,2.0,0,0~30,§35 I 肇事致人受傷：吊扣2-4年,吊扣,2,否,期滿發還
S00377,1,週四,17,新北市,機車,30-39歲,男,A2,0,3,1,2,尿液,安非他命,二級,2.0,1,31~60,§35 III 十年內再犯：吊銷,吊銷,3,否,重新考領
S00378,5,週五,17,桃園市,機車,60歲以上,男,A2,0,2,1,1,尿液,安非他命,二級,2.0,1,31~60,§35 III 十年內再犯：吊銷,吊銷,3,否,重新考領
S00379,10,週三,10,新北市,小客車,50-59歲,男,A2,0,1,1,0,尿液,安非他命,二級,2.0,1,0~30,§35 III 十年內再犯：吊銷,吊銷,3,否,重新考領
S00380,11,週一,8,新北市,小客車,30-39歲,女,A2,0,1,1,2,尿液,愷他命,三級,1.0,1,121~500,§35 III 十年內再犯：吊銷,吊銷,3,否,重新考領
S00381,8,週五,17,高雄市,機車,50-59歲,男,A2,0,2,1,3,尿液,嗎啡,一級,3.0,2,31~60,§35 III 十年內再犯：吊銷,吊銷,3,否,重新考領
S00382,6,週日,0,臺北市,小客車,40-49歲,男,A2,0,1,1,3,尿液,甲基安非他命,二級,2.0,2,0~30,§35 III 十年內再犯：吊銷,吊銷,3,否,重新考領
S00383,4,週三,19,臺中市,小客車,40-49歲,女,A2,0,3,1,1,尿液,愷他命,三級,1.0,1,0~30,§35 III 十年內再犯：吊銷,吊銷,3,否,重新考領
S00384,8,週六,8,臺中市,機車,40-49歲,男,A2,0,1,1,0,血液,嗎啡,一級,3.0,1,0~30,§35 III 十年內再犯：吊銷,吊銷,3,否,重新考領
S00385,5,週六,19,桃園市,貨車,40-49歲,女,A2,0,1,0,3,尿液,愷他命,三級,1.0,0,31~60,§35 I 肇事致人受傷：吊扣2-4年,吊扣,2,否,期滿發還
S00386,10,週一,22,宜蘭縣,小客車,30-39歲,男,A2,0,1,1,1,尿液,甲基安非他命,二級,2.0,1,31~60,§35 III 十年內再犯：吊銷,吊銷,3,否,重新考領
S00387,9,週二,18,高雄市,小客車,40-49歲,男,A2,0,1,1,1,尿液,安非他命,二級,2.0,3,31~60,§35 III 十年內再犯：吊銷,吊銷,3,否,重新考領
S00388,8,週日,17,新北市,機車,30-39歲,女,A2,0,1,0,3,尿液,安非他命,二級,2.0,0,121~500,§35 I 肇事致人受傷：吊扣2-4年,吊扣,4,否,期滿發還
S00389,7,週五,15,基隆市,機車,40-49歲,男,A2,0,1,1,3,尿液,甲基安非他命,二級,2.0,1,31~60,§35 III 十年內再犯：吊銷,吊銷,3,否,重新考領
S00390,1,週五,11,臺北市,貨車,30-39歲,女,A2,0,1,1,1,尿液,安非他命,二級,2.0,4,0~30,§35 III 十年內再犯：吊銷,吊銷,3,否,重新考領
S00391,4,週五,5,新北市,機車,50-59歲,男,A2,0,1,0,0,尿液,安非他命,二級,2.0,0,31~60,§35 I 肇事致人受傷：吊扣2-4年,吊扣,3,否,期滿發還
S00392,5,週四,6,臺北市,機車,40-49歲,男,A2,0,1,1,1,尿液,安非他命,二級,2.0,1,121~500,§35 III 十年內再犯：吊銷,吊銷,3,否,重新考領
S00393,7,週三,0,彰化縣,機車,40-49歲,男,A2,0,1,0,0,尿液,安非他命,二級,2.0,0,121~500,§35 I 肇事致人受傷：吊扣2-4年,吊扣,4,否,期滿發還
S00394,7,週六,21,雲林縣,小客車,40-49歲,女,A2,0,1,0,1,尿液,安非他命,二級,2.0,0,0~30,§35 I 肇事致人受傷：吊扣2-4年,吊扣,2,否,期滿發還
S00395,3,週六,7,屏東縣,機車,30-39歲,男,A2,0,4,0,0,尿液,安非他命,二級,2.0,0,31~60,§35 I 肇事致人受傷：吊扣2-4年,吊扣,3,否,期滿發還
S00396,4,週日,18,新北市,小客車,30-39歲,男,A2,0,1,0,0,尿液,甲基安非他命,二級,2.0,0,121~500,§35 I 肇事致人受傷：吊扣2-4年,吊扣,3,否,期滿發還
S00397,5,週一,17,新北市,小客車,40-49歲,男,A2,0,1,1,1,血液,甲基安非他命,二級,2.0,1,61~120,§35 III 十年內再犯：吊銷,吊銷,3,否,重新考領
S00398,11,週一,8,嘉義市,機車,40-49歲,男,A2,0,1,1,2,尿液,安非他命,二級,2.0,1,31~60,§35 III 十年內再犯：吊銷,吊銷,3,否,重新考領
S00399,4,週三,14,臺南市,機車,50-59歲,男,A2,0,1,1,0,尿液,甲基安非他命,二級,2.0,1,0~30,§35 III 十年內再犯：吊銷,吊銷,3,否,重新考領
S00400,4,週三,12,臺南市,小客車,40-49歲,男,A2,0,1,0,0,尿液,甲基安非他命,二級,2.0,0,121~500,§35 I 肇事致人受傷：吊扣2-4年,吊扣,2,否,期滿發還
S00401,2,週四,10,桃園市,小客車,40-49歲,女,A2,0,1,0,3,血液,甲基安非他命,二級,2.0,0,0~30,§35 I 肇事致人受傷：吊扣2-4年,吊扣,3,否,期滿發還
S00402,10,週一,15,新北市,小客車,40-49歲,男,A2,0,1,1,0,尿液,安非他命,二級,2.0,2,0~30,§35 III 十年內再犯：吊銷,吊銷,3,否,重新考領
S00403,9,週日,16,屏東縣,大客車,60歲以上,男,A2,0,1,1,2,尿液,愷他命,三級,1.0,1,0~30,§35 III 十年內再犯：吊銷,吊銷,3,否,重新考領
S00404,7,週三,18,臺南市,機車,30-39歲,男,A2,0,1,1,3,尿液,MDMA,二級,2.0,2,31~60,§35 III 十年內再犯：吊銷,吊銷,3,否,重新考領
S00405,5,週日,18,彰化縣,小客車,40-49歲,男,A2,0,2,1,2,尿液,甲基安非他命,二級,2.0,2,31~60,§35 III 十年內再犯：吊銷,吊銷,3,否,重新考領
S00406,10,週三,21,嘉義縣,小客車,30-39歲,男,A2,0,1,1,1,尿液,安非他命,二級,2.0,2,0~30,§35 III 十年內再犯：吊銷,吊銷,3,否,重新考領
S00407,10,週一,22,桃園市,小客車,40-49歲,男,A2,0,1,0,3,尿液,愷他命,三級,1.0,0,0~30,§35 I 肇事致人受傷：吊扣2-4年,吊扣,2,否,期滿發還
S00408,3,週五,13,臺中市,小客車,50-59歲,男,A2,0,1,1,1,尿液,安非他命,二級,2.0,2,0~30,§35 III 十年內再犯：吊銷,吊銷,3,否,重新考領
S00409,11,週一,8,基隆市,小客車,50-59歲,男,A2,0,1,0,3,尿液,甲基安非他命,二級,2.0,0,0~30,§35 I 肇事致人受傷：吊扣2-4年,吊扣,4,否,期滿發還
S00410,4,週五,18,臺中市,小客車,50-59歲,男,A2,0,1,1,1,尿液,愷他命,三級,1.0,4,121~500,§35 III 十年內再犯：吊銷,吊銷,3,否,重新考領
S00411,7,週三,16,高雄市,小客車,40-49歲,男,A2,0,1,1,1,尿液,甲基安非他命,二級,2.0,1,31~60,§35 III 十年內再犯：吊銷,吊銷,3,否,重新考領
S00412,12,週五,16,桃園市,小客車,40-49歲,男,A2,0,2,0,1,尿液,甲基安非他命,二級,2.0,0,0~30,§35 I 肇事致人受傷：吊扣2-4年,吊扣,3,否,期滿發還
S00413,3,週四,17,南投縣,小客車,19歲以下,男,A2,0,2,1,0,尿液,安非他命,二級,2.0,1,0~30,§35 III 十年內再犯：吊銷,吊銷,3,否,重新考領
S00414,5,週四,19,新北市,機車,40-49歲,男,A2,0,1,0,1,尿液,安非他命,二級,2.0,0,0~30,§35 I 肇事致人受傷：吊扣2-4年,吊扣,4,否,期滿發還
S00415,10,週日,12,新北市,機車,50-59歲,男,A2,0,3,1,2,血液,安非他命,二級,2.0,3,0~30,§35 III 十年內再犯：吊銷,吊銷,3,否,重新考領
S00416,10,週日,16,新北市,小客車,19歲以下,女,A2,0,2,0,1,尿液,安非他命,二級,2.0,0,31~60,§35 I 肇事致人受傷：吊扣2-4年,吊扣,3,否,期滿發還
S00417,4,週二,10,臺北市,機車,50-59歲,男,A2,0,2,0,0,尿液,嗎啡,一級,3.0,0,31~60,§35 I 肇事致人受傷：吊扣2-4年,吊扣,4,否,期滿發還
S00418,1,週三,14,雲林縣,機車,30-39歲,女,A2,0,1,0,2,尿液,甲基安非他命,二級,2.0,0,31~60,§35 I 肇事致人受傷：吊扣2-4年,吊扣,4,否,期滿發還
S00419,1,週日,22,臺北市,小客車,50-59歲,男,A2,0,1,1,2,尿液,嗎啡,一級,3.0,1,0~30,§35 III 十年內再犯：吊銷,吊銷,3,否,重新考領
S00420,8,週五,10,臺中市,小客車,30-39歲,女,A2,0,1,1,0,血液,甲基安非他命,二級,2.0,1,31~60,§35 III 十年內再犯：吊銷,吊銷,3,否,重新考領
S00421,7,週三,12,臺中市,小客車,40-49歲,男,A2,0,2,1,2,尿液,甲基安非他命,二級,2.0,1,31~60,§35 III 十年內再犯：吊銷,吊銷,3,否,重新考領
S00422,5,週一,11,苗栗縣,小客車,19歲以下,男,A2,0,1,1,2,尿液,安非他命,二級,2.0,1,31~60,§35 III 十年內再犯：吊銷,吊銷,3,否,重新考領
S00423,4,週二,19,屏東縣,機車,40-49歲,男,A2,0,2,0,0,尿液,安非他命,二級,2.0,0,0~30,§35 I 肇事致人受傷：吊扣2-4年,吊扣,3,否,期滿發還
S00424,8,週日,15,南投縣,小客車,50-59歲,男,A2,0,1,1,1,尿液,甲基安非他命,二級,2.0,1,121~500,§35 III 十年內再犯：吊銷,吊銷,3,否,重新考領
S00425,3,週一,8,嘉義市,小客車,50-59歲,女,A2,0,2,1,0,尿液,甲基安非他命,二級,2.0,2,61~120,§35 III 十年內再犯：吊銷,吊銷,3,否,重新考領
S00426,9,週六,17,新竹縣,大客車,40-49歲,男,A2,0,1,1,0,尿液,安非他命,二級,2.0,1,0~30,§35 III 十年內再犯：吊銷,吊銷,3,否,重新考領
S00427,5,週三,17,宜蘭縣,機車,30-39歲,女,A2,0,1,1,3,血液,安非他命,二級,2.0,1,0~30,§35 III 十年內再犯：吊銷,吊銷,3,否,重新考領
S00428,9,週四,10,彰化縣,機車,50-59歲,女,A2,0,4,1,0,尿液,安非他命,二級,2.0,1,0~30,§35 III 十年內再犯：吊銷,吊銷,3,否,重新考領
S00429,7,週五,7,臺東縣,機車,40-49歲,男,A2,0,1,1,2,血液,安非他命,二級,2.0,1,0~30,§35 III 十年內再犯：吊銷,吊銷,3,否,重新考領
S00430,4,週五,16,新北市,小客車,50-59歲,男,A2,0,1,1,1,尿液,安非他命,二級,2.0,1,0~30,§35 III 十年內再犯：吊銷,吊銷,3,否,重新考領
S00431,10,週五,9,嘉義縣,機車,30-39歲,女,A2,0,1,1,2,尿液,MDMA,二級,2.0,1,31~60,§35 III 十年內再犯：吊銷,吊銷,3,否,重新考領
S00432,1,週一,6,宜蘭縣,機車,50-59歲,男,A2,0,1,0,3,尿液,甲基安非他命,二級,2.0,0,0~30,§35 I 肇事致人受傷：吊扣2-4年,吊扣,3,否,期滿發還
S00433,10,週二,7,花蓮縣,小客車,40-49歲,男,A2,0,1,1,1,尿液,安非他命,二級,2.0,1,31~60,§35 III 十年內再犯：吊銷,吊銷,3,否,重新考領
S00434,6,週六,5,雲林縣,小客車,40-49歲,男,A2,0,2,1,1,尿液,甲基安非他命,二級,2.0,1,31~60,§35 III 十年內再犯：吊銷,吊銷,3,否,重新考領
S00435,9,週六,20,臺中市,小客車,30-39歲,女,A2,0,1,1,2,尿液,甲基安非他命,二級,2.0,1,121~500,§35 III 十年內再犯：吊銷,吊銷,3,否,重新考領
S00436,11,週五,8,桃園市,貨車,19歲以下,男,A2,0,1,1,2,血液,嗎啡,一級,3.0,1,31~60,§35 III 十年內再犯：吊銷,吊銷,3,否,重新考領
S00437,9,週六,7,臺北市,小客車,40-49歲,男,A2,0,1,1,0,尿液,安非他命,二級,2.0,1,31~60,§35 III 十年內再犯：吊銷,吊銷,3,否,重新考領
S00438,11,週日,13,新北市,機車,40-49歲,男,A2,0,1,1,1,尿液,甲基安非他命,二級,2.0,3,0~30,§35 III 十年內再犯：吊銷,吊銷,3,否,重新考領
S00439,4,週三,17,臺北市,機車,50-59歲,女,A2,0,1,1,3,尿液,甲基安非他命,二級,2.0,2,121~500,§35 III 十年內再犯：吊銷,吊銷,3,否,重新考領
S00440,1,週五,18,新北市,小客車,20-29歲,男,A2,0,1,0,3,尿液,甲基安非他命,二級,2.0,0,31~60,§35 I 肇事致人受傷：吊扣2-4年,吊扣,4,否,期滿發還
S00441,10,週五,9,高雄市,機車,40-49歲,男,A2,0,1,0,3,尿液,安非他命,二級,2.0,0,121~500,§35 I 肇事致人受傷：吊扣2-4年,吊扣,2,否,期滿發還
S00442,11,週三,13,臺北市,機車,40-49歲,男,A2,0,1,1,1,尿液,甲基安非他命,二級,2.0,1,0~30,§35 III 十年內再犯：吊銷,吊銷,3,否,重新考領
S00443,10,週五,17,新竹縣,小客車,40-49歲,女,A2,0,1,1,1,尿液,嗎啡,一級,3.0,1,31~60,§35 III 十年內再犯：吊銷,吊銷,3,否,重新考領
S00444,4,週五,21,高雄市,機車,40-49歲,男,A2,0,1,1,2,尿液,嗎啡,一級,3.0,4,61~120,§35 III 十年內再犯：吊銷,吊銷,3,否,重新考領
S00445,3,週一,20,臺中市,小客車,40-49歲,男,A2,0,2,1,0,尿液,安非他命,二級,2.0,2,31~60,§35 III 十年內再犯：吊銷,吊銷,3,否,重新考領
S00446,1,週五,11,臺北市,小客車,30-39歲,男,A2,0,1,1,0,尿液,嗎啡,一級,3.0,1,0~30,§35 III 十年內再犯：吊銷,吊銷,3,否,重新考領
S00447,4,週日,17,新北市,機車,30-39歲,男,A2,0,1,0,0,尿液,甲基安非他命,二級,2.0,0,31~60,§35 I 肇事致人受傷：吊扣2-4年,吊扣,3,否,期滿發還
S00448,1,週二,12,高雄市,機車,40-49歲,女,A2,0,1,1,0,尿液,安非他命,二級,2.0,2,0~30,§35 III 十年內再犯：吊銷,吊銷,3,否,重新考領
S00449,10,週日,21,桃園市,機車,30-39歲,男,A2,0,2,0,1,尿液,甲基安非他命,二級,2.0,0,31~60,§35 I 肇事致人受傷：吊扣2-4年,吊扣,3,否,期滿發還
S00450,1,週一,7,高雄市,機車,40-49歲,男,A2,0,1,1,3,尿液,安非他命,二級,2.0,3,31~60,§35 III 十年內再犯：吊銷,吊銷,3,否,重新考領
S00451,11,週四,19,新北市,小客車,40-49歲,男,A2,0,1,1,1,尿液,安非他命,二級,2.0,1,0~30,§35 III 十年內再犯：吊銷,吊銷,3,否,重新考領
S00452,9,週二,11,嘉義市,小客車,50-59歲,男,A2,0,1,0,1,尿液,安非他命,二級,2.0,0,31~60,§35 I 肇事致人受傷：吊扣2-4年,吊扣,3,否,期滿發還
S00453,7,週三,19,南投縣,小客車,50-59歲,男,A2,0,1,0,1,血液,嗎啡,一級,3.0,0,31~60,§35 I 肇事致人受傷：吊扣2-4年,吊扣,2,否,期滿發還
S00454,4,週三,17,新竹市,機車,30-39歲,男,A1,1,1,1,2,尿液,甲基安非他命,二級,2.0,1,0~30,§35 致人死亡：吊銷並終身不得考領,吊銷,,是,終身不得考領
S00455,3,週三,17,臺中市,小客車,40-49歲,男,A2,0,1,1,3,血液,安非他命,二級,2.0,2,0~30,§35 III 十年內再犯：吊銷,吊銷,3,否,重新考領
S00456,3,週一,14,臺南市,機車,40-49歲,男,A2,0,4,0,3,尿液,安非他命,二級,2.0,0,0~30,§35 I 肇事致人受傷：吊扣2-4年,吊扣,3,否,期滿發還
S00457,1,週二,14,新北市,貨車,20-29歲,女,A2,0,1,1,2,尿液,甲基安非他命,二級,2.0,1,61~120,§35 III 十年內再犯：吊銷,吊銷,3,否,重新考領
S00458,11,週六,21,桃園市,機車,50-59歲,女,A2,0,1,1,0,尿液,嗎啡,一級,3.0,1,0~30,§35 III 十年內再犯：吊銷,吊銷,3,否,重新考領
S00459,4,週日,14,臺南市,小客車,40-49歲,男,A2,0,2,1,0,尿液,甲基安非他命,二級,2.0,3,31~60,§35 III 十年內再犯：吊銷,吊銷,3,否,重新考領
S00460,2,週日,18,宜蘭縣,機車,60歲以上,男,A2,0,1,1,1,尿液,安非他命,二級,2.0,2,31~60,§35 III 十年內再犯：吊銷,吊銷,3,否,重新考領
S00461,10,週五,23,臺中市,機車,40-49歲,男,A2,0,2,1,1,尿液,甲基安非他命,二級,2.0,1,31~60,§35 III 十年內再犯：吊銷,吊銷,3,否,重新考領
S00462,8,週三,18,嘉義縣,小客車,50-59歲,男,A2,0,1,1,3,尿液,甲基安非他命,二級,2.0,1,121~500,§35 III 十年內再犯：吊銷,吊銷,3,否,重新考領
S00463,6,週五,12,彰化縣,小客車,30-39歲,男,A2,0,2,0,2,尿液,愷他命,三級,1.0,0,31~60,§35 I 肇事致人受傷：吊扣2-4年,吊扣,2,否,期滿發還
S00464,1,週三,11,臺南市,小客車,50-59歲,男,A2,0,1,1,2,尿液,安非他命,二級,2.0,1,31~60,§35 III 十年內再犯：吊銷,吊銷,3,否,重新考領
S00465,4,週日,18,雲林縣,機車,30-39歲,男,A2,0,2,1,2,尿液,嗎啡,一級,3.0,1,61~120,§35 III 十年內再犯：吊銷,吊銷,3,否,重新考領
S00466,11,週五,0,新北市,小客車,50-59歲,男,A2,0,1,0,2,尿液,甲基安非他命,二級,2.0,0,31~60,§35 I 肇事致人受傷：吊扣2-4年,吊扣,2,否,期滿發還
S00467,10,週六,10,宜蘭縣,機車,50-59歲,男,A2,0,1,1,1,尿液,甲基安非他命,二級,2.0,1,0~30,§35 III 十年內再犯：吊銷,吊銷,3,否,重新考領
S00468,12,週六,13,臺北市,機車,40-49歲,男,A2,0,2,0,3,尿液,安非他命,二級,2.0,0,31~60,§35 I 肇事致人受傷：吊扣2-4年,吊扣,2,否,期滿發還
S00469,3,週四,7,基隆市,小客車,20-29歲,男,A2,0,2,0,3,尿液,安非他命,二級,2.0,0,0~30,§35 I 肇事致人受傷：吊扣2-4年,吊扣,3,否,期滿發還
S00470,12,週五,10,新北市,機車,60歲以上,男,A2,0,1,1,1,尿液,安非他命,二級,2.0,1,0~30,§35 III 十年內再犯：吊銷,吊銷,3,否,重新考領
S00471,8,週一,19,高雄市,機車,30-39歲,男,A1,1,1,1,0,血液,安非他命,二級,2.0,1,31~60,§35 致人死亡：吊銷並終身不得考領,吊銷,,是,終身不得考領
S00472,4,週六,19,高雄市,機車,40-49歲,男,A2,0,1,0,1,尿液,甲基安非他命,二級,2.0,0,31~60,§35 I 肇事致人受傷：吊扣2-4年,吊扣,4,否,期滿發還
S00473,8,週四,11,桃園市,小客車,20-29歲,男,A2,0,1,1,2,尿液,安非他命,二級,2.0,3,31~60,§35 III 十年內再犯：吊銷,吊銷,3,否,重新考領
S00474,5,週三,2,臺北市,機車,40-49歲,男,A2,0,1,0,3,尿液,愷他命,三級,1.0,0,61~120,§35 I 肇事致人受傷：吊扣2-4年,吊扣,4,否,期滿發還
S00475,5,週五,15,新北市,機車,50-59歲,男,A2,0,1,0,3,尿液,安非他命,二級,2.0,0,0~30,§35 I 肇事致人受傷：吊扣2-4年,吊扣,4,否,期滿發還
S00476,1,週六,15,新北市,機車,40-49歲,男,A2,0,1,0,2,尿液,甲基安非他命,二級,2.0,0,31~60,§35 I 肇事致人受傷：吊扣2-4年,吊扣,3,否,期滿發還
S00477,9,週一,12,新北市,機車,40-49歲,男,A2,0,2,0,1,尿液,甲基安非他命,二級,2.0,0,31~60,§35 I 肇事致人受傷：吊扣2-4年,吊扣,2,否,期滿發還
S00478,8,週五,17,桃園市,機車,40-49歲,女,A2,0,1,0,3,尿液,安非他命,二級,2.0,0,61~120,§35 I 肇事致人受傷：吊扣2-4年,吊扣,4,否,期滿發還
S00479,7,週一,16,花蓮縣,小客車,60歲以上,男,A2,0,1,1,0,尿液,愷他命,三級,1.0,1,31~60,§35 III 十年內再犯：吊銷,吊銷,3,否,重新考領
S00480,9,週四,18,新北市,貨車,20-29歲,女,A2,0,2,1,2,尿液,甲基安非他命,二級,2.0,1,0~30,§35 III 十年內再犯：吊銷,吊銷,3,否,重新考領
S00481,7,週五,18,臺南市,小客車,20-29歲,男,A2,0,1,1,2,尿液,甲基安非他命,二級,2.0,2,31~60,§35 III 十年內再犯：吊銷,吊銷,3,否,重新考領
S00482,1,週四,14,桃園市,小客車,50-59歲,男,A2,0,1,1,3,尿液,安非他命,二級,2.0,1,31~60,§35 III 十年內再犯：吊銷,吊銷,3,否,重新考領
S00483,1,週一,9,臺北市,機車,40-49歲,男,A2,0,1,0,3,尿液,安非他命,二級,2.0,0,121~500,§35 I 肇事致人受傷：吊扣2-4年,吊扣,4,否,期滿發還
S00484,4,週四,16,新北市,小客車,50-59歲,男,A2,0,1,1,1,尿液,嗎啡,一級,3.0,1,121~500,§35 III 十年內再犯：吊銷,吊銷,3,否,重新考領
S00485,11,週五,19,高雄市,小客車,50-59歲,男,A2,0,1,0,2,尿液,嗎啡,一級,3.0,0,31~60,§35 I 肇事致人受傷：吊扣2-4年,吊扣,4,否,期滿發還
S00486,2,週一,22,臺南市,小客車,40-49歲,男,A2,0,1,1,0,尿液,安非他命,二級,2.0,1,0~30,§35 III 十年內再犯：吊銷,吊銷,3,否,重新考領
S00487,11,週六,16,高雄市,機車,60歲以上,男,A2,0,1,1,2,尿液,甲基安非他命,二級,2.0,2,0~30,§35 III 十年內再犯：吊銷,吊銷,3,否,重新考領
S00488,3,週日,1,嘉義市,貨車,20-29歲,男,A2,0,1,1,3,血液,愷他命,三級,1.0,1,31~60,§35 III 十年內再犯：吊銷,吊銷,3,否,重新考領
S00489,12,週六,9,桃園市,機車,40-49歲,男,A2,0,1,0,3,尿液,愷他命,三級,1.0,0,31~60,§35 I 肇事致人受傷：吊扣2-4年,吊扣,2,否,期滿發還
S00490,5,週日,7,高雄市,機車,30-39歲,男,A2,0,1,0,1,尿液,甲基安非他命,二級,2.0,0,61~120,§35 I 肇事致人受傷：吊扣2-4年,吊扣,3,否,期滿發還
S00491,11,週一,0,臺中市,小客車,50-59歲,男,A2,0,1,1,2,血液,愷他命,三級,1.0,1,31~60,§35 III 十年內再犯：吊銷,吊銷,3,否,重新考領
S00492,6,週六,23,臺中市,機車,40-49歲,男,A2,0,3,1,0,尿液,甲基安非他命,二級,2.0,2,0~30,§35 III 十年內再犯：吊銷,吊銷,3,否,重新考領
S00493,8,週二,11,臺中市,機車,50-59歲,男,A2,0,1,1,3,尿液,甲基安非他命,二級,2.0,1,31~60,§35 III 十年內再犯：吊銷,吊銷,3,否,重新考領
S00494,8,週二,19,嘉義縣,機車,20-29歲,男,A2,0,1,0,1,尿液,嗎啡,一級,3.0,0,121~500,§35 I 肇事致人受傷：吊扣2-4年,吊扣,2,否,期滿發還
S00495,8,週日,21,桃園市,小客車,50-59歲,女,A2,0,2,1,2,尿液,安非他命,二級,2.0,2,0~30,§35 III 十年內再犯：吊銷,吊銷,3,否,重新考領
S00496,11,週六,5,臺南市,機車,50-59歲,男,A2,0,1,0,1,尿液,甲基安非他命,二級,2.0,0,31~60,§35 I 肇事致人受傷：吊扣2-4年,吊扣,4,否,期滿發還
S00497,4,週日,7,彰化縣,機車,20-29歲,男,A2,0,1,1,3,尿液,愷他命,三級,1.0,2,31~60,§35 III 十年內再犯：吊銷,吊銷,3,否,重新考領
S00498,7,週二,9,臺中市,機車,30-39歲,男,A2,0,2,0,3,尿液,甲基安非他命,二級,2.0,0,0~30,§35 I 肇事致人受傷：吊扣2-4年,吊扣,3,否,期滿發還
S00499,3,週六,6,新北市,機車,30-39歲,男,A2,0,2,1,1,尿液,安非他命,二級,2.0,3,0~30,§35 III 十年內再犯：吊銷,吊銷,3,否,重新考領
S00500,5,週日,20,臺中市,機車,40-49歲,男,A2,0,1,1,2,尿液,甲基安非他命,二級,2.0,3,61~120,§35 III 十年內再犯：吊銷,吊銷,3,否,重新考領
S00501,3,週日,9,臺中市,機車,30-39歲,男,A2,0,1,1,1,尿液,愷他命,三級,1.0,1,31~60,§35 III 十年內再犯：吊銷,吊銷,3,否,重新考領
S00502,6,週一,13,苗栗縣,小客車,50-59歲,男,A2,0,1,0,3,尿液,愷他命,三級,1.0,0,31~60,§35 I 肇事致人受傷：吊扣2-4年,吊扣,2,否,期滿發還
S00503,5,週六,18,屏東縣,小客車,40-49歲,男,A2,0,1,1,1,尿液,安非他命,二級,2.0,1,31~60,§35 III 十年內再犯：吊銷,吊銷,3,否,重新考領
S00504,2,週日,3,屏東縣,機車,40-49歲,女,A2,0,1,0,0,尿液,甲基安非他命,二級,2.0,0,61~120,§35 I 肇事致人受傷：吊扣2-4年,吊扣,2,否,期滿發還
S00505,10,週一,23,臺中市,小客車,50-59歲,男,A2,0,1,1,1,尿液,安非他命,二級,2.0,2,0~30,§35 III 十年內再犯：吊銷,吊銷,3,否,重新考領
S00506,4,週日,19,臺中市,小客車,40-49歲,男,A2,0,2,0,2,尿液,甲基安非他命,二級,2.0,0,31~60,§35 I 肇事致人受傷：吊扣2-4年,吊扣,3,否,期滿發還
S00507,8,週四,14,新北市,機車,30-39歲,男,A2,0,1,0,0,尿液,嗎啡,一級,3.0,0,0~30,§35 I 肇事致人受傷：吊扣2-4年,吊扣,3,否,期滿發還
S00508,9,週三,10,桃園市,小客車,60歲以上,男,A2,0,1,1,0,尿液,甲基安非他命,二級,2.0,2,31~60,§35 III 十年內再犯：吊銷,吊銷,3,否,重新考領
S00509,8,週四,10,彰化縣,小客車,60歲以上,男,A2,0,1,1,1,尿液,安非他命,二級,2.0,1,31~60,§35 III 十年內再犯：吊銷,吊銷,3,否,重新考領
S00510,8,週四,20,臺北市,小客車,30-39歲,男,A2,0,3,0,1,尿液,甲基安非他命,二級,2.0,0,0~30,§35 I 肇事致人受傷：吊扣2-4年,吊扣,2,否,期滿發還
S00511,12,週六,17,臺北市,機車,60歲以上,男,A2,0,1,1,0,尿液,甲基安非他命,二級,2.0,3,31~60,§35 III 十年內再犯：吊銷,吊銷,3,否,重新考領
S00512,2,週五,18,新北市,小客車,50-59歲,男,A2,0,1,1,2,尿液,安非他命,二級,2.0,2,31~60,§35 III 十年內再犯：吊銷,吊銷,3,否,重新考領
S00513,4,週六,1,高雄市,機車,20-29歲,女,A2,0,2,0,0,尿液,安非他命,二級,2.0,0,31~60,§35 I 肇事致人受傷：吊扣2-4年,吊扣,4,否,期滿發還
S00514,6,週六,16,臺中市,大客車,50-59歲,男,A2,0,1,0,3,尿液,甲基安非他命,二級,2.0,0,61~120,§35 I 肇事致人受傷：吊扣2-4年,吊扣,2,否,期滿發還
S00515,12,週一,16,彰化縣,機車,50-59歲,男,A2,0,2,1,0,尿液,嗎啡,一級,3.0,3,31~60,§35 III 十年內再犯：吊銷,吊銷,3,否,重新考領
S00516,9,週一,23,臺中市,機車,20-29歲,男,A2,0,1,1,3,尿液,安非他命,二級,2.0,2,31~60,§35 III 十年內再犯：吊銷,吊銷,3,否,重新考領
S00517,6,週一,19,臺中市,小客車,20-29歲,男,A2,0,1,1,0,尿液,嗎啡,一級,3.0,3,61~120,§35 III 十年內再犯：吊銷,吊銷,3,否,重新考領
S00518,1,週二,19,花蓮縣,機車,60歲以上,男,A2,0,1,0,1,尿液,嗎啡,一級,3.0,0,0~30,§35 I 肇事致人受傷：吊扣2-4年,吊扣,4,否,期滿發還
S00519,6,週三,22,新北市,小客車,50-59歲,男,A2,0,1,0,2,尿液,愷他命,三級,1.0,0,0~30,§35 I 肇事致人受傷：吊扣2-4年,吊扣,2,否,期滿發還
S00520,8,週二,1,高雄市,機車,40-49歲,女,A2,0,1,1,3,尿液,安非他命,二級,2.0,1,31~60,§35 III 十年內再犯：吊銷,吊銷,3,否,重新考領
S00521,5,週六,23,桃園市,小客車,40-49歲,男,A2,0,1,0,1,尿液,安非他命,二級,2.0,0,31~60,§35 I 肇事致人受傷：吊扣2-4年,吊扣,3,否,期滿發還
S00522,7,週六,23,雲林縣,機車,40-49歲,男,A2,0,2,1,2,尿液,嗎啡,一級,3.0,2,0~30,§35 III 十年內再犯：吊銷,吊銷,3,否,重新考領
S00523,4,週二,8,彰化縣,機車,40-49歲,男,A2,0,2,1,0,尿液,安非他命,二級,2.0,3,0~30,§35 III 十年內再犯：吊銷,吊銷,3,否,重新考領
S00524,2,週五,18,臺南市,機車,60歲以上,男,A2,0,2,1,1,尿液,甲基安非他命,二級,2.0,1,0~30,§35 III 十年內再犯：吊銷,吊銷,3,否,重新考領
S00525,6,週六,14,嘉義市,機車,40-49歲,男,A2,0,1,1,0,尿液,安非他命,二級,2.0,1,0~30,§35 III 十年內再犯：吊銷,吊銷,3,否,重新考領
S00526,12,週六,8,臺北市,小客車,30-39歲,男,A2,0,2,1,1,尿液,愷他命,三級,1.0,4,31~60,§35 III 十年內再犯：吊銷,吊銷,3,否,重新考領
S00527,5,週六,13,宜蘭縣,機車,30-39歲,女,A2,0,2,0,3,尿液,安非他命,二級,2.0,0,31~60,§35 I 肇事致人受傷：吊扣2-4年,吊扣,2,否,期滿發還
S00528,8,週四,17,臺南市,機車,30-39歲,男,A2,0,2,0,2,尿液,安非他命,二級,2.0,0,0~30,§35 I 肇事致人受傷：吊扣2-4年,吊扣,3,否,期滿發還
S00529,4,週一,18,雲林縣,小客車,60歲以上,男,A2,0,1,1,2,尿液,甲基安非他命,二級,2.0,1,31~60,§35 III 十年內再犯：吊銷,吊銷,3,否,重新考領
S00530,7,週五,14,臺南市,機車,50-59歲,男,A2,0,1,1,0,血液,愷他命,三級,1.0,3,31~60,§35 III 十年內再犯：吊銷,吊銷,3,否,重新考領
S00531,4,週五,3,新北市,機車,50-59歲,男,A2,0,1,1,1,尿液,甲基安非他命,二級,2.0,1,0~30,§35 III 十年內再犯：吊銷,吊銷,3,否,重新考領
S00532,2,週四,11,嘉義市,小客車,40-49歲,男,A2,0,1,0,0,尿液,愷他命,三級,1.0,0,0~30,§35 I 肇事致人受傷：吊扣2-4年,吊扣,3,否,期滿發還
S00533,4,週二,11,高雄市,小客車,40-49歲,男,A2,0,1,1,2,尿液,嗎啡,一級,3.0,1,0~30,§35 III 十年內再犯：吊銷,吊銷,3,否,重新考領
S00534,5,週四,0,臺南市,機車,20-29歲,男,A2,0,2,1,1,血液,愷他命,三級,1.0,1,31~60,§35 III 十年內再犯：吊銷,吊銷,3,否,重新考領
S00535,8,週日,16,桃園市,小客車,40-49歲,男,A2,0,1,1,2,尿液,甲基安非他命,二級,2.0,2,61~120,§35 III 十年內再犯：吊銷,吊銷,3,否,重新考領
S00536,2,週日,11,新北市,小客車,60歲以上,男,A2,0,2,0,1,尿液,安非他命,二級,2.0,0,31~60,§35 I 肇事致人受傷：吊扣2-4年,吊扣,4,否,期滿發還
S00537,10,週二,7,彰化縣,機車,30-39歲,男,A1,1,1,0,1,尿液,愷他命,三級,1.0,0,31~60,§35 致人死亡：吊銷並終身不得考領,吊銷,,是,終身不得考領
S00538,2,週日,13,臺南市,小客車,40-49歲,男,A2,0,1,0,0,尿液,安非他命,二級,2.0,0,0~30,§35 I 肇事致人受傷：吊扣2-4年,吊扣,2,否,期滿發還
S00539,1,週四,13,新北市,機車,40-49歲,男,A2,0,1,1,3,尿液,愷他命,三級,1.0,1,31~60,§35 III 十年內再犯：吊銷,吊銷,3,否,重新考領
S00540,9,週二,20,臺南市,機車,40-49歲,男,A2,0,2,1,0,尿液,嗎啡,一級,3.0,1,31~60,§35 III 十年內再犯：吊銷,吊銷,3,否,重新考領
S00541,1,週二,8,桃園市,機車,40-49歲,男,A2,0,1,1,0,尿液,安非他命,二級,2.0,1,0~30,§35 III 十年內再犯：吊銷,吊銷,3,否,重新考領
S00542,12,週三,16,臺北市,小客車,30-39歲,男,A2,0,1,1,2,尿液,安非他命,二級,2.0,1,31~60,§35 III 十年內再犯：吊銷,吊銷,3,否,重新考領
S00543,4,週二,12,金門縣,機車,30-39歲,男,A2,0,1,0,2,尿液,MDMA,二級,2.0,0,31~60,§35 I 肇事致人受傷：吊扣2-4年,吊扣,3,否,期滿發還
S00544,10,週日,9,臺北市,機車,60歲以上,男,A2,0,2,1,0,尿液,甲基安非他命,二級,2.0,1,0~30,§35 III 十年內再犯：吊銷,吊銷,3,否,重新考領
S00545,1,週一,15,新北市,小客車,40-49歲,女,A2,0,1,0,2,尿液,安非他命,二級,2.0,0,121~500,§35 I 肇事致人受傷：吊扣2-4年,吊扣,3,否,期滿發還
S00546,7,週一,18,桃園市,小客車,50-59歲,男,A2,0,1,1,3,尿液,安非他命,二級,2.0,1,31~60,§35 III 十年內再犯：吊銷,吊銷,3,否,重新考領
S00547,5,週一,9,花蓮縣,小客車,50-59歲,男,A2,0,1,0,2,尿液,嗎啡,一級,3.0,0,31~60,§35 I 肇事致人受傷：吊扣2-4年,吊扣,4,否,期滿發還
S00548,4,週六,11,新北市,小客車,40-49歲,男,A2,0,1,1,1,尿液,安非他命,二級,2.0,1,0~30,§35 III 十年內再犯：吊銷,吊銷,3,否,重新考領
S00549,12,週一,22,高雄市,機車,50-59歲,女,A2,0,2,0,2,尿液,甲基安非他命,二級,2.0,0,31~60,§35 I 肇事致人受傷：吊扣2-4年,吊扣,2,否,期滿發還
S00550,4,週日,8,苗栗縣,機車,20-29歲,男,A2,0,1,0,0,尿液,甲基安非他命,二級,2.0,0,0~30,§35 I 肇事致人受傷：吊扣2-4年,吊扣,4,否,期滿發還
S00551,1,週四,18,臺北市,小客車,20-29歲,男,A2,0,1,1,1,尿液,安非他命,二級,2.0,1,31~60,§35 III 十年內再犯：吊銷,吊銷,3,否,重新考領
S00552,4,週一,11,臺中市,機車,40-49歲,男,A2,0,2,1,2,尿液,愷他命,三級,1.0,1,31~60,§35 III 十年內再犯：吊銷,吊銷,3,否,重新考領
S00553,11,週二,10,基隆市,機車,40-49歲,女,A2,0,1,0,2,血液,甲基安非他命,二級,2.0,0,31~60,§35 I 肇事致人受傷：吊扣2-4年,吊扣,4,否,期滿發還
S00554,5,週一,7,嘉義市,機車,60歲以上,男,A2,0,2,1,2,血液,安非他命,二級,2.0,1,0~30,§35 III 十年內再犯：吊銷,吊銷,3,否,重新考領
S00555,2,週日,15,高雄市,小客車,20-29歲,男,A2,0,1,1,3,尿液,甲基安非他命,二級,2.0,2,121~500,§35 III 十年內再犯：吊銷,吊銷,3,否,重新考領
S00556,6,週五,22,臺南市,機車,40-49歲,男,A2,0,1,0,2,血液,嗎啡,一級,3.0,0,31~60,§35 I 肇事致人受傷：吊扣2-4年,吊扣,2,否,期滿發還
S00557,10,週二,4,基隆市,小客車,50-59歲,男,A2,0,1,1,3,尿液,安非他命,二級,2.0,1,0~30,§35 III 十年內再犯：吊銷,吊銷,3,否,重新考領
S00558,3,週日,16,南投縣,貨車,50-59歲,男,A2,0,1,0,1,尿液,嗎啡,一級,3.0,0,31~60,§35 I 肇事致人受傷：吊扣2-4年,吊扣,4,否,期滿發還
S00559,11,週二,11,臺北市,機車,30-39歲,男,A2,0,2,0,1,尿液,甲基安非他命,二級,2.0,0,31~60,§35 I 肇事致人受傷：吊扣2-4年,吊扣,2,否,期滿發還
S00560,10,週一,10,桃園市,機車,40-49歲,男,A2,0,1,1,0,尿液,安非他命,二級,2.0,1,0~30,§35 III 十年內再犯：吊銷,吊銷,3,否,重新考領
S00561,7,週三,22,桃園市,小客車,50-59歲,男,A2,0,2,1,3,尿液,安非他命,二級,2.0,2,0~30,§35 III 十年內再犯：吊銷,吊銷,3,否,重新考領
S00562,4,週三,13,宜蘭縣,小客車,60歲以上,男,A2,0,1,1,3,尿液,愷他命,三級,1.0,1,31~60,§35 III 十年內再犯：吊銷,吊銷,3,否,重新考領
S00563,7,週五,16,臺南市,機車,50-59歲,男,A2,0,1,0,2,尿液,甲基安非他命,二級,2.0,0,0~30,§35 I 肇事致人受傷：吊扣2-4年,吊扣,2,否,期滿發還
S00564,7,週四,8,苗栗縣,機車,40-49歲,男,A2,0,1,0,2,尿液,甲基安非他命,二級,2.0,0,121~500,§35 I 肇事致人受傷：吊扣2-4年,吊扣,3,否,期滿發還
S00565,11,週五,9,臺南市,小客車,30-39歲,男,A2,0,1,0,1,尿液,甲基安非他命,二級,2.0,0,0~30,§35 I 肇事致人受傷：吊扣2-4年,吊扣,4,否,期滿發還
S00566,11,週一,20,臺中市,貨車,40-49歲,男,A2,0,1,1,0,尿液,甲基安非他命,二級,2.0,2,31~60,§35 III 十年內再犯：吊銷,吊銷,3,否,重新考領
S00567,7,週六,12,雲林縣,小客車,20-29歲,男,A2,0,1,0,3,尿液,安非他命,二級,2.0,0,31~60,§35 I 肇事致人受傷：吊扣2-4年,吊扣,2,否,期滿發還
S00568,1,週一,8,臺南市,小客車,40-49歲,男,A2,0,1,1,0,尿液,安非他命,二級,2.0,1,31~60,§35 III 十年內再犯：吊銷,吊銷,3,否,重新考領
S00569,11,週一,17,新北市,機車,40-49歲,女,A2,0,1,1,3,血液,甲基安非他命,二級,2.0,1,31~60,§35 III 十年內再犯：吊銷,吊銷,3,否,重新考領
S00570,8,週日,12,新北市,小客車,30-39歲,男,A2,0,1,1,2,血液,甲基安非他命,二級,2.0,2,61~120,§35 III 十年內再犯：吊銷,吊銷,3,否,重新考領
S00571,6,週三,21,新北市,機車,50-59歲,男,A2,0,1,0,2,血液,安非他命,二級,2.0,0,121~500,§35 I 肇事致人受傷：吊扣2-4年,吊扣,2,否,期滿發還
S00572,10,週五,12,新北市,小客車,40-49歲,男,A2,0,1,1,3,尿液,安非他命,二級,2.0,3,0~30,§35 III 十年內再犯：吊銷,吊銷,3,否,重新考領
S00573,4,週一,21,高雄市,機車,40-49歲,男,A2,0,1,1,2,尿液,甲基安非他命,二級,2.0,1,121~500,§35 III 十年內再犯：吊銷,吊銷,3,否,重新考領
S00574,10,週日,8,新北市,機車,60歲以上,男,A2,0,2,0,1,尿液,安非他命,二級,2.0,0,0~30,§35 I 肇事致人受傷：吊扣2-4年,吊扣,4,否,期滿發還
S00575,4,週二,17,臺北市,機車,60歲以上,男,A2,0,1,0,1,尿液,甲基安非他命,二級,2.0,0,31~60,§35 I 肇事致人受傷：吊扣2-4年,吊扣,4,否,期滿發還
S00576,10,週五,18,臺南市,小客車,40-49歲,男,A2,0,2,0,2,尿液,甲基安非他命,二級,2.0,0,31~60,§35 I 肇事致人受傷：吊扣2-4年,吊扣,3,否,期滿發還
S00577,11,週四,8,宜蘭縣,機車,30-39歲,男,A2,0,1,0,3,尿液,嗎啡,一級,3.0,0,31~60,§35 I 肇事致人受傷：吊扣2-4年,吊扣,2,否,期滿發還
S00578,11,週五,12,臺南市,小客車,20-29歲,男,A2,0,1,1,1,尿液,甲基安非他命,二級,2.0,2,61~120,§35 III 十年內再犯：吊銷,吊銷,3,否,重新考領
S00579,11,週一,9,雲林縣,機車,30-39歲,男,A2,0,1,0,1,尿液,甲基安非他命,二級,2.0,0,31~60,§35 I 肇事致人受傷：吊扣2-4年,吊扣,3,否,期滿發還
S00580,10,週一,18,新北市,機車,50-59歲,男,A2,0,1,0,3,尿液,甲基安非他命,二級,2.0,0,61~120,§35 I 肇事致人受傷：吊扣2-4年,吊扣,2,否,期滿發還
S00581,7,週三,22,高雄市,小客車,19歲以下,男,A2,0,1,1,0,尿液,甲基安非他命,二級,2.0,1,31~60,§35 III 十年內再犯：吊銷,吊銷,3,否,重新考領
S00582,2,週二,11,新竹縣,機車,30-39歲,男,A2,0,2,1,1,尿液,嗎啡,一級,3.0,2,0~30,§35 III 十年內再犯：吊銷,吊銷,3,否,重新考領
S00583,11,週一,10,臺南市,機車,40-49歲,男,A2,0,1,0,1,尿液,安非他命,二級,2.0,0,121~500,§35 I 肇事致人受傷：吊扣2-4年,吊扣,2,否,期滿發還
S00584,2,週二,8,臺北市,貨車,50-59歲,男,A2,0,1,1,3,尿液,安非他命,二級,2.0,1,121~500,§35 III 十年內再犯：吊銷,吊銷,3,否,重新考領
S00585,11,週三,1,新竹市,機車,50-59歲,女,A2,0,2,0,2,尿液,甲基安非他命,二級,2.0,0,0~30,§35 I 肇事致人受傷：吊扣2-4年,吊扣,2,否,期滿發還
S00586,8,週五,16,新北市,小客車,40-49歲,男,A2,0,1,1,1,尿液,安非他命,二級,2.0,4,0~30,§35 III 十年內再犯：吊銷,吊銷,3,否,重新考領
S00587,5,週六,9,高雄市,小客車,50-59歲,男,A2,0,1,1,3,尿液,甲基安非他命,二級,2.0,1,0~30,§35 III 十年內再犯：吊銷,吊銷,3,否,重新考領
S00588,6,週四,9,臺中市,機車,40-49歲,男,A2,0,1,1,1,尿液,甲基安非他命,二級,2.0,1,31~60,§35 III 十年內再犯：吊銷,吊銷,3,否,重新考領
S00589,11,週日,8,桃園市,小客車,60歲以上,男,A1,1,1,0,2,尿液,嗎啡,一級,3.0,0,31~60,§35 致人死亡：吊銷並終身不得考領,吊銷,,是,終身不得考領
S00590,3,週日,18,臺北市,機車,40-49歲,男,A2,0,2,1,1,尿液,嗎啡,一級,3.0,2,31~60,§35 III 十年內再犯：吊銷,吊銷,3,否,重新考領
S00591,10,週日,16,臺北市,小客車,40-49歲,男,A2,0,1,0,2,尿液,安非他命,二級,2.0,0,0~30,§35 I 肇事致人受傷：吊扣2-4年,吊扣,3,否,期滿發還
S00592,6,週五,8,臺南市,小客車,40-49歲,男,A2,0,1,1,1,尿液,安非他命,二級,2.0,1,31~60,§35 III 十年內再犯：吊銷,吊銷,3,否,重新考領
S00593,7,週五,19,桃園市,機車,30-39歲,男,A2,0,1,1,3,尿液,甲基安非他命,二級,2.0,1,0~30,§35 III 十年內再犯：吊銷,吊銷,3,否,重新考領
S00594,12,週四,20,新北市,機車,40-49歲,女,A2,0,4,0,0,尿液,愷他命,三級,1.0,0,0~30,§35 I 肇事致人受傷：吊扣2-4年,吊扣,2,否,期滿發還
S00595,5,週二,9,臺南市,機車,50-59歲,男,A2,0,1,0,0,尿液,愷他命,三級,1.0,0,0~30,§35 I 肇事致人受傷：吊扣2-4年,吊扣,2,否,期滿發還
S00596,6,週二,7,彰化縣,小客車,40-49歲,男,A2,0,2,0,0,尿液,甲基安非他命,二級,2.0,0,121~500,§35 I 肇事致人受傷：吊扣2-4年,吊扣,3,否,期滿發還
S00597,7,週四,12,花蓮縣,小客車,20-29歲,女,A2,0,1,0,2,尿液,安非他命,二級,2.0,0,31~60,§35 I 肇事致人受傷：吊扣2-4年,吊扣,3,否,期滿發還
S00598,3,週六,22,新北市,小客車,30-39歲,男,A2,0,1,0,3,尿液,安非他命,二級,2.0,0,31~60,§35 I 肇事致人受傷：吊扣2-4年,吊扣,4,否,期滿發還
S00599,5,週日,9,新北市,小客車,50-59歲,男,A2,0,1,0,2,尿液,嗎啡,一級,3.0,0,61~120,§35 I 肇事致人受傷：吊扣2-4年,吊扣,4,否,期滿發還
S00600,12,週六,16,基隆市,小客車,20-29歲,女,A2,0,1,1,2,尿液,安非他命,二級,2.0,1,31~60,§35 III 十年內再犯：吊銷,吊銷,3,否,重新考領
S00601,2,週四,18,臺南市,機車,40-49歲,男,A2,0,1,0,0,尿液,安非他命,二級,2.0,0,31~60,§35 I 肇事致人受傷：吊扣2-4年,吊扣,2,否,期滿發還
S00602,10,週三,17,高雄市,小客車,30-39歲,男,A2,0,1,0,1,尿液,甲基安非他命,二級,2.0,0,31~60,§35 I 肇事致人受傷：吊扣2-4年,吊扣,2,否,期滿發還
S00603,11,週六,18,臺南市,小客車,40-49歲,男,A2,0,1,0,0,尿液,甲基安非他命,二級,2.0,0,31~60,§35 I 肇事致人受傷：吊扣2-4年,吊扣,3,否,期滿發還
S00604,4,週四,17,臺南市,機車,50-59歲,男,A2,0,2,1,3,尿液,甲基安非他命,二級,2.0,1,61~120,§35 III 十年內再犯：吊銷,吊銷,3,否,重新考領
S00605,12,週一,12,臺中市,小客車,60歲以上,男,A2,0,2,1,3,尿液,安非他命,二級,2.0,1,31~60,§35 III 十年內再犯：吊銷,吊銷,3,否,重新考領
S00606,5,週四,17,屏東縣,小客車,40-49歲,男,A2,0,1,1,3,尿液,安非他命,二級,2.0,1,0~30,§35 III 十年內再犯：吊銷,吊銷,3,否,重新考領
S00607,12,週三,8,臺南市,機車,40-49歲,女,A2,0,2,0,1,尿液,愷他命,三級,1.0,0,31~60,§35 I 肇事致人受傷：吊扣2-4年,吊扣,4,否,期滿發還
S00608,2,週五,20,彰化縣,機車,40-49歲,男,A2,0,1,0,3,血液,安非他命,二級,2.0,0,31~60,§35 I 肇事致人受傷：吊扣2-4年,吊扣,2,否,期滿發還
S00609,7,週日,6,彰化縣,小客車,40-49歲,男,A2,0,1,1,3,尿液,安非他命,二級,2.0,1,0~30,§35 III 十年內再犯：吊銷,吊銷,3,否,重新考領
S00610,10,週四,13,新竹縣,小客車,19歲以下,男,A2,0,1,1,2,尿液,安非他命,二級,2.0,1,31~60,§35 III 十年內再犯：吊銷,吊銷,3,否,重新考領
S00611,2,週三,14,宜蘭縣,機車,30-39歲,男,A2,0,1,1,0,尿液,愷他命,三級,1.0,2,31~60,§35 III 十年內再犯：吊銷,吊銷,3,否,重新考領
S00612,10,週四,11,新竹縣,小客車,30-39歲,男,A2,0,1,1,1,尿液,安非他命,二級,2.0,1,0~30,§35 III 十年內再犯：吊銷,吊銷,3,否,重新考領
S00613,8,週二,17,臺東縣,機車,50-59歲,男,A2,0,3,1,2,血液,安非他命,二級,2.0,1,121~500,§35 III 十年內再犯：吊銷,吊銷,3,否,重新考領
S00614,6,週四,17,南投縣,小客車,50-59歲,女,A2,0,1,0,3,尿液,甲基安非他命,二級,2.0,0,31~60,§35 I 肇事致人受傷：吊扣2-4年,吊扣,4,否,期滿發還
S00615,5,週五,8,臺南市,機車,40-49歲,男,A2,0,1,1,1,尿液,甲基安非他命,二級,2.0,1,31~60,§35 III 十年內再犯：吊銷,吊銷,3,否,重新考領
S00616,4,週一,12,嘉義市,小客車,50-59歲,男,A2,0,1,0,3,尿液,甲基安非他命,二級,2.0,0,0~30,§35 I 肇事致人受傷：吊扣2-4年,吊扣,4,否,期滿發還
S00617,10,週一,10,新北市,小客車,30-39歲,女,A2,0,1,1,0,尿液,愷他命,三級,1.0,1,31~60,§35 III 十年內再犯：吊銷,吊銷,3,否,重新考領
S00618,1,週三,7,臺南市,機車,50-59歲,男,A2,0,1,1,3,尿液,愷他命,三級,1.0,1,31~60,§35 III 十年內再犯：吊銷,吊銷,3,否,重新考領
S00619,9,週六,18,彰化縣,機車,50-59歲,男,A2,0,1,0,0,尿液,甲基安非他命,二級,2.0,0,31~60,§35 I 肇事致人受傷：吊扣2-4年,吊扣,3,否,期滿發還
S00620,10,週二,18,高雄市,機車,40-49歲,男,A2,0,1,1,3,尿液,甲基安非他命,二級,2.0,1,0~30,§35 III 十年內再犯：吊銷,吊銷,3,否,重新考領
S00621,9,週一,9,臺北市,小客車,40-49歲,男,A2,0,2,1,2,尿液,甲基安非他命,二級,2.0,2,0~30,§35 III 十年內再犯：吊銷,吊銷,3,否,重新考領
S00622,6,週六,8,新北市,機車,50-59歲,女,A2,0,1,1,3,尿液,甲基安非他命,二級,2.0,1,31~60,§35 III 十年內再犯：吊銷,吊銷,3,否,重新考領
S00623,12,週日,9,臺南市,大客車,40-49歲,男,A2,0,1,1,3,尿液,甲基安非他命,二級,2.0,1,31~60,§35 III 十年內再犯：吊銷,吊銷,3,否,重新考領
S00624,2,週五,22,新北市,機車,60歲以上,男,A2,0,1,0,3,尿液,安非他命,二級,2.0,0,0~30,§35 I 肇事致人受傷：吊扣2-4年,吊扣,2,否,期滿發還
S00625,10,週四,14,臺北市,機車,30-39歲,男,A2,0,2,0,2,尿液,甲基安非他命,二級,2.0,0,31~60,§35 I 肇事致人受傷：吊扣2-4年,吊扣,2,否,期滿發還
S00626,4,週五,8,嘉義市,小客車,40-49歲,男,A2,0,1,1,0,尿液,甲基安非他命,二級,2.0,1,0~30,§35 III 十年內再犯：吊銷,吊銷,3,否,重新考領
S00627,11,週六,13,臺中市,機車,30-39歲,男,A2,0,3,1,0,尿液,甲基安非他命,二級,2.0,4,0~30,§35 III 十年內再犯：吊銷,吊銷,3,否,重新考領
S00628,3,週三,8,高雄市,小客車,60歲以上,男,A2,0,1,1,3,尿液,甲基安非他命,二級,2.0,1,31~60,§35 III 十年內再犯：吊銷,吊銷,3,否,重新考領
S00629,4,週一,12,臺中市,小客車,60歲以上,男,A2,0,1,1,1,尿液,安非他命,二級,2.0,2,0~30,§35 III 十年內再犯：吊銷,吊銷,3,否,重新考領
S00630,2,週三,4,屏東縣,小客車,60歲以上,男,A2,0,2,1,1,尿液,安非他命,二級,2.0,4,121~500,§35 III 十年內再犯：吊銷,吊銷,3,否,重新考領
S00631,3,週日,18,嘉義市,機車,50-59歲,女,A2,0,1,1,2,尿液,安非他命,二級,2.0,1,0~30,§35 III 十年內再犯：吊銷,吊銷,3,否,重新考領
S00632,11,週一,17,桃園市,機車,40-49歲,男,A2,0,1,0,0,尿液,甲基安非他命,二級,2.0,0,0~30,§35 I 肇事致人受傷：吊扣2-4年,吊扣,3,否,期滿發還
S00633,11,週二,18,桃園市,小客車,40-49歲,男,A2,0,3,0,3,尿液,安非他命,二級,2.0,0,31~60,§35 I 肇事致人受傷：吊扣2-4年,吊扣,4,否,期滿發還
S00634,7,週四,18,桃園市,機車,50-59歲,男,A2,0,1,1,3,尿液,嗎啡,一級,3.0,1,31~60,§35 III 十年內再犯：吊銷,吊銷,3,否,重新考領
S00635,8,週一,12,新北市,貨車,50-59歲,男,A2,0,1,0,3,尿液,愷他命,三級,1.0,0,0~30,§35 I 肇事致人受傷：吊扣2-4年,吊扣,3,否,期滿發還
S00636,7,週五,9,嘉義縣,機車,40-49歲,男,A2,0,2,1,2,尿液,甲基安非他命,二級,2.0,1,31~60,§35 III 十年內再犯：吊銷,吊銷,3,否,重新考領
S00637,10,週六,16,基隆市,機車,40-49歲,男,A2,0,2,0,0,尿液,愷他命,三級,1.0,0,0~30,§35 I 肇事致人受傷：吊扣2-4年,吊扣,2,否,期滿發還
S00638,1,週二,13,臺北市,小客車,30-39歲,男,A2,0,1,1,2,尿液,甲基安非他命,二級,2.0,4,121~500,§35 III 十年內再犯：吊銷,吊銷,3,否,重新考領
S00639,4,週三,10,臺北市,小客車,40-49歲,男,A2,0,1,0,0,尿液,嗎啡,一級,3.0,0,31~60,§35 I 肇事致人受傷：吊扣2-4年,吊扣,2,否,期滿發還
S00640,8,週六,14,桃園市,小客車,40-49歲,女,A2,0,1,1,1,尿液,甲基安非他命,二級,2.0,1,0~30,§35 III 十年內再犯：吊銷,吊銷,3,否,重新考領
S00641,4,週五,22,臺南市,小客車,40-49歲,男,A2,0,1,0,2,血液,嗎啡,一級,3.0,0,31~60,§35 I 肇事致人受傷：吊扣2-4年,吊扣,3,否,期滿發還
S00642,8,週日,7,屏東縣,機車,50-59歲,男,A2,0,1,0,1,血液,甲基安非他命,二級,2.0,0,31~60,§35 I 肇事致人受傷：吊扣2-4年,吊扣,4,否,期滿發還
S00643,9,週六,14,高雄市,小客車,50-59歲,男,A2,0,1,1,3,尿液,安非他命,二級,2.0,4,31~60,§35 III 十年內再犯：吊銷,吊銷,3,否,重新考領
S00644,6,週一,9,彰化縣,小客車,20-29歲,女,A2,0,2,1,0,尿液,甲基安非他命,二級,2.0,2,31~60,§35 III 十年內再犯：吊銷,吊銷,3,否,重新考領
S00645,7,週四,14,宜蘭縣,小客車,40-49歲,男,A2,0,3,1,3,尿液,愷他命,三級,1.0,1,31~60,§35 III 十年內再犯：吊銷,吊銷,3,否,重新考領
S00646,10,週三,8,臺南市,小客車,40-49歲,男,A2,0,1,1,1,血液,安非他命,二級,2.0,2,0~30,§35 III 十年內再犯：吊銷,吊銷,3,否,重新考領
S00647,1,週四,8,臺中市,機車,30-39歲,男,A2,0,2,0,1,尿液,安非他命,二級,2.0,0,31~60,§35 I 肇事致人受傷：吊扣2-4年,吊扣,4,否,期滿發還
S00648,11,週三,19,臺北市,小客車,20-29歲,男,A2,0,1,1,1,尿液,甲基安非他命,二級,2.0,1,0~30,§35 III 十年內再犯：吊銷,吊銷,3,否,重新考領
S00649,5,週四,9,新北市,機車,40-49歲,男,A2,0,1,1,2,尿液,愷他命,三級,1.0,2,31~60,§35 III 十年內再犯：吊銷,吊銷,3,否,重新考領
S00650,2,週一,19,臺中市,小客車,20-29歲,男,A2,0,1,1,2,尿液,嗎啡,一級,3.0,1,31~60,§35 III 十年內再犯：吊銷,吊銷,3,否,重新考領
S00651,10,週四,9,苗栗縣,機車,30-39歲,男,A1,1,1,1,1,尿液,甲基安非他命,二級,2.0,2,31~60,§35 致人死亡：吊銷並終身不得考領,吊銷,,是,終身不得考領
S00652,9,週五,21,臺南市,機車,40-49歲,男,A2,0,1,1,1,尿液,甲基安非他命,二級,2.0,1,31~60,§35 III 十年內再犯：吊銷,吊銷,3,否,重新考領
S00653,4,週一,8,屏東縣,機車,30-39歲,男,A2,0,1,0,2,尿液,安非他命,二級,2.0,0,0~30,§35 I 肇事致人受傷：吊扣2-4年,吊扣,2,否,期滿發還
S00654,11,週一,23,臺中市,機車,50-59歲,男,A2,0,1,1,2,尿液,愷他命,三級,1.0,1,0~30,§35 III 十年內再犯：吊銷,吊銷,3,否,重新考領
S00655,11,週二,17,高雄市,機車,40-49歲,男,A2,0,2,1,1,尿液,愷他命,三級,1.0,1,31~60,§35 III 十年內再犯：吊銷,吊銷,3,否,重新考領
S00656,11,週六,10,新竹縣,機車,20-29歲,男,A2,0,1,1,1,尿液,愷他命,三級,1.0,1,0~30,§35 III 十年內再犯：吊銷,吊銷,3,否,重新考領
S00657,10,週五,22,新北市,機車,50-59歲,男,A2,0,1,0,2,尿液,嗎啡,一級,3.0,0,31~60,§35 I 肇事致人受傷：吊扣2-4年,吊扣,2,否,期滿發還
S00658,8,週一,18,屏東縣,機車,50-59歲,男,A2,0,1,0,2,尿液,安非他命,二級,2.0,0,0~30,§35 I 肇事致人受傷：吊扣2-4年,吊扣,2,否,期滿發還
S00659,7,週六,7,新北市,小客車,40-49歲,女,A2,0,1,1,1,尿液,安非他命,二級,2.0,1,31~60,§35 III 十年內再犯：吊銷,吊銷,3,否,重新考領
S00660,3,週一,11,南投縣,機車,40-49歲,男,A2,0,1,0,1,尿液,甲基安非他命,二級,2.0,0,0~30,§35 I 肇事致人受傷：吊扣2-4年,吊扣,4,否,期滿發還
S00661,4,週四,6,雲林縣,機車,50-59歲,男,A2,0,3,1,2,尿液,嗎啡,一級,3.0,1,0~30,§35 III 十年內再犯：吊銷,吊銷,3,否,重新考領
S00662,7,週四,14,臺北市,機車,60歲以上,男,A2,0,2,1,3,尿液,安非他命,二級,2.0,1,31~60,§35 III 十年內再犯：吊銷,吊銷,3,否,重新考領
S00663,7,週二,22,新北市,機車,40-49歲,女,A2,0,1,1,2,尿液,安非他命,二級,2.0,3,31~60,§35 III 十年內再犯：吊銷,吊銷,3,否,重新考領
S00664,4,週五,22,嘉義縣,機車,50-59歲,女,A2,0,2,0,1,尿液,甲基安非他命,二級,2.0,0,31~60,§35 I 肇事致人受傷：吊扣2-4年,吊扣,2,否,期滿發還
S00665,7,週六,12,臺南市,小客車,60歲以上,男,A2,0,1,0,0,尿液,安非他命,二級,2.0,0,31~60,§35 I 肇事致人受傷：吊扣2-4年,吊扣,2,否,期滿發還
S00666,11,週六,18,南投縣,機車,30-39歲,男,A2,0,1,1,1,尿液,甲基安非他命,二級,2.0,1,31~60,§35 III 十年內再犯：吊銷,吊銷,3,否,重新考領
S00667,11,週三,22,新北市,機車,40-49歲,男,A2,0,1,0,3,尿液,安非他命,二級,2.0,0,0~30,§35 I 肇事致人受傷：吊扣2-4年,吊扣,2,否,期滿發還
S00668,5,週五,19,新竹市,小客車,40-49歲,女,A2,0,1,1,0,尿液,安非他命,二級,2.0,1,0~30,§35 III 十年內再犯：吊銷,吊銷,3,否,重新考領
S00669,9,週一,17,宜蘭縣,小客車,50-59歲,男,A2,0,1,1,0,尿液,甲基安非他命,二級,2.0,1,0~30,§35 III 十年內再犯：吊銷,吊銷,3,否,重新考領
S00670,10,週一,11,新竹縣,小客車,60歲以上,男,A2,0,1,1,0,尿液,愷他命,三級,1.0,1,31~60,§35 III 十年內再犯：吊銷,吊銷,3,否,重新考領
S00671,4,週五,15,臺中市,小客車,40-49歲,男,A2,0,1,0,0,血液,安非他命,二級,2.0,0,121~500,§35 I 肇事致人受傷：吊扣2-4年,吊扣,3,否,期滿發還
S00672,9,週一,7,新北市,小客車,30-39歲,男,A2,0,1,0,0,尿液,甲基安非他命,二級,2.0,0,31~60,§35 I 肇事致人受傷：吊扣2-4年,吊扣,4,否,期滿發還
S00673,7,週四,21,臺中市,機車,30-39歲,男,A2,0,1,1,0,尿液,甲基安非他命,二級,2.0,2,0~30,§35 III 十年內再犯：吊銷,吊銷,3,否,重新考領
S00674,8,週一,17,彰化縣,小客車,40-49歲,男,A2,0,2,1,1,尿液,安非他命,二級,2.0,2,0~30,§35 III 十年內再犯：吊銷,吊銷,3,否,重新考領
S00675,8,週一,13,臺南市,機車,30-39歲,男,A2,0,1,0,3,尿液,嗎啡,一級,3.0,0,121~500,§35 I 肇事致人受傷：吊扣2-4年,吊扣,4,否,期滿發還
S00676,4,週日,17,桃園市,小客車,40-49歲,男,A2,0,1,1,2,尿液,嗎啡,一級,3.0,1,0~30,§35 III 十年內再犯：吊銷,吊銷,3,否,重新考領
S00677,1,週三,3,新竹市,機車,40-49歲,男,A2,0,2,0,3,尿液,甲基安非他命,二級,2.0,0,0~30,§35 I 肇事致人受傷：吊扣2-4年,吊扣,4,否,期滿發還
S00678,11,週四,11,高雄市,小客車,40-49歲,男,A2,0,1,1,0,尿液,愷他命,三級,1.0,1,61~120,§35 III 十年內再犯：吊銷,吊銷,3,否,重新考領
S00679,8,週六,12,新北市,機車,40-49歲,男,A2,0,1,1,2,血液,甲基安非他命,二級,2.0,3,31~60,§35 III 十年內再犯：吊銷,吊銷,3,否,重新考領
S00680,8,週六,19,高雄市,機車,60歲以上,男,A2,0,2,0,1,尿液,愷他命,三級,1.0,0,31~60,§35 I 肇事致人受傷：吊扣2-4年,吊扣,3,否,期滿發還
S00681,11,週三,14,臺中市,機車,40-49歲,男,A2,0,1,1,1,尿液,嗎啡,一級,3.0,3,121~500,§35 III 十年內再犯：吊銷,吊銷,3,否,重新考領
S00682,1,週一,16,桃園市,機車,50-59歲,男,A2,0,1,0,2,尿液,安非他命,二級,2.0,0,31~60,§35 I 肇事致人受傷：吊扣2-4年,吊扣,2,否,期滿發還
S00683,1,週一,7,高雄市,小客車,40-49歲,男,A2,0,1,0,2,尿液,甲基安非他命,二級,2.0,0,61~120,§35 I 肇事致人受傷：吊扣2-4年,吊扣,2,否,期滿發還
S00684,1,週日,11,臺南市,小客車,50-59歲,男,A2,0,1,0,0,尿液,甲基安非他命,二級,2.0,0,31~60,§35 I 肇事致人受傷：吊扣2-4年,吊扣,2,否,期滿發還
S00685,8,週五,3,雲林縣,小客車,40-49歲,男,A2,0,2,1,2,尿液,甲基安非他命,二級,2.0,2,121~500,§35 III 十年內再犯：吊銷,吊銷,3,否,重新考領
S00686,2,週日,15,臺中市,機車,40-49歲,男,A2,0,1,0,2,尿液,安非他命,二級,2.0,0,31~60,§35 I 肇事致人受傷：吊扣2-4年,吊扣,4,否,期滿發還
S00687,9,週一,9,臺中市,機車,40-49歲,男,A2,0,1,1,0,尿液,嗎啡,一級,3.0,4,121~500,§35 III 十年內再犯：吊銷,吊銷,3,否,重新考領
S00688,10,週一,21,臺南市,機車,20-29歲,男,A2,0,1,0,2,尿液,甲基安非他命,二級,2.0,0,61~120,§35 I 肇事致人受傷：吊扣2-4年,吊扣,2,否,期滿發還
S00689,4,週三,7,新北市,小客車,50-59歲,男,A2,0,1,0,2,尿液,甲基安非他命,二級,2.0,0,61~120,§35 I 肇事致人受傷：吊扣2-4年,吊扣,4,否,期滿發還
S00690,8,週四,7,新北市,機車,50-59歲,男,A2,0,1,1,2,尿液,甲基安非他命,二級,2.0,2,0~30,§35 III 十年內再犯：吊銷,吊銷,3,否,重新考領
S00691,1,週六,16,桃園市,小客車,40-49歲,男,A2,0,1,0,0,尿液,甲基安非他命,二級,2.0,0,121~500,§35 I 肇事致人受傷：吊扣2-4年,吊扣,4,否,期滿發還
S00692,11,週二,15,臺北市,機車,50-59歲,女,A2,0,3,1,3,尿液,甲基安非他命,二級,2.0,1,31~60,§35 III 十年內再犯：吊銷,吊銷,3,否,重新考領
S00693,2,週日,3,臺中市,貨車,20-29歲,男,A2,0,1,1,3,尿液,甲基安非他命,二級,2.0,1,0~30,§35 III 十年內再犯：吊銷,吊銷,3,否,重新考領
S00694,9,週二,7,南投縣,小客車,40-49歲,男,A2,0,1,1,1,尿液,甲基安非他命,二級,2.0,1,121~500,§35 III 十年內再犯：吊銷,吊銷,3,否,重新考領
S00695,1,週日,22,宜蘭縣,機車,40-49歲,男,A2,0,3,1,0,尿液,愷他命,三級,1.0,1,31~60,§35 III 十年內再犯：吊銷,吊銷,3,否,重新考領
S00696,11,週五,13,臺中市,機車,20-29歲,男,A2,0,2,1,3,尿液,愷他命,三級,1.0,1,0~30,§35 III 十年內再犯：吊銷,吊銷,3,否,重新考領
S00697,4,週六,23,雲林縣,小客車,40-49歲,女,A2,0,1,1,3,尿液,愷他命,三級,1.0,4,31~60,§35 III 十年內再犯：吊銷,吊銷,3,否,重新考領
S00698,4,週六,23,新北市,機車,50-59歲,男,A2,0,1,0,2,血液,甲基安非他命,二級,2.0,0,61~120,§35 I 肇事致人受傷：吊扣2-4年,吊扣,2,否,期滿發還
S00699,7,週六,14,苗栗縣,機車,40-49歲,男,A2,0,2,1,0,尿液,甲基安非他命,二級,2.0,1,31~60,§35 III 十年內再犯：吊銷,吊銷,3,否,重新考領
S00700,11,週日,19,桃園市,機車,20-29歲,男,A2,0,2,0,1,尿液,安非他命,二級,2.0,0,0~30,§35 I 肇事致人受傷：吊扣2-4年,吊扣,3,否,期滿發還
S00701,7,週四,21,新北市,機車,50-59歲,男,A2,0,1,1,0,尿液,安非他命,二級,2.0,1,0~30,§35 III 十年內再犯：吊銷,吊銷,3,否,重新考領
S00702,1,週二,11,高雄市,機車,60歲以上,男,A2,0,1,0,2,尿液,安非他命,二級,2.0,0,31~60,§35 I 肇事致人受傷：吊扣2-4年,吊扣,2,否,期滿發還
S00703,1,週六,17,新北市,機車,30-39歲,女,A2,0,2,0,2,尿液,安非他命,二級,2.0,0,61~120,§35 I 肇事致人受傷：吊扣2-4年,吊扣,4,否,期滿發還
S00704,3,週一,18,屏東縣,貨車,40-49歲,男,A2,0,2,0,0,尿液,甲基安非他命,二級,2.0,0,31~60,§35 I 肇事致人受傷：吊扣2-4年,吊扣,3,否,期滿發還
S00705,12,週一,22,基隆市,小客車,50-59歲,男,A2,0,1,0,1,血液,安非他命,二級,2.0,0,31~60,§35 I 肇事致人受傷：吊扣2-4年,吊扣,2,否,期滿發還
S00706,7,週四,1,新北市,貨車,50-59歲,男,A2,0,1,1,1,尿液,甲基安非他命,二級,2.0,1,31~60,§35 III 十年內再犯：吊銷,吊銷,3,否,重新考領
S00707,1,週二,8,新北市,貨車,50-59歲,男,A2,0,1,1,1,尿液,安非他命,二級,2.0,1,31~60,§35 III 十年內再犯：吊銷,吊銷,3,否,重新考領
S00708,5,週日,2,南投縣,機車,60歲以上,女,A2,0,2,1,0,尿液,甲基安非他命,二級,2.0,2,121~500,§35 III 十年內再犯：吊銷,吊銷,3,否,重新考領
S00709,10,週三,7,新竹縣,機車,40-49歲,男,A2,0,1,1,2,尿液,甲基安非他命,二級,2.0,1,31~60,§35 III 十年內再犯：吊銷,吊銷,3,否,重新考領
S00710,3,週二,7,臺南市,機車,20-29歲,男,A2,0,1,0,3,尿液,愷他命,三級,1.0,0,121~500,§35 I 肇事致人受傷：吊扣2-4年,吊扣,2,否,期滿發還
S00711,11,週二,19,高雄市,小客車,40-49歲,女,A2,0,1,0,3,尿液,甲基安非他命,二級,2.0,0,0~30,§35 I 肇事致人受傷：吊扣2-4年,吊扣,4,否,期滿發還
S00712,4,週六,20,臺南市,小客車,40-49歲,男,A2,0,1,1,3,尿液,安非他命,二級,2.0,2,0~30,§35 III 十年內再犯：吊銷,吊銷,3,否,重新考領
S00713,3,週三,7,臺北市,機車,40-49歲,男,A2,0,1,1,1,尿液,愷他命,三級,1.0,1,61~120,§35 III 十年內再犯：吊銷,吊銷,3,否,重新考領
S00714,8,週一,12,新北市,小客車,19歲以下,男,A2,0,2,0,1,尿液,愷他命,三級,1.0,0,31~60,§35 I 肇事致人受傷：吊扣2-4年,吊扣,3,否,期滿發還
S00715,3,週日,7,臺北市,機車,50-59歲,男,A2,0,1,0,3,尿液,甲基安非他命,二級,2.0,0,0~30,§35 I 肇事致人受傷：吊扣2-4年,吊扣,4,否,期滿發還
S00716,12,週一,0,嘉義市,機車,50-59歲,男,A2,0,1,1,0,尿液,甲基安非他命,二級,2.0,4,121~500,§35 III 十年內再犯：吊銷,吊銷,3,否,重新考領
S00717,10,週日,19,新北市,機車,50-59歲,女,A2,0,1,1,2,尿液,安非他命,二級,2.0,1,61~120,§35 III 十年內再犯：吊銷,吊銷,3,否,重新考領
S00718,1,週二,7,高雄市,機車,40-49歲,男,A2,0,1,1,1,尿液,甲基安非他命,二級,2.0,4,31~60,§35 III 十年內再犯：吊銷,吊銷,3,否,重新考領
S00719,11,週一,2,新北市,機車,40-49歲,女,A2,0,1,0,0,尿液,安非他命,二級,2.0,0,31~60,§35 I 肇事致人受傷：吊扣2-4年,吊扣,4,否,期滿發還
S00720,9,週六,18,臺南市,小客車,50-59歲,女,A2,0,1,0,2,尿液,嗎啡,一級,3.0,0,31~60,§35 I 肇事致人受傷：吊扣2-4年,吊扣,2,否,期滿發還
S00721,1,週三,7,宜蘭縣,機車,40-49歲,男,A2,0,1,1,2,尿液,安非他命,二級,2.0,1,121~500,§35 III 十年內再犯：吊銷,吊銷,3,否,重新考領
S00722,5,週日,13,新北市,小客車,50-59歲,女,A2,0,1,0,1,尿液,甲基安非他命,二級,2.0,0,61~120,§35 I 肇事致人受傷：吊扣2-4年,吊扣,3,否,期滿發還
S00723,4,週一,20,桃園市,機車,40-49歲,男,A2,0,1,1,1,尿液,嗎啡,一級,3.0,3,0~30,§35 III 十年內再犯：吊銷,吊銷,3,否,重新考領
S00724,4,週一,12,花蓮縣,貨車,50-59歲,男,A2,0,0,1,1,血液,安非他命,二級,2.0,3,0~30,§35 III 十年內再犯：吊銷,吊銷,3,否,重新考領
S00725,1,週三,20,臺北市,機車,40-49歲,男,A2,0,1,1,0,尿液,甲基安非他命,二級,2.0,1,0~30,§35 III 十年內再犯：吊銷,吊銷,3,否,重新考領
S00726,9,週五,19,臺中市,小客車,20-29歲,男,A2,0,1,0,3,尿液,安非他命,二級,2.0,0,31~60,§35 I 肇事致人受傷：吊扣2-4年,吊扣,2,否,期滿發還
S00727,4,週五,4,臺中市,貨車,40-49歲,男,A2,0,1,1,3,血液,嗎啡,一級,3.0,2,121~500,§35 III 十年內再犯：吊銷,吊銷,3,否,重新考領
S00728,6,週一,2,桃園市,小客車,50-59歲,男,A2,0,1,1,0,尿液,甲基安非他命,二級,2.0,1,31~60,§35 III 十年內再犯：吊銷,吊銷,3,否,重新考領
S00729,4,週三,4,臺北市,貨車,30-39歲,男,A2,0,1,0,3,尿液,甲基安非他命,二級,2.0,0,0~30,§35 I 肇事致人受傷：吊扣2-4年,吊扣,3,否,期滿發還
S00730,1,週五,21,新北市,機車,50-59歲,男,A2,0,1,0,1,尿液,甲基安非他命,二級,2.0,0,0~30,§35 I 肇事致人受傷：吊扣2-4年,吊扣,3,否,期滿發還
S00731,4,週日,20,高雄市,機車,30-39歲,男,A2,0,2,0,2,尿液,嗎啡,一級,3.0,0,31~60,§35 I 肇事致人受傷：吊扣2-4年,吊扣,3,否,期滿發還
S00732,5,週五,9,新北市,機車,40-49歲,男,A2,0,1,1,0,尿液,安非他命,二級,2.0,1,31~60,§35 III 十年內再犯：吊銷,吊銷,3,否,重新考領
S00733,4,週六,8,嘉義縣,機車,30-39歲,男,A2,0,2,1,3,血液,嗎啡,一級,3.0,1,31~60,§35 III 十年內再犯：吊銷,吊銷,3,否,重新考領
S00734,3,週日,13,臺北市,小客車,50-59歲,男,A2,0,1,1,2,尿液,安非他命,二級,2.0,1,0~30,§35 III 十年內再犯：吊銷,吊銷,3,否,重新考領
S00735,10,週日,0,雲林縣,機車,40-49歲,男,A2,0,2,1,0,尿液,甲基安非他命,二級,2.0,1,0~30,§35 III 十年內再犯：吊銷,吊銷,3,否,重新考領
S00736,12,週六,21,高雄市,機車,50-59歲,男,A2,0,1,1,1,尿液,安非他命,二級,2.0,1,0~30,§35 III 十年內再犯：吊銷,吊銷,3,否,重新考領
S00737,2,週一,12,臺北市,小客車,30-39歲,女,A2,0,1,1,2,尿液,嗎啡,一級,3.0,4,61~120,§35 III 十年內再犯：吊銷,吊銷,3,否,重新考領
S00738,7,週五,5,臺中市,機車,50-59歲,女,A2,0,1,0,1,尿液,甲基安非他命,二級,2.0,0,0~30,§35 I 肇事致人受傷：吊扣2-4年,吊扣,3,否,期滿發還
S00739,3,週二,8,臺中市,機車,20-29歲,男,A2,0,1,1,0,尿液,安非他命,二級,2.0,1,31~60,§35 III 十年內再犯：吊銷,吊銷,3,否,重新考領
S00740,5,週六,0,臺南市,小客車,60歲以上,男,A2,0,2,0,2,尿液,安非他命,二級,2.0,0,31~60,§35 I 肇事致人受傷：吊扣2-4年,吊扣,4,否,期滿發還
S00741,1,週二,0,屏東縣,小客車,40-49歲,男,A2,0,1,1,0,尿液,甲基安非他命,二級,2.0,2,0~30,§35 III 十年內再犯：吊銷,吊銷,3,否,重新考領
S00742,7,週日,15,嘉義市,機車,60歲以上,男,A2,0,1,1,1,尿液,甲基安非他命,二級,2.0,1,31~60,§35 III 十年內再犯：吊銷,吊銷,3,否,重新考領
S00743,9,週五,13,彰化縣,小客車,40-49歲,男,A2,0,1,1,0,尿液,安非他命,二級,2.0,2,0~30,§35 III 十年內再犯：吊銷,吊銷,3,否,重新考領
S00744,1,週二,13,臺北市,機車,30-39歲,男,A2,0,1,1,0,尿液,愷他命,三級,1.0,1,31~60,§35 III 十年內再犯：吊銷,吊銷,3,否,重新考領
S00745,3,週五,23,新北市,小客車,40-49歲,男,A2,0,1,0,1,尿液,安非他命,二級,2.0,0,31~60,§35 I 肇事致人受傷：吊扣2-4年,吊扣,3,否,期滿發還
S00746,10,週三,16,新竹縣,小客車,40-49歲,男,A2,0,1,1,1,尿液,安非他命,二級,2.0,1,31~60,§35 III 十年內再犯：吊銷,吊銷,3,否,重新考領
S00747,5,週三,11,臺北市,機車,40-49歲,男,A2,0,1,1,1,尿液,安非他命,二級,2.0,4,0~30,§35 III 十年內再犯：吊銷,吊銷,3,否,重新考領
S00748,6,週四,17,屏東縣,機車,40-49歲,男,A2,0,2,0,1,尿液,愷他命,三級,1.0,0,31~60,§35 I 肇事致人受傷：吊扣2-4年,吊扣,4,否,期滿發還
S00749,7,週一,12,臺北市,貨車,40-49歲,女,A2,0,1,0,1,尿液,安非他命,二級,2.0,0,0~30,§35 I 肇事致人受傷：吊扣2-4年,吊扣,3,否,期滿發還
S00750,7,週六,19,新竹縣,小客車,40-49歲,男,A2,0,2,0,1,尿液,安非他命,二級,2.0,0,31~60,§35 I 肇事致人受傷：吊扣2-4年,吊扣,2,否,期滿發還
S00751,1,週五,9,臺南市,小客車,30-39歲,男,A2,0,2,0,0,尿液,甲基安非他命,二級,2.0,0,0~30,§35 I 肇事致人受傷：吊扣2-4年,吊扣,4,否,期滿發還
S00752,8,週二,19,桃園市,小客車,40-49歲,女,A2,0,2,1,2,尿液,愷他命,三級,1.0,1,31~60,§35 III 十年內再犯：吊銷,吊銷,3,否,重新考領
S00753,12,週五,7,臺中市,機車,30-39歲,女,A2,0,1,1,3,尿液,甲基安非他命,二級,2.0,2,31~60,§35 III 十年內再犯：吊銷,吊銷,3,否,重新考領
S00754,10,週四,21,新北市,小客車,50-59歲,男,A2,0,2,0,0,尿液,安非他命,二級,2.0,0,0~30,§35 I 肇事致人受傷：吊扣2-4年,吊扣,3,否,期滿發還
S00755,7,週日,15,新北市,機車,19歲以下,女,A2,0,1,1,2,尿液,安非他命,二級,2.0,2,31~60,§35 III 十年內再犯：吊銷,吊銷,3,否,重新考領
S00756,7,週日,21,臺中市,小客車,50-59歲,男,A2,0,1,0,0,尿液,愷他命,三級,1.0,0,0~30,§35 I 肇事致人受傷：吊扣2-4年,吊扣,4,否,期滿發還
S00757,5,週五,17,嘉義縣,機車,40-49歲,女,A2,0,1,0,2,尿液,安非他命,二級,2.0,0,121~500,§35 I 肇事致人受傷：吊扣2-4年,吊扣,2,否,期滿發還
S00758,2,週二,9,臺北市,機車,30-39歲,男,A2,0,1,0,2,尿液,嗎啡,一級,3.0,0,0~30,§35 I 肇事致人受傷：吊扣2-4年,吊扣,2,否,期滿發還
S00759,5,週一,7,臺南市,貨車,50-59歲,男,A2,0,1,0,2,尿液,甲基安非他命,二級,2.0,0,31~60,§35 I 肇事致人受傷：吊扣2-4年,吊扣,3,否,期滿發還
S00760,10,週三,19,新北市,機車,50-59歲,男,A2,0,2,1,0,尿液,甲基安非他命,二級,2.0,1,31~60,§35 III 十年內再犯：吊銷,吊銷,3,否,重新考領
S00761,1,週三,22,桃園市,機車,60歲以上,女,A2,0,1,0,3,尿液,安非他命,二級,2.0,0,31~60,§35 I 肇事致人受傷：吊扣2-4年,吊扣,3,否,期滿發還
S00762,7,週一,23,臺北市,機車,60歲以上,女,A2,0,1,0,2,尿液,嗎啡,一級,3.0,0,31~60,§35 I 肇事致人受傷：吊扣2-4年,吊扣,2,否,期滿發還
S00763,5,週六,13,桃園市,小客車,30-39歲,男,A2,0,2,1,2,尿液,甲基安非他命,二級,2.0,2,31~60,§35 III 十年內再犯：吊銷,吊銷,3,否,重新考領
S00764,5,週四,21,新北市,小客車,30-39歲,男,A2,0,2,1,0,尿液,甲基安非他命,二級,2.0,3,31~60,§35 III 十年內再犯：吊銷,吊銷,3,否,重新考領
S00765,9,週四,19,臺中市,小客車,19歲以下,男,A2,0,1,1,0,尿液,安非他命,二級,2.0,1,0~30,§35 III 十年內再犯：吊銷,吊銷,3,否,重新考領
S00766,1,週四,8,苗栗縣,小客車,20-29歲,男,A2,0,1,1,2,血液,愷他命,三級,1.0,1,0~30,§35 III 十年內再犯：吊銷,吊銷,3,否,重新考領
S00767,12,週日,17,臺北市,機車,40-49歲,男,A2,0,1,1,2,尿液,安非他命,二級,2.0,1,31~60,§35 III 十年內再犯：吊銷,吊銷,3,否,重新考領
S00768,8,週六,17,新北市,機車,30-39歲,男,A2,0,2,1,2,尿液,甲基安非他命,二級,2.0,4,0~30,§35 III 十年內再犯：吊銷,吊銷,3,否,重新考領
S00769,12,週二,15,宜蘭縣,機車,50-59歲,女,A2,0,2,0,0,尿液,甲基安非他命,二級,2.0,0,0~30,§35 I 肇事致人受傷：吊扣2-4年,吊扣,4,否,期滿發還
S00770,3,週四,7,臺北市,機車,30-39歲,女,A2,0,1,0,1,尿液,甲基安非他命,二級,2.0,0,0~30,§35 I 肇事致人受傷：吊扣2-4年,吊扣,2,否,期滿發還
S00771,5,週日,18,高雄市,機車,60歲以上,男,A2,0,1,1,3,尿液,甲基安非他命,二級,2.0,1,31~60,§35 III 十年內再犯：吊銷,吊銷,3,否,重新考領
S00772,10,週一,22,新北市,小客車,40-49歲,女,A2,0,1,1,1,尿液,愷他命,三級,1.0,1,31~60,§35 III 十年內再犯：吊銷,吊銷,3,否,重新考領
S00773,8,週二,20,南投縣,機車,40-49歲,男,A2,0,1,0,2,尿液,安非他命,二級,2.0,0,0~30,§35 I 肇事致人受傷：吊扣2-4年,吊扣,2,否,期滿發還
S00774,12,週三,10,新北市,機車,20-29歲,男,A2,0,1,0,2,尿液,甲基安非他命,二級,2.0,0,0~30,§35 I 肇事致人受傷：吊扣2-4年,吊扣,3,否,期滿發還
S00775,2,週日,6,新北市,小客車,60歲以上,男,A2,0,1,1,0,尿液,愷他命,三級,1.0,2,0~30,§35 III 十年內再犯：吊銷,吊銷,3,否,重新考領
S00776,11,週六,10,高雄市,機車,60歲以上,男,A2,0,3,1,1,血液,愷他命,三級,1.0,2,0~30,§35 III 十年內再犯：吊銷,吊銷,3,否,重新考領
S00777,11,週一,23,臺北市,小客車,50-59歲,男,A2,0,2,1,0,尿液,愷他命,三級,1.0,1,31~60,§35 III 十年內再犯：吊銷,吊銷,3,否,重新考領
S00778,4,週一,17,新竹縣,機車,50-59歲,男,A2,0,1,1,2,尿液,愷他命,三級,1.0,1,31~60,§35 III 十年內再犯：吊銷,吊銷,3,否,重新考領
S00779,7,週三,13,臺北市,機車,50-59歲,男,A2,0,1,0,1,尿液,甲基安非他命,二級,2.0,0,121~500,§35 I 肇事致人受傷：吊扣2-4年,吊扣,2,否,期滿發還
S00780,7,週五,17,臺中市,機車,40-49歲,男,A2,0,2,0,1,尿液,愷他命,三級,1.0,0,0~30,§35 I 肇事致人受傷：吊扣2-4年,吊扣,2,否,期滿發還
S00781,1,週四,0,臺中市,機車,50-59歲,男,A2,0,2,0,0,血液,安非他命,二級,2.0,0,121~500,§35 I 肇事致人受傷：吊扣2-4年,吊扣,2,否,期滿發還
S00782,12,週一,23,桃園市,機車,50-59歲,男,A2,0,1,0,3,尿液,甲基安非他命,二級,2.0,0,31~60,§35 I 肇事致人受傷：吊扣2-4年,吊扣,3,否,期滿發還
S00783,3,週二,14,高雄市,機車,50-59歲,男,A2,0,2,0,0,尿液,愷他命,三級,1.0,0,121~500,§35 I 肇事致人受傷：吊扣2-4年,吊扣,3,否,期滿發還
S00784,9,週六,15,臺北市,小客車,40-49歲,男,A2,0,2,0,3,尿液,甲基安非他命,二級,2.0,0,31~60,§35 I 肇事致人受傷：吊扣2-4年,吊扣,2,否,期滿發還
S00785,4,週五,12,新北市,機車,30-39歲,男,A2,0,1,1,2,尿液,甲基安非他命,二級,2.0,1,0~30,§35 III 十年內再犯：吊銷,吊銷,3,否,重新考領
S00786,9,週三,20,臺中市,機車,40-49歲,男,A2,0,1,0,0,尿液,安非他命,二級,2.0,0,31~60,§35 I 肇事致人受傷：吊扣2-4年,吊扣,4,否,期滿發還
S00787,10,週日,10,嘉義市,機車,40-49歲,男,A2,0,2,0,0,尿液,甲基安非他命,二級,2.0,0,31~60,§35 I 肇事致人受傷：吊扣2-4年,吊扣,2,否,期滿發還
S00788,4,週日,13,雲林縣,機車,50-59歲,男,A2,0,3,1,3,尿液,甲基安非他命,二級,2.0,1,0~30,§35 III 十年內再犯：吊銷,吊銷,3,否,重新考領
S00789,3,週四,18,苗栗縣,小客車,50-59歲,男,A2,0,1,1,0,尿液,安非他命,二級,2.0,2,31~60,§35 III 十年內再犯：吊銷,吊銷,3,否,重新考領
S00790,10,週二,19,新北市,大客車,40-49歲,男,A2,0,1,0,2,尿液,甲基安非他命,二級,2.0,0,31~60,§35 I 肇事致人受傷：吊扣2-4年,吊扣,2,否,期滿發還
S00791,1,週二,16,彰化縣,機車,40-49歲,女,A2,0,1,1,2,尿液,甲基安非他命,二級,2.0,3,31~60,§35 III 十年內再犯：吊銷,吊銷,3,否,重新考領
S00792,7,週一,18,屏東縣,機車,50-59歲,男,A2,0,2,0,2,尿液,甲基安非他命,二級,2.0,0,31~60,§35 I 肇事致人受傷：吊扣2-4年,吊扣,2,否,期滿發還
S00793,7,週二,7,宜蘭縣,小客車,50-59歲,男,A2,0,1,0,3,尿液,安非他命,二級,2.0,0,0~30,§35 I 肇事致人受傷：吊扣2-4年,吊扣,3,否,期滿發還
S00794,2,週二,18,桃園市,機車,30-39歲,男,A2,0,1,1,1,尿液,甲基安非他命,二級,2.0,1,31~60,§35 III 十年內再犯：吊銷,吊銷,3,否,重新考領
S00795,7,週六,12,新北市,小客車,60歲以上,男,A2,0,1,0,0,尿液,甲基安非他命,二級,2.0,0,0~30,§35 I 肇事致人受傷：吊扣2-4年,吊扣,3,否,期滿發還
S00796,9,週五,22,高雄市,機車,50-59歲,男,A2,0,1,0,1,尿液,安非他命,二級,2.0,0,0~30,§35 I 肇事致人受傷：吊扣2-4年,吊扣,4,否,期滿發還
S00797,8,週六,11,彰化縣,機車,40-49歲,男,A2,0,3,1,1,尿液,甲基安非他命,二級,2.0,1,0~30,§35 III 十年內再犯：吊銷,吊銷,3,否,重新考領
S00798,7,週五,7,苗栗縣,機車,40-49歲,男,A2,0,3,1,3,尿液,甲基安非他命,二級,2.0,1,0~30,§35 III 十年內再犯：吊銷,吊銷,3,否,重新考領
S00799,4,週日,1,臺中市,小客車,50-59歲,男,A2,0,1,1,0,尿液,甲基安非他命,二級,2.0,3,0~30,§35 III 十年內再犯：吊銷,吊銷,3,否,重新考領
S00800,7,週六,23,臺中市,小客車,40-49歲,男,A2,0,1,1,0,血液,安非他命,二級,2.0,2,0~30,§35 III 十年內再犯：吊銷,吊銷,3,否,重新考領
S00801,10,週五,18,桃園市,機車,20-29歲,男,A2,0,2,1,3,尿液,安非他命,二級,2.0,1,0~30,§35 III 十年內再犯：吊銷,吊銷,3,否,重新考領
S00802,3,週五,9,臺南市,機車,30-39歲,女,A2,0,1,1,2,尿液,愷他命,三級,1.0,1,0~30,§35 III 十年內再犯：吊銷,吊銷,3,否,重新考領
S00803,8,週六,21,臺中市,機車,50-59歲,男,A2,0,2,1,2,尿液,安非他命,二級,2.0,1,0~30,§35 III 十年內再犯：吊銷,吊銷,3,否,重新考領
S00804,2,週五,11,花蓮縣,機車,40-49歲,男,A2,0,1,0,1,尿液,甲基安非他命,二級,2.0,0,0~30,§35 I 肇事致人受傷：吊扣2-4年,吊扣,2,否,期滿發還
S00805,9,週六,7,桃園市,機車,19歲以下,男,A2,0,1,0,3,尿液,愷他命,三級,1.0,0,31~60,§35 I 肇事致人受傷：吊扣2-4年,吊扣,2,否,期滿發還
S00806,11,週一,14,桃園市,機車,50-59歲,男,A2,0,2,0,3,尿液,安非他命,二級,2.0,0,31~60,§35 I 肇事致人受傷：吊扣2-4年,吊扣,4,否,期滿發還
S00807,11,週日,13,高雄市,機車,50-59歲,女,A2,0,1,1,2,尿液,愷他命,三級,1.0,1,0~30,§35 III 十年內再犯：吊銷,吊銷,3,否,重新考領
S00808,4,週四,8,高雄市,貨車,60歲以上,女,A2,0,1,1,1,血液,甲基安非他命,二級,2.0,2,0~30,§35 III 十年內再犯：吊銷,吊銷,3,否,重新考領
S00809,3,週日,12,臺北市,小客車,20-29歲,男,A2,0,2,0,3,尿液,安非他命,二級,2.0,0,61~120,§35 I 肇事致人受傷：吊扣2-4年,吊扣,3,否,期滿發還
S00810,3,週六,21,高雄市,小客車,40-49歲,男,A2,0,1,1,1,尿液,嗎啡,一級,3.0,1,0~30,§35 III 十年內再犯：吊銷,吊銷,3,否,重新考領
S00811,4,週四,8,新北市,機車,20-29歲,男,A2,0,1,1,2,尿液,甲基安非他命,二級,2.0,2,121~500,§35 III 十年內再犯：吊銷,吊銷,3,否,重新考領
S00812,2,週六,22,臺北市,小客車,30-39歲,男,A2,0,1,0,0,尿液,甲基安非他命,二級,2.0,0,0~30,§35 I 肇事致人受傷：吊扣2-4年,吊扣,4,否,期滿發還
S00813,4,週六,18,臺北市,機車,30-39歲,男,A2,0,2,1,2,尿液,安非他命,二級,2.0,2,121~500,§35 III 十年內再犯：吊銷,吊銷,3,否,重新考領
S00814,3,週四,10,臺中市,小客車,40-49歲,女,A2,0,2,1,2,尿液,安非他命,二級,2.0,3,0~30,§35 III 十年內再犯：吊銷,吊銷,3,否,重新考領
S00815,11,週二,21,臺南市,小客車,50-59歲,男,A2,0,3,1,3,尿液,安非他命,二級,2.0,1,0~30,§35 III 十年內再犯：吊銷,吊銷,3,否,重新考領
S00816,9,週日,17,新竹縣,機車,30-39歲,男,A2,0,1,0,3,尿液,甲基安非他命,二級,2.0,0,31~60,§35 I 肇事致人受傷：吊扣2-4年,吊扣,2,否,期滿發還
S00817,4,週五,8,新北市,小客車,50-59歲,男,A2,0,1,1,3,尿液,甲基安非他命,二級,2.0,2,0~30,§35 III 十年內再犯：吊銷,吊銷,3,否,重新考領
S00818,2,週日,9,新北市,貨車,40-49歲,男,A2,0,1,1,2,尿液,甲基安非他命,二級,2.0,2,31~60,§35 III 十年內再犯：吊銷,吊銷,3,否,重新考領
S00819,7,週四,10,臺北市,貨車,50-59歲,男,A2,0,1,1,3,尿液,安非他命,二級,2.0,3,31~60,§35 III 十年內再犯：吊銷,吊銷,3,否,重新考領
S00820,7,週五,10,屏東縣,機車,20-29歲,男,A2,0,1,0,1,尿液,安非他命,二級,2.0,0,31~60,§35 I 肇事致人受傷：吊扣2-4年,吊扣,2,否,期滿發還
S00821,7,週日,19,新北市,機車,50-59歲,男,A2,0,1,1,0,尿液,甲基安非他命,二級,2.0,2,31~60,§35 III 十年內再犯：吊銷,吊銷,3,否,重新考領
S00822,5,週二,13,臺南市,小客車,40-49歲,男,A2,0,1,1,1,尿液,安非他命,二級,2.0,2,0~30,§35 III 十年內再犯：吊銷,吊銷,3,否,重新考領
S00823,4,週日,1,臺中市,小客車,20-29歲,男,A2,0,1,1,1,尿液,安非他命,二級,2.0,3,31~60,§35 III 十年內再犯：吊銷,吊銷,3,否,重新考領
S00824,1,週六,16,屏東縣,機車,40-49歲,男,A2,0,1,0,3,尿液,甲基安非他命,二級,2.0,0,31~60,§35 I 肇事致人受傷：吊扣2-4年,吊扣,2,否,期滿發還
S00825,3,週五,15,花蓮縣,小客車,50-59歲,男,A2,0,1,0,0,尿液,安非他命,二級,2.0,0,31~60,§35 I 肇事致人受傷：吊扣2-4年,吊扣,3,否,期滿發還
S00826,10,週五,9,臺中市,小客車,30-39歲,男,A2,0,1,1,0,尿液,安非他命,二級,2.0,1,31~60,§35 III 十年內再犯：吊銷,吊銷,3,否,重新考領
S00827,7,週一,16,新北市,機車,40-49歲,男,A2,0,1,1,2,尿液,甲基安非他命,二級,2.0,1,121~500,§35 III 十年內再犯：吊銷,吊銷,3,否,重新考領
S00828,6,週三,12,臺中市,機車,40-49歲,男,A2,0,1,1,0,尿液,安非他命,二級,2.0,2,0~30,§35 III 十年內再犯：吊銷,吊銷,3,否,重新考領
S00829,7,週三,10,高雄市,機車,40-49歲,男,A2,0,1,1,2,尿液,嗎啡,一級,3.0,3,0~30,§35 III 十年內再犯：吊銷,吊銷,3,否,重新考領
S00830,6,週五,20,臺南市,機車,40-49歲,男,A2,0,3,0,1,尿液,甲基安非他命,二級,2.0,0,31~60,§35 I 肇事致人受傷：吊扣2-4年,吊扣,3,否,期滿發還
S00831,5,週一,19,新北市,貨車,50-59歲,男,A2,0,1,1,2,尿液,安非他命,二級,2.0,3,0~30,§35 III 十年內再犯：吊銷,吊銷,3,否,重新考領
S00832,4,週一,8,臺北市,機車,60歲以上,男,A2,0,2,1,0,尿液,愷他命,三級,1.0,1,31~60,§35 III 十年內再犯：吊銷,吊銷,3,否,重新考領
S00833,12,週六,12,新竹縣,小客車,50-59歲,男,A2,0,1,1,2,尿液,甲基安非他命,二級,2.0,1,0~30,§35 III 十年內再犯：吊銷,吊銷,3,否,重新考領
S00834,4,週四,21,臺中市,機車,30-39歲,男,A2,0,1,1,3,尿液,愷他命,三級,1.0,2,121~500,§35 III 十年內再犯：吊銷,吊銷,3,否,重新考領
S00835,4,週二,7,臺中市,機車,20-29歲,男,A2,0,1,0,1,尿液,安非他命,二級,2.0,0,121~500,§35 I 肇事致人受傷：吊扣2-4年,吊扣,3,否,期滿發還
S00836,10,週日,18,雲林縣,機車,30-39歲,男,A2,0,2,1,0,尿液,甲基安非他命,二級,2.0,1,31~60,§35 III 十年內再犯：吊銷,吊銷,3,否,重新考領
S00837,12,週五,12,雲林縣,小客車,50-59歲,男,A2,0,1,1,3,尿液,嗎啡,一級,3.0,4,31~60,§35 III 十年內再犯：吊銷,吊銷,3,否,重新考領
S00838,3,週二,22,苗栗縣,機車,60歲以上,男,A2,0,1,1,0,尿液,嗎啡,一級,3.0,1,0~30,§35 III 十年內再犯：吊銷,吊銷,3,否,重新考領
S00839,10,週五,18,臺南市,小客車,40-49歲,女,A2,0,2,1,1,尿液,安非他命,二級,2.0,1,31~60,§35 III 十年內再犯：吊銷,吊銷,3,否,重新考領
S00840,4,週三,12,新北市,機車,40-49歲,男,A2,0,1,1,1,尿液,愷他命,三級,1.0,1,0~30,§35 III 十年內再犯：吊銷,吊銷,3,否,重新考領
S00841,1,週三,15,苗栗縣,機車,30-39歲,男,A2,0,1,1,0,尿液,甲基安非他命,二級,2.0,1,61~120,§35 III 十年內再犯：吊銷,吊銷,3,否,重新考領
S00842,11,週五,18,臺中市,大客車,30-39歲,男,A2,0,1,1,3,尿液,嗎啡,一級,3.0,1,0~30,§35 III 十年內再犯：吊銷,吊銷,3,否,重新考領
S00843,11,週五,19,臺中市,機車,50-59歲,男,A2,0,3,0,2,尿液,安非他命,二級,2.0,0,61~120,§35 I 肇事致人受傷：吊扣2-4年,吊扣,2,否,期滿發還
S00844,4,週六,7,新北市,機車,50-59歲,男,A2,0,1,0,2,尿液,愷他命,三級,1.0,0,31~60,§35 I 肇事致人受傷：吊扣2-4年,吊扣,4,否,期滿發還
S00845,11,週五,14,臺北市,小客車,30-39歲,男,A2,0,1,1,2,血液,安非他命,二級,2.0,1,0~30,§35 III 十年內再犯：吊銷,吊銷,3,否,重新考領
S00846,10,週六,22,臺南市,機車,40-49歲,男,A2,0,2,1,3,尿液,甲基安非他命,二級,2.0,1,0~30,§35 III 十年內再犯：吊銷,吊銷,3,否,重新考領
S00847,8,週一,22,臺中市,機車,40-49歲,男,A2,0,1,1,1,尿液,愷他命,三級,1.0,1,0~30,§35 III 十年內再犯：吊銷,吊銷,3,否,重新考領
S00848,5,週六,1,高雄市,機車,19歲以下,男,A2,0,1,1,0,尿液,嗎啡,一級,3.0,1,0~30,§35 III 十年內再犯：吊銷,吊銷,3,否,重新考領
S00849,11,週一,18,臺北市,機車,40-49歲,女,A2,0,1,1,3,尿液,甲基安非他命,二級,2.0,1,31~60,§35 III 十年內再犯：吊銷,吊銷,3,否,重新考領
S00850,10,週三,7,臺南市,小客車,30-39歲,男,A2,0,1,0,1,尿液,安非他命,二級,2.0,0,0~30,§35 I 肇事致人受傷：吊扣2-4年,吊扣,4,否,期滿發還
S00851,2,週二,22,臺中市,小客車,60歲以上,男,A2,0,1,1,3,尿液,安非他命,二級,2.0,1,31~60,§35 III 十年內再犯：吊銷,吊銷,3,否,重新考領
S00852,10,週二,21,新北市,機車,40-49歲,男,A2,0,3,1,1,血液,安非他命,二級,2.0,1,121~500,§35 III 十年內再犯：吊銷,吊銷,3,否,重新考領
S00853,8,週一,14,臺北市,機車,60歲以上,男,A2,0,1,1,3,尿液,安非他命,二級,2.0,2,121~500,§35 III 十年內再犯：吊銷,吊銷,3,否,重新考領
S00854,9,週一,8,臺北市,小客車,40-49歲,男,A2,0,1,1,2,尿液,甲基安非他命,二級,2.0,1,121~500,§35 III 十年內再犯：吊銷,吊銷,3,否,重新考領
S00855,2,週四,12,臺北市,小客車,50-59歲,男,A2,0,1,0,0,尿液,甲基安非他命,二級,2.0,0,31~60,§35 I 肇事致人受傷：吊扣2-4年,吊扣,2,否,期滿發還
S00856,1,週五,12,新北市,小客車,40-49歲,女,A2,0,1,1,2,尿液,甲基安非他命,二級,2.0,1,31~60,§35 III 十年內再犯：吊銷,吊銷,3,否,重新考領
S00857,4,週四,16,臺北市,機車,19歲以下,男,A2,0,1,1,0,尿液,愷他命,三級,1.0,2,121~500,§35 III 十年內再犯：吊銷,吊銷,3,否,重新考領
S00858,9,週一,6,臺中市,機車,60歲以上,男,A2,0,2,1,2,尿液,甲基安非他命,二級,2.0,1,0~30,§35 III 十年內再犯：吊銷,吊銷,3,否,重新考領
S00859,2,週一,3,高雄市,小客車,50-59歲,男,A2,0,1,1,1,血液,嗎啡,一級,3.0,1,0~30,§35 III 十年內再犯：吊銷,吊銷,3,否,重新考領
S00860,5,週四,18,臺北市,小客車,40-49歲,男,A2,0,2,1,1,尿液,安非他命,二級,2.0,3,31~60,§35 III 十年內再犯：吊銷,吊銷,3,否,重新考領
S00861,7,週五,6,桃園市,機車,40-49歲,女,A2,0,2,1,2,尿液,安非他命,二級,2.0,1,0~30,§35 III 十年內再犯：吊銷,吊銷,3,否,重新考領
S00862,5,週五,0,新北市,小客車,50-59歲,男,A2,0,1,1,2,血液,安非他命,二級,2.0,1,31~60,§35 III 十年內再犯：吊銷,吊銷,3,否,重新考領
S00863,11,週三,19,臺北市,機車,40-49歲,男,A2,0,1,1,2,尿液,甲基安非他命,二級,2.0,1,0~30,§35 III 十年內再犯：吊銷,吊銷,3,否,重新考領
S00864,3,週一,18,高雄市,機車,40-49歲,男,A2,0,1,1,1,血液,嗎啡,一級,3.0,3,121~500,§35 III 十年內再犯：吊銷,吊銷,3,否,重新考領
S00865,5,週三,10,新北市,機車,50-59歲,男,A2,0,4,1,3,尿液,安非他命,二級,2.0,1,31~60,§35 III 十年內再犯：吊銷,吊銷,3,否,重新考領
S00866,10,週五,0,嘉義縣,機車,50-59歲,女,A2,0,1,1,3,尿液,甲基安非他命,二級,2.0,3,0~30,§35 III 十年內再犯：吊銷,吊銷,3,否,重新考領
S00867,10,週一,11,臺中市,小客車,40-49歲,女,A2,0,1,0,1,尿液,嗎啡,一級,3.0,0,31~60,§35 I 肇事致人受傷：吊扣2-4年,吊扣,3,否,期滿發還
S00868,10,週二,18,屏東縣,小客車,30-39歲,男,A2,0,1,1,1,尿液,愷他命,三級,1.0,1,0~30,§35 III 十年內再犯：吊銷,吊銷,3,否,重新考領
S00869,5,週三,10,臺中市,機車,50-59歲,男,A2,0,1,1,0,血液,嗎啡,一級,3.0,2,31~60,§35 III 十年內再犯：吊銷,吊銷,3,否,重新考領
S00870,4,週三,21,臺北市,機車,40-49歲,男,A2,0,1,1,0,尿液,安非他命,二級,2.0,2,61~120,§35 III 十年內再犯：吊銷,吊銷,3,否,重新考領
S00871,1,週二,8,新北市,小客車,40-49歲,女,A2,0,2,1,2,尿液,甲基安非他命,二級,2.0,3,31~60,§35 III 十年內再犯：吊銷,吊銷,3,否,重新考領
S00872,4,週一,9,新北市,機車,40-49歲,女,A2,0,1,0,1,尿液,嗎啡,一級,3.0,0,0~30,§35 I 肇事致人受傷：吊扣2-4年,吊扣,2,否,期滿發還
S00873,2,週一,17,臺中市,機車,60歲以上,男,A2,0,1,1,0,尿液,安非他命,二級,2.0,2,0~30,§35 III 十年內再犯：吊銷,吊銷,3,否,重新考領
S00874,7,週三,7,屏東縣,機車,30-39歲,男,A2,0,1,1,0,尿液,甲基安非他命,二級,2.0,1,0~30,§35 III 十年內再犯：吊銷,吊銷,3,否,重新考領
S00875,8,週三,10,臺南市,小客車,50-59歲,男,A2,0,1,0,1,尿液,MDMA,二級,2.0,0,31~60,§35 I 肇事致人受傷：吊扣2-4年,吊扣,3,否,期滿發還
S00876,1,週日,19,嘉義市,小客車,60歲以上,男,A2,0,1,0,3,尿液,安非他命,二級,2.0,0,121~500,§35 I 肇事致人受傷：吊扣2-4年,吊扣,3,否,期滿發還
S00877,7,週四,6,新北市,機車,40-49歲,男,A2,0,1,1,1,尿液,甲基安非他命,二級,2.0,1,0~30,§35 III 十年內再犯：吊銷,吊銷,3,否,重新考領
S00878,3,週二,15,新北市,貨車,50-59歲,男,A2,0,1,1,2,尿液,嗎啡,一級,3.0,3,31~60,§35 III 十年內再犯：吊銷,吊銷,3,否,重新考領
S00879,1,週日,9,桃園市,小客車,40-49歲,男,A2,0,1,0,3,尿液,甲基安非他命,二級,2.0,0,0~30,§35 I 肇事致人受傷：吊扣2-4年,吊扣,3,否,期滿發還
S00880,7,週三,1,新北市,小客車,50-59歲,男,A2,0,1,0,2,尿液,甲基安非他命,二級,2.0,0,31~60,§35 I 肇事致人受傷：吊扣2-4年,吊扣,4,否,期滿發還
S00881,1,週一,19,雲林縣,機車,30-39歲,男,A2,0,1,1,0,尿液,安非他命,二級,2.0,4,121~500,§35 III 十年內再犯：吊銷,吊銷,3,否,重新考領
S00882,7,週六,13,臺中市,機車,40-49歲,男,A2,0,1,1,3,尿液,愷他命,三級,1.0,1,31~60,§35 III 十年內再犯：吊銷,吊銷,3,否,重新考領
S00883,4,週日,7,高雄市,貨車,50-59歲,男,A2,0,1,1,1,尿液,安非他命,二級,2.0,4,0~30,§35 III 十年內再犯：吊銷,吊銷,3,否,重新考領
S00884,3,週日,9,新北市,機車,60歲以上,女,A2,0,1,0,0,尿液,甲基安非他命,二級,2.0,0,61~120,§35 I 肇事致人受傷：吊扣2-4年,吊扣,4,否,期滿發還
S00885,4,週二,1,臺中市,機車,50-59歲,男,A2,0,3,0,2,尿液,安非他命,二級,2.0,0,61~120,§35 I 肇事致人受傷：吊扣2-4年,吊扣,3,否,期滿發還
S00886,5,週四,18,臺南市,機車,40-49歲,男,A2,0,1,1,3,尿液,安非他命,二級,2.0,2,31~60,§35 III 十年內再犯：吊銷,吊銷,3,否,重新考領
S00887,10,週日,7,桃園市,小客車,30-39歲,男,A2,0,1,1,1,尿液,安非他命,二級,2.0,1,0~30,§35 III 十年內再犯：吊銷,吊銷,3,否,重新考領
S00888,5,週三,19,臺中市,機車,40-49歲,男,A2,0,2,0,2,尿液,甲基安非他命,二級,2.0,0,31~60,§35 I 肇事致人受傷：吊扣2-4年,吊扣,4,否,期滿發還
S00889,12,週日,10,新竹市,小客車,50-59歲,男,A2,0,1,1,0,尿液,安非他命,二級,2.0,1,0~30,§35 III 十年內再犯：吊銷,吊銷,3,否,重新考領
S00890,4,週一,6,新北市,機車,19歲以下,男,A2,0,1,1,1,尿液,愷他命,三級,1.0,1,31~60,§35 III 十年內再犯：吊銷,吊銷,3,否,重新考領
S00891,8,週二,17,新北市,機車,30-39歲,男,A2,0,1,0,2,尿液,安非他命,二級,2.0,0,31~60,§35 I 肇事致人受傷：吊扣2-4年,吊扣,3,否,期滿發還
S00892,5,週一,21,宜蘭縣,小客車,40-49歲,男,A2,0,1,1,3,尿液,甲基安非他命,二級,2.0,1,31~60,§35 III 十年內再犯：吊銷,吊銷,3,否,重新考領
S00893,10,週二,9,新竹市,機車,40-49歲,男,A2,0,1,1,3,血液,嗎啡,一級,3.0,1,31~60,§35 III 十年內再犯：吊銷,吊銷,3,否,重新考領
S00894,6,週一,14,臺北市,小客車,50-59歲,男,A2,0,1,1,1,尿液,甲基安非他命,二級,2.0,1,31~60,§35 III 十年內再犯：吊銷,吊銷,3,否,重新考領
S00895,11,週日,17,臺中市,機車,60歲以上,男,A2,0,1,0,3,尿液,安非他命,二級,2.0,0,121~500,§35 I 肇事致人受傷：吊扣2-4年,吊扣,2,否,期滿發還
S00896,8,週六,7,嘉義市,小客車,40-49歲,男,A2,0,1,1,0,尿液,嗎啡,一級,3.0,1,0~30,§35 III 十年內再犯：吊銷,吊銷,3,否,重新考領
S00897,5,週四,18,臺北市,機車,20-29歲,男,A2,0,1,1,0,尿液,甲基安非他命,二級,2.0,1,121~500,§35 III 十年內再犯：吊銷,吊銷,3,否,重新考領
S00898,3,週六,19,基隆市,小客車,50-59歲,男,A2,0,2,0,0,尿液,愷他命,三級,1.0,0,31~60,§35 I 肇事致人受傷：吊扣2-4年,吊扣,4,否,期滿發還
S00899,4,週四,15,宜蘭縣,機車,20-29歲,男,A2,0,1,0,1,尿液,愷他命,三級,1.0,0,0~30,§35 I 肇事致人受傷：吊扣2-4年,吊扣,3,否,期滿發還
S00900,2,週四,13,新北市,小客車,40-49歲,女,A2,0,1,0,1,尿液,甲基安非他命,二級,2.0,0,31~60,§35 I 肇事致人受傷：吊扣2-4年,吊扣,2,否,期滿發還
S00901,10,週五,14,臺中市,機車,40-49歲,男,A2,0,1,1,2,尿液,甲基安非他命,二級,2.0,1,31~60,§35 III 十年內再犯：吊銷,吊銷,3,否,重新考領
S00902,3,週四,15,高雄市,小客車,30-39歲,男,A2,0,3,1,1,尿液,嗎啡,一級,3.0,2,31~60,§35 III 十年內再犯：吊銷,吊銷,3,否,重新考領
S00903,1,週六,19,宜蘭縣,機車,30-39歲,男,A2,0,2,1,0,尿液,安非他命,二級,2.0,1,0~30,§35 III 十年內再犯：吊銷,吊銷,3,否,重新考領
S00904,9,週日,11,彰化縣,機車,40-49歲,男,A2,0,2,0,3,尿液,安非他命,二級,2.0,0,0~30,§35 I 肇事致人受傷：吊扣2-4年,吊扣,2,否,期滿發還
S00905,6,週五,10,臺中市,小客車,40-49歲,男,A2,0,1,1,3,尿液,安非他命,二級,2.0,1,61~120,§35 III 十年內再犯：吊銷,吊銷,3,否,重新考領
S00906,8,週六,22,新北市,機車,30-39歲,男,A2,0,1,1,0,尿液,安非他命,二級,2.0,1,0~30,§35 III 十年內再犯：吊銷,吊銷,3,否,重新考領
S00907,5,週日,21,臺北市,機車,50-59歲,男,A2,0,2,1,1,尿液,安非他命,二級,2.0,1,31~60,§35 III 十年內再犯：吊銷,吊銷,3,否,重新考領
S00908,7,週五,16,臺北市,機車,60歲以上,男,A2,0,2,1,1,尿液,甲基安非他命,二級,2.0,4,0~30,§35 III 十年內再犯：吊銷,吊銷,3,否,重新考領
S00909,2,週日,19,南投縣,小客車,40-49歲,男,A2,0,1,0,3,尿液,愷他命,三級,1.0,0,31~60,§35 I 肇事致人受傷：吊扣2-4年,吊扣,4,否,期滿發還
S00910,7,週五,4,雲林縣,機車,50-59歲,男,A2,0,1,1,0,血液,甲基安非他命,二級,2.0,2,31~60,§35 III 十年內再犯：吊銷,吊銷,3,否,重新考領
S00911,7,週四,2,新北市,小客車,40-49歲,男,A2,0,1,0,1,尿液,甲基安非他命,二級,2.0,0,121~500,§35 I 肇事致人受傷：吊扣2-4年,吊扣,4,否,期滿發還
S00912,8,週一,21,彰化縣,貨車,50-59歲,女,A2,0,1,0,2,尿液,甲基安非他命,二級,2.0,0,0~30,§35 I 肇事致人受傷：吊扣2-4年,吊扣,2,否,期滿發還
S00913,4,週五,8,臺南市,小客車,50-59歲,男,A2,0,1,0,2,尿液,安非他命,二級,2.0,0,0~30,§35 I 肇事致人受傷：吊扣2-4年,吊扣,2,否,期滿發還
S00914,4,週六,7,嘉義市,機車,40-49歲,男,A2,0,1,1,3,尿液,安非他命,二級,2.0,1,31~60,§35 III 十年內再犯：吊銷,吊銷,3,否,重新考領
S00915,8,週一,7,新北市,小客車,20-29歲,男,A2,0,1,1,0,尿液,愷他命,三級,1.0,2,31~60,§35 III 十年內再犯：吊銷,吊銷,3,否,重新考領
S00916,8,週五,9,花蓮縣,機車,40-49歲,男,A2,0,1,1,0,尿液,甲基安非他命,二級,2.0,1,0~30,§35 III 十年內再犯：吊銷,吊銷,3,否,重新考領
S00917,7,週五,15,臺北市,小客車,40-49歲,女,A2,0,1,0,3,尿液,甲基安非他命,二級,2.0,0,0~30,§35 I 肇事致人受傷：吊扣2-4年,吊扣,4,否,期滿發還
S00918,2,週日,4,臺南市,小客車,60歲以上,男,A2,0,1,1,3,尿液,嗎啡,一級,3.0,1,31~60,§35 III 十年內再犯：吊銷,吊銷,3,否,重新考領
S00919,1,週一,13,臺中市,機車,20-29歲,女,A2,0,1,0,1,尿液,愷他命,三級,1.0,0,121~500,§35 I 肇事致人受傷：吊扣2-4年,吊扣,3,否,期滿發還
S00920,10,週一,21,臺中市,機車,30-39歲,男,A2,0,1,1,1,尿液,甲基安非他命,二級,2.0,1,61~120,§35 III 十年內再犯：吊銷,吊銷,3,否,重新考領
S00921,4,週六,20,臺中市,小客車,60歲以上,男,A2,0,1,0,0,尿液,嗎啡,一級,3.0,0,31~60,§35 I 肇事致人受傷：吊扣2-4年,吊扣,3,否,期滿發還
S00922,8,週二,18,臺北市,機車,20-29歲,男,A2,0,1,1,2,尿液,愷他命,三級,1.0,1,31~60,§35 III 十年內再犯：吊銷,吊銷,3,否,重新考領
S00923,5,週一,21,高雄市,機車,40-49歲,男,A2,0,2,0,1,尿液,安非他命,二級,2.0,0,121~500,§35 I 肇事致人受傷：吊扣2-4年,吊扣,3,否,期滿發還
S00924,2,週五,8,花蓮縣,小客車,40-49歲,男,A2,0,1,1,0,尿液,安非他命,二級,2.0,1,0~30,§35 III 十年內再犯：吊銷,吊銷,3,否,重新考領
S00925,10,週六,6,新竹市,機車,30-39歲,男,A2,0,1,0,3,尿液,安非他命,二級,2.0,0,61~120,§35 I 肇事致人受傷：吊扣2-4年,吊扣,2,否,期滿發還
S00926,6,週二,7,彰化縣,小客車,40-49歲,男,A2,0,1,0,0,尿液,甲基安非他命,二級,2.0,0,0~30,§35 I 肇事致人受傷：吊扣2-4年,吊扣,4,否,期滿發還
S00927,7,週六,22,嘉義縣,機車,40-49歲,男,A2,0,1,1,1,尿液,安非他命,二級,2.0,1,31~60,§35 III 十年內再犯：吊銷,吊銷,3,否,重新考領
S00928,2,週一,11,新北市,小客車,60歲以上,男,A2,0,1,0,0,尿液,安非他命,二級,2.0,0,31~60,§35 I 肇事致人受傷：吊扣2-4年,吊扣,2,否,期滿發還
S00929,11,週一,12,新北市,機車,60歲以上,男,A2,0,1,1,0,尿液,嗎啡,一級,3.0,1,31~60,§35 III 十年內再犯：吊銷,吊銷,3,否,重新考領
S00930,4,週日,16,新北市,機車,30-39歲,男,A2,0,2,0,0,尿液,愷他命,三級,1.0,0,31~60,§35 I 肇事致人受傷：吊扣2-4年,吊扣,2,否,期滿發還
S00931,8,週六,19,彰化縣,機車,50-59歲,男,A2,0,1,1,0,尿液,安非他命,二級,2.0,1,31~60,§35 III 十年內再犯：吊銷,吊銷,3,否,重新考領
S00932,9,週二,17,臺南市,機車,40-49歲,男,A2,0,1,1,2,血液,安非他命,二級,2.0,1,0~30,§35 III 十年內再犯：吊銷,吊銷,3,否,重新考領
S00933,8,週五,23,屏東縣,小客車,40-49歲,女,A2,0,1,1,3,血液,甲基安非他命,二級,2.0,2,31~60,§35 III 十年內再犯：吊銷,吊銷,3,否,重新考領
S00934,9,週四,0,新竹縣,小客車,40-49歲,女,A2,0,1,1,0,尿液,嗎啡,一級,3.0,1,61~120,§35 III 十年內再犯：吊銷,吊銷,3,否,重新考領
S00935,6,週四,8,新北市,機車,40-49歲,女,A2,0,1,1,0,尿液,愷他命,三級,1.0,1,61~120,§35 III 十年內再犯：吊銷,吊銷,3,否,重新考領
S00936,7,週四,8,高雄市,機車,40-49歲,女,A2,0,1,1,2,尿液,安非他命,二級,2.0,1,31~60,§35 III 十年內再犯：吊銷,吊銷,3,否,重新考領
S00937,10,週一,18,新北市,小客車,50-59歲,男,A2,0,1,1,0,尿液,安非他命,二級,2.0,1,31~60,§35 III 十年內再犯：吊銷,吊銷,3,否,重新考領
S00938,4,週三,8,桃園市,小客車,40-49歲,男,A2,0,1,0,3,尿液,安非他命,二級,2.0,0,31~60,§35 I 肇事致人受傷：吊扣2-4年,吊扣,3,否,期滿發還
S00939,5,週一,13,彰化縣,小客車,40-49歲,男,A2,0,1,0,1,尿液,甲基安非他命,二級,2.0,0,0~30,§35 I 肇事致人受傷：吊扣2-4年,吊扣,4,否,期滿發還
S00940,2,週五,8,桃園市,機車,50-59歲,男,A2,0,1,1,2,尿液,甲基安非他命,二級,2.0,1,0~30,§35 III 十年內再犯：吊銷,吊銷,3,否,重新考領
S00941,4,週六,11,新北市,機車,20-29歲,男,A2,0,1,1,3,尿液,甲基安非他命,二級,2.0,4,0~30,§35 III 十年內再犯：吊銷,吊銷,3,否,重新考領
S00942,10,週六,7,新北市,小客車,50-59歲,男,A2,0,3,1,3,尿液,安非他命,二級,2.0,3,31~60,§35 III 十年內再犯：吊銷,吊銷,3,否,重新考領
S00943,4,週二,9,臺中市,小客車,50-59歲,男,A2,0,1,0,3,血液,愷他命,三級,1.0,0,31~60,§35 I 肇事致人受傷：吊扣2-4年,吊扣,4,否,期滿發還
S00944,6,週五,11,高雄市,機車,20-29歲,女,A2,0,2,1,1,尿液,安非他命,二級,2.0,4,31~60,§35 III 十年內再犯：吊銷,吊銷,3,否,重新考領
S00945,1,週一,22,桃園市,機車,30-39歲,女,A2,0,1,0,2,尿液,安非他命,二級,2.0,0,31~60,§35 I 肇事致人受傷：吊扣2-4年,吊扣,3,否,期滿發還
S00946,12,週三,18,彰化縣,機車,30-39歲,男,A2,0,2,1,0,尿液,甲基安非他命,二級,2.0,4,0~30,§35 III 十年內再犯：吊銷,吊銷,3,否,重新考領
S00947,1,週五,16,新北市,機車,60歲以上,男,A2,0,1,1,2,尿液,甲基安非他命,二級,2.0,4,31~60,§35 III 十年內再犯：吊銷,吊銷,3,否,重新考領
S00948,10,週六,3,新竹市,機車,50-59歲,男,A2,0,1,1,0,尿液,甲基安非他命,二級,2.0,1,31~60,§35 III 十年內再犯：吊銷,吊銷,3,否,重新考領
S00949,5,週六,20,屏東縣,小客車,50-59歲,男,A2,0,1,0,2,血液,甲基安非他命,二級,2.0,0,0~30,§35 I 肇事致人受傷：吊扣2-4年,吊扣,2,否,期滿發還
S00950,5,週二,0,屏東縣,機車,20-29歲,男,A2,0,1,1,2,尿液,甲基安非他命,二級,2.0,1,0~30,§35 III 十年內再犯：吊銷,吊銷,3,否,重新考領
S00951,1,週五,9,彰化縣,機車,40-49歲,女,A2,0,2,0,1,尿液,安非他命,二級,2.0,0,31~60,§35 I 肇事致人受傷：吊扣2-4年,吊扣,4,否,期滿發還
S00952,12,週二,21,彰化縣,小客車,40-49歲,男,A2,0,1,1,3,尿液,安非他命,二級,2.0,3,0~30,§35 III 十年內再犯：吊銷,吊銷,3,否,重新考領
S00953,5,週三,12,臺中市,機車,50-59歲,男,A2,0,1,1,2,尿液,安非他命,二級,2.0,1,0~30,§35 III 十年內再犯：吊銷,吊銷,3,否,重新考領
S00954,10,週日,7,新北市,小客車,30-39歲,男,A2,0,2,1,3,尿液,甲基安非他命,二級,2.0,1,0~30,§35 III 十年內再犯：吊銷,吊銷,3,否,重新考領
S00955,3,週一,16,雲林縣,小客車,40-49歲,男,A2,0,1,1,1,尿液,愷他命,三級,1.0,1,31~60,§35 III 十年內再犯：吊銷,吊銷,3,否,重新考領
S00956,6,週日,6,臺北市,小客車,40-49歲,女,A2,0,3,0,2,尿液,安非他命,二級,2.0,0,31~60,§35 I 肇事致人受傷：吊扣2-4年,吊扣,2,否,期滿發還
S00957,8,週一,10,新北市,機車,40-49歲,男,A2,0,1,1,3,尿液,安非他命,二級,2.0,1,0~30,§35 III 十年內再犯：吊銷,吊銷,3,否,重新考領
S00958,8,週三,16,臺中市,機車,20-29歲,女,A2,0,1,0,0,血液,安非他命,二級,2.0,0,0~30,§35 I 肇事致人受傷：吊扣2-4年,吊扣,2,否,期滿發還
S00959,4,週三,7,臺南市,機車,40-49歲,女,A2,0,1,0,3,尿液,甲基安非他命,二級,2.0,0,121~500,§35 I 肇事致人受傷：吊扣2-4年,吊扣,2,否,期滿發還
S00960,1,週三,20,新北市,機車,20-29歲,女,A2,0,1,1,0,血液,甲基安非他命,二級,2.0,1,0~30,§35 III 十年內再犯：吊銷,吊銷,3,否,重新考領
S00961,5,週日,9,臺中市,機車,40-49歲,女,A2,0,3,0,0,尿液,甲基安非他命,二級,2.0,0,31~60,§35 I 肇事致人受傷：吊扣2-4年,吊扣,2,否,期滿發還
S00962,8,週四,18,高雄市,機車,40-49歲,男,A2,0,1,1,3,尿液,安非他命,二級,2.0,3,0~30,§35 III 十年內再犯：吊銷,吊銷,3,否,重新考領
S00963,11,週三,0,桃園市,小客車,40-49歲,男,A2,0,1,0,1,血液,甲基安非他命,二級,2.0,0,61~120,§35 I 肇事致人受傷：吊扣2-4年,吊扣,3,否,期滿發還
S00964,9,週一,2,桃園市,機車,50-59歲,男,A2,0,1,1,1,尿液,安非他命,二級,2.0,2,0~30,§35 III 十年內再犯：吊銷,吊銷,3,否,重新考領
S00965,1,週六,10,新北市,機車,40-49歲,男,A2,0,1,0,2,尿液,安非他命,二級,2.0,0,61~120,§35 I 肇事致人受傷：吊扣2-4年,吊扣,3,否,期滿發還
S00966,9,週五,23,新北市,貨車,40-49歲,男,A2,0,1,1,2,尿液,安非他命,二級,2.0,1,0~30,§35 III 十年內再犯：吊銷,吊銷,3,否,重新考領
S00967,9,週四,9,臺中市,小客車,20-29歲,女,A2,0,1,0,0,尿液,嗎啡,一級,3.0,0,0~30,§35 I 肇事致人受傷：吊扣2-4年,吊扣,2,否,期滿發還
S00968,3,週三,12,臺北市,機車,40-49歲,女,A2,0,1,0,1,尿液,甲基安非他命,二級,2.0,0,31~60,§35 I 肇事致人受傷：吊扣2-4年,吊扣,4,否,期滿發還
S00969,3,週二,5,臺中市,機車,30-39歲,女,A2,0,1,1,3,尿液,甲基安非他命,二級,2.0,1,61~120,§35 III 十年內再犯：吊銷,吊銷,3,否,重新考領
S00970,3,週三,17,雲林縣,小客車,30-39歲,男,A2,0,1,1,1,血液,嗎啡,一級,3.0,2,31~60,§35 III 十年內再犯：吊銷,吊銷,3,否,重新考領
S00971,2,週六,7,花蓮縣,機車,40-49歲,男,A2,0,2,1,3,尿液,甲基安非他命,二級,2.0,1,0~30,§35 III 十年內再犯：吊銷,吊銷,3,否,重新考領
S00972,4,週日,7,雲林縣,機車,30-39歲,男,A2,0,1,1,0,尿液,甲基安非他命,二級,2.0,1,0~30,§35 III 十年內再犯：吊銷,吊銷,3,否,重新考領
S00973,10,週四,18,苗栗縣,小客車,50-59歲,男,A2,0,2,1,1,尿液,愷他命,三級,1.0,2,31~60,§35 III 十年內再犯：吊銷,吊銷,3,否,重新考領
S00974,4,週一,22,臺北市,機車,40-49歲,男,A2,0,2,1,2,尿液,甲基安非他命,二級,2.0,1,31~60,§35 III 十年內再犯：吊銷,吊銷,3,否,重新考領
S00975,3,週日,14,宜蘭縣,機車,40-49歲,男,A2,0,1,1,3,血液,安非他命,二級,2.0,2,0~30,§35 III 十年內再犯：吊銷,吊銷,3,否,重新考領
S00976,8,週五,16,桃園市,機車,50-59歲,男,A1,1,1,1,0,血液,安非他命,二級,2.0,2,31~60,§35 致人死亡：吊銷並終身不得考領,吊銷,,是,終身不得考領
S00977,7,週三,22,高雄市,機車,60歲以上,男,A2,0,1,0,0,尿液,愷他命,三級,1.0,0,61~120,§35 I 肇事致人受傷：吊扣2-4年,吊扣,4,否,期滿發還
S00978,4,週五,0,南投縣,機車,50-59歲,男,A2,0,1,0,2,尿液,安非他命,二級,2.0,0,121~500,§35 I 肇事致人受傷：吊扣2-4年,吊扣,4,否,期滿發還
S00979,4,週五,17,桃園市,機車,30-39歲,男,A2,0,1,1,1,尿液,愷他命,三級,1.0,3,0~30,§35 III 十年內再犯：吊銷,吊銷,3,否,重新考領
S00980,12,週三,6,桃園市,機車,50-59歲,女,A2,0,1,1,1,尿液,安非他命,二級,2.0,2,0~30,§35 III 十年內再犯：吊銷,吊銷,3,否,重新考領
S00981,10,週五,6,新北市,小客車,50-59歲,男,A2,0,1,0,0,尿液,嗎啡,一級,3.0,0,121~500,§35 I 肇事致人受傷：吊扣2-4年,吊扣,3,否,期滿發還
S00982,12,週五,17,臺中市,小客車,30-39歲,女,A2,0,1,1,0,尿液,甲基安非他命,二級,2.0,4,31~60,§35 III 十年內再犯：吊銷,吊銷,3,否,重新考領
S00983,5,週五,12,新北市,小客車,40-49歲,男,A2,0,1,0,0,尿液,甲基安非他命,二級,2.0,0,61~120,§35 I 肇事致人受傷：吊扣2-4年,吊扣,2,否,期滿發還
S00984,10,週四,12,新北市,機車,60歲以上,女,A2,0,1,1,3,尿液,安非他命,二級,2.0,2,0~30,§35 III 十年內再犯：吊銷,吊銷,3,否,重新考領
S00985,5,週五,13,臺中市,小客車,40-49歲,男,A2,0,2,1,1,尿液,甲基安非他命,二級,2.0,1,121~500,§35 III 十年內再犯：吊銷,吊銷,3,否,重新考領
S00986,9,週六,10,臺中市,機車,20-29歲,男,A2,0,2,1,3,尿液,甲基安非他命,二級,2.0,2,31~60,§35 III 十年內再犯：吊銷,吊銷,3,否,重新考領
S00987,5,週一,21,新北市,機車,40-49歲,男,A2,0,1,1,1,血液,安非他命,二級,2.0,1,31~60,§35 III 十年內再犯：吊銷,吊銷,3,否,重新考領
S00988,2,週二,18,新竹市,機車,40-49歲,男,A2,0,1,1,2,尿液,甲基安非他命,二級,2.0,2,0~30,§35 III 十年內再犯：吊銷,吊銷,3,否,重新考領
S00989,9,週一,7,雲林縣,小客車,50-59歲,男,A2,0,2,1,1,尿液,愷他命,三級,1.0,1,31~60,§35 III 十年內再犯：吊銷,吊銷,3,否,重新考領
S00990,7,週日,9,新竹市,小客車,40-49歲,男,A2,0,1,0,0,尿液,安非他命,二級,2.0,0,121~500,§35 I 肇事致人受傷：吊扣2-4年,吊扣,3,否,期滿發還
S00991,7,週五,7,嘉義市,機車,19歲以下,男,A2,0,2,1,1,尿液,安非他命,二級,2.0,1,31~60,§35 III 十年內再犯：吊銷,吊銷,3,否,重新考領
S00992,9,週五,2,苗栗縣,小客車,40-49歲,女,A2,0,1,1,0,尿液,安非他命,二級,2.0,1,0~30,§35 III 十年內再犯：吊銷,吊銷,3,否,重新考領
S00993,9,週一,18,宜蘭縣,小客車,50-59歲,男,A2,0,1,1,0,尿液,安非他命,二級,2.0,2,31~60,§35 III 十年內再犯：吊銷,吊銷,3,否,重新考領
S00994,7,週二,12,基隆市,機車,40-49歲,男,A2,0,1,0,3,尿液,甲基安非他命,二級,2.0,0,0~30,§35 I 肇事致人受傷：吊扣2-4年,吊扣,4,否,期滿發還
S00995,11,週一,7,新竹縣,機車,50-59歲,男,A2,0,1,1,2,尿液,甲基安非他命,二級,2.0,1,31~60,§35 III 十年內再犯：吊銷,吊銷,3,否,重新考領
S00996,4,週一,19,雲林縣,小客車,50-59歲,男,A2,0,1,0,3,尿液,嗎啡,一級,3.0,0,31~60,§35 I 肇事致人受傷：吊扣2-4年,吊扣,4,否,期滿發還
S00997,11,週一,15,桃園市,機車,30-39歲,男,A2,0,1,1,0,尿液,甲基安非他命,二級,2.0,3,61~120,§35 III 十年內再犯：吊銷,吊銷,3,否,重新考領
S00998,9,週日,8,新竹市,機車,40-49歲,男,A2,0,1,0,3,尿液,安非他命,二級,2.0,0,121~500,§35 I 肇事致人受傷：吊扣2-4年,吊扣,3,否,期滿發還
S00999,6,週六,15,臺南市,小客車,30-39歲,男,A2,0,1,0,3,尿液,安非他命,二級,2.0,0,31~60,§35 I 肇事致人受傷：吊扣2-4年,吊扣,4,否,期滿發還
S01000,7,週四,21,臺中市,機車,40-49歲,男,A2,0,2,1,0,尿液,安非他命,二級,2.0,1,31~60,§35 III 十年內再犯：吊銷,吊銷,3,否,重新考領
S01001,7,週六,10,新北市,小客車,19歲以下,女,A2,0,1,1,1,尿液,甲基安非他命,二級,2.0,1,121~500,§35 III 十年內再犯：吊銷,吊銷,3,否,重新考領
S01002,5,週日,12,桃園市,機車,50-59歲,男,A2,0,1,0,2,尿液,甲基安非他命,二級,2.0,0,31~60,§35 I 肇事致人受傷：吊扣2-4年,吊扣,4,否,期滿發還
S01003,11,週五,22,臺中市,小客車,30-39歲,男,A2,0,1,1,3,尿液,嗎啡,一級,3.0,2,31~60,§35 III 十年內再犯：吊銷,吊銷,3,否,重新考領
S01004,5,週日,9,彰化縣,小客車,30-39歲,男,A2,0,1,1,0,尿液,甲基安非他命,二級,2.0,3,0~30,§35 III 十年內再犯：吊銷,吊銷,3,否,重新考領
S01005,5,週二,19,桃園市,機車,40-49歲,男,A2,0,2,0,2,尿液,甲基安非他命,二級,2.0,0,0~30,§35 I 肇事致人受傷：吊扣2-4年,吊扣,2,否,期滿發還
S01006,11,週一,17,桃園市,小客車,40-49歲,男,A2,0,1,0,1,尿液,愷他命,三級,1.0,0,31~60,§35 I 肇事致人受傷：吊扣2-4年,吊扣,2,否,期滿發還
S01007,7,週一,17,臺北市,小客車,50-59歲,男,A2,0,1,0,3,尿液,安非他命,二級,2.0,0,31~60,§35 I 肇事致人受傷：吊扣2-4年,吊扣,3,否,期滿發還
S01008,6,週日,7,臺中市,機車,20-29歲,男,A2,0,1,1,2,尿液,甲基安非他命,二級,2.0,2,0~30,§35 III 十年內再犯：吊銷,吊銷,3,否,重新考領
S01009,10,週一,9,臺中市,貨車,50-59歲,女,A2,0,1,1,3,尿液,甲基安非他命,二級,2.0,1,0~30,§35 III 十年內再犯：吊銷,吊銷,3,否,重新考領
S01010,8,週三,8,臺北市,小客車,20-29歲,女,A2,0,1,1,3,尿液,安非他命,二級,2.0,1,31~60,§35 III 十年內再犯：吊銷,吊銷,3,否,重新考領
S01011,4,週四,15,臺中市,機車,40-49歲,男,A2,0,3,0,3,尿液,愷他命,三級,1.0,0,31~60,§35 I 肇事致人受傷：吊扣2-4年,吊扣,4,否,期滿發還
S01012,7,週五,3,臺中市,小客車,40-49歲,女,A2,0,1,0,3,尿液,安非他命,二級,2.0,0,121~500,§35 I 肇事致人受傷：吊扣2-4年,吊扣,2,否,期滿發還
S01013,10,週二,5,臺北市,機車,40-49歲,男,A2,0,1,0,1,尿液,嗎啡,一級,3.0,0,0~30,§35 I 肇事致人受傷：吊扣2-4年,吊扣,2,否,期滿發還
S01014,8,週六,16,臺中市,小客車,50-59歲,男,A2,0,1,0,1,尿液,安非他命,二級,2.0,0,0~30,§35 I 肇事致人受傷：吊扣2-4年,吊扣,3,否,期滿發還
S01015,1,週四,6,臺東縣,小客車,40-49歲,男,A2,0,2,1,2,血液,嗎啡,一級,3.0,1,0~30,§35 III 十年內再犯：吊銷,吊銷,3,否,重新考領
S01016,5,週六,21,臺中市,機車,40-49歲,男,A2,0,2,1,1,尿液,安非他命,二級,2.0,1,0~30,§35 III 十年內再犯：吊銷,吊銷,3,否,重新考領
S01017,4,週一,19,臺中市,機車,50-59歲,男,A2,0,1,1,3,尿液,甲基安非他命,二級,2.0,1,121~500,§35 III 十年內再犯：吊銷,吊銷,3,否,重新考領
S01018,3,週二,17,臺中市,機車,19歲以下,女,A2,0,1,1,1,尿液,安非他命,二級,2.0,2,0~30,§35 III 十年內再犯：吊銷,吊銷,3,否,重新考領
S01019,4,週四,0,臺中市,小客車,40-49歲,女,A2,0,1,0,3,尿液,甲基安非他命,二級,2.0,0,0~30,§35 I 肇事致人受傷：吊扣2-4年,吊扣,2,否,期滿發還
S01020,12,週四,22,花蓮縣,機車,40-49歲,男,A2,0,1,1,1,尿液,安非他命,二級,2.0,2,31~60,§35 III 十年內再犯：吊銷,吊銷,3,否,重新考領
S01021,3,週四,23,新北市,小客車,40-49歲,男,A2,0,1,0,0,尿液,安非他命,二級,2.0,0,0~30,§35 I 肇事致人受傷：吊扣2-4年,吊扣,3,否,期滿發還
S01022,5,週三,10,新北市,機車,40-49歲,男,A2,0,1,1,0,血液,安非他命,二級,2.0,1,31~60,§35 III 十年內再犯：吊銷,吊銷,3,否,重新考領
S01023,1,週六,11,臺北市,小客車,40-49歲,女,A2,0,1,1,0,尿液,安非他命,二級,2.0,1,0~30,§35 III 十年內再犯：吊銷,吊銷,3,否,重新考領
S01024,5,週日,14,臺中市,機車,60歲以上,男,A2,0,1,1,3,尿液,甲基安非他命,二級,2.0,1,61~120,§35 III 十年內再犯：吊銷,吊銷,3,否,重新考領
S01025,4,週二,0,高雄市,小客車,30-39歲,女,A2,0,2,1,1,尿液,甲基安非他命,二級,2.0,2,121~500,§35 III 十年內再犯：吊銷,吊銷,3,否,重新考領
S01026,3,週五,7,桃園市,機車,30-39歲,男,A2,0,1,1,0,尿液,愷他命,三級,1.0,2,31~60,§35 III 十年內再犯：吊銷,吊銷,3,否,重新考領
S01027,6,週三,8,嘉義市,小客車,20-29歲,男,A2,0,1,1,1,尿液,安非他命,二級,2.0,3,0~30,§35 III 十年內再犯：吊銷,吊銷,3,否,重新考領
S01028,4,週三,18,臺中市,機車,40-49歲,男,A2,0,1,0,3,尿液,愷他命,三級,1.0,0,61~120,§35 I 肇事致人受傷：吊扣2-4年,吊扣,2,否,期滿發還
S01029,2,週二,16,高雄市,機車,60歲以上,男,A2,0,2,0,2,血液,安非他命,二級,2.0,0,121~500,§35 I 肇事致人受傷：吊扣2-4年,吊扣,2,否,期滿發還
S01030,11,週四,19,桃園市,機車,30-39歲,男,A2,0,2,1,3,血液,愷他命,三級,1.0,2,121~500,§35 III 十年內再犯：吊銷,吊銷,3,否,重新考領
S01031,2,週一,11,花蓮縣,小客車,30-39歲,男,A2,0,1,1,1,尿液,嗎啡,一級,3.0,2,0~30,§35 III 十年內再犯：吊銷,吊銷,3,否,重新考領
S01032,1,週四,23,嘉義市,機車,40-49歲,男,A2,0,1,1,3,尿液,甲基安非他命,二級,2.0,1,31~60,§35 III 十年內再犯：吊銷,吊銷,3,否,重新考領
S01033,2,週日,8,宜蘭縣,小客車,30-39歲,男,A2,0,1,1,0,尿液,安非他命,二級,2.0,1,0~30,§35 III 十年內再犯：吊銷,吊銷,3,否,重新考領
S01034,4,週六,18,桃園市,小客車,50-59歲,男,A2,0,1,0,1,尿液,甲基安非他命,二級,2.0,0,61~120,§35 I 肇事致人受傷：吊扣2-4年,吊扣,3,否,期滿發還
S01035,2,週五,7,桃園市,貨車,50-59歲,女,A2,0,1,0,3,尿液,安非他命,二級,2.0,0,121~500,§35 I 肇事致人受傷：吊扣2-4年,吊扣,2,否,期滿發還
S01036,4,週五,6,桃園市,機車,40-49歲,男,A2,0,2,1,1,尿液,甲基安非他命,二級,2.0,1,31~60,§35 III 十年內再犯：吊銷,吊銷,3,否,重新考領
S01037,12,週二,9,臺中市,機車,40-49歲,男,A2,0,1,1,1,尿液,愷他命,三級,1.0,4,0~30,§35 III 十年內再犯：吊銷,吊銷,3,否,重新考領
S01038,2,週四,11,南投縣,貨車,40-49歲,男,A2,0,1,1,3,尿液,嗎啡,一級,3.0,3,0~30,§35 III 十年內再犯：吊銷,吊銷,3,否,重新考領
S01039,8,週一,5,臺北市,機車,50-59歲,女,A2,0,1,1,2,尿液,安非他命,二級,2.0,1,31~60,§35 III 十年內再犯：吊銷,吊銷,3,否,重新考領
S01040,2,週六,11,臺南市,小客車,40-49歲,男,A2,0,1,0,1,尿液,安非他命,二級,2.0,0,31~60,§35 I 肇事致人受傷：吊扣2-4年,吊扣,2,否,期滿發還
S01041,7,週五,17,彰化縣,小客車,40-49歲,男,A2,0,1,1,1,尿液,甲基安非他命,二級,2.0,2,31~60,§35 III 十年內再犯：吊銷,吊銷,3,否,重新考領
S01042,8,週五,20,彰化縣,小客車,50-59歲,男,A2,0,2,1,1,尿液,安非他命,二級,2.0,1,31~60,§35 III 十年內再犯：吊銷,吊銷,3,否,重新考領
S01043,6,週六,17,臺北市,機車,40-49歲,男,A2,0,1,1,2,尿液,甲基安非他命,二級,2.0,2,31~60,§35 III 十年內再犯：吊銷,吊銷,3,否,重新考領
S01044,7,週三,15,新北市,機車,30-39歲,女,A2,0,2,1,1,尿液,愷他命,三級,1.0,2,121~500,§35 III 十年內再犯：吊銷,吊銷,3,否,重新考領
S01045,12,週三,0,臺北市,機車,50-59歲,男,A2,0,1,1,3,尿液,安非他命,二級,2.0,1,121~500,§35 III 十年內再犯：吊銷,吊銷,3,否,重新考領
S01046,9,週日,16,雲林縣,小客車,40-49歲,男,A2,0,1,1,1,尿液,安非他命,二級,2.0,1,31~60,§35 III 十年內再犯：吊銷,吊銷,3,否,重新考領
S01047,10,週三,11,新北市,機車,40-49歲,男,A2,0,2,1,0,尿液,嗎啡,一級,3.0,1,0~30,§35 III 十年內再犯：吊銷,吊銷,3,否,重新考領
S01048,11,週一,1,臺南市,大客車,60歲以上,男,A2,0,1,0,2,尿液,嗎啡,一級,3.0,0,0~30,§35 I 肇事致人受傷：吊扣2-4年,吊扣,2,否,期滿發還
S01049,1,週日,8,雲林縣,小客車,19歲以下,男,A2,0,2,1,0,尿液,安非他命,二級,2.0,3,0~30,§35 III 十年內再犯：吊銷,吊銷,3,否,重新考領
S01050,7,週三,17,新北市,小客車,50-59歲,男,A2,0,1,1,1,尿液,甲基安非他命,二級,2.0,4,31~60,§35 III 十年內再犯：吊銷,吊銷,3,否,重新考領
S01051,4,週日,19,新北市,機車,30-39歲,女,A2,0,2,0,1,尿液,安非他命,二級,2.0,0,0~30,§35 I 肇事致人受傷：吊扣2-4年,吊扣,2,否,期滿發還
S01052,5,週四,8,新北市,機車,50-59歲,女,A2,0,1,0,3,尿液,甲基安非他命,二級,2.0,0,0~30,§35 I 肇事致人受傷：吊扣2-4年,吊扣,4,否,期滿發還
S01053,7,週五,8,桃園市,小客車,20-29歲,女,A2,0,1,0,0,尿液,愷他命,三級,1.0,0,121~500,§35 I 肇事致人受傷：吊扣2-4年,吊扣,3,否,期滿發還
S01054,5,週四,1,新竹縣,機車,40-49歲,男,A2,0,1,0,3,尿液,甲基安非他命,二級,2.0,0,31~60,§35 I 肇事致人受傷：吊扣2-4年,吊扣,2,否,期滿發還
S01055,5,週五,7,嘉義市,小客車,40-49歲,男,A2,0,1,0,2,血液,甲基安非他命,二級,2.0,0,0~30,§35 I 肇事致人受傷：吊扣2-4年,吊扣,2,否,期滿發還
S01056,1,週四,7,新北市,機車,40-49歲,男,A2,0,1,0,1,尿液,甲基安非他命,二級,2.0,0,61~120,§35 I 肇事致人受傷：吊扣2-4年,吊扣,4,否,期滿發還
S01057,4,週五,9,臺南市,機車,60歲以上,男,A2,0,1,1,2,尿液,安非他命,二級,2.0,1,61~120,§35 III 十年內再犯：吊銷,吊銷,3,否,重新考領
S01058,10,週四,10,臺北市,機車,30-39歲,男,A2,0,1,0,1,尿液,安非他命,二級,2.0,0,31~60,§35 I 肇事致人受傷：吊扣2-4年,吊扣,3,否,期滿發還
S01059,7,週二,8,臺中市,貨車,50-59歲,男,A2,0,1,1,3,尿液,安非他命,二級,2.0,1,61~120,§35 III 十年內再犯：吊銷,吊銷,3,否,重新考領
S01060,11,週六,16,臺中市,機車,20-29歲,男,A2,0,1,0,2,尿液,愷他命,三級,1.0,0,0~30,§35 I 肇事致人受傷：吊扣2-4年,吊扣,2,否,期滿發還
S01061,10,週四,8,屏東縣,小客車,40-49歲,男,A2,0,1,1,2,尿液,安非他命,二級,2.0,1,31~60,§35 III 十年內再犯：吊銷,吊銷,3,否,重新考領
S01062,2,週四,5,新北市,機車,60歲以上,男,A2,0,1,1,1,尿液,安非他命,二級,2.0,1,0~30,§35 III 十年內再犯：吊銷,吊銷,3,否,重新考領
S01063,2,週五,19,新北市,小客車,40-49歲,女,A2,0,1,0,0,尿液,嗎啡,一級,3.0,0,121~500,§35 I 肇事致人受傷：吊扣2-4年,吊扣,4,否,期滿發還
S01064,4,週六,14,臺中市,小客車,40-49歲,男,A2,0,1,1,3,尿液,愷他命,三級,1.0,2,31~60,§35 III 十年內再犯：吊銷,吊銷,3,否,重新考領
S01065,8,週六,14,臺北市,小客車,50-59歲,男,A2,0,1,1,1,尿液,甲基安非他命,二級,2.0,2,0~30,§35 III 十年內再犯：吊銷,吊銷,3,否,重新考領
S01066,2,週五,21,臺北市,機車,30-39歲,男,A2,0,1,0,3,尿液,安非他命,二級,2.0,0,31~60,§35 I 肇事致人受傷：吊扣2-4年,吊扣,4,否,期滿發還
S01067,6,週日,14,屏東縣,小客車,50-59歲,女,A2,0,1,1,0,尿液,安非他命,二級,2.0,3,31~60,§35 III 十年內再犯：吊銷,吊銷,3,否,重新考領
S01068,3,週六,10,苗栗縣,小客車,50-59歲,男,A2,0,1,1,0,血液,嗎啡,一級,3.0,1,31~60,§35 III 十年內再犯：吊銷,吊銷,3,否,重新考領
S01069,2,週四,2,桃園市,小客車,40-49歲,男,A2,0,1,1,3,尿液,愷他命,三級,1.0,3,31~60,§35 III 十年內再犯：吊銷,吊銷,3,否,重新考領
S01070,10,週五,11,高雄市,小客車,30-39歲,男,A2,0,1,0,0,尿液,MDMA,二級,2.0,0,61~120,§35 I 肇事致人受傷：吊扣2-4年,吊扣,4,否,期滿發還
S01071,4,週五,12,新北市,機車,50-59歲,女,A2,0,1,0,2,血液,安非他命,二級,2.0,0,0~30,§35 I 肇事致人受傷：吊扣2-4年,吊扣,3,否,期滿發還
S01072,2,週四,18,臺北市,小客車,20-29歲,男,A2,0,1,1,0,尿液,甲基安非他命,二級,2.0,2,0~30,§35 III 十年內再犯：吊銷,吊銷,3,否,重新考領
S01073,11,週一,22,新北市,機車,40-49歲,男,A2,0,1,0,0,血液,甲基安非他命,二級,2.0,0,31~60,§35 I 肇事致人受傷：吊扣2-4年,吊扣,4,否,期滿發還
S01074,5,週四,12,高雄市,機車,50-59歲,男,A2,0,1,0,1,尿液,安非他命,二級,2.0,0,121~500,§35 I 肇事致人受傷：吊扣2-4年,吊扣,3,否,期滿發還
S01075,12,週日,19,嘉義縣,小客車,50-59歲,女,A2,0,1,0,0,尿液,安非他命,二級,2.0,0,0~30,§35 I 肇事致人受傷：吊扣2-4年,吊扣,3,否,期滿發還
S01076,10,週日,20,桃園市,小客車,20-29歲,男,A2,0,1,0,3,尿液,嗎啡,一級,3.0,0,31~60,§35 I 肇事致人受傷：吊扣2-4年,吊扣,3,否,期滿發還
S01077,5,週一,3,高雄市,機車,40-49歲,女,A2,0,2,1,1,尿液,安非他命,二級,2.0,2,31~60,§35 III 十年內再犯：吊銷,吊銷,3,否,重新考領
S01078,3,週五,10,臺南市,機車,50-59歲,男,A2,0,1,0,3,尿液,甲基安非他命,二級,2.0,0,0~30,§35 I 肇事致人受傷：吊扣2-4年,吊扣,3,否,期滿發還
S01079,3,週五,19,彰化縣,小客車,40-49歲,男,A2,0,1,1,2,尿液,甲基安非他命,二級,2.0,1,31~60,§35 III 十年內再犯：吊銷,吊銷,3,否,重新考領
S01080,10,週日,16,新北市,機車,40-49歲,男,A2,0,1,1,3,尿液,甲基安非他命,二級,2.0,1,31~60,§35 III 十年內再犯：吊銷,吊銷,3,否,重新考領
S01081,2,週日,19,新北市,機車,40-49歲,男,A2,0,3,0,3,尿液,安非他命,二級,2.0,0,121~500,§35 I 肇事致人受傷：吊扣2-4年,吊扣,4,否,期滿發還
S01082,1,週三,14,臺北市,機車,50-59歲,男,A2,0,1,0,0,尿液,愷他命,三級,1.0,0,31~60,§35 I 肇事致人受傷：吊扣2-4年,吊扣,2,否,期滿發還
S01083,10,週五,13,基隆市,機車,20-29歲,男,A2,0,3,0,3,尿液,愷他命,三級,1.0,0,0~30,§35 I 肇事致人受傷：吊扣2-4年,吊扣,4,否,期滿發還
S01084,4,週五,12,新北市,機車,40-49歲,男,A2,0,3,1,2,尿液,甲基安非他命,二級,2.0,1,0~30,§35 III 十年內再犯：吊銷,吊銷,3,否,重新考領
S01085,5,週日,7,雲林縣,小客車,50-59歲,男,A2,0,1,0,0,尿液,嗎啡,一級,3.0,0,31~60,§35 I 肇事致人受傷：吊扣2-4年,吊扣,2,否,期滿發還
S01086,7,週五,18,新北市,大客車,40-49歲,男,A2,0,1,1,3,血液,安非他命,二級,2.0,4,121~500,§35 III 十年內再犯：吊銷,吊銷,3,否,重新考領
S01087,7,週五,12,臺北市,小客車,40-49歲,男,A2,0,1,1,2,尿液,嗎啡,一級,3.0,1,31~60,§35 III 十年內再犯：吊銷,吊銷,3,否,重新考領
S01088,11,週六,21,臺中市,小客車,60歲以上,男,A2,0,1,1,1,尿液,甲基安非他命,二級,2.0,1,31~60,§35 III 十年內再犯：吊銷,吊銷,3,否,重新考領
S01089,9,週日,14,臺中市,機車,40-49歲,男,A2,0,1,1,1,血液,愷他命,三級,1.0,1,0~30,§35 III 十年內再犯：吊銷,吊銷,3,否,重新考領
S01090,6,週日,22,臺北市,機車,40-49歲,男,A2,0,1,0,3,尿液,嗎啡,一級,3.0,0,31~60,§35 I 肇事致人受傷：吊扣2-4年,吊扣,2,否,期滿發還
S01091,7,週一,13,高雄市,機車,50-59歲,男,A2,0,1,0,2,尿液,甲基安非他命,二級,2.0,0,31~60,§35 I 肇事致人受傷：吊扣2-4年,吊扣,3,否,期滿發還
S01092,6,週一,18,臺東縣,機車,60歲以上,男,A2,0,1,0,1,尿液,甲基安非他命,二級,2.0,0,31~60,§35 I 肇事致人受傷：吊扣2-4年,吊扣,4,否,期滿發還
S01093,10,週日,17,高雄市,小客車,50-59歲,男,A2,0,1,0,3,血液,愷他命,三級,1.0,0,0~30,§35 I 肇事致人受傷：吊扣2-4年,吊扣,4,否,期滿發還
S01094,4,週一,15,臺南市,機車,60歲以上,男,A2,0,1,0,1,尿液,甲基安非他命,二級,2.0,0,0~30,§35 I 肇事致人受傷：吊扣2-4年,吊扣,2,否,期滿發還
S01095,5,週二,8,新竹市,機車,50-59歲,男,A2,0,2,0,0,尿液,嗎啡,一級,3.0,0,0~30,§35 I 肇事致人受傷：吊扣2-4年,吊扣,4,否,期滿發還
S01096,5,週五,22,新竹市,小客車,40-49歲,女,A2,0,1,1,1,尿液,甲基安非他命,二級,2.0,2,121~500,§35 III 十年內再犯：吊銷,吊銷,3,否,重新考領
S01097,11,週六,20,高雄市,機車,50-59歲,男,A2,0,1,0,0,尿液,安非他命,二級,2.0,0,31~60,§35 I 肇事致人受傷：吊扣2-4年,吊扣,3,否,期滿發還
S01098,5,週三,16,高雄市,小客車,40-49歲,男,A2,0,1,1,3,血液,甲基安非他命,二級,2.0,1,0~30,§35 III 十年內再犯：吊銷,吊銷,3,否,重新考領
S01099,11,週四,11,新北市,小客車,40-49歲,男,A2,0,1,1,2,尿液,安非他命,二級,2.0,1,31~60,§35 III 十年內再犯：吊銷,吊銷,3,否,重新考領
S01100,11,週日,22,雲林縣,貨車,40-49歲,女,A2,0,1,1,3,尿液,甲基安非他命,二級,2.0,1,31~60,§35 III 十年內再犯：吊銷,吊銷,3,否,重新考領
S01101,7,週五,13,嘉義縣,機車,60歲以上,男,A2,0,1,1,2,尿液,安非他命,二級,2.0,2,0~30,§35 III 十年內再犯：吊銷,吊銷,3,否,重新考領
S01102,7,週三,16,桃園市,小客車,40-49歲,男,A2,0,2,1,2,尿液,甲基安非他命,二級,2.0,1,0~30,§35 III 十年內再犯：吊銷,吊銷,3,否,重新考領
S01103,4,週四,13,宜蘭縣,機車,40-49歲,男,A2,0,1,1,2,尿液,嗎啡,一級,3.0,2,0~30,§35 III 十年內再犯：吊銷,吊銷,3,否,重新考領
S01104,10,週三,8,新北市,小客車,40-49歲,男,A2,0,1,1,3,尿液,安非他命,二級,2.0,1,31~60,§35 III 十年內再犯：吊銷,吊銷,3,否,重新考領
S01105,1,週一,18,新北市,貨車,40-49歲,男,A2,0,1,1,1,血液,甲基安非他命,二級,2.0,1,31~60,§35 III 十年內再犯：吊銷,吊銷,3,否,重新考領
S01106,9,週二,14,臺東縣,小客車,60歲以上,男,A2,0,1,1,3,尿液,嗎啡,一級,3.0,3,0~30,§35 III 十年內再犯：吊銷,吊銷,3,否,重新考領
S01107,1,週五,21,新北市,小客車,60歲以上,男,A2,0,1,1,0,尿液,愷他命,三級,1.0,2,31~60,§35 III 十年內再犯：吊銷,吊銷,3,否,重新考領
S01108,2,週四,18,新北市,機車,20-29歲,男,A2,0,1,1,2,尿液,愷他命,三級,1.0,2,121~500,§35 III 十年內再犯：吊銷,吊銷,3,否,重新考領
S01109,8,週六,8,臺中市,機車,20-29歲,男,A2,0,1,1,0,尿液,甲基安非他命,二級,2.0,1,0~30,§35 III 十年內再犯：吊銷,吊銷,3,否,重新考領
S01110,4,週二,19,宜蘭縣,小客車,30-39歲,男,A2,0,1,1,1,尿液,愷他命,三級,1.0,2,31~60,§35 III 十年內再犯：吊銷,吊銷,3,否,重新考領
S01111,5,週一,19,高雄市,貨車,40-49歲,女,A2,0,1,1,2,尿液,甲基安非他命,二級,2.0,1,31~60,§35 III 十年內再犯：吊銷,吊銷,3,否,重新考領
S01112,11,週六,8,新北市,小客車,40-49歲,女,A2,0,2,0,2,尿液,嗎啡,一級,3.0,0,0~30,§35 I 肇事致人受傷：吊扣2-4年,吊扣,2,否,期滿發還
S01113,5,週二,13,嘉義縣,機車,30-39歲,男,A2,0,2,1,2,血液,愷他命,三級,1.0,2,0~30,§35 III 十年內再犯：吊銷,吊銷,3,否,重新考領
S01114,10,週日,10,屏東縣,小客車,50-59歲,女,A2,0,1,1,3,尿液,甲基安非他命,二級,2.0,2,31~60,§35 III 十年內再犯：吊銷,吊銷,3,否,重新考領
S01115,7,週日,7,嘉義市,貨車,40-49歲,男,A2,0,1,0,0,尿液,甲基安非他命,二級,2.0,0,0~30,§35 I 肇事致人受傷：吊扣2-4年,吊扣,4,否,期滿發還
S01116,5,週四,7,臺南市,機車,20-29歲,男,A2,0,1,0,3,尿液,甲基安非他命,二級,2.0,0,0~30,§35 I 肇事致人受傷：吊扣2-4年,吊扣,2,否,期滿發還
S01117,11,週三,18,臺中市,機車,50-59歲,男,A2,0,2,0,2,尿液,甲基安非他命,二級,2.0,0,61~120,§35 I 肇事致人受傷：吊扣2-4年,吊扣,3,否,期滿發還
S01118,9,週五,17,嘉義市,小客車,50-59歲,男,A2,0,3,1,3,尿液,安非他命,二級,2.0,1,0~30,§35 III 十年內再犯：吊銷,吊銷,3,否,重新考領
S01119,8,週二,8,桃園市,小客車,30-39歲,男,A2,0,2,0,0,尿液,甲基安非他命,二級,2.0,0,0~30,§35 I 肇事致人受傷：吊扣2-4年,吊扣,4,否,期滿發還
S01120,7,週日,12,高雄市,貨車,40-49歲,女,A2,0,4,1,3,尿液,甲基安非他命,二級,2.0,2,31~60,§35 III 十年內再犯：吊銷,吊銷,3,否,重新考領
S01121,8,週二,19,桃園市,機車,60歲以上,男,A2,0,1,1,0,尿液,甲基安非他命,二級,2.0,1,121~500,§35 III 十年內再犯：吊銷,吊銷,3,否,重新考領
S01122,7,週日,9,臺北市,小客車,30-39歲,男,A2,0,1,0,3,尿液,甲基安非他命,二級,2.0,0,31~60,§35 I 肇事致人受傷：吊扣2-4年,吊扣,2,否,期滿發還
S01123,11,週三,19,桃園市,小客車,20-29歲,男,A2,0,1,0,1,血液,甲基安非他命,二級,2.0,0,31~60,§35 I 肇事致人受傷：吊扣2-4年,吊扣,3,否,期滿發還
S01124,1,週四,13,苗栗縣,機車,40-49歲,男,A2,0,1,1,2,尿液,甲基安非他命,二級,2.0,1,31~60,§35 III 十年內再犯：吊銷,吊銷,3,否,重新考領
S01125,12,週六,20,臺北市,貨車,40-49歲,男,A2,0,1,1,0,尿液,安非他命,二級,2.0,2,0~30,§35 III 十年內再犯：吊銷,吊銷,3,否,重新考領
S01126,10,週六,19,臺南市,小客車,60歲以上,男,A2,0,1,1,3,尿液,安非他命,二級,2.0,1,0~30,§35 III 十年內再犯：吊銷,吊銷,3,否,重新考領
S01127,4,週一,21,高雄市,機車,50-59歲,男,A2,0,1,1,1,尿液,嗎啡,一級,3.0,3,61~120,§35 III 十年內再犯：吊銷,吊銷,3,否,重新考領
S01128,8,週四,12,新北市,機車,50-59歲,女,A2,0,2,0,1,尿液,甲基安非他命,二級,2.0,0,31~60,§35 I 肇事致人受傷：吊扣2-4年,吊扣,4,否,期滿發還
S01129,9,週五,18,新北市,小客車,50-59歲,男,A2,0,1,1,3,尿液,甲基安非他命,二級,2.0,1,31~60,§35 III 十年內再犯：吊銷,吊銷,3,否,重新考領
S01130,4,週六,23,臺中市,小客車,30-39歲,男,A2,0,1,0,1,尿液,甲基安非他命,二級,2.0,0,31~60,§35 I 肇事致人受傷：吊扣2-4年,吊扣,4,否,期滿發還
S01131,10,週五,9,臺南市,機車,60歲以上,女,A2,0,1,1,2,尿液,甲基安非他命,二級,2.0,2,31~60,§35 III 十年內再犯：吊銷,吊銷,3,否,重新考領
S01132,1,週二,10,臺南市,貨車,30-39歲,女,A2,0,1,1,0,尿液,愷他命,三級,1.0,2,0~30,§35 III 十年內再犯：吊銷,吊銷,3,否,重新考領
S01133,9,週五,8,屏東縣,小客車,50-59歲,男,A2,0,1,0,2,血液,愷他命,三級,1.0,0,0~30,§35 I 肇事致人受傷：吊扣2-4年,吊扣,4,否,期滿發還
S01134,5,週四,11,臺北市,小客車,40-49歲,男,A2,0,2,1,0,尿液,甲基安非他命,二級,2.0,1,31~60,§35 III 十年內再犯：吊銷,吊銷,3,否,重新考領
S01135,4,週三,19,南投縣,小客車,50-59歲,男,A2,0,1,0,1,尿液,甲基安非他命,二級,2.0,0,0~30,§35 I 肇事致人受傷：吊扣2-4年,吊扣,2,否,期滿發還
S01136,4,週二,21,臺中市,機車,20-29歲,男,A2,0,1,1,0,尿液,嗎啡,一級,3.0,1,0~30,§35 III 十年內再犯：吊銷,吊銷,3,否,重新考領
S01137,8,週六,13,高雄市,大客車,40-49歲,男,A2,0,1,1,2,尿液,安非他命,二級,2.0,2,31~60,§35 III 十年內再犯：吊銷,吊銷,3,否,重新考領
S01138,10,週四,7,花蓮縣,小客車,30-39歲,女,A2,0,1,0,0,尿液,嗎啡,一級,3.0,0,0~30,§35 I 肇事致人受傷：吊扣2-4年,吊扣,3,否,期滿發還
S01139,7,週五,20,桃園市,小客車,40-49歲,男,A2,0,2,1,0,尿液,安非他命,二級,2.0,2,61~120,§35 III 十年內再犯：吊銷,吊銷,3,否,重新考領
S01140,4,週三,18,基隆市,小客車,50-59歲,男,A2,0,1,0,0,尿液,愷他命,三級,1.0,0,0~30,§35 I 肇事致人受傷：吊扣2-4年,吊扣,4,否,期滿發還
S01141,3,週三,23,桃園市,機車,40-49歲,男,A2,0,2,0,3,尿液,甲基安非他命,二級,2.0,0,121~500,§35 I 肇事致人受傷：吊扣2-4年,吊扣,4,否,期滿發還
S01142,7,週六,13,新北市,小客車,40-49歲,男,A2,0,1,1,1,尿液,甲基安非他命,二級,2.0,1,0~30,§35 III 十年內再犯：吊銷,吊銷,3,否,重新考領
S01143,12,週六,8,桃園市,機車,20-29歲,男,A2,0,1,1,3,尿液,安非他命,二級,2.0,1,31~60,§35 III 十年內再犯：吊銷,吊銷,3,否,重新考領
S01144,2,週五,15,彰化縣,機車,40-49歲,男,A2,0,1,0,0,血液,安非他命,二級,2.0,0,0~30,§35 I 肇事致人受傷：吊扣2-4年,吊扣,2,否,期滿發還
S01145,8,週六,16,雲林縣,機車,40-49歲,男,A2,0,1,1,1,尿液,嗎啡,一級,3.0,2,0~30,§35 III 十年內再犯：吊銷,吊銷,3,否,重新考領
S01146,7,週四,16,高雄市,小客車,20-29歲,男,A2,0,1,0,3,尿液,嗎啡,一級,3.0,0,0~30,§35 I 肇事致人受傷：吊扣2-4年,吊扣,3,否,期滿發還
S01147,12,週一,23,臺南市,小客車,40-49歲,女,A2,0,2,1,2,尿液,愷他命,三級,1.0,4,0~30,§35 III 十年內再犯：吊銷,吊銷,3,否,重新考領
S01148,7,週三,7,桃園市,機車,40-49歲,男,A2,0,1,1,1,尿液,嗎啡,一級,3.0,3,0~30,§35 III 十年內再犯：吊銷,吊銷,3,否,重新考領
S01149,5,週六,17,新北市,機車,50-59歲,男,A2,0,1,1,2,尿液,安非他命,二級,2.0,1,0~30,§35 III 十年內再犯：吊銷,吊銷,3,否,重新考領
S01150,3,週四,14,新北市,機車,30-39歲,女,A2,0,2,1,1,尿液,甲基安非他命,二級,2.0,1,0~30,§35 III 十年內再犯：吊銷,吊銷,3,否,重新考領
S01151,4,週四,8,臺中市,機車,40-49歲,女,A2,0,3,1,2,尿液,甲基安非他命,二級,2.0,1,31~60,§35 III 十年內再犯：吊銷,吊銷,3,否,重新考領
S01152,10,週三,4,新北市,小客車,50-59歲,男,A2,0,2,1,0,尿液,安非他命,二級,2.0,1,31~60,§35 III 十年內再犯：吊銷,吊銷,3,否,重新考領
S01153,9,週二,16,臺南市,貨車,50-59歲,男,A2,0,1,0,1,血液,愷他命,三級,1.0,0,61~120,§35 I 肇事致人受傷：吊扣2-4年,吊扣,3,否,期滿發還
S01154,4,週日,7,臺北市,小客車,40-49歲,男,A2,0,1,1,2,血液,安非他命,二級,2.0,1,121~500,§35 III 十年內再犯：吊銷,吊銷,3,否,重新考領
S01155,11,週五,12,臺南市,機車,50-59歲,男,A2,0,2,0,3,尿液,安非他命,二級,2.0,0,121~500,§35 I 肇事致人受傷：吊扣2-4年,吊扣,4,否,期滿發還
S01156,12,週四,17,高雄市,小客車,20-29歲,男,A2,0,1,1,0,尿液,愷他命,三級,1.0,3,31~60,§35 III 十年內再犯：吊銷,吊銷,3,否,重新考領
S01157,4,週二,19,桃園市,機車,40-49歲,男,A2,0,1,0,0,尿液,安非他命,二級,2.0,0,0~30,§35 I 肇事致人受傷：吊扣2-4年,吊扣,2,否,期滿發還
S01158,9,週五,20,彰化縣,機車,40-49歲,男,A2,0,1,1,0,尿液,安非他命,二級,2.0,1,31~60,§35 III 十年內再犯：吊銷,吊銷,3,否,重新考領
S01159,3,週六,21,高雄市,機車,40-49歲,男,A2,0,2,1,2,尿液,甲基安非他命,二級,2.0,1,61~120,§35 III 十年內再犯：吊銷,吊銷,3,否,重新考領
S01160,3,週三,13,臺中市,小客車,60歲以上,女,A2,0,1,0,1,尿液,甲基安非他命,二級,2.0,0,31~60,§35 I 肇事致人受傷：吊扣2-4年,吊扣,2,否,期滿發還
S01161,4,週六,1,臺中市,機車,40-49歲,男,A2,0,1,1,0,尿液,甲基安非他命,二級,2.0,3,31~60,§35 III 十年內再犯：吊銷,吊銷,3,否,重新考領
S01162,7,週四,18,彰化縣,機車,50-59歲,男,A2,0,3,0,3,尿液,甲基安非他命,二級,2.0,0,31~60,§35 I 肇事致人受傷：吊扣2-4年,吊扣,2,否,期滿發還
S01163,8,週三,22,臺南市,機車,30-39歲,男,A2,0,1,0,3,尿液,安非他命,二級,2.0,0,31~60,§35 I 肇事致人受傷：吊扣2-4年,吊扣,3,否,期滿發還
S01164,7,週二,11,屏東縣,機車,40-49歲,男,A2,0,1,1,0,尿液,愷他命,三級,1.0,1,0~30,§35 III 十年內再犯：吊銷,吊銷,3,否,重新考領
S01165,4,週五,21,高雄市,小客車,50-59歲,男,A2,0,1,1,2,尿液,安非他命,二級,2.0,1,31~60,§35 III 十年內再犯：吊銷,吊銷,3,否,重新考領
S01166,8,週二,15,臺中市,機車,40-49歲,男,A2,0,2,0,1,尿液,甲基安非他命,二級,2.0,0,0~30,§35 I 肇事致人受傷：吊扣2-4年,吊扣,3,否,期滿發還
S01167,10,週二,3,苗栗縣,機車,40-49歲,男,A2,0,1,1,0,尿液,甲基安非他命,二級,2.0,1,31~60,§35 III 十年內再犯：吊銷,吊銷,3,否,重新考領
S01168,2,週三,10,南投縣,小客車,40-49歲,男,A2,0,1,1,1,血液,安非他命,二級,2.0,1,0~30,§35 III 十年內再犯：吊銷,吊銷,3,否,重新考領
S01169,9,週六,18,新北市,機車,40-49歲,男,A2,0,1,1,1,尿液,甲基安非他命,二級,2.0,1,0~30,§35 III 十年內再犯：吊銷,吊銷,3,否,重新考領
S01170,10,週四,19,新北市,機車,50-59歲,男,A2,0,1,0,2,尿液,甲基安非他命,二級,2.0,0,0~30,§35 I 肇事致人受傷：吊扣2-4年,吊扣,4,否,期滿發還
S01171,7,週四,14,新北市,小客車,50-59歲,男,A2,0,1,1,2,尿液,安非他命,二級,2.0,1,0~30,§35 III 十年內再犯：吊銷,吊銷,3,否,重新考領
S01172,11,週五,19,臺中市,小客車,50-59歲,女,A2,0,1,0,0,尿液,甲基安非他命,二級,2.0,0,31~60,§35 I 肇事致人受傷：吊扣2-4年,吊扣,2,否,期滿發還
S01173,12,週日,11,彰化縣,小客車,30-39歲,男,A2,0,1,1,0,尿液,安非他命,二級,2.0,1,31~60,§35 III 十年內再犯：吊銷,吊銷,3,否,重新考領
S01174,6,週四,13,臺北市,機車,30-39歲,男,A2,0,1,0,3,尿液,甲基安非他命,二級,2.0,0,0~30,§35 I 肇事致人受傷：吊扣2-4年,吊扣,3,否,期滿發還
S01175,5,週三,22,高雄市,機車,40-49歲,女,A2,0,1,0,2,尿液,安非他命,二級,2.0,0,0~30,§35 I 肇事致人受傷：吊扣2-4年,吊扣,2,否,期滿發還
S01176,8,週四,8,彰化縣,機車,19歲以下,男,A2,0,1,1,0,尿液,愷他命,三級,1.0,2,0~30,§35 III 十年內再犯：吊銷,吊銷,3,否,重新考領
S01177,5,週日,19,臺中市,機車,40-49歲,男,A2,0,1,1,1,尿液,嗎啡,一級,3.0,1,31~60,§35 III 十年內再犯：吊銷,吊銷,3,否,重新考領
S01178,8,週三,23,新竹縣,機車,40-49歲,男,A2,0,1,1,2,尿液,甲基安非他命,二級,2.0,3,31~60,§35 III 十年內再犯：吊銷,吊銷,3,否,重新考領
S01179,6,週二,4,基隆市,小客車,50-59歲,男,A2,0,1,0,3,尿液,嗎啡,一級,3.0,0,31~60,§35 I 肇事致人受傷：吊扣2-4年,吊扣,4,否,期滿發還
S01180,3,週六,20,臺南市,小客車,60歲以上,女,A2,0,1,1,1,尿液,愷他命,三級,1.0,1,61~120,§35 III 十年內再犯：吊銷,吊銷,3,否,重新考領
S01181,7,週日,7,臺南市,機車,20-29歲,男,A2,0,1,1,3,尿液,愷他命,三級,1.0,2,31~60,§35 III 十年內再犯：吊銷,吊銷,3,否,重新考領
S01182,5,週日,22,新北市,機車,30-39歲,男,A2,0,1,0,3,尿液,嗎啡,一級,3.0,0,0~30,§35 I 肇事致人受傷：吊扣2-4年,吊扣,2,否,期滿發還
S01183,9,週日,11,臺中市,小客車,50-59歲,男,A2,0,1,0,1,尿液,甲基安非他命,二級,2.0,0,31~60,§35 I 肇事致人受傷：吊扣2-4年,吊扣,2,否,期滿發還
S01184,1,週四,22,桃園市,機車,60歲以上,男,A2,0,1,1,2,尿液,甲基安非他命,二級,2.0,1,0~30,§35 III 十年內再犯：吊銷,吊銷,3,否,重新考領
S01185,3,週五,15,臺中市,機車,40-49歲,女,A2,0,2,1,0,尿液,甲基安非他命,二級,2.0,2,0~30,§35 III 十年內再犯：吊銷,吊銷,3,否,重新考領
S01186,6,週四,13,新北市,小客車,40-49歲,男,A2,0,1,1,2,尿液,愷他命,三級,1.0,1,61~120,§35 III 十年內再犯：吊銷,吊銷,3,否,重新考領
S01187,9,週三,19,臺北市,機車,40-49歲,女,A2,0,1,0,0,尿液,愷他命,三級,1.0,0,61~120,§35 I 肇事致人受傷：吊扣2-4年,吊扣,3,否,期滿發還
S01188,7,週三,21,臺南市,機車,50-59歲,男,A2,0,1,0,3,尿液,嗎啡,一級,3.0,0,31~60,§35 I 肇事致人受傷：吊扣2-4年,吊扣,4,否,期滿發還
S01189,6,週四,14,臺東縣,機車,20-29歲,男,A2,0,1,1,1,尿液,安非他命,二級,2.0,1,0~30,§35 III 十年內再犯：吊銷,吊銷,3,否,重新考領
S01190,3,週二,12,基隆市,小客車,40-49歲,男,A2,0,1,1,2,尿液,安非他命,二級,2.0,1,31~60,§35 III 十年內再犯：吊銷,吊銷,3,否,重新考領
S01191,2,週六,7,高雄市,機車,60歲以上,男,A2,0,1,1,2,尿液,愷他命,三級,1.0,1,0~30,§35 III 十年內再犯：吊銷,吊銷,3,否,重新考領
S01192,1,週二,17,高雄市,機車,40-49歲,男,A2,0,1,1,1,尿液,愷他命,三級,1.0,1,31~60,§35 III 十年內再犯：吊銷,吊銷,3,否,重新考領
S01193,11,週四,6,臺北市,機車,40-49歲,男,A2,0,1,1,0,血液,安非他命,二級,2.0,1,31~60,§35 III 十年內再犯：吊銷,吊銷,3,否,重新考領
S01194,10,週五,16,高雄市,小客車,40-49歲,男,A2,0,1,1,1,血液,愷他命,三級,1.0,1,31~60,§35 III 十年內再犯：吊銷,吊銷,3,否,重新考領
S01195,7,週三,22,新竹縣,機車,40-49歲,男,A2,0,2,1,2,尿液,甲基安非他命,二級,2.0,1,31~60,§35 III 十年內再犯：吊銷,吊銷,3,否,重新考領
S01196,2,週五,21,苗栗縣,機車,40-49歲,男,A2,0,1,1,3,血液,愷他命,三級,1.0,1,31~60,§35 III 十年內再犯：吊銷,吊銷,3,否,重新考領
S01197,6,週日,10,彰化縣,小客車,40-49歲,男,A2,0,2,1,3,尿液,甲基安非他命,二級,2.0,1,31~60,§35 III 十年內再犯：吊銷,吊銷,3,否,重新考領
S01198,8,週五,8,新北市,小客車,50-59歲,男,A2,0,1,0,2,尿液,甲基安非他命,二級,2.0,0,0~30,§35 I 肇事致人受傷：吊扣2-4年,吊扣,2,否,期滿發還
S01199,3,週四,10,彰化縣,小客車,40-49歲,男,A2,0,1,0,3,尿液,愷他命,三級,1.0,0,121~500,§35 I 肇事致人受傷：吊扣2-4年,吊扣,3,否,期滿發還
S01200,9,週二,8,臺南市,機車,60歲以上,男,A2,0,4,0,3,尿液,甲基安非他命,二級,2.0,0,31~60,§35 I 肇事致人受傷：吊扣2-4年,吊扣,2,否,期滿發還
S01201,10,週一,8,新竹市,小客車,30-39歲,男,A2,0,2,1,3,尿液,甲基安非他命,二級,2.0,1,31~60,§35 III 十年內再犯：吊銷,吊銷,3,否,重新考領
S01202,11,週六,17,高雄市,機車,50-59歲,男,A2,0,1,1,3,尿液,甲基安非他命,二級,2.0,2,31~60,§35 III 十年內再犯：吊銷,吊銷,3,否,重新考領
S01203,7,週一,17,新北市,機車,60歲以上,男,A2,0,3,1,2,尿液,甲基安非他命,二級,2.0,1,31~60,§35 III 十年內再犯：吊銷,吊銷,3,否,重新考領
S01204,11,週日,11,桃園市,小客車,30-39歲,男,A2,0,1,1,0,尿液,甲基安非他命,二級,2.0,1,121~500,§35 III 十年內再犯：吊銷,吊銷,3,否,重新考領
S01205,10,週五,18,新北市,小客車,30-39歲,男,A2,0,1,1,0,尿液,安非他命,二級,2.0,2,31~60,§35 III 十年內再犯：吊銷,吊銷,3,否,重新考領
S01206,12,週五,19,高雄市,機車,40-49歲,男,A2,0,2,1,1,尿液,愷他命,三級,1.0,1,0~30,§35 III 十年內再犯：吊銷,吊銷,3,否,重新考領
S01207,3,週五,5,臺南市,機車,30-39歲,男,A2,0,1,1,3,尿液,安非他命,二級,2.0,1,31~60,§35 III 十年內再犯：吊銷,吊銷,3,否,重新考領
S01208,7,週六,18,臺北市,小客車,50-59歲,女,A2,0,1,0,0,尿液,甲基安非他命,二級,2.0,0,0~30,§35 I 肇事致人受傷：吊扣2-4年,吊扣,2,否,期滿發還
S01209,4,週一,18,臺北市,機車,50-59歲,女,A2,0,1,1,2,尿液,甲基安非他命,二級,2.0,2,121~500,§35 III 十年內再犯：吊銷,吊銷,3,否,重新考領
S01210,5,週一,7,臺北市,機車,50-59歲,男,A2,0,2,1,3,尿液,甲基安非他命,二級,2.0,2,31~60,§35 III 十年內再犯：吊銷,吊銷,3,否,重新考領
S01211,11,週二,18,桃園市,機車,50-59歲,女,A2,0,1,1,0,尿液,安非他命,二級,2.0,1,0~30,§35 III 十年內再犯：吊銷,吊銷,3,否,重新考領
S01212,6,週六,18,彰化縣,機車,20-29歲,男,A2,0,3,1,2,尿液,愷他命,三級,1.0,1,31~60,§35 III 十年內再犯：吊銷,吊銷,3,否,重新考領
S01213,4,週二,9,臺南市,貨車,40-49歲,男,A2,0,1,0,2,尿液,安非他命,二級,2.0,0,0~30,§35 I 肇事致人受傷：吊扣2-4年,吊扣,4,否,期滿發還
S01214,10,週五,10,臺中市,小客車,20-29歲,男,A2,0,1,0,2,尿液,嗎啡,一級,3.0,0,31~60,§35 I 肇事致人受傷：吊扣2-4年,吊扣,4,否,期滿發還
S01215,10,週日,15,南投縣,小客車,40-49歲,男,A2,0,1,1,1,尿液,嗎啡,一級,3.0,1,0~30,§35 III 十年內再犯：吊銷,吊銷,3,否,重新考領
S01216,11,週日,18,屏東縣,機車,40-49歲,男,A2,0,1,1,3,尿液,甲基安非他命,二級,2.0,2,61~120,§35 III 十年內再犯：吊銷,吊銷,3,否,重新考領
S01217,5,週三,8,宜蘭縣,小客車,30-39歲,男,A2,0,2,0,2,尿液,甲基安非他命,二級,2.0,0,0~30,§35 I 肇事致人受傷：吊扣2-4年,吊扣,4,否,期滿發還
S01218,4,週日,16,高雄市,小客車,40-49歲,男,A2,0,1,1,0,尿液,安非他命,二級,2.0,2,0~30,§35 III 十年內再犯：吊銷,吊銷,3,否,重新考領
S01219,8,週四,22,新北市,機車,50-59歲,男,A2,0,1,0,1,血液,安非他命,二級,2.0,0,31~60,§35 I 肇事致人受傷：吊扣2-4年,吊扣,2,否,期滿發還
S01220,12,週日,3,臺南市,小客車,40-49歲,男,A2,0,1,0,2,尿液,愷他命,三級,1.0,0,0~30,§35 I 肇事致人受傷：吊扣2-4年,吊扣,2,否,期滿發還
S01221,7,週日,7,苗栗縣,小客車,40-49歲,男,A2,0,1,1,2,尿液,甲基安非他命,二級,2.0,1,31~60,§35 III 十年內再犯：吊銷,吊銷,3,否,重新考領
S01222,7,週三,18,苗栗縣,小客車,40-49歲,男,A2,0,1,1,1,尿液,安非他命,二級,2.0,2,0~30,§35 III 十年內再犯：吊銷,吊銷,3,否,重新考領
S01223,6,週日,13,臺中市,小客車,50-59歲,男,A2,0,1,0,1,尿液,愷他命,三級,1.0,0,0~30,§35 I 肇事致人受傷：吊扣2-4年,吊扣,2,否,期滿發還
S01224,2,週日,19,雲林縣,小客車,60歲以上,女,A2,0,1,1,1,尿液,甲基安非他命,二級,2.0,2,0~30,§35 III 十年內再犯：吊銷,吊銷,3,否,重新考領
S01225,4,週六,16,桃園市,小客車,20-29歲,女,A2,0,2,1,2,血液,安非他命,二級,2.0,2,31~60,§35 III 十年內再犯：吊銷,吊銷,3,否,重新考領
S01226,8,週五,0,桃園市,貨車,30-39歲,男,A2,0,2,0,1,尿液,甲基安非他命,二級,2.0,0,61~120,§35 I 肇事致人受傷：吊扣2-4年,吊扣,3,否,期滿發還
S01227,6,週一,10,臺北市,小客車,20-29歲,男,A2,0,1,1,3,尿液,甲基安非他命,二級,2.0,2,31~60,§35 III 十年內再犯：吊銷,吊銷,3,否,重新考領
S01228,7,週日,15,苗栗縣,機車,40-49歲,男,A2,0,1,0,0,尿液,安非他命,二級,2.0,0,0~30,§35 I 肇事致人受傷：吊扣2-4年,吊扣,3,否,期滿發還
S01229,12,週一,2,新北市,機車,20-29歲,男,A2,0,1,0,1,尿液,安非他命,二級,2.0,0,0~30,§35 I 肇事致人受傷：吊扣2-4年,吊扣,3,否,期滿發還
S01230,11,週一,12,基隆市,機車,50-59歲,男,A2,0,1,1,1,尿液,愷他命,三級,1.0,4,0~30,§35 III 十年內再犯：吊銷,吊銷,3,否,重新考領
S01231,3,週日,18,新北市,小客車,40-49歲,男,A2,0,1,1,1,尿液,安非他命,二級,2.0,1,31~60,§35 III 十年內再犯：吊銷,吊銷,3,否,重新考領
S01232,12,週日,20,新北市,機車,40-49歲,女,A2,0,2,0,3,尿液,甲基安非他命,二級,2.0,0,0~30,§35 I 肇事致人受傷：吊扣2-4年,吊扣,2,否,期滿發還
S01233,10,週三,18,屏東縣,小客車,40-49歲,男,A2,0,1,0,2,尿液,甲基安非他命,二級,2.0,0,31~60,§35 I 肇事致人受傷：吊扣2-4年,吊扣,3,否,期滿發還
S01234,9,週二,9,雲林縣,小客車,40-49歲,男,A2,0,1,0,1,尿液,嗎啡,一級,3.0,0,121~500,§35 I 肇事致人受傷：吊扣2-4年,吊扣,3,否,期滿發還
S01235,7,週四,9,高雄市,機車,40-49歲,男,A2,0,2,1,2,尿液,愷他命,三級,1.0,1,121~500,§35 III 十年內再犯：吊銷,吊銷,3,否,重新考領
S01236,10,週四,17,臺北市,機車,50-59歲,男,A2,0,1,0,2,尿液,安非他命,二級,2.0,0,61~120,§35 I 肇事致人受傷：吊扣2-4年,吊扣,3,否,期滿發還
S01237,3,週六,1,桃園市,貨車,40-49歲,男,A2,0,1,0,3,尿液,安非他命,二級,2.0,0,31~60,§35 I 肇事致人受傷：吊扣2-4年,吊扣,4,否,期滿發還
S01238,11,週四,20,臺中市,小客車,30-39歲,男,A2,0,1,1,1,尿液,嗎啡,一級,3.0,1,31~60,§35 III 十年內再犯：吊銷,吊銷,3,否,重新考領
S01239,8,週三,8,高雄市,機車,30-39歲,男,A2,0,3,0,1,尿液,愷他命,三級,1.0,0,31~60,§35 I 肇事致人受傷：吊扣2-4年,吊扣,2,否,期滿發還
S01240,2,週四,19,桃園市,小客車,50-59歲,男,A2,0,1,0,3,尿液,安非他命,二級,2.0,0,121~500,§35 I 肇事致人受傷：吊扣2-4年,吊扣,3,否,期滿發還
S01241,2,週六,10,宜蘭縣,機車,50-59歲,男,A2,0,1,1,2,尿液,安非他命,二級,2.0,1,31~60,§35 III 十年內再犯：吊銷,吊銷,3,否,重新考領
S01242,3,週一,13,新北市,機車,40-49歲,女,A2,0,1,1,1,尿液,愷他命,三級,1.0,1,31~60,§35 III 十年內再犯：吊銷,吊銷,3,否,重新考領
S01243,10,週三,21,桃園市,小客車,60歲以上,男,A2,0,1,1,1,尿液,安非他命,二級,2.0,1,0~30,§35 III 十年內再犯：吊銷,吊銷,3,否,重新考領
S01244,10,週四,7,臺北市,機車,30-39歲,男,A2,0,1,0,1,尿液,甲基安非他命,二級,2.0,0,0~30,§35 I 肇事致人受傷：吊扣2-4年,吊扣,4,否,期滿發還
S01245,3,週六,20,南投縣,機車,50-59歲,男,A2,0,1,1,3,尿液,愷他命,三級,1.0,2,0~30,§35 III 十年內再犯：吊銷,吊銷,3,否,重新考領
S01246,1,週二,12,新北市,機車,40-49歲,男,A2,0,1,0,0,尿液,甲基安非他命,二級,2.0,0,31~60,§35 I 肇事致人受傷：吊扣2-4年,吊扣,3,否,期滿發還
S01247,4,週一,15,南投縣,小客車,30-39歲,女,A2,0,1,1,3,尿液,愷他命,三級,1.0,1,31~60,§35 III 十年內再犯：吊銷,吊銷,3,否,重新考領
S01248,5,週一,0,臺中市,機車,40-49歲,男,A2,0,1,0,2,尿液,甲基安非他命,二級,2.0,0,61~120,§35 I 肇事致人受傷：吊扣2-4年,吊扣,4,否,期滿發還
S01249,7,週五,17,高雄市,小客車,40-49歲,男,A2,0,1,1,2,尿液,安非他命,二級,2.0,2,0~30,§35 III 十年內再犯：吊銷,吊銷,3,否,重新考領
S01250,8,週一,11,彰化縣,機車,40-49歲,男,A2,0,2,1,1,血液,甲基安非他命,二級,2.0,1,121~500,§35 III 十年內再犯：吊銷,吊銷,3,否,重新考領
S01251,7,週四,18,高雄市,小客車,40-49歲,男,A2,0,1,1,1,尿液,甲基安非他命,二級,2.0,1,0~30,§35 III 十年內再犯：吊銷,吊銷,3,否,重新考領
S01252,7,週二,8,桃園市,機車,40-49歲,男,A2,0,1,1,3,尿液,安非他命,二級,2.0,1,0~30,§35 III 十年內再犯：吊銷,吊銷,3,否,重新考領
S01253,2,週一,22,新北市,機車,60歲以上,男,A2,0,2,1,2,尿液,甲基安非他命,二級,2.0,3,0~30,§35 III 十年內再犯：吊銷,吊銷,3,否,重新考領
S01254,10,週一,13,高雄市,機車,50-59歲,男,A2,0,1,1,2,尿液,甲基安非他命,二級,2.0,1,31~60,§35 III 十年內再犯：吊銷,吊銷,3,否,重新考領
S01255,7,週五,22,高雄市,機車,40-49歲,男,A2,0,2,0,0,尿液,甲基安非他命,二級,2.0,0,121~500,§35 I 肇事致人受傷：吊扣2-4年,吊扣,3,否,期滿發還
S01256,4,週三,22,臺中市,小客車,40-49歲,男,A2,0,1,0,1,尿液,甲基安非他命,二級,2.0,0,31~60,§35 I 肇事致人受傷：吊扣2-4年,吊扣,4,否,期滿發還
S01257,1,週三,7,苗栗縣,小客車,40-49歲,男,A2,0,1,0,0,尿液,甲基安非他命,二級,2.0,0,0~30,§35 I 肇事致人受傷：吊扣2-4年,吊扣,2,否,期滿發還
S01258,10,週四,16,臺北市,小客車,50-59歲,男,A2,0,1,1,0,血液,愷他命,三級,1.0,2,0~30,§35 III 十年內再犯：吊銷,吊銷,3,否,重新考領
S01259,10,週一,10,臺北市,機車,30-39歲,男,A2,0,1,1,2,尿液,安非他命,二級,2.0,1,31~60,§35 III 十年內再犯：吊銷,吊銷,3,否,重新考領
S01260,2,週日,7,花蓮縣,小客車,20-29歲,男,A2,0,1,1,0,尿液,安非他命,二級,2.0,1,61~120,§35 III 十年內再犯：吊銷,吊銷,3,否,重新考領
S01261,12,週五,8,臺南市,小客車,50-59歲,男,A2,0,2,0,3,尿液,愷他命,三級,1.0,0,31~60,§35 I 肇事致人受傷：吊扣2-4年,吊扣,2,否,期滿發還
S01262,11,週五,13,臺南市,機車,60歲以上,男,A2,0,2,1,1,血液,嗎啡,一級,3.0,1,0~30,§35 III 十年內再犯：吊銷,吊銷,3,否,重新考領
S01263,5,週二,12,新北市,機車,50-59歲,女,A2,0,1,1,1,尿液,愷他命,三級,1.0,1,0~30,§35 III 十年內再犯：吊銷,吊銷,3,否,重新考領
S01264,7,週四,7,新北市,小客車,30-39歲,男,A2,0,1,1,1,尿液,甲基安非他命,二級,2.0,1,121~500,§35 III 十年內再犯：吊銷,吊銷,3,否,重新考領
S01265,12,週四,18,新竹市,小客車,50-59歲,男,A2,0,1,1,0,尿液,甲基安非他命,二級,2.0,1,0~30,§35 III 十年內再犯：吊銷,吊銷,3,否,重新考領
S01266,7,週一,18,高雄市,機車,60歲以上,男,A2,0,1,0,0,尿液,安非他命,二級,2.0,0,61~120,§35 I 肇事致人受傷：吊扣2-4年,吊扣,2,否,期滿發還
S01267,3,週六,22,臺中市,小客車,30-39歲,男,A2,0,1,0,3,尿液,愷他命,三級,1.0,0,31~60,§35 I 肇事致人受傷：吊扣2-4年,吊扣,2,否,期滿發還
S01268,7,週三,20,高雄市,機車,30-39歲,男,A2,0,1,1,3,尿液,安非他命,二級,2.0,1,31~60,§35 III 十年內再犯：吊銷,吊銷,3,否,重新考領
S01269,10,週日,11,花蓮縣,小客車,40-49歲,女,A2,0,1,0,3,尿液,愷他命,三級,1.0,0,61~120,§35 I 肇事致人受傷：吊扣2-4年,吊扣,2,否,期滿發還
S01270,7,週一,17,嘉義市,機車,40-49歲,男,A2,0,1,1,1,尿液,甲基安非他命,二級,2.0,1,31~60,§35 III 十年內再犯：吊銷,吊銷,3,否,重新考領
S01271,1,週二,8,新北市,小客車,20-29歲,男,A2,0,1,1,0,尿液,甲基安非他命,二級,2.0,2,31~60,§35 III 十年內再犯：吊銷,吊銷,3,否,重新考領
S01272,1,週四,7,嘉義縣,小客車,40-49歲,男,A2,0,2,1,2,尿液,甲基安非他命,二級,2.0,2,31~60,§35 III 十年內再犯：吊銷,吊銷,3,否,重新考領
S01273,11,週五,15,桃園市,小客車,40-49歲,男,A2,0,1,1,3,尿液,甲基安非他命,二級,2.0,1,0~30,§35 III 十年內再犯：吊銷,吊銷,3,否,重新考領
S01274,10,週四,4,新北市,小客車,30-39歲,女,A2,0,1,1,1,尿液,安非他命,二級,2.0,4,31~60,§35 III 十年內再犯：吊銷,吊銷,3,否,重新考領
S01275,11,週六,7,臺北市,機車,50-59歲,男,A2,0,2,0,1,尿液,愷他命,三級,1.0,0,31~60,§35 I 肇事致人受傷：吊扣2-4年,吊扣,2,否,期滿發還
S01276,3,週日,9,彰化縣,機車,30-39歲,男,A2,0,3,1,3,尿液,安非他命,二級,2.0,2,31~60,§35 III 十年內再犯：吊銷,吊銷,3,否,重新考領
S01277,5,週日,10,臺中市,小客車,30-39歲,男,A2,0,2,0,0,尿液,安非他命,二級,2.0,0,0~30,§35 I 肇事致人受傷：吊扣2-4年,吊扣,2,否,期滿發還
S01278,7,週四,15,南投縣,小客車,40-49歲,男,A2,0,2,1,0,尿液,安非他命,二級,2.0,2,0~30,§35 III 十年內再犯：吊銷,吊銷,3,否,重新考領
S01279,4,週二,23,南投縣,小客車,40-49歲,男,A2,0,1,1,1,尿液,嗎啡,一級,3.0,3,31~60,§35 III 十年內再犯：吊銷,吊銷,3,否,重新考領
S01280,4,週二,22,臺中市,大客車,40-49歲,男,A2,0,1,0,0,尿液,安非他命,二級,2.0,0,31~60,§35 I 肇事致人受傷：吊扣2-4年,吊扣,3,否,期滿發還
S01281,8,週一,20,南投縣,貨車,40-49歲,男,A2,0,1,0,0,尿液,甲基安非他命,二級,2.0,0,0~30,§35 I 肇事致人受傷：吊扣2-4年,吊扣,2,否,期滿發還
S01282,1,週二,8,新北市,機車,50-59歲,男,A2,0,1,0,1,尿液,嗎啡,一級,3.0,0,31~60,§35 I 肇事致人受傷：吊扣2-4年,吊扣,3,否,期滿發還
S01283,7,週五,20,苗栗縣,小客車,50-59歲,男,A2,0,1,0,2,尿液,安非他命,二級,2.0,0,31~60,§35 I 肇事致人受傷：吊扣2-4年,吊扣,2,否,期滿發還
S01284,5,週四,7,新竹縣,小客車,50-59歲,男,A2,0,1,0,2,尿液,嗎啡,一級,3.0,0,31~60,§35 I 肇事致人受傷：吊扣2-4年,吊扣,4,否,期滿發還
S01285,9,週二,18,新北市,小客車,40-49歲,男,A2,0,1,0,3,尿液,甲基安非他命,二級,2.0,0,0~30,§35 I 肇事致人受傷：吊扣2-4年,吊扣,4,否,期滿發還
S01286,11,週日,17,新北市,小客車,30-39歲,男,A2,0,1,1,1,尿液,安非他命,二級,2.0,1,121~500,§35 III 十年內再犯：吊銷,吊銷,3,否,重新考領
S01287,10,週四,19,桃園市,機車,20-29歲,男,A2,0,2,1,1,尿液,嗎啡,一級,3.0,1,0~30,§35 III 十年內再犯：吊銷,吊銷,3,否,重新考領
S01288,4,週日,18,臺北市,機車,19歲以下,男,A2,0,2,1,0,血液,甲基安非他命,二級,2.0,1,0~30,§35 III 十年內再犯：吊銷,吊銷,3,否,重新考領
S01289,10,週一,19,臺中市,機車,20-29歲,男,A2,0,2,0,2,尿液,嗎啡,一級,3.0,0,31~60,§35 I 肇事致人受傷：吊扣2-4年,吊扣,4,否,期滿發還
S01290,3,週三,8,臺南市,機車,40-49歲,男,A2,0,2,1,0,尿液,愷他命,三級,1.0,2,31~60,§35 III 十年內再犯：吊銷,吊銷,3,否,重新考領
S01291,6,週六,11,臺北市,小客車,50-59歲,男,A2,0,2,1,2,尿液,安非他命,二級,2.0,1,31~60,§35 III 十年內再犯：吊銷,吊銷,3,否,重新考領
S01292,3,週六,18,新北市,小客車,50-59歲,男,A2,0,1,0,2,尿液,甲基安非他命,二級,2.0,0,0~30,§35 I 肇事致人受傷：吊扣2-4年,吊扣,4,否,期滿發還
S01293,5,週五,19,彰化縣,機車,40-49歲,男,A2,0,2,1,3,尿液,安非他命,二級,2.0,1,0~30,§35 III 十年內再犯：吊銷,吊銷,3,否,重新考領
S01294,3,週五,20,高雄市,機車,50-59歲,男,A2,0,1,0,1,尿液,甲基安非他命,二級,2.0,0,121~500,§35 I 肇事致人受傷：吊扣2-4年,吊扣,3,否,期滿發還
S01295,8,週一,0,澎湖縣,機車,30-39歲,女,A2,0,1,1,0,尿液,安非他命,二級,2.0,1,0~30,§35 III 十年內再犯：吊銷,吊銷,3,否,重新考領
S01296,6,週一,8,高雄市,小客車,40-49歲,女,A2,0,1,0,1,尿液,安非他命,二級,2.0,0,31~60,§35 I 肇事致人受傷：吊扣2-4年,吊扣,2,否,期滿發還
S01297,1,週三,20,新北市,機車,60歲以上,女,A2,0,1,0,1,尿液,嗎啡,一級,3.0,0,31~60,§35 I 肇事致人受傷：吊扣2-4年,吊扣,4,否,期滿發還
S01298,10,週一,8,桃園市,小客車,50-59歲,男,A2,0,1,1,2,血液,嗎啡,一級,3.0,1,0~30,§35 III 十年內再犯：吊銷,吊銷,3,否,重新考領
S01299,2,週三,17,新北市,機車,20-29歲,男,A2,0,1,1,1,尿液,安非他命,二級,2.0,2,31~60,§35 III 十年內再犯：吊銷,吊銷,3,否,重新考領
S01300,11,週四,6,高雄市,機車,40-49歲,女,A2,0,1,0,3,尿液,愷他命,三級,1.0,0,31~60,§35 I 肇事致人受傷：吊扣2-4年,吊扣,3,否,期滿發還
S01301,6,週六,20,臺北市,機車,40-49歲,男,A2,0,1,0,3,尿液,甲基安非他命,二級,2.0,0,121~500,§35 I 肇事致人受傷：吊扣2-4年,吊扣,2,否,期滿發還
S01302,7,週一,13,高雄市,機車,50-59歲,男,A2,0,3,1,3,血液,嗎啡,一級,3.0,1,61~120,§35 III 十年內再犯：吊銷,吊銷,3,否,重新考領
S01303,2,週五,22,桃園市,小客車,50-59歲,男,A2,0,1,1,1,尿液,甲基安非他命,二級,2.0,1,121~500,§35 III 十年內再犯：吊銷,吊銷,3,否,重新考領
S01304,4,週二,5,雲林縣,機車,40-49歲,男,A2,0,2,1,0,尿液,甲基安非他命,二級,2.0,4,0~30,§35 III 十年內再犯：吊銷,吊銷,3,否,重新考領
S01305,7,週二,20,桃園市,小客車,40-49歲,男,A2,0,1,1,2,尿液,安非他命,二級,2.0,1,31~60,§35 III 十年內再犯：吊銷,吊銷,3,否,重新考領
S01306,9,週五,7,臺南市,機車,60歲以上,女,A2,0,1,0,0,尿液,甲基安非他命,二級,2.0,0,61~120,§35 I 肇事致人受傷：吊扣2-4年,吊扣,4,否,期滿發還
S01307,11,週六,18,嘉義市,小客車,40-49歲,男,A2,0,1,1,2,尿液,甲基安非他命,二級,2.0,2,121~500,§35 III 十年內再犯：吊銷,吊銷,3,否,重新考領
S01308,5,週一,13,臺中市,機車,40-49歲,男,A2,0,1,0,1,尿液,甲基安非他命,二級,2.0,0,0~30,§35 I 肇事致人受傷：吊扣2-4年,吊扣,2,否,期滿發還
S01309,1,週一,8,新北市,機車,40-49歲,男,A2,0,2,0,3,尿液,甲基安非他命,二級,2.0,0,61~120,§35 I 肇事致人受傷：吊扣2-4年,吊扣,2,否,期滿發還
S01310,10,週四,11,雲林縣,小客車,50-59歲,女,A2,0,1,1,2,尿液,甲基安非他命,二級,2.0,4,31~60,§35 III 十年內再犯：吊銷,吊銷,3,否,重新考領
S01311,7,週六,12,嘉義市,機車,60歲以上,男,A2,0,1,1,0,尿液,愷他命,三級,1.0,3,121~500,§35 III 十年內再犯：吊銷,吊銷,3,否,重新考領
S01312,10,週四,19,屏東縣,小客車,50-59歲,男,A2,0,1,0,1,尿液,安非他命,二級,2.0,0,0~30,§35 I 肇事致人受傷：吊扣2-4年,吊扣,2,否,期滿發還
S01313,12,週五,20,新北市,機車,30-39歲,男,A2,0,1,0,2,尿液,安非他命,二級,2.0,0,0~30,§35 I 肇事致人受傷：吊扣2-4年,吊扣,2,否,期滿發還
S01314,7,週一,20,新竹市,小客車,50-59歲,男,A2,0,2,1,2,尿液,愷他命,三級,1.0,2,0~30,§35 III 十年內再犯：吊銷,吊銷,3,否,重新考領
S01315,7,週三,0,新北市,機車,40-49歲,男,A2,0,2,0,3,尿液,安非他命,二級,2.0,0,0~30,§35 I 肇事致人受傷：吊扣2-4年,吊扣,3,否,期滿發還
S01316,10,週一,21,彰化縣,機車,20-29歲,男,A2,0,1,0,1,血液,甲基安非他命,二級,2.0,0,121~500,§35 I 肇事致人受傷：吊扣2-4年,吊扣,4,否,期滿發還
S01317,4,週一,1,新竹縣,貨車,40-49歲,男,A2,0,1,0,1,尿液,安非他命,二級,2.0,0,31~60,§35 I 肇事致人受傷：吊扣2-4年,吊扣,3,否,期滿發還
S01318,5,週三,10,臺東縣,機車,40-49歲,男,A2,0,1,0,2,尿液,嗎啡,一級,3.0,0,0~30,§35 I 肇事致人受傷：吊扣2-4年,吊扣,2,否,期滿發還
S01319,7,週四,10,臺北市,貨車,40-49歲,男,A2,0,1,0,2,尿液,安非他命,二級,2.0,0,31~60,§35 I 肇事致人受傷：吊扣2-4年,吊扣,2,否,期滿發還
S01320,9,週日,10,臺中市,機車,50-59歲,男,A2,0,1,1,2,血液,安非他命,二級,2.0,1,121~500,§35 III 十年內再犯：吊銷,吊銷,3,否,重新考領
S01321,4,週三,9,臺南市,機車,40-49歲,女,A2,0,1,1,1,尿液,嗎啡,一級,3.0,1,0~30,§35 III 十年內再犯：吊銷,吊銷,3,否,重新考領
S01322,10,週六,22,桃園市,小客車,40-49歲,男,A2,0,1,1,0,尿液,甲基安非他命,二級,2.0,1,0~30,§35 III 十年內再犯：吊銷,吊銷,3,否,重新考領
S01323,3,週日,13,臺北市,大客車,40-49歲,男,A2,0,1,1,2,尿液,安非他命,二級,2.0,4,31~60,§35 III 十年內再犯：吊銷,吊銷,3,否,重新考領
S01324,5,週一,10,臺中市,小客車,40-49歲,男,A2,0,1,0,1,尿液,甲基安非他命,二級,2.0,0,61~120,§35 I 肇事致人受傷：吊扣2-4年,吊扣,3,否,期滿發還
S01325,11,週五,19,桃園市,小客車,30-39歲,男,A2,0,1,0,3,尿液,嗎啡,一級,3.0,0,0~30,§35 I 肇事致人受傷：吊扣2-4年,吊扣,4,否,期滿發還
S01326,10,週五,6,新竹縣,機車,50-59歲,女,A2,0,1,0,3,尿液,愷他命,三級,1.0,0,0~30,§35 I 肇事致人受傷：吊扣2-4年,吊扣,2,否,期滿發還
S01327,10,週三,8,桃園市,機車,30-39歲,男,A2,0,4,0,3,尿液,甲基安非他命,二級,2.0,0,0~30,§35 I 肇事致人受傷：吊扣2-4年,吊扣,2,否,期滿發還
S01328,10,週日,7,新北市,機車,40-49歲,男,A2,0,2,0,0,尿液,甲基安非他命,二級,2.0,0,121~500,§35 I 肇事致人受傷：吊扣2-4年,吊扣,2,否,期滿發還
S01329,6,週五,19,臺南市,機車,20-29歲,男,A2,0,1,1,1,尿液,嗎啡,一級,3.0,2,121~500,§35 III 十年內再犯：吊銷,吊銷,3,否,重新考領
S01330,10,週五,17,臺南市,機車,60歲以上,男,A2,0,1,0,2,尿液,甲基安非他命,二級,2.0,0,31~60,§35 I 肇事致人受傷：吊扣2-4年,吊扣,4,否,期滿發還
S01331,2,週日,18,雲林縣,機車,60歲以上,男,A2,0,3,1,1,尿液,嗎啡,一級,3.0,1,121~500,§35 III 十年內再犯：吊銷,吊銷,3,否,重新考領
S01332,7,週日,16,基隆市,小客車,50-59歲,女,A2,0,1,0,2,血液,愷他命,三級,1.0,0,0~30,§35 I 肇事致人受傷：吊扣2-4年,吊扣,4,否,期滿發還
S01333,5,週五,17,臺中市,小客車,30-39歲,男,A2,0,1,0,2,尿液,安非他命,二級,2.0,0,121~500,§35 I 肇事致人受傷：吊扣2-4年,吊扣,2,否,期滿發還
S01334,8,週三,7,新北市,機車,50-59歲,男,A2,0,1,1,1,尿液,嗎啡,一級,3.0,1,31~60,§35 III 十年內再犯：吊銷,吊銷,3,否,重新考領
S01335,7,週六,13,基隆市,小客車,40-49歲,男,A2,0,1,0,3,尿液,甲基安非他命,二級,2.0,0,0~30,§35 I 肇事致人受傷：吊扣2-4年,吊扣,2,否,期滿發還
S01336,3,週一,0,嘉義市,小客車,40-49歲,女,A2,0,1,0,2,尿液,甲基安非他命,二級,2.0,0,31~60,§35 I 肇事致人受傷：吊扣2-4年,吊扣,2,否,期滿發還
S01337,6,週日,15,臺北市,機車,19歲以下,男,A2,0,1,1,2,尿液,甲基安非他命,二級,2.0,2,31~60,§35 III 十年內再犯：吊銷,吊銷,3,否,重新考領
S01338,1,週三,17,基隆市,小客車,50-59歲,女,A2,0,1,0,0,尿液,愷他命,三級,1.0,0,0~30,§35 I 肇事致人受傷：吊扣2-4年,吊扣,2,否,期滿發還
S01339,8,週四,14,嘉義市,貨車,20-29歲,男,A2,0,1,1,1,尿液,安非他命,二級,2.0,1,31~60,§35 III 十年內再犯：吊銷,吊銷,3,否,重新考領
S01340,7,週三,10,屏東縣,機車,50-59歲,男,A2,0,4,0,0,尿液,甲基安非他命,二級,2.0,0,31~60,§35 I 肇事致人受傷：吊扣2-4年,吊扣,2,否,期滿發還
S01341,3,週六,12,新北市,機車,30-39歲,男,A2,0,1,1,3,尿液,甲基安非他命,二級,2.0,1,31~60,§35 III 十年內再犯：吊銷,吊銷,3,否,重新考領
S01342,5,週一,7,高雄市,小客車,40-49歲,男,A2,0,1,0,0,尿液,甲基安非他命,二級,2.0,0,121~500,§35 I 肇事致人受傷：吊扣2-4年,吊扣,3,否,期滿發還
S01343,5,週二,7,臺中市,機車,40-49歲,男,A2,0,2,0,0,尿液,安非他命,二級,2.0,0,0~30,§35 I 肇事致人受傷：吊扣2-4年,吊扣,3,否,期滿發還
S01344,10,週日,2,彰化縣,機車,30-39歲,女,A2,0,2,1,2,尿液,愷他命,三級,1.0,1,31~60,§35 III 十年內再犯：吊銷,吊銷,3,否,重新考領
S01345,5,週三,14,臺南市,小客車,30-39歲,男,A2,0,1,1,2,尿液,甲基安非他命,二級,2.0,3,31~60,§35 III 十年內再犯：吊銷,吊銷,3,否,重新考領
S01346,1,週五,16,臺中市,小客車,40-49歲,男,A2,0,1,0,0,尿液,甲基安非他命,二級,2.0,0,121~500,§35 I 肇事致人受傷：吊扣2-4年,吊扣,2,否,期滿發還
S01347,1,週一,1,高雄市,小客車,30-39歲,男,A2,0,1,1,1,尿液,甲基安非他命,二級,2.0,3,31~60,§35 III 十年內再犯：吊銷,吊銷,3,否,重新考領
S01348,4,週六,19,桃園市,小客車,50-59歲,男,A2,0,2,1,1,尿液,愷他命,三級,1.0,1,31~60,§35 III 十年內再犯：吊銷,吊銷,3,否,重新考領
S01349,5,週一,20,臺南市,小客車,30-39歲,男,A2,0,2,0,2,尿液,甲基安非他命,二級,2.0,0,31~60,§35 I 肇事致人受傷：吊扣2-4年,吊扣,2,否,期滿發還
S01350,9,週日,11,臺東縣,貨車,40-49歲,男,A2,0,1,1,0,尿液,嗎啡,一級,3.0,1,0~30,§35 III 十年內再犯：吊銷,吊銷,3,否,重新考領
S01351,8,週六,16,新北市,機車,20-29歲,男,A2,0,1,0,0,尿液,嗎啡,一級,3.0,0,0~30,§35 I 肇事致人受傷：吊扣2-4年,吊扣,4,否,期滿發還
S01352,11,週二,8,新竹縣,貨車,50-59歲,女,A2,0,1,1,3,尿液,安非他命,二級,2.0,1,31~60,§35 III 十年內再犯：吊銷,吊銷,3,否,重新考領
S01353,8,週四,8,臺中市,小客車,30-39歲,男,A2,0,1,0,2,尿液,安非他命,二級,2.0,0,0~30,§35 I 肇事致人受傷：吊扣2-4年,吊扣,3,否,期滿發還
S01354,8,週日,22,基隆市,機車,30-39歲,男,A2,0,1,1,0,血液,嗎啡,一級,3.0,1,0~30,§35 III 十年內再犯：吊銷,吊銷,3,否,重新考領
S01355,10,週日,21,新竹市,機車,19歲以下,男,A2,0,1,1,3,尿液,甲基安非他命,二級,2.0,2,31~60,§35 III 十年內再犯：吊銷,吊銷,3,否,重新考領
S01356,10,週一,18,臺中市,小客車,50-59歲,女,A2,0,1,1,2,尿液,甲基安非他命,二級,2.0,1,31~60,§35 III 十年內再犯：吊銷,吊銷,3,否,重新考領
S01357,8,週五,23,高雄市,小客車,50-59歲,男,A2,0,4,1,1,尿液,愷他命,三級,1.0,1,0~30,§35 III 十年內再犯：吊銷,吊銷,3,否,重新考領
S01358,10,週四,12,臺南市,小客車,50-59歲,男,A2,0,1,1,0,尿液,安非他命,二級,2.0,1,31~60,§35 III 十年內再犯：吊銷,吊銷,3,否,重新考領
S01359,3,週五,19,新北市,小客車,30-39歲,男,A2,0,2,1,2,尿液,愷他命,三級,1.0,1,0~30,§35 III 十年內再犯：吊銷,吊銷,3,否,重新考領
S01360,8,週日,17,臺北市,機車,20-29歲,男,A2,0,1,0,2,尿液,安非他命,二級,2.0,0,121~500,§35 I 肇事致人受傷：吊扣2-4年,吊扣,4,否,期滿發還
S01361,4,週二,19,宜蘭縣,機車,40-49歲,女,A2,0,1,1,3,尿液,甲基安非他命,二級,2.0,1,121~500,§35 III 十年內再犯：吊銷,吊銷,3,否,重新考領
S01362,10,週二,20,臺北市,小客車,20-29歲,男,A2,0,1,0,2,尿液,安非他命,二級,2.0,0,31~60,§35 I 肇事致人受傷：吊扣2-4年,吊扣,4,否,期滿發還
S01363,2,週四,15,臺中市,機車,50-59歲,男,A2,0,1,1,3,尿液,愷他命,三級,1.0,2,0~30,§35 III 十年內再犯：吊銷,吊銷,3,否,重新考領
S01364,1,週一,14,臺南市,機車,50-59歲,女,A2,0,1,1,3,尿液,甲基安非他命,二級,2.0,2,0~30,§35 III 十年內再犯：吊銷,吊銷,3,否,重新考領
S01365,7,週五,16,臺北市,機車,50-59歲,男,A2,0,1,0,2,尿液,甲基安非他命,二級,2.0,0,0~30,§35 I 肇事致人受傷：吊扣2-4年,吊扣,3,否,期滿發還
S01366,11,週一,7,臺南市,機車,20-29歲,男,A2,0,1,0,0,血液,安非他命,二級,2.0,0,31~60,§35 I 肇事致人受傷：吊扣2-4年,吊扣,3,否,期滿發還
S01367,1,週一,20,雲林縣,貨車,40-49歲,男,A2,0,1,1,2,尿液,安非他命,二級,2.0,2,0~30,§35 III 十年內再犯：吊銷,吊銷,3,否,重新考領
S01368,4,週二,7,屏東縣,小客車,40-49歲,男,A2,0,1,0,2,尿液,安非他命,二級,2.0,0,0~30,§35 I 肇事致人受傷：吊扣2-4年,吊扣,3,否,期滿發還
S01369,12,週三,13,宜蘭縣,機車,20-29歲,男,A2,0,1,1,1,尿液,嗎啡,一級,3.0,1,31~60,§35 III 十年內再犯：吊銷,吊銷,3,否,重新考領
S01370,4,週一,7,宜蘭縣,貨車,40-49歲,女,A2,0,1,0,2,尿液,安非他命,二級,2.0,0,0~30,§35 I 肇事致人受傷：吊扣2-4年,吊扣,2,否,期滿發還
S01371,8,週日,8,新北市,機車,40-49歲,男,A2,0,1,1,0,尿液,安非他命,二級,2.0,1,0~30,§35 III 十年內再犯：吊銷,吊銷,3,否,重新考領
S01372,10,週五,17,屏東縣,小客車,40-49歲,女,A2,0,1,1,3,尿液,安非他命,二級,2.0,2,0~30,§35 III 十年內再犯：吊銷,吊銷,3,否,重新考領
S01373,6,週四,7,臺北市,機車,50-59歲,男,A2,0,3,1,2,尿液,甲基安非他命,二級,2.0,2,0~30,§35 III 十年內再犯：吊銷,吊銷,3,否,重新考領
S01374,5,週四,2,嘉義市,機車,40-49歲,男,A2,0,1,1,2,尿液,愷他命,三級,1.0,1,31~60,§35 III 十年內再犯：吊銷,吊銷,3,否,重新考領
S01375,2,週三,9,臺南市,機車,40-49歲,男,A2,0,1,0,3,尿液,甲基安非他命,二級,2.0,0,121~500,§35 I 肇事致人受傷：吊扣2-4年,吊扣,3,否,期滿發還
S01376,1,週一,15,新北市,機車,30-39歲,男,A2,0,1,1,3,尿液,嗎啡,一級,3.0,1,31~60,§35 III 十年內再犯：吊銷,吊銷,3,否,重新考領
S01377,4,週五,20,臺中市,小客車,50-59歲,男,A2,0,1,1,0,尿液,安非他命,二級,2.0,1,31~60,§35 III 十年內再犯：吊銷,吊銷,3,否,重新考領
S01378,10,週四,11,基隆市,機車,30-39歲,男,A2,0,1,1,1,尿液,甲基安非他命,二級,2.0,1,121~500,§35 III 十年內再犯：吊銷,吊銷,3,否,重新考領
S01379,6,週一,19,臺北市,機車,50-59歲,男,A2,0,1,0,0,血液,甲基安非他命,二級,2.0,0,31~60,§35 I 肇事致人受傷：吊扣2-4年,吊扣,3,否,期滿發還
S01380,11,週五,19,桃園市,小客車,40-49歲,男,A2,0,1,0,3,尿液,嗎啡,一級,3.0,0,121~500,§35 I 肇事致人受傷：吊扣2-4年,吊扣,2,否,期滿發還
S01381,10,週四,23,桃園市,小客車,40-49歲,男,A2,0,2,0,1,尿液,嗎啡,一級,3.0,0,31~60,§35 I 肇事致人受傷：吊扣2-4年,吊扣,2,否,期滿發還
S01382,4,週四,23,臺中市,機車,50-59歲,男,A2,0,1,0,0,尿液,愷他命,三級,1.0,0,31~60,§35 I 肇事致人受傷：吊扣2-4年,吊扣,2,否,期滿發還
S01383,12,週六,14,臺南市,機車,40-49歲,男,A2,0,1,1,1,尿液,安非他命,二級,2.0,1,0~30,§35 III 十年內再犯：吊銷,吊銷,3,否,重新考領
S01384,10,週一,13,雲林縣,小客車,30-39歲,女,A2,0,1,1,0,尿液,安非他命,二級,2.0,1,121~500,§35 III 十年內再犯：吊銷,吊銷,3,否,重新考領
S01385,11,週二,16,臺南市,小客車,40-49歲,男,A2,0,2,1,2,尿液,嗎啡,一級,3.0,4,31~60,§35 III 十年內再犯：吊銷,吊銷,3,否,重新考領
S01386,10,週一,19,臺北市,機車,40-49歲,男,A2,0,1,1,3,尿液,愷他命,三級,1.0,1,0~30,§35 III 十年內再犯：吊銷,吊銷,3,否,重新考領
S01387,5,週一,13,新竹市,機車,50-59歲,男,A2,0,1,0,0,尿液,甲基安非他命,二級,2.0,0,0~30,§35 I 肇事致人受傷：吊扣2-4年,吊扣,2,否,期滿發還
S01388,9,週四,8,新北市,貨車,20-29歲,男,A2,0,1,0,2,尿液,安非他命,二級,2.0,0,31~60,§35 I 肇事致人受傷：吊扣2-4年,吊扣,4,否,期滿發還
S01389,3,週六,11,新北市,機車,60歲以上,男,A2,0,2,1,1,尿液,甲基安非他命,二級,2.0,2,61~120,§35 III 十年內再犯：吊銷,吊銷,3,否,重新考領
S01390,2,週四,17,新北市,小客車,30-39歲,男,A2,0,1,0,2,尿液,愷他命,三級,1.0,0,0~30,§35 I 肇事致人受傷：吊扣2-4年,吊扣,2,否,期滿發還
S01391,11,週二,20,新北市,小客車,40-49歲,男,A2,0,1,0,2,尿液,甲基安非他命,二級,2.0,0,31~60,§35 I 肇事致人受傷：吊扣2-4年,吊扣,3,否,期滿發還
S01392,7,週六,19,桃園市,機車,40-49歲,男,A2,0,1,1,1,尿液,甲基安非他命,二級,2.0,1,31~60,§35 III 十年內再犯：吊銷,吊銷,3,否,重新考領
S01393,4,週四,5,南投縣,機車,50-59歲,男,A2,0,1,0,3,尿液,愷他命,三級,1.0,0,0~30,§35 I 肇事致人受傷：吊扣2-4年,吊扣,2,否,期滿發還
S01394,4,週一,6,桃園市,機車,40-49歲,男,A2,0,4,0,0,尿液,安非他命,二級,2.0,0,31~60,§35 I 肇事致人受傷：吊扣2-4年,吊扣,3,否,期滿發還
S01395,2,週日,8,新北市,機車,30-39歲,女,A2,0,1,1,1,尿液,安非他命,二級,2.0,1,0~30,§35 III 十年內再犯：吊銷,吊銷,3,否,重新考領
S01396,1,週三,10,高雄市,小客車,40-49歲,男,A2,0,2,1,0,尿液,甲基安非他命,二級,2.0,2,31~60,§35 III 十年內再犯：吊銷,吊銷,3,否,重新考領
S01397,10,週六,17,高雄市,小客車,19歲以下,男,A2,0,1,1,3,尿液,安非他命,二級,2.0,3,31~60,§35 III 十年內再犯：吊銷,吊銷,3,否,重新考領
S01398,8,週六,4,彰化縣,機車,40-49歲,女,A2,0,1,0,1,尿液,甲基安非他命,二級,2.0,0,0~30,§35 I 肇事致人受傷：吊扣2-4年,吊扣,2,否,期滿發還
S01399,7,週一,3,彰化縣,機車,30-39歲,男,A2,0,3,0,3,尿液,安非他命,二級,2.0,0,0~30,§35 I 肇事致人受傷：吊扣2-4年,吊扣,4,否,期滿發還
S01400,4,週三,19,新北市,小客車,40-49歲,女,A2,0,1,0,3,尿液,甲基安非他命,二級,2.0,0,61~120,§35 I 肇事致人受傷：吊扣2-4年,吊扣,2,否,期滿發還
S01401,2,週一,17,臺北市,小客車,20-29歲,男,A2,0,1,0,2,尿液,愷他命,三級,1.0,0,31~60,§35 I 肇事致人受傷：吊扣2-4年,吊扣,4,否,期滿發還
S01402,7,週日,21,桃園市,小客車,20-29歲,女,A2,0,1,1,2,尿液,愷他命,三級,1.0,1,31~60,§35 III 十年內再犯：吊銷,吊銷,3,否,重新考領
S01403,2,週一,18,新竹縣,小客車,50-59歲,男,A2,0,1,0,2,尿液,愷他命,三級,1.0,0,0~30,§35 I 肇事致人受傷：吊扣2-4年,吊扣,4,否,期滿發還
S01404,9,週五,17,高雄市,機車,40-49歲,男,A2,0,1,0,3,尿液,嗎啡,一級,3.0,0,61~120,§35 I 肇事致人受傷：吊扣2-4年,吊扣,2,否,期滿發還
S01405,12,週五,8,高雄市,機車,20-29歲,男,A2,0,3,1,1,尿液,甲基安非他命,二級,2.0,1,61~120,§35 III 十年內再犯：吊銷,吊銷,3,否,重新考領
S01406,10,週日,15,屏東縣,小客車,40-49歲,男,A2,0,2,0,3,尿液,嗎啡,一級,3.0,0,31~60,§35 I 肇事致人受傷：吊扣2-4年,吊扣,2,否,期滿發還
S01407,12,週六,7,臺中市,機車,40-49歲,女,A2,0,1,1,2,尿液,愷他命,三級,1.0,2,31~60,§35 III 十年內再犯：吊銷,吊銷,3,否,重新考領
S01408,5,週四,15,桃園市,小客車,30-39歲,男,A2,0,1,1,1,尿液,甲基安非他命,二級,2.0,2,31~60,§35 III 十年內再犯：吊銷,吊銷,3,否,重新考領
S01409,7,週一,20,臺南市,機車,50-59歲,男,A2,0,1,1,2,血液,甲基安非他命,二級,2.0,1,31~60,§35 III 十年內再犯：吊銷,吊銷,3,否,重新考領
S01410,6,週五,7,高雄市,小客車,50-59歲,男,A2,0,2,1,1,血液,甲基安非他命,二級,2.0,2,31~60,§35 III 十年內再犯：吊銷,吊銷,3,否,重新考領
S01411,7,週四,18,高雄市,機車,30-39歲,女,A2,0,1,1,3,尿液,愷他命,三級,1.0,1,121~500,§35 III 十年內再犯：吊銷,吊銷,3,否,重新考領
S01412,10,週六,23,苗栗縣,小客車,30-39歲,女,A2,0,1,0,3,血液,愷他命,三級,1.0,0,31~60,§35 I 肇事致人受傷：吊扣2-4年,吊扣,3,否,期滿發還
S01413,11,週日,17,桃園市,小客車,30-39歲,女,A2,0,2,0,2,血液,嗎啡,一級,3.0,0,0~30,§35 I 肇事致人受傷：吊扣2-4年,吊扣,3,否,期滿發還
S01414,4,週三,13,屏東縣,機車,40-49歲,男,A2,0,2,1,2,尿液,安非他命,二級,2.0,4,0~30,§35 III 十年內再犯：吊銷,吊銷,3,否,重新考領
S01415,7,週六,11,高雄市,機車,19歲以下,男,A2,0,1,0,2,尿液,安非他命,二級,2.0,0,31~60,§35 I 肇事致人受傷：吊扣2-4年,吊扣,4,否,期滿發還
S01416,8,週六,4,嘉義縣,小客車,40-49歲,男,A2,0,1,1,2,尿液,安非他命,二級,2.0,4,31~60,§35 III 十年內再犯：吊銷,吊銷,3,否,重新考領
S01417,10,週二,7,新竹縣,小客車,60歲以上,男,A2,0,1,1,3,尿液,安非他命,二級,2.0,1,31~60,§35 III 十年內再犯：吊銷,吊銷,3,否,重新考領
S01418,6,週四,11,新北市,小客車,40-49歲,男,A2,0,1,1,1,尿液,安非他命,二級,2.0,3,61~120,§35 III 十年內再犯：吊銷,吊銷,3,否,重新考領
S01419,7,週五,16,新竹市,機車,30-39歲,男,A2,0,1,1,0,尿液,愷他命,三級,1.0,1,0~30,§35 III 十年內再犯：吊銷,吊銷,3,否,重新考領
S01420,6,週三,4,桃園市,機車,20-29歲,男,A2,0,1,0,2,血液,安非他命,二級,2.0,0,61~120,§35 I 肇事致人受傷：吊扣2-4年,吊扣,3,否,期滿發還
S01421,4,週四,18,新竹縣,機車,50-59歲,男,A2,0,1,1,0,血液,安非他命,二級,2.0,1,31~60,§35 III 十年內再犯：吊銷,吊銷,3,否,重新考領
S01422,7,週二,5,臺南市,機車,30-39歲,男,A2,0,1,1,3,尿液,安非他命,二級,2.0,2,31~60,§35 III 十年內再犯：吊銷,吊銷,3,否,重新考領
S01423,10,週一,17,高雄市,小客車,40-49歲,男,A2,0,2,1,3,尿液,安非他命,二級,2.0,4,0~30,§35 III 十年內再犯：吊銷,吊銷,3,否,重新考領
S01424,12,週四,18,高雄市,小客車,40-49歲,女,A2,0,1,1,0,尿液,嗎啡,一級,3.0,1,0~30,§35 III 十年內再犯：吊銷,吊銷,3,否,重新考領
S01425,10,週二,0,臺中市,小客車,20-29歲,男,A2,0,1,1,2,尿液,安非他命,二級,2.0,1,31~60,§35 III 十年內再犯：吊銷,吊銷,3,否,重新考領
S01426,3,週二,17,臺南市,機車,40-49歲,男,A2,0,2,0,2,尿液,甲基安非他命,二級,2.0,0,121~500,§35 I 肇事致人受傷：吊扣2-4年,吊扣,4,否,期滿發還
S01427,5,週一,22,臺南市,機車,50-59歲,男,A2,0,1,0,3,尿液,安非他命,二級,2.0,0,31~60,§35 I 肇事致人受傷：吊扣2-4年,吊扣,2,否,期滿發還
S01428,10,週二,16,桃園市,小客車,50-59歲,男,A2,0,1,0,0,尿液,安非他命,二級,2.0,0,31~60,§35 I 肇事致人受傷：吊扣2-4年,吊扣,3,否,期滿發還
S01429,7,週四,11,新北市,大客車,60歲以上,男,A2,0,2,0,2,血液,安非他命,二級,2.0,0,61~120,§35 I 肇事致人受傷：吊扣2-4年,吊扣,2,否,期滿發還
S01430,2,週五,17,臺南市,機車,40-49歲,男,A2,0,1,1,3,尿液,安非他命,二級,2.0,1,0~30,§35 III 十年內再犯：吊銷,吊銷,3,否,重新考領
S01431,12,週二,23,高雄市,小客車,20-29歲,男,A2,0,1,0,3,尿液,愷他命,三級,1.0,0,31~60,§35 I 肇事致人受傷：吊扣2-4年,吊扣,4,否,期滿發還
S01432,8,週五,17,嘉義縣,機車,50-59歲,男,A2,0,2,1,1,尿液,嗎啡,一級,3.0,1,31~60,§35 III 十年內再犯：吊銷,吊銷,3,否,重新考領
S01433,4,週四,13,臺中市,小客車,30-39歲,男,A2,0,1,1,0,血液,安非他命,二級,2.0,1,31~60,§35 III 十年內再犯：吊銷,吊銷,3,否,重新考領
S01434,1,週二,19,高雄市,小客車,40-49歲,男,A2,0,1,1,3,尿液,安非他命,二級,2.0,4,121~500,§35 III 十年內再犯：吊銷,吊銷,3,否,重新考領
S01435,7,週一,0,南投縣,機車,30-39歲,男,A2,0,2,0,2,尿液,嗎啡,一級,3.0,0,121~500,§35 I 肇事致人受傷：吊扣2-4年,吊扣,2,否,期滿發還
S01436,8,週五,5,臺北市,機車,40-49歲,女,A2,0,3,1,0,尿液,甲基安非他命,二級,2.0,2,31~60,§35 III 十年內再犯：吊銷,吊銷,3,否,重新考領
S01437,9,週六,10,新北市,機車,30-39歲,男,A2,0,1,0,3,尿液,安非他命,二級,2.0,0,0~30,§35 I 肇事致人受傷：吊扣2-4年,吊扣,2,否,期滿發還
S01438,11,週四,3,新北市,機車,19歲以下,女,A2,0,1,1,0,尿液,嗎啡,一級,3.0,1,31~60,§35 III 十年內再犯：吊銷,吊銷,3,否,重新考領
S01439,9,週一,19,臺南市,小客車,40-49歲,女,A2,0,3,1,0,尿液,愷他命,三級,1.0,1,0~30,§35 III 十年內再犯：吊銷,吊銷,3,否,重新考領
S01440,8,週三,5,桃園市,機車,40-49歲,男,A2,0,1,0,3,尿液,安非他命,二級,2.0,0,31~60,§35 I 肇事致人受傷：吊扣2-4年,吊扣,4,否,期滿發還
S01441,4,週一,4,臺南市,小客車,30-39歲,男,A2,0,1,1,1,尿液,甲基安非他命,二級,2.0,1,0~30,§35 III 十年內再犯：吊銷,吊銷,3,否,重新考領
S01442,10,週五,8,臺北市,機車,40-49歲,男,A2,0,1,0,1,尿液,安非他命,二級,2.0,0,31~60,§35 I 肇事致人受傷：吊扣2-4年,吊扣,2,否,期滿發還
S01443,5,週三,4,苗栗縣,機車,40-49歲,女,A2,0,2,1,3,血液,安非他命,二級,2.0,1,31~60,§35 III 十年內再犯：吊銷,吊銷,3,否,重新考領
S01444,4,週四,20,新竹縣,小客車,40-49歲,男,A2,0,2,1,1,尿液,安非他命,二級,2.0,1,121~500,§35 III 十年內再犯：吊銷,吊銷,3,否,重新考領
S01445,11,週一,17,雲林縣,機車,50-59歲,男,A2,0,1,1,0,尿液,甲基安非他命,二級,2.0,1,0~30,§35 III 十年內再犯：吊銷,吊銷,3,否,重新考領
S01446,10,週日,9,高雄市,大客車,60歲以上,男,A2,0,1,1,0,尿液,甲基安非他命,二級,2.0,1,121~500,§35 III 十年內再犯：吊銷,吊銷,3,否,重新考領
S01447,11,週三,15,臺南市,機車,30-39歲,男,A2,0,2,1,0,尿液,愷他命,三級,1.0,1,31~60,§35 III 十年內再犯：吊銷,吊銷,3,否,重新考領
S01448,11,週六,14,新竹市,小客車,40-49歲,男,A2,0,1,0,2,尿液,嗎啡,一級,3.0,0,31~60,§35 I 肇事致人受傷：吊扣2-4年,吊扣,3,否,期滿發還
S01449,5,週日,18,花蓮縣,機車,50-59歲,男,A2,0,1,1,3,尿液,甲基安非他命,二級,2.0,1,0~30,§35 III 十年內再犯：吊銷,吊銷,3,否,重新考領
S01450,7,週一,15,宜蘭縣,機車,40-49歲,男,A2,0,1,1,2,尿液,甲基安非他命,二級,2.0,3,31~60,§35 III 十年內再犯：吊銷,吊銷,3,否,重新考領
S01451,10,週日,20,新北市,貨車,30-39歲,男,A2,0,1,1,2,尿液,安非他命,二級,2.0,1,0~30,§35 III 十年內再犯：吊銷,吊銷,3,否,重新考領
S01452,11,週三,21,臺北市,小客車,50-59歲,男,A2,0,2,1,1,尿液,嗎啡,一級,3.0,1,0~30,§35 III 十年內再犯：吊銷,吊銷,3,否,重新考領
S01453,9,週六,18,苗栗縣,小客車,40-49歲,男,A2,0,1,1,0,尿液,甲基安非他命,二級,2.0,2,0~30,§35 III 十年內再犯：吊銷,吊銷,3,否,重新考領
S01454,9,週二,11,桃園市,機車,30-39歲,女,A2,0,2,1,1,尿液,愷他命,三級,1.0,1,31~60,§35 III 十年內再犯：吊銷,吊銷,3,否,重新考領
S01455,6,週日,8,新北市,機車,30-39歲,男,A2,0,1,1,0,尿液,安非他命,二級,2.0,1,31~60,§35 III 十年內再犯：吊銷,吊銷,3,否,重新考領
S01456,5,週日,19,新北市,機車,40-49歲,男,A2,0,1,1,0,尿液,甲基安非他命,二級,2.0,1,61~120,§35 III 十年內再犯：吊銷,吊銷,3,否,重新考領
S01457,12,週二,7,新北市,小客車,50-59歲,男,A2,0,1,0,1,尿液,甲基安非他命,二級,2.0,0,121~500,§35 I 肇事致人受傷：吊扣2-4年,吊扣,3,否,期滿發還
S01458,9,週五,14,屏東縣,機車,50-59歲,女,A2,0,1,1,3,尿液,甲基安非他命,二級,2.0,1,0~30,§35 III 十年內再犯：吊銷,吊銷,3,否,重新考領
S01459,2,週五,8,桃園市,機車,19歲以下,男,A2,0,1,1,3,尿液,愷他命,三級,1.0,1,0~30,§35 III 十年內再犯：吊銷,吊銷,3,否,重新考領
S01460,2,週日,2,宜蘭縣,小客車,50-59歲,女,A2,0,1,1,3,尿液,愷他命,三級,1.0,2,31~60,§35 III 十年內再犯：吊銷,吊銷,3,否,重新考領
S01461,11,週六,21,臺南市,大客車,50-59歲,女,A2,0,1,1,1,尿液,愷他命,三級,1.0,1,31~60,§35 III 十年內再犯：吊銷,吊銷,3,否,重新考領
S01462,5,週四,11,臺北市,機車,19歲以下,男,A2,0,3,0,0,尿液,甲基安非他命,二級,2.0,0,31~60,§35 I 肇事致人受傷：吊扣2-4年,吊扣,3,否,期滿發還
S01463,6,週六,19,新北市,小客車,50-59歲,男,A2,0,3,1,2,尿液,愷他命,三級,1.0,2,0~30,§35 III 十年內再犯：吊銷,吊銷,3,否,重新考領
S01464,3,週六,5,屏東縣,大客車,40-49歲,男,A2,0,1,0,3,尿液,愷他命,三級,1.0,0,0~30,§35 I 肇事致人受傷：吊扣2-4年,吊扣,2,否,期滿發還
S01465,2,週日,19,金門縣,機車,30-39歲,男,A2,0,3,1,1,尿液,安非他命,二級,2.0,1,0~30,§35 III 十年內再犯：吊銷,吊銷,3,否,重新考領
S01466,11,週日,14,苗栗縣,機車,30-39歲,男,A2,0,1,1,2,尿液,安非他命,二級,2.0,1,0~30,§35 III 十年內再犯：吊銷,吊銷,3,否,重新考領
S01467,7,週四,4,桃園市,機車,50-59歲,女,A2,0,1,1,1,血液,愷他命,三級,1.0,1,31~60,§35 III 十年內再犯：吊銷,吊銷,3,否,重新考領
S01468,10,週四,14,高雄市,機車,40-49歲,男,A2,0,1,1,0,尿液,安非他命,二級,2.0,1,0~30,§35 III 十年內再犯：吊銷,吊銷,3,否,重新考領
S01469,8,週二,10,臺北市,小客車,50-59歲,男,A2,0,1,0,3,尿液,安非他命,二級,2.0,0,31~60,§35 I 肇事致人受傷：吊扣2-4年,吊扣,2,否,期滿發還
S01470,2,週日,22,臺北市,貨車,40-49歲,男,A2,0,1,1,2,血液,安非他命,二級,2.0,1,31~60,§35 III 十年內再犯：吊銷,吊銷,3,否,重新考領
S01471,7,週日,18,臺中市,小客車,60歲以上,男,A2,0,1,0,2,尿液,安非他命,二級,2.0,0,0~30,§35 I 肇事致人受傷：吊扣2-4年,吊扣,2,否,期滿發還
S01472,3,週六,22,屏東縣,機車,50-59歲,男,A2,0,1,0,0,尿液,甲基安非他命,二級,2.0,0,0~30,§35 I 肇事致人受傷：吊扣2-4年,吊扣,3,否,期滿發還
S01473,5,週四,18,彰化縣,小客車,30-39歲,男,A2,0,1,0,3,尿液,甲基安非他命,二級,2.0,0,0~30,§35 I 肇事致人受傷：吊扣2-4年,吊扣,2,否,期滿發還
S01474,5,週二,21,臺北市,小客車,30-39歲,女,A2,0,1,0,0,尿液,甲基安非他命,二級,2.0,0,31~60,§35 I 肇事致人受傷：吊扣2-4年,吊扣,2,否,期滿發還
S01475,1,週日,7,南投縣,小客車,60歲以上,男,A2,0,2,0,2,尿液,安非他命,二級,2.0,0,31~60,§35 I 肇事致人受傷：吊扣2-4年,吊扣,3,否,期滿發還
S01476,5,週日,17,屏東縣,小客車,60歲以上,男,A2,0,1,1,0,尿液,安非他命,二級,2.0,1,61~120,§35 III 十年內再犯：吊銷,吊銷,3,否,重新考領
S01477,5,週日,19,彰化縣,機車,30-39歲,男,A2,0,1,1,1,尿液,嗎啡,一級,3.0,1,61~120,§35 III 十年內再犯：吊銷,吊銷,3,否,重新考領
S01478,3,週三,11,新竹縣,小客車,30-39歲,男,A2,0,1,0,2,尿液,安非他命,二級,2.0,0,31~60,§35 I 肇事致人受傷：吊扣2-4年,吊扣,3,否,期滿發還
S01479,5,週一,15,臺北市,小客車,40-49歲,男,A2,0,1,0,2,尿液,甲基安非他命,二級,2.0,0,31~60,§35 I 肇事致人受傷：吊扣2-4年,吊扣,2,否,期滿發還
S01480,2,週四,14,臺中市,小客車,40-49歲,女,A2,0,1,0,1,尿液,甲基安非他命,二級,2.0,0,61~120,§35 I 肇事致人受傷：吊扣2-4年,吊扣,2,否,期滿發還
S01481,7,週一,21,桃園市,小客車,50-59歲,男,A1,1,1,1,0,尿液,嗎啡,一級,3.0,1,31~60,§35 致人死亡：吊銷並終身不得考領,吊銷,,是,終身不得考領
S01482,10,週日,7,桃園市,小客車,50-59歲,男,A2,0,2,0,3,尿液,甲基安非他命,二級,2.0,0,0~30,§35 I 肇事致人受傷：吊扣2-4年,吊扣,2,否,期滿發還
S01483,5,週一,17,基隆市,機車,50-59歲,男,A2,0,1,1,2,尿液,甲基安非他命,二級,2.0,1,0~30,§35 III 十年內再犯：吊銷,吊銷,3,否,重新考領
S01484,4,週六,15,臺中市,小客車,20-29歲,男,A2,0,1,1,3,血液,安非他命,二級,2.0,1,0~30,§35 III 十年內再犯：吊銷,吊銷,3,否,重新考領
S01485,11,週六,15,新竹縣,小客車,40-49歲,男,A2,0,2,1,0,尿液,甲基安非他命,二級,2.0,1,61~120,§35 III 十年內再犯：吊銷,吊銷,3,否,重新考領
S01486,9,週一,19,新北市,小客車,30-39歲,男,A2,0,1,0,0,尿液,甲基安非他命,二級,2.0,0,0~30,§35 I 肇事致人受傷：吊扣2-4年,吊扣,2,否,期滿發還
S01487,7,週四,16,臺北市,小客車,40-49歲,男,A2,0,2,0,2,尿液,安非他命,二級,2.0,0,61~120,§35 I 肇事致人受傷：吊扣2-4年,吊扣,3,否,期滿發還
S01488,7,週一,11,嘉義縣,機車,40-49歲,男,A2,0,1,0,2,尿液,安非他命,二級,2.0,0,31~60,§35 I 肇事致人受傷：吊扣2-4年,吊扣,3,否,期滿發還
S01489,1,週四,17,花蓮縣,小客車,50-59歲,男,A2,0,1,1,2,尿液,嗎啡,一級,3.0,1,0~30,§35 III 十年內再犯：吊銷,吊銷,3,否,重新考領
S01490,10,週二,18,花蓮縣,小客車,50-59歲,女,A2,0,1,1,2,尿液,甲基安非他命,二級,2.0,2,121~500,§35 III 十年內再犯：吊銷,吊銷,3,否,重新考領
S01491,7,週五,10,新竹市,機車,40-49歲,男,A2,0,1,0,2,尿液,甲基安非他命,二級,2.0,0,0~30,§35 I 肇事致人受傷：吊扣2-4年,吊扣,3,否,期滿發還
S01492,5,週二,2,花蓮縣,機車,40-49歲,男,A2,0,1,1,3,尿液,愷他命,三級,1.0,1,121~500,§35 III 十年內再犯：吊銷,吊銷,3,否,重新考領
S01493,7,週二,23,新竹市,機車,19歲以下,男,A2,0,1,0,1,尿液,安非他命,二級,2.0,0,0~30,§35 I 肇事致人受傷：吊扣2-4年,吊扣,4,否,期滿發還
S01494,2,週日,19,南投縣,機車,20-29歲,男,A2,0,1,1,3,尿液,嗎啡,一級,3.0,4,121~500,§35 III 十年內再犯：吊銷,吊銷,3,否,重新考領
S01495,10,週三,15,臺北市,小客車,30-39歲,男,A2,0,1,1,2,尿液,甲基安非他命,二級,2.0,1,31~60,§35 III 十年內再犯：吊銷,吊銷,3,否,重新考領
S01496,2,週日,7,桃園市,貨車,20-29歲,男,A2,0,1,0,3,尿液,甲基安非他命,二級,2.0,0,31~60,§35 I 肇事致人受傷：吊扣2-4年,吊扣,2,否,期滿發還
S01497,7,週日,17,桃園市,機車,50-59歲,男,A2,0,1,0,1,尿液,愷他命,三級,1.0,0,31~60,§35 I 肇事致人受傷：吊扣2-4年,吊扣,2,否,期滿發還
S01498,5,週二,12,雲林縣,機車,40-49歲,男,A2,0,4,1,0,尿液,愷他命,三級,1.0,2,31~60,§35 III 十年內再犯：吊銷,吊銷,3,否,重新考領
S01499,12,週一,17,臺南市,小客車,50-59歲,男,A2,0,2,0,1,血液,愷他命,三級,1.0,0,0~30,§35 I 肇事致人受傷：吊扣2-4年,吊扣,2,否,期滿發還
S01500,12,週二,10,臺南市,機車,30-39歲,男,A2,0,1,1,3,尿液,安非他命,二級,2.0,1,0~30,§35 III 十年內再犯：吊銷,吊銷,3,否,重新考領
S01501,10,週三,10,新竹縣,機車,20-29歲,男,A2,0,1,1,3,血液,愷他命,三級,1.0,1,0~30,§35 III 十年內再犯：吊銷,吊銷,3,否,重新考領
S01502,9,週一,20,桃園市,機車,50-59歲,男,A2,0,2,1,2,尿液,甲基安非他命,二級,2.0,3,0~30,§35 III 十年內再犯：吊銷,吊銷,3,否,重新考領
S01503,7,週五,0,嘉義市,小客車,30-39歲,男,A2,0,1,1,3,尿液,安非他命,二級,2.0,1,61~120,§35 III 十年內再犯：吊銷,吊銷,3,否,重新考領
S01504,7,週五,18,桃園市,機車,30-39歲,男,A2,0,1,0,1,血液,甲基安非他命,二級,2.0,0,0~30,§35 I 肇事致人受傷：吊扣2-4年,吊扣,3,否,期滿發還
S01505,4,週一,2,臺中市,小客車,30-39歲,男,A2,0,2,1,0,尿液,安非他命,二級,2.0,3,0~30,§35 III 十年內再犯：吊銷,吊銷,3,否,重新考領
S01506,11,週五,13,高雄市,小客車,40-49歲,男,A2,0,1,0,1,尿液,安非他命,二級,2.0,0,121~500,§35 I 肇事致人受傷：吊扣2-4年,吊扣,2,否,期滿發還
S01507,8,週三,10,苗栗縣,小客車,30-39歲,男,A2,0,1,1,0,尿液,安非他命,二級,2.0,2,31~60,§35 III 十年內再犯：吊銷,吊銷,3,否,重新考領
S01508,7,週四,13,新北市,小客車,50-59歲,男,A2,0,1,0,0,尿液,安非他命,二級,2.0,0,0~30,§35 I 肇事致人受傷：吊扣2-4年,吊扣,3,否,期滿發還
S01509,5,週五,11,新竹縣,小客車,40-49歲,男,A2,0,1,1,2,尿液,安非他命,二級,2.0,2,0~30,§35 III 十年內再犯：吊銷,吊銷,3,否,重新考領
S01510,5,週一,0,新北市,小客車,40-49歲,女,A2,0,1,1,2,尿液,安非他命,二級,2.0,2,31~60,§35 III 十年內再犯：吊銷,吊銷,3,否,重新考領
S01511,10,週四,7,新北市,小客車,50-59歲,男,A2,0,2,0,1,血液,安非他命,二級,2.0,0,31~60,§35 I 肇事致人受傷：吊扣2-4年,吊扣,2,否,期滿發還
S01512,11,週二,18,臺南市,小客車,40-49歲,男,A2,0,1,1,3,尿液,甲基安非他命,二級,2.0,3,31~60,§35 III 十年內再犯：吊銷,吊銷,3,否,重新考領
S01513,11,週五,13,彰化縣,小客車,40-49歲,男,A2,0,1,1,2,尿液,甲基安非他命,二級,2.0,1,31~60,§35 III 十年內再犯：吊銷,吊銷,3,否,重新考領
S01514,7,週六,2,新竹市,機車,50-59歲,男,A2,0,1,0,3,血液,甲基安非他命,二級,2.0,0,31~60,§35 I 肇事致人受傷：吊扣2-4年,吊扣,2,否,期滿發還
S01515,7,週一,8,臺中市,機車,50-59歲,男,A2,0,1,1,1,尿液,安非他命,二級,2.0,4,31~60,§35 III 十年內再犯：吊銷,吊銷,3,否,重新考領
S01516,11,週六,8,宜蘭縣,小客車,40-49歲,男,A2,0,1,1,1,尿液,愷他命,三級,1.0,1,31~60,§35 III 十年內再犯：吊銷,吊銷,3,否,重新考領
S01517,7,週三,18,新北市,小客車,50-59歲,男,A2,0,2,1,0,尿液,安非他命,二級,2.0,1,31~60,§35 III 十年內再犯：吊銷,吊銷,3,否,重新考領
S01518,2,週五,18,宜蘭縣,小客車,50-59歲,男,A2,0,1,1,0,尿液,嗎啡,一級,3.0,3,31~60,§35 III 十年內再犯：吊銷,吊銷,3,否,重新考領
S01519,10,週六,7,臺北市,小客車,40-49歲,男,A2,0,1,1,0,尿液,安非他命,二級,2.0,1,0~30,§35 III 十年內再犯：吊銷,吊銷,3,否,重新考領
S01520,12,週四,14,臺南市,小客車,30-39歲,女,A2,0,1,0,3,尿液,甲基安非他命,二級,2.0,0,0~30,§35 I 肇事致人受傷：吊扣2-4年,吊扣,4,否,期滿發還
S01521,6,週四,16,新北市,貨車,50-59歲,女,A2,0,2,1,1,尿液,安非他命,二級,2.0,1,0~30,§35 III 十年內再犯：吊銷,吊銷,3,否,重新考領
S01522,7,週四,21,宜蘭縣,小客車,30-39歲,男,A2,0,1,1,2,尿液,甲基安非他命,二級,2.0,1,31~60,§35 III 十年內再犯：吊銷,吊銷,3,否,重新考領
S01523,6,週六,1,基隆市,大客車,40-49歲,男,A2,0,1,1,3,尿液,安非他命,二級,2.0,1,0~30,§35 III 十年內再犯：吊銷,吊銷,3,否,重新考領
S01524,8,週四,16,新北市,小客車,20-29歲,男,A2,0,1,1,1,尿液,甲基安非他命,二級,2.0,1,31~60,§35 III 十年內再犯：吊銷,吊銷,3,否,重新考領
S01525,1,週四,18,臺南市,機車,50-59歲,男,A2,0,1,1,2,尿液,安非他命,二級,2.0,1,31~60,§35 III 十年內再犯：吊銷,吊銷,3,否,重新考領
S01526,6,週四,7,新竹市,貨車,50-59歲,男,A2,0,1,0,2,尿液,安非他命,二級,2.0,0,0~30,§35 I 肇事致人受傷：吊扣2-4年,吊扣,2,否,期滿發還
S01527,3,週六,13,屏東縣,機車,40-49歲,男,A2,0,1,1,0,尿液,甲基安非他命,二級,2.0,1,0~30,§35 III 十年內再犯：吊銷,吊銷,3,否,重新考領
S01528,8,週四,19,苗栗縣,小客車,40-49歲,男,A2,0,1,1,1,尿液,安非他命,二級,2.0,1,31~60,§35 III 十年內再犯：吊銷,吊銷,3,否,重新考領
S01529,1,週四,15,彰化縣,機車,20-29歲,男,A2,0,1,1,3,尿液,安非他命,二級,2.0,1,0~30,§35 III 十年內再犯：吊銷,吊銷,3,否,重新考領
S01530,7,週二,16,苗栗縣,貨車,50-59歲,女,A2,0,1,0,2,尿液,愷他命,三級,1.0,0,31~60,§35 I 肇事致人受傷：吊扣2-4年,吊扣,2,否,期滿發還
S01531,7,週四,12,臺中市,小客車,50-59歲,男,A2,0,1,1,0,尿液,安非他命,二級,2.0,1,0~30,§35 III 十年內再犯：吊銷,吊銷,3,否,重新考領
S01532,1,週六,9,桃園市,小客車,20-29歲,女,A2,0,1,0,2,尿液,安非他命,二級,2.0,0,31~60,§35 I 肇事致人受傷：吊扣2-4年,吊扣,2,否,期滿發還
S01533,10,週一,9,屏東縣,機車,40-49歲,男,A2,0,2,1,0,尿液,安非他命,二級,2.0,1,31~60,§35 III 十年內再犯：吊銷,吊銷,3,否,重新考領
S01534,12,週三,23,南投縣,機車,40-49歲,男,A2,0,1,1,2,尿液,嗎啡,一級,3.0,2,0~30,§35 III 十年內再犯：吊銷,吊銷,3,否,重新考領
S01535,10,週五,14,新北市,機車,50-59歲,男,A2,0,4,0,2,尿液,嗎啡,一級,3.0,0,0~30,§35 I 肇事致人受傷：吊扣2-4年,吊扣,3,否,期滿發還
S01536,3,週五,9,新竹縣,機車,60歲以上,男,A2,0,2,0,2,尿液,甲基安非他命,二級,2.0,0,31~60,§35 I 肇事致人受傷：吊扣2-4年,吊扣,4,否,期滿發還
S01537,11,週一,7,新北市,小客車,20-29歲,男,A2,0,1,0,2,尿液,安非他命,二級,2.0,0,0~30,§35 I 肇事致人受傷：吊扣2-4年,吊扣,3,否,期滿發還
S01538,8,週六,14,臺北市,機車,50-59歲,男,A2,0,1,1,0,尿液,甲基安非他命,二級,2.0,3,31~60,§35 III 十年內再犯：吊銷,吊銷,3,否,重新考領
S01539,6,週五,16,新北市,小客車,60歲以上,男,A2,0,2,1,2,血液,安非他命,二級,2.0,2,31~60,§35 III 十年內再犯：吊銷,吊銷,3,否,重新考領
S01540,7,週六,18,桃園市,機車,40-49歲,男,A2,0,2,0,2,血液,安非他命,二級,2.0,0,0~30,§35 I 肇事致人受傷：吊扣2-4年,吊扣,4,否,期滿發還
S01541,3,週五,10,新北市,小客車,40-49歲,男,A2,0,1,1,0,尿液,愷他命,三級,1.0,1,0~30,§35 III 十年內再犯：吊銷,吊銷,3,否,重新考領
S01542,7,週四,21,臺中市,機車,40-49歲,男,A2,0,2,1,3,血液,安非他命,二級,2.0,2,0~30,§35 III 十年內再犯：吊銷,吊銷,3,否,重新考領
S01543,8,週六,8,新北市,小客車,30-39歲,男,A2,0,1,0,0,尿液,安非他命,二級,2.0,0,0~30,§35 I 肇事致人受傷：吊扣2-4年,吊扣,2,否,期滿發還
S01544,10,週五,11,高雄市,機車,50-59歲,男,A2,0,2,1,3,尿液,甲基安非他命,二級,2.0,4,0~30,§35 III 十年內再犯：吊銷,吊銷,3,否,重新考領
S01545,6,週六,8,雲林縣,小客車,60歲以上,男,A2,0,1,0,0,血液,安非他命,二級,2.0,0,31~60,§35 I 肇事致人受傷：吊扣2-4年,吊扣,2,否,期滿發還
S01546,7,週日,16,高雄市,小客車,30-39歲,男,A2,0,2,1,2,尿液,安非他命,二級,2.0,2,31~60,§35 III 十年內再犯：吊銷,吊銷,3,否,重新考領
S01547,7,週五,9,臺中市,小客車,40-49歲,男,A2,0,2,1,2,尿液,甲基安非他命,二級,2.0,1,0~30,§35 III 十年內再犯：吊銷,吊銷,3,否,重新考領
S01548,10,週二,19,高雄市,小客車,40-49歲,男,A2,0,1,1,0,尿液,甲基安非他命,二級,2.0,1,0~30,§35 III 十年內再犯：吊銷,吊銷,3,否,重新考領
S01549,11,週四,16,桃園市,小客車,40-49歲,男,A2,0,2,0,2,尿液,安非他命,二級,2.0,0,121~500,§35 I 肇事致人受傷：吊扣2-4年,吊扣,4,否,期滿發還
S01550,9,週一,18,高雄市,小客車,50-59歲,男,A2,0,3,1,1,尿液,安非他命,二級,2.0,1,121~500,§35 III 十年內再犯：吊銷,吊銷,3,否,重新考領
S01551,5,週二,12,新北市,貨車,40-49歲,男,A2,0,2,0,2,血液,愷他命,三級,1.0,0,0~30,§35 I 肇事致人受傷：吊扣2-4年,吊扣,3,否,期滿發還
S01552,11,週四,10,新竹縣,機車,30-39歲,男,A2,0,2,1,0,尿液,甲基安非他命,二級,2.0,1,31~60,§35 III 十年內再犯：吊銷,吊銷,3,否,重新考領
S01553,8,週一,9,苗栗縣,小客車,50-59歲,男,A2,0,1,1,2,尿液,甲基安非他命,二級,2.0,1,31~60,§35 III 十年內再犯：吊銷,吊銷,3,否,重新考領
S01554,7,週四,15,新北市,小客車,50-59歲,女,A2,0,1,1,0,尿液,愷他命,三級,1.0,2,31~60,§35 III 十年內再犯：吊銷,吊銷,3,否,重新考領
S01555,1,週四,16,高雄市,小客車,20-29歲,女,A2,0,1,0,2,尿液,愷他命,三級,1.0,0,121~500,§35 I 肇事致人受傷：吊扣2-4年,吊扣,2,否,期滿發還
S01556,3,週四,8,新北市,機車,40-49歲,男,A2,0,1,1,1,血液,安非他命,二級,2.0,4,0~30,§35 III 十年內再犯：吊銷,吊銷,3,否,重新考領
S01557,8,週三,9,花蓮縣,機車,40-49歲,男,A2,0,2,1,3,尿液,甲基安非他命,二級,2.0,1,31~60,§35 III 十年內再犯：吊銷,吊銷,3,否,重新考領
S01558,2,週二,18,桃園市,機車,30-39歲,男,A2,0,1,1,3,尿液,甲基安非他命,二級,2.0,4,61~120,§35 III 十年內再犯：吊銷,吊銷,3,否,重新考領
S01559,3,週二,12,基隆市,機車,30-39歲,男,A2,0,1,0,0,血液,安非他命,二級,2.0,0,0~30,§35 I 肇事致人受傷：吊扣2-4年,吊扣,2,否,期滿發還
S01560,4,週日,13,臺北市,機車,50-59歲,男,A2,0,1,1,1,尿液,安非他命,二級,2.0,1,0~30,§35 III 十年內再犯：吊銷,吊銷,3,否,重新考領
S01561,7,週一,16,高雄市,貨車,19歲以下,男,A2,0,2,1,0,尿液,甲基安非他命,二級,2.0,1,0~30,§35 III 十年內再犯：吊銷,吊銷,3,否,重新考領
S01562,6,週六,23,高雄市,機車,50-59歲,男,A2,0,3,1,2,尿液,安非他命,二級,2.0,1,0~30,§35 III 十年內再犯：吊銷,吊銷,3,否,重新考領
S01563,5,週四,2,新北市,小客車,20-29歲,男,A2,0,1,1,0,尿液,安非他命,二級,2.0,1,121~500,§35 III 十年內再犯：吊銷,吊銷,3,否,重新考領
S01564,4,週一,17,彰化縣,機車,40-49歲,男,A2,0,1,0,2,尿液,甲基安非他命,二級,2.0,0,121~500,§35 I 肇事致人受傷：吊扣2-4年,吊扣,3,否,期滿發還
S01565,4,週五,18,臺南市,小客車,60歲以上,男,A2,0,1,0,1,尿液,愷他命,三級,1.0,0,0~30,§35 I 肇事致人受傷：吊扣2-4年,吊扣,3,否,期滿發還
S01566,4,週六,21,新北市,小客車,40-49歲,男,A2,0,1,0,3,尿液,甲基安非他命,二級,2.0,0,31~60,§35 I 肇事致人受傷：吊扣2-4年,吊扣,3,否,期滿發還
S01567,9,週四,16,屏東縣,小客車,30-39歲,男,A2,0,1,1,3,尿液,愷他命,三級,1.0,2,31~60,§35 III 十年內再犯：吊銷,吊銷,3,否,重新考領
S01568,8,週一,23,新北市,機車,50-59歲,男,A2,0,1,0,3,尿液,安非他命,二級,2.0,0,31~60,§35 I 肇事致人受傷：吊扣2-4年,吊扣,4,否,期滿發還
S01569,10,週二,20,新北市,機車,40-49歲,男,A2,0,2,0,0,尿液,安非他命,二級,2.0,0,121~500,§35 I 肇事致人受傷：吊扣2-4年,吊扣,3,否,期滿發還
S01570,4,週日,14,臺南市,小客車,40-49歲,男,A2,0,1,1,0,尿液,嗎啡,一級,3.0,1,61~120,§35 III 十年內再犯：吊銷,吊銷,3,否,重新考領
S01571,12,週二,19,基隆市,機車,19歲以下,男,A2,0,1,1,1,尿液,甲基安非他命,二級,2.0,1,31~60,§35 III 十年內再犯：吊銷,吊銷,3,否,重新考領
S01572,7,週三,7,苗栗縣,機車,40-49歲,女,A2,0,1,1,1,尿液,愷他命,三級,1.0,3,31~60,§35 III 十年內再犯：吊銷,吊銷,3,否,重新考領
S01573,2,週二,0,臺北市,小客車,40-49歲,男,A2,0,1,1,0,尿液,甲基安非他命,二級,2.0,2,0~30,§35 III 十年內再犯：吊銷,吊銷,3,否,重新考領
S01574,10,週五,8,臺北市,機車,20-29歲,男,A2,0,1,0,2,尿液,愷他命,三級,1.0,0,31~60,§35 I 肇事致人受傷：吊扣2-4年,吊扣,4,否,期滿發還
S01575,10,週四,11,臺中市,小客車,40-49歲,男,A2,0,1,1,3,尿液,甲基安非他命,二級,2.0,2,0~30,§35 III 十年內再犯：吊銷,吊銷,3,否,重新考領
S01576,10,週日,12,新竹縣,機車,40-49歲,女,A2,0,1,0,3,血液,愷他命,三級,1.0,0,31~60,§35 I 肇事致人受傷：吊扣2-4年,吊扣,3,否,期滿發還
S01577,9,週三,18,臺中市,機車,40-49歲,男,A2,0,3,0,2,尿液,甲基安非他命,二級,2.0,0,121~500,§35 I 肇事致人受傷：吊扣2-4年,吊扣,2,否,期滿發還
S01578,5,週五,7,臺南市,小客車,40-49歲,女,A2,0,1,1,3,尿液,甲基安非他命,二級,2.0,1,0~30,§35 III 十年內再犯：吊銷,吊銷,3,否,重新考領
S01579,9,週五,8,宜蘭縣,機車,20-29歲,男,A2,0,1,1,0,尿液,甲基安非他命,二級,2.0,1,31~60,§35 III 十年內再犯：吊銷,吊銷,3,否,重新考領
S01580,5,週六,17,新北市,機車,40-49歲,女,A2,0,1,1,1,血液,愷他命,三級,1.0,2,0~30,§35 III 十年內再犯：吊銷,吊銷,3,否,重新考領
S01581,11,週二,15,桃園市,機車,30-39歲,男,A2,0,3,1,3,尿液,甲基安非他命,二級,2.0,1,61~120,§35 III 十年內再犯：吊銷,吊銷,3,否,重新考領
S01582,12,週二,16,新北市,機車,40-49歲,男,A2,0,1,1,2,尿液,安非他命,二級,2.0,1,121~500,§35 III 十年內再犯：吊銷,吊銷,3,否,重新考領
S01583,8,週四,22,新北市,機車,30-39歲,男,A2,0,1,1,0,血液,甲基安非他命,二級,2.0,1,121~500,§35 III 十年內再犯：吊銷,吊銷,3,否,重新考領
S01584,4,週五,8,新北市,小客車,30-39歲,男,A2,0,1,0,1,尿液,甲基安非他命,二級,2.0,0,31~60,§35 I 肇事致人受傷：吊扣2-4年,吊扣,3,否,期滿發還
S01585,1,週五,1,臺南市,小客車,50-59歲,女,A2,0,1,1,0,尿液,甲基安非他命,二級,2.0,1,31~60,§35 III 十年內再犯：吊銷,吊銷,3,否,重新考領
S01586,3,週四,9,桃園市,機車,50-59歲,女,A2,0,2,0,0,尿液,愷他命,三級,1.0,0,31~60,§35 I 肇事致人受傷：吊扣2-4年,吊扣,4,否,期滿發還
S01587,10,週二,17,彰化縣,機車,50-59歲,男,A2,0,1,1,2,尿液,愷他命,三級,1.0,2,0~30,§35 III 十年內再犯：吊銷,吊銷,3,否,重新考領
S01588,10,週一,15,新北市,貨車,20-29歲,女,A2,0,1,1,2,尿液,愷他命,三級,1.0,3,121~500,§35 III 十年內再犯：吊銷,吊銷,3,否,重新考領
S01589,6,週五,13,新北市,機車,40-49歲,男,A2,0,1,1,3,尿液,安非他命,二級,2.0,4,31~60,§35 III 十年內再犯：吊銷,吊銷,3,否,重新考領
S01590,8,週三,0,臺中市,機車,50-59歲,男,A2,0,1,1,0,血液,安非他命,二級,2.0,3,31~60,§35 III 十年內再犯：吊銷,吊銷,3,否,重新考領
S01591,3,週日,13,宜蘭縣,機車,20-29歲,男,A2,0,1,1,2,尿液,甲基安非他命,二級,2.0,1,0~30,§35 III 十年內再犯：吊銷,吊銷,3,否,重新考領
S01592,7,週四,18,新北市,小客車,50-59歲,女,A2,0,1,1,3,尿液,安非他命,二級,2.0,2,0~30,§35 III 十年內再犯：吊銷,吊銷,3,否,重新考領
S01593,11,週六,16,臺中市,機車,20-29歲,男,A2,0,1,1,2,血液,甲基安非他命,二級,2.0,4,0~30,§35 III 十年內再犯：吊銷,吊銷,3,否,重新考領
S01594,10,週五,7,桃園市,小客車,30-39歲,女,A2,0,1,1,0,血液,安非他命,二級,2.0,2,0~30,§35 III 十年內再犯：吊銷,吊銷,3,否,重新考領
S01595,4,週一,12,臺南市,小客車,30-39歲,女,A2,0,1,1,0,尿液,安非他命,二級,2.0,1,31~60,§35 III 十年內再犯：吊銷,吊銷,3,否,重新考領
S01596,4,週六,12,嘉義縣,小客車,50-59歲,男,A2,0,1,1,2,尿液,嗎啡,一級,3.0,1,31~60,§35 III 十年內再犯：吊銷,吊銷,3,否,重新考領
S01597,4,週四,8,新北市,機車,40-49歲,男,A2,0,1,1,0,尿液,甲基安非他命,二級,2.0,2,31~60,§35 III 十年內再犯：吊銷,吊銷,3,否,重新考領
S01598,11,週日,20,臺中市,機車,19歲以下,男,A2,0,2,1,2,尿液,甲基安非他命,二級,2.0,2,31~60,§35 III 十年內再犯：吊銷,吊銷,3,否,重新考領
S01599,10,週六,15,臺中市,機車,40-49歲,男,A2,0,0,0,3,尿液,安非他命,二級,2.0,0,31~60,§35 I 肇事致人受傷：吊扣2-4年,吊扣,3,否,期滿發還
S01600,7,週日,9,高雄市,機車,40-49歲,男,A2,0,1,1,2,尿液,甲基安非他命,二級,2.0,2,31~60,§35 III 十年內再犯：吊銷,吊銷,3,否,重新考領
S01601,8,週日,8,彰化縣,機車,50-59歲,女,A2,0,2,1,2,尿液,甲基安非他命,二級,2.0,1,0~30,§35 III 十年內再犯：吊銷,吊銷,3,否,重新考領
S01602,5,週三,13,宜蘭縣,小客車,50-59歲,男,A2,0,2,1,2,尿液,安非他命,二級,2.0,4,0~30,§35 III 十年內再犯：吊銷,吊銷,3,否,重新考領
S01603,7,週五,18,宜蘭縣,機車,50-59歲,男,A2,0,1,1,2,尿液,安非他命,二級,2.0,2,31~60,§35 III 十年內再犯：吊銷,吊銷,3,否,重新考領
S01604,11,週三,14,臺南市,機車,40-49歲,男,A2,0,3,1,2,尿液,嗎啡,一級,3.0,2,61~120,§35 III 十年內再犯：吊銷,吊銷,3,否,重新考領
S01605,11,週三,23,新北市,機車,40-49歲,男,A2,0,1,0,2,尿液,安非他命,二級,2.0,0,31~60,§35 I 肇事致人受傷：吊扣2-4年,吊扣,4,否,期滿發還
S01606,4,週三,5,屏東縣,小客車,30-39歲,男,A2,0,3,1,3,尿液,甲基安非他命,二級,2.0,1,31~60,§35 III 十年內再犯：吊銷,吊銷,3,否,重新考領
S01607,10,週日,10,新北市,小客車,50-59歲,男,A2,0,1,0,2,血液,愷他命,三級,1.0,0,0~30,§35 I 肇事致人受傷：吊扣2-4年,吊扣,4,否,期滿發還
S01608,11,週日,3,臺東縣,機車,30-39歲,男,A2,0,1,0,3,血液,愷他命,三級,1.0,0,121~500,§35 I 肇事致人受傷：吊扣2-4年,吊扣,2,否,期滿發還
S01609,7,週四,10,桃園市,機車,40-49歲,女,A2,0,1,1,3,尿液,安非他命,二級,2.0,3,0~30,§35 III 十年內再犯：吊銷,吊銷,3,否,重新考領
S01610,7,週五,19,高雄市,機車,30-39歲,男,A2,0,3,1,0,尿液,安非他命,二級,2.0,2,31~60,§35 III 十年內再犯：吊銷,吊銷,3,否,重新考領
S01611,4,週三,22,高雄市,小客車,40-49歲,男,A2,0,2,1,2,尿液,甲基安非他命,二級,2.0,2,0~30,§35 III 十年內再犯：吊銷,吊銷,3,否,重新考領
S01612,1,週日,7,桃園市,機車,50-59歲,男,A2,0,1,1,3,尿液,安非他命,二級,2.0,1,0~30,§35 III 十年內再犯：吊銷,吊銷,3,否,重新考領
S01613,4,週五,19,臺北市,機車,50-59歲,男,A2,0,1,1,3,尿液,甲基安非他命,二級,2.0,1,31~60,§35 III 十年內再犯：吊銷,吊銷,3,否,重新考領
S01614,10,週二,7,桃園市,機車,40-49歲,男,A2,0,1,0,1,尿液,愷他命,三級,1.0,0,0~30,§35 I 肇事致人受傷：吊扣2-4年,吊扣,2,否,期滿發還
S01615,6,週二,11,嘉義市,機車,50-59歲,男,A2,0,3,1,3,尿液,安非他命,二級,2.0,2,121~500,§35 III 十年內再犯：吊銷,吊銷,3,否,重新考領
S01616,9,週日,13,臺中市,小客車,30-39歲,男,A2,0,1,0,3,尿液,甲基安非他命,二級,2.0,0,0~30,§35 I 肇事致人受傷：吊扣2-4年,吊扣,2,否,期滿發還
S01617,12,週一,20,臺北市,機車,40-49歲,男,A2,0,1,1,0,尿液,愷他命,三級,1.0,2,61~120,§35 III 十年內再犯：吊銷,吊銷,3,否,重新考領
S01618,9,週二,14,臺北市,機車,40-49歲,男,A2,0,1,1,1,尿液,安非他命,二級,2.0,1,31~60,§35 III 十年內再犯：吊銷,吊銷,3,否,重新考領
S01619,9,週日,5,臺北市,機車,40-49歲,男,A2,0,1,0,2,尿液,愷他命,三級,1.0,0,31~60,§35 I 肇事致人受傷：吊扣2-4年,吊扣,4,否,期滿發還
S01620,11,週二,20,宜蘭縣,機車,30-39歲,男,A2,0,1,1,3,尿液,愷他命,三級,1.0,1,31~60,§35 III 十年內再犯：吊銷,吊銷,3,否,重新考領
S01621,8,週六,21,臺中市,機車,50-59歲,男,A2,0,2,1,0,血液,嗎啡,一級,3.0,2,31~60,§35 III 十年內再犯：吊銷,吊銷,3,否,重新考領
S01622,10,週一,9,新北市,機車,40-49歲,男,A2,0,1,0,2,血液,安非他命,二級,2.0,0,31~60,§35 I 肇事致人受傷：吊扣2-4年,吊扣,2,否,期滿發還
S01623,8,週二,21,新北市,小客車,50-59歲,男,A2,0,1,1,2,尿液,甲基安非他命,二級,2.0,1,31~60,§35 III 十年內再犯：吊銷,吊銷,3,否,重新考領
S01624,5,週四,19,臺中市,小客車,40-49歲,女,A2,0,1,0,3,尿液,安非他命,二級,2.0,0,0~30,§35 I 肇事致人受傷：吊扣2-4年,吊扣,2,否,期滿發還
S01625,1,週一,22,南投縣,機車,20-29歲,男,A2,0,1,1,0,尿液,安非他命,二級,2.0,2,0~30,§35 III 十年內再犯：吊銷,吊銷,3,否,重新考領
S01626,7,週三,7,臺北市,小客車,50-59歲,男,A2,0,1,1,1,尿液,愷他命,三級,1.0,2,61~120,§35 III 十年內再犯：吊銷,吊銷,3,否,重新考領
S01627,4,週一,11,新北市,小客車,40-49歲,男,A2,0,1,1,0,尿液,安非他命,二級,2.0,3,0~30,§35 III 十年內再犯：吊銷,吊銷,3,否,重新考領
S01628,2,週二,18,臺北市,機車,30-39歲,男,A2,0,1,0,0,血液,甲基安非他命,二級,2.0,0,31~60,§35 I 肇事致人受傷：吊扣2-4年,吊扣,2,否,期滿發還
S01629,4,週一,23,桃園市,機車,50-59歲,男,A2,0,1,1,3,尿液,愷他命,三級,1.0,1,0~30,§35 III 十年內再犯：吊銷,吊銷,3,否,重新考領
S01630,10,週四,1,新北市,小客車,40-49歲,男,A2,0,1,0,1,血液,甲基安非他命,二級,2.0,0,121~500,§35 I 肇事致人受傷：吊扣2-4年,吊扣,3,否,期滿發還
S01631,7,週二,14,雲林縣,貨車,40-49歲,男,A2,0,1,0,2,尿液,甲基安非他命,二級,2.0,0,31~60,§35 I 肇事致人受傷：吊扣2-4年,吊扣,2,否,期滿發還
S01632,3,週五,1,宜蘭縣,小客車,50-59歲,男,A2,0,1,0,1,尿液,安非他命,二級,2.0,0,31~60,§35 I 肇事致人受傷：吊扣2-4年,吊扣,3,否,期滿發還
S01633,10,週日,0,臺北市,機車,50-59歲,女,A2,0,2,0,3,尿液,嗎啡,一級,3.0,0,0~30,§35 I 肇事致人受傷：吊扣2-4年,吊扣,4,否,期滿發還
S01634,8,週三,11,基隆市,小客車,19歲以下,男,A2,0,1,1,0,尿液,嗎啡,一級,3.0,2,31~60,§35 III 十年內再犯：吊銷,吊銷,3,否,重新考領
S01635,5,週日,8,屏東縣,小客車,50-59歲,男,A2,0,1,1,3,尿液,甲基安非他命,二級,2.0,1,0~30,§35 III 十年內再犯：吊銷,吊銷,3,否,重新考領
S01636,4,週六,1,臺中市,機車,50-59歲,男,A2,0,1,0,0,尿液,嗎啡,一級,3.0,0,0~30,§35 I 肇事致人受傷：吊扣2-4年,吊扣,2,否,期滿發還
S01637,8,週四,23,新北市,小客車,50-59歲,男,A2,0,2,1,0,血液,安非他命,二級,2.0,2,0~30,§35 III 十年內再犯：吊銷,吊銷,3,否,重新考領
S01638,3,週二,7,新北市,機車,30-39歲,男,A2,0,1,1,0,尿液,安非他命,二級,2.0,2,121~500,§35 III 十年內再犯：吊銷,吊銷,3,否,重新考領
S01639,10,週二,14,臺南市,機車,30-39歲,男,A2,0,2,1,0,尿液,安非他命,二級,2.0,3,121~500,§35 III 十年內再犯：吊銷,吊銷,3,否,重新考領
S01640,11,週日,17,臺南市,小客車,20-29歲,男,A2,0,1,0,0,血液,甲基安非他命,二級,2.0,0,31~60,§35 I 肇事致人受傷：吊扣2-4年,吊扣,3,否,期滿發還
S01641,4,週二,21,新竹市,機車,40-49歲,男,A2,0,1,1,3,尿液,甲基安非他命,二級,2.0,1,31~60,§35 III 十年內再犯：吊銷,吊銷,3,否,重新考領
S01642,2,週三,20,桃園市,小客車,30-39歲,男,A2,0,1,1,3,尿液,甲基安非他命,二級,2.0,1,0~30,§35 III 十年內再犯：吊銷,吊銷,3,否,重新考領
S01643,4,週五,21,臺北市,小客車,40-49歲,男,A2,0,2,0,1,血液,安非他命,二級,2.0,0,31~60,§35 I 肇事致人受傷：吊扣2-4年,吊扣,3,否,期滿發還
S01644,4,週三,2,桃園市,小客車,50-59歲,男,A2,0,1,0,2,尿液,安非他命,二級,2.0,0,61~120,§35 I 肇事致人受傷：吊扣2-4年,吊扣,3,否,期滿發還
S01645,7,週三,19,新竹市,小客車,40-49歲,男,A2,0,2,1,2,尿液,甲基安非他命,二級,2.0,2,31~60,§35 III 十年內再犯：吊銷,吊銷,3,否,重新考領
S01646,10,週四,10,桃園市,小客車,20-29歲,男,A2,0,1,1,3,尿液,愷他命,三級,1.0,1,0~30,§35 III 十年內再犯：吊銷,吊銷,3,否,重新考領
S01647,3,週一,7,花蓮縣,小客車,20-29歲,男,A2,0,1,0,1,尿液,安非他命,二級,2.0,0,31~60,§35 I 肇事致人受傷：吊扣2-4年,吊扣,2,否,期滿發還
S01648,1,週六,7,臺北市,機車,50-59歲,男,A2,0,1,0,0,尿液,嗎啡,一級,3.0,0,0~30,§35 I 肇事致人受傷：吊扣2-4年,吊扣,3,否,期滿發還
S01649,11,週五,20,臺南市,機車,50-59歲,男,A2,0,1,1,0,尿液,愷他命,三級,1.0,2,31~60,§35 III 十年內再犯：吊銷,吊銷,3,否,重新考領
S01650,6,週二,12,臺南市,機車,50-59歲,男,A2,0,1,0,1,血液,愷他命,三級,1.0,0,61~120,§35 I 肇事致人受傷：吊扣2-4年,吊扣,2,否,期滿發還
S01651,5,週四,8,臺南市,小客車,40-49歲,男,A2,0,2,1,3,尿液,愷他命,三級,1.0,1,31~60,§35 III 十年內再犯：吊銷,吊銷,3,否,重新考領
S01652,7,週六,18,臺北市,機車,30-39歲,男,A2,0,1,1,2,尿液,安非他命,二級,2.0,1,31~60,§35 III 十年內再犯：吊銷,吊銷,3,否,重新考領
S01653,1,週六,15,桃園市,貨車,40-49歲,男,A2,0,1,1,1,尿液,安非他命,二級,2.0,1,0~30,§35 III 十年內再犯：吊銷,吊銷,3,否,重新考領
S01654,6,週一,9,嘉義市,小客車,30-39歲,男,A2,0,1,0,1,尿液,甲基安非他命,二級,2.0,0,121~500,§35 I 肇事致人受傷：吊扣2-4年,吊扣,3,否,期滿發還
S01655,5,週一,19,嘉義市,機車,30-39歲,男,A2,0,1,0,2,尿液,甲基安非他命,二級,2.0,0,0~30,§35 I 肇事致人受傷：吊扣2-4年,吊扣,4,否,期滿發還
S01656,5,週日,19,臺北市,機車,50-59歲,女,A2,0,1,0,0,尿液,愷他命,三級,1.0,0,31~60,§35 I 肇事致人受傷：吊扣2-4年,吊扣,4,否,期滿發還
S01657,2,週三,19,桃園市,機車,30-39歲,男,A2,0,1,1,2,尿液,安非他命,二級,2.0,1,31~60,§35 III 十年內再犯：吊銷,吊銷,3,否,重新考領
S01658,1,週二,10,臺中市,小客車,19歲以下,男,A2,0,1,0,2,尿液,甲基安非他命,二級,2.0,0,0~30,§35 I 肇事致人受傷：吊扣2-4年,吊扣,2,否,期滿發還
S01659,1,週二,8,新竹市,機車,50-59歲,男,A2,0,1,1,3,血液,甲基安非他命,二級,2.0,1,121~500,§35 III 十年內再犯：吊銷,吊銷,3,否,重新考領
S01660,10,週二,22,新北市,機車,30-39歲,男,A2,0,1,1,1,尿液,安非他命,二級,2.0,1,31~60,§35 III 十年內再犯：吊銷,吊銷,3,否,重新考領
S01661,5,週日,18,臺北市,小客車,30-39歲,男,A2,0,1,1,0,尿液,安非他命,二級,2.0,1,121~500,§35 III 十年內再犯：吊銷,吊銷,3,否,重新考領
S01662,7,週日,19,雲林縣,機車,30-39歲,女,A2,0,1,0,2,尿液,甲基安非他命,二級,2.0,0,31~60,§35 I 肇事致人受傷：吊扣2-4年,吊扣,4,否,期滿發還
S01663,7,週二,16,彰化縣,小客車,40-49歲,男,A2,0,2,0,0,尿液,安非他命,二級,2.0,0,121~500,§35 I 肇事致人受傷：吊扣2-4年,吊扣,4,否,期滿發還
S01664,7,週六,4,新北市,小客車,30-39歲,女,A2,0,1,0,3,尿液,嗎啡,一級,3.0,0,0~30,§35 I 肇事致人受傷：吊扣2-4年,吊扣,4,否,期滿發還
S01665,5,週三,19,新北市,小客車,20-29歲,男,A2,0,2,1,3,尿液,甲基安非他命,二級,2.0,2,31~60,§35 III 十年內再犯：吊銷,吊銷,3,否,重新考領
S01666,1,週三,0,新北市,機車,40-49歲,男,A2,0,2,0,2,尿液,嗎啡,一級,3.0,0,121~500,§35 I 肇事致人受傷：吊扣2-4年,吊扣,2,否,期滿發還
S01667,4,週四,23,屏東縣,小客車,60歲以上,男,A2,0,1,0,3,血液,嗎啡,一級,3.0,0,0~30,§35 I 肇事致人受傷：吊扣2-4年,吊扣,4,否,期滿發還
S01668,1,週一,19,新北市,貨車,19歲以下,男,A2,0,1,1,2,尿液,安非他命,二級,2.0,2,121~500,§35 III 十年內再犯：吊銷,吊銷,3,否,重新考領
S01669,4,週二,5,臺北市,機車,50-59歲,男,A2,0,1,1,3,尿液,安非他命,二級,2.0,1,0~30,§35 III 十年內再犯：吊銷,吊銷,3,否,重新考領
S01670,1,週三,9,臺北市,小客車,50-59歲,男,A2,0,1,1,2,尿液,嗎啡,一級,3.0,2,31~60,§35 III 十年內再犯：吊銷,吊銷,3,否,重新考領
S01671,5,週五,6,桃園市,機車,40-49歲,男,A2,0,1,1,1,尿液,甲基安非他命,二級,2.0,1,31~60,§35 III 十年內再犯：吊銷,吊銷,3,否,重新考領
S01672,6,週六,1,臺南市,小客車,50-59歲,男,A2,0,1,1,2,尿液,甲基安非他命,二級,2.0,2,31~60,§35 III 十年內再犯：吊銷,吊銷,3,否,重新考領
S01673,6,週二,16,桃園市,小客車,40-49歲,男,A2,0,1,0,1,尿液,嗎啡,一級,3.0,0,0~30,§35 I 肇事致人受傷：吊扣2-4年,吊扣,2,否,期滿發還
S01674,12,週日,20,臺北市,小客車,50-59歲,男,A2,0,1,1,3,尿液,甲基安非他命,二級,2.0,2,61~120,§35 III 十年內再犯：吊銷,吊銷,3,否,重新考領
S01675,10,週四,17,新北市,小客車,30-39歲,女,A2,0,1,1,1,尿液,甲基安非他命,二級,2.0,2,31~60,§35 III 十年內再犯：吊銷,吊銷,3,否,重新考領
S01676,11,週三,22,屏東縣,小客車,40-49歲,男,A2,0,1,1,0,尿液,安非他命,二級,2.0,1,31~60,§35 III 十年內再犯：吊銷,吊銷,3,否,重新考領
S01677,7,週一,0,新北市,機車,50-59歲,男,A2,0,1,1,1,尿液,嗎啡,一級,3.0,2,121~500,§35 III 十年內再犯：吊銷,吊銷,3,否,重新考領
S01678,8,週二,10,臺南市,機車,40-49歲,男,A2,0,1,0,2,尿液,甲基安非他命,二級,2.0,0,31~60,§35 I 肇事致人受傷：吊扣2-4年,吊扣,2,否,期滿發還
S01679,7,週一,17,臺南市,小客車,50-59歲,女,A2,0,1,1,2,尿液,安非他命,二級,2.0,1,0~30,§35 III 十年內再犯：吊銷,吊銷,3,否,重新考領
S01680,11,週二,8,雲林縣,機車,40-49歲,男,A2,0,1,1,3,尿液,甲基安非他命,二級,2.0,4,121~500,§35 III 十年內再犯：吊銷,吊銷,3,否,重新考領
S01681,10,週四,22,嘉義市,小客車,40-49歲,男,A2,0,1,0,3,尿液,安非他命,二級,2.0,0,31~60,§35 I 肇事致人受傷：吊扣2-4年,吊扣,2,否,期滿發還
S01682,3,週五,18,新北市,機車,40-49歲,女,A2,0,2,1,2,尿液,甲基安非他命,二級,2.0,2,31~60,§35 III 十年內再犯：吊銷,吊銷,3,否,重新考領
S01683,4,週日,17,新北市,小客車,30-39歲,男,A2,0,1,1,3,尿液,安非他命,二級,2.0,1,31~60,§35 III 十年內再犯：吊銷,吊銷,3,否,重新考領
S01684,9,週三,11,臺北市,機車,50-59歲,女,A2,0,1,1,1,尿液,甲基安非他命,二級,2.0,1,121~500,§35 III 十年內再犯：吊銷,吊銷,3,否,重新考領
S01685,5,週一,9,臺中市,小客車,50-59歲,男,A2,0,2,1,1,尿液,甲基安非他命,二級,2.0,1,31~60,§35 III 十年內再犯：吊銷,吊銷,3,否,重新考領
S01686,7,週五,8,新北市,貨車,40-49歲,男,A2,0,1,1,0,尿液,甲基安非他命,二級,2.0,2,0~30,§35 III 十年內再犯：吊銷,吊銷,3,否,重新考領
S01687,1,週一,17,新北市,小客車,40-49歲,男,A2,0,1,1,3,尿液,甲基安非他命,二級,2.0,1,61~120,§35 III 十年內再犯：吊銷,吊銷,3,否,重新考領
S01688,3,週四,7,新北市,機車,50-59歲,男,A2,0,1,1,3,尿液,安非他命,二級,2.0,1,31~60,§35 III 十年內再犯：吊銷,吊銷,3,否,重新考領
S01689,10,週六,20,彰化縣,機車,40-49歲,女,A2,0,1,0,0,尿液,愷他命,三級,1.0,0,31~60,§35 I 肇事致人受傷：吊扣2-4年,吊扣,3,否,期滿發還
S01690,1,週一,22,新北市,小客車,40-49歲,男,A2,0,1,1,1,尿液,甲基安非他命,二級,2.0,2,121~500,§35 III 十年內再犯：吊銷,吊銷,3,否,重新考領
S01691,8,週三,18,新北市,小客車,50-59歲,男,A2,0,1,0,1,尿液,安非他命,二級,2.0,0,31~60,§35 I 肇事致人受傷：吊扣2-4年,吊扣,4,否,期滿發還
S01692,12,週二,18,南投縣,機車,50-59歲,男,A2,0,2,1,2,尿液,安非他命,二級,2.0,2,31~60,§35 III 十年內再犯：吊銷,吊銷,3,否,重新考領
S01693,6,週三,8,彰化縣,小客車,40-49歲,男,A2,0,1,1,3,尿液,甲基安非他命,二級,2.0,1,31~60,§35 III 十年內再犯：吊銷,吊銷,3,否,重新考領
S01694,4,週二,19,新北市,小客車,20-29歲,男,A2,0,1,1,0,尿液,安非他命,二級,2.0,1,0~30,§35 III 十年內再犯：吊銷,吊銷,3,否,重新考領
S01695,5,週日,7,臺中市,機車,30-39歲,男,A2,0,1,0,0,尿液,愷他命,三級,1.0,0,0~30,§35 I 肇事致人受傷：吊扣2-4年,吊扣,2,否,期滿發還
S01696,5,週二,10,花蓮縣,機車,20-29歲,男,A2,0,1,0,0,尿液,嗎啡,一級,3.0,0,121~500,§35 I 肇事致人受傷：吊扣2-4年,吊扣,2,否,期滿發還
S01697,9,週四,18,新北市,小客車,50-59歲,女,A2,0,1,0,3,尿液,安非他命,二級,2.0,0,61~120,§35 I 肇事致人受傷：吊扣2-4年,吊扣,3,否,期滿發還
S01698,2,週三,18,嘉義市,機車,40-49歲,女,A2,0,1,0,2,血液,嗎啡,一級,3.0,0,31~60,§35 I 肇事致人受傷：吊扣2-4年,吊扣,4,否,期滿發還
S01699,3,週五,18,臺南市,小客車,40-49歲,男,A2,0,1,1,2,尿液,安非他命,二級,2.0,3,0~30,§35 III 十年內再犯：吊銷,吊銷,3,否,重新考領
S01700,2,週六,6,新北市,小客車,60歲以上,男,A2,0,1,1,0,尿液,甲基安非他命,二級,2.0,1,0~30,§35 III 十年內再犯：吊銷,吊銷,3,否,重新考領
S01701,5,週六,17,臺北市,小客車,40-49歲,男,A2,0,2,1,3,尿液,安非他命,二級,2.0,1,31~60,§35 III 十年內再犯：吊銷,吊銷,3,否,重新考領
S01702,7,週二,19,宜蘭縣,小客車,40-49歲,女,A2,0,1,1,0,血液,安非他命,二級,2.0,1,0~30,§35 III 十年內再犯：吊銷,吊銷,3,否,重新考領
S01703,6,週二,12,嘉義市,機車,40-49歲,女,A2,0,2,1,3,血液,愷他命,三級,1.0,1,61~120,§35 III 十年內再犯：吊銷,吊銷,3,否,重新考領
S01704,11,週一,8,高雄市,小客車,50-59歲,男,A2,0,1,0,3,尿液,甲基安非他命,二級,2.0,0,0~30,§35 I 肇事致人受傷：吊扣2-4年,吊扣,4,否,期滿發還
S01705,4,週二,15,苗栗縣,機車,40-49歲,男,A2,0,1,1,2,血液,愷他命,三級,1.0,4,31~60,§35 III 十年內再犯：吊銷,吊銷,3,否,重新考領
S01706,10,週三,17,臺南市,小客車,60歲以上,男,A2,0,2,1,0,尿液,甲基安非他命,二級,2.0,1,0~30,§35 III 十年內再犯：吊銷,吊銷,3,否,重新考領
S01707,8,週六,17,雲林縣,機車,30-39歲,男,A2,0,1,0,0,尿液,甲基安非他命,二級,2.0,0,121~500,§35 I 肇事致人受傷：吊扣2-4年,吊扣,2,否,期滿發還
S01708,2,週三,12,臺中市,機車,40-49歲,男,A2,0,2,0,3,血液,安非他命,二級,2.0,0,31~60,§35 I 肇事致人受傷：吊扣2-4年,吊扣,3,否,期滿發還
S01709,8,週二,15,臺北市,小客車,19歲以下,男,A2,0,1,1,0,血液,安非他命,二級,2.0,2,61~120,§35 III 十年內再犯：吊銷,吊銷,3,否,重新考領
S01710,4,週日,10,臺中市,小客車,40-49歲,男,A2,0,2,0,1,尿液,甲基安非他命,二級,2.0,0,31~60,§35 I 肇事致人受傷：吊扣2-4年,吊扣,3,否,期滿發還
S01711,5,週二,21,基隆市,機車,30-39歲,男,A2,0,1,0,3,尿液,愷他命,三級,1.0,0,121~500,§35 I 肇事致人受傷：吊扣2-4年,吊扣,4,否,期滿發還
S01712,3,週二,19,臺南市,機車,50-59歲,男,A2,0,1,1,3,尿液,安非他命,二級,2.0,1,31~60,§35 III 十年內再犯：吊銷,吊銷,3,否,重新考領
S01713,10,週五,12,新北市,小客車,40-49歲,男,A2,0,1,0,3,尿液,安非他命,二級,2.0,0,0~30,§35 I 肇事致人受傷：吊扣2-4年,吊扣,4,否,期滿發還
S01714,9,週二,19,臺北市,機車,40-49歲,男,A2,0,1,0,2,尿液,愷他命,三級,1.0,0,121~500,§35 I 肇事致人受傷：吊扣2-4年,吊扣,4,否,期滿發還
S01715,4,週六,10,臺南市,小客車,50-59歲,男,A2,0,1,0,1,尿液,甲基安非他命,二級,2.0,0,31~60,§35 I 肇事致人受傷：吊扣2-4年,吊扣,2,否,期滿發還
S01716,1,週一,8,雲林縣,機車,50-59歲,男,A2,0,1,0,3,尿液,愷他命,三級,1.0,0,31~60,§35 I 肇事致人受傷：吊扣2-4年,吊扣,4,否,期滿發還
S01717,5,週三,8,桃園市,大客車,40-49歲,男,A2,0,1,1,3,尿液,安非他命,二級,2.0,2,0~30,§35 III 十年內再犯：吊銷,吊銷,3,否,重新考領
S01718,8,週六,14,屏東縣,機車,20-29歲,男,A2,0,1,1,1,尿液,嗎啡,一級,3.0,1,0~30,§35 III 十年內再犯：吊銷,吊銷,3,否,重新考領
S01719,1,週三,18,苗栗縣,小客車,40-49歲,女,A2,0,2,1,0,尿液,甲基安非他命,二級,2.0,3,121~500,§35 III 十年內再犯：吊銷,吊銷,3,否,重新考領
S01720,3,週二,0,高雄市,機車,30-39歲,男,A2,0,1,1,2,尿液,甲基安非他命,二級,2.0,1,0~30,§35 III 十年內再犯：吊銷,吊銷,3,否,重新考領
S01721,5,週三,18,高雄市,機車,30-39歲,男,A2,0,1,0,3,血液,甲基安非他命,二級,2.0,0,61~120,§35 I 肇事致人受傷：吊扣2-4年,吊扣,4,否,期滿發還
S01722,10,週一,17,高雄市,機車,30-39歲,男,A2,0,2,1,0,尿液,甲基安非他命,二級,2.0,1,0~30,§35 III 十年內再犯：吊銷,吊銷,3,否,重新考領
S01723,7,週三,12,臺南市,機車,30-39歲,男,A2,0,1,1,3,尿液,甲基安非他命,二級,2.0,1,31~60,§35 III 十年內再犯：吊銷,吊銷,3,否,重新考領
S01724,7,週三,22,高雄市,小客車,50-59歲,男,A2,0,1,0,1,尿液,愷他命,三級,1.0,0,0~30,§35 I 肇事致人受傷：吊扣2-4年,吊扣,2,否,期滿發還
S01725,4,週六,15,臺南市,小客車,50-59歲,女,A2,0,1,1,3,尿液,甲基安非他命,二級,2.0,4,121~500,§35 III 十年內再犯：吊銷,吊銷,3,否,重新考領
S01726,11,週二,16,臺中市,小客車,40-49歲,男,A2,0,1,1,0,尿液,甲基安非他命,二級,2.0,2,0~30,§35 III 十年內再犯：吊銷,吊銷,3,否,重新考領
S01727,5,週一,20,桃園市,機車,50-59歲,男,A2,0,1,1,3,血液,甲基安非他命,二級,2.0,1,0~30,§35 III 十年內再犯：吊銷,吊銷,3,否,重新考領
S01728,7,週一,0,臺南市,小客車,20-29歲,男,A2,0,1,1,3,尿液,甲基安非他命,二級,2.0,2,31~60,§35 III 十年內再犯：吊銷,吊銷,3,否,重新考領
S01729,10,週六,7,臺北市,小客車,50-59歲,男,A2,0,2,1,1,尿液,甲基安非他命,二級,2.0,1,61~120,§35 III 十年內再犯：吊銷,吊銷,3,否,重新考領
S01730,3,週日,15,臺中市,小客車,30-39歲,男,A2,0,1,0,2,尿液,嗎啡,一級,3.0,0,31~60,§35 I 肇事致人受傷：吊扣2-4年,吊扣,3,否,期滿發還
S01731,10,週四,15,桃園市,機車,30-39歲,男,A2,0,1,1,2,尿液,安非他命,二級,2.0,1,121~500,§35 III 十年內再犯：吊銷,吊銷,3,否,重新考領
S01732,11,週二,19,新北市,機車,40-49歲,男,A2,0,2,1,3,尿液,甲基安非他命,二級,2.0,1,121~500,§35 III 十年內再犯：吊銷,吊銷,3,否,重新考領
S01733,12,週三,4,新北市,機車,40-49歲,男,A2,0,2,1,0,尿液,甲基安非他命,二級,2.0,2,31~60,§35 III 十年內再犯：吊銷,吊銷,3,否,重新考領
S01734,1,週一,18,新竹市,機車,60歲以上,男,A2,0,2,0,0,尿液,甲基安非他命,二級,2.0,0,121~500,§35 I 肇事致人受傷：吊扣2-4年,吊扣,3,否,期滿發還
S01735,11,週五,17,宜蘭縣,小客車,50-59歲,男,A2,0,1,1,1,尿液,愷他命,三級,1.0,3,0~30,§35 III 十年內再犯：吊銷,吊銷,3,否,重新考領
S01736,8,週二,21,新北市,機車,40-49歲,男,A2,0,1,0,0,尿液,愷他命,三級,1.0,0,0~30,§35 I 肇事致人受傷：吊扣2-4年,吊扣,4,否,期滿發還
S01737,10,週四,19,桃園市,小客車,20-29歲,男,A2,0,2,1,0,尿液,安非他命,二級,2.0,2,61~120,§35 III 十年內再犯：吊銷,吊銷,3,否,重新考領
S01738,6,週五,5,桃園市,機車,40-49歲,男,A2,0,1,1,3,尿液,安非他命,二級,2.0,1,121~500,§35 III 十年內再犯：吊銷,吊銷,3,否,重新考領
S01739,11,週三,9,臺南市,小客車,60歲以上,男,A2,0,1,1,1,尿液,嗎啡,一級,3.0,1,121~500,§35 III 十年內再犯：吊銷,吊銷,3,否,重新考領
S01740,6,週五,21,新北市,機車,40-49歲,男,A2,0,1,1,3,尿液,嗎啡,一級,3.0,1,0~30,§35 III 十年內再犯：吊銷,吊銷,3,否,重新考領
S01741,10,週六,7,新北市,小客車,60歲以上,女,A2,0,1,1,1,尿液,甲基安非他命,二級,2.0,2,31~60,§35 III 十年內再犯：吊銷,吊銷,3,否,重新考領
S01742,10,週四,17,新北市,機車,40-49歲,男,A2,0,2,1,1,尿液,甲基安非他命,二級,2.0,2,0~30,§35 III 十年內再犯：吊銷,吊銷,3,否,重新考領
S01743,7,週日,8,臺南市,小客車,40-49歲,男,A2,0,1,0,1,尿液,安非他命,二級,2.0,0,0~30,§35 I 肇事致人受傷：吊扣2-4年,吊扣,3,否,期滿發還
S01744,11,週二,17,臺北市,機車,50-59歲,男,A2,0,3,0,3,尿液,嗎啡,一級,3.0,0,31~60,§35 I 肇事致人受傷：吊扣2-4年,吊扣,4,否,期滿發還
S01745,12,週五,7,臺東縣,小客車,50-59歲,女,A2,0,1,1,2,尿液,安非他命,二級,2.0,3,0~30,§35 III 十年內再犯：吊銷,吊銷,3,否,重新考領
S01746,1,週二,7,雲林縣,小客車,50-59歲,女,A2,0,2,0,2,尿液,愷他命,三級,1.0,0,0~30,§35 I 肇事致人受傷：吊扣2-4年,吊扣,2,否,期滿發還
S01747,12,週三,14,新北市,小客車,60歲以上,男,A2,0,1,1,2,尿液,安非他命,二級,2.0,1,31~60,§35 III 十年內再犯：吊銷,吊銷,3,否,重新考領
S01748,4,週五,13,臺東縣,貨車,40-49歲,女,A2,0,1,1,3,尿液,甲基安非他命,二級,2.0,1,0~30,§35 III 十年內再犯：吊銷,吊銷,3,否,重新考領
S01749,7,週五,16,嘉義市,小客車,20-29歲,男,A2,0,1,1,1,尿液,安非他命,二級,2.0,1,31~60,§35 III 十年內再犯：吊銷,吊銷,3,否,重新考領
S01750,8,週三,5,新北市,小客車,40-49歲,男,A2,0,2,1,1,尿液,愷他命,三級,1.0,1,121~500,§35 III 十年內再犯：吊銷,吊銷,3,否,重新考領
S01751,7,週二,8,苗栗縣,小客車,40-49歲,男,A2,0,1,1,1,血液,安非他命,二級,2.0,1,61~120,§35 III 十年內再犯：吊銷,吊銷,3,否,重新考領
S01752,8,週三,18,臺中市,小客車,40-49歲,男,A2,0,1,0,2,尿液,愷他命,三級,1.0,0,0~30,§35 I 肇事致人受傷：吊扣2-4年,吊扣,2,否,期滿發還
S01753,10,週六,18,屏東縣,小客車,30-39歲,男,A2,0,2,1,2,尿液,甲基安非他命,二級,2.0,2,0~30,§35 III 十年內再犯：吊銷,吊銷,3,否,重新考領
S01754,4,週五,19,新北市,機車,50-59歲,男,A2,0,1,1,0,尿液,甲基安非他命,二級,2.0,2,0~30,§35 III 十年內再犯：吊銷,吊銷,3,否,重新考領
S01755,10,週四,10,桃園市,機車,30-39歲,男,A2,0,1,0,0,尿液,甲基安非他命,二級,2.0,0,31~60,§35 I 肇事致人受傷：吊扣2-4年,吊扣,3,否,期滿發還
S01756,10,週一,0,臺南市,小客車,50-59歲,男,A2,0,1,0,2,血液,安非他命,二級,2.0,0,121~500,§35 I 肇事致人受傷：吊扣2-4年,吊扣,2,否,期滿發還
S01757,7,週六,8,新北市,機車,20-29歲,女,A2,0,1,1,2,血液,甲基安非他命,二級,2.0,1,0~30,§35 III 十年內再犯：吊銷,吊銷,3,否,重新考領
S01758,3,週六,16,嘉義縣,小客車,40-49歲,男,A2,0,1,1,3,尿液,甲基安非他命,二級,2.0,1,31~60,§35 III 十年內再犯：吊銷,吊銷,3,否,重新考領
S01759,4,週一,3,臺北市,大客車,30-39歲,男,A2,0,1,1,0,尿液,甲基安非他命,二級,2.0,1,0~30,§35 III 十年內再犯：吊銷,吊銷,3,否,重新考領
S01760,9,週日,16,桃園市,機車,50-59歲,男,A2,0,3,1,1,尿液,甲基安非他命,二級,2.0,1,0~30,§35 III 十年內再犯：吊銷,吊銷,3,否,重新考領
S01761,5,週日,13,高雄市,小客車,40-49歲,男,A2,0,2,0,2,血液,愷他命,三級,1.0,0,0~30,§35 I 肇事致人受傷：吊扣2-4年,吊扣,4,否,期滿發還
S01762,9,週二,15,新北市,機車,50-59歲,男,A2,0,1,0,3,尿液,甲基安非他命,二級,2.0,0,0~30,§35 I 肇事致人受傷：吊扣2-4年,吊扣,4,否,期滿發還
S01763,5,週日,11,桃園市,小客車,40-49歲,男,A2,0,2,1,2,尿液,甲基安非他命,二級,2.0,2,31~60,§35 III 十年內再犯：吊銷,吊銷,3,否,重新考領
S01764,9,週五,9,嘉義市,機車,50-59歲,女,A2,0,1,1,2,尿液,甲基安非他命,二級,2.0,1,0~30,§35 III 十年內再犯：吊銷,吊銷,3,否,重新考領
S01765,6,週四,10,新北市,小客車,30-39歲,女,A2,0,1,1,0,尿液,安非他命,二級,2.0,2,61~120,§35 III 十年內再犯：吊銷,吊銷,3,否,重新考領
S01766,2,週五,23,高雄市,小客車,50-59歲,男,A2,0,2,1,1,尿液,甲基安非他命,二級,2.0,2,31~60,§35 III 十年內再犯：吊銷,吊銷,3,否,重新考領
S01767,2,週一,19,桃園市,小客車,20-29歲,男,A2,0,1,1,3,尿液,安非他命,二級,2.0,1,31~60,§35 III 十年內再犯：吊銷,吊銷,3,否,重新考領
S01768,10,週三,8,新北市,機車,30-39歲,男,A2,0,3,0,3,尿液,愷他命,三級,1.0,0,31~60,§35 I 肇事致人受傷：吊扣2-4年,吊扣,4,否,期滿發還
S01769,6,週五,18,基隆市,小客車,30-39歲,男,A2,0,3,1,2,尿液,愷他命,三級,1.0,2,31~60,§35 III 十年內再犯：吊銷,吊銷,3,否,重新考領
S01770,7,週六,8,臺南市,機車,60歲以上,男,A2,0,3,1,3,尿液,嗎啡,一級,3.0,1,121~500,§35 III 十年內再犯：吊銷,吊銷,3,否,重新考領
S01771,9,週五,0,新北市,機車,50-59歲,男,A2,0,1,1,2,血液,愷他命,三級,1.0,1,31~60,§35 III 十年內再犯：吊銷,吊銷,3,否,重新考領
S01772,7,週二,14,臺中市,機車,60歲以上,男,A2,0,1,1,1,尿液,安非他命,二級,2.0,1,121~500,§35 III 十年內再犯：吊銷,吊銷,3,否,重新考領
S01773,4,週五,23,嘉義市,貨車,60歲以上,女,A2,0,1,1,1,尿液,甲基安非他命,二級,2.0,1,121~500,§35 III 十年內再犯：吊銷,吊銷,3,否,重新考領
S01774,4,週四,20,桃園市,機車,30-39歲,男,A2,0,1,1,3,尿液,嗎啡,一級,3.0,2,0~30,§35 III 十年內再犯：吊銷,吊銷,3,否,重新考領
S01775,3,週一,9,新竹市,機車,40-49歲,女,A2,0,1,1,2,血液,安非他命,二級,2.0,1,31~60,§35 III 十年內再犯：吊銷,吊銷,3,否,重新考領
S01776,7,週二,7,桃園市,小客車,30-39歲,男,A2,0,1,0,3,血液,安非他命,二級,2.0,0,121~500,§35 I 肇事致人受傷：吊扣2-4年,吊扣,3,否,期滿發還
S01777,3,週三,0,臺北市,機車,20-29歲,男,A2,0,1,1,1,尿液,愷他命,三級,1.0,2,31~60,§35 III 十年內再犯：吊銷,吊銷,3,否,重新考領
S01778,6,週三,20,新北市,機車,50-59歲,男,A2,0,1,1,0,尿液,安非他命,二級,2.0,1,31~60,§35 III 十年內再犯：吊銷,吊銷,3,否,重新考領
S01779,7,週四,14,桃園市,小客車,40-49歲,男,A2,0,1,0,1,尿液,安非他命,二級,2.0,0,31~60,§35 I 肇事致人受傷：吊扣2-4年,吊扣,2,否,期滿發還
S01780,4,週六,17,桃園市,小客車,40-49歲,女,A2,0,1,1,0,尿液,安非他命,二級,2.0,2,0~30,§35 III 十年內再犯：吊銷,吊銷,3,否,重新考領
S01781,7,週三,7,臺東縣,小客車,19歲以下,男,A2,0,1,1,0,尿液,愷他命,三級,1.0,1,31~60,§35 III 十年內再犯：吊銷,吊銷,3,否,重新考領
S01782,7,週三,7,彰化縣,貨車,50-59歲,男,A2,0,3,0,2,尿液,甲基安非他命,二級,2.0,0,0~30,§35 I 肇事致人受傷：吊扣2-4年,吊扣,4,否,期滿發還
S01783,4,週四,12,新北市,小客車,50-59歲,男,A2,0,1,0,2,尿液,甲基安非他命,二級,2.0,0,31~60,§35 I 肇事致人受傷：吊扣2-4年,吊扣,4,否,期滿發還
S01784,10,週日,23,苗栗縣,小客車,40-49歲,女,A2,0,1,0,3,尿液,愷他命,三級,1.0,0,31~60,§35 I 肇事致人受傷：吊扣2-4年,吊扣,4,否,期滿發還
S01785,6,週五,19,基隆市,機車,60歲以上,男,A2,0,3,1,0,尿液,安非他命,二級,2.0,1,0~30,§35 III 十年內再犯：吊銷,吊銷,3,否,重新考領
S01786,10,週二,18,新竹縣,機車,40-49歲,男,A2,0,1,1,2,尿液,甲基安非他命,二級,2.0,1,31~60,§35 III 十年內再犯：吊銷,吊銷,3,否,重新考領
S01787,10,週五,8,新北市,機車,20-29歲,女,A2,0,1,1,3,尿液,愷他命,三級,1.0,1,31~60,§35 III 十年內再犯：吊銷,吊銷,3,否,重新考領
S01788,7,週四,7,新北市,機車,50-59歲,男,A2,0,2,0,2,尿液,安非他命,二級,2.0,0,31~60,§35 I 肇事致人受傷：吊扣2-4年,吊扣,2,否,期滿發還
S01789,11,週二,17,臺北市,機車,40-49歲,男,A2,0,1,0,1,血液,愷他命,三級,1.0,0,31~60,§35 I 肇事致人受傷：吊扣2-4年,吊扣,2,否,期滿發還
S01790,5,週六,22,桃園市,小客車,40-49歲,女,A2,0,1,0,1,尿液,安非他命,二級,2.0,0,0~30,§35 I 肇事致人受傷：吊扣2-4年,吊扣,2,否,期滿發還
S01791,8,週二,13,臺南市,機車,50-59歲,女,A2,0,1,0,2,尿液,愷他命,三級,1.0,0,0~30,§35 I 肇事致人受傷：吊扣2-4年,吊扣,3,否,期滿發還
S01792,1,週五,20,臺東縣,小客車,40-49歲,男,A2,0,1,1,0,尿液,嗎啡,一級,3.0,1,31~60,§35 III 十年內再犯：吊銷,吊銷,3,否,重新考領
S01793,10,週二,6,南投縣,機車,40-49歲,男,A2,0,2,0,3,尿液,安非他命,二級,2.0,0,121~500,§35 I 肇事致人受傷：吊扣2-4年,吊扣,4,否,期滿發還
S01794,12,週二,18,基隆市,小客車,20-29歲,男,A2,0,1,0,3,尿液,嗎啡,一級,3.0,0,31~60,§35 I 肇事致人受傷：吊扣2-4年,吊扣,2,否,期滿發還
S01795,8,週五,20,新北市,小客車,40-49歲,男,A2,0,1,1,3,尿液,安非他命,二級,2.0,3,31~60,§35 III 十年內再犯：吊銷,吊銷,3,否,重新考領
S01796,10,週六,22,高雄市,機車,50-59歲,男,A2,0,2,1,1,尿液,嗎啡,一級,3.0,2,0~30,§35 III 十年內再犯：吊銷,吊銷,3,否,重新考領
S01797,10,週六,17,新北市,小客車,50-59歲,男,A2,0,1,0,2,尿液,甲基安非他命,二級,2.0,0,61~120,§35 I 肇事致人受傷：吊扣2-4年,吊扣,4,否,期滿發還
S01798,2,週二,8,桃園市,大客車,30-39歲,男,A2,0,1,0,3,尿液,甲基安非他命,二級,2.0,0,31~60,§35 I 肇事致人受傷：吊扣2-4年,吊扣,3,否,期滿發還
S01799,1,週二,10,臺北市,小客車,40-49歲,男,A2,0,1,1,3,尿液,安非他命,二級,2.0,1,0~30,§35 III 十年內再犯：吊銷,吊銷,3,否,重新考領
S01800,5,週四,15,新北市,小客車,19歲以下,男,A2,0,2,1,1,尿液,愷他命,三級,1.0,1,0~30,§35 III 十年內再犯：吊銷,吊銷,3,否,重新考領
S01801,4,週四,19,臺北市,小客車,50-59歲,女,A2,0,1,0,0,尿液,甲基安非他命,二級,2.0,0,0~30,§35 I 肇事致人受傷：吊扣2-4年,吊扣,4,否,期滿發還
S01802,2,週日,10,高雄市,小客車,50-59歲,男,A2,0,1,0,0,尿液,安非他命,二級,2.0,0,31~60,§35 I 肇事致人受傷：吊扣2-4年,吊扣,3,否,期滿發還
S01803,9,週五,17,高雄市,機車,40-49歲,男,A2,0,2,1,3,尿液,安非他命,二級,2.0,1,0~30,§35 III 十年內再犯：吊銷,吊銷,3,否,重新考領
S01804,8,週三,18,臺南市,機車,40-49歲,男,A2,0,1,0,0,尿液,甲基安非他命,二級,2.0,0,31~60,§35 I 肇事致人受傷：吊扣2-4年,吊扣,2,否,期滿發還
S01805,6,週一,8,新北市,機車,60歲以上,男,A2,0,1,0,0,尿液,安非他命,二級,2.0,0,0~30,§35 I 肇事致人受傷：吊扣2-4年,吊扣,2,否,期滿發還
S01806,3,週一,22,新北市,小客車,40-49歲,男,A2,0,2,1,2,尿液,甲基安非他命,二級,2.0,2,31~60,§35 III 十年內再犯：吊銷,吊銷,3,否,重新考領
S01807,3,週一,9,彰化縣,機車,40-49歲,男,A2,0,1,1,0,尿液,安非他命,二級,2.0,1,121~500,§35 III 十年內再犯：吊銷,吊銷,3,否,重新考領
S01808,12,週四,15,臺北市,機車,60歲以上,男,A2,0,1,0,3,尿液,安非他命,二級,2.0,0,0~30,§35 I 肇事致人受傷：吊扣2-4年,吊扣,3,否,期滿發還
S01809,8,週日,20,苗栗縣,貨車,40-49歲,男,A2,0,1,0,2,尿液,甲基安非他命,二級,2.0,0,121~500,§35 I 肇事致人受傷：吊扣2-4年,吊扣,2,否,期滿發還
S01810,7,週二,7,桃園市,機車,50-59歲,男,A2,0,3,0,2,尿液,甲基安非他命,二級,2.0,0,121~500,§35 I 肇事致人受傷：吊扣2-4年,吊扣,4,否,期滿發還
S01811,11,週一,12,基隆市,機車,50-59歲,男,A2,0,1,1,2,尿液,愷他命,三級,1.0,4,31~60,§35 III 十年內再犯：吊銷,吊銷,3,否,重新考領
S01812,12,週五,22,南投縣,機車,40-49歲,男,A2,0,2,1,0,尿液,安非他命,二級,2.0,2,0~30,§35 III 十年內再犯：吊銷,吊銷,3,否,重新考領
S01813,4,週日,16,新北市,小客車,50-59歲,男,A2,0,1,1,0,尿液,甲基安非他命,二級,2.0,2,31~60,§35 III 十年內再犯：吊銷,吊銷,3,否,重新考領
S01814,5,週日,9,桃園市,貨車,40-49歲,男,A2,0,1,0,1,尿液,甲基安非他命,二級,2.0,0,121~500,§35 I 肇事致人受傷：吊扣2-4年,吊扣,3,否,期滿發還
S01815,2,週日,7,花蓮縣,機車,60歲以上,男,A2,0,3,1,2,尿液,愷他命,三級,1.0,2,0~30,§35 III 十年內再犯：吊銷,吊銷,3,否,重新考領
S01816,10,週日,21,臺中市,小客車,20-29歲,男,A2,0,1,0,0,尿液,嗎啡,一級,3.0,0,61~120,§35 I 肇事致人受傷：吊扣2-4年,吊扣,4,否,期滿發還
S01817,8,週五,7,雲林縣,小客車,50-59歲,男,A2,0,1,1,1,尿液,嗎啡,一級,3.0,1,31~60,§35 III 十年內再犯：吊銷,吊銷,3,否,重新考領
S01818,3,週四,18,臺北市,小客車,50-59歲,男,A2,0,1,1,2,尿液,安非他命,二級,2.0,1,0~30,§35 III 十年內再犯：吊銷,吊銷,3,否,重新考領
S01819,4,週六,17,新北市,機車,50-59歲,男,A2,0,1,1,1,尿液,安非他命,二級,2.0,1,0~30,§35 III 十年內再犯：吊銷,吊銷,3,否,重新考領
S01820,6,週三,5,高雄市,機車,40-49歲,男,A2,0,3,1,3,尿液,甲基安非他命,二級,2.0,2,31~60,§35 III 十年內再犯：吊銷,吊銷,3,否,重新考領
S01821,9,週五,14,苗栗縣,小客車,40-49歲,男,A2,0,1,1,1,尿液,甲基安非他命,二級,2.0,1,31~60,§35 III 十年內再犯：吊銷,吊銷,3,否,重新考領
S01822,1,週二,21,臺南市,小客車,40-49歲,女,A2,0,1,0,3,尿液,愷他命,三級,1.0,0,0~30,§35 I 肇事致人受傷：吊扣2-4年,吊扣,3,否,期滿發還
S01823,12,週五,18,臺中市,小客車,20-29歲,男,A2,0,1,0,0,尿液,愷他命,三級,1.0,0,121~500,§35 I 肇事致人受傷：吊扣2-4年,吊扣,3,否,期滿發還
S01824,1,週二,19,臺南市,小客車,60歲以上,男,A2,0,0,1,1,血液,甲基安非他命,二級,2.0,3,31~60,§35 III 十年內再犯：吊銷,吊銷,3,否,重新考領
S01825,9,週二,20,高雄市,機車,40-49歲,男,A2,0,1,1,1,尿液,安非他命,二級,2.0,1,0~30,§35 III 十年內再犯：吊銷,吊銷,3,否,重新考領
S01826,2,週一,22,桃園市,機車,30-39歲,女,A2,0,1,1,3,尿液,安非他命,二級,2.0,1,0~30,§35 III 十年內再犯：吊銷,吊銷,3,否,重新考領
S01827,10,週三,18,高雄市,貨車,40-49歲,女,A2,0,1,1,3,尿液,甲基安非他命,二級,2.0,1,0~30,§35 III 十年內再犯：吊銷,吊銷,3,否,重新考領
S01828,5,週四,14,臺南市,小客車,50-59歲,男,A2,0,1,1,1,尿液,愷他命,三級,1.0,2,61~120,§35 III 十年內再犯：吊銷,吊銷,3,否,重新考領
S01829,9,週一,14,臺中市,小客車,19歲以下,男,A2,0,1,0,3,尿液,安非他命,二級,2.0,0,31~60,§35 I 肇事致人受傷：吊扣2-4年,吊扣,3,否,期滿發還
S01830,5,週二,20,臺北市,機車,50-59歲,女,A2,0,1,1,0,尿液,安非他命,二級,2.0,1,31~60,§35 III 十年內再犯：吊銷,吊銷,3,否,重新考領
S01831,7,週五,16,臺北市,小客車,30-39歲,男,A2,0,1,1,1,尿液,甲基安非他命,二級,2.0,1,31~60,§35 III 十年內再犯：吊銷,吊銷,3,否,重新考領
S01832,8,週三,0,苗栗縣,小客車,40-49歲,男,A2,0,3,1,2,尿液,甲基安非他命,二級,2.0,4,0~30,§35 III 十年內再犯：吊銷,吊銷,3,否,重新考領
S01833,12,週五,23,彰化縣,機車,19歲以下,男,A2,0,3,1,1,尿液,安非他命,二級,2.0,1,61~120,§35 III 十年內再犯：吊銷,吊銷,3,否,重新考領
S01834,10,週五,19,新北市,小客車,30-39歲,男,A2,0,1,0,2,尿液,愷他命,三級,1.0,0,31~60,§35 I 肇事致人受傷：吊扣2-4年,吊扣,2,否,期滿發還
S01835,4,週二,19,新北市,小客車,50-59歲,男,A2,0,1,0,3,血液,嗎啡,一級,3.0,0,31~60,§35 I 肇事致人受傷：吊扣2-4年,吊扣,3,否,期滿發還
S01836,7,週日,11,高雄市,小客車,50-59歲,男,A2,0,1,1,3,尿液,甲基安非他命,二級,2.0,1,121~500,§35 III 十年內再犯：吊銷,吊銷,3,否,重新考領
S01837,5,週五,23,新北市,小客車,50-59歲,女,A2,0,1,0,1,尿液,愷他命,三級,1.0,0,0~30,§35 I 肇事致人受傷：吊扣2-4年,吊扣,2,否,期滿發還
S01838,7,週一,13,苗栗縣,小客車,50-59歲,男,A2,0,1,0,1,血液,甲基安非他命,二級,2.0,0,0~30,§35 I 肇事致人受傷：吊扣2-4年,吊扣,4,否,期滿發還
S01839,11,週四,16,高雄市,機車,50-59歲,女,A2,0,2,1,3,尿液,甲基安非他命,二級,2.0,1,31~60,§35 III 十年內再犯：吊銷,吊銷,3,否,重新考領
S01840,11,週四,13,新竹市,機車,40-49歲,男,A2,0,2,0,1,尿液,愷他命,三級,1.0,0,31~60,§35 I 肇事致人受傷：吊扣2-4年,吊扣,3,否,期滿發還
S01841,9,週五,0,高雄市,機車,30-39歲,男,A2,0,1,1,1,尿液,安非他命,二級,2.0,1,0~30,§35 III 十年內再犯：吊銷,吊銷,3,否,重新考領
S01842,11,週二,19,桃園市,機車,60歲以上,男,A2,0,1,0,0,血液,安非他命,二級,2.0,0,0~30,§35 I 肇事致人受傷：吊扣2-4年,吊扣,3,否,期滿發還
S01843,3,週三,18,新竹縣,小客車,40-49歲,男,A2,0,1,1,1,尿液,愷他命,三級,1.0,4,31~60,§35 III 十年內再犯：吊銷,吊銷,3,否,重新考領
S01844,8,週四,19,新北市,小客車,40-49歲,女,A2,0,1,1,2,血液,甲基安非他命,二級,2.0,1,0~30,§35 III 十年內再犯：吊銷,吊銷,3,否,重新考領
S01845,4,週五,19,臺北市,小客車,40-49歲,男,A2,0,2,0,2,尿液,甲基安非他命,二級,2.0,0,31~60,§35 I 肇事致人受傷：吊扣2-4年,吊扣,4,否,期滿發還
S01846,5,週五,10,桃園市,小客車,50-59歲,男,A2,0,1,1,3,尿液,愷他命,三級,1.0,2,31~60,§35 III 十年內再犯：吊銷,吊銷,3,否,重新考領
S01847,4,週二,2,臺中市,小客車,50-59歲,男,A2,0,1,0,0,尿液,安非他命,二級,2.0,0,31~60,§35 I 肇事致人受傷：吊扣2-4年,吊扣,3,否,期滿發還
S01848,1,週二,8,臺北市,機車,40-49歲,男,A2,0,1,1,0,尿液,甲基安非他命,二級,2.0,2,31~60,§35 III 十年內再犯：吊銷,吊銷,3,否,重新考領
S01849,4,週日,5,新北市,機車,30-39歲,男,A2,0,1,1,2,尿液,嗎啡,一級,3.0,1,0~30,§35 III 十年內再犯：吊銷,吊銷,3,否,重新考領
S01850,9,週四,18,嘉義市,機車,30-39歲,男,A2,0,3,1,2,尿液,甲基安非他命,二級,2.0,1,0~30,§35 III 十年內再犯：吊銷,吊銷,3,否,重新考領
S01851,9,週三,20,臺南市,小客車,60歲以上,男,A2,0,1,0,1,尿液,甲基安非他命,二級,2.0,0,0~30,§35 I 肇事致人受傷：吊扣2-4年,吊扣,4,否,期滿發還
S01852,5,週一,12,屏東縣,機車,50-59歲,男,A2,0,2,1,3,血液,安非他命,二級,2.0,2,61~120,§35 III 十年內再犯：吊銷,吊銷,3,否,重新考領
S01853,10,週四,19,高雄市,貨車,40-49歲,男,A2,0,1,0,2,尿液,安非他命,二級,2.0,0,31~60,§35 I 肇事致人受傷：吊扣2-4年,吊扣,3,否,期滿發還
S01854,5,週五,9,高雄市,小客車,20-29歲,男,A2,0,1,1,0,尿液,安非他命,二級,2.0,1,0~30,§35 III 十年內再犯：吊銷,吊銷,3,否,重新考領
S01855,9,週五,18,桃園市,機車,40-49歲,女,A2,0,1,1,0,尿液,甲基安非他命,二級,2.0,1,61~120,§35 III 十年內再犯：吊銷,吊銷,3,否,重新考領
S01856,4,週四,20,新北市,機車,40-49歲,男,A2,0,1,1,3,血液,愷他命,三級,1.0,3,0~30,§35 III 十年內再犯：吊銷,吊銷,3,否,重新考領
S01857,3,週一,9,新北市,機車,60歲以上,男,A2,0,1,1,3,尿液,愷他命,三級,1.0,1,31~60,§35 III 十年內再犯：吊銷,吊銷,3,否,重新考領
S01858,5,週一,11,高雄市,機車,40-49歲,男,A2,0,1,1,1,尿液,安非他命,二級,2.0,1,121~500,§35 III 十年內再犯：吊銷,吊銷,3,否,重新考領
S01859,10,週五,17,臺北市,小客車,50-59歲,男,A2,0,1,0,3,尿液,甲基安非他命,二級,2.0,0,31~60,§35 I 肇事致人受傷：吊扣2-4年,吊扣,2,否,期滿發還
S01860,3,週三,7,基隆市,小客車,40-49歲,男,A2,0,1,1,2,尿液,甲基安非他命,二級,2.0,3,31~60,§35 III 十年內再犯：吊銷,吊銷,3,否,重新考領
S01861,4,週日,19,桃園市,機車,30-39歲,男,A2,0,1,1,1,血液,安非他命,二級,2.0,1,121~500,§35 III 十年內再犯：吊銷,吊銷,3,否,重新考領
S01862,9,週一,5,桃園市,機車,19歲以下,男,A2,0,1,0,3,尿液,甲基安非他命,二級,2.0,0,31~60,§35 I 肇事致人受傷：吊扣2-4年,吊扣,2,否,期滿發還
S01863,11,週六,14,宜蘭縣,小客車,60歲以上,男,A2,0,1,0,2,尿液,甲基安非他命,二級,2.0,0,0~30,§35 I 肇事致人受傷：吊扣2-4年,吊扣,3,否,期滿發還
S01864,3,週日,18,新北市,機車,50-59歲,男,A2,0,1,1,2,尿液,嗎啡,一級,3.0,1,31~60,§35 III 十年內再犯：吊銷,吊銷,3,否,重新考領
S01865,10,週五,19,高雄市,貨車,20-29歲,男,A2,0,1,0,3,尿液,安非他命,二級,2.0,0,121~500,§35 I 肇事致人受傷：吊扣2-4年,吊扣,2,否,期滿發還
S01866,12,週二,10,臺南市,小客車,50-59歲,男,A2,0,2,1,3,尿液,嗎啡,一級,3.0,4,31~60,§35 III 十年內再犯：吊銷,吊銷,3,否,重新考領
S01867,10,週三,19,新竹縣,小客車,40-49歲,男,A2,0,1,1,1,血液,安非他命,二級,2.0,2,61~120,§35 III 十年內再犯：吊銷,吊銷,3,否,重新考領
S01868,5,週五,20,臺南市,小客車,20-29歲,男,A2,0,1,0,3,尿液,安非他命,二級,2.0,0,31~60,§35 I 肇事致人受傷：吊扣2-4年,吊扣,4,否,期滿發還
S01869,5,週三,21,桃園市,小客車,40-49歲,女,A2,0,1,1,2,尿液,甲基安非他命,二級,2.0,1,31~60,§35 III 十年內再犯：吊銷,吊銷,3,否,重新考領
S01870,3,週四,12,臺中市,機車,40-49歲,女,A2,0,1,1,2,尿液,安非他命,二級,2.0,1,121~500,§35 III 十年內再犯：吊銷,吊銷,3,否,重新考領
S01871,2,週一,7,新竹縣,機車,50-59歲,男,A2,0,1,0,1,血液,安非他命,二級,2.0,0,0~30,§35 I 肇事致人受傷：吊扣2-4年,吊扣,3,否,期滿發還
S01872,4,週一,7,新北市,小客車,40-49歲,男,A2,0,2,1,3,尿液,安非他命,二級,2.0,1,31~60,§35 III 十年內再犯：吊銷,吊銷,3,否,重新考領
S01873,9,週五,12,桃園市,小客車,30-39歲,男,A2,0,1,0,2,尿液,安非他命,二級,2.0,0,31~60,§35 I 肇事致人受傷：吊扣2-4年,吊扣,3,否,期滿發還
S01874,4,週日,22,新北市,小客車,40-49歲,男,A2,0,1,0,2,尿液,嗎啡,一級,3.0,0,0~30,§35 I 肇事致人受傷：吊扣2-4年,吊扣,3,否,期滿發還
S01875,4,週二,12,桃園市,機車,20-29歲,男,A2,0,1,1,1,血液,愷他命,三級,1.0,1,31~60,§35 III 十年內再犯：吊銷,吊銷,3,否,重新考領
S01876,3,週一,18,苗栗縣,機車,50-59歲,男,A2,0,1,0,1,尿液,安非他命,二級,2.0,0,0~30,§35 I 肇事致人受傷：吊扣2-4年,吊扣,4,否,期滿發還
S01877,1,週五,16,嘉義縣,機車,50-59歲,女,A2,0,1,1,1,尿液,安非他命,二級,2.0,1,31~60,§35 III 十年內再犯：吊銷,吊銷,3,否,重新考領
S01878,2,週二,1,高雄市,機車,50-59歲,男,A2,0,1,1,1,尿液,甲基安非他命,二級,2.0,1,0~30,§35 III 十年內再犯：吊銷,吊銷,3,否,重新考領
S01879,5,週三,22,高雄市,小客車,40-49歲,男,A2,0,1,0,1,尿液,安非他命,二級,2.0,0,31~60,§35 I 肇事致人受傷：吊扣2-4年,吊扣,2,否,期滿發還
S01880,7,週一,17,桃園市,小客車,50-59歲,女,A2,0,1,0,1,血液,安非他命,二級,2.0,0,31~60,§35 I 肇事致人受傷：吊扣2-4年,吊扣,2,否,期滿發還
S01881,1,週一,16,臺中市,貨車,40-49歲,男,A2,0,1,0,3,尿液,安非他命,二級,2.0,0,0~30,§35 I 肇事致人受傷：吊扣2-4年,吊扣,2,否,期滿發還
S01882,8,週三,7,臺南市,機車,40-49歲,男,A2,0,1,1,0,尿液,嗎啡,一級,3.0,2,31~60,§35 III 十年內再犯：吊銷,吊銷,3,否,重新考領
S01883,1,週四,23,雲林縣,小客車,30-39歲,男,A2,0,1,1,0,尿液,甲基安非他命,二級,2.0,2,121~500,§35 III 十年內再犯：吊銷,吊銷,3,否,重新考領
S01884,2,週三,6,彰化縣,小客車,50-59歲,男,A2,0,1,1,3,血液,安非他命,二級,2.0,1,0~30,§35 III 十年內再犯：吊銷,吊銷,3,否,重新考領
S01885,1,週日,16,臺南市,機車,50-59歲,女,A2,0,1,1,3,尿液,嗎啡,一級,3.0,1,0~30,§35 III 十年內再犯：吊銷,吊銷,3,否,重新考領
S01886,7,週二,23,雲林縣,機車,40-49歲,男,A2,0,1,0,3,尿液,愷他命,三級,1.0,0,31~60,§35 I 肇事致人受傷：吊扣2-4年,吊扣,4,否,期滿發還
S01887,4,週五,18,臺中市,機車,40-49歲,女,A2,0,1,0,0,尿液,甲基安非他命,二級,2.0,0,0~30,§35 I 肇事致人受傷：吊扣2-4年,吊扣,2,否,期滿發還
S01888,8,週二,12,臺北市,小客車,60歲以上,男,A2,0,1,0,0,血液,甲基安非他命,二級,2.0,0,0~30,§35 I 肇事致人受傷：吊扣2-4年,吊扣,2,否,期滿發還
S01889,11,週二,9,臺中市,機車,40-49歲,男,A2,0,1,1,1,尿液,愷他命,三級,1.0,3,0~30,§35 III 十年內再犯：吊銷,吊銷,3,否,重新考領
S01890,10,週四,11,雲林縣,機車,30-39歲,男,A2,0,2,1,1,尿液,甲基安非他命,二級,2.0,1,61~120,§35 III 十年內再犯：吊銷,吊銷,3,否,重新考領
S01891,7,週三,0,臺中市,小客車,30-39歲,男,A2,0,1,1,0,血液,甲基安非他命,二級,2.0,2,31~60,§35 III 十年內再犯：吊銷,吊銷,3,否,重新考領
S01892,3,週五,11,高雄市,小客車,60歲以上,男,A2,0,1,0,3,尿液,安非他命,二級,2.0,0,0~30,§35 I 肇事致人受傷：吊扣2-4年,吊扣,3,否,期滿發還
S01893,5,週六,8,臺北市,機車,40-49歲,男,A2,0,1,1,0,尿液,甲基安非他命,二級,2.0,3,0~30,§35 III 十年內再犯：吊銷,吊銷,3,否,重新考領
S01894,5,週一,19,宜蘭縣,小客車,50-59歲,男,A2,0,1,1,3,尿液,甲基安非他命,二級,2.0,2,31~60,§35 III 十年內再犯：吊銷,吊銷,3,否,重新考領
S01895,10,週六,22,嘉義市,機車,50-59歲,男,A2,0,1,1,0,尿液,嗎啡,一級,3.0,2,31~60,§35 III 十年內再犯：吊銷,吊銷,3,否,重新考領
S01896,5,週三,18,桃園市,小客車,50-59歲,男,A2,0,1,1,0,尿液,甲基安非他命,二級,2.0,1,31~60,§35 III 十年內再犯：吊銷,吊銷,3,否,重新考領
S01897,12,週日,21,臺南市,機車,20-29歲,男,A2,0,1,1,0,尿液,安非他命,二級,2.0,1,0~30,§35 III 十年內再犯：吊銷,吊銷,3,否,重新考領
S01898,5,週四,12,新北市,小客車,60歲以上,女,A2,0,1,0,3,尿液,甲基安非他命,二級,2.0,0,0~30,§35 I 肇事致人受傷：吊扣2-4年,吊扣,2,否,期滿發還
S01899,8,週六,5,新竹市,小客車,30-39歲,男,A2,0,2,1,2,血液,甲基安非他命,二級,2.0,1,31~60,§35 III 十年內再犯：吊銷,吊銷,3,否,重新考領
S01900,4,週一,8,臺北市,機車,50-59歲,男,A2,0,1,1,2,尿液,嗎啡,一級,3.0,3,31~60,§35 III 十年內再犯：吊銷,吊銷,3,否,重新考領
S01901,7,週五,9,彰化縣,小客車,50-59歲,男,A2,0,1,1,2,尿液,甲基安非他命,二級,2.0,4,31~60,§35 III 十年內再犯：吊銷,吊銷,3,否,重新考領
S01902,10,週三,18,桃園市,機車,60歲以上,男,A2,0,1,0,2,血液,安非他命,二級,2.0,0,0~30,§35 I 肇事致人受傷：吊扣2-4年,吊扣,3,否,期滿發還
S01903,1,週三,14,雲林縣,機車,50-59歲,男,A2,0,2,1,3,尿液,安非他命,二級,2.0,1,31~60,§35 III 十年內再犯：吊銷,吊銷,3,否,重新考領
S01904,2,週六,8,屏東縣,機車,60歲以上,女,A2,0,2,1,1,尿液,甲基安非他命,二級,2.0,1,31~60,§35 III 十年內再犯：吊銷,吊銷,3,否,重新考領
S01905,11,週四,11,臺中市,機車,40-49歲,男,A2,0,1,0,3,血液,安非他命,二級,2.0,0,31~60,§35 I 肇事致人受傷：吊扣2-4年,吊扣,2,否,期滿發還
S01906,12,週日,12,新北市,機車,40-49歲,男,A2,0,1,1,0,尿液,甲基安非他命,二級,2.0,2,31~60,§35 III 十年內再犯：吊銷,吊銷,3,否,重新考領
S01907,12,週二,18,彰化縣,機車,20-29歲,男,A2,0,1,1,2,尿液,安非他命,二級,2.0,1,0~30,§35 III 十年內再犯：吊銷,吊銷,3,否,重新考領
S01908,8,週三,19,臺中市,小客車,50-59歲,男,A2,0,1,0,2,尿液,甲基安非他命,二級,2.0,0,0~30,§35 I 肇事致人受傷：吊扣2-4年,吊扣,2,否,期滿發還
S01909,3,週日,16,桃園市,機車,30-39歲,男,A2,0,1,0,2,尿液,安非他命,二級,2.0,0,61~120,§35 I 肇事致人受傷：吊扣2-4年,吊扣,4,否,期滿發還
S01910,5,週六,17,桃園市,小客車,60歲以上,男,A2,0,1,1,0,尿液,愷他命,三級,1.0,1,31~60,§35 III 十年內再犯：吊銷,吊銷,3,否,重新考領
S01911,6,週一,22,新北市,小客車,30-39歲,男,A2,0,1,1,1,尿液,甲基安非他命,二級,2.0,1,0~30,§35 III 十年內再犯：吊銷,吊銷,3,否,重新考領
S01912,7,週六,15,新北市,機車,50-59歲,男,A2,0,1,1,3,尿液,安非他命,二級,2.0,1,31~60,§35 III 十年內再犯：吊銷,吊銷,3,否,重新考領
S01913,1,週二,18,嘉義縣,機車,50-59歲,男,A2,0,2,1,2,尿液,甲基安非他命,二級,2.0,1,0~30,§35 III 十年內再犯：吊銷,吊銷,3,否,重新考領
S01914,8,週四,14,基隆市,機車,20-29歲,男,A2,0,3,0,2,尿液,嗎啡,一級,3.0,0,0~30,§35 I 肇事致人受傷：吊扣2-4年,吊扣,2,否,期滿發還
S01915,7,週二,19,高雄市,小客車,60歲以上,男,A2,0,2,0,1,尿液,安非他命,二級,2.0,0,31~60,§35 I 肇事致人受傷：吊扣2-4年,吊扣,2,否,期滿發還
S01916,7,週二,20,新北市,機車,40-49歲,男,A2,0,1,0,3,尿液,安非他命,二級,2.0,0,61~120,§35 I 肇事致人受傷：吊扣2-4年,吊扣,2,否,期滿發還
S01917,10,週日,17,桃園市,機車,60歲以上,男,A2,0,2,0,2,尿液,安非他命,二級,2.0,0,0~30,§35 I 肇事致人受傷：吊扣2-4年,吊扣,4,否,期滿發還
S01918,9,週日,20,高雄市,機車,40-49歲,男,A2,0,1,1,1,尿液,甲基安非他命,二級,2.0,1,31~60,§35 III 十年內再犯：吊銷,吊銷,3,否,重新考領
S01919,7,週一,14,臺北市,機車,50-59歲,男,A2,0,1,1,3,尿液,愷他命,三級,1.0,1,0~30,§35 III 十年內再犯：吊銷,吊銷,3,否,重新考領
S01920,5,週五,20,臺北市,機車,30-39歲,男,A2,0,2,1,1,尿液,安非他命,二級,2.0,1,31~60,§35 III 十年內再犯：吊銷,吊銷,3,否,重新考領
S01921,7,週二,9,臺北市,小客車,40-49歲,男,A2,0,1,0,1,血液,甲基安非他命,二級,2.0,0,121~500,§35 I 肇事致人受傷：吊扣2-4年,吊扣,2,否,期滿發還
S01922,5,週三,22,彰化縣,小客車,40-49歲,男,A2,0,1,1,2,尿液,嗎啡,一級,3.0,1,31~60,§35 III 十年內再犯：吊銷,吊銷,3,否,重新考領
S01923,11,週三,12,桃園市,機車,20-29歲,男,A2,0,1,1,3,尿液,甲基安非他命,二級,2.0,4,0~30,§35 III 十年內再犯：吊銷,吊銷,3,否,重新考領
S01924,4,週一,15,桃園市,機車,30-39歲,男,A2,0,1,0,0,尿液,愷他命,三級,1.0,0,0~30,§35 I 肇事致人受傷：吊扣2-4年,吊扣,2,否,期滿發還
S01925,10,週六,6,苗栗縣,小客車,40-49歲,男,A2,0,2,1,3,尿液,愷他命,三級,1.0,1,31~60,§35 III 十年內再犯：吊銷,吊銷,3,否,重新考領
S01926,3,週四,7,臺北市,大客車,40-49歲,女,A2,0,1,0,0,尿液,甲基安非他命,二級,2.0,0,0~30,§35 I 肇事致人受傷：吊扣2-4年,吊扣,4,否,期滿發還
S01927,11,週二,13,臺中市,機車,20-29歲,女,A2,0,1,0,0,尿液,愷他命,三級,1.0,0,0~30,§35 I 肇事致人受傷：吊扣2-4年,吊扣,4,否,期滿發還
S01928,5,週四,1,高雄市,小客車,60歲以上,男,A2,0,1,1,0,尿液,嗎啡,一級,3.0,1,121~500,§35 III 十年內再犯：吊銷,吊銷,3,否,重新考領
S01929,8,週六,7,花蓮縣,小客車,50-59歲,男,A2,0,1,1,2,尿液,甲基安非他命,二級,2.0,1,0~30,§35 III 十年內再犯：吊銷,吊銷,3,否,重新考領
S01930,2,週五,18,雲林縣,小客車,40-49歲,男,A2,0,1,1,1,尿液,甲基安非他命,二級,2.0,1,31~60,§35 III 十年內再犯：吊銷,吊銷,3,否,重新考領
S01931,6,週一,0,高雄市,貨車,40-49歲,男,A2,0,1,1,2,尿液,安非他命,二級,2.0,1,31~60,§35 III 十年內再犯：吊銷,吊銷,3,否,重新考領
S01932,9,週四,21,新竹市,機車,20-29歲,男,A2,0,1,0,2,尿液,安非他命,二級,2.0,0,31~60,§35 I 肇事致人受傷：吊扣2-4年,吊扣,3,否,期滿發還
S01933,11,週一,19,彰化縣,小客車,40-49歲,男,A2,0,1,1,2,尿液,甲基安非他命,二級,2.0,1,121~500,§35 III 十年內再犯：吊銷,吊銷,3,否,重新考領
S01934,10,週三,20,桃園市,小客車,40-49歲,女,A2,0,2,1,1,尿液,愷他命,三級,1.0,1,0~30,§35 III 十年內再犯：吊銷,吊銷,3,否,重新考領
S01935,7,週日,18,新北市,小客車,30-39歲,女,A2,0,1,0,1,尿液,MDMA,二級,2.0,0,31~60,§35 I 肇事致人受傷：吊扣2-4年,吊扣,2,否,期滿發還
S01936,5,週二,13,高雄市,小客車,50-59歲,男,A2,0,1,1,1,尿液,甲基安非他命,二級,2.0,2,0~30,§35 III 十年內再犯：吊銷,吊銷,3,否,重新考領
S01937,9,週一,21,宜蘭縣,機車,40-49歲,男,A2,0,1,0,0,尿液,嗎啡,一級,3.0,0,121~500,§35 I 肇事致人受傷：吊扣2-4年,吊扣,4,否,期滿發還
S01938,4,週六,16,臺中市,小客車,60歲以上,男,A2,0,1,0,1,尿液,甲基安非他命,二級,2.0,0,31~60,§35 I 肇事致人受傷：吊扣2-4年,吊扣,2,否,期滿發還
S01939,8,週二,8,雲林縣,機車,40-49歲,男,A2,0,1,0,3,尿液,愷他命,三級,1.0,0,0~30,§35 I 肇事致人受傷：吊扣2-4年,吊扣,4,否,期滿發還
S01940,11,週三,20,臺南市,貨車,40-49歲,男,A2,0,1,0,3,尿液,甲基安非他命,二級,2.0,0,31~60,§35 I 肇事致人受傷：吊扣2-4年,吊扣,3,否,期滿發還
S01941,10,週五,18,屏東縣,小客車,40-49歲,男,A2,0,1,1,1,尿液,安非他命,二級,2.0,2,31~60,§35 III 十年內再犯：吊銷,吊銷,3,否,重新考領
S01942,10,週四,20,新北市,機車,60歲以上,男,A2,0,2,0,3,尿液,愷他命,三級,1.0,0,0~30,§35 I 肇事致人受傷：吊扣2-4年,吊扣,2,否,期滿發還
S01943,12,週一,18,臺中市,小客車,60歲以上,男,A2,0,1,0,1,尿液,嗎啡,一級,3.0,0,31~60,§35 I 肇事致人受傷：吊扣2-4年,吊扣,3,否,期滿發還
S01944,4,週五,10,南投縣,機車,50-59歲,男,A2,0,1,0,1,尿液,安非他命,二級,2.0,0,121~500,§35 I 肇事致人受傷：吊扣2-4年,吊扣,4,否,期滿發還
S01945,10,週三,16,臺中市,貨車,40-49歲,男,A2,0,1,0,0,尿液,嗎啡,一級,3.0,0,0~30,§35 I 肇事致人受傷：吊扣2-4年,吊扣,2,否,期滿發還
S01946,7,週三,1,臺北市,機車,40-49歲,男,A2,0,2,1,3,尿液,愷他命,三級,1.0,2,31~60,§35 III 十年內再犯：吊銷,吊銷,3,否,重新考領
S01947,5,週五,15,新北市,小客車,60歲以上,男,A2,0,2,1,1,尿液,愷他命,三級,1.0,3,121~500,§35 III 十年內再犯：吊銷,吊銷,3,否,重新考領
S01948,10,週四,21,桃園市,小客車,20-29歲,男,A2,0,2,0,1,尿液,甲基安非他命,二級,2.0,0,31~60,§35 I 肇事致人受傷：吊扣2-4年,吊扣,3,否,期滿發還
S01949,10,週一,23,新竹市,小客車,40-49歲,男,A2,0,2,0,0,尿液,安非他命,二級,2.0,0,0~30,§35 I 肇事致人受傷：吊扣2-4年,吊扣,3,否,期滿發還
S01950,3,週三,0,基隆市,機車,30-39歲,男,A2,0,2,1,3,尿液,愷他命,三級,1.0,2,0~30,§35 III 十年內再犯：吊銷,吊銷,3,否,重新考領
S01951,8,週六,14,高雄市,小客車,40-49歲,男,A2,0,2,1,3,尿液,嗎啡,一級,3.0,4,31~60,§35 III 十年內再犯：吊銷,吊銷,3,否,重新考領
S01952,10,週一,22,桃園市,機車,30-39歲,男,A2,0,2,1,2,血液,安非他命,二級,2.0,3,0~30,§35 III 十年內再犯：吊銷,吊銷,3,否,重新考領
S01953,6,週四,13,新竹縣,機車,50-59歲,男,A2,0,1,0,3,尿液,安非他命,二級,2.0,0,121~500,§35 I 肇事致人受傷：吊扣2-4年,吊扣,4,否,期滿發還
S01954,5,週日,10,臺中市,小客車,19歲以下,女,A2,0,1,0,1,尿液,甲基安非他命,二級,2.0,0,31~60,§35 I 肇事致人受傷：吊扣2-4年,吊扣,2,否,期滿發還
S01955,1,週四,20,嘉義市,小客車,40-49歲,女,A2,0,1,1,0,尿液,安非他命,二級,2.0,1,31~60,§35 III 十年內再犯：吊銷,吊銷,3,否,重新考領
S01956,9,週二,11,高雄市,機車,40-49歲,男,A2,0,2,0,2,尿液,甲基安非他命,二級,2.0,0,31~60,§35 I 肇事致人受傷：吊扣2-4年,吊扣,3,否,期滿發還
S01957,6,週四,7,嘉義縣,機車,40-49歲,男,A2,0,1,1,0,血液,安非他命,二級,2.0,1,31~60,§35 III 十年內再犯：吊銷,吊銷,3,否,重新考領
S01958,2,週日,15,花蓮縣,機車,40-49歲,女,A2,0,1,0,2,尿液,安非他命,二級,2.0,0,31~60,§35 I 肇事致人受傷：吊扣2-4年,吊扣,3,否,期滿發還
S01959,5,週二,8,花蓮縣,小客車,40-49歲,男,A2,0,3,1,1,尿液,甲基安非他命,二級,2.0,1,0~30,§35 III 十年內再犯：吊銷,吊銷,3,否,重新考領
S01960,12,週一,18,嘉義市,機車,40-49歲,男,A2,0,3,0,1,血液,安非他命,二級,2.0,0,0~30,§35 I 肇事致人受傷：吊扣2-4年,吊扣,3,否,期滿發還
S01961,2,週四,11,高雄市,小客車,40-49歲,男,A2,0,1,0,1,尿液,甲基安非他命,二級,2.0,0,61~120,§35 I 肇事致人受傷：吊扣2-4年,吊扣,2,否,期滿發還
S01962,8,週六,7,新北市,機車,20-29歲,女,A2,0,1,1,1,尿液,安非他命,二級,2.0,1,0~30,§35 III 十年內再犯：吊銷,吊銷,3,否,重新考領
S01963,10,週二,8,新北市,機車,40-49歲,男,A2,0,1,0,2,尿液,嗎啡,一級,3.0,0,31~60,§35 I 肇事致人受傷：吊扣2-4年,吊扣,2,否,期滿發還
S01964,3,週三,10,臺中市,機車,40-49歲,男,A2,0,1,0,2,尿液,甲基安非他命,二級,2.0,0,121~500,§35 I 肇事致人受傷：吊扣2-4年,吊扣,3,否,期滿發還
S01965,10,週日,12,新北市,機車,40-49歲,男,A2,0,1,1,2,尿液,嗎啡,一級,3.0,2,31~60,§35 III 十年內再犯：吊銷,吊銷,3,否,重新考領
S01966,7,週二,19,臺中市,小客車,50-59歲,男,A2,0,1,1,1,尿液,甲基安非他命,二級,2.0,2,0~30,§35 III 十年內再犯：吊銷,吊銷,3,否,重新考領
S01967,9,週五,18,臺南市,小客車,40-49歲,男,A2,0,1,1,0,尿液,安非他命,二級,2.0,1,0~30,§35 III 十年內再犯：吊銷,吊銷,3,否,重新考領
S01968,10,週一,19,臺南市,小客車,30-39歲,男,A2,0,1,1,1,尿液,甲基安非他命,二級,2.0,1,31~60,§35 III 十年內再犯：吊銷,吊銷,3,否,重新考領
S01969,4,週三,17,新北市,小客車,50-59歲,男,A2,0,1,1,0,血液,安非他命,二級,2.0,1,0~30,§35 III 十年內再犯：吊銷,吊銷,3,否,重新考領
S01970,7,週日,7,臺南市,小客車,50-59歲,男,A2,0,1,1,3,尿液,甲基安非他命,二級,2.0,3,0~30,§35 III 十年內再犯：吊銷,吊銷,3,否,重新考領
S01971,10,週日,14,新北市,機車,19歲以下,男,A2,0,1,1,0,尿液,甲基安非他命,二級,2.0,1,31~60,§35 III 十年內再犯：吊銷,吊銷,3,否,重新考領
S01972,7,週一,22,新北市,小客車,40-49歲,男,A2,0,1,0,3,尿液,甲基安非他命,二級,2.0,0,31~60,§35 I 肇事致人受傷：吊扣2-4年,吊扣,3,否,期滿發還
S01973,5,週一,23,新竹市,機車,40-49歲,男,A2,0,1,0,0,尿液,安非他命,二級,2.0,0,61~120,§35 I 肇事致人受傷：吊扣2-4年,吊扣,4,否,期滿發還
S01974,6,週六,18,嘉義縣,機車,40-49歲,男,A2,0,1,0,1,尿液,甲基安非他命,二級,2.0,0,0~30,§35 I 肇事致人受傷：吊扣2-4年,吊扣,3,否,期滿發還
S01975,8,週四,19,桃園市,小客車,40-49歲,男,A2,0,2,1,2,尿液,安非他命,二級,2.0,2,31~60,§35 III 十年內再犯：吊銷,吊銷,3,否,重新考領
S01976,2,週五,0,屏東縣,機車,50-59歲,男,A2,0,1,0,2,尿液,愷他命,三級,1.0,0,31~60,§35 I 肇事致人受傷：吊扣2-4年,吊扣,4,否,期滿發還
S01977,9,週六,19,桃園市,機車,50-59歲,男,A2,0,1,0,2,血液,安非他命,二級,2.0,0,0~30,§35 I 肇事致人受傷：吊扣2-4年,吊扣,2,否,期滿發還
S01978,7,週三,8,臺南市,小客車,40-49歲,男,A2,0,1,1,0,尿液,甲基安非他命,二級,2.0,2,0~30,§35 III 十年內再犯：吊銷,吊銷,3,否,重新考領
S01979,7,週四,17,彰化縣,小客車,60歲以上,男,A2,0,2,0,3,尿液,安非他命,二級,2.0,0,31~60,§35 I 肇事致人受傷：吊扣2-4年,吊扣,3,否,期滿發還
S01980,4,週二,11,臺南市,小客車,40-49歲,女,A2,0,1,0,1,血液,嗎啡,一級,3.0,0,0~30,§35 I 肇事致人受傷：吊扣2-4年,吊扣,2,否,期滿發還
S01981,10,週日,18,臺北市,機車,40-49歲,男,A2,0,2,1,2,尿液,安非他命,二級,2.0,1,31~60,§35 III 十年內再犯：吊銷,吊銷,3,否,重新考領
S01982,4,週三,20,雲林縣,機車,40-49歲,男,A2,0,1,1,3,尿液,安非他命,二級,2.0,2,31~60,§35 III 十年內再犯：吊銷,吊銷,3,否,重新考領
S01983,3,週五,21,宜蘭縣,小客車,60歲以上,男,A2,0,2,1,3,尿液,嗎啡,一級,3.0,1,31~60,§35 III 十年內再犯：吊銷,吊銷,3,否,重新考領
S01984,11,週六,8,高雄市,小客車,50-59歲,女,A2,0,1,1,1,血液,甲基安非他命,二級,2.0,1,0~30,§35 III 十年內再犯：吊銷,吊銷,3,否,重新考領
S01985,1,週五,17,桃園市,機車,40-49歲,女,A2,0,2,1,3,尿液,甲基安非他命,二級,2.0,1,31~60,§35 III 十年內再犯：吊銷,吊銷,3,否,重新考領
S01986,1,週四,13,苗栗縣,小客車,60歲以上,男,A2,0,2,0,3,尿液,安非他命,二級,2.0,0,31~60,§35 I 肇事致人受傷：吊扣2-4年,吊扣,3,否,期滿發還
S01987,4,週四,1,新北市,機車,50-59歲,男,A2,0,1,1,1,尿液,甲基安非他命,二級,2.0,2,31~60,§35 III 十年內再犯：吊銷,吊銷,3,否,重新考領
S01988,5,週一,18,臺南市,機車,40-49歲,男,A2,0,1,0,2,尿液,愷他命,三級,1.0,0,0~30,§35 I 肇事致人受傷：吊扣2-4年,吊扣,3,否,期滿發還
S01989,3,週四,8,彰化縣,機車,40-49歲,男,A2,0,1,1,3,尿液,甲基安非他命,二級,2.0,1,61~120,§35 III 十年內再犯：吊銷,吊銷,3,否,重新考領
S01990,7,週三,21,高雄市,機車,30-39歲,男,A2,0,1,1,2,尿液,愷他命,三級,1.0,2,31~60,§35 III 十年內再犯：吊銷,吊銷,3,否,重新考領
S01991,7,週日,17,臺北市,機車,60歲以上,男,A2,0,2,1,2,尿液,嗎啡,一級,3.0,2,31~60,§35 III 十年內再犯：吊銷,吊銷,3,否,重新考領
S01992,10,週日,16,新北市,機車,40-49歲,男,A2,0,2,1,0,尿液,安非他命,二級,2.0,1,0~30,§35 III 十年內再犯：吊銷,吊銷,3,否,重新考領
S01993,3,週五,22,臺中市,小客車,40-49歲,女,A2,0,1,0,0,尿液,甲基安非他命,二級,2.0,0,31~60,§35 I 肇事致人受傷：吊扣2-4年,吊扣,3,否,期滿發還
S01994,7,週四,17,臺北市,機車,40-49歲,男,A2,0,1,1,3,尿液,安非他命,二級,2.0,2,31~60,§35 III 十年內再犯：吊銷,吊銷,3,否,重新考領
S01995,12,週六,18,臺北市,機車,30-39歲,男,A2,0,2,1,1,尿液,安非他命,二級,2.0,1,31~60,§35 III 十年內再犯：吊銷,吊銷,3,否,重新考領
S01996,10,週日,18,臺中市,小客車,60歲以上,男,A2,0,1,1,3,尿液,甲基安非他命,二級,2.0,2,0~30,§35 III 十年內再犯：吊銷,吊銷,3,否,重新考領
S01997,10,週二,19,新北市,小客車,40-49歲,男,A2,0,1,0,1,尿液,安非他命,二級,2.0,0,0~30,§35 I 肇事致人受傷：吊扣2-4年,吊扣,4,否,期滿發還
S01998,7,週二,23,新北市,機車,30-39歲,男,A2,0,1,0,2,尿液,嗎啡,一級,3.0,0,31~60,§35 I 肇事致人受傷：吊扣2-4年,吊扣,4,否,期滿發還
S01999,3,週四,11,新北市,小客車,40-49歲,男,A2,0,1,1,2,尿液,愷他命,三級,1.0,1,0~30,§35 III 十年內再犯：吊銷,吊銷,3,否,重新考領
S02000,5,週六,15,新北市,機車,40-49歲,男,A2,0,1,1,0,尿液,安非他命,二級,2.0,2,0~30,§35 III 十年內再犯：吊銷,吊銷,3,否,重新考領
S02001,6,週三,9,新北市,機車,50-59歲,男,A2,0,1,1,1,尿液,安非他命,二級,2.0,1,0~30,§35 III 十年內再犯：吊銷,吊銷,3,否,重新考領
S02002,11,週二,21,臺北市,機車,19歲以下,男,A2,0,1,1,0,尿液,甲基安非他命,二級,2.0,1,0~30,§35 III 十年內再犯：吊銷,吊銷,3,否,重新考領
S02003,1,週六,16,新北市,小客車,30-39歲,女,A2,0,2,1,2,尿液,愷他命,三級,1.0,1,31~60,§35 III 十年內再犯：吊銷,吊銷,3,否,重新考領
S02004,8,週三,10,新北市,機車,50-59歲,女,A2,0,1,0,3,尿液,安非他命,二級,2.0,0,31~60,§35 I 肇事致人受傷：吊扣2-4年,吊扣,2,否,期滿發還
S02005,1,週二,13,臺南市,小客車,50-59歲,男,A2,0,2,0,2,尿液,愷他命,三級,1.0,0,31~60,§35 I 肇事致人受傷：吊扣2-4年,吊扣,2,否,期滿發還
S02006,10,週四,10,臺中市,機車,30-39歲,男,A2,0,1,1,0,尿液,嗎啡,一級,3.0,1,31~60,§35 III 十年內再犯：吊銷,吊銷,3,否,重新考領
S02007,10,週日,17,嘉義市,小客車,40-49歲,女,A2,0,1,1,3,尿液,安非他命,二級,2.0,1,31~60,§35 III 十年內再犯：吊銷,吊銷,3,否,重新考領
S02008,9,週三,12,新北市,機車,40-49歲,女,A2,0,1,0,1,尿液,甲基安非他命,二級,2.0,0,31~60,§35 I 肇事致人受傷：吊扣2-4年,吊扣,3,否,期滿發還
S02009,12,週日,18,新北市,機車,50-59歲,男,A2,0,1,1,3,尿液,安非他命,二級,2.0,1,121~500,§35 III 十年內再犯：吊銷,吊銷,3,否,重新考領
S02010,11,週一,20,花蓮縣,小客車,40-49歲,男,A2,0,2,0,2,尿液,嗎啡,一級,3.0,0,0~30,§35 I 肇事致人受傷：吊扣2-4年,吊扣,4,否,期滿發還
S02011,4,週六,18,新北市,機車,40-49歲,男,A2,0,1,1,2,尿液,安非他命,二級,2.0,1,31~60,§35 III 十年內再犯：吊銷,吊銷,3,否,重新考領
S02012,7,週六,8,桃園市,小客車,30-39歲,男,A2,0,1,1,2,尿液,嗎啡,一級,3.0,2,61~120,§35 III 十年內再犯：吊銷,吊銷,3,否,重新考領
S02013,6,週日,7,新北市,機車,40-49歲,男,A2,0,1,1,1,尿液,甲基安非他命,二級,2.0,2,0~30,§35 III 十年內再犯：吊銷,吊銷,3,否,重新考領
S02014,3,週一,7,桃園市,機車,50-59歲,男,A2,0,1,0,2,尿液,甲基安非他命,二級,2.0,0,61~120,§35 I 肇事致人受傷：吊扣2-4年,吊扣,3,否,期滿發還
S02015,11,週一,5,臺南市,機車,50-59歲,男,A2,0,2,0,2,尿液,愷他命,三級,1.0,0,31~60,§35 I 肇事致人受傷：吊扣2-4年,吊扣,2,否,期滿發還
S02016,2,週日,2,嘉義市,機車,19歲以下,女,A2,0,1,1,2,尿液,甲基安非他命,二級,2.0,1,31~60,§35 III 十年內再犯：吊銷,吊銷,3,否,重新考領
S02017,4,週二,7,新北市,小客車,50-59歲,男,A2,0,1,1,2,尿液,甲基安非他命,二級,2.0,1,31~60,§35 III 十年內再犯：吊銷,吊銷,3,否,重新考領
S02018,9,週日,6,新北市,貨車,40-49歲,男,A2,0,1,1,2,尿液,甲基安非他命,二級,2.0,4,61~120,§35 III 十年內再犯：吊銷,吊銷,3,否,重新考領
S02019,10,週二,23,臺北市,小客車,40-49歲,男,A2,0,1,1,1,尿液,安非他命,二級,2.0,1,31~60,§35 III 十年內再犯：吊銷,吊銷,3,否,重新考領
S02020,1,週一,14,臺北市,機車,20-29歲,男,A2,0,1,1,2,尿液,甲基安非他命,二級,2.0,2,31~60,§35 III 十年內再犯：吊銷,吊銷,3,否,重新考領
S02021,2,週四,18,臺中市,機車,50-59歲,男,A2,0,1,1,3,尿液,甲基安非他命,二級,2.0,2,31~60,§35 III 十年內再犯：吊銷,吊銷,3,否,重新考領
S02022,4,週一,13,苗栗縣,機車,30-39歲,女,A2,0,1,0,3,尿液,安非他命,二級,2.0,0,31~60,§35 I 肇事致人受傷：吊扣2-4年,吊扣,4,否,期滿發還
S02023,4,週一,9,高雄市,機車,20-29歲,女,A2,0,1,1,0,尿液,安非他命,二級,2.0,1,31~60,§35 III 十年內再犯：吊銷,吊銷,3,否,重新考領
S02024,10,週三,19,臺北市,機車,50-59歲,男,A2,0,1,1,2,尿液,愷他命,三級,1.0,1,31~60,§35 III 十年內再犯：吊銷,吊銷,3,否,重新考領
S02025,4,週六,22,彰化縣,小客車,30-39歲,男,A2,0,1,1,1,尿液,愷他命,三級,1.0,2,31~60,§35 III 十年內再犯：吊銷,吊銷,3,否,重新考領
S02026,6,週三,18,屏東縣,小客車,30-39歲,男,A2,0,1,1,1,尿液,愷他命,三級,1.0,1,31~60,§35 III 十年內再犯：吊銷,吊銷,3,否,重新考領
S02027,4,週二,8,桃園市,機車,40-49歲,男,A2,0,1,0,1,尿液,安非他命,二級,2.0,0,0~30,§35 I 肇事致人受傷：吊扣2-4年,吊扣,2,否,期滿發還
S02028,12,週四,20,新北市,機車,40-49歲,男,A2,0,1,1,2,血液,安非他命,二級,2.0,2,0~30,§35 III 十年內再犯：吊銷,吊銷,3,否,重新考領
S02029,4,週四,9,苗栗縣,機車,40-49歲,男,A2,0,2,1,0,血液,安非他命,二級,2.0,1,31~60,§35 III 十年內再犯：吊銷,吊銷,3,否,重新考領
S02030,5,週五,8,桃園市,機車,40-49歲,男,A2,0,1,1,3,尿液,甲基安非他命,二級,2.0,2,121~500,§35 III 十年內再犯：吊銷,吊銷,3,否,重新考領
S02031,4,週二,20,彰化縣,機車,50-59歲,男,A2,0,1,1,2,尿液,嗎啡,一級,3.0,1,0~30,§35 III 十年內再犯：吊銷,吊銷,3,否,重新考領
S02032,3,週六,18,新北市,機車,30-39歲,男,A2,0,1,0,3,尿液,嗎啡,一級,3.0,0,0~30,§35 I 肇事致人受傷：吊扣2-4年,吊扣,4,否,期滿發還
S02033,1,週六,15,新北市,機車,40-49歲,男,A2,0,1,0,3,尿液,安非他命,二級,2.0,0,31~60,§35 I 肇事致人受傷：吊扣2-4年,吊扣,2,否,期滿發還
S02034,3,週六,14,桃園市,小客車,40-49歲,男,A2,0,1,1,0,尿液,嗎啡,一級,3.0,1,31~60,§35 III 十年內再犯：吊銷,吊銷,3,否,重新考領
S02035,10,週日,0,高雄市,小客車,20-29歲,男,A2,0,1,1,3,尿液,甲基安非他命,二級,2.0,1,31~60,§35 III 十年內再犯：吊銷,吊銷,3,否,重新考領
S02036,11,週二,16,雲林縣,小客車,40-49歲,女,A2,0,1,1,2,血液,甲基安非他命,二級,2.0,4,0~30,§35 III 十年內再犯：吊銷,吊銷,3,否,重新考領
S02037,8,週日,8,新竹市,小客車,40-49歲,男,A2,0,1,1,3,尿液,安非他命,二級,2.0,1,0~30,§35 III 十年內再犯：吊銷,吊銷,3,否,重新考領
S02038,10,週二,15,雲林縣,小客車,20-29歲,男,A2,0,1,1,0,尿液,甲基安非他命,二級,2.0,3,0~30,§35 III 十年內再犯：吊銷,吊銷,3,否,重新考領
S02039,6,週三,18,雲林縣,小客車,40-49歲,男,A2,0,1,1,3,尿液,愷他命,三級,1.0,2,31~60,§35 III 十年內再犯：吊銷,吊銷,3,否,重新考領
S02040,8,週日,13,臺中市,機車,40-49歲,男,A2,0,1,0,2,尿液,嗎啡,一級,3.0,0,0~30,§35 I 肇事致人受傷：吊扣2-4年,吊扣,2,否,期滿發還
S02041,7,週四,18,新竹縣,小客車,40-49歲,男,A2,0,2,1,1,血液,愷他命,三級,1.0,1,0~30,§35 III 十年內再犯：吊銷,吊銷,3,否,重新考領
S02042,7,週五,18,高雄市,機車,40-49歲,男,A2,0,1,0,0,尿液,安非他命,二級,2.0,0,0~30,§35 I 肇事致人受傷：吊扣2-4年,吊扣,3,否,期滿發還
S02043,11,週三,13,新竹市,小客車,40-49歲,男,A2,0,1,1,1,尿液,安非他命,二級,2.0,1,121~500,§35 III 十年內再犯：吊銷,吊銷,3,否,重新考領
S02044,5,週一,0,臺中市,小客車,40-49歲,男,A2,0,1,1,3,尿液,嗎啡,一級,3.0,1,31~60,§35 III 十年內再犯：吊銷,吊銷,3,否,重新考領
S02045,5,週一,6,基隆市,機車,50-59歲,女,A2,0,3,1,3,尿液,甲基安非他命,二級,2.0,1,0~30,§35 III 十年內再犯：吊銷,吊銷,3,否,重新考領
S02046,4,週四,17,彰化縣,小客車,30-39歲,男,A2,0,1,1,2,尿液,安非他命,二級,2.0,2,61~120,§35 III 十年內再犯：吊銷,吊銷,3,否,重新考領
S02047,4,週一,18,基隆市,機車,20-29歲,男,A2,0,2,0,1,尿液,安非他命,二級,2.0,0,0~30,§35 I 肇事致人受傷：吊扣2-4年,吊扣,4,否,期滿發還
S02048,10,週四,20,桃園市,機車,30-39歲,男,A2,0,1,1,3,尿液,甲基安非他命,二級,2.0,1,31~60,§35 III 十年內再犯：吊銷,吊銷,3,否,重新考領
S02049,12,週四,16,臺北市,機車,30-39歲,男,A2,0,1,0,3,尿液,安非他命,二級,2.0,0,31~60,§35 I 肇事致人受傷：吊扣2-4年,吊扣,4,否,期滿發還
S02050,10,週四,22,桃園市,貨車,40-49歲,男,A2,0,2,0,1,尿液,安非他命,二級,2.0,0,31~60,§35 I 肇事致人受傷：吊扣2-4年,吊扣,2,否,期滿發還
S02051,3,週六,3,臺中市,小客車,40-49歲,女,A2,0,1,1,2,尿液,甲基安非他命,二級,2.0,2,121~500,§35 III 十年內再犯：吊銷,吊銷,3,否,重新考領
S02052,8,週五,18,臺中市,貨車,30-39歲,男,A2,0,2,0,2,尿液,甲基安非他命,二級,2.0,0,31~60,§35 I 肇事致人受傷：吊扣2-4年,吊扣,2,否,期滿發還
S02053,6,週日,18,新北市,機車,40-49歲,男,A2,0,1,1,2,尿液,安非他命,二級,2.0,1,121~500,§35 III 十年內再犯：吊銷,吊銷,3,否,重新考領
S02054,5,週二,19,臺北市,小客車,20-29歲,男,A2,0,1,0,3,尿液,甲基安非他命,二級,2.0,0,31~60,§35 I 肇事致人受傷：吊扣2-4年,吊扣,3,否,期滿發還
S02055,3,週日,10,臺中市,機車,50-59歲,男,A2,0,1,1,2,尿液,安非他命,二級,2.0,2,61~120,§35 III 十年內再犯：吊銷,吊銷,3,否,重新考領
S02056,10,週一,11,雲林縣,小客車,40-49歲,男,A2,0,1,0,0,尿液,嗎啡,一級,3.0,0,0~30,§35 I 肇事致人受傷：吊扣2-4年,吊扣,3,否,期滿發還
S02057,8,週四,0,桃園市,貨車,50-59歲,男,A2,0,1,1,3,尿液,甲基安非他命,二級,2.0,1,0~30,§35 III 十年內再犯：吊銷,吊銷,3,否,重新考領
S02058,2,週一,13,嘉義市,機車,30-39歲,男,A2,0,2,0,0,尿液,安非他命,二級,2.0,0,121~500,§35 I 肇事致人受傷：吊扣2-4年,吊扣,2,否,期滿發還
S02059,6,週二,16,高雄市,機車,40-49歲,女,A2,0,1,1,1,尿液,甲基安非他命,二級,2.0,1,0~30,§35 III 十年內再犯：吊銷,吊銷,3,否,重新考領
S02060,1,週日,23,新北市,貨車,20-29歲,男,A2,0,1,1,2,尿液,安非他命,二級,2.0,4,31~60,§35 III 十年內再犯：吊銷,吊銷,3,否,重新考領
S02061,10,週一,7,臺北市,機車,40-49歲,男,A2,0,1,1,1,尿液,安非他命,二級,2.0,1,0~30,§35 III 十年內再犯：吊銷,吊銷,3,否,重新考領
S02062,8,週四,19,新北市,貨車,50-59歲,男,A2,0,1,1,2,尿液,嗎啡,一級,3.0,2,0~30,§35 III 十年內再犯：吊銷,吊銷,3,否,重新考領
S02063,4,週二,8,桃園市,貨車,60歲以上,男,A2,0,1,1,0,尿液,甲基安非他命,二級,2.0,1,31~60,§35 III 十年內再犯：吊銷,吊銷,3,否,重新考領
S02064,5,週六,8,基隆市,機車,30-39歲,女,A2,0,1,0,1,尿液,安非他命,二級,2.0,0,0~30,§35 I 肇事致人受傷：吊扣2-4年,吊扣,4,否,期滿發還
S02065,4,週二,20,臺中市,小客車,30-39歲,男,A2,0,2,1,2,尿液,甲基安非他命,二級,2.0,2,31~60,§35 III 十年內再犯：吊銷,吊銷,3,否,重新考領
S02066,1,週五,10,臺中市,機車,40-49歲,男,A2,0,2,0,1,尿液,甲基安非他命,二級,2.0,0,31~60,§35 I 肇事致人受傷：吊扣2-4年,吊扣,2,否,期滿發還
S02067,7,週四,18,苗栗縣,小客車,40-49歲,男,A2,0,1,1,0,尿液,甲基安非他命,二級,2.0,2,31~60,§35 III 十年內再犯：吊銷,吊銷,3,否,重新考領
S02068,8,週三,18,雲林縣,機車,40-49歲,男,A2,0,2,1,0,尿液,嗎啡,一級,3.0,1,0~30,§35 III 十年內再犯：吊銷,吊銷,3,否,重新考領
S02069,9,週四,19,臺北市,機車,40-49歲,女,A2,0,1,1,1,尿液,安非他命,二級,2.0,1,0~30,§35 III 十年內再犯：吊銷,吊銷,3,否,重新考領
S02070,10,週五,12,新北市,機車,50-59歲,男,A2,0,2,0,0,血液,嗎啡,一級,3.0,0,0~30,§35 I 肇事致人受傷：吊扣2-4年,吊扣,3,否,期滿發還
S02071,3,週六,3,雲林縣,小客車,20-29歲,男,A2,0,1,1,3,血液,嗎啡,一級,3.0,1,0~30,§35 III 十年內再犯：吊銷,吊銷,3,否,重新考領
S02072,4,週六,10,基隆市,機車,50-59歲,男,A2,0,1,0,2,尿液,愷他命,三級,1.0,0,31~60,§35 I 肇事致人受傷：吊扣2-4年,吊扣,3,否,期滿發還
S02073,8,週四,18,宜蘭縣,小客車,50-59歲,男,A2,0,1,1,3,尿液,嗎啡,一級,3.0,1,0~30,§35 III 十年內再犯：吊銷,吊銷,3,否,重新考領
S02074,6,週二,6,雲林縣,貨車,30-39歲,男,A2,0,1,1,1,尿液,安非他命,二級,2.0,1,0~30,§35 III 十年內再犯：吊銷,吊銷,3,否,重新考領
S02075,8,週一,14,桃園市,機車,40-49歲,男,A2,0,1,1,1,尿液,嗎啡,一級,3.0,1,31~60,§35 III 十年內再犯：吊銷,吊銷,3,否,重新考領
S02076,5,週四,14,臺南市,小客車,50-59歲,男,A2,0,1,1,2,尿液,嗎啡,一級,3.0,1,0~30,§35 III 十年內再犯：吊銷,吊銷,3,否,重新考領
S02077,8,週六,22,新北市,小客車,40-49歲,女,A2,0,1,0,2,尿液,安非他命,二級,2.0,0,121~500,§35 I 肇事致人受傷：吊扣2-4年,吊扣,4,否,期滿發還
S02078,11,週三,7,高雄市,機車,30-39歲,男,A2,0,1,1,3,血液,安非他命,二級,2.0,1,31~60,§35 III 十年內再犯：吊銷,吊銷,3,否,重新考領
S02079,4,週日,5,臺中市,機車,40-49歲,男,A2,0,1,1,1,尿液,安非他命,二級,2.0,1,121~500,§35 III 十年內再犯：吊銷,吊銷,3,否,重新考領
S02080,11,週四,5,嘉義市,機車,40-49歲,男,A2,0,1,1,2,尿液,愷他命,三級,1.0,1,0~30,§35 III 十年內再犯：吊銷,吊銷,3,否,重新考領
S02081,4,週六,7,新北市,小客車,20-29歲,男,A2,0,1,1,2,尿液,安非他命,二級,2.0,1,31~60,§35 III 十年內再犯：吊銷,吊銷,3,否,重新考領
S02082,7,週二,12,南投縣,小客車,20-29歲,男,A2,0,2,1,2,尿液,安非他命,二級,2.0,1,0~30,§35 III 十年內再犯：吊銷,吊銷,3,否,重新考領
S02083,4,週六,16,桃園市,小客車,40-49歲,男,A2,0,1,0,2,尿液,安非他命,二級,2.0,0,0~30,§35 I 肇事致人受傷：吊扣2-4年,吊扣,4,否,期滿發還
S02084,7,週一,17,新北市,小客車,60歲以上,男,A2,0,2,1,3,尿液,愷他命,三級,1.0,3,31~60,§35 III 十年內再犯：吊銷,吊銷,3,否,重新考領
S02085,4,週一,0,嘉義縣,機車,30-39歲,男,A2,0,2,1,3,尿液,甲基安非他命,二級,2.0,1,0~30,§35 III 十年內再犯：吊銷,吊銷,3,否,重新考領
S02086,7,週一,21,新北市,機車,40-49歲,男,A2,0,2,1,3,尿液,嗎啡,一級,3.0,2,31~60,§35 III 十年內再犯：吊銷,吊銷,3,否,重新考領
S02087,10,週二,22,臺中市,小客車,60歲以上,女,A2,0,1,1,0,尿液,甲基安非他命,二級,2.0,2,0~30,§35 III 十年內再犯：吊銷,吊銷,3,否,重新考領
S02088,7,週日,9,嘉義市,小客車,20-29歲,男,A2,0,1,0,3,尿液,甲基安非他命,二級,2.0,0,0~30,§35 I 肇事致人受傷：吊扣2-4年,吊扣,2,否,期滿發還
S02089,9,週二,12,基隆市,小客車,20-29歲,男,A2,0,1,1,2,血液,嗎啡,一級,3.0,1,121~500,§35 III 十年內再犯：吊銷,吊銷,3,否,重新考領
S02090,2,週四,8,高雄市,貨車,60歲以上,男,A2,0,1,1,2,尿液,安非他命,二級,2.0,1,31~60,§35 III 十年內再犯：吊銷,吊銷,3,否,重新考領
S02091,7,週四,20,新竹市,機車,40-49歲,男,A2,0,3,1,3,尿液,安非他命,二級,2.0,1,121~500,§35 III 十年內再犯：吊銷,吊銷,3,否,重新考領
S02092,4,週五,7,苗栗縣,機車,30-39歲,男,A2,0,1,0,3,尿液,安非他命,二級,2.0,0,31~60,§35 I 肇事致人受傷：吊扣2-4年,吊扣,2,否,期滿發還
S02093,11,週一,9,新北市,小客車,40-49歲,男,A2,0,1,0,0,血液,安非他命,二級,2.0,0,0~30,§35 I 肇事致人受傷：吊扣2-4年,吊扣,3,否,期滿發還
S02094,12,週一,22,臺南市,小客車,40-49歲,男,A2,0,2,1,1,尿液,甲基安非他命,二級,2.0,1,31~60,§35 III 十年內再犯：吊銷,吊銷,3,否,重新考領
S02095,6,週日,15,臺南市,小客車,40-49歲,男,A2,0,2,0,1,尿液,安非他命,二級,2.0,0,0~30,§35 I 肇事致人受傷：吊扣2-4年,吊扣,3,否,期滿發還
S02096,7,週三,19,臺南市,機車,30-39歲,男,A2,0,1,1,2,尿液,MDMA,二級,2.0,1,31~60,§35 III 十年內再犯：吊銷,吊銷,3,否,重新考領
S02097,1,週日,18,新北市,小客車,50-59歲,男,A2,0,1,1,3,血液,甲基安非他命,二級,2.0,1,0~30,§35 III 十年內再犯：吊銷,吊銷,3,否,重新考領
S02098,9,週一,11,彰化縣,機車,50-59歲,男,A2,0,1,1,1,尿液,嗎啡,一級,3.0,1,0~30,§35 III 十年內再犯：吊銷,吊銷,3,否,重新考領
S02099,4,週三,18,臺中市,小客車,30-39歲,女,A2,0,1,1,2,血液,安非他命,二級,2.0,3,31~60,§35 III 十年內再犯：吊銷,吊銷,3,否,重新考領
S02100,10,週三,16,桃園市,小客車,50-59歲,女,A2,0,3,1,0,尿液,安非他命,二級,2.0,1,0~30,§35 III 十年內再犯：吊銷,吊銷,3,否,重新考領
S02101,10,週四,11,彰化縣,機車,40-49歲,男,A2,0,1,0,2,尿液,甲基安非他命,二級,2.0,0,0~30,§35 I 肇事致人受傷：吊扣2-4年,吊扣,4,否,期滿發還
S02102,2,週六,19,新北市,機車,50-59歲,女,A2,0,2,1,1,尿液,安非他命,二級,2.0,1,61~120,§35 III 十年內再犯：吊銷,吊銷,3,否,重新考領
S02103,8,週六,23,彰化縣,機車,40-49歲,女,A2,0,1,0,2,尿液,安非他命,二級,2.0,0,31~60,§35 I 肇事致人受傷：吊扣2-4年,吊扣,2,否,期滿發還
S02104,1,週五,15,新北市,小客車,60歲以上,男,A2,0,1,1,1,血液,甲基安非他命,二級,2.0,2,0~30,§35 III 十年內再犯：吊銷,吊銷,3,否,重新考領
S02105,1,週二,7,高雄市,機車,50-59歲,男,A2,0,2,1,1,尿液,甲基安非他命,二級,2.0,1,121~500,§35 III 十年內再犯：吊銷,吊銷,3,否,重新考領
S02106,10,週一,19,新竹市,機車,50-59歲,男,A2,0,2,0,0,尿液,愷他命,三級,1.0,0,121~500,§35 I 肇事致人受傷：吊扣2-4年,吊扣,2,否,期滿發還
S02107,7,週二,6,臺中市,機車,50-59歲,男,A2,0,2,1,2,尿液,安非他命,二級,2.0,1,31~60,§35 III 十年內再犯：吊銷,吊銷,3,否,重新考領
S02108,11,週一,18,高雄市,小客車,20-29歲,女,A2,0,1,1,3,尿液,嗎啡,一級,3.0,1,31~60,§35 III 十年內再犯：吊銷,吊銷,3,否,重新考領
S02109,2,週五,18,臺中市,小客車,50-59歲,男,A2,0,1,1,2,尿液,愷他命,三級,1.0,2,31~60,§35 III 十年內再犯：吊銷,吊銷,3,否,重新考領
S02110,5,週三,7,臺南市,機車,60歲以上,男,A2,0,1,0,1,尿液,甲基安非他命,二級,2.0,0,121~500,§35 I 肇事致人受傷：吊扣2-4年,吊扣,4,否,期滿發還
S02111,10,週四,23,桃園市,小客車,30-39歲,男,A2,0,1,1,3,尿液,甲基安非他命,二級,2.0,1,0~30,§35 III 十年內再犯：吊銷,吊銷,3,否,重新考領
S02112,9,週六,10,宜蘭縣,小客車,50-59歲,男,A2,0,1,1,3,尿液,安非他命,二級,2.0,3,31~60,§35 III 十年內再犯：吊銷,吊銷,3,否,重新考領
S02113,12,週二,17,高雄市,機車,50-59歲,女,A2,0,1,1,1,尿液,安非他命,二級,2.0,1,31~60,§35 III 十年內再犯：吊銷,吊銷,3,否,重新考領
S02114,8,週一,9,臺南市,機車,40-49歲,女,A1,1,1,1,0,尿液,甲基安非他命,二級,2.0,1,0~30,§35 致人死亡：吊銷並終身不得考領,吊銷,,是,終身不得考領
S02115,7,週日,13,基隆市,小客車,40-49歲,男,A2,0,1,1,2,尿液,安非他命,二級,2.0,1,31~60,§35 III 十年內再犯：吊銷,吊銷,3,否,重新考領
S02116,12,週五,13,臺南市,機車,50-59歲,男,A2,0,1,0,1,血液,甲基安非他命,二級,2.0,0,31~60,§35 I 肇事致人受傷：吊扣2-4年,吊扣,3,否,期滿發還
S02117,4,週四,18,新北市,小客車,50-59歲,男,A2,0,1,1,3,尿液,安非他命,二級,2.0,2,61~120,§35 III 十年內再犯：吊銷,吊銷,3,否,重新考領
S02118,4,週日,19,新竹縣,小客車,60歲以上,女,A2,0,1,0,0,尿液,甲基安非他命,二級,2.0,0,121~500,§35 I 肇事致人受傷：吊扣2-4年,吊扣,4,否,期滿發還
S02119,10,週一,20,基隆市,小客車,30-39歲,男,A2,0,2,1,1,血液,安非他命,二級,2.0,1,0~30,§35 III 十年內再犯：吊銷,吊銷,3,否,重新考領
S02120,7,週六,12,臺中市,小客車,50-59歲,男,A2,0,1,1,2,尿液,嗎啡,一級,3.0,1,0~30,§35 III 十年內再犯：吊銷,吊銷,3,否,重新考領
S02121,12,週五,20,臺北市,機車,19歲以下,男,A2,0,1,1,3,尿液,甲基安非他命,二級,2.0,2,31~60,§35 III 十年內再犯：吊銷,吊銷,3,否,重新考領
S02122,7,週日,17,臺南市,機車,60歲以上,男,A2,0,1,1,1,尿液,甲基安非他命,二級,2.0,1,61~120,§35 III 十年內再犯：吊銷,吊銷,3,否,重新考領
S02123,7,週六,19,臺北市,機車,30-39歲,男,A2,0,1,0,2,尿液,安非他命,二級,2.0,0,0~30,§35 I 肇事致人受傷：吊扣2-4年,吊扣,3,否,期滿發還
S02124,5,週五,18,桃園市,機車,20-29歲,男,A2,0,3,0,2,尿液,安非他命,二級,2.0,0,31~60,§35 I 肇事致人受傷：吊扣2-4年,吊扣,2,否,期滿發還
S02125,1,週一,16,桃園市,機車,50-59歲,男,A2,0,2,1,0,尿液,愷他命,三級,1.0,2,31~60,§35 III 十年內再犯：吊銷,吊銷,3,否,重新考領
S02126,5,週四,20,臺中市,機車,60歲以上,男,A2,0,3,0,2,尿液,甲基安非他命,二級,2.0,0,0~30,§35 I 肇事致人受傷：吊扣2-4年,吊扣,3,否,期滿發還
S02127,1,週二,2,屏東縣,貨車,60歲以上,男,A2,0,2,0,1,尿液,甲基安非他命,二級,2.0,0,121~500,§35 I 肇事致人受傷：吊扣2-4年,吊扣,2,否,期滿發還
S02128,1,週五,9,新北市,小客車,50-59歲,女,A2,0,1,1,1,尿液,安非他命,二級,2.0,2,0~30,§35 III 十年內再犯：吊銷,吊銷,3,否,重新考領
S02129,9,週二,19,桃園市,機車,20-29歲,男,A2,0,1,1,0,血液,愷他命,三級,1.0,1,31~60,§35 III 十年內再犯：吊銷,吊銷,3,否,重新考領
S02130,10,週二,19,嘉義縣,小客車,50-59歲,男,A2,0,1,1,3,尿液,甲基安非他命,二級,2.0,2,31~60,§35 III 十年內再犯：吊銷,吊銷,3,否,重新考領
S02131,4,週五,15,高雄市,小客車,50-59歲,女,A2,0,1,1,2,尿液,愷他命,三級,1.0,1,0~30,§35 III 十年內再犯：吊銷,吊銷,3,否,重新考領
S02132,5,週五,22,宜蘭縣,小客車,50-59歲,男,A2,0,1,1,1,尿液,甲基安非他命,二級,2.0,4,0~30,§35 III 十年內再犯：吊銷,吊銷,3,否,重新考領
S02133,7,週一,8,基隆市,機車,60歲以上,男,A2,0,3,1,2,尿液,甲基安非他命,二級,2.0,2,31~60,§35 III 十年內再犯：吊銷,吊銷,3,否,重新考領
S02134,10,週日,23,新北市,機車,40-49歲,男,A2,0,1,0,3,血液,愷他命,三級,1.0,0,0~30,§35 I 肇事致人受傷：吊扣2-4年,吊扣,2,否,期滿發還
S02135,2,週二,9,新北市,貨車,40-49歲,男,A2,0,1,1,2,尿液,安非他命,二級,2.0,1,121~500,§35 III 十年內再犯：吊銷,吊銷,3,否,重新考領
S02136,10,週一,9,高雄市,小客車,50-59歲,男,A2,0,2,1,3,尿液,甲基安非他命,二級,2.0,2,31~60,§35 III 十年內再犯：吊銷,吊銷,3,否,重新考領
S02137,8,週日,7,臺南市,小客車,50-59歲,男,A2,0,2,0,3,尿液,安非他命,二級,2.0,0,31~60,§35 I 肇事致人受傷：吊扣2-4年,吊扣,3,否,期滿發還
S02138,6,週一,22,高雄市,機車,30-39歲,男,A2,0,1,0,2,尿液,甲基安非他命,二級,2.0,0,61~120,§35 I 肇事致人受傷：吊扣2-4年,吊扣,2,否,期滿發還
S02139,11,週四,10,高雄市,小客車,40-49歲,男,A2,0,1,1,2,尿液,愷他命,三級,1.0,1,0~30,§35 III 十年內再犯：吊銷,吊銷,3,否,重新考領
S02140,8,週二,13,臺中市,機車,50-59歲,男,A2,0,1,0,0,尿液,嗎啡,一級,3.0,0,0~30,§35 I 肇事致人受傷：吊扣2-4年,吊扣,2,否,期滿發還
S02141,2,週一,13,臺中市,機車,50-59歲,男,A2,0,1,0,3,血液,安非他命,二級,2.0,0,0~30,§35 I 肇事致人受傷：吊扣2-4年,吊扣,3,否,期滿發還
S02142,12,週一,13,花蓮縣,小客車,60歲以上,男,A2,0,1,1,1,尿液,嗎啡,一級,3.0,3,0~30,§35 III 十年內再犯：吊銷,吊銷,3,否,重新考領
S02143,10,週六,22,基隆市,貨車,40-49歲,男,A2,0,3,1,1,尿液,甲基安非他命,二級,2.0,1,0~30,§35 III 十年內再犯：吊銷,吊銷,3,否,重新考領
S02144,1,週三,7,臺東縣,小客車,40-49歲,男,A2,0,1,1,2,尿液,嗎啡,一級,3.0,1,121~500,§35 III 十年內再犯：吊銷,吊銷,3,否,重新考領
S02145,9,週五,20,臺南市,小客車,60歲以上,男,A2,0,1,1,3,血液,嗎啡,一級,3.0,1,31~60,§35 III 十年內再犯：吊銷,吊銷,3,否,重新考領
S02146,8,週日,7,桃園市,機車,50-59歲,男,A2,0,1,1,1,尿液,安非他命,二級,2.0,1,121~500,§35 III 十年內再犯：吊銷,吊銷,3,否,重新考領
S02147,11,週三,19,臺中市,小客車,20-29歲,男,A2,0,1,1,0,尿液,安非他命,二級,2.0,1,61~120,§35 III 十年內再犯：吊銷,吊銷,3,否,重新考領
S02148,1,週二,7,新北市,小客車,40-49歲,女,A2,0,1,1,0,尿液,甲基安非他命,二級,2.0,1,121~500,§35 III 十年內再犯：吊銷,吊銷,3,否,重新考領
S02149,2,週一,7,臺中市,大客車,50-59歲,男,A2,0,1,1,3,尿液,甲基安非他命,二級,2.0,3,0~30,§35 III 十年內再犯：吊銷,吊銷,3,否,重新考領
S02150,1,週一,5,新竹市,機車,30-39歲,男,A2,0,1,0,0,血液,嗎啡,一級,3.0,0,31~60,§35 I 肇事致人受傷：吊扣2-4年,吊扣,3,否,期滿發還
S02151,11,週一,11,新北市,小客車,50-59歲,男,A2,0,1,1,2,尿液,甲基安非他命,二級,2.0,1,0~30,§35 III 十年內再犯：吊銷,吊銷,3,否,重新考領
S02152,6,週四,10,高雄市,機車,30-39歲,男,A2,0,1,1,0,尿液,MDMA,二級,2.0,1,31~60,§35 III 十年內再犯：吊銷,吊銷,3,否,重新考領
S02153,1,週一,20,臺南市,小客車,50-59歲,男,A2,0,1,0,2,尿液,甲基安非他命,二級,2.0,0,31~60,§35 I 肇事致人受傷：吊扣2-4年,吊扣,2,否,期滿發還
S02154,6,週四,7,彰化縣,小客車,50-59歲,男,A2,0,1,1,1,尿液,安非他命,二級,2.0,1,0~30,§35 III 十年內再犯：吊銷,吊銷,3,否,重新考領
S02155,12,週二,8,臺南市,機車,40-49歲,男,A2,0,1,1,0,尿液,安非他命,二級,2.0,1,61~120,§35 III 十年內再犯：吊銷,吊銷,3,否,重新考領
S02156,5,週一,14,臺中市,小客車,40-49歲,男,A2,0,1,0,2,血液,安非他命,二級,2.0,0,121~500,§35 I 肇事致人受傷：吊扣2-4年,吊扣,3,否,期滿發還
S02157,10,週一,17,臺中市,小客車,30-39歲,男,A2,0,1,1,3,尿液,安非他命,二級,2.0,1,31~60,§35 III 十年內再犯：吊銷,吊銷,3,否,重新考領
S02158,8,週日,7,新北市,小客車,50-59歲,男,A2,0,1,1,0,尿液,甲基安非他命,二級,2.0,3,0~30,§35 III 十年內再犯：吊銷,吊銷,3,否,重新考領
S02159,11,週四,13,高雄市,小客車,30-39歲,男,A2,0,1,1,0,尿液,愷他命,三級,1.0,1,0~30,§35 III 十年內再犯：吊銷,吊銷,3,否,重新考領
S02160,7,週二,13,桃園市,機車,40-49歲,女,A2,0,1,1,0,尿液,安非他命,二級,2.0,1,0~30,§35 III 十年內再犯：吊銷,吊銷,3,否,重新考領
S02161,10,週五,14,南投縣,小客車,20-29歲,男,A2,0,2,0,1,尿液,嗎啡,一級,3.0,0,0~30,§35 I 肇事致人受傷：吊扣2-4年,吊扣,3,否,期滿發還
S02162,9,週一,20,雲林縣,機車,40-49歲,男,A2,0,1,0,0,尿液,甲基安非他命,二級,2.0,0,0~30,§35 I 肇事致人受傷：吊扣2-4年,吊扣,2,否,期滿發還
S02163,11,週二,11,高雄市,小客車,40-49歲,男,A2,0,1,1,3,尿液,愷他命,三級,1.0,2,121~500,§35 III 十年內再犯：吊銷,吊銷,3,否,重新考領
S02164,4,週三,5,臺中市,機車,50-59歲,女,A2,0,1,0,1,尿液,安非他命,二級,2.0,0,121~500,§35 I 肇事致人受傷：吊扣2-4年,吊扣,2,否,期滿發還
S02165,7,週六,11,宜蘭縣,機車,40-49歲,女,A2,0,1,1,0,尿液,安非他命,二級,2.0,1,0~30,§35 III 十年內再犯：吊銷,吊銷,3,否,重新考領
S02166,10,週三,4,花蓮縣,機車,30-39歲,男,A2,0,1,1,1,尿液,甲基安非他命,二級,2.0,1,0~30,§35 III 十年內再犯：吊銷,吊銷,3,否,重新考領
S02167,9,週五,7,臺南市,小客車,50-59歲,男,A2,0,1,0,2,尿液,安非他命,二級,2.0,0,31~60,§35 I 肇事致人受傷：吊扣2-4年,吊扣,2,否,期滿發還
S02168,10,週六,7,宜蘭縣,小客車,30-39歲,男,A2,0,1,1,3,尿液,甲基安非他命,二級,2.0,1,121~500,§35 III 十年內再犯：吊銷,吊銷,3,否,重新考領
S02169,10,週五,18,新北市,機車,50-59歲,男,A2,0,1,1,0,尿液,愷他命,三級,1.0,1,31~60,§35 III 十年內再犯：吊銷,吊銷,3,否,重新考領
S02170,10,週五,9,新北市,機車,50-59歲,男,A2,0,1,1,0,尿液,甲基安非他命,二級,2.0,2,61~120,§35 III 十年內再犯：吊銷,吊銷,3,否,重新考領
S02171,4,週六,22,新北市,小客車,40-49歲,男,A2,0,2,0,3,尿液,甲基安非他命,二級,2.0,0,31~60,§35 I 肇事致人受傷：吊扣2-4年,吊扣,2,否,期滿發還
S02172,9,週三,20,臺南市,小客車,30-39歲,男,A2,0,2,1,2,尿液,愷他命,三級,1.0,2,121~500,§35 III 十年內再犯：吊銷,吊銷,3,否,重新考領
S02173,4,週三,18,臺中市,機車,50-59歲,男,A2,0,1,1,3,尿液,愷他命,三級,1.0,1,0~30,§35 III 十年內再犯：吊銷,吊銷,3,否,重新考領
S02174,1,週三,18,宜蘭縣,小客車,60歲以上,男,A2,0,1,1,3,血液,安非他命,二級,2.0,1,31~60,§35 III 十年內再犯：吊銷,吊銷,3,否,重新考領
S02175,4,週一,22,新北市,機車,30-39歲,男,A2,0,1,0,3,尿液,安非他命,二級,2.0,0,31~60,§35 I 肇事致人受傷：吊扣2-4年,吊扣,2,否,期滿發還
S02176,8,週三,12,桃園市,小客車,50-59歲,男,A2,0,1,0,2,尿液,甲基安非他命,二級,2.0,0,0~30,§35 I 肇事致人受傷：吊扣2-4年,吊扣,2,否,期滿發還
S02177,7,週四,18,臺南市,機車,20-29歲,男,A2,0,1,1,0,血液,甲基安非他命,二級,2.0,4,121~500,§35 III 十年內再犯：吊銷,吊銷,3,否,重新考領
S02178,7,週日,14,苗栗縣,貨車,50-59歲,男,A2,0,1,0,0,尿液,愷他命,三級,1.0,0,31~60,§35 I 肇事致人受傷：吊扣2-4年,吊扣,3,否,期滿發還
S02179,4,週一,19,屏東縣,機車,30-39歲,男,A2,0,1,1,3,尿液,安非他命,二級,2.0,1,0~30,§35 III 十年內再犯：吊銷,吊銷,3,否,重新考領
S02180,7,週三,8,臺中市,機車,60歲以上,男,A2,0,2,1,2,血液,嗎啡,一級,3.0,1,31~60,§35 III 十年內再犯：吊銷,吊銷,3,否,重新考領
S02181,4,週六,11,臺中市,小客車,60歲以上,男,A2,0,1,1,1,尿液,愷他命,三級,1.0,2,31~60,§35 III 十年內再犯：吊銷,吊銷,3,否,重新考領
S02182,4,週五,18,臺南市,小客車,40-49歲,男,A2,0,1,1,1,血液,安非他命,二級,2.0,1,0~30,§35 III 十年內再犯：吊銷,吊銷,3,否,重新考領
S02183,4,週三,11,基隆市,小客車,20-29歲,男,A2,0,2,0,1,尿液,嗎啡,一級,3.0,0,0~30,§35 I 肇事致人受傷：吊扣2-4年,吊扣,2,否,期滿發還
S02184,6,週一,16,臺北市,機車,30-39歲,男,A2,0,1,1,1,尿液,甲基安非他命,二級,2.0,1,121~500,§35 III 十年內再犯：吊銷,吊銷,3,否,重新考領
S02185,4,週六,23,新北市,小客車,40-49歲,男,A2,0,1,0,3,尿液,安非他命,二級,2.0,0,0~30,§35 I 肇事致人受傷：吊扣2-4年,吊扣,2,否,期滿發還
S02186,6,週六,17,高雄市,小客車,50-59歲,男,A2,0,1,1,2,尿液,甲基安非他命,二級,2.0,1,0~30,§35 III 十年內再犯：吊銷,吊銷,3,否,重新考領
S02187,9,週六,18,雲林縣,小客車,30-39歲,男,A2,0,1,1,0,尿液,嗎啡,一級,3.0,2,0~30,§35 III 十年內再犯：吊銷,吊銷,3,否,重新考領
S02188,1,週二,12,臺中市,機車,50-59歲,男,A2,0,1,0,1,尿液,甲基安非他命,二級,2.0,0,0~30,§35 I 肇事致人受傷：吊扣2-4年,吊扣,4,否,期滿發還
S02189,7,週三,18,桃園市,小客車,30-39歲,男,A2,0,1,1,1,尿液,愷他命,三級,1.0,1,61~120,§35 III 十年內再犯：吊銷,吊銷,3,否,重新考領
S02190,1,週三,15,臺北市,小客車,50-59歲,男,A2,0,1,0,2,尿液,安非他命,二級,2.0,0,0~30,§35 I 肇事致人受傷：吊扣2-4年,吊扣,3,否,期滿發還
S02191,1,週六,20,嘉義市,機車,40-49歲,男,A2,0,1,1,3,尿液,安非他命,二級,2.0,1,31~60,§35 III 十年內再犯：吊銷,吊銷,3,否,重新考領
S02192,10,週三,5,臺北市,小客車,50-59歲,男,A2,0,1,1,0,尿液,甲基安非他命,二級,2.0,1,0~30,§35 III 十年內再犯：吊銷,吊銷,3,否,重新考領
S02193,10,週三,17,宜蘭縣,小客車,40-49歲,男,A2,0,1,1,0,尿液,安非他命,二級,2.0,1,31~60,§35 III 十年內再犯：吊銷,吊銷,3,否,重新考領
S02194,10,週二,16,新北市,小客車,30-39歲,男,A2,0,1,0,3,尿液,甲基安非他命,二級,2.0,0,61~120,§35 I 肇事致人受傷：吊扣2-4年,吊扣,4,否,期滿發還
S02195,8,週四,16,新北市,小客車,40-49歲,男,A2,0,1,1,2,尿液,甲基安非他命,二級,2.0,1,0~30,§35 III 十年內再犯：吊銷,吊銷,3,否,重新考領
S02196,5,週日,23,宜蘭縣,小客車,50-59歲,男,A2,0,1,1,1,尿液,安非他命,二級,2.0,1,0~30,§35 III 十年內再犯：吊銷,吊銷,3,否,重新考領
S02197,3,週五,17,高雄市,機車,50-59歲,男,A2,0,1,1,0,尿液,安非他命,二級,2.0,1,31~60,§35 III 十年內再犯：吊銷,吊銷,3,否,重新考領
S02198,12,週二,19,苗栗縣,小客車,40-49歲,男,A2,0,1,0,1,尿液,甲基安非他命,二級,2.0,0,121~500,§35 I 肇事致人受傷：吊扣2-4年,吊扣,2,否,期滿發還
S02199,8,週二,18,臺南市,機車,30-39歲,男,A2,0,3,1,2,尿液,愷他命,三級,1.0,1,31~60,§35 III 十年內再犯：吊銷,吊銷,3,否,重新考領
S02200,9,週四,17,桃園市,小客車,30-39歲,男,A2,0,1,1,0,尿液,甲基安非他命,二級,2.0,1,31~60,§35 III 十年內再犯：吊銷,吊銷,3,否,重新考領
S02201,3,週四,8,宜蘭縣,機車,50-59歲,男,A2,0,1,1,3,尿液,安非他命,二級,2.0,1,0~30,§35 III 十年內再犯：吊銷,吊銷,3,否,重新考領
S02202,9,週三,6,臺北市,小客車,60歲以上,男,A2,0,1,0,0,血液,安非他命,二級,2.0,0,0~30,§35 I 肇事致人受傷：吊扣2-4年,吊扣,3,否,期滿發還
S02203,11,週五,1,臺中市,貨車,30-39歲,女,A2,0,1,1,0,血液,安非他命,二級,2.0,4,31~60,§35 III 十年內再犯：吊銷,吊銷,3,否,重新考領
S02204,1,週一,11,雲林縣,小客車,40-49歲,男,A2,0,1,0,1,尿液,甲基安非他命,二級,2.0,0,31~60,§35 I 肇事致人受傷：吊扣2-4年,吊扣,3,否,期滿發還
S02205,6,週四,20,臺中市,小客車,50-59歲,男,A2,0,1,0,1,尿液,甲基安非他命,二級,2.0,0,0~30,§35 I 肇事致人受傷：吊扣2-4年,吊扣,2,否,期滿發還
S02206,9,週三,12,臺南市,小客車,30-39歲,男,A2,0,2,1,1,血液,安非他命,二級,2.0,1,31~60,§35 III 十年內再犯：吊銷,吊銷,3,否,重新考領
S02207,10,週日,0,新北市,小客車,60歲以上,男,A2,0,2,1,2,尿液,愷他命,三級,1.0,1,0~30,§35 III 十年內再犯：吊銷,吊銷,3,否,重新考領
S02208,4,週四,19,宜蘭縣,機車,40-49歲,女,A2,0,1,1,2,尿液,安非他命,二級,2.0,1,0~30,§35 III 十年內再犯：吊銷,吊銷,3,否,重新考領
S02209,10,週一,10,新北市,小客車,40-49歲,男,A2,0,1,1,3,尿液,安非他命,二級,2.0,2,121~500,§35 III 十年內再犯：吊銷,吊銷,3,否,重新考領
S02210,1,週三,5,臺北市,小客車,40-49歲,男,A2,0,1,0,3,尿液,甲基安非他命,二級,2.0,0,0~30,§35 I 肇事致人受傷：吊扣2-4年,吊扣,2,否,期滿發還
S02211,1,週三,19,臺北市,機車,60歲以上,男,A2,0,1,1,2,尿液,嗎啡,一級,3.0,1,0~30,§35 III 十年內再犯：吊銷,吊銷,3,否,重新考領
S02212,9,週六,7,新竹縣,機車,30-39歲,男,A2,0,1,1,2,尿液,甲基安非他命,二級,2.0,3,31~60,§35 III 十年內再犯：吊銷,吊銷,3,否,重新考領
S02213,4,週二,6,桃園市,貨車,50-59歲,男,A2,0,1,0,2,尿液,安非他命,二級,2.0,0,61~120,§35 I 肇事致人受傷：吊扣2-4年,吊扣,2,否,期滿發還
S02214,8,週五,8,宜蘭縣,貨車,50-59歲,男,A2,0,1,1,0,尿液,甲基安非他命,二級,2.0,1,61~120,§35 III 十年內再犯：吊銷,吊銷,3,否,重新考領
S02215,2,週二,18,雲林縣,機車,40-49歲,女,A2,0,1,1,3,尿液,甲基安非他命,二級,2.0,1,121~500,§35 III 十年內再犯：吊銷,吊銷,3,否,重新考領
S02216,6,週三,20,臺南市,小客車,30-39歲,女,A2,0,1,0,3,尿液,安非他命,二級,2.0,0,61~120,§35 I 肇事致人受傷：吊扣2-4年,吊扣,2,否,期滿發還
S02217,8,週二,15,臺南市,機車,40-49歲,男,A2,0,1,0,0,尿液,嗎啡,一級,3.0,0,31~60,§35 I 肇事致人受傷：吊扣2-4年,吊扣,3,否,期滿發還
S02218,10,週六,19,嘉義市,貨車,50-59歲,女,A2,0,1,0,3,尿液,安非他命,二級,2.0,0,31~60,§35 I 肇事致人受傷：吊扣2-4年,吊扣,4,否,期滿發還
S02219,1,週二,23,基隆市,小客車,40-49歲,男,A2,0,1,0,3,尿液,愷他命,三級,1.0,0,31~60,§35 I 肇事致人受傷：吊扣2-4年,吊扣,3,否,期滿發還
S02220,6,週五,15,雲林縣,小客車,60歲以上,男,A2,0,1,0,3,尿液,甲基安非他命,二級,2.0,0,31~60,§35 I 肇事致人受傷：吊扣2-4年,吊扣,3,否,期滿發還
S02221,10,週二,10,桃園市,小客車,40-49歲,女,A2,0,1,0,2,血液,甲基安非他命,二級,2.0,0,61~120,§35 I 肇事致人受傷：吊扣2-4年,吊扣,3,否,期滿發還
S02222,4,週三,18,嘉義縣,機車,40-49歲,女,A2,0,1,0,3,尿液,安非他命,二級,2.0,0,121~500,§35 I 肇事致人受傷：吊扣2-4年,吊扣,4,否,期滿發還
S02223,9,週六,10,桃園市,機車,30-39歲,男,A2,0,2,1,3,尿液,甲基安非他命,二級,2.0,3,0~30,§35 III 十年內再犯：吊銷,吊銷,3,否,重新考領
S02224,4,週日,6,臺南市,小客車,20-29歲,男,A2,0,2,1,2,尿液,愷他命,三級,1.0,1,121~500,§35 III 十年內再犯：吊銷,吊銷,3,否,重新考領
S02225,7,週六,20,臺北市,機車,50-59歲,男,A2,0,1,0,1,尿液,嗎啡,一級,3.0,0,121~500,§35 I 肇事致人受傷：吊扣2-4年,吊扣,2,否,期滿發還
S02226,3,週一,10,臺南市,機車,30-39歲,男,A2,0,1,0,3,尿液,安非他命,二級,2.0,0,121~500,§35 I 肇事致人受傷：吊扣2-4年,吊扣,3,否,期滿發還
S02227,2,週三,17,新北市,貨車,40-49歲,男,A2,0,1,0,0,尿液,嗎啡,一級,3.0,0,121~500,§35 I 肇事致人受傷：吊扣2-4年,吊扣,4,否,期滿發還
S02228,1,週三,14,臺北市,小客車,40-49歲,女,A2,0,1,1,2,血液,甲基安非他命,二級,2.0,1,0~30,§35 III 十年內再犯：吊銷,吊銷,3,否,重新考領
S02229,6,週一,17,新北市,小客車,40-49歲,男,A2,0,1,0,0,尿液,安非他命,二級,2.0,0,0~30,§35 I 肇事致人受傷：吊扣2-4年,吊扣,2,否,期滿發還
S02230,4,週四,7,臺南市,機車,50-59歲,女,A2,0,1,0,1,尿液,安非他命,二級,2.0,0,0~30,§35 I 肇事致人受傷：吊扣2-4年,吊扣,2,否,期滿發還
S02231,1,週日,8,高雄市,小客車,40-49歲,男,A2,0,3,1,0,尿液,安非他命,二級,2.0,1,0~30,§35 III 十年內再犯：吊銷,吊銷,3,否,重新考領
S02232,5,週五,19,桃園市,小客車,20-29歲,男,A2,0,1,1,0,尿液,安非他命,二級,2.0,3,31~60,§35 III 十年內再犯：吊銷,吊銷,3,否,重新考領
S02233,4,週四,17,屏東縣,機車,30-39歲,男,A2,0,2,0,0,尿液,嗎啡,一級,3.0,0,121~500,§35 I 肇事致人受傷：吊扣2-4年,吊扣,2,否,期滿發還
S02234,1,週四,16,臺中市,機車,30-39歲,男,A2,0,1,1,0,尿液,甲基安非他命,二級,2.0,1,121~500,§35 III 十年內再犯：吊銷,吊銷,3,否,重新考領
S02235,8,週二,18,南投縣,機車,40-49歲,女,A2,0,1,0,2,尿液,安非他命,二級,2.0,0,0~30,§35 I 肇事致人受傷：吊扣2-4年,吊扣,3,否,期滿發還
S02236,1,週二,11,新北市,機車,40-49歲,女,A2,0,2,0,3,尿液,安非他命,二級,2.0,0,0~30,§35 I 肇事致人受傷：吊扣2-4年,吊扣,4,否,期滿發還
S02237,10,週一,11,臺南市,機車,50-59歲,男,A2,0,1,1,3,尿液,甲基安非他命,二級,2.0,1,61~120,§35 III 十年內再犯：吊銷,吊銷,3,否,重新考領
S02238,2,週日,19,高雄市,小客車,30-39歲,男,A2,0,1,1,0,尿液,愷他命,三級,1.0,2,31~60,§35 III 十年內再犯：吊銷,吊銷,3,否,重新考領
S02239,11,週六,7,新北市,機車,40-49歲,男,A2,0,3,1,2,尿液,愷他命,三級,1.0,2,61~120,§35 III 十年內再犯：吊銷,吊銷,3,否,重新考領
S02240,11,週六,20,臺中市,機車,40-49歲,男,A2,0,1,0,3,尿液,甲基安非他命,二級,2.0,0,121~500,§35 I 肇事致人受傷：吊扣2-4年,吊扣,4,否,期滿發還
S02241,11,週五,8,臺北市,小客車,50-59歲,男,A2,0,2,1,0,尿液,甲基安非他命,二級,2.0,1,0~30,§35 III 十年內再犯：吊銷,吊銷,3,否,重新考領
S02242,11,週六,4,臺北市,小客車,30-39歲,男,A2,0,2,1,0,尿液,甲基安非他命,二級,2.0,1,0~30,§35 III 十年內再犯：吊銷,吊銷,3,否,重新考領
S02243,6,週日,8,宜蘭縣,機車,40-49歲,男,A2,0,1,1,3,血液,嗎啡,一級,3.0,1,31~60,§35 III 十年內再犯：吊銷,吊銷,3,否,重新考領
S02244,1,週一,8,彰化縣,機車,20-29歲,女,A2,0,2,1,0,尿液,安非他命,二級,2.0,2,61~120,§35 III 十年內再犯：吊銷,吊銷,3,否,重新考領
S02245,9,週六,20,臺中市,小客車,50-59歲,女,A2,0,1,0,0,尿液,安非他命,二級,2.0,0,61~120,§35 I 肇事致人受傷：吊扣2-4年,吊扣,3,否,期滿發還
S02246,4,週六,13,新北市,機車,40-49歲,男,A2,0,1,1,3,尿液,甲基安非他命,二級,2.0,2,31~60,§35 III 十年內再犯：吊銷,吊銷,3,否,重新考領
S02247,11,週三,22,臺中市,小客車,40-49歲,男,A2,0,1,0,0,尿液,甲基安非他命,二級,2.0,0,31~60,§35 I 肇事致人受傷：吊扣2-4年,吊扣,3,否,期滿發還
S02248,10,週二,4,臺中市,機車,40-49歲,男,A2,0,1,1,0,血液,嗎啡,一級,3.0,1,31~60,§35 III 十年內再犯：吊銷,吊銷,3,否,重新考領
S02249,2,週日,19,新北市,機車,60歲以上,男,A2,0,2,1,0,尿液,安非他命,二級,2.0,3,31~60,§35 III 十年內再犯：吊銷,吊銷,3,否,重新考領
S02250,4,週五,12,新竹縣,小客車,40-49歲,男,A2,0,1,1,3,尿液,愷他命,三級,1.0,1,31~60,§35 III 十年內再犯：吊銷,吊銷,3,否,重新考領
S02251,1,週二,15,嘉義縣,機車,40-49歲,女,A2,0,1,0,2,尿液,甲基安非他命,二級,2.0,0,121~500,§35 I 肇事致人受傷：吊扣2-4年,吊扣,2,否,期滿發還
S02252,11,週三,11,宜蘭縣,機車,50-59歲,男,A2,0,1,1,0,尿液,甲基安非他命,二級,2.0,3,121~500,§35 III 十年內再犯：吊銷,吊銷,3,否,重新考領
S02253,2,週一,7,基隆市,小客車,50-59歲,女,A2,0,1,1,2,尿液,甲基安非他命,二級,2.0,2,61~120,§35 III 十年內再犯：吊銷,吊銷,3,否,重新考領
S02254,9,週日,18,臺中市,機車,50-59歲,男,A2,0,1,0,1,尿液,安非他命,二級,2.0,0,0~30,§35 I 肇事致人受傷：吊扣2-4年,吊扣,4,否,期滿發還
S02255,5,週一,22,新竹縣,小客車,40-49歲,女,A2,0,1,1,2,尿液,嗎啡,一級,3.0,2,31~60,§35 III 十年內再犯：吊銷,吊銷,3,否,重新考領
S02256,9,週四,21,新北市,機車,50-59歲,男,A2,0,1,1,3,血液,甲基安非他命,二級,2.0,1,31~60,§35 III 十年內再犯：吊銷,吊銷,3,否,重新考領
S02257,9,週五,8,桃園市,小客車,60歲以上,男,A2,0,2,1,1,尿液,甲基安非他命,二級,2.0,1,0~30,§35 III 十年內再犯：吊銷,吊銷,3,否,重新考領
S02258,8,週三,18,桃園市,小客車,50-59歲,男,A2,0,1,0,1,血液,嗎啡,一級,3.0,0,61~120,§35 I 肇事致人受傷：吊扣2-4年,吊扣,3,否,期滿發還
S02259,7,週二,20,桃園市,機車,50-59歲,男,A2,0,1,0,3,尿液,甲基安非他命,二級,2.0,0,0~30,§35 I 肇事致人受傷：吊扣2-4年,吊扣,4,否,期滿發還
S02260,10,週五,15,桃園市,小客車,40-49歲,男,A2,0,1,1,3,血液,安非他命,二級,2.0,1,121~500,§35 III 十年內再犯：吊銷,吊銷,3,否,重新考領
S02261,5,週四,10,新北市,機車,50-59歲,男,A2,0,1,1,0,尿液,甲基安非他命,二級,2.0,2,31~60,§35 III 十年內再犯：吊銷,吊銷,3,否,重新考領
S02262,8,週二,18,臺中市,機車,50-59歲,男,A2,0,1,1,2,尿液,安非他命,二級,2.0,1,31~60,§35 III 十年內再犯：吊銷,吊銷,3,否,重新考領
S02263,9,週四,13,新北市,機車,40-49歲,男,A2,0,1,0,2,尿液,愷他命,三級,1.0,0,31~60,§35 I 肇事致人受傷：吊扣2-4年,吊扣,2,否,期滿發還
S02264,7,週四,22,新北市,機車,40-49歲,男,A2,0,3,0,0,尿液,甲基安非他命,二級,2.0,0,0~30,§35 I 肇事致人受傷：吊扣2-4年,吊扣,3,否,期滿發還
S02265,4,週日,20,桃園市,小客車,50-59歲,男,A2,0,2,0,3,尿液,安非他命,二級,2.0,0,31~60,§35 I 肇事致人受傷：吊扣2-4年,吊扣,4,否,期滿發還
S02266,1,週二,16,臺北市,貨車,30-39歲,女,A2,0,2,0,3,尿液,甲基安非他命,二級,2.0,0,31~60,§35 I 肇事致人受傷：吊扣2-4年,吊扣,2,否,期滿發還
S02267,1,週二,12,嘉義縣,小客車,50-59歲,男,A2,0,2,0,1,尿液,甲基安非他命,二級,2.0,0,61~120,§35 I 肇事致人受傷：吊扣2-4年,吊扣,4,否,期滿發還
S02268,7,週五,23,臺北市,小客車,30-39歲,男,A2,0,2,0,0,尿液,甲基安非他命,二級,2.0,0,31~60,§35 I 肇事致人受傷：吊扣2-4年,吊扣,4,否,期滿發還
S02269,10,週六,19,桃園市,機車,50-59歲,男,A2,0,1,0,1,尿液,甲基安非他命,二級,2.0,0,31~60,§35 I 肇事致人受傷：吊扣2-4年,吊扣,2,否,期滿發還
S02270,7,週日,13,臺北市,機車,50-59歲,男,A2,0,1,0,2,尿液,安非他命,二級,2.0,0,0~30,§35 I 肇事致人受傷：吊扣2-4年,吊扣,2,否,期滿發還
S02271,7,週六,18,臺南市,機車,40-49歲,女,A2,0,1,0,2,尿液,甲基安非他命,二級,2.0,0,0~30,§35 I 肇事致人受傷：吊扣2-4年,吊扣,4,否,期滿發還
S02272,10,週五,7,新北市,小客車,40-49歲,男,A2,0,1,0,3,尿液,安非他命,二級,2.0,0,0~30,§35 I 肇事致人受傷：吊扣2-4年,吊扣,2,否,期滿發還
S02273,4,週日,23,彰化縣,小客車,19歲以下,女,A2,0,1,1,0,尿液,愷他命,三級,1.0,2,31~60,§35 III 十年內再犯：吊銷,吊銷,3,否,重新考領
S02274,4,週一,7,桃園市,機車,20-29歲,男,A2,0,1,1,1,尿液,甲基安非他命,二級,2.0,1,0~30,§35 III 十年內再犯：吊銷,吊銷,3,否,重新考領
S02275,10,週六,7,新北市,機車,40-49歲,男,A2,0,1,0,0,尿液,安非他命,二級,2.0,0,121~500,§35 I 肇事致人受傷：吊扣2-4年,吊扣,4,否,期滿發還
S02276,3,週一,10,苗栗縣,小客車,30-39歲,男,A2,0,2,0,1,尿液,安非他命,二級,2.0,0,0~30,§35 I 肇事致人受傷：吊扣2-4年,吊扣,3,否,期滿發還
S02277,2,週四,18,新北市,機車,40-49歲,男,A2,0,1,0,1,尿液,嗎啡,一級,3.0,0,0~30,§35 I 肇事致人受傷：吊扣2-4年,吊扣,4,否,期滿發還
S02278,1,週日,1,臺東縣,小客車,40-49歲,女,A2,0,1,1,0,尿液,愷他命,三級,1.0,1,31~60,§35 III 十年內再犯：吊銷,吊銷,3,否,重新考領
S02279,2,週三,19,新北市,小客車,40-49歲,男,A2,0,2,1,2,尿液,嗎啡,一級,3.0,2,31~60,§35 III 十年內再犯：吊銷,吊銷,3,否,重新考領
S02280,6,週五,11,高雄市,機車,40-49歲,男,A2,0,1,0,2,尿液,愷他命,三級,1.0,0,0~30,§35 I 肇事致人受傷：吊扣2-4年,吊扣,2,否,期滿發還
S02281,10,週四,19,彰化縣,小客車,30-39歲,男,A2,0,1,1,2,尿液,安非他命,二級,2.0,1,31~60,§35 III 十年內再犯：吊銷,吊銷,3,否,重新考領
S02282,7,週一,11,新北市,小客車,50-59歲,男,A2,0,2,1,3,尿液,甲基安非他命,二級,2.0,2,31~60,§35 III 十年內再犯：吊銷,吊銷,3,否,重新考領
S02283,5,週六,18,新北市,小客車,40-49歲,男,A2,0,1,1,2,尿液,甲基安非他命,二級,2.0,3,31~60,§35 III 十年內再犯：吊銷,吊銷,3,否,重新考領
S02284,2,週五,21,臺南市,小客車,40-49歲,男,A2,0,1,1,0,尿液,安非他命,二級,2.0,1,0~30,§35 III 十年內再犯：吊銷,吊銷,3,否,重新考領
S02285,12,週三,11,臺北市,機車,40-49歲,男,A2,0,1,1,3,尿液,甲基安非他命,二級,2.0,2,0~30,§35 III 十年內再犯：吊銷,吊銷,3,否,重新考領
S02286,10,週日,9,屏東縣,小客車,50-59歲,男,A2,0,1,1,3,尿液,嗎啡,一級,3.0,2,31~60,§35 III 十年內再犯：吊銷,吊銷,3,否,重新考領
S02287,10,週五,18,新北市,小客車,30-39歲,男,A2,0,3,0,1,尿液,安非他命,二級,2.0,0,0~30,§35 I 肇事致人受傷：吊扣2-4年,吊扣,4,否,期滿發還
S02288,1,週二,1,桃園市,機車,30-39歲,男,A2,0,1,1,2,尿液,甲基安非他命,二級,2.0,3,31~60,§35 III 十年內再犯：吊銷,吊銷,3,否,重新考領
S02289,3,週三,13,桃園市,大客車,40-49歲,男,A2,0,2,0,3,尿液,安非他命,二級,2.0,0,31~60,§35 I 肇事致人受傷：吊扣2-4年,吊扣,2,否,期滿發還
S02290,10,週五,8,臺南市,貨車,50-59歲,男,A2,0,1,1,2,尿液,安非他命,二級,2.0,2,31~60,§35 III 十年內再犯：吊銷,吊銷,3,否,重新考領
S02291,1,週五,6,基隆市,機車,50-59歲,男,A2,0,2,0,3,尿液,愷他命,三級,1.0,0,31~60,§35 I 肇事致人受傷：吊扣2-4年,吊扣,4,否,期滿發還
S02292,5,週六,7,新北市,機車,30-39歲,女,A2,0,1,1,0,尿液,甲基安非他命,二級,2.0,1,0~30,§35 III 十年內再犯：吊銷,吊銷,3,否,重新考領
S02293,3,週六,19,新北市,機車,50-59歲,男,A2,0,1,1,2,尿液,安非他命,二級,2.0,1,61~120,§35 III 十年內再犯：吊銷,吊銷,3,否,重新考領
S02294,5,週二,16,嘉義縣,機車,50-59歲,男,A2,0,4,0,1,尿液,嗎啡,一級,3.0,0,61~120,§35 I 肇事致人受傷：吊扣2-4年,吊扣,2,否,期滿發還
S02295,10,週二,6,雲林縣,機車,40-49歲,男,A2,0,1,0,1,尿液,甲基安非他命,二級,2.0,0,31~60,§35 I 肇事致人受傷：吊扣2-4年,吊扣,3,否,期滿發還
S02296,10,週日,11,桃園市,小客車,40-49歲,男,A2,0,1,1,3,血液,嗎啡,一級,3.0,2,31~60,§35 III 十年內再犯：吊銷,吊銷,3,否,重新考領
S02297,8,週日,0,桃園市,小客車,20-29歲,女,A2,0,1,1,1,尿液,甲基安非他命,二級,2.0,1,31~60,§35 III 十年內再犯：吊銷,吊銷,3,否,重新考領
S02298,7,週六,21,臺北市,機車,20-29歲,男,A2,0,1,1,0,尿液,甲基安非他命,二級,2.0,1,31~60,§35 III 十年內再犯：吊銷,吊銷,3,否,重新考領
S02299,10,週六,18,臺南市,小客車,40-49歲,女,A2,0,2,0,3,尿液,安非他命,二級,2.0,0,31~60,§35 I 肇事致人受傷：吊扣2-4年,吊扣,2,否,期滿發還
S02300,4,週五,17,臺中市,機車,50-59歲,男,A2,0,1,0,2,尿液,安非他命,二級,2.0,0,31~60,§35 I 肇事致人受傷：吊扣2-4年,吊扣,2,否,期滿發還
S02301,2,週一,9,宜蘭縣,機車,50-59歲,男,A2,0,3,0,2,尿液,安非他命,二級,2.0,0,31~60,§35 I 肇事致人受傷：吊扣2-4年,吊扣,3,否,期滿發還
S02302,8,週六,7,基隆市,機車,50-59歲,女,A2,0,1,1,2,尿液,安非他命,二級,2.0,2,31~60,§35 III 十年內再犯：吊銷,吊銷,3,否,重新考領
S02303,6,週一,9,高雄市,小客車,30-39歲,男,A2,0,1,1,2,尿液,安非他命,二級,2.0,1,31~60,§35 III 十年內再犯：吊銷,吊銷,3,否,重新考領
S02304,9,週四,8,南投縣,機車,40-49歲,男,A2,0,2,1,2,尿液,甲基安非他命,二級,2.0,1,31~60,§35 III 十年內再犯：吊銷,吊銷,3,否,重新考領
S02305,3,週六,7,臺中市,機車,40-49歲,男,A2,0,1,0,1,尿液,甲基安非他命,二級,2.0,0,0~30,§35 I 肇事致人受傷：吊扣2-4年,吊扣,4,否,期滿發還
S02306,8,週二,11,南投縣,機車,40-49歲,男,A2,0,1,0,1,尿液,安非他命,二級,2.0,0,31~60,§35 I 肇事致人受傷：吊扣2-4年,吊扣,2,否,期滿發還
S02307,4,週四,20,雲林縣,機車,50-59歲,男,A2,0,1,1,0,尿液,甲基安非他命,二級,2.0,1,0~30,§35 III 十年內再犯：吊銷,吊銷,3,否,重新考領
S02308,10,週一,17,臺中市,小客車,40-49歲,男,A2,0,2,0,0,尿液,嗎啡,一級,3.0,0,0~30,§35 I 肇事致人受傷：吊扣2-4年,吊扣,2,否,期滿發還
S02309,9,週三,22,基隆市,機車,30-39歲,男,A2,0,2,0,0,尿液,愷他命,三級,1.0,0,0~30,§35 I 肇事致人受傷：吊扣2-4年,吊扣,2,否,期滿發還
S02310,7,週六,17,臺北市,小客車,60歲以上,男,A2,0,2,0,0,尿液,安非他命,二級,2.0,0,61~120,§35 I 肇事致人受傷：吊扣2-4年,吊扣,2,否,期滿發還
S02311,11,週一,18,新北市,小客車,20-29歲,男,A2,0,1,1,0,尿液,愷他命,三級,1.0,1,31~60,§35 III 十年內再犯：吊銷,吊銷,3,否,重新考領
S02312,6,週四,17,南投縣,機車,60歲以上,男,A2,0,1,1,1,尿液,甲基安非他命,二級,2.0,2,31~60,§35 III 十年內再犯：吊銷,吊銷,3,否,重新考領
S02313,5,週三,3,高雄市,小客車,50-59歲,男,A2,0,1,0,3,尿液,安非他命,二級,2.0,0,121~500,§35 I 肇事致人受傷：吊扣2-4年,吊扣,4,否,期滿發還
S02314,5,週六,9,臺中市,小客車,40-49歲,男,A2,0,1,0,3,尿液,甲基安非他命,二級,2.0,0,31~60,§35 I 肇事致人受傷：吊扣2-4年,吊扣,3,否,期滿發還
S02315,10,週三,17,臺中市,機車,40-49歲,男,A2,0,1,1,2,尿液,安非他命,二級,2.0,4,31~60,§35 III 十年內再犯：吊銷,吊銷,3,否,重新考領
S02316,2,週二,7,高雄市,小客車,30-39歲,男,A2,0,1,0,2,尿液,嗎啡,一級,3.0,0,0~30,§35 I 肇事致人受傷：吊扣2-4年,吊扣,2,否,期滿發還
S02317,5,週六,17,彰化縣,小客車,20-29歲,男,A2,0,1,0,2,尿液,安非他命,二級,2.0,0,121~500,§35 I 肇事致人受傷：吊扣2-4年,吊扣,4,否,期滿發還
S02318,10,週六,20,雲林縣,機車,60歲以上,男,A2,0,1,0,2,血液,甲基安非他命,二級,2.0,0,121~500,§35 I 肇事致人受傷：吊扣2-4年,吊扣,4,否,期滿發還
S02319,2,週五,4,臺南市,貨車,60歲以上,男,A2,0,2,0,0,尿液,甲基安非他命,二級,2.0,0,0~30,§35 I 肇事致人受傷：吊扣2-4年,吊扣,2,否,期滿發還
S02320,3,週六,11,臺北市,機車,40-49歲,男,A2,0,1,1,0,尿液,愷他命,三級,1.0,1,121~500,§35 III 十年內再犯：吊銷,吊銷,3,否,重新考領
S02321,10,週日,1,臺北市,機車,40-49歲,女,A2,0,1,0,1,尿液,甲基安非他命,二級,2.0,0,31~60,§35 I 肇事致人受傷：吊扣2-4年,吊扣,2,否,期滿發還
S02322,4,週日,16,桃園市,貨車,50-59歲,男,A2,0,2,1,2,尿液,甲基安非他命,二級,2.0,1,0~30,§35 III 十年內再犯：吊銷,吊銷,3,否,重新考領
S02323,3,週一,9,嘉義縣,貨車,40-49歲,男,A2,0,1,1,3,尿液,安非他命,二級,2.0,3,0~30,§35 III 十年內再犯：吊銷,吊銷,3,否,重新考領
S02324,4,週二,7,桃園市,機車,20-29歲,男,A2,0,1,1,3,尿液,甲基安非他命,二級,2.0,1,31~60,§35 III 十年內再犯：吊銷,吊銷,3,否,重新考領
S02325,10,週二,21,桃園市,機車,50-59歲,男,A2,0,1,1,1,尿液,愷他命,三級,1.0,1,121~500,§35 III 十年內再犯：吊銷,吊銷,3,否,重新考領
S02326,8,週二,12,臺中市,小客車,40-49歲,男,A2,0,1,1,0,尿液,MDMA,二級,2.0,1,121~500,§35 III 十年內再犯：吊銷,吊銷,3,否,重新考領
S02327,10,週五,8,臺北市,機車,30-39歲,男,A2,0,1,1,3,尿液,甲基安非他命,二級,2.0,1,61~120,§35 III 十年內再犯：吊銷,吊銷,3,否,重新考領
S02328,2,週一,9,高雄市,機車,60歲以上,男,A2,0,3,0,2,尿液,甲基安非他命,二級,2.0,0,31~60,§35 I 肇事致人受傷：吊扣2-4年,吊扣,3,否,期滿發還
S02329,11,週四,7,臺南市,機車,50-59歲,男,A2,0,1,1,3,尿液,安非他命,二級,2.0,1,0~30,§35 III 十年內再犯：吊銷,吊銷,3,否,重新考領
S02330,10,週一,13,宜蘭縣,小客車,60歲以上,男,A2,0,2,0,0,尿液,甲基安非他命,二級,2.0,0,0~30,§35 I 肇事致人受傷：吊扣2-4年,吊扣,3,否,期滿發還
S02331,4,週一,21,桃園市,小客車,40-49歲,男,A2,0,2,1,0,血液,甲基安非他命,二級,2.0,1,31~60,§35 III 十年內再犯：吊銷,吊銷,3,否,重新考領
S02332,8,週四,10,彰化縣,小客車,30-39歲,男,A2,0,1,0,1,尿液,愷他命,三級,1.0,0,31~60,§35 I 肇事致人受傷：吊扣2-4年,吊扣,2,否,期滿發還
S02333,1,週日,16,臺北市,小客車,20-29歲,男,A2,0,1,0,3,尿液,愷他命,三級,1.0,0,0~30,§35 I 肇事致人受傷：吊扣2-4年,吊扣,4,否,期滿發還
S02334,3,週二,7,臺中市,小客車,60歲以上,男,A2,0,1,1,1,尿液,安非他命,二級,2.0,1,31~60,§35 III 十年內再犯：吊銷,吊銷,3,否,重新考領
S02335,10,週日,9,宜蘭縣,小客車,40-49歲,男,A2,0,1,1,0,尿液,安非他命,二級,2.0,1,31~60,§35 III 十年內再犯：吊銷,吊銷,3,否,重新考領
S02336,5,週五,19,臺中市,小客車,20-29歲,男,A2,0,1,1,0,尿液,甲基安非他命,二級,2.0,2,61~120,§35 III 十年內再犯：吊銷,吊銷,3,否,重新考領
S02337,1,週四,23,基隆市,機車,40-49歲,男,A2,0,1,1,0,尿液,嗎啡,一級,3.0,4,0~30,§35 III 十年內再犯：吊銷,吊銷,3,否,重新考領
S02338,2,週一,9,臺中市,小客車,40-49歲,女,A2,0,1,0,3,尿液,甲基安非他命,二級,2.0,0,121~500,§35 I 肇事致人受傷：吊扣2-4年,吊扣,2,否,期滿發還
S02339,12,週三,19,臺中市,機車,50-59歲,男,A2,0,2,1,3,尿液,愷他命,三級,1.0,3,0~30,§35 III 十年內再犯：吊銷,吊銷,3,否,重新考領
S02340,4,週一,19,新北市,機車,60歲以上,男,A2,0,1,1,1,尿液,愷他命,三級,1.0,1,31~60,§35 III 十年內再犯：吊銷,吊銷,3,否,重新考領
S02341,7,週六,17,新北市,機車,40-49歲,男,A2,0,2,1,0,尿液,甲基安非他命,二級,2.0,1,31~60,§35 III 十年內再犯：吊銷,吊銷,3,否,重新考領
S02342,7,週六,18,臺南市,機車,30-39歲,男,A2,0,1,1,3,尿液,嗎啡,一級,3.0,1,0~30,§35 III 十年內再犯：吊銷,吊銷,3,否,重新考領
S02343,4,週六,20,雲林縣,機車,60歲以上,男,A2,0,1,1,0,尿液,愷他命,三級,1.0,3,31~60,§35 III 十年內再犯：吊銷,吊銷,3,否,重新考領
S02344,7,週二,9,新北市,機車,40-49歲,男,A2,0,1,1,0,尿液,愷他命,三級,1.0,2,61~120,§35 III 十年內再犯：吊銷,吊銷,3,否,重新考領
S02345,4,週一,13,臺北市,小客車,40-49歲,男,A2,0,1,1,2,尿液,愷他命,三級,1.0,4,61~120,§35 III 十年內再犯：吊銷,吊銷,3,否,重新考領
S02346,12,週五,18,雲林縣,小客車,50-59歲,男,A2,0,1,1,0,血液,甲基安非他命,二級,2.0,1,61~120,§35 III 十年內再犯：吊銷,吊銷,3,否,重新考領
S02347,4,週日,8,新北市,小客車,20-29歲,男,A2,0,1,1,0,尿液,嗎啡,一級,3.0,1,0~30,§35 III 十年內再犯：吊銷,吊銷,3,否,重新考領
S02348,7,週五,18,彰化縣,機車,50-59歲,男,A2,0,1,0,2,血液,安非他命,二級,2.0,0,31~60,§35 I 肇事致人受傷：吊扣2-4年,吊扣,2,否,期滿發還
S02349,9,週三,18,彰化縣,小客車,40-49歲,男,A2,0,1,0,2,尿液,嗎啡,一級,3.0,0,61~120,§35 I 肇事致人受傷：吊扣2-4年,吊扣,2,否,期滿發還
S02350,2,週一,14,臺南市,小客車,50-59歲,男,A2,0,1,1,0,尿液,嗎啡,一級,3.0,4,31~60,§35 III 十年內再犯：吊銷,吊銷,3,否,重新考領
S02351,1,週三,4,臺北市,機車,40-49歲,男,A2,0,1,1,2,尿液,甲基安非他命,二級,2.0,3,0~30,§35 III 十年內再犯：吊銷,吊銷,3,否,重新考領
S02352,5,週一,8,臺南市,機車,19歲以下,男,A2,0,3,0,2,尿液,愷他命,三級,1.0,0,121~500,§35 I 肇事致人受傷：吊扣2-4年,吊扣,3,否,期滿發還
S02353,11,週三,7,臺南市,小客車,40-49歲,男,A2,0,1,0,2,尿液,安非他命,二級,2.0,0,0~30,§35 I 肇事致人受傷：吊扣2-4年,吊扣,3,否,期滿發還
S02354,8,週四,8,新竹縣,機車,50-59歲,男,A2,0,1,0,2,尿液,甲基安非他命,二級,2.0,0,0~30,§35 I 肇事致人受傷：吊扣2-4年,吊扣,3,否,期滿發還
S02355,2,週日,19,嘉義市,小客車,40-49歲,男,A2,0,1,0,0,尿液,甲基安非他命,二級,2.0,0,31~60,§35 I 肇事致人受傷：吊扣2-4年,吊扣,2,否,期滿發還
S02356,7,週日,11,高雄市,機車,50-59歲,男,A2,0,1,0,0,尿液,安非他命,二級,2.0,0,31~60,§35 I 肇事致人受傷：吊扣2-4年,吊扣,4,否,期滿發還
S02357,5,週三,18,臺北市,小客車,50-59歲,男,A2,0,2,0,1,尿液,安非他命,二級,2.0,0,0~30,§35 I 肇事致人受傷：吊扣2-4年,吊扣,2,否,期滿發還
S02358,1,週二,21,臺北市,機車,50-59歲,男,A2,0,1,0,2,尿液,安非他命,二級,2.0,0,0~30,§35 I 肇事致人受傷：吊扣2-4年,吊扣,4,否,期滿發還
S02359,10,週四,17,桃園市,小客車,30-39歲,男,A2,0,1,1,1,尿液,甲基安非他命,二級,2.0,1,31~60,§35 III 十年內再犯：吊銷,吊銷,3,否,重新考領
S02360,11,週六,10,桃園市,小客車,40-49歲,女,A2,0,1,1,3,尿液,安非他命,二級,2.0,1,0~30,§35 III 十年內再犯：吊銷,吊銷,3,否,重新考領
S02361,8,週二,15,新北市,機車,40-49歲,男,A2,0,1,1,0,尿液,嗎啡,一級,3.0,1,31~60,§35 III 十年內再犯：吊銷,吊銷,3,否,重新考領
S02362,1,週二,18,臺南市,貨車,50-59歲,男,A2,0,1,0,1,尿液,甲基安非他命,二級,2.0,0,31~60,§35 I 肇事致人受傷：吊扣2-4年,吊扣,4,否,期滿發還
S02363,2,週三,10,臺南市,機車,50-59歲,女,A2,0,1,1,1,尿液,甲基安非他命,二級,2.0,2,0~30,§35 III 十年內再犯：吊銷,吊銷,3,否,重新考領
S02364,2,週五,12,臺北市,小客車,40-49歲,男,A2,0,1,1,1,尿液,甲基安非他命,二級,2.0,2,121~500,§35 III 十年內再犯：吊銷,吊銷,3,否,重新考領
S02365,8,週二,17,基隆市,機車,50-59歲,男,A2,0,2,1,0,尿液,安非他命,二級,2.0,2,0~30,§35 III 十年內再犯：吊銷,吊銷,3,否,重新考領
S02366,8,週六,11,臺東縣,小客車,40-49歲,女,A2,0,1,0,3,尿液,甲基安非他命,二級,2.0,0,31~60,§35 I 肇事致人受傷：吊扣2-4年,吊扣,3,否,期滿發還
S02367,7,週三,21,臺中市,機車,50-59歲,男,A2,0,1,0,1,尿液,甲基安非他命,二級,2.0,0,61~120,§35 I 肇事致人受傷：吊扣2-4年,吊扣,3,否,期滿發還
S02368,10,週日,17,高雄市,小客車,40-49歲,男,A2,0,1,0,1,尿液,嗎啡,一級,3.0,0,0~30,§35 I 肇事致人受傷：吊扣2-4年,吊扣,3,否,期滿發還
S02369,5,週一,7,雲林縣,小客車,40-49歲,男,A2,0,1,0,3,尿液,甲基安非他命,二級,2.0,0,121~500,§35 I 肇事致人受傷：吊扣2-4年,吊扣,3,否,期滿發還
S02370,10,週日,18,新北市,機車,40-49歲,男,A2,0,1,0,2,尿液,安非他命,二級,2.0,0,0~30,§35 I 肇事致人受傷：吊扣2-4年,吊扣,2,否,期滿發還
S02371,8,週三,9,桃園市,小客車,50-59歲,男,A2,0,1,1,0,尿液,愷他命,三級,1.0,2,0~30,§35 III 十年內再犯：吊銷,吊銷,3,否,重新考領
S02372,2,週一,12,雲林縣,小客車,40-49歲,男,A2,0,1,1,3,尿液,安非他命,二級,2.0,3,31~60,§35 III 十年內再犯：吊銷,吊銷,3,否,重新考領
S02373,10,週六,9,高雄市,小客車,40-49歲,男,A2,0,1,1,0,尿液,嗎啡,一級,3.0,1,0~30,§35 III 十年內再犯：吊銷,吊銷,3,否,重新考領
S02374,11,週六,16,屏東縣,機車,50-59歲,男,A2,0,1,1,1,尿液,甲基安非他命,二級,2.0,1,0~30,§35 III 十年內再犯：吊銷,吊銷,3,否,重新考領
S02375,10,週三,21,臺中市,機車,40-49歲,男,A2,0,2,1,2,尿液,甲基安非他命,二級,2.0,1,0~30,§35 III 十年內再犯：吊銷,吊銷,3,否,重新考領
S02376,10,週五,23,臺南市,機車,30-39歲,男,A2,0,1,0,3,尿液,愷他命,三級,1.0,0,61~120,§35 I 肇事致人受傷：吊扣2-4年,吊扣,2,否,期滿發還
S02377,11,週六,18,桃園市,機車,50-59歲,女,A2,0,1,0,0,尿液,甲基安非他命,二級,2.0,0,31~60,§35 I 肇事致人受傷：吊扣2-4年,吊扣,3,否,期滿發還
S02378,5,週三,14,新北市,機車,50-59歲,男,A2,0,1,1,0,尿液,甲基安非他命,二級,2.0,1,121~500,§35 III 十年內再犯：吊銷,吊銷,3,否,重新考領
S02379,1,週日,22,南投縣,貨車,20-29歲,男,A2,0,2,0,0,尿液,安非他命,二級,2.0,0,0~30,§35 I 肇事致人受傷：吊扣2-4年,吊扣,4,否,期滿發還
S02380,2,週二,22,臺南市,小客車,30-39歲,男,A2,0,2,1,2,血液,安非他命,二級,2.0,2,0~30,§35 III 十年內再犯：吊銷,吊銷,3,否,重新考領
S02381,7,週六,9,臺北市,機車,40-49歲,男,A2,0,1,0,1,尿液,安非他命,二級,2.0,0,31~60,§35 I 肇事致人受傷：吊扣2-4年,吊扣,2,否,期滿發還
S02382,1,週三,14,桃園市,機車,40-49歲,男,A2,0,1,1,2,尿液,甲基安非他命,二級,2.0,1,31~60,§35 III 十年內再犯：吊銷,吊銷,3,否,重新考領
S02383,6,週日,17,新北市,機車,40-49歲,男,A2,0,1,0,2,尿液,嗎啡,一級,3.0,0,0~30,§35 I 肇事致人受傷：吊扣2-4年,吊扣,2,否,期滿發還
S02384,6,週六,17,臺北市,貨車,40-49歲,男,A2,0,1,1,1,尿液,嗎啡,一級,3.0,1,31~60,§35 III 十年內再犯：吊銷,吊銷,3,否,重新考領
S02385,1,週日,11,嘉義縣,機車,50-59歲,男,A2,0,1,1,2,尿液,嗎啡,一級,3.0,2,121~500,§35 III 十年內再犯：吊銷,吊銷,3,否,重新考領
S02386,7,週五,18,高雄市,小客車,30-39歲,男,A2,0,1,1,3,尿液,甲基安非他命,二級,2.0,4,31~60,§35 III 十年內再犯：吊銷,吊銷,3,否,重新考領
S02387,3,週六,15,桃園市,機車,40-49歲,男,A2,0,1,1,1,血液,安非他命,二級,2.0,1,61~120,§35 III 十年內再犯：吊銷,吊銷,3,否,重新考領
S02388,5,週二,22,臺中市,機車,40-49歲,男,A2,0,2,0,3,尿液,安非他命,二級,2.0,0,0~30,§35 I 肇事致人受傷：吊扣2-4年,吊扣,4,否,期滿發還
S02389,12,週五,18,新北市,小客車,20-29歲,女,A2,0,1,1,3,尿液,安非他命,二級,2.0,2,31~60,§35 III 十年內再犯：吊銷,吊銷,3,否,重新考領
S02390,4,週日,8,嘉義市,小客車,50-59歲,男,A2,0,1,1,0,血液,安非他命,二級,2.0,1,121~500,§35 III 十年內再犯：吊銷,吊銷,3,否,重新考領
S02391,1,週日,15,新北市,機車,50-59歲,女,A2,0,1,1,0,尿液,愷他命,三級,1.0,1,121~500,§35 III 十年內再犯：吊銷,吊銷,3,否,重新考領
S02392,2,週一,23,基隆市,小客車,50-59歲,男,A2,0,1,0,2,尿液,愷他命,三級,1.0,0,31~60,§35 I 肇事致人受傷：吊扣2-4年,吊扣,4,否,期滿發還
S02393,5,週一,19,南投縣,貨車,50-59歲,女,A2,0,0,0,1,尿液,安非他命,二級,2.0,0,31~60,§35 I 肇事致人受傷：吊扣2-4年,吊扣,4,否,期滿發還
S02394,5,週三,8,臺南市,小客車,50-59歲,男,A2,0,1,1,3,尿液,愷他命,三級,1.0,3,31~60,§35 III 十年內再犯：吊銷,吊銷,3,否,重新考領
S02395,8,週日,18,臺北市,機車,60歲以上,男,A2,0,1,1,3,尿液,安非他命,二級,2.0,3,121~500,§35 III 十年內再犯：吊銷,吊銷,3,否,重新考領
S02396,2,週二,21,臺中市,機車,40-49歲,男,A2,0,1,1,3,尿液,甲基安非他命,二級,2.0,1,31~60,§35 III 十年內再犯：吊銷,吊銷,3,否,重新考領
S02397,10,週五,15,臺東縣,機車,50-59歲,男,A2,0,1,0,1,尿液,嗎啡,一級,3.0,0,31~60,§35 I 肇事致人受傷：吊扣2-4年,吊扣,2,否,期滿發還
S02398,11,週六,18,高雄市,小客車,20-29歲,男,A2,0,1,1,1,尿液,安非他命,二級,2.0,1,31~60,§35 III 十年內再犯：吊銷,吊銷,3,否,重新考領
S02399,1,週一,19,臺南市,小客車,40-49歲,男,A2,0,1,1,0,尿液,安非他命,二級,2.0,3,31~60,§35 III 十年內再犯：吊銷,吊銷,3,否,重新考領
S02400,10,週二,7,新北市,機車,50-59歲,女,A2,0,2,1,0,尿液,安非他命,二級,2.0,1,31~60,§35 III 十年內再犯：吊銷,吊銷,3,否,重新考領
S02401,10,週五,20,臺中市,機車,40-49歲,男,A2,0,1,1,1,尿液,愷他命,三級,1.0,1,0~30,§35 III 十年內再犯：吊銷,吊銷,3,否,重新考領
S02402,1,週六,17,高雄市,機車,40-49歲,男,A2,0,1,1,3,血液,愷他命,三級,1.0,1,121~500,§35 III 十年內再犯：吊銷,吊銷,3,否,重新考領
S02403,5,週一,19,雲林縣,小客車,50-59歲,女,A2,0,1,1,3,血液,甲基安非他命,二級,2.0,1,0~30,§35 III 十年內再犯：吊銷,吊銷,3,否,重新考領
S02404,3,週一,13,新北市,小客車,40-49歲,男,A2,0,1,1,2,尿液,安非他命,二級,2.0,1,0~30,§35 III 十年內再犯：吊銷,吊銷,3,否,重新考領
S02405,4,週二,2,彰化縣,機車,40-49歲,男,A2,0,1,0,0,尿液,甲基安非他命,二級,2.0,0,121~500,§35 I 肇事致人受傷：吊扣2-4年,吊扣,2,否,期滿發還
S02406,9,週二,21,桃園市,機車,50-59歲,男,A2,0,1,1,1,尿液,安非他命,二級,2.0,1,31~60,§35 III 十年內再犯：吊銷,吊銷,3,否,重新考領
S02407,5,週六,21,臺北市,機車,50-59歲,男,A2,0,1,1,1,尿液,安非他命,二級,2.0,3,0~30,§35 III 十年內再犯：吊銷,吊銷,3,否,重新考領
S02408,10,週日,2,嘉義市,小客車,60歲以上,男,A2,0,1,0,0,尿液,甲基安非他命,二級,2.0,0,31~60,§35 I 肇事致人受傷：吊扣2-4年,吊扣,2,否,期滿發還
S02409,10,週三,13,雲林縣,機車,40-49歲,男,A2,0,1,1,0,尿液,安非他命,二級,2.0,2,31~60,§35 III 十年內再犯：吊銷,吊銷,3,否,重新考領
S02410,3,週二,14,臺北市,小客車,40-49歲,男,A2,0,1,1,3,尿液,甲基安非他命,二級,2.0,1,31~60,§35 III 十年內再犯：吊銷,吊銷,3,否,重新考領
S02411,9,週三,19,臺中市,小客車,40-49歲,女,A2,0,1,0,2,尿液,甲基安非他命,二級,2.0,0,0~30,§35 I 肇事致人受傷：吊扣2-4年,吊扣,2,否,期滿發還
S02412,7,週二,18,臺中市,小客車,50-59歲,男,A2,0,1,1,1,血液,甲基安非他命,二級,2.0,1,0~30,§35 III 十年內再犯：吊銷,吊銷,3,否,重新考領
S02413,11,週五,15,新竹市,小客車,20-29歲,男,A2,0,1,0,0,血液,愷他命,三級,1.0,0,61~120,§35 I 肇事致人受傷：吊扣2-4年,吊扣,4,否,期滿發還
S02414,10,週六,3,臺南市,機車,60歲以上,男,A2,0,1,1,0,尿液,甲基安非他命,二級,2.0,4,0~30,§35 III 十年內再犯：吊銷,吊銷,3,否,重新考領
S02415,4,週五,10,新北市,小客車,50-59歲,男,A2,0,1,1,1,尿液,安非他命,二級,2.0,1,31~60,§35 III 十年內再犯：吊銷,吊銷,3,否,重新考領
S02416,5,週六,16,高雄市,小客車,20-29歲,男,A2,0,1,0,0,尿液,甲基安非他命,二級,2.0,0,31~60,§35 I 肇事致人受傷：吊扣2-4年,吊扣,4,否,期滿發還
S02417,1,週二,7,新北市,貨車,50-59歲,男,A2,0,1,0,2,尿液,甲基安非他命,二級,2.0,0,61~120,§35 I 肇事致人受傷：吊扣2-4年,吊扣,2,否,期滿發還
S02418,6,週一,9,彰化縣,機車,40-49歲,男,A2,0,1,0,0,尿液,安非他命,二級,2.0,0,0~30,§35 I 肇事致人受傷：吊扣2-4年,吊扣,2,否,期滿發還
S02419,3,週日,8,花蓮縣,機車,30-39歲,男,A2,0,1,0,1,尿液,嗎啡,一級,3.0,0,121~500,§35 I 肇事致人受傷：吊扣2-4年,吊扣,3,否,期滿發還
S02420,12,週三,10,苗栗縣,機車,50-59歲,女,A2,0,1,0,3,尿液,甲基安非他命,二級,2.0,0,0~30,§35 I 肇事致人受傷：吊扣2-4年,吊扣,4,否,期滿發還
S02421,4,週日,18,南投縣,機車,50-59歲,男,A2,0,1,0,2,尿液,甲基安非他命,二級,2.0,0,31~60,§35 I 肇事致人受傷：吊扣2-4年,吊扣,4,否,期滿發還
S02422,1,週五,17,雲林縣,機車,20-29歲,男,A2,0,1,1,3,尿液,愷他命,三級,1.0,1,0~30,§35 III 十年內再犯：吊銷,吊銷,3,否,重新考領
S02423,8,週一,21,臺北市,小客車,20-29歲,男,A2,0,1,1,2,尿液,安非他命,二級,2.0,2,0~30,§35 III 十年內再犯：吊銷,吊銷,3,否,重新考領
S02424,3,週三,7,臺南市,小客車,20-29歲,男,A2,0,1,1,1,尿液,安非他命,二級,2.0,2,0~30,§35 III 十年內再犯：吊銷,吊銷,3,否,重新考領
S02425,6,週日,7,新竹市,小客車,50-59歲,男,A2,0,1,1,2,尿液,嗎啡,一級,3.0,1,31~60,§35 III 十年內再犯：吊銷,吊銷,3,否,重新考領
S02426,4,週二,18,桃園市,小客車,19歲以下,男,A2,0,1,0,2,血液,安非他命,二級,2.0,0,0~30,§35 I 肇事致人受傷：吊扣2-4年,吊扣,4,否,期滿發還
S02427,10,週二,22,新北市,機車,40-49歲,男,A2,0,1,1,3,尿液,安非他命,二級,2.0,3,0~30,§35 III 十年內再犯：吊銷,吊銷,3,否,重新考領
S02428,11,週一,18,新北市,機車,40-49歲,男,A2,0,2,1,3,尿液,安非他命,二級,2.0,2,31~60,§35 III 十年內再犯：吊銷,吊銷,3,否,重新考領
S02429,11,週二,22,臺北市,機車,60歲以上,男,A2,0,1,0,1,尿液,甲基安非他命,二級,2.0,0,61~120,§35 I 肇事致人受傷：吊扣2-4年,吊扣,2,否,期滿發還
S02430,3,週六,17,臺北市,機車,50-59歲,男,A2,0,1,1,2,尿液,甲基安非他命,二級,2.0,1,31~60,§35 III 十年內再犯：吊銷,吊銷,3,否,重新考領
S02431,2,週日,0,臺中市,小客車,60歲以上,男,A2,0,2,1,0,血液,安非他命,二級,2.0,2,31~60,§35 III 十年內再犯：吊銷,吊銷,3,否,重新考領
S02432,4,週四,9,臺南市,小客車,20-29歲,男,A2,0,1,1,2,尿液,安非他命,二級,2.0,1,121~500,§35 III 十年內再犯：吊銷,吊銷,3,否,重新考領
S02433,2,週二,9,花蓮縣,機車,20-29歲,女,A2,0,1,1,2,血液,甲基安非他命,二級,2.0,1,61~120,§35 III 十年內再犯：吊銷,吊銷,3,否,重新考領
S02434,8,週一,17,嘉義縣,小客車,19歲以下,男,A2,0,1,0,0,尿液,嗎啡,一級,3.0,0,121~500,§35 I 肇事致人受傷：吊扣2-4年,吊扣,2,否,期滿發還
S02435,10,週一,15,臺中市,機車,50-59歲,男,A2,0,1,0,0,尿液,安非他命,二級,2.0,0,0~30,§35 I 肇事致人受傷：吊扣2-4年,吊扣,2,否,期滿發還
S02436,7,週一,20,彰化縣,小客車,40-49歲,女,A2,0,4,1,3,尿液,嗎啡,一級,3.0,2,121~500,§35 III 十年內再犯：吊銷,吊銷,3,否,重新考領
S02437,7,週五,14,宜蘭縣,機車,30-39歲,男,A2,0,4,1,1,血液,愷他命,三級,1.0,1,31~60,§35 III 十年內再犯：吊銷,吊銷,3,否,重新考領
S02438,11,週一,14,臺南市,機車,40-49歲,男,A2,0,1,1,3,尿液,甲基安非他命,二級,2.0,1,61~120,§35 III 十年內再犯：吊銷,吊銷,3,否,重新考領
S02439,5,週六,8,新北市,機車,50-59歲,男,A2,0,1,0,0,尿液,甲基安非他命,二級,2.0,0,61~120,§35 I 肇事致人受傷：吊扣2-4年,吊扣,3,否,期滿發還
S02440,2,週四,8,桃園市,小客車,20-29歲,男,A2,0,1,0,3,尿液,安非他命,二級,2.0,0,31~60,§35 I 肇事致人受傷：吊扣2-4年,吊扣,4,否,期滿發還
S02441,5,週日,6,高雄市,小客車,40-49歲,男,A2,0,1,1,1,尿液,甲基安非他命,二級,2.0,3,61~120,§35 III 十年內再犯：吊銷,吊銷,3,否,重新考領
S02442,7,週五,17,新竹縣,小客車,40-49歲,男,A2,0,1,1,0,尿液,安非他命,二級,2.0,1,31~60,§35 III 十年內再犯：吊銷,吊銷,3,否,重新考領
S02443,7,週六,11,高雄市,貨車,40-49歲,男,A2,0,1,1,2,尿液,甲基安非他命,二級,2.0,1,31~60,§35 III 十年內再犯：吊銷,吊銷,3,否,重新考領
S02444,6,週五,23,臺北市,機車,30-39歲,男,A2,0,4,0,0,尿液,安非他命,二級,2.0,0,61~120,§35 I 肇事致人受傷：吊扣2-4年,吊扣,3,否,期滿發還
S02445,1,週四,5,新北市,機車,50-59歲,男,A2,0,1,1,2,尿液,安非他命,二級,2.0,1,31~60,§35 III 十年內再犯：吊銷,吊銷,3,否,重新考領
S02446,3,週三,17,臺北市,小客車,60歲以上,男,A2,0,1,1,0,尿液,嗎啡,一級,3.0,2,31~60,§35 III 十年內再犯：吊銷,吊銷,3,否,重新考領
S02447,2,週二,19,臺中市,機車,50-59歲,男,A2,0,1,1,3,尿液,嗎啡,一級,3.0,1,61~120,§35 III 十年內再犯：吊銷,吊銷,3,否,重新考領
S02448,7,週日,23,臺北市,小客車,40-49歲,女,A2,0,1,0,3,尿液,安非他命,二級,2.0,0,0~30,§35 I 肇事致人受傷：吊扣2-4年,吊扣,3,否,期滿發還
S02449,3,週六,13,花蓮縣,機車,40-49歲,男,A2,0,2,0,2,尿液,甲基安非他命,二級,2.0,0,0~30,§35 I 肇事致人受傷：吊扣2-4年,吊扣,2,否,期滿發還
S02450,6,週六,8,新北市,小客車,30-39歲,男,A2,0,1,1,2,尿液,甲基安非他命,二級,2.0,1,31~60,§35 III 十年內再犯：吊銷,吊銷,3,否,重新考領
S02451,3,週日,13,新北市,小客車,50-59歲,男,A2,0,1,1,0,尿液,安非他命,二級,2.0,2,121~500,§35 III 十年內再犯：吊銷,吊銷,3,否,重新考領
S02452,12,週三,16,屏東縣,小客車,40-49歲,男,A2,0,2,0,0,尿液,甲基安非他命,二級,2.0,0,31~60,§35 I 肇事致人受傷：吊扣2-4年,吊扣,3,否,期滿發還
S02453,3,週五,17,臺南市,機車,19歲以下,男,A2,0,1,1,1,尿液,愷他命,三級,1.0,1,0~30,§35 III 十年內再犯：吊銷,吊銷,3,否,重新考領
S02454,6,週六,2,新竹市,機車,20-29歲,男,A2,0,1,1,1,尿液,甲基安非他命,二級,2.0,1,61~120,§35 III 十年內再犯：吊銷,吊銷,3,否,重新考領
S02455,10,週二,8,新北市,小客車,50-59歲,男,A2,0,1,1,1,尿液,安非他命,二級,2.0,4,31~60,§35 III 十年內再犯：吊銷,吊銷,3,否,重新考領
S02456,11,週四,2,花蓮縣,貨車,40-49歲,男,A2,0,1,1,0,尿液,安非他命,二級,2.0,1,121~500,§35 III 十年內再犯：吊銷,吊銷,3,否,重新考領
S02457,10,週二,11,新北市,小客車,40-49歲,男,A2,0,3,1,1,尿液,甲基安非他命,二級,2.0,2,121~500,§35 III 十年內再犯：吊銷,吊銷,3,否,重新考領
S02458,2,週五,18,新竹縣,機車,50-59歲,男,A2,0,1,1,3,尿液,甲基安非他命,二級,2.0,1,0~30,§35 III 十年內再犯：吊銷,吊銷,3,否,重新考領
S02459,5,週四,1,南投縣,貨車,40-49歲,男,A2,0,1,1,3,尿液,甲基安非他命,二級,2.0,3,31~60,§35 III 十年內再犯：吊銷,吊銷,3,否,重新考領
S02460,10,週三,12,新北市,機車,60歲以上,女,A2,0,1,1,0,尿液,愷他命,三級,1.0,3,0~30,§35 III 十年內再犯：吊銷,吊銷,3,否,重新考領
S02461,10,週三,9,高雄市,小客車,50-59歲,男,A2,0,1,1,2,尿液,安非他命,二級,2.0,1,0~30,§35 III 十年內再犯：吊銷,吊銷,3,否,重新考領
S02462,4,週一,6,高雄市,小客車,40-49歲,男,A2,0,2,1,3,尿液,甲基安非他命,二級,2.0,1,31~60,§35 III 十年內再犯：吊銷,吊銷,3,否,重新考領
S02463,6,週二,13,桃園市,貨車,30-39歲,女,A2,0,1,0,1,尿液,安非他命,二級,2.0,0,121~500,§35 I 肇事致人受傷：吊扣2-4年,吊扣,2,否,期滿發還
S02464,10,週日,11,桃園市,小客車,40-49歲,男,A2,0,2,0,1,尿液,愷他命,三級,1.0,0,31~60,§35 I 肇事致人受傷：吊扣2-4年,吊扣,2,否,期滿發還
S02465,9,週一,15,臺北市,小客車,40-49歲,男,A2,0,1,1,1,尿液,安非他命,二級,2.0,1,121~500,§35 III 十年內再犯：吊銷,吊銷,3,否,重新考領
S02466,10,週三,20,新北市,小客車,40-49歲,男,A2,0,1,0,3,尿液,安非他命,二級,2.0,0,0~30,§35 I 肇事致人受傷：吊扣2-4年,吊扣,3,否,期滿發還
S02467,11,週五,14,臺北市,小客車,40-49歲,男,A2,0,1,1,0,尿液,安非他命,二級,2.0,3,31~60,§35 III 十年內再犯：吊銷,吊銷,3,否,重新考領
S02468,11,週五,20,新北市,機車,50-59歲,男,A2,0,1,0,3,尿液,安非他命,二級,2.0,0,0~30,§35 I 肇事致人受傷：吊扣2-4年,吊扣,2,否,期滿發還
S02469,1,週日,18,臺中市,機車,40-49歲,男,A2,0,2,0,3,尿液,安非他命,二級,2.0,0,31~60,§35 I 肇事致人受傷：吊扣2-4年,吊扣,4,否,期滿發還
S02470,7,週二,10,臺南市,機車,40-49歲,男,A2,0,1,1,3,尿液,安非他命,二級,2.0,2,61~120,§35 III 十年內再犯：吊銷,吊銷,3,否,重新考領
S02471,6,週二,22,南投縣,小客車,40-49歲,男,A2,0,1,1,3,尿液,愷他命,三級,1.0,1,0~30,§35 III 十年內再犯：吊銷,吊銷,3,否,重新考領
S02472,10,週六,7,高雄市,機車,50-59歲,男,A2,0,1,0,0,血液,甲基安非他命,二級,2.0,0,0~30,§35 I 肇事致人受傷：吊扣2-4年,吊扣,3,否,期滿發還
S02473,5,週五,11,桃園市,機車,50-59歲,男,A2,0,1,1,1,尿液,安非他命,二級,2.0,2,31~60,§35 III 十年內再犯：吊銷,吊銷,3,否,重新考領
S02474,3,週二,18,高雄市,小客車,50-59歲,男,A2,0,1,1,3,尿液,嗎啡,一級,3.0,2,31~60,§35 III 十年內再犯：吊銷,吊銷,3,否,重新考領
S02475,5,週一,14,新北市,小客車,50-59歲,男,A2,0,1,1,3,尿液,嗎啡,一級,3.0,3,31~60,§35 III 十年內再犯：吊銷,吊銷,3,否,重新考領
S02476,2,週五,10,新北市,機車,40-49歲,女,A2,0,1,0,0,尿液,安非他命,二級,2.0,0,31~60,§35 I 肇事致人受傷：吊扣2-4年,吊扣,4,否,期滿發還
S02477,4,週四,12,臺中市,機車,40-49歲,女,A2,0,1,0,3,血液,甲基安非他命,二級,2.0,0,31~60,§35 I 肇事致人受傷：吊扣2-4年,吊扣,3,否,期滿發還
S02478,10,週三,15,臺中市,小客車,40-49歲,男,A2,0,1,0,1,血液,安非他命,二級,2.0,0,31~60,§35 I 肇事致人受傷：吊扣2-4年,吊扣,4,否,期滿發還
S02479,9,週五,14,高雄市,機車,30-39歲,男,A2,0,1,1,3,尿液,甲基安非他命,二級,2.0,2,31~60,§35 III 十年內再犯：吊銷,吊銷,3,否,重新考領
S02480,10,週六,16,臺南市,機車,50-59歲,女,A2,0,2,1,2,尿液,嗎啡,一級,3.0,1,0~30,§35 III 十年內再犯：吊銷,吊銷,3,否,重新考領
S02481,4,週五,11,高雄市,機車,50-59歲,女,A2,0,1,1,2,尿液,安非他命,二級,2.0,2,31~60,§35 III 十年內再犯：吊銷,吊銷,3,否,重新考領
S02482,5,週一,17,花蓮縣,小客車,40-49歲,男,A2,0,1,1,2,血液,甲基安非他命,二級,2.0,1,61~120,§35 III 十年內再犯：吊銷,吊銷,3,否,重新考領
S02483,3,週四,20,臺中市,小客車,50-59歲,男,A2,0,1,1,2,尿液,安非他命,二級,2.0,1,0~30,§35 III 十年內再犯：吊銷,吊銷,3,否,重新考領
S02484,1,週四,11,臺北市,機車,40-49歲,男,A2,0,2,1,1,尿液,愷他命,三級,1.0,1,31~60,§35 III 十年內再犯：吊銷,吊銷,3,否,重新考領
S02485,7,週六,16,臺南市,機車,40-49歲,男,A2,0,1,0,2,尿液,甲基安非他命,二級,2.0,0,0~30,§35 I 肇事致人受傷：吊扣2-4年,吊扣,4,否,期滿發還
S02486,10,週五,8,臺中市,小客車,30-39歲,男,A2,0,2,1,1,尿液,安非他命,二級,2.0,1,0~30,§35 III 十年內再犯：吊銷,吊銷,3,否,重新考領
S02487,8,週一,7,基隆市,機車,20-29歲,男,A2,0,2,0,1,尿液,甲基安非他命,二級,2.0,0,31~60,§35 I 肇事致人受傷：吊扣2-4年,吊扣,2,否,期滿發還
S02488,2,週三,14,臺中市,小客車,40-49歲,男,A2,0,2,0,2,尿液,安非他命,二級,2.0,0,0~30,§35 I 肇事致人受傷：吊扣2-4年,吊扣,3,否,期滿發還
S02489,10,週三,18,高雄市,小客車,40-49歲,男,A2,0,1,1,2,尿液,安非他命,二級,2.0,1,31~60,§35 III 十年內再犯：吊銷,吊銷,3,否,重新考領
S02490,7,週六,17,臺北市,小客車,50-59歲,男,A2,0,1,0,3,血液,甲基安非他命,二級,2.0,0,0~30,§35 I 肇事致人受傷：吊扣2-4年,吊扣,4,否,期滿發還
S02491,8,週二,11,桃園市,機車,50-59歲,男,A2,0,1,0,3,尿液,安非他命,二級,2.0,0,0~30,§35 I 肇事致人受傷：吊扣2-4年,吊扣,3,否,期滿發還
S02492,10,週三,8,高雄市,機車,60歲以上,女,A2,0,4,1,1,尿液,甲基安非他命,二級,2.0,1,31~60,§35 III 十年內再犯：吊銷,吊銷,3,否,重新考領
S02493,9,週五,16,高雄市,小客車,50-59歲,男,A2,0,1,1,3,血液,愷他命,三級,1.0,1,0~30,§35 III 十年內再犯：吊銷,吊銷,3,否,重新考領
S02494,11,週日,23,新北市,小客車,60歲以上,男,A2,0,2,0,0,尿液,嗎啡,一級,3.0,0,31~60,§35 I 肇事致人受傷：吊扣2-4年,吊扣,3,否,期滿發還
S02495,4,週二,16,新北市,機車,60歲以上,男,A2,0,1,1,2,血液,安非他命,二級,2.0,1,0~30,§35 III 十年內再犯：吊銷,吊銷,3,否,重新考領
S02496,7,週四,11,臺北市,貨車,20-29歲,男,A2,0,1,0,1,尿液,甲基安非他命,二級,2.0,0,121~500,§35 I 肇事致人受傷：吊扣2-4年,吊扣,3,否,期滿發還
S02497,10,週四,6,嘉義市,貨車,20-29歲,女,A2,0,1,1,0,尿液,甲基安非他命,二級,2.0,1,31~60,§35 III 十年內再犯：吊銷,吊銷,3,否,重新考領
S02498,9,週二,8,臺北市,機車,40-49歲,男,A2,0,1,1,0,尿液,安非他命,二級,2.0,1,31~60,§35 III 十年內再犯：吊銷,吊銷,3,否,重新考領
S02499,8,週五,23,屏東縣,機車,40-49歲,男,A2,0,1,1,3,尿液,愷他命,三級,1.0,2,0~30,§35 III 十年內再犯：吊銷,吊銷,3,否,重新考領
S02500,11,週五,10,嘉義市,小客車,20-29歲,男,A2,0,1,0,3,尿液,甲基安非他命,二級,2.0,0,0~30,§35 I 肇事致人受傷：吊扣2-4年,吊扣,4,否,期滿發還
S02501,12,週日,17,新竹縣,小客車,30-39歲,男,A2,0,1,0,3,尿液,甲基安非他命,二級,2.0,0,31~60,§35 I 肇事致人受傷：吊扣2-4年,吊扣,4,否,期滿發還
S02502,6,週六,22,桃園市,小客車,30-39歲,男,A2,0,1,0,3,尿液,甲基安非他命,二級,2.0,0,0~30,§35 I 肇事致人受傷：吊扣2-4年,吊扣,3,否,期滿發還
S02503,9,週六,1,臺南市,小客車,30-39歲,女,A2,0,2,0,0,尿液,甲基安非他命,二級,2.0,0,31~60,§35 I 肇事致人受傷：吊扣2-4年,吊扣,3,否,期滿發還
S02504,10,週六,10,基隆市,機車,50-59歲,男,A2,0,1,1,0,血液,甲基安非他命,二級,2.0,1,0~30,§35 III 十年內再犯：吊銷,吊銷,3,否,重新考領
S02505,7,週三,10,嘉義縣,小客車,40-49歲,男,A2,0,1,0,3,尿液,甲基安非他命,二級,2.0,0,0~30,§35 I 肇事致人受傷：吊扣2-4年,吊扣,3,否,期滿發還
S02506,4,週六,21,臺北市,機車,50-59歲,男,A2,0,1,1,1,尿液,嗎啡,一級,3.0,1,31~60,§35 III 十年內再犯：吊銷,吊銷,3,否,重新考領
S02507,7,週四,19,高雄市,小客車,40-49歲,男,A2,0,1,1,1,尿液,安非他命,二級,2.0,1,61~120,§35 III 十年內再犯：吊銷,吊銷,3,否,重新考領
S02508,3,週四,3,臺北市,小客車,30-39歲,男,A2,0,1,1,1,尿液,安非他命,二級,2.0,2,0~30,§35 III 十年內再犯：吊銷,吊銷,3,否,重新考領
S02509,1,週二,16,臺南市,小客車,40-49歲,女,A2,0,1,1,0,尿液,安非他命,二級,2.0,1,31~60,§35 III 十年內再犯：吊銷,吊銷,3,否,重新考領
S02510,6,週一,17,宜蘭縣,機車,40-49歲,男,A2,0,1,1,1,尿液,安非他命,二級,2.0,1,0~30,§35 III 十年內再犯：吊銷,吊銷,3,否,重新考領
S02511,8,週一,14,臺中市,機車,30-39歲,男,A2,0,2,0,2,尿液,愷他命,三級,1.0,0,61~120,§35 I 肇事致人受傷：吊扣2-4年,吊扣,3,否,期滿發還
S02512,7,週二,20,基隆市,貨車,60歲以上,男,A2,0,1,1,3,尿液,甲基安非他命,二級,2.0,1,0~30,§35 III 十年內再犯：吊銷,吊銷,3,否,重新考領
S02513,1,週二,19,桃園市,機車,60歲以上,男,A2,0,1,0,1,尿液,愷他命,三級,1.0,0,31~60,§35 I 肇事致人受傷：吊扣2-4年,吊扣,2,否,期滿發還
S02514,2,週五,15,桃園市,小客車,20-29歲,男,A2,0,1,1,3,尿液,安非他命,二級,2.0,2,31~60,§35 III 十年內再犯：吊銷,吊銷,3,否,重新考領
S02515,1,週四,19,新北市,機車,40-49歲,男,A2,0,1,0,1,血液,愷他命,三級,1.0,0,121~500,§35 I 肇事致人受傷：吊扣2-4年,吊扣,2,否,期滿發還
S02516,11,週一,7,彰化縣,小客車,40-49歲,男,A2,0,1,0,2,尿液,甲基安非他命,二級,2.0,0,0~30,§35 I 肇事致人受傷：吊扣2-4年,吊扣,2,否,期滿發還
S02517,12,週三,1,高雄市,機車,40-49歲,女,A2,0,1,1,0,尿液,甲基安非他命,二級,2.0,1,31~60,§35 III 十年內再犯：吊銷,吊銷,3,否,重新考領
S02518,10,週二,18,彰化縣,機車,40-49歲,女,A2,0,2,1,0,尿液,安非他命,二級,2.0,1,0~30,§35 III 十年內再犯：吊銷,吊銷,3,否,重新考領
S02519,8,週五,17,臺南市,機車,50-59歲,男,A2,0,2,0,2,尿液,嗎啡,一級,3.0,0,0~30,§35 I 肇事致人受傷：吊扣2-4年,吊扣,2,否,期滿發還
S02520,9,週四,8,宜蘭縣,小客車,20-29歲,男,A2,0,1,0,1,尿液,甲基安非他命,二級,2.0,0,31~60,§35 I 肇事致人受傷：吊扣2-4年,吊扣,2,否,期滿發還
S02521,9,週五,7,新北市,小客車,40-49歲,男,A2,0,1,0,1,尿液,愷他命,三級,1.0,0,31~60,§35 I 肇事致人受傷：吊扣2-4年,吊扣,3,否,期滿發還
S02522,8,週四,23,新北市,貨車,40-49歲,男,A2,0,1,0,2,尿液,安非他命,二級,2.0,0,121~500,§35 I 肇事致人受傷：吊扣2-4年,吊扣,4,否,期滿發還
S02523,10,週六,10,嘉義縣,小客車,50-59歲,男,A2,0,1,0,0,血液,安非他命,二級,2.0,0,31~60,§35 I 肇事致人受傷：吊扣2-4年,吊扣,2,否,期滿發還
S02524,4,週三,18,新北市,小客車,40-49歲,男,A2,0,2,0,2,尿液,安非他命,二級,2.0,0,31~60,§35 I 肇事致人受傷：吊扣2-4年,吊扣,4,否,期滿發還
S02525,6,週四,5,臺南市,小客車,40-49歲,男,A2,0,1,1,1,尿液,甲基安非他命,二級,2.0,2,31~60,§35 III 十年內再犯：吊銷,吊銷,3,否,重新考領
S02526,7,週五,13,臺中市,機車,50-59歲,男,A2,0,2,0,3,尿液,安非他命,二級,2.0,0,31~60,§35 I 肇事致人受傷：吊扣2-4年,吊扣,3,否,期滿發還
S02527,4,週五,9,宜蘭縣,機車,40-49歲,男,A2,0,1,0,2,尿液,甲基安非他命,二級,2.0,0,0~30,§35 I 肇事致人受傷：吊扣2-4年,吊扣,3,否,期滿發還
S02528,8,週一,13,新北市,機車,20-29歲,女,A2,0,1,1,2,尿液,甲基安非他命,二級,2.0,2,31~60,§35 III 十年內再犯：吊銷,吊銷,3,否,重新考領
S02529,5,週四,19,新北市,機車,50-59歲,男,A2,0,2,1,1,尿液,安非他命,二級,2.0,1,0~30,§35 III 十年內再犯：吊銷,吊銷,3,否,重新考領
S02530,8,週三,20,新北市,機車,40-49歲,男,A2,0,1,1,2,尿液,嗎啡,一級,3.0,1,31~60,§35 III 十年內再犯：吊銷,吊銷,3,否,重新考領
S02531,7,週三,7,高雄市,機車,50-59歲,男,A2,0,1,1,1,尿液,甲基安非他命,二級,2.0,1,31~60,§35 III 十年內再犯：吊銷,吊銷,3,否,重新考領
S02532,7,週三,7,彰化縣,機車,40-49歲,男,A2,0,1,0,2,尿液,甲基安非他命,二級,2.0,0,31~60,§35 I 肇事致人受傷：吊扣2-4年,吊扣,4,否,期滿發還
S02533,5,週日,11,高雄市,機車,40-49歲,男,A2,0,2,1,2,尿液,甲基安非他命,二級,2.0,1,31~60,§35 III 十年內再犯：吊銷,吊銷,3,否,重新考領
S02534,1,週日,4,臺北市,小客車,30-39歲,男,A2,0,1,1,3,尿液,甲基安非他命,二級,2.0,1,121~500,§35 III 十年內再犯：吊銷,吊銷,3,否,重新考領
S02535,10,週一,10,雲林縣,貨車,50-59歲,男,A2,0,1,1,1,尿液,甲基安非他命,二級,2.0,1,121~500,§35 III 十年內再犯：吊銷,吊銷,3,否,重新考領
S02536,10,週三,20,臺中市,機車,50-59歲,男,A2,0,1,0,1,尿液,愷他命,三級,1.0,0,121~500,§35 I 肇事致人受傷：吊扣2-4年,吊扣,4,否,期滿發還
S02537,8,週二,22,臺南市,小客車,40-49歲,女,A2,0,2,1,0,血液,嗎啡,一級,3.0,3,31~60,§35 III 十年內再犯：吊銷,吊銷,3,否,重新考領
S02538,7,週二,15,彰化縣,小客車,50-59歲,男,A2,0,3,0,1,尿液,安非他命,二級,2.0,0,31~60,§35 I 肇事致人受傷：吊扣2-4年,吊扣,3,否,期滿發還
S02539,1,週一,7,桃園市,小客車,40-49歲,女,A2,0,1,1,3,血液,愷他命,三級,1.0,1,31~60,§35 III 十年內再犯：吊銷,吊銷,3,否,重新考領
S02540,3,週日,8,高雄市,小客車,30-39歲,男,A2,0,2,1,1,尿液,安非他命,二級,2.0,1,31~60,§35 III 十年內再犯：吊銷,吊銷,3,否,重新考領
S02541,3,週一,10,臺中市,機車,40-49歲,男,A2,0,1,1,3,尿液,安非他命,二級,2.0,1,0~30,§35 III 十年內再犯：吊銷,吊銷,3,否,重新考領
S02542,11,週六,19,臺南市,機車,60歲以上,女,A2,0,1,1,3,尿液,甲基安非他命,二級,2.0,1,0~30,§35 III 十年內再犯：吊銷,吊銷,3,否,重新考領
S02543,4,週四,9,高雄市,貨車,50-59歲,男,A2,0,1,1,1,尿液,愷他命,三級,1.0,1,121~500,§35 III 十年內再犯：吊銷,吊銷,3,否,重新考領
S02544,1,週二,19,新北市,機車,40-49歲,男,A2,0,2,0,0,尿液,愷他命,三級,1.0,0,31~60,§35 I 肇事致人受傷：吊扣2-4年,吊扣,2,否,期滿發還
S02545,6,週四,13,臺中市,貨車,20-29歲,男,A2,0,1,1,1,尿液,安非他命,二級,2.0,1,121~500,§35 III 十年內再犯：吊銷,吊銷,3,否,重新考領
S02546,1,週二,11,臺中市,小客車,60歲以上,男,A2,0,1,1,2,尿液,愷他命,三級,1.0,1,0~30,§35 III 十年內再犯：吊銷,吊銷,3,否,重新考領
S02547,8,週四,16,新竹縣,小客車,50-59歲,男,A2,0,2,1,3,尿液,甲基安非他命,二級,2.0,1,121~500,§35 III 十年內再犯：吊銷,吊銷,3,否,重新考領
S02548,12,週六,17,基隆市,機車,30-39歲,男,A2,0,1,1,3,尿液,甲基安非他命,二級,2.0,2,121~500,§35 III 十年內再犯：吊銷,吊銷,3,否,重新考領
S02549,6,週四,11,桃園市,小客車,50-59歲,男,A2,0,1,1,3,尿液,安非他命,二級,2.0,1,31~60,§35 III 十年內再犯：吊銷,吊銷,3,否,重新考領
S02550,11,週四,18,臺中市,小客車,50-59歲,男,A2,0,1,0,2,尿液,嗎啡,一級,3.0,0,31~60,§35 I 肇事致人受傷：吊扣2-4年,吊扣,4,否,期滿發還
S02551,2,週五,17,嘉義市,小客車,30-39歲,男,A2,0,1,1,3,尿液,嗎啡,一級,3.0,1,31~60,§35 III 十年內再犯：吊銷,吊銷,3,否,重新考領
S02552,12,週四,22,臺中市,小客車,20-29歲,男,A2,0,2,0,1,血液,甲基安非他命,二級,2.0,0,0~30,§35 I 肇事致人受傷：吊扣2-4年,吊扣,3,否,期滿發還
S02553,3,週一,18,新北市,機車,30-39歲,男,A2,0,1,1,1,尿液,甲基安非他命,二級,2.0,1,0~30,§35 III 十年內再犯：吊銷,吊銷,3,否,重新考領
S02554,8,週三,11,新北市,小客車,40-49歲,男,A2,0,1,1,0,血液,甲基安非他命,二級,2.0,2,0~30,§35 III 十年內再犯：吊銷,吊銷,3,否,重新考領
S02555,4,週日,15,臺北市,小客車,50-59歲,男,A2,0,1,0,3,尿液,愷他命,三級,1.0,0,31~60,§35 I 肇事致人受傷：吊扣2-4年,吊扣,3,否,期滿發還
S02556,8,週三,15,臺南市,小客車,30-39歲,男,A2,0,1,1,2,尿液,嗎啡,一級,3.0,1,121~500,§35 III 十年內再犯：吊銷,吊銷,3,否,重新考領
S02557,11,週二,12,新北市,小客車,40-49歲,男,A2,0,1,1,1,血液,甲基安非他命,二級,2.0,2,31~60,§35 III 十年內再犯：吊銷,吊銷,3,否,重新考領
S02558,1,週一,0,高雄市,機車,60歲以上,男,A2,0,2,1,1,尿液,甲基安非他命,二級,2.0,1,61~120,§35 III 十年內再犯：吊銷,吊銷,3,否,重新考領
S02559,11,週三,17,新北市,機車,50-59歲,男,A2,0,1,0,2,血液,愷他命,三級,1.0,0,121~500,§35 I 肇事致人受傷：吊扣2-4年,吊扣,2,否,期滿發還
S02560,1,週五,11,彰化縣,小客車,40-49歲,男,A2,0,1,0,0,尿液,甲基安非他命,二級,2.0,0,31~60,§35 I 肇事致人受傷：吊扣2-4年,吊扣,3,否,期滿發還
S02561,10,週日,10,臺中市,機車,40-49歲,男,A2,0,1,0,1,尿液,甲基安非他命,二級,2.0,0,0~30,§35 I 肇事致人受傷：吊扣2-4年,吊扣,3,否,期滿發還
S02562,4,週四,7,臺北市,貨車,19歲以下,男,A2,0,1,1,1,血液,嗎啡,一級,3.0,1,31~60,§35 III 十年內再犯：吊銷,吊銷,3,否,重新考領
S02563,9,週五,12,新北市,機車,30-39歲,男,A2,0,1,1,0,血液,嗎啡,一級,3.0,1,31~60,§35 III 十年內再犯：吊銷,吊銷,3,否,重新考領
S02564,9,週一,15,新北市,機車,50-59歲,男,A2,0,1,1,1,尿液,甲基安非他命,二級,2.0,1,0~30,§35 III 十年內再犯：吊銷,吊銷,3,否,重新考領
S02565,9,週二,18,臺北市,小客車,40-49歲,男,A2,0,1,1,2,血液,甲基安非他命,二級,2.0,3,31~60,§35 III 十年內再犯：吊銷,吊銷,3,否,重新考領
S02566,10,週六,20,新北市,機車,30-39歲,男,A2,0,2,1,0,尿液,愷他命,三級,1.0,1,31~60,§35 III 十年內再犯：吊銷,吊銷,3,否,重新考領
S02567,2,週日,10,新北市,貨車,40-49歲,男,A2,0,1,0,0,尿液,安非他命,二級,2.0,0,121~500,§35 I 肇事致人受傷：吊扣2-4年,吊扣,4,否,期滿發還
S02568,10,週六,22,高雄市,小客車,30-39歲,女,A2,0,1,1,2,尿液,甲基安非他命,二級,2.0,1,0~30,§35 III 十年內再犯：吊銷,吊銷,3,否,重新考領
S02569,8,週五,20,臺中市,小客車,50-59歲,男,A2,0,1,0,2,血液,愷他命,三級,1.0,0,0~30,§35 I 肇事致人受傷：吊扣2-4年,吊扣,2,否,期滿發還
S02570,8,週六,7,基隆市,小客車,20-29歲,男,A2,0,2,1,2,尿液,甲基安非他命,二級,2.0,3,0~30,§35 III 十年內再犯：吊銷,吊銷,3,否,重新考領
S02571,3,週一,12,桃園市,貨車,20-29歲,男,A2,0,1,1,3,尿液,愷他命,三級,1.0,1,31~60,§35 III 十年內再犯：吊銷,吊銷,3,否,重新考領
S02572,10,週四,18,花蓮縣,機車,50-59歲,男,A2,0,2,1,1,尿液,安非他命,二級,2.0,2,0~30,§35 III 十年內再犯：吊銷,吊銷,3,否,重新考領
S02573,10,週三,22,臺中市,機車,40-49歲,男,A2,0,1,1,3,尿液,甲基安非他命,二級,2.0,1,31~60,§35 III 十年內再犯：吊銷,吊銷,3,否,重新考領
S02574,10,週一,16,新北市,機車,50-59歲,男,A2,0,1,1,2,尿液,嗎啡,一級,3.0,2,31~60,§35 III 十年內再犯：吊銷,吊銷,3,否,重新考領
S02575,5,週四,12,新北市,小客車,30-39歲,男,A2,0,1,1,0,尿液,安非他命,二級,2.0,1,0~30,§35 III 十年內再犯：吊銷,吊銷,3,否,重新考領
S02576,5,週日,19,臺中市,機車,50-59歲,男,A2,0,1,1,2,尿液,安非他命,二級,2.0,4,31~60,§35 III 十年內再犯：吊銷,吊銷,3,否,重新考領
S02577,5,週一,9,宜蘭縣,機車,40-49歲,女,A2,0,1,1,0,尿液,甲基安非他命,二級,2.0,2,0~30,§35 III 十年內再犯：吊銷,吊銷,3,否,重新考領
S02578,10,週三,17,新竹市,小客車,40-49歲,男,A2,0,1,1,2,尿液,嗎啡,一級,3.0,2,0~30,§35 III 十年內再犯：吊銷,吊銷,3,否,重新考領
S02579,11,週六,21,高雄市,小客車,40-49歲,男,A2,0,1,1,2,尿液,嗎啡,一級,3.0,3,31~60,§35 III 十年內再犯：吊銷,吊銷,3,否,重新考領
S02580,9,週四,13,臺南市,機車,19歲以下,男,A2,0,2,0,2,尿液,愷他命,三級,1.0,0,31~60,§35 I 肇事致人受傷：吊扣2-4年,吊扣,4,否,期滿發還
S02581,8,週四,22,花蓮縣,機車,20-29歲,男,A2,0,1,1,3,尿液,甲基安非他命,二級,2.0,1,31~60,§35 III 十年內再犯：吊銷,吊銷,3,否,重新考領
S02582,9,週三,19,臺北市,小客車,40-49歲,男,A2,0,1,0,1,血液,安非他命,二級,2.0,0,0~30,§35 I 肇事致人受傷：吊扣2-4年,吊扣,4,否,期滿發還
S02583,10,週二,17,彰化縣,小客車,40-49歲,男,A2,0,1,1,0,尿液,安非他命,二級,2.0,1,61~120,§35 III 十年內再犯：吊銷,吊銷,3,否,重新考領
S02584,11,週四,17,臺東縣,小客車,50-59歲,男,A2,0,1,1,3,尿液,甲基安非他命,二級,2.0,1,31~60,§35 III 十年內再犯：吊銷,吊銷,3,否,重新考領
S02585,11,週三,3,臺北市,小客車,20-29歲,男,A2,0,1,0,0,尿液,安非他命,二級,2.0,0,0~30,§35 I 肇事致人受傷：吊扣2-4年,吊扣,2,否,期滿發還
S02586,7,週四,14,嘉義市,機車,40-49歲,男,A2,0,2,1,2,尿液,甲基安非他命,二級,2.0,1,31~60,§35 III 十年內再犯：吊銷,吊銷,3,否,重新考領
S02587,5,週三,20,苗栗縣,小客車,50-59歲,男,A2,0,2,0,0,尿液,嗎啡,一級,3.0,0,0~30,§35 I 肇事致人受傷：吊扣2-4年,吊扣,3,否,期滿發還
S02588,4,週一,15,雲林縣,小客車,40-49歲,男,A2,0,1,0,2,尿液,甲基安非他命,二級,2.0,0,0~30,§35 I 肇事致人受傷：吊扣2-4年,吊扣,2,否,期滿發還
S02589,8,週四,6,屏東縣,機車,60歲以上,女,A2,0,1,0,3,尿液,安非他命,二級,2.0,0,31~60,§35 I 肇事致人受傷：吊扣2-4年,吊扣,3,否,期滿發還
S02590,1,週六,7,新竹縣,機車,50-59歲,女,A2,0,1,1,0,尿液,安非他命,二級,2.0,1,31~60,§35 III 十年內再犯：吊銷,吊銷,3,否,重新考領
S02591,4,週三,16,臺南市,機車,20-29歲,男,A2,0,1,1,0,血液,嗎啡,一級,3.0,3,31~60,§35 III 十年內再犯：吊銷,吊銷,3,否,重新考領
S02592,3,週三,23,屏東縣,小客車,40-49歲,男,A2,0,1,0,0,尿液,安非他命,二級,2.0,0,31~60,§35 I 肇事致人受傷：吊扣2-4年,吊扣,2,否,期滿發還
S02593,11,週一,9,基隆市,機車,50-59歲,男,A2,0,1,0,2,尿液,愷他命,三級,1.0,0,31~60,§35 I 肇事致人受傷：吊扣2-4年,吊扣,3,否,期滿發還
S02594,6,週二,16,臺中市,機車,60歲以上,女,A2,0,1,1,3,尿液,安非他命,二級,2.0,4,0~30,§35 III 十年內再犯：吊銷,吊銷,3,否,重新考領
S02595,12,週六,16,臺中市,小客車,30-39歲,男,A2,0,2,0,0,尿液,愷他命,三級,1.0,0,31~60,§35 I 肇事致人受傷：吊扣2-4年,吊扣,2,否,期滿發還
S02596,12,週四,18,彰化縣,小客車,40-49歲,男,A2,0,1,1,0,尿液,愷他命,三級,1.0,1,61~120,§35 III 十年內再犯：吊銷,吊銷,3,否,重新考領
S02597,11,週二,1,臺中市,小客車,50-59歲,男,A2,0,1,1,2,尿液,安非他命,二級,2.0,1,31~60,§35 III 十年內再犯：吊銷,吊銷,3,否,重新考領
S02598,4,週日,19,臺南市,小客車,50-59歲,男,A2,0,1,1,2,血液,安非他命,二級,2.0,2,0~30,§35 III 十年內再犯：吊銷,吊銷,3,否,重新考領
S02599,4,週日,20,宜蘭縣,機車,40-49歲,男,A2,0,1,0,3,尿液,甲基安非他命,二級,2.0,0,31~60,§35 I 肇事致人受傷：吊扣2-4年,吊扣,2,否,期滿發還
S02600,8,週日,23,高雄市,小客車,30-39歲,男,A2,0,1,0,0,尿液,甲基安非他命,二級,2.0,0,0~30,§35 I 肇事致人受傷：吊扣2-4年,吊扣,3,否,期滿發還
S02601,7,週二,13,桃園市,機車,40-49歲,男,A2,0,1,1,0,尿液,安非他命,二級,2.0,1,0~30,§35 III 十年內再犯：吊銷,吊銷,3,否,重新考領
S02602,1,週三,6,新北市,機車,20-29歲,男,A2,0,1,1,0,尿液,嗎啡,一級,3.0,2,31~60,§35 III 十年內再犯：吊銷,吊銷,3,否,重新考領
S02603,5,週日,19,新北市,機車,40-49歲,男,A2,0,2,1,1,尿液,愷他命,三級,1.0,1,0~30,§35 III 十年內再犯：吊銷,吊銷,3,否,重新考領
S02604,2,週三,12,臺中市,小客車,40-49歲,男,A2,0,1,1,2,尿液,愷他命,三級,1.0,1,31~60,§35 III 十年內再犯：吊銷,吊銷,3,否,重新考領
S02605,3,週五,0,新北市,機車,19歲以下,男,A2,0,1,1,3,尿液,甲基安非他命,二級,2.0,2,0~30,§35 III 十年內再犯：吊銷,吊銷,3,否,重新考領
S02606,4,週日,17,臺中市,機車,50-59歲,男,A2,0,1,1,2,尿液,嗎啡,一級,3.0,4,0~30,§35 III 十年內再犯：吊銷,吊銷,3,否,重新考領
S02607,3,週二,22,臺南市,小客車,20-29歲,男,A2,0,1,0,1,尿液,安非他命,二級,2.0,0,121~500,§35 I 肇事致人受傷：吊扣2-4年,吊扣,3,否,期滿發還
S02608,7,週三,8,基隆市,機車,50-59歲,男,A2,0,2,0,2,血液,甲基安非他命,二級,2.0,0,0~30,§35 I 肇事致人受傷：吊扣2-4年,吊扣,3,否,期滿發還
S02609,1,週日,8,嘉義縣,貨車,30-39歲,男,A2,0,1,0,2,血液,嗎啡,一級,3.0,0,121~500,§35 I 肇事致人受傷：吊扣2-4年,吊扣,2,否,期滿發還
S02610,7,週二,11,桃園市,小客車,40-49歲,男,A2,0,2,0,3,尿液,安非他命,二級,2.0,0,0~30,§35 I 肇事致人受傷：吊扣2-4年,吊扣,4,否,期滿發還
S02611,1,週六,23,雲林縣,大客車,50-59歲,男,A2,0,1,0,0,尿液,嗎啡,一級,3.0,0,0~30,§35 I 肇事致人受傷：吊扣2-4年,吊扣,4,否,期滿發還
S02612,8,週日,10,宜蘭縣,小客車,40-49歲,男,A2,0,1,1,1,尿液,安非他命,二級,2.0,1,0~30,§35 III 十年內再犯：吊銷,吊銷,3,否,重新考領
S02613,11,週三,11,臺北市,機車,60歲以上,男,A2,0,2,1,3,尿液,安非他命,二級,2.0,3,0~30,§35 III 十年內再犯：吊銷,吊銷,3,否,重新考領
S02614,1,週日,18,屏東縣,小客車,30-39歲,男,A2,0,1,1,2,尿液,甲基安非他命,二級,2.0,1,31~60,§35 III 十年內再犯：吊銷,吊銷,3,否,重新考領
S02615,10,週一,19,臺北市,機車,40-49歲,男,A2,0,1,1,3,尿液,甲基安非他命,二級,2.0,2,0~30,§35 III 十年內再犯：吊銷,吊銷,3,否,重新考領
S02616,7,週一,8,屏東縣,機車,40-49歲,女,A2,0,1,1,1,尿液,嗎啡,一級,3.0,1,0~30,§35 III 十年內再犯：吊銷,吊銷,3,否,重新考領
S02617,7,週一,7,新竹縣,機車,30-39歲,男,A2,0,1,1,3,尿液,甲基安非他命,二級,2.0,2,61~120,§35 III 十年內再犯：吊銷,吊銷,3,否,重新考領
S02618,6,週二,7,苗栗縣,機車,60歲以上,男,A2,0,1,1,0,尿液,甲基安非他命,二級,2.0,2,0~30,§35 III 十年內再犯：吊銷,吊銷,3,否,重新考領
S02619,10,週一,12,宜蘭縣,機車,40-49歲,男,A2,0,1,0,1,尿液,甲基安非他命,二級,2.0,0,0~30,§35 I 肇事致人受傷：吊扣2-4年,吊扣,3,否,期滿發還
S02620,2,週二,7,嘉義縣,貨車,50-59歲,男,A2,0,1,1,1,尿液,甲基安非他命,二級,2.0,1,61~120,§35 III 十年內再犯：吊銷,吊銷,3,否,重新考領
S02621,10,週四,10,桃園市,機車,50-59歲,男,A2,0,1,0,3,尿液,甲基安非他命,二級,2.0,0,31~60,§35 I 肇事致人受傷：吊扣2-4年,吊扣,4,否,期滿發還
S02622,10,週一,18,臺中市,機車,40-49歲,男,A2,0,1,1,1,尿液,嗎啡,一級,3.0,4,121~500,§35 III 十年內再犯：吊銷,吊銷,3,否,重新考領
S02623,12,週五,18,桃園市,小客車,40-49歲,男,A2,0,1,1,3,尿液,愷他命,三級,1.0,3,121~500,§35 III 十年內再犯：吊銷,吊銷,3,否,重新考領
S02624,7,週二,18,臺南市,大客車,20-29歲,男,A2,0,1,1,1,尿液,安非他命,二級,2.0,1,31~60,§35 III 十年內再犯：吊銷,吊銷,3,否,重新考領
S02625,7,週一,18,苗栗縣,小客車,50-59歲,女,A2,0,3,0,1,尿液,愷他命,三級,1.0,0,0~30,§35 I 肇事致人受傷：吊扣2-4年,吊扣,3,否,期滿發還
S02626,6,週二,18,屏東縣,小客車,30-39歲,男,A2,0,2,0,3,尿液,安非他命,二級,2.0,0,31~60,§35 I 肇事致人受傷：吊扣2-4年,吊扣,4,否,期滿發還
S02627,5,週三,9,新北市,小客車,20-29歲,女,A2,0,1,0,3,尿液,安非他命,二級,2.0,0,31~60,§35 I 肇事致人受傷：吊扣2-4年,吊扣,4,否,期滿發還
S02628,9,週六,18,新北市,小客車,19歲以下,男,A2,0,1,1,0,尿液,甲基安非他命,二級,2.0,1,0~30,§35 III 十年內再犯：吊銷,吊銷,3,否,重新考領
S02629,9,週四,14,宜蘭縣,機車,40-49歲,男,A2,0,1,0,2,尿液,甲基安非他命,二級,2.0,0,0~30,§35 I 肇事致人受傷：吊扣2-4年,吊扣,4,否,期滿發還
S02630,2,週六,16,臺中市,小客車,30-39歲,男,A2,0,1,1,1,尿液,安非他命,二級,2.0,1,61~120,§35 III 十年內再犯：吊銷,吊銷,3,否,重新考領
S02631,10,週三,9,臺中市,小客車,60歲以上,男,A2,0,1,0,1,尿液,安非他命,二級,2.0,0,121~500,§35 I 肇事致人受傷：吊扣2-4年,吊扣,4,否,期滿發還
S02632,10,週一,14,屏東縣,小客車,50-59歲,男,A2,0,1,0,3,血液,安非他命,二級,2.0,0,0~30,§35 I 肇事致人受傷：吊扣2-4年,吊扣,2,否,期滿發還
S02633,11,週一,16,嘉義市,機車,50-59歲,女,A2,0,1,0,3,尿液,甲基安非他命,二級,2.0,0,31~60,§35 I 肇事致人受傷：吊扣2-4年,吊扣,2,否,期滿發還
S02634,1,週日,9,雲林縣,機車,50-59歲,男,A2,0,1,1,1,尿液,嗎啡,一級,3.0,1,121~500,§35 III 十年內再犯：吊銷,吊銷,3,否,重新考領
S02635,1,週一,15,臺中市,小客車,50-59歲,女,A2,0,1,1,3,血液,甲基安非他命,二級,2.0,2,31~60,§35 III 十年內再犯：吊銷,吊銷,3,否,重新考領
S02636,8,週日,12,南投縣,小客車,50-59歲,女,A2,0,1,1,2,尿液,甲基安非他命,二級,2.0,2,0~30,§35 III 十年內再犯：吊銷,吊銷,3,否,重新考領
S02637,2,週三,12,屏東縣,小客車,40-49歲,女,A2,0,1,0,3,尿液,甲基安非他命,二級,2.0,0,121~500,§35 I 肇事致人受傷：吊扣2-4年,吊扣,4,否,期滿發還
S02638,10,週一,13,臺中市,機車,30-39歲,男,A2,0,1,0,2,尿液,甲基安非他命,二級,2.0,0,121~500,§35 I 肇事致人受傷：吊扣2-4年,吊扣,3,否,期滿發還
S02639,4,週五,8,高雄市,機車,50-59歲,男,A2,0,1,1,0,尿液,愷他命,三級,1.0,1,0~30,§35 III 十年內再犯：吊銷,吊銷,3,否,重新考領
S02640,1,週二,10,嘉義市,小客車,40-49歲,男,A2,0,1,1,0,尿液,甲基安非他命,二級,2.0,1,31~60,§35 III 十年內再犯：吊銷,吊銷,3,否,重新考領
S02641,8,週五,15,桃園市,機車,30-39歲,男,A2,0,2,1,0,尿液,安非他命,二級,2.0,2,31~60,§35 III 十年內再犯：吊銷,吊銷,3,否,重新考領
S02642,10,週四,17,臺東縣,機車,50-59歲,女,A2,0,1,1,3,尿液,愷他命,三級,1.0,4,0~30,§35 III 十年內再犯：吊銷,吊銷,3,否,重新考領
S02643,3,週日,23,臺中市,貨車,40-49歲,男,A2,0,1,1,1,尿液,甲基安非他命,二級,2.0,4,31~60,§35 III 十年內再犯：吊銷,吊銷,3,否,重新考領
S02644,3,週六,17,臺北市,小客車,30-39歲,女,A2,0,1,0,1,尿液,安非他命,二級,2.0,0,31~60,§35 I 肇事致人受傷：吊扣2-4年,吊扣,4,否,期滿發還
S02645,8,週四,21,基隆市,小客車,40-49歲,男,A2,0,1,1,0,尿液,甲基安非他命,二級,2.0,1,0~30,§35 III 十年內再犯：吊銷,吊銷,3,否,重新考領
S02646,4,週五,15,臺中市,大客車,40-49歲,男,A2,0,1,0,3,尿液,甲基安非他命,二級,2.0,0,0~30,§35 I 肇事致人受傷：吊扣2-4年,吊扣,4,否,期滿發還
S02647,1,週日,9,臺中市,小客車,30-39歲,女,A2,0,1,1,0,血液,安非他命,二級,2.0,1,0~30,§35 III 十年內再犯：吊銷,吊銷,3,否,重新考領
S02648,1,週二,12,桃園市,機車,20-29歲,男,A2,0,1,1,1,尿液,愷他命,三級,1.0,1,0~30,§35 III 十年內再犯：吊銷,吊銷,3,否,重新考領
S02649,5,週一,9,臺北市,機車,50-59歲,男,A2,0,1,0,3,尿液,安非他命,二級,2.0,0,31~60,§35 I 肇事致人受傷：吊扣2-4年,吊扣,2,否,期滿發還
S02650,4,週六,16,新北市,小客車,40-49歲,女,A2,0,1,1,1,尿液,嗎啡,一級,3.0,2,31~60,§35 III 十年內再犯：吊銷,吊銷,3,否,重新考領
S02651,9,週四,17,彰化縣,機車,30-39歲,男,A2,0,4,1,1,血液,安非他命,二級,2.0,1,121~500,§35 III 十年內再犯：吊銷,吊銷,3,否,重新考領
S02652,12,週日,18,新北市,小客車,40-49歲,男,A2,0,1,0,2,尿液,愷他命,三級,1.0,0,31~60,§35 I 肇事致人受傷：吊扣2-4年,吊扣,4,否,期滿發還
S02653,2,週三,6,基隆市,機車,60歲以上,男,A2,0,1,1,2,血液,甲基安非他命,二級,2.0,1,121~500,§35 III 十年內再犯：吊銷,吊銷,3,否,重新考領
S02654,3,週四,23,新北市,小客車,30-39歲,男,A2,0,2,1,2,血液,愷他命,三級,1.0,3,31~60,§35 III 十年內再犯：吊銷,吊銷,3,否,重新考領
S02655,10,週六,0,臺北市,機車,30-39歲,男,A2,0,1,0,1,尿液,甲基安非他命,二級,2.0,0,31~60,§35 I 肇事致人受傷：吊扣2-4年,吊扣,4,否,期滿發還
S02656,2,週日,13,桃園市,機車,50-59歲,男,A2,0,1,1,0,尿液,愷他命,三級,1.0,1,31~60,§35 III 十年內再犯：吊銷,吊銷,3,否,重新考領
S02657,8,週三,13,屏東縣,小客車,40-49歲,男,A2,0,2,1,1,尿液,安非他命,二級,2.0,1,31~60,§35 III 十年內再犯：吊銷,吊銷,3,否,重新考領
S02658,11,週一,13,高雄市,機車,20-29歲,男,A2,0,2,0,1,尿液,安非他命,二級,2.0,0,0~30,§35 I 肇事致人受傷：吊扣2-4年,吊扣,3,否,期滿發還
S02659,4,週五,10,高雄市,機車,50-59歲,男,A2,0,1,1,0,尿液,甲基安非他命,二級,2.0,1,0~30,§35 III 十年內再犯：吊銷,吊銷,3,否,重新考領
S02660,10,週六,10,臺南市,小客車,30-39歲,男,A2,0,1,1,3,尿液,安非他命,二級,2.0,1,0~30,§35 III 十年內再犯：吊銷,吊銷,3,否,重新考領
S02661,3,週六,20,臺北市,機車,60歲以上,男,A2,0,2,1,3,尿液,安非他命,二級,2.0,2,31~60,§35 III 十年內再犯：吊銷,吊銷,3,否,重新考領
S02662,8,週三,11,新北市,機車,50-59歲,女,A2,0,1,0,1,尿液,甲基安非他命,二級,2.0,0,0~30,§35 I 肇事致人受傷：吊扣2-4年,吊扣,2,否,期滿發還
S02663,7,週六,19,屏東縣,機車,50-59歲,男,A2,0,3,0,1,尿液,嗎啡,一級,3.0,0,0~30,§35 I 肇事致人受傷：吊扣2-4年,吊扣,3,否,期滿發還
S02664,12,週日,15,屏東縣,小客車,50-59歲,男,A2,0,1,1,0,血液,安非他命,二級,2.0,2,61~120,§35 III 十年內再犯：吊銷,吊銷,3,否,重新考領
S02665,10,週五,0,南投縣,機車,40-49歲,女,A2,0,1,1,1,尿液,甲基安非他命,二級,2.0,2,0~30,§35 III 十年內再犯：吊銷,吊銷,3,否,重新考領
S02666,9,週一,8,新北市,機車,50-59歲,男,A2,0,1,1,2,尿液,甲基安非他命,二級,2.0,1,121~500,§35 III 十年內再犯：吊銷,吊銷,3,否,重新考領
S02667,6,週五,10,苗栗縣,機車,20-29歲,男,A2,0,1,0,0,尿液,安非他命,二級,2.0,0,121~500,§35 I 肇事致人受傷：吊扣2-4年,吊扣,2,否,期滿發還
S02668,2,週日,13,宜蘭縣,小客車,50-59歲,男,A2,0,1,0,1,尿液,甲基安非他命,二級,2.0,0,0~30,§35 I 肇事致人受傷：吊扣2-4年,吊扣,3,否,期滿發還
S02669,11,週五,14,雲林縣,機車,30-39歲,男,A2,0,1,0,0,尿液,安非他命,二級,2.0,0,0~30,§35 I 肇事致人受傷：吊扣2-4年,吊扣,3,否,期滿發還
S02670,1,週日,13,桃園市,機車,50-59歲,男,A2,0,1,1,0,尿液,甲基安非他命,二級,2.0,3,31~60,§35 III 十年內再犯：吊銷,吊銷,3,否,重新考領
S02671,8,週四,17,臺南市,小客車,40-49歲,男,A2,0,1,1,3,尿液,安非他命,二級,2.0,1,31~60,§35 III 十年內再犯：吊銷,吊銷,3,否,重新考領
S02672,2,週五,21,臺北市,小客車,50-59歲,男,A2,0,1,0,3,尿液,嗎啡,一級,3.0,0,31~60,§35 I 肇事致人受傷：吊扣2-4年,吊扣,4,否,期滿發還
S02673,10,週四,18,臺南市,機車,50-59歲,男,A2,0,1,1,3,尿液,甲基安非他命,二級,2.0,1,0~30,§35 III 十年內再犯：吊銷,吊銷,3,否,重新考領
S02674,12,週五,12,臺南市,機車,60歲以上,男,A2,0,4,0,2,血液,甲基安非他命,二級,2.0,0,0~30,§35 I 肇事致人受傷：吊扣2-4年,吊扣,2,否,期滿發還
S02675,2,週五,19,高雄市,機車,50-59歲,男,A2,0,1,1,0,尿液,安非他命,二級,2.0,1,0~30,§35 III 十年內再犯：吊銷,吊銷,3,否,重新考領
S02676,9,週六,18,基隆市,貨車,30-39歲,男,A2,0,1,1,0,血液,甲基安非他命,二級,2.0,2,121~500,§35 III 十年內再犯：吊銷,吊銷,3,否,重新考領
S02677,9,週五,22,高雄市,機車,30-39歲,男,A2,0,1,1,2,尿液,甲基安非他命,二級,2.0,1,31~60,§35 III 十年內再犯：吊銷,吊銷,3,否,重新考領
S02678,7,週三,14,臺北市,貨車,20-29歲,女,A2,0,1,0,2,尿液,安非他命,二級,2.0,0,31~60,§35 I 肇事致人受傷：吊扣2-4年,吊扣,2,否,期滿發還
S02679,11,週日,10,新北市,貨車,60歲以上,男,A2,0,1,1,1,尿液,甲基安非他命,二級,2.0,1,61~120,§35 III 十年內再犯：吊銷,吊銷,3,否,重新考領
S02680,5,週日,7,高雄市,小客車,40-49歲,男,A2,0,1,1,0,尿液,甲基安非他命,二級,2.0,1,121~500,§35 III 十年內再犯：吊銷,吊銷,3,否,重新考領
S02681,3,週二,18,彰化縣,小客車,40-49歲,女,A2,0,1,0,1,尿液,安非他命,二級,2.0,0,121~500,§35 I 肇事致人受傷：吊扣2-4年,吊扣,3,否,期滿發還
S02682,6,週一,18,臺中市,機車,19歲以下,男,A2,0,1,0,3,尿液,安非他命,二級,2.0,0,0~30,§35 I 肇事致人受傷：吊扣2-4年,吊扣,2,否,期滿發還
S02683,9,週一,8,基隆市,小客車,50-59歲,女,A2,0,1,0,2,尿液,愷他命,三級,1.0,0,31~60,§35 I 肇事致人受傷：吊扣2-4年,吊扣,2,否,期滿發還
S02684,10,週三,6,屏東縣,小客車,40-49歲,男,A2,0,1,0,2,尿液,愷他命,三級,1.0,0,121~500,§35 I 肇事致人受傷：吊扣2-4年,吊扣,2,否,期滿發還
S02685,9,週一,16,高雄市,機車,40-49歲,男,A2,0,1,0,0,尿液,安非他命,二級,2.0,0,31~60,§35 I 肇事致人受傷：吊扣2-4年,吊扣,4,否,期滿發還
S02686,1,週五,20,屏東縣,機車,40-49歲,女,A2,0,1,1,1,尿液,安非他命,二級,2.0,1,0~30,§35 III 十年內再犯：吊銷,吊銷,3,否,重新考領
S02687,1,週二,18,桃園市,機車,60歲以上,女,A2,0,1,0,2,尿液,甲基安非他命,二級,2.0,0,31~60,§35 I 肇事致人受傷：吊扣2-4年,吊扣,2,否,期滿發還
S02688,6,週六,8,新竹市,機車,30-39歲,男,A2,0,2,1,3,尿液,安非他命,二級,2.0,1,31~60,§35 III 十年內再犯：吊銷,吊銷,3,否,重新考領
S02689,9,週日,12,彰化縣,小客車,40-49歲,男,A2,0,1,1,2,尿液,嗎啡,一級,3.0,1,0~30,§35 III 十年內再犯：吊銷,吊銷,3,否,重新考領
S02690,8,週六,7,新北市,機車,40-49歲,女,A2,0,2,1,2,尿液,安非他命,二級,2.0,2,0~30,§35 III 十年內再犯：吊銷,吊銷,3,否,重新考領
S02691,6,週五,11,臺北市,小客車,40-49歲,男,A2,0,1,1,0,尿液,甲基安非他命,二級,2.0,1,31~60,§35 III 十年內再犯：吊銷,吊銷,3,否,重新考領
S02692,11,週五,8,臺北市,小客車,40-49歲,女,A2,0,1,0,0,尿液,愷他命,三級,1.0,0,0~30,§35 I 肇事致人受傷：吊扣2-4年,吊扣,2,否,期滿發還
S02693,11,週四,9,基隆市,機車,40-49歲,男,A2,0,1,1,2,尿液,甲基安非他命,二級,2.0,1,0~30,§35 III 十年內再犯：吊銷,吊銷,3,否,重新考領
S02694,1,週六,18,桃園市,機車,40-49歲,男,A2,0,1,1,3,尿液,安非他命,二級,2.0,1,61~120,§35 III 十年內再犯：吊銷,吊銷,3,否,重新考領
S02695,7,週六,12,屏東縣,小客車,40-49歲,男,A2,0,1,0,1,尿液,甲基安非他命,二級,2.0,0,61~120,§35 I 肇事致人受傷：吊扣2-4年,吊扣,3,否,期滿發還
S02696,7,週三,0,臺南市,小客車,40-49歲,男,A2,0,1,1,3,尿液,甲基安非他命,二級,2.0,1,121~500,§35 III 十年內再犯：吊銷,吊銷,3,否,重新考領
S02697,5,週四,13,臺中市,機車,60歲以上,男,A2,0,1,0,2,尿液,愷他命,三級,1.0,0,0~30,§35 I 肇事致人受傷：吊扣2-4年,吊扣,2,否,期滿發還
S02698,7,週四,19,新北市,機車,40-49歲,男,A2,0,1,1,2,尿液,甲基安非他命,二級,2.0,1,121~500,§35 III 十年內再犯：吊銷,吊銷,3,否,重新考領
S02699,7,週三,20,臺南市,貨車,50-59歲,男,A2,0,1,1,1,尿液,安非他命,二級,2.0,2,0~30,§35 III 十年內再犯：吊銷,吊銷,3,否,重新考領
S02700,5,週四,21,彰化縣,大客車,60歲以上,男,A2,0,1,1,2,尿液,嗎啡,一級,3.0,1,61~120,§35 III 十年內再犯：吊銷,吊銷,3,否,重新考領
S02701,10,週五,12,嘉義市,機車,40-49歲,男,A2,0,1,1,2,尿液,安非他命,二級,2.0,1,0~30,§35 III 十年內再犯：吊銷,吊銷,3,否,重新考領
S02702,1,週四,21,彰化縣,機車,30-39歲,男,A2,0,2,1,0,尿液,嗎啡,一級,3.0,1,0~30,§35 III 十年內再犯：吊銷,吊銷,3,否,重新考領
S02703,10,週六,16,臺北市,機車,40-49歲,男,A2,0,1,1,0,尿液,嗎啡,一級,3.0,2,31~60,§35 III 十年內再犯：吊銷,吊銷,3,否,重新考領
S02704,10,週一,14,新北市,貨車,20-29歲,男,A2,0,3,0,1,尿液,安非他命,二級,2.0,0,31~60,§35 I 肇事致人受傷：吊扣2-4年,吊扣,2,否,期滿發還
S02705,1,週一,8,花蓮縣,小客車,40-49歲,女,A2,0,1,0,3,尿液,安非他命,二級,2.0,0,31~60,§35 I 肇事致人受傷：吊扣2-4年,吊扣,2,否,期滿發還
S02706,8,週五,16,臺北市,機車,20-29歲,男,A2,0,2,1,1,尿液,甲基安非他命,二級,2.0,1,31~60,§35 III 十年內再犯：吊銷,吊銷,3,否,重新考領
S02707,9,週日,23,高雄市,小客車,40-49歲,男,A2,0,1,1,2,尿液,愷他命,三級,1.0,3,0~30,§35 III 十年內再犯：吊銷,吊銷,3,否,重新考領
S02708,11,週二,20,新北市,貨車,50-59歲,男,A2,0,2,1,3,尿液,甲基安非他命,二級,2.0,3,0~30,§35 III 十年內再犯：吊銷,吊銷,3,否,重新考領
S02709,3,週六,12,嘉義縣,小客車,40-49歲,男,A2,0,1,1,3,尿液,甲基安非他命,二級,2.0,3,121~500,§35 III 十年內再犯：吊銷,吊銷,3,否,重新考領
S02710,8,週五,23,桃園市,機車,40-49歲,男,A2,0,1,1,2,血液,甲基安非他命,二級,2.0,1,31~60,§35 III 十年內再犯：吊銷,吊銷,3,否,重新考領
S02711,2,週一,22,桃園市,小客車,20-29歲,男,A2,0,2,1,1,尿液,安非他命,二級,2.0,2,31~60,§35 III 十年內再犯：吊銷,吊銷,3,否,重新考領
S02712,7,週四,8,雲林縣,小客車,50-59歲,男,A2,0,1,0,1,尿液,安非他命,二級,2.0,0,0~30,§35 I 肇事致人受傷：吊扣2-4年,吊扣,3,否,期滿發還
S02713,7,週二,20,新北市,小客車,30-39歲,男,A2,0,1,1,3,尿液,嗎啡,一級,3.0,1,31~60,§35 III 十年內再犯：吊銷,吊銷,3,否,重新考領
S02714,10,週一,15,新北市,小客車,30-39歲,男,A2,0,1,1,0,尿液,愷他命,三級,1.0,2,121~500,§35 III 十年內再犯：吊銷,吊銷,3,否,重新考領
S02715,12,週日,11,桃園市,貨車,50-59歲,男,A2,0,1,1,0,尿液,安非他命,二級,2.0,3,31~60,§35 III 十年內再犯：吊銷,吊銷,3,否,重新考領
S02716,3,週三,9,臺北市,小客車,50-59歲,男,A2,0,1,1,3,尿液,甲基安非他命,二級,2.0,3,31~60,§35 III 十年內再犯：吊銷,吊銷,3,否,重新考領
S02717,7,週日,16,臺南市,貨車,40-49歲,女,A2,0,1,0,1,血液,安非他命,二級,2.0,0,31~60,§35 I 肇事致人受傷：吊扣2-4年,吊扣,4,否,期滿發還
S02718,7,週六,8,基隆市,機車,40-49歲,女,A2,0,1,0,3,尿液,愷他命,三級,1.0,0,31~60,§35 I 肇事致人受傷：吊扣2-4年,吊扣,4,否,期滿發還
S02719,4,週三,7,桃園市,機車,30-39歲,男,A2,0,2,1,2,尿液,MDMA,二級,2.0,1,31~60,§35 III 十年內再犯：吊銷,吊銷,3,否,重新考領
S02720,6,週一,19,桃園市,小客車,30-39歲,男,A2,0,1,1,1,尿液,甲基安非他命,二級,2.0,1,121~500,§35 III 十年內再犯：吊銷,吊銷,3,否,重新考領
S02721,8,週五,10,新北市,機車,50-59歲,女,A2,0,1,1,3,尿液,安非他命,二級,2.0,2,31~60,§35 III 十年內再犯：吊銷,吊銷,3,否,重新考領
S02722,7,週五,19,臺北市,機車,30-39歲,男,A2,0,3,0,3,尿液,安非他命,二級,2.0,0,0~30,§35 I 肇事致人受傷：吊扣2-4年,吊扣,3,否,期滿發還
S02723,3,週六,7,臺南市,機車,50-59歲,男,A2,0,1,1,0,尿液,甲基安非他命,二級,2.0,1,61~120,§35 III 十年內再犯：吊銷,吊銷,3,否,重新考領
S02724,4,週五,6,屏東縣,機車,40-49歲,男,A2,0,1,1,3,血液,甲基安非他命,二級,2.0,1,31~60,§35 III 十年內再犯：吊銷,吊銷,3,否,重新考領
S02725,7,週一,20,臺南市,小客車,50-59歲,男,A2,0,1,1,0,尿液,安非他命,二級,2.0,1,31~60,§35 III 十年內再犯：吊銷,吊銷,3,否,重新考領
S02726,9,週日,23,臺南市,小客車,20-29歲,男,A2,0,1,1,1,血液,愷他命,三級,1.0,1,31~60,§35 III 十年內再犯：吊銷,吊銷,3,否,重新考領
S02727,4,週三,18,臺中市,機車,50-59歲,男,A2,0,2,1,3,尿液,愷他命,三級,1.0,2,31~60,§35 III 十年內再犯：吊銷,吊銷,3,否,重新考領
S02728,10,週一,18,臺中市,機車,40-49歲,女,A2,0,1,1,0,尿液,嗎啡,一級,3.0,1,31~60,§35 III 十年內再犯：吊銷,吊銷,3,否,重新考領
S02729,3,週日,10,新北市,小客車,19歲以下,男,A2,0,1,1,2,尿液,愷他命,三級,1.0,4,31~60,§35 III 十年內再犯：吊銷,吊銷,3,否,重新考領
S02730,9,週一,10,臺北市,小客車,50-59歲,男,A2,0,1,1,1,尿液,嗎啡,一級,3.0,1,31~60,§35 III 十年內再犯：吊銷,吊銷,3,否,重新考領
S02731,10,週二,17,桃園市,機車,50-59歲,男,A2,0,1,1,2,尿液,甲基安非他命,二級,2.0,1,0~30,§35 III 十年內再犯：吊銷,吊銷,3,否,重新考領
S02732,7,週一,16,臺中市,機車,50-59歲,女,A2,0,1,1,0,尿液,安非他命,二級,2.0,1,31~60,§35 III 十年內再犯：吊銷,吊銷,3,否,重新考領
S02733,11,週三,19,臺中市,機車,20-29歲,男,A2,0,1,0,0,尿液,甲基安非他命,二級,2.0,0,31~60,§35 I 肇事致人受傷：吊扣2-4年,吊扣,4,否,期滿發還
S02734,10,週四,4,基隆市,小客車,40-49歲,女,A2,0,1,1,2,尿液,甲基安非他命,二級,2.0,2,31~60,§35 III 十年內再犯：吊銷,吊銷,3,否,重新考領
S02735,3,週二,13,花蓮縣,機車,30-39歲,男,A2,0,1,0,0,尿液,甲基安非他命,二級,2.0,0,31~60,§35 I 肇事致人受傷：吊扣2-4年,吊扣,3,否,期滿發還
S02736,10,週四,8,基隆市,機車,40-49歲,男,A2,0,2,0,0,血液,安非他命,二級,2.0,0,31~60,§35 I 肇事致人受傷：吊扣2-4年,吊扣,3,否,期滿發還
S02737,5,週六,17,臺北市,機車,40-49歲,男,A2,0,1,1,1,尿液,安非他命,二級,2.0,3,31~60,§35 III 十年內再犯：吊銷,吊銷,3,否,重新考領
S02738,8,週四,15,新北市,小客車,50-59歲,男,A2,0,1,1,0,尿液,甲基安非他命,二級,2.0,1,31~60,§35 III 十年內再犯：吊銷,吊銷,3,否,重新考領
S02739,10,週六,15,桃園市,貨車,40-49歲,男,A2,0,1,0,0,尿液,安非他命,二級,2.0,0,31~60,§35 I 肇事致人受傷：吊扣2-4年,吊扣,2,否,期滿發還
S02740,11,週三,18,桃園市,小客車,40-49歲,女,A2,0,1,0,1,尿液,甲基安非他命,二級,2.0,0,31~60,§35 I 肇事致人受傷：吊扣2-4年,吊扣,3,否,期滿發還
S02741,4,週一,9,新竹縣,小客車,50-59歲,男,A2,0,1,1,2,血液,愷他命,三級,1.0,3,31~60,§35 III 十年內再犯：吊銷,吊銷,3,否,重新考領
S02742,10,週二,2,南投縣,小客車,50-59歲,男,A2,0,1,1,0,尿液,嗎啡,一級,3.0,1,31~60,§35 III 十年內再犯：吊銷,吊銷,3,否,重新考領
S02743,7,週四,17,基隆市,機車,50-59歲,男,A2,0,1,1,2,尿液,嗎啡,一級,3.0,1,0~30,§35 III 十年內再犯：吊銷,吊銷,3,否,重新考領
S02744,4,週日,8,基隆市,小客車,40-49歲,男,A2,0,2,1,2,血液,嗎啡,一級,3.0,3,61~120,§35 III 十年內再犯：吊銷,吊銷,3,否,重新考領
S02745,2,週六,11,新北市,機車,20-29歲,男,A2,0,1,1,1,尿液,嗎啡,一級,3.0,1,0~30,§35 III 十年內再犯：吊銷,吊銷,3,否,重新考領
S02746,1,週六,11,宜蘭縣,機車,50-59歲,男,A2,0,2,1,2,尿液,甲基安非他命,二級,2.0,1,121~500,§35 III 十年內再犯：吊銷,吊銷,3,否,重新考領
S02747,7,週六,8,基隆市,機車,20-29歲,男,A2,0,1,1,2,尿液,嗎啡,一級,3.0,2,121~500,§35 III 十年內再犯：吊銷,吊銷,3,否,重新考領
S02748,5,週日,10,彰化縣,機車,50-59歲,女,A2,0,3,1,2,血液,嗎啡,一級,3.0,4,0~30,§35 III 十年內再犯：吊銷,吊銷,3,否,重新考領
S02749,4,週一,9,臺北市,機車,40-49歲,男,A2,0,1,0,3,尿液,甲基安非他命,二級,2.0,0,31~60,§35 I 肇事致人受傷：吊扣2-4年,吊扣,4,否,期滿發還
S02750,10,週六,1,新北市,小客車,30-39歲,男,A2,0,1,0,3,尿液,愷他命,三級,1.0,0,31~60,§35 I 肇事致人受傷：吊扣2-4年,吊扣,2,否,期滿發還
S02751,7,週二,12,臺北市,機車,50-59歲,男,A2,0,1,1,3,尿液,甲基安非他命,二級,2.0,1,0~30,§35 III 十年內再犯：吊銷,吊銷,3,否,重新考領
S02752,10,週五,7,雲林縣,小客車,40-49歲,男,A2,0,3,0,0,尿液,愷他命,三級,1.0,0,121~500,§35 I 肇事致人受傷：吊扣2-4年,吊扣,2,否,期滿發還
S02753,4,週六,19,臺北市,小客車,50-59歲,男,A2,0,2,1,1,尿液,安非他命,二級,2.0,1,31~60,§35 III 十年內再犯：吊銷,吊銷,3,否,重新考領
S02754,4,週四,17,花蓮縣,機車,40-49歲,男,A2,0,2,0,2,尿液,甲基安非他命,二級,2.0,0,0~30,§35 I 肇事致人受傷：吊扣2-4年,吊扣,3,否,期滿發還
S02755,6,週四,12,桃園市,小客車,50-59歲,女,A2,0,1,0,0,尿液,甲基安非他命,二級,2.0,0,0~30,§35 I 肇事致人受傷：吊扣2-4年,吊扣,3,否,期滿發還
S02756,11,週三,22,臺中市,機車,50-59歲,男,A2,0,1,1,3,尿液,安非他命,二級,2.0,1,0~30,§35 III 十年內再犯：吊銷,吊銷,3,否,重新考領
S02757,10,週三,19,臺北市,小客車,19歲以下,男,A2,0,1,1,0,尿液,安非他命,二級,2.0,2,121~500,§35 III 十年內再犯：吊銷,吊銷,3,否,重新考領
S02758,10,週三,7,臺南市,小客車,50-59歲,男,A2,0,2,1,2,尿液,甲基安非他命,二級,2.0,3,121~500,§35 III 十年內再犯：吊銷,吊銷,3,否,重新考領
S02759,1,週四,18,臺中市,小客車,40-49歲,男,A2,0,1,1,0,血液,甲基安非他命,二級,2.0,1,0~30,§35 III 十年內再犯：吊銷,吊銷,3,否,重新考領
S02760,2,週三,6,新北市,小客車,40-49歲,男,A2,0,1,0,0,尿液,安非他命,二級,2.0,0,121~500,§35 I 肇事致人受傷：吊扣2-4年,吊扣,2,否,期滿發還
S02761,1,週二,10,彰化縣,機車,40-49歲,男,A2,0,2,0,3,尿液,安非他命,二級,2.0,0,31~60,§35 I 肇事致人受傷：吊扣2-4年,吊扣,4,否,期滿發還
S02762,10,週六,6,高雄市,機車,50-59歲,男,A2,0,1,1,3,尿液,安非他命,二級,2.0,1,121~500,§35 III 十年內再犯：吊銷,吊銷,3,否,重新考領
S02763,1,週四,14,屏東縣,機車,50-59歲,女,A2,0,1,1,0,尿液,甲基安非他命,二級,2.0,1,31~60,§35 III 十年內再犯：吊銷,吊銷,3,否,重新考領
S02764,9,週六,20,苗栗縣,機車,50-59歲,男,A2,0,1,0,2,尿液,安非他命,二級,2.0,0,31~60,§35 I 肇事致人受傷：吊扣2-4年,吊扣,3,否,期滿發還
S02765,4,週三,23,南投縣,機車,20-29歲,男,A2,0,1,1,1,尿液,愷他命,三級,1.0,3,31~60,§35 III 十年內再犯：吊銷,吊銷,3,否,重新考領
S02766,11,週三,18,雲林縣,小客車,40-49歲,男,A2,0,1,1,0,尿液,愷他命,三級,1.0,1,61~120,§35 III 十年內再犯：吊銷,吊銷,3,否,重新考領
S02767,1,週日,16,新北市,小客車,50-59歲,男,A2,0,1,1,1,尿液,嗎啡,一級,3.0,1,0~30,§35 III 十年內再犯：吊銷,吊銷,3,否,重新考領
S02768,4,週二,23,臺北市,機車,40-49歲,男,A2,0,1,1,2,尿液,甲基安非他命,二級,2.0,2,0~30,§35 III 十年內再犯：吊銷,吊銷,3,否,重新考領
S02769,12,週日,0,新竹市,小客車,50-59歲,女,A2,0,1,1,3,尿液,嗎啡,一級,3.0,1,31~60,§35 III 十年內再犯：吊銷,吊銷,3,否,重新考領
S02770,2,週二,22,雲林縣,貨車,30-39歲,男,A2,0,1,1,2,尿液,安非他命,二級,2.0,1,31~60,§35 III 十年內再犯：吊銷,吊銷,3,否,重新考領
S02771,11,週一,18,新北市,小客車,30-39歲,男,A2,0,2,1,3,血液,甲基安非他命,二級,2.0,1,0~30,§35 III 十年內再犯：吊銷,吊銷,3,否,重新考領
S02772,5,週日,0,臺中市,機車,40-49歲,男,A2,0,1,1,3,尿液,甲基安非他命,二級,2.0,2,121~500,§35 III 十年內再犯：吊銷,吊銷,3,否,重新考領
S02773,2,週三,22,新北市,小客車,50-59歲,女,A2,0,1,1,2,尿液,嗎啡,一級,3.0,2,0~30,§35 III 十年內再犯：吊銷,吊銷,3,否,重新考領
S02774,2,週六,18,彰化縣,小客車,40-49歲,男,A2,0,2,0,1,尿液,嗎啡,一級,3.0,0,31~60,§35 I 肇事致人受傷：吊扣2-4年,吊扣,2,否,期滿發還
S02775,6,週六,18,新竹市,機車,40-49歲,男,A2,0,3,1,0,尿液,甲基安非他命,二級,2.0,1,31~60,§35 III 十年內再犯：吊銷,吊銷,3,否,重新考領
S02776,5,週二,15,新北市,貨車,60歲以上,男,A2,0,1,1,3,尿液,愷他命,三級,1.0,1,0~30,§35 III 十年內再犯：吊銷,吊銷,3,否,重新考領
S02777,10,週三,19,新竹市,小客車,20-29歲,男,A2,0,1,1,1,尿液,安非他命,二級,2.0,1,0~30,§35 III 十年內再犯：吊銷,吊銷,3,否,重新考領
S02778,10,週一,23,新竹市,機車,40-49歲,男,A2,0,2,0,2,尿液,甲基安非他命,二級,2.0,0,31~60,§35 I 肇事致人受傷：吊扣2-4年,吊扣,2,否,期滿發還
S02779,11,週五,19,屏東縣,小客車,40-49歲,男,A2,0,1,1,0,尿液,MDMA,二級,2.0,2,31~60,§35 III 十年內再犯：吊銷,吊銷,3,否,重新考領
S02780,1,週日,20,桃園市,機車,50-59歲,男,A2,0,1,1,1,尿液,甲基安非他命,二級,2.0,1,31~60,§35 III 十年內再犯：吊銷,吊銷,3,否,重新考領
S02781,5,週四,8,桃園市,機車,50-59歲,男,A2,0,1,1,3,尿液,甲基安非他命,二級,2.0,1,121~500,§35 III 十年內再犯：吊銷,吊銷,3,否,重新考領
S02782,7,週一,8,臺北市,小客車,50-59歲,男,A2,0,2,1,2,尿液,安非他命,二級,2.0,4,121~500,§35 III 十年內再犯：吊銷,吊銷,3,否,重新考領
S02783,7,週六,1,高雄市,機車,30-39歲,男,A2,0,1,0,3,尿液,甲基安非他命,二級,2.0,0,31~60,§35 I 肇事致人受傷：吊扣2-4年,吊扣,3,否,期滿發還
S02784,1,週六,7,嘉義縣,小客車,40-49歲,女,A2,0,1,0,1,血液,愷他命,三級,1.0,0,121~500,§35 I 肇事致人受傷：吊扣2-4年,吊扣,2,否,期滿發還
S02785,7,週日,7,桃園市,機車,19歲以下,男,A2,0,1,0,2,尿液,甲基安非他命,二級,2.0,0,0~30,§35 I 肇事致人受傷：吊扣2-4年,吊扣,4,否,期滿發還
S02786,10,週六,13,桃園市,機車,50-59歲,男,A2,0,3,1,3,尿液,甲基安非他命,二級,2.0,1,0~30,§35 III 十年內再犯：吊銷,吊銷,3,否,重新考領
S02787,10,週六,8,雲林縣,小客車,40-49歲,男,A2,0,1,1,1,尿液,甲基安非他命,二級,2.0,1,31~60,§35 III 十年內再犯：吊銷,吊銷,3,否,重新考領
S02788,8,週六,15,宜蘭縣,小客車,50-59歲,男,A2,0,1,0,0,尿液,安非他命,二級,2.0,0,0~30,§35 I 肇事致人受傷：吊扣2-4年,吊扣,4,否,期滿發還
S02789,5,週日,1,新北市,機車,20-29歲,男,A2,0,1,1,3,尿液,甲基安非他命,二級,2.0,4,31~60,§35 III 十年內再犯：吊銷,吊銷,3,否,重新考領
S02790,11,週日,8,高雄市,小客車,40-49歲,男,A2,0,1,0,1,尿液,甲基安非他命,二級,2.0,0,121~500,§35 I 肇事致人受傷：吊扣2-4年,吊扣,2,否,期滿發還
S02791,9,週一,10,新北市,機車,19歲以下,男,A2,0,1,0,2,尿液,安非他命,二級,2.0,0,61~120,§35 I 肇事致人受傷：吊扣2-4年,吊扣,3,否,期滿發還
S02792,6,週一,7,臺中市,小客車,30-39歲,男,A2,0,1,0,2,血液,MDMA,二級,2.0,0,0~30,§35 I 肇事致人受傷：吊扣2-4年,吊扣,2,否,期滿發還
S02793,11,週日,18,臺南市,小客車,19歲以下,男,A2,0,1,1,0,尿液,安非他命,二級,2.0,1,0~30,§35 III 十年內再犯：吊銷,吊銷,3,否,重新考領
S02794,11,週日,6,屏東縣,小客車,30-39歲,女,A2,0,3,1,3,尿液,甲基安非他命,二級,2.0,1,31~60,§35 III 十年內再犯：吊銷,吊銷,3,否,重新考領
S02795,7,週日,15,臺北市,大客車,50-59歲,男,A2,0,1,0,2,尿液,嗎啡,一級,3.0,0,0~30,§35 I 肇事致人受傷：吊扣2-4年,吊扣,4,否,期滿發還
S02796,5,週三,9,桃園市,機車,60歲以上,男,A2,0,1,0,1,尿液,甲基安非他命,二級,2.0,0,0~30,§35 I 肇事致人受傷：吊扣2-4年,吊扣,4,否,期滿發還
S02797,7,週二,7,新北市,大客車,20-29歲,男,A2,0,1,0,3,尿液,嗎啡,一級,3.0,0,0~30,§35 I 肇事致人受傷：吊扣2-4年,吊扣,4,否,期滿發還
S02798,11,週二,7,嘉義市,機車,40-49歲,男,A2,0,1,1,2,血液,安非他命,二級,2.0,1,31~60,§35 III 十年內再犯：吊銷,吊銷,3,否,重新考領
S02799,7,週一,16,臺中市,機車,50-59歲,女,A2,0,1,0,1,尿液,愷他命,三級,1.0,0,31~60,§35 I 肇事致人受傷：吊扣2-4年,吊扣,4,否,期滿發還
S02800,7,週五,18,新北市,機車,60歲以上,男,A2,0,1,1,2,尿液,甲基安非他命,二級,2.0,2,0~30,§35 III 十年內再犯：吊銷,吊銷,3,否,重新考領
S02801,4,週一,11,臺中市,機車,30-39歲,女,A2,0,1,1,3,尿液,愷他命,三級,1.0,3,61~120,§35 III 十年內再犯：吊銷,吊銷,3,否,重新考領
S02802,5,週五,13,臺南市,機車,50-59歲,男,A2,0,2,0,3,尿液,安非他命,二級,2.0,0,121~500,§35 I 肇事致人受傷：吊扣2-4年,吊扣,2,否,期滿發還
S02803,8,週一,18,新北市,機車,50-59歲,女,A2,0,1,0,3,尿液,甲基安非他命,二級,2.0,0,121~500,§35 I 肇事致人受傷：吊扣2-4年,吊扣,3,否,期滿發還
S02804,6,週五,23,桃園市,機車,40-49歲,男,A2,0,1,1,2,尿液,甲基安非他命,二級,2.0,1,31~60,§35 III 十年內再犯：吊銷,吊銷,3,否,重新考領
S02805,10,週二,9,新北市,小客車,30-39歲,男,A2,0,2,0,1,尿液,甲基安非他命,二級,2.0,0,0~30,§35 I 肇事致人受傷：吊扣2-4年,吊扣,2,否,期滿發還
S02806,8,週六,16,新竹縣,機車,40-49歲,男,A2,0,1,1,1,尿液,愷他命,三級,1.0,1,31~60,§35 III 十年內再犯：吊銷,吊銷,3,否,重新考領
S02807,2,週一,15,新北市,小客車,30-39歲,男,A2,0,1,1,2,尿液,愷他命,三級,1.0,2,31~60,§35 III 十年內再犯：吊銷,吊銷,3,否,重新考領
S02808,4,週三,7,新北市,機車,30-39歲,男,A2,0,1,1,0,尿液,甲基安非他命,二級,2.0,3,0~30,§35 III 十年內再犯：吊銷,吊銷,3,否,重新考領
S02809,10,週三,20,高雄市,機車,40-49歲,男,A2,0,1,0,1,尿液,甲基安非他命,二級,2.0,0,0~30,§35 I 肇事致人受傷：吊扣2-4年,吊扣,2,否,期滿發還
S02810,12,週六,9,臺中市,貨車,30-39歲,男,A2,0,1,1,3,尿液,愷他命,三級,1.0,1,0~30,§35 III 十年內再犯：吊銷,吊銷,3,否,重新考領
S02811,8,週三,9,新北市,機車,50-59歲,女,A2,0,1,0,0,尿液,嗎啡,一級,3.0,0,121~500,§35 I 肇事致人受傷：吊扣2-4年,吊扣,3,否,期滿發還
S02812,7,週三,7,基隆市,機車,40-49歲,男,A2,0,1,1,3,尿液,安非他命,二級,2.0,1,31~60,§35 III 十年內再犯：吊銷,吊銷,3,否,重新考領
S02813,1,週六,18,桃園市,機車,50-59歲,男,A2,0,2,0,3,尿液,安非他命,二級,2.0,0,31~60,§35 I 肇事致人受傷：吊扣2-4年,吊扣,2,否,期滿發還
S02814,8,週四,18,新竹縣,機車,50-59歲,男,A2,0,1,1,3,血液,嗎啡,一級,3.0,1,31~60,§35 III 十年內再犯：吊銷,吊銷,3,否,重新考領
S02815,11,週四,12,桃園市,機車,30-39歲,男,A2,0,1,0,2,尿液,甲基安非他命,二級,2.0,0,31~60,§35 I 肇事致人受傷：吊扣2-4年,吊扣,3,否,期滿發還
S02816,1,週四,17,臺南市,機車,60歲以上,男,A2,0,2,1,3,尿液,甲基安非他命,二級,2.0,1,31~60,§35 III 十年內再犯：吊銷,吊銷,3,否,重新考領
S02817,1,週一,23,桃園市,小客車,40-49歲,男,A2,0,1,0,3,尿液,嗎啡,一級,3.0,0,0~30,§35 I 肇事致人受傷：吊扣2-4年,吊扣,2,否,期滿發還
S02818,7,週日,20,臺南市,機車,60歲以上,男,A2,0,1,0,2,血液,安非他命,二級,2.0,0,31~60,§35 I 肇事致人受傷：吊扣2-4年,吊扣,4,否,期滿發還
S02819,1,週日,5,彰化縣,小客車,20-29歲,男,A2,0,1,1,3,血液,甲基安非他命,二級,2.0,1,31~60,§35 III 十年內再犯：吊銷,吊銷,3,否,重新考領
S02820,9,週四,8,臺中市,小客車,40-49歲,男,A2,0,1,0,3,尿液,愷他命,三級,1.0,0,121~500,§35 I 肇事致人受傷：吊扣2-4年,吊扣,4,否,期滿發還
S02821,7,週日,19,臺中市,機車,20-29歲,男,A2,0,1,1,3,尿液,安非他命,二級,2.0,4,31~60,§35 III 十年內再犯：吊銷,吊銷,3,否,重新考領
S02822,6,週六,17,新北市,機車,40-49歲,男,A2,0,2,0,2,尿液,甲基安非他命,二級,2.0,0,31~60,§35 I 肇事致人受傷：吊扣2-4年,吊扣,2,否,期滿發還
S02823,10,週四,7,新北市,小客車,20-29歲,男,A2,0,1,1,2,尿液,安非他命,二級,2.0,3,0~30,§35 III 十年內再犯：吊銷,吊銷,3,否,重新考領
S02824,4,週三,14,臺北市,小客車,40-49歲,男,A2,0,2,1,1,尿液,甲基安非他命,二級,2.0,1,31~60,§35 III 十年內再犯：吊銷,吊銷,3,否,重新考領
S02825,10,週五,17,宜蘭縣,機車,40-49歲,女,A2,0,3,0,2,尿液,甲基安非他命,二級,2.0,0,31~60,§35 I 肇事致人受傷：吊扣2-4年,吊扣,2,否,期滿發還
S02826,4,週三,6,臺北市,機車,40-49歲,男,A2,0,1,0,1,尿液,愷他命,三級,1.0,0,0~30,§35 I 肇事致人受傷：吊扣2-4年,吊扣,2,否,期滿發還
S02827,6,週三,22,嘉義市,小客車,20-29歲,男,A2,0,1,1,3,尿液,愷他命,三級,1.0,3,0~30,§35 III 十年內再犯：吊銷,吊銷,3,否,重新考領
S02828,6,週二,0,高雄市,小客車,50-59歲,男,A2,0,2,1,2,尿液,安非他命,二級,2.0,2,0~30,§35 III 十年內再犯：吊銷,吊銷,3,否,重新考領
S02829,6,週一,18,臺北市,機車,40-49歲,男,A2,0,1,1,0,尿液,安非他命,二級,2.0,2,121~500,§35 III 十年內再犯：吊銷,吊銷,3,否,重新考領
S02830,4,週二,11,桃園市,機車,40-49歲,男,A2,0,1,0,1,血液,甲基安非他命,二級,2.0,0,31~60,§35 I 肇事致人受傷：吊扣2-4年,吊扣,2,否,期滿發還
S02831,8,週一,20,臺中市,小客車,50-59歲,男,A2,0,1,0,1,尿液,安非他命,二級,2.0,0,0~30,§35 I 肇事致人受傷：吊扣2-4年,吊扣,2,否,期滿發還
S02832,12,週一,23,屏東縣,小客車,40-49歲,女,A2,0,1,1,2,尿液,愷他命,三級,1.0,1,0~30,§35 III 十年內再犯：吊銷,吊銷,3,否,重新考領
S02833,7,週三,16,臺南市,機車,20-29歲,男,A2,0,2,1,1,尿液,安非他命,二級,2.0,1,121~500,§35 III 十年內再犯：吊銷,吊銷,3,否,重新考領
S02834,12,週三,7,雲林縣,機車,40-49歲,男,A2,0,1,1,2,尿液,安非他命,二級,2.0,1,31~60,§35 III 十年內再犯：吊銷,吊銷,3,否,重新考領
S02835,5,週四,14,高雄市,機車,60歲以上,男,A2,0,1,1,2,尿液,甲基安非他命,二級,2.0,2,0~30,§35 III 十年內再犯：吊銷,吊銷,3,否,重新考領
S02836,11,週三,19,嘉義市,小客車,50-59歲,男,A2,0,1,1,3,血液,甲基安非他命,二級,2.0,1,31~60,§35 III 十年內再犯：吊銷,吊銷,3,否,重新考領
S02837,2,週一,23,新北市,機車,50-59歲,男,A2,0,1,0,3,尿液,嗎啡,一級,3.0,0,61~120,§35 I 肇事致人受傷：吊扣2-4年,吊扣,3,否,期滿發還
S02838,9,週五,18,臺中市,小客車,19歲以下,男,A2,0,1,1,3,尿液,嗎啡,一級,3.0,1,31~60,§35 III 十年內再犯：吊銷,吊銷,3,否,重新考領
S02839,7,週五,11,花蓮縣,機車,30-39歲,女,A2,0,1,1,3,尿液,甲基安非他命,二級,2.0,1,0~30,§35 III 十年內再犯：吊銷,吊銷,3,否,重新考領
S02840,12,週一,15,新竹縣,機車,40-49歲,女,A2,0,1,1,2,尿液,甲基安非他命,二級,2.0,1,31~60,§35 III 十年內再犯：吊銷,吊銷,3,否,重新考領
S02841,3,週三,18,嘉義市,機車,50-59歲,女,A2,0,2,1,2,血液,安非他命,二級,2.0,1,61~120,§35 III 十年內再犯：吊銷,吊銷,3,否,重新考領
S02842,12,週五,17,高雄市,機車,30-39歲,男,A2,0,1,1,3,尿液,愷他命,三級,1.0,2,0~30,§35 III 十年內再犯：吊銷,吊銷,3,否,重新考領
S02843,8,週三,15,臺中市,機車,50-59歲,女,A2,0,1,1,1,尿液,甲基安非他命,二級,2.0,1,0~30,§35 III 十年內再犯：吊銷,吊銷,3,否,重新考領
S02844,11,週五,16,高雄市,機車,50-59歲,女,A2,0,1,1,2,尿液,愷他命,三級,1.0,2,121~500,§35 III 十年內再犯：吊銷,吊銷,3,否,重新考領
S02845,6,週一,8,桃園市,小客車,40-49歲,男,A2,0,3,1,3,血液,安非他命,二級,2.0,2,0~30,§35 III 十年內再犯：吊銷,吊銷,3,否,重新考領
S02846,10,週二,9,桃園市,機車,50-59歲,女,A2,0,1,0,0,尿液,安非他命,二級,2.0,0,61~120,§35 I 肇事致人受傷：吊扣2-4年,吊扣,2,否,期滿發還
S02847,12,週日,13,花蓮縣,小客車,60歲以上,男,A2,0,2,0,2,尿液,安非他命,二級,2.0,0,31~60,§35 I 肇事致人受傷：吊扣2-4年,吊扣,3,否,期滿發還
S02848,8,週日,21,桃園市,機車,20-29歲,男,A2,0,1,1,2,尿液,安非他命,二級,2.0,1,31~60,§35 III 十年內再犯：吊銷,吊銷,3,否,重新考領
S02849,7,週五,18,雲林縣,小客車,50-59歲,男,A2,0,1,1,2,尿液,甲基安非他命,二級,2.0,3,31~60,§35 III 十年內再犯：吊銷,吊銷,3,否,重新考領
S02850,10,週六,13,嘉義市,小客車,40-49歲,男,A2,0,1,1,1,尿液,愷他命,三級,1.0,3,61~120,§35 III 十年內再犯：吊銷,吊銷,3,否,重新考領
S02851,6,週日,19,臺南市,小客車,50-59歲,男,A2,0,1,1,1,尿液,安非他命,二級,2.0,1,31~60,§35 III 十年內再犯：吊銷,吊銷,3,否,重新考領
S02852,7,週一,22,新竹縣,小客車,19歲以下,男,A2,0,2,0,0,尿液,愷他命,三級,1.0,0,31~60,§35 I 肇事致人受傷：吊扣2-4年,吊扣,2,否,期滿發還
S02853,1,週六,6,南投縣,貨車,40-49歲,男,A2,0,1,0,0,尿液,甲基安非他命,二級,2.0,0,0~30,§35 I 肇事致人受傷：吊扣2-4年,吊扣,3,否,期滿發還
S02854,4,週六,18,澎湖縣,小客車,40-49歲,男,A2,0,1,1,0,尿液,愷他命,三級,1.0,1,121~500,§35 III 十年內再犯：吊銷,吊銷,3,否,重新考領
S02855,7,週六,18,雲林縣,機車,40-49歲,男,A2,0,1,0,1,尿液,安非他命,二級,2.0,0,0~30,§35 I 肇事致人受傷：吊扣2-4年,吊扣,4,否,期滿發還
S02856,3,週四,7,新竹縣,機車,30-39歲,女,A2,0,1,1,3,尿液,MDMA,二級,2.0,2,31~60,§35 III 十年內再犯：吊銷,吊銷,3,否,重新考領
S02857,4,週三,14,臺南市,機車,50-59歲,男,A2,0,1,0,2,尿液,愷他命,三級,1.0,0,31~60,§35 I 肇事致人受傷：吊扣2-4年,吊扣,4,否,期滿發還
S02858,11,週六,17,臺南市,機車,40-49歲,男,A2,0,2,1,0,尿液,安非他命,二級,2.0,1,31~60,§35 III 十年內再犯：吊銷,吊銷,3,否,重新考領
S02859,7,週日,4,桃園市,機車,40-49歲,男,A2,0,1,1,3,血液,安非他命,二級,2.0,1,31~60,§35 III 十年內再犯：吊銷,吊銷,3,否,重新考領
S02860,6,週五,17,桃園市,小客車,30-39歲,男,A2,0,2,0,2,尿液,安非他命,二級,2.0,0,31~60,§35 I 肇事致人受傷：吊扣2-4年,吊扣,2,否,期滿發還
S02861,9,週二,17,臺南市,貨車,50-59歲,男,A2,0,1,1,2,尿液,安非他命,二級,2.0,2,0~30,§35 III 十年內再犯：吊銷,吊銷,3,否,重新考領
S02862,11,週五,21,臺南市,小客車,50-59歲,男,A2,0,1,0,3,尿液,愷他命,三級,1.0,0,31~60,§35 I 肇事致人受傷：吊扣2-4年,吊扣,2,否,期滿發還
S02863,5,週一,23,宜蘭縣,機車,50-59歲,男,A2,0,1,0,2,血液,愷他命,三級,1.0,0,31~60,§35 I 肇事致人受傷：吊扣2-4年,吊扣,2,否,期滿發還
S02864,6,週日,20,桃園市,機車,30-39歲,男,A2,0,1,1,1,尿液,安非他命,二級,2.0,2,31~60,§35 III 十年內再犯：吊銷,吊銷,3,否,重新考領
S02865,7,週一,17,新竹市,小客車,40-49歲,男,A2,0,1,1,3,尿液,安非他命,二級,2.0,1,31~60,§35 III 十年內再犯：吊銷,吊銷,3,否,重新考領
S02866,2,週四,5,桃園市,小客車,19歲以下,男,A2,0,1,1,1,尿液,嗎啡,一級,3.0,3,31~60,§35 III 十年內再犯：吊銷,吊銷,3,否,重新考領
S02867,9,週五,13,新竹縣,小客車,30-39歲,男,A2,0,1,1,1,尿液,愷他命,三級,1.0,2,31~60,§35 III 十年內再犯：吊銷,吊銷,3,否,重新考領
S02868,10,週六,18,新北市,小客車,30-39歲,男,A2,0,1,1,0,尿液,愷他命,三級,1.0,2,0~30,§35 III 十年內再犯：吊銷,吊銷,3,否,重新考領
S02869,3,週三,21,新北市,機車,40-49歲,女,A2,0,1,1,3,尿液,甲基安非他命,二級,2.0,1,0~30,§35 III 十年內再犯：吊銷,吊銷,3,否,重新考領
S02870,10,週一,20,臺中市,小客車,50-59歲,男,A2,0,1,1,2,血液,愷他命,三級,1.0,2,0~30,§35 III 十年內再犯：吊銷,吊銷,3,否,重新考領
S02871,5,週二,18,高雄市,機車,40-49歲,男,A2,0,1,0,0,尿液,甲基安非他命,二級,2.0,0,0~30,§35 I 肇事致人受傷：吊扣2-4年,吊扣,4,否,期滿發還
S02872,6,週六,19,臺南市,機車,20-29歲,女,A2,0,1,1,3,尿液,愷他命,三級,1.0,1,0~30,§35 III 十年內再犯：吊銷,吊銷,3,否,重新考領
S02873,8,週日,12,宜蘭縣,機車,30-39歲,男,A2,0,1,1,0,尿液,嗎啡,一級,3.0,1,0~30,§35 III 十年內再犯：吊銷,吊銷,3,否,重新考領
S02874,5,週四,9,桃園市,貨車,40-49歲,女,A2,0,1,0,3,尿液,甲基安非他命,二級,2.0,0,31~60,§35 I 肇事致人受傷：吊扣2-4年,吊扣,4,否,期滿發還
S02875,2,週五,19,雲林縣,小客車,30-39歲,男,A2,0,1,1,0,尿液,甲基安非他命,二級,2.0,2,121~500,§35 III 十年內再犯：吊銷,吊銷,3,否,重新考領
S02876,5,週日,11,臺北市,機車,30-39歲,男,A2,0,2,0,1,尿液,甲基安非他命,二級,2.0,0,31~60,§35 I 肇事致人受傷：吊扣2-4年,吊扣,3,否,期滿發還
S02877,6,週三,12,彰化縣,小客車,40-49歲,男,A2,0,2,1,1,尿液,嗎啡,一級,3.0,4,0~30,§35 III 十年內再犯：吊銷,吊銷,3,否,重新考領
S02878,7,週二,2,新北市,小客車,60歲以上,男,A2,0,2,1,3,尿液,安非他命,二級,2.0,2,31~60,§35 III 十年內再犯：吊銷,吊銷,3,否,重新考領
S02879,5,週五,5,屏東縣,機車,30-39歲,男,A2,0,3,0,0,尿液,嗎啡,一級,3.0,0,0~30,§35 I 肇事致人受傷：吊扣2-4年,吊扣,2,否,期滿發還
S02880,10,週六,7,臺東縣,小客車,50-59歲,男,A2,0,2,0,3,尿液,安非他命,二級,2.0,0,31~60,§35 I 肇事致人受傷：吊扣2-4年,吊扣,3,否,期滿發還
S02881,4,週五,21,雲林縣,小客車,30-39歲,男,A2,0,1,1,1,尿液,安非他命,二級,2.0,2,31~60,§35 III 十年內再犯：吊銷,吊銷,3,否,重新考領
S02882,10,週六,19,宜蘭縣,機車,60歲以上,男,A2,0,2,0,1,尿液,甲基安非他命,二級,2.0,0,0~30,§35 I 肇事致人受傷：吊扣2-4年,吊扣,2,否,期滿發還
S02883,9,週六,0,嘉義縣,小客車,40-49歲,男,A2,0,2,1,1,尿液,安非他命,二級,2.0,2,121~500,§35 III 十年內再犯：吊銷,吊銷,3,否,重新考領
S02884,7,週三,8,新北市,小客車,40-49歲,男,A2,0,1,0,1,尿液,安非他命,二級,2.0,0,31~60,§35 I 肇事致人受傷：吊扣2-4年,吊扣,2,否,期滿發還
S02885,4,週二,10,臺南市,小客車,40-49歲,女,A2,0,1,0,0,尿液,安非他命,二級,2.0,0,0~30,§35 I 肇事致人受傷：吊扣2-4年,吊扣,2,否,期滿發還
S02886,1,週一,8,高雄市,機車,30-39歲,男,A2,0,1,0,3,尿液,甲基安非他命,二級,2.0,0,31~60,§35 I 肇事致人受傷：吊扣2-4年,吊扣,2,否,期滿發還
S02887,3,週三,22,雲林縣,小客車,40-49歲,男,A2,0,1,1,1,尿液,愷他命,三級,1.0,1,0~30,§35 III 十年內再犯：吊銷,吊銷,3,否,重新考領
S02888,7,週六,11,臺中市,機車,40-49歲,男,A2,0,2,1,1,尿液,甲基安非他命,二級,2.0,2,31~60,§35 III 十年內再犯：吊銷,吊銷,3,否,重新考領
S02889,6,週六,17,雲林縣,小客車,50-59歲,男,A2,0,1,0,2,尿液,嗎啡,一級,3.0,0,31~60,§35 I 肇事致人受傷：吊扣2-4年,吊扣,4,否,期滿發還
S02890,10,週三,14,新北市,大客車,40-49歲,男,A2,0,1,1,2,血液,甲基安非他命,二級,2.0,1,31~60,§35 III 十年內再犯：吊銷,吊銷,3,否,重新考領
S02891,3,週日,19,臺中市,小客車,20-29歲,女,A2,0,1,1,3,尿液,甲基安非他命,二級,2.0,1,0~30,§35 III 十年內再犯：吊銷,吊銷,3,否,重新考領
S02892,2,週日,11,高雄市,小客車,50-59歲,男,A2,0,1,1,2,尿液,甲基安非他命,二級,2.0,3,31~60,§35 III 十年內再犯：吊銷,吊銷,3,否,重新考領
S02893,8,週四,17,新北市,機車,40-49歲,男,A2,0,1,1,2,尿液,甲基安非他命,二級,2.0,2,31~60,§35 III 十年內再犯：吊銷,吊銷,3,否,重新考領
S02894,5,週四,7,臺南市,貨車,20-29歲,女,A2,0,1,1,0,尿液,甲基安非他命,二級,2.0,1,0~30,§35 III 十年內再犯：吊銷,吊銷,3,否,重新考領
S02895,2,週四,11,臺南市,機車,40-49歲,男,A2,0,1,1,1,尿液,甲基安非他命,二級,2.0,1,0~30,§35 III 十年內再犯：吊銷,吊銷,3,否,重新考領
S02896,10,週日,17,臺北市,貨車,40-49歲,男,A2,0,1,0,0,尿液,甲基安非他命,二級,2.0,0,31~60,§35 I 肇事致人受傷：吊扣2-4年,吊扣,2,否,期滿發還
S02897,9,週六,1,嘉義縣,機車,20-29歲,男,A2,0,1,1,1,血液,安非他命,二級,2.0,1,0~30,§35 III 十年內再犯：吊銷,吊銷,3,否,重新考領
S02898,1,週四,10,新竹縣,小客車,50-59歲,男,A2,0,1,0,1,尿液,甲基安非他命,二級,2.0,0,121~500,§35 I 肇事致人受傷：吊扣2-4年,吊扣,2,否,期滿發還
S02899,10,週一,10,新北市,機車,30-39歲,男,A2,0,2,0,0,尿液,安非他命,二級,2.0,0,31~60,§35 I 肇事致人受傷：吊扣2-4年,吊扣,2,否,期滿發還
S02900,9,週三,23,臺南市,機車,40-49歲,男,A2,0,3,1,3,尿液,安非他命,二級,2.0,1,31~60,§35 III 十年內再犯：吊銷,吊銷,3,否,重新考領
S02901,4,週五,18,嘉義縣,機車,50-59歲,男,A2,0,2,1,0,尿液,甲基安非他命,二級,2.0,1,0~30,§35 III 十年內再犯：吊銷,吊銷,3,否,重新考領
S02902,4,週日,21,新北市,小客車,40-49歲,男,A2,0,1,1,1,尿液,甲基安非他命,二級,2.0,1,0~30,§35 III 十年內再犯：吊銷,吊銷,3,否,重新考領
S02903,4,週四,7,高雄市,貨車,40-49歲,男,A2,0,1,1,3,尿液,甲基安非他命,二級,2.0,2,61~120,§35 III 十年內再犯：吊銷,吊銷,3,否,重新考領
S02904,10,週三,17,彰化縣,機車,50-59歲,男,A2,0,1,0,1,尿液,甲基安非他命,二級,2.0,0,31~60,§35 I 肇事致人受傷：吊扣2-4年,吊扣,2,否,期滿發還
S02905,5,週一,10,臺南市,小客車,60歲以上,女,A2,0,1,1,2,尿液,嗎啡,一級,3.0,1,0~30,§35 III 十年內再犯：吊銷,吊銷,3,否,重新考領
S02906,5,週日,9,臺中市,小客車,40-49歲,女,A2,0,2,1,1,尿液,安非他命,二級,2.0,1,0~30,§35 III 十年內再犯：吊銷,吊銷,3,否,重新考領
S02907,2,週一,5,高雄市,機車,50-59歲,男,A2,0,1,1,1,血液,嗎啡,一級,3.0,1,0~30,§35 III 十年內再犯：吊銷,吊銷,3,否,重新考領
S02908,4,週二,1,新北市,小客車,60歲以上,男,A2,0,2,1,1,尿液,甲基安非他命,二級,2.0,1,0~30,§35 III 十年內再犯：吊銷,吊銷,3,否,重新考領
S02909,9,週三,19,臺中市,機車,50-59歲,男,A2,0,2,1,1,尿液,安非他命,二級,2.0,1,31~60,§35 III 十年內再犯：吊銷,吊銷,3,否,重新考領
S02910,9,週五,9,新北市,小客車,50-59歲,男,A2,0,1,1,2,尿液,甲基安非他命,二級,2.0,1,0~30,§35 III 十年內再犯：吊銷,吊銷,3,否,重新考領
S02911,10,週三,17,高雄市,機車,30-39歲,男,A2,0,1,1,3,尿液,安非他命,二級,2.0,1,61~120,§35 III 十年內再犯：吊銷,吊銷,3,否,重新考領
S02912,6,週五,2,宜蘭縣,機車,20-29歲,男,A2,0,1,0,0,血液,愷他命,三級,1.0,0,31~60,§35 I 肇事致人受傷：吊扣2-4年,吊扣,2,否,期滿發還
S02913,6,週六,8,花蓮縣,小客車,50-59歲,男,A2,0,1,0,1,血液,安非他命,二級,2.0,0,61~120,§35 I 肇事致人受傷：吊扣2-4年,吊扣,3,否,期滿發還
S02914,4,週五,0,桃園市,機車,20-29歲,女,A2,0,1,1,3,血液,安非他命,二級,2.0,1,31~60,§35 III 十年內再犯：吊銷,吊銷,3,否,重新考領
S02915,9,週一,7,屏東縣,機車,40-49歲,男,A2,0,1,0,0,尿液,安非他命,二級,2.0,0,121~500,§35 I 肇事致人受傷：吊扣2-4年,吊扣,3,否,期滿發還
S02916,9,週一,8,南投縣,小客車,30-39歲,男,A2,0,1,1,1,尿液,愷他命,三級,1.0,1,31~60,§35 III 十年內再犯：吊銷,吊銷,3,否,重新考領
S02917,3,週六,19,高雄市,小客車,40-49歲,男,A2,0,1,1,0,尿液,嗎啡,一級,3.0,4,31~60,§35 III 十年內再犯：吊銷,吊銷,3,否,重新考領
S02918,10,週二,18,新北市,機車,30-39歲,男,A2,0,3,1,2,尿液,嗎啡,一級,3.0,2,31~60,§35 III 十年內再犯：吊銷,吊銷,3,否,重新考領
S02919,9,週六,20,臺中市,小客車,40-49歲,女,A2,0,1,0,0,尿液,愷他命,三級,1.0,0,31~60,§35 I 肇事致人受傷：吊扣2-4年,吊扣,2,否,期滿發還
S02920,7,週三,7,新北市,機車,60歲以上,女,A2,0,1,1,1,血液,愷他命,三級,1.0,1,0~30,§35 III 十年內再犯：吊銷,吊銷,3,否,重新考領
S02921,1,週六,7,臺北市,機車,60歲以上,男,A2,0,1,0,2,尿液,甲基安非他命,二級,2.0,0,0~30,§35 I 肇事致人受傷：吊扣2-4年,吊扣,3,否,期滿發還
S02922,5,週日,23,臺南市,機車,20-29歲,男,A2,0,1,0,2,尿液,嗎啡,一級,3.0,0,31~60,§35 I 肇事致人受傷：吊扣2-4年,吊扣,2,否,期滿發還
S02923,9,週六,20,新北市,機車,30-39歲,男,A2,0,1,0,3,尿液,嗎啡,一級,3.0,0,0~30,§35 I 肇事致人受傷：吊扣2-4年,吊扣,3,否,期滿發還
S02924,12,週日,11,臺南市,機車,19歲以下,男,A2,0,1,0,3,尿液,嗎啡,一級,3.0,0,0~30,§35 I 肇事致人受傷：吊扣2-4年,吊扣,4,否,期滿發還
S02925,11,週三,11,新北市,機車,30-39歲,男,A2,0,1,1,3,尿液,安非他命,二級,2.0,2,31~60,§35 III 十年內再犯：吊銷,吊銷,3,否,重新考領
S02926,8,週日,16,雲林縣,小客車,60歲以上,男,A2,0,1,0,3,尿液,甲基安非他命,二級,2.0,0,0~30,§35 I 肇事致人受傷：吊扣2-4年,吊扣,3,否,期滿發還
S02927,8,週二,11,基隆市,小客車,40-49歲,男,A2,0,2,0,2,尿液,甲基安非他命,二級,2.0,0,0~30,§35 I 肇事致人受傷：吊扣2-4年,吊扣,3,否,期滿發還
S02928,8,週一,9,屏東縣,小客車,40-49歲,男,A2,0,1,0,0,尿液,安非他命,二級,2.0,0,0~30,§35 I 肇事致人受傷：吊扣2-4年,吊扣,2,否,期滿發還
S02929,11,週四,19,新北市,機車,40-49歲,男,A2,0,1,1,1,尿液,甲基安非他命,二級,2.0,1,31~60,§35 III 十年內再犯：吊銷,吊銷,3,否,重新考領
S02930,11,週二,21,高雄市,小客車,30-39歲,女,A2,0,1,1,3,尿液,愷他命,三級,1.0,1,31~60,§35 III 十年內再犯：吊銷,吊銷,3,否,重新考領
S02931,1,週五,10,屏東縣,機車,40-49歲,女,A2,0,2,1,3,尿液,甲基安非他命,二級,2.0,1,61~120,§35 III 十年內再犯：吊銷,吊銷,3,否,重新考領
S02932,1,週四,19,桃園市,小客車,60歲以上,男,A2,0,1,1,3,尿液,安非他命,二級,2.0,2,0~30,§35 III 十年內再犯：吊銷,吊銷,3,否,重新考領
S02933,7,週日,4,臺南市,小客車,50-59歲,男,A2,0,1,1,1,尿液,嗎啡,一級,3.0,4,121~500,§35 III 十年內再犯：吊銷,吊銷,3,否,重新考領
S02934,8,週四,5,嘉義縣,機車,60歲以上,男,A2,0,1,1,2,尿液,愷他命,三級,1.0,1,31~60,§35 III 十年內再犯：吊銷,吊銷,3,否,重新考領
S02935,7,週三,16,桃園市,小客車,40-49歲,男,A2,0,3,0,2,血液,安非他命,二級,2.0,0,121~500,§35 I 肇事致人受傷：吊扣2-4年,吊扣,3,否,期滿發還
S02936,4,週六,23,臺南市,機車,60歲以上,男,A2,0,3,1,0,尿液,安非他命,二級,2.0,1,31~60,§35 III 十年內再犯：吊銷,吊銷,3,否,重新考領
S02937,8,週一,19,臺北市,小客車,40-49歲,男,A2,0,1,0,1,尿液,安非他命,二級,2.0,0,31~60,§35 I 肇事致人受傷：吊扣2-4年,吊扣,2,否,期滿發還
S02938,9,週五,13,彰化縣,貨車,40-49歲,男,A2,0,1,0,3,尿液,安非他命,二級,2.0,0,0~30,§35 I 肇事致人受傷：吊扣2-4年,吊扣,2,否,期滿發還
S02939,3,週二,8,新竹市,機車,50-59歲,女,A2,0,1,1,2,尿液,愷他命,三級,1.0,4,0~30,§35 III 十年內再犯：吊銷,吊銷,3,否,重新考領
